t_ms,apps1_pct,apps2_pct,pedal_pct,desired_torque_nm,power_kw,speed_mph,glv_voltage_v,inverter_temp_c,motor_temp_c,soc_pct,battery_temp_c,bms_flags_hex,bms_fault_code,imd_warn_alarms_hex,pm100_post_faults_hex,pm100_run_faults_hex,fan_duty_pct,rtd_state
3273,7.6,4.6,0.0,0.0,0.0,0,0.0,0.0,0.0,0,0,0x00,0,0x0000,0x00000000,0x00000000,20,FAULT_BLOCKED
3373,7.7,4.6,0.0,0.0,0.0,0,0.0,0.0,0.0,0,0,0x00,0,0x0200,0x00000000,0x00000000,20,FAULT_BLOCKED
3473,7.7,4.6,0.0,0.0,0.0,0,12.86,0.0,0.0,0,0,0x00,0,0x0200,0x00000000,0x00000000,20,FAULT_BLOCKED
3573,7.7,4.6,0.0,0.0,0.0,0,12.7,24.4,31.7,0,0,0x00,0,0x0200,0x00000000,0x00000000,56,FAULT_BLOCKED
3673,7.7,4.6,0.0,0.0,0.0,0,12.65,24.4,32.2,0,0,0x00,0,0x0200,0x00000000,0x00000000,58,FAULT_BLOCKED
3773,7.7,4.6,0.0,0.0,0.0,0,12.59,24.4,31.3,0,0,0x00,0,0x0200,0x00000000,0x00000000,54,FAULT_BLOCKED
3873,7.7,4.6,0.0,0.0,0.0,0,12.65,24.4,31.3,0,0,0x00,0,0x0200,0x00000000,0x00000000,54,FAULT_BLOCKED
3973,7.7,4.6,0.0,0.0,0.0,0,12.64,24.4,31.7,0,0,0x00,0,0x0200,0x00000000,0x00000000,56,FAULT_BLOCKED
4073,7.7,4.6,0.0,0.0,0.0,0,12.65,24.4,31.4,0,0,0x00,0,0x0200,0x00000000,0x00000000,54,FAULT_BLOCKED
4173,7.7,4.7,0.0,0.0,0.0,0,12.69,24.4,31.4,0,0,0x00,0,0x0200,0x00000000,0x00000000,54,FAULT_BLOCKED
4273,7.6,4.6,0.0,0.0,0.0,0,12.87,24.4,31.4,0,0,0x00,0,0x0200,0x00000000,0x00000000,54,FAULT_BLOCKED
4373,7.7,4.6,0.0,0.0,0.0,0,12.72,24.4,31.5,0,0,0x00,0,0x0200,0x00000000,0x00000000,55,FAULT_BLOCKED
4473,7.8,4.6,0.0,0.0,0.0,0,12.7,24.4,31.8,0,0,0x00,0,0x0200,0x00000000,0x00000000,56,FAULT_BLOCKED
4573,7.7,4.6,0.0,0.0,0.0,0,12.72,24.4,31.7,0,0,0x00,0,0x0200,0x00000000,0x00000000,56,FAULT_BLOCKED
4673,7.7,4.7,0.0,0.0,0.0,0,12.69,24.4,31.5,0,0,0x00,0,0x0200,0x00000000,0x00000000,55,FAULT_BLOCKED
4773,7.6,4.7,0.0,0.0,0.0,0,12.69,24.4,32.1,0,0,0x00,0,0x0200,0x00000000,0x00000000,58,FAULT_BLOCKED
4873,7.7,4.6,0.0,0.0,0.0,0,12.69,24.4,32.1,0,0,0x00,0,0x0000,0x00000000,0x00000000,58,FAULT_BLOCKED
4973,7.7,4.7,0.0,0.0,0.0,0,12.68,24.4,31.5,0,0,0x00,0,0x0000,0x00000000,0x00000000,55,FAULT_BLOCKED
5073,7.7,4.7,0.0,0.0,0.0,0,12.7,24.4,31.7,0,0,0x00,0,0x0000,0x00000000,0x00000000,56,FAULT_BLOCKED
5173,7.7,4.7,0.0,0.0,0.0,0,12.67,24.4,31.3,0,0,0x00,0,0x0000,0x00000000,0x00000000,54,FAULT_BLOCKED
5273,7.6,4.6,0.0,0.0,0.0,0,12.68,24.4,31.5,0,0,0x00,0,0x0000,0x00000000,0x00000000,55,FAULT_BLOCKED
5373,7.7,4.6,0.0,0.0,0.0,0,12.67,24.4,31.5,0,0,0x00,0,0x0000,0x00000000,0x00000000,55,FAULT_BLOCKED
5473,7.7,4.6,0.0,0.0,0.0,0,12.72,24.4,31.9,0,0,0x00,0,0x0000,0x00000000,0x00000000,57,FAULT_BLOCKED
5573,7.6,4.6,0.0,0.0,0.0,0,12.68,24.4,31.3,0,0,0x00,0,0x0000,0x00000000,0x00000000,54,FAULT_BLOCKED
5673,7.7,4.7,0.0,0.0,0.0,0,12.7,24.4,31.4,0,0,0x00,0,0x0000,0x00000000,0x00000000,54,FAULT_BLOCKED
5773,7.7,4.6,0.0,0.0,0.0,0,12.69,24.4,31.5,0,0,0x00,0,0x0000,0x00000000,0x00000000,55,FAULT_BLOCKED
5873,7.7,4.6,0.0,0.0,0.0,0,12.86,24.4,31.8,0,0,0x00,0,0x0000,0x00000000,0x00000000,56,FAULT_BLOCKED
5973,7.7,4.7,0.0,0.0,0.0,0,12.69,24.4,31.5,0,0,0x00,0,0x0000,0x00000000,0x00000000,55,FAULT_BLOCKED
6073,7.7,4.6,0.0,0.0,0.0,0,12.7,24.4,31.8,0,0,0x00,0,0x0000,0x00000000,0x00000000,56,FAULT_BLOCKED
6173,7.7,4.7,0.0,0.0,0.0,0,12.66,24.4,31.7,0,0,0x00,0,0x0000,0x00000000,0x00000000,56,FAULT_BLOCKED
6273,7.7,4.7,0.0,0.0,0.0,0,12.69,24.4,31.4,0,0,0x00,0,0x0000,0x00000000,0x00000000,54,FAULT_BLOCKED
6373,7.6,4.6,0.0,0.0,0.0,0,12.69,24.4,31.4,0,0,0x00,0,0x0000,0x00000000,0x00000000,54,FAULT_BLOCKED
6473,7.7,4.7,0.0,0.0,0.0,0,12.69,24.4,31.4,50,0,0x00,0,0x0000,0x00000000,0x00000000,54,FAULT_BLOCKED
6573,7.6,4.6,0.0,0.0,0.0,0,12.65,24.4,31.5,50,0,0x00,0,0x0000,0x00000000,0x00000000,55,FAULT_BLOCKED
6673,7.7,4.6,0.0,0.0,0.0,0,12.81,24.4,31.4,50,0,0x00,0,0x0000,0x00000000,0x00000000,54,FAULT_BLOCKED
6773,7.6,4.6,0.0,0.0,0.0,0,12.68,24.4,31.5,50,0,0x00,0,0x0000,0x00000000,0x00000000,55,FAULT_BLOCKED
6873,7.6,4.7,0.0,0.0,0.0,0,12.8,24.3,31.5,50,0,0x00,0,0x0000,0x00000000,0x00000000,55,FAULT_BLOCKED
6973,7.7,4.7,0.0,0.0,0.0,0,12.65,24.4,31.4,98,27,0x00,0,0x0000,0x00000000,0x00000000,54,FAULT_BLOCKED
7073,7.7,4.6,0.0,0.0,0.0,0,12.62,24.4,31.5,98,27,0x00,0,0x0000,0x00000000,0x00000000,55,FAULT_BLOCKED
7173,7.6,4.6,0.0,0.0,0.0,0,12.91,24.4,31.8,98,27,0x00,0,0x0000,0x00000000,0x00000000,56,FAULT_BLOCKED
7273,7.7,4.7,0.0,0.0,0.0,0,12.69,24.4,31.3,98,27,0x00,0,0x0000,0x00000000,0x00000000,54,FAULT_BLOCKED
7373,7.6,4.6,0.0,0.0,0.0,0,12.68,24.3,31.4,98,27,0x00,0,0x0000,0x00000000,0x00000000,54,FAULT_BLOCKED
7473,7.7,4.6,0.0,0.0,0.0,0,12.79,24.3,31.4,98,27,0x00,0,0x0000,0x00000000,0x00000000,54,FAULT_BLOCKED
7573,7.7,4.6,0.0,0.0,0.0,0,12.65,24.3,31.0,98,27,0x00,0,0x0000,0x00000000,0x00000000,52,FAULT_BLOCKED
7673,7.6,4.7,0.0,0.0,0.0,0,12.65,24.3,31.5,98,27,0x00,0,0x0000,0x00000000,0x00000000,55,FAULT_BLOCKED
7773,7.6,4.6,0.0,0.0,0.0,0,12.64,24.3,31.9,98,27,0x00,0,0x0000,0x00000000,0x00000000,57,FAULT_BLOCKED
7873,7.6,4.6,0.0,0.0,0.0,0,12.68,24.3,31.9,98,27,0x00,0,0x0000,0x00000000,0x00000000,57,FAULT_BLOCKED
7974,7.6,4.6,0.0,0.0,0.0,0,12.84,24.3,31.4,98,27,0x00,0,0x0000,0x00000000,0x00000000,54,FAULT_BLOCKED
8074,7.7,4.6,0.0,0.0,0.0,0,12.79,24.3,31.3,98,27,0x00,0,0x0000,0x00000000,0x00000000,54,FAULT_BLOCKED
8174,7.7,4.7,0.0,0.0,0.0,0,12.68,24.3,31.3,98,27,0x00,0,0x0000,0x00000000,0x00000000,54,FAULT_BLOCKED
8274,7.7,4.7,0.0,0.0,0.0,0,12.68,24.3,31.3,98,27,0x00,0,0x0000,0x00000000,0x00000000,54,FAULT_BLOCKED
8375,7.7,4.6,0.0,0.0,0.0,0,12.67,24.3,31.1,98,27,0x00,0,0x0000,0x00000000,0x00000000,53,FAULT_BLOCKED
8475,7.7,4.7,0.0,0.0,0.0,0,12.67,24.3,31.1,98,27,0x00,0,0x0000,0x00000000,0x00000000,53,FAULT_BLOCKED
8575,7.7,4.7,0.0,0.0,0.0,0,12.7,24.3,31.3,98,27,0x00,0,0x0000,0x00000000,0x00000000,54,FAULT_BLOCKED
8675,7.7,4.6,0.0,0.0,0.0,0,12.64,24.3,31.1,98,27,0x00,0,0x0000,0x00000000,0x00000000,53,FAULT_BLOCKED
8775,7.6,4.7,0.0,0.0,0.0,0,12.81,24.3,31.1,98,27,0x00,0,0x0000,0x00000000,0x00000000,53,FAULT_BLOCKED
8875,7.7,4.7,0.0,0.0,0.0,0,12.84,24.3,31.3,98,27,0x00,0,0x0000,0x00000000,0x00000000,54,FAULT_BLOCKED
8975,7.7,4.6,0.0,0.0,0.0,0,12.69,24.3,31.5,98,27,0x00,0,0x0000,0x00000000,0x00000000,55,FAULT_BLOCKED
9075,7.7,4.6,0.0,0.0,0.0,0,12.66,24.3,31.8,98,27,0x00,0,0x0000,0x00000000,0x00000000,56,FAULT_BLOCKED
9175,7.7,4.7,0.0,0.0,0.0,0,12.81,24.3,31.1,98,27,0x00,0,0x0000,0x00000000,0x00000000,53,FAULT_BLOCKED
9282,7.7,4.6,0.0,0.0,0.0,0,12.87,24.3,31.0,98,27,0x00,0,0x0000,0x00000000,0x00000000,52,FAULT_BLOCKED
9382,7.7,4.6,0.0,0.0,0.0,0,12.77,24.3,31.3,98,27,0x00,0,0x0000,0x00000000,0x00000000,54,FAULT_BLOCKED
9482,7.7,4.7,0.0,0.0,0.0,0,12.68,24.3,31.7,98,27,0x00,0,0x0000,0x00000000,0x00000000,56,FAULT_BLOCKED
9582,7.7,4.7,0.0,0.0,0.0,0,12.8,24.3,31.5,98,27,0x00,0,0x0000,0x00000000,0x00000000,55,FAULT_BLOCKED
9682,7.7,4.7,0.0,0.0,0.0,0,12.67,24.3,31.5,98,27,0x00,0,0x0000,0x00000000,0x00000000,55,FAULT_BLOCKED
9782,7.7,4.6,0.0,0.0,0.0,0,12.65,24.3,31.5,98,27,0x00,0,0x0000,0x00000000,0x00000000,55,FAULT_BLOCKED
9882,7.7,4.6,0.0,0.0,0.0,0,12.67,24.3,31.4,98,27,0x00,0,0x0000,0x00000000,0x00000000,54,FAULT_BLOCKED
9982,7.7,4.6,0.0,0.0,0.0,0,12.7,24.3,31.3,98,27,0x00,0,0x0000,0x00000000,0x00000000,54,FAULT_BLOCKED
10082,7.7,4.7,0.0,0.0,0.0,0,12.66,24.3,31.3,98,27,0x00,0,0x0000,0x00000000,0x00000000,54,FAULT_BLOCKED
10182,7.7,4.6,0.0,0.0,0.0,0,12.68,24.3,31.3,98,27,0x00,0,0x0000,0x00000000,0x00000000,54,FAULT_BLOCKED
10282,7.7,4.6,0.0,0.0,0.0,0,12.78,24.2,31.3,98,27,0x00,0,0x0000,0x00000000,0x00000000,54,FAULT_BLOCKED
10382,7.7,4.6,0.0,0.0,0.0,0,12.65,24.2,31.4,98,27,0x00,0,0x0000,0x00000000,0x00000000,54,FAULT_BLOCKED
10482,7.6,4.7,0.0,0.0,0.0,0,12.68,24.3,31.5,98,27,0x00,0,0x0000,0x00000000,0x00000000,55,FAULT_BLOCKED
10582,7.7,4.6,0.0,0.0,0.0,0,12.63,24.3,31.5,98,27,0x00,0,0x0000,0x00000000,0x00000000,55,FAULT_BLOCKED
10682,7.7,4.7,0.0,0.0,0.0,0,12.65,24.3,31.4,98,27,0x00,0,0x0000,0x00000000,0x00000000,54,FAULT_BLOCKED
10782,7.7,4.7,0.0,0.0,0.0,0,12.67,24.3,30.9,98,27,0x00,0,0x0000,0x00000000,0x00000000,51,FAULT_BLOCKED
10882,7.7,4.7,0.0,0.0,0.0,0,12.86,24.3,31.4,98,27,0x00,0,0x0000,0x00000000,0x00000000,54,FAULT_BLOCKED
10982,7.7,4.7,0.0,0.0,0.0,0,12.65,24.3,31.4,98,27,0x00,0,0x0000,0x00000000,0x00000000,54,FAULT_BLOCKED
11082,7.6,4.7,0.0,0.0,0.0,0,12.75,24.3,31.5,98,27,0x00,0,0x0000,0x00000000,0x00000000,55,FAULT_BLOCKED
11182,7.7,4.7,0.0,0.0,0.0,0,12.66,24.3,31.5,98,27,0x00,0,0x0000,0x00000000,0x00000000,55,FAULT_BLOCKED
11282,7.7,4.6,0.0,0.0,0.0,0,12.67,24.3,31.4,98,27,0x00,0,0x0000,0x00000000,0x00000000,54,FAULT_BLOCKED
11382,7.7,4.7,0.0,0.0,0.0,0,12.63,24.3,31.0,98,27,0x00,0,0x0000,0x00000000,0x00000000,52,FAULT_BLOCKED
11482,7.7,4.7,0.0,0.0,0.0,0,12.79,24.3,31.5,98,27,0x00,0,0x0000,0x00000000,0x00000000,55,FAULT_BLOCKED
11582,7.7,4.7,0.0,0.0,0.0,0,12.82,24.3,31.3,98,27,0x00,0,0x0000,0x00000000,0x00000000,54,FAULT_BLOCKED
11682,7.6,4.7,0.0,0.0,0.0,0,12.66,24.3,31.3,98,27,0x00,0,0x0000,0x00000000,0x00000000,54,FAULT_BLOCKED
11782,7.7,4.7,0.0,0.0,0.0,0,12.8,24.3,31.1,98,27,0x00,0,0x0000,0x00000000,0x00000000,53,FAULT_BLOCKED
11882,7.6,4.7,0.0,0.0,0.0,0,12.62,24.3,31.0,98,27,0x00,0,0x0000,0x00000000,0x00000000,52,FAULT_BLOCKED
11982,7.7,4.6,0.0,0.0,0.0,0,12.65,24.3,31.5,98,27,0x00,0,0x0000,0x00000000,0x00000000,55,FAULT_BLOCKED
12082,7.7,4.6,0.0,0.0,0.0,0,12.65,24.3,31.1,98,27,0x00,0,0x0000,0x00000000,0x00000000,53,FAULT_BLOCKED
12182,7.6,4.6,0.0,0.0,0.0,0,12.62,24.3,31.5,98,27,0x00,0,0x0000,0x00000000,0x00000000,55,FAULT_BLOCKED
12282,7.7,4.6,0.0,0.0,0.0,0,12.62,24.3,31.1,98,27,0x00,0,0x0000,0x00000000,0x00000000,53,FAULT_BLOCKED
12382,7.7,4.7,0.0,0.0,0.0,0,12.64,24.3,31.0,98,27,0x00,0,0x0000,0x00000000,0x00000000,52,FAULT_BLOCKED
12482,7.7,4.6,0.0,0.0,0.0,0,12.73,24.3,31.3,98,27,0x00,0,0x0000,0x00000000,0x00000000,54,FAULT_BLOCKED
12582,7.7,4.7,0.0,0.0,0.0,0,12.66,24.3,31.3,98,27,0x00,0,0x0000,0x00000000,0x00000000,54,FAULT_BLOCKED
12682,7.7,4.7,0.0,0.0,0.0,0,12.84,24.3,31.0,98,27,0x00,0,0x0000,0x00000000,0x00000000,52,FAULT_BLOCKED
12782,7.7,4.7,0.0,0.0,0.0,0,12.68,24.3,31.0,98,27,0x00,0,0x0000,0x00000000,0x00000000,52,FAULT_BLOCKED
12882,7.7,4.7,0.0,0.0,0.0,0,12.68,24.3,31.1,98,27,0x00,0,0x0000,0x00000000,0x00000000,53,FAULT_BLOCKED
12982,7.6,4.7,0.0,0.0,0.0,0,12.67,24.3,31.4,98,27,0x00,0,0x0000,0x00000000,0x00000000,54,FAULT_BLOCKED
13082,7.6,4.6,0.0,0.0,0.0,0,12.67,24.3,31.1,98,27,0x00,0,0x0000,0x00000000,0x00000000,53,FAULT_BLOCKED
13182,7.7,4.7,0.0,0.0,0.0,0,12.72,24.3,31.3,98,27,0x00,0,0x0000,0x00000000,0x00000000,54,FAULT_BLOCKED
13282,7.6,4.6,0.0,0.0,0.0,0,12.67,24.3,31.1,98,27,0x00,0,0x0000,0x00000000,0x00000000,53,FAULT_BLOCKED
13382,7.6,4.6,0.0,0.0,0.0,0,12.65,24.3,31.0,98,27,0x00,0,0x0000,0x00000000,0x00000000,52,FAULT_BLOCKED
13482,7.6,4.7,0.0,0.0,0.0,0,12.7,24.3,31.1,98,27,0x00,0,0x0000,0x00000000,0x00000000,53,FAULT_BLOCKED
13582,7.6,4.7,0.0,0.0,0.0,0,12.7,24.3,31.1,98,27,0x00,0,0x0000,0x00000000,0x00000000,53,FAULT_BLOCKED
13682,7.7,4.7,0.0,0.0,0.0,0,12.64,24.3,31.1,98,27,0x00,0,0x0000,0x00000000,0x00000000,53,FAULT_BLOCKED
13782,7.6,4.7,0.0,0.0,0.0,0,12.64,24.3,31.3,98,27,0x00,0,0x0000,0x00000000,0x00000000,54,FAULT_BLOCKED
13882,7.7,4.7,0.0,0.0,0.0,0,12.75,24.3,31.1,98,27,0x00,0,0x0000,0x00000000,0x00000000,53,FAULT_BLOCKED
13982,7.7,4.7,0.0,0.0,0.0,0,12.7,24.3,31.1,98,27,0x00,0,0x0000,0x00000000,0x00000000,53,FAULT_BLOCKED
14082,7.7,4.6,0.0,0.0,0.0,0,12.65,24.2,31.1,98,27,0x00,0,0x0000,0x00000000,0x00000000,53,FAULT_BLOCKED
14182,7.7,4.7,0.0,0.0,0.0,0,12.65,24.2,31.1,98,27,0x00,0,0x0000,0x00000000,0x00000000,53,FAULT_BLOCKED
14282,7.6,4.7,0.0,0.0,0.0,0,12.65,24.2,31.1,98,27,0x00,0,0x0000,0x00000000,0x00000000,53,FAULT_BLOCKED
14382,7.6,4.7,0.0,0.0,0.0,0,12.84,24.3,30.9,98,27,0x00,0,0x0000,0x00000000,0x00000000,51,FAULT_BLOCKED
14482,7.7,4.7,0.0,0.0,0.0,0,12.72,24.2,30.9,98,27,0x00,0,0x0000,0x00000000,0x00000000,51,FAULT_BLOCKED
14582,7.6,4.7,0.0,0.0,0.0,0,12.83,24.2,31.7,98,27,0x00,0,0x0000,0x00000000,0x00000000,56,FAULT_BLOCKED
14682,7.6,4.7,0.0,0.0,0.0,0,12.67,24.2,31.7,98,27,0x00,0,0x0000,0x00000000,0x00000000,56,FAULT_BLOCKED
14782,7.7,4.7,0.0,0.0,0.0,0,12.63,24.3,31.5,98,27,0x00,0,0x0000,0x00000000,0x00000000,55,FAULT_BLOCKED
14882,7.7,4.7,0.0,0.0,0.0,0,12.63,24.3,31.5,98,27,0x00,0,0x0000,0x00000000,0x00000000,55,FAULT_BLOCKED
14982,7.6,4.7,0.0,0.0,0.0,0,12.65,24.3,31.0,98,27,0x00,0,0x0000,0x00000000,0x00000000,52,FAULT_BLOCKED
15082,7.7,4.7,0.0,0.0,0.0,0,12.83,24.3,31.0,98,27,0x00,0,0x0000,0x00000000,0x00000000,52,FAULT_BLOCKED
15182,7.7,4.7,0.0,0.0,0.0,0,12.77,24.2,30.9,98,27,0x00,0,0x0000,0x00000000,0x00000000,51,FAULT_BLOCKED
15282,7.8,4.7,0.0,0.0,0.0,0,12.66,24.2,31.0,98,27,0x00,0,0x0000,0x00000000,0x00000000,52,FAULT_BLOCKED
15382,7.6,4.7,0.0,0.0,0.0,0,12.87,24.2,31.3,98,27,0x00,0,0x0000,0x00000000,0x00000000,54,FAULT_BLOCKED
15482,7.6,4.7,0.0,0.0,0.0,0,12.65,24.2,31.3,98,27,0x00,0,0x0000,0x00000000,0x00000000,54,FAULT_BLOCKED
15582,7.7,4.7,0.0,0.0,0.0,0,12.66,24.2,31.3,98,27,0x00,0,0x0000,0x00000000,0x00000000,54,FAULT_BLOCKED
15682,7.7,4.7,0.0,0.0,0.0,0,12.66,24.2,31.0,98,27,0x00,0,0x0000,0x00000000,0x00000000,52,FAULT_BLOCKED
15782,7.6,4.7,0.0,0.0,0.0,0,12.64,24.3,31.0,98,27,0x00,0,0x0000,0x00000000,0x00000000,52,FAULT_BLOCKED
15882,7.6,4.6,0.0,0.0,0.0,0,12.62,24.2,31.3,98,27,0x00,0,0x0000,0x00000000,0x00000000,54,FAULT_BLOCKED
15982,7.7,4.6,0.0,0.0,0.0,0,12.69,24.3,30.7,98,27,0x00,0,0x0000,0x00000000,0x00000000,50,FAULT_BLOCKED
16082,7.7,4.7,0.0,0.0,0.0,0,12.66,24.3,31.0,98,27,0x00,0,0x0000,0x00000000,0x00000000,52,FAULT_BLOCKED
16182,7.7,4.6,0.0,0.0,0.0,0,12.67,24.3,31.3,98,27,0x00,0,0x0000,0x00000000,0x00000000,54,FAULT_BLOCKED
16282,7.7,4.6,0.0,0.0,0.0,0,12.64,24.3,31.3,98,27,0x00,0,0x0000,0x00000000,0x00000000,54,FAULT_BLOCKED
16382,7.7,4.7,0.0,0.0,0.0,0,12.74,24.3,31.4,98,27,0x00,0,0x0000,0x00000000,0x00000000,54,FAULT_BLOCKED
16482,7.7,4.6,0.0,0.0,0.0,0,12.67,24.3,31.4,98,27,0x00,0,0x0000,0x00000000,0x00000000,54,FAULT_BLOCKED
16582,7.6,4.7,0.0,0.0,0.0,0,12.63,24.3,30.9,98,27,0x00,0,0x0000,0x00000000,0x00000000,51,FAULT_BLOCKED
16682,7.6,4.6,0.0,0.0,0.0,0,12.67,24.2,31.0,98,27,0x00,0,0x0000,0x00000000,0x00000000,52,FAULT_BLOCKED
16782,7.7,4.7,0.0,0.0,0.0,0,12.67,24.2,31.0,98,27,0x00,0,0x0000,0x00000000,0x00000000,52,FAULT_BLOCKED
16882,7.7,4.7,0.0,0.0,0.0,0,12.72,24.2,31.4,98,27,0x00,0,0x0000,0x00000000,0x00000000,54,FAULT_BLOCKED
16982,7.7,4.6,0.0,0.0,0.0,0,12.62,24.2,31.5,98,27,0x00,0,0x0000,0x00000000,0x00000000,55,FAULT_BLOCKED
17082,7.6,4.7,0.0,0.0,0.0,0,12.67,24.2,31.5,98,27,0x00,0,0x0000,0x00000000,0x00000000,55,FAULT_BLOCKED
17182,7.7,4.7,0.0,0.0,0.0,0,12.61,24.2,31.5,98,27,0x00,0,0x0000,0x00000000,0x00000000,55,FAULT_BLOCKED
17286,7.7,4.6,0.0,0.0,0.0,0,12.64,24.2,31.0,98,27,0x00,0,0x0000,0x00000000,0x00000000,52,FAULT_BLOCKED
17386,7.7,4.6,0.0,0.0,0.0,0,12.67,24.2,31.0,98,27,0x00,0,0x0000,0x00000000,0x00000000,52,FAULT_BLOCKED
17486,7.7,4.7,0.0,0.0,0.0,0,12.63,24.2,30.9,98,27,0x00,0,0x0000,0x00000000,0x00000000,51,FAULT_BLOCKED
17586,7.6,4.7,0.0,0.0,0.0,0,12.63,24.2,31.0,98,27,0x00,0,0x0000,0x00000000,0x00000000,52,FAULT_BLOCKED
17686,7.7,4.7,0.0,0.0,0.0,0,12.67,24.3,31.4,98,27,0x00,0,0x0000,0x00000000,0x00000000,54,FAULT_BLOCKED
17786,7.7,4.7,0.0,0.0,0.0,0,12.64,24.3,30.9,98,27,0x00,0,0x0000,0x00000000,0x00000000,51,FAULT_BLOCKED
17886,7.6,4.7,0.0,0.0,0.0,0,12.64,24.3,31.1,98,27,0x00,0,0x0000,0x00000000,0x00000000,53,FAULT_BLOCKED
17986,7.6,4.7,0.0,0.0,0.0,0,12.8,24.3,31.1,98,27,0x00,0,0x0000,0x00000000,0x00000000,53,FAULT_BLOCKED
18086,7.9,4.7,0.0,0.0,0.0,0,12.66,24.3,31.0,98,27,0x00,0,0x0000,0x00000000,0x00000000,52,FAULT_BLOCKED
18186,7.7,4.6,0.0,0.0,0.0,0,12.6,24.3,31.0,98,27,0x00,0,0x0000,0x00000000,0x00000000,52,FAULT_BLOCKED
18286,7.7,4.6,0.0,0.0,0.0,0,12.81,24.3,31.0,98,27,0x00,0,0x0000,0x00000000,0x00000000,52,FAULT_BLOCKED
18386,7.7,4.7,0.0,0.0,0.0,0,12.94,24.3,31.0,98,27,0x00,0,0x0000,0x00000000,0x00000000,52,FAULT_BLOCKED
18486,7.6,4.7,0.0,0.0,0.0,0,12.64,24.3,31.0,98,27,0x00,0,0x0000,0x00000000,0x00000000,52,FAULT_BLOCKED
18586,7.6,4.7,0.0,0.0,0.0,0,12.6,24.3,31.0,98,27,0x00,0,0x0000,0x00000000,0x00000000,52,FAULT_BLOCKED
18686,7.7,4.7,0.0,0.0,0.0,0,12.6,24.3,31.3,98,27,0x00,0,0x0000,0x00000000,0x00000000,54,FAULT_BLOCKED
18786,7.7,4.6,0.0,0.0,0.0,0,12.59,24.3,31.3,98,27,0x00,0,0x0000,0x00000000,0x00000000,54,FAULT_BLOCKED
18886,7.6,4.6,0.0,0.0,0.0,0,12.63,24.3,31.4,98,27,0x00,0,0x0000,0x00000000,0x00000000,54,FAULT_BLOCKED
18986,7.6,4.7,0.0,0.0,0.0,0,12.62,24.3,31.3,98,27,0x00,0,0x0000,0x00000000,0x00000000,54,FAULT_BLOCKED
19086,7.6,4.7,0.0,0.0,0.0,0,12.63,24.3,30.7,98,27,0x00,0,0x0000,0x00000000,0x00000000,50,FAULT_BLOCKED
19186,7.6,4.7,0.0,0.0,0.0,0,12.82,24.3,30.7,98,27,0x00,0,0x0000,0x00000000,0x00000000,50,FAULT_BLOCKED
19286,7.7,4.7,0.0,0.0,0.0,0,12.68,24.3,30.7,98,27,0x00,0,0x0000,0x00000000,0x00000000,50,FAULT_BLOCKED
19386,7.7,4.7,0.0,0.0,0.0,0,12.62,24.3,31.3,98,27,0x00,0,0x0000,0x00000000,0x00000000,54,FAULT_BLOCKED
19487,7.7,4.6,0.0,0.0,0.0,0,12.62,24.3,31.0,98,27,0x00,0,0x0000,0x00000000,0x00000000,52,FAULT_BLOCKED
19587,7.6,4.7,0.0,0.0,0.0,0,12.61,24.3,31.0,98,27,0x00,0,0x0000,0x00000000,0x00000000,52,FAULT_BLOCKED
19687,7.7,4.6,0.0,0.0,0.0,0,12.6,24.3,31.0,98,27,0x00,0,0x0000,0x00000000,0x00000000,52,FAULT_BLOCKED
19787,7.7,4.7,0.0,0.0,0.0,0,12.65,24.3,31.0,98,27,0x00,0,0x0000,0x00000000,0x00000000,52,FAULT_BLOCKED
19887,7.6,4.6,0.0,0.0,0.0,0,12.65,24.3,31.0,98,27,0x00,0,0x0000,0x00000000,0x00000000,52,FAULT_BLOCKED
19987,7.7,4.7,0.0,0.0,0.0,0,12.6,24.3,31.0,98,27,0x00,0,0x0000,0x00000000,0x00000000,52,FAULT_BLOCKED
20087,7.7,4.6,0.0,0.0,0.0,0,12.65,24.3,31.1,98,27,0x00,0,0x0000,0x00000000,0x00000000,53,FAULT_BLOCKED
20187,7.6,4.6,0.0,0.0,0.0,0,12.75,24.3,30.9,98,27,0x00,0,0x0000,0x00000000,0x00000000,51,FAULT_BLOCKED
20287,7.7,4.6,0.0,0.0,0.0,0,12.64,24.3,31.0,98,27,0x00,0,0x0000,0x00000000,0x00000000,52,FAULT_BLOCKED
20387,7.7,4.7,0.0,0.0,0.0,0,13.0,24.3,31.1,98,27,0x00,0,0x0000,0x00000000,0x00000000,53,FAULT_BLOCKED
20487,7.6,4.6,0.0,0.0,0.0,0,12.63,24.3,31.1,98,27,0x00,0,0x0000,0x00000000,0x00000000,53,FAULT_BLOCKED
20587,7.7,4.7,0.0,0.0,0.0,0,12.63,24.3,31.1,98,27,0x00,0,0x0000,0x00000000,0x00000000,53,FAULT_BLOCKED
20687,7.6,4.6,0.0,0.0,0.0,0,12.61,24.3,31.0,98,27,0x00,0,0x0000,0x00000000,0x00000000,52,FAULT_BLOCKED
20787,7.7,4.6,0.0,0.0,0.0,0,12.61,24.3,31.1,98,27,0x00,0,0x0000,0x00000000,0x00000000,53,FAULT_BLOCKED
20887,7.6,4.7,0.0,0.0,0.0,0,12.65,24.3,31.0,98,27,0x00,0,0x0000,0x00000000,0x00000000,52,FAULT_BLOCKED
20987,7.7,4.7,0.0,0.0,0.0,0,12.56,24.3,30.9,98,27,0x00,0,0x0000,0x00000000,0x00000000,51,FAULT_BLOCKED
21087,7.7,4.7,0.0,0.0,0.0,0,12.74,24.2,30.9,98,27,0x00,0,0x0000,0x00000000,0x00000000,51,FAULT_BLOCKED
21187,7.6,4.7,0.0,0.0,0.0,0,12.82,24.3,31.3,98,27,0x00,0,0x0000,0x00000000,0x00000000,54,FAULT_BLOCKED
21287,7.6,4.6,0.0,0.0,0.0,0,12.59,24.3,31.1,98,27,0x00,0,0x0000,0x00000000,0x00000000,53,FAULT_BLOCKED
21387,7.7,4.6,0.0,0.0,0.0,0,12.56,24.3,31.0,98,27,0x00,0,0x0000,0x00000000,0x00000000,52,FAULT_BLOCKED
21487,7.7,4.6,0.0,0.0,0.0,0,12.62,24.2,31.4,98,27,0x00,0,0x0000,0x00000000,0x00000000,54,FAULT_BLOCKED
21587,7.7,4.7,0.0,0.0,0.0,0,12.78,24.2,31.0,98,27,0x00,0,0x0000,0x00000000,0x00000000,52,FAULT_BLOCKED
21687,7.6,4.6,0.0,0.0,0.0,0,12.65,24.3,31.1,98,27,0x00,0,0x0000,0x00000000,0x00000000,53,FAULT_BLOCKED
21787,7.6,4.7,0.0,0.0,0.0,0,12.77,24.2,30.9,98,27,0x00,0,0x0000,0x00000000,0x00000000,51,FAULT_BLOCKED
21887,7.6,4.7,0.0,0.0,0.0,0,12.61,24.2,30.9,98,27,0x00,0,0x0000,0x00000000,0x00000000,51,FAULT_BLOCKED
21987,7.7,4.7,0.0,0.0,0.0,0,12.77,24.2,30.9,98,27,0x00,0,0x0000,0x00000000,0x00000000,51,FAULT_BLOCKED
22087,7.7,4.7,0.0,0.0,0.0,0,12.6,24.2,30.9,98,27,0x00,0,0x0000,0x00000000,0x00000000,51,FAULT_BLOCKED
22187,7.6,4.7,0.0,0.0,0.0,0,12.74,24.2,31.3,98,27,0x00,0,0x0000,0x00000000,0x00000000,54,FAULT_BLOCKED
22287,7.7,4.6,0.0,0.0,0.0,0,12.64,24.2,31.0,98,27,0x00,0,0x0000,0x00000000,0x00000000,52,FAULT_BLOCKED
22387,7.6,4.7,0.0,0.0,0.0,0,12.63,24.2,30.9,98,27,0x00,0,0x0000,0x00000000,0x00000000,51,FAULT_BLOCKED
22487,7.7,4.6,0.0,0.0,0.0,0,12.6,24.3,30.6,98,27,0x00,0,0x0000,0x00000000,0x00000000,50,FAULT_BLOCKED
22587,7.7,4.6,0.0,0.0,0.0,0,12.6,24.3,30.9,98,27,0x00,0,0x0000,0x00000000,0x00000000,51,FAULT_BLOCKED
22687,7.6,4.6,0.0,0.0,0.0,0,12.64,24.3,30.7,98,27,0x00,0,0x0000,0x00000000,0x00000000,50,FAULT_BLOCKED
22787,7.7,4.7,0.0,0.0,0.0,0,12.72,24.3,30.9,98,27,0x00,0,0x0000,0x00000000,0x00000000,51,FAULT_BLOCKED
22887,7.6,4.6,0.0,0.0,0.0,0,12.6,24.2,31.0,98,27,0x00,0,0x0000,0x00000000,0x00000000,52,FAULT_BLOCKED
22987,7.6,4.6,0.0,0.0,0.0,0,12.61,24.2,30.9,98,27,0x00,0,0x0000,0x00000000,0x00000000,51,FAULT_BLOCKED
23087,7.7,4.6,0.0,0.0,0.0,0,12.62,24.2,31.0,98,27,0x00,0,0x0000,0x00000000,0x00000000,52,FAULT_BLOCKED
23187,7.7,4.7,0.0,0.0,0.0,0,12.64,24.2,30.7,98,27,0x00,0,0x0000,0x00000000,0x00000000,50,FAULT_BLOCKED
23287,7.7,4.7,0.0,0.0,0.0,0,12.63,24.3,30.9,98,27,0x00,0,0x0000,0x00000000,0x00000000,51,FAULT_BLOCKED
23387,7.6,4.7,0.0,0.0,0.0,0,12.6,24.3,30.9,98,27,0x00,0,0x0000,0x00000000,0x00000000,51,FAULT_BLOCKED
23487,7.7,4.7,0.0,0.0,0.0,0,12.6,24.3,30.9,98,27,0x00,0,0x0000,0x00000000,0x00000000,51,FAULT_BLOCKED
23587,7.8,4.6,0.0,0.0,0.0,0,12.6,24.2,31.1,98,27,0x00,0,0x0000,0x00000000,0x00000000,53,FAULT_BLOCKED
23687,7.7,4.7,0.0,0.0,0.0,0,12.63,24.3,31.0,98,27,0x00,0,0x0000,0x00000000,0x00000000,52,FAULT_BLOCKED
23787,7.6,4.7,0.0,0.0,0.0,0,12.59,24.3,30.9,98,27,0x00,0,0x0000,0x00000000,0x00000000,51,FAULT_BLOCKED
23887,7.6,4.6,0.0,0.0,0.0,0,12.65,24.3,30.9,98,27,0x00,0,0x0000,0x00000000,0x00000000,51,FAULT_BLOCKED
23987,7.7,4.7,0.0,0.0,0.0,0,12.63,24.3,31.1,98,27,0x00,0,0x0000,0x00000000,0x00000000,53,FAULT_BLOCKED
24087,7.7,4.7,0.0,0.0,0.0,0,12.54,24.3,31.0,98,27,0x00,0,0x0000,0x00000000,0x00000000,52,FAULT_BLOCKED
24187,7.6,4.6,0.0,0.0,0.0,0,12.62,24.3,30.7,98,27,0x00,0,0x0000,0x00000000,0x00000000,50,FAULT_BLOCKED
24287,7.7,4.7,0.0,0.0,0.0,0,12.63,24.3,31.0,98,27,0x00,0,0x0000,0x00000000,0x00000000,52,FAULT_BLOCKED
24387,7.6,4.6,0.0,0.0,0.0,0,12.63,24.3,31.1,98,27,0x00,0,0x0000,0x00000000,0x00000000,53,FAULT_BLOCKED
24487,7.7,4.7,0.0,0.0,0.0,0,12.78,24.3,30.7,98,27,0x00,0,0x0000,0x00000000,0x00000000,50,FAULT_BLOCKED
24587,7.7,4.7,0.0,0.0,0.0,0,12.78,24.3,30.7,98,27,0x00,0,0x0000,0x00000000,0x00000000,50,FAULT_BLOCKED
24687,7.6,4.7,0.0,0.0,0.0,0,12.56,24.2,31.0,98,27,0x00,0,0x0000,0x00000000,0x00000000,52,FAULT_BLOCKED
24787,7.6,4.7,0.0,0.0,0.0,0,12.56,24.2,31.0,98,27,0x00,0,0x0000,0x00000000,0x00000000,52,FAULT_BLOCKED
24887,7.6,4.7,0.0,0.0,0.0,0,12.61,24.2,30.7,98,27,0x00,0,0x0000,0x00000000,0x00000000,50,FAULT_BLOCKED
24987,7.6,4.7,0.0,0.0,0.0,0,12.61,24.3,30.7,98,27,0x00,0,0x0000,0x00000000,0x00000000,50,FAULT_BLOCKED
25087,7.6,4.7,0.0,0.0,0.0,0,12.63,24.3,30.9,98,27,0x00,0,0x0000,0x00000000,0x00000000,51,FAULT_BLOCKED
25187,7.6,4.7,0.0,0.0,0.0,0,12.72,24.3,30.9,98,27,0x00,0,0x0000,0x00000000,0x00000000,51,FAULT_BLOCKED
25287,7.6,4.7,0.0,0.0,0.0,0,12.83,24.3,30.7,98,27,0x00,0,0x0000,0x00000000,0x00000000,50,FAULT_BLOCKED
25387,7.6,4.8,0.0,0.0,0.0,0,12.62,24.3,30.9,98,27,0x00,0,0x0000,0x00000000,0x00000000,51,FAULT_BLOCKED
25487,7.6,4.7,0.0,0.0,0.0,0,12.82,24.3,30.7,98,27,0x00,0,0x0000,0x00000000,0x00000000,50,FAULT_BLOCKED
25587,7.6,4.7,0.0,0.0,0.0,0,12.6,24.3,30.7,98,27,0x00,0,0x0000,0x00000000,0x00000000,50,FAULT_BLOCKED
25687,7.6,4.7,0.0,0.0,0.0,0,12.63,24.3,30.7,98,27,0x00,0,0x0000,0x00000000,0x00000000,50,FAULT_BLOCKED
25787,7.6,4.7,0.0,0.0,0.0,0,12.58,24.3,30.7,98,27,0x00,0,0x0000,0x00000000,0x00000000,50,FAULT_BLOCKED
25887,7.6,4.7,0.0,0.0,0.0,0,12.66,24.3,31.0,98,27,0x00,0,0x0000,0x00000000,0x00000000,52,FAULT_BLOCKED
25987,7.6,4.7,0.0,0.0,0.0,0,12.6,24.3,31.0,98,27,0x00,0,0x0000,0x00000000,0x00000000,52,FAULT_BLOCKED
26087,7.7,4.7,0.0,0.0,0.0,0,12.59,24.3,31.0,98,27,0x00,0,0x0000,0x00000000,0x00000000,52,FAULT_BLOCKED
26187,7.6,4.7,0.0,0.0,0.0,0,12.59,24.2,30.6,98,27,0x00,0,0x0000,0x00000000,0x00000000,50,FAULT_BLOCKED
26287,7.7,4.7,0.0,0.0,0.0,0,12.63,24.2,31.1,98,27,0x00,0,0x0000,0x00000000,0x00000000,53,FAULT_BLOCKED
26387,7.6,4.7,0.0,0.0,0.0,0,12.86,24.3,30.7,98,27,0x00,0,0x0000,0x00000000,0x00000000,50,FAULT_BLOCKED
26487,7.7,4.7,0.0,0.0,0.0,0,12.62,24.3,30.7,98,27,0x00,0,0x0000,0x00000000,0x00000000,50,FAULT_BLOCKED
26587,7.7,4.7,0.0,0.0,0.0,0,12.7,24.3,31.0,98,27,0x00,0,0x0000,0x00000000,0x00000000,52,FAULT_BLOCKED
26687,7.6,4.7,0.0,0.0,0.0,0,12.64,24.3,31.0,98,27,0x00,0,0x0000,0x00000000,0x00000000,52,FAULT_BLOCKED
26787,7.6,4.7,0.0,0.0,0.0,0,12.65,24.2,30.9,98,27,0x00,0,0x0000,0x00000000,0x00000000,51,FAULT_BLOCKED
26887,7.7,4.7,0.0,0.0,0.0,0,12.66,24.2,30.9,98,27,0x00,0,0x0000,0x00000000,0x00000000,51,FAULT_BLOCKED
26987,7.6,4.7,0.0,0.0,0.0,0,12.87,24.3,30.7,98,27,0x00,0,0x0000,0x00000000,0x00000000,50,FAULT_BLOCKED
27087,7.6,4.7,0.0,0.0,0.0,0,12.62,24.3,30.7,98,27,0x00,0,0x0000,0x00000000,0x00000000,50,FAULT_BLOCKED
27187,7.6,4.7,0.0,0.0,0.0,0,12.68,24.3,30.9,98,27,0x00,0,0x0000,0x00000000,0x00000000,51,FAULT_BLOCKED
27287,7.7,4.6,0.0,0.0,0.0,0,12.59,24.3,30.7,98,27,0x00,0,0x0000,0x00000000,0x00000000,50,FAULT_BLOCKED
27387,7.6,4.7,0.0,0.0,0.0,0,12.74,24.3,30.9,98,27,0x00,0,0x0000,0x00000000,0x00000000,51,FAULT_BLOCKED
27487,7.6,4.7,0.0,0.0,0.0,0,12.74,24.3,31.0,98,27,0x00,0,0x0000,0x00000000,0x00000000,52,FAULT_BLOCKED
27587,7.6,4.7,0.0,0.0,0.0,0,12.8,24.3,31.0,98,27,0x00,0,0x0000,0x00000000,0x00000000,52,FAULT_BLOCKED
27687,7.6,4.7,0.0,0.0,0.0,0,12.75,24.3,30.9,98,27,0x00,0,0x0000,0x00000000,0x00000000,51,FAULT_BLOCKED
27787,7.6,4.7,0.0,0.0,0.0,0,12.62,24.3,30.7,98,27,0x00,0,0x0000,0x00000000,0x00000000,50,FAULT_BLOCKED
27887,7.7,4.7,0.0,0.0,0.0,0,12.64,24.3,30.7,98,27,0x00,0,0x0000,0x00000000,0x00000000,50,FAULT_BLOCKED
27987,7.6,4.7,0.0,0.0,0.0,0,12.6,24.2,31.0,98,27,0x00,0,0x0000,0x00000000,0x00000000,52,FAULT_BLOCKED
28087,7.7,4.7,0.0,0.0,0.0,0,12.77,24.2,30.7,98,27,0x00,0,0x0000,0x00000000,0x00000000,50,FAULT_BLOCKED
28187,7.6,4.7,0.0,0.0,0.0,0,12.67,24.2,31.0,98,27,0x00,0,0x0000,0x00000000,0x00000000,52,FAULT_BLOCKED
28287,7.7,4.7,0.0,0.0,0.0,0,12.78,24.2,31.1,98,27,0x00,0,0x0000,0x00000000,0x00000000,53,FAULT_BLOCKED
28387,7.7,4.7,0.0,0.0,0.0,0,12.67,24.3,30.6,98,27,0x00,0,0x0000,0x00000000,0x00000000,50,FAULT_BLOCKED
28487,7.6,4.7,0.0,0.0,0.0,0,12.78,24.3,30.6,98,27,0x00,0,0x0000,0x00000000,0x00000000,50,FAULT_BLOCKED
28587,7.6,4.7,0.0,0.0,0.0,0,12.68,24.2,30.7,98,27,0x00,0,0x0000,0x00000000,0x00000000,50,FAULT_BLOCKED
28687,7.7,4.6,0.0,0.0,0.0,0,12.64,24.2,31.1,98,27,0x00,0,0x0000,0x00000000,0x00000000,53,FAULT_BLOCKED
28787,7.7,4.7,0.0,0.0,0.0,0,12.81,24.2,31.0,98,27,0x00,0,0x0000,0x00000000,0x00000000,52,FAULT_BLOCKED
28887,7.6,4.7,0.0,0.0,0.0,0,12.59,24.2,31.0,98,27,0x00,0,0x0000,0x00000000,0x00000000,52,FAULT_BLOCKED
28987,7.6,4.7,0.0,0.0,0.0,0,12.58,24.2,31.0,98,27,0x00,0,0x0000,0x00000000,0x00000000,52,FAULT_BLOCKED
29087,7.7,4.7,0.0,0.0,0.0,0,12.78,24.2,31.0,98,27,0x00,0,0x0000,0x00000000,0x00000000,52,FAULT_BLOCKED
29187,7.6,4.7,0.0,0.0,0.0,0,12.65,24.2,30.7,98,27,0x00,0,0x0000,0x00000000,0x00000000,50,FAULT_BLOCKED
29287,7.6,4.6,0.0,0.0,0.0,0,12.6,24.2,30.7,98,27,0x00,0,0x0000,0x00000000,0x00000000,50,FAULT_BLOCKED
29387,7.7,4.7,0.0,0.0,0.0,0,12.74,24.2,30.6,98,27,0x00,0,0x0000,0x00000000,0x00000000,50,FAULT_BLOCKED
29487,7.7,4.7,0.0,0.0,0.0,0,12.74,24.2,31.0,98,27,0x00,0,0x0000,0x00000000,0x00000000,52,FAULT_BLOCKED
29587,7.6,4.7,0.0,0.0,0.0,0,12.56,24.2,30.7,98,27,0x00,0,0x0000,0x00000000,0x00000000,50,FAULT_BLOCKED
29687,7.7,4.7,0.0,0.0,0.0,0,12.75,24.2,30.7,98,27,0x00,0,0x0000,0x00000000,0x00000000,50,FAULT_BLOCKED
29787,7.7,4.7,0.0,0.0,0.0,0,12.61,24.2,31.0,98,27,0x00,0,0x0000,0x00000000,0x00000000,52,FAULT_BLOCKED
29887,7.7,4.7,0.0,0.0,0.0,0,12.74,24.2,31.0,98,27,0x00,0,0x0000,0x00000000,0x00000000,52,FAULT_BLOCKED
29987,7.6,4.7,0.0,0.0,0.0,0,12.61,24.2,30.5,98,27,0x00,0,0x0000,0x00000000,0x00000000,49,FAULT_BLOCKED
30087,7.6,4.7,0.0,0.0,0.0,0,12.6,24.2,30.9,98,27,0x00,0,0x0000,0x00000000,0x00000000,51,FAULT_BLOCKED
30187,7.7,4.7,0.0,0.0,0.0,0,12.6,24.2,31.0,98,27,0x00,0,0x0000,0x00000000,0x00000000,52,FAULT_BLOCKED
30287,7.6,4.7,0.0,0.0,0.0,0,12.6,24.2,31.0,98,27,0x00,0,0x0000,0x00000000,0x00000000,52,FAULT_BLOCKED
30387,7.6,4.7,0.0,0.0,0.0,0,12.77,24.3,30.6,98,27,0x00,0,0x0000,0x00000000,0x00000000,50,FAULT_BLOCKED
30487,7.7,4.7,0.0,0.0,0.0,0,12.62,24.3,30.6,98,27,0x00,0,0x0000,0x00000000,0x00000000,50,FAULT_BLOCKED
30587,7.6,4.7,0.0,0.0,0.0,0,12.6,24.3,30.7,98,27,0x00,0,0x0000,0x00000000,0x00000000,50,FAULT_BLOCKED
30687,7.6,4.7,0.0,0.0,0.0,0,12.72,24.3,30.7,98,27,0x00,0,0x0000,0x00000000,0x00000000,50,FAULT_BLOCKED
30787,7.6,4.7,0.0,0.0,0.0,0,12.63,24.3,30.7,98,27,0x00,0,0x0000,0x00000000,0x00000000,50,FAULT_BLOCKED
30887,7.6,4.7,0.0,0.0,0.0,0,12.7,24.3,30.6,98,27,0x00,0,0x0000,0x00000000,0x00000000,50,FAULT_BLOCKED
30987,7.6,4.7,0.0,0.0,0.0,0,12.64,24.3,30.9,98,27,0x00,0,0x0000,0x00000000,0x00000000,51,FAULT_BLOCKED
31087,7.6,4.7,0.0,0.0,0.0,0,12.6,24.3,30.7,98,27,0x00,0,0x0000,0x00000000,0x00000000,50,FAULT_BLOCKED
31187,7.7,4.6,0.0,0.0,0.0,0,12.6,24.3,30.9,98,27,0x00,0,0x0000,0x00000000,0x00000000,51,FAULT_BLOCKED
31287,7.5,4.6,0.0,0.0,0.0,0,12.58,24.3,30.6,98,27,0x00,0,0x0000,0x00000000,0x00000000,50,FAULT_BLOCKED
31387,7.6,4.6,0.0,0.0,0.0,0,12.63,24.3,31.0,98,27,0x00,0,0x0000,0x00000000,0x00000000,52,FAULT_BLOCKED
31487,7.7,4.6,0.0,0.0,0.0,0,12.66,24.3,31.0,98,27,0x00,0,0x0000,0x00000000,0x00000000,52,FAULT_BLOCKED
31587,7.6,4.7,0.0,0.0,0.0,0,12.62,24.3,30.7,98,27,0x00,0,0x0000,0x00000000,0x00000000,50,FAULT_BLOCKED
31687,7.6,4.7,0.0,0.0,0.0,0,12.62,24.3,30.7,98,27,0x00,0,0x0000,0x00000000,0x00000000,50,FAULT_BLOCKED
31787,8.2,4.6,0.0,0.0,0.0,0,12.59,24.3,30.9,98,27,0x00,0,0x0000,0x00000000,0x00000000,51,FAULT_BLOCKED
31887,7.7,4.7,0.0,0.0,0.0,0,12.62,24.3,30.6,98,27,0x00,0,0x0000,0x00000000,0x00000000,50,FAULT_BLOCKED
31987,7.7,4.6,0.0,0.0,0.0,0,12.6,24.3,30.6,98,27,0x00,0,0x0000,0x00000000,0x00000000,50,FAULT_BLOCKED
32087,7.6,4.6,0.0,0.0,0.0,0,12.8,24.3,31.4,98,27,0x00,0,0x0000,0x00000000,0x00000000,54,FAULT_BLOCKED
32187,7.7,4.7,0.0,0.0,0.0,0,12.58,24.3,30.6,98,27,0x00,0,0x0000,0x00000000,0x00000000,50,FAULT_BLOCKED
32287,7.7,4.6,0.0,0.0,0.0,0,12.7,24.3,30.7,98,27,0x00,0,0x0000,0x00000000,0x00000000,50,FAULT_BLOCKED
32387,7.7,4.7,0.0,0.0,0.0,0,12.7,24.3,30.9,98,27,0x00,0,0x0000,0x00000000,0x00000000,51,FAULT_BLOCKED
32487,7.6,4.7,0.0,0.0,0.0,0,12.61,24.3,30.7,98,27,0x00,0,0x0000,0x00000000,0x00000000,50,FAULT_BLOCKED
32587,7.6,4.7,0.0,0.0,0.0,0,12.6,24.3,31.1,98,27,0x00,0,0x0000,0x00000000,0x00000000,53,FAULT_BLOCKED
32687,7.6,4.7,0.0,0.0,0.0,0,12.59,24.3,31.4,98,27,0x00,0,0x0000,0x00000000,0x00000000,54,FAULT_BLOCKED
32787,7.7,4.7,0.0,0.0,0.0,0,12.58,24.3,31.0,98,27,0x00,0,0x0000,0x00000000,0x00000000,52,FAULT_BLOCKED
32887,7.6,4.7,0.0,0.0,0.0,0,12.75,24.3,30.6,98,27,0x00,0,0x0000,0x00000000,0x00000000,50,FAULT_BLOCKED
32987,7.7,4.6,0.0,0.0,0.0,0,12.63,24.3,30.6,98,27,0x00,0,0x0000,0x00000000,0x00000000,50,FAULT_BLOCKED
33087,7.7,4.7,0.0,0.0,0.0,0,12.58,24.3,30.7,98,27,0x00,0,0x0000,0x00000000,0x00000000,50,FAULT_BLOCKED
33187,7.6,4.6,0.0,0.0,0.0,0,12.59,24.3,31.1,98,27,0x00,0,0x0000,0x00000000,0x00000000,53,FAULT_BLOCKED
33287,7.7,4.6,0.0,0.0,0.0,0,12.63,24.3,30.6,98,27,0x00,0,0x0000,0x00000000,0x00000000,50,FAULT_BLOCKED
33387,7.6,4.7,0.0,0.0,0.0,0,12.63,24.3,30.7,98,27,0x00,0,0x0000,0x00000000,0x00000000,50,FAULT_BLOCKED
33487,7.6,4.7,0.0,0.0,0.0,0,12.6,24.4,31.5,98,27,0x00,0,0x0000,0x00000000,0x00000000,55,FAULT_BLOCKED
33587,7.7,4.7,0.0,0.0,0.0,0,12.54,24.3,31.5,98,27,0x00,0,0x0000,0x00000000,0x00000000,55,FAULT_BLOCKED
33687,7.6,4.7,0.0,0.0,0.0,0,12.6,24.3,30.7,98,27,0x00,0,0x0000,0x00000000,0x00000000,50,FAULT_BLOCKED
33787,7.6,4.6,0.0,0.0,0.0,0,12.63,24.4,30.6,98,27,0x00,0,0x0000,0x00000000,0x00000000,50,FAULT_BLOCKED
33887,7.7,4.6,0.0,0.0,0.0,0,12.59,24.4,30.9,98,27,0x00,0,0x0000,0x00000000,0x00000000,51,FAULT_BLOCKED
33987,7.6,4.7,0.0,0.0,0.0,0,12.69,24.4,30.6,98,27,0x00,0,0x0000,0x00000000,0x00000000,50,FAULT_BLOCKED
34087,7.6,4.7,0.0,0.0,0.0,0,12.6,24.3,31.0,98,27,0x00,0,0x0000,0x00000000,0x00000000,52,FAULT_BLOCKED
34187,7.7,4.7,0.0,0.0,0.0,0,12.6,24.4,31.3,98,27,0x00,0,0x0000,0x00000000,0x00000000,54,FAULT_BLOCKED
34287,7.7,4.7,0.0,0.0,0.0,0,12.6,24.4,30.9,98,27,0x00,0,0x0000,0x00000000,0x00000000,51,FAULT_BLOCKED
34387,7.6,4.7,0.0,0.0,0.0,0,12.6,24.4,30.9,98,27,0x00,0,0x0000,0x00000000,0x00000000,51,FAULT_BLOCKED
34487,7.6,4.7,0.0,0.0,0.0,0,12.55,24.4,30.6,98,27,0x00,0,0x0000,0x00000000,0x00000000,50,FAULT_BLOCKED
34587,7.6,4.7,0.0,0.0,0.0,0,12.63,24.4,30.7,98,27,0x00,0,0x0000,0x00000000,0x00000000,50,FAULT_BLOCKED
34687,7.6,4.7,0.0,0.0,0.0,0,12.72,24.4,30.7,98,27,0x00,0,0x0000,0x00000000,0x00000000,50,FAULT_BLOCKED
34787,7.6,4.7,0.0,0.0,0.0,0,12.56,24.4,30.7,98,27,0x00,0,0x0000,0x00000000,0x00000000,50,FAULT_BLOCKED
34887,7.6,4.6,0.0,0.0,0.0,0,12.62,24.4,30.6,98,27,0x00,0,0x0000,0x00000000,0x00000000,50,FAULT_BLOCKED
34987,7.6,4.7,0.0,0.0,0.0,0,12.65,24.3,31.1,98,27,0x00,0,0x0000,0x00000000,0x00000000,53,FAULT_BLOCKED
35087,7.6,4.6,0.0,0.0,0.0,0,12.58,24.3,31.0,98,27,0x00,0,0x0000,0x00000000,0x00000000,52,FAULT_BLOCKED
35187,7.6,4.6,0.0,0.0,0.0,0,12.58,24.3,30.9,98,27,0x00,0,0x0000,0x00000000,0x00000000,51,FAULT_BLOCKED
35287,7.7,4.6,0.0,0.0,0.0,0,12.62,24.3,31.1,98,27,0x00,0,0x0000,0x00000000,0x00000000,53,FAULT_BLOCKED
35387,7.7,4.7,0.0,0.0,0.0,0,12.63,24.3,31.0,98,27,0x00,0,0x0000,0x00000000,0x00000000,52,FAULT_BLOCKED
35487,7.6,4.7,0.0,0.0,0.0,0,12.67,24.3,30.5,98,27,0x00,0,0x0000,0x00000000,0x00000000,49,FAULT_BLOCKED
35587,7.6,4.7,0.0,0.0,0.0,0,12.65,24.3,30.5,98,27,0x00,0,0x0000,0x00000000,0x00000000,49,FAULT_BLOCKED
35687,7.7,4.7,0.0,0.0,0.0,0,12.58,24.3,30.6,98,27,0x00,0,0x0000,0x00000000,0x00000000,50,FAULT_BLOCKED
35787,7.6,4.6,0.0,0.0,0.0,0,12.58,24.4,30.6,98,27,0x00,0,0x0000,0x00000000,0x00000000,50,FAULT_BLOCKED
35887,7.6,4.7,0.0,0.0,0.0,0,12.69,24.4,30.6,98,27,0x00,0,0x0000,0x00000000,0x00000000,50,FAULT_BLOCKED
35987,7.6,4.7,0.0,0.0,0.0,0,12.61,24.4,30.6,98,27,0x00,0,0x0000,0x00000000,0x00000000,50,FAULT_BLOCKED
36087,7.6,4.7,0.0,0.0,0.0,0,12.59,24.3,31.3,98,27,0x00,0,0x0000,0x00000000,0x00000000,54,FAULT_BLOCKED
36187,7.7,4.6,0.0,0.0,0.0,0,12.59,24.4,30.6,98,27,0x00,0,0x0000,0x00000000,0x00000000,50,FAULT_BLOCKED
36287,7.7,4.6,0.0,0.0,0.0,0,12.82,24.4,30.6,98,27,0x00,0,0x0000,0x00000000,0x00000000,50,FAULT_BLOCKED
36387,7.6,4.7,0.0,0.0,0.0,0,12.56,24.4,30.6,98,27,0x00,0,0x0000,0x00000000,0x00000000,50,FAULT_BLOCKED
36487,7.7,4.7,0.0,0.0,0.0,0,12.56,24.4,30.6,98,27,0x00,0,0x0000,0x00000000,0x00000000,50,FAULT_BLOCKED
36587,7.7,4.7,0.0,0.0,0.0,0,12.59,24.3,30.5,98,27,0x00,0,0x0000,0x00000000,0x00000000,49,FAULT_BLOCKED
36687,7.6,4.7,0.0,0.0,0.0,0,12.68,24.4,30.5,98,27,0x00,0,0x0000,0x00000000,0x00000000,49,FAULT_BLOCKED
36787,7.7,4.7,0.0,0.0,0.0,0,12.59,24.4,30.6,98,27,0x00,0,0x0000,0x00000000,0x00000000,50,FAULT_BLOCKED
36887,7.6,4.6,0.0,0.0,0.0,0,12.68,24.4,30.5,98,27,0x00,0,0x0000,0x00000000,0x00000000,49,FAULT_BLOCKED
36987,7.7,4.6,0.0,0.0,0.0,0,12.72,24.4,30.5,98,27,0x00,0,0x0000,0x00000000,0x00000000,49,FAULT_BLOCKED
37087,7.6,4.6,0.0,0.0,0.0,0,12.61,24.4,30.5,98,27,0x00,0,0x0000,0x00000000,0x00000000,49,FAULT_BLOCKED
37187,7.7,4.6,0.0,0.0,0.0,0,12.56,24.4,30.5,98,27,0x00,0,0x0000,0x00000000,0x00000000,49,FAULT_BLOCKED
37287,7.7,4.7,0.0,0.0,0.0,0,12.66,24.4,30.5,98,27,0x00,0,0x0000,0x00000000,0x00000000,49,FAULT_BLOCKED
37387,7.7,4.6,0.0,0.0,0.0,0,12.58,24.4,30.6,98,27,0x00,0,0x0000,0x00000000,0x00000000,50,FAULT_BLOCKED
37487,7.7,4.7,0.0,0.0,0.0,0,12.55,24.4,30.6,98,27,0x00,0,0x0000,0x00000000,0x00000000,50,FAULT_BLOCKED
37587,7.6,4.6,0.0,0.0,0.0,0,12.73,24.4,31.0,98,27,0x00,0,0x0000,0x00000000,0x00000000,52,FAULT_BLOCKED
37687,7.6,4.7,0.0,0.0,0.0,0,12.56,24.4,31.0,98,27,0x00,0,0x0000,0x00000000,0x00000000,52,FAULT_BLOCKED
37787,7.6,4.6,0.0,0.0,0.0,0,12.6,24.4,30.6,98,27,0x00,0,0x0000,0x00000000,0x00000000,50,FAULT_BLOCKED
37887,7.7,4.6,0.0,0.0,0.0,0,12.61,24.4,30.9,98,27,0x00,0,0x0000,0x00000000,0x00000000,51,FAULT_BLOCKED
37987,7.6,4.6,0.0,0.0,0.0,0,12.64,24.4,30.7,98,27,0x00,0,0x0000,0x00000000,0x00000000,50,FAULT_BLOCKED
38087,7.6,4.7,0.0,0.0,0.0,0,12.63,24.4,30.4,98,27,0x00,0,0x0000,0x00000000,0x00000000,49,FAULT_BLOCKED
38187,7.7,4.6,0.0,0.0,0.0,0,12.51,24.5,30.4,98,27,0x00,0,0x0000,0x00000000,0x00000000,49,FAULT_BLOCKED
38287,7.7,4.6,0.0,0.0,0.0,0,12.61,24.4,30.6,98,27,0x00,0,0x0000,0x00000000,0x00000000,50,FAULT_BLOCKED
38387,7.6,4.6,0.0,0.0,0.0,0,12.58,24.4,30.7,98,27,0x00,0,0x0000,0x00000000,0x00000000,50,FAULT_BLOCKED
38487,7.7,4.7,0.0,0.0,0.0,0,12.6,24.4,30.5,98,27,0x00,0,0x0000,0x00000000,0x00000000,49,FAULT_BLOCKED
38587,7.7,4.7,0.0,0.0,0.0,0,12.56,24.4,30.7,98,27,0x00,0,0x0000,0x00000000,0x00000000,50,FAULT_BLOCKED
38687,7.7,4.7,0.0,0.0,0.0,0,12.58,24.5,30.7,98,27,0x00,0,0x0000,0x00000000,0x00000000,50,FAULT_BLOCKED
38787,7.6,4.7,0.0,0.0,0.0,0,12.63,24.4,30.5,98,27,0x00,0,0x0000,0x00000000,0x00000000,49,FAULT_BLOCKED
38887,7.7,4.7,0.0,0.0,0.0,0,12.61,24.4,30.4,98,27,0x00,0,0x0000,0x00000000,0x00000000,49,FAULT_BLOCKED
38987,7.7,4.6,0.0,0.0,0.0,0,12.88,24.4,30.7,98,27,0x00,0,0x0000,0x00000000,0x00000000,50,FAULT_BLOCKED
39087,7.7,4.7,0.0,0.0,0.0,0,12.63,24.5,30.5,98,27,0x00,0,0x0000,0x00000000,0x00000000,49,FAULT_BLOCKED
39187,7.6,4.7,0.0,0.0,0.0,0,12.73,24.4,30.6,98,27,0x00,0,0x0000,0x00000000,0x00000000,50,FAULT_BLOCKED
39287,7.7,4.6,0.0,0.0,0.0,0,12.6,24.4,30.9,98,27,0x00,0,0x0000,0x00000000,0x00000000,51,FAULT_BLOCKED
39387,7.7,4.7,0.0,0.0,0.0,0,12.6,24.4,31.5,98,27,0x00,0,0x0000,0x00000000,0x00000000,55,FAULT_BLOCKED
39487,7.6,4.7,0.0,0.0,0.0,0,12.6,24.4,31.0,98,27,0x00,0,0x0000,0x00000000,0x00000000,52,FAULT_BLOCKED
39587,7.7,4.7,0.0,0.0,0.0,0,12.73,24.4,30.9,98,27,0x00,0,0x0000,0x00000000,0x00000000,51,FAULT_BLOCKED
39687,7.6,4.7,0.0,0.0,0.0,0,12.58,24.4,30.6,98,27,0x00,0,0x0000,0x00000000,0x00000000,50,FAULT_BLOCKED
39787,7.6,4.6,0.0,0.0,0.0,0,12.65,24.4,30.6,98,27,0x00,0,0x0000,0x00000000,0x00000000,50,FAULT_BLOCKED
39887,7.6,4.7,0.0,0.0,0.0,0,12.61,24.4,30.9,98,27,0x00,0,0x0000,0x00000000,0x00000000,51,FAULT_BLOCKED
39987,7.6,4.6,0.0,0.0,0.0,0,12.61,24.4,31.1,98,27,0x00,0,0x0000,0x00000000,0x00000000,53,FAULT_BLOCKED
40087,7.6,4.7,0.0,0.0,0.0,0,12.58,24.5,30.7,98,27,0x00,0,0x0000,0x00000000,0x00000000,50,FAULT_BLOCKED
40187,7.7,4.6,0.0,0.0,0.0,0,12.59,24.5,30.9,98,27,0x00,0,0x0000,0x00000000,0x00000000,51,FAULT_BLOCKED
40287,7.6,4.6,0.0,0.0,0.0,0,12.6,24.4,30.6,98,27,0x00,0,0x0000,0x00000000,0x00000000,50,FAULT_BLOCKED
40387,7.6,4.7,0.0,0.0,0.0,0,12.62,24.4,30.6,98,27,0x00,0,0x0000,0x00000000,0x00000000,50,FAULT_BLOCKED
40487,7.6,4.7,0.0,0.0,0.0,0,12.59,24.4,30.5,98,27,0x00,0,0x0000,0x00000000,0x00000000,49,FAULT_BLOCKED
40587,7.7,4.6,0.0,0.0,0.0,0,12.61,24.5,30.5,98,27,0x00,0,0x0000,0x00000000,0x00000000,49,FAULT_BLOCKED
40688,7.6,4.7,0.0,0.0,0.0,0,12.75,24.5,30.6,98,27,0x00,0,0x0000,0x00000000,0x00000000,50,FAULT_BLOCKED
40788,7.7,4.7,0.0,0.0,0.0,0,12.59,24.5,30.6,98,27,0x00,0,0x0000,0x00000000,0x00000000,50,FAULT_BLOCKED
40889,7.6,4.7,0.0,0.0,0.0,0,12.8,24.4,30.6,98,27,0x00,0,0x0000,0x00000000,0x00000000,50,FAULT_BLOCKED
40989,7.6,4.7,0.0,0.0,0.0,0,12.8,24.4,30.6,98,27,0x00,0,0x0000,0x00000000,0x00000000,50,FAULT_BLOCKED
41089,7.6,4.6,0.0,0.0,0.0,0,12.73,24.4,30.6,98,27,0x00,0,0x0000,0x00000000,0x00000000,50,FAULT_BLOCKED
41189,7.7,4.6,0.0,0.0,0.0,0,12.6,24.5,31.0,98,27,0x00,0,0x0000,0x00000000,0x00000000,52,FAULT_BLOCKED
41289,7.7,4.6,0.0,0.0,0.0,0,12.58,24.5,30.7,98,27,0x00,0,0x0000,0x00000000,0x00000000,50,FAULT_BLOCKED
41389,7.6,4.7,0.0,0.0,0.0,0,12.93,24.4,30.5,98,27,0x00,0,0x0000,0x00000000,0x00000000,49,FAULT_BLOCKED
41489,7.6,4.7,0.0,0.0,0.0,0,12.61,24.4,30.5,98,27,0x00,0,0x0000,0x00000000,0x00000000,49,FAULT_BLOCKED
41589,7.6,4.6,0.0,0.0,0.0,0,12.56,24.4,30.9,98,27,0x00,0,0x0000,0x00000000,0x00000000,51,FAULT_BLOCKED
41689,7.6,4.7,0.0,0.0,0.0,0,12.58,24.4,30.5,98,27,0x00,0,0x0000,0x00000000,0x00000000,49,FAULT_BLOCKED
41789,7.6,4.6,0.0,0.0,0.0,0,12.61,24.5,30.5,98,27,0x00,0,0x0000,0x00000000,0x00000000,49,FAULT_BLOCKED
41889,7.7,4.7,0.0,0.0,0.0,0,12.58,24.5,30.6,98,27,0x00,0,0x0000,0x00000000,0x00000000,50,FAULT_BLOCKED
41989,7.6,4.7,0.0,0.0,0.0,0,12.59,24.4,30.7,98,27,0x00,0,0x0000,0x00000000,0x00000000,50,FAULT_BLOCKED
42089,7.7,4.7,0.0,0.0,0.0,0,12.62,24.5,30.6,98,27,0x00,0,0x0000,0x00000000,0x00000000,50,FAULT_BLOCKED
42189,7.7,4.7,0.0,0.0,0.0,0,12.63,24.5,30.5,98,27,0x00,0,0x0000,0x00000000,0x00000000,49,FAULT_BLOCKED
42289,7.6,4.6,0.0,0.0,0.0,0,12.78,24.5,30.5,98,27,0x00,0,0x0000,0x00000000,0x00000000,49,FAULT_BLOCKED
42389,7.7,4.7,0.0,0.0,0.0,0,12.56,24.5,30.5,98,27,0x00,0,0x0000,0x00000000,0x00000000,49,FAULT_BLOCKED
42489,7.7,4.7,0.0,0.0,0.0,0,12.63,24.5,30.5,98,27,0x00,0,0x0000,0x00000000,0x00000000,49,FAULT_BLOCKED
42589,7.6,4.7,0.0,0.0,0.0,0,12.59,24.5,30.6,98,27,0x00,0,0x0000,0x00000000,0x00000000,50,FAULT_BLOCKED
42689,7.6,4.7,0.0,0.0,0.0,0,12.61,24.5,30.5,98,27,0x00,0,0x0000,0x00000000,0x00000000,49,FAULT_BLOCKED
42789,7.6,4.7,0.0,0.0,0.0,0,12.55,24.5,30.9,98,27,0x00,0,0x0000,0x00000000,0x00000000,51,FAULT_BLOCKED
42889,7.7,4.7,0.0,0.0,0.0,0,12.58,24.5,30.6,98,27,0x00,0,0x0000,0x00000000,0x00000000,50,FAULT_BLOCKED
42989,7.6,4.7,0.0,0.0,0.0,0,12.6,24.5,30.7,98,27,0x00,0,0x0000,0x00000000,0x00000000,50,FAULT_BLOCKED
43089,7.6,4.7,0.0,0.0,0.0,0,12.6,24.5,30.7,98,27,0x00,0,0x0000,0x00000000,0x00000000,50,FAULT_BLOCKED
43189,7.7,4.7,0.0,0.0,0.0,0,12.7,24.5,31.3,98,27,0x00,0,0x0000,0x00000000,0x00000000,54,FAULT_BLOCKED
43289,7.7,4.6,0.0,0.0,0.0,0,12.6,24.5,31.3,98,27,0x00,0,0x0000,0x00000000,0x00000000,54,FAULT_BLOCKED
43389,7.6,4.6,0.0,0.0,0.0,0,12.58,24.5,30.4,98,27,0x00,0,0x0000,0x00000000,0x00000000,49,FAULT_BLOCKED
43489,7.6,4.6,0.0,0.0,0.0,0,12.59,24.5,30.5,98,27,0x00,0,0x0000,0x00000000,0x00000000,49,FAULT_BLOCKED
43589,7.6,4.7,0.0,0.0,0.0,0,12.61,24.5,30.9,98,27,0x00,0,0x0000,0x00000000,0x00000000,51,FAULT_BLOCKED
43689,7.6,4.7,0.0,0.0,0.0,0,12.82,24.5,30.7,98,27,0x00,0,0x0000,0x00000000,0x00000000,50,FAULT_BLOCKED
43789,7.7,4.6,0.0,0.0,0.0,0,12.59,24.5,30.7,98,27,0x00,0,0x0000,0x00000000,0x00000000,50,FAULT_BLOCKED
43889,7.6,4.6,0.0,0.0,0.0,0,12.59,24.5,30.6,98,27,0x00,0,0x0000,0x00000000,0x00000000,50,FAULT_BLOCKED
43989,7.7,4.7,0.0,0.0,0.0,0,12.53,24.5,30.6,98,27,0x00,0,0x0000,0x00000000,0x00000000,50,FAULT_BLOCKED
44089,7.6,4.6,0.0,0.0,0.0,0,12.63,24.5,30.6,98,27,0x00,0,0x0000,0x00000000,0x00000000,50,FAULT_BLOCKED
44189,7.7,4.7,0.0,0.0,0.0,0,12.8,24.6,30.7,98,27,0x00,0,0x0000,0x00000000,0x00000000,50,FAULT_BLOCKED
44289,7.6,4.7,0.0,0.0,0.0,0,12.63,24.5,30.6,98,27,0x00,0,0x0000,0x00000000,0x00000000,50,FAULT_BLOCKED
44389,7.6,4.7,0.0,0.0,0.0,0,12.55,24.5,30.7,98,27,0x00,0,0x0000,0x00000000,0x00000000,50,FAULT_BLOCKED
44489,7.7,4.7,0.0,0.0,0.0,0,12.65,24.5,30.6,98,27,0x00,0,0x0000,0x00000000,0x00000000,50,FAULT_BLOCKED
44589,7.6,4.6,0.0,0.0,0.0,0,12.65,24.5,30.6,98,27,0x00,0,0x0000,0x00000000,0x00000000,50,FAULT_BLOCKED
44689,7.6,4.7,0.0,0.0,0.0,0,12.59,24.5,30.9,98,27,0x00,0,0x0000,0x00000000,0x00000000,51,FAULT_BLOCKED
44789,7.7,4.6,0.0,0.0,0.0,0,12.6,24.5,30.5,98,27,0x00,0,0x0000,0x00000000,0x00000000,49,FAULT_BLOCKED
44889,7.7,4.6,0.0,0.0,0.0,0,12.62,24.5,30.5,98,27,0x00,0,0x0000,0x00000000,0x00000000,49,FAULT_BLOCKED
44989,7.7,4.7,0.0,0.0,0.0,0,12.59,24.5,30.7,98,27,0x00,0,0x0000,0x00000000,0x00000000,50,FAULT_BLOCKED
45089,7.6,4.7,0.0,0.0,0.0,0,12.58,24.5,30.6,98,27,0x00,0,0x0000,0x00000000,0x00000000,50,FAULT_BLOCKED
45189,7.7,4.7,0.0,0.0,0.0,0,12.58,24.5,30.6,98,27,0x00,0,0x0000,0x00000000,0x00000000,50,FAULT_BLOCKED
45289,7.6,4.6,0.0,0.0,0.0,0,12.6,24.5,30.6,98,27,0x00,0,0x0000,0x00000000,0x00000000,50,FAULT_BLOCKED
45389,7.7,4.6,0.0,0.0,0.0,0,12.59,24.5,30.7,98,27,0x00,0,0x0000,0x00000000,0x00000000,50,FAULT_BLOCKED
45489,7.7,4.7,0.0,0.0,0.0,0,12.59,24.5,30.9,98,27,0x00,0,0x0000,0x00000000,0x00000000,51,FAULT_BLOCKED
45589,7.6,4.6,0.0,0.0,0.0,0,12.86,24.5,30.4,98,27,0x00,0,0x0000,0x00000000,0x00000000,49,FAULT_BLOCKED
45689,7.6,4.7,0.0,0.0,0.0,0,12.67,24.5,30.4,98,27,0x00,0,0x0000,0x00000000,0x00000000,49,FAULT_BLOCKED
45789,7.6,4.7,0.0,0.0,0.0,0,12.76,24.5,30.6,98,27,0x00,0,0x0000,0x00000000,0x00000000,50,FAULT_BLOCKED
45889,7.7,4.7,0.0,0.0,0.0,0,12.75,24.5,30.9,98,27,0x00,0,0x0000,0x00000000,0x00000000,51,FAULT_BLOCKED
45989,7.8,4.6,0.0,0.0,0.0,0,12.75,24.5,30.9,98,27,0x00,0,0x0000,0x00000000,0x00000000,51,FAULT_BLOCKED
46089,7.9,4.7,0.0,0.0,0.0,0,12.63,24.4,30.9,98,27,0x00,0,0x0000,0x00000000,0x00000000,51,FAULT_BLOCKED
46189,7.6,4.7,0.0,0.0,0.0,0,12.61,24.5,30.9,98,27,0x00,0,0x0000,0x00000000,0x00000000,51,FAULT_BLOCKED
46289,7.7,4.6,0.0,0.0,0.0,0,12.69,24.5,30.6,98,27,0x00,0,0x0000,0x00000000,0x00000000,50,FAULT_BLOCKED
46389,7.6,4.7,0.0,0.0,0.0,0,12.61,24.5,30.7,98,27,0x00,0,0x0000,0x00000000,0x00000000,50,FAULT_BLOCKED
46489,7.6,4.7,0.0,0.0,0.0,0,12.62,24.5,30.4,98,27,0x00,0,0x0000,0x00000000,0x00000000,49,FAULT_BLOCKED
46589,7.6,4.7,0.0,0.0,0.0,0,12.62,24.5,30.5,98,27,0x00,0,0x0000,0x00000000,0x00000000,49,FAULT_BLOCKED
46689,7.6,4.7,0.0,0.0,0.0,0,12.62,24.5,30.9,98,27,0x00,0,0x0000,0x00000000,0x00000000,51,FAULT_BLOCKED
46789,7.6,4.7,0.0,0.0,0.0,0,12.59,24.5,30.7,98,27,0x00,0,0x0000,0x00000000,0x00000000,50,FAULT_BLOCKED
46889,7.7,4.7,0.0,0.0,0.0,0,12.58,24.6,30.5,98,27,0x00,0,0x0000,0x00000000,0x00000000,49,FAULT_BLOCKED
46989,7.6,4.7,0.0,0.0,0.0,0,12.81,24.5,30.5,98,27,0x00,0,0x0000,0x00000000,0x00000000,49,FAULT_BLOCKED
47089,7.6,4.6,0.0,0.0,0.0,0,12.62,24.5,30.5,98,27,0x00,0,0x0000,0x00000000,0x00000000,49,FAULT_BLOCKED
47189,7.6,4.6,0.0,0.0,0.0,0,12.64,24.5,30.5,98,27,0x00,0,0x0000,0x00000000,0x00000000,49,FAULT_BLOCKED
47289,7.7,4.6,0.0,0.0,0.0,0,12.63,24.5,30.9,98,27,0x00,0,0x0000,0x00000000,0x00000000,51,FAULT_BLOCKED
47389,7.7,4.7,0.0,0.0,0.0,0,12.6,24.6,30.5,98,27,0x00,0,0x0000,0x00000000,0x00000000,49,FAULT_BLOCKED
47489,7.6,4.7,0.0,0.0,0.0,0,12.79,24.6,30.7,98,27,0x00,0,0x0000,0x00000000,0x00000000,50,FAULT_BLOCKED
47589,7.6,4.7,0.0,0.0,0.0,0,12.63,24.6,30.6,98,27,0x00,0,0x0000,0x00000000,0x00000000,50,FAULT_BLOCKED
47689,7.7,4.6,0.0,0.0,0.0,0,12.63,24.6,30.6,98,27,0x00,0,0x0000,0x00000000,0x00000000,50,FAULT_BLOCKED
47789,7.6,4.7,0.0,0.0,0.0,0,12.62,24.6,30.5,98,27,0x00,0,0x0000,0x00000000,0x00000000,49,FAULT_BLOCKED
47889,7.7,4.6,0.0,0.0,0.0,0,12.61,24.6,30.4,98,27,0x00,0,0x0000,0x00000000,0x00000000,49,FAULT_BLOCKED
47989,7.6,4.7,0.0,0.0,0.0,0,12.75,24.6,30.9,98,27,0x00,0,0x0000,0x00000000,0x00000000,51,FAULT_BLOCKED
48089,7.7,4.7,0.0,0.0,0.0,0,12.61,24.6,30.5,98,27,0x00,0,0x0000,0x00000000,0x00000000,49,FAULT_BLOCKED
48189,7.6,4.7,0.0,0.0,0.0,0,12.7,24.6,30.5,98,27,0x00,0,0x0000,0x00000000,0x00000000,49,FAULT_BLOCKED
48289,7.7,4.6,0.0,0.0,0.0,0,12.61,24.6,30.5,98,27,0x00,0,0x0000,0x00000000,0x00000000,49,FAULT_BLOCKED
48389,7.7,4.7,0.0,0.0,0.0,0,12.58,24.6,30.6,98,27,0x00,0,0x0000,0x00000000,0x00000000,50,FAULT_BLOCKED
48489,7.7,4.7,0.0,0.0,0.0,0,12.6,24.5,30.5,98,27,0x00,0,0x0000,0x00000000,0x00000000,49,FAULT_BLOCKED
48589,7.7,4.7,0.0,0.0,0.0,0,12.53,24.6,30.7,98,27,0x00,0,0x0000,0x00000000,0x00000000,50,FAULT_BLOCKED
48689,7.7,4.7,0.0,0.0,0.0,0,12.53,24.5,30.9,98,27,0x00,0,0x0000,0x00000000,0x00000000,51,FAULT_BLOCKED
48789,7.7,4.7,0.0,0.0,0.0,0,12.54,24.6,30.7,98,27,0x00,0,0x0000,0x00000000,0x00000000,50,FAULT_BLOCKED
48889,7.7,4.7,0.0,0.0,0.0,0,12.72,24.6,30.7,98,27,0x00,0,0x0000,0x00000000,0x00000000,50,FAULT_BLOCKED
48989,7.6,4.7,0.0,0.0,0.0,0,12.56,24.6,30.5,98,27,0x00,0,0x0000,0x00000000,0x00000000,49,FAULT_BLOCKED
49089,7.6,4.7,0.0,0.0,0.0,0,12.6,24.6,30.5,98,27,0x00,0,0x0000,0x00000000,0x00000000,49,FAULT_BLOCKED
49189,7.6,4.7,0.0,0.0,0.0,0,12.59,24.6,30.7,98,27,0x00,0,0x0000,0x00000000,0x00000000,50,FAULT_BLOCKED
49289,7.7,4.7,0.0,0.0,0.0,0,12.8,24.6,30.4,98,27,0x00,0,0x0000,0x00000000,0x00000000,49,FAULT_BLOCKED
49389,7.7,4.6,0.0,0.0,0.0,0,12.6,24.6,30.6,98,27,0x00,0,0x0000,0x00000000,0x00000000,50,FAULT_BLOCKED
49489,7.7,4.7,0.0,0.0,0.0,0,12.59,24.6,30.6,98,27,0x00,0,0x0000,0x00000000,0x00000000,50,FAULT_BLOCKED
49589,7.7,4.7,0.0,0.0,0.0,0,12.61,24.6,31.1,98,27,0x00,0,0x0000,0x00000000,0x00000000,53,FAULT_BLOCKED
49689,7.6,4.6,0.0,0.0,0.0,0,12.61,24.6,30.7,98,27,0x00,0,0x0000,0x00000000,0x00000000,50,FAULT_BLOCKED
49789,7.6,4.6,0.0,0.0,0.0,0,12.66,24.6,30.4,98,27,0x00,0,0x0000,0x00000000,0x00000000,49,FAULT_BLOCKED
49889,7.7,4.7,0.0,0.0,0.0,0,12.94,24.6,30.7,98,27,0x00,0,0x0000,0x00000000,0x00000000,50,FAULT_BLOCKED
49989,7.6,4.7,0.0,0.0,0.0,0,12.61,24.5,30.6,98,27,0x00,0,0x0000,0x00000000,0x00000000,50,FAULT_BLOCKED
50089,7.6,4.6,0.0,0.0,0.0,0,12.61,24.6,30.6,98,27,0x00,0,0x0000,0x00000000,0x00000000,50,FAULT_BLOCKED
50189,7.6,4.8,0.0,0.0,0.0,0,12.72,24.6,30.7,98,27,0x00,0,0x0000,0x00000000,0x00000000,50,FAULT_BLOCKED
50289,7.7,4.6,0.0,0.0,0.0,0,12.67,24.6,30.7,98,27,0x00,0,0x0000,0x00000000,0x00000000,50,FAULT_BLOCKED
50389,7.6,4.6,0.0,0.0,0.0,0,12.59,24.6,30.7,98,27,0x00,0,0x0000,0x00000000,0x00000000,50,FAULT_BLOCKED
50489,7.7,4.7,0.0,0.0,0.0,0,12.56,24.6,30.7,98,27,0x00,0,0x0000,0x00000000,0x00000000,50,FAULT_BLOCKED
50589,7.6,4.7,0.0,0.0,0.0,0,12.53,24.6,30.4,98,27,0x00,0,0x0000,0x00000000,0x00000000,49,FAULT_BLOCKED
50689,7.7,4.7,0.0,0.0,0.0,0,12.56,24.6,30.4,98,27,0x00,0,0x0000,0x00000000,0x00000000,49,FAULT_BLOCKED
50789,7.6,4.6,0.0,0.0,0.0,0,12.73,24.6,30.6,98,27,0x00,0,0x0000,0x00000000,0x00000000,50,FAULT_BLOCKED
50889,7.7,4.6,0.0,0.0,0.0,0,12.56,24.6,30.4,98,27,0x00,0,0x0000,0x00000000,0x00000000,49,FAULT_BLOCKED
50989,7.6,4.6,0.0,0.0,0.0,0,12.6,24.6,30.4,98,27,0x00,0,0x0000,0x00000000,0x00000000,49,FAULT_BLOCKED
51089,7.6,4.7,0.0,0.0,0.0,0,12.66,24.6,30.4,98,27,0x00,0,0x0000,0x00000000,0x00000000,49,FAULT_BLOCKED
51189,7.6,4.6,0.0,0.0,0.0,0,12.55,24.6,30.6,98,27,0x00,0,0x0000,0x00000000,0x00000000,50,FAULT_BLOCKED
51289,7.6,4.7,0.0,0.0,0.0,0,12.58,24.6,30.6,98,27,0x00,0,0x0000,0x00000000,0x00000000,50,FAULT_BLOCKED
51389,7.7,4.6,0.0,0.0,0.0,0,12.58,24.6,30.6,98,27,0x00,0,0x0000,0x00000000,0x00000000,50,FAULT_BLOCKED
51489,7.7,4.6,0.0,0.0,0.0,0,12.58,24.6,30.6,98,27,0x00,0,0x0000,0x00000000,0x00000000,50,FAULT_BLOCKED
51589,7.7,4.7,0.0,0.0,0.0,0,12.53,24.6,30.6,98,27,0x00,0,0x0000,0x00000000,0x00000000,50,FAULT_BLOCKED
51689,7.6,4.6,0.0,0.0,0.0,0,12.62,24.6,30.5,98,27,0x00,0,0x0000,0x00000000,0x00000000,49,FAULT_BLOCKED
51789,7.6,4.6,0.0,0.0,0.0,0,12.59,24.6,30.6,98,27,0x00,0,0x0000,0x00000000,0x00000000,50,FAULT_BLOCKED
51889,7.7,4.7,0.0,0.0,0.0,0,12.54,24.6,30.7,98,27,0x00,0,0x0000,0x00000000,0x00000000,50,FAULT_BLOCKED
51989,7.6,4.6,0.0,0.0,0.0,0,12.55,24.6,30.7,98,27,0x00,0,0x0000,0x00000000,0x00000000,50,FAULT_BLOCKED
52089,7.7,4.7,0.0,0.0,0.0,0,12.7,24.6,30.7,98,27,0x00,0,0x0000,0x00000000,0x00000000,50,FAULT_BLOCKED
52189,7.6,4.7,0.0,0.0,0.0,0,12.54,24.6,30.7,98,27,0x00,0,0x0000,0x00000000,0x00000000,50,FAULT_BLOCKED
52289,7.7,4.6,0.0,0.0,0.0,0,12.79,24.6,31.0,98,27,0x00,0,0x0000,0x00000000,0x00000000,52,FAULT_BLOCKED
52389,7.7,4.7,0.0,0.0,0.0,0,12.56,24.6,31.0,98,27,0x00,0,0x0000,0x00000000,0x00000000,52,FAULT_BLOCKED
52489,7.6,4.7,0.0,0.0,0.0,0,12.64,24.6,30.5,98,27,0x00,0,0x0000,0x00000000,0x00000000,49,FAULT_BLOCKED
52589,7.6,4.6,0.0,0.0,0.0,0,12.66,24.6,30.5,98,27,0x00,0,0x0000,0x00000000,0x00000000,49,FAULT_BLOCKED
52689,7.6,4.7,0.0,0.0,0.0,0,12.7,24.6,30.5,98,27,0x00,0,0x0000,0x00000000,0x00000000,49,FAULT_BLOCKED
52789,7.6,4.7,0.0,0.0,0.0,0,12.75,24.6,30.6,98,27,0x00,0,0x0000,0x00000000,0x00000000,50,FAULT_BLOCKED
52889,7.6,4.7,0.0,0.0,0.0,0,12.75,24.6,30.6,98,27,0x00,0,0x0000,0x00000000,0x00000000,50,FAULT_BLOCKED
52989,7.6,4.6,0.0,0.0,0.0,0,12.58,24.6,30.5,98,27,0x00,0,0x0000,0x00000000,0x00000000,49,FAULT_BLOCKED
53089,7.7,4.7,0.0,0.0,0.0,0,12.6,24.6,30.7,98,27,0x00,0,0x0000,0x00000000,0x00000000,50,FAULT_BLOCKED
53189,7.6,4.6,0.0,0.0,0.0,0,12.72,24.7,30.6,98,27,0x00,0,0x0000,0x00000000,0x00000000,50,FAULT_BLOCKED
53289,7.7,4.7,0.0,0.0,0.0,0,12.74,24.6,30.5,98,27,0x00,0,0x0000,0x00000000,0x00000000,49,FAULT_BLOCKED
53389,7.6,4.7,0.0,0.0,0.0,0,12.62,24.6,30.5,98,27,0x00,0,0x0000,0x00000000,0x00000000,49,FAULT_BLOCKED
53489,7.6,4.7,0.0,0.0,0.0,0,12.58,24.6,30.9,98,27,0x00,0,0x0000,0x00000000,0x00000000,51,FAULT_BLOCKED
53589,7.7,4.7,0.0,0.0,0.0,0,12.62,24.6,30.5,98,27,0x00,0,0x0000,0x00000000,0x00000000,49,FAULT_BLOCKED
53689,7.6,4.6,0.0,0.0,0.0,0,12.6,24.6,30.6,98,27,0x00,0,0x0000,0x00000000,0x00000000,50,FAULT_BLOCKED
53789,7.7,4.6,0.0,0.0,0.0,0,12.59,24.6,30.9,98,27,0x00,0,0x0000,0x00000000,0x00000000,51,FAULT_BLOCKED
53889,7.7,4.6,0.0,0.0,0.0,0,12.56,24.6,30.6,98,27,0x00,0,0x0000,0x00000000,0x00000000,50,FAULT_BLOCKED
53989,7.7,4.6,0.0,0.0,0.0,0,12.58,24.6,30.7,98,27,0x00,0,0x0000,0x00000000,0x00000000,50,FAULT_BLOCKED
54089,7.6,4.7,0.0,0.0,0.0,0,12.61,24.6,30.4,98,27,0x00,0,0x0000,0x00000000,0x00000000,49,FAULT_BLOCKED
54189,7.6,4.7,0.0,0.0,0.0,0,12.58,24.6,30.6,98,27,0x00,0,0x0000,0x00000000,0x00000000,50,FAULT_BLOCKED
54289,7.7,4.6,0.0,0.0,0.0,0,12.7,24.7,30.6,98,27,0x00,0,0x0000,0x00000000,0x00000000,50,FAULT_BLOCKED
54389,7.7,4.6,0.0,0.0,0.0,0,12.58,24.7,30.6,98,27,0x00,0,0x0000,0x00000000,0x00000000,50,FAULT_BLOCKED
54489,7.6,4.6,0.0,0.0,0.0,0,12.54,24.6,30.7,98,27,0x00,0,0x0000,0x00000000,0x00000000,50,FAULT_BLOCKED
54589,7.7,4.6,0.0,0.0,0.0,0,12.55,24.6,30.5,98,27,0x00,0,0x0000,0x00000000,0x00000000,49,FAULT_BLOCKED
54689,7.7,4.7,0.0,0.0,0.0,0,12.69,24.6,30.5,98,27,0x00,0,0x0000,0x00000000,0x00000000,49,FAULT_BLOCKED
54789,7.6,4.6,0.0,0.0,0.0,0,12.54,24.6,30.5,98,27,0x00,0,0x0000,0x00000000,0x00000000,49,FAULT_BLOCKED
54889,7.7,4.7,0.0,0.0,0.0,0,12.58,24.7,30.7,98,27,0x00,0,0x0000,0x00000000,0x00000000,50,FAULT_BLOCKED
54989,7.6,4.7,0.0,0.0,0.0,0,12.55,24.7,30.7,98,27,0x00,0,0x0000,0x00000000,0x00000000,50,FAULT_BLOCKED
55089,7.6,4.7,0.0,0.0,0.0,0,12.65,24.7,30.7,98,27,0x00,0,0x0000,0x00000000,0x00000000,50,FAULT_BLOCKED
55189,7.6,4.7,0.0,0.0,0.0,0,12.54,24.7,30.6,98,27,0x00,0,0x0000,0x00000000,0x00000000,50,FAULT_BLOCKED
55289,7.7,4.6,0.0,0.0,0.0,0,12.68,24.7,30.9,98,27,0x00,0,0x0000,0x00000000,0x00000000,51,FAULT_BLOCKED
55389,7.7,4.7,0.0,0.0,0.0,0,12.54,24.7,30.7,98,27,0x00,0,0x0000,0x00000000,0x00000000,50,FAULT_BLOCKED
55489,7.6,4.6,0.0,0.0,0.0,0,12.75,24.7,30.5,98,27,0x00,0,0x0000,0x00000000,0x00000000,49,FAULT_BLOCKED
55589,7.7,4.6,0.0,0.0,0.0,0,12.54,24.7,30.5,98,27,0x00,0,0x0000,0x00000000,0x00000000,49,FAULT_BLOCKED
55689,7.8,4.6,0.0,0.0,0.0,0,12.59,24.7,30.4,98,27,0x00,0,0x0000,0x00000000,0x00000000,49,FAULT_BLOCKED
55789,7.7,4.6,0.0,0.0,0.0,0,12.58,24.7,30.4,98,27,0x00,0,0x0000,0x00000000,0x00000000,49,FAULT_BLOCKED
55889,7.6,4.7,0.0,0.0,0.0,0,12.56,24.7,30.6,98,27,0x00,0,0x0000,0x00000000,0x00000000,50,FAULT_BLOCKED
55989,7.6,4.7,0.0,0.0,0.0,0,12.58,24.6,30.9,98,27,0x00,0,0x0000,0x00000000,0x00000000,51,FAULT_BLOCKED
56089,7.6,4.7,0.0,0.0,0.0,0,12.54,24.6,30.9,98,27,0x00,0,0x0000,0x00000000,0x00000000,51,FAULT_BLOCKED
56189,7.6,4.7,0.0,0.0,0.0,0,12.66,24.6,30.9,98,27,0x00,0,0x0000,0x00000000,0x00000000,51,FAULT_BLOCKED
56289,7.7,4.6,0.0,0.0,0.0,0,12.62,24.6,30.9,98,27,0x00,0,0x0000,0x00000000,0x00000000,51,FAULT_BLOCKED
56389,7.6,4.7,0.0,0.0,0.0,0,12.62,24.6,30.7,98,27,0x00,0,0x0000,0x00000000,0x00000000,50,FAULT_BLOCKED
56489,7.6,4.7,0.0,0.0,0.0,0,12.55,24.6,30.6,98,27,0x00,0,0x0000,0x00000000,0x00000000,50,FAULT_BLOCKED
56589,7.6,4.7,0.0,0.0,0.0,0,12.52,24.7,30.5,98,27,0x00,0,0x0000,0x00000000,0x00000000,49,FAULT_BLOCKED
56689,7.6,4.7,0.0,0.0,0.0,0,12.55,24.7,30.5,98,27,0x00,0,0x0000,0x00000000,0x00000000,49,FAULT_BLOCKED
56789,7.6,4.7,0.0,0.0,0.0,0,12.54,24.7,30.5,98,27,0x00,0,0x0000,0x00000000,0x00000000,49,FAULT_BLOCKED
56889,7.7,4.7,0.0,0.0,0.0,0,12.54,24.7,30.5,98,27,0x00,0,0x0000,0x00000000,0x00000000,49,FAULT_BLOCKED
56989,7.6,4.7,0.0,0.0,0.0,0,12.54,24.7,30.6,98,27,0x02,0,0x0000,0x00000000,0x00000000,50,READY_FOR_BUTTON
57089,7.6,4.7,0.0,0.0,0.0,0,12.73,24.7,30.6,98,27,0x02,0,0x0000,0x00000000,0x00000000,50,READY_FOR_BUTTON
57189,7.6,4.6,0.0,0.0,0.0,0,12.55,24.7,30.6,98,27,0x02,0,0x0000,0x00000000,0x00000000,50,READY_FOR_BUTTON
57289,7.6,4.7,0.0,0.0,0.0,0,12.51,24.7,30.4,98,27,0x02,0,0x0000,0x00000000,0x00000000,49,READY_FOR_BUTTON
57389,7.6,4.7,0.0,0.0,0.0,0,12.56,24.7,30.4,98,27,0x02,0,0x0000,0x00000000,0x00000000,49,READY_FOR_BUTTON
57489,7.6,4.7,0.0,0.0,0.0,0,12.54,24.7,30.4,98,27,0x02,0,0x0000,0x00000000,0x00000000,49,READY_FOR_BUTTON
57589,7.7,4.7,0.0,0.0,0.0,0,12.52,24.6,30.7,98,27,0x02,0,0x0000,0x00000000,0x00000000,50,READY_FOR_BUTTON
57689,7.6,4.7,0.0,0.0,0.0,0,12.59,24.6,30.5,98,27,0x02,0,0x0000,0x00000000,0x00000000,49,READY_FOR_BUTTON
57789,7.6,4.7,0.0,0.0,0.0,0,12.55,24.6,30.5,98,27,0x02,0,0x0000,0x00000000,0x00000000,49,READY_FOR_BUTTON
57889,7.6,4.7,0.0,0.0,0.0,0,12.53,24.7,30.5,98,27,0x02,0,0x0000,0x00000000,0x00000000,49,READY_FOR_BUTTON
57989,7.6,4.7,0.0,0.0,0.0,0,12.53,24.7,30.5,98,27,0x02,0,0x0000,0x00000000,0x00000000,49,READY_FOR_BUTTON
58089,7.6,4.7,0.0,0.0,0.0,0,12.52,24.7,30.6,98,27,0x02,0,0x0000,0x00000000,0x00000000,50,READY_FOR_BUTTON
58189,7.6,4.7,0.0,0.0,0.0,0,12.58,24.7,30.6,98,27,0x02,0,0x0000,0x00000000,0x00000000,50,READY_FOR_BUTTON
58289,7.6,4.7,0.0,0.0,0.0,0,12.52,24.7,30.6,98,27,0x02,0,0x0000,0x00000000,0x00000000,50,READY_FOR_BUTTON
58389,7.6,4.7,0.0,0.0,0.0,0,12.52,24.6,30.6,98,27,0x02,0,0x0000,0x00000000,0x00000000,50,READY_FOR_BUTTON
58489,7.7,4.7,0.0,0.0,0.0,0,12.47,24.6,30.6,98,27,0x02,0,0x0000,0x00000000,0x00000000,50,READY_FOR_BUTTON
58589,7.6,4.7,0.0,0.0,0.0,0,12.61,24.7,30.5,98,27,0x02,0,0x0000,0x00000000,0x00000000,49,READY_FOR_BUTTON
58689,7.6,4.7,0.0,0.0,0.0,0,12.63,24.7,30.5,98,27,0x02,0,0x0000,0x00000000,0x00000000,49,READY_FOR_BUTTON
58789,7.6,4.7,0.0,0.0,0.0,0,12.53,24.7,30.5,98,27,0x02,0,0x0000,0x00000000,0x00000000,49,READY_FOR_BUTTON
58889,7.6,4.7,0.0,0.0,0.0,0,12.55,24.7,30.5,98,27,0x02,0,0x0000,0x00000000,0x00000000,49,READY_FOR_BUTTON
58989,7.6,4.7,0.0,0.0,0.0,0,12.54,24.7,30.5,98,27,0x02,0,0x0000,0x00000000,0x00000000,49,READY_FOR_BUTTON
59089,7.6,4.7,0.0,0.0,0.0,0,12.53,24.7,30.6,98,27,0x02,0,0x0000,0x00000000,0x00000000,50,READY_FOR_BUTTON
59189,7.6,4.7,0.0,0.0,0.0,0,12.66,24.7,30.5,98,27,0x02,0,0x0000,0x00000000,0x00000000,49,READY_FOR_BUTTON
59289,7.6,4.7,0.0,0.0,0.0,0,12.52,24.7,30.5,98,27,0x02,0,0x0000,0x00000000,0x00000000,49,READY_FOR_BUTTON
59389,7.6,4.7,0.0,0.0,0.0,0,12.52,24.7,30.5,98,27,0x02,0,0x0000,0x00000000,0x00000000,49,READY_FOR_BUTTON
59489,7.6,4.7,0.0,0.0,0.0,0,12.55,24.7,30.5,98,27,0x02,0,0x0000,0x00000000,0x00000000,49,READY_FOR_BUTTON
59589,7.6,4.7,0.0,0.0,0.0,0,12.75,24.7,30.5,98,27,0x02,0,0x0000,0x00000000,0x00000000,49,READY_FOR_BUTTON
59689,7.6,4.7,0.0,0.0,0.0,0,12.52,24.7,30.5,98,27,0x02,0,0x0000,0x00000000,0x00000000,49,READY_FOR_BUTTON
59789,7.7,4.7,0.0,0.0,0.0,0,12.52,24.7,30.5,98,27,0x02,0,0x0000,0x00000000,0x00000000,49,READY_FOR_BUTTON
59889,7.6,4.7,0.0,0.0,0.0,0,12.66,24.7,30.5,98,27,0x02,0,0x0000,0x00000000,0x00000000,49,READY_FOR_BUTTON
59989,7.6,4.7,0.0,0.0,0.0,0,12.54,24.7,30.5,98,27,0x02,0,0x0000,0x00000000,0x00000000,49,READY_FOR_BUTTON
60089,7.6,4.7,0.0,0.0,0.0,0,12.53,24.7,30.5,98,27,0x02,0,0x0000,0x00000000,0x00000000,49,READY_FOR_BUTTON
60189,7.7,4.7,0.0,0.0,0.0,0,12.6,24.7,30.5,98,27,0x02,0,0x0000,0x00000000,0x00000000,49,READY_FOR_BUTTON
60289,7.6,4.7,0.0,0.0,0.0,0,12.75,24.7,30.6,98,27,0x02,0,0x0000,0x00000000,0x00000000,50,READY_FOR_BUTTON
60389,7.6,4.7,0.0,0.0,0.0,0,12.52,24.7,30.6,98,27,0x02,0,0x0000,0x00000000,0x00000000,50,READY_FOR_BUTTON
60489,7.6,4.6,0.0,0.0,0.0,0,12.76,24.7,30.6,98,27,0x02,0,0x0000,0x00000000,0x00000000,50,READY_FOR_BUTTON
60589,7.7,4.7,0.0,0.0,0.0,0,12.5,24.7,30.5,98,27,0x02,0,0x0000,0x00000000,0x00000000,49,READY_FOR_BUTTON
60689,7.6,4.7,0.0,0.0,0.0,0,12.51,24.7,30.4,98,27,0x02,0,0x0000,0x00000000,0x00000000,49,READY_FOR_BUTTON
60789,7.6,4.7,0.0,0.0,0.0,0,12.52,24.7,30.7,98,27,0x02,0,0x0000,0x00000000,0x00000000,50,READY_FOR_BUTTON
60889,7.6,4.7,0.0,0.0,0.0,0,12.56,24.7,30.6,98,27,0x02,0,0x0000,0x00000000,0x00000000,50,READY_FOR_BUTTON
60989,7.6,4.7,0.0,0.0,0.0,0,12.67,24.7,30.6,98,27,0x02,0,0x0000,0x00000000,0x00000000,50,READY_FOR_BUTTON
61089,7.6,4.7,0.0,0.0,0.0,0,12.51,24.7,30.6,98,27,0x02,0,0x0000,0x00000000,0x00000000,50,READY_FOR_BUTTON
61189,7.6,4.7,0.0,0.0,0.0,0,12.54,24.7,30.6,98,27,0x02,0,0x0000,0x00000000,0x00000000,50,READY_FOR_BUTTON
61289,7.6,4.7,0.0,0.0,0.0,0,12.81,24.7,30.5,98,27,0x02,0,0x0000,0x00000000,0x00000000,49,READY_FOR_BUTTON
61389,7.6,4.7,0.0,0.0,0.0,0,12.81,24.7,30.5,98,27,0x02,0,0x0000,0x00000000,0x00000000,49,READY_TO_DRIVE
61489,7.7,4.7,0.0,0.0,0.0,0,12.34,24.7,30.5,98,27,0x02,0,0x0000,0x00000000,0x00000000,49,READY_TO_DRIVE
61589,7.6,4.6,0.0,0.0,0.0,0,12.21,24.8,30.5,98,27,0x02,0,0x0000,0x00000000,0x00000000,49,READY_TO_DRIVE
61689,7.6,4.7,0.0,0.0,0.0,0,12.38,24.8,30.6,98,27,0x02,0,0x0000,0x00000000,0x00000000,50,READY_TO_DRIVE
61790,7.6,4.7,0.0,0.0,0.0,0,12.32,24.8,30.6,98,27,0x02,0,0x0000,0x00000000,0x00000000,50,READY_TO_DRIVE
61890,7.7,4.7,0.0,0.0,0.0,0,12.25,24.7,30.5,98,27,0x02,0,0x0000,0x00000000,0x00000000,49,READY_TO_DRIVE
61991,7.7,4.7,0.0,0.0,0.0,0,12.27,24.7,30.5,98,27,0x02,0,0x0000,0x00000000,0x00000000,49,READY_TO_DRIVE
62093,7.6,4.7,0.0,0.0,0.0,0,12.3,24.6,30.2,98,27,0x02,0,0x0000,0x00000000,0x00000000,48,READY_TO_DRIVE
62194,7.7,4.7,0.0,0.0,0.0,0,12.19,24.6,30.5,98,27,0x02,0,0x0000,0x00000000,0x00000000,49,READY_TO_DRIVE
62294,7.6,4.6,0.0,0.0,0.0,0,12.7,24.6,32.4,98,27,0x02,0,0x0000,0x00000000,0x00000000,59,READY_TO_DRIVE
62394,7.6,4.7,0.0,0.0,0.0,0,12.26,24.6,32.4,98,27,0x02,0,0x0000,0x00000000,0x00000000,59,READY_TO_DRIVE
62494,7.7,4.7,0.0,0.0,0.0,0,12.24,24.6,30.4,98,27,0x02,0,0x0000,0x00000000,0x00000000,49,READY_TO_DRIVE
62594,7.6,4.7,0.0,0.0,0.0,0,12.24,24.7,30.1,98,27,0x02,0,0x0000,0x00000000,0x00000000,47,READY_TO_DRIVE
62694,7.6,4.7,0.0,0.0,0.0,0,12.23,24.7,30.5,98,27,0x02,0,0x0000,0x00000000,0x00000000,49,READY_TO_DRIVE
62794,7.6,4.6,0.0,0.0,0.0,0,12.28,24.9,30.5,98,27,0x02,0,0x0000,0x00000000,0x00000000,49,READY_TO_DRIVE
62894,7.7,4.7,0.0,0.0,0.0,0,12.47,24.9,30.4,98,27,0x02,0,0x0000,0x00000000,0x00000000,49,READY_TO_DRIVE
62994,7.7,4.7,0.0,0.0,0.0,0,12.2,24.7,30.2,98,27,0x02,0,0x0000,0x00000000,0x00000000,48,READY_TO_DRIVE
63094,7.7,4.6,0.0,0.0,0.0,0,12.4,24.7,30.6,98,27,0x02,0,0x0000,0x00000000,0x00000000,50,READY_TO_DRIVE
63194,7.3,4.7,0.0,0.0,0.0,0,12.48,24.7,30.4,98,27,0x02,0,0x0000,0x00000000,0x00000000,49,READY_TO_DRIVE
63295,7.6,4.6,0.0,0.0,0.0,0,12.23,24.7,30.4,98,27,0x02,0,0x0000,0x00000000,0x00000000,49,READY_TO_DRIVE
63395,7.6,4.7,0.0,0.0,0.0,0,12.25,24.7,30.5,98,27,0x02,0,0x0000,0x00000000,0x00000000,49,READY_TO_DRIVE
63495,7.7,4.6,0.0,0.0,0.0,0,12.25,24.7,30.5,98,27,0x02,0,0x0000,0x00000000,0x00000000,49,READY_TO_DRIVE
63595,7.6,4.6,0.0,0.0,0.0,0,12.27,24.6,30.4,98,27,0x02,0,0x0000,0x00000000,0x00000000,49,READY_TO_DRIVE
63695,7.6,4.7,0.0,0.0,0.0,0,12.27,24.6,30.2,98,27,0x02,0,0x0000,0x00000000,0x00000000,48,READY_TO_DRIVE
63795,7.7,4.7,0.0,0.0,0.0,0,12.26,24.6,30.4,98,27,0x02,0,0x0000,0x00000000,0x00000000,49,READY_TO_DRIVE
63895,7.7,4.7,0.0,0.0,0.0,0,12.25,24.7,30.4,98,27,0x02,0,0x0000,0x00000000,0x00000000,49,READY_TO_DRIVE
63995,7.6,4.7,0.0,0.0,0.0,0,12.25,24.7,30.4,98,27,0x02,0,0x0000,0x00000000,0x00000000,49,READY_TO_DRIVE
64095,7.6,4.6,0.0,0.0,0.0,0,12.21,24.6,30.6,98,27,0x02,0,0x0000,0x00000000,0x00000000,50,READY_TO_DRIVE
64195,7.7,4.6,0.0,0.0,0.0,0,12.22,24.8,30.2,98,27,0x02,0,0x0000,0x00000000,0x00000000,48,READY_TO_DRIVE
64295,7.7,4.6,0.0,0.0,0.0,0,12.27,24.8,30.2,98,27,0x02,0,0x0000,0x00000000,0x00000000,48,READY_TO_DRIVE
64395,7.6,4.7,0.0,0.0,0.0,0,12.44,24.7,30.2,98,27,0x02,0,0x0000,0x00000000,0x00000000,48,READY_TO_DRIVE
64495,7.6,4.7,0.0,0.0,0.0,0,12.44,24.7,30.2,98,27,0x02,0,0x0000,0x00000000,0x00000000,48,READY_TO_DRIVE
64595,7.7,4.7,0.0,0.0,0.0,0,12.4,24.8,30.4,98,27,0x02,0,0x0000,0x00000000,0x00000000,49,READY_TO_DRIVE
64695,7.6,4.6,0.0,0.0,0.0,0,12.27,24.8,30.4,98,27,0x02,0,0x0000,0x00000000,0x00000000,49,READY_TO_DRIVE
64795,7.6,4.7,0.0,0.0,0.0,0,12.27,24.8,30.4,98,27,0x02,0,0x0000,0x00000000,0x00000000,49,READY_TO_DRIVE
64895,7.6,4.7,0.0,0.0,0.0,0,12.09,24.7,30.4,98,27,0x02,0,0x0000,0x00000000,0x00000000,49,READY_TO_DRIVE
64995,7.7,4.7,0.0,0.0,0.0,0,12.09,24.7,30.2,98,27,0x02,0,0x0000,0x00000000,0x00000000,48,READY_TO_DRIVE
65096,7.6,4.7,0.0,0.0,0.0,0,12.09,24.7,30.2,98,27,0x02,0,0x0000,0x00000000,0x00000000,48,READY_TO_DRIVE
65196,7.7,4.7,0.0,0.0,0.0,0,12.09,24.7,30.2,98,27,0x02,0,0x0000,0x00000000,0x00000000,48,READY_TO_DRIVE
65312,7.7,4.7,0.0,0.0,0.0,0,12.28,24.6,30.2,98,27,0x02,0,0x0000,0x00000000,0x00000000,48,READY_TO_DRIVE
65412,7.6,4.6,0.0,0.0,0.0,0,12.22,24.7,30.2,98,27,0x02,0,0x0000,0x00000000,0x00000000,48,READY_TO_DRIVE
65512,7.6,4.7,0.0,0.0,0.0,0,12.23,24.7,30.1,98,27,0x02,0,0x0000,0x00000000,0x00000000,47,READY_TO_DRIVE
65612,7.7,4.6,0.0,0.0,0.0,0,12.38,24.9,30.6,98,27,0x02,0,0x0000,0x00000000,0x00000000,50,READY_TO_DRIVE
65712,7.6,4.7,0.0,0.0,0.0,0,12.08,24.9,30.6,98,27,0x02,0,0x0000,0x00000000,0x00000000,50,READY_TO_DRIVE
65812,7.7,4.7,0.0,0.0,0.0,0,12.27,24.7,29.8,98,27,0x02,0,0x0000,0x00000000,0x00000000,46,READY_TO_DRIVE
65912,7.7,4.6,0.0,0.0,0.0,0,12.22,24.7,30.5,98,27,0x02,0,0x0000,0x00000000,0x00000000,49,READY_TO_DRIVE
66012,7.8,4.7,0.0,0.0,0.0,0,12.24,24.7,30.0,98,27,0x02,0,0x0000,0x00000000,0x00000000,47,READY_TO_DRIVE
66112,7.6,4.7,0.0,0.0,0.0,0,12.2,24.7,30.4,98,27,0x02,0,0x0000,0x00000000,0x00000000,49,READY_TO_DRIVE
66212,7.6,4.7,0.0,0.0,0.0,0,12.24,24.7,30.5,98,27,0x02,0,0x0000,0x00000000,0x00000000,49,READY_TO_DRIVE
66312,7.6,4.7,0.0,0.0,0.0,0,12.46,24.7,30.5,98,27,0x02,0,0x0000,0x00000000,0x00000000,49,READY_TO_DRIVE
66412,7.6,4.6,0.0,0.0,0.0,0,12.28,24.8,30.5,98,27,0x02,0,0x0000,0x00000000,0x00000000,49,READY_TO_DRIVE
66512,7.6,4.7,0.0,0.0,0.0,0,12.24,24.8,30.2,98,27,0x02,0,0x0000,0x00000000,0x00000000,48,READY_TO_DRIVE
66612,7.6,4.7,0.0,0.0,0.0,0,12.44,24.7,30.2,98,27,0x02,0,0x0000,0x00000000,0x00000000,48,READY_TO_DRIVE
66712,7.7,4.7,0.0,0.0,0.0,0,12.21,24.7,30.2,98,27,0x02,0,0x0000,0x00000000,0x00000000,48,READY_TO_DRIVE
66812,7.7,4.7,0.0,0.0,0.0,0,12.32,24.7,30.6,98,27,0x02,0,0x0000,0x00000000,0x00000000,50,READY_TO_DRIVE
66912,7.6,4.7,0.0,0.0,0.0,0,12.28,24.8,30.5,98,27,0x02,0,0x0000,0x00000000,0x00000000,49,READY_TO_DRIVE
67012,7.6,4.7,0.0,0.0,0.0,0,12.36,24.8,30.4,98,27,0x02,0,0x0000,0x00000000,0x00000000,49,READY_TO_DRIVE
67112,7.7,4.7,0.0,0.0,0.0,0,12.36,24.8,30.4,98,27,0x02,0,0x0000,0x00000000,0x00000000,49,READY_TO_DRIVE
67212,7.6,4.7,0.0,0.0,0.0,0,12.17,24.8,30.0,98,27,0x02,0,0x0000,0x00000000,0x00000000,47,READY_TO_DRIVE
67312,7.7,4.6,0.0,0.0,0.0,0,12.24,24.7,30.4,98,27,0x02,0,0x0000,0x00000000,0x00000000,49,READY_TO_DRIVE
67412,7.6,4.6,0.0,0.0,0.0,0,12.25,24.7,30.4,98,27,0x02,0,0x0000,0x00000000,0x00000000,49,READY_TO_DRIVE
67512,7.6,4.7,0.0,0.0,0.0,0,12.26,24.6,30.5,98,27,0x02,0,0x0000,0x00000000,0x00000000,49,READY_TO_DRIVE
67612,7.7,4.7,0.0,0.0,0.0,0,12.2,24.6,31.7,98,27,0x02,0,0x0000,0x00000000,0x00000000,56,READY_TO_DRIVE
67712,7.7,4.6,0.0,0.0,0.0,0,12.23,24.6,30.1,98,27,0x02,0,0x0000,0x00000000,0x00000000,47,READY_TO_DRIVE
67812,7.6,4.7,0.0,0.0,0.0,0,12.22,24.8,30.2,98,27,0x02,0,0x0000,0x00000000,0x00000000,48,READY_TO_DRIVE
67912,7.6,4.7,0.0,0.0,0.0,0,12.23,24.8,30.4,98,27,0x02,0,0x0000,0x00000000,0x00000000,49,READY_TO_DRIVE
68012,7.6,4.6,0.0,0.0,0.0,0,12.23,24.8,30.4,98,27,0x02,0,0x0000,0x00000000,0x00000000,49,READY_TO_DRIVE
68112,7.6,4.6,0.0,0.0,0.0,0,12.17,24.8,30.2,98,27,0x02,0,0x0000,0x00000000,0x00000000,48,READY_TO_DRIVE
68212,7.7,4.7,0.0,0.0,0.0,0,12.24,24.8,30.4,98,27,0x02,0,0x0000,0x00000000,0x00000000,49,READY_TO_DRIVE
68312,7.7,4.7,0.0,0.0,0.0,0,12.23,24.8,30.2,98,27,0x02,0,0x0000,0x00000000,0x00000000,48,READY_TO_DRIVE
68413,7.6,4.7,0.0,0.0,0.0,0,12.23,24.8,30.2,98,27,0x02,0,0x0000,0x00000000,0x00000000,48,READY_TO_DRIVE
68513,7.6,4.7,0.0,0.0,0.0,0,12.31,24.8,30.6,98,27,0x02,0,0x0000,0x00000000,0x00000000,50,READY_TO_DRIVE
68613,7.7,4.6,0.0,0.0,0.0,0,12.19,24.7,30.5,98,27,0x02,0,0x0000,0x00000000,0x00000000,49,READY_TO_DRIVE
68713,7.7,4.7,0.0,0.0,0.0,0,12.22,24.7,30.5,98,27,0x02,0,0x0000,0x00000000,0x00000000,49,READY_TO_DRIVE
68813,7.6,4.6,0.0,0.0,0.0,0,12.23,24.7,30.2,98,27,0x02,0,0x0000,0x00000000,0x00000000,48,READY_TO_DRIVE
68913,7.6,4.7,0.0,0.0,0.0,0,12.23,24.7,30.2,98,27,0x02,0,0x0000,0x00000000,0x00000000,48,READY_TO_DRIVE
69013,7.7,4.7,0.0,0.0,0.0,0,12.24,24.7,30.4,98,27,0x02,0,0x0000,0x00000000,0x00000000,49,READY_TO_DRIVE
69113,7.6,4.7,0.0,0.0,0.0,0,12.34,24.7,30.2,98,27,0x02,0,0x0000,0x00000000,0x00000000,48,READY_TO_DRIVE
69213,7.6,4.7,0.0,0.0,0.0,0,12.25,24.8,30.2,98,27,0x02,0,0x0000,0x00000000,0x00000000,48,READY_TO_DRIVE
69314,7.6,4.6,0.0,0.0,0.0,0,12.2,24.8,30.6,98,27,0x02,0,0x0000,0x00000000,0x00000000,50,READY_TO_DRIVE
69414,7.6,4.7,0.0,0.0,0.0,0,12.37,24.8,30.1,98,27,0x02,0,0x0000,0x00000000,0x00000000,47,READY_TO_DRIVE
69514,7.6,4.6,0.0,0.0,0.0,0,12.26,24.9,29.1,98,27,0x02,0,0x0000,0x00000000,0x00000000,42,READY_TO_DRIVE
69614,7.7,4.6,0.0,0.0,0.0,0,12.28,24.9,30.4,98,27,0x02,0,0x0000,0x00000000,0x00000000,49,READY_TO_DRIVE
69714,7.7,4.7,0.0,0.0,0.0,0,12.22,24.9,30.4,98,27,0x02,0,0x0000,0x00000000,0x00000000,49,READY_TO_DRIVE
69814,7.7,4.6,0.0,0.0,0.0,0,12.22,24.9,30.1,98,27,0x02,0,0x0000,0x00000000,0x00000000,47,READY_TO_DRIVE
69914,6.5,4.9,0.0,0.0,0.0,0,12.2,24.8,30.2,98,27,0x02,0,0x0000,0x00000000,0x00000000,48,READY_TO_DRIVE
70014,6.5,4.9,0.0,0.0,0.0,0,12.22,24.9,30.2,98,27,0x02,0,0x0000,0x00000000,0x00000000,48,READY_TO_DRIVE
70114,6.5,4.7,0.0,0.0,0.0,0,12.2,24.9,30.2,98,27,0x02,0,0x0000,0x00000000,0x00000000,48,READY_TO_DRIVE
70214,6.5,4.0,0.0,0.0,0.0,0,12.45,24.8,30.2,98,27,0x02,0,0x0000,0x00000000,0x00000000,48,READY_TO_DRIVE
70314,6.4,4.0,0.0,0.0,0.0,0,12.26,24.8,30.2,98,27,0x02,0,0x0000,0x00000000,0x00000000,48,READY_TO_DRIVE
70414,6.5,3.8,0.0,0.0,0.0,0,12.61,24.9,30.2,98,27,0x02,0,0x0000,0x00000000,0x00000000,48,READY_TO_DRIVE
70514,6.5,3.9,0.0,0.0,0.0,0,12.32,24.9,30.4,98,27,0x02,0,0x0000,0x00000000,0x00000000,49,READY_TO_DRIVE
70614,6.5,3.8,0.0,0.0,0.0,0,12.22,24.7,30.1,98,27,0x02,0,0x0000,0x00000000,0x00000000,47,READY_TO_DRIVE
70714,6.5,3.7,0.0,0.0,0.0,0,12.28,24.7,30.4,98,27,0x02,0,0x0000,0x00000000,0x00000000,49,READY_TO_DRIVE
70814,6.5,3.3,0.0,0.0,0.0,0,12.37,24.7,30.4,98,27,0x02,0,0x0000,0x00000000,0x00000000,49,READY_TO_DRIVE
70914,6.5,3.3,0.0,0.0,0.0,0,12.25,24.7,29.7,98,27,0x02,0,0x0000,0x00000000,0x00000000,45,READY_TO_DRIVE
71014,6.5,3.3,0.0,0.0,0.0,0,12.52,24.7,30.4,98,27,0x02,0,0x0000,0x00000000,0x00000000,49,READY_TO_DRIVE
71114,6.5,3.2,0.0,0.0,0.0,0,12.24,24.9,31.3,98,27,0x02,0,0x0000,0x00000000,0x00000000,54,READY_TO_DRIVE
71214,6.6,3.2,0.0,0.0,0.0,0,12.39,24.8,30.2,98,27,0x02,0,0x0000,0x00000000,0x00000000,48,READY_TO_DRIVE
71314,6.5,3.2,0.0,0.0,0.0,0,12.26,24.8,30.2,98,27,0x02,0,0x0000,0x00000000,0x00000000,48,READY_TO_DRIVE
71414,6.5,3.2,0.0,0.0,0.0,0,12.27,24.8,30.2,98,27,0x02,0,0x0000,0x00000000,0x00000000,48,READY_TO_DRIVE
71514,6.5,3.2,0.0,0.0,0.0,0,12.27,24.9,30.4,98,27,0x02,0,0x0000,0x00000000,0x00000000,49,READY_TO_DRIVE
71614,6.5,3.2,0.0,0.0,0.0,0,12.22,25.0,30.5,98,27,0x02,0,0x0000,0x00000000,0x00000000,49,READY_TO_DRIVE
71714,6.5,3.2,0.0,0.0,0.0,0,12.22,24.9,30.4,98,27,0x02,0,0x0000,0x00000000,0x00000000,49,READY_TO_DRIVE
71814,6.4,3.2,0.0,0.0,0.0,0,12.25,24.9,30.2,98,27,0x02,0,0x0000,0x00000000,0x00000000,48,READY_TO_DRIVE
71914,6.5,3.2,0.0,0.0,0.0,0,12.45,24.8,30.2,98,27,0x02,0,0x0000,0x00000000,0x00000000,48,READY_TO_DRIVE
72014,6.6,3.2,0.0,0.0,0.0,0,12.48,25.2,30.2,98,27,0x02,0,0x0000,0x00000000,0x00000000,48,READY_TO_DRIVE
72114,9.2,5.0,0.1,0.2,0.0,0,12.48,25.0,30.2,98,27,0x02,0,0x0000,0x00000000,0x00000000,48,READY_TO_DRIVE
72214,9.4,5.1,0.3,0.5,0.0,0,12.23,24.9,30.2,98,27,0x02,0,0x0000,0x00000000,0x00000000,48,READY_TO_DRIVE
72314,9.4,5.1,0.3,0.5,0.0,0,12.35,25.0,30.2,98,27,0x02,0,0x0000,0x00000000,0x00000000,48,READY_TO_DRIVE
72414,10.0,5.6,0.8,1.7,0.0,0,12.28,25.0,30.4,98,27,0x02,0,0x0000,0x00000000,0x00000000,49,READY_TO_DRIVE
72514,10.0,5.6,0.9,1.9,0.0,0,12.27,24.9,30.2,98,27,0x02,0,0x0000,0x00000000,0x00000000,48,READY_TO_DRIVE
72616,11.1,6.8,2.1,4.4,0.0,0,12.19,24.9,30.1,98,27,0x02,0,0x0000,0x00000000,0x00000000,47,READY_TO_DRIVE
72716,11.1,6.8,2.1,4.5,0.0,0,12.6,24.9,30.1,98,27,0x02,0,0x0000,0x00000000,0x00000000,47,READY_TO_DRIVE
72816,13.4,9.1,4.6,9.6,0.0,0,12.6,24.9,30.1,98,27,0x02,0,0x0000,0x00000000,0x00000000,47,READY_TO_DRIVE
72918,13.5,9.5,4.9,10.2,0.1,0,12.31,24.9,30.2,98,27,0x02,0,0x0000,0x00000000,0x00000000,48,READY_TO_DRIVE
73018,13.6,9.5,4.9,10.3,0.0,0,12.66,24.9,30.2,98,27,0x02,0,0x0000,0x00000000,0x00000000,48,READY_TO_DRIVE
73118,13.6,9.4,4.8,10.2,0.0,0,12.24,24.7,30.5,98,27,0x02,0,0x0000,0x00000000,0x00000000,49,READY_TO_DRIVE
73218,15.0,10.8,6.3,13.3,0.0,0,12.24,24.7,30.5,98,27,0x02,0,0x0000,0x00000000,0x00000000,49,READY_TO_DRIVE
73318,16.7,12.5,8.2,17.2,0.0,0,12.34,24.7,30.2,98,27,0x02,0,0x0000,0x00000000,0x00000000,48,READY_TO_DRIVE
73418,17.2,13.0,8.7,18.3,-0.1,0,12.3,24.8,30.2,98,27,0x02,0,0x0000,0x00000000,0x00000000,48,READY_TO_DRIVE
73518,17.3,13.0,8.7,18.4,-0.2,0,12.23,24.8,30.2,98,27,0x02,0,0x0000,0x00000000,0x00000000,48,READY_TO_DRIVE
73618,17.3,13.0,8.7,18.4,-0.2,0,12.19,24.8,30.1,98,27,0x02,0,0x0000,0x00000000,0x00000000,47,READY_TO_DRIVE
73718,17.3,13.1,8.8,18.4,-0.2,0,12.18,24.9,30.4,98,27,0x02,0,0x0000,0x00000000,0x00000000,49,READY_TO_DRIVE
73819,22.8,18.8,14.9,31.3,-0.2,0,12.41,24.9,30.4,98,27,0x02,0,0x0000,0x00000000,0x00000000,49,READY_TO_DRIVE
73919,25.7,21.9,18.1,38.0,-0.1,0,12.3,25.0,30.1,98,27,0x02,0,0x0000,0x00000000,0x00000000,47,READY_TO_DRIVE
74020,22.9,18.7,14.8,31.1,-0.1,0,12.23,25.0,30.1,98,27,0x02,0,0x0000,0x00000000,0x00000000,47,READY_TO_DRIVE
74120,22.9,18.7,14.8,31.2,0.0,0,12.17,25.1,30.5,98,27,0x02,0,0x0000,0x00000000,0x00000000,49,READY_TO_DRIVE
74224,22.8,18.7,14.8,31.1,0.0,0,12.17,25.1,30.5,98,27,0x02,0,0x0000,0x00000000,0x00000000,49,READY_TO_DRIVE
74324,22.9,18.7,14.8,31.1,0.0,1,12.37,25.2,30.5,98,27,0x02,0,0x0000,0x00000000,0x00000000,49,READY_TO_DRIVE
74426,23.1,19.2,15.2,31.9,0.0,1,12.33,25.2,30.5,98,27,0x02,0,0x0000,0x00000000,0x00000000,49,READY_TO_DRIVE
74526,24.7,20.9,17.0,35.7,0.0,1,12.17,25.2,30.0,98,27,0x02,0,0x0000,0x00000000,0x00000000,47,READY_TO_DRIVE
74626,24.9,21.1,17.2,36.1,0.1,1,12.31,25.2,30.6,98,27,0x02,0,0x0000,0x00000000,0x00000000,47,READY_TO_DRIVE
74726,24.9,21.1,17.2,36.1,0.1,1,12.25,25.3,30.7,98,27,0x02,0,0x0000,0x00000000,0x00000000,50,READY_TO_DRIVE
74826,24.9,21.1,17.2,36.1,0.1,1,12.13,25.3,30.7,98,27,0x02,0,0x0000,0x00000000,0x00000000,50,READY_TO_DRIVE
74927,24.8,21.1,17.2,36.1,0.1,1,12.13,25.3,30.7,98,27,0x02,0,0x0000,0x00000000,0x00000000,50,READY_TO_DRIVE
75027,24.9,21.1,17.2,36.1,0.2,1,12.2,25.3,30.5,98,27,0x02,0,0x0000,0x00000000,0x00000000,49,READY_TO_DRIVE
75127,24.9,21.1,17.2,36.1,0.2,1,12.28,25.5,30.5,98,27,0x02,0,0x0000,0x00000000,0x00000000,49,READY_TO_DRIVE
75228,24.9,21.1,17.2,36.1,0.3,2,12.28,25.5,30.4,98,27,0x02,0,0x0000,0x00000000,0x00000000,49,READY_TO_DRIVE
75328,24.9,21.1,17.2,36.1,0.3,2,12.27,25.6,30.2,98,27,0x02,0,0x0000,0x00000000,0x00000000,48,READY_TO_DRIVE
75428,24.9,21.1,17.2,36.1,0.4,2,12.38,25.6,30.2,98,27,0x02,0,0x0000,0x00000000,0x00000000,48,READY_TO_DRIVE
75528,24.9,21.1,17.2,36.1,0.3,2,12.25,25.6,30.2,98,27,0x02,0,0x0000,0x00000000,0x00000000,48,READY_TO_DRIVE
75628,24.9,21.1,17.2,36.1,0.4,2,12.19,25.7,30.2,98,27,0x02,0,0x0000,0x00000000,0x00000000,48,READY_TO_DRIVE
75729,24.9,21.1,17.2,36.1,0.4,2,12.24,25.7,30.6,98,27,0x02,0,0x0000,0x00000000,0x00000000,50,READY_TO_DRIVE
75829,24.9,21.1,17.2,36.2,0.5,2,12.13,25.8,30.6,98,27,0x02,0,0x0000,0x00000000,0x00000000,50,READY_TO_DRIVE
75929,24.9,21.1,17.2,36.1,0.4,3,12.13,25.8,30.6,98,27,0x02,0,0x0000,0x00000000,0x00000000,50,READY_TO_DRIVE
76031,24.8,21.1,17.1,36.0,0.5,3,12.25,25.8,30.2,98,27,0x02,0,0x0000,0x00000000,0x00000000,48,READY_TO_DRIVE
76131,24.9,21.1,17.2,36.1,0.5,3,12.64,25.8,30.2,98,27,0x02,0,0x0000,0x00000000,0x00000000,48,READY_TO_DRIVE
76231,24.9,20.6,17.0,35.6,0.5,3,12.32,25.8,30.2,98,27,0x02,0,0x0000,0x00000000,0x00000000,48,READY_TO_DRIVE
76331,24.7,20.6,16.8,35.3,0.6,3,12.37,25.9,30.4,98,27,0x02,0,0x0000,0x00000000,0x00000000,49,READY_TO_DRIVE
76431,24.4,20.3,16.5,34.6,0.6,3,12.18,25.9,30.2,98,27,0x02,0,0x0000,0x00000000,0x00000000,48,READY_TO_DRIVE
76534,24.4,20.3,16.5,34.6,0.6,3,12.33,25.9,30.2,98,27,0x02,0,0x0000,0x00000000,0x00000000,48,READY_TO_DRIVE
76634,24.4,20.3,16.5,34.6,0.5,3,12.2,25.9,30.1,98,27,0x02,0,0x0000,0x00000000,0x00000000,47,READY_TO_DRIVE
76734,24.3,20.3,16.5,34.6,0.6,3,12.25,25.9,30.5,98,27,0x02,0,0x0000,0x00000000,0x00000000,49,READY_TO_DRIVE
76836,24.3,20.3,16.5,34.6,0.6,3,12.31,26.0,30.2,98,27,0x02,0,0x0000,0x00000000,0x00000000,48,READY_TO_DRIVE
76936,24.4,20.3,16.5,34.6,0.6,3,12.17,26.0,30.2,98,27,0x02,0,0x0000,0x00000000,0x00000000,48,READY_TO_DRIVE
77036,24.4,20.3,16.5,34.7,0.7,3,12.21,26.0,30.4,98,27,0x02,0,0x0000,0x00000000,0x00000000,49,READY_TO_DRIVE
77136,24.4,20.3,16.5,34.6,0.6,3,12.21,26.0,30.4,98,27,0x02,0,0x0000,0x00000000,0x00000000,49,READY_TO_DRIVE
77236,24.4,20.3,16.5,34.7,0.6,3,12.44,26.0,30.4,98,27,0x02,0,0x0000,0x00000000,0x00000000,49,READY_TO_DRIVE
77337,24.4,20.4,16.5,34.7,0.6,3,12.24,26.0,30.4,98,27,0x02,0,0x0000,0x00000000,0x00000000,49,READY_TO_DRIVE
77437,24.4,20.6,16.7,35.0,0.6,3,12.28,26.0,30.6,98,27,0x02,0,0x0000,0x00000000,0x00000000,50,READY_TO_DRIVE
77538,24.5,20.7,16.8,35.2,0.6,3,12.31,26.0,30.4,98,27,0x02,0,0x0000,0x00000000,0x00000000,49,READY_TO_DRIVE
77638,24.5,20.6,16.8,35.2,0.6,3,12.23,26.0,30.4,98,27,0x02,0,0x0000,0x00000000,0x00000000,49,READY_TO_DRIVE
77738,24.9,21.1,17.2,36.1,0.6,3,12.35,26.0,30.4,98,27,0x02,0,0x0000,0x00000000,0x00000000,49,READY_TO_DRIVE
77840,25.4,21.5,17.7,37.2,0.8,3,12.25,26.0,30.7,98,27,0x02,0,0x0000,0x00000000,0x00000000,50,READY_TO_DRIVE
77940,25.5,21.7,17.8,37.4,0.7,3,12.31,26.0,30.7,98,27,0x02,0,0x0000,0x00000000,0x00000000,50,READY_TO_DRIVE
78040,25.6,21.8,18.0,37.8,0.8,3,12.24,26.0,30.4,98,27,0x02,0,0x0000,0x00000000,0x00000000,49,READY_TO_DRIVE
78140,25.7,21.9,18.0,37.8,0.8,3,12.46,26.0,30.4,98,27,0x02,0,0x0000,0x00000000,0x00000000,49,READY_TO_DRIVE
78240,25.8,22.1,18.2,38.3,0.8,3,12.27,26.0,30.5,98,27,0x02,0,0x0000,0x00000000,0x00000000,49,READY_TO_DRIVE
78340,26.0,22.0,18.3,38.4,0.8,3,12.26,26.0,30.5,98,27,0x02,0,0x0000,0x00000000,0x00000000,49,READY_TO_DRIVE
78440,34.0,30.5,27.1,57.0,1.1,4,12.3,26.0,30.6,98,27,0x02,0,0x0000,0x00000000,0x00000000,50,READY_TO_DRIVE
78540,34.5,31.1,27.7,58.2,1.4,4,12.24,26.0,30.6,98,27,0x02,0,0x0000,0x00000000,0x00000000,50,READY_TO_DRIVE
78640,34.5,31.0,27.7,58.2,1.6,4,12.25,26.1,30.4,98,27,0x02,0,0x0000,0x00000000,0x00000000,49,READY_TO_DRIVE
78740,34.0,30.1,27.0,56.7,1.5,4,12.24,26.1,30.4,98,27,0x02,0,0x0000,0x00000000,0x00000000,49,READY_TO_DRIVE
78843,33.5,29.6,26.4,55.4,1.7,4,12.17,26.2,30.5,98,27,0x02,0,0x0000,0x00000000,0x00000000,49,READY_TO_DRIVE
78944,32.3,28.6,25.2,52.9,1.6,5,12.23,26.2,30.2,98,27,0x02,0,0x0000,0x00000000,0x00000000,48,READY_TO_DRIVE
79044,32.1,28.2,24.9,52.3,2.1,5,12.24,26.2,30.5,98,27,0x02,0,0x0000,0x00000000,0x00000000,49,READY_TO_DRIVE
79144,31.9,28.1,24.7,51.9,1.5,5,12.31,26.4,30.6,98,27,0x02,0,0x0000,0x00000000,0x00000000,50,READY_TO_DRIVE
79245,31.5,27.6,24.2,50.9,2.3,5,12.31,26.4,30.1,98,27,0x02,0,0x0000,0x00000000,0x00000000,47,READY_TO_DRIVE
79345,31.2,27.3,24.0,50.3,2.1,5,12.46,26.4,30.1,98,27,0x02,0,0x0000,0x00000000,0x00000000,47,READY_TO_DRIVE
79446,31.0,27.2,23.7,49.9,2.1,6,12.46,26.5,30.6,98,27,0x02,0,0x0000,0x00000000,0x00000000,50,READY_TO_DRIVE
79546,30.9,27.2,23.7,49.9,1.8,6,12.3,26.5,30.6,98,27,0x02,0,0x0000,0x00000000,0x00000000,50,READY_TO_DRIVE
79646,30.8,27.0,23.6,49.5,2.2,6,12.35,26.5,30.5,98,27,0x02,0,0x0000,0x00000000,0x00000000,49,READY_TO_DRIVE
79749,30.8,27.0,23.6,49.5,2.0,6,12.23,26.5,30.6,98,27,0x02,0,0x0000,0x00000000,0x00000000,50,READY_TO_DRIVE
79849,30.9,27.0,23.6,49.5,2.3,6,12.22,26.5,30.4,98,27,0x02,0,0x0000,0x00000000,0x00000000,49,READY_TO_DRIVE
79949,30.8,27.1,23.6,49.5,2.3,6,12.17,26.5,30.4,98,27,0x02,0,0x0000,0x00000000,0x00000000,49,READY_TO_DRIVE
80050,30.8,27.1,23.6,49.6,2.3,6,12.26,26.5,30.4,98,27,0x02,0,0x0000,0x00000000,0x00000000,49,READY_TO_DRIVE
80150,30.5,26.8,23.3,48.9,2.3,7,12.26,26.6,30.4,98,27,0x02,0,0x0000,0x00000000,0x00000000,49,READY_TO_DRIVE
80250,30.4,26.6,23.1,48.5,2.4,7,12.4,26.6,30.4,98,27,0x02,0,0x0000,0x00000000,0x00000000,49,READY_TO_DRIVE
80351,30.3,26.5,23.0,48.4,2.5,7,12.4,26.6,30.9,98,27,0x02,0,0x0000,0x00000000,0x00000000,51,READY_TO_DRIVE
80451,30.3,26.5,23.0,48.3,2.5,7,12.24,26.6,30.6,98,27,0x02,0,0x0000,0x00000000,0x00000000,50,READY_TO_DRIVE
80551,30.2,26.5,23.0,48.3,2.5,7,12.32,26.6,30.2,98,27,0x02,0,0x0000,0x00000000,0x00000000,48,READY_TO_DRIVE
80651,30.3,26.5,23.0,48.3,2.4,7,12.33,26.6,30.5,98,27,0x02,0,0x0000,0x00000000,0x00000000,49,READY_TO_DRIVE
80753,30.2,26.5,23.0,48.3,2.6,7,12.21,26.6,30.4,98,27,0x02,0,0x0000,0x00000000,0x00000000,49,READY_TO_DRIVE
80853,30.4,26.8,23.2,48.7,2.7,7,12.32,26.6,30.5,98,27,0x02,0,0x0000,0x00000000,0x00000000,49,READY_TO_DRIVE
80957,31.7,28.2,24.7,51.8,2.8,8,12.46,26.6,30.5,98,27,0x02,0,0x0000,0x00000000,0x00000000,49,READY_TO_DRIVE
81057,32.6,29.2,25.7,53.9,3.0,8,12.35,26.6,30.5,98,27,0x02,0,0x0000,0x00000000,0x00000000,49,READY_TO_DRIVE
81159,33.9,30.4,27.0,56.8,3.2,8,12.34,26.6,30.4,98,27,0x02,0,0x0000,0x00000000,0x00000000,49,READY_TO_DRIVE
81259,34.5,31.1,27.7,58.3,3.5,8,12.34,26.6,30.4,98,27,0x02,0,0x0000,0x00000000,0x00000000,49,READY_TO_DRIVE
81359,35.5,32.1,28.8,60.5,3.6,8,12.4,26.7,30.4,98,27,0x02,0,0x0000,0x00000000,0x00000000,49,READY_TO_DRIVE
81461,37.2,33.6,30.5,64.1,4.1,8,12.28,26.7,31.3,98,27,0x02,0,0x0000,0x00000000,0x00000000,54,READY_TO_DRIVE
81561,37.9,34.4,31.4,65.9,4.4,9,12.39,26.7,31.3,98,27,0x02,0,0x0000,0x00000000,0x00000000,54,READY_TO_DRIVE
81664,39.7,36.5,33.5,70.2,4.8,9,12.17,26.8,30.5,98,27,0x02,0,0x0000,0x00000000,0x00000000,49,READY_TO_DRIVE
81764,39.0,35.5,32.5,68.3,5.0,10,12.17,26.8,30.5,98,27,0x02,0,0x0000,0x00000000,0x00000000,49,READY_TO_DRIVE
81865,36.9,33.2,30.2,63.3,4.8,10,12.21,26.8,30.5,98,27,0x02,0,0x0000,0x00000000,0x00000000,49,READY_TO_DRIVE
81970,36.0,32.3,29.2,61.4,4.6,10,12.32,26.9,30.5,98,27,0x02,0,0x0000,0x00000000,0x00000000,49,READY_TO_DRIVE
82070,32.9,29.3,25.9,54.5,4.2,10,12.19,26.9,30.1,98,27,0x02,0,0x0000,0x00000000,0x00000000,47,READY_TO_DRIVE
82171,32.5,28.7,25.4,53.3,4.1,10,12.2,26.9,30.1,98,27,0x02,0,0x0000,0x00000000,0x00000000,47,READY_TO_DRIVE
82271,32.5,28.7,25.4,53.3,4.1,10,12.27,27.0,30.2,98,27,0x02,0,0x0000,0x00000000,0x00000000,48,READY_TO_DRIVE
82374,32.5,28.7,25.4,53.2,4.1,10,12.2,27.0,30.2,98,27,0x02,0,0x0000,0x00000000,0x00000000,48,READY_TO_DRIVE
82474,32.4,28.7,25.4,53.2,4.3,11,12.23,27.0,30.0,98,27,0x02,0,0x0000,0x00000000,0x00000000,47,READY_TO_DRIVE
82574,33.6,30.2,26.8,56.2,4.4,11,12.11,27.0,30.0,98,27,0x02,0,0x0000,0x00000000,0x00000000,47,READY_TO_DRIVE
82676,35.9,32.5,29.3,61.4,4.9,11,12.16,27.0,30.2,98,27,0x02,0,0x0000,0x00000000,0x00000000,48,READY_TO_DRIVE
82777,36.5,32.9,29.8,62.6,5.2,11,12.24,27.0,30.2,98,27,0x02,0,0x0000,0x00000000,0x00000000,48,READY_TO_DRIVE
82877,35.9,32.1,29.1,61.0,5.4,11,12.24,27.0,30.2,98,27,0x02,0,0x0000,0x00000000,0x00000000,48,READY_TO_DRIVE
82977,33.6,29.8,26.5,55.7,4.8,11,12.24,27.0,30.2,98,27,0x02,0,0x0000,0x00000000,0x00000000,48,READY_TO_DRIVE
83077,33.6,29.6,26.5,55.5,4.8,11,12.24,27.1,30.2,98,27,0x02,0,0x0000,0x00000000,0x00000000,48,READY_TO_DRIVE
83188,32.4,28.6,25.2,53.0,4.6,12,12.14,27.1,30.4,98,27,0x02,0,0x0000,0x00000000,0x00000000,49,READY_TO_DRIVE
83289,31.2,27.4,24.0,50.3,4.6,12,12.14,27.1,30.4,98,27,0x02,0,0x0000,0x00000000,0x00000000,49,READY_TO_DRIVE
83389,30.4,26.7,23.2,48.6,4.4,12,12.14,27.1,30.6,98,27,0x02,0,0x0000,0x00000000,0x00000000,50,READY_TO_DRIVE
83489,30.0,26.2,22.7,47.7,4.2,12,12.34,27.1,30.6,98,27,0x02,0,0x0000,0x00000000,0x00000000,50,READY_TO_DRIVE
83589,30.1,26.6,23.0,48.3,4.2,12,12.19,27.1,30.4,98,27,0x02,0,0x0000,0x00000000,0x00000000,49,READY_TO_DRIVE
83689,31.1,27.5,24.0,50.3,4.5,12,12.21,27.1,30.4,98,27,0x02,0,0x0000,0x00000000,0x00000000,49,READY_TO_DRIVE
83789,34.1,30.6,27.2,57.2,4.9,12,12.63,27.0,30.6,98,27,0x02,0,0x0000,0x00000000,0x00000000,50,READY_TO_DRIVE
83889,36.0,32.5,29.3,61.6,5.5,12,12.63,27.0,30.6,98,27,0x02,0,0x0000,0x00000000,0x00000000,50,READY_TO_DRIVE
83990,36.4,32.9,29.7,62.5,5.8,12,12.28,27.0,30.5,98,27,0x02,0,0x0000,0x00000000,0x00000000,49,READY_TO_DRIVE
84090,41.5,38.2,35.3,74.2,6.8,13,12.28,27.0,30.5,98,27,0x02,0,0x0000,0x00000000,0x00000000,49,READY_TO_DRIVE
84190,41.6,38.3,35.4,74.4,7.3,13,12.24,27.0,30.5,98,27,0x02,0,0x0000,0x00000000,0x00000000,49,READY_TO_DRIVE
84290,41.6,38.3,35.4,74.4,7.5,13,12.4,27.1,30.5,98,27,0x02,0,0x0000,0x00000000,0x00000000,49,READY_TO_DRIVE
84393,35.9,32.1,29.0,61.0,6.3,13,12.53,27.1,30.6,98,27,0x02,0,0x0000,0x00000000,0x00000000,50,READY_TO_DRIVE
84494,32.1,28.6,25.1,52.8,5.9,13,12.24,27.1,30.6,98,27,0x02,0,0x0000,0x00000000,0x00000000,50,READY_TO_DRIVE
84595,22.2,18.0,14.1,29.6,4.5,13,12.21,27.1,31.1,98,27,0x02,0,0x0000,0x00000000,0x00000000,53,READY_TO_DRIVE
84695,18.3,14.2,9.9,20.9,1.9,13,12.21,27.1,31.1,98,27,0x02,0,0x0000,0x00000000,0x00000000,53,READY_TO_DRIVE
84795,18.1,14.0,9.7,20.4,1.9,13,12.28,27.3,30.6,98,27,0x02,0,0x0000,0x00000000,0x00000000,50,READY_TO_DRIVE
84895,18.1,14.0,9.7,20.4,1.8,13,12.28,27.3,30.4,98,27,0x02,0,0x0000,0x00000000,0x00000000,49,READY_TO_DRIVE
84996,25.7,22.1,18.2,38.3,3.1,12,12.26,27.3,30.6,98,27,0x02,0,0x0000,0x00000000,0x00000000,50,READY_TO_DRIVE
85097,26.6,23.1,19.1,40.2,3.6,12,12.26,27.3,30.6,98,27,0x02,0,0x0000,0x00000000,0x00000000,50,READY_TO_DRIVE
85201,37.1,33.4,30.4,0.0,5.3,12,12.17,27.3,31.0,98,27,0x02,0,0x0000,0x00000000,0x00000000,52,READY_TO_DRIVE
85311,42.8,39.7,36.8,77.3,7.0,12,12.41,27.3,31.0,98,27,0x02,0,0x0000,0x00000000,0x00000000,52,READY_TO_DRIVE
85423,44.3,41.6,38.6,81.2,7.7,13,11.91,26.9,30.5,98,27,0x02,0,0x0000,0x00000000,0x00000000,49,READY_TO_DRIVE
85526,44.9,42.0,39.2,82.2,8.3,13,11.91,26.9,30.5,98,27,0x02,0,0x0000,0x00000000,0x00000000,49,READY_TO_DRIVE
85626,40.8,37.4,34.6,72.6,7.4,14,12.23,26.9,30.5,98,27,0x02,0,0x0000,0x00000000,0x00000000,49,READY_TO_DRIVE
85733,39.4,35.9,32.9,69.2,7.5,13,12.16,26.9,30.5,98,27,0x02,0,0x0000,0x00000000,0x00000000,49,READY_TO_DRIVE
85833,37.4,34.1,30.9,0.0,6.8,14,12.16,26.9,30.5,98,27,0x02,0,0x0000,0x00000000,0x00000000,49,READY_TO_DRIVE
85933,37.4,34.0,30.8,0.0,0.0,11,12.3,26.9,30.5,98,27,0x02,0,0x0000,0x00000000,0x00000000,49,READY_TO_DRIVE
86033,37.5,34.0,30.9,0.0,0.0,13,12.23,27.2,30.5,98,27,0x02,0,0x0000,0x00000000,0x00000000,49,READY_TO_DRIVE
86133,37.5,34.0,30.9,0.0,0.0,11,12.21,27.3,30.5,98,27,0x02,0,0x0000,0x00000000,0x00000000,49,READY_TO_DRIVE
86238,36.9,33.4,30.2,63.5,7.6,15,11.79,27.2,30.5,98,27,0x02,0,0x0000,0x00000000,0x00000000,49,READY_TO_DRIVE
86338,26.8,23.7,19.6,41.3,3.6,12,12.27,27.2,30.5,98,27,0x02,0,0x0000,0x00000000,0x00000000,49,READY_TO_DRIVE
86439,30.3,27.2,23.4,49.1,4.1,11,12.27,27.2,30.9,98,27,0x02,0,0x0000,0x00000000,0x00000000,51,READY_TO_DRIVE
86541,31.7,28.3,24.8,52.0,4.3,11,12.27,26.9,30.9,98,27,0x02,0,0x0000,0x00000000,0x00000000,51,READY_TO_DRIVE
86641,35.9,32.9,29.4,61.8,5.3,11,12.27,26.9,30.9,98,27,0x02,0,0x0000,0x00000000,0x00000000,51,READY_TO_DRIVE
86741,36.1,33.2,29.7,62.4,5.5,12,12.42,26.9,30.6,98,27,0x02,0,0x0000,0x00000000,0x00000000,50,READY_TO_DRIVE
86841,36.1,33.2,29.7,62.4,5.5,12,12.18,26.9,30.6,98,27,0x02,0,0x0000,0x00000000,0x00000000,50,READY_TO_DRIVE
86941,36.1,33.2,29.7,62.4,5.7,12,12.46,26.9,30.7,98,27,0x02,0,0x0000,0x00000000,0x00000000,50,READY_TO_DRIVE
87041,36.1,33.1,29.7,62.4,5.8,12,12.46,26.9,30.7,97,27,0x02,0,0x0000,0x00000000,0x00000000,50,READY_TO_DRIVE
87141,36.0,33.2,29.7,62.3,6.0,13,12.3,26.9,30.5,97,27,0x02,0,0x0000,0x00000000,0x00000000,49,READY_TO_DRIVE
87241,35.5,32.2,28.8,60.6,5.9,13,12.2,27.0,30.9,97,27,0x02,0,0x0000,0x00000000,0x00000000,51,READY_TO_DRIVE
87341,35.5,32.0,28.8,60.4,6.0,13,12.27,27.0,30.4,97,27,0x02,0,0x0000,0x00000000,0x00000000,49,READY_TO_DRIVE
87442,35.5,32.8,29.2,61.3,6.0,13,12.28,27.0,30.7,97,27,0x02,0,0x0000,0x00000000,0x00000000,50,READY_TO_DRIVE
87542,36.7,33.7,30.3,63.6,6.4,13,12.21,27.0,30.7,97,27,0x02,0,0x0000,0x00000000,0x00000000,50,READY_TO_DRIVE
87642,36.8,33.8,30.4,63.9,6.5,14,12.23,27.2,30.6,97,27,0x02,0,0x0000,0x00000000,0x00000000,50,READY_TO_DRIVE
87744,36.1,32.4,29.3,61.5,6.6,14,12.22,27.2,30.6,97,27,0x02,0,0x0000,0x00000000,0x00000000,50,READY_TO_DRIVE
87844,32.4,28.5,25.2,53.0,5.9,14,12.23,27.2,30.6,97,27,0x02,0,0x0000,0x00000000,0x00000000,50,READY_TO_DRIVE
87945,30.8,26.9,23.5,49.4,5.1,14,12.23,27.3,30.6,97,27,0x02,0,0x0000,0x00000000,0x00000000,50,READY_TO_DRIVE
88045,30.7,27.0,23.5,49.4,5.1,14,12.48,27.3,30.6,97,27,0x02,0,0x0000,0x00000000,0x00000000,50,READY_TO_DRIVE
88145,26.4,22.8,18.9,39.8,4.3,14,12.62,27.3,30.6,97,27,0x02,0,0x0000,0x00000000,0x00000000,50,READY_TO_DRIVE
88245,30.5,27.4,23.6,49.5,4.7,14,12.22,27.3,30.5,97,27,0x02,0,0x0000,0x00000000,0x00000000,49,READY_TO_DRIVE
88353,28.8,29.3,23.7,0.0,2.8,14,12.22,27.3,30.5,97,27,0x02,0,0x0000,0x00000000,0x00000000,49,READY_TO_DRIVE
88453,39.1,41.3,35.7,74.9,0.0,12,12.22,27.3,30.7,97,27,0x02,0,0x0000,0x00000000,0x00000000,50,READY_TO_DRIVE
88555,42.9,43.1,38.7,0.0,0.0,11,12.22,27.2,30.7,97,27,0x02,0,0x0000,0x00000000,0x00000000,50,READY_TO_DRIVE
88655,43.5,42.9,38.9,0.0,0.0,11,12.32,27.1,30.7,97,27,0x02,0,0x0000,0x00000000,0x00000000,50,READY_TO_DRIVE
88755,40.9,42.2,37.1,78.0,0.8,10,12.22,27.1,30.7,97,27,0x02,0,0x0000,0x00000000,0x00000000,50,READY_TO_DRIVE
88855,32.1,31.9,26.9,56.5,4.3,10,12.22,27.1,30.7,97,27,0x02,0,0x0000,0x00000000,0x00000000,50,READY_TO_DRIVE
88956,46.5,48.1,43.4,91.0,6.3,11,12.23,27.1,30.7,97,27,0x02,0,0x0000,0x00000000,0x00000000,50,READY_TO_DRIVE
89061,47.0,48.3,43.7,91.8,8.3,12,12.45,27.1,31.1,97,27,0x02,0,0x0000,0x00000000,0x00000000,53,READY_TO_DRIVE
89163,45.5,48.3,42.9,90.0,8.6,12,12.25,27.1,31.1,97,27,0x02,0,0x0000,0x00000000,0x00000000,53,READY_TO_DRIVE
89264,49.0,47.8,44.5,93.5,9.5,13,12.25,27.1,31.1,97,27,0x02,0,0x0000,0x00000000,0x00000000,53,READY_TO_DRIVE
89364,47.8,46.3,43.0,90.4,9.5,14,12.21,27.1,31.1,97,27,0x02,0,0x0000,0x00000000,0x00000000,53,READY_TO_DRIVE
89464,44.3,42.4,39.1,82.1,9.7,14,12.21,27.1,31.1,97,27,0x02,0,0x0000,0x00000000,0x00000000,53,READY_TO_DRIVE
89565,39.7,38.3,34.4,72.2,8.3,15,12.23,27.1,31.1,97,27,0x02,0,0x0000,0x00000000,0x00000000,53,READY_TO_DRIVE
89665,39.8,38.3,34.5,72.4,8.4,15,11.82,27.5,31.1,97,27,0x02,0,0x0000,0x00000000,0x00000000,53,READY_TO_DRIVE
89766,39.7,38.3,34.4,72.3,8.7,16,11.82,27.5,31.1,97,27,0x02,0,0x0000,0x00000000,0x00000000,53,READY_TO_DRIVE
89867,35.4,35.5,30.6,64.2,8.0,16,12.23,27.5,31.0,97,27,0x02,0,0x0000,0x00000000,0x00000000,52,READY_TO_DRIVE
89967,28.5,26.7,22.1,46.4,6.9,17,12.23,27.7,31.0,97,27,0x02,0,0x0000,0x00000000,0x00000000,52,READY_TO_DRIVE
90067,28.7,26.6,22.2,46.6,5.9,17,12.2,27.7,31.0,97,27,0x02,0,0x0000,0x00000000,0x00000000,52,READY_TO_DRIVE
90167,28.8,26.4,22.2,46.5,6.0,17,12.48,27.7,31.0,97,27,0x02,0,0x0000,0x00000000,0x00000000,52,READY_TO_DRIVE
90267,28.7,27.1,22.5,47.2,6.3,17,12.22,27.8,30.9,97,27,0x02,0,0x0000,0x00000000,0x00000000,51,READY_TO_DRIVE
90369,28.3,28.1,22.8,47.8,6.3,17,12.22,27.8,30.9,97,27,0x02,0,0x0000,0x00000000,0x00000000,51,READY_TO_DRIVE
90470,27.2,26.7,21.4,45.0,6.0,17,12.23,27.8,31.5,97,27,0x02,0,0x0000,0x00000000,0x00000000,55,READY_TO_DRIVE
90572,26.0,25.9,20.4,42.8,5.8,17,11.94,27.8,31.1,97,27,0x02,0,0x0000,0x00000000,0x00000000,53,READY_TO_DRIVE
90672,25.1,24.2,19.0,39.9,5.4,18,12.24,27.7,30.9,97,27,0x02,0,0x0000,0x00000000,0x00000000,51,READY_TO_DRIVE
90777,25.1,23.3,18.5,38.8,5.2,18,12.17,27.6,30.9,97,27,0x02,0,0x0000,0x00000000,0x00000000,51,READY_TO_DRIVE
90877,20.6,18.2,13.3,28.0,3.9,17,12.17,27.6,31.5,97,27,0x02,0,0x0000,0x00000000,0x00000000,55,READY_TO_DRIVE
90978,10.1,7.0,1.7,3.5,0.3,17,12.17,27.5,31.5,97,27,0x02,0,0x0000,0x00000000,0x00000000,55,READY_TO_DRIVE
91080,9.2,6.6,1.0,2.0,0.1,16,12.09,27.5,30.9,97,27,0x02,0,0x0000,0x00000000,0x00000000,51,READY_TO_DRIVE
91180,8.8,6.2,0.5,1.1,0.0,16,12.21,27.3,30.9,97,27,0x02,0,0x0000,0x00000000,0x00000000,51,READY_TO_DRIVE
91280,9.3,5.9,0.7,1.4,0.1,15,12.3,27.2,30.9,97,27,0x02,0,0x0000,0x00000000,0x00000000,51,READY_TO_DRIVE
91380,8.5,5.9,0.2,0.4,0.0,15,12.26,27.1,30.9,97,27,0x02,0,0x0000,0x00000000,0x00000000,51,READY_TO_DRIVE
91480,6.5,5.5,0.0,0.0,0.0,14,12.28,27.0,31.4,97,27,0x02,0,0x0000,0x00000000,0x00000000,54,READY_TO_DRIVE
91591,7.7,5.9,0.0,0.0,0.0,13,12.23,26.9,31.4,97,27,0x02,0,0x0000,0x00000000,0x00000000,54,READY_TO_DRIVE
91691,7.9,5.2,0.0,0.0,0.0,13,12.4,26.8,31.3,97,27,0x02,0,0x0000,0x00000000,0x00000000,54,READY_TO_DRIVE
91791,8.2,5.2,0.0,0.0,0.0,12,12.19,26.8,31.3,97,27,0x02,0,0x0000,0x00000000,0x00000000,54,READY_TO_DRIVE
91891,7.9,5.2,0.0,0.0,0.0,12,12.32,26.6,30.9,97,27,0x02,0,0x0000,0x00000000,0x00000000,51,READY_TO_DRIVE
91991,8.1,5.2,0.0,0.0,0.0,11,12.4,26.5,30.9,97,27,0x02,0,0x0000,0x00000000,0x00000000,51,READY_TO_DRIVE
92091,8.5,5.3,0.0,0.0,0.0,11,12.28,26.5,30.9,97,27,0x02,0,0x0000,0x00000000,0x00000000,51,READY_TO_DRIVE
92191,8.3,5.9,0.1,0.2,0.0,10,12.28,26.5,30.9,97,27,0x02,0,0x0000,0x00000000,0x00000000,51,READY_TO_DRIVE
92291,8.4,5.9,0.1,0.3,0.1,10,12.3,26.3,31.3,97,27,0x02,0,0x0000,0x00000000,0x00000000,54,READY_TO_DRIVE
92391,8.4,5.9,0.2,0.4,0.0,9,12.17,26.2,31.1,97,27,0x02,0,0x0000,0x00000000,0x00000000,53,READY_TO_DRIVE
92491,8.5,5.9,0.2,0.4,0.0,9,12.31,26.2,31.7,97,27,0x02,0,0x0000,0x00000000,0x00000000,56,READY_TO_DRIVE
92592,8.4,5.9,0.2,0.4,0.0,8,12.23,26.2,31.7,97,27,0x02,0,0x0000,0x00000000,0x00000000,56,READY_TO_DRIVE
92692,8.4,5.9,0.2,0.4,0.0,8,12.52,26.0,31.0,97,27,0x02,0,0x0000,0x00000000,0x00000000,52,READY_TO_DRIVE
92792,8.5,5.9,0.2,0.4,0.1,7,12.47,26.0,31.0,97,27,0x02,0,0x0000,0x00000000,0x00000000,52,READY_TO_DRIVE
92892,8.4,5.9,0.2,0.4,0.0,7,12.37,26.0,30.9,97,27,0x02,0,0x0000,0x00000000,0x00000000,51,READY_TO_DRIVE
92992,8.3,5.9,0.1,0.2,0.0,6,12.26,26.0,30.9,97,27,0x02,0,0x0000,0x00000000,0x00000000,51,READY_TO_DRIVE
93092,8.5,5.9,0.2,0.4,0.0,6,12.27,25.9,30.9,97,27,0x02,0,0x0000,0x00000000,0x00000000,51,READY_TO_DRIVE
93192,8.4,5.9,0.2,0.4,0.0,5,12.18,25.9,31.3,97,27,0x02,0,0x0000,0x00000000,0x00000000,54,READY_TO_DRIVE
93293,11.3,8.8,3.2,6.8,0.0,5,12.23,25.9,31.3,97,27,0x02,0,0x0000,0x00000000,0x00000000,54,READY_TO_DRIVE
93393,15.1,12.8,7.5,15.6,1.0,6,12.32,25.8,31.3,97,27,0x02,0,0x0000,0x00000000,0x00000000,54,READY_TO_DRIVE
93505,15.1,12.8,7.5,15.7,0.6,4,12.21,25.8,31.3,97,27,0x02,0,0x0000,0x00000000,0x00000000,54,READY_TO_DRIVE
93615,15.1,12.5,7.3,15.4,0.4,4,12.08,25.8,31.3,97,27,0x02,0,0x0000,0x00000000,0x00000000,54,READY_TO_DRIVE
93721,15.0,11.9,6.9,14.6,0.4,5,12.23,25.8,31.4,97,27,0x02,0,0x0000,0x00000000,0x00000000,54,READY_TO_DRIVE
93821,14.8,11.6,6.7,14.1,0.4,4,12.24,25.8,30.9,97,27,0x02,0,0x0000,0x00000000,0x00000000,51,READY_TO_DRIVE
93921,14.7,11.6,6.6,13.9,0.4,4,12.23,25.9,30.9,97,27,0x02,0,0x0000,0x00000000,0x00000000,51,READY_TO_DRIVE
94021,14.4,11.1,6.2,13.0,0.3,4,12.23,25.9,30.9,97,27,0x02,0,0x0000,0x00000000,0x00000000,51,READY_TO_DRIVE
94123,11.4,8.1,2.9,6.2,0.2,4,12.3,25.9,30.9,97,27,0x02,0,0x0000,0x00000000,0x00000000,51,READY_TO_DRIVE
94223,10.4,6.9,1.8,3.7,0.1,4,12.23,25.9,31.0,97,27,0x02,0,0x0000,0x00000000,0x00000000,52,READY_TO_DRIVE
94323,10.4,6.8,1.7,3.6,0.1,4,12.3,25.9,31.5,97,27,0x02,0,0x0000,0x00000000,0x00000000,55,READY_TO_DRIVE
94423,10.3,6.8,1.7,3.6,0.1,4,12.2,25.9,30.9,97,27,0x02,0,0x0000,0x00000000,0x00000000,51,READY_TO_DRIVE
94523,10.1,6.5,1.4,2.9,0.1,4,12.19,25.9,30.9,97,27,0x02,0,0x0000,0x00000000,0x00000000,51,READY_TO_DRIVE
94623,10.1,6.5,1.4,2.9,0.1,3,12.31,25.9,31.0,97,27,0x02,0,0x0000,0x00000000,0x00000000,52,READY_TO_DRIVE
94723,10.1,6.5,1.4,2.9,0.1,3,12.21,25.9,30.9,97,27,0x02,0,0x0000,0x00000000,0x00000000,51,READY_TO_DRIVE
94824,10.2,6.3,1.4,2.9,0.1,3,12.32,25.9,31.5,97,27,0x02,0,0x0000,0x00000000,0x00000000,55,READY_TO_DRIVE
94924,10.1,6.3,1.3,2.7,0.0,3,12.23,25.9,31.0,97,27,0x02,0,0x0000,0x00000000,0x00000000,52,READY_TO_DRIVE
95024,10.1,6.3,1.3,2.7,0.1,3,12.24,25.8,30.7,97,27,0x02,0,0x0000,0x00000000,0x00000000,50,READY_TO_DRIVE
95124,10.1,6.3,1.3,2.7,0.0,3,12.32,25.8,30.7,97,27,0x02,0,0x0000,0x00000000,0x00000000,50,READY_TO_DRIVE
95224,10.0,6.3,1.2,2.6,0.0,3,12.19,25.8,31.3,97,27,0x02,0,0x0000,0x00000000,0x00000000,54,READY_TO_DRIVE
95324,10.1,6.3,1.3,2.7,0.0,2,12.2,25.8,31.3,97,27,0x02,0,0x0000,0x00000000,0x00000000,54,READY_TO_DRIVE
95424,10.0,6.3,1.3,2.7,0.0,2,12.22,25.8,31.3,97,27,0x02,0,0x0000,0x00000000,0x00000000,54,READY_TO_DRIVE
95525,10.1,6.3,1.3,2.7,0.0,2,12.23,25.8,31.3,97,27,0x02,0,0x0000,0x00000000,0x00000000,54,READY_TO_DRIVE
95627,10.1,6.3,1.3,2.7,0.0,2,12.23,25.8,31.3,97,27,0x02,0,0x0000,0x00000000,0x00000000,54,READY_TO_DRIVE
95727,10.1,6.3,1.3,2.7,0.0,2,12.18,25.8,31.0,97,27,0x02,0,0x0000,0x00000000,0x00000000,54,READY_TO_DRIVE
95828,10.2,6.7,1.6,3.3,0.0,2,12.2,25.7,31.3,97,27,0x02,0,0x0000,0x00000000,0x00000000,54,READY_TO_DRIVE
95929,12.8,9.8,4.6,9.7,0.2,2,12.19,25.7,31.3,97,27,0x02,0,0x0000,0x00000000,0x00000000,54,READY_TO_DRIVE
96031,13.1,10.1,4.9,10.4,0.2,2,12.24,25.7,31.1,97,27,0x02,0,0x0000,0x00000000,0x00000000,53,READY_TO_DRIVE
96132,13.2,10.2,5.1,10.6,0.2,2,12.24,25.7,31.1,97,27,0x02,0,0x0000,0x00000000,0x00000000,53,READY_TO_DRIVE
96232,13.1,10.2,5.0,10.6,0.1,2,12.31,25.7,31.1,97,27,0x02,0,0x0000,0x00000000,0x00000000,53,READY_TO_DRIVE
96332,13.1,10.3,5.1,10.6,0.1,2,12.31,25.8,31.0,97,27,0x02,0,0x0000,0x00000000,0x00000000,52,READY_TO_DRIVE
96432,13.2,10.2,5.0,10.6,0.1,1,12.21,25.8,31.0,97,27,0x02,0,0x0000,0x00000000,0x00000000,52,READY_TO_DRIVE
96532,13.2,10.2,5.0,10.6,0.0,1,12.23,25.8,31.1,97,27,0x02,0,0x0000,0x00000000,0x00000000,53,READY_TO_DRIVE
96632,13.1,10.2,5.0,10.5,0.0,1,12.27,25.8,31.5,97,27,0x02,0,0x0000,0x00000000,0x00000000,55,READY_TO_DRIVE
96732,13.2,10.2,5.0,10.6,0.0,1,12.23,25.9,31.5,97,27,0x02,0,0x0000,0x00000000,0x00000000,55,READY_TO_DRIVE
96832,13.2,10.2,5.1,10.6,0.0,1,12.49,25.9,31.1,97,27,0x02,0,0x0000,0x00000000,0x00000000,53,READY_TO_DRIVE
96932,13.2,10.1,5.0,10.6,0.0,1,12.3,25.9,31.1,97,27,0x02,0,0x0000,0x00000000,0x00000000,53,READY_TO_DRIVE
97032,13.2,10.2,5.0,10.5,0.0,1,12.3,25.9,31.1,97,27,0x02,0,0x0000,0x00000000,0x00000000,53,READY_TO_DRIVE
97132,13.2,10.2,5.0,10.5,0.0,1,12.38,25.9,31.7,97,27,0x02,0,0x0000,0x00000000,0x00000000,56,READY_TO_DRIVE
97232,13.1,10.2,5.0,10.5,0.0,1,12.32,25.9,31.1,97,27,0x02,0,0x0000,0x00000000,0x00000000,53,READY_TO_DRIVE
97332,13.2,10.2,5.0,10.6,0.0,1,12.33,25.9,31.0,97,27,0x02,0,0x0000,0x00000000,0x00000000,52,READY_TO_DRIVE
97432,13.6,10.7,5.6,11.7,0.0,1,12.23,25.9,31.0,97,27,0x02,0,0x0000,0x00000000,0x00000000,52,READY_TO_DRIVE
97532,15.8,13.0,8.0,16.8,0.0,1,12.21,25.9,31.1,97,27,0x02,0,0x0000,0x00000000,0x00000000,53,READY_TO_DRIVE
97632,16.0,13.2,8.2,17.1,0.0,1,12.21,25.9,31.1,97,27,0x02,0,0x0000,0x00000000,0x00000000,53,READY_TO_DRIVE
97733,16.1,13.4,8.3,17.5,0.0,1,12.25,25.9,31.1,97,27,0x02,0,0x0000,0x00000000,0x00000000,53,READY_TO_DRIVE
97833,17.9,15.4,10.4,21.8,0.0,1,12.49,25.9,31.1,97,27,0x02,0,0x0000,0x00000000,0x00000000,53,READY_TO_DRIVE
97934,20.9,18.5,13.7,28.8,0.1,1,12.4,25.9,31.4,97,27,0x02,0,0x0000,0x00000000,0x00000000,54,READY_TO_DRIVE
98034,21.1,18.6,13.8,29.0,0.1,1,12.26,25.9,31.0,97,27,0x02,0,0x0000,0x00000000,0x00000000,52,READY_TO_DRIVE
98134,21.1,18.6,13.8,29.0,0.1,1,12.65,26.0,31.0,97,27,0x02,0,0x0000,0x00000000,0x00000000,52,READY_TO_DRIVE
98237,21.2,18.7,13.9,29.2,0.2,1,12.45,26.0,31.0,97,27,0x02,0,0x0000,0x00000000,0x00000000,52,READY_TO_DRIVE
98337,23.5,21.3,16.5,34.7,0.1,2,12.53,26.1,31.0,97,27,0x02,0,0x0000,0x00000000,0x00000000,52,READY_TO_DRIVE
98438,27.1,25.5,20.7,43.5,0.3,2,12.4,26.1,31.0,97,27,0x02,0,0x0000,0x00000000,0x00000000,52,READY_TO_DRIVE
98538,25.3,22.3,18.1,38.0,0.4,2,12.32,26.1,31.1,97,27,0x02,0,0x0000,0x00000000,0x00000000,53,READY_TO_DRIVE
98638,25.2,22.3,18.0,37.9,0.4,2,12.28,26.2,31.1,97,27,0x02,0,0x0000,0x00000000,0x00000000,53,READY_TO_DRIVE
98740,24.5,21.8,17.4,36.5,0.5,2,12.32,26.3,31.1,97,27,0x02,0,0x0000,0x00000000,0x00000000,53,READY_TO_DRIVE
98846,24.4,21.5,17.2,36.1,0.5,2,12.34,26.3,31.1,97,27,0x02,0,0x0000,0x00000000,0x00000000,53,READY_TO_DRIVE
98946,24.4,21.5,17.2,36.1,0.5,3,12.22,26.5,31.1,97,27,0x02,0,0x0000,0x00000000,0x00000000,53,READY_TO_DRIVE
99046,25.2,23.2,18.5,38.8,0.7,3,12.37,26.5,31.1,97,27,0x02,0,0x0000,0x00000000,0x00000000,53,READY_TO_DRIVE
99146,25.6,23.8,19.1,40.0,0.7,3,12.27,26.6,31.1,97,27,0x02,0,0x0000,0x00000000,0x00000000,53,READY_TO_DRIVE
99248,25.6,23.8,19.1,40.0,0.8,3,12.45,26.6,31.0,97,27,0x02,0,0x0000,0x00000000,0x00000000,52,READY_TO_DRIVE
99348,25.6,23.8,19.0,40.0,0.8,3,12.36,26.7,31.3,97,27,0x02,0,0x0000,0x00000000,0x00000000,54,READY_TO_DRIVE
99448,25.6,23.9,19.1,40.1,0.9,4,12.27,26.8,31.7,97,27,0x02,0,0x0000,0x00000000,0x00000000,56,READY_TO_DRIVE
99550,25.6,23.8,19.1,40.0,1.0,4,12.27,26.8,31.7,97,27,0x02,0,0x0000,0x00000000,0x00000000,56,READY_TO_DRIVE
99650,25.6,23.8,19.1,40.0,0.9,4,12.39,26.8,31.7,97,27,0x02,0,0x0000,0x00000000,0x00000000,56,READY_TO_DRIVE
99750,26.6,24.7,20.1,42.1,1.2,4,12.23,26.8,31.7,97,27,0x02,0,0x0000,0x00000000,0x00000000,56,READY_TO_DRIVE
99850,27.0,25.1,20.5,43.0,1.2,4,12.23,27.0,31.4,97,27,0x02,0,0x0000,0x00000000,0x00000000,54,READY_TO_DRIVE
99950,27.0,25.1,20.5,43.0,1.2,4,12.2,27.0,31.4,97,27,0x02,0,0x0000,0x00000000,0x00000000,54,READY_TO_DRIVE
100050,27.1,25.1,20.5,43.1,1.5,5,12.2,27.0,31.4,97,27,0x02,0,0x0000,0x00000000,0x00000000,54,READY_TO_DRIVE
100153,27.1,24.5,20.2,42.4,1.3,5,12.28,27.0,31.4,97,27,0x02,0,0x0000,0x00000000,0x00000000,54,READY_TO_DRIVE
100253,24.0,21.4,16.9,35.5,1.2,5,12.28,27.0,31.4,97,27,0x02,0,0x0000,0x00000000,0x00000000,54,READY_TO_DRIVE
100353,23.9,21.4,16.8,35.3,1.3,5,12.28,27.1,30.6,97,27,0x02,0,0x0000,0x00000000,0x00000000,50,READY_TO_DRIVE
100453,23.9,21.4,16.9,35.4,1.1,5,12.47,27.1,31.5,97,27,0x02,0,0x0000,0x00000000,0x00000000,55,READY_TO_DRIVE
100555,25.5,23.8,18.9,39.8,1.5,5,12.27,27.1,31.5,97,27,0x02,0,0x0000,0x00000000,0x00000000,55,READY_TO_DRIVE
100655,26.0,24.0,19.3,40.6,1.5,5,12.27,27.1,31.3,97,27,0x02,0,0x0000,0x00000000,0x00000000,54,READY_TO_DRIVE
100755,26.1,24.0,19.4,40.8,1.3,5,12.28,27.1,31.3,97,27,0x02,0,0x0000,0x00000000,0x00000000,54,READY_TO_DRIVE
100856,26.2,23.9,19.4,40.8,1.5,6,12.27,27.1,31.7,97,27,0x02,0,0x0000,0x00000000,0x00000000,56,READY_TO_DRIVE
100958,26.1,23.4,19.1,40.1,1.5,6,12.33,27.1,31.8,97,27,0x02,0,0x0000,0x00000000,0x00000000,56,READY_TO_DRIVE
101058,25.3,22.8,18.3,38.5,1.6,6,12.33,27.1,31.8,97,27,0x02,0,0x0000,0x00000000,0x00000000,56,READY_TO_DRIVE
101158,25.1,22.4,18.0,37.8,1.6,6,11.99,27.1,31.1,97,27,0x02,0,0x0000,0x00000000,0x00000000,53,READY_TO_DRIVE
101258,25.1,22.4,18.0,37.8,1.6,6,12.32,27.1,31.5,97,27,0x02,0,0x0000,0x00000000,0x00000000,55,READY_TO_DRIVE
101358,25.1,22.3,18.0,37.7,1.7,6,12.33,27.2,31.1,97,27,0x02,0,0x0000,0x00000000,0x00000000,53,READY_TO_DRIVE
101458,25.1,22.4,18.0,37.8,1.7,6,12.33,27.2,31.1,97,27,0x02,0,0x0000,0x00000000,0x00000000,53,READY_TO_DRIVE
101558,25.1,22.4,18.0,37.7,1.7,6,12.35,27.2,31.1,97,27,0x02,0,0x0000,0x00000000,0x00000000,53,READY_TO_DRIVE
101658,25.1,22.4,18.0,37.8,1.7,6,12.25,27.2,31.1,97,27,0x02,0,0x0000,0x00000000,0x00000000,53,READY_TO_DRIVE
101759,25.0,22.4,18.0,37.7,1.7,7,12.33,27.2,31.5,97,27,0x02,0,0x0000,0x00000000,0x00000000,55,READY_TO_DRIVE
101859,25.0,22.1,17.8,37.3,1.7,7,12.28,27.2,31.3,97,27,0x02,0,0x0000,0x00000000,0x00000000,54,READY_TO_DRIVE
101959,24.6,21.6,17.3,36.4,1.7,7,12.19,27.2,31.3,97,27,0x02,0,0x0000,0x00000000,0x00000000,54,READY_TO_DRIVE
102059,24.4,21.3,17.0,35.8,1.7,7,12.27,27.2,31.1,97,27,0x02,0,0x0000,0x00000000,0x00000000,53,READY_TO_DRIVE
102159,24.1,21.3,16.9,35.4,1.7,7,12.37,27.2,31.1,97,27,0x02,0,0x0000,0x00000000,0x00000000,53,READY_TO_DRIVE
102259,24.1,21.1,16.8,35.3,1.7,7,12.36,27.2,31.1,97,27,0x02,0,0x0000,0x00000000,0x00000000,53,READY_TO_DRIVE
102360,24.1,21.2,16.8,35.3,1.6,7,12.26,27.2,31.1,97,27,0x02,0,0x0000,0x00000000,0x00000000,53,READY_TO_DRIVE
102460,24.1,21.2,16.8,35.3,1.7,7,12.25,27.2,31.3,97,27,0x02,0,0x0000,0x00000000,0x00000000,54,READY_TO_DRIVE
102560,24.2,21.2,16.9,35.5,1.8,7,12.25,27.2,31.3,97,27,0x02,0,0x0000,0x00000000,0x00000000,54,READY_TO_DRIVE
102662,24.2,21.2,16.9,35.4,1.8,7,12.25,27.2,31.3,97,27,0x02,0,0x0000,0x00000000,0x00000000,54,READY_TO_DRIVE
102762,24.2,21.0,16.8,35.2,1.8,7,12.2,27.2,31.5,97,27,0x02,0,0x0000,0x00000000,0x00000000,55,READY_TO_DRIVE
102862,23.6,20.4,16.1,33.8,1.8,7,12.23,27.3,31.5,97,27,0x02,0,0x0000,0x00000000,0x00000000,55,READY_TO_DRIVE
102962,22.5,19.3,14.9,31.4,1.6,7,12.23,27.3,31.5,97,27,0x02,0,0x0000,0x00000000,0x00000000,55,READY_TO_DRIVE
103062,21.4,18.3,13.8,28.9,1.5,7,12.39,27.3,31.3,97,27,0x02,0,0x0000,0x00000000,0x00000000,54,READY_TO_DRIVE
103163,20.8,17.6,13.1,27.5,1.5,7,12.2,27.3,31.7,97,27,0x02,0,0x0000,0x00000000,0x00000000,56,READY_TO_DRIVE
103263,20.6,17.6,13.0,27.3,1.3,7,12.36,27.3,31.7,97,27,0x02,0,0x0000,0x00000000,0x00000000,56,READY_TO_DRIVE
103365,20.5,17.7,13.0,27.3,1.4,7,12.3,27.3,31.1,97,27,0x02,0,0x0000,0x00000000,0x00000000,53,READY_TO_DRIVE
103465,20.5,17.6,13.0,27.3,1.4,7,12.3,27.3,31.1,97,27,0x02,0,0x0000,0x00000000,0x00000000,53,READY_TO_DRIVE
103565,20.5,17.6,13.0,27.2,1.5,8,12.3,27.2,31.8,97,27,0x02,0,0x0000,0x00000000,0x00000000,56,READY_TO_DRIVE
103665,20.5,17.6,13.0,27.3,1.5,8,12.27,27.2,31.0,97,27,0x02,0,0x0000,0x00000000,0x00000000,52,READY_TO_DRIVE
103765,20.4,17.6,12.9,27.1,1.5,8,12.25,27.2,31.3,97,27,0x02,0,0x0000,0x00000000,0x00000000,54,READY_TO_DRIVE
103866,19.5,16.7,11.9,25.0,1.5,8,12.1,27.1,31.5,97,27,0x02,0,0x0000,0x00000000,0x00000000,55,READY_TO_DRIVE
103966,19.0,16.1,11.4,23.9,1.4,8,12.31,27.1,31.3,97,27,0x02,0,0x0000,0x00000000,0x00000000,54,READY_TO_DRIVE
104066,18.9,16.1,11.3,23.7,1.4,8,12.55,27.1,31.5,97,27,0x02,0,0x0000,0x00000000,0x00000000,55,READY_TO_DRIVE
104166,18.4,15.6,10.7,22.5,1.3,8,12.35,27.1,31.0,97,27,0x02,0,0x0000,0x00000000,0x00000000,52,READY_TO_DRIVE
104266,16.7,13.6,8.7,18.3,1.1,8,12.21,27.0,31.0,97,27,0x02,0,0x0000,0x00000000,0x00000000,52,READY_TO_DRIVE
104374,16.1,13.2,8.2,17.3,1.1,8,12.28,27.0,31.0,97,27,0x02,0,0x0000,0x00000000,0x00000000,52,READY_TO_DRIVE
104474,14.2,11.3,6.2,13.0,0.7,8,12.24,27.0,31.3,97,27,0x02,0,0x0000,0x00000000,0x00000000,54,READY_TO_DRIVE
104574,14.1,11.1,6.0,12.6,0.7,8,12.12,27.0,31.9,97,27,0x02,0,0x0000,0x00000000,0x00000000,57,READY_TO_DRIVE
104674,14.1,11.0,6.0,12.6,0.7,8,12.11,27.0,31.3,97,27,0x02,0,0x0000,0x00000000,0x00000000,54,READY_TO_DRIVE
104774,14.1,11.0,6.0,12.6,0.7,8,12.17,27.0,31.4,97,27,0x02,0,0x0000,0x00000000,0x00000000,54,READY_TO_DRIVE
104874,14.1,11.1,6.0,12.7,0.8,8,12.48,27.0,31.1,97,27,0x02,0,0x0000,0x00000000,0x00000000,53,READY_TO_DRIVE
104974,14.1,11.1,6.0,12.7,0.8,8,12.26,26.8,31.5,97,27,0x02,0,0x0000,0x00000000,0x00000000,55,READY_TO_DRIVE
105074,14.1,11.2,6.1,12.7,0.8,8,12.27,26.8,31.1,97,27,0x02,0,0x0000,0x00000000,0x00000000,53,READY_TO_DRIVE
105175,14.1,11.2,6.1,12.8,0.8,8,12.51,26.8,31.4,97,27,0x02,0,0x0000,0x00000000,0x00000000,54,READY_TO_DRIVE
105275,14.1,11.2,6.1,12.7,0.8,8,12.49,26.7,31.4,97,27,0x02,0,0x0000,0x00000000,0x00000000,54,READY_TO_DRIVE
105375,14.2,11.2,6.1,12.8,0.8,8,12.19,26.7,33.1,97,27,0x02,0,0x0000,0x00000000,0x00000000,63,READY_TO_DRIVE
105475,14.1,11.3,6.1,12.8,0.8,8,12.16,26.7,31.4,97,27,0x02,0,0x0000,0x00000000,0x00000000,54,READY_TO_DRIVE
105576,14.2,11.3,6.2,12.9,0.8,8,12.25,26.7,31.5,97,27,0x02,0,0x0000,0x00000000,0x00000000,55,READY_TO_DRIVE
105677,14.4,12.4,6.9,14.5,0.8,8,12.26,26.7,31.5,97,27,0x02,0,0x0000,0x00000000,0x00000000,55,READY_TO_DRIVE
105777,14.7,12.4,7.0,14.8,0.8,8,12.26,26.6,31.1,97,27,0x02,0,0x0000,0x00000000,0x00000000,53,READY_TO_DRIVE
105878,15.6,13.6,8.2,17.2,1.0,8,12.27,26.5,31.1,97,27,0x02,0,0x0000,0x00000000,0x00000000,53,READY_TO_DRIVE
105978,15.7,13.6,8.2,17.3,1.0,8,12.38,26.5,31.1,97,27,0x02,0,0x0000,0x00000000,0x00000000,53,READY_TO_DRIVE
106078,16.5,14.0,8.9,18.7,1.0,8,12.27,26.5,31.7,97,27,0x02,0,0x0000,0x00000000,0x00000000,56,READY_TO_DRIVE
106178,16.5,14.1,8.9,18.8,1.0,8,12.32,26.5,31.4,97,27,0x02,0,0x0000,0x00000000,0x00000000,54,READY_TO_DRIVE
106278,16.6,14.1,8.9,18.7,1.1,8,12.25,26.5,31.7,97,27,0x02,0,0x0000,0x00000000,0x00000000,56,READY_TO_DRIVE
106378,16.6,14.0,8.9,18.7,1.1,8,12.28,26.5,31.4,97,27,0x02,0,0x0000,0x00000000,0x00000000,54,READY_TO_DRIVE
106478,16.6,14.0,8.9,18.7,1.1,8,12.22,26.5,31.4,97,27,0x02,0,0x0000,0x00000000,0x00000000,54,READY_TO_DRIVE
106578,16.6,14.1,8.9,18.8,1.1,8,12.2,26.5,31.4,97,27,0x02,0,0x0000,0x00000000,0x00000000,54,READY_TO_DRIVE
106682,16.5,14.1,8.9,18.8,1.1,9,12.13,26.5,31.4,97,27,0x02,0,0x0000,0x00000000,0x00000000,54,READY_TO_DRIVE
106782,16.6,14.1,9.0,18.9,1.1,9,12.24,26.5,31.1,97,27,0x02,0,0x0000,0x00000000,0x00000000,53,READY_TO_DRIVE
106882,16.6,14.0,8.9,18.8,1.1,9,12.22,26.5,31.1,97,27,0x02,0,0x0000,0x00000000,0x00000000,53,READY_TO_DRIVE
106983,16.6,14.1,8.9,18.8,1.1,9,12.26,26.5,31.7,97,27,0x02,0,0x0000,0x00000000,0x00000000,56,READY_TO_DRIVE
107083,16.5,14.0,8.9,18.7,1.1,9,12.24,26.5,31.7,97,27,0x02,0,0x0000,0x00000000,0x00000000,56,READY_TO_DRIVE
107184,16.6,14.0,8.9,18.8,1.1,9,12.46,26.5,31.7,97,27,0x02,0,0x0000,0x00000000,0x00000000,56,READY_TO_DRIVE
107284,16.6,14.1,8.9,18.8,1.1,9,12.47,26.5,31.7,97,27,0x02,0,0x0000,0x00000000,0x00000000,56,READY_TO_DRIVE
107384,16.4,14.0,8.8,18.6,1.1,9,12.28,26.4,31.1,97,27,0x02,0,0x0000,0x00000000,0x00000000,53,READY_TO_DRIVE
107484,15.8,14.1,8.5,17.9,1.2,9,12.3,26.4,31.1,97,27,0x02,0,0x0000,0x00000000,0x00000000,53,READY_TO_DRIVE
107584,16.0,14.0,8.6,18.1,1.1,9,12.36,26.4,31.0,97,27,0x02,0,0x0000,0x00000000,0x00000000,52,READY_TO_DRIVE
107684,16.0,14.1,8.6,18.1,1.1,9,12.33,26.4,31.3,97,27,0x02,0,0x0000,0x00000000,0x00000000,54,READY_TO_DRIVE
107785,16.2,14.0,8.7,18.3,1.1,9,12.17,26.4,31.9,97,27,0x02,0,0x0000,0x00000000,0x00000000,57,READY_TO_DRIVE
107885,16.2,14.1,8.8,18.4,1.1,9,12.18,26.4,31.9,97,27,0x02,0,0x0000,0x00000000,0x00000000,57,READY_TO_DRIVE
107985,16.3,13.9,8.7,18.3,1.1,9,12.36,26.5,31.4,97,27,0x02,0,0x0000,0x00000000,0x00000000,54,READY_TO_DRIVE
108085,16.4,13.9,8.8,18.4,1.2,9,12.36,26.5,31.4,97,27,0x02,0,0x0000,0x00000000,0x00000000,54,READY_TO_DRIVE
108185,16.3,13.4,8.4,17.7,1.1,9,12.26,26.5,31.4,97,27,0x02,0,0x0000,0x00000000,0x00000000,54,READY_TO_DRIVE
108285,16.2,13.1,8.2,17.2,1.1,9,12.26,26.5,31.4,97,27,0x02,0,0x0000,0x00000000,0x00000000,54,READY_TO_DRIVE
108386,16.2,13.0,8.2,17.1,1.1,9,12.12,26.5,31.5,97,27,0x02,0,0x0000,0x00000000,0x00000000,55,READY_TO_DRIVE
108486,16.0,13.0,8.1,17.0,1.1,9,12.26,26.5,31.0,97,27,0x02,0,0x0000,0x00000000,0x00000000,52,READY_TO_DRIVE
108586,15.1,12.1,7.1,14.9,1.0,9,12.5,26.5,31.4,97,27,0x02,0,0x0000,0x00000000,0x00000000,54,READY_TO_DRIVE
108686,14.1,11.3,6.2,13.0,0.8,9,12.27,26.5,31.4,97,27,0x02,0,0x0000,0x00000000,0x00000000,54,READY_TO_DRIVE
108786,14.1,11.2,6.1,12.7,0.8,9,12.26,26.5,31.4,97,27,0x02,0,0x0000,0x00000000,0x00000000,54,READY_TO_DRIVE
108886,14.1,11.2,6.1,12.8,0.8,9,12.14,26.5,31.4,97,27,0x02,0,0x0000,0x00000000,0x00000000,54,READY_TO_DRIVE
108988,14.2,11.2,6.1,12.9,0.8,9,12.16,26.5,31.4,97,27,0x02,0,0x0000,0x00000000,0x00000000,54,READY_TO_DRIVE
109088,14.1,11.2,6.1,12.8,0.8,9,12.22,26.5,29.3,97,27,0x02,0,0x0000,0x00000000,0x00000000,43,READY_TO_DRIVE
109188,14.1,11.2,6.1,12.8,0.8,9,12.22,26.4,30.9,97,27,0x02,0,0x0000,0x00000000,0x00000000,51,READY_TO_DRIVE
109288,14.2,11.2,6.1,12.8,0.8,9,12.23,26.4,30.9,97,27,0x02,0,0x0000,0x00000000,0x00000000,51,READY_TO_DRIVE
109389,14.1,11.1,6.0,12.7,0.8,9,12.37,26.4,31.4,97,27,0x02,0,0x0000,0x00000000,0x00000000,54,READY_TO_DRIVE
109490,14.1,11.0,6.0,12.5,0.8,9,12.36,26.4,31.4,97,27,0x02,0,0x0000,0x00000000,0x00000000,54,READY_TO_DRIVE
109590,14.0,10.9,5.8,12.3,0.8,9,12.14,26.4,31.4,97,27,0x02,0,0x0000,0x00000000,0x00000000,54,READY_TO_DRIVE
109690,14.0,10.9,5.9,12.3,0.8,9,12.14,26.4,31.4,97,27,0x02,0,0x0000,0x00000000,0x00000000,54,READY_TO_DRIVE
109791,14.0,10.9,5.9,12.3,0.8,9,12.28,26.4,31.7,97,27,0x02,0,0x0000,0x00000000,0x00000000,56,READY_TO_DRIVE
109891,14.0,10.9,5.9,12.3,0.8,9,12.39,26.4,31.3,97,27,0x02,0,0x0000,0x00000000,0x00000000,54,READY_TO_DRIVE
109992,14.0,10.9,5.9,12.3,0.8,9,12.27,26.4,31.3,97,27,0x02,0,0x0000,0x00000000,0x00000000,54,READY_TO_DRIVE
110092,14.0,10.8,5.8,12.3,0.8,9,12.2,26.3,31.5,97,27,0x02,0,0x0000,0x00000000,0x00000000,55,READY_TO_DRIVE
110192,14.0,10.8,5.8,12.1,0.8,9,12.55,26.3,31.5,97,27,0x02,0,0x0000,0x00000000,0x00000000,55,READY_TO_DRIVE
110293,14.0,10.8,5.8,12.2,0.8,9,12.35,26.3,31.5,97,27,0x02,0,0x0000,0x00000000,0x00000000,55,READY_TO_DRIVE
110393,14.1,10.8,5.8,12.2,0.8,9,12.46,26.3,31.5,97,27,0x02,0,0x0000,0x00000000,0x00000000,55,READY_TO_DRIVE
110493,14.1,10.8,5.8,12.2,0.8,9,12.21,26.3,31.9,97,27,0x02,0,0x0000,0x00000000,0x00000000,57,READY_TO_DRIVE
110594,14.1,10.8,5.8,12.3,0.8,9,12.2,26.2,31.9,97,27,0x02,0,0x0000,0x00000000,0x00000000,57,READY_TO_DRIVE
110694,14.0,10.8,5.8,12.2,0.8,9,12.22,26.2,31.8,97,27,0x02,0,0x0000,0x00000000,0x00000000,56,READY_TO_DRIVE
110794,14.0,10.7,5.7,12.1,0.8,9,12.21,26.2,31.8,97,27,0x02,0,0x0000,0x00000000,0x00000000,56,READY_TO_DRIVE
110895,13.9,10.7,5.7,12.0,0.8,9,12.28,26.2,31.4,97,27,0x02,0,0x0000,0x00000000,0x00000000,54,READY_TO_DRIVE
110995,13.8,10.7,5.6,11.8,0.8,9,12.34,26.2,31.4,97,27,0x02,0,0x0000,0x00000000,0x00000000,54,READY_TO_DRIVE
111096,12.0,8.5,3.5,7.4,0.5,9,12.28,26.2,31.4,97,27,0x02,0,0x0000,0x00000000,0x00000000,54,READY_TO_DRIVE
111197,12.0,8.5,3.5,7.3,0.5,9,12.23,26.3,30.9,97,27,0x02,0,0x0000,0x00000000,0x00000000,51,READY_TO_DRIVE
111297,12.0,8.5,3.5,7.3,0.5,9,12.27,26.3,31.5,97,27,0x02,0,0x0000,0x00000000,0x00000000,55,READY_TO_DRIVE
111397,12.0,8.5,3.5,7.3,0.5,9,12.35,26.2,31.8,97,27,0x02,0,0x0000,0x00000000,0x00000000,56,READY_TO_DRIVE
111497,12.1,8.9,3.7,7.8,0.5,8,12.35,26.2,31.7,97,27,0x02,0,0x0000,0x00000000,0x00000000,56,READY_TO_DRIVE
111597,12.0,8.9,3.7,7.8,0.5,8,12.26,26.2,31.4,97,27,0x02,0,0x0000,0x00000000,0x00000000,54,READY_TO_DRIVE
111697,12.1,8.9,3.8,7.9,0.5,8,12.66,26.2,31.5,97,27,0x02,0,0x0000,0x00000000,0x00000000,55,READY_TO_DRIVE
111797,12.0,8.9,3.7,7.8,0.5,8,12.58,26.2,30.6,97,27,0x02,0,0x0000,0x00000000,0x00000000,50,READY_TO_DRIVE
111899,11.8,8.0,3.1,6.5,0.5,8,12.22,26.2,31.1,97,27,0x02,0,0x0000,0x00000000,0x00000000,53,READY_TO_DRIVE
111999,11.4,7.8,2.8,5.9,0.4,8,12.23,26.2,31.1,97,27,0x02,0,0x0000,0x00000000,0x00000000,53,READY_TO_DRIVE
112099,11.3,7.7,2.7,5.7,0.4,8,12.17,26.1,31.7,97,27,0x02,0,0x0000,0x00000000,0x00000000,56,READY_TO_DRIVE
112199,11.3,7.7,2.7,5.6,0.4,8,12.25,26.1,31.7,97,27,0x02,0,0x0000,0x00000000,0x00000000,56,READY_TO_DRIVE
112299,11.3,7.7,2.7,5.6,0.4,8,12.41,26.1,31.3,97,27,0x02,0,0x0000,0x00000000,0x00000000,54,READY_TO_DRIVE
112399,11.3,7.7,2.7,5.6,0.4,8,12.41,26.1,31.3,97,27,0x02,0,0x0000,0x00000000,0x00000000,54,READY_TO_DRIVE
112499,11.3,7.7,2.7,5.6,0.4,8,12.28,26.1,31.5,97,27,0x02,0,0x0000,0x00000000,0x00000000,55,READY_TO_DRIVE
112599,11.3,7.7,2.7,5.6,0.4,8,12.3,26.1,31.5,97,27,0x02,0,0x0000,0x00000000,0x00000000,55,READY_TO_DRIVE
112699,11.3,7.7,2.7,5.7,0.4,8,12.2,26.1,31.9,97,27,0x02,0,0x0000,0x00000000,0x00000000,57,READY_TO_DRIVE
112799,11.3,7.7,2.7,5.6,0.3,7,12.32,26.1,31.1,97,27,0x02,0,0x0000,0x00000000,0x00000000,53,READY_TO_DRIVE
112899,11.6,7.7,2.8,5.9,0.4,7,12.39,26.0,31.4,97,27,0x02,0,0x0000,0x00000000,0x00000000,54,READY_TO_DRIVE
112999,11.3,7.7,2.7,5.7,0.3,7,12.23,26.0,31.4,97,27,0x02,0,0x0000,0x00000000,0x00000000,54,READY_TO_DRIVE
113099,11.3,7.7,2.7,5.7,0.3,7,12.23,26.0,31.4,97,27,0x02,0,0x0000,0x00000000,0x00000000,54,READY_TO_DRIVE
113199,11.3,7.7,2.7,5.6,0.3,7,12.42,26.0,31.5,97,27,0x02,0,0x0000,0x00000000,0x00000000,55,READY_TO_DRIVE
113300,11.3,7.7,2.7,5.6,0.3,7,12.37,26.0,31.5,97,27,0x02,0,0x0000,0x00000000,0x00000000,55,READY_TO_DRIVE
113400,11.3,7.7,2.7,5.6,0.3,7,12.41,26.0,31.5,97,27,0x02,0,0x0000,0x00000000,0x00000000,55,READY_TO_DRIVE
113500,11.4,7.7,2.7,5.7,0.3,7,12.21,26.0,31.5,97,27,0x02,0,0x0000,0x00000000,0x00000000,55,READY_TO_DRIVE
113602,11.2,7.7,2.6,5.5,0.3,7,12.28,26.0,31.5,97,27,0x02,0,0x0000,0x00000000,0x00000000,55,READY_TO_DRIVE
113702,11.2,7.7,2.7,5.6,0.3,7,12.27,26.0,31.4,97,27,0x02,0,0x0000,0x00000000,0x00000000,54,READY_TO_DRIVE
113802,11.3,7.8,2.7,5.7,0.3,7,12.4,26.0,31.4,97,27,0x02,0,0x0000,0x00000000,0x00000000,54,READY_TO_DRIVE
113902,11.6,8.5,3.2,6.8,0.4,7,12.3,26.0,31.8,97,27,0x02,0,0x0000,0x00000000,0x00000000,56,READY_TO_DRIVE
114002,11.9,8.7,3.6,7.5,0.4,7,12.16,26.0,31.8,97,27,0x02,0,0x0000,0x00000000,0x00000000,56,READY_TO_DRIVE
114103,12.9,9.7,4.6,9.7,0.5,6,12.16,26.0,31.8,97,27,0x02,0,0x0000,0x00000000,0x00000000,56,READY_TO_DRIVE
114203,13.3,10.4,5.2,11.0,0.6,6,12.16,26.0,31.8,97,27,0x02,0,0x0000,0x00000000,0x00000000,56,READY_TO_DRIVE
114307,13.5,10.7,5.5,11.6,0.6,6,12.18,26.0,31.5,97,27,0x02,0,0x0000,0x00000000,0x00000000,55,READY_TO_DRIVE
114407,13.8,10.9,5.7,12.0,0.6,6,12.33,26.0,31.5,97,27,0x02,0,0x0000,0x00000000,0x00000000,55,READY_TO_DRIVE
114507,13.8,11.1,5.9,12.3,0.6,6,12.34,26.1,31.4,97,27,0x02,0,0x0000,0x00000000,0x00000000,54,READY_TO_DRIVE
114607,14.0,11.1,6.0,12.6,0.6,6,12.36,26.1,31.4,97,27,0x02,0,0x0000,0x00000000,0x00000000,54,READY_TO_DRIVE
114707,14.0,11.1,6.0,12.6,0.6,7,12.2,26.1,31.3,97,27,0x02,0,0x0000,0x00000000,0x00000000,54,READY_TO_DRIVE
114807,14.0,11.1,6.0,12.6,0.6,6,12.24,26.1,31.4,97,27,0x02,0,0x0000,0x00000000,0x00000000,54,READY_TO_DRIVE
114909,14.0,11.1,6.0,12.6,0.6,6,12.45,26.1,31.7,97,27,0x02,0,0x0000,0x00000000,0x00000000,56,READY_TO_DRIVE
115009,14.0,11.1,6.0,12.6,0.6,6,12.24,26.1,31.7,97,27,0x02,0,0x0000,0x00000000,0x00000000,56,READY_TO_DRIVE
115110,14.1,11.1,6.0,12.7,0.5,6,12.24,26.1,32.1,97,27,0x02,0,0x0000,0x00000000,0x00000000,58,READY_TO_DRIVE
115210,14.0,11.1,6.0,12.6,0.6,6,12.3,26.1,32.1,97,27,0x02,0,0x0000,0x00000000,0x00000000,58,READY_TO_DRIVE
115310,14.0,11.1,6.0,12.6,0.6,6,12.32,26.1,32.1,97,27,0x02,0,0x0000,0x00000000,0x00000000,58,READY_TO_DRIVE
115411,13.4,10.0,5.1,10.7,0.5,6,12.32,26.1,32.1,97,27,0x02,0,0x0000,0x00000000,0x00000000,58,READY_TO_DRIVE
115512,11.4,8.1,2.9,6.1,0.3,6,12.32,26.1,32.1,97,27,0x02,0,0x0000,0x00000000,0x00000000,58,READY_TO_DRIVE
115612,10.8,7.4,2.3,4.8,0.2,6,12.17,26.2,31.3,97,27,0x02,0,0x0000,0x00000000,0x00000000,54,READY_TO_DRIVE
115712,10.5,7.0,1.9,3.9,0.2,6,12.31,26.2,31.5,97,27,0x02,0,0x0000,0x00000000,0x00000000,55,READY_TO_DRIVE
115812,10.1,6.5,1.4,2.9,0.1,6,12.32,26.2,31.5,97,27,0x02,0,0x0000,0x00000000,0x00000000,55,READY_TO_DRIVE
115912,10.1,6.5,1.4,2.9,0.2,6,12.25,26.1,32.2,97,27,0x02,0,0x0000,0x00000000,0x00000000,58,READY_TO_DRIVE
116012,9.8,6.1,1.1,2.2,0.1,6,12.4,26.1,32.2,97,27,0x02,0,0x0000,0x00000000,0x00000000,58,READY_TO_DRIVE
116113,10.0,6.1,1.1,2.3,0.1,6,12.25,26.1,32.2,97,27,0x02,0,0x0000,0x00000000,0x00000000,58,READY_TO_DRIVE
116213,9.0,5.7,0.4,0.8,0.0,5,12.25,26.1,32.2,97,27,0x02,0,0x0000,0x00000000,0x00000000,58,READY_TO_DRIVE
116313,8.8,5.7,0.3,0.6,0.0,5,12.28,26.1,32.2,97,27,0x02,0,0x0000,0x00000000,0x00000000,58,READY_TO_DRIVE
116413,8.9,5.6,0.3,0.5,0.0,5,12.31,26.1,31.7,97,27,0x02,0,0x0000,0x00000000,0x00000000,56,READY_TO_DRIVE
116513,8.7,5.6,0.2,0.4,0.0,5,12.32,26.1,31.1,97,27,0x02,0,0x0000,0x00000000,0x00000000,53,READY_TO_DRIVE
116614,8.9,5.6,0.3,0.5,0.0,5,12.13,26.1,31.7,97,27,0x02,0,0x0000,0x00000000,0x00000000,56,READY_TO_DRIVE
116714,8.9,5.6,0.2,0.5,0.0,5,12.13,26.0,31.7,97,27,0x02,0,0x0000,0x00000000,0x00000000,56,READY_TO_DRIVE
116814,8.8,5.6,0.2,0.5,0.0,5,12.42,26.0,31.8,97,27,0x02,0,0x0000,0x00000000,0x00000000,56,READY_TO_DRIVE
116914,8.8,5.6,0.2,0.5,0.0,5,12.17,26.0,31.8,97,27,0x02,0,0x0000,0x00000000,0x00000000,56,READY_TO_DRIVE
117014,8.9,5.7,0.3,0.6,0.0,4,12.19,26.0,31.5,97,27,0x02,0,0x0000,0x00000000,0x00000000,55,READY_TO_DRIVE
117115,8.9,5.7,0.3,0.6,0.0,4,12.19,25.9,31.5,97,27,0x02,0,0x0000,0x00000000,0x00000000,55,READY_TO_DRIVE
117215,8.7,5.7,0.2,0.4,0.0,4,12.35,25.9,31.0,97,27,0x02,0,0x0000,0x00000000,0x00000000,52,READY_TO_DRIVE
117315,8.6,5.6,0.1,0.2,0.0,2,12.35,25.9,31.0,97,27,0x02,0,0x0000,0x00000000,0x00000000,52,READY_TO_DRIVE
117415,8.7,5.6,0.2,0.4,0.0,1,12.35,25.9,30.7,97,27,0x02,0,0x0000,0x00000000,0x00000000,50,READY_TO_DRIVE
117518,8.7,5.6,0.2,0.3,0.0,0,12.3,25.9,30.7,97,27,0x02,0,0x0000,0x00000000,0x00000000,50,READY_TO_DRIVE
117618,8.6,5.6,0.2,0.3,0.0,0,12.2,25.9,31.5,97,27,0x02,0,0x0000,0x00000000,0x00000000,55,READY_TO_DRIVE
117718,8.6,5.6,0.1,0.2,0.0,0,12.25,26.0,31.3,97,27,0x02,0,0x0000,0x00000000,0x00000000,54,READY_TO_DRIVE
117818,8.5,5.6,0.1,0.1,0.0,0,12.25,26.0,31.5,97,27,0x02,0,0x0000,0x00000000,0x00000000,55,READY_TO_DRIVE
117918,8.6,5.5,0.1,0.1,0.0,0,12.25,26.0,31.5,97,27,0x02,0,0x0000,0x00000000,0x00000000,55,READY_TO_DRIVE
118018,8.5,5.5,0.0,0.0,0.0,0,12.2,26.0,33.6,97,27,0x02,0,0x0000,0x00000000,0x00000000,66,READY_TO_DRIVE
118118,8.5,5.5,0.0,0.0,0.0,0,12.11,26.0,31.7,97,27,0x02,0,0x0000,0x00000000,0x00000000,56,READY_TO_DRIVE
118218,8.5,5.5,0.0,0.0,0.0,0,12.22,26.0,31.5,97,27,0x02,0,0x0000,0x00000000,0x00000000,55,READY_TO_DRIVE
118318,8.6,5.5,0.0,0.1,0.0,0,12.3,26.0,31.5,97,27,0x02,0,0x0000,0x00000000,0x00000000,55,READY_TO_DRIVE
118418,8.6,5.5,0.0,0.1,0.0,0,12.31,26.0,31.5,97,27,0x02,0,0x0000,0x00000000,0x00000000,55,READY_TO_DRIVE
118518,8.6,5.5,0.1,0.1,0.0,0,11.9,26.0,31.5,97,27,0x02,0,0x0000,0x00000000,0x00000000,55,READY_TO_DRIVE
118618,8.5,5.5,0.0,0.1,0.0,0,12.21,26.1,31.5,97,27,0x02,0,0x0000,0x00000000,0x00000000,55,READY_TO_DRIVE
118718,8.5,5.5,0.0,0.0,0.0,0,12.36,26.1,31.5,97,27,0x02,0,0x0000,0x00000000,0x00000000,55,READY_TO_DRIVE
118820,8.5,5.5,0.0,0.1,0.0,0,12.22,26.1,31.8,97,27,0x02,0,0x0000,0x00000000,0x00000000,56,READY_TO_DRIVE
118920,8.6,5.5,0.0,0.1,0.0,0,12.19,26.1,31.7,97,27,0x02,0,0x0000,0x00000000,0x00000000,56,READY_TO_DRIVE
119020,8.6,5.5,0.1,0.2,0.0,0,12.18,26.0,31.7,97,27,0x02,0,0x0000,0x00000000,0x00000000,56,READY_TO_DRIVE
119120,8.6,5.5,0.1,0.1,0.0,0,12.19,26.0,31.5,97,27,0x02,0,0x0000,0x00000000,0x00000000,55,READY_TO_DRIVE
119220,8.6,5.5,0.1,0.1,0.0,0,12.26,26.0,31.5,97,27,0x02,0,0x0000,0x00000000,0x00000000,55,READY_TO_DRIVE
119320,8.6,5.5,0.1,0.2,0.0,0,12.2,26.0,31.5,97,27,0x02,0,0x0000,0x00000000,0x00000000,55,READY_TO_DRIVE
119420,8.5,5.5,0.0,0.1,0.0,0,12.25,26.0,30.6,97,27,0x02,0,0x0000,0x00000000,0x00000000,50,READY_TO_DRIVE
119520,8.5,5.5,0.0,0.1,0.0,0,12.09,26.0,30.6,97,27,0x02,0,0x0000,0x00000000,0x00000000,50,READY_TO_DRIVE
119620,8.6,5.5,0.1,0.1,0.0,0,12.51,26.0,31.9,97,27,0x02,0,0x0000,0x00000000,0x00000000,57,READY_TO_DRIVE
119720,8.6,5.5,0.1,0.1,0.0,0,12.25,26.1,31.5,97,27,0x02,0,0x0000,0x00000000,0x00000000,55,READY_TO_DRIVE
119820,8.6,5.5,0.1,0.1,0.0,0,12.24,26.1,31.5,97,27,0x02,0,0x0000,0x00000000,0x00000000,55,READY_TO_DRIVE
119920,8.6,5.5,0.0,0.1,0.0,0,12.3,26.1,31.5,97,27,0x02,0,0x0000,0x00000000,0x00000000,55,READY_TO_DRIVE
120020,8.6,5.5,0.1,0.1,0.0,0,12.19,26.1,31.7,97,27,0x02,0,0x0000,0x00000000,0x00000000,56,READY_TO_DRIVE
120120,8.5,5.5,0.0,0.0,0.0,0,12.12,26.0,31.5,97,27,0x02,0,0x0000,0x00000000,0x00000000,55,READY_TO_DRIVE
120220,8.5,5.5,0.0,0.1,0.0,0,12.17,26.0,31.5,97,27,0x02,0,0x0000,0x00000000,0x00000000,55,READY_TO_DRIVE
120320,8.5,5.5,0.0,0.1,0.0,0,12.17,26.1,31.5,97,27,0x02,0,0x0000,0x00000000,0x00000000,55,READY_TO_DRIVE
120420,8.5,5.5,0.0,0.0,0.0,0,12.21,26.1,31.7,97,27,0x02,0,0x0000,0x00000000,0x00000000,56,READY_TO_DRIVE
120520,8.5,5.6,0.0,0.1,0.0,0,12.19,26.1,31.7,97,27,0x02,0,0x0000,0x00000000,0x00000000,56,READY_TO_DRIVE
120620,8.6,5.6,0.1,0.1,0.0,0,12.54,26.1,31.8,97,27,0x02,0,0x0000,0x00000000,0x00000000,56,READY_TO_DRIVE
120720,8.5,5.5,0.0,0.0,0.0,0,12.33,26.1,31.5,97,27,0x02,0,0x0000,0x00000000,0x00000000,55,READY_TO_DRIVE
120820,8.6,5.5,0.0,0.1,0.0,0,12.28,26.1,31.5,97,27,0x02,0,0x0000,0x00000000,0x00000000,55,READY_TO_DRIVE
120920,8.6,5.5,0.1,0.1,0.0,0,12.34,26.1,31.7,97,27,0x02,0,0x0000,0x00000000,0x00000000,56,READY_TO_DRIVE
121020,8.6,5.5,0.0,0.1,0.0,0,12.24,26.1,31.7,97,27,0x02,0,0x0000,0x00000000,0x00000000,56,READY_TO_DRIVE
121120,8.5,5.5,0.0,0.0,0.0,0,12.46,26.1,31.8,97,27,0x02,0,0x0000,0x00000000,0x00000000,56,READY_TO_DRIVE
121220,8.5,5.5,0.0,0.1,0.0,0,12.25,26.1,31.8,97,27,0x02,0,0x0000,0x00000000,0x00000000,56,READY_TO_DRIVE
121320,8.5,5.5,0.0,0.1,0.0,0,12.23,26.1,32.1,97,27,0x02,0,0x0000,0x00000000,0x00000000,58,READY_TO_DRIVE
121420,8.6,5.5,0.0,0.1,0.0,0,12.27,26.1,31.4,97,27,0x02,0,0x0000,0x00000000,0x00000000,54,READY_TO_DRIVE
121520,8.5,5.5,0.0,0.1,0.0,0,12.25,26.1,31.4,97,27,0x02,0,0x0000,0x00000000,0x00000000,54,READY_TO_DRIVE
121620,8.5,5.6,0.1,0.1,0.0,0,12.33,26.1,31.4,97,27,0x02,0,0x0000,0x00000000,0x00000000,54,READY_TO_DRIVE
121720,8.5,5.6,0.0,0.1,0.0,0,12.3,26.1,31.8,97,27,0x02,0,0x0000,0x00000000,0x00000000,56,READY_TO_DRIVE
121821,8.5,5.5,0.0,0.0,0.0,0,12.18,26.1,31.8,97,27,0x02,0,0x0000,0x00000000,0x00000000,56,READY_TO_DRIVE
121921,8.5,5.6,0.1,0.1,0.0,0,12.23,26.1,31.7,97,27,0x02,0,0x0000,0x00000000,0x00000000,56,READY_TO_DRIVE
122021,8.5,5.6,0.0,0.1,0.0,0,12.23,26.1,31.7,97,27,0x02,0,0x0000,0x00000000,0x00000000,56,READY_TO_DRIVE
122121,8.5,5.5,0.0,0.1,0.0,0,12.2,26.1,31.7,97,27,0x02,0,0x0000,0x00000000,0x00000000,56,READY_TO_DRIVE
122221,8.6,5.5,0.0,0.1,0.0,0,12.11,26.1,31.7,97,27,0x02,0,0x0000,0x00000000,0x00000000,56,READY_TO_DRIVE
122321,8.6,5.6,0.1,0.2,0.0,0,12.19,26.1,31.7,97,27,0x02,0,0x0000,0x00000000,0x00000000,56,READY_TO_DRIVE
122421,8.6,5.6,0.1,0.2,0.0,0,12.19,26.1,31.4,97,27,0x02,0,0x0000,0x00000000,0x00000000,54,READY_TO_DRIVE
122521,8.5,5.6,0.0,0.1,0.0,0,12.26,26.1,31.7,97,27,0x02,0,0x0000,0x00000000,0x00000000,56,READY_TO_DRIVE
122621,8.5,5.6,0.1,0.1,0.0,0,12.16,26.1,31.4,97,27,0x02,0,0x0000,0x00000000,0x00000000,54,READY_TO_DRIVE
122721,8.5,5.5,0.0,0.1,0.0,0,12.42,26.1,31.8,97,27,0x02,0,0x0000,0x00000000,0x00000000,56,READY_TO_DRIVE
122821,8.5,5.6,0.0,0.1,0.0,0,12.19,26.1,31.9,97,27,0x02,0,0x0000,0x00000000,0x00000000,57,READY_TO_DRIVE
122921,8.5,5.6,0.1,0.1,0.0,0,12.17,26.1,31.5,97,27,0x02,0,0x0000,0x00000000,0x00000000,55,READY_TO_DRIVE
123021,8.5,5.6,0.1,0.2,0.0,0,12.25,26.1,31.9,97,27,0x02,0,0x0000,0x00000000,0x00000000,57,READY_TO_DRIVE
123121,8.5,5.5,0.0,0.1,0.0,0,12.59,26.1,31.9,97,27,0x02,0,0x0000,0x00000000,0x00000000,57,READY_TO_DRIVE
123221,8.6,5.5,0.1,0.1,0.0,0,12.17,26.1,31.8,97,27,0x02,0,0x0000,0x00000000,0x00000000,56,READY_TO_DRIVE
123324,8.5,5.5,0.0,0.1,0.0,0,12.27,26.1,31.8,97,27,0x02,0,0x0000,0x00000000,0x00000000,56,READY_TO_DRIVE
123424,8.6,5.5,0.1,0.1,0.0,0,12.27,26.1,31.8,97,27,0x02,0,0x0000,0x00000000,0x00000000,56,READY_TO_DRIVE
123524,8.5,5.5,0.0,0.1,0.0,0,12.25,26.1,31.8,97,27,0x02,0,0x0000,0x00000000,0x00000000,56,READY_TO_DRIVE
123624,8.5,5.6,0.1,0.1,0.0,0,12.23,26.1,31.8,97,27,0x02,0,0x0000,0x00000000,0x00000000,56,READY_TO_DRIVE
123724,8.5,5.5,0.0,0.1,0.0,0,12.23,26.1,31.7,97,27,0x02,0,0x0000,0x00000000,0x00000000,56,READY_TO_DRIVE
123824,8.5,5.5,0.0,0.1,0.0,0,12.22,26.1,31.8,97,27,0x02,0,0x0000,0x00000000,0x00000000,56,READY_TO_DRIVE
123925,8.6,5.6,0.1,0.2,0.0,0,12.21,26.1,31.5,97,27,0x02,0,0x0000,0x00000000,0x00000000,55,READY_TO_DRIVE
124025,8.5,5.5,0.0,0.1,0.0,0,12.23,26.0,31.8,97,27,0x02,0,0x0000,0x00000000,0x00000000,56,READY_TO_DRIVE
124125,8.5,5.5,0.0,0.0,0.0,0,12.23,26.1,31.8,97,27,0x02,0,0x0000,0x00000000,0x00000000,56,READY_TO_DRIVE
124225,8.5,5.5,0.0,0.1,0.0,0,12.26,26.1,31.8,97,27,0x02,0,0x0000,0x00000000,0x00000000,56,READY_TO_DRIVE
124325,8.5,5.5,0.0,0.1,0.0,0,12.21,26.0,31.8,97,27,0x02,0,0x0000,0x00000000,0x00000000,56,READY_TO_DRIVE
124425,8.5,5.5,0.0,0.1,0.0,0,11.92,26.1,31.8,97,27,0x02,0,0x0000,0x00000000,0x00000000,56,READY_TO_DRIVE
124525,8.5,5.6,0.0,0.0,0.0,0,12.45,26.1,31.8,97,27,0x02,0,0x0000,0x00000000,0x00000000,56,READY_TO_DRIVE
124625,7.7,4.6,0.0,0.0,0.0,0,12.18,26.1,31.7,97,27,0x02,0,0x0000,0x00000000,0x00000000,56,READY_TO_DRIVE
124725,7.5,4.2,0.0,0.0,0.0,0,12.26,26.1,31.7,97,27,0x02,0,0x0000,0x00000000,0x00000000,56,READY_TO_DRIVE
124825,7.4,4.0,0.0,0.0,0.0,0,12.37,26.1,32.1,97,27,0x02,0,0x0000,0x00000000,0x00000000,58,READY_TO_DRIVE
124925,7.4,3.9,0.0,0.0,0.0,0,12.24,26.1,31.7,97,27,0x02,0,0x0000,0x00000000,0x00000000,56,READY_TO_DRIVE
125025,7.4,3.8,0.0,0.0,0.0,0,12.14,26.1,31.8,97,27,0x02,0,0x0000,0x00000000,0x00000000,56,READY_TO_DRIVE
125125,7.4,3.8,0.0,0.0,0.0,0,12.13,26.1,31.7,97,27,0x02,0,0x0000,0x00000000,0x00000000,56,READY_TO_DRIVE
125225,7.4,3.8,0.0,0.0,0.0,0,12.46,26.1,31.5,97,27,0x02,0,0x0000,0x00000000,0x00000000,55,READY_TO_DRIVE
125325,7.4,3.8,0.0,0.0,0.0,0,12.26,26.1,31.4,97,27,0x02,0,0x0000,0x00000000,0x00000000,54,READY_TO_DRIVE
125425,7.4,3.8,0.0,0.0,0.0,0,12.17,26.1,31.4,97,27,0x02,0,0x0000,0x00000000,0x00000000,54,READY_TO_DRIVE
125525,7.4,3.9,0.0,0.0,0.0,0,12.3,26.1,31.7,97,27,0x02,0,0x0000,0x00000000,0x00000000,56,READY_TO_DRIVE
125625,7.4,3.9,0.0,0.0,0.0,0,12.26,26.1,31.4,97,27,0x02,0,0x0000,0x00000000,0x00000000,54,READY_TO_DRIVE
125725,7.4,3.9,0.0,0.0,0.0,0,12.39,26.1,31.4,97,27,0x02,0,0x0000,0x00000000,0x00000000,54,READY_TO_DRIVE
125825,7.4,3.8,0.0,0.0,0.0,0,12.3,26.1,31.5,97,27,0x02,0,0x0000,0x00000000,0x00000000,55,READY_TO_DRIVE
125925,7.4,3.9,0.0,0.0,0.0,0,12.13,26.1,31.4,97,27,0x02,0,0x0000,0x00000000,0x00000000,54,READY_TO_DRIVE
126025,7.4,3.9,0.0,0.0,0.0,0,12.46,26.1,31.4,97,27,0x02,0,0x0000,0x00000000,0x00000000,54,READY_TO_DRIVE
126125,7.4,3.9,0.0,0.0,0.0,0,12.32,26.1,31.5,97,27,0x02,0,0x0000,0x00000000,0x00000000,55,READY_TO_DRIVE
126225,7.4,3.9,0.0,0.0,0.0,0,12.49,26.1,31.3,97,27,0x02,0,0x0000,0x00000000,0x00000000,54,READY_TO_DRIVE
126326,7.4,3.9,0.0,0.0,0.0,0,12.24,26.1,31.8,97,27,0x02,0,0x0000,0x00000000,0x00000000,56,READY_TO_DRIVE
126426,7.4,3.8,0.0,0.0,0.0,0,12.22,26.1,31.5,97,27,0x02,0,0x0000,0x00000000,0x00000000,55,READY_TO_DRIVE
126526,7.4,3.9,0.0,0.0,0.0,0,12.22,26.1,31.8,97,27,0x02,0,0x0000,0x00000000,0x00000000,56,READY_TO_DRIVE
126626,7.4,3.9,0.0,0.0,0.0,0,12.17,26.1,31.5,97,27,0x02,0,0x0000,0x00000000,0x00000000,55,READY_TO_DRIVE
126726,7.4,3.8,0.0,0.0,0.0,0,12.22,26.1,31.9,97,27,0x02,0,0x0000,0x00000000,0x00000000,57,READY_TO_DRIVE
126826,7.4,3.8,0.0,0.0,0.0,0,12.27,26.1,31.7,97,27,0x02,0,0x0000,0x00000000,0x00000000,56,READY_TO_DRIVE
126926,7.4,3.8,0.0,0.0,0.0,0,12.34,26.1,32.1,97,27,0x02,0,0x0000,0x00000000,0x00000000,58,READY_TO_DRIVE
127026,7.4,3.7,0.0,0.0,0.0,0,12.27,26.1,31.8,97,27,0x02,0,0x0000,0x00000000,0x00000000,56,READY_TO_DRIVE
127126,7.4,3.7,0.0,0.0,0.0,0,12.16,26.1,31.5,97,27,0x02,0,0x0000,0x00000000,0x00000000,55,READY_TO_DRIVE
127226,7.4,3.6,0.0,0.0,0.0,0,12.18,26.1,31.7,97,27,0x02,0,0x0000,0x00000000,0x00000000,56,READY_TO_DRIVE
127326,7.4,3.6,0.0,0.0,0.0,0,12.1,26.1,32.1,97,27,0x02,0,0x0000,0x00000000,0x00000000,58,READY_TO_DRIVE
127426,7.3,3.6,0.0,0.0,0.0,0,12.22,26.0,32.1,97,27,0x02,0,0x0000,0x00000000,0x00000000,58,READY_TO_DRIVE
127527,7.4,3.6,0.0,0.0,0.0,0,12.11,26.0,32.1,97,27,0x02,0,0x0000,0x00000000,0x00000000,58,READY_TO_DRIVE
127627,7.4,3.6,0.0,0.0,0.0,0,12.22,26.1,31.8,97,27,0x02,0,0x0000,0x00000000,0x00000000,56,READY_TO_DRIVE
127727,7.4,3.6,0.0,0.0,0.0,0,12.22,26.1,31.8,97,27,0x02,0,0x0000,0x00000000,0x00000000,56,READY_TO_DRIVE
127827,7.4,3.6,0.0,0.0,0.0,0,12.19,26.1,31.1,97,27,0x02,0,0x0000,0x00000000,0x00000000,53,READY_TO_DRIVE
127927,7.3,3.6,0.0,0.0,0.0,0,12.28,26.1,31.8,97,27,0x02,0,0x0000,0x00000000,0x00000000,56,READY_TO_DRIVE
128027,7.4,3.6,0.0,0.0,0.0,0,12.22,26.1,31.8,97,27,0x02,0,0x0000,0x00000000,0x00000000,56,READY_TO_DRIVE
128127,7.4,3.6,0.0,0.0,0.0,0,12.37,26.1,32.1,97,27,0x02,0,0x0000,0x00000000,0x00000000,58,READY_TO_DRIVE
128227,7.3,3.6,0.0,0.0,0.0,0,12.44,26.1,31.9,97,27,0x02,0,0x0000,0x00000000,0x00000000,57,READY_TO_DRIVE
128327,7.4,3.6,0.0,0.0,0.0,0,12.24,26.0,31.4,97,27,0x02,0,0x0000,0x00000000,0x00000000,54,READY_TO_DRIVE
128427,7.4,3.6,0.0,0.0,0.0,0,12.16,26.1,31.4,97,27,0x02,0,0x0000,0x00000000,0x00000000,54,READY_TO_DRIVE
128527,7.4,3.6,0.0,0.0,0.0,0,12.25,26.1,31.3,97,27,0x02,0,0x0000,0x00000000,0x00000000,54,READY_TO_DRIVE
128627,7.4,3.6,0.0,0.0,0.0,0,12.22,26.1,31.7,97,27,0x02,0,0x0000,0x00000000,0x00000000,56,READY_TO_DRIVE
128727,7.4,3.6,0.0,0.0,0.0,0,12.16,26.1,31.7,97,27,0x02,0,0x0000,0x00000000,0x00000000,56,READY_TO_DRIVE
128827,7.4,3.7,0.0,0.0,0.0,0,12.26,26.1,31.5,97,27,0x02,0,0x0000,0x00000000,0x00000000,55,READY_TO_DRIVE
128927,7.4,3.6,0.0,0.0,0.0,0,12.25,26.1,31.7,97,27,0x02,0,0x0000,0x00000000,0x00000000,56,READY_TO_DRIVE
129027,7.4,3.6,0.0,0.0,0.0,0,12.39,26.1,31.7,97,27,0x02,0,0x0000,0x00000000,0x00000000,56,READY_TO_DRIVE
129127,7.4,3.5,0.0,0.0,0.0,0,12.34,26.1,33.7,97,27,0x02,0,0x0000,0x00000000,0x00000000,66,READY_TO_DRIVE
129227,7.4,3.6,0.0,0.0,0.0,0,12.18,26.1,31.4,97,27,0x02,0,0x0000,0x00000000,0x00000000,54,READY_TO_DRIVE
129327,7.4,3.6,0.0,0.0,0.0,0,12.46,26.1,31.5,97,27,0x02,0,0x0000,0x00000000,0x00000000,55,READY_TO_DRIVE
129427,7.4,3.6,0.0,0.0,0.0,0,12.16,26.1,31.5,97,27,0x02,0,0x0000,0x00000000,0x00000000,55,READY_TO_DRIVE
129527,7.4,3.6,0.0,0.0,0.0,0,12.14,26.1,31.5,97,27,0x02,0,0x0000,0x00000000,0x00000000,55,READY_TO_DRIVE
129627,7.4,3.5,0.0,0.0,0.0,0,12.24,26.1,31.7,97,27,0x02,0,0x0000,0x00000000,0x00000000,56,READY_TO_DRIVE
129727,7.4,3.5,0.0,0.0,0.0,0,12.24,26.1,31.8,97,27,0x02,0,0x0000,0x00000000,0x00000000,56,READY_TO_DRIVE
129827,7.4,3.6,0.0,0.0,0.0,0,12.37,26.1,31.8,97,27,0x02,0,0x0000,0x00000000,0x00000000,56,READY_TO_DRIVE
129927,7.4,3.6,0.0,0.0,0.0,0,12.37,26.1,31.5,97,27,0x02,0,0x0000,0x00000000,0x00000000,55,READY_TO_DRIVE
130027,7.4,3.6,0.0,0.0,0.0,0,12.2,26.1,32.1,97,27,0x02,0,0x0000,0x00000000,0x00000000,58,READY_TO_DRIVE
130127,7.4,3.6,0.0,0.0,0.0,0,12.16,26.0,31.5,97,27,0x02,0,0x0000,0x00000000,0x00000000,55,READY_TO_DRIVE
130227,7.4,3.6,0.0,0.0,0.0,0,12.18,26.0,31.5,97,27,0x02,0,0x0000,0x00000000,0x00000000,55,READY_TO_DRIVE
130327,7.4,3.5,0.0,0.0,0.0,0,12.23,26.0,31.8,97,27,0x02,0,0x0000,0x00000000,0x00000000,56,READY_TO_DRIVE
130427,7.3,3.6,0.0,0.0,0.0,0,12.13,26.1,31.8,97,27,0x02,0,0x0000,0x00000000,0x00000000,56,READY_TO_DRIVE
130527,7.4,3.5,0.0,0.0,0.0,0,12.23,26.0,31.7,97,27,0x02,0,0x0000,0x00000000,0x00000000,56,READY_TO_DRIVE
130627,7.4,3.6,0.0,0.0,0.0,0,12.21,26.0,31.5,97,27,0x02,0,0x0000,0x00000000,0x00000000,55,READY_TO_DRIVE
130727,7.4,3.6,0.0,0.0,0.0,0,12.19,26.1,31.9,97,27,0x02,0,0x0000,0x00000000,0x00000000,57,READY_TO_DRIVE
130827,7.4,3.5,0.0,0.0,0.0,0,12.35,26.1,31.5,97,27,0x02,0,0x0000,0x00000000,0x00000000,55,READY_TO_DRIVE
130927,7.4,3.6,0.0,0.0,0.0,0,12.32,26.1,31.7,97,27,0x02,0,0x0000,0x00000000,0x00000000,56,READY_TO_DRIVE
131027,7.4,3.6,0.0,0.0,0.0,0,12.23,26.2,31.7,97,27,0x02,0,0x0000,0x00000000,0x00000000,56,READY_TO_DRIVE
131127,7.4,3.6,0.0,0.0,0.0,0,12.2,26.1,31.7,97,27,0x02,0,0x0000,0x00000000,0x00000000,56,READY_TO_DRIVE
131227,7.4,3.5,0.0,0.0,0.0,0,12.19,26.1,31.5,97,27,0x02,0,0x0000,0x00000000,0x00000000,55,READY_TO_DRIVE
131327,7.4,3.5,0.0,0.0,0.0,0,12.45,26.1,31.5,97,27,0x02,0,0x0000,0x00000000,0x00000000,55,READY_TO_DRIVE
131427,7.4,3.5,0.0,0.0,0.0,0,12.13,26.1,31.4,97,27,0x02,0,0x0000,0x00000000,0x00000000,54,READY_TO_DRIVE
131527,7.4,3.6,0.0,0.0,0.0,0,12.26,26.1,31.8,97,27,0x02,0,0x0000,0x00000000,0x00000000,56,READY_TO_DRIVE
131627,7.4,3.6,0.0,0.0,0.0,0,12.18,26.1,31.4,97,27,0x02,0,0x0000,0x00000000,0x00000000,54,READY_TO_DRIVE
131727,7.4,3.5,0.0,0.0,0.0,0,12.08,26.1,31.5,97,27,0x02,0,0x0000,0x00000000,0x00000000,55,READY_TO_DRIVE
131827,7.3,3.6,0.0,0.0,0.0,0,12.2,26.1,31.0,97,27,0x02,0,0x0000,0x00000000,0x00000000,52,READY_TO_DRIVE
131927,7.4,3.5,0.0,0.0,0.0,0,12.46,26.1,31.0,97,27,0x02,0,0x0000,0x00000000,0x00000000,52,READY_TO_DRIVE
132027,7.3,3.5,0.0,0.0,0.0,0,12.22,26.1,31.7,97,27,0x02,0,0x0000,0x00000000,0x00000000,56,READY_TO_DRIVE
132127,7.4,3.6,0.0,0.0,0.0,0,12.14,26.1,31.7,97,27,0x02,0,0x0000,0x00000000,0x00000000,56,READY_TO_DRIVE
132227,7.4,3.5,0.0,0.0,0.0,0,12.11,26.1,31.7,97,27,0x02,0,0x0000,0x00000000,0x00000000,56,READY_TO_DRIVE
132327,7.4,3.5,0.0,0.0,0.0,0,12.18,26.1,31.7,97,27,0x02,0,0x0000,0x00000000,0x00000000,56,READY_TO_DRIVE
132427,7.4,3.5,0.0,0.0,0.0,0,12.13,26.1,31.4,97,27,0x02,0,0x0000,0x00000000,0x00000000,54,READY_TO_DRIVE
132527,7.4,3.5,0.0,0.0,0.0,0,12.28,26.1,31.5,97,27,0x02,0,0x0000,0x00000000,0x00000000,55,READY_TO_DRIVE
132627,7.4,3.5,0.0,0.0,0.0,0,12.14,26.1,31.5,97,27,0x02,0,0x0000,0x00000000,0x00000000,55,READY_TO_DRIVE
132727,7.3,3.5,0.0,0.0,0.0,0,12.17,26.1,31.4,97,27,0x02,0,0x0000,0x00000000,0x00000000,54,READY_TO_DRIVE
132827,7.4,3.5,0.0,0.0,0.0,0,12.39,26.1,31.4,97,27,0x02,0,0x0000,0x00000000,0x00000000,54,READY_TO_DRIVE
132927,7.4,3.5,0.0,0.0,0.0,0,12.1,26.1,31.4,97,27,0x02,0,0x0000,0x00000000,0x00000000,54,READY_TO_DRIVE
133028,7.4,3.6,0.0,0.0,0.0,0,11.99,26.1,31.4,97,27,0x02,0,0x0000,0x00000000,0x00000000,54,READY_TO_DRIVE
133128,7.4,3.6,0.0,0.0,0.0,0,12.21,26.1,31.8,97,27,0x02,0,0x0000,0x00000000,0x00000000,56,READY_TO_DRIVE
133228,7.4,3.5,0.0,0.0,0.0,0,12.21,26.1,31.8,97,27,0x02,0,0x0000,0x00000000,0x00000000,56,READY_TO_DRIVE
133328,7.5,3.5,0.0,0.0,0.0,0,12.3,26.1,31.8,97,27,0x02,0,0x0000,0x00000000,0x00000000,56,READY_TO_DRIVE
133428,7.4,3.5,0.0,0.0,0.0,0,12.24,26.1,31.8,97,27,0x02,0,0x0000,0x00000000,0x00000000,56,READY_TO_DRIVE
133528,7.4,3.6,0.0,0.0,0.0,0,12.24,26.1,31.8,97,27,0x02,0,0x0000,0x00000000,0x00000000,56,READY_TO_DRIVE
133628,7.4,3.5,0.0,0.0,0.0,0,12.19,26.2,29.7,97,27,0x02,0,0x0000,0x00000000,0x00000000,45,READY_TO_DRIVE
133728,7.3,3.6,0.0,0.0,0.0,0,12.41,26.2,29.7,97,27,0x02,0,0x0000,0x00000000,0x00000000,45,READY_TO_DRIVE
133828,7.3,3.6,0.0,0.0,0.0,0,12.35,26.1,31.5,97,27,0x02,0,0x0000,0x00000000,0x00000000,55,READY_TO_DRIVE
133928,7.4,3.5,0.0,0.0,0.0,0,12.18,26.1,31.3,97,27,0x02,0,0x0000,0x00000000,0x00000000,54,READY_TO_DRIVE
134028,7.4,3.5,0.0,0.0,0.0,0,12.18,26.1,31.3,97,27,0x02,0,0x0000,0x00000000,0x00000000,54,READY_TO_DRIVE
134128,7.4,3.5,0.0,0.0,0.0,0,12.18,26.2,32.2,97,27,0x02,0,0x0000,0x00000000,0x00000000,58,READY_TO_DRIVE
134228,7.4,3.5,0.0,0.0,0.0,0,12.35,26.1,31.5,97,27,0x02,0,0x0000,0x00000000,0x00000000,55,READY_TO_DRIVE
134328,7.4,3.5,0.0,0.0,0.0,0,12.18,26.1,31.5,97,27,0x02,0,0x0000,0x00000000,0x00000000,55,READY_TO_DRIVE
134428,7.4,3.5,0.0,0.0,0.0,0,12.24,26.1,31.7,97,27,0x02,0,0x0000,0x00000000,0x00000000,56,READY_TO_DRIVE
134528,7.4,3.5,0.0,0.0,0.0,0,12.13,26.1,31.7,97,27,0x02,0,0x0000,0x00000000,0x00000000,56,READY_TO_DRIVE
134628,7.4,3.6,0.0,0.0,0.0,0,12.31,26.1,31.7,97,27,0x02,0,0x0000,0x00000000,0x00000000,56,READY_TO_DRIVE
134728,7.4,3.5,0.0,0.0,0.0,0,12.23,26.1,31.7,97,27,0x02,0,0x0000,0x00000000,0x00000000,56,READY_TO_DRIVE
134828,7.3,3.6,0.0,0.0,0.0,0,12.22,26.1,31.8,97,27,0x02,0,0x0000,0x00000000,0x00000000,56,READY_TO_DRIVE
134928,7.4,3.5,0.0,0.0,0.0,0,12.25,26.1,31.9,97,27,0x02,0,0x0000,0x00000000,0x00000000,57,READY_TO_DRIVE
135028,7.4,3.6,0.0,0.0,0.0,0,12.14,26.0,31.9,97,27,0x02,0,0x0000,0x00000000,0x00000000,57,READY_TO_DRIVE
135128,7.4,3.5,0.0,0.0,0.0,0,12.11,26.1,31.8,97,27,0x02,0,0x0000,0x00000000,0x00000000,56,READY_TO_DRIVE
135228,7.4,3.5,0.0,0.0,0.0,0,11.98,26.1,31.7,97,27,0x02,0,0x0000,0x00000000,0x00000000,56,READY_TO_DRIVE
135328,7.4,3.5,0.0,0.0,0.0,0,12.27,26.3,31.9,97,27,0x02,0,0x0000,0x00000000,0x00000000,57,READY_TO_DRIVE
135428,7.4,3.5,0.0,0.0,0.0,0,12.19,26.2,31.9,97,27,0x02,0,0x0000,0x00000000,0x00000000,57,READY_TO_DRIVE
135528,7.4,3.6,0.0,0.0,0.0,0,12.39,26.2,31.8,97,27,0x02,0,0x0000,0x00000000,0x00000000,56,READY_TO_DRIVE
135628,7.4,3.5,0.0,0.0,0.0,0,12.28,26.1,31.8,97,27,0x02,0,0x0000,0x00000000,0x00000000,56,READY_TO_DRIVE
135728,7.4,3.6,0.0,0.0,0.0,0,12.19,26.0,31.8,97,27,0x02,0,0x0000,0x00000000,0x00000000,56,READY_TO_DRIVE
135828,7.4,3.6,0.0,0.0,0.0,0,12.2,26.1,31.9,97,27,0x02,0,0x0000,0x00000000,0x00000000,57,READY_TO_DRIVE
135928,7.4,3.5,0.0,0.0,0.0,0,12.23,26.1,31.4,97,27,0x02,0,0x0000,0x00000000,0x00000000,54,READY_TO_DRIVE
136028,7.4,3.6,0.0,0.0,0.0,0,12.44,26.2,31.7,97,27,0x02,0,0x0000,0x00000000,0x00000000,56,READY_TO_DRIVE
136129,7.4,3.5,0.0,0.0,0.0,0,12.27,26.1,31.5,97,27,0x02,0,0x0000,0x00000000,0x00000000,55,READY_TO_DRIVE
136229,7.4,3.5,0.0,0.0,0.0,0,12.33,26.1,31.7,97,27,0x02,0,0x0000,0x00000000,0x00000000,56,READY_TO_DRIVE
136329,7.4,3.5,0.0,0.0,0.0,0,12.21,26.1,31.7,97,27,0x02,0,0x0000,0x00000000,0x00000000,56,READY_TO_DRIVE
136431,7.4,3.5,0.0,0.0,0.0,0,12.28,26.1,31.8,97,27,0x02,0,0x0000,0x00000000,0x00000000,56,READY_TO_DRIVE
136531,7.4,3.5,0.0,0.0,0.0,0,12.19,26.1,31.8,97,27,0x02,0,0x0000,0x00000000,0x00000000,56,READY_TO_DRIVE
136632,11.8,8.0,3.1,6.5,0.1,0,12.35,26.1,31.3,97,27,0x02,0,0x0000,0x00000000,0x00000000,54,READY_TO_DRIVE
136733,11.9,8.0,3.1,6.6,0.0,0,12.24,26.4,31.4,97,27,0x02,0,0x0000,0x00000000,0x00000000,54,READY_TO_DRIVE
136833,11.8,8.0,3.1,6.5,0.0,0,12.42,26.3,32.1,97,27,0x02,0,0x0000,0x00000000,0x00000000,58,READY_TO_DRIVE
136935,11.8,8.0,3.1,6.5,0.0,0,12.21,26.3,32.1,97,27,0x02,0,0x0000,0x00000000,0x00000000,58,READY_TO_DRIVE
137035,11.9,8.0,3.1,6.6,0.0,0,12.13,26.3,31.5,97,27,0x02,0,0x0000,0x00000000,0x00000000,55,READY_TO_DRIVE
137136,13.1,9.1,4.4,9.3,0.0,0,12.08,26.2,31.5,97,27,0x02,0,0x0000,0x00000000,0x00000000,55,READY_TO_DRIVE
137238,15.9,12.0,7.4,15.6,0.0,0,12.23,26.2,31.5,97,27,0x02,0,0x0000,0x00000000,0x00000000,55,READY_TO_DRIVE
137338,15.9,12.0,7.5,15.7,-0.1,0,12.14,26.2,31.5,97,27,0x02,0,0x0000,0x00000000,0x00000000,55,READY_TO_DRIVE
137439,15.9,12.0,7.5,15.6,-0.1,0,12.32,26.2,32.1,97,27,0x02,0,0x0000,0x00000000,0x00000000,58,READY_TO_DRIVE
137539,15.9,12.0,7.5,15.7,-0.1,0,12.18,26.2,32.1,97,27,0x02,0,0x0000,0x00000000,0x00000000,58,READY_TO_DRIVE
137641,15.9,12.0,7.5,15.8,-0.1,0,12.3,26.2,31.4,97,27,0x02,0,0x0000,0x00000000,0x00000000,54,READY_TO_DRIVE
137741,16.6,12.8,8.3,17.5,-0.2,0,12.39,26.2,31.4,97,27,0x02,0,0x0000,0x00000000,0x00000000,54,READY_TO_DRIVE
137841,16.3,12.8,8.2,17.1,-0.2,0,12.21,26.2,31.8,97,27,0x02,0,0x0000,0x00000000,0x00000000,56,READY_TO_DRIVE
137941,18.0,14.2,9.8,20.5,-0.2,0,12.1,26.2,31.8,97,27,0x02,0,0x0000,0x00000000,0x00000000,56,READY_TO_DRIVE
138043,19.5,15.9,11.5,24.2,-0.1,0,12.19,26.2,31.4,97,27,0x02,0,0x0000,0x00000000,0x00000000,54,READY_TO_DRIVE
138144,20.8,17.1,12.8,27.0,-0.1,0,12.19,26.2,31.4,97,27,0x02,0,0x0000,0x00000000,0x00000000,54,READY_TO_DRIVE
138244,20.9,17.3,13.0,27.3,-0.1,0,12.19,26.2,31.4,97,27,0x02,0,0x0000,0x00000000,0x00000000,54,READY_TO_DRIVE
138344,21.0,17.3,13.0,27.3,-0.1,0,12.22,26.2,31.4,97,27,0x02,0,0x0000,0x00000000,0x00000000,54,READY_TO_DRIVE
138444,20.9,17.3,13.0,27.4,-0.1,0,12.19,26.2,31.5,97,27,0x02,0,0x0000,0x00000000,0x00000000,55,READY_TO_DRIVE
138544,21.0,17.3,13.0,27.4,0.0,1,11.91,26.2,31.5,97,27,0x02,0,0x0000,0x00000000,0x00000000,55,READY_TO_DRIVE
138644,21.0,17.3,13.1,27.4,0.0,1,12.32,26.2,31.9,97,27,0x02,0,0x0000,0x00000000,0x00000000,57,READY_TO_DRIVE
138745,21.0,17.3,13.1,27.5,0.0,1,12.2,26.4,31.9,97,27,0x02,0,0x0000,0x00000000,0x00000000,57,READY_TO_DRIVE
138845,21.1,17.4,13.2,27.7,0.0,1,12.2,26.5,31.8,97,27,0x02,0,0x0000,0x00000000,0x00000000,56,READY_TO_DRIVE
138945,21.0,17.4,13.2,27.6,0.0,1,12.21,26.5,31.7,97,27,0x02,0,0x0000,0x00000000,0x00000000,56,READY_TO_DRIVE
139045,21.1,17.4,13.2,27.7,0.0,1,12.13,26.5,31.7,97,27,0x02,0,0x0000,0x00000000,0x00000000,56,READY_TO_DRIVE
139145,21.1,17.4,13.1,27.6,0.1,1,12.41,26.5,31.7,97,27,0x02,0,0x0000,0x00000000,0x00000000,56,READY_TO_DRIVE
139246,21.1,17.4,13.1,27.6,0.1,1,12.22,26.6,31.5,97,27,0x02,0,0x0000,0x00000000,0x00000000,55,READY_TO_DRIVE
139347,21.8,18.3,14.1,29.5,0.1,1,12.22,26.6,31.5,97,27,0x02,0,0x0000,0x00000000,0x00000000,55,READY_TO_DRIVE
139456,22.5,19.0,14.8,31.1,0.2,2,12.36,26.6,31.5,97,27,0x02,0,0x0000,0x00000000,0x00000000,55,READY_TO_DRIVE
139556,22.6,19.0,14.8,31.1,0.2,2,12.25,26.6,31.5,97,27,0x02,0,0x0000,0x00000000,0x00000000,55,READY_TO_DRIVE
139656,22.6,19.1,14.9,31.2,0.3,2,12.23,26.7,31.7,97,27,0x02,0,0x0000,0x00000000,0x00000000,56,READY_TO_DRIVE
139759,22.5,19.1,14.8,31.2,0.2,2,12.1,26.7,31.7,97,27,0x02,0,0x0000,0x00000000,0x00000000,56,READY_TO_DRIVE
139859,22.7,19.1,14.9,31.4,0.3,2,12.22,26.8,31.7,97,27,0x02,0,0x0000,0x00000000,0x00000000,56,READY_TO_DRIVE
139959,23.9,20.6,16.4,34.5,0.4,2,12.18,26.8,31.7,97,27,0x02,0,0x0000,0x00000000,0x00000000,56,READY_TO_DRIVE
140059,24.1,20.7,16.6,34.8,0.4,2,12.25,26.8,31.7,97,27,0x02,0,0x0000,0x00000000,0x00000000,56,READY_TO_DRIVE
140159,26.3,23.0,19.0,39.8,0.4,2,12.25,26.8,31.7,97,27,0x02,0,0x0000,0x00000000,0x00000000,56,READY_TO_DRIVE
140262,26.9,23.6,19.6,41.2,0.6,2,12.12,26.9,31.7,97,27,0x02,0,0x0000,0x00000000,0x00000000,56,READY_TO_DRIVE
140362,26.9,23.6,19.6,41.2,0.6,2,12.12,26.9,31.7,97,27,0x02,0,0x0000,0x00000000,0x00000000,56,READY_TO_DRIVE
140462,26.8,23.6,19.6,41.1,0.5,2,12.49,26.9,31.7,97,27,0x02,0,0x0000,0x00000000,0x00000000,56,READY_TO_DRIVE
140572,26.9,23.6,19.6,41.1,0.6,3,12.24,26.9,31.7,97,27,0x02,0,0x0000,0x00000000,0x00000000,56,READY_TO_DRIVE
140672,26.9,23.6,19.6,41.2,0.5,3,12.28,26.9,31.5,97,27,0x02,0,0x0000,0x00000000,0x00000000,55,READY_TO_DRIVE
140774,26.9,23.5,19.6,41.1,0.6,3,12.23,26.9,31.5,97,27,0x02,0,0x0000,0x00000000,0x00000000,55,READY_TO_DRIVE
140874,26.9,23.6,19.6,41.2,0.7,3,12.23,26.9,31.5,97,27,0x02,0,0x0000,0x00000000,0x00000000,55,READY_TO_DRIVE
140976,26.9,23.6,19.6,41.2,0.6,3,12.16,27.1,31.4,97,27,0x02,0,0x0000,0x00000000,0x00000000,54,READY_TO_DRIVE
141076,26.8,23.6,19.6,41.1,0.7,3,12.16,27.1,31.4,97,27,0x02,0,0x0000,0x00000000,0x00000000,54,READY_TO_DRIVE
141176,26.9,23.6,19.6,41.1,0.8,3,12.24,27.1,31.9,97,27,0x02,0,0x0000,0x00000000,0x00000000,57,READY_TO_DRIVE
141278,26.9,23.4,19.5,40.9,0.8,3,12.18,27.1,31.4,97,27,0x02,0,0x0000,0x00000000,0x00000000,54,READY_TO_DRIVE
141378,26.9,23.5,19.6,41.1,0.8,3,12.3,27.1,31.8,97,27,0x02,0,0x0000,0x00000000,0x00000000,56,READY_TO_DRIVE
141478,26.9,23.6,19.6,41.1,0.8,3,12.33,27.1,31.7,97,27,0x02,0,0x0000,0x00000000,0x00000000,56,READY_TO_DRIVE
141579,26.8,23.6,19.6,41.2,0.9,3,12.19,27.2,32.2,97,27,0x02,0,0x0000,0x00000000,0x00000000,58,READY_TO_DRIVE
141680,26.9,23.6,19.6,41.2,0.9,4,12.25,27.2,31.9,97,27,0x02,0,0x0000,0x00000000,0x00000000,57,READY_TO_DRIVE
141780,26.9,23.6,19.6,41.2,1.0,4,12.27,27.2,30.7,97,27,0x02,0,0x0000,0x00000000,0x00000000,50,READY_TO_DRIVE
141880,26.9,23.4,19.5,41.0,1.0,4,12.22,27.2,31.8,97,27,0x02,0,0x0000,0x00000000,0x00000000,56,READY_TO_DRIVE
141982,26.9,23.6,19.6,41.2,1.0,4,12.31,27.3,31.7,97,27,0x02,0,0x0000,0x00000000,0x00000000,56,READY_TO_DRIVE
142082,26.8,23.6,19.6,41.1,1.1,4,12.27,27.3,32.2,97,27,0x02,0,0x0000,0x00000000,0x00000000,58,READY_TO_DRIVE
142182,26.9,23.6,19.6,41.1,1.0,4,12.16,27.3,32.1,97,27,0x02,0,0x0000,0x00000000,0x00000000,58,READY_TO_DRIVE
142282,26.8,23.5,19.6,41.1,1.0,4,12.17,27.3,32.1,97,27,0x02,0,0x0000,0x00000000,0x00000000,58,READY_TO_DRIVE
142382,26.9,23.5,19.6,41.1,1.1,4,12.26,27.4,31.7,97,27,0x02,0,0x0000,0x00000000,0x00000000,56,READY_TO_DRIVE
142482,26.9,23.6,19.6,41.2,1.0,4,12.22,27.4,31.7,97,27,0x02,0,0x0000,0x00000000,0x00000000,56,READY_TO_DRIVE
142582,26.9,23.5,19.6,41.1,1.2,4,12.14,27.4,31.7,97,27,0x02,0,0x0000,0x00000000,0x00000000,56,READY_TO_DRIVE
142682,26.9,23.6,19.6,41.1,1.0,4,12.19,27.4,31.7,97,27,0x02,0,0x0000,0x00000000,0x00000000,56,READY_TO_DRIVE
142782,26.8,23.6,19.6,41.1,1.1,4,12.14,27.3,31.5,97,27,0x02,0,0x0000,0x00000000,0x00000000,55,READY_TO_DRIVE
142882,26.9,23.5,19.6,41.1,1.2,4,12.24,27.3,31.5,97,27,0x02,0,0x0000,0x00000000,0x00000000,55,READY_TO_DRIVE
142982,26.9,23.5,19.6,41.2,1.1,4,12.48,27.3,31.5,97,27,0x02,0,0x0000,0x00000000,0x00000000,55,READY_TO_DRIVE
143082,27.4,24.6,20.4,42.9,1.0,4,12.37,27.4,31.5,97,27,0x02,0,0x0000,0x00000000,0x00000000,55,READY_TO_DRIVE
143183,29.8,26.8,22.9,48.1,1.4,4,12.32,27.4,31.7,97,27,0x02,0,0x0000,0x00000000,0x00000000,56,READY_TO_DRIVE
143283,30.1,27.0,23.2,48.7,1.3,4,12.25,27.4,31.8,97,27,0x02,0,0x0000,0x00000000,0x00000000,56,READY_TO_DRIVE
143383,30.2,27.0,23.2,48.8,1.3,4,12.5,27.4,31.8,97,27,0x02,0,0x0000,0x00000000,0x00000000,56,READY_TO_DRIVE
143484,30.2,27.0,23.3,48.8,1.3,4,12.18,27.4,31.8,97,27,0x02,0,0x0000,0x00000000,0x00000000,56,READY_TO_DRIVE
143584,30.2,27.1,23.3,48.9,1.3,4,12.4,27.4,31.5,97,27,0x02,0,0x0000,0x00000000,0x00000000,55,READY_TO_DRIVE
143684,30.2,27.1,23.3,48.9,1.3,4,12.16,27.4,31.5,97,27,0x02,0,0x0000,0x00000000,0x00000000,55,READY_TO_DRIVE
143784,30.2,27.1,23.3,48.9,1.5,4,12.2,27.5,31.7,97,27,0x02,0,0x0000,0x00000000,0x00000000,56,READY_TO_DRIVE
143884,30.5,27.6,23.7,49.8,1.4,4,12.24,27.5,31.7,97,27,0x02,0,0x0000,0x00000000,0x00000000,56,READY_TO_DRIVE
143986,30.5,27.6,23.7,49.8,1.6,4,12.26,27.6,31.3,97,27,0x02,0,0x0000,0x00000000,0x00000000,54,READY_TO_DRIVE
144086,30.5,27.6,23.7,49.8,1.7,4,12.18,27.6,31.4,97,27,0x02,0,0x0000,0x00000000,0x00000000,54,READY_TO_DRIVE
144186,30.5,27.6,23.7,49.8,1.6,4,12.09,27.6,31.4,97,27,0x02,0,0x0000,0x00000000,0x00000000,54,READY_TO_DRIVE
144287,30.9,28.0,24.1,50.7,1.6,4,12.3,27.6,31.4,97,27,0x02,0,0x0000,0x00000000,0x00000000,54,READY_TO_DRIVE
144387,32.6,29.7,26.0,54.5,1.4,4,12.3,27.6,31.4,97,27,0x02,0,0x0000,0x00000000,0x00000000,54,READY_TO_DRIVE
144487,32.8,29.9,26.2,55.1,1.5,4,12.19,27.6,31.4,97,27,0x02,0,0x0000,0x00000000,0x00000000,54,READY_TO_DRIVE
144587,33.5,30.6,26.9,56.6,1.8,5,12.2,27.7,31.5,97,27,0x02,0,0x0000,0x00000000,0x00000000,55,READY_TO_DRIVE
144687,33.5,30.6,26.9,56.5,1.9,5,12.27,27.7,32.7,97,27,0x02,0,0x0000,0x00000000,0x00000000,61,READY_TO_DRIVE
144787,33.5,30.6,26.9,56.5,1.6,5,12.34,27.7,31.7,97,27,0x02,0,0x0000,0x00000000,0x00000000,56,READY_TO_DRIVE
144887,33.5,30.6,26.9,56.5,1.9,5,12.32,27.8,31.7,97,27,0x02,0,0x0000,0x00000000,0x00000000,56,READY_TO_DRIVE
144987,33.5,30.6,26.9,56.5,1.7,5,12.19,27.8,31.9,97,27,0x02,0,0x0000,0x00000000,0x00000000,57,READY_TO_DRIVE
145087,33.8,31.2,27.4,57.6,1.7,5,12.16,27.8,31.9,97,27,0x02,0,0x0000,0x00000000,0x00000000,57,READY_TO_DRIVE
145187,34.2,31.5,27.8,58.4,2.1,5,12.42,27.8,31.9,97,27,0x02,0,0x0000,0x00000000,0x00000000,57,READY_TO_DRIVE
145287,34.4,31.6,28.0,58.7,1.7,5,12.17,27.8,31.7,97,27,0x02,0,0x0000,0x00000000,0x00000000,56,READY_TO_DRIVE
145387,34.5,31.6,28.0,58.8,2.1,5,12.22,27.9,31.9,97,27,0x02,0,0x0000,0x00000000,0x00000000,57,READY_TO_DRIVE
145487,34.5,31.6,28.0,58.8,2.7,5,12.22,27.9,31.9,97,27,0x02,0,0x0000,0x00000000,0x00000000,57,READY_TO_DRIVE
145587,34.4,31.6,28.0,58.8,2.5,5,12.31,27.9,31.5,97,27,0x02,0,0x0000,0x00000000,0x00000000,55,READY_TO_DRIVE
145687,34.5,31.6,28.0,58.7,2.3,6,12.18,27.9,31.5,97,27,0x02,0,0x0000,0x00000000,0x00000000,55,READY_TO_DRIVE
145787,34.4,31.6,28.0,58.7,2.7,6,12.28,28.1,31.8,97,27,0x02,0,0x0000,0x00000000,0x00000000,56,READY_TO_DRIVE
145887,34.4,31.6,28.0,58.7,2.2,6,12.2,28.1,31.8,97,27,0x02,0,0x0000,0x00000000,0x00000000,56,READY_TO_DRIVE
145989,34.4,31.6,27.9,58.7,2.7,6,12.12,28.1,31.7,97,27,0x02,0,0x0000,0x00000000,0x00000000,56,READY_TO_DRIVE
146089,34.4,31.6,28.0,58.7,2.4,6,12.51,28.1,31.3,97,27,0x02,0,0x0000,0x00000000,0x00000000,54,READY_TO_DRIVE
146190,34.5,31.6,28.0,58.8,2.4,6,12.22,28.1,31.8,97,27,0x02,0,0x0000,0x00000000,0x00000000,56,READY_TO_DRIVE
146290,34.5,31.6,28.0,58.7,2.5,6,12.22,28.1,31.8,97,27,0x02,0,0x0000,0x00000000,0x00000000,56,READY_TO_DRIVE
146390,34.5,31.5,28.0,58.7,2.6,6,12.22,28.1,31.9,97,27,0x02,0,0x0000,0x00000000,0x00000000,57,READY_TO_DRIVE
146490,34.4,31.6,28.0,58.7,2.8,6,12.28,28.1,31.5,97,27,0x02,0,0x0000,0x00000000,0x00000000,55,READY_TO_DRIVE
146592,34.4,31.6,28.0,58.7,2.8,7,12.33,28.1,31.7,97,27,0x02,0,0x0000,0x00000000,0x00000000,56,READY_TO_DRIVE
146692,34.4,31.6,28.0,58.7,2.9,7,12.27,28.2,31.5,97,27,0x02,0,0x0000,0x00000000,0x00000000,55,READY_TO_DRIVE
146793,34.5,31.6,28.0,58.8,2.9,7,12.18,28.2,31.8,97,27,0x02,0,0x0000,0x00000000,0x00000000,56,READY_TO_DRIVE
146894,34.4,31.6,27.9,58.7,2.8,7,12.28,28.2,31.8,97,27,0x02,0,0x0000,0x00000000,0x00000000,56,READY_TO_DRIVE
146994,34.4,31.6,28.0,58.7,3.0,7,12.2,28.2,31.8,97,27,0x02,0,0x0000,0x00000000,0x00000000,56,READY_TO_DRIVE
147095,34.4,31.6,28.0,58.7,3.1,7,12.39,28.2,31.4,97,27,0x02,0,0x0000,0x00000000,0x00000000,54,READY_TO_DRIVE
147195,34.4,31.6,28.0,58.7,3.0,7,12.31,28.2,33.2,97,27,0x02,0,0x0000,0x00000000,0x00000000,64,READY_TO_DRIVE
147295,34.5,31.6,28.0,58.8,3.1,7,12.34,28.2,33.2,97,27,0x02,0,0x0000,0x00000000,0x00000000,64,READY_TO_DRIVE
147396,34.5,31.5,28.0,58.8,3.2,7,12.26,28.2,33.2,97,27,0x02,0,0x0000,0x00000000,0x00000000,64,READY_TO_DRIVE
147496,34.4,31.7,28.0,58.8,3.4,8,12.26,28.2,31.8,97,27,0x02,0,0x0000,0x00000000,0x00000000,56,READY_TO_DRIVE
147597,34.5,31.8,28.1,59.0,3.3,8,12.35,28.2,31.8,97,27,0x02,0,0x0000,0x00000000,0x00000000,56,READY_TO_DRIVE
147697,34.5,31.7,28.1,59.0,3.4,8,12.19,28.2,31.7,97,27,0x02,0,0x0000,0x00000000,0x00000000,56,READY_TO_DRIVE
147797,34.5,31.7,28.1,59.0,3.5,8,12.23,28.2,31.4,97,27,0x02,0,0x0000,0x00000000,0x00000000,54,READY_TO_DRIVE
147898,34.5,31.7,28.1,59.0,3.6,8,12.32,28.3,32.3,97,27,0x02,0,0x0000,0x00000000,0x00000000,59,READY_TO_DRIVE
147998,35.8,33.2,29.6,62.2,3.6,8,12.18,28.3,32.3,97,27,0x02,0,0x0000,0x00000000,0x00000000,59,READY_TO_DRIVE
148105,39.6,37.3,33.8,71.0,4.4,9,12.19,28.3,32.3,97,27,0x02,0,0x0000,0x00000000,0x00000000,59,READY_TO_DRIVE
148205,40.2,37.6,34.3,72.1,4.7,9,12.35,28.3,32.3,97,27,0x02,0,0x0000,0x00000000,0x00000000,59,READY_TO_DRIVE
148305,40.2,37.9,34.5,72.4,5.0,9,12.28,28.3,31.8,97,27,0x02,0,0x0000,0x00000000,0x00000000,56,READY_TO_DRIVE
148405,40.3,37.5,34.3,72.0,5.0,9,12.64,28.3,31.8,97,27,0x02,0,0x0000,0x00000000,0x00000000,56,READY_TO_DRIVE
148505,40.3,37.5,34.3,72.0,5.5,10,12.64,28.4,31.9,97,27,0x02,0,0x0000,0x00000000,0x00000000,57,READY_TO_DRIVE
148605,40.3,37.5,34.3,72.1,5.2,9,12.28,28.4,31.9,97,27,0x02,0,0x0000,0x00000000,0x00000000,57,READY_TO_DRIVE
148705,40.3,37.5,34.3,72.1,5.5,10,11.92,28.5,31.7,97,27,0x02,0,0x0000,0x00000000,0x00000000,56,READY_TO_DRIVE
148817,43.5,41.1,38.0,79.7,6.2,10,12.14,28.5,31.7,97,27,0x02,0,0x0000,0x00000000,0x00000000,56,READY_TO_DRIVE
148917,46.3,44.2,41.1,86.4,7.0,11,12.14,28.5,31.7,97,27,0x02,0,0x0000,0x00000000,0x00000000,56,READY_TO_DRIVE
149017,45.3,42.8,39.9,83.8,7.3,11,12.47,28.5,31.7,97,27,0x02,0,0x0000,0x00000000,0x00000000,56,READY_TO_DRIVE
149118,44.4,42.0,39.0,81.8,7.0,11,12.31,28.5,31.9,97,27,0x02,0,0x0000,0x00000000,0x00000000,57,READY_TO_DRIVE
149218,41.2,38.5,35.3,74.1,6.9,12,12.25,28.5,31.8,97,27,0x02,0,0x0000,0x00000000,0x00000000,56,READY_TO_DRIVE
149318,40.7,38.1,34.9,73.2,6.6,12,12.46,28.8,32.4,97,27,0x02,0,0x0000,0x00000000,0x00000000,59,READY_TO_DRIVE
149425,40.5,38.0,34.7,72.9,6.9,13,12.33,28.8,32.4,97,27,0x02,0,0x0000,0x00000000,0x00000000,59,READY_TO_DRIVE
149525,40.0,37.4,34.1,71.6,6.7,12,12.28,28.8,31.9,97,27,0x02,0,0x0000,0x00000000,0x00000000,57,READY_TO_DRIVE
149631,39.9,37.3,34.0,71.4,7.0,13,12.21,29.0,31.8,97,27,0x02,0,0x0000,0x00000000,0x00000000,56,READY_TO_DRIVE
149731,37.0,34.3,30.8,64.7,6.7,13,12.44,29.0,31.9,97,27,0x02,0,0x0000,0x00000000,0x00000000,57,READY_TO_DRIVE
149832,37.0,34.3,30.8,64.7,6.2,13,12.23,29.0,31.9,97,27,0x02,0,0x0000,0x00000000,0x00000000,57,READY_TO_DRIVE
149932,37.1,34.3,30.8,64.8,6.4,13,12.26,29.1,32.3,97,27,0x02,0,0x0000,0x00000000,0x00000000,59,READY_TO_DRIVE
150044,42.0,39.7,36.4,76.5,8.0,14,12.36,29.1,31.7,97,27,0x02,0,0x0000,0x00000000,0x00000000,56,READY_TO_DRIVE
150146,46.6,44.7,41.6,87.3,8.7,13,12.36,29.1,31.7,97,27,0x02,0,0x0000,0x00000000,0x00000000,56,READY_TO_DRIVE
150246,46.8,45.0,41.8,87.8,9.4,14,12.31,29.0,31.7,97,27,0x02,0,0x0000,0x00000000,0x00000000,56,READY_TO_DRIVE
150346,47.7,46.2,43.0,90.2,9.9,14,12.31,29.0,31.7,97,27,0x02,0,0x0000,0x00000000,0x00000000,56,READY_TO_DRIVE
150447,50.6,48.8,45.9,96.4,10.6,15,12.13,29.1,31.7,97,27,0x02,0,0x0000,0x00000000,0x00000000,56,READY_TO_DRIVE
150551,49.0,46.9,44.0,92.4,11.0,15,12.27,29.1,31.7,97,27,0x02,0,0x0000,0x00000000,0x00000000,56,READY_TO_DRIVE
150651,46.7,44.3,41.4,87.0,10.8,16,11.74,29.2,31.7,97,27,0x02,0,0x0000,0x00000000,0x00000000,56,READY_TO_DRIVE
150757,46.5,44.1,41.2,86.5,10.9,17,12.23,29.2,31.7,97,27,0x02,0,0x0000,0x00000000,0x00000000,56,READY_TO_DRIVE
150872,44.6,42.3,39.2,82.3,10.5,17,12.23,29.2,31.5,97,27,0x02,0,0x0000,0x00000000,0x00000000,56,READY_TO_DRIVE
150973,40.5,38.0,34.7,72.9,9.4,17,12.23,29.2,31.5,97,27,0x02,0,0x0000,0x00000000,0x00000000,55,READY_TO_DRIVE
151074,39.6,36.9,33.6,70.6,9.2,17,12.23,29.2,31.5,97,27,0x02,0,0x0000,0x00000000,0x00000000,55,READY_TO_DRIVE
151174,39.5,37.0,33.6,70.5,9.1,17,12.35,29.2,31.5,97,27,0x02,0,0x0000,0x00000000,0x00000000,55,READY_TO_DRIVE
151275,39.5,37.0,33.6,70.6,9.3,17,12.22,29.5,32.6,97,27,0x02,0,0x0000,0x00000000,0x00000000,61,READY_TO_DRIVE
151376,39.5,37.0,33.6,70.5,9.2,17,12.23,29.5,31.7,97,27,0x02,0,0x0000,0x00000000,0x00000000,56,READY_TO_DRIVE
151476,40.0,38.4,34.6,72.7,9.5,17,12.23,29.5,31.7,97,27,0x02,0,0x0000,0x00000000,0x00000000,56,READY_TO_DRIVE
151577,40.6,38.8,35.2,73.8,10.0,18,12.23,29.5,31.1,97,27,0x02,0,0x0000,0x00000000,0x00000000,53,READY_TO_DRIVE
151679,38.6,41.1,35.3,74.2,10.4,18,12.16,29.4,31.9,97,27,0x02,0,0x0000,0x00000000,0x00000000,57,READY_TO_DRIVE
151779,48.4,48.8,44.7,93.9,11.4,18,12.16,29.4,31.9,97,27,0x02,0,0x0000,0x00000000,0x00000000,57,READY_TO_DRIVE
151879,56.1,56.4,52.9,111.2,16.0,19,12.34,29.4,31.8,97,27,0x02,0,0x0000,0x00000000,0x00000000,57,READY_TO_DRIVE
151989,55.0,55.7,52.0,109.2,16.7,20,12.34,29.4,31.8,97,27,0x02,0,0x0000,0x00000000,0x00000000,56,READY_TO_DRIVE
152090,49.7,49.6,45.9,96.3,13.4,20,12.3,29.4,31.7,97,27,0x02,0,0x0000,0x00000000,0x00000000,56,READY_TO_DRIVE
152195,54.3,59.8,53.8,113.0,18.4,21,12.25,29.4,31.7,97,27,0x02,0,0x0000,0x00000000,0x00000000,56,READY_TO_DRIVE
152295,58.1,58.9,55.4,116.3,18.9,21,12.27,29.4,31.7,97,27,0x02,0,0x0000,0x00000000,0x00000000,56,READY_TO_DRIVE
152395,54.2,55.8,51.6,108.4,17.7,22,12.27,29.4,31.7,97,27,0x02,0,0x0000,0x00000000,0x00000000,56,READY_TO_DRIVE
152496,50.2,50.3,46.6,97.8,18.1,23,12.35,29.4,33.1,97,27,0x02,0,0x0000,0x00000000,0x00000000,63,READY_TO_DRIVE
152596,48.9,48.0,44.6,93.6,17.1,23,12.2,29.4,33.1,97,27,0x02,0,0x0000,0x00000000,0x00000000,63,READY_TO_DRIVE
152698,48.0,47.6,43.9,92.2,16.3,23,12.27,30.1,32.3,97,27,0x02,0,0x0000,0x00000000,0x00000000,59,READY_TO_DRIVE
152802,47.6,47.6,43.7,91.7,16.4,24,12.27,30.1,32.3,97,27,0x02,0,0x0000,0x00000000,0x00000000,59,READY_TO_DRIVE
152904,46.5,48.0,43.3,90.9,16.6,24,12.27,30.1,32.3,97,27,0x02,0,0x0000,0x00000000,0x00000000,59,READY_TO_DRIVE
153007,47.7,48.3,44.1,92.5,17.3,24,12.16,30.1,32.3,97,27,0x02,0,0x0000,0x00000000,0x00000000,59,READY_TO_DRIVE
153107,47.8,49.3,44.7,93.8,17.9,24,12.16,30.1,32.3,97,27,0x02,0,0x0000,0x00000000,0x00000000,59,READY_TO_DRIVE
153210,47.7,49.6,44.8,94.1,17.8,25,12.26,30.1,33.0,97,27,0x02,0,0x0000,0x00000000,0x00000000,59,READY_TO_DRIVE
153311,48.3,49.9,45.3,95.0,19.1,27,12.22,30.2,32.3,97,27,0x02,0,0x0000,0x00000000,0x00000000,59,READY_TO_DRIVE
153411,55.7,56.2,52.6,110.5,23.1,26,12.14,30.2,32.3,97,27,0x02,0,0x0000,0x00000000,0x00000000,59,READY_TO_DRIVE
153513,55.3,58.6,53.7,112.8,22.6,27,12.14,30.3,32.3,97,27,0x02,0,0x0000,0x00000000,0x00000000,59,READY_TO_DRIVE
153616,74.5,77.2,74.0,155.4,26.0,28,12.55,30.3,32.3,97,27,0x02,0,0x0000,0x00000000,0x00000000,59,READY_TO_DRIVE
153729,86.2,87.6,85.9,180.4,37.3,29,12.55,30.3,32.3,97,27,0x02,0,0x0000,0x00000000,0x00000000,59,READY_TO_DRIVE
153831,86.7,92.5,88.9,186.6,40.2,31,12.55,30.5,32.3,97,27,0x02,0,0x0000,0x00000000,0x00000000,59,READY_TO_DRIVE
153931,89.4,94.8,91.5,192.2,43.5,33,12.55,30.5,32.4,97,27,0x02,0,0x0000,0x00000000,0x00000000,59,READY_TO_DRIVE
154031,85.3,85.4,84.3,177.0,42.7,32,12.55,31.0,32.4,97,27,0x02,0,0x0000,0x00000000,0x00000000,59,READY_TO_DRIVE
154132,84.8,84.5,83.5,175.3,44.2,34,12.32,31.2,32.4,97,27,0x02,0,0x0000,0x00000000,0x00000000,59,READY_TO_DRIVE
154232,73.9,72.8,71.3,149.8,36.3,36,12.32,31.2,32.4,97,27,0x02,0,0x0000,0x00000000,0x00000000,59,READY_TO_DRIVE
154332,50.1,50.6,46.6,97.8,36.2,35,12.32,31.2,32.4,97,27,0x02,0,0x0000,0x00000000,0x00000000,59,READY_TO_DRIVE
154432,37.9,36.4,32.4,68.1,19.3,36,12.22,31.2,32.4,97,27,0x02,0,0x0000,0x00000000,0x00000000,59,READY_TO_DRIVE
154533,18.6,14.1,10.0,21.1,18.1,35,12.24,32.0,32.4,97,27,0x02,0,0x0000,0x00000000,0x00000000,59,READY_TO_DRIVE
154635,11.5,7.4,2.6,5.4,6.1,35,12.55,32.0,32.4,97,27,0x02,0,0x0000,0x00000000,0x00000000,59,READY_TO_DRIVE
154735,7.8,5.6,0.0,0.0,0.0,32,12.16,32.0,35.5,97,27,0x02,0,0x0000,0x00000000,0x00000000,76,READY_TO_DRIVE
154835,5.0,5.6,0.0,0.0,0.0,32,12.3,31.8,35.5,97,27,0x02,0,0x0000,0x00000000,0x00000000,76,READY_TO_DRIVE
154935,4.6,5.2,0.0,0.0,0.0,32,12.3,31.6,31.8,97,27,0x02,0,0x0000,0x00000000,0x00000000,56,READY_TO_DRIVE
155035,5.2,4.4,0.0,0.0,0.0,32,12.2,31.3,31.8,97,27,0x02,0,0x0000,0x00000000,0x00000000,56,READY_TO_DRIVE
155135,5.2,4.4,0.0,0.0,0.0,30,12.25,31.3,31.9,97,27,0x02,0,0x0000,0x00000000,0x00000000,57,READY_TO_DRIVE
155235,6.5,4.4,0.0,0.0,0.0,30,12.23,31.3,32.6,97,27,0x02,0,0x0000,0x00000000,0x00000000,61,READY_TO_DRIVE
155336,19.9,17.5,12.6,26.4,5.2,30,12.27,30.3,32.3,97,27,0x02,0,0x0000,0x00000000,0x00000000,59,READY_TO_DRIVE
155438,35.3,35.2,30.4,63.8,12.0,31,12.27,30.0,32.3,97,27,0x02,0,0x0000,0x00000000,0x00000000,59,READY_TO_DRIVE
155540,46.3,48.4,43.4,91.1,22.4,31,12.18,30.0,32.3,97,27,0x02,0,0x0000,0x00000000,0x00000000,59,READY_TO_DRIVE
155640,62.2,68.2,62.6,131.5,29.1,31,12.18,30.0,32.3,97,27,0x02,0,0x0000,0x00000000,0x00000000,59,READY_TO_DRIVE
155740,63.7,71.9,65.4,137.3,35.5,33,12.21,30.0,32.4,97,27,0x02,0,0x0000,0x00000000,0x00000000,59,READY_TO_DRIVE
155840,44.0,46.2,41.0,86.1,31.9,34,12.44,30.0,32.4,97,27,0x02,0,0x0000,0x00000000,0x00000000,59,READY_TO_DRIVE
155940,20.7,18.7,13.7,28.8,10.6,33,12.28,29.5,32.4,97,27,0x02,0,0x0000,0x00000000,0x00000000,59,READY_TO_DRIVE
156040,12.0,10.1,4.4,9.2,2.2,33,12.22,29.5,32.4,97,27,0x02,0,0x0000,0x00000000,0x00000000,59,READY_TO_DRIVE
156143,11.7,9.4,3.8,8.1,2.1,33,12.2,29.5,32.4,97,27,0x02,0,0x0000,0x00000000,0x00000000,59,READY_TO_DRIVE
156243,9.3,8.2,1.9,3.9,0.7,32,12.32,29.5,32.8,97,27,0x02,0,0x0000,0x00000000,0x00000000,62,READY_TO_DRIVE
156345,10.8,8.1,2.6,5.6,1.1,32,12.21,29.7,32.8,97,27,0x02,0,0x0000,0x00000000,0x00000000,62,READY_TO_DRIVE
156445,11.4,8.1,3.0,6.2,1.4,32,12.18,29.7,32.3,97,27,0x02,0,0x0000,0x00000000,0x00000000,59,READY_TO_DRIVE
156545,11.7,8.4,3.3,7.0,1.5,31,12.22,29.7,32.4,97,27,0x02,0,0x0000,0x00000000,0x00000000,59,READY_TO_DRIVE
156645,11.3,8.5,3.1,6.5,1.5,31,12.35,29.7,33.4,97,27,0x02,0,0x0000,0x00000000,0x00000000,65,READY_TO_DRIVE
156745,12.1,8.9,3.8,7.9,1.7,30,12.35,29.1,32.2,97,27,0x02,0,0x0000,0x00000000,0x00000000,58,READY_TO_DRIVE
156852,11.3,14.3,6.2,13.1,2.7,29,12.35,28.9,32.2,97,27,0x02,0,0x0000,0x00000000,0x00000000,58,READY_TO_DRIVE
156964,11.3,10.7,4.3,8.9,2.4,28,12.13,28.8,32.4,97,27,0x02,0,0x0000,0x00000000,0x00000000,59,READY_TO_DRIVE
157064,11.5,11.8,5.0,10.5,1.5,28,12.14,28.8,32.4,97,27,0x02,0,0x0000,0x00000000,0x00000000,59,READY_TO_DRIVE
157164,15.1,15.8,9.1,19.1,3.4,27,12.14,28.8,32.4,97,27,0x02,0,0x0000,0x00000000,0x00000000,59,READY_TO_DRIVE
157264,24.4,24.9,18.9,39.8,8.3,27,12.23,28.8,33.0,97,27,0x02,0,0x0000,0x00000000,0x00000000,63,READY_TO_DRIVE
157364,24.7,24.9,19.1,40.1,8.2,27,12.32,28.4,33.0,97,27,0x02,0,0x0000,0x00000000,0x00000000,63,READY_TO_DRIVE
157468,24.5,23.2,18.1,38.0,7.7,26,12.24,28.4,33.0,97,27,0x02,0,0x0000,0x00000000,0x00000000,63,READY_TO_DRIVE
157569,23.9,22.6,17.5,36.7,7.3,26,12.46,28.4,33.0,97,27,0x02,0,0x0000,0x00000000,0x00000000,63,READY_TO_DRIVE
157680,21.2,20.4,14.8,31.1,6.7,25,12.46,28.4,33.0,97,27,0x02,0,0x0000,0x00000000,0x00000000,63,READY_TO_DRIVE
157780,15.9,15.7,9.4,19.8,4.4,25,12.35,28.4,32.8,97,27,0x02,0,0x0000,0x00000000,0x00000000,62,READY_TO_DRIVE
157880,14.3,12.4,6.9,14.4,2.6,24,12.25,28.4,32.8,97,27,0x02,0,0x0000,0x00000000,0x00000000,62,READY_TO_DRIVE
157980,14.1,12.1,6.5,13.7,2.4,23,12.16,28.2,33.1,97,27,0x02,0,0x0000,0x00000000,0x00000000,63,READY_TO_DRIVE
158080,13.9,12.0,6.4,13.4,2.2,23,12.16,28.2,33.1,97,27,0x02,0,0x0000,0x00000000,0x00000000,63,READY_TO_DRIVE
158182,17.8,17.4,11.4,23.9,2.4,22,12.3,28.2,33.1,97,27,0x02,0,0x0000,0x00000000,0x00000000,63,READY_TO_DRIVE
158282,22.8,22.1,16.6,34.9,5.7,22,12.25,28.2,33.1,97,27,0x02,0,0x0000,0x00000000,0x00000000,63,READY_TO_DRIVE
158395,37.3,38.2,33.1,69.4,12.2,23,12.47,28.1,33.1,97,27,0x02,0,0x0000,0x00000000,0x00000000,63,READY_TO_DRIVE
158495,35.3,37.3,31.5,66.2,11.7,22,12.39,28.1,33.1,97,27,0x02,0,0x0000,0x00000000,0x00000000,63,READY_TO_DRIVE
158595,29.8,30.0,24.7,51.8,10.8,22,12.39,28.1,33.1,97,27,0x02,0,0x0000,0x00000000,0x00000000,63,READY_TO_DRIVE
158696,27.7,25.9,21.3,44.7,8.1,22,12.39,28.1,33.1,97,27,0x02,0,0x0000,0x00000000,0x00000000,63,READY_TO_DRIVE
158796,26.0,25.8,20.3,42.7,7.1,22,12.39,28.1,33.1,97,27,0x02,0,0x0000,0x00000000,0x00000000,63,READY_TO_DRIVE
158896,26.2,27.1,21.1,44.3,7.0,21,12.16,28.1,32.7,97,27,0x02,0,0x0000,0x00000000,0x00000000,61,READY_TO_DRIVE
159000,29.4,29.4,24.1,50.5,8.3,21,12.16,28.3,33.5,97,27,0x02,0,0x0000,0x00000000,0x00000000,65,READY_TO_DRIVE
159100,29.4,29.8,24.3,51.0,8.1,21,12.36,28.3,33.5,97,27,0x02,0,0x0000,0x00000000,0x00000000,65,READY_TO_DRIVE
159200,29.6,29.9,24.5,51.4,8.2,21,12.36,28.4,33.2,97,27,0x02,0,0x0000,0x00000000,0x00000000,64,READY_TO_DRIVE
159300,30.7,30.5,25.4,53.3,8.2,21,12.21,28.4,33.0,97,27,0x02,0,0x0000,0x00000000,0x00000000,63,READY_TO_DRIVE
159403,31.1,30.6,25.6,53.8,8.3,20,12.41,28.4,32.7,97,27,0x02,0,0x0000,0x00000000,0x00000000,61,READY_TO_DRIVE
159503,31.1,30.5,25.6,53.7,8.3,20,12.41,28.4,32.7,97,27,0x02,0,0x0000,0x00000000,0x00000000,61,READY_TO_DRIVE
159613,29.4,27.0,22.8,47.9,8.2,21,12.49,28.4,32.7,97,27,0x02,0,0x0000,0x00000000,0x00000000,61,READY_TO_DRIVE
159714,27.9,26.1,21.5,45.2,6.9,20,12.49,28.4,32.7,97,27,0x02,0,0x0000,0x00000000,0x00000000,61,READY_TO_DRIVE
159814,28.9,28.8,23.5,49.4,7.4,20,12.19,28.4,33.0,97,27,0x02,0,0x0000,0x00000000,0x00000000,63,READY_TO_DRIVE
159914,30.0,29.5,24.4,0.0,7.4,19,12.31,28.4,33.0,97,27,0x02,0,0x0000,0x00000000,0x00000000,63,READY_TO_DRIVE
160015,30.8,29.8,25.0,52.6,7.9,19,12.39,28.4,33.0,97,27,0x02,0,0x0000,0x00000000,0x00000000,63,READY_TO_DRIVE
160115,33.0,32.3,27.6,57.9,0.5,19,12.14,28.4,33.0,97,27,0x02,0,0x0000,0x00000000,0x00000000,63,READY_TO_DRIVE
160215,33.8,31.7,27.7,0.0,8.5,19,12.39,28.6,33.0,97,27,0x02,0,0x0000,0x00000000,0x00000000,63,READY_TO_DRIVE
160316,36.5,39.1,33.1,69.6,10.8,20,12.22,28.6,33.0,97,27,0x02,0,0x0000,0x00000000,0x00000000,63,READY_TO_DRIVE
160417,35.6,34.7,30.2,63.5,9.3,19,12.26,28.7,33.6,97,27,0x02,0,0x0000,0x00000000,0x00000000,66,READY_TO_DRIVE
160517,35.0,34.1,29.6,62.2,9.2,19,12.21,28.7,33.0,97,27,0x02,0,0x0000,0x00000000,0x00000000,63,READY_TO_DRIVE
160617,35.2,34.2,29.8,62.6,9.0,19,12.28,28.7,33.1,97,27,0x02,0,0x0000,0x00000000,0x00000000,63,READY_TO_DRIVE
160717,39.6,39.3,34.9,73.2,11.0,20,12.22,28.7,33.1,97,27,0x02,0,0x0000,0x00000000,0x00000000,63,READY_TO_DRIVE
160825,39.7,38.2,34.4,72.1,11.2,21,12.25,28.8,33.2,97,27,0x02,0,0x0000,0x00000000,0x00000000,64,READY_TO_DRIVE
160925,36.7,35.7,31.4,65.9,9.9,19,12.25,28.8,33.2,97,27,0x02,0,0x0000,0x00000000,0x00000000,64,READY_TO_DRIVE
161033,37.4,35.7,31.8,66.8,9.8,19,12.25,28.8,33.2,97,27,0x02,0,0x0000,0x00000000,0x00000000,64,READY_TO_DRIVE
161133,36.7,35.7,31.4,65.9,10.2,20,12.22,28.8,33.4,97,27,0x02,0,0x0000,0x00000000,0x00000000,65,READY_TO_DRIVE
161234,35.8,35.7,30.9,64.9,9.8,19,12.22,29.1,33.1,97,27,0x02,0,0x0000,0x00000000,0x00000000,63,READY_TO_DRIVE
161334,36.5,35.2,31.0,65.1,9.8,19,12.22,29.1,33.1,97,27,0x02,0,0x0000,0x00000000,0x00000000,63,READY_TO_DRIVE
161434,35.9,35.3,30.8,64.6,9.7,20,12.1,29.1,33.7,97,27,0x02,0,0x0000,0x00000000,0x00000000,66,READY_TO_DRIVE
161537,36.4,35.8,31.3,0.0,9.7,19,12.25,29.2,33.7,97,27,0x02,0,0x0000,0x00000000,0x00000000,66,READY_TO_DRIVE
161647,34.4,33.8,29.1,61.2,9.1,19,12.23,29.2,33.7,97,27,0x02,0,0x0000,0x00000000,0x00000000,66,READY_TO_DRIVE
161750,35.8,35.0,30.6,64.2,9.3,20,12.23,29.2,33.7,97,27,0x02,0,0x0000,0x00000000,0x00000000,66,READY_TO_DRIVE
161851,37.2,36.3,31.9,67.1,10.2,20,12.23,29.3,34.1,97,27,0x02,0,0x0000,0x00000000,0x00000000,69,READY_TO_DRIVE
161952,40.5,40.4,36.0,75.5,11.5,20,12.18,29.3,34.1,97,27,0x02,0,0x0000,0x00000000,0x00000000,69,READY_TO_DRIVE
162056,39.4,38.1,34.1,71.7,12.2,21,12.1,29.4,33.4,97,27,0x02,0,0x0000,0x00000000,0x00000000,65,READY_TO_DRIVE
162157,33.3,31.3,27.2,57.1,8.8,20,12.19,29.4,33.4,97,27,0x02,0,0x0000,0x00000000,0x00000000,65,READY_TO_DRIVE
162257,22.4,20.5,15.5,32.6,5.5,20,12.12,29.4,33.7,97,27,0x02,0,0x0000,0x00000000,0x00000000,66,READY_TO_DRIVE
162357,12.9,10.1,4.8,10.2,2.4,20,12.11,29.4,33.7,97,27,0x02,0,0x0000,0x00000000,0x00000000,66,READY_TO_DRIVE
162458,10.3,7.2,1.9,3.9,0.4,19,12.11,29.4,33.7,97,27,0x02,0,0x0000,0x00000000,0x00000000,66,READY_TO_DRIVE
162558,9.7,6.7,1.3,2.7,0.3,19,12.24,29.4,33.7,97,27,0x02,0,0x0000,0x00000000,0x00000000,66,READY_TO_DRIVE
162658,9.6,6.7,1.2,2.6,0.3,18,12.2,29.4,33.1,97,27,0x02,0,0x0000,0x00000000,0x00000000,63,READY_TO_DRIVE
162763,12.4,10.5,4.8,10.0,0.9,18,12.28,29.4,33.1,97,27,0x02,0,0x0000,0x00000000,0x00000000,63,READY_TO_DRIVE
162863,16.8,14.7,9.4,19.7,2.5,17,12.11,29.4,33.1,97,27,0x02,0,0x0000,0x00000000,0x00000000,63,READY_TO_DRIVE
162963,17.5,15.7,10.3,21.7,2.7,16,12.21,28.9,33.5,97,27,0x02,0,0x0000,0x00000000,0x00000000,65,READY_TO_DRIVE
163063,18.6,16.8,11.5,24.2,2.8,17,12.21,28.9,33.2,97,27,0x02,0,0x0000,0x00000000,0x00000000,64,READY_TO_DRIVE
163163,20.8,19.8,14.3,30.0,3.5,17,12.21,28.9,33.2,97,27,0x02,0,0x0000,0x00000000,0x00000000,64,READY_TO_DRIVE
163265,22.2,21.1,15.7,33.0,4.0,16,12.26,28.6,33.4,97,27,0x02,0,0x0000,0x00000000,0x00000000,65,READY_TO_DRIVE
163366,22.6,21.6,16.2,34.0,4.2,16,12.22,28.6,33.4,97,27,0x02,0,0x0000,0x00000000,0x00000000,65,READY_TO_DRIVE
163467,22.3,21.6,16.1,33.7,4.3,16,12.1,28.6,33.7,97,27,0x02,0,0x0000,0x00000000,0x00000000,66,READY_TO_DRIVE
163567,22.7,21.6,16.3,34.2,4.2,16,12.27,28.6,33.6,97,27,0x02,0,0x0000,0x00000000,0x00000000,66,READY_TO_DRIVE
163667,22.7,21.7,16.3,34.3,4.2,16,12.11,28.6,33.6,97,27,0x02,0,0x0000,0x00000000,0x00000000,66,READY_TO_DRIVE
163767,22.8,21.6,16.4,34.4,4.1,16,12.36,28.6,33.6,97,27,0x02,0,0x0000,0x00000000,0x00000000,66,READY_TO_DRIVE
163867,22.7,21.6,16.3,34.2,4.3,16,12.16,28.4,33.9,97,27,0x02,0,0x0000,0x00000000,0x00000000,67,READY_TO_DRIVE
163967,26.0,25.0,19.9,41.8,5.3,17,12.16,28.4,33.9,97,27,0x02,0,0x0000,0x00000000,0x00000000,67,READY_TO_DRIVE
164067,26.3,25.4,20.3,42.6,5.4,17,12.34,28.4,33.7,97,27,0x02,0,0x0000,0x00000000,0x00000000,66,READY_TO_DRIVE
164167,22.7,21.0,16.0,33.6,4.3,17,12.27,28.4,33.7,97,27,0x02,0,0x0000,0x00000000,0x00000000,66,READY_TO_DRIVE
164267,20.7,18.6,13.6,28.6,3.6,17,12.21,28.5,33.2,97,27,0x02,0,0x0000,0x00000000,0x00000000,64,READY_TO_DRIVE
164367,20.1,18.0,12.9,27.1,3.6,17,12.14,28.5,33.2,97,27,0x02,0,0x0000,0x00000000,0x00000000,64,READY_TO_DRIVE
164467,13.3,11.3,5.7,11.9,1.5,17,12.18,28.6,33.2,97,27,0x02,0,0x0000,0x00000000,0x00000000,64,READY_TO_DRIVE
164567,9.4,6.1,0.8,1.7,0.4,17,12.27,28.6,33.2,97,27,0x02,0,0x0000,0x00000000,0x00000000,64,READY_TO_DRIVE
164668,9.5,6.1,0.8,1.8,0.1,16,12.27,28.5,33.4,97,27,0x02,0,0x0000,0x00000000,0x00000000,65,READY_TO_DRIVE
164768,9.4,6.1,0.8,1.6,0.2,17,12.27,28.5,33.4,97,27,0x02,0,0x0000,0x00000000,0x00000000,65,READY_TO_DRIVE
164868,9.2,6.0,0.7,1.4,0.1,16,12.32,28.4,33.6,97,27,0x02,0,0x0000,0x00000000,0x00000000,66,READY_TO_DRIVE
164969,9.5,7.7,1.7,3.6,0.2,16,12.19,28.4,33.6,97,27,0x02,0,0x0000,0x00000000,0x00000000,66,READY_TO_DRIVE
165069,14.9,13.4,7.7,16.2,2.2,17,12.19,28.4,33.6,97,27,0x02,0,0x0000,0x00000000,0x00000000,66,READY_TO_DRIVE
165169,15.0,13.6,7.8,16.4,1.9,16,12.19,28.4,33.6,97,27,0x02,0,0x0000,0x00000000,0x00000000,66,READY_TO_DRIVE
165278,15.9,13.6,8.4,17.6,2.0,16,12.24,28.2,33.4,97,27,0x02,0,0x0000,0x00000000,0x00000000,65,READY_TO_DRIVE
165378,20.3,18.9,13.5,28.4,2.5,15,12.19,28.2,33.4,97,27,0x02,0,0x0000,0x00000000,0x00000000,65,READY_TO_DRIVE
165478,22.9,21.5,16.3,34.3,3.6,15,12.13,28.1,33.9,97,27,0x02,0,0x0000,0x00000000,0x00000000,67,READY_TO_DRIVE
165578,30.8,29.9,25.1,52.7,5.5,16,12.13,28.1,33.9,97,27,0x02,0,0x0000,0x00000000,0x00000000,67,READY_TO_DRIVE
165679,34.9,33.6,29.3,61.6,7.0,16,12.27,28.1,34.0,97,27,0x02,0,0x0000,0x00000000,0x00000000,68,READY_TO_DRIVE
165779,38.2,37.3,33.1,69.5,8.6,16,12.19,28.1,33.7,97,27,0x02,0,0x0000,0x00000000,0x00000000,66,READY_TO_DRIVE
165881,33.5,32.2,27.8,58.4,7.4,16,12.23,28.1,33.4,97,27,0x02,0,0x0000,0x00000000,0x00000000,65,READY_TO_DRIVE
165991,30.6,29.5,24.8,52.1,7.1,17,12.32,28.3,33.9,97,27,0x02,0,0x0000,0x00000000,0x00000000,67,READY_TO_DRIVE
166094,27.1,27.0,21.6,45.3,5.7,17,12.14,28.3,33.9,97,27,0x02,0,0x0000,0x00000000,0x00000000,67,READY_TO_DRIVE
166194,33.1,32.8,27.9,58.5,7.6,17,12.35,28.3,33.9,97,27,0x02,0,0x0000,0x00000000,0x00000000,67,READY_TO_DRIVE
166294,36.8,36.5,31.9,67.0,8.1,17,12.69,28.6,33.7,97,27,0x02,0,0x0000,0x00000000,0x00000000,66,READY_TO_DRIVE
166397,33.8,32.9,28.3,59.5,9.1,18,12.17,28.7,33.4,97,27,0x02,0,0x0000,0x00000000,0x00000000,65,READY_TO_DRIVE
166497,27.6,26.2,21.4,44.9,6.8,18,12.18,28.7,33.7,97,27,0x02,0,0x0000,0x00000000,0x00000000,66,READY_TO_DRIVE
166597,24.3,23.1,18.0,37.7,5.4,18,12.27,28.7,34.0,97,27,0x02,0,0x0000,0x00000000,0x00000000,68,READY_TO_DRIVE
166697,15.6,13.4,8.1,17.0,2.8,18,12.17,28.7,34.1,97,27,0x02,0,0x0000,0x00000000,0x00000000,69,READY_TO_DRIVE
166797,14.2,12.5,6.8,14.4,2.0,18,12.22,28.9,34.0,97,27,0x02,0,0x0000,0x00000000,0x00000000,68,READY_TO_DRIVE
166897,13.4,11.8,6.0,12.6,1.6,18,12.22,28.9,33.9,97,27,0x02,0,0x0000,0x00000000,0x00000000,67,READY_TO_DRIVE
166997,13.4,11.8,6.0,12.6,1.6,18,12.22,28.9,33.9,97,27,0x02,0,0x0000,0x00000000,0x00000000,67,READY_TO_DRIVE
167101,21.5,21.6,15.6,32.8,2.9,17,12.21,28.9,33.9,97,27,0x02,0,0x0000,0x00000000,0x00000000,67,READY_TO_DRIVE
167208,23.9,24.7,18.6,39.0,5.2,18,12.16,28.9,33.9,97,27,0x02,0,0x0000,0x00000000,0x00000000,67,READY_TO_DRIVE
167308,25.5,27.2,20.8,43.7,5.7,17,12.16,28.9,33.9,97,27,0x02,0,0x0000,0x00000000,0x00000000,67,READY_TO_DRIVE
167410,25.3,26.7,20.4,42.8,5.5,17,12.63,28.7,34.1,97,27,0x02,0,0x0000,0x00000000,0x00000000,69,READY_TO_DRIVE
167519,27.4,29.9,23.3,48.9,6.2,17,12.63,28.7,34.1,97,27,0x02,0,0x0000,0x00000000,0x00000000,69,READY_TO_DRIVE
167619,28.9,29.7,24.0,50.3,6.9,18,12.23,28.7,34.7,97,27,0x02,0,0x0000,0x00000000,0x00000000,72,READY_TO_DRIVE
167721,27.4,27.5,22.0,46.1,5.9,17,12.23,28.7,33.7,97,27,0x02,0,0x0000,0x00000000,0x00000000,66,READY_TO_DRIVE
167824,27.4,27.2,21.8,45.8,5.8,17,12.34,28.7,33.7,97,27,0x02,0,0x0000,0x00000000,0x00000000,66,READY_TO_DRIVE
167925,27.2,27.1,21.6,45.4,5.7,17,12.24,28.7,34.0,97,27,0x02,0,0x0000,0x00000000,0x00000000,68,READY_TO_DRIVE
168025,27.4,26.9,21.7,45.5,5.7,16,12.24,28.7,34.3,97,27,0x02,0,0x0000,0x00000000,0x00000000,70,READY_TO_DRIVE
168125,25.7,24.3,19.3,40.6,5.3,17,12.24,28.8,33.9,97,27,0x02,0,0x0000,0x00000000,0x00000000,67,READY_TO_DRIVE
168228,24.6,23.3,18.2,38.3,4.7,16,12.24,28.8,33.7,97,27,0x02,0,0x0000,0x00000000,0x00000000,66,READY_TO_DRIVE
168328,24.9,23.3,18.4,38.7,4.6,16,12.44,28.9,33.9,97,27,0x02,0,0x0000,0x00000000,0x00000000,67,READY_TO_DRIVE
168430,24.8,23.3,18.3,38.5,4.6,16,12.37,29.0,33.9,97,27,0x02,0,0x0000,0x00000000,0x00000000,67,READY_TO_DRIVE
168530,25.0,23.3,18.5,38.8,4.6,16,12.22,29.0,33.9,97,27,0x02,0,0x0000,0x00000000,0x00000000,67,READY_TO_DRIVE
168632,30.5,29.7,24.8,52.2,6.3,16,12.25,29.0,33.6,97,27,0x02,0,0x0000,0x00000000,0x00000000,66,READY_TO_DRIVE
168733,31.3,30.9,25.9,54.5,6.2,16,12.36,29.0,33.7,97,27,0x02,0,0x0000,0x00000000,0x00000000,66,READY_TO_DRIVE
168833,35.7,35.3,30.7,64.4,7.9,16,12.19,29.0,33.6,97,27,0x02,0,0x0000,0x00000000,0x00000000,66,READY_TO_DRIVE
168933,35.5,35.3,30.6,64.2,8.0,16,12.24,29.0,33.6,97,27,0x02,0,0x0000,0x00000000,0x00000000,66,READY_TO_DRIVE
169033,32.8,31.0,26.8,56.3,7.1,16,12.48,29.0,33.6,97,27,0x02,0,0x0000,0x00000000,0x00000000,66,READY_TO_DRIVE
169133,32.7,31.1,26.8,56.3,6.9,16,12.25,29.1,33.2,97,27,0x02,0,0x0000,0x00000000,0x00000000,64,READY_TO_DRIVE
169233,32.7,31.4,27.0,56.6,7.0,16,12.24,29.2,34.4,97,27,0x02,0,0x0000,0x00000000,0x00000000,70,READY_TO_DRIVE
169333,32.5,30.7,26.5,55.6,6.8,16,12.26,29.2,33.9,97,27,0x02,0,0x0000,0x00000000,0x00000000,67,READY_TO_DRIVE
169436,35.0,34.1,29.6,62.1,6.8,16,12.17,29.3,34.3,97,27,0x02,0,0x0000,0x00000000,0x00000000,70,READY_TO_DRIVE
169536,35.7,34.5,30.3,63.5,7.8,16,12.32,29.3,34.3,97,27,0x02,0,0x0000,0x00000000,0x00000000,70,READY_TO_DRIVE
169642,36.0,35.4,30.8,64.7,8.8,18,12.32,29.3,34.3,97,27,0x02,0,0x0000,0x00000000,0x00000000,70,READY_TO_DRIVE
169749,36.0,35.4,30.9,64.8,8.2,16,12.23,29.4,33.9,97,27,0x02,0,0x0000,0x00000000,0x00000000,67,READY_TO_DRIVE
169849,36.3,35.9,31.3,65.7,8.4,17,12.27,29.4,33.9,97,27,0x02,0,0x0000,0x00000000,0x00000000,67,READY_TO_DRIVE
169949,35.5,33.5,29.6,62.1,8.4,17,12.1,29.4,33.9,97,27,0x02,0,0x0000,0x00000000,0x00000000,67,READY_TO_DRIVE
170052,31.1,28.6,24.6,51.6,6.5,16,12.1,29.4,33.9,97,27,0x02,0,0x0000,0x00000000,0x00000000,67,READY_TO_DRIVE
170152,31.0,28.7,24.6,51.6,7.0,18,12.1,29.4,33.9,97,27,0x02,0,0x0000,0x00000000,0x00000000,67,READY_TO_DRIVE
170255,29.2,28.2,23.3,49.0,6.2,17,12.3,29.4,33.7,97,27,0x02,0,0x0000,0x00000000,0x00000000,66,READY_TO_DRIVE
170355,34.2,34.3,29.3,61.4,8.0,17,12.28,29.6,33.7,97,27,0x02,0,0x0000,0x00000000,0x00000000,66,READY_TO_DRIVE
170456,39.1,38.6,34.3,72.0,9.8,18,12.34,29.6,33.7,97,27,0x02,0,0x0000,0x00000000,0x00000000,66,READY_TO_DRIVE
170569,42.0,41.4,37.3,78.3,9.7,18,12.34,29.6,33.7,97,27,0x02,0,0x0000,0x00000000,0x00000000,66,READY_TO_DRIVE
170669,50.1,50.7,46.7,98.0,14.5,19,12.28,29.6,33.7,97,27,0x02,0,0x0000,0x00000000,0x00000000,66,READY_TO_DRIVE
170772,49.6,49.2,45.6,95.8,14.9,20,12.22,29.7,33.9,97,27,0x02,0,0x0000,0x00000000,0x00000000,67,READY_TO_DRIVE
170872,46.5,45.9,42.2,88.5,13.1,19,12.13,29.7,34.5,97,27,0x02,0,0x0000,0x00000000,0x00000000,71,READY_TO_DRIVE
170972,47.3,45.9,42.6,89.4,13.4,20,11.92,29.7,33.6,97,27,0x02,0,0x0000,0x00000000,0x00000000,66,READY_TO_DRIVE
171072,48.0,48.3,44.2,92.8,14.1,20,12.18,29.7,33.6,97,27,0x02,0,0x0000,0x00000000,0x00000000,66,READY_TO_DRIVE
171180,51.2,52.1,48.0,100.9,15.4,21,12.3,30.0,33.6,97,27,0x02,0,0x0000,0x00000000,0x00000000,66,READY_TO_DRIVE
171280,61.9,63.0,59.6,125.2,20.7,22,12.3,30.0,33.6,97,27,0x02,0,0x0000,0x00000000,0x00000000,66,READY_TO_DRIVE
171396,61.6,62.1,59.0,123.9,21.4,22,12.28,30.0,33.6,97,27,0x02,0,0x0000,0x00000000,0x00000000,66,READY_TO_DRIVE
171496,77.6,79.4,76.9,161.4,25.6,24,12.28,30.0,33.6,96,27,0x02,0,0x0000,0x00000000,0x00000000,66,READY_TO_DRIVE
171602,92.6,95.6,93.7,196.7,34.3,26,12.39,30.0,34.3,96,27,0x02,0,0x0000,0x00000000,0x00000000,70,READY_TO_DRIVE
171704,95.7,98.4,96.8,203.3,35.2,27,12.37,30.7,34.7,96,27,0x02,0,0x0000,0x00000000,0x00000000,72,READY_TO_DRIVE
171804,99.1,99.0,99.0,207.9,37.2,29,12.22,31.0,34.0,96,27,0x02,0,0x0000,0x00000000,0x00000000,68,READY_TO_DRIVE
171904,99.0,99.0,98.9,207.8,37.7,31,12.31,31.0,34.0,96,27,0x02,0,0x0000,0x00000000,0x00000000,68,READY_TO_DRIVE
172013,83.1,86.3,83.6,175.5,41.4,33,12.31,31.0,34.0,96,27,0x02,0,0x0000,0x00000000,0x00000000,68,READY_TO_DRIVE
172113,40.8,40.0,35.9,75.5,29.2,34,12.31,32.0,34.0,96,27,0x02,0,0x0000,0x00000000,0x00000000,68,READY_TO_DRIVE
172213,38.2,35.8,32.3,67.8,23.5,33,12.25,32.0,34.0,96,27,0x02,0,0x0000,0x00000000,0x00000000,68,READY_TO_DRIVE
172322,16.3,13.5,8.5,17.8,5.6,33,12.25,32.0,34.0,96,27,0x02,0,0x0000,0x00000000,0x00000000,68,READY_TO_DRIVE
172422,12.3,10.5,4.7,9.9,2.3,32,12.25,32.0,34.0,96,27,0x02,0,0x0000,0x00000000,0x00000000,68,READY_TO_DRIVE
172522,10.6,7.5,2.2,4.7,1.1,31,12.25,32.0,34.0,96,27,0x02,0,0x0000,0x00000000,0x00000000,68,READY_TO_DRIVE
172623,13.6,12.0,6.3,13.2,1.4,31,12.23,32.3,34.0,96,27,0x02,0,0x0000,0x00000000,0x00000000,68,READY_TO_DRIVE
172725,25.5,23.5,18.8,39.6,9.4,33,12.23,32.3,34.0,96,27,0x02,0,0x0000,0x00000000,0x00000000,68,READY_TO_DRIVE
172825,32.1,31.8,26.8,56.3,13.5,31,12.24,32.3,34.0,96,27,0x02,0,0x0000,0x00000000,0x00000000,68,READY_TO_DRIVE
172932,13.5,11.3,5.8,12.2,4.9,30,12.24,32.3,34.0,96,27,0x02,0,0x0000,0x00000000,0x00000000,68,READY_TO_DRIVE
173032,15.3,14.5,8.5,17.9,4.5,31,12.19,32.3,34.5,96,27,0x02,0,0x0000,0x00000000,0x00000000,71,READY_TO_DRIVE
173132,14.2,13.6,7.4,15.6,3.5,30,12.25,32.3,34.5,96,27,0x02,0,0x0000,0x00000000,0x00000000,71,READY_TO_DRIVE
173232,26.4,27.3,21.4,44.9,7.0,30,12.25,32.3,34.5,96,27,0x02,0,0x0000,0x00000000,0x00000000,71,READY_TO_DRIVE
173341,35.6,36.3,31.1,65.4,15.3,31,12.2,30.5,34.1,96,27,0x02,0,0x0000,0x00000000,0x00000000,69,READY_TO_DRIVE
173441,44.4,47.0,41.6,87.3,20.9,31,12.2,30.5,34.1,96,27,0x02,0,0x0000,0x00000000,0x00000000,69,READY_TO_DRIVE
173541,44.4,46.8,41.5,87.1,21.2,32,12.17,30.5,33.9,96,27,0x02,0,0x0000,0x00000000,0x00000000,67,READY_TO_DRIVE
173644,40.1,41.2,36.2,76.0,20.4,32,12.38,30.5,33.9,96,27,0x02,0,0x0000,0x00000000,0x00000000,67,READY_TO_DRIVE
173744,24.2,24.0,18.4,38.6,9.8,32,12.19,30.5,33.9,96,27,0x02,0,0x0000,0x00000000,0x00000000,67,READY_TO_DRIVE
173846,27.2,31.2,23.9,50.1,9.0,31,12.19,30.5,33.9,96,27,0x02,0,0x0000,0x00000000,0x00000000,67,READY_TO_DRIVE
173946,48.7,54.0,47.7,0.0,5.2,32,12.41,30.5,33.9,96,27,0x02,0,0x0000,0x00000000,0x00000000,67,READY_TO_DRIVE
174046,48.6,51.8,46.5,97.5,0.0,31,12.14,30.2,34.3,96,27,0x02,0,0x0000,0x00000000,0x00000000,70,READY_TO_DRIVE
174153,30.7,32.5,26.4,55.5,19.3,31,12.13,30.2,34.3,96,27,0x02,0,0x0000,0x00000000,0x00000000,70,READY_TO_DRIVE
174256,16.1,15.9,9.7,20.3,4.4,30,12.13,30.2,34.3,96,27,0x02,0,0x0000,0x00000000,0x00000000,70,READY_TO_DRIVE
174356,16.5,17.4,10.7,22.4,4.5,29,12.11,30.2,34.3,96,27,0x02,0,0x0000,0x00000000,0x00000000,70,READY_TO_DRIVE
174458,17.1,16.0,10.3,21.6,5.0,29,12.11,29.9,34.3,96,27,0x02,0,0x0000,0x00000000,0x00000000,70,READY_TO_DRIVE
174558,15.3,13.8,8.2,17.1,3.7,29,12.1,29.9,34.8,96,27,0x02,0,0x0000,0x00000000,0x00000000,72,READY_TO_DRIVE
174658,10.4,7.6,2.1,4.4,1.1,28,12.1,29.7,34.8,96,27,0x02,0,0x0000,0x00000000,0x00000000,72,READY_TO_DRIVE
174758,9.8,7.6,1.8,3.8,0.6,27,12.1,29.7,34.8,96,27,0x02,0,0x0000,0x00000000,0x00000000,72,READY_TO_DRIVE
174868,12.5,12.9,6.1,12.9,2.8,28,12.19,29.5,34.4,96,27,0x02,0,0x0000,0x00000000,0x00000000,70,READY_TO_DRIVE
174969,13.2,12.1,6.1,12.8,2.2,26,12.12,29.5,34.4,96,27,0x02,0,0x0000,0x00000000,0x00000000,70,READY_TO_DRIVE
175073,16.6,15.5,9.7,20.5,3.3,26,12.2,29.5,34.4,96,27,0x02,0,0x0000,0x00000000,0x00000000,70,READY_TO_DRIVE
175173,24.2,23.7,18.2,38.3,6.9,26,12.39,29.5,34.4,96,27,0x02,0,0x0000,0x00000000,0x00000000,70,READY_TO_DRIVE
175279,35.7,36.3,31.2,65.5,12.2,27,12.39,29.5,34.4,96,27,0x02,0,0x0000,0x00000000,0x00000000,70,READY_TO_DRIVE
175380,36.6,36.0,31.5,66.2,14.8,27,12.39,29.0,34.4,96,27,0x02,0,0x0000,0x00000000,0x00000000,70,READY_TO_DRIVE
175483,29.1,29.6,24.1,50.5,11.7,27,12.24,29.0,33.1,96,27,0x02,0,0x0000,0x00000000,0x00000000,63,READY_TO_DRIVE
175583,19.1,21.1,14.1,29.6,6.1,27,12.24,29.0,34.1,96,27,0x02,0,0x0000,0x00000000,0x00000000,69,READY_TO_DRIVE
175683,19.1,21.3,14.2,29.8,6.1,27,12.27,29.0,34.1,96,27,0x02,0,0x0000,0x00000000,0x00000000,69,READY_TO_DRIVE
175783,17.3,18.7,11.8,24.9,5.2,27,12.22,29.0,34.1,96,27,0x02,0,0x0000,0x00000000,0x00000000,69,READY_TO_DRIVE
175883,17.3,18.6,11.8,24.7,5.0,27,12.26,29.2,34.4,96,27,0x02,0,0x0000,0x00000000,0x00000000,70,READY_TO_DRIVE
175984,17.3,18.4,11.7,24.5,4.9,27,12.33,29.2,34.1,96,27,0x02,0,0x0000,0x00000000,0x00000000,69,READY_TO_DRIVE
176089,17.3,17.0,10.9,23.0,4.6,27,12.28,29.1,34.4,96,27,0x02,0,0x0000,0x00000000,0x00000000,70,READY_TO_DRIVE
176191,14.3,13.6,7.5,15.7,3.5,26,12.21,29.1,34.4,96,27,0x02,0,0x0000,0x00000000,0x00000000,70,READY_TO_DRIVE
176292,10.8,10.3,3.8,8.0,1.5,26,12.27,29.1,34.8,96,27,0x02,0,0x0000,0x00000000,0x00000000,72,READY_TO_DRIVE
176428,8.8,6.7,0.8,1.6,0.4,25,12.27,29.1,34.8,96,27,0x02,0,0x0000,0x00000000,0x00000000,72,READY_TO_DRIVE
176528,8.5,5.8,0.2,0.4,0.0,25,12.27,29.0,34.8,96,27,0x02,0,0x0000,0x00000000,0x00000000,72,READY_TO_DRIVE
176629,8.5,5.9,0.2,0.5,0.0,24,12.2,29.0,34.3,96,27,0x02,0,0x0000,0x00000000,0x00000000,70,READY_TO_DRIVE
176731,8.6,6.6,0.6,1.3,0.2,24,12.19,28.9,34.5,96,27,0x02,0,0x0000,0x00000000,0x00000000,71,READY_TO_DRIVE
176831,8.6,7.6,1.1,2.4,0.5,24,12.19,28.9,34.5,96,27,0x02,0,0x0000,0x00000000,0x00000000,71,READY_TO_DRIVE
176933,8.5,7.6,1.1,2.4,0.4,23,12.22,28.9,35.2,96,27,0x02,0,0x0000,0x00000000,0x00000000,74,READY_TO_DRIVE
177033,8.6,7.6,1.1,2.4,0.4,22,12.21,28.9,35.2,96,27,0x02,0,0x0000,0x00000000,0x00000000,74,READY_TO_DRIVE
177133,9.6,9.5,2.8,5.8,0.4,22,12.19,28.6,34.7,96,27,0x02,0,0x0000,0x00000000,0x00000000,72,READY_TO_DRIVE
177233,10.8,11.2,4.3,9.0,1.7,22,12.27,28.6,34.7,96,27,0x02,0,0x0000,0x00000000,0x00000000,72,READY_TO_DRIVE
177333,14.7,15.5,8.7,18.3,1.7,21,12.13,28.5,34.8,96,27,0x02,0,0x0000,0x00000000,0x00000000,72,READY_TO_DRIVE
177436,25.2,24.3,19.1,40.0,6.5,21,12.13,28.5,34.8,96,27,0x02,0,0x0000,0x00000000,0x00000000,72,READY_TO_DRIVE
177536,25.1,25.5,19.7,41.4,6.7,21,12.22,28.4,34.8,96,27,0x02,0,0x0000,0x00000000,0x00000000,72,READY_TO_DRIVE
177636,23.5,22.2,17.0,35.7,6.0,21,12.26,28.4,34.8,96,27,0x02,0,0x0000,0x00000000,0x00000000,72,READY_TO_DRIVE
177737,21.2,19.5,14.4,30.2,4.6,20,12.33,28.4,34.9,96,27,0x02,0,0x0000,0x00000000,0x00000000,73,READY_TO_DRIVE
177837,20.7,19.5,14.1,29.6,4.4,20,12.19,28.4,34.9,96,27,0x02,0,0x0000,0x00000000,0x00000000,73,READY_TO_DRIVE
177938,20.8,19.5,14.1,29.7,4.5,20,12.27,28.5,34.9,96,27,0x02,0,0x0000,0x00000000,0x00000000,73,READY_TO_DRIVE
178038,20.7,19.9,14.3,30.1,4.3,19,12.09,28.6,34.9,96,27,0x02,0,0x0000,0x00000000,0x00000000,73,READY_TO_DRIVE
178138,20.7,20.9,14.8,31.1,4.4,19,12.09,28.6,34.8,96,27,0x02,0,0x0000,0x00000000,0x00000000,72,READY_TO_DRIVE
178244,21.4,20.8,15.2,31.8,4.5,19,12.18,28.6,34.8,96,27,0x02,0,0x0000,0x00000000,0x00000000,72,READY_TO_DRIVE
178346,21.8,21.6,15.8,33.2,4.8,19,12.28,28.6,34.3,96,27,0x02,0,0x0000,0x00000000,0x00000000,70,READY_TO_DRIVE
178446,22.0,20.3,15.2,31.9,4.4,18,12.28,28.6,34.8,96,27,0x02,0,0x0000,0x00000000,0x00000000,72,READY_TO_DRIVE
178546,22.3,22.5,16.5,34.7,4.3,18,12.28,28.6,34.8,96,27,0x02,0,0x0000,0x00000000,0x00000000,72,READY_TO_DRIVE
178646,31.7,31.0,26.2,55.0,7.6,18,12.1,28.6,34.8,96,27,0x02,0,0x0000,0x00000000,0x00000000,72,READY_TO_DRIVE
178747,38.6,39.6,34.5,72.5,10.0,18,12.12,28.6,34.9,96,27,0x02,0,0x0000,0x00000000,0x00000000,73,READY_TO_DRIVE
178848,43.2,43.4,39.0,81.9,11.7,19,12.19,28.6,34.9,96,27,0x02,0,0x0000,0x00000000,0x00000000,73,READY_TO_DRIVE
178948,58.7,60.7,56.6,118.9,18.2,22,12.06,28.8,33.2,96,27,0x02,0,0x0000,0x00000000,0x00000000,64,READY_TO_DRIVE
179051,49.7,48.9,45.4,95.4,15.0,20,12.19,28.8,33.2,96,27,0x02,0,0x0000,0x00000000,0x00000000,64,READY_TO_DRIVE
179151,43.4,46.5,40.8,85.7,13.8,20,12.19,29.0,33.2,96,27,0x02,0,0x0000,0x00000000,0x00000000,64,READY_TO_DRIVE
179252,39.8,40.5,35.7,74.9,12.6,22,12.19,29.0,33.2,96,27,0x02,0,0x0000,0x00000000,0x00000000,64,READY_TO_DRIVE
179362,40.3,42.9,37.2,78.2,12.1,22,12.19,29.4,33.2,96,27,0x02,0,0x0000,0x00000000,0x00000000,64,READY_TO_DRIVE
179465,41.9,42.2,37.7,79.2,13.5,21,12.13,29.6,34.9,96,27,0x02,0,0x0000,0x00000000,0x00000000,73,READY_TO_DRIVE
179565,45.9,45.8,41.8,87.8,14.3,22,12.13,29.6,34.9,96,27,0x02,0,0x0000,0x00000000,0x00000000,73,READY_TO_DRIVE
179670,48.1,48.7,44.5,93.4,15.7,22,12.16,29.8,34.9,96,27,0x02,0,0x0000,0x00000000,0x00000000,73,READY_TO_DRIVE
179770,45.9,45.6,41.7,87.5,15.7,23,12.22,29.8,34.9,96,27,0x02,0,0x0000,0x00000000,0x00000000,73,READY_TO_DRIVE
179871,38.4,37.7,33.4,70.0,14.4,24,11.85,30.1,34.9,96,27,0x02,0,0x0000,0x00000000,0x00000000,73,READY_TO_DRIVE
179971,33.9,33.3,28.6,60.1,10.7,24,12.2,30.1,34.9,96,27,0x02,0,0x0000,0x00000000,0x00000000,73,READY_TO_DRIVE
180071,52.1,51.4,48.1,101.1,17.4,24,12.19,30.1,32.8,96,27,0x02,0,0x0000,0x00000000,0x00000000,62,READY_TO_DRIVE
180171,56.5,58.2,54.2,113.7,20.9,25,12.19,30.1,32.8,96,27,0x02,0,0x0000,0x00000000,0x00000000,62,READY_TO_DRIVE
180271,57.4,59.1,55.1,115.7,22.5,26,12.34,30.4,32.8,96,27,0x02,0,0x0000,0x00000000,0x00000000,62,READY_TO_DRIVE
180374,57.5,60.9,56.1,117.8,23.1,26,12.34,30.5,35.6,96,27,0x02,0,0x0000,0x00000000,0x00000000,77,READY_TO_DRIVE
180489,48.4,48.7,44.7,93.9,25.0,27,12.2,30.6,35.2,96,27,0x02,0,0x0000,0x00000000,0x00000000,74,READY_TO_DRIVE
180589,23.9,23.1,17.7,37.3,7.7,27,12.34,30.6,35.2,96,27,0x02,0,0x0000,0x00000000,0x00000000,74,READY_TO_DRIVE
180691,7.5,6.5,0.0,0.0,1.3,27,12.34,30.6,35.2,96,27,0x02,0,0x0000,0x00000000,0x00000000,74,READY_TO_DRIVE
180796,8.9,5.0,0.0,0.0,0.3,25,12.37,31.0,35.2,96,27,0x02,0,0x0000,0x00000000,0x00000000,74,READY_TO_DRIVE
180896,8.7,5.5,0.1,0.2,0.0,26,12.13,30.9,34.7,96,27,0x02,0,0x0000,0x00000000,0x00000000,72,READY_TO_DRIVE
180998,8.5,6.7,0.7,1.4,0.1,25,12.12,30.9,34.7,96,27,0x02,0,0x0000,0x00000000,0x00000000,72,READY_TO_DRIVE
181100,19.4,18.6,12.9,27.1,2.8,26,12.11,30.9,34.7,96,27,0x02,0,0x0000,0x00000000,0x00000000,72,READY_TO_DRIVE
181207,23.6,23.0,17.6,36.9,6.8,26,12.24,30.9,34.7,96,27,0x02,0,0x0000,0x00000000,0x00000000,72,READY_TO_DRIVE
181307,18.4,17.8,11.9,25.1,5.6,25,12.24,30.9,34.7,96,27,0x02,0,0x0000,0x00000000,0x00000000,72,READY_TO_DRIVE
181412,16.1,15.6,9.6,20.1,3.7,24,12.24,30.9,34.7,96,27,0x02,0,0x0000,0x00000000,0x00000000,72,READY_TO_DRIVE
181516,12.4,10.6,4.8,10.1,2.4,24,12.13,30.0,33.0,96,27,0x02,0,0x0000,0x00000000,0x00000000,63,READY_TO_DRIVE
181616,10.9,8.3,2.8,5.9,1.2,24,12.26,30.0,33.0,96,27,0x02,0,0x0000,0x00000000,0x00000000,63,READY_TO_DRIVE
181718,12.7,12.5,6.0,12.7,1.4,23,12.22,30.0,34.9,96,27,0x02,0,0x0000,0x00000000,0x00000000,73,READY_TO_DRIVE
181831,15.9,15.9,9.6,20.1,2.9,22,12.22,30.0,34.9,96,27,0x02,0,0x0000,0x00000000,0x00000000,73,READY_TO_DRIVE
181931,19.2,19.6,13.3,28.0,4.8,23,12.22,29.5,34.9,96,27,0x02,0,0x0000,0x00000000,0x00000000,73,READY_TO_DRIVE
182032,20.0,20.1,14.0,29.5,5.0,23,12.12,29.4,34.9,96,27,0x02,0,0x0000,0x00000000,0x00000000,73,READY_TO_DRIVE
182132,20.3,20.7,14.5,30.5,5.2,23,12.28,29.4,34.7,96,27,0x02,0,0x0000,0x00000000,0x00000000,72,READY_TO_DRIVE
182233,19.4,20.7,14.0,29.4,5.2,23,12.2,29.4,34.7,96,27,0x02,0,0x0000,0x00000000,0x00000000,72,READY_TO_DRIVE
182333,17.3,19.4,12.2,25.7,4.3,23,12.14,29.4,34.7,96,27,0x02,0,0x0000,0x00000000,0x00000000,72,READY_TO_DRIVE
182433,17.1,21.1,13.0,27.4,4.5,23,12.26,29.2,34.7,96,27,0x02,0,0x0000,0x00000000,0x00000000,72,READY_TO_DRIVE
182534,19.8,23.7,15.8,33.3,5.6,23,12.22,29.2,34.1,96,27,0x02,0,0x0000,0x00000000,0x00000000,69,READY_TO_DRIVE
182634,19.9,22.0,15.0,31.5,5.3,23,12.24,29.2,34.1,96,27,0x02,0,0x0000,0x00000000,0x00000000,69,READY_TO_DRIVE
182738,19.4,21.0,14.2,29.7,5.2,22,12.28,29.2,35.2,96,27,0x02,0,0x0000,0x00000000,0x00000000,74,READY_TO_DRIVE
182838,19.5,21.0,14.2,29.9,5.0,22,12.13,29.2,34.8,96,27,0x02,0,0x0000,0x00000000,0x00000000,72,READY_TO_DRIVE
182938,29.4,30.9,24.9,52.3,5.7,22,12.13,29.2,35.3,96,27,0x02,0,0x0000,0x00000000,0x00000000,75,READY_TO_DRIVE
183039,34.2,34.4,29.3,61.6,10.1,23,12.13,29.2,35.7,96,27,0x02,0,0x0000,0x00000000,0x00000000,77,READY_TO_DRIVE
183139,34.7,34.1,29.4,61.8,11.3,23,12.51,29.2,35.5,96,27,0x02,0,0x0000,0x00000000,0x00000000,76,READY_TO_DRIVE
183239,32.6,31.8,27.1,57.0,10.7,23,12.3,29.2,35.5,96,27,0x02,0,0x0000,0x00000000,0x00000000,76,READY_TO_DRIVE
183341,22.1,23.1,16.8,35.2,7.1,23,12.19,29.3,35.3,96,27,0x02,0,0x0000,0x00000000,0x00000000,75,READY_TO_DRIVE
183441,19.1,20.8,13.9,29.3,5.1,23,12.19,29.4,35.3,96,27,0x02,0,0x0000,0x00000000,0x00000000,75,READY_TO_DRIVE
183542,19.0,20.8,13.9,29.2,5.1,23,12.27,29.4,35.2,96,27,0x02,0,0x0000,0x00000000,0x00000000,74,READY_TO_DRIVE
183642,10.2,7.7,2.1,4.4,2.0,23,12.21,29.4,35.2,96,27,0x02,0,0x0000,0x00000000,0x00000000,74,READY_TO_DRIVE
183742,8.2,7.2,0.8,1.6,0.2,22,12.25,29.5,34.8,96,27,0x02,0,0x0000,0x00000000,0x00000000,72,READY_TO_DRIVE
183843,8.7,8.1,1.5,3.2,0.4,22,12.25,29.5,35.2,96,27,0x02,0,0x0000,0x00000000,0x00000000,74,READY_TO_DRIVE
183943,9.5,9.3,2.6,5.5,0.7,22,12.22,29.5,35.1,96,27,0x02,0,0x0000,0x00000000,0x00000000,74,READY_TO_DRIVE
184043,12.5,11.9,5.6,11.7,1.6,21,12.1,29.3,35.1,96,27,0x02,0,0x0000,0x00000000,0x00000000,74,READY_TO_DRIVE
184143,12.7,13.2,6.4,13.5,2.1,21,12.25,29.3,34.5,96,27,0x02,0,0x0000,0x00000000,0x00000000,71,READY_TO_DRIVE
184251,15.5,16.1,9.5,19.9,3.2,20,12.17,29.3,34.5,96,27,0x02,0,0x0000,0x00000000,0x00000000,71,READY_TO_DRIVE
184352,13.0,12.3,6.1,12.8,2.0,20,12.17,29.3,34.5,96,27,0x02,0,0x0000,0x00000000,0x00000000,71,READY_TO_DRIVE
184452,11.2,9.4,3.6,7.5,1.0,20,12.25,29.3,34.5,96,27,0x02,0,0x0000,0x00000000,0x00000000,71,READY_TO_DRIVE
184552,10.7,8.9,3.0,6.3,0.9,19,12.35,29.0,34.9,96,27,0x02,0,0x0000,0x00000000,0x00000000,73,READY_TO_DRIVE
184652,10.2,7.9,2.2,4.7,0.6,19,12.44,29.0,35.2,96,27,0x02,0,0x0000,0x00000000,0x00000000,74,READY_TO_DRIVE
184753,10.1,7.9,2.2,4.6,0.6,18,12.33,28.9,34.8,96,27,0x02,0,0x0000,0x00000000,0x00000000,72,READY_TO_DRIVE
184853,11.2,11.4,4.6,9.8,1.5,18,12.33,28.9,34.8,96,27,0x02,0,0x0000,0x00000000,0x00000000,72,READY_TO_DRIVE
184953,11.0,11.4,4.5,9.5,1.3,18,12.2,28.8,34.8,96,27,0x02,0,0x0000,0x00000000,0x00000000,72,READY_TO_DRIVE
185053,7.6,10.2,2.0,4.2,0.6,17,12.23,28.8,34.8,96,27,0x02,0,0x0000,0x00000000,0x00000000,72,READY_TO_DRIVE
185153,8.0,9.2,1.7,3.6,0.3,16,12.11,28.8,35.2,96,27,0x02,0,0x0000,0x00000000,0x00000000,74,READY_TO_DRIVE
185265,13.8,16.9,9.0,18.8,1.3,16,12.11,28.8,35.2,96,27,0x02,0,0x0000,0x00000000,0x00000000,74,READY_TO_DRIVE
185365,22.0,23.9,17.1,35.9,4.3,15,12.11,28.8,35.2,96,27,0x02,0,0x0000,0x00000000,0x00000000,74,READY_TO_DRIVE
185465,22.0,22.1,16.2,33.9,4.1,16,12.31,28.8,35.2,96,27,0x02,0,0x0000,0x00000000,0x00000000,74,READY_TO_DRIVE
185567,29.1,31.5,25.1,52.6,6.2,16,12.22,28.7,35.2,96,27,0x02,0,0x0000,0x00000000,0x00000000,74,READY_TO_DRIVE
185667,33.5,34.5,29.0,60.9,7.6,16,12.22,28.7,35.2,96,27,0x02,0,0x0000,0x00000000,0x00000000,74,READY_TO_DRIVE
185769,33.2,34.9,29.1,61.2,8.0,17,12.23,28.7,35.3,96,27,0x02,0,0x0000,0x00000000,0x00000000,75,READY_TO_DRIVE
185869,33.4,34.9,29.2,61.3,8.0,17,12.13,28.7,35.3,96,27,0x02,0,0x0000,0x00000000,0x00000000,75,READY_TO_DRIVE
185969,30.3,32.0,26.0,54.5,7.8,17,12.25,28.7,35.3,96,27,0x02,0,0x0000,0x00000000,0x00000000,75,READY_TO_DRIVE
186073,29.7,31.0,25.1,52.8,7.4,18,12.3,28.7,35.3,96,27,0x02,0,0x0000,0x00000000,0x00000000,75,READY_TO_DRIVE
186173,27.8,29.3,23.2,48.7,6.8,18,12.21,28.7,35.3,96,27,0x02,0,0x0000,0x00000000,0x00000000,75,READY_TO_DRIVE
186274,25.6,26.5,20.4,42.9,6.1,18,12.2,28.7,35.3,96,27,0x02,0,0x0000,0x00000000,0x00000000,75,READY_TO_DRIVE
186374,21.7,26.4,18.3,38.5,5.8,19,12.27,29.3,35.2,96,27,0x02,0,0x0000,0x00000000,0x00000000,74,READY_TO_DRIVE
186474,22.8,26.4,18.9,39.8,5.6,19,12.31,29.4,35.2,96,27,0x02,0,0x0000,0x00000000,0x00000000,74,READY_TO_DRIVE
186575,16.4,22.1,13.2,27.7,4.5,19,12.2,29.4,35.2,96,27,0x02,0,0x0000,0x00000000,0x00000000,74,READY_TO_DRIVE
186675,18.9,22.1,14.5,30.5,4.3,19,12.3,29.5,35.2,96,27,0x02,0,0x0000,0x00000000,0x00000000,74,READY_TO_DRIVE
186776,19.1,22.3,14.7,30.9,4.1,19,12.31,29.5,35.7,96,27,0x02,0,0x0000,0x00000000,0x00000000,77,READY_TO_DRIVE
186876,17.9,21.9,13.8,29.1,4.2,19,12.19,29.5,35.3,96,27,0x02,0,0x0000,0x00000000,0x00000000,75,READY_TO_DRIVE
186976,17.6,20.6,13.0,27.3,4.3,19,12.24,29.5,35.2,96,27,0x02,0,0x0000,0x00000000,0x00000000,74,READY_TO_DRIVE
187078,16.2,18.3,11.0,23.1,3.3,19,12.27,29.5,35.2,96,27,0x02,0,0x0000,0x00000000,0x00000000,74,READY_TO_DRIVE
187178,15.7,18.3,10.8,22.6,3.3,19,12.34,29.4,35.2,96,27,0x02,0,0x0000,0x00000000,0x00000000,74,READY_TO_DRIVE
187278,16.3,18.2,11.0,23.1,3.2,19,12.19,29.4,35.2,96,27,0x02,0,0x0000,0x00000000,0x00000000,74,READY_TO_DRIVE
187379,16.6,18.0,11.0,23.2,3.3,19,12.23,29.3,35.1,96,27,0x02,0,0x0000,0x00000000,0x00000000,74,READY_TO_DRIVE
187479,15.6,17.2,10.1,21.2,3.0,19,12.23,29.3,35.1,96,27,0x02,0,0x0000,0x00000000,0x00000000,74,READY_TO_DRIVE
187579,16.1,17.2,10.4,21.8,3.0,19,12.21,29.3,35.3,96,27,0x02,0,0x0000,0x00000000,0x00000000,75,READY_TO_DRIVE
187679,16.1,17.2,10.4,21.8,3.1,19,12.21,29.3,35.3,96,27,0x02,0,0x0000,0x00000000,0x00000000,75,READY_TO_DRIVE
187779,17.5,20.4,12.9,27.0,3.5,19,12.22,29.3,35.3,96,27,0x02,0,0x0000,0x00000000,0x00000000,75,READY_TO_DRIVE
187882,19.9,22.7,15.3,32.2,4.5,19,12.18,29.2,35.3,96,27,0x02,0,0x0000,0x00000000,0x00000000,75,READY_TO_DRIVE
187982,27.3,30.0,23.3,48.9,5.7,19,12.16,29.2,34.9,96,27,0x02,0,0x0000,0x00000000,0x00000000,73,READY_TO_DRIVE
188082,29.1,31.0,24.8,52.0,7.8,20,12.18,29.1,34.9,96,27,0x02,0,0x0000,0x00000000,0x00000000,73,READY_TO_DRIVE
188182,28.9,30.5,24.4,51.3,7.7,20,12.41,29.1,34.9,96,27,0x02,0,0x0000,0x00000000,0x00000000,73,READY_TO_DRIVE
188287,28.8,30.1,24.1,50.6,7.9,21,12.24,29.2,34.9,96,27,0x02,0,0x0000,0x00000000,0x00000000,73,READY_TO_DRIVE
188390,28.0,31.3,24.4,51.2,8.0,21,12.24,29.2,34.9,96,27,0x02,0,0x0000,0x00000000,0x00000000,73,READY_TO_DRIVE
188492,33.1,34.2,28.6,60.1,9.5,21,12.27,29.2,34.9,96,27,0x02,0,0x0000,0x00000000,0x00000000,73,READY_TO_DRIVE
188592,32.2,35.6,28.9,60.7,10.0,21,12.27,29.4,35.6,96,27,0x02,0,0x0000,0x00000000,0x00000000,77,READY_TO_DRIVE
188692,35.0,37.9,31.7,66.6,10.9,22,12.27,29.4,34.9,96,27,0x02,0,0x0000,0x00000000,0x00000000,73,READY_TO_DRIVE
188792,35.3,40.4,33.1,69.6,12.1,22,12.25,29.4,34.9,96,27,0x02,0,0x0000,0x00000000,0x00000000,73,READY_TO_DRIVE
188902,41.1,44.2,38.3,80.5,13.4,24,12.19,29.4,34.9,96,27,0x02,0,0x0000,0x00000000,0x00000000,73,READY_TO_DRIVE
189008,40.8,42.6,37.3,78.3,14.2,24,12.22,29.7,35.2,96,27,0x02,0,0x0000,0x00000000,0x00000000,74,READY_TO_DRIVE
189108,43.4,47.0,41.1,86.4,15.6,24,12.19,29.7,35.2,96,27,0x02,0,0x0000,0x00000000,0x00000000,74,READY_TO_DRIVE
189208,55.2,56.0,52.2,109.7,19.4,25,12.19,29.7,35.5,96,27,0x02,0,0x0000,0x00000000,0x00000000,76,READY_TO_DRIVE
189308,61.5,64.6,60.3,126.6,25.2,26,12.21,29.7,35.5,96,27,0x02,0,0x0000,0x00000000,0x00000000,76,READY_TO_DRIVE
189408,61.7,64.6,60.4,126.8,26.0,27,12.19,30.1,35.2,96,27,0x02,0,0x0000,0x00000000,0x00000000,74,READY_TO_DRIVE
189508,61.7,64.6,60.4,126.8,27.0,29,12.35,30.1,35.2,96,27,0x02,0,0x0000,0x00000000,0x00000000,74,READY_TO_DRIVE
189608,57.7,61.9,56.8,119.2,27.8,29,12.12,30.5,35.2,96,27,0x02,0,0x0000,0x00000000,0x00000000,74,READY_TO_DRIVE
189708,52.7,54.5,50.1,105.2,24.1,30,12.18,30.8,35.3,96,27,0x02,0,0x0000,0x00000000,0x00000000,75,READY_TO_DRIVE
189808,52.6,54.5,50.1,105.1,24.7,31,12.18,30.8,35.5,96,27,0x02,0,0x0000,0x00000000,0x00000000,76,READY_TO_DRIVE
189910,53.0,54.6,50.3,105.6,25.4,32,12.38,31.1,35.5,96,27,0x02,0,0x0000,0x00000000,0x00000000,76,READY_TO_DRIVE
190010,35.7,37.0,31.6,66.3,26.9,33,12.12,31.3,35.6,96,27,0x02,0,0x0000,0x00000000,0x00000000,77,READY_TO_DRIVE
190114,23.4,20.6,16.2,33.9,10.9,33,12.17,31.3,35.6,96,27,0x02,0,0x0000,0x00000000,0x00000000,77,READY_TO_DRIVE
190214,9.8,9.4,2.8,5.9,1.4,32,12.45,31.3,35.6,96,27,0x02,0,0x0000,0x00000000,0x00000000,77,READY_TO_DRIVE
190315,8.0,4.6,0.0,0.0,-0.1,31,12.45,31.4,35.6,96,27,0x02,0,0x0000,0x00000000,0x00000000,77,READY_TO_DRIVE
190415,6.5,5.5,0.0,0.0,0.0,32,12.19,31.3,35.2,96,27,0x02,0,0x0000,0x00000000,0x00000000,74,READY_TO_DRIVE
190515,5.8,5.0,0.0,0.0,0.0,31,12.12,31.3,35.2,96,27,0x02,0,0x0000,0x00000000,0x00000000,74,READY_TO_DRIVE
190615,7.3,5.8,0.0,0.0,0.0,31,12.06,30.9,35.5,96,27,0x02,0,0x0000,0x00000000,0x00000000,76,READY_TO_DRIVE
190716,7.3,6.0,0.0,0.0,0.0,31,12.14,30.7,36.0,96,27,0x02,0,0x0000,0x00000000,0x00000000,79,READY_TO_DRIVE
190816,7.5,6.0,0.0,0.0,0.0,30,12.21,30.5,36.0,96,27,0x02,0,0x0000,0x00000000,0x00000000,79,READY_TO_DRIVE
190916,7.4,5.7,0.0,0.0,0.0,30,12.11,30.5,35.5,96,27,0x02,0,0x0000,0x00000000,0x00000000,79,READY_TO_DRIVE
191016,7.8,5.6,0.0,0.0,-0.1,30,12.14,30.5,36.5,96,27,0x02,0,0x0000,0x00000000,0x00000000,81,READY_TO_DRIVE
191116,9.3,6.8,1.1,2.4,-0.1,29,12.14,30.2,36.5,96,27,0x02,0,0x0000,0x00000000,0x00000000,81,READY_TO_DRIVE
191218,20.9,21.2,15.1,31.6,6.4,31,12.14,30.2,36.5,96,27,0x02,0,0x0000,0x00000000,0x00000000,81,READY_TO_DRIVE
191318,21.8,23.0,16.5,34.7,7.0,30,12.25,29.9,36.5,96,27,0x02,0,0x0000,0x00000000,0x00000000,81,READY_TO_DRIVE
191419,20.1,19.5,13.8,29.0,7.8,30,12.25,29.9,36.5,96,27,0x02,0,0x0000,0x00000000,0x00000000,81,READY_TO_DRIVE
191519,14.5,12.8,7.2,15.0,3.7,30,12.25,29.7,36.5,96,27,0x02,0,0x0000,0x00000000,0x00000000,81,READY_TO_DRIVE
191619,10.6,10.5,3.9,8.1,1.5,29,12.3,29.7,36.5,96,27,0x02,0,0x0000,0x00000000,0x00000000,81,READY_TO_DRIVE
191719,9.8,8.7,2.4,5.1,1.2,29,12.28,29.6,35.2,96,27,0x02,0,0x0000,0x00000000,0x00000000,74,READY_TO_DRIVE
191819,8.5,8.3,1.5,3.1,0.7,29,12.48,29.6,35.2,96,27,0x02,0,0x0000,0x00000000,0x00000000,74,READY_TO_DRIVE
191923,7.2,8.2,0.8,1.7,0.6,28,12.07,29.5,35.7,96,27,0x02,0,0x0000,0x00000000,0x00000000,77,READY_TO_DRIVE
192024,9.8,8.6,2.4,5.0,0.6,28,12.27,29.5,35.7,96,27,0x02,0,0x0000,0x00000000,0x00000000,77,READY_TO_DRIVE
192124,9.6,8.9,2.4,5.1,1.0,28,12.46,29.5,36.9,96,27,0x02,0,0x0000,0x00000000,0x00000000,83,READY_TO_DRIVE
192224,9.4,8.8,2.3,4.8,0.9,27,12.25,29.5,36.9,96,27,0x02,0,0x0000,0x00000000,0x00000000,83,READY_TO_DRIVE
192324,9.0,8.7,2.0,4.2,0.8,27,12.37,29.2,35.3,96,27,0x02,0,0x0000,0x00000000,0x00000000,75,READY_TO_DRIVE
192450,8.8,8.1,1.6,3.3,0.6,27,12.13,29.1,35.3,96,27,0x02,0,0x0000,0x00000000,0x00000000,75,READY_TO_DRIVE
192550,15.6,15.0,9.0,18.8,1.8,27,12.13,29.1,35.3,96,27,0x02,0,0x0000,0x00000000,0x00000000,75,READY_TO_DRIVE
192650,18.6,18.0,12.2,25.6,5.0,26,12.19,29.1,35.6,96,27,0x02,0,0x0000,0x00000000,0x00000000,77,READY_TO_DRIVE
192750,24.3,24.8,18.9,39.7,6.6,26,12.13,29.1,35.6,96,27,0x02,0,0x0000,0x00000000,0x00000000,77,READY_TO_DRIVE
192850,23.6,24.9,18.5,38.9,7.9,26,12.26,29.1,35.8,96,27,0x02,0,0x0000,0x00000000,0x00000000,77,READY_TO_DRIVE
192951,26.6,28.7,22.2,46.7,8.4,27,12.24,29.1,35.8,96,27,0x02,0,0x0000,0x00000000,0x00000000,78,READY_TO_DRIVE
193053,29.1,30.8,24.7,51.8,10.1,27,12.19,29.1,35.8,96,27,0x02,0,0x0000,0x00000000,0x00000000,78,READY_TO_DRIVE
193153,27.6,28.5,22.6,47.5,11.2,27,12.19,29.1,35.8,96,27,0x02,0,0x0000,0x00000000,0x00000000,78,READY_TO_DRIVE
193254,10.6,10.6,3.9,8.2,6.3,27,12.17,29.1,35.8,96,27,0x02,0,0x0000,0x00000000,0x00000000,78,READY_TO_DRIVE
193354,9.7,9.4,2.7,5.7,1.0,26,12.23,29.1,36.0,96,27,0x02,0,0x0000,0x00000000,0x00000000,79,READY_TO_DRIVE
193456,7.7,7.1,0.4,0.8,0.2,25,12.31,29.1,35.7,96,27,0x02,0,0x0000,0x00000000,0x00000000,77,READY_TO_DRIVE
193556,7.6,7.0,0.3,0.7,0.1,25,12.39,29.2,36.0,96,27,0x02,0,0x0000,0x00000000,0x00000000,79,READY_TO_DRIVE
193656,7.5,7.0,0.3,0.6,0.1,25,12.22,29.2,35.6,96,27,0x02,0,0x0000,0x00000000,0x00000000,77,READY_TO_DRIVE
193756,7.2,8.4,0.8,1.8,0.2,25,12.16,29.2,36.6,96,27,0x02,0,0x0000,0x00000000,0x00000000,82,READY_TO_DRIVE
193856,7.7,8.6,1.2,2.6,0.4,24,12.24,29.1,36.6,96,27,0x02,0,0x0000,0x00000000,0x00000000,82,READY_TO_DRIVE
193956,8.3,9.5,2.0,4.3,0.5,24,12.22,29.1,35.8,96,27,0x02,0,0x0000,0x00000000,0x00000000,78,READY_TO_DRIVE
194058,9.7,10.9,3.5,7.4,1.2,24,12.16,29.1,35.8,96,27,0x02,0,0x0000,0x00000000,0x00000000,78,READY_TO_DRIVE
194158,13.3,14.0,7.2,15.0,2.7,23,12.18,29.1,35.8,96,27,0x02,0,0x0000,0x00000000,0x00000000,78,READY_TO_DRIVE
194258,13.5,14.1,7.3,15.4,2.7,23,12.27,29.0,35.6,96,27,0x02,0,0x0000,0x00000000,0x00000000,77,READY_TO_DRIVE
194359,13.9,14.2,7.6,15.9,2.8,22,12.12,29.0,35.6,96,27,0x02,0,0x0000,0x00000000,0x00000000,77,READY_TO_DRIVE
194459,14.1,13.8,7.5,15.7,2.7,22,12.21,29.0,35.6,96,27,0x02,0,0x0000,0x00000000,0x00000000,77,READY_TO_DRIVE
194560,11.0,9.9,3.7,7.8,1.3,22,12.12,29.0,35.8,96,27,0x02,0,0x0000,0x00000000,0x00000000,78,READY_TO_DRIVE
194660,10.3,8.7,2.7,5.7,0.9,21,12.19,29.0,35.8,96,27,0x02,0,0x0000,0x00000000,0x00000000,78,READY_TO_DRIVE
194762,13.5,12.5,6.5,13.6,0.8,21,12.19,28.8,35.6,96,27,0x02,0,0x0000,0x00000000,0x00000000,77,READY_TO_DRIVE
194862,20.7,20.7,14.7,30.9,5.0,21,12.22,28.8,35.6,96,27,0x02,0,0x0000,0x00000000,0x00000000,77,READY_TO_DRIVE
194967,24.5,26.8,20.0,42.1,6.9,21,12.31,28.8,35.6,96,27,0x02,0,0x0000,0x00000000,0x00000000,77,READY_TO_DRIVE
195067,23.5,23.8,17.9,37.6,6.3,21,12.13,28.8,35.5,96,27,0x02,0,0x0000,0x00000000,0x00000000,76,READY_TO_DRIVE
195167,21.7,21.0,15.4,32.4,5.2,21,12.2,28.8,35.5,96,27,0x02,0,0x0000,0x00000000,0x00000000,76,READY_TO_DRIVE
195269,20.6,20.0,14.3,30.0,4.7,21,12.25,28.8,35.5,96,27,0x02,0,0x0000,0x00000000,0x00000000,76,READY_TO_DRIVE
195369,21.3,22.1,15.8,33.2,5.3,21,12.19,28.8,35.7,96,27,0x02,0,0x0000,0x00000000,0x00000000,77,READY_TO_DRIVE
195470,21.6,22.1,16.0,33.5,5.3,21,12.59,28.8,35.7,96,27,0x02,0,0x0000,0x00000000,0x00000000,77,READY_TO_DRIVE
195570,17.6,17.8,11.5,24.2,4.7,21,12.4,29.0,35.3,96,27,0x02,0,0x0000,0x00000000,0x00000000,75,READY_TO_DRIVE
195679,11.5,11.6,4.9,10.3,1.8,20,12.47,29.0,35.6,96,27,0x02,0,0x0000,0x00000000,0x00000000,77,READY_TO_DRIVE
195779,11.0,10.3,3.9,8.3,1.2,20,12.28,29.0,35.3,96,27,0x02,0,0x0000,0x00000000,0x00000000,75,READY_TO_DRIVE
195881,9.8,10.0,3.1,6.6,1.1,20,12.2,29.0,35.6,96,27,0x02,0,0x0000,0x00000000,0x00000000,77,READY_TO_DRIVE
195981,7.7,8.0,0.9,1.9,0.2,19,12.41,29.0,37.0,96,27,0x02,0,0x0000,0x00000000,0x00000000,84,READY_TO_DRIVE
196083,7.7,7.5,0.6,1.3,0.2,20,11.97,29.0,36.0,96,27,0x02,0,0x0000,0x00000000,0x00000000,79,READY_TO_DRIVE
196189,7.5,7.5,0.5,1.1,0.0,18,12.22,29.0,36.0,96,27,0x02,0,0x0000,0x00000000,0x00000000,79,READY_TO_DRIVE
196292,7.2,7.9,0.6,1.3,0.2,18,12.2,28.9,36.0,96,27,0x02,0,0x0000,0x00000000,0x00000000,79,READY_TO_DRIVE
196392,9.0,9.8,2.6,5.4,0.6,18,12.4,28.9,35.5,96,27,0x02,0,0x0000,0x00000000,0x00000000,76,READY_TO_DRIVE
196492,10.2,10.1,3.4,7.1,0.9,17,12.2,28.9,35.5,96,27,0x02,0,0x0000,0x00000000,0x00000000,76,READY_TO_DRIVE
196592,19.8,21.8,14.8,31.1,2.9,17,12.3,28.9,35.5,96,27,0x02,0,0x0000,0x00000000,0x00000000,76,READY_TO_DRIVE
196692,21.1,22.0,15.7,32.9,4.3,17,12.3,28.9,35.5,96,27,0x02,0,0x0000,0x00000000,0x00000000,76,READY_TO_DRIVE
196792,21.4,22.1,15.8,33.3,4.3,17,12.3,28.8,35.5,96,27,0x02,0,0x0000,0x00000000,0x00000000,76,READY_TO_DRIVE
196892,21.4,22.1,15.9,33.3,4.2,17,12.28,28.7,35.7,96,27,0x02,0,0x0000,0x00000000,0x00000000,77,READY_TO_DRIVE
196994,18.8,21.2,14.0,29.3,3.8,17,12.34,28.7,36.0,96,27,0x02,0,0x0000,0x00000000,0x00000000,79,READY_TO_DRIVE
197094,17.6,19.2,12.2,25.7,3.1,16,12.09,28.7,36.0,96,27,0x02,0,0x0000,0x00000000,0x00000000,79,READY_TO_DRIVE
197194,17.8,19.2,12.4,26.0,3.1,16,12.27,28.8,36.0,96,27,0x02,0,0x0000,0x00000000,0x00000000,79,READY_TO_DRIVE
197295,17.8,19.0,12.2,25.7,3.1,16,12.21,28.8,35.6,96,27,0x02,0,0x0000,0x00000000,0x00000000,77,READY_TO_DRIVE
197395,16.5,17.5,10.8,22.6,2.7,16,12.23,28.9,35.7,96,27,0x02,0,0x0000,0x00000000,0x00000000,77,READY_TO_DRIVE
197495,16.5,17.2,10.6,22.2,2.6,15,12.16,28.9,35.7,96,27,0x02,0,0x0000,0x00000000,0x00000000,77,READY_TO_DRIVE
197595,17.4,18.4,11.7,24.6,2.7,15,12.04,28.9,34.3,96,27,0x02,0,0x0000,0x00000000,0x00000000,70,READY_TO_DRIVE
197695,20.6,20.1,14.4,30.2,3.0,15,12.16,28.9,34.3,96,27,0x02,0,0x0000,0x00000000,0x00000000,70,READY_TO_DRIVE
197795,26.3,28.0,21.7,45.5,4.6,15,12.22,28.9,35.7,96,27,0x02,0,0x0000,0x00000000,0x00000000,77,READY_TO_DRIVE
197895,27.0,28.0,22.0,46.2,5.2,15,12.26,29.0,35.7,96,27,0x02,0,0x0000,0x00000000,0x00000000,77,READY_TO_DRIVE
197996,30.2,31.9,25.9,54.4,5.9,15,12.26,29.0,36.2,96,27,0x02,0,0x0000,0x00000000,0x00000000,80,READY_TO_DRIVE
198098,39.0,40.5,35.2,74.0,8.7,16,12.12,29.0,36.2,96,27,0x02,0,0x0000,0x00000000,0x00000000,80,READY_TO_DRIVE
198200,36.8,37.2,32.3,67.8,9.6,16,12.28,29.1,36.4,96,27,0x02,0,0x0000,0x00000000,0x00000000,81,READY_TO_DRIVE
198314,34.9,35.6,30.3,63.7,8.6,18,12.21,29.1,36.4,96,27,0x02,0,0x0000,0x00000000,0x00000000,81,READY_TO_DRIVE
198421,32.0,33.7,27.8,58.4,7.2,17,12.21,29.1,36.4,96,27,0x02,0,0x0000,0x00000000,0x00000000,81,READY_TO_DRIVE
198521,30.7,32.0,26.2,55.0,7.4,18,12.32,29.4,36.1,96,27,0x02,0,0x0000,0x00000000,0x00000000,79,READY_TO_DRIVE
198625,33.5,36.1,29.9,62.7,7.5,17,12.32,29.6,36.1,96,27,0x02,0,0x0000,0x00000000,0x00000000,79,READY_TO_DRIVE
198725,32.1,35.4,28.8,60.4,9.2,18,12.32,29.6,36.1,96,27,0x02,0,0x0000,0x00000000,0x00000000,79,READY_TO_DRIVE
198825,32.8,34.5,28.7,60.3,8.0,17,12.1,29.7,36.0,96,27,0x02,0,0x0000,0x00000000,0x00000000,79,READY_TO_DRIVE
198925,33.7,36.4,30.2,63.4,8.2,17,12.22,29.7,36.1,96,27,0x02,0,0x0000,0x00000000,0x00000000,79,READY_TO_DRIVE
199025,34.5,33.3,28.9,60.7,8.4,18,12.22,29.9,36.1,96,27,0x02,0,0x0000,0x00000000,0x00000000,79,READY_TO_DRIVE
199127,37.1,38.3,33.0,69.4,9.3,18,12.3,29.9,36.1,96,27,0x02,0,0x0000,0x00000000,0x00000000,79,READY_TO_DRIVE
199227,40.7,41.4,36.6,76.9,10.1,19,12.09,30.0,35.7,96,27,0x02,0,0x0000,0x00000000,0x00000000,77,READY_TO_DRIVE
199328,40.7,42.2,37.0,77.8,11.5,19,12.14,30.1,35.7,96,27,0x02,0,0x0000,0x00000000,0x00000000,77,READY_TO_DRIVE
199429,40.4,44.2,38.0,79.7,11.9,20,12.2,30.2,35.7,96,27,0x02,0,0x0000,0x00000000,0x00000000,77,READY_TO_DRIVE
199532,43.0,44.9,39.7,83.3,12.7,20,12.2,30.2,35.6,96,27,0x02,0,0x0000,0x00000000,0x00000000,77,READY_TO_DRIVE
199632,43.2,45.6,40.2,84.4,13.6,21,12.19,30.2,36.0,96,27,0x02,0,0x0000,0x00000000,0x00000000,79,READY_TO_DRIVE
199732,43.1,44.8,39.7,83.4,14.2,22,12.14,30.2,36.0,96,27,0x02,0,0x0000,0x00000000,0x00000000,79,READY_TO_DRIVE
199832,41.6,43.5,38.2,80.3,14.0,22,12.07,30.5,35.6,96,27,0x02,0,0x0000,0x00000000,0x00000000,77,READY_TO_DRIVE
199940,38.1,39.7,34.3,72.1,12.4,23,12.14,30.5,35.6,96,27,0x02,0,0x0000,0x00000000,0x00000000,77,READY_TO_DRIVE
200041,30.9,34.0,27.3,57.4,10.9,23,12.18,30.7,35.6,96,27,0x02,0,0x0000,0x00000000,0x00000000,77,READY_TO_DRIVE
200141,15.3,19.2,11.0,23.0,4.8,23,12.36,30.7,35.6,96,27,0x02,0,0x0000,0x00000000,0x00000000,77,READY_TO_DRIVE
200242,9.5,11.2,3.6,7.6,1.7,23,12.17,30.8,36.0,96,27,0x02,0,0x0000,0x00000000,0x00000000,79,READY_TO_DRIVE
200342,10.0,11.0,3.7,7.9,1.2,23,12.35,30.8,36.0,96,27,0x02,0,0x0000,0x00000000,0x00000000,79,READY_TO_DRIVE
200444,14.4,16.8,9.2,19.4,1.8,22,12.27,30.7,35.2,96,27,0x02,0,0x0000,0x00000000,0x00000000,74,READY_TO_DRIVE
200544,16.1,18.1,10.9,22.8,3.8,22,12.27,30.7,35.1,96,27,0x02,0,0x0000,0x00000000,0x00000000,74,READY_TO_DRIVE
200644,18.3,20.6,13.4,28.1,3.8,22,12.27,30.5,35.1,96,27,0x02,0,0x0000,0x00000000,0x00000000,74,READY_TO_DRIVE
200749,31.4,33.6,27.5,57.7,9.4,23,12.18,30.5,35.1,96,27,0x02,0,0x0000,0x00000000,0x00000000,74,READY_TO_DRIVE
200849,34.7,37.9,31.5,66.1,10.6,23,12.17,30.2,36.1,96,27,0x02,0,0x0000,0x00000000,0x00000000,79,READY_TO_DRIVE
200949,26.5,27.3,21.4,45.0,8.4,23,12.17,30.2,36.1,96,27,0x02,0,0x0000,0x00000000,0x00000000,79,READY_TO_DRIVE
201052,13.7,14.8,7.8,16.4,4.4,23,12.17,30.2,36.1,96,27,0x02,0,0x0000,0x00000000,0x00000000,79,READY_TO_DRIVE
201164,6.1,7.0,0.0,0.0,0.0,22,12.06,30.2,36.1,96,27,0x02,0,0x0000,0x00000000,0x00000000,79,READY_TO_DRIVE
201264,3.8,3.5,0.0,0.0,0.0,23,12.23,30.1,36.0,96,27,0x02,0,0x0000,0x00000000,0x00000000,79,READY_TO_DRIVE
201364,2.5,3.5,0.0,0.0,0.0,22,12.21,30.1,35.7,96,27,0x02,0,0x0000,0x00000000,0x00000000,77,READY_TO_DRIVE
201465,3.1,3.5,0.0,0.0,0.0,22,12.42,29.9,36.1,96,27,0x02,0,0x0000,0x00000000,0x00000000,79,READY_TO_DRIVE
201565,2.8,3.5,0.0,0.0,0.0,22,12.14,29.9,36.1,96,27,0x02,0,0x0000,0x00000000,0x00000000,79,READY_TO_DRIVE
201665,5.0,3.5,0.0,0.0,0.0,21,12.31,29.7,36.1,96,27,0x02,0,0x0000,0x00000000,0x00000000,79,READY_TO_DRIVE
201765,4.8,3.5,0.0,0.0,0.0,20,12.2,29.7,35.8,96,27,0x02,0,0x0000,0x00000000,0x00000000,78,READY_TO_DRIVE
201872,5.3,3.5,0.0,0.0,0.0,19,12.45,29.6,35.7,96,27,0x02,0,0x0000,0x00000000,0x00000000,77,READY_TO_DRIVE
201972,5.1,3.5,0.0,0.0,0.0,19,12.18,29.6,35.7,96,27,0x02,0,0x0000,0x00000000,0x00000000,77,READY_TO_DRIVE
202072,14.7,13.9,7.8,16.5,2.2,18,12.18,29.6,35.8,96,27,0x02,0,0x0000,0x00000000,0x00000000,78,READY_TO_DRIVE
202173,14.3,13.5,7.4,15.6,2.2,17,12.2,29.4,35.8,96,27,0x02,0,0x0000,0x00000000,0x00000000,78,READY_TO_DRIVE
202273,14.0,12.3,6.6,13.9,1.9,17,12.5,29.3,36.5,96,27,0x02,0,0x0000,0x00000000,0x00000000,81,READY_TO_DRIVE
202374,12.9,11.7,5.7,11.9,1.6,17,12.18,29.3,36.0,96,27,0x02,0,0x0000,0x00000000,0x00000000,79,READY_TO_DRIVE
202474,12.3,10.3,4.6,9.7,1.2,16,12.18,29.2,36.0,96,27,0x02,0,0x0000,0x00000000,0x00000000,79,READY_TO_DRIVE
202574,7.5,5.9,0.0,0.0,0.2,16,12.18,29.2,36.1,96,27,0x02,0,0x0000,0x00000000,0x00000000,79,READY_TO_DRIVE
202682,8.0,6.8,0.4,0.9,0.1,14,12.36,29.2,35.7,96,27,0x02,0,0x0000,0x00000000,0x00000000,77,READY_TO_DRIVE
202782,8.4,7.3,0.9,1.9,0.1,15,12.09,29.1,36.4,96,27,0x02,0,0x0000,0x00000000,0x00000000,81,READY_TO_DRIVE
202882,8.0,7.8,1.0,2.0,0.3,14,12.33,29.1,36.0,96,27,0x02,0,0x0000,0x00000000,0x00000000,79,READY_TO_DRIVE
202982,9.7,8.9,2.5,5.2,0.4,13,12.25,29.1,36.0,96,27,0x02,0,0x0000,0x00000000,0x00000000,79,READY_TO_DRIVE
203082,12.3,14.5,6.9,14.4,1.7,14,12.25,29.1,36.0,96,27,0x02,0,0x0000,0x00000000,0x00000000,79,READY_TO_DRIVE
203184,12.7,15.4,7.6,15.9,1.4,13,12.4,29.1,36.0,96,27,0x02,0,0x0000,0x00000000,0x00000000,79,READY_TO_DRIVE
203284,13.7,16.1,8.5,17.9,1.5,12,12.24,28.9,36.0,96,27,0x02,0,0x0000,0x00000000,0x00000000,79,READY_TO_DRIVE
203388,12.0,15.5,7.3,15.3,1.2,11,12.38,28.9,36.0,96,27,0x02,0,0x0000,0x00000000,0x00000000,79,READY_TO_DRIVE
203488,12.2,14.9,7.1,14.8,1.1,11,12.3,28.9,36.2,96,27,0x02,0,0x0000,0x00000000,0x00000000,80,READY_TO_DRIVE
203588,12.6,14.9,7.3,15.3,1.1,10,12.3,28.9,36.2,96,27,0x02,0,0x0000,0x00000000,0x00000000,80,READY_TO_DRIVE
203688,12.8,14.9,7.4,15.5,1.0,10,12.11,28.9,35.8,96,27,0x02,0,0x0000,0x00000000,0x00000000,78,READY_TO_DRIVE
203790,12.8,15.0,7.4,15.5,0.9,9,12.13,28.9,36.4,96,27,0x02,0,0x0000,0x00000000,0x00000000,81,READY_TO_DRIVE
203895,13.2,16.3,8.4,17.6,0.9,8,12.21,28.9,35.7,96,27,0x02,0,0x0000,0x00000000,0x00000000,77,READY_TO_DRIVE
203995,15.7,19.9,11.6,24.4,1.2,8,12.22,29.0,35.8,96,27,0x02,0,0x0000,0x00000000,0x00000000,78,READY_TO_DRIVE
204095,16.7,20.9,12.7,26.6,1.4,8,12.34,29.0,36.2,96,27,0x02,0,0x0000,0x00000000,0x00000000,80,READY_TO_DRIVE
204195,21.2,25.1,17.3,36.4,1.5,8,12.14,29.0,36.2,96,27,0x02,0,0x0000,0x00000000,0x00000000,80,READY_TO_DRIVE
204295,19.3,22.6,15.0,31.5,1.6,7,12.18,28.9,36.2,96,27,0x02,0,0x0000,0x00000000,0x00000000,80,READY_TO_DRIVE
204395,19.5,22.6,15.2,31.8,1.5,7,12.19,29.0,36.2,96,27,0x02,0,0x0000,0x00000000,0x00000000,80,READY_TO_DRIVE
204496,19.5,22.6,15.1,31.7,1.5,7,12.19,29.0,36.1,96,27,0x02,0,0x0000,0x00000000,0x00000000,79,READY_TO_DRIVE
204602,19.4,22.6,15.1,31.7,1.4,6,12.22,29.0,35.8,96,27,0x02,0,0x0000,0x00000000,0x00000000,78,READY_TO_DRIVE
204702,20.4,24.8,16.8,35.3,1.5,6,12.18,29.0,35.7,96,27,0x02,0,0x0000,0x00000000,0x00000000,77,READY_TO_DRIVE
204802,23.6,28.2,20.3,42.7,1.7,6,12.36,29.2,35.7,96,27,0x02,0,0x0000,0x00000000,0x00000000,77,READY_TO_DRIVE
204902,26.3,30.6,23.1,48.5,2.1,6,12.05,29.2,36.1,96,27,0x02,0,0x0000,0x00000000,0x00000000,79,READY_TO_DRIVE
205002,27.0,31.4,23.9,50.2,2.3,6,12.1,29.2,36.2,96,27,0x02,0,0x0000,0x00000000,0x00000000,80,READY_TO_DRIVE
205102,26.9,31.4,23.8,50.0,2.2,6,12.33,29.4,36.2,96,27,0x02,0,0x0000,0x00000000,0x00000000,80,READY_TO_DRIVE
205202,27.2,31.5,24.1,50.5,2.4,7,12.28,29.4,36.2,96,27,0x02,0,0x0000,0x00000000,0x00000000,80,READY_TO_DRIVE
205302,27.1,31.5,24.0,50.3,2.4,7,12.25,29.5,36.1,96,27,0x02,0,0x0000,0x00000000,0x00000000,79,READY_TO_DRIVE
205402,27.6,32.4,24.7,51.9,2.6,7,12.25,29.6,36.1,96,27,0x02,0,0x0000,0x00000000,0x00000000,79,READY_TO_DRIVE
205503,28.2,32.9,25.3,53.2,2.7,7,12.11,29.6,36.0,96,27,0x02,0,0x0000,0x00000000,0x00000000,79,READY_TO_DRIVE
205603,28.2,33.1,25.4,53.4,2.7,7,12.23,29.6,36.0,96,27,0x02,0,0x0000,0x00000000,0x00000000,79,READY_TO_DRIVE
205703,28.5,33.3,25.7,54.0,2.8,7,12.22,29.6,36.4,96,27,0x02,0,0x0000,0x00000000,0x00000000,81,READY_TO_DRIVE
205804,29.0,33.7,26.1,54.9,2.9,7,12.2,29.9,36.4,96,27,0x02,0,0x0000,0x00000000,0x00000000,81,READY_TO_DRIVE
205904,31.2,35.4,28.3,59.4,3.1,8,12.11,29.9,36.1,96,27,0x02,0,0x0000,0x00000000,0x00000000,79,READY_TO_DRIVE
206005,31.3,35.5,28.4,59.7,3.7,8,12.44,29.9,36.1,96,27,0x02,0,0x0000,0x00000000,0x00000000,79,READY_TO_DRIVE
206105,31.0,33.8,27.3,57.4,3.5,8,12.44,29.9,36.1,96,27,0x02,0,0x0000,0x00000000,0x00000000,79,READY_TO_DRIVE
206205,29.1,31.1,24.8,52.2,3.3,9,12.4,30.1,36.1,96,27,0x02,0,0x0000,0x00000000,0x00000000,79,READY_TO_DRIVE
206305,29.0,31.1,24.8,52.1,3.5,9,12.39,30.1,36.1,96,27,0x02,0,0x0000,0x00000000,0x00000000,79,READY_TO_DRIVE
206405,29.0,31.1,24.8,52.1,3.6,9,12.24,30.3,36.5,96,27,0x02,0,0x0000,0x00000000,0x00000000,79,READY_TO_DRIVE
206506,31.3,33.8,27.4,57.6,4.1,10,12.18,30.3,36.6,96,27,0x02,0,0x0000,0x00000000,0x00000000,82,READY_TO_DRIVE
206608,34.3,36.4,30.5,64.1,4.9,10,12.12,30.3,36.6,96,27,0x02,0,0x0000,0x00000000,0x00000000,82,READY_TO_DRIVE
206709,34.6,36.4,30.6,64.3,5.1,11,12.16,30.3,36.0,96,27,0x02,0,0x0000,0x00000000,0x00000000,79,READY_TO_DRIVE
206810,34.5,35.8,30.3,63.6,5.5,11,12.16,30.4,36.0,96,27,0x02,0,0x0000,0x00000000,0x00000000,79,READY_TO_DRIVE
206912,28.5,29.8,23.8,50.0,4.5,11,12.39,30.4,36.4,96,27,0x02,0,0x0000,0x00000000,0x00000000,81,READY_TO_DRIVE
207014,27.6,29.8,23.3,48.9,4.3,12,12.3,30.4,36.4,96,27,0x02,0,0x0000,0x00000000,0x00000000,81,READY_TO_DRIVE
207114,27.8,29.8,23.4,49.2,4.5,12,12.21,30.4,36.0,96,27,0x02,0,0x0000,0x00000000,0x00000000,81,READY_TO_DRIVE
207224,30.7,33.2,26.8,56.3,5.2,13,12.21,30.7,36.0,96,27,0x02,0,0x0000,0x00000000,0x00000000,79,READY_TO_DRIVE
207324,31.6,34.2,27.8,58.5,5.7,13,12.21,30.7,36.0,96,27,0x02,0,0x0000,0x00000000,0x00000000,79,READY_TO_DRIVE
207424,31.6,34.2,27.9,58.6,5.8,13,12.21,30.7,36.4,96,27,0x02,0,0x0000,0x00000000,0x00000000,81,READY_TO_DRIVE
207525,29.9,31.7,25.6,53.8,5.7,13,12.23,30.8,35.7,96,27,0x02,0,0x0000,0x00000000,0x00000000,77,READY_TO_DRIVE
207625,27.6,29.2,23.0,48.4,4.9,14,12.1,30.8,35.7,96,27,0x02,0,0x0000,0x00000000,0x00000000,77,READY_TO_DRIVE
207727,29.0,30.2,24.3,51.0,5.4,14,12.2,30.8,36.0,96,27,0x02,0,0x0000,0x00000000,0x00000000,79,READY_TO_DRIVE
207827,30.2,32.3,26.1,54.8,5.7,14,12.2,30.9,35.7,96,27,0x02,0,0x0000,0x00000000,0x00000000,77,READY_TO_DRIVE
207930,31.0,32.6,26.6,55.9,6.2,15,12.05,30.9,35.7,96,27,0x02,0,0x0000,0x00000000,0x00000000,77,READY_TO_DRIVE
208030,28.5,30.2,24.0,50.5,5.8,15,12.05,30.9,35.7,96,27,0x02,0,0x0000,0x00000000,0x00000000,77,READY_TO_DRIVE
208130,20.7,20.5,14.6,30.7,4.5,15,12.24,30.9,35.7,96,27,0x02,0,0x0000,0x00000000,0x00000000,77,READY_TO_DRIVE
208230,18.9,19.2,12.9,27.1,3.0,15,12.38,30.9,35.6,96,27,0x02,0,0x0000,0x00000000,0x00000000,77,READY_TO_DRIVE
208330,18.7,18.9,12.7,26.7,2.9,15,12.24,30.9,36.2,96,27,0x02,0,0x0000,0x00000000,0x00000000,80,READY_TO_DRIVE
208430,19.8,20.5,14.1,29.6,2.8,15,12.42,30.9,36.0,96,27,0x02,0,0x0000,0x00000000,0x00000000,79,READY_TO_DRIVE
208534,23.1,24.0,17.8,37.3,4.0,15,12.42,30.9,36.5,96,27,0x02,0,0x0000,0x00000000,0x00000000,81,READY_TO_DRIVE
208635,27.7,29.0,22.9,48.2,5.2,15,12.21,30.8,36.5,96,27,0x02,0,0x0000,0x00000000,0x00000000,81,READY_TO_DRIVE
208735,34.3,36.0,30.3,63.6,7.3,16,12.11,30.7,36.5,96,27,0x02,0,0x0000,0x00000000,0x00000000,81,READY_TO_DRIVE
208835,34.6,35.6,30.2,63.5,7.8,16,12.38,30.7,36.5,96,27,0x02,0,0x0000,0x00000000,0x00000000,81,READY_TO_DRIVE
208937,29.5,31.0,25.0,52.5,6.9,16,12.28,30.6,36.5,96,27,0x02,0,0x0000,0x00000000,0x00000000,81,READY_TO_DRIVE
209045,29.1,29.4,23.9,50.3,6.4,16,12.21,30.6,36.2,96,27,0x02,0,0x0000,0x00000000,0x00000000,80,READY_TO_DRIVE
209145,28.4,28.2,22.9,48.1,6.0,17,12.14,30.6,36.2,96,27,0x02,0,0x0000,0x00000000,0x00000000,80,READY_TO_DRIVE
209246,27.4,28.2,22.3,46.9,6.1,17,12.14,30.6,36.2,96,27,0x02,0,0x0000,0x00000000,0x00000000,80,READY_TO_DRIVE
209356,26.6,27.4,21.5,45.2,6.1,18,12.17,30.7,36.2,96,27,0x02,0,0x0000,0x00000000,0x00000000,80,READY_TO_DRIVE
209466,22.4,22.7,16.7,35.1,5.0,17,12.17,30.7,36.2,96,27,0x02,0,0x0000,0x00000000,0x00000000,80,READY_TO_DRIVE
209566,20.1,20.7,14.4,30.2,4.2,17,12.17,30.7,36.2,96,27,0x02,0,0x0000,0x00000000,0x00000000,80,READY_TO_DRIVE
209667,20.3,20.7,14.5,30.5,4.1,18,12.06,30.7,36.2,96,27,0x02,0,0x0000,0x00000000,0x00000000,80,READY_TO_DRIVE
209767,19.8,20.7,14.3,30.0,3.9,18,12.14,30.8,36.6,96,27,0x02,0,0x0000,0x00000000,0x00000000,82,READY_TO_DRIVE
209867,22.0,22.4,16.4,34.3,4.3,18,12.14,30.8,36.6,96,27,0x02,0,0x0000,0x00000000,0x00000000,82,READY_TO_DRIVE
209969,22.2,23.7,17.2,36.1,4.4,18,12.12,30.8,36.1,96,27,0x02,0,0x0000,0x00000000,0x00000000,79,READY_TO_DRIVE
210070,32.5,34.0,28.3,59.4,7.4,18,12.1,30.8,36.1,96,27,0x02,0,0x0000,0x00000000,0x00000000,79,READY_TO_DRIVE
210178,33.7,34.8,29.3,61.6,8.7,18,12.25,30.7,36.1,96,27,0x02,0,0x0000,0x00000000,0x00000000,79,READY_TO_DRIVE
210282,30.3,30.8,25.3,53.1,8.4,18,12.28,30.7,36.2,96,27,0x02,0,0x0000,0x00000000,0x00000000,80,READY_TO_DRIVE
210383,24.7,25.4,19.4,40.7,6.0,19,12.16,30.6,36.2,96,27,0x02,0,0x0000,0x00000000,0x00000000,80,READY_TO_DRIVE
210483,25.0,25.2,19.5,40.9,5.8,19,12.03,30.6,36.0,96,27,0x02,0,0x0000,0x00000000,0x00000000,79,READY_TO_DRIVE
210583,16.3,15.8,9.7,20.4,3.7,19,12.16,30.6,36.0,96,27,0x02,0,0x0000,0x00000000,0x00000000,79,READY_TO_DRIVE
210684,11.5,11.8,5.0,10.5,1.8,19,12.24,30.6,36.0,96,27,0x02,0,0x0000,0x00000000,0x00000000,79,READY_TO_DRIVE
210784,14.8,14.9,8.5,17.8,2.1,19,12.24,30.7,36.1,96,27,0x02,0,0x0000,0x00000000,0x00000000,79,READY_TO_DRIVE
210886,16.6,17.2,10.7,22.4,2.7,19,12.32,30.7,36.1,96,27,0x02,0,0x0000,0x00000000,0x00000000,79,READY_TO_DRIVE
210986,18.1,17.9,11.8,24.8,3.4,19,11.97,30.6,36.1,96,27,0x02,0,0x0000,0x00000000,0x00000000,79,READY_TO_DRIVE
211088,17.8,17.9,11.7,24.5,3.5,19,12.24,30.6,36.2,96,27,0x02,0,0x0000,0x00000000,0x00000000,80,READY_TO_DRIVE
211188,17.4,16.2,10.5,22.1,3.1,18,12.26,30.6,36.2,96,27,0x02,0,0x0000,0x00000000,0x00000000,80,READY_TO_DRIVE
211288,10.4,11.5,4.3,8.9,2.7,19,12.45,30.6,36.2,96,27,0x02,0,0x0000,0x00000000,0x00000000,80,READY_TO_DRIVE
211388,10.5,9.8,3.3,7.0,0.7,18,12.45,30.6,36.0,96,27,0x02,0,0x0000,0x00000000,0x00000000,79,READY_TO_DRIVE
211488,10.2,9.7,3.2,6.7,0.9,18,12.18,30.6,36.2,96,27,0x02,0,0x0000,0x00000000,0x00000000,80,READY_TO_DRIVE
211588,11.3,11.1,4.5,9.4,1.1,17,12.13,30.6,36.2,96,27,0x02,0,0x0000,0x00000000,0x00000000,80,READY_TO_DRIVE
211688,16.4,15.6,9.7,20.3,2.6,18,12.18,30.6,36.2,96,27,0x02,0,0x0000,0x00000000,0x00000000,80,READY_TO_DRIVE
211788,17.5,17.2,11.1,23.4,3.0,17,12.14,30.6,36.2,96,27,0x02,0,0x0000,0x00000000,0x00000000,80,READY_TO_DRIVE
211888,17.5,17.3,11.2,23.4,3.0,17,12.2,30.6,36.2,96,27,0x02,0,0x0000,0x00000000,0x00000000,80,READY_TO_DRIVE
211988,17.4,17.3,11.1,23.4,3.0,17,12.38,30.0,36.4,96,27,0x02,0,0x0000,0x00000000,0x00000000,81,READY_TO_DRIVE
212088,12.4,11.1,5.1,10.8,1.2,17,12.38,30.0,36.4,96,27,0x02,0,0x0000,0x00000000,0x00000000,81,READY_TO_DRIVE
212193,11.3,11.1,4.5,9.5,1.1,16,12.18,29.9,36.5,96,27,0x02,0,0x0000,0x00000000,0x00000000,81,READY_TO_DRIVE
212293,11.1,11.0,4.4,9.1,1.1,16,12.18,29.9,36.5,96,27,0x02,0,0x0000,0x00000000,0x00000000,81,READY_TO_DRIVE
212393,12.4,13.4,6.4,13.4,1.2,16,12.02,29.8,36.4,96,27,0x02,0,0x0000,0x00000000,0x00000000,81,READY_TO_DRIVE
212493,15.8,17.4,10.3,21.6,2.2,16,12.1,29.8,36.4,96,27,0x02,0,0x0000,0x00000000,0x00000000,81,READY_TO_DRIVE
212593,19.1,20.5,13.7,28.8,2.9,16,12.2,29.7,36.5,96,27,0x02,0,0x0000,0x00000000,0x00000000,81,READY_TO_DRIVE
212693,19.7,20.5,14.1,29.6,3.5,16,12.22,29.7,36.5,96,27,0x02,0,0x0000,0x00000000,0x00000000,81,READY_TO_DRIVE
212794,18.7,20.3,13.4,28.2,3.3,16,12.04,29.7,36.1,96,27,0x02,0,0x0000,0x00000000,0x00000000,79,READY_TO_DRIVE
212894,15.5,17.0,9.9,20.9,2.4,16,12.14,29.7,36.6,96,27,0x02,0,0x0000,0x00000000,0x00000000,82,READY_TO_DRIVE
212996,14.2,16.4,8.9,18.7,2.1,15,12.14,29.7,36.6,96,27,0x02,0,0x0000,0x00000000,0x00000000,82,READY_TO_DRIVE
213096,13.3,13.5,6.9,14.5,1.8,15,12.17,29.7,36.4,96,27,0x02,0,0x0000,0x00000000,0x00000000,81,READY_TO_DRIVE
213196,12.9,13.0,6.4,13.4,1.5,15,12.17,29.7,36.1,96,27,0x02,0,0x0000,0x00000000,0x00000000,79,READY_TO_DRIVE
213298,12.1,12.2,5.5,11.6,1.2,15,12.17,29.6,36.2,96,27,0x02,0,0x0000,0x00000000,0x00000000,80,READY_TO_DRIVE
213398,11.6,12.2,5.2,11.0,1.3,14,12.19,29.7,36.4,96,27,0x02,0,0x0000,0x00000000,0x00000000,81,READY_TO_DRIVE
213500,16.1,16.5,10.0,21.0,1.8,14,12.19,29.6,36.5,96,27,0x02,0,0x0000,0x00000000,0x00000000,81,READY_TO_DRIVE
213601,28.1,28.9,23.1,48.5,3.5,14,12.03,29.6,35.2,96,27,0x02,0,0x0000,0x00000000,0x00000000,74,READY_TO_DRIVE
213701,30.2,31.6,25.7,54.0,5.9,15,12.35,29.6,35.2,96,27,0x02,0,0x0000,0x00000000,0x00000000,74,READY_TO_DRIVE
213802,30.5,32.4,26.3,55.2,6.5,16,12.35,29.6,36.2,96,27,0x02,0,0x0000,0x00000000,0x00000000,80,READY_TO_DRIVE
213902,29.7,31.0,25.1,52.7,6.1,15,12.25,29.6,36.2,96,27,0x02,0,0x0000,0x00000000,0x00000000,80,READY_TO_DRIVE
214004,29.9,30.9,25.1,52.8,6.1,15,12.11,29.6,36.1,96,27,0x02,0,0x0000,0x00000000,0x00000000,79,READY_TO_DRIVE
214104,30.3,30.6,25.2,53.0,6.2,15,12.24,29.6,36.4,96,27,0x02,0,0x0000,0x00000000,0x00000000,81,READY_TO_DRIVE
214204,29.9,30.5,24.9,52.4,6.5,16,12.17,29.6,36.4,96,27,0x02,0,0x0000,0x00000000,0x00000000,81,READY_TO_DRIVE
214305,30.5,30.9,25.4,53.4,6.6,16,12.17,29.6,36.4,96,27,0x02,0,0x0000,0x00000000,0x00000000,81,READY_TO_DRIVE
214405,30.6,31.3,25.8,54.1,7.3,17,12.16,30.0,36.2,96,27,0x02,0,0x0000,0x00000000,0x00000000,80,READY_TO_DRIVE
214505,25.2,26.7,20.4,42.9,5.1,15,12.16,30.1,36.2,96,27,0x02,0,0x0000,0x00000000,0x00000000,80,READY_TO_DRIVE
214605,25.0,25.9,19.9,41.7,5.3,17,12.17,30.1,36.2,96,27,0x02,0,0x0000,0x00000000,0x00000000,80,READY_TO_DRIVE
214705,22.6,23.0,17.0,35.7,4.4,16,12.17,30.1,36.2,96,27,0x02,0,0x0000,0x00000000,0x00000000,80,READY_TO_DRIVE
214805,21.3,21.8,15.6,32.8,4.3,16,12.34,30.2,36.6,96,27,0x02,0,0x0000,0x00000000,0x00000000,82,READY_TO_DRIVE
214907,21.0,21.8,15.5,32.5,3.8,16,12.2,30.2,36.6,96,27,0x02,0,0x0000,0x00000000,0x00000000,82,READY_TO_DRIVE
215007,23.4,25.0,18.5,38.9,4.1,16,12.2,30.2,36.6,96,27,0x02,0,0x0000,0x00000000,0x00000000,82,READY_TO_DRIVE
215111,22.9,25.3,18.4,38.6,4.8,16,12.2,30.2,36.4,96,27,0x02,0,0x0000,0x00000000,0x00000000,81,READY_TO_DRIVE
215211,27.0,28.2,22.1,46.5,5.6,16,12.2,30.3,36.2,96,27,0x02,0,0x0000,0x00000000,0x00000000,80,READY_TO_DRIVE
215312,28.4,29.7,23.8,49.9,6.0,17,12.24,30.3,36.2,96,27,0x02,0,0x0000,0x00000000,0x00000000,80,READY_TO_DRIVE
215412,27.3,29.8,23.1,48.6,6.2,17,12.16,30.3,36.1,96,27,0x02,0,0x0000,0x00000000,0x00000000,79,READY_TO_DRIVE
215512,26.2,29.0,22.1,46.5,6.4,17,12.31,30.3,36.1,96,27,0x02,0,0x0000,0x00000000,0x00000000,79,READY_TO_DRIVE
215612,26.3,27.9,21.6,45.4,6.0,17,12.27,30.3,36.4,96,27,0x02,0,0x0000,0x00000000,0x00000000,81,READY_TO_DRIVE
215712,26.1,27.9,21.5,45.1,5.7,17,12.25,30.3,36.4,96,27,0x02,0,0x0000,0x00000000,0x00000000,81,READY_TO_DRIVE
215812,37.3,39.2,33.6,70.5,7.8,17,12.21,30.3,36.4,96,27,0x02,0,0x0000,0x00000000,0x00000000,81,READY_TO_DRIVE
215919,35.6,37.8,31.9,67.0,10.9,17,12.17,30.3,36.4,96,27,0x02,0,0x0000,0x00000000,0x00000000,81,READY_TO_DRIVE
216021,34.8,36.8,31.0,65.1,9.2,19,12.09,30.3,36.6,96,27,0x02,0,0x0000,0x00000000,0x00000000,82,READY_TO_DRIVE
216121,34.6,36.7,30.8,64.6,9.3,19,12.12,30.4,36.6,96,27,0x02,0,0x0000,0x00000000,0x00000000,82,READY_TO_DRIVE
216221,32.0,33.4,27.6,58.0,8.5,19,12.12,30.4,36.4,96,27,0x02,0,0x0000,0x00000000,0x00000000,81,READY_TO_DRIVE
216330,31.5,32.6,27.0,56.7,8.6,20,12.18,30.4,36.4,96,27,0x02,0,0x0000,0x00000000,0x00000000,81,READY_TO_DRIVE
216430,30.4,32.2,26.1,54.9,8.2,20,12.23,30.4,36.4,96,27,0x02,0,0x0000,0x00000000,0x00000000,81,READY_TO_DRIVE
216530,29.9,31.7,25.6,53.8,8.1,20,12.2,30.7,36.4,96,27,0x02,0,0x0000,0x00000000,0x00000000,81,READY_TO_DRIVE
216630,29.5,31.4,25.2,53.0,8.3,21,12.1,30.7,36.4,96,27,0x02,0,0x0000,0x00000000,0x00000000,81,READY_TO_DRIVE
216730,26.5,27.8,21.7,45.5,7.2,20,12.3,30.7,36.2,96,27,0x02,0,0x0000,0x00000000,0x00000000,80,READY_TO_DRIVE
216833,15.9,16.8,10.0,21.1,3.2,20,12.4,30.7,36.2,96,27,0x02,0,0x0000,0x00000000,0x00000000,80,READY_TO_DRIVE
216935,17.9,18.5,12.0,25.3,3.4,21,12.4,30.7,36.6,96,27,0x02,0,0x0000,0x00000000,0x00000000,82,READY_TO_DRIVE
217041,23.6,25.9,19.1,40.1,4.5,21,12.2,30.7,36.2,95,27,0x02,0,0x0000,0x00000000,0x00000000,80,READY_TO_DRIVE
217141,25.2,26.8,20.4,42.9,6.7,21,12.22,30.7,36.2,95,27,0x02,0,0x0000,0x00000000,0x00000000,80,READY_TO_DRIVE
217243,25.4,26.9,20.6,43.3,6.8,21,12.23,30.7,36.6,95,27,0x02,0,0x0000,0x00000000,0x00000000,82,READY_TO_DRIVE
217343,29.7,30.8,25.0,52.5,8.3,21,12.26,30.7,36.6,95,27,0x02,0,0x0000,0x00000000,0x00000000,82,READY_TO_DRIVE
217443,33.5,35.2,29.4,61.8,10.2,21,12.18,30.5,36.1,95,27,0x02,0,0x0000,0x00000000,0x00000000,79,READY_TO_DRIVE
217543,33.6,35.4,29.5,62.0,10.4,22,12.1,30.5,36.1,95,27,0x02,0,0x0000,0x00000000,0x00000000,79,READY_TO_DRIVE
217643,32.3,31.9,27.0,56.7,10.4,22,12.22,30.5,36.9,95,27,0x02,0,0x0000,0x00000000,0x00000000,83,READY_TO_DRIVE
217756,25.9,24.8,19.7,41.4,7.6,23,12.08,30.5,36.9,95,27,0x02,0,0x0000,0x00000000,0x00000000,83,READY_TO_DRIVE
217856,21.4,20.3,14.9,31.3,5.3,23,12.24,30.5,36.8,95,27,0x02,0,0x0000,0x00000000,0x00000000,83,READY_TO_DRIVE
217956,17.4,17.0,11.0,23.0,4.2,23,12.24,30.5,36.9,95,27,0x02,0,0x0000,0x00000000,0x00000000,83,READY_TO_DRIVE
218060,15.1,14.3,8.3,17.4,3.1,23,12.17,30.5,36.9,95,27,0x02,0,0x0000,0x00000000,0x00000000,83,READY_TO_DRIVE
218162,8.4,10.1,2.4,5.1,0.8,22,12.11,30.5,38.7,95,27,0x02,0,0x0000,0x00000000,0x00000000,93,READY_TO_DRIVE
218262,9.0,9.1,2.2,4.6,0.7,22,12.11,30.5,36.5,95,27,0x02,0,0x0000,0x00000000,0x00000000,81,READY_TO_DRIVE
218362,8.8,8.8,1.9,4.1,0.5,22,12.31,30.5,35.8,95,27,0x02,0,0x0000,0x00000000,0x00000000,78,READY_TO_DRIVE
218463,9.3,8.0,1.7,3.7,0.5,22,12.07,30.5,36.6,95,27,0x02,0,0x0000,0x00000000,0x00000000,82,READY_TO_DRIVE
218563,9.1,8.4,1.8,3.9,0.6,22,12.08,30.5,36.6,95,27,0x02,0,0x0000,0x00000000,0x00000000,82,READY_TO_DRIVE
218673,12.5,12.8,6.1,12.7,1.1,21,12.16,30.0,36.4,95,27,0x02,0,0x0000,0x00000000,0x00000000,81,READY_TO_DRIVE
218773,12.7,14.5,7.1,15.0,2.3,20,12.2,30.0,36.4,95,27,0x02,0,0x0000,0x00000000,0x00000000,81,READY_TO_DRIVE
218873,13.2,13.0,6.6,13.8,2.2,19,12.2,29.8,36.2,95,27,0x02,0,0x0000,0x00000000,0x00000000,80,READY_TO_DRIVE
218977,11.6,10.1,4.2,8.7,1.1,18,12.05,29.8,36.4,95,27,0x02,0,0x0000,0x00000000,0x00000000,81,READY_TO_DRIVE
219077,9.5,8.8,2.3,4.8,0.7,17,12.12,29.8,35.8,95,27,0x02,0,0x0000,0x00000000,0x00000000,78,READY_TO_DRIVE
219177,9.5,10.4,3.2,6.7,0.8,17,12.14,29.8,35.8,95,27,0x02,0,0x0000,0x00000000,0x00000000,78,READY_TO_DRIVE
219278,17.0,18.3,11.4,24.0,1.3,16,12.17,29.8,36.4,95,27,0x02,0,0x0000,0x00000000,0x00000000,81,READY_TO_DRIVE
219386,25.9,28.1,21.5,45.1,5.1,17,12.17,29.8,36.4,95,27,0x02,0,0x0000,0x00000000,0x00000000,81,READY_TO_DRIVE
219486,25.9,27.2,21.0,44.1,5.3,16,12.17,29.4,36.4,95,27,0x02,0,0x0000,0x00000000,0x00000000,81,READY_TO_DRIVE
219586,24.8,26.5,20.1,42.1,5.5,17,12.13,29.4,36.4,95,27,0x02,0,0x0000,0x00000000,0x00000000,81,READY_TO_DRIVE
219698,22.8,24.6,17.9,37.7,4.8,17,12.37,29.4,36.1,95,27,0x02,0,0x0000,0x00000000,0x00000000,79,READY_TO_DRIVE
219807,20.6,23.1,16.0,33.5,4.6,16,12.37,29.4,36.1,95,27,0x02,0,0x0000,0x00000000,0x00000000,79,READY_TO_DRIVE
219919,18.3,21.1,13.7,28.7,4.2,18,12.18,29.4,36.2,95,27,0x02,0,0x0000,0x00000000,0x00000000,80,READY_TO_DRIVE
220027,14.0,15.9,8.5,17.9,1.6,15,12.18,29.4,36.2,95,27,0x02,0,0x0000,0x00000000,0x00000000,80,READY_TO_DRIVE
220127,14.4,16.4,9.1,19.1,2.0,16,12.18,29.6,37.4,95,27,0x02,0,0x0000,0x00000000,0x00000000,86,READY_TO_DRIVE
220227,21.1,23.9,16.6,34.9,3.3,15,12.18,29.6,37.4,95,27,0x02,0,0x0000,0x00000000,0x00000000,86,READY_TO_DRIVE
220338,23.2,24.9,18.3,38.5,4.2,15,12.18,29.6,37.4,95,27,0x02,0,0x0000,0x00000000,0x00000000,86,READY_TO_DRIVE
220438,24.6,26.5,20.0,41.9,4.6,15,12.07,29.6,37.4,95,27,0x02,0,0x0000,0x00000000,0x00000000,86,READY_TO_DRIVE
220542,25.3,26.5,20.3,42.7,4.6,14,12.07,29.6,37.4,95,27,0x02,0,0x0000,0x00000000,0x00000000,86,READY_TO_DRIVE
220643,36.5,39.7,33.5,70.2,7.0,15,12.07,29.6,36.4,95,27,0x02,0,0x0000,0x00000000,0x00000000,81,READY_TO_DRIVE
220743,39.3,42.0,36.2,76.0,9.1,15,12.07,29.6,36.4,95,27,0x02,0,0x0000,0x00000000,0x00000000,81,READY_TO_DRIVE
220851,38.6,43.6,36.7,77.0,9.9,17,12.3,29.6,36.4,95,27,0x02,0,0x0000,0x00000000,0x00000000,81,READY_TO_DRIVE
220951,33.2,35.8,29.6,62.1,7.4,15,12.3,29.6,36.8,95,27,0x02,0,0x0000,0x00000000,0x00000000,83,READY_TO_DRIVE
221061,34.8,36.4,30.7,64.6,7.9,16,12.3,29.6,36.8,95,27,0x02,0,0x0000,0x00000000,0x00000000,83,READY_TO_DRIVE
221162,33.0,35.6,29.4,61.7,7.5,15,12.3,29.6,36.8,95,27,0x02,0,0x0000,0x00000000,0x00000000,83,READY_TO_DRIVE
221272,31.1,33.9,27.4,57.6,6.6,15,12.23,29.6,36.8,95,27,0x02,0,0x0000,0x00000000,0x00000000,83,READY_TO_DRIVE
221372,38.9,41.0,35.5,74.5,8.1,15,12.35,30.2,36.9,95,27,0x02,0,0x0000,0x00000000,0x00000000,83,READY_TO_DRIVE
221481,36.1,38.5,32.6,68.4,9.0,16,12.27,30.2,36.9,95,27,0x02,0,0x0000,0x00000000,0x00000000,83,READY_TO_DRIVE
221587,38.4,40.7,35.0,73.6,10.3,18,12.27,30.2,36.9,95,27,0x02,0,0x0000,0x00000000,0x00000000,83,READY_TO_DRIVE
221687,37.9,38.1,33.3,70.0,8.1,16,12.21,30.5,36.4,95,27,0x02,0,0x0000,0x00000000,0x00000000,81,READY_TO_DRIVE
221800,33.7,35.9,29.9,62.7,8.5,17,12.2,30.6,37.0,95,27,0x02,0,0x0000,0x00000000,0x00000000,84,READY_TO_DRIVE
221903,37.1,37.7,32.7,68.7,7.7,16,12.2,30.6,37.0,95,27,0x02,0,0x0000,0x00000000,0x00000000,84,READY_TO_DRIVE
222003,42.1,41.9,37.6,79.0,9.5,17,12.2,30.6,37.0,95,27,0x02,0,0x0000,0x00000000,0x00000000,84,READY_TO_DRIVE
222106,39.9,41.9,36.4,76.5,10.1,18,12.19,30.6,36.8,95,27,0x02,0,0x0000,0x00000000,0x00000000,83,READY_TO_DRIVE
222209,39.0,41.8,35.9,75.4,10.2,17,12.3,30.6,36.4,95,27,0x02,0,0x0000,0x00000000,0x00000000,81,READY_TO_DRIVE
222310,39.7,41.8,36.2,76.1,10.4,18,12.23,30.6,36.6,95,27,0x02,0,0x0000,0x00000000,0x00000000,82,READY_TO_DRIVE
222410,41.0,42.0,37.1,77.9,10.7,18,12.23,30.6,36.6,95,27,0x02,0,0x0000,0x00000000,0x00000000,82,READY_TO_DRIVE
222510,40.5,42.7,37.2,78.2,11.0,19,12.14,31.2,36.5,95,27,0x02,0,0x0000,0x00000000,0x00000000,81,READY_TO_DRIVE
222612,43.7,45.9,40.7,85.4,12.5,19,12.18,31.2,36.5,95,27,0x02,0,0x0000,0x00000000,0x00000000,81,READY_TO_DRIVE
222712,45.5,48.1,42.8,89.9,13.4,19,12.1,31.3,36.5,95,27,0x02,0,0x0000,0x00000000,0x00000000,81,READY_TO_DRIVE
222812,46.0,47.9,42.9,90.1,14.0,20,12.25,31.3,36.5,95,27,0x02,0,0x0000,0x00000000,0x00000000,81,READY_TO_DRIVE
222912,43.8,45.0,40.2,84.5,14.0,21,12.17,31.5,36.6,95,27,0x02,0,0x0000,0x00000000,0x00000000,82,READY_TO_DRIVE
223018,43.8,44.6,40.0,84.0,13.8,22,12.17,31.5,36.6,95,27,0x02,0,0x0000,0x00000000,0x00000000,82,READY_TO_DRIVE
223119,35.7,36.7,31.4,66.0,13.6,22,12.16,31.5,37.0,95,27,0x02,0,0x0000,0x00000000,0x00000000,84,READY_TO_DRIVE
223221,26.5,26.8,21.1,44.3,10.8,22,12.4,31.7,37.0,95,27,0x02,0,0x0000,0x00000000,0x00000000,84,READY_TO_DRIVE
223322,26.2,26.1,20.6,43.2,7.5,23,12.42,31.7,37.0,95,27,0x02,0,0x0000,0x00000000,0x00000000,84,READY_TO_DRIVE
223423,26.0,26.3,20.6,43.2,7.7,23,12.42,31.9,37.0,95,27,0x02,0,0x0000,0x00000000,0x00000000,84,READY_TO_DRIVE
223524,26.1,26.2,20.6,43.2,7.8,23,12.06,31.9,36.2,95,27,0x02,0,0x0000,0x00000000,0x00000000,80,READY_TO_DRIVE
223624,22.3,21.9,16.2,34.1,6.0,23,12.06,31.9,36.2,95,27,0x02,0,0x0000,0x00000000,0x00000000,80,READY_TO_DRIVE
223726,16.5,15.0,9.4,19.8,5.3,24,12.18,31.9,36.2,95,27,0x02,0,0x0000,0x00000000,0x00000000,80,READY_TO_DRIVE
223833,14.2,12.9,7.1,14.8,2.6,23,12.18,31.7,36.4,95,27,0x02,0,0x0000,0x00000000,0x00000000,81,READY_TO_DRIVE
223935,11.8,11.8,5.2,10.8,2.0,23,12.18,31.7,36.1,95,27,0x02,0,0x0000,0x00000000,0x00000000,84,READY_TO_DRIVE
224036,11.3,11.0,4.5,9.4,1.8,23,12.18,31.7,36.1,95,27,0x02,0,0x0000,0x00000000,0x00000000,79,READY_TO_DRIVE
224137,11.7,11.0,4.7,9.8,1.6,23,12.13,31.7,36.4,95,27,0x02,0,0x0000,0x00000000,0x00000000,79,READY_TO_DRIVE
224237,12.7,11.4,5.4,11.3,1.5,23,12.13,31.3,36.4,95,27,0x02,0,0x0000,0x00000000,0x00000000,81,READY_TO_DRIVE
224337,12.9,12.0,5.9,12.3,2.2,23,12.2,31.1,36.4,95,27,0x02,0,0x0000,0x00000000,0x00000000,81,READY_TO_DRIVE
224447,14.1,13.8,7.5,15.7,2.4,23,12.19,31.1,36.6,95,27,0x02,0,0x0000,0x00000000,0x00000000,82,READY_TO_DRIVE
224554,16.5,15.7,9.8,20.5,3.4,23,12.19,31.1,36.6,95,27,0x02,0,0x0000,0x00000000,0x00000000,82,READY_TO_DRIVE
224654,16.9,15.9,10.1,21.2,3.6,22,12.19,30.7,36.5,95,27,0x02,0,0x0000,0x00000000,0x00000000,81,READY_TO_DRIVE
224756,14.1,13.1,7.1,15.0,2.5,22,12.05,30.7,36.6,95,27,0x02,0,0x0000,0x00000000,0x00000000,82,READY_TO_DRIVE
224857,13.2,12.6,6.4,13.4,2.3,22,12.05,30.7,36.6,95,27,0x02,0,0x0000,0x00000000,0x00000000,82,READY_TO_DRIVE
224957,12.4,11.7,5.4,11.3,1.8,22,12.14,30.7,36.5,95,27,0x02,0,0x0000,0x00000000,0x00000000,81,READY_TO_DRIVE
225057,11.5,10.7,4.4,9.2,1.5,22,12.38,30.7,36.5,95,27,0x02,0,0x0000,0x00000000,0x00000000,81,READY_TO_DRIVE
225158,11.0,10.7,4.1,8.6,1.4,22,12.28,30.7,36.5,95,27,0x02,0,0x0000,0x00000000,0x00000000,81,READY_TO_DRIVE
225258,10.6,10.4,3.8,7.9,1.3,22,12.28,30.3,36.5,95,27,0x02,0,0x0000,0x00000000,0x00000000,81,READY_TO_DRIVE
225358,10.8,9.8,3.6,7.5,1.2,22,12.19,30.3,36.2,95,27,0x02,0,0x0000,0x00000000,0x00000000,80,READY_TO_DRIVE
225473,10.7,9.8,3.5,7.4,1.2,22,12.19,30.2,36.2,95,27,0x02,0,0x0000,0x00000000,0x00000000,80,READY_TO_DRIVE
225573,11.0,9.8,3.7,7.7,1.4,21,12.28,30.1,36.6,95,27,0x02,0,0x0000,0x00000000,0x00000000,82,READY_TO_DRIVE
225682,12.8,11.5,5.6,11.7,1.9,22,12.25,30.1,36.9,95,27,0x02,0,0x0000,0x00000000,0x00000000,83,READY_TO_DRIVE
225782,12.7,11.6,5.6,11.7,1.9,21,12.23,29.9,36.5,95,27,0x02,0,0x0000,0x00000000,0x00000000,81,READY_TO_DRIVE
225886,13.4,12.3,6.3,13.2,2.2,21,12.18,29.9,36.2,95,27,0x02,0,0x0000,0x00000000,0x00000000,80,READY_TO_DRIVE
225986,13.6,12.5,6.5,13.6,2.2,20,12.18,29.8,36.6,95,27,0x02,0,0x0000,0x00000000,0x00000000,82,READY_TO_DRIVE
226090,13.3,12.5,6.4,13.3,2.0,20,12.02,29.8,36.6,95,27,0x02,0,0x0000,0x00000000,0x00000000,82,READY_TO_DRIVE
226190,12.8,12.5,6.1,12.7,2.0,20,12.27,29.8,37.0,95,27,0x02,0,0x0000,0x00000000,0x00000000,84,READY_TO_DRIVE
226290,13.3,12.5,6.3,13.2,1.9,20,12.16,29.8,37.0,95,27,0x02,0,0x0000,0x00000000,0x00000000,84,READY_TO_DRIVE
226390,12.4,12.4,5.8,12.3,2.0,20,12.1,29.7,37.0,95,27,0x02,0,0x0000,0x00000000,0x00000000,84,READY_TO_DRIVE
226493,13.1,12.7,6.4,13.3,2.0,20,12.06,29.7,36.6,95,27,0x02,0,0x0000,0x00000000,0x00000000,82,READY_TO_DRIVE
226595,12.6,12.8,6.1,12.8,2.0,20,12.18,29.7,36.6,95,27,0x02,0,0x0000,0x00000000,0x00000000,82,READY_TO_DRIVE
226695,13.4,12.7,6.5,13.7,1.9,20,12.19,29.7,36.6,95,27,0x02,0,0x0000,0x00000000,0x00000000,82,READY_TO_DRIVE
226796,12.7,12.7,6.2,12.9,2.0,20,12.22,29.7,36.9,95,27,0x02,0,0x0000,0x00000000,0x00000000,83,READY_TO_DRIVE
226907,12.2,12.8,5.9,12.3,1.9,20,12.14,29.7,36.9,95,27,0x02,0,0x0000,0x00000000,0x00000000,83,READY_TO_DRIVE
227007,15.6,15.8,9.4,19.7,2.9,20,12.17,29.7,36.5,95,27,0x02,0,0x0000,0x00000000,0x00000000,81,READY_TO_DRIVE
227114,15.9,16.0,9.6,20.2,2.9,19,12.21,29.7,36.5,95,27,0x02,0,0x0000,0x00000000,0x00000000,81,READY_TO_DRIVE
227215,24.9,26.3,20.0,42.0,6.0,20,12.19,29.7,36.5,95,27,0x02,0,0x0000,0x00000000,0x00000000,81,READY_TO_DRIVE
227315,24.4,26.3,19.8,41.5,6.4,20,12.19,29.6,36.5,95,27,0x02,0,0x0000,0x00000000,0x00000000,81,READY_TO_DRIVE
227415,25.5,25.5,19.9,41.8,6.2,20,12.31,29.6,36.5,95,27,0x02,0,0x0000,0x00000000,0x00000000,81,READY_TO_DRIVE
227522,24.4,25.6,19.3,40.6,6.6,21,12.09,29.6,36.5,95,27,0x02,0,0x0000,0x00000000,0x00000000,81,READY_TO_DRIVE
227623,24.3,25.3,19.1,40.2,6.5,20,12.18,29.8,37.3,95,27,0x02,0,0x0000,0x00000000,0x00000000,86,READY_TO_DRIVE
227733,25.3,24.6,19.3,40.5,6.3,20,12.09,29.8,37.3,95,27,0x02,0,0x0000,0x00000000,0x00000000,86,READY_TO_DRIVE
227833,23.5,23.9,18.0,37.7,6.0,21,12.28,29.8,36.9,95,27,0x02,0,0x0000,0x00000000,0x00000000,83,READY_TO_DRIVE
227933,23.3,23.6,17.6,37.1,6.0,21,12.24,29.8,36.8,95,27,0x02,0,0x0000,0x00000000,0x00000000,83,READY_TO_DRIVE
228035,22.9,23.6,17.4,36.6,5.8,21,12.24,30.0,36.9,95,27,0x02,0,0x0000,0x00000000,0x00000000,83,READY_TO_DRIVE
228135,23.1,24.4,18.0,37.8,5.6,21,12.24,30.0,36.9,95,27,0x02,0,0x0000,0x00000000,0x00000000,83,READY_TO_DRIVE
228235,25.0,25.1,19.4,40.7,6.3,21,12.17,30.1,37.0,95,27,0x02,0,0x0000,0x00000000,0x00000000,84,READY_TO_DRIVE
228335,24.5,25.7,19.5,40.9,6.6,21,12.17,30.1,37.0,95,27,0x02,0,0x0000,0x00000000,0x00000000,84,READY_TO_DRIVE
228435,26.8,28.0,22.0,46.1,7.4,21,12.13,30.1,36.5,95,27,0x02,0,0x0000,0x00000000,0x00000000,81,READY_TO_DRIVE
228536,28.7,29.7,23.9,50.1,8.6,22,12.25,30.1,36.9,95,27,0x02,0,0x0000,0x00000000,0x00000000,83,READY_TO_DRIVE
228636,28.2,29.8,23.6,49.6,8.2,22,12.25,30.1,36.9,95,27,0x02,0,0x0000,0x00000000,0x00000000,83,READY_TO_DRIVE
228737,29.1,29.8,24.1,50.6,8.5,22,12.1,30.2,36.5,95,27,0x02,0,0x0000,0x00000000,0x00000000,81,READY_TO_DRIVE
228837,28.2,29.1,23.3,48.9,8.2,22,12.1,30.3,36.5,95,27,0x02,0,0x0000,0x00000000,0x00000000,81,READY_TO_DRIVE
228938,26.3,27.9,21.6,45.4,8.5,24,12.34,30.4,36.5,95,27,0x02,0,0x0000,0x00000000,0x00000000,81,READY_TO_DRIVE
229040,25.0,27.0,20.4,42.9,7.5,23,12.3,30.4,37.2,95,27,0x02,0,0x0000,0x00000000,0x00000000,85,READY_TO_DRIVE
229142,25.0,26.9,20.3,42.7,7.8,23,12.12,30.4,37.2,95,27,0x02,0,0x0000,0x00000000,0x00000000,85,READY_TO_DRIVE
229243,25.7,26.9,20.7,43.6,7.3,22,12.12,30.4,37.2,95,27,0x02,0,0x0000,0x00000000,0x00000000,85,READY_TO_DRIVE
229343,25.7,26.9,20.8,43.6,8.2,24,12.19,30.4,37.2,95,27,0x02,0,0x0000,0x00000000,0x00000000,85,READY_TO_DRIVE
229443,30.6,32.4,26.4,55.4,8.4,24,12.13,30.5,37.0,95,27,0x02,0,0x0000,0x00000000,0x00000000,84,READY_TO_DRIVE
229553,40.0,42.8,37.0,77.7,15.2,25,12.14,30.5,37.0,95,27,0x02,0,0x0000,0x00000000,0x00000000,84,READY_TO_DRIVE
229665,40.9,43.1,37.6,79.0,15.4,27,12.1,30.5,37.3,95,27,0x02,0,0x0000,0x00000000,0x00000000,86,READY_TO_DRIVE
229769,42.9,42.7,38.5,80.8,15.9,26,12.23,30.5,37.3,95,27,0x02,0,0x0000,0x00000000,0x00000000,86,READY_TO_DRIVE
229872,44.1,46.0,40.9,85.9,17.6,27,12.18,30.5,37.0,95,27,0x02,0,0x0000,0x00000000,0x00000000,84,READY_TO_DRIVE
229973,42.8,46.0,40.2,84.5,18.3,28,12.18,30.5,37.0,95,27,0x02,0,0x0000,0x00000000,0x00000000,84,READY_TO_DRIVE
230082,42.0,44.2,38.8,81.6,17.2,27,12.32,31.0,37.2,95,27,0x02,0,0x0000,0x00000000,0x00000000,85,READY_TO_DRIVE
230182,41.9,44.2,38.8,81.4,16.4,27,12.21,31.0,37.2,95,27,0x02,0,0x0000,0x00000000,0x00000000,85,READY_TO_DRIVE
230282,49.1,52.1,46.9,98.4,21.2,28,12.21,31.0,37.2,95,27,0x02,0,0x0000,0x00000000,0x00000000,85,READY_TO_DRIVE
230385,51.1,55.2,49.6,104.2,22.0,29,12.06,31.0,37.2,95,27,0x02,0,0x0000,0x00000000,0x00000000,85,READY_TO_DRIVE
230489,67.5,71.7,67.3,141.3,30.0,30,12.06,31.0,37.2,95,27,0x02,0,0x0000,0x00000000,0x00000000,85,READY_TO_DRIVE
230589,79.4,84.5,80.6,169.3,35.2,32,12.06,31.0,37.2,95,27,0x02,0,0x0000,0x00000000,0x00000000,85,READY_TO_DRIVE
230694,82.3,87.3,83.7,175.7,41.6,32,12.22,31.0,36.2,95,27,0x02,0,0x0000,0x00000000,0x00000000,80,READY_TO_DRIVE
230794,82.9,87.9,84.3,177.0,44.9,35,12.27,32.1,36.2,95,27,0x02,0,0x0000,0x00000000,0x00000000,80,READY_TO_DRIVE
230903,53.5,53.1,49.8,104.6,32.8,35,12.26,32.1,36.6,95,27,0x02,0,0x0000,0x00000000,0x00000000,82,READY_TO_DRIVE
231019,38.5,37.9,33.6,70.5,24.5,36,12.1,32.1,36.9,95,27,0x02,0,0x0000,0x00000000,0x00000000,83,READY_TO_DRIVE
231119,24.9,26.0,19.8,41.6,11.2,35,12.1,32.1,36.9,95,27,0x02,0,0x0000,0x00000000,0x00000000,83,READY_TO_DRIVE
231220,8.7,7.1,1.0,2.1,0.4,34,12.1,32.1,36.9,95,27,0x02,0,0x0000,0x00000000,0x00000000,83,READY_TO_DRIVE
231320,8.7,6.9,0.9,1.9,0.4,35,12.1,32.1,37.7,95,27,0x02,0,0x0000,0x00000000,0x00000000,88,READY_TO_DRIVE
231422,8.4,6.9,0.7,1.4,0.4,33,12.12,32.1,36.8,95,27,0x02,0,0x0000,0x00000000,0x00000000,83,READY_TO_DRIVE
231522,8.5,6.9,0.7,1.5,0.2,34,12.09,33.1,37.3,95,27,0x02,0,0x0000,0x00000000,0x00000000,86,READY_TO_DRIVE
231622,8.3,6.9,0.6,1.3,0.2,33,12.11,33.1,37.3,95,27,0x02,0,0x0000,0x00000000,0x00000000,86,READY_TO_DRIVE
231722,8.3,6.9,0.6,1.3,0.2,32,12.11,33.1,37.2,95,27,0x02,0,0x0000,0x00000000,0x00000000,85,READY_TO_DRIVE
231822,8.1,6.9,0.5,1.1,0.3,32,12.1,32.5,37.2,95,27,0x02,0,0x0000,0x00000000,0x00000000,85,READY_TO_DRIVE
231922,7.6,6.9,0.2,0.5,0.2,32,12.1,32.2,37.3,95,27,0x02,0,0x0000,0x00000000,0x00000000,86,READY_TO_DRIVE
232022,7.6,6.9,0.2,0.5,0.1,31,12.05,32.0,37.3,95,27,0x02,0,0x0000,0x00000000,0x00000000,86,READY_TO_DRIVE
232123,7.4,6.9,0.2,0.3,0.1,31,12.23,31.7,37.2,95,27,0x02,0,0x0000,0x00000000,0x00000000,85,READY_TO_DRIVE
232223,6.1,6.2,0.0,0.0,0.0,30,11.97,31.7,37.2,95,27,0x02,0,0x0000,0x00000000,0x00000000,85,READY_TO_DRIVE
232323,5.7,6.2,0.0,0.0,0.0,30,12.21,31.4,37.2,95,27,0x02,0,0x0000,0x00000000,0x00000000,85,READY_TO_DRIVE
232423,6.1,5.6,0.0,0.0,0.0,29,12.34,31.2,37.2,95,27,0x02,0,0x0000,0x00000000,0x00000000,85,READY_TO_DRIVE
232523,5.3,4.6,0.0,0.0,0.0,29,12.11,31.1,36.8,95,27,0x02,0,0x0000,0x00000000,0x00000000,83,READY_TO_DRIVE
232623,5.3,4.3,0.0,0.0,0.0,28,12.11,31.1,36.8,95,27,0x02,0,0x0000,0x00000000,0x00000000,83,READY_TO_DRIVE
232723,5.2,4.3,0.0,0.0,0.0,28,12.33,30.8,37.0,95,27,0x02,0,0x0000,0x00000000,0x00000000,84,READY_TO_DRIVE
232823,5.2,4.3,0.0,0.0,0.0,27,12.46,30.7,37.0,95,27,0x02,0,0x0000,0x00000000,0x00000000,84,READY_TO_DRIVE
232923,5.9,4.4,0.0,0.0,0.0,27,12.08,30.7,37.0,95,27,0x02,0,0x0000,0x00000000,0x00000000,84,READY_TO_DRIVE
233023,9.8,9.0,2.6,5.4,0.9,27,12.16,30.7,37.0,95,27,0x02,0,0x0000,0x00000000,0x00000000,84,READY_TO_DRIVE
233123,16.3,16.4,10.1,21.1,3.8,27,12.45,30.4,37.4,95,27,0x02,0,0x0000,0x00000000,0x00000000,86,READY_TO_DRIVE
233227,26.0,26.0,20.4,42.9,4.6,27,12.08,30.4,37.4,95,27,0x02,0,0x0000,0x00000000,0x00000000,86,READY_TO_DRIVE
233327,24.8,23.2,18.3,38.4,8.6,26,12.11,30.4,37.3,95,27,0x02,0,0x0000,0x00000000,0x00000000,86,READY_TO_DRIVE
233427,15.8,13.5,8.2,17.3,4.4,26,12.18,30.4,37.3,95,27,0x02,0,0x0000,0x00000000,0x00000000,86,READY_TO_DRIVE
233527,11.3,9.0,3.4,7.1,1.6,25,12.01,30.2,37.5,95,27,0x02,0,0x0000,0x00000000,0x00000000,87,READY_TO_DRIVE
233627,11.0,8.8,3.2,6.6,1.2,25,12.27,30.2,37.2,95,27,0x02,0,0x0000,0x00000000,0x00000000,85,READY_TO_DRIVE
233731,9.8,8.0,2.0,4.2,0.3,24,12.27,30.2,37.2,95,27,0x02,0,0x0000,0x00000000,0x00000000,85,READY_TO_DRIVE
233831,10.0,8.7,2.5,5.3,1.0,24,12.19,30.2,37.2,95,27,0x02,0,0x0000,0x00000000,0x00000000,85,READY_TO_DRIVE
233933,9.7,8.7,2.4,5.0,0.9,24,12.13,30.0,37.2,95,27,0x02,0,0x0000,0x00000000,0x00000000,85,READY_TO_DRIVE
234033,10.3,8.7,2.7,5.7,0.9,23,12.12,30.0,37.7,95,27,0x02,0,0x0000,0x00000000,0x00000000,88,READY_TO_DRIVE
234133,10.6,8.8,2.9,6.1,1.0,23,12.08,29.9,37.3,95,27,0x02,0,0x0000,0x00000000,0x00000000,86,READY_TO_DRIVE
234235,10.8,9.8,3.5,7.4,1.2,23,12.12,29.9,37.3,95,27,0x02,0,0x0000,0x00000000,0x00000000,86,READY_TO_DRIVE
234335,11.5,10.6,4.3,9.1,1.6,23,12.12,29.9,37.3,95,27,0x02,0,0x0000,0x00000000,0x00000000,86,READY_TO_DRIVE
234435,11.9,11.3,4.9,10.4,1.8,22,12.08,29.9,37.3,95,27,0x02,0,0x0000,0x00000000,0x00000000,86,READY_TO_DRIVE
234536,19.6,18.8,13.1,27.5,3.9,22,12.22,29.9,37.4,95,27,0x02,0,0x0000,0x00000000,0x00000000,86,READY_TO_DRIVE
234639,24.5,24.0,18.5,39.0,5.9,22,12.11,29.7,37.3,95,27,0x02,0,0x0000,0x00000000,0x00000000,86,READY_TO_DRIVE
234739,24.4,24.6,18.8,39.5,6.7,22,12.07,29.7,37.4,95,27,0x02,0,0x0000,0x00000000,0x00000000,86,READY_TO_DRIVE
234839,23.5,22.1,17.0,35.7,6.7,22,12.23,29.7,37.4,95,27,0x02,0,0x0000,0x00000000,0x00000000,86,READY_TO_DRIVE
234939,19.5,18.0,12.6,26.6,4.4,22,12.18,29.7,37.0,95,27,0x02,0,0x0000,0x00000000,0x00000000,84,READY_TO_DRIVE
235039,20.4,18.0,13.1,27.5,4.2,21,12.18,29.7,37.0,95,27,0x02,0,0x0000,0x00000000,0x00000000,84,READY_TO_DRIVE
235140,19.6,17.9,12.6,26.4,4.2,21,12.13,29.7,37.0,95,27,0x02,0,0x0000,0x00000000,0x00000000,84,READY_TO_DRIVE
235248,20.6,21.5,15.1,31.7,4.8,21,12.23,29.7,37.4,95,27,0x02,0,0x0000,0x00000000,0x00000000,86,READY_TO_DRIVE
235352,34.8,35.6,30.3,63.6,9.2,22,12.1,29.7,37.4,95,27,0x02,0,0x0000,0x00000000,0x00000000,86,READY_TO_DRIVE
235454,39.8,42.2,36.6,76.8,11.7,22,12.1,29.9,37.4,95,27,0x02,0,0x0000,0x00000000,0x00000000,86,READY_TO_DRIVE
235554,39.0,40.1,35.0,73.5,13.5,22,12.14,29.9,37.3,95,27,0x02,0,0x0000,0x00000000,0x00000000,86,READY_TO_DRIVE
235670,36.2,38.0,32.3,67.9,12.3,22,12.14,29.9,37.3,95,27,0x02,0,0x0000,0x00000000,0x00000000,86,READY_TO_DRIVE
235772,26.4,26.0,20.6,43.3,10.0,23,12.46,29.9,36.4,95,27,0x02,0,0x0000,0x00000000,0x00000000,81,READY_TO_DRIVE
235872,12.0,10.0,4.3,9.0,4.9,23,12.46,29.9,37.2,95,27,0x02,0,0x0000,0x00000000,0x00000000,85,READY_TO_DRIVE
235972,11.1,9.4,3.5,7.3,1.0,22,12.05,30.3,37.5,95,27,0x02,0,0x0000,0x00000000,0x00000000,87,READY_TO_DRIVE
236072,11.7,9.4,3.8,8.0,1.1,22,12.03,30.4,37.8,95,27,0x02,0,0x0000,0x00000000,0x00000000,88,READY_TO_DRIVE
236172,10.6,9.4,3.2,6.8,1.1,21,12.37,30.4,37.8,95,27,0x02,0,0x0000,0x00000000,0x00000000,88,READY_TO_DRIVE
236272,11.0,9.4,3.5,7.3,1.1,21,12.21,30.4,37.4,95,27,0x02,0,0x0000,0x00000000,0x00000000,86,READY_TO_DRIVE
236374,11.1,9.4,3.5,7.3,1.2,20,12.14,30.2,37.4,95,27,0x02,0,0x0000,0x00000000,0x00000000,86,READY_TO_DRIVE
236474,11.3,8.9,3.4,7.1,1.1,20,12.14,30.2,37.4,95,27,0x02,0,0x0000,0x00000000,0x00000000,86,READY_TO_DRIVE
236576,10.9,9.0,3.2,6.7,0.9,20,12.35,30.2,37.2,95,27,0x02,0,0x0000,0x00000000,0x00000000,85,READY_TO_DRIVE
236676,10.6,9.0,3.0,6.3,0.9,19,12.38,30.2,37.5,95,27,0x02,0,0x0000,0x00000000,0x00000000,87,READY_TO_DRIVE
236776,12.4,12.0,5.6,11.7,1.7,19,12.18,30.0,37.8,95,27,0x02,0,0x0000,0x00000000,0x00000000,87,READY_TO_DRIVE
236878,12.4,12.0,5.6,11.7,1.7,19,12.18,30.0,37.8,95,27,0x02,0,0x0000,0x00000000,0x00000000,88,READY_TO_DRIVE
236980,12.5,12.0,5.6,11.8,1.5,18,12.13,30.0,37.2,95,27,0x02,0,0x0000,0x00000000,0x00000000,85,READY_TO_DRIVE
237080,12.6,12.0,5.7,12.0,1.6,18,12.3,29.8,37.2,95,27,0x02,0,0x0000,0x00000000,0x00000000,85,READY_TO_DRIVE
237180,12.6,11.9,5.7,11.9,1.6,18,12.18,29.8,37.2,95,27,0x02,0,0x0000,0x00000000,0x00000000,85,READY_TO_DRIVE
237280,12.5,12.0,5.7,11.9,1.5,17,12.18,29.8,37.2,95,27,0x02,0,0x0000,0x00000000,0x00000000,85,READY_TO_DRIVE
237381,12.7,12.0,5.8,12.1,1.6,17,12.2,29.8,37.2,95,27,0x02,0,0x0000,0x00000000,0x00000000,85,READY_TO_DRIVE
237481,11.8,12.0,5.3,11.0,1.5,17,12.17,29.8,36.9,95,27,0x02,0,0x0000,0x00000000,0x00000000,83,READY_TO_DRIVE
237581,12.6,13.0,6.3,13.1,1.4,16,12.31,29.7,36.9,95,27,0x02,0,0x0000,0x00000000,0x00000000,83,READY_TO_DRIVE
237682,14.5,15.2,8.4,17.7,2.0,16,12.4,29.7,36.9,95,27,0x02,0,0x0000,0x00000000,0x00000000,83,READY_TO_DRIVE
237782,18.2,18.8,12.3,25.9,2.8,16,12.4,29.7,37.4,95,27,0x02,0,0x0000,0x00000000,0x00000000,86,READY_TO_DRIVE
237882,16.7,17.8,11.1,23.2,2.9,16,12.4,29.7,37.3,95,27,0x02,0,0x0000,0x00000000,0x00000000,86,READY_TO_DRIVE
237982,16.2,17.8,10.7,22.6,2.5,15,12.1,29.7,37.3,95,27,0x02,0,0x0000,0x00000000,0x00000000,86,READY_TO_DRIVE
238082,16.1,15.4,9.4,19.8,2.3,15,12.23,29.7,37.8,95,27,0x02,0,0x0000,0x00000000,0x00000000,88,READY_TO_DRIVE
238183,16.1,15.3,9.4,19.7,2.2,15,12.06,29.7,37.7,95,27,0x02,0,0x0000,0x00000000,0x00000000,88,READY_TO_DRIVE
238285,16.4,15.4,9.6,20.1,2.1,15,12.06,29.7,37.3,95,27,0x02,0,0x0000,0x00000000,0x00000000,86,READY_TO_DRIVE
238385,16.5,16.0,9.9,20.9,2.2,15,12.18,29.7,37.5,95,27,0x02,0,0x0000,0x00000000,0x00000000,87,READY_TO_DRIVE
238486,20.9,20.9,14.9,31.4,2.2,14,12.47,29.7,37.4,95,27,0x02,0,0x0000,0x00000000,0x00000000,86,READY_TO_DRIVE
238586,29.7,30.6,24.9,52.2,5.7,14,12.47,29.7,37.4,95,27,0x02,0,0x0000,0x00000000,0x00000000,86,READY_TO_DRIVE
238688,30.3,31.2,25.5,53.6,6.0,15,12.07,29.7,36.9,95,27,0x02,0,0x0000,0x00000000,0x00000000,83,READY_TO_DRIVE
238788,26.7,25.9,20.7,43.6,5.7,15,12.21,29.8,37.3,95,27,0x02,0,0x0000,0x00000000,0x00000000,86,READY_TO_DRIVE
238888,24.8,25.2,19.4,40.7,4.4,15,12.37,29.8,37.4,95,27,0x02,0,0x0000,0x00000000,0x00000000,86,READY_TO_DRIVE
238988,30.9,30.9,25.7,54.0,6.1,15,12.37,29.9,37.4,95,27,0x02,0,0x0000,0x00000000,0x00000000,86,READY_TO_DRIVE
239088,31.8,32.3,27.0,56.6,6.4,15,12.32,30.0,37.4,95,27,0x02,0,0x0000,0x00000000,0x00000000,86,READY_TO_DRIVE
239188,31.8,32.2,26.9,56.5,6.5,15,12.19,30.0,38.2,95,27,0x02,0,0x0000,0x00000000,0x00000000,90,READY_TO_DRIVE
239291,27.5,27.4,22.0,46.1,5.4,15,12.31,30.0,37.5,95,27,0x02,0,0x0000,0x00000000,0x00000000,87,READY_TO_DRIVE
239391,23.5,23.0,17.5,36.7,4.8,15,12.22,30.3,37.5,95,27,0x02,0,0x0000,0x00000000,0x00000000,87,READY_TO_DRIVE
239492,16.3,16.4,10.1,21.1,3.2,15,12.22,30.3,37.5,95,27,0x02,0,0x0000,0x00000000,0x00000000,87,READY_TO_DRIVE
239595,15.6,15.4,9.1,19.2,2.3,15,12.13,30.3,37.5,95,27,0x02,0,0x0000,0x00000000,0x00000000,87,READY_TO_DRIVE
239695,11.3,11.7,4.8,10.1,1.3,14,12.1,30.4,37.7,95,27,0x02,0,0x0000,0x00000000,0x00000000,88,READY_TO_DRIVE
239795,11.7,11.6,5.0,10.5,1.1,14,12.27,30.4,37.7,95,27,0x02,0,0x0000,0x00000000,0x00000000,88,READY_TO_DRIVE
239895,11.6,11.6,5.0,10.4,1.1,14,12.13,30.4,37.7,95,27,0x02,0,0x0000,0x00000000,0x00000000,88,READY_TO_DRIVE
239995,11.6,11.6,5.0,10.4,1.0,13,12.1,30.4,37.4,95,27,0x02,0,0x0000,0x00000000,0x00000000,86,READY_TO_DRIVE
240095,11.8,11.6,5.1,10.7,1.1,13,12.2,30.3,38.1,95,27,0x02,0,0x0000,0x00000000,0x00000000,90,READY_TO_DRIVE
240195,11.8,11.6,5.1,10.6,1.0,13,12.06,30.2,37.7,95,27,0x02,0,0x0000,0x00000000,0x00000000,88,READY_TO_DRIVE
240296,12.0,13.1,5.9,12.5,1.2,12,12.14,30.1,37.7,95,27,0x02,0,0x0000,0x00000000,0x00000000,88,READY_TO_DRIVE
240396,12.4,13.1,6.2,13.0,1.2,12,12.18,30.1,37.7,95,27,0x02,0,0x0000,0x00000000,0x00000000,88,READY_TO_DRIVE
240506,12.3,13.2,6.2,13.0,1.1,12,12.21,30.0,37.8,95,27,0x02,0,0x0000,0x00000000,0x00000000,88,READY_TO_DRIVE
240607,12.9,14.0,6.9,14.5,1.3,12,12.25,30.0,37.8,95,27,0x02,0,0x0000,0x00000000,0x00000000,88,READY_TO_DRIVE
240711,14.7,16.1,9.0,18.9,1.4,11,12.28,30.0,37.7,95,27,0x02,0,0x0000,0x00000000,0x00000000,88,READY_TO_DRIVE
240811,19.0,19.5,13.1,27.6,2.3,11,12.18,30.0,37.7,95,27,0x02,0,0x0000,0x00000000,0x00000000,88,READY_TO_DRIVE
240911,19.1,19.6,13.2,27.8,2.3,11,12.22,30.0,37.7,95,27,0x02,0,0x0000,0x00000000,0x00000000,88,READY_TO_DRIVE
241011,19.2,19.6,13.3,28.0,2.4,11,12.24,30.0,37.7,95,27,0x02,0,0x0000,0x00000000,0x00000000,88,READY_TO_DRIVE
241111,18.0,16.9,11.2,23.6,2.1,11,12.05,30.0,37.7,95,27,0x02,0,0x0000,0x00000000,0x00000000,88,READY_TO_DRIVE
241211,14.8,13.4,7.6,16.0,1.5,11,12.24,30.0,37.7,95,27,0x02,0,0x0000,0x00000000,0x00000000,88,READY_TO_DRIVE
241314,12.1,11.7,5.2,11.0,0.9,11,12.09,29.9,37.3,95,27,0x02,0,0x0000,0x00000000,0x00000000,86,READY_TO_DRIVE
241414,12.1,11.3,5.1,10.6,0.8,11,12.37,29.9,37.3,95,27,0x02,0,0x0000,0x00000000,0x00000000,86,READY_TO_DRIVE
241514,14.4,13.7,7.6,15.9,1.2,11,11.82,29.9,37.4,95,27,0x02,0,0x0000,0x00000000,0x00000000,86,READY_TO_DRIVE
241614,15.1,14.8,8.5,17.9,1.4,11,11.82,29.9,37.7,95,27,0x02,0,0x0000,0x00000000,0x00000000,88,READY_TO_DRIVE
241714,15.2,15.1,8.8,18.4,1.4,11,12.13,29.8,37.7,95,27,0x02,0,0x0000,0x00000000,0x00000000,88,READY_TO_DRIVE
241815,15.3,15.6,9.1,19.0,1.4,11,12.16,29.8,37.5,95,27,0x02,0,0x0000,0x00000000,0x00000000,87,READY_TO_DRIVE
241915,15.5,15.5,9.1,19.2,1.4,11,12.17,29.8,37.0,95,27,0x02,0,0x0000,0x00000000,0x00000000,84,READY_TO_DRIVE
242019,14.1,13.9,7.5,15.8,1.1,10,12.21,29.8,37.0,95,27,0x02,0,0x0000,0x00000000,0x00000000,84,READY_TO_DRIVE
242119,11.7,10.5,4.4,9.3,0.8,10,12.21,29.8,37.8,95,27,0x02,0,0x0000,0x00000000,0x00000000,88,READY_TO_DRIVE
242219,11.2,10.2,4.0,8.4,0.6,10,12.1,29.8,37.5,95,27,0x02,0,0x0000,0x00000000,0x00000000,87,READY_TO_DRIVE
242320,11.1,9.9,3.8,7.9,0.6,10,11.98,29.7,37.2,95,27,0x02,0,0x0000,0x00000000,0x00000000,85,READY_TO_DRIVE
242420,11.1,9.9,3.8,7.9,0.6,10,12.4,29.7,37.2,95,27,0x02,0,0x0000,0x00000000,0x00000000,85,READY_TO_DRIVE
242520,11.2,9.9,3.8,8.1,0.6,9,12.16,29.7,37.7,95,27,0x02,0,0x0000,0x00000000,0x00000000,88,READY_TO_DRIVE
242622,11.1,9.9,3.8,8.0,0.6,9,12.06,29.7,37.3,95,27,0x02,0,0x0000,0x00000000,0x00000000,86,READY_TO_DRIVE
242722,11.0,9.7,3.6,7.6,0.5,9,12.08,29.7,37.9,95,27,0x02,0,0x0000,0x00000000,0x00000000,89,READY_TO_DRIVE
242822,10.7,9.5,3.3,7.0,0.5,9,11.99,29.7,37.9,95,27,0x02,0,0x0000,0x00000000,0x00000000,89,READY_TO_DRIVE
242923,10.7,9.5,3.3,7.0,0.5,8,12.26,29.6,37.0,95,27,0x02,0,0x0000,0x00000000,0x00000000,84,READY_TO_DRIVE
243023,12.7,12.0,5.7,12.0,0.6,8,12.03,29.6,37.0,95,27,0x02,0,0x0000,0x00000000,0x00000000,84,READY_TO_DRIVE
243123,13.6,13.4,7.0,14.7,0.9,8,12.1,29.6,37.0,95,27,0x02,0,0x0000,0x00000000,0x00000000,84,READY_TO_DRIVE
243223,16.1,16.3,9.9,20.8,1.1,8,12.2,29.6,37.5,95,27,0x02,0,0x0000,0x00000000,0x00000000,87,READY_TO_DRIVE
243323,18.1,18.0,11.9,24.9,1.2,8,12.17,29.6,37.5,95,27,0x02,0,0x0000,0x00000000,0x00000000,87,READY_TO_DRIVE
243423,19.2,19.7,13.4,28.1,1.5,7,12.09,29.6,37.5,95,27,0x02,0,0x0000,0x00000000,0x00000000,87,READY_TO_DRIVE
243523,20.5,21.4,15.0,31.5,1.7,8,12.1,29.6,37.8,95,27,0x02,0,0x0000,0x00000000,0x00000000,88,READY_TO_DRIVE
243623,20.5,21.4,15.0,31.5,1.6,7,12.19,29.6,37.8,95,27,0x02,0,0x0000,0x00000000,0x00000000,88,READY_TO_DRIVE
243725,27.5,29.3,23.0,48.4,2.4,7,12.19,29.7,37.0,95,27,0x02,0,0x0000,0x00000000,0x00000000,84,READY_TO_DRIVE
243825,29.2,31.0,24.8,52.1,2.9,8,12.19,29.7,37.9,95,27,0x02,0,0x0000,0x00000000,0x00000000,89,READY_TO_DRIVE
243926,29.1,31.0,24.8,52.0,2.9,8,12.09,29.8,37.7,95,27,0x02,0,0x0000,0x00000000,0x00000000,88,READY_TO_DRIVE
244026,29.1,30.2,24.3,51.1,2.8,8,12.07,29.9,37.7,95,27,0x02,0,0x0000,0x00000000,0x00000000,88,READY_TO_DRIVE
244126,29.2,30.1,24.3,51.1,3.0,8,12.23,29.9,37.2,95,27,0x02,0,0x0000,0x00000000,0x00000000,85,READY_TO_DRIVE
244230,29.7,31.4,25.3,53.2,3.1,8,12.23,29.9,37.2,95,27,0x02,0,0x0000,0x00000000,0x00000000,85,READY_TO_DRIVE
244330,32.8,34.2,28.5,59.9,3.7,8,12.24,30.1,37.7,95,27,0x02,0,0x0000,0x00000000,0x00000000,88,READY_TO_DRIVE
244430,32.8,34.7,28.7,60.4,3.8,9,12.2,30.1,37.7,95,27,0x02,0,0x0000,0x00000000,0x00000000,88,READY_TO_DRIVE
244530,37.5,39.8,34.0,71.4,4.4,9,12.24,30.3,37.7,95,27,0x02,0,0x0000,0x00000000,0x00000000,88,READY_TO_DRIVE
244632,42.2,44.5,39.1,82.0,5.7,9,12.32,30.4,37.8,95,27,0x02,0,0x0000,0x00000000,0x00000000,88,READY_TO_DRIVE
244745,45.5,47.9,42.7,89.6,7.0,11,12.12,30.6,37.8,95,27,0x02,0,0x0000,0x00000000,0x00000000,88,READY_TO_DRIVE
244845,45.7,48.0,42.9,90.0,7.5,11,12.13,30.6,37.8,95,27,0x02,0,0x0000,0x00000000,0x00000000,88,READY_TO_DRIVE
244945,45.4,48.0,42.7,89.6,7.9,11,11.88,30.9,37.5,95,27,0x02,0,0x0000,0x00000000,0x00000000,87,READY_TO_DRIVE
245045,45.5,47.9,42.7,89.6,9.0,13,12.12,30.9,37.5,95,27,0x02,0,0x0000,0x00000000,0x00000000,87,READY_TO_DRIVE
245145,45.2,47.8,42.5,89.2,8.8,13,12.09,31.2,37.8,95,27,0x02,0,0x0000,0x00000000,0x00000000,88,READY_TO_DRIVE
245252,48.2,50.5,45.5,95.6,9.8,13,12.14,31.2,37.8,95,27,0x02,0,0x0000,0x00000000,0x00000000,88,READY_TO_DRIVE
245354,48.5,52.1,46.6,97.8,11.1,15,12.16,31.2,37.8,95,27,0x02,0,0x0000,0x00000000,0x00000000,88,READY_TO_DRIVE
245455,49.1,51.3,46.5,97.6,11.3,15,12.18,31.2,37.8,95,27,0x02,0,0x0000,0x00000000,0x00000000,88,READY_TO_DRIVE
245555,48.5,49.5,45.2,94.9,12.3,17,12.18,31.2,37.3,95,27,0x02,0,0x0000,0x00000000,0x00000000,86,READY_TO_DRIVE
245658,43.0,43.8,39.1,82.1,10.8,16,12.18,31.2,39.1,95,27,0x02,0,0x0000,0x00000000,0x00000000,95,READY_TO_DRIVE
245758,37.0,38.9,33.2,69.8,9.8,17,12.18,32.2,37.2,95,27,0x02,0,0x0000,0x00000000,0x00000000,85,READY_TO_DRIVE
245862,38.3,40.8,35.0,73.4,9.3,18,12.2,32.2,37.2,95,27,0x02,0,0x0000,0x00000000,0x00000000,85,READY_TO_DRIVE
245962,45.6,47.4,42.5,89.2,12.2,18,12.23,32.4,37.9,95,27,0x02,0,0x0000,0x00000000,0x00000000,89,READY_TO_DRIVE
246063,46.2,48.7,43.5,91.3,13.1,19,12.19,32.4,37.9,95,27,0x02,0,0x0000,0x00000000,0x00000000,89,READY_TO_DRIVE
246163,43.6,44.8,40.0,84.0,13.2,19,12.25,32.4,37.9,95,27,0x02,0,0x0000,0x00000000,0x00000000,89,READY_TO_DRIVE
246263,36.9,38.4,33.0,69.2,10.8,20,12.28,32.4,37.9,95,27,0x02,0,0x0000,0x00000000,0x00000000,89,READY_TO_DRIVE
246363,36.7,38.0,32.6,68.5,10.7,20,12.24,32.7,38.1,95,27,0x02,0,0x0000,0x00000000,0x00000000,90,READY_TO_DRIVE
246465,35.7,37.0,31.6,66.3,10.9,21,12.19,32.7,38.1,95,27,0x02,0,0x0000,0x00000000,0x00000000,90,READY_TO_DRIVE
246566,32.3,34.0,28.1,59.0,10.2,21,12.31,32.7,37.2,95,27,0x02,0,0x0000,0x00000000,0x00000000,85,READY_TO_DRIVE
246666,24.3,25.6,19.3,40.6,6.5,21,12.31,32.7,37.2,95,27,0x02,0,0x0000,0x00000000,0x00000000,85,READY_TO_DRIVE
246766,22.3,24.3,17.5,36.8,6.0,21,12.07,32.7,37.8,95,27,0x02,0,0x0000,0x00000000,0x00000000,88,READY_TO_DRIVE
246867,22.2,24.0,17.3,36.3,6.0,21,12.13,32.7,37.8,95,27,0x02,0,0x0000,0x00000000,0x00000000,88,READY_TO_DRIVE
246967,22.2,24.0,17.3,36.3,5.8,21,12.06,32.6,37.3,95,27,0x02,0,0x0000,0x00000000,0x00000000,86,READY_TO_DRIVE
247067,23.3,25.4,18.6,39.1,6.1,21,12.06,32.6,37.3,95,27,0x02,0,0x0000,0x00000000,0x00000000,86,READY_TO_DRIVE
247167,23.3,25.3,18.6,39.1,6.5,22,12.14,32.5,38.1,95,27,0x02,0,0x0000,0x00000000,0x00000000,90,READY_TO_DRIVE
247269,23.4,25.3,18.7,39.2,6.3,22,12.08,32.5,37.3,95,27,0x02,0,0x0000,0x00000000,0x00000000,86,READY_TO_DRIVE
247369,24.4,26.4,19.8,41.5,6.8,22,12.08,32.2,37.9,95,27,0x02,0,0x0000,0x00000000,0x00000000,89,READY_TO_DRIVE
247469,24.4,26.4,19.8,41.6,6.8,21,12.06,32.2,37.9,95,27,0x02,0,0x0000,0x00000000,0x00000000,89,READY_TO_DRIVE
247570,24.3,26.4,19.7,41.5,6.8,22,12.18,32.2,37.4,95,27,0x02,0,0x0000,0x00000000,0x00000000,86,READY_TO_DRIVE
247670,21.8,25.4,17.9,37.6,6.5,22,12.09,32.0,37.4,95,27,0x02,0,0x0000,0x00000000,0x00000000,86,READY_TO_DRIVE
247773,13.4,16.3,8.4,17.7,2.9,22,12.24,31.9,37.9,95,27,0x02,0,0x0000,0x00000000,0x00000000,89,READY_TO_DRIVE
247873,15.3,17.0,9.8,20.6,2.9,21,12.11,31.8,37.9,95,27,0x02,0,0x0000,0x00000000,0x00000000,89,READY_TO_DRIVE
247973,16.0,18.2,10.9,22.8,3.5,21,12.18,31.7,37.7,95,27,0x02,0,0x0000,0x00000000,0x00000000,88,READY_TO_DRIVE
248073,23.3,23.4,17.6,36.9,5.2,21,12.18,31.7,37.7,95,27,0x02,0,0x0000,0x00000000,0x00000000,88,READY_TO_DRIVE
248173,31.2,32.5,26.8,56.2,8.1,21,12.13,31.7,37.4,95,27,0x02,0,0x0000,0x00000000,0x00000000,86,READY_TO_DRIVE
248273,38.8,41.4,35.6,74.7,11.7,22,12.13,31.7,38.2,95,27,0x02,0,0x0000,0x00000000,0x00000000,90,READY_TO_DRIVE
248374,44.7,47.7,42.1,88.5,14.9,22,12.12,31.7,38.2,95,27,0x02,0,0x0000,0x00000000,0x00000000,90,READY_TO_DRIVE
248474,49.3,51.7,46.8,98.2,17.3,23,12.07,31.7,38.7,95,27,0x02,0,0x0000,0x00000000,0x00000000,93,READY_TO_DRIVE
248578,44.1,46.3,41.1,86.2,16.3,24,12.07,31.4,37.7,95,27,0x02,0,0x0000,0x00000000,0x00000000,88,READY_TO_DRIVE
248678,25.8,27.5,21.1,44.3,9.0,24,12.14,31.4,37.7,95,27,0x02,0,0x0000,0x00000000,0x00000000,88,READY_TO_DRIVE
248778,18.0,20.1,13.0,27.2,5.8,24,12.14,31.4,38.1,95,27,0x02,0,0x0000,0x00000000,0x00000000,90,READY_TO_DRIVE
248880,13.8,14.9,7.9,16.5,4.0,23,12.14,31.4,38.1,95,27,0x02,0,0x0000,0x00000000,0x00000000,90,READY_TO_DRIVE
248980,12.6,14.0,6.8,14.2,2.5,23,12.07,31.7,37.4,95,27,0x02,0,0x0000,0x00000000,0x00000000,86,READY_TO_DRIVE
249081,12.7,14.0,6.8,14.3,2.4,23,12.21,31.7,37.9,95,27,0x02,0,0x0000,0x00000000,0x00000000,89,READY_TO_DRIVE
249181,14.5,15.9,8.8,18.5,2.7,23,12.14,31.7,37.7,95,27,0x02,0,0x0000,0x00000000,0x00000000,88,READY_TO_DRIVE
249281,19.2,19.7,13.4,28.2,4.4,23,12.14,31.7,37.7,95,27,0x02,0,0x0000,0x00000000,0x00000000,88,READY_TO_DRIVE
249384,23.4,24.7,18.3,38.5,6.5,23,12.14,31.7,37.3,95,27,0x02,0,0x0000,0x00000000,0x00000000,86,READY_TO_DRIVE
249484,24.9,25.8,19.7,41.4,7.1,23,12.16,31.7,37.3,95,27,0x02,0,0x0000,0x00000000,0x00000000,86,READY_TO_DRIVE
249584,20.7,21.4,15.1,31.7,6.3,23,12.17,31.2,39.9,95,27,0x02,0,0x0000,0x00000000,0x00000000,99,READY_TO_DRIVE
249684,17.7,17.9,11.6,24.4,4.4,23,12.17,31.2,39.9,95,27,0x02,0,0x0000,0x00000000,0x00000000,99,READY_TO_DRIVE
249784,17.2,16.9,10.8,22.8,3.7,22,12.18,31.2,37.4,95,27,0x02,0,0x0000,0x00000000,0x00000000,86,READY_TO_DRIVE
249886,17.3,18.6,11.8,24.7,3.8,22,12.14,31.0,37.5,95,27,0x02,0,0x0000,0x00000000,0x00000000,87,READY_TO_DRIVE
249987,21.0,23.4,16.4,34.4,5.7,22,12.13,30.9,36.5,95,27,0x02,0,0x0000,0x00000000,0x00000000,81,READY_TO_DRIVE
250089,21.8,23.7,16.9,35.6,5.8,23,12.35,30.9,36.5,95,27,0x02,0,0x0000,0x00000000,0x00000000,81,READY_TO_DRIVE
250189,21.9,23.7,17.0,35.7,6.1,22,12.35,30.9,36.5,95,27,0x02,0,0x0000,0x00000000,0x00000000,81,READY_TO_DRIVE
250289,14.2,13.9,7.6,15.9,2.8,22,12.35,30.9,38.3,95,27,0x02,0,0x0000,0x00000000,0x00000000,91,READY_TO_DRIVE
250390,10.8,11.1,4.2,8.9,1.6,21,12.03,30.8,37.9,95,27,0x02,0,0x0000,0x00000000,0x00000000,89,READY_TO_DRIVE
250491,10.3,10.2,3.5,7.4,1.0,21,12.06,30.8,37.9,95,27,0x02,0,0x0000,0x00000000,0x00000000,89,READY_TO_DRIVE
250592,10.5,11.3,4.2,8.7,1.3,21,12.13,30.7,37.9,95,27,0x02,0,0x0000,0x00000000,0x00000000,89,READY_TO_DRIVE
250692,18.7,20.1,13.3,28.0,3.5,21,12.11,30.7,37.9,95,27,0x02,0,0x0000,0x00000000,0x00000000,89,READY_TO_DRIVE
250792,25.5,28.3,21.4,44.9,6.8,21,12.11,30.5,37.8,95,27,0x02,0,0x0000,0x00000000,0x00000000,88,READY_TO_DRIVE
250892,26.1,28.6,21.9,46.0,7.3,21,12.31,30.5,36.2,95,27,0x02,0,0x0000,0x00000000,0x00000000,80,READY_TO_DRIVE
250993,26.4,26.8,21.1,44.3,7.0,21,12.18,30.4,38.3,95,27,0x02,0,0x0000,0x00000000,0x00000000,91,READY_TO_DRIVE
251093,18.7,20.7,13.7,28.8,4.7,21,12.21,30.4,38.3,95,27,0x02,0,0x0000,0x00000000,0x00000000,91,READY_TO_DRIVE
251194,16.1,16.2,9.9,20.7,3.4,21,12.23,30.4,37.7,95,27,0x02,0,0x0000,0x00000000,0x00000000,88,READY_TO_DRIVE
251294,16.4,16.3,10.1,21.1,3.1,21,12.17,30.5,37.3,95,27,0x02,0,0x0000,0x00000000,0x00000000,86,READY_TO_DRIVE
251396,17.7,19.7,12.6,26.4,3.3,21,12.23,30.5,37.8,95,27,0x02,0,0x0000,0x00000000,0x00000000,88,READY_TO_DRIVE
251496,18.7,21.7,14.2,29.9,3.7,20,12.16,30.5,37.8,95,27,0x02,0,0x0000,0x00000000,0x00000000,88,READY_TO_DRIVE
251596,21.8,23.7,16.9,35.5,5.1,20,12.25,30.5,37.8,95,27,0x02,0,0x0000,0x00000000,0x00000000,88,READY_TO_DRIVE
251698,22.8,25.2,18.3,38.4,5.9,20,12.3,30.5,38.1,95,27,0x02,0,0x0000,0x00000000,0x00000000,90,READY_TO_DRIVE
251798,19.6,22.7,15.2,32.0,5.1,20,12.09,30.4,38.1,95,27,0x02,0,0x0000,0x00000000,0x00000000,90,READY_TO_DRIVE
251899,17.1,20.3,12.6,26.4,4.5,20,12.18,30.3,38.1,95,27,0x02,0,0x0000,0x00000000,0x00000000,90,READY_TO_DRIVE
251999,16.2,19.0,11.4,24.0,3.4,20,12.14,30.4,37.4,95,27,0x02,0,0x0000,0x00000000,0x00000000,86,READY_TO_DRIVE
252099,14.8,17.7,10.0,20.9,3.1,20,12.11,30.3,37.4,95,27,0x02,0,0x0000,0x00000000,0x00000000,86,READY_TO_DRIVE
252201,15.2,17.8,10.2,21.4,3.0,19,12.09,30.3,37.8,95,27,0x02,0,0x0000,0x00000000,0x00000000,88,READY_TO_DRIVE
252301,15.8,19.2,11.3,23.8,3.3,19,12.05,30.3,37.3,95,27,0x02,0,0x0000,0x00000000,0x00000000,86,READY_TO_DRIVE
252401,17.5,19.9,12.6,26.4,3.3,19,12.22,30.3,37.8,95,27,0x02,0,0x0000,0x00000000,0x00000000,88,READY_TO_DRIVE
252504,18.6,21.2,13.9,29.2,4.1,19,12.28,30.3,37.8,95,27,0x02,0,0x0000,0x00000000,0x00000000,88,READY_TO_DRIVE
252604,17.8,19.7,12.6,26.5,3.8,19,12.11,30.3,38.2,95,27,0x02,0,0x0000,0x00000000,0x00000000,90,READY_TO_DRIVE
252704,17.2,18.2,11.5,24.2,3.3,19,12.11,30.3,38.2,95,27,0x02,0,0x0000,0x00000000,0x00000000,90,READY_TO_DRIVE
252804,17.4,18.2,11.6,24.4,3.3,18,12.11,30.3,38.2,95,27,0x02,0,0x0000,0x00000000,0x00000000,90,READY_TO_DRIVE
252907,17.3,19.0,12.0,25.2,3.4,18,12.12,30.3,38.1,95,27,0x02,0,0x0000,0x00000000,0x00000000,90,READY_TO_DRIVE
253007,16.7,19.1,11.7,24.6,3.4,18,12.2,30.3,38.1,95,27,0x02,0,0x0000,0x00000000,0x00000000,90,READY_TO_DRIVE
253108,18.1,20.3,13.1,27.5,3.7,18,12.23,30.2,37.7,95,27,0x02,0,0x0000,0x00000000,0x00000000,88,READY_TO_DRIVE
253208,18.0,20.3,13.1,27.5,3.7,18,12.12,30.2,37.7,95,27,0x02,0,0x0000,0x00000000,0x00000000,88,READY_TO_DRIVE
253312,18.3,20.8,13.5,28.3,3.7,18,12.27,30.2,37.7,95,27,0x02,0,0x0000,0x00000000,0x00000000,88,READY_TO_DRIVE
253414,20.9,22.9,16.0,33.7,4.2,18,12.12,30.2,38.1,95,27,0x02,0,0x0000,0x00000000,0x00000000,90,READY_TO_DRIVE
253514,20.6,23.4,16.1,33.8,4.7,17,12.16,30.2,37.5,95,27,0x02,0,0x0000,0x00000000,0x00000000,87,READY_TO_DRIVE
253615,23.2,25.0,18.4,38.7,4.7,18,12.47,30.2,37.3,95,27,0x02,0,0x0000,0x00000000,0x00000000,86,READY_TO_DRIVE
253716,26.4,29.5,22.5,47.3,5.8,17,12.47,30.2,37.3,95,27,0x02,0,0x0000,0x00000000,0x00000000,86,READY_TO_DRIVE
253816,27.9,30.0,23.6,49.6,6.6,17,12.11,30.2,37.9,95,27,0x02,0,0x0000,0x00000000,0x00000000,89,READY_TO_DRIVE
253916,25.3,27.5,20.9,43.9,6.3,18,12.41,30.2,37.9,95,27,0x02,0,0x0000,0x00000000,0x00000000,89,READY_TO_DRIVE
254019,22.8,24.7,18.0,37.8,5.2,17,12.41,30.3,37.7,95,27,0x02,0,0x0000,0x00000000,0x00000000,88,READY_TO_DRIVE
254119,21.5,24.1,17.0,35.7,5.0,18,12.41,30.3,38.1,95,27,0x02,0,0x0000,0x00000000,0x00000000,90,READY_TO_DRIVE
254220,21.2,24.5,17.0,35.8,4.7,17,12.06,30.4,38.1,95,27,0x02,0,0x0000,0x00000000,0x00000000,90,READY_TO_DRIVE
254320,22.5,24.5,17.7,37.2,4.7,17,12.06,30.4,38.1,95,27,0x02,0,0x0000,0x00000000,0x00000000,90,READY_TO_DRIVE
254421,20.7,24.5,16.8,35.3,4.7,18,12.19,30.5,38.1,95,27,0x02,0,0x0000,0x00000000,0x00000000,90,READY_TO_DRIVE
254521,19.6,22.5,15.1,31.7,4.7,17,12.22,30.5,37.4,95,27,0x02,0,0x0000,0x00000000,0x00000000,86,READY_TO_DRIVE
254623,20.2,22.5,15.5,32.5,4.1,17,12.26,30.5,37.4,95,27,0x02,0,0x0000,0x00000000,0x00000000,86,READY_TO_DRIVE
254723,18.0,20.7,13.3,27.9,3.5,16,12.26,30.5,37.4,95,27,0x02,0,0x0000,0x00000000,0x00000000,86,READY_TO_DRIVE
254831,18.9,20.7,13.8,29.0,3.4,16,12.21,30.5,37.4,95,27,0x02,0,0x0000,0x00000000,0x00000000,86,READY_TO_DRIVE
254931,18.7,20.7,13.6,28.6,3.5,17,12.21,30.5,37.4,95,27,0x02,0,0x0000,0x00000000,0x00000000,86,READY_TO_DRIVE
255032,17.8,20.7,13.2,27.6,3.3,16,12.09,30.5,37.8,95,27,0x02,0,0x0000,0x00000000,0x00000000,88,READY_TO_DRIVE
255132,19.0,20.7,13.8,29.0,3.4,16,12.09,30.5,37.8,95,27,0x02,0,0x0000,0x00000000,0x00000000,88,READY_TO_DRIVE
255232,19.8,22.0,14.9,31.4,3.5,16,12.19,30.5,37.8,95,27,0x02,0,0x0000,0x00000000,0x00000000,88,READY_TO_DRIVE
255334,23.4,25.6,18.8,39.5,4.5,16,12.19,30.5,37.8,95,27,0x02,0,0x0000,0x00000000,0x00000000,88,READY_TO_DRIVE
255434,30.4,32.9,26.6,55.8,6.3,16,12.2,30.4,37.8,95,27,0x02,0,0x0000,0x00000000,0x00000000,88,READY_TO_DRIVE
255536,36.0,39.1,32.9,69.0,7.6,16,12.2,30.4,37.8,95,27,0x02,0,0x0000,0x00000000,0x00000000,88,READY_TO_DRIVE
255649,37.5,40.3,34.3,72.1,8.8,16,12.41,30.5,38.5,95,27,0x02,0,0x0000,0x00000000,0x00000000,92,READY_TO_DRIVE
255749,37.4,40.4,34.3,72.0,9.7,18,12.09,30.5,38.5,95,27,0x02,0,0x0000,0x00000000,0x00000000,92,READY_TO_DRIVE
255860,37.8,41.1,34.9,73.3,9.5,19,12.02,30.7,38.5,95,27,0x02,0,0x0000,0x00000000,0x00000000,92,READY_TO_DRIVE
255968,38.0,41.1,35.0,73.6,10.4,19,12.18,30.7,37.7,95,27,0x02,0,0x0000,0x00000000,0x00000000,88,READY_TO_DRIVE
256069,35.0,36.8,31.1,65.3,9.4,18,12.08,31.0,37.5,95,27,0x02,0,0x0000,0x00000000,0x00000000,87,READY_TO_DRIVE
256169,33.6,35.3,29.5,62.0,9.3,20,12.08,31.0,37.5,95,27,0x02,0,0x0000,0x00000000,0x00000000,87,READY_TO_DRIVE
256269,28.6,30.3,24.1,50.6,7.0,19,12.21,31.2,37.8,95,27,0x02,0,0x0000,0x00000000,0x00000000,88,READY_TO_DRIVE
256369,29.8,32.4,25.9,54.4,7.4,20,12.21,31.2,37.8,95,27,0x02,0,0x0000,0x00000000,0x00000000,88,READY_TO_DRIVE
256474,29.9,32.3,26.0,54.5,8.0,19,12.11,31.2,37.9,95,27,0x02,0,0x0000,0x00000000,0x00000000,89,READY_TO_DRIVE
256576,31.8,33.7,27.7,58.1,7.3,18,12.11,31.2,37.9,95,27,0x02,0,0x0000,0x00000000,0x00000000,89,READY_TO_DRIVE
256677,33.3,35.2,29.3,61.5,9.1,19,12.21,31.2,37.8,95,27,0x02,0,0x0000,0x00000000,0x00000000,88,READY_TO_DRIVE
256777,30.6,34.4,27.5,57.7,8.6,19,12.21,31.2,37.8,95,27,0x02,0,0x0000,0x00000000,0x00000000,88,READY_TO_DRIVE
256877,31.2,32.9,26.9,56.5,8.6,18,12.22,31.2,37.8,95,27,0x02,0,0x0000,0x00000000,0x00000000,88,READY_TO_DRIVE
256977,29.8,32.5,25.9,54.5,8.7,21,12.22,31.2,37.8,95,27,0x02,0,0x0000,0x00000000,0x00000000,88,READY_TO_DRIVE
257077,28.6,29.4,23.7,49.7,7.4,20,12.01,31.2,37.9,95,27,0x02,0,0x0000,0x00000000,0x00000000,89,READY_TO_DRIVE
257177,31.8,34.4,28.0,58.9,7.8,19,12.01,31.2,37.9,95,27,0x02,0,0x0000,0x00000000,0x00000000,89,READY_TO_DRIVE
257278,34.5,37.2,31.0,65.1,9.4,20,12.11,31.7,37.9,95,27,0x02,0,0x0000,0x00000000,0x00000000,89,READY_TO_DRIVE
257386,39.1,41.4,35.8,75.1,12.2,21,12.11,31.7,37.9,95,27,0x02,0,0x0000,0x00000000,0x00000000,89,READY_TO_DRIVE
257513,39.7,41.6,36.2,76.0,12.1,21,12.11,31.8,37.9,95,27,0x02,0,0x0000,0x00000000,0x00000000,89,READY_TO_DRIVE
257628,35.2,37.8,31.7,66.7,11.1,22,12.11,31.8,37.9,95,27,0x02,0,0x0000,0x00000000,0x00000000,89,READY_TO_DRIVE
257728,33.6,34.4,29.0,61.0,9.6,21,12.18,31.8,38.1,95,27,0x02,0,0x0000,0x00000000,0x00000000,90,READY_TO_DRIVE
257842,33.3,34.3,28.8,60.5,9.9,21,12.18,31.8,38.1,95,27,0x02,0,0x0000,0x00000000,0x00000000,90,READY_TO_DRIVE
257942,35.7,35.7,30.9,64.8,9.7,22,12.31,32.0,38.2,95,27,0x02,0,0x0000,0x00000000,0x00000000,90,READY_TO_DRIVE
258042,34.6,37.3,31.1,65.3,11.1,22,12.06,32.0,38.2,95,27,0x02,0,0x0000,0x00000000,0x00000000,90,READY_TO_DRIVE
258145,37.2,39.7,33.8,71.0,11.2,22,12.12,32.1,38.3,95,27,0x02,0,0x0000,0x00000000,0x00000000,91,READY_TO_DRIVE
258245,39.3,42.2,36.3,76.2,12.7,22,12.12,32.1,38.3,95,27,0x02,0,0x0000,0x00000000,0x00000000,91,READY_TO_DRIVE
258346,38.1,42.1,35.6,74.7,13.7,23,12.16,32.2,38.3,95,27,0x02,0,0x0000,0x00000000,0x00000000,91,READY_TO_DRIVE
258458,32.3,36.4,29.4,61.8,13.6,23,12.16,32.2,38.3,95,27,0x02,0,0x0000,0x00000000,0x00000000,91,READY_TO_DRIVE
258558,22.0,25.1,17.8,37.3,8.3,23,12.1,32.3,38.3,95,27,0x02,0,0x0000,0x00000000,0x00000000,91,READY_TO_DRIVE
258658,21.6,24.0,16.9,35.6,6.2,23,12.04,32.3,38.3,95,27,0x02,0,0x0000,0x00000000,0x00000000,91,READY_TO_DRIVE
258758,21.6,24.0,17.0,35.6,6.1,23,12.07,32.4,37.7,95,27,0x02,0,0x0000,0x00000000,0x00000000,88,READY_TO_DRIVE
258858,21.5,24.0,16.9,35.5,5.9,23,12.14,32.3,37.7,95,27,0x02,0,0x0000,0x00000000,0x00000000,88,READY_TO_DRIVE
258958,23.6,27.0,19.7,41.3,7.3,23,12.16,32.3,37.9,95,27,0x02,0,0x0000,0x00000000,0x00000000,89,READY_TO_DRIVE
259058,23.8,30.3,21.6,45.3,8.3,23,12.2,32.2,38.3,94,27,0x02,0,0x0000,0x00000000,0x00000000,91,READY_TO_DRIVE
259158,28.2,33.6,25.7,54.0,9.1,23,12.13,32.2,38.5,94,27,0x02,0,0x0000,0x00000000,0x00000000,92,READY_TO_DRIVE
259259,32.6,37.0,29.9,62.8,11.0,23,12.19,32.2,38.5,94,27,0x02,0,0x0000,0x00000000,0x00000000,92,READY_TO_DRIVE
259360,33.8,38.2,31.2,65.5,11.7,23,12.11,32.2,38.5,94,27,0x02,0,0x0000,0x00000000,0x00000000,92,READY_TO_DRIVE
259462,33.7,38.3,31.2,65.6,12.0,24,12.19,32.2,38.5,94,27,0x02,0,0x0000,0x00000000,0x00000000,92,READY_TO_DRIVE
259562,33.2,38.3,30.9,65.0,12.3,24,12.19,32.0,38.1,94,27,0x02,0,0x0000,0x00000000,0x00000000,90,READY_TO_DRIVE
259663,30.8,38.4,29.7,62.3,11.9,25,12.33,32.0,38.1,94,27,0x02,0,0x0000,0x00000000,0x00000000,90,READY_TO_DRIVE
259763,32.6,38.4,30.6,64.3,12.6,25,12.33,32.0,38.1,94,27,0x02,0,0x0000,0x00000000,0x00000000,90,READY_TO_DRIVE
259867,32.3,36.7,29.5,62.0,12.4,25,12.14,32.0,37.9,94,27,0x02,0,0x0000,0x00000000,0x00000000,89,READY_TO_DRIVE
259967,32.1,34.9,28.5,59.9,11.6,25,12.33,32.0,37.8,94,27,0x02,0,0x0000,0x00000000,0x00000000,88,READY_TO_DRIVE
260067,18.9,21.4,14.1,29.7,6.7,25,12.09,32.0,37.8,94,27,0x02,0,0x0000,0x00000000,0x00000000,88,READY_TO_DRIVE
260167,11.4,12.1,5.1,10.7,4.1,25,12.1,32.0,37.7,94,27,0x02,0,0x0000,0x00000000,0x00000000,88,READY_TO_DRIVE
260267,8.0,10.5,2.4,5.0,0.9,24,12.02,32.0,37.7,94,27,0x02,0,0x0000,0x00000000,0x00000000,88,READY_TO_DRIVE
260368,8.1,9.3,1.8,3.8,0.5,24,12.22,32.2,37.7,94,27,0x02,0,0x0000,0x00000000,0x00000000,88,READY_TO_DRIVE
260468,8.1,9.2,1.8,3.7,0.7,24,12.11,32.1,37.7,94,27,0x02,0,0x0000,0x00000000,0x00000000,88,READY_TO_DRIVE
260568,8.1,8.8,1.5,3.2,0.6,23,11.97,32.0,38.1,94,27,0x02,0,0x0000,0x00000000,0x00000000,90,READY_TO_DRIVE
260668,9.6,9.7,2.8,6.0,0.8,23,12.05,32.0,38.1,94,27,0x02,0,0x0000,0x00000000,0x00000000,90,READY_TO_DRIVE
260768,10.3,11.1,4.0,8.4,1.6,23,12.12,31.7,38.1,94,27,0x02,0,0x0000,0x00000000,0x00000000,90,READY_TO_DRIVE
260870,10.4,11.3,4.2,8.7,1.5,21,12.03,31.7,37.8,94,27,0x02,0,0x0000,0x00000000,0x00000000,88,READY_TO_DRIVE
260970,10.4,11.4,4.2,8.8,1.4,20,12.03,31.4,38.1,94,27,0x02,0,0x0000,0x00000000,0x00000000,90,READY_TO_DRIVE
261079,10.3,9.5,3.1,6.6,1.1,18,11.99,31.3,38.1,94,27,0x02,0,0x0000,0x00000000,0x00000000,90,READY_TO_DRIVE
261179,10.2,9.2,2.9,6.1,0.6,18,12.09,31.2,37.9,94,27,0x02,0,0x0000,0x00000000,0x00000000,89,READY_TO_DRIVE
261279,15.5,17.4,10.1,21.3,1.7,17,12.09,31.2,37.9,94,27,0x02,0,0x0000,0x00000000,0x00000000,89,READY_TO_DRIVE
261379,22.0,24.4,17.4,36.6,4.1,17,12.09,31.2,37.9,94,27,0x02,0,0x0000,0x00000000,0x00000000,89,READY_TO_DRIVE
261479,22.1,24.4,17.5,36.7,4.8,18,12.18,30.9,38.5,94,27,0x02,0,0x0000,0x00000000,0x00000000,92,READY_TO_DRIVE
261579,22.0,24.4,17.4,36.6,4.8,18,12.52,30.8,37.8,94,27,0x02,0,0x0000,0x00000000,0x00000000,88,READY_TO_DRIVE
261679,22.7,24.8,18.0,37.8,5.0,18,12.25,30.8,37.8,94,27,0x02,0,0x0000,0x00000000,0x00000000,88,READY_TO_DRIVE
261779,23.0,24.8,18.2,38.1,5.0,18,12.25,30.8,38.2,94,27,0x02,0,0x0000,0x00000000,0x00000000,90,READY_TO_DRIVE
261880,23.2,25.0,18.4,38.6,5.2,18,12.25,30.8,37.8,94,27,0x02,0,0x0000,0x00000000,0x00000000,88,READY_TO_DRIVE
261980,23.4,25.0,18.5,38.8,5.2,18,12.09,30.8,38.1,94,27,0x02,0,0x0000,0x00000000,0x00000000,90,READY_TO_DRIVE
262080,20.0,21.0,14.5,30.5,4.6,18,12.11,30.8,38.1,94,27,0x02,0,0x0000,0x00000000,0x00000000,90,READY_TO_DRIVE
262180,13.8,12.9,6.8,14.4,2.0,18,12.31,30.8,38.1,94,27,0x02,0,0x0000,0x00000000,0x00000000,90,READY_TO_DRIVE
262286,11.5,10.1,4.1,8.6,1.1,17,12.14,30.8,38.6,94,27,0x02,0,0x0000,0x00000000,0x00000000,93,READY_TO_DRIVE
262386,11.1,10.1,3.9,8.1,0.9,17,12.36,30.8,38.2,94,27,0x02,0,0x0000,0x00000000,0x00000000,90,READY_TO_DRIVE
262486,11.2,10.7,4.2,8.9,1.1,17,12.17,30.8,38.2,94,27,0x02,0,0x0000,0x00000000,0x00000000,90,READY_TO_DRIVE
262587,11.3,10.6,4.3,8.9,1.2,17,12.11,30.7,40.6,94,27,0x02,0,0x0000,0x00000000,0x00000000,100,READY_TO_DRIVE
262687,11.0,10.7,4.1,8.7,1.1,16,12.11,30.7,40.6,94,27,0x02,0,0x0000,0x00000000,0x00000000,100,READY_TO_DRIVE
262787,10.9,10.7,4.1,8.5,1.1,16,11.91,30.7,38.3,94,27,0x02,0,0x0000,0x00000000,0x00000000,91,READY_TO_DRIVE
262888,10.1,10.7,3.7,7.7,1.0,16,11.91,30.5,38.2,94,27,0x02,0,0x0000,0x00000000,0x00000000,90,READY_TO_DRIVE
262988,11.1,10.7,4.2,8.8,1.0,16,12.02,30.5,38.2,94,27,0x02,0,0x0000,0x00000000,0x00000000,90,READY_TO_DRIVE
263088,10.3,9.8,3.2,6.8,0.8,15,12.05,30.5,38.2,94,27,0x02,0,0x0000,0x00000000,0x00000000,90,READY_TO_DRIVE
263188,8.9,7.2,1.1,2.3,0.2,15,12.35,30.5,38.1,94,27,0x02,0,0x0000,0x00000000,0x00000000,90,READY_TO_DRIVE
263288,9.0,6.9,1.0,2.1,0.2,14,11.98,30.5,38.1,94,27,0x02,0,0x0000,0x00000000,0x00000000,90,READY_TO_DRIVE
263388,8.6,6.9,0.8,1.7,0.2,15,12.11,30.5,37.7,94,27,0x02,0,0x0000,0x00000000,0x00000000,88,READY_TO_DRIVE
263488,9.2,8.4,1.9,4.0,0.4,15,12.23,30.2,37.7,94,27,0x02,0,0x0000,0x00000000,0x00000000,88,READY_TO_DRIVE
263588,11.1,11.1,4.4,9.2,0.5,14,12.22,30.1,37.8,94,27,0x02,0,0x0000,0x00000000,0x00000000,88,READY_TO_DRIVE
263688,15.3,16.6,9.6,20.2,2.5,16,12.18,30.1,37.8,94,27,0x02,0,0x0000,0x00000000,0x00000000,88,READY_TO_DRIVE
263788,20.5,20.9,14.8,31.0,3.3,15,12.16,30.0,37.9,94,27,0x02,0,0x0000,0x00000000,0x00000000,89,READY_TO_DRIVE
263889,17.1,16.2,10.4,21.8,3.3,14,12.16,30.3,40.4,94,27,0x02,0,0x0000,0x00000000,0x00000000,100,READY_TO_DRIVE
263990,9.8,9.8,3.0,6.3,1.1,14,12.07,30.3,38.3,94,27,0x02,0,0x0000,0x00000000,0x00000000,91,READY_TO_DRIVE
264090,10.2,9.0,2.8,5.9,0.5,14,12.13,30.3,38.3,94,27,0x02,0,0x0000,0x00000000,0x00000000,91,READY_TO_DRIVE
264192,9.8,9.0,2.6,5.4,0.5,14,12.19,30.3,38.5,94,27,0x02,0,0x0000,0x00000000,0x00000000,92,READY_TO_DRIVE
264292,10.4,9.9,3.4,7.1,0.6,14,12.16,30.3,38.1,94,27,0x02,0,0x0000,0x00000000,0x00000000,92,READY_TO_DRIVE
264392,14.0,14.5,7.8,16.3,1.6,14,12.11,30.2,38.1,94,27,0x02,0,0x0000,0x00000000,0x00000000,90,READY_TO_DRIVE
264493,15.0,15.7,9.0,18.8,1.9,14,12.11,30.2,38.1,94,27,0x02,0,0x0000,0x00000000,0x00000000,90,READY_TO_DRIVE
264594,15.2,15.8,9.1,19.1,1.9,14,12.06,30.1,38.6,94,27,0x02,0,0x0000,0x00000000,0x00000000,93,READY_TO_DRIVE
264694,14.9,14.8,8.5,17.8,1.9,14,12.16,30.1,38.1,94,27,0x02,0,0x0000,0x00000000,0x00000000,90,READY_TO_DRIVE
264796,11.5,11.9,5.1,10.6,1.4,14,12.03,30.1,38.1,94,27,0x02,0,0x0000,0x00000000,0x00000000,90,READY_TO_DRIVE
264896,11.5,11.5,4.8,10.1,1.0,14,12.13,30.1,37.9,94,27,0x02,0,0x0000,0x00000000,0x00000000,89,READY_TO_DRIVE
264996,11.9,12.8,5.8,12.1,1.0,13,12.14,30.1,38.3,94,27,0x02,0,0x0000,0x00000000,0x00000000,91,READY_TO_DRIVE
265097,12.2,14.4,6.8,14.3,1.3,13,12.42,30.1,38.1,94,27,0x02,0,0x0000,0x00000000,0x00000000,90,READY_TO_DRIVE
265197,14.4,17.0,9.4,19.7,1.9,13,12.22,30.1,38.1,94,27,0x02,0,0x0000,0x00000000,0x00000000,90,READY_TO_DRIVE
265298,14.4,17.0,9.4,19.7,1.9,13,12.02,30.0,38.1,94,27,0x02,0,0x0000,0x00000000,0x00000000,90,READY_TO_DRIVE
265398,14.5,17.0,9.4,19.8,1.9,13,12.06,30.0,38.1,94,27,0x02,0,0x0000,0x00000000,0x00000000,90,READY_TO_DRIVE
265499,14.5,17.0,9.4,19.7,1.8,13,12.25,30.0,38.1,94,27,0x02,0,0x0000,0x00000000,0x00000000,90,READY_TO_DRIVE
265599,14.1,17.0,9.2,19.3,1.8,13,12.25,30.0,38.2,94,27,0x02,0,0x0000,0x00000000,0x00000000,90,READY_TO_DRIVE
265701,14.5,17.0,9.4,19.7,1.8,13,12.33,30.0,38.2,94,27,0x02,0,0x0000,0x00000000,0x00000000,90,READY_TO_DRIVE
265801,17.0,19.4,12.0,25.3,2.1,13,12.13,30.0,38.2,94,27,0x02,0,0x0000,0x00000000,0x00000000,90,READY_TO_DRIVE
265901,27.4,30.2,23.5,49.3,3.9,13,12.1,30.0,38.2,94,27,0x02,0,0x0000,0x00000000,0x00000000,90,READY_TO_DRIVE
266001,30.5,33.3,26.8,56.2,5.7,13,12.1,30.0,38.2,94,27,0x02,0,0x0000,0x00000000,0x00000000,90,READY_TO_DRIVE
266101,31.4,34.9,28.2,59.1,6.1,15,12.1,30.0,38.2,94,27,0x02,0,0x0000,0x00000000,0x00000000,90,READY_TO_DRIVE
266208,32.4,35.5,28.9,60.8,6.8,15,12.41,30.2,38.2,94,27,0x02,0,0x0000,0x00000000,0x00000000,90,READY_TO_DRIVE
266308,31.9,35.3,28.6,60.1,6.9,16,12.41,30.2,38.2,94,27,0x02,0,0x0000,0x00000000,0x00000000,90,READY_TO_DRIVE
266408,30.9,34.0,27.3,57.4,7.1,16,12.41,30.3,37.8,94,27,0x02,0,0x0000,0x00000000,0x00000000,88,READY_TO_DRIVE
266508,29.0,31.7,25.1,52.7,6.1,15,12.41,30.3,37.8,94,27,0x02,0,0x0000,0x00000000,0x00000000,88,READY_TO_DRIVE
266608,32.8,36.3,29.6,62.2,7.3,16,12.16,30.3,38.2,94,27,0x02,0,0x0000,0x00000000,0x00000000,90,READY_TO_DRIVE
266708,37.4,41.8,35.0,73.6,8.8,16,12.4,30.3,38.2,94,27,0x02,0,0x0000,0x00000000,0x00000000,90,READY_TO_DRIVE
266811,39.3,44.1,37.3,78.3,9.8,17,12.14,30.8,38.5,94,27,0x02,0,0x0000,0x00000000,0x00000000,92,READY_TO_DRIVE
266911,38.1,45.0,37.2,78.1,11.1,18,12.25,30.9,38.5,94,27,0x02,0,0x0000,0x00000000,0x00000000,92,READY_TO_DRIVE
267012,38.5,43.4,36.6,76.8,11.0,18,12.25,31.0,38.3,94,27,0x02,0,0x0000,0x00000000,0x00000000,91,READY_TO_DRIVE
267112,38.4,42.0,35.7,74.9,10.6,19,12.14,31.2,38.3,94,27,0x02,0,0x0000,0x00000000,0x00000000,91,READY_TO_DRIVE
267212,38.3,42.0,35.7,74.9,11.0,19,12.11,31.3,37.7,94,27,0x02,0,0x0000,0x00000000,0x00000000,88,READY_TO_DRIVE
267312,37.1,42.0,35.0,73.5,11.1,20,12.1,31.3,37.7,94,27,0x02,0,0x0000,0x00000000,0x00000000,88,READY_TO_DRIVE
267420,36.9,42.0,34.9,73.3,11.5,21,12.12,31.3,37.8,94,27,0x02,0,0x0000,0x00000000,0x00000000,88,READY_TO_DRIVE
267520,37.4,42.0,35.2,73.9,11.9,21,12.05,31.7,38.1,94,27,0x02,0,0x0000,0x00000000,0x00000000,90,READY_TO_DRIVE
267621,37.4,42.0,35.2,73.9,12.4,22,12.05,31.7,38.3,94,27,0x02,0,0x0000,0x00000000,0x00000000,91,READY_TO_DRIVE
267722,33.3,38.0,30.8,64.7,11.7,23,12.12,31.8,38.3,94,27,0x02,0,0x0000,0x00000000,0x00000000,91,READY_TO_DRIVE
267828,24.0,28.2,20.5,43.0,7.4,23,12.16,32.0,38.3,94,27,0x02,0,0x0000,0x00000000,0x00000000,91,READY_TO_DRIVE
267928,24.1,27.5,20.2,42.5,7.3,23,12.12,32.0,38.3,94,27,0x02,0,0x0000,0x00000000,0x00000000,91,READY_TO_DRIVE
268029,24.1,28.1,20.5,43.1,7.4,23,12.32,32.1,38.3,94,27,0x02,0,0x0000,0x00000000,0x00000000,91,READY_TO_DRIVE
268129,24.2,27.5,20.2,42.5,7.6,23,12.21,32.1,38.3,94,27,0x02,0,0x0000,0x00000000,0x00000000,91,READY_TO_DRIVE
268229,28.5,30.2,24.0,50.5,7.9,23,12.08,32.0,38.3,94,27,0x02,0,0x0000,0x00000000,0x00000000,91,READY_TO_DRIVE
268330,30.7,33.8,27.2,57.1,9.9,24,12.17,32.0,38.3,94,27,0x02,0,0x0000,0x00000000,0x00000000,91,READY_TO_DRIVE
268430,33.8,37.2,30.6,64.3,11.8,24,12.11,32.0,38.3,94,27,0x02,0,0x0000,0x00000000,0x00000000,91,READY_TO_DRIVE
268530,33.9,36.9,30.5,64.0,12.6,25,12.05,31.9,36.9,94,27,0x02,0,0x0000,0x00000000,0x00000000,83,READY_TO_DRIVE
268632,29.5,31.9,25.5,53.5,10.5,25,12.21,31.9,38.2,94,27,0x02,0,0x0000,0x00000000,0x00000000,90,READY_TO_DRIVE
268733,24.1,25.4,19.1,40.0,7.9,25,12.19,31.9,38.2,94,27,0x02,0,0x0000,0x00000000,0x00000000,90,READY_TO_DRIVE
268835,18.9,20.0,13.4,28.1,6.5,26,11.93,32.0,38.2,94,27,0x02,0,0x0000,0x00000000,0x00000000,90,READY_TO_DRIVE
268935,19.0,19.8,13.3,28.0,5.5,26,12.09,31.9,38.2,94,27,0x02,0,0x0000,0x00000000,0x00000000,90,READY_TO_DRIVE
269035,16.8,17.3,10.8,22.7,4.8,26,12.13,31.9,38.5,94,27,0x02,0,0x0000,0x00000000,0x00000000,92,READY_TO_DRIVE
269139,22.7,23.1,17.1,35.9,6.8,26,12.48,31.9,38.5,94,27,0x02,0,0x0000,0x00000000,0x00000000,92,READY_TO_DRIVE
269239,23.2,24.2,18.0,37.7,7.5,26,12.04,31.8,38.7,94,27,0x02,0,0x0000,0x00000000,0x00000000,93,READY_TO_DRIVE
269342,20.3,21.1,14.8,31.0,6.6,26,12.07,31.7,38.7,94,27,0x02,0,0x0000,0x00000000,0x00000000,93,READY_TO_DRIVE
269442,16.4,18.4,11.2,23.4,4.9,26,12.16,31.7,38.9,94,27,0x02,0,0x0000,0x00000000,0x00000000,94,READY_TO_DRIVE
269542,12.2,13.1,6.1,12.7,2.8,26,12.16,31.7,38.9,94,27,0x02,0,0x0000,0x00000000,0x00000000,94,READY_TO_DRIVE
269642,12.3,13.0,6.1,12.8,2.3,26,11.97,31.7,38.2,94,27,0x02,0,0x0000,0x00000000,0x00000000,90,READY_TO_DRIVE
269742,12.2,13.0,6.0,12.7,2.4,26,12.08,31.7,38.2,94,27,0x02,0,0x0000,0x00000000,0x00000000,90,READY_TO_DRIVE
269844,12.3,13.0,6.1,12.8,2.4,26,12.17,31.4,38.7,94,27,0x02,0,0x0000,0x00000000,0x00000000,93,READY_TO_DRIVE
269944,12.2,12.9,6.0,12.5,2.5,26,12.16,31.3,38.7,94,27,0x02,0,0x0000,0x00000000,0x00000000,93,READY_TO_DRIVE
270048,11.2,12.7,5.3,11.2,2.1,26,12.02,31.2,38.7,94,27,0x02,0,0x0000,0x00000000,0x00000000,93,READY_TO_DRIVE
270148,9.7,12.4,4.4,9.2,1.9,26,12.02,31.2,38.7,94,27,0x02,0,0x0000,0x00000000,0x00000000,93,READY_TO_DRIVE
270251,10.4,12.4,4.8,10.0,1.8,26,12.08,31.0,38.6,94,27,0x02,0,0x0000,0x00000000,0x00000000,93,READY_TO_DRIVE
270353,13.5,15.3,8.0,16.7,2.3,25,12.12,31.0,38.6,94,27,0x02,0,0x0000,0x00000000,0x00000000,93,READY_TO_DRIVE
270467,18.0,20.6,13.2,27.8,5.2,26,12.11,30.8,38.6,94,27,0x02,0,0x0000,0x00000000,0x00000000,93,READY_TO_DRIVE
270568,11.9,9.3,3.8,8.1,2.9,25,12.11,30.8,38.6,94,27,0x02,0,0x0000,0x00000000,0x00000000,93,READY_TO_DRIVE
270668,5.6,6.9,0.0,0.0,0.1,24,12.11,30.7,38.6,94,27,0x02,0,0x0000,0x00000000,0x00000000,93,READY_TO_DRIVE
270768,6.8,5.0,0.0,0.0,0.0,24,12.13,30.6,38.3,94,27,0x02,0,0x0000,0x00000000,0x00000000,91,READY_TO_DRIVE
270872,7.1,4.8,0.0,0.0,0.0,22,12.18,30.6,38.1,94,27,0x02,0,0x0000,0x00000000,0x00000000,90,READY_TO_DRIVE
270972,7.1,6.1,0.0,0.0,0.0,22,12.03,30.6,38.1,94,27,0x02,0,0x0000,0x00000000,0x00000000,90,READY_TO_DRIVE
271072,9.9,9.6,2.9,6.2,0.6,22,12.03,30.5,38.3,94,27,0x02,0,0x0000,0x00000000,0x00000000,91,READY_TO_DRIVE
271173,15.6,16.0,9.5,19.9,3.7,22,12.34,30.5,38.3,94,27,0x02,0,0x0000,0x00000000,0x00000000,91,READY_TO_DRIVE
271273,23.6,23.6,17.8,37.4,5.8,22,12.25,30.4,38.3,94,27,0x02,0,0x0000,0x00000000,0x00000000,91,READY_TO_DRIVE
271373,23.6,23.7,17.9,37.5,6.1,21,12.1,30.4,38.3,94,27,0x02,0,0x0000,0x00000000,0x00000000,91,READY_TO_DRIVE
271475,23.1,23.0,17.3,36.3,6.1,22,12.18,30.4,38.3,94,27,0x02,0,0x0000,0x00000000,0x00000000,91,READY_TO_DRIVE
271575,20.3,19.6,13.9,29.3,5.7,22,12.11,30.4,38.3,94,27,0x02,0,0x0000,0x00000000,0x00000000,91,READY_TO_DRIVE
271675,19.3,18.4,12.8,26.8,4.3,21,12.11,30.4,38.3,94,27,0x02,0,0x0000,0x00000000,0x00000000,91,READY_TO_DRIVE
271780,19.2,19.0,13.0,27.3,4.4,21,12.18,30.4,38.3,94,27,0x02,0,0x0000,0x00000000,0x00000000,91,READY_TO_DRIVE
271880,19.3,18.8,12.9,27.1,4.3,21,12.18,30.5,38.6,94,27,0x02,0,0x0000,0x00000000,0x00000000,93,READY_TO_DRIVE
271980,17.1,16.6,10.6,22.3,3.6,21,12.07,30.5,38.6,94,27,0x02,0,0x0000,0x00000000,0x00000000,93,READY_TO_DRIVE
272082,15.5,14.4,8.6,18.0,2.9,21,12.09,30.5,38.9,94,27,0x02,0,0x0000,0x00000000,0x00000000,94,READY_TO_DRIVE
272182,15.0,13.9,8.0,16.8,2.7,21,12.03,30.5,38.9,94,27,0x02,0,0x0000,0x00000000,0x00000000,94,READY_TO_DRIVE
272282,13.8,12.1,6.4,13.5,2.0,21,12.09,30.5,38.5,94,27,0x02,0,0x0000,0x00000000,0x00000000,92,READY_TO_DRIVE
272383,13.3,12.1,6.2,13.0,1.9,20,12.34,30.5,38.7,94,27,0x02,0,0x0000,0x00000000,0x00000000,93,READY_TO_DRIVE
272483,11.7,10.3,4.3,9.1,1.6,20,12.12,30.5,37.5,94,27,0x02,0,0x0000,0x00000000,0x00000000,87,READY_TO_DRIVE
272584,10.0,8.2,2.2,4.7,0.6,20,12.17,30.5,37.5,94,27,0x02,0,0x0000,0x00000000,0x00000000,87,READY_TO_DRIVE
272684,9.7,8.2,2.1,4.5,0.6,19,12.09,30.4,38.7,94,27,0x02,0,0x0000,0x00000000,0x00000000,93,READY_TO_DRIVE
272785,9.9,8.2,2.2,4.6,0.6,20,12.1,30.4,37.3,94,27,0x02,0,0x0000,0x00000000,0x00000000,86,READY_TO_DRIVE
272885,9.6,8.2,2.1,4.3,0.6,19,12.11,30.4,38.3,94,27,0x02,0,0x0000,0x00000000,0x00000000,91,READY_TO_DRIVE
272985,9.6,8.2,2.0,4.3,0.6,19,12.16,30.3,38.3,94,27,0x02,0,0x0000,0x00000000,0x00000000,91,READY_TO_DRIVE
273085,9.6,8.2,2.0,4.3,0.6,19,12.64,30.4,38.6,94,27,0x02,0,0x0000,0x00000000,0x00000000,93,READY_TO_DRIVE
273185,10.3,10.4,3.6,7.6,0.9,19,12.22,30.4,38.6,94,27,0x02,0,0x0000,0x00000000,0x00000000,93,READY_TO_DRIVE
273285,20.5,21.3,14.9,31.4,2.2,18,12.41,30.4,38.2,94,27,0x02,0,0x0000,0x00000000,0x00000000,90,READY_TO_DRIVE
273390,20.9,22.3,15.7,32.9,4.5,18,12.41,30.4,38.2,94,27,0x02,0,0x0000,0x00000000,0x00000000,90,READY_TO_DRIVE
273490,20.8,22.3,15.7,32.9,4.6,19,12.17,30.4,38.2,94,27,0x02,0,0x0000,0x00000000,0x00000000,90,READY_TO_DRIVE
273593,15.9,17.1,10.2,21.5,2.8,18,12.17,30.4,38.2,94,27,0x02,0,0x0000,0x00000000,0x00000000,90,READY_TO_DRIVE
273693,17.2,18.1,11.5,24.1,3.5,19,12.14,30.3,38.9,94,27,0x02,0,0x0000,0x00000000,0x00000000,94,READY_TO_DRIVE
273794,18.6,19.2,12.8,26.8,3.4,18,12.16,30.3,38.9,94,27,0x02,0,0x0000,0x00000000,0x00000000,94,READY_TO_DRIVE
273894,18.2,19.5,12.7,26.8,3.6,18,12.16,30.3,38.9,94,27,0x02,0,0x0000,0x00000000,0x00000000,94,READY_TO_DRIVE
273994,24.1,26.4,19.6,41.2,5.5,18,12.26,30.4,38.9,94,27,0x02,0,0x0000,0x00000000,0x00000000,94,READY_TO_DRIVE
274095,35.9,39.9,33.2,69.7,5.8,18,12.07,30.4,38.3,94,27,0x02,0,0x0000,0x00000000,0x00000000,91,READY_TO_DRIVE
274195,41.8,45.2,39.2,82.4,13.7,21,12.07,30.4,38.3,94,27,0x02,0,0x0000,0x00000000,0x00000000,91,READY_TO_DRIVE
274305,39.9,43.9,37.5,78.8,13.6,23,12.27,30.4,38.7,94,27,0x02,0,0x0000,0x00000000,0x00000000,93,READY_TO_DRIVE
274407,33.4,34.7,29.1,61.1,9.6,21,12.05,30.6,38.7,94,27,0x02,0,0x0000,0x00000000,0x00000000,93,READY_TO_DRIVE
274507,31.1,34.4,27.7,58.1,10.1,23,12.16,30.7,38.2,94,27,0x02,0,0x0000,0x00000000,0x00000000,90,READY_TO_DRIVE
274607,30.5,32.8,26.5,55.7,9.1,22,12.16,30.7,38.2,94,27,0x02,0,0x0000,0x00000000,0x00000000,90,READY_TO_DRIVE
274709,32.0,34.4,28.2,59.2,10.0,22,12.33,31.0,38.6,94,27,0x02,0,0x0000,0x00000000,0x00000000,93,READY_TO_DRIVE
274815,32.0,33.9,27.9,58.5,10.1,23,12.31,31.1,40.6,94,27,0x02,0,0x0000,0x00000000,0x00000000,100,READY_TO_DRIVE
274915,30.9,32.8,26.7,56.0,9.3,22,12.16,31.1,38.5,94,27,0x02,0,0x0000,0x00000000,0x00000000,92,READY_TO_DRIVE
275015,31.8,34.4,28.0,58.9,9.7,22,12.14,31.2,38.5,94,27,0x02,0,0x0000,0x00000000,0x00000000,92,READY_TO_DRIVE
275115,35.7,39.4,32.9,69.1,10.7,22,12.06,31.2,38.2,94,27,0x02,0,0x0000,0x00000000,0x00000000,90,READY_TO_DRIVE
275215,36.7,40.0,33.7,70.8,12.1,22,12.22,31.2,38.2,94,27,0x02,0,0x0000,0x00000000,0x00000000,90,READY_TO_DRIVE
275315,41.1,43.9,38.1,80.1,13.7,23,12.03,31.4,38.3,94,27,0x02,0,0x0000,0x00000000,0x00000000,91,READY_TO_DRIVE
275415,41.0,44.1,38.2,80.3,14.2,23,12.3,31.4,38.7,94,27,0x02,0,0x0000,0x00000000,0x00000000,93,READY_TO_DRIVE
275515,41.3,44.6,38.7,81.2,14.6,24,12.12,31.6,38.7,94,27,0x02,0,0x0000,0x00000000,0x00000000,93,READY_TO_DRIVE
275615,39.7,44.8,37.9,79.6,15.3,24,12.27,31.6,38.7,94,27,0x02,0,0x0000,0x00000000,0x00000000,93,READY_TO_DRIVE
275717,35.3,39.7,32.8,68.9,14.1,25,12.13,31.6,38.6,94,27,0x02,0,0x0000,0x00000000,0x00000000,93,READY_TO_DRIVE
275818,28.3,35.8,26.9,56.5,11.2,25,12.13,31.6,38.6,94,27,0x02,0,0x0000,0x00000000,0x00000000,93,READY_TO_DRIVE
275919,31.4,35.5,28.5,59.8,11.6,25,12.27,32.0,38.6,94,27,0x02,0,0x0000,0x00000000,0x00000000,93,READY_TO_DRIVE
276021,24.8,27.1,20.4,42.8,9.3,25,12.27,32.0,38.6,94,27,0x02,0,0x0000,0x00000000,0x00000000,93,READY_TO_DRIVE
276122,21.0,22.2,15.7,33.0,7.5,26,12.14,32.1,38.6,94,27,0x02,0,0x0000,0x00000000,0x00000000,93,READY_TO_DRIVE
276222,15.2,17.0,9.8,20.6,3.9,26,12.28,32.1,38.3,94,27,0x02,0,0x0000,0x00000000,0x00000000,93,READY_TO_DRIVE
276325,14.2,15.3,8.3,17.5,3.7,25,12.1,32.0,38.3,94,27,0x02,0,0x0000,0x00000000,0x00000000,91,READY_TO_DRIVE
276425,13.3,14.5,7.4,15.6,2.9,25,12.1,32.0,38.3,94,27,0x02,0,0x0000,0x00000000,0x00000000,91,READY_TO_DRIVE
276525,13.4,15.2,7.9,16.5,3.0,25,12.1,31.9,38.9,94,27,0x02,0,0x0000,0x00000000,0x00000000,91,READY_TO_DRIVE
276628,15.0,16.6,9.4,19.8,3.6,24,12.1,31.9,38.9,94,27,0x02,0,0x0000,0x00000000,0x00000000,94,READY_TO_DRIVE
276728,18.1,18.9,12.4,26.0,4.8,24,12.19,31.9,38.9,94,27,0x02,0,0x0000,0x00000000,0x00000000,94,READY_TO_DRIVE
276828,20.2,19.4,13.7,28.9,5.3,24,12.19,31.9,38.9,94,27,0x02,0,0x0000,0x00000000,0x00000000,94,READY_TO_DRIVE
276928,20.9,22.1,15.6,32.7,5.9,24,12.1,31.4,38.6,94,27,0x02,0,0x0000,0x00000000,0x00000000,93,READY_TO_DRIVE
277028,36.9,37.9,32.7,68.7,8.5,25,12.11,31.4,38.9,94,27,0x02,0,0x0000,0x00000000,0x00000000,94,READY_TO_DRIVE
277130,39.1,41.2,35.6,74.8,13.5,25,12.11,31.4,38.9,94,27,0x02,0,0x0000,0x00000000,0x00000000,94,READY_TO_DRIVE
277230,41.3,43.6,38.1,80.0,15.3,25,12.12,31.4,38.2,94,27,0x02,0,0x0000,0x00000000,0x00000000,90,READY_TO_DRIVE
277330,41.5,44.5,38.7,81.3,15.6,25,12.16,31.3,38.2,94,27,0x02,0,0x0000,0x00000000,0x00000000,90,READY_TO_DRIVE
277430,44.3,47.2,41.7,87.5,17.1,26,12.08,31.3,38.2,94,27,0x02,0,0x0000,0x00000000,0x00000000,90,READY_TO_DRIVE
277531,46.6,49.5,44.1,92.7,18.9,27,12.06,31.4,38.2,94,27,0x02,0,0x0000,0x00000000,0x00000000,90,READY_TO_DRIVE
277632,47.5,50.5,45.2,94.9,20.0,28,12.13,31.5,38.7,94,27,0x02,0,0x0000,0x00000000,0x00000000,93,READY_TO_DRIVE
277734,42.8,44.0,39.1,82.2,20.0,29,12.08,31.5,38.3,94,27,0x02,0,0x0000,0x00000000,0x00000000,91,READY_TO_DRIVE
277834,34.3,35.5,30.0,62.9,14.1,29,12.08,31.5,38.2,94,27,0x02,0,0x0000,0x00000000,0x00000000,90,READY_TO_DRIVE
277934,35.1,37.9,31.7,66.6,14.5,29,12.08,31.5,38.2,94,27,0x02,0,0x0000,0x00000000,0x00000000,90,READY_TO_DRIVE
278036,50.8,53.4,48.5,101.8,22.3,30,12.13,32.0,38.5,94,27,0x02,0,0x0000,0x00000000,0x00000000,92,READY_TO_DRIVE
278136,58.9,63.2,58.1,122.0,24.8,31,12.08,32.0,38.5,94,27,0x02,0,0x0000,0x00000000,0x00000000,92,READY_TO_DRIVE
278243,64.6,66.7,63.1,132.5,31.0,31,12.04,32.2,40.3,94,27,0x02,0,0x0000,0x00000000,0x00000000,100,READY_TO_DRIVE
278343,64.2,66.2,62.6,131.5,32.6,32,12.04,32.2,40.3,94,27,0x02,0,0x0000,0x00000000,0x00000000,100,READY_TO_DRIVE
278446,24.9,26.7,20.2,42.4,12.8,32,12.04,32.4,40.3,94,27,0x02,0,0x0000,0x00000000,0x00000000,100,READY_TO_DRIVE
278546,16.0,14.5,8.9,18.6,6.1,33,12.04,32.4,40.3,94,27,0x02,0,0x0000,0x00000000,0x00000000,100,READY_TO_DRIVE
278650,7.6,6.3,0.0,0.0,0.0,31,12.18,32.4,39.0,94,27,0x02,0,0x0000,0x00000000,0x00000000,95,READY_TO_DRIVE
278750,6.9,6.0,0.0,0.0,0.0,32,12.16,32.4,38.5,94,27,0x02,0,0x0000,0x00000000,0x00000000,92,READY_TO_DRIVE
278852,6.8,5.9,0.0,0.0,0.0,31,11.65,32.4,38.5,94,27,0x02,0,0x0000,0x00000000,0x00000000,92,READY_TO_DRIVE
278960,6.2,5.9,0.0,0.0,0.0,31,12.27,32.7,38.5,94,27,0x02,0,0x0000,0x00000000,0x00000000,92,READY_TO_DRIVE
279068,5.1,5.9,0.0,0.0,0.0,30,11.99,32.6,39.3,94,27,0x02,0,0x0000,0x00000000,0x00000000,96,READY_TO_DRIVE
279168,4.5,4.7,0.0,0.0,0.0,30,12.02,32.6,39.5,94,27,0x02,0,0x0000,0x00000000,0x00000000,97,READY_TO_DRIVE
279268,5.6,4.9,0.0,0.0,0.1,30,12.02,32.2,39.5,94,27,0x02,0,0x0000,0x00000000,0x00000000,97,READY_TO_DRIVE
279368,6.1,4.9,0.0,0.0,0.0,29,11.96,32.0,38.2,94,27,0x02,0,0x0000,0x00000000,0x00000000,90,READY_TO_DRIVE
279468,9.1,8.4,1.9,3.9,0.7,29,12.11,31.8,38.2,94,27,0x02,0,0x0000,0x00000000,0x00000000,90,READY_TO_DRIVE
279572,12.0,11.8,5.3,11.1,2.5,30,12.3,31.8,38.7,94,27,0x02,0,0x0000,0x00000000,0x00000000,93,READY_TO_DRIVE
279681,12.9,11.8,5.8,12.1,2.7,29,12.17,31.5,39.0,94,27,0x02,0,0x0000,0x00000000,0x00000000,95,READY_TO_DRIVE
279784,13.3,12.1,6.1,12.8,2.5,28,12.17,31.5,39.0,94,27,0x02,0,0x0000,0x00000000,0x00000000,95,READY_TO_DRIVE
279884,25.5,26.5,20.5,43.0,8.1,29,12.24,31.5,38.6,94,27,0x02,0,0x0000,0x00000000,0x00000000,93,READY_TO_DRIVE
279989,20.9,19.3,14.1,29.6,8.4,29,12.14,31.5,39.4,94,27,0x02,0,0x0000,0x00000000,0x00000000,93,READY_TO_DRIVE
280091,8.8,5.9,0.4,0.8,0.1,28,12.06,31.5,39.4,94,27,0x02,0,0x0000,0x00000000,0x00000000,97,READY_TO_DRIVE
280191,8.9,5.7,0.3,0.7,0.0,27,12.39,31.0,39.0,94,27,0x02,0,0x0000,0x00000000,0x00000000,95,READY_TO_DRIVE
280291,8.7,5.4,0.1,0.1,0.0,27,12.39,31.0,39.0,94,27,0x02,0,0x0000,0x00000000,0x00000000,95,READY_TO_DRIVE
280391,7.4,5.1,0.0,0.0,0.0,25,12.1,30.9,39.0,94,27,0x02,0,0x0000,0x00000000,0x00000000,95,READY_TO_DRIVE
280491,6.1,5.0,0.0,0.0,0.0,25,12.1,30.9,39.0,94,27,0x02,0,0x0000,0x00000000,0x00000000,95,READY_TO_DRIVE
280592,8.4,5.4,0.0,0.0,-0.1,24,12.05,30.8,38.5,94,27,0x02,0,0x0000,0x00000000,0x00000000,92,READY_TO_DRIVE
280692,9.1,5.4,0.3,0.5,0.0,24,12.16,30.7,38.5,94,27,0x02,0,0x0000,0x00000000,0x00000000,92,READY_TO_DRIVE
280792,8.8,5.4,0.1,0.2,0.0,23,12.21,30.7,38.5,94,27,0x02,0,0x0000,0x00000000,0x00000000,92,READY_TO_DRIVE
280894,7.9,5.4,0.0,0.0,0.0,22,12.11,30.7,38.9,94,27,0x02,0,0x0000,0x00000000,0x00000000,94,READY_TO_DRIVE
280994,7.2,5.3,0.0,0.0,0.0,22,12.03,30.6,38.9,94,27,0x02,0,0x0000,0x00000000,0x00000000,94,READY_TO_DRIVE
281095,5.9,6.1,0.0,0.0,0.0,21,12.2,30.5,38.7,94,27,0x02,0,0x0000,0x00000000,0x00000000,93,READY_TO_DRIVE
281195,11.5,10.3,4.2,8.9,1.5,22,12.05,30.5,38.7,94,27,0x02,0,0x0000,0x00000000,0x00000000,93,READY_TO_DRIVE
281295,11.7,10.8,4.6,9.6,1.6,20,12.11,30.5,38.7,94,27,0x02,0,0x0000,0x00000000,0x00000000,93,READY_TO_DRIVE
281397,13.2,12.8,6.5,13.6,2.2,20,12.11,30.5,38.7,94,27,0x02,0,0x0000,0x00000000,0x00000000,93,READY_TO_DRIVE
281498,13.0,11.5,5.6,11.8,1.8,20,12.11,30.5,38.7,94,27,0x02,0,0x0000,0x00000000,0x00000000,93,READY_TO_DRIVE
281598,13.5,11.5,5.9,12.4,1.8,19,12.02,30.5,38.7,94,27,0x02,0,0x0000,0x00000000,0x00000000,93,READY_TO_DRIVE
281700,19.3,19.0,13.1,27.5,3.5,19,12.1,30.5,41.5,94,27,0x02,0,0x0000,0x00000000,0x00000000,100,READY_TO_DRIVE
281800,26.0,27.1,21.0,44.1,5.4,19,12.1,30.5,41.5,94,27,0x02,0,0x0000,0x00000000,0x00000000,100,READY_TO_DRIVE
281902,27.5,28.3,22.5,47.1,6.8,19,12.02,30.5,41.5,94,27,0x02,0,0x0000,0x00000000,0x00000000,100,READY_TO_DRIVE
282002,28.4,29.9,23.8,50.1,6.8,19,12.02,30.5,41.5,94,27,0x02,0,0x0000,0x00000000,0x00000000,100,READY_TO_DRIVE
282103,30.2,30.9,25.3,53.1,7.7,19,12.21,30.5,38.9,94,27,0x02,0,0x0000,0x00000000,0x00000000,94,READY_TO_DRIVE
282208,41.9,42.1,37.7,79.1,11.7,20,12.26,30.5,38.9,94,27,0x02,0,0x0000,0x00000000,0x00000000,94,READY_TO_DRIVE
282312,42.2,45.2,39.5,82.9,12.6,20,12.09,30.5,38.9,94,27,0x02,0,0x0000,0x00000000,0x00000000,94,READY_TO_DRIVE
282412,42.5,44.1,39.0,81.9,12.3,19,12.09,30.5,38.9,94,27,0x02,0,0x0000,0x00000000,0x00000000,94,READY_TO_DRIVE
282513,37.5,37.2,32.6,68.5,13.0,22,12.09,30.7,38.9,94,27,0x02,0,0x0000,0x00000000,0x00000000,94,READY_TO_DRIVE
282624,33.2,31.7,27.4,57.5,9.9,22,12.14,30.7,38.9,94,27,0x02,0,0x0000,0x00000000,0x00000000,94,READY_TO_DRIVE
282724,23.4,22.1,16.9,35.6,8.2,21,12.02,30.7,39.6,94,27,0x02,0,0x0000,0x00000000,0x00000000,98,READY_TO_DRIVE
282824,18.1,16.6,11.2,23.4,3.9,21,12.33,30.7,39.6,94,27,0x02,0,0x0000,0x00000000,0x00000000,98,READY_TO_DRIVE
282924,18.0,16.6,11.1,23.3,3.4,20,12.33,30.7,39.6,94,27,0x02,0,0x0000,0x00000000,0x00000000,98,READY_TO_DRIVE
283024,18.0,17.3,11.5,24.1,3.6,20,12.02,30.7,39.6,94,27,0x02,0,0x0000,0x00000000,0x00000000,98,READY_TO_DRIVE
283126,17.9,17.3,11.4,24.0,3.6,20,12.14,31.4,39.1,94,27,0x02,0,0x0000,0x00000000,0x00000000,95,READY_TO_DRIVE
283226,17.9,17.4,11.4,24.0,3.5,20,12.14,31.4,39.1,94,27,0x02,0,0x0000,0x00000000,0x00000000,95,READY_TO_DRIVE
283328,17.4,16.0,10.5,22.0,3.2,20,12.22,31.4,39.1,94,27,0x02,0,0x0000,0x00000000,0x00000000,95,READY_TO_DRIVE
283439,17.2,16.0,10.3,21.7,3.1,19,12.22,31.4,39.1,94,27,0x02,0,0x0000,0x00000000,0x00000000,95,READY_TO_DRIVE
283539,15.9,16.0,9.6,20.2,3.0,19,12.13,31.4,39.1,94,27,0x02,0,0x0000,0x00000000,0x00000000,95,READY_TO_DRIVE
283641,16.1,15.9,9.7,20.3,2.9,19,12.27,31.4,38.3,94,27,0x02,0,0x0000,0x00000000,0x00000000,91,READY_TO_DRIVE
283741,12.7,11.9,5.7,11.9,1.7,18,12.13,31.4,38.6,94,27,0x02,0,0x0000,0x00000000,0x00000000,93,READY_TO_DRIVE
283843,12.7,11.9,5.7,12.0,1.6,18,12.13,31.4,38.6,94,27,0x02,0,0x0000,0x00000000,0x00000000,93,READY_TO_DRIVE
283943,17.2,16.9,10.8,22.7,2.7,18,12.27,31.2,38.6,94,27,0x02,0,0x0000,0x00000000,0x00000000,93,READY_TO_DRIVE
284049,27.3,28.0,22.2,46.6,5.6,18,12.1,31.1,38.6,94,27,0x02,0,0x0000,0x00000000,0x00000000,93,READY_TO_DRIVE
284149,30.4,31.2,25.6,53.8,7.7,19,12.17,31.1,39.6,94,27,0x02,0,0x0000,0x00000000,0x00000000,98,READY_TO_DRIVE
284258,30.6,31.4,25.8,54.2,7.6,19,12.55,31.1,39.8,94,27,0x02,0,0x0000,0x00000000,0x00000000,99,READY_TO_DRIVE
284358,24.4,25.9,19.5,41.0,7.1,18,12.13,31.1,39.8,94,27,0x02,0,0x0000,0x00000000,0x00000000,99,READY_TO_DRIVE
284458,23.9,25.1,18.9,39.6,5.4,19,11.97,31.1,39.8,94,27,0x02,0,0x0000,0x00000000,0x00000000,99,READY_TO_DRIVE
284558,23.8,25.1,18.7,39.3,5.3,18,12.05,31.2,38.9,94,27,0x02,0,0x0000,0x00000000,0x00000000,94,READY_TO_DRIVE
284661,25.4,26.3,20.3,42.5,5.5,18,12.25,31.2,38.9,94,27,0x02,0,0x0000,0x00000000,0x00000000,94,READY_TO_DRIVE
284761,31.0,31.9,26.3,55.2,7.6,18,12.04,31.2,38.9,94,27,0x02,0,0x0000,0x00000000,0x00000000,94,READY_TO_DRIVE
284861,28.0,28.4,22.8,47.9,6.8,18,12.26,31.2,38.9,94,27,0x02,0,0x0000,0x00000000,0x00000000,94,READY_TO_DRIVE
284961,18.6,18.5,12.4,26.1,5.2,19,12.21,31.3,39.3,94,27,0x02,0,0x0000,0x00000000,0x00000000,96,READY_TO_DRIVE
285061,14.2,14.0,7.7,16.1,2.4,18,12.19,31.3,39.3,94,27,0x02,0,0x0000,0x00000000,0x00000000,96,READY_TO_DRIVE
285161,11.0,10.7,4.1,8.7,1.1,17,12.1,31.3,38.7,94,27,0x02,0,0x0000,0x00000000,0x00000000,93,READY_TO_DRIVE
285261,11.1,10.6,4.1,8.6,1.0,17,12.2,31.5,37.7,94,27,0x02,0,0x0000,0x00000000,0x00000000,88,READY_TO_DRIVE
285361,10.5,10.6,3.8,7.9,0.8,16,12.2,31.4,40.3,94,27,0x02,0,0x0000,0x00000000,0x00000000,100,READY_TO_DRIVE
285461,10.9,10.6,4.0,8.5,1.1,17,12.2,31.4,40.3,94,27,0x02,0,0x0000,0x00000000,0x00000000,100,READY_TO_DRIVE
285561,10.6,10.4,3.8,7.9,0.9,16,11.73,31.3,38.7,94,27,0x02,0,0x0000,0x00000000,0x00000000,93,READY_TO_DRIVE
285661,10.9,10.5,4.0,8.4,1.1,16,12.1,31.3,38.7,94,27,0x02,0,0x0000,0x00000000,0x00000000,93,READY_TO_DRIVE
285763,10.8,10.4,3.9,8.1,0.9,15,12.1,31.1,38.7,94,27,0x02,0,0x0000,0x00000000,0x00000000,93,READY_TO_DRIVE
285863,10.4,10.4,3.7,7.7,0.9,15,12.1,31.0,39.0,94,27,0x02,0,0x0000,0x00000000,0x00000000,95,READY_TO_DRIVE
285963,10.8,10.4,3.9,8.2,1.0,15,12.1,31.0,40.3,94,27,0x02,0,0x0000,0x00000000,0x00000000,100,READY_TO_DRIVE
286063,10.6,11.6,4.4,9.2,1.0,14,12.11,30.9,40.3,94,27,0x02,0,0x0000,0x00000000,0x00000000,100,READY_TO_DRIVE
286163,11.1,11.6,4.7,9.8,1.1,14,12.05,30.9,39.0,94,27,0x02,0,0x0000,0x00000000,0x00000000,95,READY_TO_DRIVE
286265,16.1,16.5,10.0,20.9,2.2,14,12.05,30.8,39.0,94,27,0x02,0,0x0000,0x00000000,0x00000000,95,READY_TO_DRIVE
286365,20.7,22.8,15.9,33.3,3.2,14,12.05,30.8,39.3,94,27,0x02,0,0x0000,0x00000000,0x00000000,96,READY_TO_DRIVE
286466,21.5,22.9,16.4,34.4,3.6,14,12.22,30.8,39.3,94,27,0x02,0,0x0000,0x00000000,0x00000000,96,READY_TO_DRIVE
286568,20.5,20.6,14.6,30.6,3.6,15,12.08,30.7,39.0,94,27,0x02,0,0x0000,0x00000000,0x00000000,95,READY_TO_DRIVE
286669,17.4,16.9,10.9,22.9,2.5,14,12.19,30.7,39.0,94,27,0x02,0,0x0000,0x00000000,0x00000000,95,READY_TO_DRIVE
286769,17.1,16.2,10.4,21.8,2.3,15,12.26,30.7,39.0,94,27,0x02,0,0x0000,0x00000000,0x00000000,95,READY_TO_DRIVE
286869,17.1,16.2,10.4,21.8,2.3,14,12.09,30.7,38.9,94,27,0x02,0,0x0000,0x00000000,0x00000000,94,READY_TO_DRIVE
286969,19.1,18.9,12.9,27.0,2.7,15,12.12,30.8,37.3,94,27,0x02,0,0x0000,0x00000000,0x00000000,86,READY_TO_DRIVE
287069,19.2,18.9,13.0,27.2,3.0,15,12.25,30.8,37.3,94,27,0x02,0,0x0000,0x00000000,0x00000000,86,READY_TO_DRIVE
287169,19.3,18.2,12.6,26.5,3.0,15,12.14,30.8,39.0,94,27,0x02,0,0x0000,0x00000000,0x00000000,95,READY_TO_DRIVE
287270,18.4,16.7,11.3,23.8,2.7,15,12.14,30.8,39.0,94,27,0x02,0,0x0000,0x00000000,0x00000000,95,READY_TO_DRIVE
287370,18.8,18.2,12.4,26.0,2.8,15,12.05,30.8,39.1,94,27,0x02,0,0x0000,0x00000000,0x00000000,95,READY_TO_DRIVE
287471,24.6,24.5,18.9,39.7,4.3,15,12.31,30.8,39.1,94,27,0x02,0,0x0000,0x00000000,0x00000000,95,READY_TO_DRIVE
287572,26.0,26.0,20.4,42.9,5.0,15,12.31,30.8,39.1,94,27,0x02,0,0x0000,0x00000000,0x00000000,95,READY_TO_DRIVE
287672,26.4,26.6,20.9,43.9,5.1,16,11.99,30.8,39.1,94,27,0x02,0,0x0000,0x00000000,0x00000000,95,READY_TO_DRIVE
287773,27.0,27.0,21.5,45.2,5.4,16,12.22,30.8,39.1,94,27,0x02,0,0x0000,0x00000000,0x00000000,95,READY_TO_DRIVE
287873,26.1,24.9,19.9,41.7,5.0,16,12.04,30.9,39.1,94,27,0x02,0,0x0000,0x00000000,0x00000000,95,READY_TO_DRIVE
287973,26.0,24.9,19.8,41.6,5.1,16,12.02,30.9,39.3,94,27,0x02,0,0x0000,0x00000000,0x00000000,96,READY_TO_DRIVE
288078,25.6,24.9,19.6,41.1,5.1,17,12.11,30.9,38.7,94,27,0x02,0,0x0000,0x00000000,0x00000000,93,READY_TO_DRIVE
288178,25.5,24.7,19.5,40.9,5.2,17,12.06,31.0,38.9,94,27,0x02,0,0x0000,0x00000000,0x00000000,94,READY_TO_DRIVE
288280,23.6,22.5,17.2,36.2,4.8,17,12.21,31.0,39.0,94,27,0x02,0,0x0000,0x00000000,0x00000000,95,READY_TO_DRIVE
288380,23.7,22.2,17.1,36.0,4.6,17,12.21,31.0,39.0,94,27,0x02,0,0x0000,0x00000000,0x00000000,95,READY_TO_DRIVE
288481,24.5,25.1,19.2,40.2,4.8,18,12.21,31.0,39.0,94,27,0x02,0,0x0000,0x00000000,0x00000000,95,READY_TO_DRIVE
288581,27.2,27.6,22.0,46.1,5.9,17,12.24,31.1,39.6,94,27,0x02,0,0x0000,0x00000000,0x00000000,98,READY_TO_DRIVE
288681,27.8,27.8,22.4,46.9,6.3,18,12.17,31.2,39.6,94,27,0x02,0,0x0000,0x00000000,0x00000000,98,READY_TO_DRIVE
288781,27.3,27.8,22.1,46.4,6.2,18,12.17,31.2,39.3,94,27,0x02,0,0x0000,0x00000000,0x00000000,96,READY_TO_DRIVE
288882,27.4,26.8,21.6,45.4,6.4,18,12.31,31.2,39.3,94,27,0x02,0,0x0000,0x00000000,0x00000000,96,READY_TO_DRIVE
288986,25.5,26.0,20.1,42.2,6.2,19,12.31,31.2,39.3,94,27,0x02,0,0x0000,0x00000000,0x00000000,96,READY_TO_DRIVE
289086,24.5,25.3,19.2,40.4,5.8,19,11.83,31.2,39.3,94,27,0x02,0,0x0000,0x00000000,0x00000000,96,READY_TO_DRIVE
289186,32.6,34.5,28.6,60.0,7.1,19,11.83,31.3,38.9,94,27,0x02,0,0x0000,0x00000000,0x00000000,94,READY_TO_DRIVE
289289,37.2,39.8,33.9,71.1,10.8,20,12.16,31.3,38.9,94,27,0x02,0,0x0000,0x00000000,0x00000000,94,READY_TO_DRIVE
289389,38.0,40.8,34.8,73.1,11.2,20,12.16,31.4,39.0,94,27,0x02,0,0x0000,0x00000000,0x00000000,95,READY_TO_DRIVE
289489,38.1,40.8,34.9,73.3,11.6,21,12.16,31.4,39.0,94,27,0x02,0,0x0000,0x00000000,0x00000000,95,READY_TO_DRIVE
289592,37.0,39.4,33.5,70.4,12.0,21,12.12,31.5,39.1,94,27,0x02,0,0x0000,0x00000000,0x00000000,95,READY_TO_DRIVE
289692,30.1,33.1,26.4,55.5,10.4,22,12.12,31.5,39.1,94,27,0x02,0,0x0000,0x00000000,0x00000000,95,READY_TO_DRIVE
289792,22.7,24.9,18.1,37.9,6.2,22,12.1,31.5,39.1,94,27,0x02,0,0x0000,0x00000000,0x00000000,95,READY_TO_DRIVE
289892,22.1,24.4,17.5,36.7,6.1,22,12.38,31.5,39.1,94,27,0x02,0,0x0000,0x00000000,0x00000000,95,READY_TO_DRIVE
289992,25.7,29.0,21.9,46.0,7.6,22,12.2,31.9,38.9,94,27,0x02,0,0x0000,0x00000000,0x00000000,94,READY_TO_DRIVE
290094,35.3,37.9,31.9,66.9,8.9,23,12.2,31.9,38.9,94,27,0x02,0,0x0000,0x00000000,0x00000000,94,READY_TO_DRIVE
290196,35.6,38.4,32.3,67.7,12.1,23,12.12,31.9,39.1,94,27,0x02,0,0x0000,0x00000000,0x00000000,95,READY_TO_DRIVE
290296,32.0,34.1,28.0,58.8,11.7,23,12.18,31.9,39.1,94,27,0x02,0,0x0000,0x00000000,0x00000000,95,READY_TO_DRIVE
290397,20.1,21.9,15.0,31.6,6.2,23,12.18,32.0,39.1,94,27,0x02,0,0x0000,0x00000000,0x00000000,95,READY_TO_DRIVE
290497,9.6,10.1,3.1,6.4,2.1,24,12.34,32.0,39.1,94,27,0x02,0,0x0000,0x00000000,0x00000000,95,READY_TO_DRIVE
290597,8.3,7.7,1.1,2.3,0.3,23,12.09,32.0,39.1,94,27,0x02,0,0x0000,0x00000000,0x00000000,95,READY_TO_DRIVE
290698,8.2,7.4,0.8,1.8,0.2,23,12.19,32.0,39.1,94,27,0x02,0,0x0000,0x00000000,0x00000000,95,READY_TO_DRIVE
290798,8.0,7.3,0.7,1.5,0.2,23,12.1,31.9,39.1,94,27,0x02,0,0x0000,0x00000000,0x00000000,95,READY_TO_DRIVE
290898,17.9,17.9,11.7,24.5,2.9,23,12.18,31.9,39.1,94,27,0x02,0,0x0000,0x00000000,0x00000000,95,READY_TO_DRIVE
290999,29.8,31.2,25.2,53.0,8.7,22,12.18,31.9,39.1,94,27,0x02,0,0x0000,0x00000000,0x00000000,95,READY_TO_DRIVE
291099,34.1,36.1,30.2,63.4,11.2,24,12.18,31.9,39.1,94,27,0x02,0,0x0000,0x00000000,0x00000000,95,READY_TO_DRIVE
291201,34.2,36.1,30.3,63.6,11.6,24,12.18,31.6,39.0,94,27,0x02,0,0x0000,0x00000000,0x00000000,95,READY_TO_DRIVE
291301,33.7,36.1,30.0,63.0,11.9,24,12.16,31.6,39.0,94,27,0x02,0,0x0000,0x00000000,0x00000000,95,READY_TO_DRIVE
291405,33.3,36.1,29.8,62.5,11.8,25,12.1,31.6,38.7,94,27,0x02,0,0x0000,0x00000000,0x00000000,95,READY_TO_DRIVE
291505,33.7,36.1,30.0,63.0,12.0,25,12.31,31.6,38.7,94,27,0x02,0,0x0000,0x00000000,0x00000000,93,READY_TO_DRIVE
291605,34.2,35.7,30.1,63.1,12.3,25,12.36,31.7,38.9,94,27,0x02,0,0x0000,0x00000000,0x00000000,94,READY_TO_DRIVE
291707,33.1,34.2,28.7,60.3,12.1,26,12.03,31.7,38.9,94,27,0x02,0,0x0000,0x00000000,0x00000000,94,READY_TO_DRIVE
291808,32.8,34.0,28.4,59.6,12.0,26,12.09,31.8,38.6,94,27,0x02,0,0x0000,0x00000000,0x00000000,93,READY_TO_DRIVE
291909,31.9,33.6,27.7,58.2,11.8,26,12.08,31.8,38.6,94,27,0x02,0,0x0000,0x00000000,0x00000000,93,READY_TO_DRIVE
292009,29.8,29.6,24.4,51.3,11.0,27,12.06,31.8,38.6,94,27,0x02,0,0x0000,0x00000000,0x00000000,93,READY_TO_DRIVE
292109,28.6,29.0,23.4,49.2,10.1,27,12.06,31.8,39.4,94,27,0x02,0,0x0000,0x00000000,0x00000000,97,READY_TO_DRIVE
292210,12.6,11.4,5.4,11.3,5.3,27,12.05,31.8,39.4,94,27,0x02,0,0x0000,0x00000000,0x00000000,97,READY_TO_DRIVE
292310,11.9,10.7,4.6,9.7,1.7,26,12.2,32.0,39.4,94,27,0x02,0,0x0000,0x00000000,0x00000000,97,READY_TO_DRIVE
292411,12.3,11.1,5.0,10.6,1.9,27,12.04,32.0,39.4,94,27,0x02,0,0x0000,0x00000000,0x00000000,97,READY_TO_DRIVE
292514,10.5,10.2,3.6,7.6,1.4,26,12.04,32.0,39.5,94,27,0x02,0,0x0000,0x00000000,0x00000000,97,READY_TO_DRIVE
292617,9.9,8.3,2.2,4.7,0.8,25,12.09,31.9,39.5,94,27,0x02,0,0x0000,0x00000000,0x00000000,97,READY_TO_DRIVE
292717,10.2,8.3,2.4,5.1,0.9,25,12.09,31.9,39.4,94,27,0x02,0,0x0000,0x00000000,0x00000000,97,READY_TO_DRIVE
292817,9.5,7.4,1.6,3.3,0.9,26,12.06,31.6,39.9,94,27,0x02,0,0x0000,0x00000000,0x00000000,99,READY_TO_DRIVE
292919,8.1,6.9,0.5,1.1,0.3,24,12.04,31.5,39.0,94,27,0x02,0,0x0000,0x00000000,0x00000000,95,READY_TO_DRIVE
293019,7.7,6.8,0.3,0.6,0.1,25,12.07,31.5,39.0,94,27,0x02,0,0x0000,0x00000000,0x00000000,95,READY_TO_DRIVE
293120,8.0,8.1,1.1,2.3,0.4,24,12.05,31.3,39.6,94,27,0x02,0,0x0000,0x00000000,0x00000000,98,READY_TO_DRIVE
293220,8.9,10.7,3.0,6.3,0.9,24,11.98,31.3,39.3,94,27,0x02,0,0x0000,0x00000000,0x00000000,96,READY_TO_DRIVE
293329,15.7,17.0,10.1,21.1,3.9,25,12.08,31.1,39.1,94,27,0x02,0,0x0000,0x00000000,0x00000000,95,READY_TO_DRIVE
293429,27.4,29.6,23.1,48.5,8.4,24,12.03,31.1,39.1,94,27,0x02,0,0x0000,0x00000000,0x00000000,95,READY_TO_DRIVE
293529,28.0,29.9,23.6,49.6,9.0,24,12.11,30.9,39.1,94,27,0x02,0,0x0000,0x00000000,0x00000000,95,READY_TO_DRIVE
293631,25.4,26.1,20.2,42.3,8.8,24,12.41,30.9,39.1,94,27,0x02,0,0x0000,0x00000000,0x00000000,95,READY_TO_DRIVE
293733,15.2,16.1,9.3,19.5,5.1,24,12.27,30.9,39.1,94,27,0x02,0,0x0000,0x00000000,0x00000000,95,READY_TO_DRIVE
293837,10.1,10.0,3.3,6.8,1.5,24,12.27,30.9,39.1,94,27,0x02,0,0x0000,0x00000000,0x00000000,95,READY_TO_DRIVE
293938,7.9,6.9,0.4,0.9,0.1,23,12.14,30.9,39.3,94,27,0x02,0,0x0000,0x00000000,0x00000000,96,READY_TO_DRIVE
294038,7.8,5.9,0.0,0.0,0.0,23,12.14,30.9,39.3,94,27,0x02,0,0x0000,0x00000000,0x00000000,96,READY_TO_DRIVE
294139,8.0,6.4,0.2,0.5,0.0,23,12.04,30.9,39.1,94,27,0x02,0,0x0000,0x00000000,0x00000000,95,READY_TO_DRIVE
294252,13.2,12.8,6.5,13.6,2.2,24,12.04,30.9,39.1,94,27,0x02,0,0x0000,0x00000000,0x00000000,95,READY_TO_DRIVE
294352,15.0,15.3,8.8,18.5,2.9,22,12.04,30.9,39.1,94,27,0x02,0,0x0000,0x00000000,0x00000000,95,READY_TO_DRIVE
294452,15.3,14.8,8.6,18.1,3.0,22,12.27,31.0,39.1,94,27,0x02,0,0x0000,0x00000000,0x00000000,95,READY_TO_DRIVE
294552,14.8,15.5,8.8,18.4,2.9,22,12.11,31.0,39.8,94,27,0x02,0,0x0000,0x00000000,0x00000000,99,READY_TO_DRIVE
294652,19.2,19.2,13.1,27.5,4.0,22,12.01,31.1,39.8,94,27,0x02,0,0x0000,0x00000000,0x00000000,99,READY_TO_DRIVE
294754,20.6,20.6,14.6,30.7,5.0,22,12.19,31.1,39.8,94,27,0x02,0,0x0000,0x00000000,0x00000000,99,READY_TO_DRIVE
294861,19.7,20.5,14.1,29.6,4.9,21,12.05,31.1,39.8,94,27,0x02,0,0x0000,0x00000000,0x00000000,99,READY_TO_DRIVE
294963,20.5,20.6,14.6,30.6,4.9,22,12.05,30.9,39.1,94,27,0x02,0,0x0000,0x00000000,0x00000000,95,READY_TO_DRIVE
295064,17.2,15.6,10.1,21.2,4.6,21,12.06,30.9,39.1,94,27,0x02,0,0x0000,0x00000000,0x00000000,95,READY_TO_DRIVE
295164,13.6,13.0,6.8,14.2,2.4,21,12.04,30.9,39.1,94,27,0x02,0,0x0000,0x00000000,0x00000000,95,READY_TO_DRIVE
295264,11.0,9.5,3.5,7.3,1.4,21,12.16,30.9,39.1,94,27,0x02,0,0x0000,0x00000000,0x00000000,95,READY_TO_DRIVE
295365,9.4,6.9,1.3,2.7,0.4,20,12.16,30.8,38.6,94,27,0x02,0,0x0000,0x00000000,0x00000000,93,READY_TO_DRIVE
295465,9.1,6.2,0.6,1.4,0.1,20,12.58,30.8,38.6,94,27,0x02,0,0x0000,0x00000000,0x00000000,93,READY_TO_DRIVE
295565,7.4,4.7,0.0,0.0,0.0,20,12.04,30.9,38.6,94,27,0x02,0,0x0000,0x00000000,0x00000000,93,READY_TO_DRIVE
295666,7.4,4.8,0.0,0.0,0.0,19,12.03,30.8,38.6,94,27,0x02,0,0x0000,0x00000000,0x00000000,93,READY_TO_DRIVE
295766,7.7,4.7,0.0,0.0,0.0,19,12.1,30.9,39.1,94,27,0x02,0,0x0000,0x00000000,0x00000000,95,READY_TO_DRIVE
295866,7.4,5.3,0.0,0.0,0.0,18,12.14,30.9,38.6,94,27,0x02,0,0x0000,0x00000000,0x00000000,93,READY_TO_DRIVE
295966,9.1,8.6,2.0,4.1,0.5,18,12.05,30.8,38.7,94,27,0x02,0,0x0000,0x00000000,0x00000000,93,READY_TO_DRIVE
296066,11.0,10.8,4.2,8.8,0.8,18,12.14,30.8,39.3,94,27,0x02,0,0x0000,0x00000000,0x00000000,96,READY_TO_DRIVE
296166,11.7,11.0,4.7,9.8,1.3,17,12.35,30.9,39.1,94,27,0x02,0,0x0000,0x00000000,0x00000000,95,READY_TO_DRIVE
296266,14.6,15.3,8.6,18.0,2.4,17,12.26,31.0,39.1,94,27,0x02,0,0x0000,0x00000000,0x00000000,95,READY_TO_DRIVE
296368,15.3,15.8,9.2,19.2,2.3,16,12.26,31.0,39.1,94,27,0x02,0,0x0000,0x00000000,0x00000000,95,READY_TO_DRIVE
296469,15.4,14.0,8.3,17.4,2.2,16,12.2,31.0,39.1,94,27,0x02,0,0x0000,0x00000000,0x00000000,95,READY_TO_DRIVE
296570,11.3,9.8,3.9,8.1,1.4,16,11.97,30.9,39.1,94,27,0x02,0,0x0000,0x00000000,0x00000000,95,READY_TO_DRIVE
296670,10.2,8.7,2.6,5.5,0.6,16,11.95,30.9,39.1,94,27,0x02,0,0x0000,0x00000000,0x00000000,95,READY_TO_DRIVE
296770,10.0,8.5,2.4,5.1,0.6,16,12.13,31.1,39.3,94,27,0x02,0,0x0000,0x00000000,0x00000000,96,READY_TO_DRIVE
296871,9.6,8.5,2.2,4.6,0.5,15,12.23,31.1,39.6,94,27,0x02,0,0x0000,0x00000000,0x00000000,98,READY_TO_DRIVE
296972,15.3,17.0,9.9,20.7,2.2,15,12.39,31.0,39.4,94,27,0x02,0,0x0000,0x00000000,0x00000000,97,READY_TO_DRIVE
297073,15.5,17.1,10.0,21.0,2.3,15,12.19,31.0,39.4,94,27,0x02,0,0x0000,0x00000000,0x00000000,97,READY_TO_DRIVE
297175,15.7,17.4,10.2,21.5,2.2,14,12.13,31.0,39.4,94,27,0x02,0,0x0000,0x00000000,0x00000000,97,READY_TO_DRIVE
297275,16.3,18.0,10.9,22.8,2.4,14,12.01,31.0,39.4,94,27,0x02,0,0x0000,0x00000000,0x00000000,97,READY_TO_DRIVE
297377,18.9,20.7,13.8,28.9,2.7,14,12.19,31.0,39.4,94,27,0x02,0,0x0000,0x00000000,0x00000000,97,READY_TO_DRIVE
297477,24.2,26.8,19.9,41.8,4.1,14,12.13,30.9,39.4,94,27,0x02,0,0x0000,0x00000000,0x00000000,97,READY_TO_DRIVE
297583,30.1,32.8,26.3,55.2,6.1,14,12.24,30.9,39.3,94,27,0x02,0,0x0000,0x00000000,0x00000000,96,READY_TO_DRIVE
297683,30.6,33.4,26.9,56.5,6.2,15,12.24,30.9,39.3,94,27,0x02,0,0x0000,0x00000000,0x00000000,96,READY_TO_DRIVE
297783,31.2,34.3,27.7,58.1,6.6,15,12.2,31.0,39.3,94,27,0x02,0,0x0000,0x00000000,0x00000000,96,READY_TO_DRIVE
297884,32.8,36.3,29.6,62.2,7.2,16,12.2,31.0,39.3,94,27,0x02,0,0x0000,0x00000000,0x00000000,96,READY_TO_DRIVE
297989,30.5,33.1,26.7,56.0,6.1,14,12.2,31.0,39.3,94,27,0x02,0,0x0000,0x00000000,0x00000000,96,READY_TO_DRIVE
298089,30.2,33.1,26.5,55.6,6.9,17,12.2,31.0,39.3,94,27,0x02,0,0x0000,0x00000000,0x00000000,96,READY_TO_DRIVE
298192,28.3,31.0,24.4,51.1,6.0,15,12.2,31.1,39.3,94,27,0x02,0,0x0000,0x00000000,0x00000000,96,READY_TO_DRIVE
298292,28.7,31.9,25.1,52.6,6.9,17,12.2,31.1,39.3,94,27,0x02,0,0x0000,0x00000000,0x00000000,96,READY_TO_DRIVE
298393,32.4,35.1,28.8,60.5,6.1,16,12.03,31.1,39.3,94,27,0x02,0,0x0000,0x00000000,0x00000000,96,READY_TO_DRIVE
298493,39.0,42.0,36.0,75.6,10.5,18,12.37,31.1,39.3,94,27,0x02,0,0x0000,0x00000000,0x00000000,96,READY_TO_DRIVE
298593,43.5,46.3,40.8,85.6,11.3,18,12.37,31.2,39.3,94,27,0x02,0,0x0000,0x00000000,0x00000000,96,READY_TO_DRIVE
298693,41.2,43.0,37.8,79.3,14.0,20,12.09,31.2,39.3,94,27,0x02,0,0x0000,0x00000000,0x00000000,96,READY_TO_DRIVE
298793,41.1,44.3,38.4,80.6,12.2,20,12.09,31.5,39.9,94,27,0x02,0,0x0000,0x00000000,0x00000000,99,READY_TO_DRIVE
298893,34.4,36.9,30.8,64.7,9.7,18,12.03,31.5,39.9,94,27,0x02,0,0x0000,0x00000000,0x00000000,99,READY_TO_DRIVE
298995,31.1,36.4,28.8,60.4,9.0,19,12.04,31.5,39.4,94,27,0x02,0,0x0000,0x00000000,0x00000000,97,READY_TO_DRIVE
299095,27.6,32.1,24.6,51.6,7.1,18,12.04,31.5,39.4,94,27,0x02,0,0x0000,0x00000000,0x00000000,97,READY_TO_DRIVE
299195,31.8,34.3,28.0,58.9,8.1,18,12.13,32.0,39.1,94,27,0x02,0,0x0000,0x00000000,0x00000000,95,READY_TO_DRIVE
299301,37.0,40.1,33.9,71.3,9.1,18,12.13,32.0,39.1,94,27,0x02,0,0x0000,0x00000000,0x00000000,95,READY_TO_DRIVE
299401,56.0,57.7,53.6,112.6,9.9,20,12.07,32.2,39.6,94,27,0x02,0,0x0000,0x00000000,0x00000000,98,READY_TO_DRIVE
299516,53.5,57.2,52.0,109.2,18.2,22,12.07,32.2,39.6,94,27,0x02,0,0x0000,0x00000000,0x00000000,98,READY_TO_DRIVE
299617,47.5,50.7,45.3,95.0,14.9,20,12.07,32.2,39.6,94,27,0x02,0,0x0000,0x00000000,0x00000000,98,READY_TO_DRIVE
299722,44.0,45.3,40.5,85.1,15.6,22,12.07,32.2,39.6,94,27,0x02,0,0x0000,0x00000000,0x00000000,98,READY_TO_DRIVE
299823,38.4,42.0,35.7,75.0,13.1,23,12.3,32.2,39.6,94,27,0x02,0,0x0000,0x00000000,0x00000000,98,READY_TO_DRIVE
299923,38.2,41.6,35.4,74.3,12.9,23,12.3,32.2,39.6,94,27,0x02,0,0x0000,0x00000000,0x00000000,98,READY_TO_DRIVE
300027,38.7,41.7,35.7,75.0,12.6,23,12.13,32.8,39.1,94,27,0x02,0,0x0000,0x00000000,0x00000000,95,READY_TO_DRIVE
300127,39.1,42.6,36.4,76.4,13.3,23,12.22,32.8,39.3,94,27,0x02,0,0x0000,0x00000000,0x00000000,96,READY_TO_DRIVE
300227,41.1,44.7,38.6,81.1,14.3,24,12.22,33.0,39.3,94,27,0x02,0,0x0000,0x00000000,0x00000000,96,READY_TO_DRIVE
300329,41.4,45.5,39.2,82.2,15.1,24,12.05,33.0,39.4,94,27,0x02,0,0x0000,0x00000000,0x00000000,97,READY_TO_DRIVE
300431,39.5,42.8,36.7,77.1,15.2,25,12.02,33.1,38.9,94,27,0x02,0,0x0000,0x00000000,0x00000000,94,READY_TO_DRIVE
300532,37.1,41.2,34.6,72.7,14.2,25,12.16,33.2,38.9,94,27,0x02,0,0x0000,0x00000000,0x00000000,94,READY_TO_DRIVE
300632,37.8,41.2,35.0,73.4,14.3,26,12.09,33.2,39.4,94,27,0x02,0,0x0000,0x00000000,0x00000000,97,READY_TO_DRIVE
300733,37.7,41.2,34.9,73.3,14.5,26,12.23,33.2,39.3,94,27,0x02,0,0x0000,0x00000000,0x00000000,96,READY_TO_DRIVE
300833,37.8,41.3,35.0,73.5,14.7,26,12.21,33.3,38.3,94,27,0x02,0,0x0000,0x00000000,0x00000000,91,READY_TO_DRIVE
300933,35.8,38.8,32.6,68.4,14.8,27,12.21,33.3,39.3,94,27,0x02,0,0x0000,0x00000000,0x00000000,96,READY_TO_DRIVE
301034,28.9,31.9,25.1,52.8,11.2,27,12.16,33.3,39.5,94,27,0x02,0,0x0000,0x00000000,0x00000000,97,READY_TO_DRIVE
301134,27.4,30.3,23.5,49.4,10.5,27,12.23,33.3,39.5,94,27,0x02,0,0x0000,0x00000000,0x00000000,97,READY_TO_DRIVE
301247,17.6,20.1,12.8,26.8,8.1,27,12.11,33.4,39.5,94,27,0x02,0,0x0000,0x00000000,0x00000000,97,READY_TO_DRIVE
301359,8.4,10.2,2.5,5.2,0.9,26,12.08,33.4,39.5,94,27,0x02,0,0x0000,0x00000000,0x00000000,97,READY_TO_DRIVE
301459,5.6,5.5,0.0,0.0,0.0,26,12.22,33.4,39.5,94,27,0x02,0,0x0000,0x00000000,0x00000000,97,READY_TO_DRIVE
301559,6.6,5.4,0.0,0.0,0.0,26,12.02,33.4,39.5,93,27,0x02,0,0x0000,0x00000000,0x00000000,97,READY_TO_DRIVE
301659,6.7,5.5,0.0,0.0,0.0,26,12.02,33.0,38.7,93,27,0x02,0,0x0000,0x00000000,0x00000000,93,READY_TO_DRIVE
301759,6.6,5.4,0.0,0.0,0.0,25,12.22,32.9,39.0,93,27,0x02,0,0x0000,0x00000000,0x00000000,95,READY_TO_DRIVE
301859,6.6,5.4,0.0,0.0,0.0,24,12.02,32.7,39.9,93,27,0x02,0,0x0000,0x00000000,0x00000000,99,READY_TO_DRIVE
301959,6.1,5.4,0.0,0.0,0.0,24,12.03,32.7,39.9,93,27,0x02,0,0x0000,0x00000000,0x00000000,99,READY_TO_DRIVE
302066,6.6,5.4,0.0,0.0,0.0,22,11.87,32.7,39.8,93,27,0x02,0,0x0000,0x00000000,0x00000000,99,READY_TO_DRIVE
302166,7.4,5.4,0.0,0.0,0.0,21,12.11,32.7,40.3,93,27,0x02,0,0x0000,0x00000000,0x00000000,100,READY_TO_DRIVE
302266,7.4,5.4,0.0,0.0,0.0,20,12.01,32.7,40.3,93,27,0x02,0,0x0000,0x00000000,0x00000000,100,READY_TO_DRIVE
302366,6.9,5.4,0.0,0.0,0.0,19,12.17,31.9,40.3,93,27,0x02,0,0x0000,0x00000000,0x00000000,100,READY_TO_DRIVE
302466,7.1,5.4,0.0,0.0,0.0,18,12.07,31.8,39.6,93,27,0x02,0,0x0000,0x00000000,0x00000000,98,READY_TO_DRIVE
302572,14.6,14.7,8.3,17.3,1.9,18,12.11,31.8,42.3,93,27,0x02,0,0x0000,0x00000000,0x00000000,100,READY_TO_DRIVE
302674,19.0,18.9,12.9,27.0,3.7,17,12.13,31.8,39.4,93,27,0x02,0,0x0000,0x00000000,0x00000000,97,READY_TO_DRIVE
302774,27.6,28.2,22.5,47.2,4.3,17,12.14,31.5,39.4,93,27,0x02,0,0x0000,0x00000000,0x00000000,97,READY_TO_DRIVE
302879,25.0,25.2,19.5,41.0,5.6,17,12.14,31.5,39.4,93,27,0x02,0,0x0000,0x00000000,0x00000000,97,READY_TO_DRIVE
302979,25.8,25.6,20.1,42.2,5.6,17,12.14,31.3,39.6,93,27,0x02,0,0x0000,0x00000000,0x00000000,98,READY_TO_DRIVE
303083,11.0,9.7,3.6,7.6,1.1,16,12.14,31.3,39.6,93,27,0x02,0,0x0000,0x00000000,0x00000000,98,READY_TO_DRIVE
303183,11.7,10.9,4.7,9.8,1.1,16,12.22,31.4,39.6,93,27,0x02,0,0x0000,0x00000000,0x00000000,98,READY_TO_DRIVE
303283,15.6,15.5,9.2,19.3,1.5,16,12.18,31.4,39.6,93,27,0x02,0,0x0000,0x00000000,0x00000000,98,READY_TO_DRIVE
303386,18.0,17.6,11.6,24.3,2.7,16,12.02,31.4,39.8,93,27,0x02,0,0x0000,0x00000000,0x00000000,99,READY_TO_DRIVE
303486,25.2,25.0,19.5,40.8,4.0,15,12.04,31.4,39.8,93,27,0x02,0,0x0000,0x00000000,0x00000000,99,READY_TO_DRIVE
303592,18.2,19.2,12.6,26.4,3.8,15,12.21,31.4,39.8,93,27,0x02,0,0x0000,0x00000000,0x00000000,99,READY_TO_DRIVE
303693,17.5,17.9,11.5,24.1,2.7,15,12.16,31.4,39.8,93,27,0x02,0,0x0000,0x00000000,0x00000000,99,READY_TO_DRIVE
303793,15.4,15.5,9.1,19.1,2.0,15,12.16,31.2,39.8,93,27,0x02,0,0x0000,0x00000000,0x00000000,99,READY_TO_DRIVE
303893,15.0,14.9,8.5,17.9,1.8,14,12.16,31.2,39.8,93,27,0x02,0,0x0000,0x00000000,0x00000000,99,READY_TO_DRIVE
303996,17.1,19.0,11.9,25.0,2.1,14,12.05,31.2,39.4,93,27,0x02,0,0x0000,0x00000000,0x00000000,97,READY_TO_DRIVE
304096,25.1,26.8,20.4,42.8,3.7,13,12.14,31.2,39.4,93,27,0x02,0,0x0000,0x00000000,0x00000000,97,READY_TO_DRIVE
304200,34.4,37.1,30.9,64.8,7.2,14,12.2,31.2,39.8,93,27,0x02,0,0x0000,0x00000000,0x00000000,99,READY_TO_DRIVE
304300,33.9,35.3,29.7,62.3,6.9,14,11.47,31.2,39.8,93,27,0x02,0,0x0000,0x00000000,0x00000000,99,READY_TO_DRIVE
304406,33.2,33.7,28.4,59.7,6.8,16,12.12,31.2,39.4,93,27,0x02,0,0x0000,0x00000000,0x00000000,97,READY_TO_DRIVE
304514,25.9,27.9,21.4,44.9,4.6,14,12.12,31.2,39.4,93,27,0x02,0,0x0000,0x00000000,0x00000000,97,READY_TO_DRIVE
304616,26.9,28.6,22.3,46.8,4.7,14,12.12,31.2,39.3,93,27,0x02,0,0x0000,0x00000000,0x00000000,96,READY_TO_DRIVE
304716,26.9,28.6,22.3,46.9,4.7,13,12.16,31.2,39.5,93,27,0x02,0,0x0000,0x00000000,0x00000000,97,READY_TO_DRIVE
304816,30.3,32.5,26.3,55.2,4.8,13,11.98,31.5,39.4,93,27,0x02,0,0x0000,0x00000000,0x00000000,97,READY_TO_DRIVE
304916,34.5,36.4,30.6,64.2,6.6,14,11.98,31.5,39.4,93,27,0x02,0,0x0000,0x00000000,0x00000000,97,READY_TO_DRIVE
305027,41.7,42.6,37.8,79.4,9.2,16,12.12,31.6,39.4,93,27,0x02,0,0x0000,0x00000000,0x00000000,97,READY_TO_DRIVE
305127,35.4,38.1,32.0,67.2,7.7,14,12.12,31.6,39.4,93,27,0x02,0,0x0000,0x00000000,0x00000000,97,READY_TO_DRIVE
305228,28.3,30.5,24.1,50.6,5.8,15,12.12,31.6,37.9,93,27,0x02,0,0x0000,0x00000000,0x00000000,89,READY_TO_DRIVE
305335,27.2,29.1,22.8,47.8,3.8,14,12.17,31.6,37.9,93,27,0x02,0,0x0000,0x00000000,0x00000000,89,READY_TO_DRIVE
305436,37.6,40.3,34.4,72.2,8.2,15,12.17,32.0,37.9,93,27,0x02,0,0x0000,0x00000000,0x00000000,89,READY_TO_DRIVE
305536,45.7,48.1,42.9,90.1,10.5,15,12.22,32.0,37.9,93,27,0x02,0,0x0000,0x00000000,0x00000000,89,READY_TO_DRIVE
305637,48.4,50.2,45.5,95.5,12.2,17,12.09,32.0,40.2,93,27,0x02,0,0x0000,0x00000000,0x00000000,100,READY_TO_DRIVE
305737,42.6,45.5,39.9,83.7,9.5,15,12.24,32.0,39.6,93,27,0x02,0,0x0000,0x00000000,0x00000000,98,READY_TO_DRIVE
305837,44.0,44.4,40.0,84.0,11.3,18,12.24,32.2,39.6,93,27,0x02,0,0x0000,0x00000000,0x00000000,98,READY_TO_DRIVE
305937,34.1,36.3,30.3,63.6,7.4,15,12.1,32.2,39.6,93,27,0x02,0,0x0000,0x00000000,0x00000000,98,READY_TO_DRIVE
306050,34.7,37.3,31.2,65.5,7.2,15,12.31,32.2,39.9,93,27,0x02,0,0x0000,0x00000000,0x00000000,99,READY_TO_DRIVE
306155,39.1,42.4,36.2,76.1,8.8,16,12.31,32.2,39.9,93,27,0x02,0,0x0000,0x00000000,0x00000000,99,READY_TO_DRIVE
306255,43.0,45.8,40.2,84.5,10.2,17,12.31,32.2,39.8,93,27,0x02,0,0x0000,0x00000000,0x00000000,99,READY_TO_DRIVE
306355,46.6,49.5,44.1,92.6,11.6,16,12.21,32.2,39.8,93,27,0x02,0,0x0000,0x00000000,0x00000000,99,READY_TO_DRIVE
306455,47.0,49.7,44.4,93.3,12.5,17,11.98,32.9,39.8,93,27,0x02,0,0x0000,0x00000000,0x00000000,99,READY_TO_DRIVE
306594,46.2,48.8,43.6,91.5,12.8,18,12.18,32.9,39.8,93,27,0x02,0,0x0000,0x00000000,0x00000000,99,READY_TO_DRIVE
306696,43.3,45.6,40.2,84.5,12.0,19,12.31,33.1,39.5,93,27,0x02,0,0x0000,0x00000000,0x00000000,99,READY_TO_DRIVE
306796,43.2,45.5,40.2,84.4,12.2,19,12.21,33.2,39.5,93,27,0x02,0,0x0000,0x00000000,0x00000000,97,READY_TO_DRIVE
306898,46.5,48.9,43.8,91.9,13.5,20,12.06,33.2,39.5,93,27,0x02,0,0x0000,0x00000000,0x00000000,97,READY_TO_DRIVE
306999,46.6,49.2,44.0,92.3,14.1,20,12.17,33.2,39.4,93,27,0x02,0,0x0000,0x00000000,0x00000000,97,READY_TO_DRIVE
307099,42.3,44.8,39.3,82.5,13.3,20,12.17,33.5,39.4,93,27,0x02,0,0x0000,0x00000000,0x00000000,97,READY_TO_DRIVE
307200,41.3,44.0,38.3,80.5,13.3,21,12.1,33.6,39.4,93,27,0x02,0,0x0000,0x00000000,0x00000000,97,READY_TO_DRIVE
307302,32.6,35.0,28.8,60.5,10.0,21,12.1,33.6,39.4,93,27,0x02,0,0x0000,0x00000000,0x00000000,97,READY_TO_DRIVE
307404,28.3,30.4,24.1,50.5,8.2,21,12.1,33.7,39.6,93,27,0x02,0,0x0000,0x00000000,0x00000000,98,READY_TO_DRIVE
307510,27.6,30.4,23.7,49.8,8.1,22,12.16,33.8,40.0,93,27,0x02,0,0x0000,0x00000000,0x00000000,100,READY_TO_DRIVE
307610,27.5,30.4,23.6,49.6,8.0,22,12.02,33.8,39.0,93,27,0x02,0,0x0000,0x00000000,0x00000000,95,READY_TO_DRIVE
307711,26.8,29.7,22.9,48.0,8.0,22,12.02,33.8,39.0,93,27,0x02,0,0x0000,0x00000000,0x00000000,95,READY_TO_DRIVE
307812,23.3,24.9,18.4,38.6,6.4,22,12.06,33.7,39.5,93,27,0x02,0,0x0000,0x00000000,0x00000000,97,READY_TO_DRIVE
307912,18.3,19.7,12.9,27.1,5.0,21,12.06,33.6,39.1,93,27,0x02,0,0x0000,0x00000000,0x00000000,95,READY_TO_DRIVE
308012,17.2,17.8,11.3,23.7,3.9,21,12.03,33.6,39.1,93,27,0x02,0,0x0000,0x00000000,0x00000000,95,READY_TO_DRIVE
308112,15.5,15.6,9.2,19.3,3.0,21,12.38,33.6,39.3,93,27,0x02,0,0x0000,0x00000000,0x00000000,96,READY_TO_DRIVE
308212,15.4,15.5,9.1,19.2,2.9,21,12.11,33.3,39.3,93,27,0x02,0,0x0000,0x00000000,0x00000000,96,READY_TO_DRIVE
308313,16.1,17.8,10.7,22.5,3.0,20,12.06,33.3,40.0,93,27,0x02,0,0x0000,0x00000000,0x00000000,100,READY_TO_DRIVE
308413,18.5,19.7,13.0,27.3,4.1,20,12.06,33.3,39.4,93,27,0x02,0,0x0000,0x00000000,0x00000000,97,READY_TO_DRIVE
308517,18.6,19.7,13.1,27.5,4.1,20,12.11,32.9,39.9,93,27,0x02,0,0x0000,0x00000000,0x00000000,99,READY_TO_DRIVE
308617,18.4,19.7,12.9,27.2,3.9,20,12.23,32.9,39.4,93,27,0x02,0,0x0000,0x00000000,0x00000000,97,READY_TO_DRIVE
308717,25.3,26.8,20.5,43.1,6.5,20,12.02,32.6,39.4,93,27,0x02,0,0x0000,0x00000000,0x00000000,97,READY_TO_DRIVE
308817,26.0,26.8,20.9,43.9,6.6,20,12.01,32.6,39.8,93,27,0x02,0,0x0000,0x00000000,0x00000000,99,READY_TO_DRIVE
308917,26.0,26.8,20.9,43.9,6.7,20,12.12,32.4,39.8,93,27,0x02,0,0x0000,0x00000000,0x00000000,99,READY_TO_DRIVE
309017,26.3,26.8,21.1,44.2,6.6,20,12.11,32.4,39.5,93,27,0x02,0,0x0000,0x00000000,0x00000000,97,READY_TO_DRIVE
309117,24.0,24.4,18.5,38.8,5.8,20,12.19,32.4,39.6,93,27,0x02,0,0x0000,0x00000000,0x00000000,98,READY_TO_DRIVE
309217,23.0,22.5,16.9,35.6,5.4,20,12.04,32.2,39.9,93,27,0x02,0,0x0000,0x00000000,0x00000000,99,READY_TO_DRIVE
309318,22.8,22.4,16.8,35.2,5.3,20,12.06,32.2,39.9,93,27,0x02,0,0x0000,0x00000000,0x00000000,99,READY_TO_DRIVE
309418,22.9,22.2,16.7,35.1,5.2,20,12.06,32.2,39.0,93,27,0x02,0,0x0000,0x00000000,0x00000000,95,READY_TO_DRIVE
309518,22.8,22.2,16.6,34.9,5.1,20,12.06,32.2,39.0,93,27,0x02,0,0x0000,0x00000000,0x00000000,95,READY_TO_DRIVE
309618,23.9,23.6,18.0,37.9,5.6,19,12.05,32.1,39.6,93,27,0x02,0,0x0000,0x00000000,0x00000000,98,READY_TO_DRIVE
309718,24.8,25.2,19.3,40.6,6.0,20,12.12,32.1,39.6,93,27,0x02,0,0x0000,0x00000000,0x00000000,98,READY_TO_DRIVE
309820,23.6,23.4,17.8,37.3,5.8,20,12.16,32.1,40.4,93,27,0x02,0,0x0000,0x00000000,0x00000000,100,READY_TO_DRIVE
309920,22.2,21.7,16.1,33.7,4.9,19,12.27,32.1,40.4,93,27,0x02,0,0x0000,0x00000000,0x00000000,100,READY_TO_DRIVE
310021,21.1,20.6,14.9,31.3,4.7,19,12.32,31.9,40.0,93,27,0x02,0,0x0000,0x00000000,0x00000000,100,READY_TO_DRIVE
310133,20.8,20.3,14.6,30.6,4.5,20,12.1,31.9,40.0,93,27,0x02,0,0x0000,0x00000000,0x00000000,100,READY_TO_DRIVE
310233,20.8,20.8,14.8,31.1,4.4,19,12.1,31.9,40.0,93,27,0x02,0,0x0000,0x00000000,0x00000000,100,READY_TO_DRIVE
310335,21.2,21.4,15.4,32.3,4.5,19,12.02,31.9,39.6,93,27,0x02,0,0x0000,0x00000000,0x00000000,98,READY_TO_DRIVE
310435,22.7,24.8,18.0,37.8,5.5,20,12.02,31.8,39.6,93,27,0x02,0,0x0000,0x00000000,0x00000000,98,READY_TO_DRIVE
310535,22.7,24.8,18.0,37.8,5.4,19,12.02,31.8,39.6,93,27,0x02,0,0x0000,0x00000000,0x00000000,98,READY_TO_DRIVE
310638,20.8,22.0,15.5,32.5,5.1,19,12.02,31.8,39.5,93,27,0x02,0,0x0000,0x00000000,0x00000000,97,READY_TO_DRIVE
310738,19.7,21.2,14.5,30.4,4.3,19,12.14,31.8,39.5,93,27,0x02,0,0x0000,0x00000000,0x00000000,97,READY_TO_DRIVE
310838,18.4,18.8,12.5,26.3,3.6,18,12.14,31.7,39.9,93,27,0x02,0,0x0000,0x00000000,0x00000000,99,READY_TO_DRIVE
310939,18.1,18.3,12.1,25.3,3.4,18,12.21,31.7,39.9,93,27,0x02,0,0x0000,0x00000000,0x00000000,99,READY_TO_DRIVE
311039,17.9,18.3,12.0,25.1,3.4,18,12.12,31.7,39.8,93,27,0x02,0,0x0000,0x00000000,0x00000000,99,READY_TO_DRIVE
311140,18.5,18.6,12.5,26.2,3.4,18,12.28,31.7,39.8,93,27,0x02,0,0x0000,0x00000000,0x00000000,99,READY_TO_DRIVE
311240,18.9,19.7,13.2,27.8,3.7,18,12.27,31.6,39.8,93,27,0x02,0,0x0000,0x00000000,0x00000000,99,READY_TO_DRIVE
311340,18.9,19.7,13.2,27.8,3.7,18,11.94,31.6,39.8,93,27,0x02,0,0x0000,0x00000000,0x00000000,99,READY_TO_DRIVE
311450,21.2,21.3,15.3,32.1,4.3,18,11.94,31.6,39.8,93,27,0x02,0,0x0000,0x00000000,0x00000000,99,READY_TO_DRIVE
311560,25.1,24.9,19.4,40.6,5.4,18,12.1,31.6,39.8,93,27,0x02,0,0x0000,0x00000000,0x00000000,99,READY_TO_DRIVE
311660,25.4,25.0,19.6,41.2,5.2,17,12.08,31.5,39.8,93,27,0x02,0,0x0000,0x00000000,0x00000000,99,READY_TO_DRIVE
311760,35.9,36.4,31.4,65.9,8.9,19,12.08,31.5,39.8,93,27,0x02,0,0x0000,0x00000000,0x00000000,99,READY_TO_DRIVE
311872,40.0,40.6,35.8,75.1,10.3,19,12.08,31.5,39.8,93,27,0x02,0,0x0000,0x00000000,0x00000000,99,READY_TO_DRIVE
311972,40.7,41.8,36.8,77.4,11.2,19,12.08,31.5,39.8,93,27,0x02,0,0x0000,0x00000000,0x00000000,99,READY_TO_DRIVE
312077,42.0,41.6,37.4,78.5,13.2,22,12.11,31.5,39.1,93,27,0x02,0,0x0000,0x00000000,0x00000000,95,READY_TO_DRIVE
312177,35.7,37.1,31.6,66.4,9.4,20,12.11,31.5,39.1,93,27,0x02,0,0x0000,0x00000000,0x00000000,95,READY_TO_DRIVE
312286,35.9,35.8,31.0,65.1,10.8,20,12.19,31.5,41.8,93,27,0x02,0,0x0000,0x00000000,0x00000000,100,READY_TO_DRIVE
312386,34.0,35.2,29.7,62.3,10.3,22,12.1,31.5,41.8,93,27,0x02,0,0x0000,0x00000000,0x00000000,100,READY_TO_DRIVE
312486,31.6,32.2,26.8,56.2,9.0,21,12.07,32.2,39.9,93,27,0x02,0,0x0000,0x00000000,0x00000000,99,READY_TO_DRIVE
312586,37.0,37.6,32.6,68.5,11.3,22,12.16,32.3,39.9,93,27,0x02,0,0x0000,0x00000000,0x00000000,99,READY_TO_DRIVE
312688,40.3,40.8,36.1,75.8,11.2,21,12.1,32.3,39.9,93,27,0x02,0,0x0000,0x00000000,0x00000000,99,READY_TO_DRIVE
312788,47.3,47.1,43.2,90.8,14.6,22,12.1,32.3,39.9,93,27,0x02,0,0x0000,0x00000000,0x00000000,99,READY_TO_DRIVE
312889,49.1,51.1,46.3,97.3,17.6,24,12.1,32.3,39.9,93,27,0x02,0,0x0000,0x00000000,0x00000000,99,READY_TO_DRIVE
312989,45.8,47.8,42.8,89.9,18.0,24,12.16,32.3,39.9,93,27,0x02,0,0x0000,0x00000000,0x00000000,99,READY_TO_DRIVE
313089,45.1,47.0,42.0,88.1,16.7,25,12.17,32.7,39.9,93,27,0x02,0,0x0000,0x00000000,0x00000000,99,READY_TO_DRIVE
313190,50.3,53.9,48.5,101.9,19.5,25,12.09,32.7,39.9,93,27,0x02,0,0x0000,0x00000000,0x00000000,99,READY_TO_DRIVE
313290,52.4,54.5,49.9,104.9,20.8,26,12.09,32.7,39.9,93,27,0x02,0,0x0000,0x00000000,0x00000000,99,READY_TO_DRIVE
313390,52.8,54.4,50.1,105.2,21.5,27,12.12,33.1,39.9,93,27,0x02,0,0x0000,0x00000000,0x00000000,99,READY_TO_DRIVE
313492,46.8,47.1,42.9,90.2,21.2,28,12.12,33.3,39.9,93,27,0x02,0,0x0000,0x00000000,0x00000000,99,READY_TO_DRIVE
313598,42.7,43.6,38.8,81.6,17.5,29,12.12,33.3,39.8,93,27,0x02,0,0x0000,0x00000000,0x00000000,99,READY_TO_DRIVE
313701,49.5,51.5,46.8,98.2,19.9,29,12.1,33.5,40.3,93,27,0x02,0,0x0000,0x00000000,0x00000000,100,READY_TO_DRIVE
313802,59.4,62.2,57.9,121.6,26.9,30,12.1,33.5,40.3,93,27,0x02,0,0x0000,0x00000000,0x00000000,100,READY_TO_DRIVE
313902,52.0,54.7,49.8,104.6,27.7,31,12.1,33.5,39.6,93,27,0x02,0,0x0000,0x00000000,0x00000000,98,READY_TO_DRIVE
314002,35.0,35.1,30.2,63.4,20.0,32,12.09,33.5,39.6,93,27,0x02,0,0x0000,0x00000000,0x00000000,98,READY_TO_DRIVE
314102,14.6,14.7,8.3,17.4,5.5,32,11.99,34.0,40.0,93,27,0x02,0,0x0000,0x00000000,0x00000000,100,READY_TO_DRIVE
314202,9.0,8.7,2.0,4.1,1.0,31,12.03,34.0,40.0,93,27,0x02,0,0x0000,0x00000000,0x00000000,100,READY_TO_DRIVE
314310,8.4,8.3,1.5,3.1,0.6,32,12.21,34.1,40.3,93,27,0x02,0,0x0000,0x00000000,0x00000000,100,READY_TO_DRIVE
314410,8.1,8.3,1.3,2.7,0.5,31,12.66,34.0,40.0,93,27,0x02,0,0x0000,0x00000000,0x00000000,100,READY_TO_DRIVE
314510,7.6,5.9,0.0,0.0,0.5,31,12.66,33.9,40.0,93,27,0x02,0,0x0000,0x00000000,0x00000000,100,READY_TO_DRIVE
314610,8.9,7.6,1.4,2.9,0.3,31,12.66,33.9,40.0,93,27,0x02,0,0x0000,0x00000000,0x00000000,100,READY_TO_DRIVE
314711,36.1,36.9,31.7,66.6,6.1,30,12.22,33.9,40.0,93,27,0x02,0,0x0000,0x00000000,0x00000000,100,READY_TO_DRIVE
314814,52.5,54.9,50.2,105.4,21.1,31,12.24,33.9,40.0,93,27,0x02,0,0x0000,0x00000000,0x00000000,100,READY_TO_DRIVE
314914,61.8,64.1,60.2,126.4,31.5,33,12.09,33.9,40.0,93,27,0x02,0,0x0000,0x00000000,0x00000000,100,READY_TO_DRIVE
315016,77.3,80.3,77.2,162.1,30.8,35,12.09,33.9,40.0,93,27,0x02,0,0x0000,0x00000000,0x00000000,100,READY_TO_DRIVE
315118,78.7,82.6,79.2,166.3,42.2,35,12.35,33.9,40.0,93,27,0x02,0,0x0000,0x00000000,0x00000000,100,READY_TO_DRIVE
315218,87.0,91.4,88.4,185.6,51.6,38,11.99,33.9,40.0,93,27,0x02,0,0x0000,0x00000000,0x00000000,100,READY_TO_DRIVE
315319,87.9,91.5,88.9,186.8,51.7,39,12.1,33.5,39.4,93,27,0x02,0,0x0000,0x00000000,0x00000000,97,READY_TO_DRIVE
315425,52.8,54.7,50.3,105.5,30.5,46,12.1,33.5,39.4,93,27,0x02,0,0x0000,0x00000000,0x00000000,97,READY_TO_DRIVE
315541,20.7,18.7,13.7,28.7,10.7,39,12.1,33.5,39.4,93,27,0x02,0,0x0000,0x00000000,0x00000000,97,READY_TO_DRIVE
315650,12.6,10.4,4.8,10.1,3.8,38,12.1,34.5,39.5,93,27,0x02,0,0x0000,0x00000000,0x00000000,97,READY_TO_DRIVE
315752,12.2,10.3,4.6,9.6,2.6,36,12.1,34.5,39.6,93,27,0x02,0,0x0000,0x00000000,0x00000000,98,READY_TO_DRIVE
315864,8.7,8.5,1.7,3.6,1.2,34,12.1,34.5,39.6,93,27,0x02,0,0x0000,0x00000000,0x00000000,98,READY_TO_DRIVE
315964,8.5,9.2,2.0,4.3,0.5,33,11.99,34.5,39.6,93,27,0x02,0,0x0000,0x00000000,0x00000000,98,READY_TO_DRIVE
316066,9.3,11.6,3.7,7.7,1.9,35,12.01,34.5,39.6,93,27,0x02,0,0x0000,0x00000000,0x00000000,98,READY_TO_DRIVE
316167,14.1,11.0,6.0,12.5,2.1,33,12.11,34.5,40.4,93,27,0x02,0,0x0000,0x00000000,0x00000000,100,READY_TO_DRIVE
316268,22.9,21.0,16.1,33.8,2.6,36,12.11,34.5,40.4,93,27,0x02,0,0x0000,0x00000000,0x00000000,100,READY_TO_DRIVE
316380,24.5,27.2,20.3,42.6,11.6,35,12.11,33.8,40.4,93,27,0x02,0,0x0000,0x00000000,0x00000000,100,READY_TO_DRIVE
316480,27.4,29.8,23.2,48.8,12.0,34,12.21,33.8,40.4,93,27,0x02,0,0x0000,0x00000000,0x00000000,100,READY_TO_DRIVE
316580,25.7,26.7,20.7,43.4,12.5,34,12.21,33.3,40.4,93,27,0x02,0,0x0000,0x00000000,0x00000000,100,READY_TO_DRIVE
316681,16.4,19.6,11.8,24.9,10.3,32,12.21,33.3,40.2,93,27,0x02,0,0x0000,0x00000000,0x00000000,100,READY_TO_DRIVE
316792,10.3,10.3,3.6,7.5,3.1,32,12.21,33.3,40.2,93,27,0x02,0,0x0000,0x00000000,0x00000000,100,READY_TO_DRIVE
316892,4.2,5.0,0.0,0.0,-0.1,31,12.32,32.9,39.5,93,27,0x02,0,0x0000,0x00000000,0x00000000,97,READY_TO_DRIVE
316992,5.9,4.6,0.0,0.0,0.0,32,12.19,32.8,39.5,93,27,0x02,0,0x0000,0x00000000,0x00000000,97,READY_TO_DRIVE
317092,6.0,4.6,0.0,0.0,0.0,30,12.01,32.7,40.3,93,27,0x02,0,0x0000,0x00000000,0x00000000,100,READY_TO_DRIVE
317192,5.7,4.6,0.0,0.0,0.0,30,11.97,32.7,40.3,93,27,0x02,0,0x0000,0x00000000,0x00000000,100,READY_TO_DRIVE
317292,5.9,4.6,0.0,0.0,0.1,30,12.11,32.4,40.2,93,27,0x02,0,0x0000,0x00000000,0x00000000,100,READY_TO_DRIVE
317395,5.9,4.6,0.0,0.0,0.0,28,12.11,32.4,40.2,93,27,0x02,0,0x0000,0x00000000,0x00000000,100,READY_TO_DRIVE
317495,5.6,4.6,0.0,0.0,-0.1,29,12.11,32.3,40.2,93,27,0x02,0,0x0000,0x00000000,0x00000000,100,READY_TO_DRIVE
317599,5.4,4.6,0.0,0.0,-0.1,28,12.1,32.2,40.2,93,27,0x02,0,0x0000,0x00000000,0x00000000,100,READY_TO_DRIVE
317699,5.7,4.7,0.0,0.0,0.0,27,12.1,32.2,39.9,93,27,0x02,0,0x0000,0x00000000,0x00000000,99,READY_TO_DRIVE
317799,5.2,4.7,0.0,0.0,0.0,27,12.08,32.2,38.1,93,27,0x02,0,0x0000,0x00000000,0x00000000,90,READY_TO_DRIVE
317899,4.9,4.8,0.0,0.0,0.0,26,12.23,32.2,40.3,93,27,0x02,0,0x0000,0x00000000,0x00000000,100,READY_TO_DRIVE
317999,5.7,4.7,0.0,0.0,0.0,25,12.23,31.8,40.3,93,27,0x02,0,0x0000,0x00000000,0x00000000,100,READY_TO_DRIVE
318099,5.5,4.7,0.0,0.0,0.0,25,12.07,31.8,40.3,93,27,0x02,0,0x0000,0x00000000,0x00000000,100,READY_TO_DRIVE
318199,5.5,4.5,0.0,0.0,-0.1,24,12.07,31.8,40.4,93,27,0x02,0,0x0000,0x00000000,0x00000000,100,READY_TO_DRIVE
318311,8.2,6.6,0.4,0.9,0.2,23,11.88,31.6,39.1,93,27,0x02,0,0x0000,0x00000000,0x00000000,95,READY_TO_DRIVE
318411,13.0,11.6,5.7,12.0,1.8,23,11.88,31.6,39.1,93,27,0x02,0,0x0000,0x00000000,0x00000000,95,READY_TO_DRIVE
318512,13.8,13.1,7.0,14.6,2.5,22,12.14,31.6,39.1,93,27,0x02,0,0x0000,0x00000000,0x00000000,95,READY_TO_DRIVE
318612,17.6,16.6,10.8,22.8,3.3,22,12.23,31.6,39.1,93,27,0x02,0,0x0000,0x00000000,0x00000000,95,READY_TO_DRIVE
318712,23.1,21.9,16.7,35.0,5.5,21,12.04,31.6,39.1,93,27,0x02,0,0x0000,0x00000000,0x00000000,95,READY_TO_DRIVE
318816,33.3,32.7,27.9,58.7,9.9,22,12.13,31.6,39.8,93,27,0x02,0,0x0000,0x00000000,0x00000000,99,READY_TO_DRIVE
318918,31.2,30.0,25.4,53.4,9.4,22,11.91,31.6,39.8,93,27,0x02,0,0x0000,0x00000000,0x00000000,99,READY_TO_DRIVE
319019,25.7,24.2,19.3,40.5,8.2,22,11.95,31.6,39.9,93,27,0x02,0,0x0000,0x00000000,0x00000000,99,READY_TO_DRIVE
319119,14.4,11.8,6.6,13.8,2.1,21,11.95,31.6,39.9,93,27,0x02,0,0x0000,0x00000000,0x00000000,99,READY_TO_DRIVE
319219,10.4,7.3,2.0,4.2,0.4,20,12.14,31.6,40.6,93,27,0x02,0,0x0000,0x00000000,0x00000000,100,READY_TO_DRIVE
319319,9.9,7.2,1.7,3.6,0.5,20,12.13,31.5,40.2,93,27,0x02,0,0x0000,0x00000000,0x00000000,100,READY_TO_DRIVE
319419,10.0,8.2,2.3,4.8,0.5,20,12.08,31.5,40.8,93,27,0x02,0,0x0000,0x00000000,0x00000000,100,READY_TO_DRIVE
319520,22.1,21.1,15.7,32.9,3.7,20,12.08,31.5,40.8,93,27,0x02,0,0x0000,0x00000000,0x00000000,100,READY_TO_DRIVE
319620,24.2,23.2,17.9,37.7,5.3,19,11.95,31.5,39.4,93,27,0x02,0,0x0000,0x00000000,0x00000000,97,READY_TO_DRIVE
319720,23.9,23.1,17.7,37.2,5.5,19,12.18,31.6,39.4,93,27,0x02,0,0x0000,0x00000000,0x00000000,97,READY_TO_DRIVE
319824,22.1,20.5,15.4,32.4,4.9,19,12.3,31.6,39.4,93,27,0x02,0,0x0000,0x00000000,0x00000000,97,READY_TO_DRIVE
319924,19.8,18.4,13.0,27.4,3.8,19,11.98,31.6,39.4,93,27,0x02,0,0x0000,0x00000000,0x00000000,97,READY_TO_DRIVE
320025,16.6,16.0,10.0,21.0,2.8,18,12.05,31.6,39.4,93,27,0x02,0,0x0000,0x00000000,0x00000000,97,READY_TO_DRIVE
320126,17.6,16.0,10.5,22.1,3.0,18,12.05,31.6,39.4,93,27,0x02,0,0x0000,0x00000000,0x00000000,97,READY_TO_DRIVE
320227,17.8,16.0,10.7,22.4,3.0,18,11.97,31.6,40.3,93,27,0x02,0,0x0000,0x00000000,0x00000000,100,READY_TO_DRIVE
320329,17.7,16.0,10.6,22.2,2.8,18,12.05,31.6,40.3,93,27,0x02,0,0x0000,0x00000000,0x00000000,100,READY_TO_DRIVE
320429,18.4,18.4,12.3,25.8,3.3,18,12.04,31.7,40.0,93,27,0x02,0,0x0000,0x00000000,0x00000000,100,READY_TO_DRIVE
320529,18.3,18.9,12.5,26.2,3.3,17,12.11,31.7,39.8,93,27,0x02,0,0x0000,0x00000000,0x00000000,99,READY_TO_DRIVE
320629,18.8,18.9,12.7,26.7,3.4,17,12.56,31.7,40.3,93,27,0x02,0,0x0000,0x00000000,0x00000000,100,READY_TO_DRIVE
320729,19.6,20.7,14.1,29.7,3.8,17,12.14,31.7,40.3,93,27,0x02,0,0x0000,0x00000000,0x00000000,100,READY_TO_DRIVE
320830,21.9,23.9,17.1,35.9,4.4,17,12.14,31.8,40.3,93,27,0x02,0,0x0000,0x00000000,0x00000000,100,READY_TO_DRIVE
320930,22.0,24.0,17.2,36.1,4.5,17,12.03,31.8,40.3,93,27,0x02,0,0x0000,0x00000000,0x00000000,100,READY_TO_DRIVE
321030,22.0,24.0,17.2,36.2,4.5,17,12.22,31.8,40.8,93,27,0x02,0,0x0000,0x00000000,0x00000000,100,READY_TO_DRIVE
321130,25.0,27.4,20.6,43.3,5.2,17,12.22,31.8,40.8,93,27,0x02,0,0x0000,0x00000000,0x00000000,100,READY_TO_DRIVE
321232,26.6,27.4,21.5,45.2,5.8,17,12.14,31.7,40.8,93,27,0x02,0,0x0000,0x00000000,0x00000000,100,READY_TO_DRIVE
321332,25.9,26.6,20.7,43.5,5.7,16,12.14,31.7,40.8,93,27,0x02,0,0x0000,0x00000000,0x00000000,100,READY_TO_DRIVE
321433,22.7,22.6,16.8,35.3,4.4,16,12.1,31.6,39.8,93,27,0x02,0,0x0000,0x00000000,0x00000000,99,READY_TO_DRIVE
321533,19.0,18.3,12.5,26.3,4.1,16,12.1,31.6,39.8,93,27,0x02,0,0x0000,0x00000000,0x00000000,99,READY_TO_DRIVE
321633,11.1,9.2,3.4,7.1,0.7,16,12.17,31.6,40.7,93,27,0x02,0,0x0000,0x00000000,0x00000000,100,READY_TO_DRIVE
321733,10.5,9.6,3.3,6.9,0.7,16,12.04,31.7,40.3,93,27,0x02,0,0x0000,0x00000000,0x00000000,100,READY_TO_DRIVE
321833,10.6,9.6,3.3,7.0,0.7,15,11.97,31.7,40.4,93,27,0x02,0,0x0000,0x00000000,0x00000000,100,READY_TO_DRIVE
321933,10.7,9.9,3.5,7.4,0.8,15,12.28,31.7,42.7,93,27,0x02,0,0x0000,0x00000000,0x00000000,100,READY_TO_DRIVE
322038,14.5,13.7,7.6,16.0,1.7,14,12.21,31.6,40.7,93,27,0x02,0,0x0000,0x00000000,0x00000000,100,READY_TO_DRIVE
322138,16.7,15.7,9.8,20.7,2.0,14,12.1,31.6,40.7,93,27,0x02,0,0x0000,0x00000000,0x00000000,100,READY_TO_DRIVE
322238,16.6,15.7,9.9,20.7,2.0,14,12.01,31.6,40.3,93,27,0x02,0,0x0000,0x00000000,0x00000000,100,READY_TO_DRIVE
322338,16.6,15.6,9.8,20.6,2.0,14,12.35,31.6,40.6,93,27,0x02,0,0x0000,0x00000000,0x00000000,100,READY_TO_DRIVE
322438,16.7,15.6,9.9,20.7,2.0,13,11.98,31.7,40.6,93,27,0x02,0,0x0000,0x00000000,0x00000000,100,READY_TO_DRIVE
322539,16.7,15.6,9.8,20.6,2.0,13,12.08,31.7,40.4,93,27,0x02,0,0x0000,0x00000000,0x00000000,100,READY_TO_DRIVE
322642,18.1,16.5,11.1,23.3,2.0,13,12.08,31.7,40.4,93,27,0x02,0,0x0000,0x00000000,0x00000000,100,READY_TO_DRIVE
322746,18.5,17.0,11.5,24.2,2.2,13,12.06,31.7,40.6,93,27,0x02,0,0x0000,0x00000000,0x00000000,100,READY_TO_DRIVE
322846,19.0,17.8,12.3,25.8,2.3,13,12.07,31.6,40.6,93,27,0x02,0,0x0000,0x00000000,0x00000000,100,READY_TO_DRIVE
322946,23.1,21.8,16.6,34.9,3.2,13,11.94,31.6,40.6,93,27,0x02,0,0x0000,0x00000000,0x00000000,100,READY_TO_DRIVE
323046,23.2,22.0,16.8,35.3,3.2,12,12.13,31.7,40.2,93,27,0x02,0,0x0000,0x00000000,0x00000000,100,READY_TO_DRIVE
323146,23.2,22.1,16.8,35.3,3.2,12,12.04,31.7,40.3,93,27,0x02,0,0x0000,0x00000000,0x00000000,100,READY_TO_DRIVE
323247,23.4,22.1,16.9,35.5,3.2,12,12.13,31.4,40.3,93,27,0x02,0,0x0000,0x00000000,0x00000000,100,READY_TO_DRIVE
323347,23.1,22.1,16.8,35.2,3.2,12,12.08,31.4,40.3,93,27,0x02,0,0x0000,0x00000000,0x00000000,100,READY_TO_DRIVE
323447,23.1,22.1,16.7,35.2,3.1,12,12.23,31.7,40.6,93,27,0x02,0,0x0000,0x00000000,0x00000000,100,READY_TO_DRIVE
323547,22.9,22.1,16.6,35.0,3.1,12,12.02,31.7,40.6,93,27,0x02,0,0x0000,0x00000000,0x00000000,100,READY_TO_DRIVE
323647,23.2,22.5,17.0,35.8,3.1,12,11.9,31.7,40.6,93,27,0x02,0,0x0000,0x00000000,0x00000000,100,READY_TO_DRIVE
323747,23.7,22.7,17.4,36.6,3.1,12,12.17,31.7,40.6,93,27,0x02,0,0x0000,0x00000000,0x00000000,100,READY_TO_DRIVE
323848,24.4,23.6,18.3,38.3,3.2,12,12.17,31.7,40.7,93,27,0x02,0,0x0000,0x00000000,0x00000000,100,READY_TO_DRIVE
323948,26.2,25.5,20.3,42.6,3.5,12,12.21,31.7,40.2,93,27,0x02,0,0x0000,0x00000000,0x00000000,100,READY_TO_DRIVE
324049,26.5,26.0,20.7,43.5,3.8,12,12.14,31.7,40.2,93,27,0x02,0,0x0000,0x00000000,0x00000000,100,READY_TO_DRIVE
324149,26.6,26.0,20.8,43.6,3.7,12,12.08,31.9,40.2,93,27,0x02,0,0x0000,0x00000000,0x00000000,100,READY_TO_DRIVE
324249,26.7,26.0,20.8,43.7,3.8,12,12.18,31.7,40.2,93,27,0x02,0,0x0000,0x00000000,0x00000000,100,READY_TO_DRIVE
324352,23.0,21.7,16.5,34.7,3.0,12,12.18,31.7,40.2,93,27,0x02,0,0x0000,0x00000000,0x00000000,100,READY_TO_DRIVE
324452,23.4,21.6,16.7,35.0,3.0,12,12.14,31.7,40.6,93,27,0x02,0,0x0000,0x00000000,0x00000000,100,READY_TO_DRIVE
324553,23.2,21.6,16.6,34.8,2.9,11,12.07,31.8,40.6,93,27,0x02,0,0x0000,0x00000000,0x00000000,100,READY_TO_DRIVE
324654,23.5,21.6,16.7,35.1,2.9,11,12.03,31.8,40.6,93,27,0x02,0,0x0000,0x00000000,0x00000000,100,READY_TO_DRIVE
324754,23.1,21.2,16.3,34.3,2.9,11,12.16,31.8,40.6,93,27,0x02,0,0x0000,0x00000000,0x00000000,100,READY_TO_DRIVE
324856,21.0,19.1,14.0,29.5,2.7,11,12.12,31.8,40.6,93,27,0x02,0,0x0000,0x00000000,0x00000000,100,READY_TO_DRIVE
324956,20.7,18.8,13.7,28.8,2.3,11,12.31,31.8,40.6,93,27,0x02,0,0x0000,0x00000000,0x00000000,100,READY_TO_DRIVE
325058,19.5,17.6,12.4,26.1,2.2,11,12.24,31.8,40.6,93,27,0x02,0,0x0000,0x00000000,0x00000000,100,READY_TO_DRIVE
325158,18.0,16.1,10.8,22.7,1.7,11,12.11,31.9,40.3,93,27,0x02,0,0x0000,0x00000000,0x00000000,100,READY_TO_DRIVE
325258,18.0,16.1,10.8,22.7,1.6,10,12.12,31.9,40.3,93,27,0x02,0,0x0000,0x00000000,0x00000000,100,READY_TO_DRIVE
325362,18.0,16.1,10.8,22.8,1.6,10,12.01,31.9,40.8,93,27,0x02,0,0x0000,0x00000000,0x00000000,100,READY_TO_DRIVE
325462,17.9,15.7,10.5,22.1,1.5,10,12.01,31.9,40.4,93,27,0x02,0,0x0000,0x00000000,0x00000000,100,READY_TO_DRIVE
325563,17.9,15.7,10.6,22.2,1.5,10,12.21,31.9,40.7,93,27,0x02,0,0x0000,0x00000000,0x00000000,100,READY_TO_DRIVE
325669,17.9,15.7,10.6,22.2,1.5,9,12.14,31.9,40.7,93,27,0x02,0,0x0000,0x00000000,0x00000000,100,READY_TO_DRIVE
325769,17.9,16.5,10.9,23.0,1.4,9,12.11,31.9,40.7,93,27,0x02,0,0x0000,0x00000000,0x00000000,100,READY_TO_DRIVE
325869,19.3,18.4,12.8,26.8,1.7,9,12.04,31.8,41.0,93,27,0x02,0,0x0000,0x00000000,0x00000000,100,READY_TO_DRIVE
325969,19.3,18.4,12.8,26.8,1.7,9,12.22,31.8,40.4,93,27,0x02,0,0x0000,0x00000000,0x00000000,100,READY_TO_DRIVE
326069,19.3,18.4,12.8,26.8,1.6,9,12.31,31.8,40.3,93,27,0x02,0,0x0000,0x00000000,0x00000000,100,READY_TO_DRIVE
326169,19.5,18.7,13.0,27.3,1.6,9,12.07,31.8,40.7,93,27,0x02,0,0x0000,0x00000000,0x00000000,100,READY_TO_DRIVE
326274,19.5,18.7,13.0,27.3,1.6,8,12.07,31.8,40.7,93,27,0x02,0,0x0000,0x00000000,0x00000000,100,READY_TO_DRIVE
326374,19.6,18.7,13.1,27.5,1.6,8,11.99,31.8,41.0,93,27,0x02,0,0x0000,0x00000000,0x00000000,100,READY_TO_DRIVE
326474,20.0,19.6,13.8,28.9,1.6,8,12.13,31.8,40.7,93,27,0x02,0,0x0000,0x00000000,0x00000000,100,READY_TO_DRIVE
326574,20.2,19.8,14.0,29.4,1.7,8,12.18,31.8,40.7,93,27,0x02,0,0x0000,0x00000000,0x00000000,100,READY_TO_DRIVE
326674,20.1,19.8,13.9,29.2,1.6,8,12.14,31.8,40.3,93,27,0x02,0,0x0000,0x00000000,0x00000000,100,READY_TO_DRIVE
326774,20.2,19.9,14.0,29.5,1.6,8,12.11,31.8,40.4,93,27,0x02,0,0x0000,0x00000000,0x00000000,100,READY_TO_DRIVE
326874,20.3,19.8,14.0,29.5,1.6,8,12.14,31.8,40.4,93,27,0x02,0,0x0000,0x00000000,0x00000000,100,READY_TO_DRIVE
326975,20.2,19.7,13.9,29.3,1.6,8,12.2,31.8,40.4,93,27,0x02,0,0x0000,0x00000000,0x00000000,100,READY_TO_DRIVE
327075,20.2,19.1,13.6,28.6,1.5,8,12.05,31.8,40.3,93,27,0x02,0,0x0000,0x00000000,0x00000000,100,READY_TO_DRIVE
327175,20.2,19.1,13.6,28.6,1.4,7,12.05,31.8,40.3,93,27,0x02,0,0x0000,0x00000000,0x00000000,100,READY_TO_DRIVE
327275,20.2,19.1,13.6,28.5,1.5,7,12.03,31.8,40.3,93,27,0x02,0,0x0000,0x00000000,0x00000000,100,READY_TO_DRIVE
327375,20.2,19.1,13.6,28.6,1.4,7,12.12,31.8,40.3,93,27,0x02,0,0x0000,0x00000000,0x00000000,100,READY_TO_DRIVE
327475,20.2,19.0,13.6,28.5,1.4,7,12.05,31.8,40.3,93,27,0x02,0,0x0000,0x00000000,0x00000000,100,READY_TO_DRIVE
327575,20.3,19.0,13.6,28.5,1.3,7,12.04,31.8,40.3,93,27,0x02,0,0x0000,0x00000000,0x00000000,100,READY_TO_DRIVE
327675,20.2,19.0,13.6,28.5,1.3,7,12.13,31.8,40.4,93,27,0x02,0,0x0000,0x00000000,0x00000000,100,READY_TO_DRIVE
327775,20.1,19.0,13.5,28.4,1.3,7,12.17,31.8,40.6,93,27,0x02,0,0x0000,0x00000000,0x00000000,100,READY_TO_DRIVE
327875,20.2,19.0,13.6,28.5,1.3,7,12.08,31.8,40.8,93,27,0x02,0,0x0000,0x00000000,0x00000000,100,READY_TO_DRIVE
327975,20.1,19.0,13.5,28.4,1.2,6,12.09,31.8,40.8,93,27,0x02,0,0x0000,0x00000000,0x00000000,100,READY_TO_DRIVE
328075,20.2,19.0,13.6,28.5,1.2,6,12.49,31.8,41.0,93,27,0x02,0,0x0000,0x00000000,0x00000000,100,READY_TO_DRIVE
328175,20.2,19.0,13.5,28.4,1.2,6,11.98,31.8,40.3,93,27,0x02,0,0x0000,0x00000000,0x00000000,100,READY_TO_DRIVE
328276,20.2,19.0,13.5,28.4,1.1,6,12.03,31.9,40.7,93,27,0x02,0,0x0000,0x00000000,0x00000000,100,READY_TO_DRIVE
328376,20.3,19.0,13.6,28.5,1.2,6,12.05,31.8,40.7,93,27,0x02,0,0x0000,0x00000000,0x00000000,100,READY_TO_DRIVE
328476,20.2,19.0,13.6,28.5,1.1,6,12.02,31.8,40.7,93,27,0x02,0,0x0000,0x00000000,0x00000000,100,READY_TO_DRIVE
328577,20.3,19.0,13.6,28.6,1.0,6,12.13,31.8,40.7,93,27,0x02,0,0x0000,0x00000000,0x00000000,100,READY_TO_DRIVE
328677,20.0,18.3,13.1,27.4,1.1,5,12.08,31.8,40.6,93,27,0x02,0,0x0000,0x00000000,0x00000000,100,READY_TO_DRIVE
328780,19.9,18.2,13.0,27.3,0.9,5,12.45,31.8,40.7,93,27,0x02,0,0x0000,0x00000000,0x00000000,100,READY_TO_DRIVE
328880,19.7,18.1,12.8,26.9,0.8,5,11.96,31.8,40.6,93,27,0x02,0,0x0000,0x00000000,0x00000000,100,READY_TO_DRIVE
328980,19.3,17.6,12.3,25.8,0.9,5,11.96,31.8,40.6,93,27,0x02,0,0x0000,0x00000000,0x00000000,100,READY_TO_DRIVE
329080,19.3,17.5,12.3,25.8,0.9,5,12.02,31.8,40.2,93,27,0x02,0,0x0000,0x00000000,0x00000000,100,READY_TO_DRIVE
329180,19.3,17.6,12.3,25.8,0.8,5,12.03,31.8,40.3,93,27,0x02,0,0x0000,0x00000000,0x00000000,100,READY_TO_DRIVE
329281,19.3,17.5,12.2,25.7,0.7,5,11.99,31.9,40.0,93,27,0x02,0,0x0000,0x00000000,0x00000000,100,READY_TO_DRIVE
329382,19.4,17.5,12.3,25.9,0.7,4,11.91,31.9,40.0,93,27,0x02,0,0x0000,0x00000000,0x00000000,100,READY_TO_DRIVE
329482,19.4,17.5,12.3,25.8,0.6,4,12.17,31.9,40.6,93,27,0x02,0,0x0000,0x00000000,0x00000000,100,READY_TO_DRIVE
329582,19.4,17.5,12.3,25.8,0.6,4,12.08,31.9,41.0,93,27,0x02,0,0x0000,0x00000000,0x00000000,100,READY_TO_DRIVE
329684,19.4,17.5,12.3,25.9,0.6,4,12.05,31.9,41.0,93,27,0x02,0,0x0000,0x00000000,0x00000000,100,READY_TO_DRIVE
329786,19.3,18.1,12.6,26.4,0.6,4,12.07,32.0,41.0,93,27,0x02,0,0x0000,0x00000000,0x00000000,100,READY_TO_DRIVE
329886,19.9,19.6,13.7,28.7,0.6,4,12.1,31.9,40.3,93,27,0x02,0,0x0000,0x00000000,0x00000000,100,READY_TO_DRIVE
329986,20.0,19.6,13.8,28.9,0.6,3,11.85,31.9,40.4,93,27,0x02,0,0x0000,0x00000000,0x00000000,100,READY_TO_DRIVE
330089,20.4,20.2,14.3,30.1,0.5,3,12.13,31.8,40.4,93,27,0x02,0,0x0000,0x00000000,0x00000000,100,READY_TO_DRIVE
330189,22.6,22.1,16.5,34.6,0.7,3,12.04,31.8,40.4,93,27,0x02,0,0x0000,0x00000000,0x00000000,100,READY_TO_DRIVE
330289,22.5,22.1,16.5,34.6,0.7,3,12.1,31.8,40.4,93,27,0x02,0,0x0000,0x00000000,0x00000000,100,READY_TO_DRIVE
330389,22.8,22.6,16.9,35.5,0.7,3,11.97,31.8,40.4,93,27,0x02,0,0x0000,0x00000000,0x00000000,100,READY_TO_DRIVE
330489,23.7,23.5,17.8,37.5,0.8,3,12.06,31.9,40.3,93,27,0x02,0,0x0000,0x00000000,0x00000000,100,READY_TO_DRIVE
330590,26.4,26.2,20.7,43.5,0.9,3,12.06,31.9,40.3,93,27,0x02,0,0x0000,0x00000000,0x00000000,100,READY_TO_DRIVE
330690,29.6,29.1,24.1,50.6,1.2,3,12.11,31.9,40.3,93,27,0x02,0,0x0000,0x00000000,0x00000000,100,READY_TO_DRIVE
330790,29.6,29.1,24.0,50.5,1.1,3,12.11,32.0,40.3,93,27,0x02,0,0x0000,0x00000000,0x00000000,100,READY_TO_DRIVE
330891,29.6,29.1,24.0,50.5,1.2,3,12.14,31.9,40.6,93,27,0x02,0,0x0000,0x00000000,0x00000000,100,READY_TO_DRIVE
330991,29.6,29.2,24.1,50.6,1.3,4,12.02,31.9,40.7,93,27,0x02,0,0x0000,0x00000000,0x00000000,100,READY_TO_DRIVE
331091,28.6,27.3,22.5,47.3,1.2,4,12.12,31.9,40.3,93,27,0x02,0,0x0000,0x00000000,0x00000000,100,READY_TO_DRIVE
331194,28.2,26.8,22.1,46.3,1.1,4,12.04,31.9,40.4,93,27,0x02,0,0x0000,0x00000000,0x00000000,100,READY_TO_DRIVE
331294,27.9,26.7,21.9,45.9,1.2,4,12.12,32.0,40.6,93,27,0x02,0,0x0000,0x00000000,0x00000000,100,READY_TO_DRIVE
331396,27.2,26.0,21.0,44.2,1.1,4,11.88,32.1,40.6,93,27,0x02,0,0x0000,0x00000000,0x00000000,100,READY_TO_DRIVE
331496,27.2,25.9,21.0,44.1,1.2,4,12.17,32.1,40.7,93,27,0x02,0,0x0000,0x00000000,0x00000000,100,READY_TO_DRIVE
331597,27.2,25.9,21.0,44.2,1.4,4,12.22,32.1,41.0,93,27,0x02,0,0x0000,0x00000000,0x00000000,100,READY_TO_DRIVE
331697,27.2,26.0,21.1,44.2,1.2,4,12.14,32.2,41.0,93,27,0x02,0,0x0000,0x00000000,0x00000000,100,READY_TO_DRIVE
331797,27.2,26.0,21.1,44.2,1.3,4,11.68,32.2,41.0,93,27,0x02,0,0x0000,0x00000000,0x00000000,100,READY_TO_DRIVE
331902,25.9,24.4,19.5,41.0,1.4,5,12.03,32.2,40.4,93,27,0x02,0,0x0000,0x00000000,0x00000000,100,READY_TO_DRIVE
332004,22.2,20.5,15.4,32.4,1.2,4,12.21,32.3,40.4,93,27,0x02,0,0x0000,0x00000000,0x00000000,100,READY_TO_DRIVE
332104,21.1,19.3,14.2,29.8,0.8,4,12.09,32.3,40.7,93,27,0x02,0,0x0000,0x00000000,0x00000000,100,READY_TO_DRIVE
332204,21.2,19.3,14.2,29.8,0.8,4,12.12,32.3,40.7,93,27,0x02,0,0x0000,0x00000000,0x00000000,100,READY_TO_DRIVE
332304,21.1,19.3,14.2,29.8,0.8,4,12.19,32.3,40.7,93,27,0x02,0,0x0000,0x00000000,0x00000000,100,READY_TO_DRIVE
332406,21.1,19.6,14.3,30.1,0.7,4,12.16,32.3,40.7,93,27,0x02,0,0x0000,0x00000000,0x00000000,100,READY_TO_DRIVE
332506,21.4,20.9,15.2,31.8,0.7,4,12.14,32.3,40.6,93,27,0x02,0,0x0000,0x00000000,0x00000000,100,READY_TO_DRIVE
332606,21.8,21.4,15.7,33.0,0.8,4,12.14,32.3,40.6,93,27,0x02,0,0x0000,0x00000000,0x00000000,100,READY_TO_DRIVE
332706,21.8,21.4,15.7,33.0,0.9,4,12.03,32.3,40.6,93,27,0x02,0,0x0000,0x00000000,0x00000000,100,READY_TO_DRIVE
332806,21.8,21.4,15.7,33.0,0.8,4,12.14,32.2,40.6,93,27,0x02,0,0x0000,0x00000000,0x00000000,100,READY_TO_DRIVE
332906,21.9,21.4,15.7,33.0,0.7,4,11.99,32.2,40.3,93,27,0x02,0,0x0000,0x00000000,0x00000000,100,READY_TO_DRIVE
333006,21.9,21.4,15.7,33.1,0.8,4,12.23,32.2,40.3,93,27,0x02,0,0x0000,0x00000000,0x00000000,100,READY_TO_DRIVE
333108,21.8,21.4,15.7,33.0,0.8,4,12.11,32.2,40.3,93,27,0x02,0,0x0000,0x00000000,0x00000000,100,READY_TO_DRIVE
333208,22.0,21.6,15.9,33.3,0.8,4,12.24,32.2,40.3,93,27,0x02,0,0x0000,0x00000000,0x00000000,100,READY_TO_DRIVE
333308,22.4,22.4,16.5,34.7,0.7,4,12.03,32.2,40.3,93,27,0x02,0,0x0000,0x00000000,0x00000000,100,READY_TO_DRIVE
333408,22.5,22.4,16.6,34.8,0.7,4,12.16,32.2,40.0,93,27,0x02,0,0x0000,0x00000000,0x00000000,100,READY_TO_DRIVE
333508,22.4,22.4,16.6,34.8,0.7,3,12.13,32.1,40.0,93,27,0x02,0,0x0000,0x00000000,0x00000000,100,READY_TO_DRIVE
333609,22.4,22.4,16.5,34.7,0.7,3,12.04,32.1,40.0,93,27,0x02,0,0x0000,0x00000000,0x00000000,100,READY_TO_DRIVE
333709,24.2,24.5,18.7,39.2,0.7,3,12.2,32.1,40.4,93,27,0x02,0,0x0000,0x00000000,0x00000000,100,READY_TO_DRIVE
333809,27.3,27.3,21.8,45.8,0.9,3,12.04,32.1,40.6,93,27,0x02,0,0x0000,0x00000000,0x00000000,100,READY_TO_DRIVE
333911,29.1,28.7,23.6,49.5,1.1,3,12.04,32.1,40.6,93,27,0x02,0,0x0000,0x00000000,0x00000000,100,READY_TO_DRIVE
334011,27.0,25.6,20.8,43.6,0.9,3,12.16,32.1,40.6,93,27,0x02,0,0x0000,0x00000000,0x00000000,100,READY_TO_DRIVE
334111,26.8,25.6,20.6,43.3,0.9,3,12.08,32.2,40.7,93,27,0x02,0,0x0000,0x00000000,0x00000000,100,READY_TO_DRIVE
334211,26.6,25.3,20.4,42.8,0.8,3,12.11,32.2,40.7,93,27,0x02,0,0x0000,0x00000000,0x00000000,100,READY_TO_DRIVE
334311,26.6,25.3,20.4,42.8,0.8,3,11.98,32.2,39.6,93,27,0x02,0,0x0000,0x00000000,0x00000000,98,READY_TO_DRIVE
334411,26.6,25.3,20.4,42.8,0.9,3,12.04,32.2,39.6,93,27,0x02,0,0x0000,0x00000000,0x00000000,98,READY_TO_DRIVE
334511,26.2,24.6,19.8,41.6,0.9,3,12.04,32.2,39.6,93,27,0x02,0,0x0000,0x00000000,0x00000000,98,READY_TO_DRIVE
334611,24.3,22.7,17.7,37.2,0.7,3,12.04,32.3,40.2,93,27,0x02,0,0x0000,0x00000000,0x00000000,100,READY_TO_DRIVE
334711,20.6,18.9,13.7,28.8,0.5,3,12.12,32.3,40.4,93,27,0x02,0,0x0000,0x00000000,0x00000000,100,READY_TO_DRIVE
334812,11.8,9.8,4.1,8.6,0.1,3,12.06,32.3,40.4,93,27,0x02,0,0x0000,0x00000000,0x00000000,100,READY_TO_DRIVE
334912,9.3,7.0,1.2,2.6,0.0,3,12.09,32.3,40.4,93,27,0x02,0,0x0000,0x00000000,0x00000000,100,READY_TO_DRIVE
335012,8.2,6.6,0.4,0.9,0.0,2,12.1,32.3,40.4,93,27,0x02,0,0x0000,0x00000000,0x00000000,100,READY_TO_DRIVE
335112,8.2,6.6,0.4,0.9,0.0,2,12.11,32.3,40.4,93,27,0x02,0,0x0000,0x00000000,0x00000000,100,READY_TO_DRIVE
335212,8.3,6.6,0.5,1.0,0.0,2,12.03,32.1,40.3,93,27,0x02,0,0x0000,0x00000000,0x00000000,100,READY_TO_DRIVE
335313,8.3,6.6,0.5,1.0,0.0,1,12.06,32.1,40.3,93,27,0x02,0,0x0000,0x00000000,0x00000000,100,READY_TO_DRIVE
335413,8.2,6.6,0.4,0.9,0.0,1,12.36,32.1,40.6,93,27,0x02,0,0x0000,0x00000000,0x00000000,100,READY_TO_DRIVE
335513,8.2,6.6,0.4,0.9,0.0,1,12.19,32.1,40.6,93,27,0x02,0,0x0000,0x00000000,0x00000000,100,READY_TO_DRIVE
335616,8.2,6.6,0.4,0.9,0.0,0,12.19,31.9,40.6,93,27,0x02,0,0x0000,0x00000000,0x00000000,100,READY_TO_DRIVE
335716,8.2,6.7,0.5,1.0,0.0,0,12.28,31.9,40.3,93,27,0x02,0,0x0000,0x00000000,0x00000000,100,READY_TO_DRIVE
335818,8.3,6.7,0.5,1.1,0.0,0,12.08,31.9,40.3,93,27,0x02,0,0x0000,0x00000000,0x00000000,100,READY_TO_DRIVE
335918,8.1,6.6,0.4,0.9,0.0,0,12.14,32.0,40.2,93,27,0x02,0,0x0000,0x00000000,0x00000000,100,READY_TO_DRIVE
336018,8.1,6.7,0.4,0.9,0.0,0,12.19,32.1,40.2,93,27,0x02,0,0x0000,0x00000000,0x00000000,100,READY_TO_DRIVE
336118,8.1,6.7,0.4,0.8,0.0,0,12.08,32.1,40.2,93,27,0x02,0,0x0000,0x00000000,0x00000000,100,READY_TO_DRIVE
336218,8.1,6.6,0.4,0.8,0.0,0,12.12,32.1,40.6,93,27,0x02,0,0x0000,0x00000000,0x00000000,100,READY_TO_DRIVE
336318,8.1,6.7,0.4,0.8,0.0,0,12.21,32.2,41.4,93,27,0x02,0,0x0000,0x00000000,0x00000000,100,READY_TO_DRIVE
336418,8.1,6.7,0.4,0.8,0.0,0,12.08,32.2,39.9,93,27,0x02,0,0x0000,0x00000000,0x00000000,99,READY_TO_DRIVE
336518,8.1,6.7,0.4,0.9,0.0,0,12.11,32.2,40.6,93,27,0x02,0,0x0000,0x00000000,0x00000000,100,READY_TO_DRIVE
336619,8.1,6.7,0.4,0.8,0.0,0,12.08,32.0,40.4,93,27,0x02,0,0x0000,0x00000000,0x00000000,100,READY_TO_DRIVE
336719,8.1,6.6,0.4,0.8,0.0,0,12.09,32.1,40.2,93,27,0x02,0,0x0000,0x00000000,0x00000000,100,READY_TO_DRIVE
336819,8.1,6.7,0.4,0.9,0.0,0,12.27,32.2,40.4,93,27,0x02,0,0x0000,0x00000000,0x00000000,100,READY_TO_DRIVE
336921,8.1,6.7,0.4,0.8,0.2,0,12.27,32.2,40.4,93,27,0x02,0,0x0000,0x00000000,0x00000000,100,READY_TO_DRIVE
337021,8.1,6.6,0.4,0.8,0.2,0,12.31,32.2,40.0,93,27,0x02,0,0x0000,0x00000000,0x00000000,100,READY_TO_DRIVE
337121,8.0,6.7,0.4,0.9,0.0,0,12.07,32.1,40.4,93,27,0x02,0,0x0000,0x00000000,0x00000000,100,READY_TO_DRIVE
337221,8.1,6.7,0.4,0.8,0.0,0,12.41,32.1,40.6,93,27,0x02,0,0x0000,0x00000000,0x00000400,100,READY_TO_DRIVE
337321,8.1,6.7,0.4,0.8,0.0,0,12.41,32.1,40.4,93,27,0x02,0,0x0000,0x00000000,0x00000400,100,READY_TO_DRIVE
337421,8.1,6.7,0.4,0.8,0.0,0,12.54,32.1,40.4,93,27,0x02,0,0x0000,0x00000000,0x00000400,100,READY_TO_DRIVE
337527,8.0,6.7,0.4,0.8,0.0,0,12.45,32.1,40.3,93,27,0x00,0,0x0000,0x00000000,0x00000400,100,FAULT_BLOCKED
337627,8.0,6.6,0.3,0.7,0.0,0,12.38,32.1,40.7,93,27,0x00,0,0x0000,0x00000000,0x00000400,100,FAULT_BLOCKED
337727,8.0,6.6,0.3,0.7,0.0,0,12.44,32.1,40.8,93,27,0x00,0,0x0000,0x00000000,0x00000400,100,FAULT_BLOCKED
337827,8.0,6.7,0.4,0.8,0.0,0,12.4,32.1,40.4,93,27,0x00,0,0x0000,0x00000000,0x00000400,100,FAULT_BLOCKED
337927,8.0,6.7,0.4,0.8,0.0,0,12.47,32.1,40.3,93,27,0x00,0,0x0000,0x00000000,0x00000400,100,FAULT_BLOCKED
338027,8.1,6.6,0.4,0.8,0.0,0,12.58,32.1,40.8,93,27,0x00,0,0x0000,0x00000000,0x00000400,100,FAULT_BLOCKED
338127,8.0,6.6,0.4,0.7,0.0,0,12.44,32.1,40.4,93,27,0x00,0,0x0000,0x00000000,0x00000400,100,FAULT_BLOCKED
338227,8.0,6.7,0.4,0.8,0.0,0,12.6,32.1,40.4,93,27,0x00,0,0x0000,0x00000000,0x00000400,100,FAULT_BLOCKED
338327,8.0,6.6,0.4,0.7,0.0,0,12.46,32.1,40.4,93,27,0x00,0,0x0000,0x00000000,0x00000400,100,FAULT_BLOCKED
338427,8.0,6.7,0.4,0.8,0.0,0,12.38,32.1,40.3,93,27,0x00,0,0x0000,0x00000000,0x00000400,100,FAULT_BLOCKED
338527,8.0,6.6,0.4,0.8,0.0,0,12.4,32.1,40.4,93,27,0x00,0,0x0000,0x00000000,0x00000400,100,FAULT_BLOCKED
338628,8.1,6.6,0.4,0.8,0.0,0,12.4,32.1,40.4,93,27,0x00,0,0x0000,0x00000000,0x00000400,100,FAULT_BLOCKED
338728,8.1,6.6,0.3,0.7,0.0,0,12.44,32.1,40.4,93,27,0x00,0,0x0000,0x00000000,0x00000400,100,FAULT_BLOCKED
338828,8.0,6.6,0.3,0.7,0.0,0,12.53,32.1,40.3,93,27,0x00,0,0x0000,0x00000000,0x00000400,100,FAULT_BLOCKED
338928,8.0,6.6,0.4,0.8,0.0,0,12.49,32.1,40.4,93,27,0x00,0,0x0000,0x00000000,0x00000400,100,FAULT_BLOCKED
339028,8.1,6.6,0.4,0.8,0.0,0,12.42,32.1,40.4,93,27,0x00,0,0x0000,0x00000000,0x00000400,100,FAULT_BLOCKED
339128,8.0,6.6,0.3,0.7,0.0,0,12.36,32.1,40.4,93,27,0x00,0,0x0000,0x00000000,0x00000400,100,FAULT_BLOCKED
339228,8.1,6.6,0.3,0.7,0.0,0,12.52,32.1,40.6,93,27,0x00,0,0x0000,0x00000000,0x00000400,100,FAULT_BLOCKED
339328,8.1,6.6,0.3,0.7,0.0,0,12.44,32.1,40.6,93,27,0x00,0,0x0000,0x00000000,0x00000400,100,FAULT_BLOCKED
339428,8.0,6.6,0.3,0.7,0.0,0,12.4,32.2,40.6,93,27,0x00,0,0x0000,0x00000000,0x00000400,100,FAULT_BLOCKED
339528,8.0,6.6,0.3,0.7,0.0,0,12.4,32.1,40.7,93,27,0x00,0,0x0000,0x00000000,0x00000400,100,FAULT_BLOCKED
339628,8.1,6.5,0.3,0.7,0.0,0,12.39,32.1,40.4,93,27,0x00,0,0x0000,0x00000000,0x00000400,100,FAULT_BLOCKED
339728,8.0,6.5,0.3,0.7,0.0,0,12.6,32.1,40.4,93,27,0x00,0,0x0000,0x00000000,0x00000400,100,FAULT_BLOCKED
339828,8.0,6.6,0.3,0.7,0.0,0,12.58,32.2,40.4,93,27,0x00,0,0x0000,0x00000000,0x00000400,100,FAULT_BLOCKED
339928,8.1,6.6,0.3,0.7,0.0,0,12.5,32.2,40.3,93,27,0x00,0,0x0000,0x00000000,0x00000400,100,FAULT_BLOCKED
340028,8.0,6.6,0.3,0.7,0.0,0,12.47,32.2,41.0,93,27,0x00,0,0x0000,0x00000000,0x00000400,100,FAULT_BLOCKED
340128,8.0,6.6,0.3,0.7,0.0,0,12.36,32.2,40.4,93,27,0x00,0,0x0000,0x00000000,0x00000400,100,FAULT_BLOCKED
340228,8.0,6.5,0.3,0.7,0.0,0,12.41,32.2,40.4,93,27,0x00,0,0x0000,0x00000000,0x00000400,100,FAULT_BLOCKED
340328,8.1,6.6,0.3,0.7,0.0,0,12.37,32.2,40.6,93,27,0x00,0,0x0000,0x00000000,0x00000400,100,FAULT_BLOCKED
340428,8.0,6.6,0.3,0.7,0.0,0,12.32,32.2,40.4,93,27,0x00,0,0x0000,0x00000000,0x00000400,100,FAULT_BLOCKED
340528,8.0,6.6,0.3,0.7,0.0,0,12.42,32.2,40.4,93,27,0x00,0,0x0000,0x00000000,0x00000400,100,FAULT_BLOCKED
340628,8.1,6.5,0.3,0.7,0.0,0,12.54,32.2,40.4,93,27,0x00,0,0x0000,0x00000000,0x00000400,100,FAULT_BLOCKED
340728,8.0,6.6,0.3,0.6,0.0,0,12.33,32.2,40.3,93,27,0x00,0,0x0000,0x00000000,0x00000400,100,FAULT_BLOCKED
340828,8.1,6.6,0.3,0.7,0.0,0,12.33,32.2,40.3,93,27,0x00,0,0x0000,0x00000000,0x00000400,100,FAULT_BLOCKED
340928,8.0,6.5,0.3,0.7,0.0,0,12.4,32.2,40.6,93,27,0x00,0,0x0000,0x00000000,0x00000400,100,FAULT_BLOCKED
341028,8.1,6.6,0.3,0.7,0.0,0,12.46,32.2,40.6,93,27,0x00,0,0x0000,0x00000000,0x00000400,100,FAULT_BLOCKED
341128,8.0,6.5,0.3,0.6,0.0,0,12.4,32.2,40.6,93,27,0x00,0,0x0000,0x00000000,0x00000400,100,FAULT_BLOCKED
341228,8.0,6.5,0.3,0.6,0.0,0,12.32,32.2,40.4,93,27,0x00,0,0x0000,0x00000000,0x00000400,100,FAULT_BLOCKED
341328,8.1,6.6,0.3,0.7,0.0,0,12.45,32.2,40.8,93,27,0x00,0,0x0000,0x00000000,0x00000400,100,FAULT_BLOCKED
341428,8.1,6.6,0.3,0.7,0.0,0,12.52,32.2,40.3,93,27,0x00,0,0x0000,0x00000000,0x00000400,100,FAULT_BLOCKED
341528,8.0,6.6,0.3,0.7,0.0,0,12.37,32.2,40.6,93,27,0x00,0,0x0000,0x00000000,0x00000400,100,FAULT_BLOCKED
341628,8.1,6.5,0.3,0.7,0.0,0,12.48,32.2,40.4,93,27,0x00,0,0x0000,0x00000000,0x00000400,100,FAULT_BLOCKED
341728,8.1,6.5,0.3,0.7,0.0,0,12.51,32.2,40.3,93,27,0x00,0,0x0000,0x00000000,0x00000400,100,FAULT_BLOCKED
341828,8.1,6.6,0.4,0.7,0.0,0,12.34,32.1,40.6,93,27,0x00,0,0x0000,0x00000000,0x00000400,100,FAULT_BLOCKED
341928,8.0,6.5,0.3,0.6,0.0,0,12.44,32.2,40.4,93,27,0x00,0,0x0000,0x00000000,0x00000400,100,FAULT_BLOCKED
342028,8.0,6.5,0.3,0.7,0.0,0,12.55,32.2,40.4,93,27,0x00,0,0x0000,0x00000000,0x00000400,100,FAULT_BLOCKED
342128,8.2,6.6,0.4,0.9,0.0,0,12.33,32.2,40.6,93,27,0x00,0,0x0000,0x00000000,0x00000400,100,FAULT_BLOCKED
342228,8.0,6.5,0.3,0.7,0.0,0,12.36,32.2,40.2,93,27,0x00,0,0x0000,0x00000000,0x00000400,100,FAULT_BLOCKED
342328,8.1,6.6,0.3,0.7,0.0,0,12.39,32.2,40.7,93,27,0x00,0,0x0000,0x00000000,0x00000400,100,FAULT_BLOCKED
342428,8.1,6.6,0.3,0.7,0.0,0,12.34,32.2,40.8,93,27,0x00,0,0x0000,0x00000000,0x00000400,100,FAULT_BLOCKED
342718,8.0,6.6,0.3,0.7,0.0,0,12.39,32.2,40.8,93,27,0x00,0,0x0000,0x00000000,0x00000400,100,FAULT_BLOCKED
342818,8.1,6.5,0.3,0.7,0.0,0,12.45,32.2,40.6,93,27,0x00,0,0x0000,0x00000000,0x00000400,100,FAULT_BLOCKED
342918,8.0,6.6,0.3,0.7,0.0,0,12.39,32.2,40.4,93,27,0x00,0,0x0000,0x00000000,0x00000400,100,FAULT_BLOCKED
343018,8.1,6.6,0.3,0.7,0.0,0,12.44,32.2,40.4,93,27,0x00,0,0x0000,0x00000000,0x00000400,100,FAULT_BLOCKED
343118,8.0,6.5,0.3,0.7,0.0,0,12.44,32.3,40.4,93,27,0x00,0,0x0000,0x00000000,0x00000400,100,FAULT_BLOCKED
343218,8.0,6.6,0.3,0.7,0.0,0,12.53,32.3,40.2,93,27,0x00,0,0x0000,0x00000000,0x00000400,100,FAULT_BLOCKED
343318,8.1,6.5,0.3,0.7,0.0,0,12.4,32.3,40.2,93,27,0x00,0,0x0000,0x00000000,0x00000400,100,FAULT_BLOCKED
343418,8.1,6.6,0.3,0.7,0.0,0,12.41,32.3,40.6,93,27,0x00,0,0x0000,0x00000000,0x00000400,100,FAULT_BLOCKED
343518,8.0,6.5,0.3,0.6,0.0,0,12.41,32.3,40.7,93,27,0x00,0,0x0000,0x00000000,0x00000400,100,FAULT_BLOCKED
343618,8.1,6.6,0.4,0.8,0.0,0,12.64,32.2,40.6,93,27,0x00,0,0x0000,0x00000000,0x00000400,100,FAULT_BLOCKED
343718,8.0,6.6,0.3,0.7,0.0,0,12.37,32.2,40.6,93,27,0x00,0,0x0000,0x00000000,0x00000400,100,FAULT_BLOCKED
343818,8.0,6.6,0.3,0.7,0.0,0,12.37,32.2,40.7,93,27,0x00,0,0x0000,0x00000000,0x00000400,100,FAULT_BLOCKED
343918,8.0,6.6,0.4,0.7,0.0,0,12.45,32.2,40.3,93,27,0x00,0,0x0000,0x00000000,0x00000400,100,FAULT_BLOCKED
344018,8.0,6.6,0.3,0.7,0.0,0,12.39,32.2,40.6,93,27,0x00,0,0x0000,0x00000000,0x00000400,100,FAULT_BLOCKED
344118,8.0,6.6,0.3,0.7,0.0,0,12.42,32.3,40.3,93,27,0x00,0,0x0000,0x00000000,0x00000400,100,FAULT_BLOCKED
344218,8.1,6.5,0.4,0.8,0.0,0,12.49,32.3,40.3,93,27,0x00,0,0x0000,0x00000000,0x00000400,100,FAULT_BLOCKED
344318,8.1,6.6,0.4,0.7,0.0,0,12.48,32.3,40.2,93,27,0x00,0,0x0000,0x00000000,0x00000400,100,FAULT_BLOCKED
344418,8.0,6.6,0.3,0.7,0.0,0,12.45,32.3,40.3,93,27,0x00,0,0x0000,0x00000000,0x00000400,100,FAULT_BLOCKED
344518,8.1,6.6,0.4,0.7,0.0,0,12.6,32.3,40.4,93,27,0x00,0,0x0000,0x00000000,0x00000400,100,FAULT_BLOCKED
344618,8.1,6.6,0.4,0.7,0.0,0,12.37,32.3,40.3,93,27,0x00,0,0x0000,0x00000000,0x00000400,100,FAULT_BLOCKED
344718,8.0,6.6,0.3,0.6,0.0,0,12.44,32.2,40.2,93,27,0x00,0,0x0000,0x00000000,0x00000400,100,FAULT_BLOCKED
344818,8.0,6.5,0.3,0.6,0.0,0,12.4,32.3,40.4,93,27,0x00,0,0x0000,0x00000000,0x00000400,100,FAULT_BLOCKED
344918,8.0,6.5,0.3,0.6,0.0,0,12.51,32.3,40.2,93,27,0x00,0,0x0000,0x00000000,0x00000400,100,FAULT_BLOCKED
345018,8.0,6.5,0.3,0.6,0.0,0,12.53,32.3,40.4,93,27,0x00,0,0x0000,0x00000000,0x00000400,100,FAULT_BLOCKED
345118,8.0,6.6,0.3,0.6,0.0,0,12.67,32.3,40.7,93,27,0x00,0,0x0000,0x00000000,0x00000400,100,FAULT_BLOCKED
345218,8.0,6.6,0.3,0.6,0.0,0,12.34,32.2,40.4,93,27,0x00,0,0x0000,0x00000000,0x00000400,100,FAULT_BLOCKED
345318,8.0,6.5,0.3,0.6,0.0,0,12.34,32.2,40.4,93,27,0x00,0,0x0000,0x00000000,0x00000400,100,FAULT_BLOCKED
345418,8.0,6.5,0.3,0.5,0.0,0,12.39,32.2,40.4,93,27,0x00,0,0x0000,0x00000000,0x00000400,100,FAULT_BLOCKED
345518,8.0,6.5,0.3,0.6,0.0,0,12.47,32.3,40.4,93,27,0x00,0,0x0000,0x00000000,0x00000400,100,FAULT_BLOCKED
345618,8.0,6.5,0.3,0.6,0.0,0,12.44,32.3,40.4,93,27,0x00,0,0x0000,0x00000000,0x00000400,100,FAULT_BLOCKED
345718,7.9,6.5,0.3,0.5,0.0,0,12.36,32.3,39.9,93,27,0x00,0,0x0000,0x00000000,0x00000400,99,FAULT_BLOCKED
345818,8.1,6.5,0.3,0.6,0.0,0,12.46,32.3,40.6,93,27,0x00,0,0x0000,0x00000000,0x00000400,100,FAULT_BLOCKED
345918,8.0,6.5,0.3,0.6,0.0,0,12.6,32.3,40.3,93,27,0x00,0,0x0000,0x00000000,0x00000400,100,FAULT_BLOCKED
346018,8.0,6.5,0.3,0.6,0.0,0,12.48,32.3,40.2,93,27,0x00,0,0x0000,0x00000000,0x00000400,100,FAULT_BLOCKED
346118,8.0,6.5,0.3,0.6,0.0,0,12.37,32.3,40.2,93,27,0x00,0,0x0000,0x00000000,0x00000400,100,FAULT_BLOCKED
346218,8.0,6.5,0.2,0.5,0.0,0,12.41,32.3,40.3,93,27,0x00,0,0x0000,0x00000000,0x00000400,100,FAULT_BLOCKED
346318,8.0,6.5,0.3,0.6,0.0,0,12.42,32.3,40.3,93,27,0x00,0,0x0000,0x00000000,0x00000400,100,FAULT_BLOCKED
346418,8.0,6.5,0.3,0.6,0.0,0,12.44,32.4,40.6,93,27,0x00,0,0x0000,0x00000000,0x00000400,100,FAULT_BLOCKED
346518,8.0,6.4,0.2,0.4,0.0,0,12.56,32.4,40.3,93,27,0x00,0,0x0000,0x00000000,0x00000400,100,FAULT_BLOCKED
346618,8.0,6.5,0.3,0.6,0.0,0,12.38,32.3,40.3,93,27,0x00,0,0x0000,0x00000000,0x00000400,100,FAULT_BLOCKED
346718,8.0,6.5,0.3,0.5,0.0,0,12.45,32.3,40.4,93,27,0x00,0,0x0000,0x00000000,0x00000400,100,FAULT_BLOCKED
346818,8.0,6.5,0.3,0.6,0.0,0,12.45,32.3,40.2,93,27,0x00,0,0x0000,0x00000000,0x00000400,100,FAULT_BLOCKED
346918,8.0,6.5,0.3,0.6,0.0,0,12.46,32.3,40.2,93,27,0x00,0,0x0000,0x00000000,0x00000400,100,FAULT_BLOCKED
347018,8.0,6.5,0.3,0.5,0.0,0,12.45,32.3,40.2,93,27,0x00,0,0x0000,0x00000000,0x00000400,100,FAULT_BLOCKED
347118,8.0,6.5,0.3,0.6,0.0,0,12.45,32.3,40.4,93,27,0x00,0,0x0000,0x00000000,0x00000400,100,FAULT_BLOCKED
347218,8.0,6.5,0.3,0.6,0.0,0,12.42,32.3,40.3,93,27,0x00,0,0x0000,0x00000000,0x00000400,100,FAULT_BLOCKED
347318,8.0,6.5,0.3,0.6,0.0,0,12.64,32.3,40.3,93,27,0x00,0,0x0000,0x00000000,0x00000400,100,FAULT_BLOCKED
347418,8.0,6.5,0.3,0.6,0.0,0,12.54,32.3,40.4,93,27,0x00,0,0x0000,0x00000000,0x00000400,100,FAULT_BLOCKED
347518,8.0,6.5,0.3,0.6,0.0,0,12.47,32.3,40.0,93,27,0x00,0,0x0000,0x00000000,0x00000400,100,FAULT_BLOCKED
347618,8.0,6.5,0.3,0.6,0.0,0,12.59,32.3,40.0,93,27,0x00,0,0x0000,0x00000000,0x00000400,100,FAULT_BLOCKED
347718,7.8,6.5,0.1,0.3,0.0,0,12.32,32.3,40.0,93,27,0x00,0,0x0000,0x00000000,0x00000400,100,FAULT_BLOCKED
347818,8.0,6.4,0.3,0.5,0.0,0,12.42,32.3,40.3,93,27,0x00,0,0x0000,0x00000000,0x00000400,100,FAULT_BLOCKED
347918,8.0,6.5,0.3,0.5,0.0,0,12.4,32.3,40.4,93,27,0x00,0,0x0000,0x00000000,0x00000400,100,FAULT_BLOCKED
348018,8.0,6.5,0.3,0.6,0.0,0,12.48,32.3,40.3,93,27,0x00,0,0x0000,0x00000000,0x00000400,100,FAULT_BLOCKED
348118,8.0,6.5,0.3,0.6,0.0,0,12.45,32.3,40.4,93,27,0x00,0,0x0000,0x00000000,0x00000400,100,FAULT_BLOCKED
348218,8.0,6.5,0.3,0.6,0.0,0,12.44,32.3,40.2,93,27,0x00,0,0x0000,0x00000000,0x00000400,100,FAULT_BLOCKED
348318,8.0,6.5,0.3,0.6,0.0,0,12.6,32.3,40.2,93,27,0x00,0,0x0000,0x00000000,0x00000400,100,FAULT_BLOCKED
348418,8.0,6.5,0.3,0.6,0.0,0,12.41,32.4,40.3,93,27,0x00,0,0x0000,0x00000000,0x00000400,100,FAULT_BLOCKED
348518,8.0,6.5,0.3,0.6,0.0,0,12.41,32.4,40.3,93,27,0x00,0,0x0000,0x00000000,0x00000400,100,FAULT_BLOCKED
348618,8.0,6.5,0.3,0.6,0.0,0,12.56,32.4,40.3,93,27,0x00,0,0x0000,0x00000000,0x00000400,100,FAULT_BLOCKED
348718,7.9,6.5,0.2,0.5,0.0,0,12.7,32.4,40.3,93,27,0x00,0,0x0000,0x00000000,0x00000400,100,FAULT_BLOCKED
348818,8.0,6.5,0.2,0.5,0.0,0,12.35,32.4,40.3,93,27,0x00,0,0x0000,0x00000000,0x00000400,100,FAULT_BLOCKED
348918,8.0,6.5,0.3,0.5,0.0,0,12.41,32.4,40.3,93,27,0x00,0,0x0000,0x00000000,0x00000400,100,FAULT_BLOCKED
349018,7.9,6.5,0.2,0.5,0.0,0,12.59,32.4,40.3,93,27,0x00,0,0x0000,0x00000000,0x00000400,100,FAULT_BLOCKED
349118,7.9,6.5,0.3,0.5,0.0,0,12.41,32.4,40.3,93,27,0x00,0,0x0000,0x00000000,0x00000400,100,FAULT_BLOCKED
349218,8.0,6.4,0.2,0.4,0.0,0,12.39,32.4,40.3,93,27,0x00,0,0x0000,0x00000000,0x00000400,100,FAULT_BLOCKED
349318,7.9,6.5,0.2,0.5,0.0,0,12.39,32.4,40.2,93,27,0x00,0,0x0000,0x00000000,0x00000400,100,FAULT_BLOCKED
349418,8.0,6.5,0.3,0.5,0.0,0,12.34,32.4,40.0,93,27,0x00,0,0x0000,0x00000000,0x00000400,100,FAULT_BLOCKED
349518,8.0,6.5,0.2,0.5,0.0,0,12.39,32.4,40.2,93,27,0x00,0,0x0000,0x00000000,0x00000400,100,FAULT_BLOCKED
349618,7.9,6.5,0.2,0.5,0.0,0,12.41,32.4,40.2,93,27,0x00,0,0x0000,0x00000000,0x00000400,100,FAULT_BLOCKED
349718,7.9,6.5,0.2,0.5,0.0,0,12.44,32.4,40.4,93,27,0x00,0,0x0000,0x00000000,0x00000400,100,FAULT_BLOCKED
349818,8.0,6.5,0.3,0.5,0.0,0,12.36,32.4,39.9,93,27,0x00,0,0x0000,0x00000000,0x00000400,99,FAULT_BLOCKED
349918,7.9,6.5,0.2,0.5,0.0,0,12.39,32.4,39.9,93,27,0x00,0,0x0000,0x00000000,0x00000400,99,FAULT_BLOCKED
350018,7.9,6.4,0.2,0.4,0.0,0,12.42,32.4,40.6,93,27,0x00,0,0x0000,0x00000000,0x00000400,100,FAULT_BLOCKED
350118,7.9,6.4,0.2,0.4,0.0,0,12.39,32.4,40.6,93,27,0x00,0,0x0000,0x00000000,0x00000400,100,FAULT_BLOCKED
350218,8.0,6.5,0.2,0.5,0.0,0,12.39,32.4,40.3,93,27,0x00,0,0x0000,0x00000000,0x00000400,100,FAULT_BLOCKED
350318,7.9,6.4,0.2,0.4,0.0,0,12.46,32.4,40.3,93,27,0x00,0,0x0000,0x00000000,0x00000400,100,FAULT_BLOCKED
350418,7.9,6.4,0.2,0.4,0.0,0,12.38,32.4,40.2,93,27,0x00,0,0x0000,0x00000000,0x00000400,100,FAULT_BLOCKED
350518,7.9,6.4,0.2,0.4,0.0,0,12.38,32.4,40.2,93,27,0x00,0,0x0000,0x00000000,0x00000400,100,FAULT_BLOCKED
350618,7.9,6.5,0.2,0.4,0.0,0,12.51,32.4,40.4,93,27,0x00,0,0x0000,0x00000000,0x00000400,100,FAULT_BLOCKED
350718,7.9,6.4,0.2,0.4,0.0,0,12.41,32.4,40.4,93,27,0x00,0,0x0000,0x00000000,0x00000400,100,FAULT_BLOCKED
350818,7.9,6.3,0.2,0.3,0.0,0,12.62,32.4,40.3,93,27,0x00,0,0x0000,0x00000000,0x00000400,100,FAULT_BLOCKED
350918,8.0,6.5,0.2,0.5,0.0,0,12.44,32.4,40.2,93,27,0x00,0,0x0000,0x00000000,0x00000400,100,FAULT_BLOCKED
351018,8.0,6.5,0.2,0.5,0.0,0,12.4,32.4,40.2,93,27,0x00,0,0x0000,0x00000000,0x00000400,100,FAULT_BLOCKED
351118,7.9,6.5,0.2,0.4,0.0,0,12.58,32.4,40.6,93,27,0x00,0,0x0000,0x00000000,0x00000400,100,FAULT_BLOCKED
351218,7.9,6.5,0.2,0.4,0.0,0,12.54,32.4,40.2,93,27,0x00,0,0x0000,0x00000000,0x00000400,100,FAULT_BLOCKED
351318,8.0,6.5,0.2,0.5,0.0,0,12.41,32.4,40.0,93,27,0x00,0,0x0000,0x00000000,0x00000400,100,FAULT_BLOCKED
351418,7.9,6.5,0.2,0.5,0.0,0,12.38,32.4,40.2,93,27,0x00,0,0x0000,0x00000000,0x00000400,100,FAULT_BLOCKED
351518,7.9,6.5,0.2,0.5,0.0,0,12.55,32.4,40.3,93,27,0x00,0,0x0000,0x00000000,0x00000400,100,FAULT_BLOCKED
351618,7.9,6.5,0.2,0.4,0.0,0,12.39,32.4,39.8,93,27,0x00,0,0x0000,0x00000000,0x00000400,99,FAULT_BLOCKED
351718,8.0,6.5,0.2,0.5,0.0,0,12.41,32.4,39.9,93,27,0x00,0,0x0000,0x00000000,0x00000400,99,FAULT_BLOCKED
351818,8.0,6.4,0.2,0.4,0.0,0,12.38,32.4,40.0,93,27,0x00,0,0x0000,0x00000000,0x00000400,100,FAULT_BLOCKED
351918,7.9,6.5,0.2,0.4,0.0,0,12.44,32.4,40.2,93,27,0x00,0,0x0000,0x00000000,0x00000400,100,FAULT_BLOCKED
352018,7.9,6.4,0.2,0.4,0.0,0,12.56,32.4,40.0,93,27,0x00,0,0x0000,0x00000000,0x00000400,100,FAULT_BLOCKED
352118,8.0,6.5,0.2,0.5,0.0,0,12.45,32.4,40.0,93,27,0x00,0,0x0000,0x00000000,0x00000400,100,FAULT_BLOCKED
352218,7.9,6.4,0.2,0.4,0.0,0,12.39,32.5,40.2,93,27,0x00,0,0x0000,0x00000000,0x00000400,100,FAULT_BLOCKED
352318,8.0,6.4,0.2,0.5,0.0,0,12.38,32.5,40.2,93,27,0x00,0,0x0000,0x00000000,0x00000400,100,FAULT_BLOCKED
352418,8.0,6.4,0.2,0.4,0.0,0,12.5,32.5,39.9,93,27,0x00,0,0x0000,0x00000000,0x00000400,99,FAULT_BLOCKED
352518,7.9,6.5,0.2,0.4,0.0,0,12.45,32.5,40.3,93,27,0x00,0,0x0000,0x00000000,0x00000400,100,FAULT_BLOCKED
352618,8.0,6.5,0.2,0.5,0.0,0,12.39,32.5,40.0,93,27,0x00,0,0x0000,0x00000000,0x00000400,100,FAULT_BLOCKED
352718,7.9,6.5,0.2,0.4,0.0,0,12.37,32.5,40.3,93,27,0x00,0,0x0000,0x00000000,0x00000400,100,FAULT_BLOCKED
352818,8.0,6.4,0.2,0.5,0.0,0,12.35,32.5,40.2,93,27,0x00,0,0x0000,0x00000000,0x00000400,100,FAULT_BLOCKED
352918,8.0,6.5,0.2,0.5,0.0,0,12.54,32.5,39.9,93,27,0x00,0,0x0000,0x00000000,0x00000400,99,FAULT_BLOCKED
353018,8.0,6.4,0.2,0.5,0.0,0,12.42,32.4,40.3,93,27,0x00,0,0x0000,0x00000000,0x00000400,100,FAULT_BLOCKED
353118,7.9,6.5,0.2,0.5,0.0,0,12.38,32.4,40.3,93,27,0x00,0,0x0000,0x00000000,0x00000400,100,FAULT_BLOCKED
353218,8.0,6.5,0.2,0.5,0.0,0,12.45,32.5,40.2,93,27,0x00,0,0x0000,0x00000000,0x00000400,100,FAULT_BLOCKED
353318,7.9,6.5,0.2,0.5,0.0,0,12.41,32.5,39.9,93,27,0x00,0,0x0000,0x00000000,0x00000400,99,FAULT_BLOCKED
353418,8.0,6.5,0.2,0.5,0.0,0,12.39,32.5,39.8,93,27,0x00,0,0x0000,0x00000000,0x00000400,99,FAULT_BLOCKED
353518,7.9,6.5,0.2,0.5,0.0,0,12.46,32.5,40.4,93,27,0x00,0,0x0000,0x00000000,0x00000400,100,FAULT_BLOCKED
353618,8.0,6.4,0.2,0.4,0.0,0,12.41,32.5,40.0,93,27,0x00,0,0x0000,0x00000000,0x00000400,100,FAULT_BLOCKED
353718,7.9,6.4,0.2,0.4,0.0,0,12.68,32.4,40.0,93,27,0x00,0,0x0000,0x00000000,0x00000400,100,FAULT_BLOCKED
353818,8.0,6.5,0.2,0.5,0.0,0,12.44,32.5,40.0,93,27,0x00,0,0x0000,0x00000000,0x00000400,100,FAULT_BLOCKED
353918,8.0,6.4,0.2,0.5,0.0,0,12.4,32.5,40.0,93,27,0x00,0,0x0000,0x00000000,0x00000400,100,FAULT_BLOCKED
354018,8.0,6.5,0.2,0.5,0.0,0,12.42,32.5,39.9,93,27,0x00,0,0x0000,0x00000000,0x00000400,99,FAULT_BLOCKED
354118,7.9,6.5,0.2,0.5,0.0,0,12.46,32.5,39.9,93,27,0x00,0,0x0000,0x00000000,0x00000400,99,FAULT_BLOCKED
354218,7.9,6.5,0.2,0.5,0.0,0,12.48,32.5,39.9,93,27,0x00,0,0x0000,0x00000000,0x00000400,99,FAULT_BLOCKED
354318,7.9,6.5,0.2,0.5,0.0,0,12.36,32.5,39.9,93,27,0x00,0,0x0000,0x00000000,0x00000400,99,FAULT_BLOCKED
354418,7.9,6.5,0.2,0.5,0.0,0,12.39,32.5,39.8,93,27,0x00,0,0x0000,0x00000000,0x00000400,99,FAULT_BLOCKED
354518,8.0,6.5,0.3,0.6,0.0,0,12.39,32.5,39.9,93,27,0x00,0,0x0000,0x00000000,0x00000400,99,FAULT_BLOCKED
354618,8.0,6.4,0.2,0.5,0.0,0,12.47,32.5,40.0,93,27,0x00,0,0x0000,0x00000000,0x00000400,100,FAULT_BLOCKED
354718,8.0,6.4,0.2,0.4,0.0,0,12.39,32.5,39.9,93,27,0x00,0,0x0000,0x00000000,0x00000400,99,FAULT_BLOCKED
354818,7.9,6.4,0.2,0.4,0.0,0,12.39,32.5,40.2,93,27,0x00,0,0x0000,0x00000000,0x00000400,100,FAULT_BLOCKED
354918,7.9,6.4,0.2,0.4,0.0,0,12.4,32.5,39.8,93,27,0x00,0,0x0000,0x00000000,0x00000400,99,FAULT_BLOCKED
355018,8.0,6.5,0.2,0.5,0.0,0,12.53,32.5,39.8,93,27,0x00,0,0x0000,0x00000000,0x00000400,99,FAULT_BLOCKED
355118,8.0,6.5,0.2,0.5,0.0,0,12.45,32.5,39.9,93,27,0x00,0,0x0000,0x00000000,0x00000400,99,FAULT_BLOCKED
355218,7.8,6.5,0.2,0.3,0.0,0,12.45,32.5,39.9,93,27,0x00,0,0x0000,0x00000000,0x00000400,99,FAULT_BLOCKED
355318,8.0,6.5,0.2,0.5,0.0,0,12.39,32.5,39.9,93,27,0x00,0,0x0000,0x00000000,0x00000400,99,FAULT_BLOCKED
355419,7.9,6.4,0.2,0.4,0.0,0,12.52,32.5,40.0,93,27,0x00,0,0x0000,0x00000000,0x00000400,100,FAULT_BLOCKED
355519,8.0,6.5,0.3,0.5,0.0,0,12.47,32.5,40.0,93,27,0x00,0,0x0000,0x00000000,0x00000400,100,FAULT_BLOCKED
355620,7.9,6.5,0.2,0.4,0.0,0,12.44,32.5,40.2,93,27,0x00,0,0x0000,0x00000000,0x00000400,100,FAULT_BLOCKED
355720,7.9,6.4,0.2,0.4,0.0,0,12.44,32.6,40.2,93,27,0x00,0,0x0000,0x00000000,0x00000400,100,FAULT_BLOCKED
355820,8.0,6.5,0.2,0.5,0.0,0,12.41,32.5,40.2,93,27,0x00,0,0x0000,0x00000000,0x00000400,100,FAULT_BLOCKED
355920,7.9,6.3,0.1,0.2,0.0,0,12.47,32.6,39.9,93,27,0x00,0,0x0000,0x00000000,0x00000400,99,FAULT_BLOCKED
356020,8.0,6.5,0.3,0.5,0.0,0,12.35,32.6,39.9,93,27,0x00,0,0x0000,0x00000000,0x00000400,99,FAULT_BLOCKED
356120,8.0,6.4,0.2,0.4,0.0,0,12.44,32.5,39.5,93,27,0x00,0,0x0000,0x00000000,0x00000400,97,FAULT_BLOCKED
356220,7.9,6.5,0.2,0.5,0.0,0,12.6,32.5,39.9,93,27,0x00,0,0x0000,0x00000000,0x00000400,99,FAULT_BLOCKED
356320,7.9,6.5,0.2,0.4,0.0,0,12.38,32.6,39.9,93,27,0x00,0,0x0000,0x00000000,0x00000400,99,FAULT_BLOCKED
356420,7.9,6.4,0.2,0.4,0.0,0,12.49,32.6,40.2,93,27,0x00,0,0x0000,0x00000000,0x00000400,100,FAULT_BLOCKED
356520,8.0,6.4,0.2,0.4,0.0,0,12.39,32.6,40.2,93,27,0x00,0,0x0000,0x00000000,0x00000400,100,FAULT_BLOCKED
356620,8.0,6.5,0.2,0.5,0.0,0,12.3,32.6,40.2,93,27,0x00,0,0x0000,0x00000000,0x00000400,100,FAULT_BLOCKED
356721,8.0,6.5,0.2,0.5,0.0,0,12.38,32.6,40.3,93,27,0x00,0,0x0000,0x00000000,0x00000400,100,FAULT_BLOCKED
356821,8.0,6.5,0.2,0.5,0.0,0,12.44,32.6,39.8,93,27,0x00,0,0x0000,0x00000000,0x00000400,99,FAULT_BLOCKED
356921,7.9,6.5,0.2,0.5,0.0,0,12.56,32.6,40.0,93,27,0x00,0,0x0000,0x00000000,0x00000400,100,FAULT_BLOCKED
357021,7.9,6.5,0.2,0.4,0.0,0,12.39,32.6,40.0,93,27,0x00,0,0x0000,0x00000000,0x00000400,100,FAULT_BLOCKED
357121,7.9,6.5,0.2,0.4,0.0,0,12.41,32.5,39.8,93,27,0x00,0,0x0000,0x00000000,0x00000400,99,FAULT_BLOCKED
357221,7.9,6.4,0.2,0.4,0.0,0,12.39,32.5,40.0,93,27,0x00,0,0x0000,0x00000000,0x00000400,100,FAULT_BLOCKED
357321,8.0,6.4,0.2,0.4,0.0,0,12.42,32.5,40.0,93,27,0x00,0,0x0000,0x00000000,0x00000400,100,FAULT_BLOCKED
357421,8.0,6.5,0.2,0.5,0.0,0,12.39,32.6,40.0,93,27,0x00,0,0x0000,0x00000000,0x00000400,100,FAULT_BLOCKED
357521,8.0,6.4,0.2,0.4,0.0,0,12.41,32.6,40.2,93,27,0x00,0,0x0000,0x00000000,0x00000400,100,FAULT_BLOCKED
357621,7.9,6.5,0.2,0.4,0.0,0,12.41,32.6,39.8,93,27,0x00,0,0x0000,0x00000000,0x00000400,99,FAULT_BLOCKED
357721,8.0,6.4,0.2,0.5,0.0,0,12.47,32.6,39.8,93,27,0x00,0,0x0000,0x00000000,0x00000400,99,FAULT_BLOCKED
357821,7.9,6.4,0.2,0.4,0.0,0,12.3,32.6,39.8,93,27,0x00,0,0x0000,0x00000000,0x00000400,99,FAULT_BLOCKED
357921,8.0,6.5,0.2,0.5,0.0,0,12.41,32.6,39.9,93,27,0x00,0,0x0000,0x00000000,0x00000400,99,FAULT_BLOCKED
358021,8.0,6.5,0.2,0.5,0.0,0,12.67,32.6,39.9,93,27,0x00,0,0x0000,0x00000000,0x00000400,99,FAULT_BLOCKED
358121,7.9,6.5,0.2,0.4,0.0,0,12.46,32.6,39.6,93,27,0x00,0,0x0000,0x00000000,0x00000400,98,FAULT_BLOCKED
358221,8.0,6.5,0.2,0.5,0.0,0,12.37,32.6,39.8,93,27,0x00,0,0x0000,0x00000000,0x00000400,99,FAULT_BLOCKED
358321,7.9,6.4,0.2,0.4,0.0,0,12.68,32.6,39.8,93,27,0x00,0,0x0000,0x00000000,0x00000400,99,FAULT_BLOCKED
358421,7.9,6.5,0.2,0.4,0.0,0,12.38,32.6,40.0,93,27,0x00,0,0x0000,0x00000000,0x00000400,100,FAULT_BLOCKED
358521,8.0,6.4,0.2,0.5,0.0,0,12.36,32.5,39.8,93,27,0x00,0,0x0000,0x00000000,0x00000400,99,FAULT_BLOCKED
358621,7.9,6.5,0.2,0.4,0.0,0,12.46,32.6,39.9,93,27,0x00,0,0x0000,0x00000000,0x00000400,99,FAULT_BLOCKED
358721,8.0,6.4,0.2,0.4,0.0,0,12.41,32.6,39.9,93,27,0x00,0,0x0000,0x00000000,0x00000400,99,FAULT_BLOCKED
358821,8.0,6.4,0.2,0.4,0.0,0,12.39,32.6,39.9,93,27,0x00,0,0x0000,0x00000000,0x00000400,99,FAULT_BLOCKED
358921,7.9,6.5,0.2,0.4,0.0,0,12.35,32.6,40.2,93,27,0x00,0,0x0000,0x00000000,0x00000400,100,FAULT_BLOCKED
359021,8.0,6.4,0.2,0.5,0.0,0,12.42,32.6,40.0,93,27,0x00,0,0x0000,0x00000000,0x00000400,100,FAULT_BLOCKED
359121,8.0,6.5,0.2,0.5,0.0,0,12.41,32.6,39.9,93,27,0x00,0,0x0000,0x00000000,0x00000400,99,FAULT_BLOCKED
359221,8.0,6.4,0.2,0.4,0.0,0,12.56,32.6,40.0,93,27,0x00,0,0x0000,0x00000000,0x00000400,100,FAULT_BLOCKED
359321,7.9,6.5,0.2,0.5,0.0,0,12.4,32.6,40.0,93,27,0x00,0,0x0000,0x00000000,0x00000400,100,FAULT_BLOCKED
359421,7.9,6.5,0.2,0.4,0.0,0,12.34,32.6,39.8,93,27,0x00,0,0x0000,0x00000000,0x00000400,99,FAULT_BLOCKED
359521,7.9,6.5,0.2,0.5,0.0,0,12.38,32.6,39.8,93,27,0x00,0,0x0000,0x00000000,0x00000400,99,FAULT_BLOCKED
359621,7.9,6.5,0.2,0.5,0.0,0,12.36,32.6,39.6,93,27,0x00,0,0x0000,0x00000000,0x00000400,98,FAULT_BLOCKED
359721,8.0,6.4,0.2,0.4,0.0,0,12.34,32.6,39.3,93,27,0x00,0,0x0000,0x00000000,0x00000400,96,FAULT_BLOCKED
359821,7.9,6.5,0.2,0.5,0.0,0,12.38,32.6,39.3,93,27,0x00,0,0x0000,0x00000000,0x00000400,96,FAULT_BLOCKED
359921,8.0,6.4,0.2,0.5,0.0,0,12.37,32.6,39.8,93,27,0x00,0,0x0000,0x00000000,0x00000400,99,FAULT_BLOCKED
360021,8.0,6.4,0.2,0.4,0.0,0,12.4,32.6,39.9,93,27,0x00,0,0x0000,0x00000000,0x00000400,99,FAULT_BLOCKED
360121,7.9,6.4,0.2,0.3,0.0,0,12.4,32.7,39.8,93,27,0x00,0,0x0000,0x00000000,0x00000400,99,FAULT_BLOCKED
360221,8.0,6.5,0.2,0.5,0.0,0,12.45,32.6,40.0,93,27,0x00,0,0x0000,0x00000000,0x00000400,100,FAULT_BLOCKED
360321,7.9,6.4,0.2,0.4,0.0,0,12.44,32.6,39.6,93,27,0x00,0,0x0000,0x00000000,0x00000400,98,FAULT_BLOCKED
360421,7.9,6.5,0.2,0.5,0.0,0,12.39,32.6,39.4,93,27,0x00,0,0x0000,0x00000000,0x00000400,97,FAULT_BLOCKED
360521,8.0,6.4,0.2,0.4,0.0,0,12.45,32.6,39.8,93,27,0x00,0,0x0000,0x00000000,0x00000400,99,FAULT_BLOCKED
360621,7.9,6.5,0.2,0.4,0.0,0,12.52,32.7,39.9,93,27,0x00,0,0x0000,0x00000000,0x00000400,99,FAULT_BLOCKED
360721,8.0,6.4,0.2,0.4,0.0,0,12.52,32.7,39.9,93,27,0x00,0,0x0000,0x00000000,0x00000400,99,FAULT_BLOCKED
360821,8.0,6.5,0.2,0.5,0.0,0,12.4,32.7,39.6,93,27,0x00,0,0x0000,0x00000000,0x00000400,98,FAULT_BLOCKED
360921,7.9,6.5,0.2,0.4,0.0,0,12.4,32.7,39.6,93,27,0x00,0,0x0000,0x00000000,0x00000400,98,FAULT_BLOCKED
361021,7.9,6.5,0.2,0.5,0.0,0,12.33,32.7,39.6,93,27,0x00,0,0x0000,0x00000000,0x00000400,98,FAULT_BLOCKED
361121,8.0,6.4,0.2,0.4,0.0,0,12.33,32.7,39.8,93,27,0x00,0,0x0000,0x00000000,0x00000400,99,FAULT_BLOCKED
361221,7.9,6.5,0.2,0.4,0.0,0,12.39,32.7,39.8,93,27,0x00,0,0x0000,0x00000000,0x00000400,99,FAULT_BLOCKED
361321,7.9,6.5,0.2,0.4,0.0,0,12.42,32.7,39.4,93,27,0x00,0,0x0000,0x00000000,0x00000400,97,FAULT_BLOCKED
361421,8.0,6.5,0.2,0.5,0.0,0,12.67,32.7,39.8,93,27,0x00,0,0x0000,0x00000000,0x00000400,99,FAULT_BLOCKED
361521,7.9,6.5,0.2,0.5,0.0,0,12.4,32.7,39.5,93,27,0x00,0,0x0000,0x00000000,0x00000400,97,FAULT_BLOCKED
361621,7.9,6.4,0.2,0.4,0.0,0,12.45,32.7,39.5,93,27,0x00,0,0x0000,0x00000000,0x00000400,97,FAULT_BLOCKED
361721,8.0,6.5,0.2,0.5,0.0,0,12.38,32.7,39.5,93,27,0x00,0,0x0000,0x00000000,0x00000400,97,FAULT_BLOCKED
361821,8.0,6.4,0.2,0.4,0.0,0,12.38,32.7,39.4,93,27,0x00,0,0x0000,0x00000000,0x00000400,97,FAULT_BLOCKED
361921,7.9,6.5,0.2,0.4,0.0,0,12.42,32.7,39.4,93,27,0x00,0,0x0000,0x00000000,0x00000400,97,FAULT_BLOCKED
362021,7.9,6.4,0.2,0.4,0.0,0,12.4,32.6,39.5,93,27,0x00,0,0x0000,0x00000000,0x00000400,97,FAULT_BLOCKED
362121,7.9,6.5,0.2,0.5,0.0,0,12.42,32.6,39.6,93,27,0x00,0,0x0000,0x00000000,0x00000400,98,FAULT_BLOCKED
362221,7.9,6.5,0.2,0.4,0.0,0,12.48,32.7,39.5,93,27,0x00,0,0x0000,0x00000000,0x00000400,97,FAULT_BLOCKED
362321,7.9,6.4,0.2,0.4,0.0,0,12.72,32.7,39.5,93,27,0x00,0,0x0000,0x00000000,0x00000400,97,FAULT_BLOCKED
362421,8.0,6.5,0.2,0.5,0.0,0,12.45,32.7,39.6,93,27,0x00,0,0x0000,0x00000000,0x00000400,98,FAULT_BLOCKED
362521,7.9,6.5,0.2,0.4,0.0,0,12.64,32.7,40.0,93,27,0x00,0,0x0000,0x00000000,0x00000400,100,FAULT_BLOCKED
362621,8.0,6.4,0.2,0.5,0.0,0,12.37,32.7,39.6,93,27,0x00,0,0x0000,0x00000000,0x00000400,98,FAULT_BLOCKED
362721,8.0,6.4,0.2,0.4,0.0,0,12.36,32.7,39.5,93,27,0x00,0,0x0000,0x00000000,0x00000400,97,FAULT_BLOCKED
362821,7.9,6.4,0.2,0.4,0.0,0,12.38,32.7,39.4,93,27,0x00,0,0x0000,0x00000000,0x00000400,97,FAULT_BLOCKED
362921,7.9,6.4,0.2,0.4,0.0,0,12.41,32.7,39.6,93,27,0x00,0,0x0000,0x00000000,0x00000400,98,FAULT_BLOCKED
363021,8.0,6.5,0.2,0.5,0.0,0,12.4,32.7,39.6,93,27,0x00,0,0x0000,0x00000000,0x00000400,98,FAULT_BLOCKED
363121,7.9,6.5,0.2,0.5,0.0,0,12.37,32.7,39.5,93,27,0x00,0,0x0000,0x00000000,0x00000400,97,FAULT_BLOCKED
363221,7.9,6.5,0.2,0.4,0.0,0,12.45,32.7,39.5,93,27,0x00,0,0x0000,0x00000000,0x00000400,97,FAULT_BLOCKED
363321,7.9,6.4,0.2,0.4,0.0,0,12.32,32.7,39.9,93,27,0x00,0,0x0000,0x00000000,0x00000400,99,FAULT_BLOCKED
363421,7.9,6.5,0.2,0.4,0.0,0,12.42,32.7,39.9,93,27,0x00,0,0x0000,0x00000000,0x00000400,99,FAULT_BLOCKED
363521,8.0,6.4,0.2,0.4,0.0,0,12.37,32.7,39.8,93,27,0x00,0,0x0000,0x00000000,0x00000400,99,FAULT_BLOCKED
363621,7.9,6.4,0.2,0.4,0.0,0,12.38,32.7,39.3,93,27,0x00,0,0x0000,0x00000000,0x00000400,96,FAULT_BLOCKED
363721,7.9,6.4,0.2,0.4,0.0,0,12.6,32.7,39.4,93,27,0x00,0,0x0000,0x00000000,0x00000400,97,FAULT_BLOCKED
363821,8.0,6.4,0.2,0.5,0.0,0,12.39,32.7,39.4,93,27,0x00,0,0x0000,0x00000000,0x00000400,97,FAULT_BLOCKED
363921,8.0,6.5,0.2,0.5,0.0,0,12.4,32.7,39.5,93,27,0x00,0,0x0000,0x00000000,0x00000400,97,FAULT_BLOCKED
364021,8.0,6.5,0.2,0.5,0.0,0,12.39,32.7,39.5,93,27,0x00,0,0x0000,0x00000000,0x00000400,97,FAULT_BLOCKED
364121,8.0,6.5,0.2,0.5,0.0,0,12.39,32.7,39.9,93,27,0x00,0,0x0000,0x00000000,0x00000400,99,FAULT_BLOCKED
364221,8.0,6.4,0.2,0.5,0.0,0,12.3,32.7,39.4,93,27,0x00,0,0x0000,0x00000000,0x00000400,97,FAULT_BLOCKED
364321,7.9,6.5,0.2,0.5,0.0,0,12.34,32.7,39.9,93,27,0x00,0,0x0000,0x00000000,0x00000400,99,FAULT_BLOCKED
364421,8.0,6.5,0.2,0.5,0.0,0,12.56,32.7,39.9,93,27,0x00,0,0x0000,0x00000000,0x00000400,99,FAULT_BLOCKED
364521,7.9,6.5,0.2,0.5,0.0,0,12.55,32.7,39.4,93,27,0x00,0,0x0000,0x00000000,0x00000400,97,FAULT_BLOCKED
364621,7.9,6.5,0.2,0.4,0.0,0,12.38,32.7,39.4,93,27,0x00,0,0x0000,0x00000000,0x00000400,97,FAULT_BLOCKED
364721,7.9,6.5,0.2,0.5,0.0,0,12.55,32.7,39.4,93,27,0x00,0,0x0000,0x00000000,0x00000400,97,FAULT_BLOCKED
364821,8.0,6.5,0.2,0.5,0.0,0,12.38,32.7,39.3,93,27,0x00,0,0x0000,0x00000000,0x00000400,96,FAULT_BLOCKED
364921,7.9,6.4,0.2,0.4,0.0,0,12.4,32.7,39.9,93,27,0x00,0,0x0000,0x00000000,0x00000400,99,FAULT_BLOCKED
365021,7.9,6.5,0.2,0.5,0.0,0,12.31,32.7,39.6,93,27,0x00,0,0x0000,0x00000000,0x00000400,98,FAULT_BLOCKED
365121,8.0,6.4,0.2,0.5,0.0,0,12.65,32.7,39.4,93,27,0x00,0,0x0000,0x00000000,0x00000400,97,FAULT_BLOCKED
365221,7.9,6.4,0.2,0.4,0.0,0,12.45,32.7,39.5,93,27,0x00,0,0x0000,0x00000000,0x00000400,97,FAULT_BLOCKED
365321,7.9,6.5,0.2,0.5,0.0,0,12.37,32.7,39.3,93,27,0x00,0,0x0000,0x00000000,0x00000400,96,FAULT_BLOCKED
365421,8.0,6.4,0.2,0.5,0.0,0,12.34,32.7,39.3,93,27,0x00,0,0x0000,0x00000000,0x00000400,96,FAULT_BLOCKED
365521,7.9,6.4,0.2,0.4,0.0,0,12.46,32.7,39.5,93,27,0x00,0,0x0000,0x00000000,0x00000400,97,FAULT_BLOCKED
365621,7.9,6.5,0.2,0.5,0.0,0,12.4,32.7,39.9,93,27,0x00,0,0x0000,0x00000000,0x00000400,99,FAULT_BLOCKED
365721,8.0,6.4,0.2,0.5,0.0,0,12.35,32.7,39.4,93,27,0x00,0,0x0000,0x00000000,0x00000400,97,FAULT_BLOCKED
365822,8.0,6.5,0.2,0.5,0.0,0,12.42,32.7,39.4,93,27,0x00,0,0x0000,0x00000000,0x00000400,97,FAULT_BLOCKED
365922,8.0,6.5,0.2,0.5,0.0,0,12.56,32.8,39.4,93,27,0x00,0,0x0000,0x00000000,0x00000400,97,FAULT_BLOCKED
366022,8.0,6.5,0.2,0.5,0.0,0,12.56,32.8,39.4,93,27,0x00,0,0x0000,0x00000000,0x00000400,97,FAULT_BLOCKED
366122,8.0,6.5,0.2,0.5,0.0,0,12.58,32.7,39.5,93,27,0x00,0,0x0000,0x00000000,0x00000400,97,FAULT_BLOCKED
366222,7.9,6.5,0.2,0.5,0.0,0,12.39,32.7,39.4,93,27,0x00,0,0x0000,0x00000000,0x00000400,97,FAULT_BLOCKED
366322,8.0,6.5,0.2,0.5,0.0,0,12.38,32.7,39.4,93,27,0x00,0,0x0000,0x00000000,0x00000400,97,FAULT_BLOCKED
366422,7.9,6.4,0.2,0.4,0.0,0,12.39,32.7,39.6,93,27,0x00,0,0x0000,0x00000000,0x00000400,98,FAULT_BLOCKED
366522,8.0,6.5,0.2,0.5,0.0,0,12.6,32.7,39.6,93,27,0x00,0,0x0000,0x00000000,0x00000400,98,FAULT_BLOCKED
366622,7.9,6.4,0.2,0.4,0.0,0,12.39,32.7,39.3,93,27,0x00,0,0x0000,0x00000000,0x00000400,96,FAULT_BLOCKED
366722,7.9,6.4,0.2,0.4,0.0,0,12.42,32.7,39.4,93,27,0x00,0,0x0000,0x00000000,0x00000400,97,FAULT_BLOCKED
366822,8.0,6.4,0.2,0.4,0.0,0,12.39,32.7,39.3,93,27,0x00,0,0x0000,0x00000000,0x00000400,96,FAULT_BLOCKED
366922,8.0,6.5,0.2,0.5,0.0,0,12.68,32.8,39.5,93,27,0x00,0,0x0000,0x00000000,0x00000400,97,FAULT_BLOCKED
367022,8.0,6.4,0.2,0.5,0.0,0,12.4,32.7,39.5,93,27,0x00,0,0x0000,0x00000000,0x00000400,97,FAULT_BLOCKED
367122,8.0,6.5,0.2,0.5,0.0,0,12.35,32.7,39.3,93,27,0x00,0,0x0000,0x00000000,0x00000400,96,FAULT_BLOCKED
367222,7.9,6.4,0.2,0.4,0.0,0,12.41,32.7,39.5,93,27,0x00,0,0x0000,0x00000000,0x00000400,97,FAULT_BLOCKED
367322,7.6,6.5,0.0,0.1,0.0,0,12.41,32.7,39.4,93,27,0x00,0,0x0000,0x00000000,0x00000400,97,FAULT_BLOCKED
367422,7.9,6.5,0.2,0.5,0.0,0,12.35,32.7,39.3,93,27,0x00,0,0x0000,0x00000000,0x00000400,96,FAULT_BLOCKED
367522,8.0,6.5,0.2,0.5,0.0,0,12.35,32.7,39.4,93,27,0x00,0,0x0000,0x00000000,0x00000400,97,FAULT_BLOCKED
367622,7.9,6.4,0.2,0.4,0.0,0,12.78,32.7,39.4,93,27,0x00,0,0x0000,0x00000000,0x00000400,97,FAULT_BLOCKED
367722,8.1,6.4,0.3,0.6,0.0,0,12.36,32.7,39.4,93,27,0x00,0,0x0000,0x00000000,0x00000400,97,FAULT_BLOCKED
367822,8.0,6.4,0.2,0.4,0.0,0,12.41,32.8,39.3,93,27,0x00,0,0x0000,0x00000000,0x00000400,96,FAULT_BLOCKED
367922,8.0,6.4,0.2,0.5,0.0,0,12.36,32.8,39.4,93,27,0x00,0,0x0000,0x00000000,0x00000400,97,FAULT_BLOCKED
368022,7.9,6.5,0.2,0.5,0.0,0,12.44,32.7,39.4,93,27,0x00,0,0x0000,0x00000000,0x00000400,97,FAULT_BLOCKED
368122,8.0,6.5,0.2,0.5,0.0,0,12.49,32.7,39.3,93,27,0x00,0,0x0000,0x00000000,0x00000400,96,FAULT_BLOCKED
368222,7.9,6.4,0.2,0.4,0.0,0,12.37,32.7,39.4,93,27,0x00,0,0x0000,0x00000000,0x00000400,97,FAULT_BLOCKED
368322,7.9,6.5,0.2,0.4,0.0,0,12.45,32.7,39.4,93,27,0x00,0,0x0000,0x00000000,0x00000400,97,FAULT_BLOCKED
368422,8.0,6.5,0.2,0.5,0.0,0,12.4,32.8,39.3,93,27,0x00,0,0x0000,0x00000000,0x00000400,96,FAULT_BLOCKED
368522,7.9,6.5,0.2,0.5,0.0,0,12.4,32.8,39.3,93,27,0x00,0,0x0000,0x00000000,0x00000400,96,FAULT_BLOCKED
368622,8.0,6.5,0.2,0.5,0.0,0,12.47,32.8,39.1,93,27,0x00,0,0x0000,0x00000000,0x00000400,95,FAULT_BLOCKED
368722,8.0,6.4,0.2,0.5,0.0,0,12.4,32.8,39.3,93,27,0x00,0,0x0000,0x00000000,0x00000400,96,FAULT_BLOCKED
368822,7.9,6.4,0.2,0.4,0.0,0,12.3,32.8,39.6,93,27,0x00,0,0x0000,0x00000000,0x00000400,98,FAULT_BLOCKED
368922,8.0,6.4,0.2,0.5,0.0,0,12.4,32.8,39.8,93,27,0x00,0,0x0000,0x00000000,0x00000400,99,FAULT_BLOCKED
369022,8.0,6.5,0.2,0.5,0.0,0,12.34,32.8,39.8,93,27,0x00,0,0x0000,0x00000000,0x00000400,99,FAULT_BLOCKED
369122,8.0,6.5,0.2,0.5,0.0,0,12.36,32.7,39.8,93,27,0x00,0,0x0000,0x00000000,0x00000400,99,FAULT_BLOCKED
369222,7.9,6.4,0.2,0.4,0.0,0,12.41,32.7,39.4,93,27,0x00,0,0x0000,0x00000000,0x00000400,97,FAULT_BLOCKED
369322,7.9,6.5,0.2,0.4,0.0,0,12.62,32.8,39.4,93,27,0x00,0,0x0000,0x00000000,0x00000400,97,FAULT_BLOCKED
369422,7.9,6.5,0.2,0.5,0.0,0,12.41,32.8,39.5,93,27,0x00,0,0x0000,0x00000000,0x00000400,97,FAULT_BLOCKED
369522,8.0,6.4,0.2,0.5,0.0,0,12.38,32.7,39.4,93,27,0x00,0,0x0000,0x00000000,0x00000400,97,FAULT_BLOCKED
369622,7.9,6.5,0.2,0.5,0.0,0,12.38,32.8,39.3,93,27,0x00,0,0x0000,0x00000000,0x00000400,96,FAULT_BLOCKED
369767,7.9,6.5,0.2,0.5,0.0,0,12.42,32.8,39.3,93,27,0x00,0,0x0000,0x00000000,0x00000400,96,FAULT_BLOCKED
369867,7.9,6.5,0.2,0.5,0.0,0,12.35,32.8,39.4,93,27,0x00,0,0x0000,0x00000000,0x00000400,97,FAULT_BLOCKED
369967,9.0,6.4,0.7,1.5,0.0,0,12.55,32.8,39.4,93,27,0x00,0,0x0000,0x00000000,0x00000400,97,FAULT_BLOCKED
370067,8.7,6.4,0.6,1.2,0.0,0,12.4,32.8,39.4,93,27,0x00,0,0x0000,0x00000000,0x00000400,97,FAULT_BLOCKED
370167,8.7,6.4,0.6,1.2,0.0,0,12.41,32.8,39.9,93,27,0x00,0,0x0000,0x00000000,0x00000400,99,FAULT_BLOCKED
370267,8.6,6.4,0.6,1.2,0.0,0,12.49,32.7,39.4,93,27,0x00,0,0x0000,0x00000000,0x00000400,97,FAULT_BLOCKED
370367,8.6,6.4,0.5,1.1,0.0,0,12.42,32.7,39.4,93,27,0x00,0,0x0000,0x00000000,0x00000400,97,FAULT_BLOCKED
370467,8.6,6.4,0.5,1.1,0.0,0,12.56,32.7,39.5,93,27,0x00,0,0x0000,0x00000000,0x00000400,97,FAULT_BLOCKED
370567,8.6,6.4,0.5,1.1,0.0,0,12.41,32.7,39.3,93,27,0x00,0,0x0000,0x00000000,0x00000400,96,FAULT_BLOCKED
370667,8.6,6.4,0.6,1.2,0.0,0,12.39,32.8,39.4,93,27,0x00,0,0x0000,0x00000000,0x00000400,97,FAULT_BLOCKED
370767,8.6,6.4,0.5,1.1,0.0,0,12.37,32.8,39.4,93,27,0x00,0,0x0000,0x00000000,0x00000400,97,FAULT_BLOCKED
370867,8.7,6.4,0.6,1.3,0.0,0,12.54,32.8,39.4,93,27,0x00,0,0x0000,0x00000000,0x00000400,97,FAULT_BLOCKED
370967,8.6,6.3,0.5,1.1,0.0,0,12.53,32.8,39.6,93,27,0x00,0,0x0000,0x00000000,0x00000400,98,FAULT_BLOCKED
371067,8.7,6.4,0.6,1.2,0.0,0,12.5,32.8,39.4,93,27,0x00,0,0x0000,0x00000000,0x00000400,97,FAULT_BLOCKED
371168,8.6,6.4,0.5,1.1,0.0,0,12.59,32.8,39.3,93,27,0x00,0,0x0000,0x00000000,0x00000400,96,FAULT_BLOCKED
371268,8.5,6.4,0.5,1.1,0.0,0,12.4,32.8,39.3,93,27,0x00,0,0x0000,0x00000000,0x00000400,96,FAULT_BLOCKED
371368,8.5,6.4,0.5,1.1,0.0,0,12.48,32.8,39.0,93,27,0x00,0,0x0000,0x00000000,0x00000400,95,FAULT_BLOCKED
371469,8.5,6.4,0.5,1.1,0.0,0,12.35,32.8,39.3,93,27,0x00,0,0x0000,0x00000000,0x00000400,96,FAULT_BLOCKED
371569,8.5,6.4,0.5,1.0,0.0,0,12.42,32.8,39.3,93,27,0x00,0,0x0000,0x00000000,0x00000400,96,FAULT_BLOCKED
371669,8.5,6.4,0.5,1.0,0.0,0,12.4,32.8,39.1,93,27,0x00,0,0x0000,0x00000000,0x00000400,95,FAULT_BLOCKED
371769,8.5,6.4,0.5,1.0,0.0,0,12.41,32.8,39.4,93,27,0x00,0,0x0000,0x00000000,0x00000400,97,FAULT_BLOCKED
371869,8.4,6.4,0.5,1.0,0.0,0,12.5,32.8,39.5,93,27,0x00,0,0x0000,0x00000000,0x00000400,97,FAULT_BLOCKED
371969,8.4,6.4,0.4,0.9,0.0,0,12.36,32.8,39.6,93,27,0x00,0,0x0000,0x00000000,0x00000400,98,FAULT_BLOCKED
372069,8.4,6.4,0.5,0.9,0.0,0,12.47,32.8,39.4,93,27,0x00,0,0x0000,0x00000000,0x00000400,97,FAULT_BLOCKED
372169,8.4,6.5,0.5,1.0,0.0,0,12.74,32.9,39.3,93,27,0x00,0,0x0000,0x00000000,0x00000400,96,FAULT_BLOCKED
372269,8.4,6.4,0.4,0.9,0.0,0,12.6,32.8,39.1,93,27,0x00,0,0x0000,0x00000000,0x00000400,95,FAULT_BLOCKED
372369,8.4,6.4,0.4,0.9,0.0,0,12.38,32.9,39.3,93,27,0x00,0,0x0000,0x00000000,0x00000400,96,FAULT_BLOCKED
372469,8.5,6.4,0.5,1.0,0.0,0,12.36,32.9,39.4,93,27,0x00,0,0x0000,0x00000000,0x00000400,97,FAULT_BLOCKED
372569,8.4,6.4,0.4,0.9,0.0,0,12.46,32.9,39.4,93,27,0x00,0,0x0000,0x00000000,0x00000400,97,FAULT_BLOCKED
372669,8.4,6.4,0.5,0.9,0.0,0,12.35,32.8,39.0,93,27,0x00,0,0x0000,0x00000000,0x00000400,95,FAULT_BLOCKED
372769,8.4,6.4,0.4,0.9,0.0,0,12.31,32.8,39.1,93,27,0x00,0,0x0000,0x00000000,0x00000400,95,FAULT_BLOCKED
372869,8.4,6.4,0.4,0.9,0.0,0,12.4,32.8,39.1,93,27,0x00,0,0x0000,0x00000000,0x00000400,95,FAULT_BLOCKED
372969,8.4,6.4,0.5,0.9,0.0,0,12.42,32.8,39.3,93,27,0x00,0,0x0000,0x00000000,0x00000400,96,FAULT_BLOCKED
373069,8.4,6.5,0.5,1.0,0.0,0,12.58,32.8,39.3,93,27,0x00,0,0x0000,0x00000000,0x00000400,96,FAULT_BLOCKED
373169,8.4,6.4,0.4,0.9,0.0,0,12.33,32.8,39.0,93,27,0x00,0,0x0000,0x00000000,0x00000400,95,FAULT_BLOCKED
373269,8.4,6.4,0.4,0.9,0.0,0,12.35,32.9,39.0,93,27,0x00,0,0x0000,0x00000000,0x00000400,95,FAULT_BLOCKED
373369,8.4,6.4,0.4,0.9,0.0,0,12.48,32.9,39.5,93,27,0x00,0,0x0000,0x00000000,0x00000400,97,FAULT_BLOCKED
373469,8.4,6.4,0.4,0.9,0.0,0,12.48,32.9,39.5,93,27,0x00,0,0x0000,0x00000000,0x00000400,97,FAULT_BLOCKED
373569,8.5,6.4,0.5,1.0,0.0,0,12.35,32.9,39.1,93,27,0x00,0,0x0000,0x00000000,0x00000400,95,FAULT_BLOCKED
373669,8.4,6.4,0.4,0.9,0.0,0,12.39,32.9,39.1,93,27,0x00,0,0x0000,0x00000000,0x00000400,95,FAULT_BLOCKED
373769,8.4,6.4,0.5,0.9,0.0,0,12.49,32.9,38.9,93,27,0x00,0,0x0000,0x00000000,0x00000400,94,FAULT_BLOCKED
373869,8.4,6.4,0.4,0.9,0.0,0,12.37,32.8,38.9,93,27,0x00,0,0x0000,0x00000000,0x00000400,94,FAULT_BLOCKED
373969,8.4,6.4,0.4,0.9,0.0,0,12.42,32.8,38.9,93,27,0x00,0,0x0000,0x00000000,0x00000400,94,FAULT_BLOCKED
374069,8.4,6.4,0.4,0.9,0.0,0,12.36,32.8,39.0,93,27,0x00,0,0x0000,0x00000000,0x00000400,95,FAULT_BLOCKED
374169,8.4,6.4,0.4,0.9,0.0,0,12.52,32.8,39.0,93,27,0x00,0,0x0000,0x00000000,0x00000400,95,FAULT_BLOCKED
374269,8.4,6.4,0.5,1.0,0.0,0,12.45,32.8,39.3,93,27,0x00,0,0x0000,0x00000000,0x00000400,96,FAULT_BLOCKED
374369,8.4,6.4,0.5,1.0,0.0,0,12.59,32.8,39.1,93,27,0x00,0,0x0000,0x00000000,0x00000400,95,FAULT_BLOCKED
374469,8.3,6.4,0.4,0.8,0.0,0,12.62,32.8,38.9,93,27,0x00,0,0x0000,0x00000000,0x00000400,94,FAULT_BLOCKED
374569,8.4,6.4,0.4,0.9,0.0,0,12.39,32.8,39.0,93,27,0x00,0,0x0000,0x00000000,0x00000400,95,FAULT_BLOCKED
374669,8.4,6.4,0.4,0.9,0.0,0,12.64,32.8,39.0,93,27,0x00,0,0x0000,0x00000000,0x00000400,95,FAULT_BLOCKED
374769,8.4,6.4,0.4,0.9,0.0,0,12.44,32.8,39.0,93,27,0x00,0,0x0000,0x00000000,0x00000400,95,FAULT_BLOCKED
374869,8.4,6.4,0.4,0.9,0.0,0,12.44,32.8,39.0,93,27,0x00,0,0x0000,0x00000000,0x00000400,95,FAULT_BLOCKED
374969,8.4,6.4,0.4,0.9,0.0,0,12.41,32.8,38.9,93,27,0x00,0,0x0000,0x00000000,0x00000400,94,FAULT_BLOCKED
375069,8.4,6.4,0.4,0.9,0.0,0,12.34,32.8,39.6,93,27,0x00,0,0x0000,0x00000000,0x00000400,98,FAULT_BLOCKED
375169,8.4,6.4,0.4,0.9,0.0,0,12.34,32.8,39.0,93,27,0x00,0,0x0000,0x00000000,0x00000400,95,FAULT_BLOCKED
375269,8.4,6.4,0.4,0.9,0.0,0,12.36,32.9,39.0,93,27,0x00,0,0x0000,0x00000000,0x00000400,95,FAULT_BLOCKED
375369,8.5,6.4,0.5,1.0,0.0,0,12.37,32.9,39.1,93,27,0x00,0,0x0000,0x00000000,0x00000400,95,FAULT_BLOCKED
375469,8.4,6.4,0.4,0.9,0.0,0,12.61,32.9,39.1,93,27,0x00,0,0x0000,0x00000000,0x00000400,95,FAULT_BLOCKED
375569,8.3,6.4,0.4,0.8,0.0,0,12.44,32.8,39.1,93,27,0x00,0,0x0000,0x00000000,0x00000400,95,FAULT_BLOCKED
375669,8.4,6.4,0.4,0.9,0.0,0,12.39,32.8,39.1,93,27,0x00,0,0x0000,0x00000000,0x00000400,95,FAULT_BLOCKED
375769,8.4,6.4,0.4,0.9,0.0,0,12.42,32.8,38.9,93,27,0x00,0,0x0000,0x00000000,0x00000400,94,FAULT_BLOCKED
375869,8.3,6.4,0.4,0.8,0.0,0,12.36,32.9,39.4,93,27,0x00,0,0x0000,0x00000000,0x00000400,97,FAULT_BLOCKED
375969,8.4,6.4,0.4,0.9,0.0,0,12.35,32.9,39.4,93,27,0x00,0,0x0000,0x00000000,0x00000400,97,FAULT_BLOCKED
376069,8.4,6.4,0.4,0.9,0.0,0,12.33,32.9,39.1,93,27,0x00,0,0x0000,0x00000000,0x00000400,95,FAULT_BLOCKED
376169,8.4,6.4,0.4,0.9,0.0,0,12.36,32.9,39.3,93,27,0x00,0,0x0000,0x00000000,0x00000400,96,FAULT_BLOCKED
376269,8.4,6.4,0.4,0.9,0.0,0,12.49,32.9,39.1,93,27,0x00,0,0x0000,0x00000000,0x00000400,95,FAULT_BLOCKED
376369,8.4,6.4,0.4,0.9,0.0,0,12.64,32.9,38.9,93,27,0x00,0,0x0000,0x00000000,0x00000400,94,FAULT_BLOCKED
376469,8.4,6.3,0.4,0.8,0.0,0,12.45,32.9,38.9,93,27,0x00,0,0x0000,0x00000000,0x00000400,94,FAULT_BLOCKED
376569,8.4,6.4,0.4,0.9,0.0,0,12.35,32.9,38.9,93,27,0x00,0,0x0000,0x00000000,0x00000400,94,FAULT_BLOCKED
376669,8.4,6.4,0.4,0.9,0.0,0,12.66,32.9,38.9,93,27,0x00,0,0x0000,0x00000000,0x00000400,94,FAULT_BLOCKED
376769,8.4,6.4,0.4,0.9,0.0,0,12.62,32.8,39.0,93,27,0x00,0,0x0000,0x00000000,0x00000400,95,FAULT_BLOCKED
376869,8.5,6.4,0.5,1.0,0.0,0,12.39,32.8,39.0,93,27,0x00,0,0x0000,0x00000000,0x00000400,95,FAULT_BLOCKED
376969,8.4,6.4,0.4,0.9,0.0,0,12.34,32.9,39.1,93,27,0x00,0,0x0000,0x00000000,0x00000400,95,FAULT_BLOCKED
377069,8.4,6.4,0.4,0.9,0.0,0,12.36,32.9,39.1,93,27,0x00,0,0x0000,0x00000000,0x00000400,95,FAULT_BLOCKED
377169,8.4,6.4,0.4,0.9,0.0,0,12.36,32.9,39.3,93,27,0x00,0,0x0000,0x00000000,0x00000400,96,FAULT_BLOCKED
377269,8.3,6.4,0.4,0.8,0.0,0,12.49,32.9,39.3,93,27,0x00,0,0x0000,0x00000000,0x00000400,96,FAULT_BLOCKED
377369,8.3,6.4,0.4,0.8,0.0,0,12.37,32.9,39.0,93,27,0x00,0,0x0000,0x00000000,0x00000400,95,FAULT_BLOCKED
377469,8.3,6.5,0.4,0.9,0.0,0,12.37,32.9,39.3,93,27,0x00,0,0x0000,0x00000000,0x00000400,96,FAULT_BLOCKED
377569,8.3,6.4,0.4,0.8,0.0,0,12.48,32.9,39.1,93,27,0x00,0,0x0000,0x00000000,0x00000400,95,FAULT_BLOCKED
377669,8.3,6.4,0.4,0.9,0.0,0,12.56,32.9,39.1,93,27,0x00,0,0x0000,0x00000000,0x00000400,95,FAULT_BLOCKED
377769,8.4,6.4,0.4,0.9,0.0,0,12.5,32.9,38.9,93,27,0x00,0,0x0000,0x00000000,0x00000400,94,FAULT_BLOCKED
377870,8.3,6.4,0.4,0.8,0.0,0,12.45,32.9,38.9,93,27,0x00,0,0x0000,0x00000000,0x00000400,94,FAULT_BLOCKED
377970,8.4,6.5,0.5,1.0,0.0,0,12.38,32.9,39.0,93,27,0x00,0,0x0000,0x00000000,0x00000400,95,FAULT_BLOCKED
378070,8.4,6.4,0.4,0.9,0.0,0,12.49,32.9,39.1,93,27,0x00,0,0x0000,0x00000000,0x00000400,95,FAULT_BLOCKED
378170,8.3,6.4,0.4,0.8,0.0,0,12.39,32.9,39.1,93,27,0x00,0,0x0000,0x00000000,0x00000400,95,FAULT_BLOCKED
378270,8.3,6.4,0.4,0.8,0.0,0,12.45,32.9,39.0,93,27,0x00,0,0x0000,0x00000000,0x00000400,95,FAULT_BLOCKED
378370,8.3,6.4,0.4,0.8,0.0,0,12.46,32.8,38.9,93,27,0x00,0,0x0000,0x00000000,0x00000400,94,FAULT_BLOCKED
378470,8.3,6.4,0.4,0.8,0.0,0,12.45,32.8,38.9,93,27,0x00,0,0x0000,0x00000000,0x00000400,94,FAULT_BLOCKED
378570,8.3,6.4,0.4,0.8,0.0,0,12.56,32.9,38.9,93,27,0x00,0,0x0000,0x00000000,0x00000400,94,FAULT_BLOCKED
378670,8.4,6.4,0.4,0.9,0.0,0,12.56,32.9,39.0,93,27,0x00,0,0x0000,0x00000000,0x00000400,95,FAULT_BLOCKED
378770,8.4,6.4,0.4,0.8,0.0,0,12.4,32.9,39.1,93,27,0x00,0,0x0000,0x00000000,0x00000400,95,FAULT_BLOCKED
378870,8.3,6.4,0.4,0.8,0.0,0,12.39,32.9,38.9,93,27,0x00,0,0x0000,0x00000000,0x00000400,94,FAULT_BLOCKED
378970,8.4,6.4,0.4,0.9,0.0,0,12.59,32.9,38.9,93,27,0x00,0,0x0000,0x00000000,0x00000400,94,FAULT_BLOCKED
379070,8.3,6.4,0.4,0.9,0.0,0,12.37,32.9,38.6,93,27,0x00,0,0x0000,0x00000000,0x00000400,93,FAULT_BLOCKED
379170,8.4,6.4,0.4,0.9,0.0,0,12.45,32.9,38.7,93,27,0x00,0,0x0000,0x00000000,0x00000400,93,FAULT_BLOCKED
379270,8.4,6.4,0.4,0.9,0.0,0,12.42,32.9,39.1,93,27,0x00,0,0x0000,0x00000000,0x00000400,95,FAULT_BLOCKED
379370,8.3,6.4,0.4,0.8,0.0,0,12.46,32.9,38.7,93,27,0x00,0,0x0000,0x00000000,0x00000400,93,FAULT_BLOCKED
379470,8.4,6.4,0.4,0.9,0.0,0,12.65,32.8,39.0,93,27,0x00,0,0x0000,0x00000000,0x00000400,95,FAULT_BLOCKED
379570,8.3,6.4,0.4,0.9,0.0,0,12.41,32.8,39.0,93,27,0x00,0,0x0000,0x00000000,0x00000400,95,FAULT_BLOCKED
379670,8.4,6.4,0.4,0.9,0.0,0,12.42,32.9,39.0,93,27,0x00,0,0x0000,0x00000000,0x00000400,95,FAULT_BLOCKED
379770,8.4,6.4,0.4,0.8,0.0,0,12.4,32.9,38.9,93,27,0x00,0,0x0000,0x00000000,0x00000400,94,FAULT_BLOCKED
379870,8.3,6.4,0.4,0.8,0.0,0,12.42,32.9,39.0,93,27,0x00,0,0x0000,0x00000000,0x00000400,95,FAULT_BLOCKED
379970,8.3,6.4,0.4,0.8,0.0,0,12.39,32.9,39.0,93,27,0x00,0,0x0000,0x00000000,0x00000400,95,FAULT_BLOCKED
380070,8.3,6.4,0.4,0.8,0.0,0,12.39,32.9,38.7,93,27,0x00,0,0x0000,0x00000000,0x00000400,93,FAULT_BLOCKED
380170,8.3,6.4,0.4,0.8,0.0,0,12.41,32.9,38.7,93,27,0x00,0,0x0000,0x00000000,0x00000400,93,FAULT_BLOCKED
380270,8.3,6.4,0.4,0.8,0.0,0,12.45,32.9,39.0,93,27,0x00,0,0x0000,0x00000000,0x00000400,95,FAULT_BLOCKED
380370,8.3,6.4,0.4,0.7,0.0,0,12.5,32.9,39.0,93,27,0x00,0,0x0000,0x00000000,0x00000400,95,FAULT_BLOCKED
380470,8.3,6.4,0.4,0.8,0.0,0,12.37,32.9,39.0,93,27,0x00,0,0x0000,0x00000000,0x00000400,95,FAULT_BLOCKED
380570,8.3,6.4,0.4,0.9,0.0,0,12.44,32.9,38.9,93,27,0x00,0,0x0000,0x00000000,0x00000400,94,FAULT_BLOCKED
380670,8.3,6.4,0.4,0.8,0.0,0,12.55,32.9,38.9,93,27,0x00,0,0x0000,0x00000000,0x00000400,94,FAULT_BLOCKED
380770,8.4,6.4,0.4,0.8,0.0,0,12.4,32.9,38.9,93,27,0x00,0,0x0000,0x00000000,0x00000400,94,FAULT_BLOCKED
380870,8.3,6.4,0.4,0.8,0.0,0,12.38,32.9,38.7,93,27,0x00,0,0x0000,0x00000000,0x00000400,93,FAULT_BLOCKED
380970,8.4,6.4,0.4,0.9,0.0,0,12.35,32.9,38.7,93,27,0x00,0,0x0000,0x00000000,0x00000400,93,FAULT_BLOCKED
381070,8.3,6.4,0.4,0.8,0.0,0,12.48,32.9,39.1,93,27,0x00,0,0x0000,0x00000000,0x00000400,95,FAULT_BLOCKED
381170,8.3,6.4,0.4,0.8,0.0,0,12.34,32.9,39.0,93,27,0x00,0,0x0000,0x00000000,0x00000400,95,FAULT_BLOCKED
381270,8.4,6.4,0.4,0.9,0.0,0,12.41,32.9,39.0,93,27,0x00,0,0x0000,0x00000000,0x00000400,95,FAULT_BLOCKED
381370,8.3,6.4,0.4,0.9,0.0,0,12.46,32.9,39.0,93,27,0x00,0,0x0000,0x00000000,0x00000400,95,FAULT_BLOCKED
381470,8.3,6.4,0.4,0.9,0.0,0,12.31,32.9,39.1,93,27,0x00,0,0x0000,0x00000000,0x00000400,95,FAULT_BLOCKED
381570,8.3,6.4,0.4,0.8,0.0,0,12.34,32.9,38.7,93,27,0x00,0,0x0000,0x00000000,0x00000400,93,FAULT_BLOCKED
381670,8.3,6.4,0.4,0.8,0.0,0,12.36,32.9,38.7,93,27,0x00,0,0x0000,0x00000000,0x00000400,93,FAULT_BLOCKED
381770,8.3,6.4,0.4,0.9,0.0,0,12.37,33.0,39.1,93,27,0x00,0,0x0000,0x00000000,0x00000400,95,FAULT_BLOCKED
381870,8.3,6.4,0.4,0.9,0.0,0,12.45,32.9,38.7,93,27,0x00,0,0x0000,0x00000000,0x00000400,93,FAULT_BLOCKED
381970,8.3,6.4,0.4,0.8,0.0,0,12.39,32.9,39.0,93,27,0x00,0,0x0000,0x00000000,0x00000400,95,FAULT_BLOCKED
382070,8.3,6.4,0.4,0.8,0.0,0,12.55,32.9,38.7,93,27,0x00,0,0x0000,0x00000000,0x00000400,93,FAULT_BLOCKED
382170,8.3,6.4,0.4,0.8,0.0,0,12.38,32.9,38.9,93,27,0x00,0,0x0000,0x00000000,0x00000400,94,FAULT_BLOCKED
382270,8.4,6.4,0.4,0.9,0.0,0,12.38,32.9,39.1,93,27,0x00,0,0x0000,0x00000000,0x00000400,95,FAULT_BLOCKED
382370,8.3,6.4,0.4,0.7,0.0,0,12.4,32.9,38.7,93,27,0x00,0,0x0000,0x00000000,0x00000400,93,FAULT_BLOCKED
382470,8.4,6.4,0.4,0.9,0.0,0,12.39,32.9,38.7,93,27,0x00,0,0x0000,0x00000000,0x00000400,93,FAULT_BLOCKED
382570,8.2,6.4,0.3,0.7,0.0,0,12.42,32.9,38.9,93,27,0x00,0,0x0000,0x00000000,0x00000400,94,FAULT_BLOCKED
382670,8.3,6.4,0.4,0.9,0.0,0,12.42,33.0,39.0,93,27,0x00,0,0x0000,0x00000000,0x00000400,95,FAULT_BLOCKED
382770,8.3,6.4,0.4,0.8,0.0,0,12.36,33.0,39.1,93,27,0x00,0,0x0000,0x00000000,0x00000400,95,FAULT_BLOCKED
382870,8.3,6.5,0.4,0.9,0.0,0,12.34,33.0,39.0,93,27,0x00,0,0x0000,0x00000000,0x00000400,95,FAULT_BLOCKED
382970,8.3,6.4,0.4,0.8,0.0,0,12.53,33.0,38.7,93,27,0x00,0,0x0000,0x00000000,0x00000400,93,FAULT_BLOCKED
383070,8.3,6.4,0.4,0.8,0.0,0,12.49,33.0,38.9,93,27,0x00,0,0x0000,0x00000000,0x00000400,94,FAULT_BLOCKED
383170,8.3,6.4,0.4,0.9,0.0,0,12.48,33.0,38.6,93,27,0x00,0,0x0000,0x00000000,0x00000400,93,FAULT_BLOCKED
383270,8.3,6.4,0.4,0.8,0.0,0,12.61,33.0,38.3,93,27,0x00,0,0x0000,0x00000000,0x00000400,91,FAULT_BLOCKED
383370,8.3,6.4,0.4,0.8,0.0,0,12.26,33.0,38.9,93,27,0x00,0,0x0000,0x00000000,0x00000400,94,FAULT_BLOCKED
383470,8.3,6.4,0.4,0.8,0.0,0,12.45,33.0,38.7,93,27,0x00,0,0x0000,0x00000000,0x00000400,93,FAULT_BLOCKED
383570,8.3,6.4,0.4,0.8,0.0,0,12.5,33.0,38.7,93,27,0x00,0,0x0000,0x00000000,0x00000400,93,FAULT_BLOCKED
383670,8.3,6.4,0.4,0.8,0.0,0,12.53,32.9,38.9,93,27,0x00,0,0x0000,0x00000000,0x00000400,94,FAULT_BLOCKED
383770,8.3,6.4,0.4,0.8,0.0,0,12.41,32.9,38.9,93,27,0x00,0,0x0000,0x00000000,0x00000400,94,FAULT_BLOCKED
383870,8.3,6.4,0.4,0.8,0.0,0,12.46,32.9,38.6,93,27,0x00,0,0x0000,0x00000000,0x00000400,93,FAULT_BLOCKED
383970,8.3,6.4,0.4,0.8,0.0,0,12.46,33.0,38.6,93,27,0x00,0,0x0000,0x00000000,0x00000400,93,FAULT_BLOCKED
384070,8.3,6.4,0.4,0.8,0.0,0,12.35,33.0,38.6,93,27,0x00,0,0x0000,0x00000000,0x00000400,93,FAULT_BLOCKED
384170,8.3,6.4,0.4,0.8,0.0,0,12.53,33.0,38.6,93,27,0x00,0,0x0000,0x00000000,0x00000400,93,FAULT_BLOCKED
384270,8.3,6.4,0.4,0.9,0.0,0,12.45,33.0,39.0,93,27,0x00,0,0x0000,0x00000000,0x00000400,95,FAULT_BLOCKED
384370,8.3,6.4,0.4,0.8,0.0,0,12.52,33.0,39.0,93,27,0x00,0,0x0000,0x00000000,0x00000400,95,FAULT_BLOCKED
384470,8.3,6.4,0.4,0.8,0.0,0,12.37,33.0,38.9,93,27,0x00,0,0x0000,0x00000000,0x00000400,94,FAULT_BLOCKED
384570,8.3,6.4,0.4,0.8,0.0,0,12.34,33.0,39.0,93,27,0x00,0,0x0000,0x00000000,0x00000400,95,FAULT_BLOCKED
384670,8.3,6.4,0.4,0.9,0.0,0,12.49,32.9,39.0,93,27,0x00,0,0x0000,0x00000000,0x00000400,95,FAULT_BLOCKED
384770,8.3,6.4,0.4,0.8,0.0,0,12.42,33.0,38.9,93,27,0x00,0,0x0000,0x00000000,0x00000400,94,FAULT_BLOCKED
384870,8.3,6.4,0.4,0.9,0.0,0,12.45,33.0,38.9,93,27,0x00,0,0x0000,0x00000000,0x00000400,94,FAULT_BLOCKED
384970,8.3,6.4,0.4,0.8,0.0,0,12.51,33.0,38.9,93,27,0x00,0,0x0000,0x00000000,0x00000400,94,FAULT_BLOCKED
385070,8.3,6.4,0.4,0.9,0.0,0,12.32,33.0,39.1,93,27,0x00,0,0x0000,0x00000000,0x00000400,95,FAULT_BLOCKED
385170,8.3,6.4,0.4,0.8,0.0,0,12.33,33.0,39.1,93,27,0x00,0,0x0000,0x00000000,0x00000400,95,FAULT_BLOCKED
385270,8.3,6.4,0.4,0.8,0.0,0,12.47,33.0,38.7,93,27,0x00,0,0x0000,0x00000000,0x00000400,93,FAULT_BLOCKED
385370,8.4,6.4,0.4,0.9,0.0,0,12.28,32.9,38.7,93,27,0x00,0,0x0000,0x00000000,0x00000400,93,FAULT_BLOCKED
385470,8.3,6.4,0.4,0.8,0.0,0,12.41,32.9,38.6,93,27,0x00,0,0x0000,0x00000000,0x00000400,93,FAULT_BLOCKED
385570,8.3,6.4,0.4,0.9,0.0,0,12.32,32.9,38.6,93,27,0x00,0,0x0000,0x00000000,0x00000400,93,FAULT_BLOCKED
385670,8.3,6.4,0.4,0.8,0.0,0,12.49,33.0,38.7,93,27,0x00,0,0x0000,0x00000000,0x00000400,93,FAULT_BLOCKED
385770,8.4,6.4,0.4,0.9,0.0,0,12.34,33.0,38.6,93,27,0x00,0,0x0000,0x00000000,0x00000400,93,FAULT_BLOCKED
385870,8.3,6.4,0.4,0.8,0.0,0,12.28,33.0,39.3,93,27,0x00,0,0x0000,0x00000000,0x00000400,96,FAULT_BLOCKED
385970,8.4,6.4,0.4,0.8,0.0,0,12.37,33.0,38.7,93,27,0x00,0,0x0000,0x00000000,0x00000400,93,FAULT_BLOCKED
386070,8.3,6.4,0.4,0.8,0.0,0,12.47,33.0,38.6,93,27,0x00,0,0x0000,0x00000000,0x00000400,93,FAULT_BLOCKED
386170,8.3,6.4,0.4,0.8,0.0,0,12.36,33.0,38.6,93,27,0x00,0,0x0000,0x00000000,0x00000400,93,FAULT_BLOCKED
386270,8.3,6.4,0.4,0.8,0.0,0,12.37,33.0,38.5,93,27,0x00,0,0x0000,0x00000000,0x00000400,92,FAULT_BLOCKED
386370,8.3,6.4,0.4,0.8,0.0,0,12.46,33.0,38.6,93,27,0x00,0,0x0000,0x00000000,0x00000400,93,FAULT_BLOCKED
386470,8.4,6.4,0.4,0.9,0.0,0,12.38,33.0,38.6,93,27,0x00,0,0x0000,0x00000000,0x00000400,93,FAULT_BLOCKED
386570,8.3,6.4,0.4,0.8,0.0,0,12.4,33.0,38.5,93,27,0x00,0,0x0000,0x00000000,0x00000400,92,FAULT_BLOCKED
386670,8.3,6.4,0.4,0.8,0.0,0,12.6,33.0,38.5,93,27,0x00,0,0x0000,0x00000000,0x00000400,92,FAULT_BLOCKED
386770,8.4,6.4,0.4,0.9,0.0,0,12.41,33.0,38.6,93,27,0x00,0,0x0000,0x00000000,0x00000400,93,FAULT_BLOCKED
386870,8.3,6.4,0.4,0.8,0.0,0,12.36,33.0,38.9,93,27,0x00,0,0x0000,0x00000000,0x00000400,94,FAULT_BLOCKED
386970,8.3,6.4,0.4,0.8,0.0,0,12.37,33.0,38.6,93,27,0x00,0,0x0000,0x00000000,0x00000400,93,FAULT_BLOCKED
387070,8.3,6.4,0.4,0.8,0.0,0,12.38,32.9,38.5,93,27,0x02,0,0x0000,0x00000000,0x00000000,92,READY_FOR_BUTTON
387170,8.2,6.4,0.3,0.7,0.0,0,12.41,33.0,38.5,93,27,0x02,0,0x0000,0x00000000,0x00000000,92,READY_FOR_BUTTON
387270,8.3,6.4,0.4,0.8,0.0,0,12.41,32.9,38.5,93,27,0x02,0,0x0000,0x00000000,0x00000000,92,READY_FOR_BUTTON
387370,8.4,6.4,0.4,0.9,0.0,0,12.41,32.9,38.5,93,27,0x02,0,0x0000,0x00000000,0x00000000,92,READY_FOR_BUTTON
387470,8.3,6.4,0.4,0.8,0.0,0,12.44,32.9,39.0,93,27,0x02,0,0x0000,0x00000000,0x00000000,95,READY_FOR_BUTTON
387570,8.3,6.4,0.4,0.8,0.0,0,12.36,32.9,38.5,93,27,0x02,0,0x0000,0x00000000,0x00000000,92,READY_FOR_BUTTON
387670,8.3,6.4,0.4,0.8,0.0,0,12.36,32.9,38.5,93,27,0x02,0,0x0000,0x00000000,0x00000000,92,READY_FOR_BUTTON
387770,8.3,6.4,0.4,0.8,0.0,0,12.39,33.0,38.6,93,27,0x02,0,0x0000,0x00000000,0x00000000,93,READY_FOR_BUTTON
387870,8.3,6.5,0.4,0.8,0.0,0,12.59,33.0,38.7,93,27,0x02,0,0x0000,0x00000000,0x00000000,93,READY_FOR_BUTTON
387970,8.3,6.4,0.4,0.8,0.0,0,12.37,33.0,38.6,93,27,0x02,0,0x0000,0x00000000,0x00000000,93,READY_FOR_BUTTON
388070,8.3,6.4,0.4,0.8,0.0,0,12.4,33.0,38.6,93,27,0x02,0,0x0000,0x00000000,0x00000000,93,READY_FOR_BUTTON
388170,8.3,6.4,0.4,0.8,0.0,0,12.39,33.0,38.9,93,27,0x02,0,0x0000,0x00000000,0x00000000,94,READY_FOR_BUTTON
388270,8.3,6.5,0.4,0.9,0.0,0,12.42,33.0,38.2,93,27,0x02,0,0x0000,0x00000000,0x00000000,90,READY_FOR_BUTTON
388370,8.3,6.4,0.4,0.8,0.0,0,12.44,32.9,38.5,93,27,0x02,0,0x0000,0x00000000,0x00000000,92,READY_FOR_BUTTON
388471,8.2,6.4,0.4,0.7,0.0,0,12.39,32.9,38.2,93,27,0x02,0,0x0000,0x00000000,0x00000000,90,READY_FOR_BUTTON
388571,8.3,6.5,0.4,0.9,0.0,0,12.41,32.9,38.5,93,27,0x02,0,0x0000,0x00000000,0x00000000,92,READY_FOR_BUTTON
388671,8.3,6.4,0.4,0.9,0.0,0,12.45,32.9,38.3,93,27,0x02,0,0x0000,0x00000000,0x00000000,91,READY_FOR_BUTTON
388771,8.3,6.4,0.4,0.8,0.0,0,12.42,33.0,38.9,93,27,0x02,0,0x0000,0x00000000,0x00000000,94,READY_FOR_BUTTON
388871,8.3,6.4,0.4,0.8,0.0,0,12.6,33.0,38.9,93,27,0x02,0,0x0000,0x00000000,0x00000000,94,READY_FOR_BUTTON
388971,8.3,6.4,0.4,0.8,0.0,0,12.34,33.0,38.5,93,27,0x02,0,0x0000,0x00000000,0x00000000,92,READY_FOR_BUTTON
389071,8.3,6.4,0.4,0.8,0.0,0,12.35,33.0,38.5,93,27,0x02,0,0x0000,0x00000000,0x00000000,92,READY_FOR_BUTTON
389171,8.3,6.4,0.4,0.8,0.0,0,12.35,33.0,38.6,93,27,0x02,0,0x0000,0x00000000,0x00000000,93,READY_FOR_BUTTON
389271,8.3,6.5,0.4,0.9,0.0,0,12.35,33.0,38.2,93,27,0x02,0,0x0000,0x00000000,0x00000000,90,READY_FOR_BUTTON
389371,8.3,6.4,0.4,0.9,0.0,0,12.35,33.0,38.3,93,27,0x02,0,0x0000,0x00000000,0x00000000,91,READY_FOR_BUTTON
389471,8.3,6.4,0.4,0.8,0.0,0,12.38,33.0,38.2,93,27,0x02,0,0x0000,0x00000000,0x00000000,90,READY_FOR_BUTTON
389571,8.3,6.4,0.4,0.8,0.0,0,12.52,33.0,38.2,93,27,0x02,0,0x0000,0x00000000,0x00000000,90,READY_FOR_BUTTON
389671,8.3,6.4,0.4,0.8,0.0,0,12.35,32.9,38.7,93,27,0x02,0,0x0000,0x00000000,0x00000000,93,READY_FOR_BUTTON
389771,8.3,6.4,0.4,0.9,0.0,0,12.41,33.0,39.0,93,27,0x02,0,0x0000,0x00000000,0x00000000,95,READY_FOR_BUTTON
389871,8.3,6.4,0.4,0.8,0.0,0,12.36,32.9,38.9,93,27,0x02,0,0x0000,0x00000000,0x00000000,94,READY_FOR_BUTTON
389971,8.3,6.4,0.4,0.8,0.0,0,12.42,32.9,38.9,93,27,0x02,0,0x0000,0x00000000,0x00000000,94,READY_FOR_BUTTON
390071,8.2,6.4,0.4,0.7,0.0,0,12.42,32.9,38.9,93,27,0x02,0,0x0000,0x00000000,0x00000000,94,READY_FOR_BUTTON
390171,8.3,6.5,0.4,0.8,0.0,0,12.4,33.0,38.3,93,27,0x02,0,0x0000,0x00000000,0x00000000,91,READY_FOR_BUTTON
390271,8.3,6.4,0.4,0.8,0.0,0,12.37,33.0,38.3,93,27,0x02,0,0x0000,0x00000000,0x00000000,91,READY_FOR_BUTTON
390371,8.2,6.4,0.4,0.8,0.0,0,12.39,33.0,38.6,93,27,0x02,0,0x0000,0x00000000,0x00000000,93,READY_FOR_BUTTON
390471,8.3,6.4,0.4,0.9,0.0,0,12.51,33.0,38.3,93,27,0x02,0,0x0000,0x00000000,0x00000000,91,READY_FOR_BUTTON
390571,8.3,6.4,0.4,0.8,0.0,0,12.36,33.0,38.3,93,27,0x02,0,0x0000,0x00000000,0x00000000,91,READY_FOR_BUTTON
390671,8.3,6.4,0.4,0.8,0.0,0,12.49,33.0,38.5,93,27,0x02,0,0x0000,0x00000000,0x00000000,92,READY_FOR_BUTTON
390771,8.4,6.4,0.4,0.9,0.0,0,12.35,33.0,38.5,93,27,0x02,0,0x0000,0x00000000,0x00000000,92,READY_FOR_BUTTON
390871,8.3,6.5,0.4,0.8,0.0,0,12.65,33.0,38.5,93,27,0x02,0,0x0000,0x00000000,0x00000000,92,READY_FOR_BUTTON
390971,8.3,6.4,0.4,0.8,0.0,0,12.6,33.0,38.5,93,27,0x02,0,0x0000,0x00000000,0x00000000,92,READY_FOR_BUTTON
391071,8.3,6.4,0.4,0.8,0.0,0,12.32,33.0,38.5,93,27,0x02,0,0x0000,0x00000000,0x00000000,92,READY_FOR_BUTTON
391171,8.3,6.4,0.4,0.8,0.0,0,12.42,33.0,38.5,93,27,0x02,0,0x0000,0x00000000,0x00000000,92,READY_FOR_BUTTON
391271,8.3,6.5,0.4,0.9,0.0,0,12.36,33.0,38.3,93,27,0x02,0,0x0000,0x00000000,0x00000000,91,READY_FOR_BUTTON
391371,8.3,6.4,0.4,0.8,0.0,0,12.48,33.0,38.3,93,27,0x02,0,0x0000,0x00000000,0x00000000,91,READY_FOR_BUTTON
391471,8.3,6.4,0.4,0.9,0.0,0,12.39,33.0,38.3,93,27,0x02,0,0x0000,0x00000000,0x00000000,91,READY_FOR_BUTTON
391571,8.3,6.5,0.4,0.8,0.0,0,12.4,33.0,38.3,93,27,0x02,0,0x0000,0x00000000,0x00000000,91,READY_FOR_BUTTON
391671,8.3,6.4,0.4,0.8,0.0,0,12.4,33.0,38.2,93,27,0x02,0,0x0000,0x00000000,0x00000000,90,READY_FOR_BUTTON
391771,8.3,6.4,0.4,0.8,0.0,0,12.47,33.0,38.9,93,27,0x02,0,0x0000,0x00000000,0x00000000,94,READY_FOR_BUTTON
391871,8.3,6.4,0.4,0.8,0.0,0,12.37,33.0,38.5,93,27,0x02,0,0x0000,0x00000000,0x00000000,92,READY_FOR_BUTTON
391971,8.3,6.4,0.4,0.8,0.0,0,12.37,33.0,38.3,93,27,0x02,0,0x0000,0x00000000,0x00000000,91,READY_FOR_BUTTON
392071,8.3,6.4,0.4,0.8,0.0,0,12.37,33.0,38.3,93,27,0x02,0,0x0000,0x00000000,0x00000000,91,READY_TO_DRIVE
392171,8.3,6.4,0.4,0.8,0.0,0,12.02,33.0,37.8,93,27,0x02,0,0x0000,0x00000000,0x00000000,88,READY_TO_DRIVE
392271,8.3,6.4,0.4,0.8,0.0,0,12.28,33.2,38.2,93,27,0x02,0,0x0000,0x00000000,0x00000000,90,READY_TO_DRIVE
392371,8.3,6.5,0.4,0.8,0.0,0,12.12,33.2,38.2,93,27,0x02,0,0x0000,0x00000000,0x00000000,90,READY_TO_DRIVE
392471,8.3,6.4,0.4,0.8,0.0,0,12.07,33.0,38.2,93,27,0x02,0,0x0000,0x00000000,0x00000000,90,READY_TO_DRIVE
392571,8.3,6.4,0.4,0.8,0.0,0,12.2,33.0,38.2,93,27,0x02,0,0x0000,0x00000000,0x00000000,90,READY_TO_DRIVE
392671,8.3,6.4,0.4,0.8,0.0,0,12.13,32.9,38.2,93,27,0x02,0,0x0000,0x00000000,0x00000000,90,READY_TO_DRIVE
392771,8.3,6.4,0.4,0.8,0.0,0,12.05,32.9,38.2,93,27,0x02,0,0x0000,0x00000000,0x00000000,90,READY_TO_DRIVE
392871,8.3,6.4,0.4,0.8,0.0,0,12.13,33.0,38.2,93,27,0x02,0,0x0000,0x00000000,0x00000000,90,READY_TO_DRIVE
392971,8.3,6.4,0.4,0.8,0.0,0,12.24,33.0,38.3,93,27,0x02,0,0x0000,0x00000000,0x00000000,91,READY_TO_DRIVE
393071,8.3,6.4,0.4,0.8,0.0,0,12.11,33.0,37.9,93,27,0x02,0,0x0000,0x00000000,0x00000000,89,READY_TO_DRIVE
393171,8.2,6.4,0.4,0.8,0.0,0,12.09,33.0,38.1,93,27,0x02,0,0x0000,0x00000000,0x00000000,90,READY_TO_DRIVE
393271,8.2,6.4,0.3,0.7,0.0,0,12.19,33.1,38.2,93,27,0x02,0,0x0000,0x00000000,0x00000000,90,READY_TO_DRIVE
393371,8.3,6.4,0.4,0.8,0.0,0,12.11,33.1,36.8,93,27,0x02,0,0x0000,0x00000000,0x00000000,83,READY_TO_DRIVE
393471,7.1,4.8,0.0,0.0,0.0,0,12.26,33.1,38.1,93,27,0x02,0,0x0000,0x00000000,0x00000000,90,READY_TO_DRIVE
393571,7.4,4.8,0.0,0.0,0.0,0,11.77,33.1,38.1,93,27,0x02,0,0x0000,0x00000000,0x00000000,90,READY_TO_DRIVE
393671,7.4,4.8,0.0,0.0,0.0,0,12.3,33.0,37.3,93,27,0x02,0,0x0000,0x00000000,0x00000000,86,READY_TO_DRIVE
393771,7.4,4.8,0.0,0.0,0.0,0,12.22,33.0,37.3,93,27,0x02,0,0x0000,0x00000000,0x00000000,86,READY_TO_DRIVE
393871,7.4,4.8,0.0,0.0,0.0,0,12.08,33.1,37.9,93,27,0x02,0,0x0000,0x00000000,0x00000000,89,READY_TO_DRIVE
393971,7.4,4.1,0.0,0.0,0.0,0,12.05,33.0,37.9,93,27,0x02,0,0x0000,0x00000000,0x00000000,89,READY_TO_DRIVE
394071,7.4,4.0,0.0,0.0,0.0,0,12.16,33.1,38.3,93,27,0x02,0,0x0000,0x00000000,0x00000000,91,READY_TO_DRIVE
394171,7.4,4.0,0.0,0.0,0.0,0,12.12,33.1,38.3,93,27,0x02,0,0x0000,0x00000000,0x00000000,91,READY_TO_DRIVE
394271,7.4,4.0,0.0,0.0,0.0,0,12.06,33.0,37.9,93,27,0x02,0,0x0000,0x00000000,0x00000000,89,READY_TO_DRIVE
394371,7.4,3.8,0.0,0.0,0.0,0,12.17,33.0,37.9,93,27,0x02,0,0x0000,0x00000000,0x00000000,89,READY_TO_DRIVE
394471,7.4,3.8,0.0,0.0,0.0,0,12.07,33.0,38.1,93,27,0x02,0,0x0000,0x00000000,0x00000000,90,READY_TO_DRIVE
394571,7.4,3.8,0.0,0.0,0.0,0,12.07,33.0,38.1,93,27,0x02,0,0x0000,0x00000000,0x00000000,90,READY_TO_DRIVE
394671,7.4,3.8,0.0,0.0,0.0,0,12.05,33.0,38.2,93,27,0x02,0,0x0000,0x00000000,0x00000000,90,READY_TO_DRIVE
394771,7.4,3.7,0.0,0.0,0.0,0,12.08,33.0,37.9,93,27,0x02,0,0x0000,0x00000000,0x00000000,89,READY_TO_DRIVE
394871,7.4,3.6,0.0,0.0,0.0,0,12.1,32.9,38.3,93,27,0x02,0,0x0000,0x00000000,0x00000000,91,READY_TO_DRIVE
394971,7.4,3.6,0.0,0.0,0.0,0,12.1,32.8,37.8,93,27,0x02,0,0x0000,0x00000000,0x00000000,88,READY_TO_DRIVE
395071,7.4,3.7,0.0,0.0,0.0,0,12.22,33.0,37.9,93,27,0x02,0,0x0000,0x00000000,0x00000000,89,READY_TO_DRIVE
395171,7.5,3.7,0.0,0.0,0.0,0,12.13,33.0,37.8,93,27,0x02,0,0x0000,0x00000000,0x00000000,88,READY_TO_DRIVE
395271,7.4,3.6,0.0,0.0,0.0,0,12.38,33.0,38.3,93,27,0x02,0,0x0000,0x00000000,0x00000000,91,READY_TO_DRIVE
395371,7.4,3.5,0.0,0.0,0.0,0,12.09,33.2,38.1,93,27,0x02,0,0x0000,0x00000000,0x00000000,90,READY_TO_DRIVE
395471,7.4,3.6,0.0,0.0,0.0,0,12.2,33.2,38.1,93,27,0x02,0,0x0000,0x00000000,0x00000000,90,READY_TO_DRIVE
395571,7.4,3.4,0.0,0.0,0.0,0,12.28,32.9,37.8,93,27,0x02,0,0x0000,0x00000000,0x00000000,88,READY_TO_DRIVE
395671,7.4,3.5,0.0,0.0,0.0,0,12.17,32.9,37.8,93,27,0x02,0,0x0000,0x00000000,0x00000000,88,READY_TO_DRIVE
395771,7.4,3.4,0.0,0.0,0.0,0,12.17,32.9,37.8,93,27,0x02,0,0x0000,0x00000000,0x00000000,88,READY_TO_DRIVE
395871,7.4,3.4,0.0,0.0,0.0,0,12.04,32.9,37.8,93,27,0x02,0,0x0000,0x00000000,0x00000000,88,READY_TO_DRIVE
395971,7.4,3.4,0.0,0.0,0.0,0,12.07,33.0,37.8,93,27,0x02,0,0x0000,0x00000000,0x00000000,88,READY_TO_DRIVE
396071,7.5,3.4,0.0,0.0,0.0,0,12.18,33.0,37.8,93,27,0x02,0,0x0000,0x00000000,0x00000000,88,READY_TO_DRIVE
396171,7.9,3.4,0.0,0.0,0.0,0,12.1,33.0,38.1,93,27,0x02,0,0x0000,0x00000000,0x00000000,90,READY_TO_DRIVE
396271,10.7,5.9,1.4,3.0,0.0,0,11.93,33.0,38.1,93,27,0x02,0,0x0000,0x00000000,0x00000000,90,READY_TO_DRIVE
396371,10.7,5.8,1.3,2.8,0.0,0,12.16,33.1,37.9,93,27,0x02,0,0x0000,0x00000000,0x00000000,89,READY_TO_DRIVE
396471,10.7,5.8,1.4,2.9,0.0,0,12.28,33.1,37.9,93,27,0x02,0,0x0000,0x00000000,0x00000000,89,READY_TO_DRIVE
396571,10.7,5.8,1.4,2.9,0.0,0,12.16,33.0,38.3,93,27,0x02,0,0x0000,0x00000000,0x00000000,91,READY_TO_DRIVE
396672,12.1,7.4,3.0,6.2,0.0,0,12.09,33.0,38.1,93,27,0x02,0,0x0000,0x00000000,0x00000000,90,READY_TO_DRIVE
396772,12.2,7.4,3.0,6.2,0.0,0,12.09,33.1,38.1,93,27,0x02,0,0x0000,0x00000000,0x00000000,90,READY_TO_DRIVE
396872,12.9,8.2,3.8,8.0,0.0,0,12.09,33.1,38.1,93,27,0x02,0,0x0000,0x00000000,0x00000000,90,READY_TO_DRIVE
396972,12.9,8.2,3.8,8.0,0.0,0,12.12,33.0,38.1,93,27,0x02,0,0x0000,0x00000000,0x00000000,90,READY_TO_DRIVE
397072,13.6,9.1,4.7,9.8,0.0,0,12.23,33.0,38.1,93,27,0x02,0,0x0000,0x00000000,0x00000000,90,READY_TO_DRIVE
397174,14.5,9.9,5.6,11.7,0.0,0,12.14,33.1,38.2,93,27,0x02,0,0x0000,0x00000000,0x00000000,90,READY_TO_DRIVE
397274,14.6,9.9,5.6,11.8,0.0,0,12.21,32.9,38.2,93,27,0x02,0,0x0000,0x00000000,0x00000000,90,READY_TO_DRIVE
397374,14.5,10.0,5.7,11.9,0.0,0,12.18,32.9,38.2,93,27,0x02,0,0x0000,0x00000000,0x00000000,90,READY_TO_DRIVE
397474,14.5,10.0,5.7,11.9,0.0,0,12.36,32.9,38.2,93,27,0x02,0,0x0000,0x00000000,0x00000000,90,READY_TO_DRIVE
397574,14.5,10.0,5.6,11.8,0.0,0,12.58,32.9,38.1,93,27,0x02,0,0x0000,0x00000000,0x00000000,90,READY_TO_DRIVE
397674,15.2,10.7,6.4,13.4,0.0,0,12.22,32.9,38.1,93,27,0x02,0,0x0000,0x00000000,0x00000000,90,READY_TO_DRIVE
397774,16.7,12.3,8.0,16.9,-0.1,0,12.25,33.2,38.1,93,27,0x02,0,0x0000,0x00000000,0x00000000,90,READY_TO_DRIVE
397874,16.7,12.3,8.1,16.9,-0.1,0,12.01,33.2,38.1,93,27,0x02,0,0x0000,0x00000000,0x00000000,90,READY_TO_DRIVE
397975,18.2,13.8,9.7,20.3,-0.1,0,12.01,33.1,38.2,93,27,0x02,0,0x0000,0x00000000,0x00000000,90,READY_TO_DRIVE
398075,18.2,13.8,9.7,20.4,-0.2,0,12.04,33.1,38.1,93,27,0x02,0,0x0000,0x00000000,0x00000000,90,READY_TO_DRIVE
398175,18.2,13.8,9.7,20.3,-0.2,0,12.01,33.1,38.2,93,27,0x02,0,0x0000,0x00000000,0x00000000,90,READY_TO_DRIVE
398275,18.2,13.8,9.7,20.4,-0.2,0,12.08,33.1,38.2,93,27,0x02,0,0x0000,0x00000000,0x00000000,90,READY_TO_DRIVE
398375,18.2,13.8,9.7,20.4,-0.1,0,12.07,33.1,37.8,93,27,0x02,0,0x0000,0x00000000,0x00000000,88,READY_TO_DRIVE
398475,17.2,12.4,8.4,17.6,-0.1,0,12.1,33.1,37.9,93,27,0x02,0,0x0000,0x00000000,0x00000000,89,READY_TO_DRIVE
398575,17.1,12.4,8.3,17.5,-0.2,0,12.09,33.1,38.1,93,27,0x02,0,0x0000,0x00000000,0x00000000,90,READY_TO_DRIVE
398675,15.7,11.0,6.8,14.3,-0.2,0,12.13,33.1,38.1,93,27,0x02,0,0x0000,0x00000000,0x00000000,90,READY_TO_DRIVE
398775,14.3,9.4,5.2,10.9,-0.2,0,12.08,33.0,38.2,93,27,0x02,0,0x0000,0x00000000,0x00000000,90,READY_TO_DRIVE
398875,12.1,7.1,2.8,5.9,-0.1,0,12.25,33.0,38.2,93,27,0x02,0,0x0000,0x00000000,0x00000000,90,READY_TO_DRIVE
398975,11.3,6.4,2.0,4.2,0.0,0,12.02,33.0,38.2,93,27,0x02,0,0x0000,0x00000000,0x00000000,90,READY_TO_DRIVE
399075,10.9,5.7,1.4,3.0,0.0,0,12.02,33.0,37.9,93,27,0x02,0,0x0000,0x00000000,0x00000000,89,READY_TO_DRIVE
399175,9.7,5.6,0.7,1.5,0.0,0,12.2,33.0,37.9,93,27,0x02,0,0x0000,0x00000000,0x00000000,89,READY_TO_DRIVE
399275,9.6,5.7,0.7,1.5,0.0,0,12.14,33.0,37.9,93,27,0x02,0,0x0000,0x00000000,0x00000000,89,READY_TO_DRIVE
399375,9.6,5.6,0.7,1.4,0.0,0,12.53,33.0,37.9,93,27,0x02,0,0x0000,0x00000000,0x00000000,89,READY_TO_DRIVE
399477,9.5,5.7,0.6,1.3,0.0,0,12.53,33.0,38.3,93,27,0x02,0,0x0000,0x00000000,0x00000000,91,READY_TO_DRIVE
399577,9.6,5.7,0.7,1.4,0.0,0,12.13,33.0,37.8,93,27,0x02,0,0x0000,0x00000000,0x00000000,88,READY_TO_DRIVE
399677,9.6,5.6,0.7,1.4,0.0,0,12.13,33.0,37.8,93,27,0x02,0,0x0000,0x00000000,0x00000000,88,READY_TO_DRIVE
399777,9.5,5.6,0.6,1.3,0.0,0,12.22,33.1,38.2,93,27,0x02,0,0x0000,0x00000000,0x00000000,90,READY_TO_DRIVE
399877,9.5,5.6,0.6,1.3,0.0,0,12.17,33.1,38.1,93,27,0x02,0,0x0000,0x00000000,0x00000000,90,READY_TO_DRIVE
399977,9.5,5.6,0.6,1.3,0.0,0,12.17,33.1,38.1,93,27,0x02,0,0x0000,0x00000000,0x00000000,90,READY_TO_DRIVE
400077,9.5,5.6,0.6,1.3,0.0,0,12.22,33.1,37.8,93,27,0x02,0,0x0000,0x00000000,0x00000000,88,READY_TO_DRIVE
400177,9.5,5.7,0.6,1.3,0.0,0,12.22,32.8,37.8,93,27,0x02,0,0x0000,0x00000000,0x00000000,88,READY_TO_DRIVE
400277,9.5,5.6,0.6,1.3,0.0,0,12.22,32.8,37.8,93,27,0x02,0,0x0000,0x00000000,0x00000000,88,READY_TO_DRIVE
400377,9.5,5.6,0.6,1.3,0.0,0,12.11,33.0,37.8,93,27,0x02,0,0x0000,0x00000000,0x00000000,88,READY_TO_DRIVE
400477,9.5,5.6,0.6,1.3,0.0,0,12.22,33.0,37.8,93,27,0x02,0,0x0000,0x00000000,0x00000000,88,READY_TO_DRIVE
400577,9.7,5.6,0.7,1.5,0.0,0,12.22,33.0,37.8,93,27,0x02,0,0x0000,0x00000000,0x00000000,88,READY_TO_DRIVE
400677,9.5,5.6,0.6,1.3,0.0,0,12.28,33.1,38.1,93,27,0x02,0,0x0000,0x00000000,0x00000000,90,READY_TO_DRIVE
400777,9.6,5.6,0.6,1.3,0.0,0,12.32,33.1,37.9,93,27,0x02,0,0x0000,0x00000000,0x00000000,89,READY_TO_DRIVE
400877,9.5,5.6,0.6,1.3,0.0,0,12.09,33.1,37.8,93,27,0x02,0,0x0000,0x00000000,0x00000000,88,READY_TO_DRIVE
400977,9.6,5.7,0.7,1.4,0.0,0,12.2,33.1,37.8,93,27,0x02,0,0x0000,0x00000000,0x00000000,88,READY_TO_DRIVE
401077,9.5,5.6,0.6,1.3,0.0,0,12.28,33.0,37.9,93,27,0x02,0,0x0000,0x00000000,0x00000000,89,READY_TO_DRIVE
401177,9.6,5.6,0.6,1.3,0.0,0,12.12,33.0,38.3,93,27,0x02,0,0x0000,0x00000000,0x00000000,91,READY_TO_DRIVE
401277,9.6,5.6,0.6,1.4,0.0,0,12.2,33.0,38.3,93,27,0x02,0,0x0000,0x00000000,0x00000000,91,READY_TO_DRIVE
401377,9.6,5.7,0.7,1.4,0.0,0,12.06,33.0,38.3,93,27,0x02,0,0x0000,0x00000000,0x00000000,91,READY_TO_DRIVE
401477,9.5,5.6,0.6,1.3,0.0,0,12.07,32.9,38.2,93,27,0x02,0,0x0000,0x00000000,0x00000000,90,READY_TO_DRIVE
401577,9.4,5.7,0.6,1.2,0.0,0,12.04,32.9,38.1,93,27,0x02,0,0x0000,0x00000000,0x00000000,90,READY_TO_DRIVE
401677,9.5,5.6,0.6,1.3,0.0,0,12.11,33.0,37.5,93,27,0x02,0,0x0000,0x00000000,0x00000000,87,READY_TO_DRIVE
401777,9.5,5.6,0.6,1.3,0.0,0,12.13,33.1,38.3,93,27,0x02,0,0x0000,0x00000000,0x00000000,91,READY_TO_DRIVE
401877,9.5,5.6,0.6,1.3,0.0,0,12.11,33.0,38.3,93,27,0x02,0,0x0000,0x00000000,0x00000000,91,READY_TO_DRIVE
401982,9.5,5.6,0.6,1.3,0.0,0,12.24,33.0,38.3,93,27,0x02,0,0x0000,0x00000000,0x00000400,91,READY_TO_DRIVE
402082,9.5,5.6,0.6,1.3,0.1,0,12.07,33.0,37.3,93,27,0x00,0,0x0000,0x00000000,0x00000000,86,FAULT_BLOCKED
402182,9.5,5.6,0.6,1.3,0.0,0,12.1,33.0,37.8,93,27,0x00,0,0x0000,0x00000000,0x00000000,88,FAULT_BLOCKED
402292,9.5,5.6,0.6,1.3,0.0,0,12.13,33.1,37.7,93,27,0x00,0,0x0000,0x00000000,0x00000400,88,FAULT_BLOCKED
402392,9.5,5.6,0.6,1.3,0.0,0,12.49,33.1,37.7,93,27,0x00,0,0x0000,0x00000000,0x00000400,88,FAULT_BLOCKED
402495,9.5,5.7,0.6,1.3,0.0,0,12.68,33.1,38.3,93,27,0x00,0,0x0000,0x00000000,0x00000400,91,FAULT_BLOCKED
402595,9.4,5.8,0.6,1.4,0.0,0,6.12,33.1,38.3,93,27,0x00,0,0x0000,0x00000000,0x00000400,91,FAULT_BLOCKED
402695,9.5,5.7,0.6,1.3,0.0,0,6.12,33.1,38.3,93,27,0x00,0,0x0000,0x00000000,0x00000400,91,FAULT_BLOCKED
