t_ms,apps1_pct,apps2_pct,pedal_pct,desired_torque_nm,power_kw,speed_mph,glv_voltage_v,inverter_temp_c,motor_temp_c,soc_pct,battery_temp_c,bms_flags_hex,bms_fault_code,imd_warn_alarms_hex,pm100_post_faults_hex,pm100_run_faults_hex,fan_duty_pct,rtd_state
3271,0.8,3.6,0.0,0.0,0.0,0,0.0,0.0,0.0,0,0,0x00,0,0x0000,0x00000000,0x00000000,20,FAULT_BLOCKED
3371,0.8,3.6,0.0,0.0,0.0,0,0.0,21.1,25.0,0,0,0x00,0,0x0200,0x00000000,0x00000000,20,FAULT_BLOCKED
3471,0.9,3.7,0.0,0.0,0.0,0,12.78,21.1,25.5,0,0,0x00,0,0x0200,0x00000000,0x00000000,23,FAULT_BLOCKED
3571,0.9,3.7,0.0,0.0,0.0,0,12.82,21.0,25.3,0,0,0x00,0,0x0200,0x00000000,0x00000000,22,FAULT_BLOCKED
3671,0.9,3.6,0.0,0.0,0.0,0,12.82,21.0,25.2,0,0,0x00,0,0x0200,0x00000000,0x00000000,21,FAULT_BLOCKED
3771,0.9,3.6,0.0,0.0,0.0,0,12.81,21.0,25.2,0,0,0x00,0,0x0200,0x00000000,0x00000000,21,FAULT_BLOCKED
3871,0.9,3.7,0.0,0.0,0.0,0,12.87,21.1,24.8,0,0,0x00,0,0x0200,0x00000000,0x00000000,20,FAULT_BLOCKED
3971,0.9,3.6,0.0,0.0,0.0,0,12.8,21.0,25.0,0,0,0x00,0,0x0200,0x00000000,0x00000000,20,FAULT_BLOCKED
4071,0.9,3.7,0.0,0.0,0.0,0,12.83,21.0,25.0,0,0,0x00,0,0x0200,0x00000000,0x00000000,20,FAULT_BLOCKED
4171,0.9,3.7,0.0,0.0,0.0,0,12.83,21.0,24.9,0,0,0x00,0,0x0200,0x00000000,0x00000000,20,FAULT_BLOCKED
4271,0.8,3.6,0.0,0.0,0.0,0,12.77,21.0,25.0,0,0,0x00,0,0x0200,0x00000000,0x00000000,20,FAULT_BLOCKED
4371,0.9,3.6,0.0,0.0,0.0,0,12.8,21.0,25.3,0,0,0x00,0,0x0200,0x00000000,0x00000000,22,FAULT_BLOCKED
4471,0.9,3.6,0.0,0.0,0.0,0,12.82,21.0,24.9,0,0,0x00,0,0x0200,0x00000000,0x00000000,20,FAULT_BLOCKED
4571,0.9,3.7,0.0,0.0,0.0,0,12.82,21.0,24.8,0,0,0x00,0,0x0200,0x00000000,0x00000000,20,FAULT_BLOCKED
4671,0.9,3.6,0.0,0.0,0.0,0,12.82,21.0,24.8,0,0,0x00,0,0x0200,0x00000000,0x00000000,20,FAULT_BLOCKED
4771,0.9,3.6,0.0,0.0,0.0,0,12.79,21.0,25.2,0,0,0x00,0,0x0000,0x00000000,0x00000000,21,FAULT_BLOCKED
4871,0.9,3.7,0.0,0.0,0.0,0,12.82,21.0,25.2,0,0,0x00,0,0x0000,0x00000000,0x00000000,21,FAULT_BLOCKED
4971,0.9,3.7,0.0,0.0,0.0,0,12.86,21.0,25.0,0,0,0x00,0,0x0000,0x00000000,0x00000000,20,FAULT_BLOCKED
5071,0.9,3.7,0.0,0.0,0.0,0,12.83,21.0,25.0,0,0,0x00,0,0x0000,0x00000000,0x00000000,20,FAULT_BLOCKED
5171,0.9,3.7,0.0,0.0,0.0,0,12.84,21.0,25.0,0,0,0x00,0,0x0000,0x00000000,0x00000000,20,FAULT_BLOCKED
5271,0.9,3.7,0.0,0.0,0.0,0,12.8,21.0,25.4,0,0,0x00,0,0x0000,0x00000000,0x00000000,22,FAULT_BLOCKED
5371,0.9,3.6,0.0,0.0,0.0,0,12.83,21.0,25.3,0,0,0x00,0,0x0000,0x00000000,0x00000000,22,FAULT_BLOCKED
5471,0.9,3.6,0.0,0.0,0.0,0,12.81,21.0,25.0,0,0,0x00,0,0x0000,0x00000000,0x00000000,20,FAULT_BLOCKED
5571,0.9,3.6,0.0,0.0,0.0,0,12.83,21.0,24.8,0,0,0x00,0,0x0000,0x00000000,0x00000000,20,FAULT_BLOCKED
5671,0.9,3.7,0.0,0.0,0.0,0,12.82,21.0,25.3,0,0,0x00,0,0x0000,0x00000000,0x00000000,22,FAULT_BLOCKED
5771,0.8,3.6,0.0,0.0,0.0,0,12.8,21.0,25.0,0,0,0x00,0,0x0000,0x00000000,0x00000000,20,FAULT_BLOCKED
5871,0.9,3.6,0.0,0.0,0.0,0,12.87,21.0,25.3,0,0,0x00,0,0x0000,0x00000000,0x00000000,22,FAULT_BLOCKED
5971,0.9,3.7,0.0,0.0,0.0,0,12.8,21.0,25.2,0,0,0x00,0,0x0000,0x00000000,0x00000000,21,FAULT_BLOCKED
6071,0.8,3.6,0.0,0.0,0.0,0,12.84,21.0,24.8,0,0,0x00,0,0x0000,0x00000000,0x00000000,20,FAULT_BLOCKED
6171,0.9,3.7,0.0,0.0,0.0,0,12.81,21.0,25.3,0,0,0x00,0,0x0000,0x00000000,0x00000000,22,FAULT_BLOCKED
6271,0.9,3.7,0.0,0.0,0.0,0,12.8,21.0,25.3,0,0,0x00,0,0x0000,0x00000000,0x00000000,22,FAULT_BLOCKED
6371,0.9,3.7,0.0,0.0,0.0,0,12.81,21.0,25.0,0,0,0x00,0,0x0000,0x00000000,0x00000000,20,FAULT_BLOCKED
6471,0.9,3.7,0.0,0.0,0.0,0,12.81,21.0,25.0,50,0,0x00,0,0x0000,0x00000000,0x00000000,20,FAULT_BLOCKED
6571,0.8,3.6,0.0,0.0,0.0,0,12.81,21.0,25.4,50,0,0x00,0,0x0000,0x00000000,0x00000000,22,FAULT_BLOCKED
6671,0.9,3.7,0.0,0.0,0.0,0,12.8,21.0,25.0,50,0,0x00,0,0x0000,0x00000000,0x00000000,20,FAULT_BLOCKED
6771,0.9,3.7,0.0,0.0,0.0,0,12.8,21.0,24.9,50,0,0x00,0,0x0000,0x00000000,0x00000000,20,FAULT_BLOCKED
6871,0.8,3.6,0.0,0.0,0.0,0,12.79,21.0,25.0,50,0,0x00,0,0x0000,0x00000000,0x00000000,20,FAULT_BLOCKED
6971,0.9,3.7,0.0,0.0,0.0,0,12.81,21.0,25.2,99,22,0x00,0,0x0000,0x00000000,0x00000000,21,FAULT_BLOCKED
7071,0.9,3.6,0.0,0.0,0.0,0,12.82,21.0,25.4,99,22,0x00,0,0x0000,0x00000000,0x00000000,22,FAULT_BLOCKED
7171,0.8,3.7,0.0,0.0,0.0,0,12.8,21.0,25.4,99,22,0x00,0,0x0000,0x00000000,0x00000000,22,FAULT_BLOCKED
7271,0.8,3.7,0.0,0.0,0.0,0,12.82,21.0,24.9,99,22,0x00,0,0x0000,0x00000000,0x00000000,20,FAULT_BLOCKED
7371,0.9,3.6,0.0,0.0,0.0,0,12.81,21.0,24.9,99,22,0x00,0,0x0000,0x00000000,0x00000000,20,FAULT_BLOCKED
7471,0.8,3.7,0.0,0.0,0.0,0,12.81,21.0,25.0,99,22,0x00,0,0x0000,0x00000000,0x00000000,20,FAULT_BLOCKED
7571,0.9,3.7,0.0,0.0,0.0,0,12.79,21.0,25.5,99,22,0x00,0,0x0000,0x00000000,0x00000000,23,FAULT_BLOCKED
7671,0.9,3.7,0.0,0.0,0.0,0,12.82,21.0,25.4,99,22,0x00,0,0x0000,0x00000000,0x00000000,22,FAULT_BLOCKED
7771,0.8,3.7,0.0,0.0,0.0,0,12.8,21.0,25.0,99,22,0x00,0,0x0000,0x00000000,0x00000000,20,FAULT_BLOCKED
7871,0.9,3.6,0.0,0.0,0.0,0,12.9,21.0,25.0,99,22,0x00,0,0x0000,0x00000000,0x00000000,20,FAULT_BLOCKED
7971,0.9,3.6,0.0,0.0,0.0,0,12.8,21.0,25.0,99,22,0x00,0,0x0000,0x00000000,0x00000000,20,FAULT_BLOCKED
8071,0.8,3.7,0.0,0.0,0.0,0,12.87,21.0,25.0,99,22,0x00,0,0x0000,0x00000000,0x00000000,20,FAULT_BLOCKED
8171,0.8,3.6,0.0,0.0,0.0,0,12.81,21.0,24.9,99,22,0x00,0,0x0000,0x00000000,0x00000000,20,FAULT_BLOCKED
8271,0.9,3.6,0.0,0.0,0.0,0,12.81,21.0,24.9,99,22,0x00,0,0x0000,0x00000000,0x00000000,20,FAULT_BLOCKED
8371,0.8,3.6,0.0,0.0,0.0,0,12.83,21.0,25.2,99,22,0x00,0,0x0000,0x00000000,0x00000000,21,FAULT_BLOCKED
8471,0.9,3.7,0.0,0.0,0.0,0,12.8,21.0,25.3,99,22,0x00,0,0x0000,0x00000000,0x00000000,22,FAULT_BLOCKED
8571,0.9,3.6,0.0,0.0,0.0,0,12.82,21.0,25.5,99,22,0x00,0,0x0000,0x00000000,0x00000000,23,FAULT_BLOCKED
8671,0.8,3.7,0.0,0.0,0.0,0,12.89,21.0,25.3,99,22,0x00,0,0x0000,0x00000000,0x00000000,22,FAULT_BLOCKED
8771,0.9,3.7,0.0,0.0,0.0,0,12.8,21.0,25.0,99,22,0x00,0,0x0000,0x00000000,0x00000000,20,FAULT_BLOCKED
8871,0.9,3.7,0.0,0.0,0.0,0,12.8,21.0,25.2,99,22,0x00,0,0x0000,0x00000000,0x00000000,21,FAULT_BLOCKED
8971,0.8,3.7,0.0,0.0,0.0,0,12.82,21.0,24.9,99,22,0x00,0,0x0000,0x00000000,0x00000000,20,FAULT_BLOCKED
9071,0.9,3.7,0.0,0.0,0.0,0,12.81,21.0,25.4,99,22,0x00,0,0x0000,0x00000000,0x00000000,22,FAULT_BLOCKED
9171,0.9,3.6,0.0,0.0,0.0,0,12.81,20.9,25.0,99,22,0x00,0,0x0000,0x00000000,0x00000000,20,FAULT_BLOCKED
9271,0.8,3.7,0.0,0.0,0.0,0,12.8,20.9,25.4,99,22,0x00,0,0x0000,0x00000000,0x00000000,22,FAULT_BLOCKED
9371,0.9,3.6,0.0,0.0,0.0,0,12.8,21.0,25.0,99,22,0x00,0,0x0000,0x00000000,0x00000000,20,FAULT_BLOCKED
9471,0.8,3.7,0.0,0.0,0.0,0,12.84,21.0,24.9,99,22,0x00,0,0x0000,0x00000000,0x00000000,20,FAULT_BLOCKED
9571,0.8,3.6,0.0,0.0,0.0,0,12.81,21.0,25.3,99,22,0x00,0,0x0000,0x00000000,0x00000000,22,FAULT_BLOCKED
9671,0.9,3.6,0.0,0.0,0.0,0,12.8,21.0,25.2,99,22,0x00,0,0x0000,0x00000000,0x00000000,21,FAULT_BLOCKED
9771,0.9,3.7,0.0,0.0,0.0,0,12.81,21.0,25.2,99,22,0x00,0,0x0000,0x00000000,0x00000000,21,FAULT_BLOCKED
9871,0.8,3.7,0.0,0.0,0.0,0,12.79,21.0,25.4,99,22,0x00,0,0x0000,0x00000000,0x00000000,22,FAULT_BLOCKED
9971,0.9,3.7,0.0,0.0,0.0,0,12.81,21.0,25.0,99,22,0x00,0,0x0000,0x00000000,0x00000000,20,FAULT_BLOCKED
10071,0.8,3.6,0.0,0.0,0.0,0,12.82,21.0,24.9,99,22,0x00,0,0x0000,0x00000000,0x00000000,20,FAULT_BLOCKED
10171,0.8,3.6,0.0,0.0,0.0,0,12.79,21.0,25.2,99,22,0x00,0,0x0000,0x00000000,0x00000000,21,FAULT_BLOCKED
10271,0.9,3.7,0.0,0.0,0.0,0,12.8,21.0,25.5,99,22,0x00,0,0x0000,0x00000000,0x00000000,23,FAULT_BLOCKED
10371,0.9,3.6,0.0,0.0,0.0,0,12.82,21.0,25.0,99,22,0x00,0,0x0000,0x00000000,0x00000000,20,FAULT_BLOCKED
10471,0.8,3.7,0.0,0.0,0.0,0,12.82,21.0,25.0,99,22,0x00,0,0x0000,0x00000000,0x00000000,20,FAULT_BLOCKED
10571,0.8,3.6,0.0,0.0,0.0,0,12.8,21.0,25.3,99,22,0x00,0,0x0000,0x00000000,0x00000000,22,FAULT_BLOCKED
10671,0.8,3.7,0.0,0.0,0.0,0,12.81,21.0,25.2,99,22,0x00,0,0x0000,0x00000000,0x00000000,21,FAULT_BLOCKED
10771,0.8,3.7,0.0,0.0,0.0,0,12.81,21.0,25.0,99,22,0x00,0,0x0000,0x00000000,0x00000000,20,FAULT_BLOCKED
10871,0.9,3.7,0.0,0.0,0.0,0,12.8,21.0,25.4,99,22,0x00,0,0x0000,0x00000000,0x00000000,22,FAULT_BLOCKED
10971,0.9,3.7,0.0,0.0,0.0,0,12.82,21.0,25.3,99,22,0x00,0,0x0000,0x00000000,0x00000000,22,FAULT_BLOCKED
11071,0.9,3.7,0.0,0.0,0.0,0,12.81,21.0,25.2,99,22,0x00,0,0x0000,0x00000000,0x00000000,21,FAULT_BLOCKED
11171,0.9,3.7,0.0,0.0,0.0,0,12.82,21.0,25.4,99,22,0x00,0,0x0000,0x00000000,0x00000000,22,FAULT_BLOCKED
11271,0.9,3.7,0.0,0.0,0.0,0,12.8,21.0,25.0,99,22,0x00,0,0x0000,0x00000000,0x00000000,20,FAULT_BLOCKED
11371,0.8,3.7,0.0,0.0,0.0,0,12.83,21.0,25.3,99,22,0x00,0,0x0000,0x00000000,0x00000000,22,FAULT_BLOCKED
11471,0.9,3.7,0.0,0.0,0.0,0,12.82,21.0,25.2,99,22,0x00,0,0x0000,0x00000000,0x00000000,21,FAULT_BLOCKED
11571,0.9,3.7,0.0,0.0,0.0,0,12.77,21.0,25.4,99,22,0x00,0,0x0000,0x00000000,0x00000000,22,FAULT_BLOCKED
11671,0.8,3.7,0.0,0.0,0.0,0,12.8,21.0,24.9,99,22,0x00,0,0x0000,0x00000000,0x00000000,20,FAULT_BLOCKED
11771,0.8,3.7,0.0,0.0,0.0,0,12.83,21.0,25.3,99,22,0x00,0,0x0000,0x00000000,0x00000000,22,FAULT_BLOCKED
11871,0.9,3.7,0.0,0.0,0.0,0,12.82,21.0,25.3,99,22,0x00,0,0x0000,0x00000000,0x00000000,22,FAULT_BLOCKED
11971,0.8,3.7,0.0,0.0,0.0,0,12.81,21.0,25.3,99,22,0x00,0,0x0000,0x00000000,0x00000000,22,FAULT_BLOCKED
12071,0.9,3.7,0.0,0.0,0.0,0,12.8,21.0,25.4,99,22,0x00,0,0x0000,0x00000000,0x00000000,22,FAULT_BLOCKED
12171,0.9,3.6,0.0,0.0,0.0,0,12.8,21.0,25.0,99,22,0x00,0,0x0000,0x00000000,0x00000000,20,FAULT_BLOCKED
12271,0.9,3.6,0.0,0.0,0.0,0,12.86,21.0,25.0,99,22,0x00,0,0x0000,0x00000000,0x00000000,20,FAULT_BLOCKED
12371,0.9,3.6,0.0,0.0,0.0,0,12.8,21.0,24.9,99,22,0x00,0,0x0000,0x00000000,0x00000000,20,FAULT_BLOCKED
12471,0.9,3.7,0.0,0.0,0.0,0,12.81,20.9,25.0,99,22,0x00,0,0x0000,0x00000000,0x00000000,20,FAULT_BLOCKED
12571,0.8,3.6,0.0,0.0,0.0,0,12.83,20.9,24.9,99,22,0x00,0,0x0000,0x00000000,0x00000000,20,FAULT_BLOCKED
12671,0.9,3.6,0.0,0.0,0.0,0,12.82,20.9,25.5,99,22,0x00,0,0x0000,0x00000000,0x00000000,23,FAULT_BLOCKED
12771,0.9,3.6,0.0,0.0,0.0,0,12.82,20.9,25.3,99,22,0x00,0,0x0000,0x00000000,0x00000000,22,FAULT_BLOCKED
12871,0.8,3.6,0.0,0.0,0.0,0,12.87,20.9,25.0,99,22,0x00,0,0x0000,0x00000000,0x00000000,20,FAULT_BLOCKED
12972,0.8,3.6,0.0,0.0,0.0,0,12.81,21.0,24.9,99,22,0x00,0,0x0000,0x00000000,0x00000000,20,FAULT_BLOCKED
13072,0.9,3.6,0.0,0.0,0.0,0,12.81,21.0,25.2,99,22,0x00,0,0x0000,0x00000000,0x00000000,21,FAULT_BLOCKED
13172,0.8,3.6,0.0,0.0,0.0,0,12.79,21.0,24.8,99,22,0x00,0,0x0000,0x00000000,0x00000000,20,FAULT_BLOCKED
13272,0.9,3.6,0.0,0.0,0.0,0,12.83,21.0,24.9,99,22,0x00,0,0x0000,0x00000000,0x00000000,20,FAULT_BLOCKED
13372,0.9,3.6,0.0,0.0,0.0,0,12.82,21.0,25.2,99,22,0x00,0,0x0000,0x00000000,0x00000000,21,FAULT_BLOCKED
13472,0.8,3.6,0.0,0.0,0.0,0,12.81,21.0,25.5,99,22,0x00,0,0x0000,0x00000000,0x00000000,23,FAULT_BLOCKED
13572,0.8,3.6,0.0,0.0,0.0,0,12.8,21.0,25.5,99,22,0x00,0,0x0000,0x00000000,0x00000000,23,FAULT_BLOCKED
13672,0.8,3.6,0.0,0.0,0.0,0,12.8,21.0,24.9,99,22,0x00,0,0x0000,0x00000000,0x00000000,20,FAULT_BLOCKED
13772,0.9,3.6,0.0,0.0,0.0,0,12.81,21.0,25.3,99,22,0x00,0,0x0000,0x00000000,0x00000000,22,FAULT_BLOCKED
13873,0.8,3.6,0.0,0.0,0.0,0,12.81,21.0,25.2,99,22,0x00,0,0x0000,0x00000000,0x00000000,21,FAULT_BLOCKED
13973,0.9,3.6,0.0,0.0,0.0,0,12.8,21.0,25.0,99,22,0x00,0,0x0000,0x00000000,0x00000000,20,FAULT_BLOCKED
14073,0.8,3.6,0.0,0.0,0.0,0,12.8,21.0,24.8,99,22,0x00,0,0x0000,0x00000000,0x00000000,20,FAULT_BLOCKED
14173,0.9,3.6,0.0,0.0,0.0,0,12.82,21.0,24.8,99,22,0x00,0,0x0000,0x00000000,0x00000000,20,FAULT_BLOCKED
14275,0.9,3.6,0.0,0.0,0.0,0,12.81,20.9,25.4,99,22,0x00,0,0x0000,0x00000000,0x00000000,22,FAULT_BLOCKED
14375,0.9,3.6,0.0,0.0,0.0,0,12.81,21.0,25.4,99,22,0x00,0,0x0000,0x00000000,0x00000000,22,FAULT_BLOCKED
14475,0.8,3.6,0.0,0.0,0.0,0,12.79,21.0,24.9,99,22,0x00,0,0x0000,0x00000000,0x00000000,20,FAULT_BLOCKED
14575,0.8,3.6,0.0,0.0,0.0,0,12.82,21.0,25.5,99,22,0x00,0,0x0000,0x00000000,0x00000000,23,FAULT_BLOCKED
14675,0.8,3.6,0.0,0.0,0.0,0,12.89,20.9,25.5,99,22,0x00,0,0x0000,0x00000000,0x00000000,23,FAULT_BLOCKED
14775,0.7,3.6,0.0,0.0,0.0,0,12.83,20.9,25.0,99,22,0x00,0,0x0000,0x00000000,0x00000000,20,FAULT_BLOCKED
14875,0.9,3.6,0.0,0.0,0.0,0,12.81,20.9,25.3,99,22,0x00,0,0x0000,0x00000000,0x00000000,22,FAULT_BLOCKED
14975,0.9,3.6,0.0,0.0,0.0,0,12.79,20.9,25.3,99,22,0x00,0,0x0000,0x00000000,0x00000000,22,FAULT_BLOCKED
15075,0.8,3.6,0.0,0.0,0.0,0,12.82,20.9,25.3,99,22,0x00,0,0x0000,0x00000000,0x00000000,22,FAULT_BLOCKED
15175,0.9,3.6,0.0,0.0,0.0,0,12.8,20.9,25.0,99,22,0x00,0,0x0000,0x00000000,0x00000000,20,FAULT_BLOCKED
15275,0.9,3.6,0.0,0.0,0.0,0,12.82,21.0,25.0,99,22,0x00,0,0x0000,0x00000000,0x00000000,20,FAULT_BLOCKED
15375,0.9,3.5,0.0,0.0,0.0,0,12.81,21.0,24.8,99,22,0x00,0,0x0000,0x00000000,0x00000000,20,FAULT_BLOCKED
15475,0.9,3.6,0.0,0.0,0.0,0,12.81,21.0,25.0,99,22,0x00,0,0x0000,0x00000000,0x00000000,20,FAULT_BLOCKED
15575,0.8,3.6,0.0,0.0,0.0,0,12.82,21.0,25.0,99,22,0x00,0,0x0000,0x00000000,0x00000000,20,FAULT_BLOCKED
15675,0.8,3.6,0.0,0.0,0.0,0,12.82,21.0,25.0,99,22,0x00,0,0x0000,0x00000000,0x00000000,20,FAULT_BLOCKED
15775,0.8,3.6,0.0,0.0,0.0,0,12.8,21.0,25.2,99,22,0x00,0,0x0000,0x00000000,0x00000000,21,FAULT_BLOCKED
15875,0.8,3.6,0.0,0.0,0.0,0,12.82,21.0,24.9,99,22,0x00,0,0x0000,0x00000000,0x00000000,20,FAULT_BLOCKED
15975,0.9,3.6,0.0,0.0,0.0,0,12.81,21.0,25.3,99,22,0x00,0,0x0000,0x00000000,0x00000000,22,FAULT_BLOCKED
16075,0.9,3.6,0.0,0.0,0.0,0,12.83,21.0,25.3,99,22,0x00,0,0x0000,0x00000000,0x00000000,22,FAULT_BLOCKED
16175,0.9,3.6,0.0,0.0,0.0,0,12.79,21.0,25.3,99,22,0x00,0,0x0000,0x00000000,0x00000000,22,FAULT_BLOCKED
16275,0.9,3.6,0.0,0.0,0.0,0,12.81,21.0,25.2,99,22,0x00,0,0x0000,0x00000000,0x00000000,21,FAULT_BLOCKED
16375,0.9,3.6,0.0,0.0,0.0,0,12.8,21.0,25.2,99,22,0x00,0,0x0000,0x00000000,0x00000000,21,FAULT_BLOCKED
16475,0.9,3.6,0.0,0.0,0.0,0,12.8,21.0,25.5,99,22,0x00,0,0x0000,0x00000000,0x00000000,23,FAULT_BLOCKED
16575,0.8,3.6,0.0,0.0,0.0,0,12.81,21.0,25.3,99,22,0x00,0,0x0000,0x00000000,0x00000000,22,FAULT_BLOCKED
16675,0.9,3.6,0.0,0.0,0.0,0,12.81,21.0,25.3,99,22,0x00,0,0x0000,0x00000000,0x00000000,22,FAULT_BLOCKED
16775,0.9,3.6,0.0,0.0,0.0,0,12.81,21.0,24.9,99,22,0x00,0,0x0000,0x00000000,0x00000000,20,FAULT_BLOCKED
16875,0.9,3.6,0.0,0.0,0.0,0,12.83,21.0,25.2,99,22,0x00,0,0x0000,0x00000000,0x00000000,21,FAULT_BLOCKED
16975,0.9,3.6,0.0,0.0,0.0,0,12.78,21.0,25.0,99,22,0x00,0,0x0000,0x00000000,0x00000000,20,FAULT_BLOCKED
17075,0.9,3.6,0.0,0.0,0.0,0,12.8,21.0,24.9,99,22,0x00,0,0x0000,0x00000000,0x00000000,20,FAULT_BLOCKED
17175,0.9,3.6,0.0,0.0,0.0,0,12.81,21.0,25.0,99,22,0x00,0,0x0000,0x00000000,0x00000000,20,FAULT_BLOCKED
17285,0.9,3.5,0.0,0.0,0.0,0,12.8,21.0,25.3,99,22,0x00,0,0x0000,0x00000000,0x00000000,22,FAULT_BLOCKED
17385,0.9,3.6,0.0,0.0,0.0,0,12.83,20.9,25.2,99,22,0x00,0,0x0000,0x00000000,0x00000000,21,FAULT_BLOCKED
17485,0.8,3.6,0.0,0.0,0.0,0,12.81,20.9,24.9,99,22,0x00,0,0x0000,0x00000000,0x00000000,20,FAULT_BLOCKED
17585,0.9,3.6,0.0,0.0,0.0,0,12.8,20.9,25.2,99,22,0x00,0,0x0000,0x00000000,0x00000000,21,FAULT_BLOCKED
17685,0.9,3.7,0.0,0.0,0.0,0,12.81,20.9,25.2,99,22,0x00,0,0x0000,0x00000000,0x00000000,21,FAULT_BLOCKED
17785,0.8,3.6,0.0,0.0,0.0,0,12.81,21.0,25.0,99,22,0x00,0,0x0000,0x00000000,0x00000000,20,FAULT_BLOCKED
17885,0.9,3.6,0.0,0.0,0.0,0,12.84,21.0,25.3,99,22,0x00,0,0x0000,0x00000000,0x00000000,22,FAULT_BLOCKED
17985,0.9,3.6,0.0,0.0,0.0,0,12.82,20.9,25.3,99,22,0x00,0,0x0000,0x00000000,0x00000000,22,FAULT_BLOCKED
18085,0.9,3.6,0.0,0.0,0.0,0,12.81,20.9,25.3,99,22,0x00,0,0x0000,0x00000000,0x00000000,22,FAULT_BLOCKED
18185,0.9,3.5,0.0,0.0,0.0,0,12.8,20.9,25.3,99,22,0x00,0,0x0000,0x00000000,0x00000000,22,FAULT_BLOCKED
18285,0.9,3.6,0.0,0.0,0.0,0,12.81,20.9,25.0,99,22,0x00,0,0x0000,0x00000000,0x00000000,20,FAULT_BLOCKED
18385,0.8,3.6,0.0,0.0,0.0,0,12.8,20.9,25.0,99,22,0x00,0,0x0000,0x00000000,0x00000000,20,FAULT_BLOCKED
18485,0.9,3.6,0.0,0.0,0.0,0,12.81,20.9,24.9,99,22,0x00,0,0x0000,0x00000000,0x00000000,20,FAULT_BLOCKED
18585,0.9,3.5,0.0,0.0,0.0,0,12.81,20.9,25.0,99,22,0x00,0,0x0000,0x00000000,0x00000000,20,FAULT_BLOCKED
18685,0.8,3.6,0.0,0.0,0.0,0,12.82,20.9,25.3,99,22,0x00,0,0x0000,0x00000000,0x00000000,22,FAULT_BLOCKED
18785,0.9,3.6,0.0,0.0,0.0,0,12.81,20.9,24.9,99,22,0x00,0,0x0000,0x00000000,0x00000000,20,FAULT_BLOCKED
18885,0.9,3.6,0.0,0.0,0.0,0,12.8,20.9,24.9,99,22,0x00,0,0x0000,0x00000000,0x00000000,20,FAULT_BLOCKED
18985,0.8,3.6,0.0,0.0,0.0,0,12.79,20.9,25.3,99,22,0x00,0,0x0000,0x00000000,0x00000000,22,FAULT_BLOCKED
19085,0.9,3.6,0.0,0.0,0.0,0,12.79,20.9,25.2,99,22,0x00,0,0x0000,0x00000000,0x00000000,21,FAULT_BLOCKED
19185,0.9,3.6,0.0,0.0,0.0,0,12.79,20.9,25.0,99,22,0x00,0,0x0000,0x00000000,0x00000000,20,FAULT_BLOCKED
19285,0.9,3.6,0.0,0.0,0.0,0,12.81,20.9,25.0,99,22,0x00,0,0x0000,0x00000000,0x00000000,20,FAULT_BLOCKED
19385,0.8,3.6,0.0,0.0,0.0,0,12.8,20.9,24.9,99,22,0x00,0,0x0000,0x00000000,0x00000000,20,FAULT_BLOCKED
19485,0.8,3.6,0.0,0.0,0.0,0,12.78,20.9,24.9,99,22,0x00,0,0x0000,0x00000000,0x00000000,20,FAULT_BLOCKED
19585,0.9,3.6,0.0,0.0,0.0,0,12.78,20.9,25.2,99,22,0x00,0,0x0000,0x00000000,0x00000000,21,FAULT_BLOCKED
19685,0.9,3.6,0.0,0.0,0.0,0,12.8,21.0,25.3,99,22,0x00,0,0x0000,0x00000000,0x00000000,22,FAULT_BLOCKED
19785,0.9,3.6,0.0,0.0,0.0,0,12.81,21.0,25.3,99,22,0x00,0,0x0000,0x00000000,0x00000000,22,FAULT_BLOCKED
19885,0.9,3.6,0.0,0.0,0.0,0,12.84,21.0,25.0,99,22,0x00,0,0x0000,0x00000000,0x00000000,20,FAULT_BLOCKED
19985,0.9,3.6,0.0,0.0,0.0,0,12.88,21.0,25.2,99,22,0x00,0,0x0000,0x00000000,0x00000000,21,FAULT_BLOCKED
20085,1.2,3.6,0.0,0.0,0.0,0,12.79,21.0,25.2,99,22,0x00,0,0x0000,0x00000000,0x00000000,21,FAULT_BLOCKED
20185,0.9,3.6,0.0,0.0,0.0,0,12.81,21.0,25.4,99,22,0x00,0,0x0000,0x00000000,0x00000000,22,FAULT_BLOCKED
20285,0.9,3.6,0.0,0.0,0.0,0,12.8,20.9,24.9,99,22,0x00,0,0x0000,0x00000000,0x00000000,20,FAULT_BLOCKED
20385,0.8,3.6,0.0,0.0,0.0,0,12.82,20.9,25.3,99,22,0x00,0,0x0000,0x00000000,0x00000000,22,FAULT_BLOCKED
20485,0.9,3.6,0.0,0.0,0.0,0,12.83,20.9,25.3,99,22,0x00,0,0x0000,0x00000000,0x00000000,22,FAULT_BLOCKED
20585,0.9,3.6,0.0,0.0,0.0,0,12.81,20.9,25.3,99,22,0x00,0,0x0000,0x00000000,0x00000000,22,FAULT_BLOCKED
20685,0.9,3.6,0.0,0.0,0.0,0,12.81,20.9,25.3,99,22,0x00,0,0x0000,0x00000000,0x00000000,22,FAULT_BLOCKED
20785,1.0,3.6,0.0,0.0,0.0,0,12.81,20.9,25.2,99,22,0x00,0,0x0000,0x00000000,0x00000000,21,FAULT_BLOCKED
20885,0.9,3.6,0.0,0.0,0.0,0,12.81,20.9,25.3,99,22,0x00,0,0x0000,0x00000000,0x00000000,22,FAULT_BLOCKED
20985,0.9,3.6,0.0,0.0,0.0,0,12.8,20.9,25.4,99,22,0x00,0,0x0000,0x00000000,0x00000000,22,FAULT_BLOCKED
21085,0.9,3.6,0.0,0.0,0.0,0,12.8,20.9,25.2,99,22,0x00,0,0x0000,0x00000000,0x00000000,21,FAULT_BLOCKED
21185,0.9,3.6,0.0,0.0,0.0,0,12.81,20.9,25.2,99,22,0x00,0,0x0000,0x00000000,0x00000000,21,FAULT_BLOCKED
21285,0.9,3.6,0.0,0.0,0.0,0,12.83,20.9,25.3,99,22,0x00,0,0x0000,0x00000000,0x00000000,22,FAULT_BLOCKED
21385,0.9,3.6,0.0,0.0,0.0,0,12.83,20.9,25.4,99,22,0x00,0,0x0000,0x00000000,0x00000000,22,FAULT_BLOCKED
21485,0.8,3.6,0.0,0.0,0.0,0,12.81,20.9,25.2,99,22,0x00,0,0x0000,0x00000000,0x00000000,21,FAULT_BLOCKED
21585,0.9,3.6,0.0,0.0,0.0,0,12.8,20.9,25.2,99,22,0x00,0,0x0000,0x00000000,0x00000000,21,FAULT_BLOCKED
21685,0.9,3.6,0.0,0.0,0.0,0,12.8,21.0,25.2,99,22,0x00,0,0x0000,0x00000000,0x00000000,21,FAULT_BLOCKED
21785,0.9,3.6,0.0,0.0,0.0,0,12.8,21.0,25.0,99,22,0x00,0,0x0000,0x00000000,0x00000000,20,FAULT_BLOCKED
21885,0.9,3.6,0.0,0.0,0.0,0,12.82,21.0,25.2,99,22,0x00,0,0x0000,0x00000000,0x00000000,21,FAULT_BLOCKED
21985,0.8,3.6,0.0,0.0,0.0,0,12.81,20.9,25.2,99,22,0x00,0,0x0000,0x00000000,0x00000000,21,FAULT_BLOCKED
22085,0.8,3.6,0.0,0.0,0.0,0,12.8,20.9,25.0,99,22,0x00,0,0x0000,0x00000000,0x00000000,20,FAULT_BLOCKED
22185,0.9,3.6,0.0,0.0,0.0,0,12.83,20.9,25.0,99,22,0x00,0,0x0000,0x00000000,0x00000000,20,FAULT_BLOCKED
22285,0.9,3.6,0.0,0.0,0.0,0,12.78,20.9,25.2,99,22,0x00,0,0x0000,0x00000000,0x00000000,21,FAULT_BLOCKED
22385,0.8,3.6,0.0,0.0,0.0,0,12.81,20.9,25.0,99,22,0x00,0,0x0000,0x00000000,0x00000000,20,FAULT_BLOCKED
22485,0.9,3.6,0.0,0.0,0.0,0,12.81,20.9,25.0,99,22,0x00,0,0x0000,0x00000000,0x00000000,20,FAULT_BLOCKED
22585,0.9,3.6,0.0,0.0,0.0,0,12.88,20.9,25.0,99,22,0x00,0,0x0000,0x00000000,0x00000000,20,FAULT_BLOCKED
22685,0.9,3.6,0.0,0.0,0.0,0,12.8,21.0,25.3,99,22,0x00,0,0x0000,0x00000000,0x00000000,22,FAULT_BLOCKED
22785,0.9,3.6,0.0,0.0,0.0,0,12.8,20.9,25.2,99,22,0x00,0,0x0000,0x00000000,0x00000000,21,FAULT_BLOCKED
22885,0.8,3.7,0.0,0.0,0.0,0,12.8,21.0,25.4,99,22,0x00,0,0x0000,0x00000000,0x00000000,22,FAULT_BLOCKED
22985,0.8,3.6,0.0,0.0,0.0,0,12.8,21.0,24.5,99,22,0x00,0,0x0000,0x00000000,0x00000000,20,FAULT_BLOCKED
23085,0.9,3.6,0.0,0.0,0.0,0,12.82,21.0,25.2,99,22,0x00,0,0x0000,0x00000000,0x00000000,21,FAULT_BLOCKED
23185,0.8,3.6,0.0,0.0,0.0,0,12.81,21.0,25.2,99,22,0x00,0,0x0000,0x00000000,0x00000000,21,FAULT_BLOCKED
23285,0.9,3.6,0.0,0.0,0.0,0,12.8,21.0,25.2,99,22,0x00,0,0x0000,0x00000000,0x00000000,21,FAULT_BLOCKED
23385,0.9,3.6,0.0,0.0,0.0,0,12.79,21.0,25.4,99,22,0x00,0,0x0000,0x00000000,0x00000000,22,FAULT_BLOCKED
23485,0.8,3.6,0.0,0.0,0.0,0,12.83,21.0,25.0,99,22,0x00,0,0x0000,0x00000000,0x00000000,20,FAULT_BLOCKED
23585,0.9,3.6,0.0,0.0,0.0,0,12.82,21.0,25.2,99,22,0x00,0,0x0000,0x00000000,0x00000000,21,FAULT_BLOCKED
23685,0.9,3.6,0.0,0.0,0.0,0,12.8,21.0,25.4,99,22,0x00,0,0x0000,0x00000000,0x00000000,22,FAULT_BLOCKED
23785,0.9,3.6,0.0,0.0,0.0,0,12.81,21.0,25.5,99,22,0x00,0,0x0000,0x00000000,0x00000000,23,FAULT_BLOCKED
23885,0.8,3.6,0.0,0.0,0.0,0,12.79,21.0,25.5,99,22,0x00,0,0x0000,0x00000000,0x00000000,23,FAULT_BLOCKED
23985,0.9,3.6,0.0,0.0,0.0,0,12.81,21.0,25.3,99,22,0x00,0,0x0000,0x00000000,0x00000000,22,FAULT_BLOCKED
24085,0.9,3.6,0.0,0.0,0.0,0,12.84,21.0,25.3,99,22,0x00,0,0x0000,0x00000000,0x00000000,22,FAULT_BLOCKED
24185,0.9,3.6,0.0,0.0,0.0,0,12.79,21.0,25.3,99,22,0x00,0,0x0000,0x00000000,0x00000000,22,FAULT_BLOCKED
24285,0.9,3.6,0.0,0.0,0.0,0,12.82,21.0,25.2,99,22,0x00,0,0x0000,0x00000000,0x00000000,21,FAULT_BLOCKED
24385,0.9,3.6,0.0,0.0,0.0,0,12.83,21.0,25.0,99,22,0x00,0,0x0000,0x00000000,0x00000000,20,FAULT_BLOCKED
24485,0.9,3.6,0.0,0.0,0.0,0,12.82,21.0,25.3,99,22,0x00,0,0x0000,0x00000000,0x00000000,22,FAULT_BLOCKED
24585,0.8,3.6,0.0,0.0,0.0,0,12.79,20.9,25.8,99,22,0x00,0,0x0000,0x00000000,0x00000000,24,FAULT_BLOCKED
24685,0.8,3.6,0.0,0.0,0.0,0,12.81,20.9,25.5,99,22,0x00,0,0x0000,0x00000000,0x00000000,23,FAULT_BLOCKED
24785,0.8,3.6,0.0,0.0,0.0,0,12.81,20.9,25.5,99,22,0x00,0,0x0000,0x00000000,0x00000000,23,FAULT_BLOCKED
24885,0.9,3.6,0.0,0.0,0.0,0,12.82,20.9,25.3,99,22,0x00,0,0x0000,0x00000000,0x00000000,22,FAULT_BLOCKED
24985,0.9,3.6,0.0,0.0,0.0,0,12.81,20.9,25.0,99,22,0x00,0,0x0000,0x00000000,0x00000000,20,FAULT_BLOCKED
25085,0.9,3.6,0.0,0.0,0.0,0,12.82,20.9,25.3,99,22,0x00,0,0x0000,0x00000000,0x00000000,22,FAULT_BLOCKED
25185,0.9,3.6,0.0,0.0,0.0,0,12.76,20.9,25.2,99,22,0x00,0,0x0000,0x00000000,0x00000000,21,FAULT_BLOCKED
25285,1.1,3.6,0.0,0.0,0.0,0,12.8,20.9,25.0,99,22,0x00,0,0x0000,0x00000000,0x00000000,20,FAULT_BLOCKED
25385,0.9,3.6,0.0,0.0,0.0,0,12.79,20.9,25.5,99,22,0x00,0,0x0000,0x00000000,0x00000000,23,FAULT_BLOCKED
25485,0.9,3.6,0.0,0.0,0.0,0,12.77,21.0,25.5,99,22,0x00,0,0x0000,0x00000000,0x00000000,23,FAULT_BLOCKED
25585,1.0,3.6,0.0,0.0,0.0,0,12.79,21.0,25.5,99,22,0x00,0,0x0000,0x00000000,0x00000000,23,FAULT_BLOCKED
25685,0.9,3.6,0.0,0.0,0.0,0,12.78,20.9,25.0,99,22,0x00,0,0x0000,0x00000000,0x00000000,20,FAULT_BLOCKED
25785,0.9,3.6,0.0,0.0,0.0,0,12.78,20.9,25.2,99,22,0x00,0,0x0000,0x00000000,0x00000000,21,FAULT_BLOCKED
25885,0.9,3.6,0.0,0.0,0.0,0,12.77,20.9,25.2,99,22,0x00,0,0x0000,0x00000000,0x00000000,21,FAULT_BLOCKED
25985,1.0,3.6,0.0,0.0,0.0,0,12.78,20.9,25.3,99,22,0x00,0,0x0000,0x00000000,0x00000000,22,FAULT_BLOCKED
26085,0.9,3.6,0.0,0.0,0.0,0,12.79,20.9,25.3,99,22,0x00,0,0x0000,0x00000000,0x00000000,22,FAULT_BLOCKED
26185,0.9,3.6,0.0,0.0,0.0,0,12.79,20.9,25.2,99,22,0x00,0,0x0000,0x00000000,0x00000000,21,FAULT_BLOCKED
26285,1.0,3.6,0.0,0.0,0.0,0,12.78,20.9,25.2,99,22,0x00,0,0x0000,0x00000000,0x00000000,21,FAULT_BLOCKED
26385,0.9,3.6,0.0,0.0,0.0,0,12.8,20.9,25.0,99,22,0x00,0,0x0000,0x00000000,0x00000000,20,FAULT_BLOCKED
26485,0.9,3.6,0.0,0.0,0.0,0,12.83,20.9,25.5,99,22,0x00,0,0x0000,0x00000000,0x00000000,23,FAULT_BLOCKED
26585,0.9,3.6,0.0,0.0,0.0,0,12.8,20.9,25.7,99,22,0x00,0,0x0000,0x00000000,0x00000000,24,FAULT_BLOCKED
26685,0.9,3.6,0.0,0.0,0.0,0,12.77,20.9,25.4,99,22,0x00,0,0x0000,0x00000000,0x00000000,22,FAULT_BLOCKED
26785,0.9,3.6,0.0,0.0,0.0,0,12.8,20.9,25.0,99,22,0x00,0,0x0000,0x00000000,0x00000000,20,FAULT_BLOCKED
26885,1.0,3.6,0.0,0.0,0.0,0,12.8,20.9,25.3,99,22,0x00,0,0x0000,0x00000000,0x00000000,22,FAULT_BLOCKED
26985,0.9,3.6,0.0,0.0,0.0,0,12.77,20.9,25.0,99,22,0x00,0,0x0000,0x00000000,0x00000000,20,FAULT_BLOCKED
27085,1.0,3.6,0.0,0.0,0.0,0,12.8,20.9,25.0,99,22,0x00,0,0x0000,0x00000000,0x00000000,20,FAULT_BLOCKED
27185,1.0,3.6,0.0,0.0,0.0,0,12.8,20.9,25.3,99,22,0x00,0,0x0000,0x00000000,0x00000000,22,FAULT_BLOCKED
27285,0.9,3.6,0.0,0.0,0.0,0,12.8,20.9,25.0,99,22,0x00,0,0x0000,0x00000000,0x00000000,20,FAULT_BLOCKED
27385,0.9,3.6,0.0,0.0,0.0,0,12.79,20.9,25.4,99,22,0x00,0,0x0000,0x00000000,0x00000000,22,FAULT_BLOCKED
27485,0.9,3.6,0.0,0.0,0.0,0,12.79,20.9,25.2,99,22,0x00,0,0x0000,0x00000000,0x00000000,21,FAULT_BLOCKED
27585,0.9,3.6,0.0,0.0,0.0,0,12.81,20.9,25.3,99,22,0x00,0,0x0000,0x00000000,0x00000000,22,FAULT_BLOCKED
27685,0.9,3.6,0.0,0.0,0.0,0,12.77,20.9,25.0,99,22,0x00,0,0x0000,0x00000000,0x00000000,20,FAULT_BLOCKED
27785,0.9,3.6,0.0,0.0,0.0,0,12.76,20.9,25.4,99,22,0x00,0,0x0000,0x00000000,0x00000000,22,FAULT_BLOCKED
27885,0.9,3.6,0.0,0.0,0.0,0,12.77,20.9,25.2,99,22,0x00,0,0x0000,0x00000000,0x00000000,21,FAULT_BLOCKED
27985,0.9,3.6,0.0,0.0,0.0,0,12.81,20.9,25.5,99,22,0x00,0,0x0000,0x00000000,0x00000000,23,FAULT_BLOCKED
28085,0.9,3.6,0.0,0.0,0.0,0,12.78,20.9,25.3,99,22,0x00,0,0x0000,0x00000000,0x00000000,22,FAULT_BLOCKED
28185,0.9,3.6,0.0,0.0,0.0,0,12.79,20.9,25.5,99,22,0x00,0,0x0000,0x00000000,0x00000000,23,FAULT_BLOCKED
28285,1.0,3.6,0.0,0.0,0.0,0,12.78,20.9,25.5,99,22,0x00,0,0x0000,0x00000000,0x00000000,23,FAULT_BLOCKED
28385,0.9,3.6,0.0,0.0,0.0,0,12.76,20.9,25.2,99,22,0x00,0,0x0000,0x00000000,0x00000000,21,FAULT_BLOCKED
28485,1.0,3.6,0.0,0.0,0.0,0,12.79,20.9,25.2,99,22,0x00,0,0x0000,0x00000000,0x00000000,21,FAULT_BLOCKED
28585,0.9,3.6,0.0,0.0,0.0,0,12.77,20.9,25.4,99,22,0x00,0,0x0000,0x00000000,0x00000000,22,FAULT_BLOCKED
28685,0.9,3.6,0.0,0.0,0.0,0,12.77,20.9,25.0,99,22,0x00,0,0x0000,0x00000000,0x00000000,20,FAULT_BLOCKED
28785,1.0,3.6,0.0,0.0,0.0,0,12.78,20.9,24.9,99,22,0x00,0,0x0000,0x00000000,0x00000000,20,FAULT_BLOCKED
28885,0.9,3.6,0.0,0.0,0.0,0,12.8,20.9,25.0,99,22,0x00,0,0x0000,0x00000000,0x00000000,20,FAULT_BLOCKED
28985,0.9,3.6,0.0,0.0,0.0,0,12.77,20.9,25.3,99,22,0x00,0,0x0000,0x00000000,0x00000000,22,FAULT_BLOCKED
29085,1.0,3.6,0.0,0.0,0.0,0,12.8,20.9,25.4,99,22,0x00,0,0x0000,0x00000000,0x00000000,22,FAULT_BLOCKED
29185,0.9,3.6,0.0,0.0,0.0,0,12.76,20.9,25.5,99,22,0x00,0,0x0000,0x00000000,0x00000000,23,FAULT_BLOCKED
29285,1.0,3.6,0.0,0.0,0.0,0,12.76,20.9,24.9,99,22,0x00,0,0x0000,0x00000000,0x00000000,20,FAULT_BLOCKED
29385,0.9,3.6,0.0,0.0,0.0,0,12.78,20.9,25.3,99,22,0x00,0,0x0000,0x00000000,0x00000000,22,FAULT_BLOCKED
29485,0.9,3.6,0.0,0.0,0.0,0,12.77,20.9,25.2,99,22,0x02,0,0x0000,0x00000000,0x00000000,21,READY_FOR_BUTTON
29585,0.9,3.6,0.0,0.0,0.0,0,12.75,20.9,25.3,99,22,0x02,0,0x0000,0x00000000,0x00000000,22,READY_FOR_BUTTON
29685,0.9,3.6,0.0,0.0,0.0,0,12.76,20.9,24.8,99,22,0x02,0,0x0000,0x00000000,0x00000000,20,READY_FOR_BUTTON
29785,0.9,3.6,0.0,0.0,0.0,0,12.76,20.9,25.3,99,22,0x02,0,0x0000,0x00000000,0x00000000,22,READY_FOR_BUTTON
29885,0.9,3.6,0.0,0.0,0.0,0,12.77,20.9,25.3,99,22,0x02,0,0x0000,0x00000000,0x00000000,22,READY_FOR_BUTTON
29985,1.0,3.6,0.0,0.0,0.0,0,12.76,20.9,25.4,99,22,0x02,0,0x0000,0x00000000,0x00000000,22,READY_FOR_BUTTON
30085,0.9,3.6,0.0,0.0,0.0,0,12.75,20.9,25.4,99,22,0x02,0,0x0000,0x00000000,0x00000000,22,READY_FOR_BUTTON
30186,0.9,3.6,0.0,0.0,0.0,0,12.79,20.9,24.6,99,22,0x02,0,0x0000,0x00000000,0x00000000,20,READY_FOR_BUTTON
30286,1.0,3.6,0.0,0.0,0.0,0,12.79,20.9,24.6,99,22,0x02,0,0x0000,0x00000000,0x00000000,20,READY_FOR_BUTTON
30386,0.9,3.6,0.0,0.0,0.0,0,12.77,20.9,24.9,99,22,0x02,0,0x0000,0x00000000,0x00000000,20,READY_FOR_BUTTON
30486,1.0,3.6,0.0,0.0,0.0,0,12.76,20.9,25.3,99,22,0x02,0,0x0000,0x00000000,0x00000000,22,READY_FOR_BUTTON
30586,0.9,3.6,0.0,0.0,0.0,0,12.76,20.9,25.2,99,22,0x02,0,0x0000,0x00000000,0x00000000,21,READY_FOR_BUTTON
30686,0.9,3.6,0.0,0.0,0.0,0,12.77,20.9,25.8,99,22,0x02,0,0x0000,0x00000000,0x00000000,24,READY_FOR_BUTTON
30786,0.9,3.6,0.0,0.0,0.0,0,12.75,20.9,25.8,99,22,0x02,0,0x0000,0x00000000,0x00000000,24,READY_FOR_BUTTON
30886,0.9,3.6,0.0,0.0,0.0,0,12.8,20.9,25.4,99,22,0x02,0,0x0000,0x00000000,0x00000000,22,READY_FOR_BUTTON
30986,0.9,3.6,0.0,0.0,0.0,0,12.81,20.9,25.2,99,22,0x02,0,0x0000,0x00000000,0x00000000,21,READY_FOR_BUTTON
31086,0.9,3.5,0.0,0.0,0.0,0,12.76,20.9,25.0,99,22,0x02,0,0x0000,0x00000000,0x00000000,20,READY_FOR_BUTTON
31186,0.9,3.6,0.0,0.0,0.0,0,12.77,20.9,25.0,99,22,0x02,0,0x0000,0x00000000,0x00000000,20,READY_FOR_BUTTON
31286,0.9,3.6,0.0,0.0,0.0,0,12.75,20.9,25.2,99,22,0x02,0,0x0000,0x00000000,0x00000000,21,READY_FOR_BUTTON
31386,0.9,3.6,0.0,0.0,0.0,0,12.76,20.9,25.2,99,22,0x02,0,0x0000,0x00000000,0x00000000,21,READY_FOR_BUTTON
31486,0.9,3.6,0.0,0.0,0.0,0,12.76,20.9,25.2,99,22,0x02,0,0x0000,0x00000000,0x00000000,21,READY_FOR_BUTTON
31586,0.9,3.6,0.0,0.0,0.0,0,12.77,20.9,25.2,99,22,0x02,0,0x0000,0x00000000,0x00000000,21,READY_FOR_BUTTON
31686,0.9,3.6,0.0,0.0,0.0,0,12.77,20.9,25.4,99,22,0x02,0,0x0000,0x00000000,0x00000000,22,READY_FOR_BUTTON
31786,0.9,3.6,0.0,0.0,0.0,0,12.77,20.9,25.2,99,22,0x02,0,0x0000,0x00000000,0x00000000,21,READY_FOR_BUTTON
31886,0.9,3.6,0.0,0.0,0.0,0,12.76,20.9,25.2,99,22,0x02,0,0x0000,0x00000000,0x00000000,21,READY_FOR_BUTTON
31986,0.9,3.6,0.0,0.0,0.0,0,12.75,20.9,25.0,99,22,0x02,0,0x0000,0x00000000,0x00000000,20,READY_FOR_BUTTON
32086,0.9,3.6,0.0,0.0,0.0,0,12.75,20.9,25.3,99,22,0x02,0,0x0000,0x00000000,0x00000000,22,READY_FOR_BUTTON
32186,0.9,3.6,0.0,0.0,0.0,0,12.76,20.9,25.4,99,22,0x02,0,0x0000,0x00000000,0x00000000,22,READY_FOR_BUTTON
32286,0.9,3.6,0.0,0.0,0.0,0,12.74,20.9,25.2,99,22,0x02,0,0x0000,0x00000000,0x00000000,21,READY_FOR_BUTTON
32386,0.9,3.6,0.0,0.0,0.0,0,12.74,20.9,25.3,99,22,0x02,0,0x0000,0x00000000,0x00000000,22,READY_FOR_BUTTON
32486,0.9,3.6,0.0,0.0,0.0,0,12.81,20.9,25.3,99,22,0x02,0,0x0000,0x00000000,0x00000000,22,READY_FOR_BUTTON
32586,0.9,3.6,0.0,0.0,0.0,0,12.78,20.9,25.3,99,22,0x02,0,0x0000,0x00000000,0x00000000,22,READY_FOR_BUTTON
32686,0.9,3.6,0.0,0.0,0.0,0,12.74,20.9,25.4,99,22,0x02,0,0x0000,0x00000000,0x00000000,22,READY_FOR_BUTTON
32786,0.9,3.6,0.0,0.0,0.0,0,12.77,20.9,25.2,99,22,0x02,0,0x0000,0x00000000,0x00000000,21,READY_FOR_BUTTON
32886,0.9,3.6,0.0,0.0,0.0,0,12.73,20.8,25.2,99,22,0x02,0,0x0000,0x00000000,0x00000000,21,READY_FOR_BUTTON
32986,0.9,3.6,0.0,0.0,0.0,0,12.72,20.8,25.3,99,22,0x02,0,0x0000,0x00000000,0x00000000,22,READY_FOR_BUTTON
33086,0.9,3.6,0.0,0.0,0.0,0,12.76,20.9,25.3,99,22,0x02,0,0x0000,0x00000000,0x00000000,22,READY_FOR_BUTTON
33187,0.9,3.6,0.0,0.0,0.0,0,12.74,20.9,25.3,99,22,0x02,0,0x0000,0x00000000,0x00000000,22,READY_FOR_BUTTON
33287,0.9,3.6,0.0,0.0,0.0,0,12.75,20.9,25.3,99,22,0x02,0,0x0000,0x00000000,0x00000000,22,READY_FOR_BUTTON
33387,0.9,3.6,0.0,0.0,0.0,0,12.77,20.9,25.2,99,22,0x02,0,0x0000,0x00000000,0x00000000,21,READY_FOR_BUTTON
33487,0.9,3.6,0.0,0.0,0.0,0,12.75,20.9,25.5,99,22,0x02,0,0x0000,0x00000000,0x00000000,23,READY_FOR_BUTTON
33587,0.9,3.6,0.0,0.0,0.0,0,12.67,20.9,25.2,99,22,0x02,0,0x0000,0x00000000,0x00000000,21,READY_FOR_BUTTON
33687,0.9,3.6,0.0,0.0,0.0,0,12.78,20.9,25.3,99,22,0x02,0,0x0000,0x00000000,0x00000000,22,READY_FOR_BUTTON
33787,0.9,3.6,0.0,0.0,0.0,0,12.75,20.9,24.9,99,22,0x02,0,0x0000,0x00000000,0x00000000,20,READY_FOR_BUTTON
33887,0.9,3.6,0.0,0.0,0.0,0,12.78,20.9,25.2,99,22,0x02,0,0x0000,0x00000000,0x00000000,21,READY_FOR_BUTTON
33987,0.9,3.6,0.0,0.0,0.0,0,12.77,20.9,25.2,99,22,0x02,0,0x0000,0x00000000,0x00000000,21,READY_FOR_BUTTON
34087,0.9,3.6,0.0,0.0,0.0,0,12.75,20.9,25.3,99,22,0x02,0,0x0000,0x00000000,0x00000000,22,READY_FOR_BUTTON
34187,0.9,3.6,0.0,0.0,0.0,0,12.75,20.9,25.5,99,22,0x02,0,0x0000,0x00000000,0x00000000,23,READY_FOR_BUTTON
34287,0.9,3.6,0.0,0.0,0.0,0,12.75,20.9,25.2,99,22,0x02,0,0x0000,0x00000000,0x00000000,21,READY_FOR_BUTTON
34387,0.9,3.6,0.0,0.0,0.0,0,12.74,20.9,25.3,99,22,0x02,0,0x0000,0x00000000,0x00000000,22,READY_FOR_BUTTON
34487,0.9,3.6,0.0,0.0,0.0,0,12.75,20.9,25.4,99,22,0x02,0,0x0000,0x00000000,0x00000000,22,READY_FOR_BUTTON
34587,0.9,3.6,0.0,0.0,0.0,0,12.76,20.9,25.4,99,22,0x02,0,0x0000,0x00000000,0x00000000,22,READY_FOR_BUTTON
34687,0.9,3.6,0.0,0.0,0.0,0,12.74,20.8,25.3,99,22,0x02,0,0x0000,0x00000000,0x00000000,22,READY_FOR_BUTTON
34787,0.9,3.6,0.0,0.0,0.0,0,12.77,20.8,25.2,99,22,0x02,0,0x0000,0x00000000,0x00000000,21,READY_FOR_BUTTON
34887,0.9,3.6,0.0,0.0,0.0,0,12.76,20.8,25.0,99,22,0x02,0,0x0000,0x00000000,0x00000000,20,READY_FOR_BUTTON
34987,0.9,3.6,0.0,0.0,0.0,0,12.76,20.9,25.5,99,22,0x02,0,0x0000,0x00000000,0x00000000,23,READY_FOR_BUTTON
35087,0.9,3.6,0.0,0.0,0.0,0,12.77,20.9,25.3,99,22,0x02,0,0x0000,0x00000000,0x00000000,22,READY_FOR_BUTTON
35187,0.9,3.7,0.0,0.0,0.0,0,12.74,20.9,25.4,99,22,0x02,0,0x0000,0x00000000,0x00000000,22,READY_FOR_BUTTON
35287,0.9,3.6,0.0,0.0,0.0,0,12.77,20.9,25.3,99,22,0x02,0,0x0000,0x00000000,0x00000000,22,READY_FOR_BUTTON
35387,0.9,3.6,0.0,0.0,0.0,0,12.76,20.9,25.3,99,22,0x02,0,0x0000,0x00000000,0x00000000,22,READY_FOR_BUTTON
35487,0.9,3.6,0.0,0.0,0.0,0,12.78,20.9,25.2,99,22,0x02,0,0x0000,0x00000000,0x00000000,21,READY_FOR_BUTTON
35587,0.9,3.6,0.0,0.0,0.0,0,12.76,20.9,25.2,99,22,0x02,0,0x0000,0x00000000,0x00000000,21,READY_FOR_BUTTON
35687,0.9,3.6,0.0,0.0,0.0,0,12.77,20.9,25.2,99,22,0x02,0,0x0000,0x00000000,0x00000000,21,READY_FOR_BUTTON
35787,0.9,3.6,0.0,0.0,0.0,0,12.77,20.9,25.2,99,22,0x02,0,0x0000,0x00000000,0x00000000,21,READY_FOR_BUTTON
35887,0.9,3.6,0.0,0.0,0.0,0,12.79,20.9,24.9,99,22,0x02,0,0x0000,0x00000000,0x00000000,20,READY_FOR_BUTTON
35987,0.9,3.6,0.0,0.0,0.0,0,12.75,20.9,25.4,99,22,0x02,0,0x0000,0x00000000,0x00000000,22,READY_FOR_BUTTON
36087,0.9,3.6,0.0,0.0,0.0,0,12.77,20.9,25.0,99,22,0x02,0,0x0000,0x00000000,0x00000000,20,READY_FOR_BUTTON
36187,0.9,3.6,0.0,0.0,0.0,0,12.76,20.9,25.3,99,22,0x02,0,0x0000,0x00000000,0x00000000,22,READY_FOR_BUTTON
36287,0.9,3.6,0.0,0.0,0.0,0,12.75,20.9,25.2,99,22,0x02,0,0x0000,0x00000000,0x00000000,21,READY_FOR_BUTTON
36387,0.9,3.6,0.0,0.0,0.0,0,12.76,20.9,24.8,99,22,0x02,0,0x0000,0x00000000,0x00000000,20,READY_FOR_BUTTON
36487,0.9,3.6,0.0,0.0,0.0,0,12.78,20.9,25.3,99,22,0x02,0,0x0000,0x00000000,0x00000000,22,READY_FOR_BUTTON
36587,0.9,3.6,0.0,0.0,0.0,0,12.76,20.9,25.3,99,22,0x02,0,0x0000,0x00000000,0x00000000,22,READY_FOR_BUTTON
36687,0.9,3.6,0.0,0.0,0.0,0,12.78,20.9,25.3,99,22,0x02,0,0x0000,0x00000000,0x00000000,22,READY_FOR_BUTTON
36787,0.9,3.6,0.0,0.0,0.0,0,12.78,20.9,25.3,99,22,0x02,0,0x0000,0x00000000,0x00000000,22,READY_FOR_BUTTON
36887,0.9,3.6,0.0,0.0,0.0,0,12.75,20.9,25.4,99,22,0x02,0,0x0000,0x00000000,0x00000000,22,READY_FOR_BUTTON
36987,0.9,3.6,0.0,0.0,0.0,0,12.75,20.9,25.4,99,22,0x02,0,0x0000,0x00000000,0x00000000,22,READY_FOR_BUTTON
37087,0.9,3.6,0.0,0.0,0.0,0,12.75,20.9,25.8,99,22,0x02,0,0x0000,0x00000000,0x00000000,24,READY_FOR_BUTTON
37187,0.9,3.6,0.0,0.0,0.0,0,12.75,20.9,25.2,99,22,0x02,0,0x0000,0x00000000,0x00000000,21,READY_FOR_BUTTON
37287,0.9,3.6,0.0,0.0,0.0,0,12.76,20.9,25.2,99,22,0x02,0,0x0000,0x00000000,0x00000000,21,READY_FOR_BUTTON
37387,0.8,3.7,0.0,0.0,0.0,0,12.8,20.9,25.2,99,22,0x02,0,0x0000,0x00000000,0x00000000,21,READY_FOR_BUTTON
37487,0.9,3.6,0.0,0.0,0.0,0,12.75,20.9,25.5,99,22,0x02,0,0x0000,0x00000000,0x00000000,23,READY_FOR_BUTTON
37587,0.9,3.6,0.0,0.0,0.0,0,12.77,20.9,25.2,99,22,0x02,0,0x0000,0x00000000,0x00000000,21,READY_FOR_BUTTON
37687,0.9,3.6,0.0,0.0,0.0,0,12.79,20.9,25.2,99,22,0x02,0,0x0000,0x00000000,0x00000000,21,READY_FOR_BUTTON
37787,0.9,3.6,0.0,0.0,0.0,0,12.78,20.9,24.9,99,22,0x02,0,0x0000,0x00000000,0x00000000,20,READY_FOR_BUTTON
37888,0.8,3.6,0.0,0.0,0.0,0,12.77,20.9,25.2,99,22,0x02,0,0x0000,0x00000000,0x00000000,21,READY_FOR_BUTTON
37988,0.9,3.6,0.0,0.0,0.0,0,12.72,20.9,25.2,99,22,0x02,0,0x0000,0x00000000,0x00000000,21,READY_FOR_BUTTON
38088,0.9,3.6,0.0,0.0,0.0,0,12.74,20.9,25.3,99,22,0x02,0,0x0000,0x00000000,0x00000000,22,READY_FOR_BUTTON
38188,0.9,3.6,0.0,0.0,0.0,0,12.77,20.9,25.3,99,22,0x02,0,0x0000,0x00000000,0x00000000,22,READY_FOR_BUTTON
38288,0.9,3.6,0.0,0.0,0.0,0,12.8,20.9,25.3,99,22,0x02,0,0x0000,0x00000000,0x00000000,22,READY_FOR_BUTTON
38388,0.9,3.6,0.0,0.0,0.0,0,12.75,20.9,25.3,99,22,0x02,0,0x0000,0x00000000,0x00000000,22,READY_FOR_BUTTON
38488,0.9,3.6,0.0,0.0,0.0,0,12.76,20.9,25.2,99,22,0x02,0,0x0000,0x00000000,0x00000000,21,READY_FOR_BUTTON
38588,0.9,3.6,0.0,0.0,0.0,0,12.77,20.9,25.0,99,22,0x02,0,0x0000,0x00000000,0x00000000,20,READY_FOR_BUTTON
38689,0.9,3.6,0.0,0.0,0.0,0,12.75,20.9,25.2,99,22,0x02,0,0x0000,0x00000000,0x00000000,21,READY_FOR_BUTTON
38789,0.9,3.6,0.0,0.0,0.0,0,12.76,20.9,25.4,99,22,0x02,0,0x0000,0x00000000,0x00000000,22,READY_FOR_BUTTON
38889,0.9,3.6,0.0,0.0,0.0,0,12.75,20.9,25.2,99,22,0x02,0,0x0000,0x00000000,0x00000000,21,READY_FOR_BUTTON
38989,0.9,3.6,0.0,0.0,0.0,0,12.75,20.9,25.4,99,22,0x02,0,0x0000,0x00000000,0x00000000,22,READY_FOR_BUTTON
39089,0.9,3.6,0.0,0.0,0.0,0,12.79,20.9,25.2,99,22,0x02,0,0x0000,0x00000000,0x00000000,21,READY_FOR_BUTTON
39189,0.9,3.6,0.0,0.0,0.0,0,12.75,20.9,25.5,99,22,0x02,0,0x0000,0x00000000,0x00000000,23,READY_FOR_BUTTON
39289,0.9,3.6,0.0,0.0,0.0,0,12.76,20.9,25.4,99,22,0x02,0,0x0000,0x00000000,0x00000000,22,READY_FOR_BUTTON
39389,0.9,3.6,0.0,0.0,0.0,0,12.77,20.9,25.2,99,22,0x02,0,0x0000,0x00000000,0x00000000,21,READY_FOR_BUTTON
39489,0.9,3.6,0.0,0.0,0.0,0,12.77,20.9,25.4,99,22,0x02,0,0x0000,0x00000000,0x00000000,22,READY_FOR_BUTTON
39589,0.9,3.6,0.0,0.0,0.0,0,12.75,20.9,25.3,99,22,0x02,0,0x0000,0x00000000,0x00000000,22,READY_FOR_BUTTON
39689,0.9,3.6,0.0,0.0,0.0,0,12.75,20.9,25.2,99,22,0x02,0,0x0000,0x00000000,0x00000000,21,READY_FOR_BUTTON
39789,0.9,3.6,0.0,0.0,0.0,0,12.76,20.9,25.3,99,22,0x02,0,0x0000,0x00000000,0x00000000,22,READY_FOR_BUTTON
39889,0.9,3.6,0.0,0.0,0.0,0,12.76,20.9,25.2,99,22,0x02,0,0x0000,0x00000000,0x00000000,21,READY_FOR_BUTTON
39989,0.9,3.6,0.0,0.0,0.0,0,12.76,20.9,25.2,99,22,0x02,0,0x0000,0x00000000,0x00000000,21,READY_FOR_BUTTON
40089,0.9,3.6,0.0,0.0,0.0,0,12.74,20.9,25.3,99,22,0x02,0,0x0000,0x00000000,0x00000000,22,READY_FOR_BUTTON
40189,0.9,3.6,0.0,0.0,0.0,0,12.76,20.9,25.3,99,22,0x02,0,0x0000,0x00000000,0x00000000,22,READY_FOR_BUTTON
40289,0.9,3.6,0.0,0.0,0.0,0,12.76,20.9,25.2,99,22,0x02,0,0x0000,0x00000000,0x00000000,21,READY_FOR_BUTTON
40389,0.9,3.6,0.0,0.0,0.0,0,12.75,20.9,25.2,99,22,0x02,0,0x0000,0x00000000,0x00000000,21,READY_FOR_BUTTON
40489,0.9,3.6,0.0,0.0,0.0,0,12.69,20.9,25.2,99,22,0x02,0,0x0000,0x00000000,0x00000000,21,READY_FOR_BUTTON
40589,0.9,3.6,0.0,0.0,0.0,0,12.76,20.9,25.2,99,22,0x02,0,0x0000,0x00000000,0x00000000,21,READY_FOR_BUTTON
40689,0.9,3.6,0.0,0.0,0.0,0,12.81,20.9,25.2,99,22,0x02,0,0x0000,0x00000000,0x00000000,21,READY_FOR_BUTTON
40789,0.9,3.6,0.0,0.0,0.0,0,12.75,20.9,25.2,99,22,0x02,0,0x0000,0x00000000,0x00000000,21,READY_FOR_BUTTON
40889,1.0,3.6,0.0,0.0,0.0,0,12.76,20.9,25.2,99,22,0x02,0,0x0000,0x00000000,0x00000000,21,READY_FOR_BUTTON
40989,0.9,3.6,0.0,0.0,0.0,0,12.76,20.9,25.2,99,22,0x02,0,0x0000,0x00000000,0x00000000,21,READY_FOR_BUTTON
41089,0.9,3.6,0.0,0.0,0.0,0,12.7,20.9,25.2,99,22,0x02,0,0x0000,0x00000000,0x00000000,21,READY_FOR_BUTTON
41189,0.9,3.6,0.0,0.0,0.0,0,12.72,20.9,25.2,99,22,0x02,0,0x0000,0x00000000,0x00000000,21,READY_FOR_BUTTON
41289,0.9,3.6,0.0,0.0,0.0,0,12.76,20.9,25.5,99,22,0x02,0,0x0000,0x00000000,0x00000000,23,READY_FOR_BUTTON
41389,0.9,3.6,0.0,0.0,0.0,0,12.75,21.0,25.2,99,22,0x02,0,0x0000,0x00000000,0x00000000,21,READY_FOR_BUTTON
41489,1.0,3.6,0.0,0.0,0.0,0,12.75,20.9,25.4,99,22,0x02,0,0x0000,0x00000000,0x00000000,22,READY_FOR_BUTTON
41589,0.9,3.6,0.0,0.0,0.0,0,12.76,20.9,25.2,99,22,0x02,0,0x0000,0x00000000,0x00000000,21,READY_FOR_BUTTON
41689,0.9,3.6,0.0,0.0,0.0,0,12.74,20.9,25.2,99,22,0x02,0,0x0000,0x00000000,0x00000000,21,READY_FOR_BUTTON
41789,0.9,3.6,0.0,0.0,0.0,0,12.77,20.9,25.4,99,22,0x02,0,0x0000,0x00000000,0x00000000,22,READY_FOR_BUTTON
41889,0.9,3.6,0.0,0.0,0.0,0,12.78,20.9,25.4,99,22,0x02,0,0x0000,0x00000000,0x00000000,22,READY_FOR_BUTTON
41989,0.9,3.6,0.0,0.0,0.0,0,12.77,20.9,25.0,99,22,0x02,0,0x0000,0x00000000,0x00000000,20,READY_FOR_BUTTON
42089,0.9,3.6,0.0,0.0,0.0,0,12.75,20.9,25.0,99,22,0x02,0,0x0000,0x00000000,0x00000000,20,READY_FOR_BUTTON
42189,0.9,3.6,0.0,0.0,0.0,0,12.74,21.0,25.2,99,22,0x02,0,0x0000,0x00000000,0x00000000,21,READY_FOR_BUTTON
42289,0.9,3.6,0.0,0.0,0.0,0,12.77,20.9,25.2,99,22,0x02,0,0x0000,0x00000000,0x00000000,21,READY_FOR_BUTTON
42389,0.9,3.6,0.0,0.0,0.0,0,12.74,20.9,25.2,99,22,0x02,0,0x0000,0x00000000,0x00000000,21,READY_FOR_BUTTON
42489,0.9,3.6,0.0,0.0,0.0,0,12.78,20.9,25.2,99,22,0x02,0,0x0000,0x00000000,0x00000000,21,READY_FOR_BUTTON
42589,0.9,3.6,0.0,0.0,0.0,0,12.78,20.9,25.3,99,22,0x02,0,0x0000,0x00000000,0x00000000,22,READY_FOR_BUTTON
42689,0.9,3.6,0.0,0.0,0.0,0,12.76,20.9,25.3,99,22,0x02,0,0x0000,0x00000000,0x00000000,22,READY_FOR_BUTTON
42789,0.9,3.6,0.0,0.0,0.0,0,12.77,20.9,25.2,99,22,0x02,0,0x0000,0x00000000,0x00000000,21,READY_FOR_BUTTON
42889,0.9,3.6,0.0,0.0,0.0,0,12.74,20.9,25.2,99,22,0x02,0,0x0000,0x00000000,0x00000000,21,READY_FOR_BUTTON
42989,0.9,3.6,0.0,0.0,0.0,0,12.75,20.9,25.5,99,22,0x02,0,0x0000,0x00000000,0x00000000,23,READY_FOR_BUTTON
43089,0.9,3.5,0.0,0.0,0.0,0,12.77,20.9,25.0,99,22,0x02,0,0x0000,0x00000000,0x00000000,20,READY_FOR_BUTTON
43189,0.8,3.5,0.0,0.0,0.0,0,12.74,20.9,25.4,99,22,0x02,0,0x0000,0x00000000,0x00000000,22,READY_FOR_BUTTON
43289,0.9,3.6,0.0,0.0,0.0,0,12.75,20.9,25.4,99,22,0x02,0,0x0000,0x00000000,0x00000000,22,READY_FOR_BUTTON
43389,1.0,3.6,0.0,0.0,0.0,0,12.75,20.9,24.9,99,22,0x02,0,0x0000,0x00000000,0x00000000,20,READY_FOR_BUTTON
43489,0.9,3.6,0.0,0.0,0.0,0,12.78,20.9,25.3,99,22,0x02,0,0x0000,0x00000000,0x00000000,22,READY_FOR_BUTTON
43589,0.9,3.6,0.0,0.0,0.0,0,12.74,20.9,25.3,99,22,0x02,0,0x0000,0x00000000,0x00000000,22,READY_FOR_BUTTON
43689,0.9,3.6,0.0,0.0,0.0,0,12.81,20.9,25.3,99,22,0x02,0,0x0000,0x00000000,0x00000000,22,READY_FOR_BUTTON
43789,0.9,3.6,0.0,0.0,0.0,0,12.75,20.9,25.0,99,22,0x02,0,0x0000,0x00000000,0x00000000,20,READY_FOR_BUTTON
43889,0.9,3.6,0.0,0.0,0.0,0,12.75,20.9,25.3,99,22,0x02,0,0x0000,0x00000000,0x00000000,22,READY_FOR_BUTTON
43989,0.9,3.6,0.0,0.0,0.0,0,12.75,20.9,25.0,99,22,0x02,0,0x0000,0x00000000,0x00000000,20,READY_FOR_BUTTON
44089,0.9,3.6,0.0,0.0,0.0,0,12.75,20.9,25.2,99,22,0x02,0,0x0000,0x00000000,0x00000000,21,READY_FOR_BUTTON
44189,0.9,3.6,0.0,0.0,0.0,0,12.76,20.9,25.4,99,22,0x02,0,0x0000,0x00000000,0x00000000,22,READY_FOR_BUTTON
44289,0.9,3.6,0.0,0.0,0.0,0,12.75,20.9,25.2,99,22,0x02,0,0x0000,0x00000000,0x00000000,21,READY_FOR_BUTTON
44389,0.9,3.6,0.0,0.0,0.0,0,12.74,20.9,25.2,99,22,0x02,0,0x0000,0x00000000,0x00000000,21,READY_FOR_BUTTON
44489,0.9,3.6,0.0,0.0,0.0,0,12.74,20.9,25.3,99,22,0x02,0,0x0000,0x00000000,0x00000000,22,READY_FOR_BUTTON
44589,0.9,3.7,0.0,0.0,0.0,0,12.76,20.9,25.3,99,22,0x02,0,0x0000,0x00000000,0x00000000,22,READY_FOR_BUTTON
44689,0.8,3.6,0.0,0.0,0.0,0,12.74,20.9,24.9,99,22,0x02,0,0x0000,0x00000000,0x00000000,20,READY_FOR_BUTTON
44789,0.9,3.6,0.0,0.0,0.0,0,12.75,20.9,24.9,99,22,0x02,0,0x0000,0x00000000,0x00000000,20,READY_FOR_BUTTON
44889,0.9,3.6,0.0,0.0,0.0,0,12.74,20.9,24.9,99,22,0x02,0,0x0000,0x00000000,0x00000000,20,READY_FOR_BUTTON
44989,0.9,3.6,0.0,0.0,0.0,0,12.73,20.9,25.3,99,22,0x02,0,0x0000,0x00000000,0x00000000,22,READY_FOR_BUTTON
45089,0.9,3.6,0.0,0.0,0.0,0,12.8,20.9,25.2,99,22,0x02,0,0x0000,0x00000000,0x00000000,21,READY_FOR_BUTTON
45189,0.9,3.6,0.0,0.0,0.0,0,12.75,20.9,25.0,99,22,0x02,0,0x0000,0x00000000,0x00000000,20,READY_FOR_BUTTON
45289,0.9,3.6,0.0,0.0,0.0,0,12.75,20.9,25.2,99,22,0x02,0,0x0000,0x00000000,0x00000000,21,READY_FOR_BUTTON
45389,0.9,3.6,0.0,0.0,0.0,0,12.75,20.9,25.3,99,22,0x02,0,0x0000,0x00000000,0x00000000,22,READY_FOR_BUTTON
45489,0.9,3.6,0.0,0.0,0.0,0,12.75,20.9,25.3,99,22,0x02,0,0x0000,0x00000000,0x00000000,22,READY_FOR_BUTTON
45589,0.8,3.6,0.0,0.0,0.0,0,12.76,20.9,24.9,99,22,0x02,0,0x0000,0x00000000,0x00000000,20,READY_FOR_BUTTON
45689,0.9,3.6,0.0,0.0,0.0,0,12.75,20.9,25.0,99,22,0x02,0,0x0000,0x00000000,0x00000000,20,READY_FOR_BUTTON
45789,0.9,3.6,0.0,0.0,0.0,0,12.78,20.9,25.2,99,22,0x02,0,0x0000,0x00000000,0x00000000,21,READY_FOR_BUTTON
45889,0.9,3.6,0.0,0.0,0.0,0,12.73,20.9,25.2,99,22,0x02,0,0x0000,0x00000000,0x00000000,21,READY_FOR_BUTTON
45989,1.0,3.6,0.0,0.0,0.0,0,12.76,20.9,25.2,99,22,0x02,0,0x0000,0x00000000,0x00000000,21,READY_FOR_BUTTON
46089,0.9,3.6,0.0,0.0,0.0,0,12.76,20.9,25.3,99,22,0x02,0,0x0000,0x00000000,0x00000000,22,READY_FOR_BUTTON
46189,0.8,3.6,0.0,0.0,0.0,0,12.74,20.9,25.3,99,22,0x02,0,0x0000,0x00000000,0x00000000,22,READY_FOR_BUTTON
46290,0.9,3.6,0.0,0.0,0.0,0,12.74,20.9,25.2,99,22,0x02,0,0x0000,0x00000000,0x00000000,21,READY_FOR_BUTTON
46390,0.9,3.6,0.0,0.0,0.0,0,12.74,20.9,25.2,99,22,0x02,0,0x0000,0x00000000,0x00000000,21,READY_FOR_BUTTON
46490,0.9,3.7,0.0,0.0,0.0,0,12.76,20.9,25.5,99,22,0x02,0,0x0000,0x00000000,0x00000000,23,READY_FOR_BUTTON
46590,0.9,3.6,0.0,0.0,0.0,0,12.74,20.9,25.0,99,22,0x02,0,0x0000,0x00000000,0x00000000,20,READY_FOR_BUTTON
46690,0.8,3.6,0.0,0.0,0.0,0,12.75,20.9,25.0,99,22,0x02,0,0x0000,0x00000000,0x00000000,20,READY_FOR_BUTTON
46790,0.9,3.6,0.0,0.0,0.0,0,12.74,20.9,25.3,99,22,0x02,0,0x0000,0x00000000,0x00000000,22,READY_FOR_BUTTON
46890,0.9,3.6,0.0,0.0,0.0,0,12.73,20.9,25.2,99,22,0x02,0,0x0000,0x00000000,0x00000000,21,READY_FOR_BUTTON
46990,0.9,3.6,0.0,0.0,0.0,0,12.82,20.9,25.2,99,22,0x02,0,0x0000,0x00000000,0x00000000,21,READY_FOR_BUTTON
47090,0.9,3.6,0.0,0.0,0.0,0,12.79,20.9,24.9,99,22,0x02,0,0x0000,0x00000000,0x00000000,20,READY_FOR_BUTTON
47190,0.9,3.6,0.0,0.0,0.0,0,12.75,20.9,25.2,99,22,0x02,0,0x0000,0x00000000,0x00000000,21,READY_FOR_BUTTON
47290,0.9,3.6,0.0,0.0,0.0,0,12.74,20.9,25.2,99,22,0x02,0,0x0000,0x00000000,0x00000000,21,READY_FOR_BUTTON
47390,0.9,3.6,0.0,0.0,0.0,0,12.76,20.9,25.7,99,22,0x02,0,0x0000,0x00000000,0x00000000,24,READY_FOR_BUTTON
47490,0.9,3.6,0.0,0.0,0.0,0,12.75,20.9,24.8,99,22,0x02,0,0x0000,0x00000000,0x00000000,20,READY_FOR_BUTTON
47590,0.9,3.6,0.0,0.0,0.0,0,12.74,20.9,25.4,99,22,0x02,0,0x0000,0x00000000,0x00000000,22,READY_FOR_BUTTON
47690,0.9,3.6,0.0,0.0,0.0,0,12.76,20.9,25.4,99,22,0x02,0,0x0000,0x00000000,0x00000000,22,READY_FOR_BUTTON
47790,0.9,3.6,0.0,0.0,0.0,0,12.74,20.9,25.3,99,22,0x02,0,0x0000,0x00000000,0x00000000,22,READY_FOR_BUTTON
47890,0.9,3.6,0.0,0.0,0.0,0,12.75,20.9,25.3,99,22,0x02,0,0x0000,0x00000000,0x00000000,22,READY_FOR_BUTTON
47990,0.9,3.6,0.0,0.0,0.0,0,12.77,20.9,24.9,99,22,0x02,0,0x0000,0x00000000,0x00000000,20,READY_FOR_BUTTON
48090,0.9,3.6,0.0,0.0,0.0,0,12.73,20.9,25.3,99,22,0x02,0,0x0000,0x00000000,0x00000000,22,READY_FOR_BUTTON
48190,0.9,3.6,0.0,0.0,0.0,0,12.73,20.9,25.2,99,22,0x02,0,0x0000,0x00000000,0x00000000,21,READY_FOR_BUTTON
48290,0.9,3.6,0.0,0.0,0.0,0,12.76,20.9,25.2,99,22,0x02,0,0x0000,0x00000000,0x00000000,21,READY_FOR_BUTTON
48390,0.9,3.6,0.0,0.0,0.0,0,12.73,20.9,25.0,99,22,0x02,0,0x0000,0x00000000,0x00000000,20,READY_FOR_BUTTON
48490,0.9,3.6,0.0,0.0,0.0,0,12.75,20.9,25.0,99,22,0x02,0,0x0000,0x00000000,0x00000000,20,READY_FOR_BUTTON
48590,0.9,3.6,0.0,0.0,0.0,0,12.76,20.9,25.0,99,22,0x02,0,0x0000,0x00000000,0x00000000,20,READY_FOR_BUTTON
48690,0.9,3.6,0.0,0.0,0.0,0,12.76,20.9,25.4,99,22,0x02,0,0x0000,0x00000000,0x00000000,22,READY_FOR_BUTTON
48790,0.9,3.6,0.0,0.0,0.0,0,12.76,20.9,25.2,99,22,0x02,0,0x0000,0x00000000,0x00000000,21,READY_FOR_BUTTON
48890,0.9,3.6,0.0,0.0,0.0,0,12.75,20.9,25.2,99,22,0x02,0,0x0000,0x00000000,0x00000000,21,READY_FOR_BUTTON
48990,0.9,3.6,0.0,0.0,0.0,0,12.74,20.9,25.2,99,22,0x02,0,0x0000,0x00000000,0x00000000,21,READY_FOR_BUTTON
49090,0.9,3.6,0.0,0.0,0.0,0,12.74,20.9,24.9,99,22,0x02,0,0x0000,0x00000000,0x00000000,20,READY_FOR_BUTTON
49190,0.9,3.6,0.0,0.0,0.0,0,12.73,20.9,25.0,99,22,0x02,0,0x0000,0x00000000,0x00000000,20,READY_FOR_BUTTON
49290,0.9,3.5,0.0,0.0,0.0,0,12.75,20.9,25.0,99,22,0x02,0,0x0000,0x00000000,0x00000000,20,READY_FOR_BUTTON
49390,0.9,3.7,0.0,0.0,0.0,0,12.76,20.9,25.0,99,22,0x02,0,0x0000,0x00000000,0x00000000,20,READY_FOR_BUTTON
49490,0.9,3.6,0.0,0.0,0.0,0,12.75,20.9,26.1,99,22,0x02,0,0x0000,0x00000000,0x00000000,26,READY_FOR_BUTTON
49590,0.9,3.7,0.0,0.0,0.0,0,12.72,20.9,25.2,99,22,0x02,0,0x0000,0x00000000,0x00000000,21,READY_FOR_BUTTON
49690,0.9,3.6,0.0,0.0,0.0,0,12.77,20.9,25.0,99,22,0x02,0,0x0000,0x00000000,0x00000000,20,READY_FOR_BUTTON
49790,0.9,3.6,0.0,0.0,0.0,0,12.74,20.9,24.9,99,22,0x02,0,0x0000,0x00000000,0x00000000,20,READY_FOR_BUTTON
49890,0.9,3.6,0.0,0.0,0.0,0,12.75,20.9,25.0,99,22,0x02,0,0x0000,0x00000000,0x00000000,20,READY_FOR_BUTTON
49990,0.9,3.6,0.0,0.0,0.0,0,12.79,20.9,25.3,99,22,0x02,0,0x0000,0x00000000,0x00000000,22,READY_FOR_BUTTON
50090,0.9,3.6,0.0,0.0,0.0,0,12.76,20.9,25.2,99,22,0x02,0,0x0000,0x00000000,0x00000000,21,READY_FOR_BUTTON
50190,0.9,3.6,0.0,0.0,0.0,0,12.74,20.9,25.2,99,22,0x02,0,0x0000,0x00000000,0x00000000,21,READY_FOR_BUTTON
50290,0.9,3.6,0.0,0.0,0.0,0,12.76,20.9,25.2,99,22,0x02,0,0x0000,0x00000000,0x00000000,21,READY_FOR_BUTTON
50390,0.9,3.6,0.0,0.0,0.0,0,12.76,20.9,25.3,99,22,0x02,0,0x0000,0x00000000,0x00000000,22,READY_FOR_BUTTON
50490,0.9,3.6,0.0,0.0,0.0,0,12.74,20.9,25.2,99,22,0x02,0,0x0000,0x00000000,0x00000000,21,READY_FOR_BUTTON
50590,0.9,3.6,0.0,0.0,0.0,0,12.74,20.9,25.5,99,22,0x02,0,0x0000,0x00000000,0x00000000,23,READY_FOR_BUTTON
50690,0.9,3.6,0.0,0.0,0.0,0,12.76,20.9,25.4,99,22,0x02,0,0x0000,0x00000000,0x00000000,22,READY_FOR_BUTTON
50790,0.9,3.6,0.0,0.0,0.0,0,12.78,20.9,25.5,99,22,0x02,0,0x0000,0x00000000,0x00000000,23,READY_FOR_BUTTON
50890,0.9,3.6,0.0,0.0,0.0,0,12.75,20.9,25.0,99,22,0x02,0,0x0000,0x00000000,0x00000000,20,READY_FOR_BUTTON
50990,0.9,3.6,0.0,0.0,0.0,0,12.73,20.9,25.3,99,22,0x02,0,0x0000,0x00000000,0x00000000,22,READY_FOR_BUTTON
51091,0.8,3.6,0.0,0.0,0.0,0,12.75,20.9,25.3,99,22,0x02,0,0x0000,0x00000000,0x00000000,22,READY_FOR_BUTTON
51191,0.9,3.6,0.0,0.0,0.0,0,12.76,20.9,25.0,99,22,0x02,0,0x0000,0x00000000,0x00000000,20,READY_FOR_BUTTON
51291,0.9,3.6,0.0,0.0,0.0,0,12.74,20.9,25.3,99,22,0x02,0,0x0000,0x00000000,0x00000000,22,READY_FOR_BUTTON
51391,0.9,3.6,0.0,0.0,0.0,0,12.73,20.9,24.9,99,22,0x02,0,0x0000,0x00000000,0x00000000,20,READY_FOR_BUTTON
51491,0.8,3.6,0.0,0.0,0.0,0,12.76,20.9,25.2,99,22,0x02,0,0x0000,0x00000000,0x00000000,21,READY_FOR_BUTTON
51591,0.9,3.6,0.0,0.0,0.0,0,12.76,20.9,25.8,99,22,0x02,0,0x0000,0x00000000,0x00000000,24,READY_FOR_BUTTON
51692,0.9,3.6,0.0,0.0,0.0,0,12.76,20.9,25.8,99,22,0x02,0,0x0000,0x00000000,0x00000000,24,READY_FOR_BUTTON
51792,0.9,3.6,0.0,0.0,0.0,0,12.76,20.9,25.2,99,22,0x02,0,0x0000,0x00000000,0x00000000,21,READY_FOR_BUTTON
51892,0.9,3.6,0.0,0.0,0.0,0,12.76,20.9,25.2,99,22,0x02,0,0x0000,0x00000000,0x00000000,21,READY_FOR_BUTTON
51992,0.9,3.6,0.0,0.0,0.0,0,12.74,20.9,25.2,99,22,0x02,0,0x0000,0x00000000,0x00000000,21,READY_FOR_BUTTON
52092,0.9,3.6,0.0,0.0,0.0,0,12.74,20.9,25.0,99,22,0x02,0,0x0000,0x00000000,0x00000000,20,READY_FOR_BUTTON
52192,0.9,3.6,0.0,0.0,0.0,0,12.76,20.9,25.0,99,22,0x02,0,0x0000,0x00000000,0x00000000,20,READY_FOR_BUTTON
52292,0.9,3.6,0.0,0.0,0.0,0,12.73,20.9,25.0,99,22,0x02,0,0x0000,0x00000000,0x00000000,20,READY_FOR_BUTTON
52392,0.9,3.6,0.0,0.0,0.0,0,12.74,20.9,25.0,99,22,0x02,0,0x0000,0x00000000,0x00000000,20,READY_FOR_BUTTON
52492,0.8,3.6,0.0,0.0,0.0,0,12.78,20.9,25.2,99,22,0x02,0,0x0000,0x00000000,0x00000000,21,READY_FOR_BUTTON
52592,0.9,3.6,0.0,0.0,0.0,0,12.74,20.9,25.2,99,22,0x02,0,0x0000,0x00000000,0x00000000,21,READY_FOR_BUTTON
52692,0.9,3.6,0.0,0.0,0.0,0,12.74,20.9,25.3,99,22,0x02,0,0x0000,0x00000000,0x00000000,22,READY_FOR_BUTTON
52792,0.9,3.6,0.0,0.0,0.0,0,12.75,20.9,25.5,99,22,0x02,0,0x0000,0x00000000,0x00000000,23,READY_FOR_BUTTON
52892,0.9,3.6,0.0,0.0,0.0,0,12.75,20.9,24.9,99,22,0x02,0,0x0000,0x00000000,0x00000000,20,READY_FOR_BUTTON
52992,0.9,3.6,0.0,0.0,0.0,0,12.77,20.9,24.9,99,22,0x02,0,0x0000,0x00000000,0x00000000,20,READY_FOR_BUTTON
53092,0.9,3.6,0.0,0.0,0.0,0,12.76,20.9,24.9,99,22,0x02,0,0x0000,0x00000000,0x00000000,20,READY_FOR_BUTTON
53192,0.9,3.6,0.0,0.0,0.0,0,12.74,21.0,24.9,99,22,0x02,0,0x0000,0x00000000,0x00000000,20,READY_FOR_BUTTON
53292,0.9,3.6,0.0,0.0,0.0,0,12.74,21.0,25.3,99,22,0x02,0,0x0000,0x00000000,0x00000000,22,READY_FOR_BUTTON
53392,0.9,3.6,0.0,0.0,0.0,0,12.72,21.0,25.0,99,22,0x02,0,0x0000,0x00000000,0x00000000,20,READY_FOR_BUTTON
53492,0.9,3.6,0.0,0.0,0.0,0,12.72,20.9,25.2,99,22,0x02,0,0x0000,0x00000000,0x00000000,21,READY_FOR_BUTTON
53592,0.9,3.6,0.0,0.0,0.0,0,12.74,20.9,24.9,99,22,0x02,0,0x0000,0x00000000,0x00000000,20,READY_FOR_BUTTON
53692,0.9,3.6,0.0,0.0,0.0,0,12.75,20.9,24.9,99,22,0x02,0,0x0000,0x00000000,0x00000000,20,READY_FOR_BUTTON
53792,0.9,3.6,0.0,0.0,0.0,0,12.74,20.9,24.9,99,22,0x02,0,0x0000,0x00000000,0x00000000,20,READY_FOR_BUTTON
53892,0.9,3.6,0.0,0.0,0.0,0,12.73,20.9,24.9,99,22,0x02,0,0x0000,0x00000000,0x00000000,20,READY_FOR_BUTTON
53992,0.8,3.6,0.0,0.0,0.0,0,12.74,20.9,25.4,99,22,0x02,0,0x0000,0x00000000,0x00000000,22,READY_FOR_BUTTON
54092,0.8,3.6,0.0,0.0,0.0,0,12.75,20.9,25.2,99,22,0x02,0,0x0000,0x00000000,0x00000000,21,READY_FOR_BUTTON
54192,0.9,3.6,0.0,0.0,0.0,0,12.74,20.9,25.2,99,22,0x02,0,0x0000,0x00000000,0x00000000,21,READY_FOR_BUTTON
54292,0.9,3.6,0.0,0.0,0.0,0,12.77,20.9,25.0,99,22,0x02,0,0x0000,0x00000000,0x00000000,20,READY_FOR_BUTTON
54392,0.9,3.6,0.0,0.0,0.0,0,12.75,20.9,25.0,99,22,0x02,0,0x0000,0x00000000,0x00000000,20,READY_FOR_BUTTON
54492,0.8,3.6,0.0,0.0,0.0,0,12.76,20.9,25.2,99,22,0x02,0,0x0000,0x00000000,0x00000000,21,READY_FOR_BUTTON
54592,0.8,3.6,0.0,0.0,0.0,0,12.75,20.9,25.2,99,22,0x02,0,0x0000,0x00000000,0x00000000,21,READY_FOR_BUTTON
54692,0.9,3.6,0.0,0.0,0.0,0,12.74,20.9,25.0,99,22,0x02,0,0x0000,0x00000000,0x00000000,20,READY_FOR_BUTTON
54792,0.9,3.6,0.0,0.0,0.0,0,12.74,20.9,25.3,99,22,0x02,0,0x0000,0x00000000,0x00000000,22,READY_FOR_BUTTON
54892,0.9,3.6,0.0,0.0,0.0,0,12.75,20.9,25.3,99,22,0x02,0,0x0000,0x00000000,0x00000000,22,READY_FOR_BUTTON
54992,0.9,3.6,0.0,0.0,0.0,0,12.75,20.9,25.2,99,22,0x02,0,0x0000,0x00000000,0x00000000,21,READY_FOR_BUTTON
55092,0.9,3.6,0.0,0.0,0.0,0,12.76,20.9,25.5,99,22,0x02,0,0x0000,0x00000000,0x00000000,23,READY_FOR_BUTTON
55192,0.8,3.6,0.0,0.0,0.0,0,12.75,20.9,25.0,99,22,0x02,0,0x0000,0x00000000,0x00000000,20,READY_FOR_BUTTON
55292,0.9,3.6,0.0,0.0,0.0,0,12.73,20.9,25.0,99,22,0x02,0,0x0000,0x00000000,0x00000000,20,READY_FOR_BUTTON
55392,0.9,3.6,0.0,0.0,0.0,0,12.74,20.9,25.3,99,22,0x02,0,0x0000,0x00000000,0x00000000,22,READY_FOR_BUTTON
55492,0.9,3.6,0.0,0.0,0.0,0,12.76,20.9,25.3,99,22,0x02,0,0x0000,0x00000000,0x00000000,22,READY_FOR_BUTTON
55592,0.9,3.6,0.0,0.0,0.0,0,12.75,20.9,25.2,99,22,0x02,0,0x0000,0x00000000,0x00000000,21,READY_FOR_BUTTON
55692,0.9,3.6,0.0,0.0,0.0,0,12.69,20.9,25.0,99,22,0x02,0,0x0000,0x00000000,0x00000000,20,READY_FOR_BUTTON
55792,0.9,3.6,0.0,0.0,0.0,0,12.76,20.9,25.4,99,22,0x02,0,0x0000,0x00000000,0x00000000,22,READY_FOR_BUTTON
55892,0.8,3.6,0.0,0.0,0.0,0,12.75,20.9,25.0,99,22,0x02,0,0x0000,0x00000000,0x00000000,20,READY_FOR_BUTTON
55992,0.9,3.6,0.0,0.0,0.0,0,12.75,20.9,25.0,99,22,0x02,0,0x0000,0x00000000,0x00000000,20,READY_FOR_BUTTON
56092,0.9,3.6,0.0,0.0,0.0,0,12.75,20.9,25.0,99,22,0x02,0,0x0000,0x00000000,0x00000000,20,READY_FOR_BUTTON
56192,0.8,3.6,0.0,0.0,0.0,0,12.75,20.9,25.0,99,22,0x02,0,0x0000,0x00000000,0x00000000,20,READY_FOR_BUTTON
56292,0.9,3.6,0.0,0.0,0.0,0,12.75,20.9,25.2,99,22,0x02,0,0x0000,0x00000000,0x00000000,21,READY_FOR_BUTTON
56393,0.9,3.6,0.0,0.0,0.0,0,12.75,20.9,25.3,99,22,0x02,0,0x0000,0x00000000,0x00000000,22,READY_FOR_BUTTON
56493,0.9,3.6,0.0,0.0,0.0,0,12.73,20.9,25.3,99,22,0x02,0,0x0000,0x00000000,0x00000000,22,READY_FOR_BUTTON
56593,0.9,3.6,0.0,0.0,0.0,0,12.74,20.9,25.3,99,22,0x02,0,0x0000,0x00000000,0x00000000,22,READY_FOR_BUTTON
56693,0.9,3.6,0.0,0.0,0.0,0,12.74,20.9,25.3,99,22,0x02,0,0x0000,0x00000000,0x00000000,22,READY_FOR_BUTTON
56793,0.9,3.6,0.0,0.0,0.0,0,12.74,20.9,25.2,99,22,0x02,0,0x0000,0x00000000,0x00000000,21,READY_FOR_BUTTON
56893,0.9,3.6,0.0,0.0,0.0,0,12.75,20.9,25.0,99,22,0x02,0,0x0000,0x00000000,0x00000000,20,READY_FOR_BUTTON
56993,0.9,3.6,0.0,0.0,0.0,0,12.68,20.9,25.0,99,22,0x02,0,0x0000,0x00000000,0x00000000,20,READY_FOR_BUTTON
57093,0.9,3.6,0.0,0.0,0.0,0,12.73,20.9,25.0,99,22,0x02,0,0x0000,0x00000000,0x00000000,20,READY_FOR_BUTTON
57193,0.9,3.6,0.0,0.0,0.0,0,12.75,20.9,25.0,99,22,0x02,0,0x0000,0x00000000,0x00000000,20,READY_FOR_BUTTON
57294,0.9,3.5,0.0,0.0,0.0,0,12.76,20.9,25.0,99,22,0x02,0,0x0000,0x00000000,0x00000000,20,READY_FOR_BUTTON
57394,0.9,3.6,0.0,0.0,0.0,0,12.76,20.9,25.0,99,22,0x02,0,0x0000,0x00000000,0x00000000,20,READY_FOR_BUTTON
57494,0.9,3.6,0.0,0.0,0.0,0,12.74,20.9,25.2,99,22,0x02,0,0x0000,0x00000000,0x00000000,21,READY_FOR_BUTTON
57594,0.9,3.6,0.0,0.0,0.0,0,12.78,20.9,25.5,99,22,0x02,0,0x0000,0x00000000,0x00000000,23,READY_FOR_BUTTON
57694,0.9,3.6,0.0,0.0,0.0,0,12.75,20.9,25.3,99,22,0x02,0,0x0000,0x00000000,0x00000000,22,READY_FOR_BUTTON
57794,0.9,3.6,0.0,0.0,0.0,0,12.74,20.9,25.3,99,22,0x02,0,0x0000,0x00000000,0x00000000,22,READY_FOR_BUTTON
57894,0.9,3.6,0.0,0.0,0.0,0,12.72,20.9,25.2,99,22,0x02,0,0x0000,0x00000000,0x00000000,21,READY_FOR_BUTTON
57994,0.9,3.6,0.0,0.0,0.0,0,12.73,20.9,25.3,99,22,0x02,0,0x0000,0x00000000,0x00000000,22,READY_FOR_BUTTON
58094,0.9,3.6,0.0,0.0,0.0,0,12.74,20.9,25.0,99,22,0x02,0,0x0000,0x00000000,0x00000000,20,READY_FOR_BUTTON
58194,0.9,3.6,0.0,0.0,0.0,0,12.77,20.9,24.9,99,22,0x02,0,0x0000,0x00000000,0x00000000,20,READY_FOR_BUTTON
58294,0.9,3.6,0.0,0.0,0.0,0,12.76,20.9,25.2,99,22,0x02,0,0x0000,0x00000000,0x00000000,21,READY_FOR_BUTTON
58394,0.9,3.6,0.0,0.0,0.0,0,12.73,20.9,25.3,99,22,0x02,0,0x0000,0x00000000,0x00000000,22,READY_FOR_BUTTON
58494,0.9,3.5,0.0,0.0,0.0,0,12.77,20.9,25.5,99,22,0x02,0,0x0000,0x00000000,0x00000000,23,READY_FOR_BUTTON
58594,0.9,3.6,0.0,0.0,0.0,0,12.72,20.9,25.9,99,22,0x02,0,0x0000,0x00000000,0x00000000,25,READY_FOR_BUTTON
58694,0.9,3.6,0.0,0.0,0.0,0,12.73,20.9,25.2,99,22,0x02,0,0x0000,0x00000000,0x00000000,21,READY_FOR_BUTTON
58794,0.9,3.6,0.0,0.0,0.0,0,12.74,20.9,25.0,99,22,0x02,0,0x0000,0x00000000,0x00000000,20,READY_FOR_BUTTON
58894,0.9,3.5,0.0,0.0,0.0,0,12.75,20.9,25.0,99,22,0x02,0,0x0000,0x00000000,0x00000000,20,READY_FOR_BUTTON
58994,0.9,3.6,0.0,0.0,0.0,0,12.73,20.9,25.0,99,22,0x02,0,0x0000,0x00000000,0x00000000,20,READY_FOR_BUTTON
59094,0.9,3.6,0.0,0.0,0.0,0,12.75,20.9,25.0,99,22,0x02,0,0x0000,0x00000000,0x00000000,20,READY_FOR_BUTTON
59194,0.9,3.6,0.0,0.0,0.0,0,12.74,20.9,25.3,99,22,0x02,0,0x0000,0x00000000,0x00000000,22,READY_FOR_BUTTON
59294,0.9,3.6,0.0,0.0,0.0,0,12.75,20.9,25.2,99,22,0x02,0,0x0000,0x00000000,0x00000000,21,READY_FOR_BUTTON
59394,0.9,3.6,0.0,0.0,0.0,0,12.73,20.9,25.3,99,22,0x02,0,0x0000,0x00000000,0x00000000,22,READY_FOR_BUTTON
59494,0.9,3.6,0.0,0.0,0.0,0,12.76,20.9,25.3,99,22,0x02,0,0x0000,0x00000000,0x00000000,22,READY_FOR_BUTTON
59594,0.9,3.6,0.0,0.0,0.0,0,12.74,20.9,25.2,99,22,0x02,0,0x0000,0x00000000,0x00000000,21,READY_FOR_BUTTON
59694,0.9,3.6,0.0,0.0,0.0,0,12.76,20.9,25.0,99,22,0x02,0,0x0000,0x00000000,0x00000000,20,READY_FOR_BUTTON
59794,0.9,3.6,0.0,0.0,0.0,0,12.77,20.9,25.0,99,22,0x02,0,0x0000,0x00000000,0x00000000,20,READY_FOR_BUTTON
59894,0.9,3.6,0.0,0.0,0.0,0,12.73,20.9,25.0,99,22,0x02,0,0x0000,0x00000000,0x00000000,20,READY_FOR_BUTTON
59994,0.9,3.6,0.0,0.0,0.0,0,12.75,20.9,25.4,99,22,0x02,0,0x0000,0x00000000,0x00000000,22,READY_FOR_BUTTON
60094,0.9,3.6,0.0,0.0,0.0,0,12.73,20.9,25.4,99,22,0x02,0,0x0000,0x00000000,0x00000000,22,READY_FOR_BUTTON
60194,0.8,3.6,0.0,0.0,0.0,0,12.74,20.9,25.7,99,22,0x02,0,0x0000,0x00000000,0x00000000,24,READY_FOR_BUTTON
60294,0.9,3.6,0.0,0.0,0.0,0,12.74,20.9,25.0,99,22,0x02,0,0x0000,0x00000000,0x00000000,20,READY_FOR_BUTTON
60394,0.9,3.6,0.0,0.0,0.0,0,12.75,20.9,25.0,99,22,0x02,0,0x0000,0x00000000,0x00000000,20,READY_FOR_BUTTON
60494,0.9,3.6,0.0,0.0,0.0,0,12.73,20.9,25.0,99,22,0x02,0,0x0000,0x00000000,0x00000000,20,READY_FOR_BUTTON
60594,0.9,3.6,0.0,0.0,0.0,0,12.75,20.9,25.0,99,22,0x02,0,0x0000,0x00000000,0x00000000,20,READY_FOR_BUTTON
60694,0.9,3.6,0.0,0.0,0.0,0,12.74,20.9,25.0,99,22,0x02,0,0x0000,0x00000000,0x00000000,20,READY_FOR_BUTTON
60794,0.9,3.6,0.0,0.0,0.0,0,12.72,20.9,25.7,99,22,0x02,0,0x0000,0x00000000,0x00000000,24,READY_FOR_BUTTON
60894,0.9,3.6,0.0,0.0,0.0,0,12.74,20.9,25.4,99,22,0x02,0,0x0000,0x00000000,0x00000000,22,READY_FOR_BUTTON
60994,0.9,3.6,0.0,0.0,0.0,0,12.74,20.9,25.2,99,22,0x02,0,0x0000,0x00000000,0x00000000,21,READY_FOR_BUTTON
61094,0.9,3.6,0.0,0.0,0.0,0,12.74,20.9,25.0,99,22,0x02,0,0x0000,0x00000000,0x00000000,20,READY_FOR_BUTTON
61194,0.9,3.6,0.0,0.0,0.0,0,12.75,20.9,25.0,99,22,0x02,0,0x0000,0x00000000,0x00000000,20,READY_FOR_BUTTON
61294,0.9,3.6,0.0,0.0,0.0,0,12.76,20.9,25.4,99,22,0x02,0,0x0000,0x00000000,0x00000000,22,READY_FOR_BUTTON
61394,0.8,3.6,0.0,0.0,0.0,0,12.75,20.9,25.2,99,22,0x02,0,0x0000,0x00000000,0x00000000,21,READY_FOR_BUTTON
61494,0.9,3.6,0.0,0.0,0.0,0,12.76,20.9,25.0,99,22,0x02,0,0x0000,0x00000000,0x00000000,20,READY_FOR_BUTTON
61594,0.9,3.6,0.0,0.0,0.0,0,12.75,20.9,25.3,99,22,0x02,0,0x0000,0x00000000,0x00000000,22,READY_FOR_BUTTON
61694,0.9,3.6,0.0,0.0,0.0,0,12.74,20.9,25.4,99,22,0x02,0,0x0000,0x00000000,0x00000000,22,READY_FOR_BUTTON
61794,0.9,3.6,0.0,0.0,0.0,0,12.74,20.9,25.4,99,22,0x02,0,0x0000,0x00000000,0x00000000,22,READY_FOR_BUTTON
61894,0.9,3.6,0.0,0.0,0.0,0,12.74,20.9,25.2,99,22,0x02,0,0x0000,0x00000000,0x00000000,21,READY_FOR_BUTTON
61994,0.8,3.6,0.0,0.0,0.0,0,12.73,20.9,25.2,99,22,0x02,0,0x0000,0x00000000,0x00000000,21,READY_FOR_BUTTON
62094,0.9,3.6,0.0,0.0,0.0,0,12.78,20.9,25.0,99,22,0x02,0,0x0000,0x00000000,0x00000000,20,READY_FOR_BUTTON
62194,0.9,3.6,0.0,0.0,0.0,0,12.74,20.9,24.9,99,22,0x02,0,0x0000,0x00000000,0x00000000,20,READY_FOR_BUTTON
62295,0.9,3.6,0.0,0.0,0.0,0,12.76,20.9,24.9,99,22,0x02,0,0x0000,0x00000000,0x00000000,20,READY_FOR_BUTTON
62395,0.9,3.6,0.0,0.0,0.0,0,12.75,20.9,24.9,99,22,0x02,0,0x0000,0x00000000,0x00000000,20,READY_FOR_BUTTON
62495,0.9,3.6,0.0,0.0,0.0,0,12.74,20.9,24.9,99,22,0x02,0,0x0000,0x00000000,0x00000000,20,READY_FOR_BUTTON
62595,0.9,3.6,0.0,0.0,0.0,0,12.74,20.9,25.0,99,22,0x02,0,0x0000,0x00000000,0x00000000,20,READY_FOR_BUTTON
62695,0.9,3.6,0.0,0.0,0.0,0,12.75,20.9,25.0,99,22,0x02,0,0x0000,0x00000000,0x00000000,20,READY_FOR_BUTTON
62796,0.9,3.6,0.0,0.0,0.0,0,12.75,20.9,25.7,99,22,0x02,0,0x0000,0x00000000,0x00000000,24,READY_FOR_BUTTON
62896,0.9,3.6,0.0,0.0,0.0,0,12.75,20.9,25.7,99,22,0x02,0,0x0000,0x00000000,0x00000000,24,READY_FOR_BUTTON
62996,0.9,3.6,0.0,0.0,0.0,0,12.74,20.9,25.7,99,22,0x02,0,0x0000,0x00000000,0x00000000,24,READY_FOR_BUTTON
63096,0.9,3.6,0.0,0.0,0.0,0,12.74,20.9,25.0,99,22,0x02,0,0x0000,0x00000000,0x00000000,20,READY_FOR_BUTTON
63196,0.9,3.6,0.0,0.0,0.0,0,12.73,20.9,25.0,99,22,0x02,0,0x0000,0x00000000,0x00000000,20,READY_FOR_BUTTON
63296,0.9,3.6,0.0,0.0,0.0,0,12.74,20.9,25.2,99,22,0x02,0,0x0000,0x00000000,0x00000000,21,READY_FOR_BUTTON
63396,0.9,3.6,0.0,0.0,0.0,0,12.74,20.9,25.0,99,22,0x02,0,0x0000,0x00000000,0x00000000,20,READY_FOR_BUTTON
63496,0.9,3.6,0.0,0.0,0.0,0,12.74,20.9,25.2,99,22,0x02,0,0x0000,0x00000000,0x00000000,21,READY_FOR_BUTTON
63596,0.9,3.6,0.0,0.0,0.0,0,12.73,20.9,25.0,99,22,0x02,0,0x0000,0x00000000,0x00000000,20,READY_FOR_BUTTON
63696,0.9,3.6,0.0,0.0,0.0,0,12.74,20.9,25.4,99,22,0x02,0,0x0000,0x00000000,0x00000000,22,READY_FOR_BUTTON
63796,0.9,3.6,0.0,0.0,0.0,0,12.74,20.9,25.4,99,22,0x02,0,0x0000,0x00000000,0x00000000,22,READY_FOR_BUTTON
63896,0.9,3.6,0.0,0.0,0.0,0,12.74,20.9,24.9,99,22,0x02,0,0x0000,0x00000000,0x00000000,20,READY_FOR_BUTTON
63996,0.9,3.6,0.0,0.0,0.0,0,12.76,20.9,25.2,99,22,0x02,0,0x0000,0x00000000,0x00000000,21,READY_FOR_BUTTON
64096,0.9,3.6,0.0,0.0,0.0,0,12.74,20.9,25.0,99,22,0x02,0,0x0000,0x00000000,0x00000000,20,READY_FOR_BUTTON
64196,0.8,3.7,0.0,0.0,0.0,0,12.74,20.9,25.2,99,22,0x02,0,0x0000,0x00000000,0x00000000,21,READY_FOR_BUTTON
64296,0.9,3.6,0.0,0.0,0.0,0,12.74,20.9,25.0,99,22,0x02,0,0x0000,0x00000000,0x00000000,20,READY_FOR_BUTTON
64396,0.9,3.6,0.0,0.0,0.0,0,12.75,20.9,25.2,99,22,0x02,0,0x0000,0x00000000,0x00000000,21,READY_FOR_BUTTON
64496,0.8,3.6,0.0,0.0,0.0,0,12.73,20.9,25.2,99,22,0x02,0,0x0000,0x00000000,0x00000000,21,READY_FOR_BUTTON
64596,0.9,3.6,0.0,0.0,0.0,0,12.74,20.9,25.4,99,22,0x02,0,0x0000,0x00000000,0x00000000,22,READY_FOR_BUTTON
64696,0.9,3.6,0.0,0.0,0.0,0,12.75,20.9,25.4,99,22,0x02,0,0x0000,0x00000000,0x00000000,22,READY_FOR_BUTTON
64796,0.9,3.6,0.0,0.0,0.0,0,12.73,20.9,25.0,99,22,0x02,0,0x0000,0x00000000,0x00000000,20,READY_FOR_BUTTON
64896,0.9,3.6,0.0,0.0,0.0,0,12.76,20.9,25.4,99,22,0x02,0,0x0000,0x00000000,0x00000000,22,READY_FOR_BUTTON
64996,0.9,3.6,0.0,0.0,0.0,0,12.74,20.9,25.4,99,22,0x02,0,0x0000,0x00000000,0x00000000,22,READY_FOR_BUTTON
65096,0.9,3.6,0.0,0.0,0.0,0,12.74,20.9,25.0,99,22,0x02,0,0x0000,0x00000000,0x00000000,20,READY_FOR_BUTTON
65196,0.8,3.6,0.0,0.0,0.0,0,12.74,20.9,24.9,99,22,0x02,0,0x0000,0x00000000,0x00000000,20,READY_FOR_BUTTON
65296,0.9,3.6,0.0,0.0,0.0,0,12.74,20.9,25.3,99,22,0x02,0,0x0000,0x00000000,0x00000000,22,READY_FOR_BUTTON
65396,0.9,3.6,0.0,0.0,0.0,0,12.73,20.9,25.5,99,22,0x02,0,0x0000,0x00000000,0x00000000,23,READY_FOR_BUTTON
65496,0.9,3.6,0.0,0.0,0.0,0,12.76,20.9,25.2,99,22,0x02,0,0x0000,0x00000000,0x00000000,21,READY_FOR_BUTTON
65596,0.9,3.6,0.0,0.0,0.0,0,12.75,20.9,25.0,99,22,0x02,0,0x0000,0x00000000,0x00000000,20,READY_FOR_BUTTON
65696,0.8,3.6,0.0,0.0,0.0,0,12.74,20.9,25.0,99,22,0x02,0,0x0000,0x00000000,0x00000000,20,READY_FOR_BUTTON
65796,0.9,3.6,0.0,0.0,0.0,0,12.77,20.9,25.2,99,22,0x02,0,0x0000,0x00000000,0x00000000,21,READY_FOR_BUTTON
65896,0.9,3.6,0.0,0.0,0.0,0,12.72,20.9,25.0,99,22,0x02,0,0x0000,0x00000000,0x00000000,20,READY_FOR_BUTTON
65996,0.8,3.6,0.0,0.0,0.0,0,12.74,20.9,25.0,99,22,0x02,0,0x0000,0x00000000,0x00000000,20,READY_FOR_BUTTON
66096,0.8,3.6,0.0,0.0,0.0,0,12.74,20.9,25.8,99,22,0x02,0,0x0000,0x00000000,0x00000000,24,READY_FOR_BUTTON
66196,0.9,3.6,0.0,0.0,0.0,0,12.75,20.9,25.8,99,22,0x02,0,0x0000,0x00000000,0x00000000,24,READY_FOR_BUTTON
66296,0.9,3.6,0.0,0.0,0.0,0,12.78,20.9,25.0,99,22,0x02,0,0x0000,0x00000000,0x00000000,20,READY_FOR_BUTTON
66396,0.9,3.6,0.0,0.0,0.0,0,12.75,20.9,25.0,99,22,0x02,0,0x0000,0x00000000,0x00000000,20,READY_FOR_BUTTON
66496,0.9,3.6,0.0,0.0,0.0,0,12.73,20.9,25.2,99,22,0x02,0,0x0000,0x00000000,0x00000000,21,READY_FOR_BUTTON
66596,0.9,3.6,0.0,0.0,0.0,0,12.72,20.9,25.2,99,22,0x02,0,0x0000,0x00000000,0x00000000,21,READY_FOR_BUTTON
66696,0.9,3.6,0.0,0.0,0.0,0,12.74,20.9,24.9,99,22,0x02,0,0x0000,0x00000000,0x00000000,20,READY_FOR_BUTTON
66796,0.9,3.6,0.0,0.0,0.0,0,12.74,20.9,25.0,99,22,0x02,0,0x0000,0x00000000,0x00000000,20,READY_FOR_BUTTON
66896,0.8,3.6,0.0,0.0,0.0,0,12.73,20.9,25.2,99,22,0x02,0,0x0000,0x00000000,0x00000000,21,READY_FOR_BUTTON
66996,0.9,3.6,0.0,0.0,0.0,0,12.75,20.9,25.5,99,22,0x02,0,0x0000,0x00000000,0x00000000,23,READY_FOR_BUTTON
67096,0.9,3.6,0.0,0.0,0.0,0,12.73,20.9,25.3,99,22,0x02,0,0x0000,0x00000000,0x00000000,22,READY_FOR_BUTTON
67196,0.9,3.6,0.0,0.0,0.0,0,12.72,20.9,25.0,99,22,0x02,0,0x0000,0x00000000,0x00000000,20,READY_FOR_BUTTON
67296,1.0,3.6,0.0,0.0,0.0,0,12.74,20.9,25.0,99,22,0x02,0,0x0000,0x00000000,0x00000000,20,READY_FOR_BUTTON
67396,0.9,3.6,0.0,0.0,0.0,0,12.76,20.9,25.0,99,22,0x02,0,0x0000,0x00000000,0x00000000,20,READY_FOR_BUTTON
67496,0.8,3.6,0.0,0.0,0.0,0,12.72,20.9,25.4,99,22,0x02,0,0x0000,0x00000000,0x00000000,22,READY_FOR_BUTTON
67596,0.8,3.6,0.0,0.0,0.0,0,12.76,20.9,25.0,99,22,0x02,0,0x0000,0x00000000,0x00000000,20,READY_FOR_BUTTON
67696,0.9,3.6,0.0,0.0,0.0,0,12.76,20.9,25.2,99,22,0x02,0,0x0000,0x00000000,0x00000000,21,READY_FOR_BUTTON
67796,0.9,3.6,0.0,0.0,0.0,0,12.76,20.9,25.2,99,22,0x02,0,0x0000,0x00000000,0x00000000,21,READY_FOR_BUTTON
67896,0.8,3.6,0.0,0.0,0.0,0,12.76,20.9,24.9,99,22,0x02,0,0x0000,0x00000000,0x00000000,20,READY_FOR_BUTTON
67996,0.8,3.6,0.0,0.0,0.0,0,12.76,20.9,24.9,99,22,0x02,0,0x0000,0x00000000,0x00000000,20,READY_FOR_BUTTON
68096,0.9,3.6,0.0,0.0,0.0,0,12.73,20.9,24.9,99,22,0x02,0,0x0000,0x00000000,0x00000000,20,READY_FOR_BUTTON
68196,0.9,3.6,0.0,0.0,0.0,0,12.73,20.9,25.0,99,22,0x02,0,0x0000,0x00000000,0x00000000,20,READY_FOR_BUTTON
68296,0.9,3.6,0.0,0.0,0.0,0,12.76,20.9,25.0,99,22,0x02,0,0x0000,0x00000000,0x00000000,20,READY_FOR_BUTTON
68396,0.9,3.6,0.0,0.0,0.0,0,12.72,20.9,24.9,99,22,0x02,0,0x0000,0x00000000,0x00000000,20,READY_FOR_BUTTON
68496,0.9,3.6,0.0,0.0,0.0,0,12.75,20.9,25.0,99,22,0x02,0,0x0000,0x00000000,0x00000000,20,READY_FOR_BUTTON
68596,0.9,3.6,0.0,0.0,0.0,0,12.76,20.9,25.0,99,22,0x02,0,0x0000,0x00000000,0x00000000,20,READY_FOR_BUTTON
68696,0.9,3.6,0.0,0.0,0.0,0,12.74,20.9,24.6,99,22,0x02,0,0x0000,0x00000000,0x00000000,20,READY_FOR_BUTTON
68796,0.9,3.6,0.0,0.0,0.0,0,12.74,20.9,25.0,99,22,0x02,0,0x0000,0x00000000,0x00000000,20,READY_FOR_BUTTON
68896,0.9,3.6,0.0,0.0,0.0,0,12.74,20.9,25.5,99,22,0x02,0,0x0000,0x00000000,0x00000000,23,READY_FOR_BUTTON
68996,0.9,3.6,0.0,0.0,0.0,0,12.73,21.0,25.2,99,22,0x02,0,0x0000,0x00000000,0x00000000,21,READY_FOR_BUTTON
69096,0.9,3.6,0.0,0.0,0.0,0,12.73,21.0,25.3,99,22,0x02,0,0x0000,0x00000000,0x00000000,22,READY_FOR_BUTTON
69196,0.9,3.6,0.0,0.0,0.0,0,12.73,20.9,25.3,99,22,0x02,0,0x0000,0x00000000,0x00000000,22,READY_FOR_BUTTON
69296,0.9,3.6,0.0,0.0,0.0,0,12.73,20.9,24.8,99,22,0x02,0,0x0000,0x00000000,0x00000000,20,READY_FOR_BUTTON
69397,0.9,3.6,0.0,0.0,0.0,0,12.69,20.9,25.0,99,22,0x02,0,0x0000,0x00000000,0x00000000,20,READY_FOR_BUTTON
69497,0.9,3.6,0.0,0.0,0.0,0,12.74,21.0,24.9,99,22,0x02,0,0x0000,0x00000000,0x00000000,20,READY_FOR_BUTTON
69597,0.9,3.6,0.0,0.0,0.0,0,12.73,21.0,25.0,99,22,0x02,0,0x0000,0x00000000,0x00000000,20,READY_FOR_BUTTON
69697,0.9,3.6,0.0,0.0,0.0,0,12.75,21.0,25.0,99,22,0x02,0,0x0000,0x00000000,0x00000000,20,READY_FOR_BUTTON
69797,0.9,3.6,0.0,0.0,0.0,0,12.76,21.0,24.9,99,22,0x02,0,0x0000,0x00000000,0x00000000,20,READY_FOR_BUTTON
69897,0.9,3.6,0.0,0.0,0.0,0,12.74,21.0,24.9,99,22,0x02,0,0x0000,0x00000000,0x00000000,20,READY_FOR_BUTTON
69997,0.8,3.6,0.0,0.0,0.0,0,12.74,21.0,25.2,99,22,0x02,0,0x0000,0x00000000,0x00000000,21,READY_FOR_BUTTON
70097,0.9,3.6,0.0,0.0,0.0,0,12.67,21.0,25.3,99,22,0x02,0,0x0000,0x00000000,0x00000000,22,READY_FOR_BUTTON
70197,0.9,3.6,0.0,0.0,0.0,0,12.74,21.0,25.2,99,22,0x02,0,0x0000,0x00000000,0x00000000,21,READY_FOR_BUTTON
70298,0.9,3.6,0.0,0.0,0.0,0,12.72,21.0,25.2,99,22,0x02,0,0x0000,0x00000000,0x00000000,21,READY_FOR_BUTTON
70398,0.9,3.6,0.0,0.0,0.0,0,12.74,20.9,24.9,99,22,0x02,0,0x0000,0x00000000,0x00000000,20,READY_FOR_BUTTON
70498,0.9,3.6,0.0,0.0,0.0,0,12.73,20.9,25.4,99,22,0x02,0,0x0000,0x00000000,0x00000000,22,READY_FOR_BUTTON
70598,0.8,3.6,0.0,0.0,0.0,0,12.75,20.9,25.4,99,22,0x02,0,0x0000,0x00000000,0x00000000,22,READY_FOR_BUTTON
70698,0.9,3.6,0.0,0.0,0.0,0,12.75,20.9,25.4,99,22,0x02,0,0x0000,0x00000000,0x00000000,22,READY_FOR_BUTTON
70798,0.9,3.6,0.0,0.0,0.0,0,12.72,20.9,25.5,99,22,0x02,0,0x0000,0x00000000,0x00000000,23,READY_FOR_BUTTON
70898,0.8,3.6,0.0,0.0,0.0,0,12.76,20.9,25.5,99,22,0x02,0,0x0000,0x00000000,0x00000000,23,READY_FOR_BUTTON
70998,0.9,3.6,0.0,0.0,0.0,0,12.74,20.9,25.0,99,22,0x02,0,0x0000,0x00000000,0x00000000,20,READY_FOR_BUTTON
71098,0.9,3.6,0.0,0.0,0.0,0,12.73,20.9,25.2,99,22,0x02,0,0x0000,0x00000000,0x00000000,21,READY_FOR_BUTTON
71198,0.9,3.6,0.0,0.0,0.0,0,12.74,20.9,25.0,99,22,0x02,0,0x0000,0x00000000,0x00000000,20,READY_FOR_BUTTON
71298,0.9,3.6,0.0,0.0,0.0,0,12.74,20.9,25.2,99,22,0x02,0,0x0000,0x00000000,0x00000000,21,READY_FOR_BUTTON
71398,0.9,3.6,0.0,0.0,0.0,0,12.72,20.9,25.4,99,22,0x02,0,0x0000,0x00000000,0x00000000,22,READY_FOR_BUTTON
71498,0.9,3.6,0.0,0.0,0.0,0,12.74,20.9,25.4,99,22,0x02,0,0x0000,0x00000000,0x00000000,22,READY_FOR_BUTTON
71598,0.8,3.6,0.0,0.0,0.0,0,12.75,20.9,25.4,99,22,0x02,0,0x0000,0x00000000,0x00000000,22,READY_FOR_BUTTON
71698,0.9,3.6,0.0,0.0,0.0,0,12.75,20.9,24.9,99,22,0x02,0,0x0000,0x00000000,0x00000000,20,READY_FOR_BUTTON
71798,0.9,3.6,0.0,0.0,0.0,0,12.75,20.9,25.0,99,22,0x02,0,0x0000,0x00000000,0x00000000,20,READY_FOR_BUTTON
71898,0.9,3.6,0.0,0.0,0.0,0,12.74,20.9,25.0,99,22,0x02,0,0x0000,0x00000000,0x00000000,20,READY_FOR_BUTTON
71998,0.9,3.6,0.0,0.0,0.0,0,12.72,20.9,24.9,99,22,0x02,0,0x0000,0x00000000,0x00000000,20,READY_FOR_BUTTON
72098,0.8,3.6,0.0,0.0,0.0,0,12.75,20.9,24.9,99,22,0x02,0,0x0000,0x00000000,0x00000000,20,READY_FOR_BUTTON
72198,0.9,3.6,0.0,0.0,0.0,0,12.75,20.9,25.4,99,22,0x02,0,0x0000,0x00000000,0x00000000,22,READY_FOR_BUTTON
72298,0.9,3.6,0.0,0.0,0.0,0,12.75,20.9,25.4,99,22,0x02,0,0x0000,0x00000000,0x00000000,22,READY_FOR_BUTTON
72398,0.9,3.6,0.0,0.0,0.0,0,12.75,20.9,25.2,99,22,0x02,0,0x0000,0x00000000,0x00000000,21,READY_FOR_BUTTON
72498,0.9,3.5,0.0,0.0,0.0,0,12.79,20.9,25.2,99,22,0x02,0,0x0000,0x00000000,0x00000000,21,READY_FOR_BUTTON
72598,0.9,3.6,0.0,0.0,0.0,0,12.73,20.9,25.2,99,22,0x02,0,0x0000,0x00000000,0x00000000,21,READY_FOR_BUTTON
72698,0.8,3.6,0.0,0.0,0.0,0,12.74,20.9,25.0,99,22,0x02,0,0x0000,0x00000000,0x00000000,20,READY_FOR_BUTTON
72798,0.9,3.6,0.0,0.0,0.0,0,12.73,20.9,25.0,99,22,0x02,0,0x0000,0x00000000,0x00000000,20,READY_FOR_BUTTON
72898,0.9,3.6,0.0,0.0,0.0,0,12.73,20.9,25.4,99,22,0x02,0,0x0000,0x00000000,0x00000000,22,READY_FOR_BUTTON
72998,0.9,3.6,0.0,0.0,0.0,0,12.75,20.9,25.4,99,22,0x02,0,0x0000,0x00000000,0x00000000,22,READY_FOR_BUTTON
73098,0.9,3.6,0.0,0.0,0.0,0,12.76,20.9,25.4,99,22,0x02,0,0x0000,0x00000000,0x00000000,22,READY_FOR_BUTTON
73198,0.9,3.6,0.0,0.0,0.0,0,12.73,20.9,25.2,99,22,0x02,0,0x0000,0x00000000,0x00000000,21,READY_FOR_BUTTON
73299,0.9,3.6,0.0,0.0,0.0,0,12.76,20.9,25.0,99,22,0x02,0,0x0000,0x00000000,0x00000000,21,READY_FOR_BUTTON
73399,0.8,3.6,0.0,0.0,0.0,0,12.72,20.9,25.0,99,22,0x02,0,0x0000,0x00000000,0x00000000,20,READY_FOR_BUTTON
73499,0.9,3.6,0.0,0.0,0.0,0,12.72,20.9,25.2,99,22,0x02,0,0x0000,0x00000000,0x00000000,21,READY_FOR_BUTTON
73599,0.9,3.6,0.0,0.0,0.0,0,12.72,20.9,24.9,99,22,0x02,0,0x0000,0x00000000,0x00000000,20,READY_FOR_BUTTON
73699,0.9,3.6,0.0,0.0,0.0,0,12.74,20.9,25.0,99,22,0x02,0,0x0000,0x00000000,0x00000000,20,READY_FOR_BUTTON
73799,0.9,3.6,0.0,0.0,0.0,0,12.7,20.9,25.0,99,22,0x02,0,0x0000,0x00000000,0x00000000,20,READY_FOR_BUTTON
73899,0.9,3.6,0.0,0.0,0.0,0,12.75,20.9,25.4,99,22,0x02,0,0x0000,0x00000000,0x00000000,22,READY_FOR_BUTTON
73999,0.9,3.6,0.0,0.0,0.0,0,12.8,20.9,25.3,99,22,0x02,0,0x0000,0x00000000,0x00000000,22,READY_FOR_BUTTON
74099,0.9,3.6,0.0,0.0,0.0,0,12.75,20.9,25.3,99,22,0x02,0,0x0000,0x00000000,0x00000000,22,READY_FOR_BUTTON
74199,0.8,3.6,0.0,0.0,0.0,0,12.75,20.9,24.9,99,22,0x02,0,0x0000,0x00000000,0x00000000,20,READY_FOR_BUTTON
74299,0.9,3.6,0.0,0.0,0.0,0,12.75,20.9,25.3,99,22,0x02,0,0x0000,0x00000000,0x00000000,22,READY_FOR_BUTTON
74399,0.8,3.6,0.0,0.0,0.0,0,12.73,20.9,25.3,99,22,0x02,0,0x0000,0x00000000,0x00000000,22,READY_FOR_BUTTON
74499,0.9,3.6,0.0,0.0,0.0,0,12.73,20.9,24.8,99,22,0x02,0,0x0000,0x00000000,0x00000000,20,READY_FOR_BUTTON
74599,0.9,3.6,0.0,0.0,0.0,0,12.75,20.9,25.2,99,22,0x02,0,0x0000,0x00000000,0x00000000,21,READY_FOR_BUTTON
74699,0.9,3.6,0.0,0.0,0.0,0,12.72,20.9,25.2,99,22,0x02,0,0x0000,0x00000000,0x00000000,21,READY_FOR_BUTTON
74799,0.8,3.6,0.0,0.0,0.0,0,12.73,20.9,25.0,99,22,0x02,0,0x0000,0x00000000,0x00000000,20,READY_FOR_BUTTON
74899,0.9,3.6,0.0,0.0,0.0,0,12.73,20.9,25.3,99,22,0x02,0,0x0000,0x00000000,0x00000000,22,READY_FOR_BUTTON
74999,0.8,3.6,0.0,0.0,0.0,0,12.77,20.9,25.0,99,22,0x02,0,0x0000,0x00000000,0x00000000,20,READY_FOR_BUTTON
75099,0.8,3.6,0.0,0.0,0.0,0,12.74,20.9,25.5,99,22,0x02,0,0x0000,0x00000000,0x00000000,23,READY_FOR_BUTTON
75199,0.8,3.6,0.0,0.0,0.0,0,12.74,20.9,25.0,99,22,0x02,0,0x0000,0x00000000,0x00000000,20,READY_FOR_BUTTON
75299,0.9,3.6,0.0,0.0,0.0,0,12.74,20.9,25.0,99,22,0x02,0,0x0000,0x00000000,0x00000000,20,READY_FOR_BUTTON
75399,0.9,3.6,0.0,0.0,0.0,0,12.74,20.9,24.9,99,22,0x02,0,0x0000,0x00000000,0x00000000,20,READY_FOR_BUTTON
75500,0.9,3.6,0.0,0.0,0.0,0,12.75,20.9,24.9,99,22,0x02,0,0x0000,0x00000000,0x00000000,20,READY_FOR_BUTTON
75600,0.9,3.6,0.0,0.0,0.0,0,12.73,20.9,25.0,99,22,0x02,0,0x0000,0x00000000,0x00000000,20,READY_FOR_BUTTON
75700,0.9,3.6,0.0,0.0,0.0,0,12.72,20.9,25.0,99,22,0x02,0,0x0000,0x00000000,0x00000000,20,READY_FOR_BUTTON
75800,0.9,3.6,0.0,0.0,0.0,0,12.73,20.9,25.4,99,22,0x02,0,0x0000,0x00000000,0x00000000,22,READY_FOR_BUTTON
75900,0.9,3.6,0.0,0.0,0.0,0,12.74,20.9,25.4,99,22,0x02,0,0x0000,0x00000000,0x00000000,22,READY_FOR_BUTTON
76000,0.9,3.6,0.0,0.0,0.0,0,12.73,20.9,25.3,99,22,0x02,0,0x0000,0x00000000,0x00000000,22,READY_FOR_BUTTON
76100,1.1,3.5,0.0,0.0,0.0,0,12.74,20.9,24.8,99,22,0x02,0,0x0000,0x00000000,0x00000000,20,READY_FOR_BUTTON
76200,0.9,3.6,0.0,0.0,0.0,0,12.73,20.9,24.8,99,22,0x02,0,0x0000,0x00000000,0x00000000,20,READY_FOR_BUTTON
76300,0.9,3.6,0.0,0.0,0.0,0,12.74,20.9,25.0,99,22,0x02,0,0x0000,0x00000000,0x00000000,20,READY_FOR_BUTTON
76400,0.8,3.6,0.0,0.0,0.0,0,12.75,20.9,25.0,99,22,0x02,0,0x0000,0x00000000,0x00000000,20,READY_FOR_BUTTON
76500,0.9,3.6,0.0,0.0,0.0,0,12.72,20.9,25.0,99,22,0x02,0,0x0000,0x00000000,0x00000000,20,READY_FOR_BUTTON
76600,0.9,3.6,0.0,0.0,0.0,0,12.74,20.9,25.4,99,22,0x02,0,0x0000,0x00000000,0x00000000,22,READY_FOR_BUTTON
76700,0.8,3.6,0.0,0.0,0.0,0,12.73,20.9,25.5,99,22,0x02,0,0x0000,0x00000000,0x00000000,23,READY_FOR_BUTTON
76800,0.9,3.6,0.0,0.0,0.0,0,12.74,20.9,24.9,99,22,0x02,0,0x0000,0x00000000,0x00000000,20,READY_FOR_BUTTON
76900,0.9,3.6,0.0,0.0,0.0,0,12.72,20.9,25.0,99,22,0x02,0,0x0000,0x00000000,0x00000000,20,READY_FOR_BUTTON
77000,0.8,3.6,0.0,0.0,0.0,0,12.73,20.9,25.0,99,22,0x02,0,0x0000,0x00000000,0x00000000,20,READY_FOR_BUTTON
77100,0.8,3.6,0.0,0.0,0.0,0,12.76,20.9,25.2,99,22,0x02,0,0x0000,0x00000000,0x00000000,21,READY_FOR_BUTTON
77200,0.9,3.6,0.0,0.0,0.0,0,12.74,20.9,24.9,99,22,0x02,0,0x0000,0x00000000,0x00000000,20,READY_FOR_BUTTON
77300,0.9,3.6,0.0,0.0,0.0,0,12.77,20.9,25.0,99,22,0x02,0,0x0000,0x00000000,0x00000000,20,READY_FOR_BUTTON
77400,0.9,3.6,0.0,0.0,0.0,0,12.69,20.9,25.5,99,22,0x02,0,0x0000,0x00000000,0x00000000,23,READY_FOR_BUTTON
77500,0.8,3.6,0.0,0.0,0.0,0,12.7,20.9,25.4,99,22,0x02,0,0x0000,0x00000000,0x00000000,22,READY_FOR_BUTTON
77600,0.9,3.6,0.0,0.0,0.0,0,12.76,20.9,25.0,99,22,0x02,0,0x0000,0x00000000,0x00000000,20,READY_FOR_BUTTON
77700,0.9,3.6,0.0,0.0,0.0,0,12.74,20.9,25.2,99,22,0x02,0,0x0000,0x00000000,0x00000000,21,READY_FOR_BUTTON
77800,0.8,3.6,0.0,0.0,0.0,0,12.69,20.9,25.0,99,22,0x02,0,0x0000,0x00000000,0x00000000,20,READY_FOR_BUTTON
77900,0.9,3.6,0.0,0.0,0.0,0,12.73,20.9,24.9,99,22,0x02,0,0x0000,0x00000000,0x00000000,20,READY_FOR_BUTTON
78000,0.8,3.6,0.0,0.0,0.0,0,12.7,20.9,24.9,99,22,0x02,0,0x0000,0x00000000,0x00000000,20,READY_FOR_BUTTON
78100,0.8,3.6,0.0,0.0,0.0,0,12.72,20.9,24.9,99,22,0x02,0,0x0000,0x00000000,0x00000000,20,READY_FOR_BUTTON
78200,0.8,3.6,0.0,0.0,0.0,0,12.72,20.9,25.4,99,22,0x02,0,0x0000,0x00000000,0x00000000,22,READY_FOR_BUTTON
78300,0.9,3.6,0.0,0.0,0.0,0,12.7,20.9,25.5,99,22,0x02,0,0x0000,0x00000000,0x00000000,23,READY_FOR_BUTTON
78400,0.9,3.6,0.0,0.0,0.0,0,12.74,20.9,25.0,99,22,0x02,0,0x0000,0x00000000,0x00000000,20,READY_FOR_BUTTON
78500,0.9,3.6,0.0,0.0,0.0,0,12.75,20.9,25.0,99,22,0x02,0,0x0000,0x00000000,0x00000000,20,READY_FOR_BUTTON
78600,0.9,3.6,0.0,0.0,0.0,0,12.72,20.9,25.0,99,22,0x02,0,0x0000,0x00000000,0x00000000,20,READY_FOR_BUTTON
78700,0.9,3.6,0.0,0.0,0.0,0,12.73,20.9,25.2,99,22,0x02,0,0x0000,0x00000000,0x00000000,21,READY_FOR_BUTTON
78800,0.8,3.6,0.0,0.0,0.0,0,12.74,20.9,25.2,99,22,0x02,0,0x0000,0x00000000,0x00000000,21,READY_FOR_BUTTON
78900,0.8,3.6,0.0,0.0,0.0,0,12.73,20.9,24.9,99,22,0x02,0,0x0000,0x00000000,0x00000000,20,READY_FOR_BUTTON
79000,0.9,3.6,0.0,0.0,0.0,0,12.73,20.9,24.9,99,22,0x02,0,0x0000,0x00000000,0x00000000,20,READY_FOR_BUTTON
79100,0.9,3.6,0.0,0.0,0.0,0,12.72,20.9,25.5,99,22,0x02,0,0x0000,0x00000000,0x00000000,23,READY_FOR_BUTTON
79200,0.9,3.6,0.0,0.0,0.0,0,12.74,20.9,25.3,99,22,0x02,0,0x0000,0x00000000,0x00000000,22,READY_FOR_BUTTON
79300,0.9,3.6,0.0,0.0,0.0,0,12.75,20.9,25.0,99,22,0x02,0,0x0000,0x00000000,0x00000000,20,READY_FOR_BUTTON
79400,0.8,3.6,0.0,0.0,0.0,0,12.75,20.9,25.0,99,22,0x02,0,0x0000,0x00000000,0x00000000,20,READY_FOR_BUTTON
79500,0.8,3.6,0.0,0.0,0.0,0,12.73,20.9,25.3,99,22,0x02,0,0x0000,0x00000000,0x00000000,22,READY_FOR_BUTTON
79600,0.9,3.6,0.0,0.0,0.0,0,12.72,20.9,25.3,99,22,0x02,0,0x0000,0x00000000,0x00000000,22,READY_FOR_BUTTON
79700,0.9,3.6,0.0,0.0,0.0,0,12.72,20.9,25.2,99,22,0x02,0,0x0000,0x00000000,0x00000000,21,READY_FOR_BUTTON
79800,0.9,3.6,0.0,0.0,0.0,0,12.72,20.9,25.2,99,22,0x02,0,0x0000,0x00000000,0x00000000,21,READY_FOR_BUTTON
79900,0.8,3.6,0.0,0.0,0.0,0,12.72,20.9,25.2,99,22,0x02,0,0x0000,0x00000000,0x00000000,21,READY_FOR_BUTTON
80000,0.8,3.6,0.0,0.0,0.0,0,12.73,20.9,25.3,99,22,0x02,0,0x0000,0x00000000,0x00000000,22,READY_FOR_BUTTON
80100,0.8,3.6,0.0,0.0,0.0,0,12.74,20.9,25.2,99,22,0x02,0,0x0000,0x00000000,0x00000000,21,READY_FOR_BUTTON
80200,0.8,3.6,0.0,0.0,0.0,0,12.76,21.0,25.4,99,22,0x02,0,0x0000,0x00000000,0x00000000,22,READY_FOR_BUTTON
80300,0.9,3.6,0.0,0.0,0.0,0,12.74,21.0,25.2,99,22,0x02,0,0x0000,0x00000000,0x00000000,21,READY_FOR_BUTTON
80400,0.9,3.5,0.0,0.0,0.0,0,12.73,21.0,25.0,99,22,0x02,0,0x0000,0x00000000,0x00000000,20,READY_FOR_BUTTON
80500,0.9,3.5,0.0,0.0,0.0,0,12.69,21.0,25.2,99,22,0x02,0,0x0000,0x00000000,0x00000000,21,READY_FOR_BUTTON
80600,0.9,3.6,0.0,0.0,0.0,0,12.73,21.0,24.9,99,22,0x02,0,0x0000,0x00000000,0x00000000,20,READY_FOR_BUTTON
80700,0.9,3.6,0.0,0.0,0.0,0,12.76,21.0,24.9,99,22,0x02,0,0x0000,0x00000000,0x00000000,20,READY_FOR_BUTTON
80800,0.9,3.6,0.0,0.0,0.0,0,12.72,21.0,25.0,99,22,0x02,0,0x0000,0x00000000,0x00000000,20,READY_FOR_BUTTON
80900,0.8,3.6,0.0,0.0,0.0,0,12.73,21.0,25.0,99,22,0x02,0,0x0000,0x00000000,0x00000000,20,READY_FOR_BUTTON
81000,0.9,3.6,0.0,0.0,0.0,0,12.73,21.0,25.3,99,22,0x02,0,0x0000,0x00000000,0x00000000,22,READY_FOR_BUTTON
81100,0.9,3.6,0.0,0.0,0.0,0,12.76,21.0,25.3,99,22,0x02,0,0x0000,0x00000000,0x00000000,22,READY_FOR_BUTTON
81200,0.9,3.6,0.0,0.0,0.0,0,12.73,21.0,25.0,99,22,0x02,0,0x0000,0x00000000,0x00000000,20,READY_FOR_BUTTON
81300,0.9,3.6,0.0,0.0,0.0,0,12.75,21.0,25.0,99,22,0x02,0,0x0000,0x00000000,0x00000000,20,READY_FOR_BUTTON
81400,0.9,3.6,0.0,0.0,0.0,0,12.72,20.9,25.0,99,22,0x02,0,0x0000,0x00000000,0x00000000,20,READY_FOR_BUTTON
81500,0.8,3.6,0.0,0.0,0.0,0,12.74,20.9,25.2,99,22,0x02,0,0x0000,0x00000000,0x00000000,21,READY_FOR_BUTTON
81601,0.9,3.6,0.0,0.0,0.0,0,12.74,20.9,24.9,99,22,0x02,0,0x0000,0x00000000,0x00000000,20,READY_FOR_BUTTON
81701,0.9,3.6,0.0,0.0,0.0,0,12.75,20.9,24.9,99,22,0x02,0,0x0000,0x00000000,0x00000000,20,READY_FOR_BUTTON
81801,0.9,3.6,0.0,0.0,0.0,0,12.74,20.9,24.9,99,22,0x02,0,0x0000,0x00000000,0x00000000,20,READY_FOR_BUTTON
81901,0.8,3.6,0.0,0.0,0.0,0,12.73,20.9,25.3,99,22,0x02,0,0x0000,0x00000000,0x00000000,22,READY_FOR_BUTTON
82001,0.8,3.6,0.0,0.0,0.0,0,12.73,20.9,25.2,99,22,0x02,0,0x0000,0x00000000,0x00000000,21,READY_FOR_BUTTON
82101,0.9,3.6,0.0,0.0,0.0,0,12.74,20.9,25.2,99,22,0x02,0,0x0000,0x00000000,0x00000000,21,READY_FOR_BUTTON
82201,0.9,3.6,0.0,0.0,0.0,0,12.75,20.9,25.0,99,22,0x02,0,0x0000,0x00000000,0x00000000,20,READY_FOR_BUTTON
82301,0.9,3.6,0.0,0.0,0.0,0,12.75,20.9,25.0,99,22,0x02,0,0x0000,0x00000000,0x00000000,20,READY_FOR_BUTTON
82401,0.9,3.6,0.0,0.0,0.0,0,12.74,20.9,24.9,99,22,0x02,0,0x0000,0x00000000,0x00000000,20,READY_FOR_BUTTON
82501,0.9,3.6,0.0,0.0,0.0,0,12.73,20.9,25.0,99,22,0x02,0,0x0000,0x00000000,0x00000000,20,READY_FOR_BUTTON
82601,0.9,3.6,0.0,0.0,0.0,0,12.73,20.9,25.2,99,22,0x02,0,0x0000,0x00000000,0x00000000,21,READY_FOR_BUTTON
82701,0.9,3.6,0.0,0.0,0.0,0,12.73,20.9,25.0,99,22,0x02,0,0x0000,0x00000000,0x00000000,20,READY_FOR_BUTTON
82801,0.8,3.6,0.0,0.0,0.0,0,12.75,20.9,25.5,99,22,0x02,0,0x0000,0x00000000,0x00000000,23,READY_FOR_BUTTON
82901,0.9,3.6,0.0,0.0,0.0,0,12.72,20.9,25.4,99,22,0x02,0,0x0000,0x00000000,0x00000000,22,READY_FOR_BUTTON
83001,0.9,3.6,0.0,0.0,0.0,0,12.75,20.9,25.0,99,22,0x02,0,0x0000,0x00000000,0x00000000,20,READY_FOR_BUTTON
83101,0.8,3.6,0.0,0.0,0.0,0,12.72,20.9,25.2,99,22,0x02,0,0x0000,0x00000000,0x00000000,21,READY_FOR_BUTTON
83201,0.9,3.6,0.0,0.0,0.0,0,12.72,20.9,25.0,99,22,0x02,0,0x0000,0x00000000,0x00000000,20,READY_FOR_BUTTON
83301,0.9,3.6,0.0,0.0,0.0,0,12.75,20.9,25.0,99,22,0x02,0,0x0000,0x00000000,0x00000000,20,READY_FOR_BUTTON
83401,0.8,3.6,0.0,0.0,0.0,0,12.73,20.9,25.0,99,22,0x02,0,0x0000,0x00000000,0x00000000,20,READY_FOR_BUTTON
83501,0.9,3.6,0.0,0.0,0.0,0,12.72,20.9,25.5,99,22,0x02,0,0x0000,0x00000000,0x00000000,23,READY_FOR_BUTTON
83601,0.9,3.6,0.0,0.0,0.0,0,12.74,20.9,25.2,99,22,0x02,0,0x0000,0x00000000,0x00000000,21,READY_FOR_BUTTON
83701,0.8,3.6,0.0,0.0,0.0,0,12.77,20.9,25.0,99,22,0x02,0,0x0000,0x00000000,0x00000000,20,READY_FOR_BUTTON
83801,0.9,3.6,0.0,0.0,0.0,0,12.73,20.9,25.0,99,22,0x02,0,0x0000,0x00000000,0x00000000,20,READY_FOR_BUTTON
83901,0.8,3.6,0.0,0.0,0.0,0,12.74,20.9,25.0,99,22,0x02,0,0x0000,0x00000000,0x00000000,20,READY_FOR_BUTTON
84001,0.8,3.6,0.0,0.0,0.0,0,12.76,20.9,25.0,99,22,0x02,0,0x0000,0x00000000,0x00000000,20,READY_FOR_BUTTON
84101,0.9,3.6,0.0,0.0,0.0,0,12.72,20.9,25.0,99,22,0x02,0,0x0000,0x00000000,0x00000000,20,READY_FOR_BUTTON
84201,0.8,3.6,0.0,0.0,0.0,0,12.74,20.9,25.4,99,22,0x02,0,0x0000,0x00000000,0x00000000,22,READY_FOR_BUTTON
84301,0.9,3.6,0.0,0.0,0.0,0,12.73,20.9,25.0,99,22,0x02,0,0x0000,0x00000000,0x00000000,22,READY_FOR_BUTTON
84401,0.9,3.6,0.0,0.0,0.0,0,12.74,20.9,25.0,99,22,0x02,0,0x0000,0x00000000,0x00000000,20,READY_FOR_BUTTON
84501,0.8,3.6,0.0,0.0,0.0,0,12.74,20.9,25.0,99,22,0x02,0,0x0000,0x00000000,0x00000000,20,READY_FOR_BUTTON
84601,0.8,3.6,0.0,0.0,0.0,0,12.74,20.9,25.0,99,22,0x02,0,0x0000,0x00000000,0x00000000,20,READY_FOR_BUTTON
84701,0.9,3.6,0.0,0.0,0.0,0,12.75,20.9,25.0,99,22,0x02,0,0x0000,0x00000000,0x00000000,20,READY_FOR_BUTTON
84801,0.8,3.6,0.0,0.0,0.0,0,12.74,20.9,25.2,99,22,0x02,0,0x0000,0x00000000,0x00000000,21,READY_FOR_BUTTON
84901,0.9,3.6,0.0,0.0,0.0,0,12.73,20.9,25.0,99,22,0x02,0,0x0000,0x00000000,0x00000000,20,READY_FOR_BUTTON
85001,0.9,3.6,0.0,0.0,0.0,0,12.69,20.9,25.2,99,22,0x02,0,0x0000,0x00000000,0x00000000,21,READY_FOR_BUTTON
85101,0.9,3.6,0.0,0.0,0.0,0,12.72,20.9,25.4,99,22,0x02,0,0x0000,0x00000000,0x00000000,22,READY_FOR_BUTTON
85201,0.8,3.6,0.0,0.0,0.0,0,12.73,20.9,25.5,99,22,0x02,0,0x0000,0x00000000,0x00000000,23,READY_FOR_BUTTON
85301,0.9,3.6,0.0,0.0,0.0,0,12.7,20.9,25.4,99,22,0x02,0,0x0000,0x00000000,0x00000000,22,READY_FOR_BUTTON
85401,0.8,3.6,0.0,0.0,0.0,0,12.72,20.9,25.0,99,22,0x02,0,0x0000,0x00000000,0x00000000,20,READY_FOR_BUTTON
85501,0.9,3.6,0.0,0.0,0.0,0,12.75,20.9,25.0,99,22,0x02,0,0x0000,0x00000000,0x00000000,20,READY_FOR_BUTTON
85601,0.9,3.6,0.0,0.0,0.0,0,12.76,20.9,24.9,99,22,0x02,0,0x0000,0x00000000,0x00000000,20,READY_FOR_BUTTON
85701,0.9,3.6,0.0,0.0,0.0,0,12.7,20.9,25.0,99,22,0x02,0,0x0000,0x00000000,0x00000000,20,READY_FOR_BUTTON
85801,0.9,3.6,0.0,0.0,0.0,0,12.73,20.9,24.9,99,22,0x02,0,0x0000,0x00000000,0x00000000,20,READY_FOR_BUTTON
85901,0.9,3.6,0.0,0.0,0.0,0,12.73,20.9,25.3,99,22,0x02,0,0x0000,0x00000000,0x00000000,22,READY_FOR_BUTTON
86001,0.9,3.6,0.0,0.0,0.0,0,12.73,20.9,25.0,99,22,0x02,0,0x0000,0x00000000,0x00000000,20,READY_FOR_BUTTON
86101,0.9,3.6,0.0,0.0,0.0,0,12.75,20.9,25.0,99,22,0x02,0,0x0000,0x00000000,0x00000000,20,READY_FOR_BUTTON
86201,0.9,3.6,0.0,0.0,0.0,0,12.73,21.0,24.9,99,22,0x02,0,0x0000,0x00000000,0x00000000,20,READY_FOR_BUTTON
86301,0.9,3.6,0.0,0.0,0.0,0,12.74,20.9,25.0,99,22,0x02,0,0x0000,0x00000000,0x00000000,20,READY_FOR_BUTTON
86401,0.9,3.6,0.0,0.0,0.0,0,12.74,20.9,25.2,99,22,0x02,0,0x0000,0x00000000,0x00000000,21,READY_FOR_BUTTON
86501,0.8,3.7,0.0,0.0,0.0,0,12.73,20.9,25.0,99,22,0x02,0,0x0000,0x00000000,0x00000000,20,READY_FOR_BUTTON
86601,0.9,3.6,0.0,0.0,0.0,0,12.74,20.9,24.9,99,22,0x02,0,0x0000,0x00000000,0x00000000,20,READY_FOR_BUTTON
86701,0.8,3.6,0.0,0.0,0.0,0,12.72,20.9,25.0,99,22,0x02,0,0x0000,0x00000000,0x00000000,20,READY_FOR_BUTTON
86801,0.9,3.6,0.0,0.0,0.0,0,12.72,20.9,25.2,99,22,0x02,0,0x0000,0x00000000,0x00000000,21,READY_FOR_BUTTON
86901,0.8,3.6,0.0,0.0,0.0,0,12.73,20.9,24.9,99,22,0x02,0,0x0000,0x00000000,0x00000000,20,READY_FOR_BUTTON
87001,0.9,3.5,0.0,0.0,0.0,0,12.73,20.9,24.9,99,22,0x02,0,0x0000,0x00000000,0x00000000,20,READY_FOR_BUTTON
87101,0.9,3.5,0.0,0.0,0.0,0,12.73,20.9,25.0,99,22,0x02,0,0x0000,0x00000000,0x00000000,20,READY_FOR_BUTTON
87201,0.9,3.6,0.0,0.0,0.0,0,12.67,20.9,25.2,99,22,0x02,0,0x0000,0x00000000,0x00000000,21,READY_FOR_BUTTON
87301,0.9,3.6,0.0,0.0,0.0,0,12.73,21.0,24.9,99,22,0x02,0,0x0000,0x00000000,0x00000000,20,READY_FOR_BUTTON
87401,0.9,3.6,0.0,0.0,0.0,0,12.74,21.0,25.0,99,22,0x02,0,0x0000,0x00000000,0x00000000,20,READY_FOR_BUTTON
87501,0.8,3.6,0.0,0.0,0.0,0,12.7,21.0,24.8,99,22,0x02,0,0x0000,0x00000000,0x00000000,20,READY_FOR_BUTTON
87601,0.9,3.6,0.0,0.0,0.0,0,12.75,21.0,24.8,99,22,0x02,0,0x0000,0x00000000,0x00000000,20,READY_FOR_BUTTON
87701,0.8,3.6,0.0,0.0,0.0,0,12.73,21.0,25.0,99,22,0x02,0,0x0000,0x00000000,0x00000000,20,READY_FOR_BUTTON
87801,0.8,3.6,0.0,0.0,0.0,0,12.72,20.9,24.8,99,22,0x02,0,0x0000,0x00000000,0x00000000,20,READY_FOR_BUTTON
87901,0.9,3.5,0.0,0.0,0.0,0,12.73,20.9,24.9,99,22,0x02,0,0x0000,0x00000000,0x00000000,20,READY_FOR_BUTTON
88001,1.1,3.6,0.0,0.0,0.0,0,12.73,20.9,24.9,99,22,0x02,0,0x0000,0x00000000,0x00000000,20,READY_FOR_BUTTON
88101,1.3,3.6,0.0,0.0,0.0,0,12.69,20.9,25.3,99,22,0x02,0,0x0000,0x00000000,0x00000000,22,READY_FOR_BUTTON
88201,0.9,3.6,0.0,0.0,0.0,0,12.68,20.9,25.2,99,22,0x02,0,0x0000,0x00000000,0x00000000,21,READY_FOR_BUTTON
88301,0.8,3.6,0.0,0.0,0.0,0,12.73,20.9,24.9,99,22,0x02,0,0x0000,0x00000000,0x00000000,20,READY_FOR_BUTTON
88401,0.8,3.6,0.0,0.0,0.0,0,12.73,20.9,24.9,99,22,0x02,0,0x0000,0x00000000,0x00000000,20,READY_FOR_BUTTON
88501,0.9,3.6,0.0,0.0,0.0,0,12.74,20.9,25.0,99,22,0x02,0,0x0000,0x00000000,0x00000000,20,READY_FOR_BUTTON
88601,0.9,3.6,0.0,0.0,0.0,0,12.72,20.9,25.0,99,22,0x02,0,0x0000,0x00000000,0x00000000,20,READY_FOR_BUTTON
88701,0.8,3.6,0.0,0.0,0.0,0,12.73,20.9,25.2,99,22,0x02,0,0x0000,0x00000000,0x00000000,21,READY_FOR_BUTTON
88801,0.9,3.6,0.0,0.0,0.0,0,12.74,20.9,25.0,99,22,0x02,0,0x0000,0x00000000,0x00000000,20,READY_FOR_BUTTON
88901,0.9,3.6,0.0,0.0,0.0,0,12.73,20.9,25.0,99,22,0x02,0,0x0000,0x00000000,0x00000000,20,READY_FOR_BUTTON
89001,0.9,3.6,0.0,0.0,0.0,0,12.75,20.9,25.4,99,22,0x02,0,0x0000,0x00000000,0x00000000,22,READY_FOR_BUTTON
89101,0.9,3.6,0.0,0.0,0.0,0,12.73,20.9,25.2,99,22,0x02,0,0x0000,0x00000000,0x00000000,21,READY_FOR_BUTTON
89201,0.9,3.6,0.0,0.0,0.0,0,12.74,20.9,25.0,99,22,0x02,0,0x0000,0x00000000,0x00000000,20,READY_FOR_BUTTON
89301,0.9,3.6,0.0,0.0,0.0,0,12.72,20.9,25.0,99,22,0x02,0,0x0000,0x00000000,0x00000000,20,READY_FOR_BUTTON
89401,0.9,3.6,0.0,0.0,0.0,0,12.72,20.9,24.9,99,22,0x02,0,0x0000,0x00000000,0x00000000,20,READY_FOR_BUTTON
89501,0.9,3.6,0.0,0.0,0.0,0,12.67,20.9,25.2,99,22,0x02,0,0x0000,0x00000000,0x00000000,21,READY_FOR_BUTTON
89601,0.9,3.6,0.0,0.0,0.0,0,12.72,20.9,25.2,99,22,0x02,0,0x0000,0x00000000,0x00000000,21,READY_FOR_BUTTON
89701,0.9,3.6,0.0,0.0,0.0,0,12.74,20.9,24.9,99,22,0x02,0,0x0000,0x00000000,0x00000000,20,READY_FOR_BUTTON
89801,0.9,3.6,0.0,0.0,0.0,0,12.74,20.9,24.9,99,22,0x02,0,0x0000,0x00000000,0x00000000,20,READY_FOR_BUTTON
89901,0.8,3.6,0.0,0.0,0.0,0,12.76,20.9,24.9,99,22,0x02,0,0x0000,0x00000000,0x00000000,20,READY_FOR_BUTTON
90001,0.8,3.6,0.0,0.0,0.0,0,12.74,20.9,24.9,99,22,0x02,0,0x0000,0x00000000,0x00000000,20,READY_FOR_BUTTON
90101,0.9,3.6,0.0,0.0,0.0,0,12.68,20.9,25.0,99,22,0x02,0,0x0000,0x00000000,0x00000000,20,READY_FOR_BUTTON
90201,0.9,3.6,0.0,0.0,0.0,0,12.75,20.9,25.0,99,22,0x02,0,0x0000,0x00000000,0x00000000,20,READY_FOR_BUTTON
90301,0.9,3.6,0.0,0.0,0.0,0,12.72,20.9,24.9,99,22,0x02,0,0x0000,0x00000000,0x00000000,20,READY_FOR_BUTTON
90401,0.9,3.6,0.0,0.0,0.0,0,12.73,20.9,25.5,99,22,0x02,0,0x0000,0x00000000,0x00000000,23,READY_FOR_BUTTON
90501,0.9,3.6,0.0,0.0,0.0,0,12.74,20.9,25.5,99,22,0x02,0,0x0000,0x00000000,0x00000000,23,READY_FOR_BUTTON
90601,0.8,3.6,0.0,0.0,0.0,0,12.73,20.9,24.9,99,22,0x02,0,0x0000,0x00000000,0x00000000,20,READY_FOR_BUTTON
90701,0.9,3.7,0.0,0.0,0.0,0,12.75,20.9,24.9,99,22,0x02,0,0x0000,0x00000000,0x00000000,20,READY_FOR_BUTTON
90801,0.9,3.6,0.0,0.0,0.0,0,12.72,20.9,24.9,99,22,0x02,0,0x0000,0x00000000,0x00000000,20,READY_FOR_BUTTON
90901,0.8,3.6,0.0,0.0,0.0,0,12.7,20.9,25.0,99,22,0x02,0,0x0000,0x00000000,0x00000000,20,READY_FOR_BUTTON
91001,0.8,3.6,0.0,0.0,0.0,0,12.74,20.9,24.9,99,22,0x02,0,0x0000,0x00000000,0x00000000,20,READY_FOR_BUTTON
91101,0.9,3.6,0.0,0.0,0.0,0,12.74,20.9,24.9,99,22,0x02,0,0x0000,0x00000000,0x00000000,20,READY_FOR_BUTTON
91201,0.8,3.6,0.0,0.0,0.0,0,12.74,20.9,25.5,99,22,0x02,0,0x0000,0x00000000,0x00000000,23,READY_FOR_BUTTON
91301,0.9,3.6,0.0,0.0,0.0,0,12.76,20.9,25.4,99,22,0x02,0,0x0000,0x00000000,0x00000000,22,READY_FOR_BUTTON
91401,0.8,3.6,0.0,0.0,0.0,0,12.73,20.9,25.4,99,22,0x02,0,0x0000,0x00000000,0x00000000,22,READY_FOR_BUTTON
91501,0.8,3.6,0.0,0.0,0.0,0,12.74,20.9,25.3,99,22,0x02,0,0x0000,0x00000000,0x00000000,22,READY_FOR_BUTTON
91601,0.9,3.7,0.0,0.0,0.0,0,12.75,20.9,24.9,99,22,0x02,0,0x0000,0x00000000,0x00000000,20,READY_FOR_BUTTON
91701,0.9,3.6,0.0,0.0,0.0,0,12.72,20.9,25.0,99,22,0x02,0,0x0000,0x00000000,0x00000000,20,READY_FOR_BUTTON
91801,0.9,3.6,0.0,0.0,0.0,0,12.72,20.9,24.9,99,22,0x02,0,0x0000,0x00000000,0x00000000,20,READY_FOR_BUTTON
91901,0.9,3.6,0.0,0.0,0.0,0,12.75,20.9,25.3,99,22,0x02,0,0x0000,0x00000000,0x00000000,22,READY_FOR_BUTTON
92001,0.9,3.6,0.0,0.0,0.0,0,12.72,20.9,25.2,99,22,0x02,0,0x0000,0x00000000,0x00000000,21,READY_FOR_BUTTON
92101,0.8,3.6,0.0,0.0,0.0,0,12.73,20.9,25.2,99,22,0x02,0,0x0000,0x00000000,0x00000000,21,READY_FOR_BUTTON
92201,0.9,3.6,0.0,0.0,0.0,0,12.74,20.9,25.0,99,22,0x02,0,0x0000,0x00000000,0x00000000,20,READY_FOR_BUTTON
92301,0.9,3.6,0.0,0.0,0.0,0,12.73,20.9,25.0,99,22,0x02,0,0x0000,0x00000000,0x00000000,20,READY_FOR_BUTTON
92401,0.9,3.6,0.0,0.0,0.0,0,12.74,20.9,25.3,99,22,0x02,0,0x0000,0x00000000,0x00000000,22,READY_FOR_BUTTON
92501,0.9,3.6,0.0,0.0,0.0,0,12.68,20.9,24.9,99,22,0x02,0,0x0000,0x00000000,0x00000000,20,READY_FOR_BUTTON
92601,0.8,3.6,0.0,0.0,0.0,0,12.72,20.9,24.9,99,22,0x02,0,0x0000,0x00000000,0x00000000,20,READY_FOR_BUTTON
92701,0.9,3.6,0.0,0.0,0.0,0,12.74,20.9,24.9,99,22,0x02,0,0x0000,0x00000000,0x00000000,20,READY_FOR_BUTTON
92801,0.9,3.6,0.0,0.0,0.0,0,12.76,20.9,25.2,99,22,0x02,0,0x0000,0x00000000,0x00000000,21,READY_FOR_BUTTON
92901,0.8,3.6,0.0,0.0,0.0,0,12.73,20.9,25.2,99,22,0x02,0,0x0000,0x00000000,0x00000000,21,READY_FOR_BUTTON
93001,0.8,3.6,0.0,0.0,0.0,0,12.74,21.0,25.0,99,22,0x02,0,0x0000,0x00000000,0x00000000,20,READY_FOR_BUTTON
93101,0.9,3.6,0.0,0.0,0.0,0,12.76,20.9,25.0,99,22,0x02,0,0x0000,0x00000000,0x00000000,20,READY_FOR_BUTTON
93201,0.9,3.6,0.0,0.0,0.0,0,12.7,21.0,25.3,99,22,0x02,0,0x0000,0x00000000,0x00000000,22,READY_FOR_BUTTON
93301,0.9,3.6,0.0,0.0,0.0,0,12.74,20.9,25.2,99,22,0x02,0,0x0000,0x00000000,0x00000000,21,READY_FOR_BUTTON
93401,0.9,3.6,0.0,0.0,0.0,0,12.73,20.9,24.9,99,22,0x02,0,0x0000,0x00000000,0x00000000,20,READY_FOR_BUTTON
93501,0.8,3.6,0.0,0.0,0.0,0,12.72,20.9,25.0,99,22,0x02,0,0x0000,0x00000000,0x00000000,20,READY_FOR_BUTTON
93601,0.9,3.6,0.0,0.0,0.0,0,12.73,20.9,24.9,99,22,0x02,0,0x0000,0x00000000,0x00000000,20,READY_FOR_BUTTON
93701,0.8,3.6,0.0,0.0,0.0,0,12.74,20.9,25.2,99,22,0x02,0,0x0000,0x00000000,0x00000000,21,READY_FOR_BUTTON
93801,0.8,3.6,0.0,0.0,0.0,0,12.74,21.0,25.0,99,22,0x02,0,0x0000,0x00000000,0x00000000,20,READY_FOR_BUTTON
93901,0.9,3.6,0.0,0.0,0.0,0,12.73,21.0,25.0,99,22,0x02,0,0x0000,0x00000000,0x00000000,20,READY_FOR_BUTTON
94001,0.8,3.6,0.0,0.0,0.0,0,12.73,21.0,25.2,99,22,0x02,0,0x0000,0x00000000,0x00000000,21,READY_FOR_BUTTON
94101,0.9,3.6,0.0,0.0,0.0,0,12.72,21.0,25.2,99,22,0x02,0,0x0000,0x00000000,0x00000000,21,READY_FOR_BUTTON
94202,0.9,3.6,0.0,0.0,0.0,0,12.74,20.9,25.3,99,22,0x02,0,0x0000,0x00000000,0x00000000,22,READY_FOR_BUTTON
94302,0.9,3.6,0.0,0.0,0.0,0,12.72,21.0,24.9,99,22,0x02,0,0x0000,0x00000000,0x00000000,20,READY_FOR_BUTTON
94402,0.9,3.6,0.0,0.0,0.0,0,12.74,21.0,24.9,99,22,0x02,0,0x0000,0x00000000,0x00000000,20,READY_FOR_BUTTON
94502,0.8,3.6,0.0,0.0,0.0,0,12.72,21.0,25.0,99,22,0x02,0,0x0000,0x00000000,0x00000000,20,READY_FOR_BUTTON
94602,0.9,3.6,0.0,0.0,0.0,0,12.74,20.9,25.3,99,22,0x02,0,0x0000,0x00000000,0x00000000,22,READY_FOR_BUTTON
94702,0.8,3.6,0.0,0.0,0.0,0,12.7,21.0,25.7,99,22,0x02,0,0x0000,0x00000000,0x00000000,24,READY_FOR_BUTTON
94802,0.8,3.6,0.0,0.0,0.0,0,12.72,21.0,25.7,99,22,0x02,0,0x0000,0x00000000,0x00000000,24,READY_FOR_BUTTON
94902,0.9,3.6,0.0,0.0,0.0,0,12.73,21.0,24.9,99,22,0x02,0,0x0000,0x00000000,0x00000000,20,READY_FOR_BUTTON
95002,0.9,3.6,0.0,0.0,0.0,0,12.73,21.0,24.9,99,22,0x02,0,0x0000,0x00000000,0x00000000,20,READY_FOR_BUTTON
95102,0.9,3.6,0.0,0.0,0.0,0,12.73,21.0,25.0,99,22,0x02,0,0x0000,0x00000000,0x00000000,20,READY_FOR_BUTTON
95202,0.8,3.6,0.0,0.0,0.0,0,12.7,21.0,24.9,99,22,0x02,0,0x0000,0x00000000,0x00000000,20,READY_FOR_BUTTON
95302,0.9,3.6,0.0,0.0,0.0,0,12.76,20.9,24.9,99,22,0x02,0,0x0000,0x00000000,0x00000000,20,READY_FOR_BUTTON
95402,0.8,3.5,0.0,0.0,0.0,0,12.73,20.9,25.0,99,22,0x02,0,0x0000,0x00000000,0x00000000,20,READY_FOR_BUTTON
95502,0.8,3.6,0.0,0.0,0.0,0,12.74,20.9,25.2,99,22,0x02,0,0x0000,0x00000000,0x00000000,21,READY_FOR_BUTTON
95602,0.8,3.6,0.0,0.0,0.0,0,12.73,20.9,25.4,99,22,0x02,0,0x0000,0x00000000,0x00000000,22,READY_FOR_BUTTON
95702,0.8,3.6,0.0,0.0,0.0,0,12.75,20.9,25.4,99,22,0x02,0,0x0000,0x00000000,0x00000000,22,READY_FOR_BUTTON
95802,0.9,3.6,0.0,0.0,0.0,0,12.74,20.9,25.2,99,22,0x02,0,0x0000,0x00000000,0x00000000,21,READY_FOR_BUTTON
95902,0.9,3.6,0.0,0.0,0.0,0,12.74,20.9,25.2,99,22,0x02,0,0x0000,0x00000000,0x00000000,21,READY_FOR_BUTTON
96002,0.9,3.6,0.0,0.0,0.0,0,12.69,20.9,24.9,99,22,0x02,0,0x0000,0x00000000,0x00000000,20,READY_FOR_BUTTON
96102,0.9,3.6,0.0,0.0,0.0,0,12.65,20.9,24.9,99,22,0x02,0,0x0000,0x00000000,0x00000000,20,READY_FOR_BUTTON
96202,0.9,3.6,0.0,0.0,0.0,0,12.73,20.9,24.9,99,22,0x02,0,0x0000,0x00000000,0x00000000,20,READY_FOR_BUTTON
96302,0.9,3.6,0.0,0.0,0.0,0,12.7,20.9,25.4,99,22,0x02,0,0x0000,0x00000000,0x00000000,22,READY_FOR_BUTTON
96402,0.9,3.6,0.0,0.0,0.0,0,12.73,20.9,25.2,99,22,0x02,0,0x0000,0x00000000,0x00000000,21,READY_FOR_BUTTON
96502,0.9,3.6,0.0,0.0,0.0,0,12.73,20.9,25.2,99,22,0x02,0,0x0000,0x00000000,0x00000000,21,READY_FOR_BUTTON
96602,0.9,3.6,0.0,0.0,0.0,0,12.73,20.9,25.0,99,22,0x02,0,0x0000,0x00000000,0x00000000,20,READY_FOR_BUTTON
96702,0.8,3.6,0.0,0.0,0.0,0,12.74,20.9,25.0,99,22,0x02,0,0x0000,0x00000000,0x00000000,20,READY_FOR_BUTTON
96802,0.8,3.6,0.0,0.0,0.0,0,12.72,20.9,25.0,99,22,0x02,0,0x0000,0x00000000,0x00000000,20,READY_FOR_BUTTON
96902,0.9,3.6,0.0,0.0,0.0,0,12.72,20.9,25.0,99,22,0x02,0,0x0000,0x00000000,0x00000000,20,READY_FOR_BUTTON
97002,0.8,3.6,0.0,0.0,0.0,0,12.73,20.9,25.2,99,22,0x02,0,0x0000,0x00000000,0x00000000,21,READY_FOR_BUTTON
97102,0.8,3.6,0.0,0.0,0.0,0,12.73,20.9,25.4,99,22,0x02,0,0x0000,0x00000000,0x00000000,22,READY_FOR_BUTTON
97202,0.9,3.6,0.0,0.0,0.0,0,12.76,20.9,25.3,99,22,0x02,0,0x0000,0x00000000,0x00000000,22,READY_FOR_BUTTON
97302,0.9,3.6,0.0,0.0,0.0,0,12.75,20.9,25.3,99,22,0x02,0,0x0000,0x00000000,0x00000000,22,READY_FOR_BUTTON
97402,0.8,3.6,0.0,0.0,0.0,0,12.75,20.9,25.3,99,22,0x02,0,0x0000,0x00000000,0x00000000,22,READY_FOR_BUTTON
97502,0.9,3.6,0.0,0.0,0.0,0,12.75,20.9,25.2,99,22,0x02,0,0x0000,0x00000000,0x00000000,21,READY_FOR_BUTTON
97602,0.9,3.6,0.0,0.0,0.0,0,12.72,20.9,24.9,99,22,0x02,0,0x0000,0x00000000,0x00000000,20,READY_FOR_BUTTON
97702,0.8,3.6,0.0,0.0,0.0,0,12.69,20.9,25.0,99,22,0x02,0,0x0000,0x00000000,0x00000000,20,READY_FOR_BUTTON
97802,0.9,3.6,0.0,0.0,0.0,0,12.73,20.9,24.9,99,22,0x02,0,0x0000,0x00000000,0x00000000,20,READY_FOR_BUTTON
97902,0.9,3.6,0.0,0.0,0.0,0,12.73,20.9,25.3,99,22,0x02,0,0x0000,0x00000000,0x00000000,22,READY_FOR_BUTTON
98002,0.9,3.6,0.0,0.0,0.0,0,12.73,20.9,25.4,99,22,0x02,0,0x0000,0x00000000,0x00000000,22,READY_FOR_BUTTON
98102,0.9,3.6,0.0,0.0,0.0,0,12.75,20.9,25.4,99,22,0x02,0,0x0000,0x00000000,0x00000000,22,READY_FOR_BUTTON
98202,0.8,3.6,0.0,0.0,0.0,0,12.74,20.9,25.0,99,22,0x02,0,0x0000,0x00000000,0x00000000,20,READY_FOR_BUTTON
98302,0.9,3.6,0.0,0.0,0.0,0,12.7,20.9,25.0,99,22,0x02,0,0x0000,0x00000000,0x00000000,20,READY_FOR_BUTTON
98402,0.8,3.6,0.0,0.0,0.0,0,12.74,20.9,25.0,99,22,0x02,0,0x0000,0x00000000,0x00000000,20,READY_FOR_BUTTON
98502,0.8,3.6,0.0,0.0,0.0,0,12.73,20.9,24.9,99,22,0x02,0,0x0000,0x00000000,0x00000000,20,READY_FOR_BUTTON
98602,0.9,3.6,0.0,0.0,0.0,0,12.72,20.9,25.2,99,22,0x02,0,0x0000,0x00000000,0x00000000,21,READY_FOR_BUTTON
98702,0.9,3.6,0.0,0.0,0.0,0,12.73,20.9,25.5,99,22,0x02,0,0x0000,0x00000000,0x00000000,23,READY_FOR_BUTTON
98802,0.8,3.6,0.0,0.0,0.0,0,12.73,20.9,25.0,99,22,0x02,0,0x0000,0x00000000,0x00000000,20,READY_FOR_BUTTON
98902,0.9,3.6,0.0,0.0,0.0,0,12.74,20.9,25.2,99,22,0x02,0,0x0000,0x00000000,0x00000000,21,READY_FOR_BUTTON
99002,0.9,3.6,0.0,0.0,0.0,0,12.73,20.9,25.2,99,22,0x02,0,0x0000,0x00000000,0x00000000,21,READY_FOR_BUTTON
99102,0.9,3.6,0.0,0.0,0.0,0,12.73,20.9,25.0,99,22,0x02,0,0x0000,0x00000000,0x00000000,20,READY_FOR_BUTTON
99202,0.8,3.6,0.0,0.0,0.0,0,12.7,20.9,25.0,99,22,0x02,0,0x0000,0x00000000,0x00000000,20,READY_FOR_BUTTON
99302,0.9,3.6,0.0,0.0,0.0,0,12.7,20.9,24.9,99,22,0x02,0,0x0000,0x00000000,0x00000000,20,READY_FOR_BUTTON
99402,0.9,3.6,0.0,0.0,0.0,0,12.74,20.9,24.9,99,22,0x02,0,0x0000,0x00000000,0x00000000,20,READY_FOR_BUTTON
99503,0.8,3.6,0.0,0.0,0.0,0,12.72,20.9,24.9,99,22,0x02,0,0x0000,0x00000000,0x00000000,20,READY_FOR_BUTTON
99603,0.8,3.6,0.0,0.0,0.0,0,12.72,20.9,25.0,99,22,0x02,0,0x0000,0x00000000,0x00000000,20,READY_FOR_BUTTON
99704,0.8,3.6,0.0,0.0,0.0,0,12.72,21.0,25.3,99,22,0x02,0,0x0000,0x00000000,0x00000000,22,READY_FOR_BUTTON
99804,0.9,3.6,0.0,0.0,0.0,0,12.7,21.0,25.0,99,22,0x02,0,0x0000,0x00000000,0x00000000,20,READY_FOR_BUTTON
99904,0.8,3.6,0.0,0.0,0.0,0,12.72,21.0,25.3,99,22,0x02,0,0x0000,0x00000000,0x00000000,22,READY_FOR_BUTTON
100004,0.9,3.6,0.0,0.0,0.0,0,12.72,21.0,25.2,99,22,0x02,0,0x0000,0x00000000,0x00000000,21,READY_FOR_BUTTON
100104,0.9,3.6,0.0,0.0,0.0,0,12.72,20.9,25.2,99,22,0x02,0,0x0000,0x00000000,0x00000000,21,READY_FOR_BUTTON
100205,0.9,3.6,0.0,0.0,0.0,0,12.73,20.9,24.9,99,22,0x02,0,0x0000,0x00000000,0x00000000,20,READY_FOR_BUTTON
100305,0.9,3.6,0.0,0.0,0.0,0,12.74,20.9,25.0,99,22,0x02,0,0x0000,0x00000000,0x00000000,20,READY_FOR_BUTTON
100405,0.9,3.6,0.0,0.0,0.0,0,12.74,20.9,25.0,99,22,0x02,0,0x0000,0x00000000,0x00000000,20,READY_FOR_BUTTON
100505,0.9,3.6,0.0,0.0,0.0,0,12.72,20.9,25.3,99,22,0x02,0,0x0000,0x00000000,0x00000000,22,READY_FOR_BUTTON
100605,1.1,3.6,0.0,0.0,0.0,0,12.7,20.9,25.3,99,22,0x02,0,0x0000,0x00000000,0x00000000,22,READY_FOR_BUTTON
100705,0.9,3.6,0.0,0.0,0.0,0,12.74,20.9,25.0,99,22,0x02,0,0x0000,0x00000000,0x00000000,20,READY_FOR_BUTTON
100805,0.9,3.6,0.0,0.0,0.0,0,12.69,20.9,25.2,99,22,0x02,0,0x0000,0x00000000,0x00000000,21,READY_FOR_BUTTON
100905,0.9,3.6,0.0,0.0,0.0,0,12.73,20.9,25.3,99,22,0x02,0,0x0000,0x00000000,0x00000000,22,READY_FOR_BUTTON
101005,0.9,3.6,0.0,0.0,0.0,0,12.73,20.9,25.0,99,22,0x02,0,0x0000,0x00000000,0x00000000,20,READY_FOR_BUTTON
101105,0.9,3.6,0.0,0.0,0.0,0,12.74,20.9,25.0,99,22,0x02,0,0x0000,0x00000000,0x00000000,20,READY_FOR_BUTTON
101205,0.8,3.6,0.0,0.0,0.0,0,12.7,20.9,25.2,99,22,0x02,0,0x0000,0x00000000,0x00000000,21,READY_FOR_BUTTON
101305,0.9,3.6,0.0,0.0,0.0,0,12.74,20.9,25.0,99,22,0x02,0,0x0000,0x00000000,0x00000000,20,READY_FOR_BUTTON
101405,0.9,3.6,0.0,0.0,0.0,0,12.69,20.9,24.8,99,22,0x02,0,0x0000,0x00000000,0x00000000,20,READY_FOR_BUTTON
101505,0.8,3.6,0.0,0.0,0.0,0,12.72,20.9,25.3,99,22,0x02,0,0x0000,0x00000000,0x00000000,22,READY_FOR_BUTTON
101605,0.9,3.6,0.0,0.0,0.0,0,12.72,20.9,25.2,99,22,0x02,0,0x0000,0x00000000,0x00000000,21,READY_FOR_BUTTON
101705,0.9,3.6,0.0,0.0,0.0,0,12.72,20.9,25.0,99,22,0x02,0,0x0000,0x00000000,0x00000000,20,READY_FOR_BUTTON
101805,0.9,3.6,0.0,0.0,0.0,0,12.74,21.0,25.0,99,22,0x02,0,0x0000,0x00000000,0x00000000,20,READY_FOR_BUTTON
101905,0.9,3.6,0.0,0.0,0.0,0,12.74,21.0,24.9,99,22,0x02,0,0x0000,0x00000000,0x00000000,20,READY_FOR_BUTTON
102005,0.9,3.6,0.0,0.0,0.0,0,12.72,20.9,24.8,99,22,0x02,0,0x0000,0x00000000,0x00000000,20,READY_FOR_BUTTON
102105,0.9,3.6,0.0,0.0,0.0,0,12.7,21.0,24.9,99,22,0x02,0,0x0000,0x00000000,0x00000000,20,READY_FOR_BUTTON
102205,0.8,3.6,0.0,0.0,0.0,0,12.73,21.0,24.9,99,22,0x02,0,0x0000,0x00000000,0x00000000,20,READY_FOR_BUTTON
102305,0.9,3.6,0.0,0.0,0.0,0,12.73,21.0,25.0,99,22,0x02,0,0x0000,0x00000000,0x00000000,20,READY_FOR_BUTTON
102405,0.9,3.6,0.0,0.0,0.0,0,12.7,21.0,25.3,99,22,0x02,0,0x0000,0x00000000,0x00000000,22,READY_FOR_BUTTON
102505,0.9,3.5,0.0,0.0,0.0,0,12.72,21.0,25.4,99,22,0x02,0,0x0000,0x00000000,0x00000000,22,READY_FOR_BUTTON
102605,0.9,3.6,0.0,0.0,0.0,0,12.73,21.0,25.0,99,22,0x02,0,0x0000,0x00000000,0x00000000,20,READY_FOR_BUTTON
102705,0.8,3.6,0.0,0.0,0.0,0,12.73,20.9,25.0,99,22,0x02,0,0x0000,0x00000000,0x00000000,20,READY_FOR_BUTTON
102805,0.9,3.6,0.0,0.0,0.0,0,12.73,20.9,24.9,99,22,0x02,0,0x0000,0x00000000,0x00000000,20,READY_FOR_BUTTON
102905,0.8,3.6,0.0,0.0,0.0,0,12.72,21.0,25.0,99,22,0x02,0,0x0000,0x00000000,0x00000000,20,READY_FOR_BUTTON
103005,0.9,3.6,0.0,0.0,0.0,0,12.75,21.0,25.0,99,22,0x02,0,0x0000,0x00000000,0x00000000,20,READY_FOR_BUTTON
103105,0.9,3.6,0.0,0.0,0.0,0,12.7,20.9,25.5,99,22,0x02,0,0x0000,0x00000000,0x00000000,23,READY_FOR_BUTTON
103205,0.9,3.6,0.0,0.0,0.0,0,12.7,20.9,25.8,99,22,0x02,0,0x0000,0x00000000,0x00000000,24,READY_FOR_BUTTON
103305,0.9,3.5,0.0,0.0,0.0,0,12.74,20.9,25.4,99,22,0x02,0,0x0000,0x00000000,0x00000000,22,READY_FOR_BUTTON
103405,0.8,3.6,0.0,0.0,0.0,0,12.74,20.9,24.9,99,22,0x02,0,0x0000,0x00000000,0x00000000,20,READY_FOR_BUTTON
103505,0.8,3.6,0.0,0.0,0.0,0,12.72,20.9,25.0,99,22,0x02,0,0x0000,0x00000000,0x00000000,20,READY_FOR_BUTTON
103605,0.9,3.6,0.0,0.0,0.0,0,12.73,20.9,25.0,99,22,0x02,0,0x0000,0x00000000,0x00000000,20,READY_FOR_BUTTON
103705,0.9,3.6,0.0,0.0,0.0,0,12.74,20.9,24.9,99,22,0x02,0,0x0000,0x00000000,0x00000000,20,READY_FOR_BUTTON
103805,0.9,3.6,0.0,0.0,0.0,0,12.73,20.9,24.9,99,22,0x02,0,0x0000,0x00000000,0x00000000,20,READY_FOR_BUTTON
103905,0.9,3.6,0.0,0.0,0.0,0,12.72,20.9,25.3,99,22,0x02,0,0x0000,0x00000000,0x00000000,22,READY_FOR_BUTTON
104005,0.9,3.6,0.0,0.0,0.0,0,12.72,20.9,25.3,99,22,0x02,0,0x0000,0x00000000,0x00000000,22,READY_FOR_BUTTON
104105,0.9,3.6,0.0,0.0,0.0,0,12.72,20.9,25.2,99,22,0x02,0,0x0000,0x00000000,0x00000000,21,READY_FOR_BUTTON
104205,0.9,3.6,0.0,0.0,0.0,0,12.75,20.9,25.2,99,22,0x02,0,0x0000,0x00000000,0x00000000,21,READY_FOR_BUTTON
104305,0.8,3.6,0.0,0.0,0.0,0,12.72,20.9,25.2,99,22,0x02,0,0x0000,0x00000000,0x00000000,21,READY_FOR_BUTTON
104405,0.9,3.6,0.0,0.0,0.0,0,12.68,20.9,25.4,99,22,0x02,0,0x0000,0x00000000,0x00000000,22,READY_FOR_BUTTON
104505,0.9,3.6,0.0,0.0,0.0,0,12.75,20.9,24.9,99,22,0x02,0,0x0000,0x00000000,0x00000000,20,READY_FOR_BUTTON
104605,0.9,3.6,0.0,0.0,0.0,0,12.73,20.9,24.9,99,22,0x02,0,0x0000,0x00000000,0x00000000,20,READY_FOR_BUTTON
104705,0.9,3.6,0.0,0.0,0.0,0,12.69,21.0,25.0,99,22,0x02,0,0x0000,0x00000000,0x00000000,20,READY_FOR_BUTTON
104805,0.9,3.6,0.0,0.0,0.0,0,12.73,20.9,25.3,99,22,0x02,0,0x0000,0x00000000,0x00000000,22,READY_FOR_BUTTON
104905,0.9,3.6,0.0,0.0,0.0,0,12.73,20.9,25.0,99,22,0x02,0,0x0000,0x00000000,0x00000000,20,READY_FOR_BUTTON
105005,0.9,3.6,0.0,0.0,0.0,0,12.72,20.9,24.8,99,22,0x02,0,0x0000,0x00000000,0x00000000,20,READY_FOR_BUTTON
105105,0.8,3.6,0.0,0.0,0.0,0,12.72,21.0,24.9,99,22,0x02,0,0x0000,0x00000000,0x00000000,20,READY_FOR_BUTTON
105205,0.9,3.6,0.0,0.0,0.0,0,12.75,21.0,25.3,99,22,0x02,0,0x0000,0x00000000,0x00000000,22,READY_FOR_BUTTON
105305,0.9,3.6,0.0,0.0,0.0,0,12.7,21.0,25.0,99,22,0x02,0,0x0000,0x00000000,0x00000000,20,READY_FOR_BUTTON
105405,0.9,3.6,0.0,0.0,0.0,0,12.7,21.0,25.0,99,22,0x02,0,0x0000,0x00000000,0x00000000,20,READY_FOR_BUTTON
105505,0.9,3.6,0.0,0.0,0.0,0,12.73,21.0,24.9,99,22,0x02,0,0x0000,0x00000000,0x00000000,20,READY_FOR_BUTTON
105605,0.8,3.6,0.0,0.0,0.0,0,12.73,21.0,24.9,99,22,0x02,0,0x0000,0x00000000,0x00000000,20,READY_FOR_BUTTON
105705,0.8,3.6,0.0,0.0,0.0,0,12.69,21.0,25.2,99,22,0x02,0,0x0000,0x00000000,0x00000000,21,READY_FOR_BUTTON
105805,1.0,3.7,0.0,0.0,0.0,0,12.72,21.0,25.2,99,22,0x02,0,0x0000,0x00000000,0x00000000,21,READY_FOR_BUTTON
105905,0.9,3.6,0.0,0.0,0.0,0,12.72,21.0,25.0,99,22,0x02,0,0x0000,0x00000000,0x00000000,20,READY_FOR_BUTTON
106005,0.9,3.6,0.0,0.0,0.0,0,12.73,20.9,25.5,99,22,0x02,0,0x0000,0x00000000,0x00000000,23,READY_FOR_BUTTON
106106,0.8,3.6,0.0,0.0,0.0,0,12.72,20.9,25.2,99,22,0x02,0,0x0000,0x00000000,0x00000000,21,READY_FOR_BUTTON
106206,0.9,3.6,0.0,0.0,0.0,0,12.72,21.0,25.0,99,22,0x02,0,0x0000,0x00000000,0x00000000,20,READY_FOR_BUTTON
106306,0.9,3.6,0.0,0.0,0.0,0,12.73,21.0,24.9,99,22,0x02,0,0x0000,0x00000000,0x00000000,20,READY_FOR_BUTTON
106406,0.9,3.6,0.0,0.0,0.0,0,12.7,21.0,24.9,99,22,0x02,0,0x0000,0x00000000,0x00000000,20,READY_FOR_BUTTON
106506,0.9,3.6,0.0,0.0,0.0,0,12.75,20.9,24.9,99,22,0x02,0,0x0000,0x00000000,0x00000000,20,READY_FOR_BUTTON
106606,0.9,3.6,0.0,0.0,0.0,0,12.72,21.0,24.9,99,22,0x02,0,0x0000,0x00000000,0x00000000,20,READY_FOR_BUTTON
106706,0.9,3.6,0.0,0.0,0.0,0,12.74,21.0,25.0,99,22,0x02,0,0x0000,0x00000000,0x00000000,20,READY_FOR_BUTTON
106806,0.8,3.6,0.0,0.0,0.0,0,12.74,20.9,25.0,99,22,0x02,0,0x0000,0x00000000,0x00000000,20,READY_FOR_BUTTON
106906,0.9,3.6,0.0,0.0,0.0,0,12.72,20.9,25.5,99,22,0x02,0,0x0000,0x00000000,0x00000000,23,READY_FOR_BUTTON
107006,0.8,3.6,0.0,0.0,0.0,0,12.73,20.9,25.5,99,22,0x02,0,0x0000,0x00000000,0x00000000,23,READY_FOR_BUTTON
107106,0.9,3.6,0.0,0.0,0.0,0,12.73,20.9,24.9,99,22,0x02,0,0x0000,0x00000000,0x00000000,20,READY_FOR_BUTTON
107206,0.9,3.6,0.0,0.0,0.0,0,12.74,20.9,24.9,99,22,0x02,0,0x0000,0x00000000,0x00000000,20,READY_FOR_BUTTON
107306,0.9,3.6,0.0,0.0,0.0,0,12.73,20.9,25.0,99,22,0x02,0,0x0000,0x00000000,0x00000000,20,READY_FOR_BUTTON
107406,0.9,3.6,0.0,0.0,0.0,0,12.68,20.9,24.9,99,22,0x02,0,0x0000,0x00000000,0x00000000,20,READY_FOR_BUTTON
107506,0.9,3.6,0.0,0.0,0.0,0,12.7,20.9,24.9,99,22,0x02,0,0x0000,0x00000000,0x00000000,20,READY_FOR_BUTTON
107606,0.8,3.6,0.0,0.0,0.0,0,12.74,20.9,25.3,99,22,0x02,0,0x0000,0x00000000,0x00000000,22,READY_FOR_BUTTON
107706,0.9,3.6,0.0,0.0,0.0,0,12.74,20.9,25.2,99,22,0x02,0,0x0000,0x00000000,0x00000000,21,READY_FOR_BUTTON
107806,0.8,3.6,0.0,0.0,0.0,0,12.72,20.9,25.4,99,22,0x02,0,0x0000,0x00000000,0x00000000,22,READY_FOR_BUTTON
107906,0.8,3.6,0.0,0.0,0.0,0,12.73,20.9,24.9,99,22,0x02,0,0x0000,0x00000000,0x00000000,20,READY_FOR_BUTTON
108006,0.8,3.6,0.0,0.0,0.0,0,12.75,20.9,24.9,99,22,0x02,0,0x0000,0x00000000,0x00000000,20,READY_FOR_BUTTON
108106,0.9,3.6,0.0,0.0,0.0,0,12.7,20.9,24.9,99,22,0x02,0,0x0000,0x00000000,0x00000000,20,READY_FOR_BUTTON
108206,0.9,3.6,0.0,0.0,0.0,0,12.7,20.9,25.0,99,22,0x02,0,0x0000,0x00000000,0x00000000,20,READY_FOR_BUTTON
108306,0.9,3.6,0.0,0.0,0.0,0,12.7,20.9,24.9,99,22,0x02,0,0x0000,0x00000000,0x00000000,20,READY_FOR_BUTTON
108406,0.9,3.6,0.0,0.0,0.0,0,12.68,20.9,25.0,99,22,0x02,0,0x0000,0x00000000,0x00000000,20,READY_FOR_BUTTON
108506,0.9,3.6,0.0,0.0,0.0,0,12.72,20.9,25.0,99,22,0x02,0,0x0000,0x00000000,0x00000000,20,READY_FOR_BUTTON
108606,0.9,3.6,0.0,0.0,0.0,0,12.72,21.0,25.2,99,22,0x02,0,0x0000,0x00000000,0x00000000,21,READY_FOR_BUTTON
108706,0.9,3.6,0.0,0.0,0.0,0,12.74,21.0,24.9,99,22,0x02,0,0x0000,0x00000000,0x00000000,20,READY_FOR_BUTTON
108806,0.8,3.6,0.0,0.0,0.0,0,12.73,21.0,24.8,99,22,0x02,0,0x0000,0x00000000,0x00000000,20,READY_FOR_BUTTON
108906,0.9,3.6,0.0,0.0,0.0,0,12.72,21.0,24.9,99,22,0x02,0,0x0000,0x00000000,0x00000000,20,READY_FOR_BUTTON
109006,0.9,3.6,0.0,0.0,0.0,0,12.72,21.0,25.0,99,22,0x02,0,0x0000,0x00000000,0x00000000,20,READY_FOR_BUTTON
109106,0.9,3.6,0.0,0.0,0.0,0,12.73,21.0,25.0,99,22,0x02,0,0x0000,0x00000000,0x00000000,20,READY_FOR_BUTTON
109206,0.8,3.6,0.0,0.0,0.0,0,12.7,21.0,25.2,99,22,0x02,0,0x0000,0x00000000,0x00000000,21,READY_FOR_BUTTON
109306,0.9,3.6,0.0,0.0,0.0,0,12.73,21.0,25.4,99,22,0x02,0,0x0000,0x00000000,0x00000000,22,READY_FOR_BUTTON
109406,0.9,3.6,0.0,0.0,0.0,0,12.74,21.0,25.3,99,22,0x02,0,0x0000,0x00000000,0x00000000,22,READY_FOR_BUTTON
109506,0.8,3.7,0.0,0.0,0.0,0,12.73,21.0,24.8,99,22,0x02,0,0x0000,0x00000000,0x00000000,20,READY_FOR_BUTTON
109606,0.8,3.6,0.0,0.0,0.0,0,12.73,21.0,25.0,99,22,0x02,0,0x0000,0x00000000,0x00000000,20,READY_FOR_BUTTON
109706,0.8,3.6,0.0,0.0,0.0,0,12.73,21.0,25.2,99,22,0x02,0,0x0000,0x00000000,0x00000000,21,READY_FOR_BUTTON
109806,0.8,3.6,0.0,0.0,0.0,0,12.73,21.0,24.9,99,22,0x02,0,0x0000,0x00000000,0x00000000,20,READY_FOR_BUTTON
109906,0.9,3.6,0.0,0.0,0.0,0,12.68,21.0,24.9,99,22,0x02,0,0x0000,0x00000000,0x00000000,20,READY_FOR_BUTTON
110006,1.0,3.6,0.0,0.0,0.0,0,12.74,20.9,25.2,99,22,0x02,0,0x0000,0x00000000,0x00000000,21,READY_FOR_BUTTON
110106,0.9,3.6,0.0,0.0,0.0,0,12.7,20.9,24.8,99,22,0x02,0,0x0000,0x00000000,0x00000000,20,READY_FOR_BUTTON
110206,0.8,3.6,0.0,0.0,0.0,0,12.69,21.0,24.9,99,22,0x02,0,0x0000,0x00000000,0x00000000,20,READY_FOR_BUTTON
110306,0.9,3.6,0.0,0.0,0.0,0,12.7,21.0,24.9,99,22,0x02,0,0x0000,0x00000000,0x00000000,20,READY_FOR_BUTTON
110406,0.9,3.6,0.0,0.0,0.0,0,12.74,20.9,25.3,99,22,0x02,0,0x0000,0x00000000,0x00000000,22,READY_FOR_BUTTON
110506,0.9,3.6,0.0,0.0,0.0,0,12.72,20.9,25.3,99,22,0x02,0,0x0000,0x00000000,0x00000000,22,READY_FOR_BUTTON
110606,0.9,3.6,0.0,0.0,0.0,0,12.76,20.9,24.9,99,22,0x02,0,0x0000,0x00000000,0x00000000,20,READY_FOR_BUTTON
110706,0.9,3.6,0.0,0.0,0.0,0,12.73,20.9,24.9,99,22,0x02,0,0x0000,0x00000000,0x00000000,20,READY_FOR_BUTTON
110806,0.8,3.6,0.0,0.0,0.0,0,12.7,21.0,24.9,99,22,0x02,0,0x0000,0x00000000,0x00000000,20,READY_FOR_BUTTON
110906,0.9,3.6,0.0,0.0,0.0,0,12.72,21.0,24.9,99,22,0x02,0,0x0000,0x00000000,0x00000000,20,READY_FOR_BUTTON
111006,0.9,3.6,0.0,0.0,0.0,0,12.7,21.0,25.2,99,22,0x02,0,0x0000,0x00000000,0x00000000,21,READY_FOR_BUTTON
111106,0.9,3.6,0.0,0.0,0.0,0,12.7,21.0,25.2,99,22,0x02,0,0x0000,0x00000000,0x00000000,21,READY_FOR_BUTTON
111206,0.9,3.6,0.0,0.0,0.0,0,12.69,21.0,25.0,99,22,0x02,0,0x0000,0x00000000,0x00000000,20,READY_FOR_BUTTON
111306,0.9,3.6,0.0,0.0,0.0,0,12.78,21.0,24.9,99,22,0x02,0,0x0000,0x00000000,0x00000000,20,READY_FOR_BUTTON
111406,0.9,3.6,0.0,0.0,0.0,0,12.72,21.0,25.0,99,22,0x02,0,0x0000,0x00000000,0x00000000,20,READY_FOR_BUTTON
111506,0.9,3.6,0.0,0.0,0.0,0,12.7,21.0,24.9,99,22,0x02,0,0x0000,0x00000000,0x00000000,20,READY_FOR_BUTTON
111606,0.9,3.6,0.0,0.0,0.0,0,12.7,21.0,24.9,99,22,0x02,0,0x0000,0x00000000,0x00000000,20,READY_FOR_BUTTON
111706,0.9,3.6,0.0,0.0,0.0,0,12.72,21.0,25.0,99,22,0x02,0,0x0000,0x00000000,0x00000000,20,READY_FOR_BUTTON
111806,0.9,3.6,0.0,0.0,0.0,0,12.72,21.0,25.0,99,22,0x02,0,0x0000,0x00000000,0x00000000,20,READY_FOR_BUTTON
111906,0.8,3.6,0.0,0.0,0.0,0,12.72,21.0,25.2,99,22,0x02,0,0x0000,0x00000000,0x00000000,21,READY_FOR_BUTTON
112006,0.8,3.6,0.0,0.0,0.0,0,12.72,21.0,25.2,99,22,0x02,0,0x0000,0x00000000,0x00000000,21,READY_FOR_BUTTON
112106,0.8,3.6,0.0,0.0,0.0,0,12.7,20.9,24.9,99,22,0x02,0,0x0000,0x00000000,0x00000000,20,READY_FOR_BUTTON
112206,0.9,3.6,0.0,0.0,0.0,0,12.73,20.9,24.9,99,22,0x02,0,0x0000,0x00000000,0x00000000,20,READY_FOR_BUTTON
112306,0.9,3.6,0.0,0.0,0.0,0,12.73,20.9,24.8,99,22,0x02,0,0x0000,0x00000000,0x00000000,20,READY_FOR_BUTTON
112406,0.9,3.6,0.0,0.0,0.0,0,12.74,20.9,25.2,99,22,0x02,0,0x0000,0x00000000,0x00000000,21,READY_FOR_BUTTON
112506,0.9,3.6,0.0,0.0,0.0,0,12.72,20.9,24.9,99,22,0x02,0,0x0000,0x00000000,0x00000000,20,READY_FOR_BUTTON
112606,0.9,3.6,0.0,0.0,0.0,0,12.69,20.9,25.0,99,22,0x02,0,0x0000,0x00000000,0x00000000,20,READY_FOR_BUTTON
112706,0.8,3.6,0.0,0.0,0.0,0,12.7,20.9,24.9,99,22,0x02,0,0x0000,0x00000000,0x00000000,20,READY_FOR_BUTTON
112806,0.9,3.6,0.0,0.0,0.0,0,12.73,20.9,25.0,99,22,0x02,0,0x0000,0x00000000,0x00000000,20,READY_FOR_BUTTON
112906,0.9,3.6,0.0,0.0,0.0,0,12.7,20.9,25.3,99,22,0x02,0,0x0000,0x00000000,0x00000000,22,READY_FOR_BUTTON
113006,0.9,3.6,0.0,0.0,0.0,0,12.72,20.9,25.3,99,22,0x02,0,0x0000,0x00000000,0x00000000,22,READY_FOR_BUTTON
113106,0.9,3.6,0.0,0.0,0.0,0,12.72,20.9,25.0,99,22,0x02,0,0x0000,0x00000000,0x00000000,20,READY_FOR_BUTTON
113206,0.9,3.6,0.0,0.0,0.0,0,12.74,20.9,25.0,99,22,0x02,0,0x0000,0x00000000,0x00000000,20,READY_FOR_BUTTON
113306,0.9,3.6,0.0,0.0,0.0,0,12.7,20.9,24.9,99,22,0x02,0,0x0000,0x00000000,0x00000000,20,READY_FOR_BUTTON
113406,0.9,3.6,0.0,0.0,0.0,0,12.72,20.9,24.9,99,22,0x02,0,0x0000,0x00000000,0x00000000,20,READY_FOR_BUTTON
113506,0.9,3.6,0.0,0.0,0.0,0,12.73,20.9,24.9,99,22,0x02,0,0x0000,0x00000000,0x00000000,20,READY_FOR_BUTTON
113606,0.9,3.6,0.0,0.0,0.0,0,12.72,20.9,25.0,99,22,0x02,0,0x0000,0x00000000,0x00000000,20,READY_FOR_BUTTON
113706,0.9,3.7,0.0,0.0,0.0,0,12.72,20.9,25.0,99,22,0x02,0,0x0000,0x00000000,0x00000000,20,READY_FOR_BUTTON
113806,0.9,3.6,0.0,0.0,0.0,0,12.73,20.9,25.0,99,22,0x02,0,0x0000,0x00000000,0x00000000,20,READY_FOR_BUTTON
113906,0.9,3.6,0.0,0.0,0.0,0,12.74,20.9,24.9,99,22,0x02,0,0x0000,0x00000000,0x00000000,20,READY_FOR_BUTTON
114006,0.9,3.6,0.0,0.0,0.0,0,12.74,20.9,24.9,99,22,0x02,0,0x0000,0x00000000,0x00000000,20,READY_FOR_BUTTON
114106,0.9,3.6,0.0,0.0,0.0,0,12.7,20.9,25.0,99,22,0x02,0,0x0000,0x00000000,0x00000000,20,READY_FOR_BUTTON
114206,0.8,3.6,0.0,0.0,0.0,0,12.7,20.9,25.0,99,22,0x02,0,0x0000,0x00000000,0x00000000,20,READY_FOR_BUTTON
114306,0.9,3.6,0.0,0.0,0.0,0,12.72,20.9,25.0,99,22,0x02,0,0x0000,0x00000000,0x00000000,20,READY_FOR_BUTTON
114406,0.9,3.6,0.0,0.0,0.0,0,12.69,20.9,24.9,99,22,0x02,0,0x0000,0x00000000,0x00000000,20,READY_FOR_BUTTON
114506,0.9,3.6,0.0,0.0,0.0,0,12.64,21.0,25.0,99,22,0x02,0,0x0000,0x00000000,0x00000000,20,READY_FOR_BUTTON
114606,0.9,3.6,0.0,0.0,0.0,0,12.72,21.0,25.0,99,22,0x02,0,0x0000,0x00000000,0x00000000,20,READY_FOR_BUTTON
114706,0.9,3.6,0.0,0.0,0.0,0,12.74,21.0,24.9,99,22,0x02,0,0x0000,0x00000000,0x00000000,20,READY_FOR_BUTTON
114806,0.9,3.6,0.0,0.0,0.0,0,12.68,21.0,25.4,99,22,0x02,0,0x0000,0x00000000,0x00000000,22,READY_FOR_BUTTON
114906,0.9,3.6,0.0,0.0,0.0,0,12.7,20.9,25.0,99,22,0x02,0,0x0000,0x00000000,0x00000000,20,READY_FOR_BUTTON
115006,0.9,3.6,0.0,0.0,0.0,0,12.69,20.9,24.9,99,22,0x02,0,0x0000,0x00000000,0x00000000,20,READY_FOR_BUTTON
115106,0.9,3.6,0.0,0.0,0.0,0,12.7,21.0,24.9,99,22,0x02,0,0x0000,0x00000000,0x00000000,20,READY_FOR_BUTTON
115206,0.9,3.6,0.0,0.0,0.0,0,12.74,21.0,24.9,99,22,0x02,0,0x0000,0x00000000,0x00000000,20,READY_FOR_BUTTON
115306,0.9,3.6,0.0,0.0,0.0,0,12.7,20.9,25.2,99,22,0x02,0,0x0000,0x00000000,0x00000000,21,READY_FOR_BUTTON
115406,0.9,3.6,0.0,0.0,0.0,0,12.7,20.9,25.5,99,22,0x02,0,0x0000,0x00000000,0x00000000,23,READY_FOR_BUTTON
115506,0.9,3.6,0.0,0.0,0.0,0,12.73,20.9,24.9,99,22,0x02,0,0x0000,0x00000000,0x00000000,20,READY_FOR_BUTTON
115606,0.9,3.6,0.0,0.0,0.0,0,12.74,20.9,25.3,99,22,0x02,0,0x0000,0x00000000,0x00000000,22,READY_FOR_BUTTON
115706,0.9,3.6,0.0,0.0,0.0,0,12.72,20.9,25.3,99,22,0x02,0,0x0000,0x00000000,0x00000000,22,READY_FOR_BUTTON
115806,0.9,3.6,0.0,0.0,0.0,0,12.7,20.9,24.9,99,22,0x02,0,0x0000,0x00000000,0x00000000,20,READY_FOR_BUTTON
115906,0.9,3.6,0.0,0.0,0.0,0,12.7,20.9,24.8,99,22,0x02,0,0x0000,0x00000000,0x00000000,20,READY_FOR_BUTTON
116006,0.8,3.6,0.0,0.0,0.0,0,12.73,20.9,24.9,99,22,0x02,0,0x0000,0x00000000,0x00000000,20,READY_FOR_BUTTON
116106,0.8,3.6,0.0,0.0,0.0,0,12.73,20.9,25.5,99,22,0x02,0,0x0000,0x00000000,0x00000000,23,READY_FOR_BUTTON
116207,0.9,3.6,0.0,0.0,0.0,0,12.69,20.9,25.4,99,22,0x02,0,0x0000,0x00000000,0x00000000,22,READY_FOR_BUTTON
116307,0.9,3.6,0.0,0.0,0.0,0,12.74,20.9,25.0,99,22,0x02,0,0x0000,0x00000000,0x00000000,20,READY_FOR_BUTTON
116407,0.8,3.6,0.0,0.0,0.0,0,12.76,20.9,25.0,99,22,0x02,0,0x0000,0x00000000,0x00000000,20,READY_FOR_BUTTON
116508,0.8,3.6,0.0,0.0,0.0,0,12.73,20.9,25.0,99,22,0x02,0,0x0000,0x00000000,0x00000000,20,READY_FOR_BUTTON
116608,0.9,3.6,0.0,0.0,0.0,0,12.73,21.0,25.2,99,22,0x02,0,0x0000,0x00000000,0x00000000,21,READY_FOR_BUTTON
116708,0.8,3.6,0.0,0.0,0.0,0,12.7,21.0,25.0,99,22,0x02,0,0x0000,0x00000000,0x00000000,20,READY_FOR_BUTTON
116808,0.9,3.6,0.0,0.0,0.0,0,12.7,21.0,24.9,99,22,0x02,0,0x0000,0x00000000,0x00000000,20,READY_FOR_BUTTON
116908,0.9,3.6,0.0,0.0,0.0,0,12.7,20.9,24.9,99,22,0x02,0,0x0000,0x00000000,0x00000000,20,READY_FOR_BUTTON
117008,0.9,3.6,0.0,0.0,0.0,0,12.7,21.0,25.0,99,22,0x02,0,0x0000,0x00000000,0x00000000,20,READY_FOR_BUTTON
117108,0.9,3.6,0.0,0.0,0.0,0,12.74,20.9,24.9,99,22,0x02,0,0x0000,0x00000000,0x00000000,20,READY_FOR_BUTTON
117208,0.9,3.6,0.0,0.0,0.0,0,12.73,20.9,24.9,99,22,0x02,0,0x0000,0x00000000,0x00000000,20,READY_FOR_BUTTON
117308,0.9,3.6,0.0,0.0,0.0,0,12.73,20.9,24.8,99,22,0x02,0,0x0000,0x00000000,0x00000000,20,READY_FOR_BUTTON
117408,0.9,3.6,0.0,0.0,0.0,0,12.73,20.9,24.9,99,22,0x02,0,0x0000,0x00000000,0x00000000,20,READY_FOR_BUTTON
117508,0.9,3.6,0.0,0.0,0.0,0,12.7,20.9,25.3,99,22,0x02,0,0x0000,0x00000000,0x00000000,22,READY_FOR_BUTTON
117608,0.9,3.6,0.0,0.0,0.0,0,12.69,20.9,25.3,99,22,0x02,0,0x0000,0x00000000,0x00000000,22,READY_FOR_BUTTON
117708,0.8,3.6,0.0,0.0,0.0,0,12.72,20.9,25.3,99,22,0x02,0,0x0000,0x00000000,0x00000000,22,READY_FOR_BUTTON
117808,0.8,3.6,0.0,0.0,0.0,0,12.72,20.9,25.0,99,22,0x02,0,0x0000,0x00000000,0x00000000,20,READY_FOR_BUTTON
117908,0.8,3.6,0.0,0.0,0.0,0,12.7,20.9,25.0,99,22,0x02,0,0x0000,0x00000000,0x00000000,20,READY_FOR_BUTTON
118008,0.9,3.6,0.0,0.0,0.0,0,12.74,21.0,25.0,99,22,0x02,0,0x0000,0x00000000,0x00000000,20,READY_FOR_BUTTON
118108,0.9,3.6,0.0,0.0,0.0,0,12.67,21.0,24.9,99,22,0x02,0,0x0000,0x00000000,0x00000000,20,READY_FOR_BUTTON
118208,0.9,3.6,0.0,0.0,0.0,0,12.72,21.0,25.2,99,22,0x02,0,0x0000,0x00000000,0x00000000,21,READY_FOR_BUTTON
118308,0.9,3.6,0.0,0.0,0.0,0,12.72,21.0,24.9,99,22,0x02,0,0x0000,0x00000000,0x00000000,20,READY_FOR_BUTTON
118408,0.8,3.6,0.0,0.0,0.0,0,12.72,21.0,24.8,99,22,0x02,0,0x0000,0x00000000,0x00000000,20,READY_FOR_BUTTON
118508,0.9,3.6,0.0,0.0,0.0,0,12.73,21.0,24.9,99,22,0x02,0,0x0000,0x00000000,0x00000000,20,READY_FOR_BUTTON
118608,0.9,3.6,0.0,0.0,0.0,0,12.72,21.0,25.0,99,22,0x02,0,0x0000,0x00000000,0x00000000,20,READY_FOR_BUTTON
118708,0.8,3.6,0.0,0.0,0.0,0,12.69,21.0,24.9,99,22,0x02,0,0x0000,0x00000000,0x00000000,20,READY_FOR_BUTTON
118808,0.8,3.6,0.0,0.0,0.0,0,12.75,21.0,24.9,99,22,0x02,0,0x0030,0x00000000,0x00000000,20,FAULT_BLOCKED
118908,0.8,3.6,0.0,0.0,0.0,0,12.76,21.0,25.3,99,22,0x02,0,0x0030,0x00000000,0x00000000,22,FAULT_BLOCKED
119008,0.8,3.6,0.0,0.0,0.0,0,12.75,21.0,24.9,99,22,0x00,0,0x0030,0x00000000,0x00000000,20,FAULT_BLOCKED
119108,0.8,3.6,0.0,0.0,0.0,0,12.77,21.0,25.2,99,22,0x00,0,0x0030,0x00000000,0x00000000,21,FAULT_BLOCKED
119208,0.8,3.6,0.0,0.0,0.0,0,12.78,21.0,25.2,99,22,0x00,0,0x0030,0x00000000,0x00000000,21,FAULT_BLOCKED
119308,0.8,3.6,0.0,0.0,0.0,0,12.76,20.9,25.0,99,22,0x00,0,0x0030,0x00000000,0x00000000,20,FAULT_BLOCKED
119408,0.8,3.6,0.0,0.0,0.0,0,12.77,20.9,24.9,99,22,0x00,0,0x0030,0x00000000,0x00000000,20,FAULT_BLOCKED
119508,0.8,3.6,0.0,0.0,0.0,0,12.75,20.9,25.0,99,22,0x00,0,0x0030,0x00000000,0x00000000,20,FAULT_BLOCKED
119608,0.8,3.6,0.0,0.0,0.0,0,12.75,20.9,25.0,99,22,0x00,0,0x0030,0x00000000,0x00000000,20,FAULT_BLOCKED
119708,0.8,3.6,0.0,0.0,0.0,0,12.75,20.9,25.2,99,22,0x00,0,0x0030,0x00000000,0x00000000,21,FAULT_BLOCKED
119808,0.8,3.6,0.0,0.0,0.0,0,12.76,20.9,25.3,99,22,0x00,0,0x0030,0x00000000,0x00000000,22,FAULT_BLOCKED
119908,0.8,3.6,0.0,0.0,0.0,0,12.77,20.9,25.3,99,22,0x00,0,0x0030,0x00000000,0x00000000,22,FAULT_BLOCKED
120008,0.8,3.6,0.0,0.0,0.0,0,12.78,20.9,24.8,99,22,0x00,0,0x0030,0x00000000,0x00000000,20,FAULT_BLOCKED
120108,0.8,3.6,0.0,0.0,0.0,0,12.76,20.9,24.9,99,22,0x00,0,0x0030,0x00000000,0x00000000,20,FAULT_BLOCKED
120208,0.8,3.6,0.0,0.0,0.0,0,12.75,21.0,24.9,99,22,0x00,0,0x0030,0x00000000,0x00000000,20,FAULT_BLOCKED
120308,0.8,3.6,0.0,0.0,0.0,0,12.78,21.0,25.2,99,22,0x00,0,0x0030,0x00000000,0x00000000,21,FAULT_BLOCKED
120408,0.8,3.6,0.0,0.0,0.0,0,12.74,21.0,24.9,99,22,0x00,0,0x0030,0x00000000,0x00000000,20,FAULT_BLOCKED
120508,0.8,3.6,0.0,0.0,0.0,0,12.74,21.0,25.2,99,22,0x00,0,0x0030,0x00000000,0x00000000,21,FAULT_BLOCKED
120608,0.8,3.6,0.0,0.0,0.0,0,12.76,21.0,25.3,99,22,0x00,0,0x0030,0x00000000,0x00000000,22,FAULT_BLOCKED
120708,0.8,3.6,0.0,0.0,0.0,0,12.76,20.9,25.0,99,22,0x00,0,0x0030,0x00000000,0x00000000,20,FAULT_BLOCKED
120808,0.8,3.6,0.0,0.0,0.0,0,12.75,21.0,24.9,99,22,0x00,0,0x0030,0x00000000,0x00000000,20,FAULT_BLOCKED
120908,0.8,3.6,0.0,0.0,0.0,0,12.77,21.0,24.9,99,22,0x00,0,0x0030,0x00000000,0x00000000,20,FAULT_BLOCKED
121008,0.8,3.5,0.0,0.0,0.0,0,12.76,21.0,24.9,99,22,0x00,0,0x0030,0x00000000,0x00000000,20,FAULT_BLOCKED
121108,0.8,3.6,0.0,0.0,0.0,0,12.74,21.0,24.9,99,22,0x00,0,0x0030,0x00000000,0x00000000,20,FAULT_BLOCKED
121208,0.8,3.6,0.0,0.0,0.0,0,12.76,21.0,24.9,99,22,0x00,0,0x0030,0x00000000,0x00000000,20,FAULT_BLOCKED
121308,0.8,3.6,0.0,0.0,0.0,0,12.75,20.9,25.0,99,22,0x00,0,0x0030,0x00000000,0x00000000,20,FAULT_BLOCKED
121408,0.8,3.6,0.0,0.0,0.0,0,12.74,20.9,25.0,99,22,0x00,0,0x0030,0x00000000,0x00000000,20,FAULT_BLOCKED
121508,0.8,3.6,0.0,0.0,0.0,0,12.79,20.9,25.3,99,22,0x00,0,0x0030,0x00000000,0x00000000,22,FAULT_BLOCKED
121608,0.8,3.6,0.0,0.0,0.0,0,12.8,20.9,24.9,99,22,0x00,0,0x0030,0x00000000,0x00000000,20,FAULT_BLOCKED
121708,0.7,3.6,0.0,0.0,0.0,0,12.75,20.9,25.0,99,22,0x00,0,0x0030,0x00000000,0x00000000,20,FAULT_BLOCKED
121808,0.8,3.6,0.0,0.0,0.0,0,12.75,20.9,25.0,99,22,0x00,0,0x0030,0x00000000,0x00000000,20,FAULT_BLOCKED
121908,0.8,3.6,0.0,0.0,0.0,0,12.76,21.0,24.9,99,22,0x00,0,0x0030,0x00000000,0x00000000,20,FAULT_BLOCKED
122008,0.8,3.6,0.0,0.0,0.0,0,12.76,21.0,24.9,99,22,0x00,0,0x0030,0x00000000,0x00000000,20,FAULT_BLOCKED
122108,0.8,3.6,0.0,0.0,0.0,0,12.74,21.0,24.9,99,22,0x00,0,0x0030,0x00000000,0x00000000,20,FAULT_BLOCKED
122208,0.8,3.6,0.0,0.0,0.0,0,12.76,20.9,24.9,99,22,0x00,0,0x0030,0x00000000,0x00000000,20,FAULT_BLOCKED
122308,0.8,3.6,0.0,0.0,0.0,0,12.74,21.0,25.3,99,22,0x00,0,0x0030,0x00000000,0x00000000,22,FAULT_BLOCKED
122408,0.8,3.6,0.0,0.0,0.0,0,12.76,20.9,24.9,99,22,0x00,0,0x0030,0x00000000,0x00000000,20,FAULT_BLOCKED
122508,0.8,3.6,0.0,0.0,0.0,0,12.75,21.0,24.9,99,22,0x00,0,0x0030,0x00000000,0x00000000,20,FAULT_BLOCKED
122608,0.8,3.6,0.0,0.0,0.0,0,12.74,21.0,25.0,99,22,0x00,0,0x0030,0x00000000,0x00000000,20,FAULT_BLOCKED
122708,0.8,3.6,0.0,0.0,0.0,0,12.69,21.0,24.9,99,22,0x00,0,0x0030,0x00000000,0x00000000,20,FAULT_BLOCKED
122808,0.8,3.6,0.0,0.0,0.0,0,12.76,20.9,24.9,99,22,0x00,0,0x0030,0x00000000,0x00000000,20,FAULT_BLOCKED
122908,0.8,3.6,0.0,0.0,0.0,0,12.76,20.9,25.0,99,22,0x00,0,0x0030,0x00000000,0x00000000,20,FAULT_BLOCKED
123008,0.8,3.6,0.0,0.0,0.0,0,12.78,21.0,25.2,99,22,0x00,0,0x0030,0x00000000,0x00000000,21,FAULT_BLOCKED
123108,0.8,3.6,0.0,0.0,0.0,0,12.77,21.0,25.2,99,22,0x00,0,0x0030,0x00000000,0x00000000,21,FAULT_BLOCKED
123208,0.8,3.6,0.0,0.0,0.0,0,12.75,21.0,25.2,99,22,0x00,0,0x0030,0x00000000,0x00000000,21,FAULT_BLOCKED
123308,0.8,3.6,0.0,0.0,0.0,0,12.76,21.0,24.9,99,22,0x00,0,0x0030,0x00000000,0x00000000,20,FAULT_BLOCKED
123408,0.8,3.6,0.0,0.0,0.0,0,12.81,21.0,24.9,99,22,0x00,0,0x0030,0x00000000,0x00000000,20,FAULT_BLOCKED
123508,0.8,3.5,0.0,0.0,0.0,0,12.76,21.0,25.0,99,22,0x00,0,0x0030,0x00000000,0x00000000,20,FAULT_BLOCKED
123608,0.8,3.6,0.0,0.0,0.0,0,12.75,21.0,25.0,99,22,0x00,0,0x0030,0x00000000,0x00000000,20,FAULT_BLOCKED
123708,0.8,3.6,0.0,0.0,0.0,0,12.76,21.0,25.0,99,22,0x00,0,0x0030,0x00000000,0x00000000,20,FAULT_BLOCKED
123983,0.8,3.6,0.0,0.0,0.0,0,12.77,21.0,25.4,99,22,0x00,0,0x0030,0x00000000,0x00000000,22,FAULT_BLOCKED
124083,0.8,3.6,0.0,0.0,0.0,0,12.76,21.0,25.0,99,22,0x00,0,0x0030,0x00000000,0x00000000,20,FAULT_BLOCKED
124183,0.8,3.6,0.0,0.0,0.0,0,12.77,21.0,24.9,99,22,0x00,0,0x0030,0x00000000,0x00000000,20,FAULT_BLOCKED
124283,0.8,3.6,0.0,0.0,0.0,0,12.76,21.0,24.9,99,22,0x00,0,0x0030,0x00000000,0x00000000,20,FAULT_BLOCKED
124383,0.8,3.6,0.0,0.0,0.0,0,12.77,21.0,25.0,99,22,0x00,0,0x0030,0x00000000,0x00000000,20,FAULT_BLOCKED
124483,0.8,3.6,0.0,0.0,0.0,0,12.78,21.0,25.0,99,22,0x00,0,0x0030,0x00000000,0x00000000,20,FAULT_BLOCKED
124583,0.8,3.6,0.0,0.0,0.0,0,12.74,21.0,25.0,99,22,0x00,0,0x0030,0x00000000,0x00000000,20,FAULT_BLOCKED
124683,0.7,3.6,0.0,0.0,0.0,0,12.72,21.0,24.9,99,22,0x00,0,0x0030,0x00000000,0x00000000,20,FAULT_BLOCKED
124783,0.7,3.6,0.0,0.0,0.0,0,12.7,21.0,25.0,99,22,0x00,0,0x0030,0x00000000,0x00000000,20,FAULT_BLOCKED
124883,0.8,3.6,0.0,0.0,0.0,0,12.76,20.9,25.0,99,22,0x00,0,0x0030,0x00000000,0x00000000,20,FAULT_BLOCKED
124983,0.8,3.6,0.0,0.0,0.0,0,12.78,20.9,25.0,99,22,0x00,0,0x0030,0x00000000,0x00000000,20,FAULT_BLOCKED
125083,0.7,3.6,0.0,0.0,0.0,0,12.75,20.9,25.2,99,22,0x00,0,0x0030,0x00000000,0x00000000,21,FAULT_BLOCKED
125183,0.8,3.7,0.0,0.0,0.0,0,12.77,20.9,24.9,99,22,0x00,0,0x0030,0x00000000,0x00000000,20,FAULT_BLOCKED
125283,0.8,3.6,0.0,0.0,0.0,0,12.77,20.9,24.9,99,22,0x00,0,0x0030,0x00000000,0x00000000,20,FAULT_BLOCKED
125383,0.8,3.6,0.0,0.0,0.0,0,12.77,20.9,25.0,99,22,0x00,0,0x0030,0x00000000,0x00000000,20,FAULT_BLOCKED
125483,0.8,3.5,0.0,0.0,0.0,0,12.76,20.9,25.3,99,22,0x00,0,0x0030,0x00000000,0x00000000,22,FAULT_BLOCKED
125583,0.7,3.6,0.0,0.0,0.0,0,12.79,20.9,25.2,99,22,0x00,0,0x0030,0x00000000,0x00000000,21,FAULT_BLOCKED
125683,0.8,3.6,0.0,0.0,0.0,0,12.78,20.9,24.9,99,22,0x00,0,0x0030,0x00000000,0x00000000,20,FAULT_BLOCKED
125783,0.8,3.6,0.0,0.0,0.0,0,12.76,20.9,25.3,99,22,0x00,0,0x0030,0x00000000,0x00000000,22,FAULT_BLOCKED
125883,0.8,3.6,0.0,0.0,0.0,0,12.77,20.9,25.3,99,22,0x00,0,0x0030,0x00000000,0x00000000,22,FAULT_BLOCKED
125983,0.8,3.6,0.0,0.0,0.0,0,12.77,20.9,24.8,99,22,0x00,0,0x0030,0x00000000,0x00000000,20,FAULT_BLOCKED
126083,0.8,3.6,0.0,0.0,0.0,0,12.77,20.9,24.8,99,22,0x00,0,0x0030,0x00000000,0x00000000,20,FAULT_BLOCKED
126183,0.8,3.6,0.0,0.0,0.0,0,12.78,20.9,24.9,99,22,0x00,0,0x0030,0x00000000,0x00000000,20,FAULT_BLOCKED
126283,0.8,3.6,0.0,0.0,0.0,0,12.77,20.9,24.8,99,22,0x00,0,0x0030,0x00000000,0x00000000,20,FAULT_BLOCKED
126383,0.8,3.6,0.0,0.0,0.0,0,12.75,20.9,25.2,99,22,0x00,0,0x0030,0x00000000,0x00000000,21,FAULT_BLOCKED
126483,0.8,3.6,0.0,0.0,0.0,0,12.76,20.9,25.0,99,22,0x00,0,0x0030,0x00000000,0x00000000,20,FAULT_BLOCKED
126583,0.7,3.6,0.0,0.0,0.0,0,12.76,20.9,24.8,99,22,0x00,0,0x0030,0x00000000,0x00000000,20,FAULT_BLOCKED
126683,0.8,3.5,0.0,0.0,0.0,0,12.76,20.9,25.0,99,22,0x00,0,0x0030,0x00000000,0x00000000,20,FAULT_BLOCKED
126783,0.8,3.6,0.0,0.0,0.0,0,12.77,20.9,25.0,99,22,0x00,0,0x0030,0x00000000,0x00000000,20,FAULT_BLOCKED
126883,0.8,3.6,0.0,0.0,0.0,0,12.76,20.9,24.9,99,22,0x00,0,0x0030,0x00000000,0x00000000,20,FAULT_BLOCKED
126983,0.8,3.6,0.0,0.0,0.0,0,12.8,20.9,24.9,99,22,0x00,0,0x0030,0x00000000,0x00000000,20,FAULT_BLOCKED
127083,0.8,3.6,0.0,0.0,0.0,0,12.76,21.0,25.2,99,22,0x00,0,0x0030,0x00000000,0x00000000,21,FAULT_BLOCKED
127183,0.8,3.6,0.0,0.0,0.0,0,12.75,20.9,25.0,99,22,0x00,0,0x0030,0x00000000,0x00000000,20,FAULT_BLOCKED
127283,0.8,3.6,0.0,0.0,0.0,0,12.76,20.9,24.9,99,22,0x00,0,0x0030,0x00000000,0x00000000,20,FAULT_BLOCKED
127383,0.8,3.6,0.0,0.0,0.0,0,12.78,20.9,24.9,99,22,0x00,0,0x0030,0x00000000,0x00000000,20,FAULT_BLOCKED
127483,0.8,3.6,0.0,0.0,0.0,0,12.78,20.9,25.2,99,22,0x00,0,0x0030,0x00000000,0x00000000,21,FAULT_BLOCKED
127583,0.8,3.6,0.0,0.0,0.0,0,12.74,20.9,25.0,99,22,0x00,0,0x0030,0x00000000,0x00000000,20,FAULT_BLOCKED
127683,0.8,3.6,0.0,0.0,0.0,0,12.78,20.9,24.9,99,22,0x00,0,0x0030,0x00000000,0x00000000,20,FAULT_BLOCKED
127783,0.8,3.6,0.0,0.0,0.0,0,12.76,20.9,25.0,99,22,0x00,0,0x0030,0x00000000,0x00000000,20,FAULT_BLOCKED
127883,0.8,3.6,0.0,0.0,0.0,0,12.76,20.9,24.9,99,22,0x00,0,0x0030,0x00000000,0x00000000,20,FAULT_BLOCKED
127983,0.8,3.6,0.0,0.0,0.0,0,12.74,20.9,24.8,99,22,0x00,0,0x0030,0x00000000,0x00000000,20,FAULT_BLOCKED
128083,0.8,3.6,0.0,0.0,0.0,0,12.76,20.9,24.8,99,22,0x00,0,0x0030,0x00000000,0x00000000,20,FAULT_BLOCKED
128183,0.8,3.6,0.0,0.0,0.0,0,12.76,20.9,25.0,99,22,0x00,0,0x0030,0x00000000,0x00000000,20,FAULT_BLOCKED
128283,0.9,3.6,0.0,0.0,0.0,0,12.77,20.9,25.4,99,22,0x00,0,0x0030,0x00000000,0x00000000,22,FAULT_BLOCKED
128383,0.8,3.6,0.0,0.0,0.0,0,12.76,20.9,25.4,99,22,0x00,0,0x0030,0x00000000,0x00000000,22,FAULT_BLOCKED
128483,0.8,3.6,0.0,0.0,0.0,0,12.79,20.9,25.0,99,22,0x00,0,0x0030,0x00000000,0x00000000,20,FAULT_BLOCKED
128583,0.8,3.6,0.0,0.0,0.0,0,12.78,20.9,25.0,99,22,0x00,0,0x0030,0x00000000,0x00000000,20,FAULT_BLOCKED
128683,0.8,3.6,0.0,0.0,0.0,0,12.76,20.9,25.0,99,22,0x00,0,0x0030,0x00000000,0x00000000,20,FAULT_BLOCKED
128783,0.8,3.6,0.0,0.0,0.0,0,12.77,21.0,24.9,99,22,0x00,0,0x0030,0x00000000,0x00000000,20,FAULT_BLOCKED
128883,0.8,3.5,0.0,0.0,0.0,0,12.78,21.0,24.9,99,22,0x00,0,0x0030,0x00000000,0x00000000,20,FAULT_BLOCKED
128983,0.8,3.6,0.0,0.0,0.0,0,12.77,21.0,25.0,99,22,0x00,0,0x0030,0x00000000,0x00000000,20,FAULT_BLOCKED
129083,0.9,3.6,0.0,0.0,0.0,0,12.76,21.0,25.0,99,22,0x00,0,0x0030,0x00000000,0x00000000,20,FAULT_BLOCKED
129183,0.9,3.6,0.0,0.0,0.0,0,12.74,21.0,25.3,99,22,0x00,0,0x0030,0x00000000,0x00000000,22,FAULT_BLOCKED
129283,0.8,3.6,0.0,0.0,0.0,0,12.81,21.0,25.3,99,22,0x00,0,0x0030,0x00000000,0x00000000,22,FAULT_BLOCKED
129383,0.8,3.6,0.0,0.0,0.0,0,12.77,21.0,24.9,99,22,0x00,0,0x0030,0x00000000,0x00000000,20,FAULT_BLOCKED
129483,0.8,3.6,0.0,0.0,0.0,0,12.76,20.9,25.0,99,22,0x00,0,0x0030,0x00000000,0x00000000,20,FAULT_BLOCKED
129583,0.7,3.6,0.0,0.0,0.0,0,12.77,20.9,24.9,99,22,0x00,0,0x0030,0x00000000,0x00000000,20,FAULT_BLOCKED
129683,0.8,3.6,0.0,0.0,0.0,0,12.76,20.9,25.0,99,22,0x00,0,0x0030,0x00000000,0x00000000,20,FAULT_BLOCKED
129783,0.8,3.6,0.0,0.0,0.0,0,12.76,20.9,24.9,99,22,0x00,0,0x0030,0x00000000,0x00000000,20,FAULT_BLOCKED
129883,0.8,3.6,0.0,0.0,0.0,0,12.76,20.9,25.0,99,22,0x00,0,0x0030,0x00000000,0x00000000,20,FAULT_BLOCKED
129983,0.8,3.6,0.0,0.0,0.0,0,12.77,20.9,25.2,99,22,0x00,0,0x0030,0x00000000,0x00000000,21,FAULT_BLOCKED
130083,0.7,3.6,0.0,0.0,0.0,0,12.77,20.9,25.2,99,22,0x00,0,0x0030,0x00000000,0x00000000,21,FAULT_BLOCKED
130183,0.8,3.6,0.0,0.0,0.0,0,12.76,21.0,25.0,99,22,0x00,0,0x0030,0x00000000,0x00000000,20,FAULT_BLOCKED
130283,0.8,3.6,0.0,0.0,0.0,0,12.73,21.0,25.0,99,22,0x00,0,0x0030,0x00000000,0x00000000,20,FAULT_BLOCKED
130383,0.7,3.6,0.0,0.0,0.0,0,12.76,21.0,25.0,99,22,0x00,0,0x0030,0x00000000,0x00000000,20,FAULT_BLOCKED
130483,0.8,3.6,0.0,0.0,0.0,0,12.78,21.0,25.3,99,22,0x00,0,0x0030,0x00000000,0x00000000,22,FAULT_BLOCKED
130583,0.8,3.7,0.0,0.0,0.0,0,12.79,21.0,25.0,99,22,0x00,0,0x0030,0x00000000,0x00000000,20,FAULT_BLOCKED
130683,0.8,3.6,0.0,0.0,0.0,0,12.75,20.9,25.0,99,22,0x00,0,0x0030,0x00000000,0x00000000,20,FAULT_BLOCKED
130783,0.8,3.6,0.0,0.0,0.0,0,12.75,20.9,25.0,99,22,0x00,0,0x0030,0x00000000,0x00000000,20,FAULT_BLOCKED
130883,0.8,3.6,0.0,0.0,0.0,0,12.77,20.9,25.0,99,22,0x00,0,0x0030,0x00000000,0x00000000,20,FAULT_BLOCKED
130983,0.9,3.6,0.0,0.0,0.0,0,12.77,20.9,25.0,99,22,0x00,0,0x0030,0x00000000,0x00000000,20,FAULT_BLOCKED
131083,0.8,3.6,0.0,0.0,0.0,0,12.75,20.9,25.0,99,22,0x00,0,0x0030,0x00000000,0x00000000,20,FAULT_BLOCKED
131183,0.8,3.6,0.0,0.0,0.0,0,12.79,20.9,25.3,99,22,0x00,0,0x0030,0x00000000,0x00000000,22,FAULT_BLOCKED
131283,0.9,3.6,0.0,0.0,0.0,0,12.79,20.9,25.0,99,22,0x00,0,0x0030,0x00000000,0x00000000,20,FAULT_BLOCKED
131383,0.8,3.6,0.0,0.0,0.0,0,12.76,20.9,25.0,99,22,0x00,0,0x0030,0x00000000,0x00000000,20,FAULT_BLOCKED
131483,0.8,3.6,0.0,0.0,0.0,0,12.76,20.9,25.2,99,22,0x00,0,0x0030,0x00000000,0x00000000,21,FAULT_BLOCKED
131583,0.8,3.6,0.0,0.0,0.0,0,12.75,20.9,24.9,99,22,0x00,0,0x0030,0x00000000,0x00000000,20,FAULT_BLOCKED
131683,0.8,3.6,0.0,0.0,0.0,0,12.77,20.9,25.0,99,22,0x00,0,0x0030,0x00000000,0x00000000,20,FAULT_BLOCKED
131783,0.8,3.6,0.0,0.0,0.0,0,12.75,20.9,24.9,99,22,0x00,0,0x0030,0x00000000,0x00000000,20,FAULT_BLOCKED
131883,0.8,3.6,0.0,0.0,0.0,0,12.76,20.9,25.3,99,22,0x00,0,0x0030,0x00000000,0x00000000,22,FAULT_BLOCKED
131983,0.8,3.6,0.0,0.0,0.0,0,12.77,21.0,25.3,99,22,0x00,0,0x0030,0x00000000,0x00000000,22,FAULT_BLOCKED
132083,0.8,3.6,0.0,0.0,0.0,0,12.77,20.9,25.5,99,22,0x00,0,0x0030,0x00000000,0x00000000,23,FAULT_BLOCKED
132183,0.8,3.6,0.0,0.0,0.0,0,12.78,20.9,25.2,99,22,0x00,0,0x0030,0x00000000,0x00000000,21,FAULT_BLOCKED
132283,0.8,3.6,0.0,0.0,0.0,0,12.77,20.9,25.3,99,22,0x00,0,0x0030,0x00000000,0x00000000,22,FAULT_BLOCKED
132383,0.8,3.6,0.0,0.0,0.0,0,12.78,20.9,24.9,99,22,0x00,0,0x0030,0x00000000,0x00000000,20,FAULT_BLOCKED
132483,0.8,3.5,0.0,0.0,0.0,0,12.76,20.9,24.9,99,22,0x00,0,0x0030,0x00000000,0x00000000,20,FAULT_BLOCKED
132584,0.8,3.6,0.0,0.0,0.0,0,12.76,20.9,25.0,99,22,0x00,0,0x0030,0x00000000,0x00000000,20,FAULT_BLOCKED
132684,0.8,3.6,0.0,0.0,0.0,0,12.82,20.9,25.2,99,22,0x00,0,0x0030,0x00000000,0x00000000,21,FAULT_BLOCKED
132784,0.8,3.6,0.0,0.0,0.0,0,12.77,20.9,25.3,99,22,0x00,0,0x0030,0x00000000,0x00000000,22,FAULT_BLOCKED
132884,0.6,3.6,0.0,0.0,0.0,0,12.74,21.0,25.3,99,22,0x00,0,0x0030,0x00000000,0x00000000,22,FAULT_BLOCKED
132984,0.8,3.6,0.0,0.0,0.0,0,12.79,20.9,25.3,99,22,0x00,0,0x0030,0x00000000,0x00000000,22,FAULT_BLOCKED
133084,0.8,3.6,0.0,0.0,0.0,0,12.78,20.9,25.3,99,22,0x00,0,0x0030,0x00000000,0x00000000,22,FAULT_BLOCKED
133184,0.8,3.6,0.0,0.0,0.0,0,12.75,20.9,24.8,99,22,0x00,0,0x0030,0x00000000,0x00000000,20,FAULT_BLOCKED
133284,0.8,3.6,0.0,0.0,0.0,0,12.75,20.9,25.0,99,22,0x00,0,0x0030,0x00000000,0x00000000,20,FAULT_BLOCKED
133384,0.8,3.6,0.0,0.0,0.0,0,12.76,20.9,24.9,99,22,0x00,0,0x0030,0x00000000,0x00000000,20,FAULT_BLOCKED
133484,0.8,3.6,0.0,0.0,0.0,0,12.75,20.9,25.2,99,22,0x00,0,0x0030,0x00000000,0x00000000,21,FAULT_BLOCKED
133584,0.8,3.6,0.0,0.0,0.0,0,12.76,20.9,25.3,99,22,0x00,0,0x0030,0x00000000,0x00000000,22,FAULT_BLOCKED
133684,0.8,3.6,0.0,0.0,0.0,0,12.78,20.9,25.2,99,22,0x00,0,0x0030,0x00000000,0x00000000,21,FAULT_BLOCKED
133784,0.8,3.6,0.0,0.0,0.0,0,12.77,20.9,24.9,99,22,0x00,0,0x0030,0x00000000,0x00000000,20,FAULT_BLOCKED
133884,0.8,3.6,0.0,0.0,0.0,0,12.78,20.9,25.0,99,22,0x00,0,0x0030,0x00000000,0x00000000,20,FAULT_BLOCKED
133984,0.8,3.6,0.0,0.0,0.0,0,12.75,20.9,24.9,99,22,0x00,0,0x0030,0x00000000,0x00000000,20,FAULT_BLOCKED
134084,0.8,3.6,0.0,0.0,0.0,0,12.76,21.0,25.4,99,22,0x00,0,0x0030,0x00000000,0x00000000,22,FAULT_BLOCKED
134184,0.8,3.6,0.0,0.0,0.0,0,12.76,20.9,25.0,99,22,0x00,0,0x0030,0x00000000,0x00000000,20,FAULT_BLOCKED
134284,0.9,3.6,0.0,0.0,0.0,0,12.72,20.9,25.3,99,22,0x00,0,0x0030,0x00000000,0x00000000,22,FAULT_BLOCKED
134384,0.9,3.6,0.0,0.0,0.0,0,12.76,20.9,25.3,99,22,0x00,0,0x0030,0x00000000,0x00000000,22,FAULT_BLOCKED
134484,0.8,3.6,0.0,0.0,0.0,0,12.78,20.9,25.3,99,22,0x00,0,0x0030,0x00000000,0x00000000,22,FAULT_BLOCKED
134584,0.8,3.6,0.0,0.0,0.0,0,12.82,20.9,24.9,99,22,0x00,0,0x0030,0x00000000,0x00000000,20,FAULT_BLOCKED
134684,0.8,3.6,0.0,0.0,0.0,0,12.77,20.9,24.9,99,22,0x00,0,0x0030,0x00000000,0x00000000,20,FAULT_BLOCKED
134784,0.9,3.6,0.0,0.0,0.0,0,12.75,21.0,24.8,99,22,0x00,0,0x0030,0x00000000,0x00000000,20,FAULT_BLOCKED
134884,0.8,3.6,0.0,0.0,0.0,0,12.76,21.0,25.0,99,22,0x00,0,0x0030,0x00000000,0x00000000,20,FAULT_BLOCKED
134984,0.9,3.6,0.0,0.0,0.0,0,12.77,21.0,25.0,99,22,0x00,0,0x0030,0x00000000,0x00000000,20,FAULT_BLOCKED
135084,0.8,3.6,0.0,0.0,0.0,0,12.78,21.0,25.4,99,22,0x00,0,0x0030,0x00000000,0x00000000,22,FAULT_BLOCKED
135184,0.8,3.6,0.0,0.0,0.0,0,12.75,21.0,25.4,99,22,0x00,0,0x0030,0x00000000,0x00000000,22,FAULT_BLOCKED
135284,0.8,3.6,0.0,0.0,0.0,0,12.78,21.0,25.3,99,22,0x00,0,0x0030,0x00000000,0x00000000,22,FAULT_BLOCKED
135384,0.8,3.6,0.0,0.0,0.0,0,12.77,20.9,25.0,99,22,0x00,0,0x0030,0x00000000,0x00000000,20,FAULT_BLOCKED
135484,0.8,3.6,0.0,0.0,0.0,0,12.78,20.9,24.4,99,22,0x00,0,0x0030,0x00000000,0x00000000,20,FAULT_BLOCKED
135584,0.8,3.6,0.0,0.0,0.0,0,12.76,21.0,24.6,99,22,0x00,0,0x0030,0x00000000,0x00000000,20,FAULT_BLOCKED
135684,0.9,3.6,0.0,0.0,0.0,0,12.76,21.0,25.0,99,22,0x00,0,0x0030,0x00000000,0x00000000,20,FAULT_BLOCKED
135784,0.8,3.6,0.0,0.0,0.0,0,12.76,21.0,25.0,99,22,0x00,0,0x0030,0x00000000,0x00000000,20,FAULT_BLOCKED
135884,0.8,3.6,0.0,0.0,0.0,0,12.76,20.9,25.0,99,22,0x00,0,0x0030,0x00000000,0x00000000,20,FAULT_BLOCKED
135984,0.8,3.6,0.0,0.0,0.0,0,12.76,20.9,25.0,99,22,0x00,0,0x0030,0x00000000,0x00000000,20,FAULT_BLOCKED
136084,0.8,3.6,0.0,0.0,0.0,0,12.78,21.0,25.2,99,22,0x00,0,0x0030,0x00000000,0x00000000,21,FAULT_BLOCKED
136184,0.8,3.6,0.0,0.0,0.0,0,12.75,21.0,25.0,99,22,0x00,0,0x0030,0x00000000,0x00000000,20,FAULT_BLOCKED
136284,0.8,3.6,0.0,0.0,0.0,0,12.75,21.0,25.0,99,22,0x00,0,0x0030,0x00000000,0x00000000,20,FAULT_BLOCKED
136384,0.9,3.6,0.0,0.0,0.0,0,12.7,20.9,24.9,99,22,0x00,0,0x0030,0x00000000,0x00000000,20,FAULT_BLOCKED
136484,0.8,3.6,0.0,0.0,0.0,0,12.82,20.9,24.9,99,22,0x00,0,0x0030,0x00000000,0x00000000,20,FAULT_BLOCKED
136584,0.8,3.6,0.0,0.0,0.0,0,12.75,21.0,24.9,99,22,0x00,0,0x0030,0x00000000,0x00000000,20,FAULT_BLOCKED
136684,0.8,3.6,0.0,0.0,0.0,0,12.73,21.0,24.9,99,22,0x00,0,0x0030,0x00000000,0x00000000,20,FAULT_BLOCKED
136784,0.8,3.6,0.0,0.0,0.0,0,12.75,21.0,24.9,99,22,0x00,0,0x0030,0x00000000,0x00000000,20,FAULT_BLOCKED
136884,0.9,3.6,0.0,0.0,0.0,0,12.76,21.0,24.9,99,22,0x00,0,0x0030,0x00000000,0x00000000,20,FAULT_BLOCKED
136984,0.8,3.5,0.0,0.0,0.0,0,12.76,21.0,25.0,99,22,0x00,0,0x0030,0x00000000,0x00000000,20,FAULT_BLOCKED
137084,0.8,3.6,0.0,0.0,0.0,0,12.76,20.9,24.8,99,22,0x00,0,0x0030,0x00000000,0x00000000,20,FAULT_BLOCKED
137184,0.8,3.5,0.0,0.0,0.0,0,12.76,21.0,25.0,99,22,0x00,0,0x0030,0x00000000,0x00000000,20,FAULT_BLOCKED
137288,0.8,3.6,0.0,0.0,0.0,0,12.77,21.0,25.0,99,22,0x00,0,0x0030,0x00000000,0x00000000,20,FAULT_BLOCKED
137388,0.8,3.6,0.0,0.0,0.0,0,12.78,21.0,24.9,99,22,0x00,0,0x0030,0x00000000,0x00000000,20,FAULT_BLOCKED
137488,0.8,3.6,0.0,0.0,0.0,0,12.77,20.9,25.3,99,22,0x00,0,0x0030,0x00000000,0x00000000,22,FAULT_BLOCKED
137588,0.8,3.6,0.0,0.0,0.0,0,12.76,20.9,24.8,99,22,0x00,0,0x0030,0x00000000,0x00000000,20,FAULT_BLOCKED
137688,0.8,3.6,0.0,0.0,0.0,0,12.77,20.9,24.9,99,22,0x00,0,0x0030,0x00000000,0x00000000,20,FAULT_BLOCKED
137788,0.8,3.6,0.0,0.0,0.0,0,12.77,20.9,25.0,99,22,0x00,0,0x0030,0x00000000,0x00000000,20,FAULT_BLOCKED
137888,0.8,3.6,0.0,0.0,0.0,0,12.77,20.9,25.0,99,22,0x00,0,0x0030,0x00000000,0x00000000,20,FAULT_BLOCKED
137988,0.8,3.6,0.0,0.0,0.0,0,12.77,20.9,25.3,99,22,0x00,0,0x0030,0x00000000,0x00000000,22,FAULT_BLOCKED
138088,0.8,3.6,0.0,0.0,0.0,0,12.76,20.9,25.4,99,22,0x00,0,0x0030,0x00000000,0x00000000,22,FAULT_BLOCKED
138188,0.8,3.5,0.0,0.0,0.0,0,12.77,20.9,25.0,99,22,0x00,0,0x0030,0x00000000,0x00000000,20,FAULT_BLOCKED
138288,0.9,3.5,0.0,0.0,0.0,0,12.76,20.9,25.0,99,22,0x00,0,0x0030,0x00000000,0x00000000,20,FAULT_BLOCKED
138388,0.8,3.6,0.0,0.0,0.0,0,12.76,20.9,25.0,99,22,0x00,0,0x0030,0x00000000,0x00000000,20,FAULT_BLOCKED
138488,0.8,3.5,0.0,0.0,0.0,0,12.77,20.9,25.0,99,22,0x00,0,0x0030,0x00000000,0x00000000,20,FAULT_BLOCKED
138588,0.8,3.5,0.0,0.0,0.0,0,12.77,20.9,25.3,99,22,0x00,0,0x0030,0x00000000,0x00000000,22,FAULT_BLOCKED
138688,0.8,3.5,0.0,0.0,0.0,0,12.77,20.9,25.2,99,22,0x00,0,0x0030,0x00000000,0x00000000,21,FAULT_BLOCKED
138788,0.8,3.6,0.0,0.0,0.0,0,12.79,20.9,25.0,99,22,0x00,0,0x0030,0x00000000,0x00000000,20,FAULT_BLOCKED
138888,0.8,3.5,0.0,0.0,0.0,0,12.76,21.0,25.2,99,22,0x00,0,0x0030,0x00000000,0x00000000,21,FAULT_BLOCKED
138988,0.8,3.5,0.0,0.0,0.0,0,12.77,21.0,24.8,99,22,0x00,0,0x0030,0x00000000,0x00000000,20,FAULT_BLOCKED
139088,0.8,3.6,0.0,0.0,0.0,0,12.76,21.0,24.6,99,22,0x00,0,0x0030,0x00000000,0x00000000,20,FAULT_BLOCKED
139188,0.8,3.5,0.0,0.0,0.0,0,12.77,21.0,24.9,99,22,0x00,0,0x0030,0x00000000,0x00000000,20,FAULT_BLOCKED
139288,0.8,3.6,0.0,0.0,0.0,0,12.77,21.0,24.9,99,22,0x00,0,0x0030,0x00000000,0x00000000,20,FAULT_BLOCKED
139388,0.8,3.5,0.0,0.0,0.0,0,12.75,21.0,25.0,99,22,0x00,0,0x0030,0x00000000,0x00000000,20,FAULT_BLOCKED
139488,0.8,3.5,0.0,0.0,0.0,0,12.76,21.0,25.2,99,22,0x00,0,0x0030,0x00000000,0x00000000,21,FAULT_BLOCKED
139588,0.8,3.5,0.0,0.0,0.0,0,12.75,20.9,24.9,99,22,0x00,0,0x0030,0x00000000,0x00000000,20,FAULT_BLOCKED
139688,0.8,3.5,0.0,0.0,0.0,0,12.76,21.0,25.0,99,22,0x00,0,0x0030,0x00000000,0x00000000,20,FAULT_BLOCKED
139788,0.8,3.5,0.0,0.0,0.0,0,12.76,21.0,25.2,99,22,0x00,0,0x0030,0x00000000,0x00000000,21,FAULT_BLOCKED
139888,0.8,3.5,0.0,0.0,0.0,0,12.79,20.9,25.0,99,22,0x00,0,0x0030,0x00000000,0x00000000,20,FAULT_BLOCKED
139988,0.8,3.5,0.0,0.0,0.0,0,12.76,20.9,24.9,99,22,0x00,0,0x0030,0x00000000,0x00000000,20,FAULT_BLOCKED
140088,0.8,3.5,0.0,0.0,0.0,0,12.77,21.0,24.9,99,22,0x00,0,0x0030,0x00000000,0x00000000,20,FAULT_BLOCKED
140188,0.8,3.5,0.0,0.0,0.0,0,12.76,21.0,25.0,99,22,0x00,0,0x0030,0x00000000,0x00000000,20,FAULT_BLOCKED
140288,0.8,3.5,0.0,0.0,0.0,0,12.75,20.9,25.3,99,22,0x00,0,0x0030,0x00000000,0x00000000,22,FAULT_BLOCKED
140388,0.8,3.6,0.0,0.0,0.0,0,12.76,20.9,25.3,99,22,0x00,0,0x0030,0x00000000,0x00000000,22,FAULT_BLOCKED
140488,0.8,3.5,0.0,0.0,0.0,0,12.75,20.9,25.3,99,22,0x00,0,0x0030,0x00000000,0x00000000,22,FAULT_BLOCKED
140588,0.8,3.5,0.0,0.0,0.0,0,12.79,20.9,25.0,99,22,0x00,0,0x0030,0x00000000,0x00000000,20,FAULT_BLOCKED
140688,0.8,3.6,0.0,0.0,0.0,0,12.78,20.9,25.0,99,22,0x00,0,0x0030,0x00000000,0x00000000,20,FAULT_BLOCKED
140788,0.8,3.5,0.0,0.0,0.0,0,12.76,20.9,25.0,99,22,0x00,0,0x0030,0x00000000,0x00000000,20,FAULT_BLOCKED
140888,0.8,3.5,0.0,0.0,0.0,0,12.76,20.9,25.0,99,22,0x00,0,0x0030,0x00000000,0x00000000,20,FAULT_BLOCKED
140988,0.8,3.5,0.0,0.0,0.0,0,12.74,20.9,25.2,99,22,0x00,0,0x0030,0x00000000,0x00000000,21,FAULT_BLOCKED
141088,0.8,3.6,0.0,0.0,0.0,0,12.76,20.9,25.0,99,22,0x00,0,0x0030,0x00000000,0x00000000,20,FAULT_BLOCKED
141188,0.8,3.6,0.0,0.0,0.0,0,12.75,21.0,25.0,99,22,0x00,0,0x0030,0x00000000,0x00000000,20,FAULT_BLOCKED
141288,0.8,3.5,0.0,0.0,0.0,0,12.73,20.9,25.0,99,22,0x00,0,0x0030,0x00000000,0x00000000,20,FAULT_BLOCKED
141388,0.8,3.5,0.0,0.0,0.0,0,12.75,20.9,25.0,99,22,0x00,0,0x0030,0x00000000,0x00000000,20,FAULT_BLOCKED
141488,0.8,3.5,0.0,0.0,0.0,0,12.76,21.0,25.0,99,22,0x00,0,0x0030,0x00000000,0x00000000,20,FAULT_BLOCKED
141588,0.8,3.6,0.0,0.0,0.0,0,12.75,21.0,24.9,99,22,0x00,0,0x0030,0x00000000,0x00000000,20,FAULT_BLOCKED
141688,0.8,3.5,0.0,0.0,0.0,0,12.77,21.0,24.9,99,22,0x00,0,0x0030,0x00000000,0x00000000,20,FAULT_BLOCKED
141788,0.8,3.6,0.0,0.0,0.0,0,12.78,21.0,24.9,99,22,0x00,0,0x0030,0x00000000,0x00000000,20,FAULT_BLOCKED
141888,0.8,3.5,0.0,0.0,0.0,0,12.78,21.0,25.2,99,22,0x00,0,0x0030,0x00000000,0x00000000,21,FAULT_BLOCKED
141988,0.8,3.5,0.0,0.0,0.0,0,12.77,21.0,25.0,99,22,0x00,0,0x0030,0x00000000,0x00000000,20,FAULT_BLOCKED
142088,0.8,3.5,0.0,0.0,0.0,0,12.76,21.0,24.9,99,22,0x00,0,0x0030,0x00000000,0x00000000,20,FAULT_BLOCKED
142188,0.9,3.5,0.0,0.0,0.0,0,12.76,21.0,24.9,99,22,0x00,0,0x0030,0x00000000,0x00000000,20,FAULT_BLOCKED
142288,0.8,3.5,0.0,0.0,0.0,0,12.77,21.0,24.9,99,22,0x00,0,0x0030,0x00000000,0x00000000,20,FAULT_BLOCKED
142388,0.8,3.5,0.0,0.0,0.0,0,12.76,21.0,25.0,99,22,0x00,0,0x0030,0x00000000,0x00000000,20,FAULT_BLOCKED
142488,0.8,3.6,0.0,0.0,0.0,0,12.77,21.0,25.2,99,22,0x00,0,0x0030,0x00000000,0x00000000,21,FAULT_BLOCKED
142588,0.8,3.6,0.0,0.0,0.0,0,12.77,21.0,25.0,99,22,0x00,0,0x0030,0x00000000,0x00000000,20,FAULT_BLOCKED
142688,0.8,3.5,0.0,0.0,0.0,0,12.76,21.0,24.9,99,22,0x00,0,0x0030,0x00000000,0x00000000,20,FAULT_BLOCKED
142788,0.8,3.6,0.0,0.0,0.0,0,12.76,21.0,24.9,99,22,0x00,0,0x0030,0x00000000,0x00000000,20,FAULT_BLOCKED
142888,0.8,3.5,0.0,0.0,0.0,0,12.76,21.0,25.0,99,22,0x00,0,0x0030,0x00000000,0x00000000,20,FAULT_BLOCKED
142988,0.8,3.5,0.0,0.0,0.0,0,12.78,21.0,24.9,99,22,0x00,0,0x0030,0x00000000,0x00000000,20,FAULT_BLOCKED
143088,0.8,3.5,0.0,0.0,0.0,0,12.76,21.0,25.0,99,22,0x00,0,0x0030,0x00000000,0x00000000,20,FAULT_BLOCKED
143188,0.8,3.6,0.0,0.0,0.0,0,12.78,21.0,25.3,99,22,0x00,0,0x0030,0x00000000,0x00000000,22,FAULT_BLOCKED
143288,0.8,3.5,0.0,0.0,0.0,0,12.76,21.0,25.2,99,22,0x00,0,0x0030,0x00000000,0x00000000,21,FAULT_BLOCKED
143388,0.8,3.6,0.0,0.0,0.0,0,12.77,21.0,25.0,99,22,0x00,0,0x0030,0x00000000,0x00000000,20,FAULT_BLOCKED
143488,0.8,3.5,0.0,0.0,0.0,0,12.79,21.0,24.9,99,22,0x00,0,0x0030,0x00000000,0x00000000,20,FAULT_BLOCKED
143588,0.8,3.6,0.0,0.0,0.0,0,12.81,20.9,25.0,99,22,0x00,0,0x0030,0x00000000,0x00000000,20,FAULT_BLOCKED
143688,0.7,3.5,0.0,0.0,0.0,0,12.78,20.9,25.2,99,22,0x00,0,0x0030,0x00000000,0x00000000,21,FAULT_BLOCKED
143788,0.8,3.5,0.0,0.0,0.0,0,12.75,20.9,25.2,99,22,0x00,0,0x0030,0x00000000,0x00000000,21,FAULT_BLOCKED
143888,0.8,3.5,0.0,0.0,0.0,0,12.77,21.0,25.0,99,22,0x00,0,0x0030,0x00000000,0x00000000,20,FAULT_BLOCKED
143988,0.8,3.5,0.0,0.0,0.0,0,12.76,21.0,25.0,99,22,0x00,0,0x0030,0x00000000,0x00000000,20,FAULT_BLOCKED
144088,0.8,3.5,0.0,0.0,0.0,0,12.77,21.0,25.0,99,22,0x00,0,0x0030,0x00000000,0x00000000,20,FAULT_BLOCKED
144188,0.8,3.6,0.0,0.0,0.0,0,12.77,20.9,25.2,99,22,0x00,0,0x0030,0x00000000,0x00000000,21,FAULT_BLOCKED
144288,0.8,3.5,0.0,0.0,0.0,0,12.78,20.9,25.0,99,22,0x00,0,0x0030,0x00000000,0x00000000,20,FAULT_BLOCKED
144388,0.8,3.5,0.0,0.0,0.0,0,12.75,20.9,24.9,99,22,0x00,0,0x0030,0x00000000,0x00000000,20,FAULT_BLOCKED
144488,0.8,3.5,0.0,0.0,0.0,0,12.76,20.9,25.0,99,22,0x00,0,0x0030,0x00000000,0x00000000,20,FAULT_BLOCKED
144588,0.8,3.5,0.0,0.0,0.0,0,12.8,21.0,25.0,99,22,0x00,0,0x0030,0x00000000,0x00000000,20,FAULT_BLOCKED
144688,0.8,3.5,0.0,0.0,0.0,0,12.78,21.0,25.0,99,22,0x00,0,0x0030,0x00000000,0x00000000,20,FAULT_BLOCKED
144788,0.8,3.5,0.0,0.0,0.0,0,12.76,21.0,25.0,99,22,0x00,0,0x0030,0x00000000,0x00000000,20,FAULT_BLOCKED
144888,0.8,3.6,0.0,0.0,0.0,0,12.77,20.9,25.0,99,22,0x00,0,0x0030,0x00000000,0x00000000,20,FAULT_BLOCKED
144988,0.8,3.6,0.0,0.0,0.0,0,12.77,20.9,25.3,99,22,0x00,0,0x0030,0x00000000,0x00000000,22,FAULT_BLOCKED
145088,0.7,3.6,0.0,0.0,0.0,0,12.78,20.9,25.0,99,22,0x00,0,0x0030,0x00000000,0x00000000,20,FAULT_BLOCKED
145188,0.8,3.5,0.0,0.0,0.0,0,12.77,21.0,24.9,99,22,0x00,0,0x0030,0x00000000,0x00000000,20,FAULT_BLOCKED
145288,0.8,3.5,0.0,0.0,0.0,0,12.76,20.9,25.0,99,22,0x00,0,0x0030,0x00000000,0x00000000,20,FAULT_BLOCKED
145388,0.7,3.5,0.0,0.0,0.0,0,12.76,20.9,24.9,99,22,0x00,0,0x0030,0x00000000,0x00000000,20,FAULT_BLOCKED
145488,0.8,3.5,0.0,0.0,0.0,0,12.76,20.9,24.9,99,22,0x00,0,0x0030,0x00000000,0x00000000,20,FAULT_BLOCKED
145588,0.8,3.5,0.0,0.0,0.0,0,12.77,21.0,25.2,99,22,0x00,0,0x0030,0x00000000,0x00000000,21,FAULT_BLOCKED
145688,0.7,3.5,0.0,0.0,0.0,0,12.77,21.0,25.2,99,22,0x00,0,0x0030,0x00000000,0x00000000,21,FAULT_BLOCKED
145788,0.8,3.6,0.0,0.0,0.0,0,12.76,21.0,25.0,99,22,0x00,0,0x0030,0x00000000,0x00000000,20,FAULT_BLOCKED
145888,0.8,3.5,0.0,0.0,0.0,0,12.75,21.0,25.0,99,22,0x00,0,0x0030,0x00000000,0x00000000,20,FAULT_BLOCKED
145988,0.8,3.5,0.0,0.0,0.0,0,12.76,21.0,25.2,99,22,0x00,0,0x0030,0x00000000,0x00000000,21,FAULT_BLOCKED
146088,0.8,3.6,0.0,0.0,0.0,0,12.76,21.0,25.2,99,22,0x00,0,0x0030,0x00000000,0x00000000,21,FAULT_BLOCKED
146188,0.7,3.5,0.0,0.0,0.0,0,12.76,21.0,25.0,99,22,0x00,0,0x0030,0x00000000,0x00000000,20,FAULT_BLOCKED
146288,0.8,3.5,0.0,0.0,0.0,0,12.76,21.0,24.8,99,22,0x00,0,0x0030,0x00000000,0x00000000,20,FAULT_BLOCKED
146388,0.7,3.6,0.0,0.0,0.0,0,12.76,21.0,24.9,99,22,0x00,0,0x0030,0x00000000,0x00000000,20,FAULT_BLOCKED
146488,0.8,3.5,0.0,0.0,0.0,0,12.77,21.0,25.4,99,22,0x00,0,0x0030,0x00000000,0x00000000,22,FAULT_BLOCKED
146588,0.8,3.5,0.0,0.0,0.0,0,12.79,21.0,25.2,99,22,0x00,0,0x0030,0x00000000,0x00000000,21,FAULT_BLOCKED
146688,0.8,3.6,0.0,0.0,0.0,0,12.76,21.0,24.9,99,22,0x00,0,0x0030,0x00000000,0x00000000,20,FAULT_BLOCKED
146788,0.8,3.5,0.0,0.0,0.0,0,12.8,21.0,24.9,99,22,0x00,0,0x0030,0x00000000,0x00000000,20,FAULT_BLOCKED
146888,0.8,3.5,0.0,0.0,0.0,0,12.73,21.0,25.0,99,22,0x00,0,0x0030,0x00000000,0x00000000,20,FAULT_BLOCKED
146988,0.8,3.5,0.0,0.0,0.0,0,12.77,21.0,24.9,99,22,0x00,0,0x0030,0x00000000,0x00000000,20,FAULT_BLOCKED
147088,0.8,3.6,0.0,0.0,0.0,0,12.75,21.0,24.9,99,22,0x00,0,0x0030,0x00000000,0x00000000,20,FAULT_BLOCKED
147188,0.8,3.6,0.0,0.0,0.0,0,12.75,21.0,25.2,99,22,0x00,0,0x0030,0x00000000,0x00000000,21,FAULT_BLOCKED
147288,0.8,3.5,0.0,0.0,0.0,0,12.77,21.0,25.0,99,22,0x00,0,0x0030,0x00000000,0x00000000,20,FAULT_BLOCKED
147388,0.8,3.5,0.0,0.0,0.0,0,12.76,21.0,25.2,99,22,0x00,0,0x0030,0x00000000,0x00000000,21,FAULT_BLOCKED
147488,0.8,3.5,0.0,0.0,0.0,0,12.77,21.0,25.2,99,22,0x00,0,0x0030,0x00000000,0x00000000,21,FAULT_BLOCKED
147588,0.8,3.5,0.0,0.0,0.0,0,12.77,21.0,25.0,99,22,0x00,0,0x0030,0x00000000,0x00000000,20,FAULT_BLOCKED
147688,0.8,3.5,0.0,0.0,0.0,0,12.77,21.0,25.0,99,22,0x00,0,0x0030,0x00000000,0x00000000,20,FAULT_BLOCKED
147788,0.8,3.5,0.0,0.0,0.0,0,12.76,21.0,25.3,99,22,0x00,0,0x0030,0x00000000,0x00000000,22,FAULT_BLOCKED
147888,0.8,3.5,0.0,0.0,0.0,0,12.77,21.0,25.3,99,22,0x00,0,0x0030,0x00000000,0x00000000,22,FAULT_BLOCKED
147988,0.8,3.5,0.0,0.0,0.0,0,12.77,21.0,24.9,99,22,0x00,0,0x0030,0x00000000,0x00000000,20,FAULT_BLOCKED
148088,0.8,3.5,0.0,0.0,0.0,0,12.78,21.0,25.0,99,22,0x00,0,0x0030,0x00000000,0x00000000,20,FAULT_BLOCKED
148188,0.7,3.5,0.0,0.0,0.0,0,12.76,21.0,24.9,99,22,0x00,0,0x0030,0x00000000,0x00000000,20,FAULT_BLOCKED
148288,0.8,3.5,0.0,0.0,0.0,0,12.76,21.0,24.8,99,22,0x00,0,0x0030,0x00000000,0x00000000,20,FAULT_BLOCKED
148388,0.8,3.5,0.0,0.0,0.0,0,12.78,21.0,25.2,99,22,0x00,0,0x0030,0x00000000,0x00000000,21,FAULT_BLOCKED
148488,0.8,3.5,0.0,0.0,0.0,0,12.76,21.0,25.0,99,22,0x00,0,0x0030,0x00000000,0x00000000,20,FAULT_BLOCKED
148588,0.8,3.6,0.0,0.0,0.0,0,12.76,21.0,25.0,99,22,0x00,0,0x0030,0x00000000,0x00000000,20,FAULT_BLOCKED
148688,0.8,3.5,0.0,0.0,0.0,0,12.76,20.9,25.0,99,22,0x00,0,0x0030,0x00000000,0x00000000,20,FAULT_BLOCKED
148788,0.8,3.5,0.0,0.0,0.0,0,12.77,21.0,25.0,99,22,0x00,0,0x0030,0x00000000,0x00000000,20,FAULT_BLOCKED
148888,0.8,3.5,0.0,0.0,0.0,0,12.77,21.0,25.0,99,22,0x00,0,0x0030,0x00000000,0x00000000,20,FAULT_BLOCKED
148988,0.7,3.6,0.0,0.0,0.0,0,12.76,21.0,24.9,99,22,0x00,0,0x0030,0x00000000,0x00000000,20,FAULT_BLOCKED
149088,0.8,3.6,0.0,0.0,0.0,0,12.77,21.0,24.9,99,22,0x00,0,0x0030,0x00000000,0x00000000,20,FAULT_BLOCKED
149188,0.7,3.6,0.0,0.0,0.0,0,12.76,21.0,24.8,99,22,0x00,0,0x0030,0x00000000,0x00000000,20,FAULT_BLOCKED
149288,0.8,3.5,0.0,0.0,0.0,0,12.75,20.9,25.2,99,22,0x00,0,0x0030,0x00000000,0x00000000,21,FAULT_BLOCKED
149388,0.8,3.5,0.0,0.0,0.0,0,12.76,20.9,25.0,99,22,0x00,0,0x0030,0x00000000,0x00000000,20,FAULT_BLOCKED
149488,0.8,3.6,0.0,0.0,0.0,0,12.79,20.9,25.2,99,22,0x00,0,0x0030,0x00000000,0x00000000,21,FAULT_BLOCKED
149588,0.8,3.5,0.0,0.0,0.0,0,12.76,20.9,25.0,99,22,0x00,0,0x0030,0x00000000,0x00000000,20,FAULT_BLOCKED
149688,0.8,3.5,0.0,0.0,0.0,0,12.76,20.9,25.0,99,22,0x00,0,0x0030,0x00000000,0x00000000,20,FAULT_BLOCKED
149788,0.8,3.6,0.0,0.0,0.0,0,12.76,20.9,25.0,99,22,0x00,0,0x0030,0x00000000,0x00000000,20,FAULT_BLOCKED
149888,0.8,3.5,0.0,0.0,0.0,0,12.77,20.9,25.0,99,22,0x00,0,0x0030,0x00000000,0x00000000,20,FAULT_BLOCKED
149988,0.8,3.5,0.0,0.0,0.0,0,12.72,20.9,25.2,99,22,0x00,0,0x0030,0x00000000,0x00000000,21,FAULT_BLOCKED
150088,0.8,3.5,0.0,0.0,0.0,0,12.76,20.9,25.2,99,22,0x00,0,0x0030,0x00000000,0x00000000,21,FAULT_BLOCKED
150188,0.7,3.5,0.0,0.0,0.0,0,12.77,20.9,25.0,99,22,0x00,0,0x0030,0x00000000,0x00000000,20,FAULT_BLOCKED
150288,0.8,3.6,0.0,0.0,0.0,0,12.79,20.9,25.2,99,22,0x00,0,0x0030,0x00000000,0x00000000,21,FAULT_BLOCKED
150388,0.8,3.5,0.0,0.0,0.0,0,12.75,20.9,25.2,99,22,0x00,0,0x0030,0x00000000,0x00000000,21,FAULT_BLOCKED
150488,0.8,3.5,0.0,0.0,0.0,0,12.76,20.9,24.9,99,22,0x00,0,0x0030,0x00000000,0x00000000,20,FAULT_BLOCKED
150588,0.8,3.5,0.0,0.0,0.0,0,12.77,20.9,24.9,99,22,0x00,0,0x0030,0x00000000,0x00000000,20,FAULT_BLOCKED
150688,0.8,3.5,0.0,0.0,0.0,0,12.77,20.9,24.9,99,22,0x00,0,0x0030,0x00000000,0x00000000,20,FAULT_BLOCKED
150788,0.8,3.5,0.0,0.0,0.0,0,12.77,21.0,25.3,99,22,0x00,0,0x0030,0x00000000,0x00000000,22,FAULT_BLOCKED
150888,0.8,3.6,0.0,0.0,0.0,0,12.76,21.0,25.0,99,22,0x00,0,0x0030,0x00000000,0x00000000,20,FAULT_BLOCKED
150988,0.8,3.5,0.0,0.0,0.0,0,12.78,20.9,24.9,99,22,0x00,0,0x0030,0x00000000,0x00000000,20,FAULT_BLOCKED
151088,0.8,3.5,0.0,0.0,0.0,0,12.78,20.9,24.9,99,22,0x00,0,0x0030,0x00000000,0x00000000,20,FAULT_BLOCKED
151188,0.8,3.5,0.0,0.0,0.0,0,12.77,20.9,24.9,99,22,0x00,0,0x0030,0x00000000,0x00000000,20,FAULT_BLOCKED
151288,0.8,3.5,0.0,0.0,0.0,0,12.75,21.0,25.0,99,22,0x00,0,0x0030,0x00000000,0x00000000,20,FAULT_BLOCKED
151388,0.8,3.5,0.0,0.0,0.0,0,12.78,21.0,24.9,99,22,0x00,0,0x0030,0x00000000,0x00000000,20,FAULT_BLOCKED
151488,0.8,3.5,0.0,0.0,0.0,0,12.77,21.0,25.0,99,22,0x00,0,0x0030,0x00000000,0x00000000,20,FAULT_BLOCKED
151588,0.8,3.5,0.0,0.0,0.0,0,12.77,21.0,25.0,99,22,0x00,0,0x0030,0x00000000,0x00000000,20,FAULT_BLOCKED
151688,0.8,3.6,0.0,0.0,0.0,0,12.76,21.0,25.0,99,22,0x00,0,0x0030,0x00000000,0x00000000,20,FAULT_BLOCKED
151788,0.8,3.6,0.0,0.0,0.0,0,12.76,21.0,25.0,99,22,0x00,0,0x0030,0x00000000,0x00000000,20,FAULT_BLOCKED
151888,0.8,3.5,0.0,0.0,0.0,0,12.78,21.0,24.8,99,22,0x00,0,0x0030,0x00000000,0x00000000,20,FAULT_BLOCKED
151988,0.8,3.5,0.0,0.0,0.0,0,12.76,20.9,24.8,99,22,0x00,0,0x0030,0x00000000,0x00000000,20,FAULT_BLOCKED
152088,0.8,3.5,0.0,0.0,0.0,0,12.75,20.9,25.0,99,22,0x00,0,0x0030,0x00000000,0x00000000,20,FAULT_BLOCKED
152188,0.8,3.6,0.0,0.0,0.0,0,12.77,20.9,25.0,99,22,0x00,0,0x0030,0x00000000,0x00000000,20,FAULT_BLOCKED
152288,0.8,3.5,0.0,0.0,0.0,0,12.75,20.9,24.9,99,22,0x00,0,0x0030,0x00000000,0x00000000,20,FAULT_BLOCKED
152388,0.8,3.5,0.0,0.0,0.0,0,12.76,20.9,25.0,99,22,0x00,0,0x0030,0x00000000,0x00000000,20,FAULT_BLOCKED
152488,0.8,3.5,0.0,0.0,0.0,0,12.76,20.9,25.3,99,22,0x00,0,0x0030,0x00000000,0x00000000,22,FAULT_BLOCKED
152588,0.7,3.6,0.0,0.0,0.0,0,12.77,20.9,25.0,99,22,0x00,0,0x0030,0x00000000,0x00000000,20,FAULT_BLOCKED
152688,0.8,3.6,0.0,0.0,0.0,0,12.77,20.9,25.0,99,22,0x00,0,0x0030,0x00000000,0x00000000,20,FAULT_BLOCKED
152788,0.8,3.6,0.0,0.0,0.0,0,12.77,20.9,24.9,99,22,0x00,0,0x0030,0x00000000,0x00000000,20,FAULT_BLOCKED
152888,0.8,3.5,0.0,0.0,0.0,0,12.76,20.9,24.9,99,22,0x00,0,0x0030,0x00000000,0x00000000,20,FAULT_BLOCKED
152988,0.7,3.5,0.0,0.0,0.0,0,12.76,20.9,24.9,99,22,0x00,0,0x0030,0x00000000,0x00000000,20,FAULT_BLOCKED
153088,0.8,3.5,0.0,0.0,0.0,0,12.76,20.9,24.9,99,22,0x00,0,0x0030,0x00000000,0x00000000,20,FAULT_BLOCKED
153188,0.7,3.5,0.0,0.0,0.0,0,12.76,20.9,24.9,99,22,0x00,0,0x0030,0x00000000,0x00000000,20,FAULT_BLOCKED
153288,0.8,3.5,0.0,0.0,0.0,0,12.77,20.9,25.3,99,22,0x00,0,0x0030,0x00000000,0x00000000,22,FAULT_BLOCKED
153388,0.8,3.5,0.0,0.0,0.0,0,12.77,20.9,25.2,99,22,0x00,0,0x0030,0x00000000,0x00000000,21,FAULT_BLOCKED
153488,0.8,3.6,0.0,0.0,0.0,0,12.79,20.9,25.2,99,22,0x00,0,0x0030,0x00000000,0x00000000,21,FAULT_BLOCKED
153588,0.8,3.6,0.0,0.0,0.0,0,12.76,20.9,25.0,99,22,0x00,0,0x0030,0x00000000,0x00000000,20,FAULT_BLOCKED
153688,0.7,3.6,0.0,0.0,0.0,0,12.8,21.0,25.2,99,22,0x00,0,0x0030,0x00000000,0x00000000,21,FAULT_BLOCKED
153788,0.7,3.6,0.0,0.0,0.0,0,12.76,21.0,25.0,99,22,0x00,0,0x0030,0x00000000,0x00000000,20,FAULT_BLOCKED
153888,0.8,3.6,0.0,0.0,0.0,0,12.75,21.0,24.9,99,22,0x00,0,0x0030,0x00000000,0x00000000,20,FAULT_BLOCKED
153988,0.8,3.5,0.0,0.0,0.0,0,12.75,21.0,24.9,99,22,0x00,0,0x0030,0x00000000,0x00000000,20,FAULT_BLOCKED
154088,0.8,3.6,0.0,0.0,0.0,0,12.75,21.0,25.2,99,22,0x00,0,0x0030,0x00000000,0x00000000,21,FAULT_BLOCKED
154188,0.8,3.5,0.0,0.0,0.0,0,12.77,21.0,25.0,99,22,0x00,0,0x0030,0x00000000,0x00000000,20,FAULT_BLOCKED
154288,0.7,3.5,0.0,0.0,0.0,0,12.77,21.0,25.2,99,22,0x00,0,0x0030,0x00000000,0x00000000,21,FAULT_BLOCKED
154388,0.8,3.5,0.0,0.0,0.0,0,12.76,21.0,25.2,99,22,0x00,0,0x0030,0x00000000,0x00000000,21,FAULT_BLOCKED
154488,0.8,3.5,0.0,0.0,0.0,0,12.74,20.9,25.2,99,22,0x00,0,0x0030,0x00000000,0x00000000,21,FAULT_BLOCKED
154588,0.8,3.6,0.0,0.0,0.0,0,12.78,20.9,25.0,99,22,0x00,0,0x0030,0x00000000,0x00000000,20,FAULT_BLOCKED
154688,0.8,3.5,0.0,0.0,0.0,0,12.76,21.0,24.9,99,22,0x00,0,0x0030,0x00000000,0x00000000,20,FAULT_BLOCKED
154788,0.8,3.6,0.0,0.0,0.0,0,12.76,21.0,24.9,99,22,0x00,0,0x0030,0x00000000,0x00000000,20,FAULT_BLOCKED
154888,0.8,3.5,0.0,0.0,0.0,0,12.77,21.0,25.0,99,22,0x00,0,0x0030,0x00000000,0x00000000,20,FAULT_BLOCKED
154988,0.8,3.6,0.0,0.0,0.0,0,12.76,21.0,25.0,99,22,0x00,0,0x0030,0x00000000,0x00000000,20,FAULT_BLOCKED
155088,0.8,3.6,0.0,0.0,0.0,0,12.78,20.9,25.2,99,22,0x00,0,0x0030,0x00000000,0x00000000,21,FAULT_BLOCKED
155188,0.8,3.6,0.0,0.0,0.0,0,12.75,20.9,25.0,99,22,0x00,0,0x0030,0x00000000,0x00000000,20,FAULT_BLOCKED
155288,0.8,3.5,0.0,0.0,0.0,0,12.77,21.0,25.0,99,22,0x00,0,0x0030,0x00000000,0x00000000,20,FAULT_BLOCKED
155388,0.8,3.5,0.0,0.0,0.0,0,12.84,21.0,25.2,99,22,0x00,0,0x0030,0x00000000,0x00000000,21,FAULT_BLOCKED
155488,0.8,3.5,0.0,0.0,0.0,0,12.76,21.0,25.3,99,22,0x00,0,0x0030,0x00000000,0x00000000,22,FAULT_BLOCKED
155588,0.8,3.6,0.0,0.0,0.0,0,12.75,21.0,24.9,99,22,0x00,0,0x0030,0x00000000,0x00000000,20,FAULT_BLOCKED
155688,0.8,3.5,0.0,0.0,0.0,0,12.75,20.9,24.9,99,22,0x00,0,0x0030,0x00000000,0x00000000,20,FAULT_BLOCKED
155788,0.8,3.5,0.0,0.0,0.0,0,12.75,21.0,25.2,99,22,0x00,0,0x0030,0x00000000,0x00000000,21,FAULT_BLOCKED
155888,0.8,3.5,0.0,0.0,0.0,0,12.76,21.0,25.3,99,22,0x00,0,0x0030,0x00000000,0x00000000,22,FAULT_BLOCKED
155988,0.8,3.5,0.0,0.0,0.0,0,12.77,20.9,25.3,99,22,0x00,0,0x0030,0x00000000,0x00000000,22,FAULT_BLOCKED
156088,0.8,3.6,0.0,0.0,0.0,0,12.78,21.0,25.0,99,22,0x00,0,0x0030,0x00000000,0x00000000,20,FAULT_BLOCKED
156188,0.8,3.5,0.0,0.0,0.0,0,12.76,20.9,25.0,99,22,0x00,0,0x0030,0x00000000,0x00000000,20,FAULT_BLOCKED
156288,0.8,3.5,0.0,0.0,0.0,0,12.77,20.9,25.2,99,22,0x00,0,0x0030,0x00000000,0x00000000,21,FAULT_BLOCKED
156388,0.7,3.5,0.0,0.0,0.0,0,12.76,20.9,25.5,99,22,0x00,0,0x0030,0x00000000,0x00000000,23,FAULT_BLOCKED
156488,0.8,3.6,0.0,0.0,0.0,0,12.78,20.9,24.9,99,22,0x00,0,0x0030,0x00000000,0x00000000,20,FAULT_BLOCKED
156588,0.8,3.5,0.0,0.0,0.0,0,12.76,20.9,25.0,99,22,0x00,0,0x0030,0x00000000,0x00000000,20,FAULT_BLOCKED
156688,0.8,3.6,0.0,0.0,0.0,0,12.77,20.9,25.2,99,22,0x00,0,0x0030,0x00000000,0x00000000,21,FAULT_BLOCKED
156788,0.8,3.6,0.0,0.0,0.0,0,12.76,20.9,25.4,99,22,0x00,0,0x0030,0x00000000,0x00000000,22,FAULT_BLOCKED
156888,0.8,3.5,0.0,0.0,0.0,0,12.78,20.9,25.4,99,22,0x00,0,0x0030,0x00000000,0x00000000,22,FAULT_BLOCKED
156988,0.8,3.5,0.0,0.0,0.0,0,12.76,20.9,25.4,99,22,0x00,0,0x0030,0x00000000,0x00000000,22,FAULT_BLOCKED
157088,0.8,3.6,0.0,0.0,0.0,0,12.77,20.9,25.2,99,22,0x00,0,0x0030,0x00000000,0x00000000,21,FAULT_BLOCKED
157188,0.7,3.6,0.0,0.0,0.0,0,12.76,20.9,25.0,99,22,0x00,0,0x0030,0x00000000,0x00000000,20,FAULT_BLOCKED
157288,0.8,3.6,0.0,0.0,0.0,0,12.76,20.9,25.0,99,22,0x00,0,0x0030,0x00000000,0x00000000,20,FAULT_BLOCKED
157388,0.8,3.6,0.0,0.0,0.0,0,12.76,20.9,24.9,99,22,0x00,0,0x0030,0x00000000,0x00000000,20,FAULT_BLOCKED
157488,0.8,3.5,0.0,0.0,0.0,0,12.77,20.9,25.5,99,22,0x00,0,0x0030,0x00000000,0x00000000,23,FAULT_BLOCKED
157588,0.8,3.6,0.0,0.0,0.0,0,12.77,20.9,25.2,99,22,0x00,0,0x0030,0x00000000,0x00000000,21,FAULT_BLOCKED
157688,0.8,3.6,0.0,0.0,0.0,0,12.78,20.9,25.2,99,22,0x00,0,0x0030,0x00000000,0x00000000,21,FAULT_BLOCKED
157788,0.8,3.5,0.0,0.0,0.0,0,12.78,20.9,25.3,99,22,0x00,0,0x0030,0x00000000,0x00000000,22,FAULT_BLOCKED
157888,0.8,3.5,0.0,0.0,0.0,0,12.78,20.9,25.3,99,22,0x00,0,0x0030,0x00000000,0x00000000,22,FAULT_BLOCKED
157988,0.8,3.5,0.0,0.0,0.0,0,12.79,20.9,25.3,99,22,0x00,0,0x0030,0x00000000,0x00000000,22,FAULT_BLOCKED
158088,0.8,3.5,0.0,0.0,0.0,0,12.79,20.9,25.0,99,22,0x00,0,0x0030,0x00000000,0x00000000,20,FAULT_BLOCKED
158188,0.8,3.6,0.0,0.0,0.0,0,12.77,20.9,25.0,99,22,0x00,0,0x0030,0x00000000,0x00000000,20,FAULT_BLOCKED
158288,0.8,3.5,0.0,0.0,0.0,0,12.77,20.9,24.9,99,22,0x00,0,0x0030,0x00000000,0x00000000,20,FAULT_BLOCKED
158388,0.8,3.6,0.0,0.0,0.0,0,12.77,20.9,24.9,99,22,0x00,0,0x0030,0x00000000,0x00000000,20,FAULT_BLOCKED
158488,0.8,3.6,0.0,0.0,0.0,0,12.77,20.9,25.0,99,22,0x00,0,0x0030,0x00000000,0x00000000,20,FAULT_BLOCKED
158588,0.8,3.5,0.0,0.0,0.0,0,12.77,20.9,25.0,99,22,0x00,0,0x0030,0x00000000,0x00000000,20,FAULT_BLOCKED
158688,0.8,3.5,0.0,0.0,0.0,0,12.79,20.9,25.0,99,22,0x00,0,0x0030,0x00000000,0x00000000,20,FAULT_BLOCKED
158788,0.8,3.6,0.0,0.0,0.0,0,12.77,20.9,24.9,99,22,0x00,0,0x0030,0x00000000,0x00000000,20,FAULT_BLOCKED
158888,0.8,3.6,0.0,0.0,0.0,0,12.77,20.9,25.0,99,22,0x00,0,0x0030,0x00000000,0x00000000,20,FAULT_BLOCKED
158988,0.8,3.5,0.0,0.0,0.0,0,12.77,20.9,24.9,99,22,0x00,0,0x0030,0x00000000,0x00000000,20,FAULT_BLOCKED
159088,0.8,3.6,0.0,0.0,0.0,0,12.78,20.9,25.2,99,22,0x00,0,0x0030,0x00000000,0x00000000,21,FAULT_BLOCKED
159188,0.8,3.6,0.0,0.0,0.0,0,12.75,20.9,25.0,99,22,0x00,0,0x0030,0x00000000,0x00000000,20,FAULT_BLOCKED
159288,0.8,3.5,0.0,0.0,0.0,0,12.76,20.9,25.0,99,22,0x00,0,0x0030,0x00000000,0x00000000,20,FAULT_BLOCKED
159388,0.7,3.6,0.0,0.0,0.0,0,12.77,20.9,25.3,99,22,0x00,0,0x0030,0x00000000,0x00000000,22,FAULT_BLOCKED
159488,0.8,3.6,0.0,0.0,0.0,0,12.79,21.0,24.9,99,22,0x00,0,0x0030,0x00000000,0x00000000,20,FAULT_BLOCKED
159588,0.8,3.6,0.0,0.0,0.0,0,12.78,21.0,24.9,99,22,0x00,0,0x0030,0x00000000,0x00000000,20,FAULT_BLOCKED
159688,0.8,3.5,0.0,0.0,0.0,0,12.76,21.0,25.0,99,22,0x00,0,0x0030,0x00000000,0x00000000,20,FAULT_BLOCKED
159788,0.8,3.5,0.0,0.0,0.0,0,12.75,21.0,25.0,99,22,0x00,0,0x0030,0x00000000,0x00000000,20,FAULT_BLOCKED
159888,0.8,3.5,0.0,0.0,0.0,0,12.77,21.0,25.0,99,22,0x00,0,0x0030,0x00000000,0x00000000,20,FAULT_BLOCKED
159988,0.8,3.5,0.0,0.0,0.0,0,12.78,21.0,25.2,99,22,0x00,0,0x0030,0x00000000,0x00000000,21,FAULT_BLOCKED
160088,0.8,3.6,0.0,0.0,0.0,0,12.76,21.0,25.3,99,22,0x00,0,0x0030,0x00000000,0x00000000,22,FAULT_BLOCKED
160188,0.8,3.5,0.0,0.0,0.0,0,12.78,21.0,25.3,99,22,0x00,0,0x0030,0x00000000,0x00000000,22,FAULT_BLOCKED
160288,0.8,3.6,0.0,0.0,0.0,0,12.77,20.9,25.0,99,22,0x00,0,0x0030,0x00000000,0x00000000,20,FAULT_BLOCKED
160388,0.8,3.5,0.0,0.0,0.0,0,12.76,20.9,24.9,99,22,0x00,0,0x0030,0x00000000,0x00000000,20,FAULT_BLOCKED
160488,0.8,3.5,0.0,0.0,0.0,0,12.76,20.9,25.0,99,22,0x00,0,0x0030,0x00000000,0x00000000,20,FAULT_BLOCKED
160588,0.8,3.6,0.0,0.0,0.0,0,12.77,20.9,25.0,99,22,0x00,0,0x0030,0x00000000,0x00000000,20,FAULT_BLOCKED
160688,0.8,3.5,0.0,0.0,0.0,0,12.76,21.0,25.0,99,22,0x00,0,0x0030,0x00000000,0x00000000,20,FAULT_BLOCKED
160788,0.8,3.6,0.0,0.0,0.0,0,12.78,20.9,25.0,99,22,0x00,0,0x0030,0x00000000,0x00000000,20,FAULT_BLOCKED
160888,0.8,3.5,0.0,0.0,0.0,0,12.77,20.9,25.0,99,22,0x00,0,0x0030,0x00000000,0x00000000,20,FAULT_BLOCKED
160988,0.8,3.5,0.0,0.0,0.0,0,12.75,21.0,24.8,99,22,0x00,0,0x0030,0x00000000,0x00000000,20,FAULT_BLOCKED
161088,0.7,3.5,0.0,0.0,0.0,0,12.78,21.0,24.8,99,22,0x00,0,0x0030,0x00000000,0x00000000,20,FAULT_BLOCKED
161188,0.7,3.6,0.0,0.0,0.0,0,12.76,20.9,25.3,99,22,0x00,0,0x0030,0x00000000,0x00000000,22,FAULT_BLOCKED
161288,0.9,3.5,0.0,0.0,0.0,0,12.77,20.9,25.0,99,22,0x00,0,0x0030,0x00000000,0x00000000,20,FAULT_BLOCKED
161388,0.9,3.6,0.0,0.0,0.0,0,12.78,20.9,24.9,99,22,0x00,0,0x0030,0x00000000,0x00000000,20,FAULT_BLOCKED
161488,0.8,3.5,0.0,0.0,0.0,0,12.76,20.9,25.0,99,22,0x00,0,0x0030,0x00000000,0x00000000,20,FAULT_BLOCKED
161588,0.8,3.5,0.0,0.0,0.0,0,12.76,20.9,25.2,99,22,0x00,0,0x0030,0x00000000,0x00000000,21,FAULT_BLOCKED
161688,0.8,3.6,0.0,0.0,0.0,0,12.75,21.0,24.9,99,22,0x00,0,0x0030,0x00000000,0x00000000,20,FAULT_BLOCKED
161788,0.8,3.5,0.0,0.0,0.0,0,12.76,21.0,25.5,99,22,0x00,0,0x0030,0x00000000,0x00000000,23,FAULT_BLOCKED
161888,0.8,3.5,0.0,0.0,0.0,0,12.75,20.9,24.9,99,22,0x00,0,0x0030,0x00000000,0x00000000,20,FAULT_BLOCKED
161988,0.8,3.6,0.0,0.0,0.0,0,12.76,21.0,25.0,99,22,0x00,0,0x0030,0x00000000,0x00000000,20,FAULT_BLOCKED
162088,0.8,3.5,0.0,0.0,0.0,0,12.76,20.9,25.4,99,22,0x00,0,0x0030,0x00000000,0x00000000,22,FAULT_BLOCKED
162188,0.8,3.6,0.0,0.0,0.0,0,12.77,20.9,24.9,99,22,0x00,0,0x0030,0x00000000,0x00000000,20,FAULT_BLOCKED
162288,0.8,3.5,0.0,0.0,0.0,0,12.78,20.9,25.2,99,22,0x00,0,0x0030,0x00000000,0x00000000,21,FAULT_BLOCKED
162388,0.8,3.5,0.0,0.0,0.0,0,12.77,20.9,25.0,99,22,0x00,0,0x0030,0x00000000,0x00000000,20,FAULT_BLOCKED
162488,0.8,3.5,0.0,0.0,0.0,0,12.8,20.9,24.9,99,22,0x00,0,0x0030,0x00000000,0x00000000,20,FAULT_BLOCKED
162588,0.8,3.5,0.0,0.0,0.0,0,12.75,20.9,25.4,99,22,0x00,0,0x0030,0x00000000,0x00000000,22,FAULT_BLOCKED
162688,0.8,3.5,0.0,0.0,0.0,0,12.75,20.9,25.0,99,22,0x00,0,0x0030,0x00000000,0x00000000,20,FAULT_BLOCKED
162788,0.7,3.5,0.0,0.0,0.0,0,12.76,20.9,25.3,99,22,0x00,0,0x0030,0x00000000,0x00000000,22,FAULT_BLOCKED
162888,0.8,3.5,0.0,0.0,0.0,0,12.75,20.9,25.3,99,22,0x00,0,0x0030,0x00000000,0x00000000,22,FAULT_BLOCKED
162988,0.8,3.5,0.0,0.0,0.0,0,12.78,20.9,25.0,99,22,0x00,0,0x0030,0x00000000,0x00000000,20,FAULT_BLOCKED
163088,0.8,3.5,0.0,0.0,0.0,0,12.79,20.9,24.9,99,22,0x00,0,0x0030,0x00000000,0x00000000,20,FAULT_BLOCKED
163188,0.8,3.6,0.0,0.0,0.0,0,12.79,20.9,24.9,99,22,0x00,0,0x0030,0x00000000,0x00000000,20,FAULT_BLOCKED
163288,0.8,3.5,0.0,0.0,0.0,0,12.75,20.9,24.9,99,22,0x00,0,0x0030,0x00000000,0x00000000,20,FAULT_BLOCKED
163388,0.8,3.5,0.0,0.0,0.0,0,12.77,20.9,25.3,99,22,0x00,0,0x0030,0x00000000,0x00000000,22,FAULT_BLOCKED
163488,0.8,3.5,0.0,0.0,0.0,0,12.76,20.9,25.2,99,22,0x00,0,0x0030,0x00000000,0x00000000,21,FAULT_BLOCKED
163588,0.8,3.6,0.0,0.0,0.0,0,12.76,20.9,25.3,99,22,0x00,0,0x0030,0x00000000,0x00000000,22,FAULT_BLOCKED
163688,0.8,3.5,0.0,0.0,0.0,0,12.76,20.9,25.3,99,22,0x00,0,0x0030,0x00000000,0x00000000,22,FAULT_BLOCKED
163788,0.8,3.6,0.0,0.0,0.0,0,12.75,20.9,25.0,99,22,0x00,0,0x0030,0x00000000,0x00000000,20,FAULT_BLOCKED
163888,0.8,3.5,0.0,0.0,0.0,0,12.77,20.9,25.0,99,22,0x00,0,0x0030,0x00000000,0x00000000,20,FAULT_BLOCKED
163988,0.8,3.5,0.0,0.0,0.0,0,12.78,21.0,25.0,99,22,0x00,0,0x0030,0x00000000,0x00000000,20,FAULT_BLOCKED
164088,0.8,3.6,0.0,0.0,0.0,0,12.76,20.9,24.9,99,22,0x00,0,0x0030,0x00000000,0x00000000,20,FAULT_BLOCKED
164188,0.7,3.5,0.0,0.0,0.0,0,12.78,21.0,25.2,99,22,0x00,0,0x0030,0x00000000,0x00000000,21,FAULT_BLOCKED
164288,0.8,3.5,0.0,0.0,0.0,0,12.76,21.0,25.4,99,22,0x00,0,0x0030,0x00000000,0x00000000,22,FAULT_BLOCKED
164388,0.8,3.6,0.0,0.0,0.0,0,12.79,20.9,25.0,99,22,0x00,0,0x0030,0x00000000,0x00000000,20,FAULT_BLOCKED
164488,0.8,3.5,0.0,0.0,0.0,0,12.77,20.9,25.2,99,22,0x00,0,0x0030,0x00000000,0x00000000,21,FAULT_BLOCKED
164588,0.8,3.6,0.0,0.0,0.0,0,12.76,20.9,25.3,99,22,0x00,0,0x0030,0x00000000,0x00000000,22,FAULT_BLOCKED
164688,0.8,3.6,0.0,0.0,0.0,0,12.77,20.9,25.2,99,22,0x00,0,0x0030,0x00000000,0x00000000,21,FAULT_BLOCKED
164788,0.8,3.5,0.0,0.0,0.0,0,12.76,21.0,25.3,99,22,0x00,0,0x0030,0x00000000,0x00000000,22,FAULT_BLOCKED
164888,0.8,3.5,0.0,0.0,0.0,0,12.76,20.9,24.9,99,22,0x00,0,0x0030,0x00000000,0x00000000,20,FAULT_BLOCKED
164988,0.8,3.6,0.0,0.0,0.0,0,12.76,20.9,25.2,99,22,0x00,0,0x0030,0x00000000,0x00000000,21,FAULT_BLOCKED
165088,0.8,3.5,0.0,0.0,0.0,0,12.76,20.9,24.9,99,22,0x00,0,0x0030,0x00000000,0x00000000,20,FAULT_BLOCKED
165188,0.8,3.6,0.0,0.0,0.0,0,12.76,20.9,25.5,99,22,0x00,0,0x0030,0x00000000,0x00000000,23,FAULT_BLOCKED
165288,0.8,3.5,0.0,0.0,0.0,0,12.76,20.9,25.0,99,22,0x00,0,0x0030,0x00000000,0x00000000,20,FAULT_BLOCKED
165388,0.8,3.5,0.0,0.0,0.0,0,12.76,20.9,25.0,99,22,0x00,0,0x0030,0x00000000,0x00000000,20,FAULT_BLOCKED
165488,0.8,3.5,0.0,0.0,0.0,0,12.78,20.9,25.2,99,22,0x00,0,0x0030,0x00000000,0x00000000,21,FAULT_BLOCKED
165588,0.8,3.6,0.0,0.0,0.0,0,12.77,20.9,25.0,99,22,0x00,0,0x0030,0x00000000,0x00000000,20,FAULT_BLOCKED
165688,0.8,3.5,0.0,0.0,0.0,0,12.76,20.9,24.9,99,22,0x00,0,0x0030,0x00000000,0x00000000,20,FAULT_BLOCKED
165788,0.8,3.5,0.0,0.0,0.0,0,12.78,20.9,25.3,99,22,0x00,0,0x0030,0x00000000,0x00000000,22,FAULT_BLOCKED
165888,0.8,3.5,0.0,0.0,0.0,0,12.76,20.9,25.3,99,22,0x00,0,0x0030,0x00000000,0x00000000,22,FAULT_BLOCKED
165988,0.8,3.5,0.0,0.0,0.0,0,12.75,20.9,24.9,99,22,0x00,0,0x0030,0x00000000,0x00000000,20,FAULT_BLOCKED
166088,0.7,3.5,0.0,0.0,0.0,0,12.8,20.9,25.2,99,22,0x00,0,0x0030,0x00000000,0x00000000,21,FAULT_BLOCKED
166188,0.8,3.6,0.0,0.0,0.0,0,12.82,20.9,25.3,99,22,0x00,0,0x0030,0x00000000,0x00000000,22,FAULT_BLOCKED
166288,0.8,3.5,0.0,0.0,0.0,0,12.76,21.0,24.9,99,22,0x00,0,0x0030,0x00000000,0x00000000,20,FAULT_BLOCKED
166388,0.8,3.5,0.0,0.0,0.0,0,12.77,21.0,25.2,99,22,0x00,0,0x0030,0x00000000,0x00000000,21,FAULT_BLOCKED
166488,0.8,3.5,0.0,0.0,0.0,0,12.76,21.0,25.0,99,22,0x00,0,0x0030,0x00000000,0x00000000,20,FAULT_BLOCKED
166588,0.8,3.6,0.0,0.0,0.0,0,12.78,21.0,25.0,99,22,0x00,0,0x0030,0x00000000,0x00000000,20,FAULT_BLOCKED
166688,0.8,3.6,0.0,0.0,0.0,0,12.78,21.0,24.9,99,22,0x00,0,0x0030,0x00000000,0x00000000,20,FAULT_BLOCKED
166788,0.8,3.6,0.0,0.0,0.0,0,12.77,21.0,25.0,99,22,0x00,0,0x0030,0x00000000,0x00000000,20,FAULT_BLOCKED
166888,0.8,3.5,0.0,0.0,0.0,0,12.73,20.9,25.4,99,22,0x00,0,0x0030,0x00000000,0x00000000,22,FAULT_BLOCKED
166988,0.8,3.5,0.0,0.0,0.0,0,12.77,21.0,25.4,99,22,0x00,0,0x0030,0x00000000,0x00000000,22,FAULT_BLOCKED
167088,0.7,3.6,0.0,0.0,0.0,0,12.77,21.0,25.3,99,22,0x00,0,0x0030,0x00000000,0x00000000,22,FAULT_BLOCKED
167188,0.8,3.6,0.0,0.0,0.0,0,12.74,21.0,25.0,99,22,0x00,0,0x0030,0x00000000,0x00000000,20,FAULT_BLOCKED
167288,0.8,3.5,0.0,0.0,0.0,0,12.76,21.0,25.0,99,22,0x00,0,0x0030,0x00000000,0x00000000,20,FAULT_BLOCKED
167388,0.7,3.5,0.0,0.0,0.0,0,12.76,21.0,25.0,99,22,0x00,0,0x0030,0x00000000,0x00000000,20,FAULT_BLOCKED
167488,0.8,3.5,0.0,0.0,0.0,0,12.76,20.9,25.0,99,22,0x00,0,0x0030,0x00000000,0x00000000,20,FAULT_BLOCKED
167588,0.8,3.6,0.0,0.0,0.0,0,12.76,20.9,25.0,99,22,0x00,0,0x0030,0x00000000,0x00000000,20,FAULT_BLOCKED
167688,0.8,3.5,0.0,0.0,0.0,0,12.75,20.9,25.0,99,22,0x00,0,0x0030,0x00000000,0x00000000,20,FAULT_BLOCKED
167788,0.7,3.6,0.0,0.0,0.0,0,12.76,20.9,25.3,99,22,0x00,0,0x0030,0x00000000,0x00000000,22,FAULT_BLOCKED
167888,0.6,3.5,0.0,0.0,0.0,0,12.76,20.9,25.3,99,22,0x00,0,0x0030,0x00000000,0x00000000,22,FAULT_BLOCKED
167988,0.8,3.5,0.0,0.0,0.0,0,12.78,20.9,24.9,99,22,0x00,0,0x0030,0x00000000,0x00000000,20,FAULT_BLOCKED
168088,0.8,3.5,0.0,0.0,0.0,0,12.75,20.9,24.9,99,22,0x00,0,0x0030,0x00000000,0x00000000,20,FAULT_BLOCKED
168188,0.8,3.6,0.0,0.0,0.0,0,12.77,21.0,25.0,99,22,0x00,0,0x0030,0x00000000,0x00000000,20,FAULT_BLOCKED
168288,0.8,3.5,0.0,0.0,0.0,0,12.77,21.0,25.0,99,22,0x00,0,0x0030,0x00000000,0x00000000,20,FAULT_BLOCKED
168388,0.7,3.6,0.0,0.0,0.0,0,12.78,20.9,24.9,99,22,0x00,0,0x0030,0x00000000,0x00000000,20,FAULT_BLOCKED
168488,0.8,3.5,0.0,0.0,0.0,0,12.76,20.9,24.9,99,22,0x00,0,0x0030,0x00000000,0x00000000,20,FAULT_BLOCKED
168588,0.8,3.6,0.0,0.0,0.0,0,12.75,20.9,25.2,99,22,0x00,0,0x0030,0x00000000,0x00000000,21,FAULT_BLOCKED
168688,0.8,3.6,0.0,0.0,0.0,0,12.75,20.9,25.2,99,22,0x00,0,0x0030,0x00000000,0x00000000,21,FAULT_BLOCKED
168788,0.8,3.6,0.0,0.0,0.0,0,12.76,20.9,25.2,99,22,0x00,0,0x0030,0x00000000,0x00000000,21,FAULT_BLOCKED
168888,0.8,3.5,0.0,0.0,0.0,0,12.78,20.9,25.2,99,22,0x00,0,0x0030,0x00000000,0x00000000,21,FAULT_BLOCKED
168988,0.8,3.5,0.0,0.0,0.0,0,12.7,21.0,25.3,99,22,0x00,0,0x0030,0x00000000,0x00000000,22,FAULT_BLOCKED
169088,0.8,3.6,0.0,0.0,0.0,0,12.8,21.0,25.2,99,22,0x00,0,0x0030,0x00000000,0x00000000,21,FAULT_BLOCKED
169188,0.8,3.5,0.0,0.0,0.0,0,12.76,21.0,24.9,99,22,0x00,0,0x0030,0x00000000,0x00000000,20,FAULT_BLOCKED
169288,0.8,3.5,0.0,0.0,0.0,0,12.76,20.9,25.0,99,22,0x00,0,0x0030,0x00000000,0x00000000,20,FAULT_BLOCKED
169388,0.8,3.6,0.0,0.0,0.0,0,12.76,20.9,24.9,99,22,0x00,0,0x0030,0x00000000,0x00000000,20,FAULT_BLOCKED
169488,0.8,3.5,0.0,0.0,0.0,0,12.76,21.0,25.0,99,22,0x00,0,0x0030,0x00000000,0x00000000,20,FAULT_BLOCKED
169588,0.8,3.5,0.0,0.0,0.0,0,12.77,21.0,25.0,99,22,0x00,0,0x0030,0x00000000,0x00000000,20,FAULT_BLOCKED
169688,0.8,3.5,0.0,0.0,0.0,0,12.77,21.0,24.9,99,22,0x00,0,0x0030,0x00000000,0x00000000,20,FAULT_BLOCKED
169788,0.8,3.5,0.0,0.0,0.0,0,12.77,21.0,25.2,99,22,0x00,0,0x0030,0x00000000,0x00000000,21,FAULT_BLOCKED
169888,0.8,3.5,0.0,0.0,0.0,0,12.78,21.0,25.2,99,22,0x00,0,0x0030,0x00000000,0x00000000,21,FAULT_BLOCKED
169988,0.8,3.5,0.0,0.0,0.0,0,12.79,21.0,24.9,99,22,0x00,0,0x0030,0x00000000,0x00000000,20,FAULT_BLOCKED
170088,0.8,3.5,0.0,0.0,0.0,0,12.77,20.9,24.9,99,22,0x00,0,0x0030,0x00000000,0x00000000,20,FAULT_BLOCKED
170188,0.7,3.6,0.0,0.0,0.0,0,12.76,21.0,25.0,99,22,0x00,0,0x0030,0x00000000,0x00000000,20,FAULT_BLOCKED
170288,0.8,3.5,0.0,0.0,0.0,0,12.77,20.9,25.0,99,22,0x00,0,0x0030,0x00000000,0x00000000,20,FAULT_BLOCKED
170388,0.8,3.4,0.0,0.0,0.0,0,12.77,20.9,25.0,99,22,0x00,0,0x0030,0x00000000,0x00000000,20,FAULT_BLOCKED
170488,0.8,3.5,0.0,0.0,0.0,0,12.78,21.0,24.9,99,22,0x00,0,0x0030,0x00000000,0x00000000,20,FAULT_BLOCKED
170588,0.7,3.5,0.0,0.0,0.0,0,12.77,21.0,25.4,99,22,0x00,0,0x0030,0x00000000,0x00000000,22,FAULT_BLOCKED
170688,0.8,3.5,0.0,0.0,0.0,0,12.77,21.0,25.0,99,22,0x00,0,0x0030,0x00000000,0x00000000,20,FAULT_BLOCKED
170788,0.7,3.5,0.0,0.0,0.0,0,12.83,21.0,24.9,99,22,0x00,0,0x0030,0x00000000,0x00000000,20,FAULT_BLOCKED
170888,0.8,3.5,0.0,0.0,0.0,0,12.79,20.9,24.9,99,22,0x00,0,0x0030,0x00000000,0x00000000,20,FAULT_BLOCKED
170988,0.8,3.5,0.0,0.0,0.0,0,12.76,20.9,25.0,99,22,0x00,0,0x0030,0x00000000,0x00000000,20,FAULT_BLOCKED
171088,0.8,3.5,0.0,0.0,0.0,0,12.77,21.0,25.0,99,22,0x00,0,0x0030,0x00000000,0x00000000,20,FAULT_BLOCKED
171188,0.8,3.6,0.0,0.0,0.0,0,12.76,21.0,25.0,99,22,0x00,0,0x0030,0x00000000,0x00000000,20,FAULT_BLOCKED
171288,0.8,3.5,0.0,0.0,0.0,0,12.76,21.0,25.3,99,22,0x00,0,0x0030,0x00000000,0x00000000,22,FAULT_BLOCKED
171388,0.8,3.6,0.0,0.0,0.0,0,12.76,21.0,25.0,99,22,0x00,0,0x0030,0x00000000,0x00000000,20,FAULT_BLOCKED
171488,0.7,3.5,0.0,0.0,0.0,0,12.76,20.9,25.3,99,22,0x00,0,0x0030,0x00000000,0x00000000,22,FAULT_BLOCKED
171588,0.8,3.5,0.0,0.0,0.0,0,12.76,21.0,25.0,99,22,0x00,0,0x0030,0x00000000,0x00000000,20,FAULT_BLOCKED
171688,0.8,3.5,0.0,0.0,0.0,0,12.76,21.0,25.0,99,22,0x00,0,0x0030,0x00000000,0x00000000,20,FAULT_BLOCKED
171788,0.8,3.5,0.0,0.0,0.0,0,12.76,21.0,25.0,99,22,0x00,0,0x0030,0x00000000,0x00000000,20,FAULT_BLOCKED
171888,0.8,3.5,0.0,0.0,0.0,0,12.76,21.0,25.0,99,22,0x00,0,0x0030,0x00000000,0x00000000,20,FAULT_BLOCKED
171988,0.8,3.5,0.0,0.0,0.0,0,12.75,21.0,25.0,99,22,0x00,0,0x0030,0x00000000,0x00000000,20,FAULT_BLOCKED
172088,0.8,3.5,0.0,0.0,0.0,0,12.76,21.0,25.7,99,22,0x00,0,0x0030,0x00000000,0x00000000,24,FAULT_BLOCKED
172188,0.7,3.5,0.0,0.0,0.0,0,12.76,21.0,25.0,99,22,0x00,0,0x0030,0x00000000,0x00000000,20,FAULT_BLOCKED
172288,0.8,3.5,0.0,0.0,0.0,0,12.76,21.0,25.0,99,22,0x00,0,0x0030,0x00000000,0x00000000,20,FAULT_BLOCKED
172388,0.8,3.6,0.0,0.0,0.0,0,12.77,20.9,25.0,99,22,0x00,0,0x0030,0x00000000,0x00000000,20,FAULT_BLOCKED
172488,0.8,3.5,0.0,0.0,0.0,0,12.78,21.0,25.0,99,22,0x00,0,0x0030,0x00000000,0x00000000,20,FAULT_BLOCKED
172588,0.8,3.5,0.0,0.0,0.0,0,12.77,20.9,25.0,99,22,0x00,0,0x0030,0x00000000,0x00000000,20,FAULT_BLOCKED
172688,0.8,3.5,0.0,0.0,0.0,0,12.77,21.0,25.2,99,22,0x00,0,0x0030,0x00000000,0x00000000,21,FAULT_BLOCKED
172788,0.8,3.5,0.0,0.0,0.0,0,12.75,21.0,25.0,99,22,0x00,0,0x0030,0x00000000,0x00000000,20,FAULT_BLOCKED
172888,0.7,3.5,0.0,0.0,0.0,0,12.75,21.0,25.0,99,22,0x00,0,0x0030,0x00000000,0x00000000,20,FAULT_BLOCKED
172988,0.8,3.5,0.0,0.0,0.0,0,12.75,21.0,24.9,99,22,0x00,0,0x0030,0x00000000,0x00000000,20,FAULT_BLOCKED
173088,0.8,3.6,0.0,0.0,0.0,0,12.77,21.0,25.4,99,22,0x00,0,0x0030,0x00000000,0x00000000,22,FAULT_BLOCKED
173188,0.7,3.6,0.0,0.0,0.0,0,12.8,21.0,25.2,99,22,0x00,0,0x0030,0x00000000,0x00000000,21,FAULT_BLOCKED
173288,0.8,3.5,0.0,0.0,0.0,0,12.77,21.0,25.0,99,22,0x00,0,0x0030,0x00000000,0x00000000,20,FAULT_BLOCKED
173388,0.8,3.5,0.0,0.0,0.0,0,12.77,21.0,24.9,99,22,0x00,0,0x0030,0x00000000,0x00000000,20,FAULT_BLOCKED
173488,0.8,3.6,0.0,0.0,0.0,0,12.77,21.0,25.0,99,22,0x00,0,0x0030,0x00000000,0x00000000,20,FAULT_BLOCKED
173588,0.8,3.5,0.0,0.0,0.0,0,12.75,21.0,25.3,99,22,0x00,0,0x0030,0x00000000,0x00000000,22,FAULT_BLOCKED
173688,0.8,3.6,0.0,0.0,0.0,0,12.78,21.0,25.0,99,22,0x00,0,0x0030,0x00000000,0x00000000,20,FAULT_BLOCKED
173788,0.8,3.6,0.0,0.0,0.0,0,12.76,21.0,25.2,99,22,0x00,0,0x0030,0x00000000,0x00000000,21,FAULT_BLOCKED
173888,0.8,3.5,0.0,0.0,0.0,0,12.76,21.0,25.0,99,22,0x00,0,0x0030,0x00000000,0x00000000,20,FAULT_BLOCKED
173988,0.8,3.6,0.0,0.0,0.0,0,12.76,21.0,25.0,99,22,0x00,0,0x0030,0x00000000,0x00000000,20,FAULT_BLOCKED
174088,0.8,3.6,0.0,0.0,0.0,0,12.78,21.0,25.2,99,22,0x00,0,0x0030,0x00000000,0x00000000,21,FAULT_BLOCKED
174188,0.8,3.6,0.0,0.0,0.0,0,12.75,20.9,25.2,99,22,0x00,0,0x0030,0x00000000,0x00000000,21,FAULT_BLOCKED
174288,0.8,3.5,0.0,0.0,0.0,0,12.74,20.9,25.0,99,22,0x00,0,0x0030,0x00000000,0x00000000,20,FAULT_BLOCKED
174388,0.7,3.6,0.0,0.0,0.0,0,12.77,20.9,24.9,99,22,0x00,0,0x0030,0x00000000,0x00000000,20,FAULT_BLOCKED
174488,0.8,3.5,0.0,0.0,0.0,0,12.77,20.9,24.9,99,22,0x00,0,0x0030,0x00000000,0x00000000,20,FAULT_BLOCKED
174588,0.8,3.5,0.0,0.0,0.0,0,12.77,21.0,24.8,99,22,0x00,0,0x0030,0x00000000,0x00000000,20,FAULT_BLOCKED
174688,0.8,3.6,0.0,0.0,0.0,0,12.67,21.0,25.0,99,22,0x00,0,0x0030,0x00000000,0x00000000,20,FAULT_BLOCKED
174788,0.7,3.5,0.0,0.0,0.0,0,12.76,20.9,25.0,99,22,0x00,0,0x0030,0x00000000,0x00000000,20,FAULT_BLOCKED
174888,0.8,3.5,0.0,0.0,0.0,0,12.76,20.9,25.0,99,22,0x00,0,0x0030,0x00000000,0x00000000,20,FAULT_BLOCKED
174988,0.8,3.5,0.0,0.0,0.0,0,12.77,20.9,25.2,99,22,0x00,0,0x0030,0x00000000,0x00000000,21,FAULT_BLOCKED
175088,0.8,3.6,0.0,0.0,0.0,0,12.77,20.9,25.3,99,22,0x00,0,0x0030,0x00000000,0x00000000,22,FAULT_BLOCKED
175188,0.8,3.4,0.0,0.0,0.0,0,12.77,20.9,24.9,99,22,0x00,0,0x0030,0x00000000,0x00000000,20,FAULT_BLOCKED
175288,0.8,3.5,0.0,0.0,0.0,0,12.8,20.9,24.9,99,22,0x00,0,0x0030,0x00000000,0x00000000,20,FAULT_BLOCKED
175388,0.7,3.6,0.0,0.0,0.0,0,12.72,20.9,24.8,99,22,0x00,0,0x0030,0x00000000,0x00000000,20,FAULT_BLOCKED
175488,0.8,3.5,0.0,0.0,0.0,0,12.75,20.9,25.0,99,22,0x00,0,0x0030,0x00000000,0x00000000,20,FAULT_BLOCKED
175588,0.8,3.5,0.0,0.0,0.0,0,12.76,20.9,25.2,99,22,0x00,0,0x0030,0x00000000,0x00000000,21,FAULT_BLOCKED
175688,0.8,3.5,0.0,0.0,0.0,0,12.76,20.9,24.9,99,22,0x00,0,0x0030,0x00000000,0x00000000,20,FAULT_BLOCKED
175788,0.8,3.6,0.0,0.0,0.0,0,12.76,20.9,24.9,99,22,0x00,0,0x0030,0x00000000,0x00000000,20,FAULT_BLOCKED
175888,0.8,3.5,0.0,0.0,0.0,0,12.77,20.9,24.9,99,22,0x00,0,0x0030,0x00000000,0x00000000,20,FAULT_BLOCKED
175988,0.8,3.6,0.0,0.0,0.0,0,12.77,20.9,24.9,99,22,0x00,0,0x0030,0x00000000,0x00000000,20,FAULT_BLOCKED
176088,0.8,3.5,0.0,0.0,0.0,0,12.77,20.9,24.9,99,22,0x00,0,0x0030,0x00000000,0x00000000,20,FAULT_BLOCKED
176188,0.7,3.6,0.0,0.0,0.0,0,12.76,20.9,24.9,99,22,0x00,0,0x0030,0x00000000,0x00000000,20,FAULT_BLOCKED
176288,0.8,3.5,0.0,0.0,0.0,0,12.76,20.9,24.9,99,22,0x00,0,0x0030,0x00000000,0x00000000,20,FAULT_BLOCKED
176388,0.8,3.6,0.0,0.0,0.0,0,12.75,20.9,25.0,99,22,0x00,0,0x0030,0x00000000,0x00000000,20,FAULT_BLOCKED
176488,0.8,3.5,0.0,0.0,0.0,0,12.76,20.9,25.2,99,22,0x00,0,0x0030,0x00000000,0x00000000,21,FAULT_BLOCKED
176588,0.8,3.5,0.0,0.0,0.0,0,12.76,20.9,25.0,99,22,0x00,0,0x0030,0x00000000,0x00000000,20,FAULT_BLOCKED
176688,0.8,3.5,0.0,0.0,0.0,0,12.68,20.9,25.0,99,22,0x00,0,0x0030,0x00000000,0x00000000,20,FAULT_BLOCKED
176788,0.7,3.6,0.0,0.0,0.0,0,12.77,20.9,25.0,99,22,0x00,0,0x0030,0x00000000,0x00000000,20,FAULT_BLOCKED
176888,0.8,3.5,0.0,0.0,0.0,0,12.77,20.9,24.8,99,22,0x00,0,0x0030,0x00000000,0x00000000,20,FAULT_BLOCKED
176988,0.8,3.5,0.0,0.0,0.0,0,12.81,21.0,24.9,99,22,0x00,0,0x0030,0x00000000,0x00000000,20,FAULT_BLOCKED
177088,0.7,3.5,0.0,0.0,0.0,0,12.76,21.0,25.4,99,22,0x00,0,0x0030,0x00000000,0x00000000,22,FAULT_BLOCKED
177188,0.7,3.6,0.0,0.0,0.0,0,12.76,21.0,25.2,99,22,0x00,0,0x0030,0x00000000,0x00000000,21,FAULT_BLOCKED
177288,0.8,3.5,0.0,0.0,0.0,0,12.77,21.0,25.0,99,22,0x00,0,0x0030,0x00000000,0x00000000,20,FAULT_BLOCKED
177388,0.7,3.6,0.0,0.0,0.0,0,12.76,21.0,25.0,99,22,0x00,0,0x0030,0x00000000,0x00000000,20,FAULT_BLOCKED
177488,0.8,3.5,0.0,0.0,0.0,0,12.77,20.9,25.2,99,22,0x00,0,0x0030,0x00000000,0x00000000,21,FAULT_BLOCKED
177588,0.7,3.6,0.0,0.0,0.0,0,12.78,20.9,25.0,99,22,0x00,0,0x0030,0x00000000,0x00000000,20,FAULT_BLOCKED
177688,0.8,3.6,0.0,0.0,0.0,0,12.78,21.0,24.9,99,22,0x00,0,0x0030,0x00000000,0x00000000,20,FAULT_BLOCKED
177788,0.8,3.6,0.0,0.0,0.0,0,12.76,21.0,24.9,99,22,0x00,0,0x0030,0x00000000,0x00000000,20,FAULT_BLOCKED
177888,0.8,3.6,0.0,0.0,0.0,0,12.76,20.9,25.0,99,22,0x00,0,0x0030,0x00000000,0x00000000,20,FAULT_BLOCKED
177988,0.8,3.5,0.0,0.0,0.0,0,12.76,20.9,25.0,99,22,0x00,0,0x0030,0x00000000,0x00000000,20,FAULT_BLOCKED
178088,0.7,3.6,0.0,0.0,0.0,0,12.75,20.9,25.4,99,22,0x00,0,0x0030,0x00000000,0x00000000,22,FAULT_BLOCKED
178188,0.8,3.6,0.0,0.0,0.0,0,12.67,21.0,25.4,99,22,0x00,0,0x0030,0x00000000,0x00000000,22,FAULT_BLOCKED
178288,0.8,3.5,0.0,0.0,0.0,0,12.78,21.0,25.4,99,22,0x00,0,0x0030,0x00000000,0x00000000,22,FAULT_BLOCKED
178388,0.7,3.5,0.0,0.0,0.0,0,12.73,21.0,24.8,99,22,0x00,0,0x0030,0x00000000,0x00000000,20,FAULT_BLOCKED
178488,0.8,3.6,0.0,0.0,0.0,0,12.77,21.0,25.2,99,22,0x00,0,0x0030,0x00000000,0x00000000,21,FAULT_BLOCKED
178588,0.7,3.5,0.0,0.0,0.0,0,12.77,21.0,24.9,99,22,0x00,0,0x0030,0x00000000,0x00000000,20,FAULT_BLOCKED
178688,0.7,3.6,0.0,0.0,0.0,0,12.75,21.0,25.0,99,22,0x00,0,0x0030,0x00000000,0x00000000,20,FAULT_BLOCKED
178788,0.8,3.6,0.0,0.0,0.0,0,12.77,20.9,24.8,99,22,0x00,0,0x0030,0x00000000,0x00000000,20,FAULT_BLOCKED
178888,0.8,3.5,0.0,0.0,0.0,0,12.78,20.9,25.0,99,22,0x00,0,0x0030,0x00000000,0x00000000,20,FAULT_BLOCKED
178988,0.8,3.5,0.0,0.0,0.0,0,12.77,21.0,24.9,99,22,0x00,0,0x0030,0x00000000,0x00000000,20,FAULT_BLOCKED
179088,0.8,3.6,0.0,0.0,0.0,0,12.77,21.0,24.9,99,22,0x00,0,0x0030,0x00000000,0x00000000,20,FAULT_BLOCKED
179188,0.8,3.6,0.0,0.0,0.0,0,12.76,21.0,25.3,99,22,0x00,0,0x0020,0x00000000,0x00000000,22,FAULT_BLOCKED
179288,0.8,3.5,0.0,0.0,0.0,0,12.77,20.9,25.2,99,22,0x00,0,0x0020,0x00000000,0x00000000,21,FAULT_BLOCKED
179388,0.7,3.6,0.0,0.0,0.0,0,12.76,20.9,24.8,99,22,0x00,0,0x0020,0x00000000,0x00000000,20,FAULT_BLOCKED
179488,0.8,3.5,0.0,0.0,0.0,0,12.77,20.9,24.9,99,22,0x00,0,0x0020,0x00000000,0x00000000,20,FAULT_BLOCKED
179588,0.8,3.5,0.0,0.0,0.0,0,12.77,20.9,24.8,99,22,0x00,0,0x0020,0x00000000,0x00000000,20,FAULT_BLOCKED
179688,0.8,3.5,0.0,0.0,0.0,0,12.78,20.9,25.2,99,22,0x00,0,0x0020,0x00000000,0x00000000,21,FAULT_BLOCKED
179788,0.8,3.5,0.0,0.0,0.0,0,12.7,20.9,25.0,99,22,0x00,0,0x0020,0x00000000,0x00000000,20,FAULT_BLOCKED
179888,0.8,3.5,0.0,0.0,0.0,0,12.75,20.9,25.2,99,22,0x00,0,0x0020,0x00000000,0x00000000,21,FAULT_BLOCKED
179988,0.8,3.5,0.0,0.0,0.0,0,12.74,20.9,25.0,99,22,0x00,0,0x0020,0x00000000,0x00000000,20,FAULT_BLOCKED
180088,0.8,3.6,0.0,0.0,0.0,0,12.77,20.9,25.0,99,22,0x00,0,0x0020,0x00000000,0x00000000,20,FAULT_BLOCKED
180188,0.8,3.5,0.0,0.0,0.0,0,12.76,20.9,25.4,99,22,0x00,0,0x0020,0x00000000,0x00000000,22,FAULT_BLOCKED
180288,0.8,3.5,0.0,0.0,0.0,0,12.76,21.0,25.3,99,22,0x00,0,0x0020,0x00000000,0x00000000,22,FAULT_BLOCKED
180388,0.7,3.6,0.0,0.0,0.0,0,12.79,21.0,25.0,99,22,0x00,0,0x0020,0x00000000,0x00000000,20,FAULT_BLOCKED
180488,0.8,3.5,0.0,0.0,0.0,0,12.77,21.0,25.2,99,22,0x00,0,0x0020,0x00000000,0x00000000,21,FAULT_BLOCKED
180588,0.8,3.4,0.0,0.0,0.0,0,12.77,21.0,25.2,99,22,0x00,0,0x0020,0x00000000,0x00000000,21,FAULT_BLOCKED
180688,0.8,3.6,0.0,0.0,0.0,0,12.78,20.9,25.2,99,22,0x00,0,0x0020,0x00000000,0x00000000,21,FAULT_BLOCKED
180788,0.8,3.6,0.0,0.0,0.0,0,12.83,20.9,25.2,99,22,0x00,0,0x0020,0x00000000,0x00000000,21,FAULT_BLOCKED
180888,0.8,3.5,0.0,0.0,0.0,0,12.76,20.9,25.2,99,22,0x00,0,0x0020,0x00000000,0x00000000,21,FAULT_BLOCKED
180988,0.8,3.5,0.0,0.0,0.0,0,12.77,20.9,25.4,99,22,0x00,0,0x0020,0x00000000,0x00000000,22,FAULT_BLOCKED
181088,0.8,3.5,0.0,0.0,0.0,0,12.74,20.9,25.3,99,22,0x00,0,0x0020,0x00000000,0x00000000,22,FAULT_BLOCKED
181188,0.8,3.6,0.0,0.0,0.0,0,12.78,20.9,25.2,99,22,0x00,0,0x0020,0x00000000,0x00000000,21,FAULT_BLOCKED
181288,0.8,3.5,0.0,0.0,0.0,0,12.73,20.9,25.3,99,22,0x00,0,0x0020,0x00000000,0x00000000,22,FAULT_BLOCKED
181388,0.7,3.6,0.0,0.0,0.0,0,12.78,20.9,25.0,99,22,0x00,0,0x0020,0x00000000,0x00000000,20,FAULT_BLOCKED
181488,0.8,3.5,0.0,0.0,0.0,0,12.75,20.9,25.0,99,22,0x00,0,0x0020,0x00000000,0x00000000,20,FAULT_BLOCKED
181588,0.9,3.5,0.0,0.0,0.0,0,12.78,20.9,25.0,99,22,0x00,0,0x0020,0x00000000,0x00000000,20,FAULT_BLOCKED
181688,0.8,3.5,0.0,0.0,0.0,0,12.76,20.9,25.0,99,22,0x00,0,0x0020,0x00000000,0x00000000,20,FAULT_BLOCKED
181788,0.8,3.6,0.0,0.0,0.0,0,12.75,20.9,25.4,99,22,0x00,0,0x0020,0x00000000,0x00000000,22,FAULT_BLOCKED
181888,0.8,3.5,0.0,0.0,0.0,0,12.78,20.9,25.4,99,22,0x00,0,0x0020,0x00000000,0x00000000,22,FAULT_BLOCKED
181988,0.8,3.5,0.0,0.0,0.0,0,12.78,20.9,25.2,99,22,0x00,0,0x0020,0x00000000,0x00000000,21,FAULT_BLOCKED
182088,0.8,3.6,0.0,0.0,0.0,0,12.78,20.9,25.2,99,22,0x00,0,0x0020,0x00000000,0x00000000,21,FAULT_BLOCKED
182188,0.7,3.6,0.0,0.0,0.0,0,12.77,20.9,25.3,99,22,0x00,0,0x0020,0x00000000,0x00000000,22,FAULT_BLOCKED
182288,0.8,3.5,0.0,0.0,0.0,0,12.79,20.9,25.2,99,22,0x00,0,0x0020,0x00000000,0x00000000,21,FAULT_BLOCKED
182388,0.8,3.6,0.0,0.0,0.0,0,12.77,20.9,25.0,99,22,0x00,0,0x0020,0x00000000,0x00000000,20,FAULT_BLOCKED
182488,0.8,3.5,0.0,0.0,0.0,0,12.77,20.9,25.2,99,22,0x00,0,0x0020,0x00000000,0x00000000,21,FAULT_BLOCKED
182588,0.8,3.5,0.0,0.0,0.0,0,12.77,20.9,25.2,99,22,0x00,0,0x0020,0x00000000,0x00000000,21,FAULT_BLOCKED
182688,0.8,3.6,0.0,0.0,0.0,0,12.76,20.9,24.9,99,22,0x00,0,0x0020,0x00000000,0x00000000,20,FAULT_BLOCKED
182788,0.8,3.6,0.0,0.0,0.0,0,12.76,20.9,25.2,99,22,0x00,0,0x0020,0x00000000,0x00000000,21,FAULT_BLOCKED
182888,0.8,3.5,0.0,0.0,0.0,0,12.79,20.9,25.4,99,22,0x00,0,0x0020,0x00000000,0x00000000,22,FAULT_BLOCKED
182988,0.8,3.5,0.0,0.0,0.0,0,12.79,20.9,25.5,99,22,0x00,0,0x0020,0x00000000,0x00000000,23,FAULT_BLOCKED
183088,0.8,3.6,0.0,0.0,0.0,0,12.76,20.9,24.9,99,22,0x00,0,0x0020,0x00000000,0x00000000,20,FAULT_BLOCKED
183188,0.8,3.5,0.0,0.0,0.0,0,12.76,20.9,25.2,99,22,0x00,0,0x0020,0x00000000,0x00000000,21,FAULT_BLOCKED
183288,0.8,3.5,0.0,0.0,0.0,0,12.78,20.9,25.5,99,22,0x00,0,0x0020,0x00000000,0x00000000,23,FAULT_BLOCKED
183388,0.8,3.5,0.0,0.0,0.0,0,12.76,20.9,25.0,99,22,0x00,0,0x0020,0x00000000,0x00000000,20,FAULT_BLOCKED
183488,0.8,3.5,0.0,0.0,0.0,0,12.76,20.9,25.0,99,22,0x00,0,0x0020,0x00000000,0x00000000,20,FAULT_BLOCKED
183588,0.8,3.5,0.0,0.0,0.0,0,12.76,20.9,24.9,99,22,0x00,0,0x0020,0x00000000,0x00000000,20,FAULT_BLOCKED
183688,0.8,3.6,0.0,0.0,0.0,0,12.79,20.9,25.0,99,22,0x00,0,0x0020,0x00000000,0x00000000,20,FAULT_BLOCKED
183788,0.8,3.5,0.0,0.0,0.0,0,12.77,21.0,25.0,99,22,0x00,0,0x0020,0x00000000,0x00000000,20,FAULT_BLOCKED
183888,0.8,3.5,0.0,0.0,0.0,0,12.76,21.0,25.0,99,22,0x00,0,0x0020,0x00000000,0x00000000,20,FAULT_BLOCKED
183988,0.8,3.5,0.0,0.0,0.0,0,12.76,21.0,25.4,99,22,0x00,0,0x0020,0x00000000,0x00000000,22,FAULT_BLOCKED
184088,0.8,3.6,0.0,0.0,0.0,0,12.84,20.9,25.2,99,22,0x00,0,0x0020,0x00000000,0x00000000,21,FAULT_BLOCKED
184188,0.8,3.5,0.0,0.0,0.0,0,12.75,21.0,25.0,99,22,0x00,0,0x0020,0x00000000,0x00000000,20,FAULT_BLOCKED
184288,0.8,3.5,0.0,0.0,0.0,0,12.81,21.0,25.3,99,22,0x00,0,0x0020,0x00000000,0x00000000,22,FAULT_BLOCKED
184388,0.8,3.6,0.0,0.0,0.0,0,12.8,21.0,25.3,99,22,0x00,0,0x0020,0x00000000,0x00000000,22,FAULT_BLOCKED
184488,0.8,3.5,0.0,0.0,0.0,0,12.79,21.0,24.9,99,22,0x00,0,0x0020,0x00000000,0x00000000,20,FAULT_BLOCKED
184588,0.8,3.5,0.0,0.0,0.0,0,12.79,21.0,24.9,99,22,0x00,0,0x0020,0x00000000,0x00000000,20,FAULT_BLOCKED
184688,0.8,3.6,0.0,0.0,0.0,0,12.8,20.9,25.0,99,22,0x00,0,0x0020,0x00000000,0x00000000,20,FAULT_BLOCKED
184788,0.8,3.5,0.0,0.0,0.0,0,12.78,21.0,25.0,99,22,0x00,0,0x0020,0x00000000,0x00000000,20,FAULT_BLOCKED
184888,0.8,3.5,0.0,0.0,0.0,0,12.76,21.0,25.2,99,22,0x00,0,0x0020,0x00000000,0x00000000,21,FAULT_BLOCKED
184988,0.8,3.5,0.0,0.0,0.0,0,12.76,20.9,24.9,99,22,0x00,0,0x0020,0x00000000,0x00000000,20,FAULT_BLOCKED
185088,0.8,3.5,0.0,0.0,0.0,0,12.78,20.9,25.2,99,22,0x00,0,0x0020,0x00000000,0x00000000,21,FAULT_BLOCKED
185188,0.7,3.5,0.0,0.0,0.0,0,12.79,20.9,24.8,99,22,0x00,0,0x0020,0x00000000,0x00000000,20,FAULT_BLOCKED
185288,0.8,3.5,0.0,0.0,0.0,0,12.77,20.9,25.2,99,22,0x00,0,0x0020,0x00000000,0x00000000,21,FAULT_BLOCKED
185388,0.8,3.5,0.0,0.0,0.0,0,12.77,21.0,25.2,99,22,0x00,0,0x0020,0x00000000,0x00000000,21,FAULT_BLOCKED
185488,0.8,3.5,0.0,0.0,0.0,0,12.78,21.0,25.2,99,22,0x00,0,0x0020,0x00000000,0x00000000,21,FAULT_BLOCKED
185588,0.8,3.5,0.0,0.0,0.0,0,12.77,20.9,25.2,99,22,0x00,0,0x0020,0x00000000,0x00000000,21,FAULT_BLOCKED
185688,0.8,3.5,0.0,0.0,0.0,0,12.77,20.9,25.2,99,22,0x00,0,0x0020,0x00000000,0x00000000,21,FAULT_BLOCKED
185788,0.8,3.5,0.0,0.0,0.0,0,12.7,20.9,25.0,99,22,0x00,0,0x0020,0x00000000,0x00000000,20,FAULT_BLOCKED
185888,0.8,3.5,0.0,0.0,0.0,0,12.75,20.9,25.0,99,22,0x00,0,0x0020,0x00000000,0x00000000,20,FAULT_BLOCKED
185988,0.8,3.5,0.0,0.0,0.0,0,12.78,20.9,25.0,99,22,0x00,0,0x0020,0x00000000,0x00000000,20,FAULT_BLOCKED
186088,0.7,3.5,0.0,0.0,0.0,0,12.76,20.9,25.0,99,22,0x00,0,0x0020,0x00000000,0x00000000,20,FAULT_BLOCKED
186188,0.5,3.5,0.0,0.0,0.0,0,12.76,20.9,25.0,99,22,0x00,0,0x0020,0x00000000,0x00000000,20,FAULT_BLOCKED
186288,0.6,3.5,0.0,0.0,0.0,0,12.75,20.9,25.0,99,22,0x00,0,0x0020,0x00000000,0x00000000,20,FAULT_BLOCKED
186388,0.8,3.5,0.0,0.0,0.0,0,12.76,20.9,25.2,99,22,0x00,0,0x0020,0x00000000,0x00000000,21,FAULT_BLOCKED
186488,0.8,3.5,0.0,0.0,0.0,0,12.79,20.9,25.2,99,22,0x00,0,0x0020,0x00000000,0x00000000,21,FAULT_BLOCKED
186588,0.8,3.6,0.0,0.0,0.0,0,12.77,20.9,25.0,99,22,0x00,0,0x0020,0x00000000,0x00000000,20,FAULT_BLOCKED
186688,0.8,3.5,0.0,0.0,0.0,0,12.77,20.9,25.3,99,22,0x00,0,0x0020,0x00000000,0x00000000,22,FAULT_BLOCKED
186788,0.7,3.5,0.0,0.0,0.0,0,12.76,20.9,25.4,99,22,0x00,0,0x0020,0x00000000,0x00000000,22,FAULT_BLOCKED
186888,0.8,3.5,0.0,0.0,0.0,0,12.77,20.9,24.9,99,22,0x00,0,0x0020,0x00000000,0x00000000,20,FAULT_BLOCKED
186988,0.8,3.5,0.0,0.0,0.0,0,12.77,20.9,25.0,99,22,0x00,0,0x0020,0x00000000,0x00000000,20,FAULT_BLOCKED
187088,0.8,3.6,0.0,0.0,0.0,0,12.76,20.9,25.0,99,22,0x00,0,0x0020,0x00000000,0x00000000,20,FAULT_BLOCKED
187188,0.8,3.6,0.0,0.0,0.0,0,12.77,20.9,25.4,99,22,0x00,0,0x0020,0x00000000,0x00000000,22,FAULT_BLOCKED
187288,0.8,3.5,0.0,0.0,0.0,0,12.76,20.9,25.0,99,22,0x00,0,0x0020,0x00000000,0x00000000,20,FAULT_BLOCKED
187388,0.8,3.5,0.0,0.0,0.0,0,12.78,20.9,25.2,99,22,0x00,0,0x0020,0x00000000,0x00000000,21,FAULT_BLOCKED
187488,0.8,3.5,0.0,0.0,0.0,0,12.76,20.9,25.0,99,22,0x00,0,0x0020,0x00000000,0x00000000,20,FAULT_BLOCKED
187588,0.8,3.6,0.0,0.0,0.0,0,12.76,20.9,25.2,99,22,0x00,0,0x0020,0x00000000,0x00000000,21,FAULT_BLOCKED
187688,0.8,3.6,0.0,0.0,0.0,0,12.76,20.9,24.9,99,22,0x00,0,0x0020,0x00000000,0x00000000,20,FAULT_BLOCKED
187788,0.7,3.5,0.0,0.0,0.0,0,12.79,20.9,25.3,99,22,0x00,0,0x0020,0x00000000,0x00000000,22,FAULT_BLOCKED
187888,0.8,3.5,0.0,0.0,0.0,0,12.77,20.9,25.0,99,22,0x00,0,0x0020,0x00000000,0x00000000,20,FAULT_BLOCKED
187988,0.7,3.5,0.0,0.0,0.0,0,12.78,20.9,25.2,99,22,0x00,0,0x0000,0x00000000,0x00000000,21,FAULT_BLOCKED
188088,0.7,3.6,0.0,0.0,0.0,0,12.77,20.9,25.2,99,22,0x00,0,0x0000,0x00000000,0x00000000,21,FAULT_BLOCKED
188188,0.7,3.6,0.0,0.0,0.0,0,12.77,20.9,24.9,99,22,0x00,0,0x0000,0x00000000,0x00000000,20,FAULT_BLOCKED
188288,0.8,3.5,0.0,0.0,0.0,0,12.74,20.9,24.9,99,22,0x00,0,0x0000,0x00000000,0x00000000,20,FAULT_BLOCKED
188388,0.8,3.5,0.0,0.0,0.0,0,12.75,20.9,24.9,99,22,0x00,0,0x0000,0x00000000,0x00000000,20,FAULT_BLOCKED
188488,0.8,3.5,0.0,0.0,0.0,0,12.77,20.9,25.0,99,22,0x00,0,0x0000,0x00000000,0x00000000,20,FAULT_BLOCKED
188588,0.8,3.5,0.0,0.0,0.0,0,12.77,20.9,25.0,99,22,0x00,0,0x0000,0x00000000,0x00000000,20,FAULT_BLOCKED
188688,0.8,3.6,0.0,0.0,0.0,0,12.76,20.9,25.0,99,22,0x00,0,0x0000,0x00000000,0x00000000,20,FAULT_BLOCKED
188788,0.7,3.5,0.0,0.0,0.0,0,12.76,20.9,24.9,99,22,0x00,0,0x0000,0x00000000,0x00000000,20,FAULT_BLOCKED
188888,0.8,3.5,0.0,0.0,0.0,0,12.77,20.9,24.9,99,22,0x00,0,0x0000,0x00000000,0x00000000,20,FAULT_BLOCKED
188988,0.8,3.6,0.0,0.0,0.0,0,12.78,20.9,24.9,99,22,0x00,0,0x0000,0x00000000,0x00000000,20,FAULT_BLOCKED
189088,0.8,3.6,0.0,0.0,0.0,0,12.76,21.0,24.8,99,22,0x00,0,0x0000,0x00000000,0x00000000,20,FAULT_BLOCKED
189188,0.8,3.5,0.0,0.0,0.0,0,12.77,21.0,25.3,99,22,0x00,0,0x0000,0x00000000,0x00000000,22,FAULT_BLOCKED
189288,0.8,3.5,0.0,0.0,0.0,0,12.76,20.9,24.9,99,22,0x00,0,0x0000,0x00000000,0x00000000,20,FAULT_BLOCKED
189388,0.8,3.5,0.0,0.0,0.0,0,12.76,20.9,25.0,99,22,0x00,0,0x0000,0x00000000,0x00000000,20,FAULT_BLOCKED
189488,0.8,3.5,0.0,0.0,0.0,0,12.76,20.9,25.2,99,22,0x00,0,0x0000,0x00000000,0x00000000,21,FAULT_BLOCKED
189588,0.8,3.5,0.0,0.0,0.0,0,12.78,21.0,25.0,99,22,0x00,0,0x0000,0x00000000,0x00000000,20,FAULT_BLOCKED
189688,0.8,3.5,0.0,0.0,0.0,0,12.8,20.9,25.0,99,22,0x00,0,0x0000,0x00000000,0x00000000,20,FAULT_BLOCKED
189788,0.7,3.6,0.0,0.0,0.0,0,12.76,20.9,25.0,99,22,0x00,0,0x0000,0x00000000,0x00000000,20,FAULT_BLOCKED
189888,0.8,3.5,0.0,0.0,0.0,0,12.76,20.9,25.0,99,22,0x00,0,0x0000,0x00000000,0x00000000,20,FAULT_BLOCKED
189988,0.8,3.5,0.0,0.0,0.0,0,12.76,20.9,25.0,99,22,0x00,0,0x0000,0x00000000,0x00000000,20,FAULT_BLOCKED
190088,0.7,3.6,0.0,0.0,0.0,0,12.76,21.0,25.3,99,22,0x00,0,0x0000,0x00000000,0x00000000,22,FAULT_BLOCKED
190188,0.8,3.6,0.0,0.0,0.0,0,12.75,20.9,25.2,99,22,0x00,0,0x0000,0x00000000,0x00000000,21,FAULT_BLOCKED
190288,0.8,3.5,0.0,0.0,0.0,0,12.78,20.9,25.3,99,22,0x00,0,0x0000,0x00000000,0x00000000,22,FAULT_BLOCKED
190388,0.7,3.6,0.0,0.0,0.0,0,12.75,20.9,25.4,99,22,0x00,0,0x0000,0x00000000,0x00000000,22,FAULT_BLOCKED
190488,0.8,3.5,0.0,0.0,0.0,0,12.75,20.9,25.3,99,22,0x00,0,0x0000,0x00000000,0x00000000,22,FAULT_BLOCKED
190588,0.7,3.6,0.0,0.0,0.0,0,12.77,21.0,24.9,99,22,0x00,0,0x0000,0x00000000,0x00000000,20,FAULT_BLOCKED
190688,0.7,3.6,0.0,0.0,0.0,0,12.77,21.0,25.0,99,22,0x00,0,0x0000,0x00000000,0x00000000,20,FAULT_BLOCKED
190788,0.7,3.6,0.0,0.0,0.0,0,12.75,20.9,25.0,99,22,0x00,0,0x0000,0x00000000,0x00000000,20,FAULT_BLOCKED
190888,0.8,3.6,0.0,0.0,0.0,0,12.76,20.9,25.0,99,22,0x00,0,0x0000,0x00000000,0x00000000,20,FAULT_BLOCKED
190988,0.8,3.5,0.0,0.0,0.0,0,12.77,20.9,25.3,99,22,0x00,0,0x0000,0x00000000,0x00000000,22,FAULT_BLOCKED
191088,0.7,3.6,0.0,0.0,0.0,0,12.78,20.9,25.0,99,22,0x00,0,0x0000,0x00000000,0x00000000,20,FAULT_BLOCKED
191188,0.8,3.6,0.0,0.0,0.0,0,12.76,20.9,25.3,99,22,0x00,0,0x0000,0x00000000,0x00000000,22,FAULT_BLOCKED
191288,0.8,3.5,0.0,0.0,0.0,0,12.75,20.9,25.3,99,22,0x00,0,0x0000,0x00000000,0x00000000,22,FAULT_BLOCKED
191388,0.8,3.6,0.0,0.0,0.0,0,12.76,21.0,25.0,99,22,0x00,0,0x0000,0x00000000,0x00000000,20,FAULT_BLOCKED
191488,0.8,3.6,0.0,0.0,0.0,0,12.77,21.0,25.2,99,22,0x00,0,0x0000,0x00000000,0x00000000,21,FAULT_BLOCKED
191588,0.8,3.6,0.0,0.0,0.0,0,12.77,21.0,24.9,99,22,0x00,0,0x0000,0x00000000,0x00000000,20,FAULT_BLOCKED
191688,0.7,3.5,0.0,0.0,0.0,0,12.77,20.9,24.8,99,22,0x00,0,0x0000,0x00000000,0x00000000,20,FAULT_BLOCKED
191788,0.8,3.5,0.0,0.0,0.0,0,12.77,21.0,24.9,99,22,0x00,0,0x0000,0x00000000,0x00000000,20,FAULT_BLOCKED
191888,0.8,3.5,0.0,0.0,0.0,0,12.76,21.0,25.2,99,22,0x00,0,0x0000,0x00000000,0x00000000,21,FAULT_BLOCKED
191988,0.8,3.5,0.0,0.0,0.0,0,12.79,21.0,25.0,99,22,0x00,0,0x0000,0x00000000,0x00000000,20,FAULT_BLOCKED
192088,0.8,3.5,0.0,0.0,0.0,0,12.76,21.0,25.4,99,22,0x00,0,0x0000,0x00000000,0x00000000,22,FAULT_BLOCKED
192188,0.7,3.6,0.0,0.0,0.0,0,12.76,20.9,25.0,99,22,0x00,0,0x0000,0x00000000,0x00000000,20,FAULT_BLOCKED
192288,0.8,3.5,0.0,0.0,0.0,0,12.75,20.9,25.3,99,22,0x00,0,0x0000,0x00000000,0x00000000,22,FAULT_BLOCKED
192388,0.8,3.5,0.0,0.0,0.0,0,12.77,20.9,25.4,99,22,0x00,0,0x0000,0x00000000,0x00000000,22,FAULT_BLOCKED
192488,0.8,3.6,0.0,0.0,0.0,0,12.77,20.9,25.3,99,22,0x00,0,0x0000,0x00000000,0x00000000,22,FAULT_BLOCKED
192588,0.8,3.6,0.0,0.0,0.0,0,12.76,21.0,25.0,99,22,0x00,0,0x0000,0x00000000,0x00000000,20,FAULT_BLOCKED
192688,0.8,3.5,0.0,0.0,0.0,0,12.77,20.9,25.3,99,22,0x00,0,0x0000,0x00000000,0x00000000,22,FAULT_BLOCKED
192788,0.8,3.5,0.0,0.0,0.0,0,12.73,21.0,25.0,99,22,0x00,0,0x0000,0x00000000,0x00000000,20,FAULT_BLOCKED
192888,0.8,3.6,0.0,0.0,0.0,0,12.77,21.0,25.2,99,22,0x00,0,0x0000,0x00000000,0x00000000,21,FAULT_BLOCKED
192988,0.7,3.6,0.0,0.0,0.0,0,12.78,21.0,25.2,99,22,0x00,0,0x0000,0x00000000,0x00000000,21,FAULT_BLOCKED
193088,0.7,3.5,0.0,0.0,0.0,0,12.76,21.0,24.8,99,22,0x00,0,0x0000,0x00000000,0x00000000,20,FAULT_BLOCKED
193188,0.8,3.6,0.0,0.0,0.0,0,12.75,21.0,25.2,99,22,0x00,0,0x0000,0x00000000,0x00000000,21,FAULT_BLOCKED
193288,0.8,3.5,0.0,0.0,0.0,0,12.79,21.0,25.2,99,22,0x00,0,0x0000,0x00000000,0x00000000,21,FAULT_BLOCKED
193388,0.8,3.5,0.0,0.0,0.0,0,12.79,21.0,24.9,99,22,0x00,0,0x0000,0x00000000,0x00000000,20,FAULT_BLOCKED
193488,0.8,3.5,0.0,0.0,0.0,0,12.78,21.0,25.0,99,22,0x00,0,0x0000,0x00000000,0x00000000,20,FAULT_BLOCKED
193588,0.8,3.6,0.0,0.0,0.0,0,12.78,20.9,25.0,99,22,0x00,0,0x0000,0x00000000,0x00000000,20,FAULT_BLOCKED
193688,0.8,3.5,0.0,0.0,0.0,0,12.79,20.9,25.2,99,22,0x00,0,0x0000,0x00000000,0x00000000,21,FAULT_BLOCKED
193788,0.8,3.5,0.0,0.0,0.0,0,12.76,20.9,25.2,99,22,0x00,0,0x0000,0x00000000,0x00000000,21,FAULT_BLOCKED
193888,0.8,3.5,0.0,0.0,0.0,0,12.76,20.9,25.2,99,22,0x00,0,0x0000,0x00000000,0x00000000,21,FAULT_BLOCKED
193988,0.8,3.5,0.0,0.0,0.0,0,12.76,20.9,25.2,99,22,0x00,0,0x0000,0x00000000,0x00000000,21,FAULT_BLOCKED
194088,0.8,3.6,0.0,0.0,0.0,0,12.78,20.9,25.3,99,22,0x00,0,0x0000,0x00000000,0x00000000,22,FAULT_BLOCKED
194188,0.8,3.5,0.0,0.0,0.0,0,12.78,20.9,25.3,99,22,0x00,0,0x0000,0x00000000,0x00000000,22,FAULT_BLOCKED
194288,0.8,3.5,0.0,0.0,0.0,0,12.72,20.9,25.0,99,22,0x00,0,0x0000,0x00000000,0x00000000,20,FAULT_BLOCKED
194388,0.7,3.6,0.0,0.0,0.0,0,12.78,20.9,25.0,99,22,0x00,0,0x0000,0x00000000,0x00000000,20,FAULT_BLOCKED
194488,0.8,3.5,0.0,0.0,0.0,0,12.76,20.9,25.0,99,22,0x00,0,0x0000,0x00000000,0x00000000,20,FAULT_BLOCKED
194588,0.7,3.6,0.0,0.0,0.0,0,12.77,20.9,25.3,99,22,0x00,0,0x0000,0x00000000,0x00000000,22,FAULT_BLOCKED
194688,0.8,3.6,0.0,0.0,0.0,0,12.77,20.9,25.2,99,22,0x00,0,0x0000,0x00000000,0x00000000,21,FAULT_BLOCKED
194788,0.8,3.6,0.0,0.0,0.0,0,12.78,20.9,25.2,99,22,0x00,0,0x0000,0x00000000,0x00000000,21,FAULT_BLOCKED
194888,0.8,3.6,0.0,0.0,0.0,0,12.76,20.9,25.2,99,22,0x00,0,0x0000,0x00000000,0x00000000,21,FAULT_BLOCKED
194988,0.8,3.6,0.0,0.0,0.0,0,12.79,20.9,25.3,99,22,0x00,0,0x0000,0x00000000,0x00000000,22,FAULT_BLOCKED
195088,0.8,3.6,0.0,0.0,0.0,0,12.79,20.9,25.2,99,22,0x00,0,0x0000,0x00000000,0x00000000,21,FAULT_BLOCKED
195188,0.8,3.5,0.0,0.0,0.0,0,12.76,20.9,25.0,99,22,0x00,0,0x0000,0x00000000,0x00000000,20,FAULT_BLOCKED
195288,0.8,3.5,0.0,0.0,0.0,0,12.77,20.9,25.0,99,22,0x00,0,0x0000,0x00000000,0x00000000,20,FAULT_BLOCKED
195388,0.8,3.5,0.0,0.0,0.0,0,12.77,20.9,24.9,99,22,0x00,0,0x0000,0x00000000,0x00000000,20,FAULT_BLOCKED
195488,0.8,3.5,0.0,0.0,0.0,0,12.78,21.0,25.0,99,22,0x00,0,0x0000,0x00000000,0x00000000,20,FAULT_BLOCKED
195588,0.8,3.6,0.0,0.0,0.0,0,12.78,20.9,25.0,99,22,0x00,0,0x0000,0x00000000,0x00000000,20,FAULT_BLOCKED
195688,0.8,3.6,0.0,0.0,0.0,0,12.77,21.0,25.0,99,22,0x00,0,0x0000,0x00000000,0x00000000,20,FAULT_BLOCKED
195788,0.8,3.6,0.0,0.0,0.0,0,12.78,20.9,25.0,99,22,0x00,0,0x0000,0x00000000,0x00000000,20,FAULT_BLOCKED
195888,0.8,3.5,0.0,0.0,0.0,0,12.76,20.9,25.4,99,22,0x00,0,0x0000,0x00000000,0x00000000,22,FAULT_BLOCKED
195988,0.8,3.5,0.0,0.0,0.0,0,12.78,20.9,25.4,99,22,0x00,0,0x0000,0x00000000,0x00000000,22,FAULT_BLOCKED
196088,0.8,3.5,0.0,0.0,0.0,0,12.75,20.9,25.4,99,22,0x00,0,0x0000,0x00000000,0x00000000,22,FAULT_BLOCKED
196188,0.8,3.6,0.0,0.0,0.0,0,12.76,20.9,25.0,99,22,0x00,0,0x0000,0x00000000,0x00000000,20,FAULT_BLOCKED
196288,0.8,3.5,0.0,0.0,0.0,0,12.76,20.9,25.0,99,22,0x00,0,0x0000,0x00000000,0x00000000,20,FAULT_BLOCKED
196388,0.8,3.6,0.0,0.0,0.0,0,12.77,20.9,25.2,99,22,0x00,0,0x0000,0x00000000,0x00000000,21,FAULT_BLOCKED
196488,0.8,3.5,0.0,0.0,0.0,0,12.77,21.0,25.2,99,22,0x00,0,0x0000,0x00000000,0x00000000,21,FAULT_BLOCKED
196588,0.8,3.5,0.0,0.0,0.0,0,12.75,21.0,25.4,99,22,0x00,0,0x0000,0x00000000,0x00000000,22,FAULT_BLOCKED
196688,0.8,3.5,0.0,0.0,0.0,0,12.77,21.0,25.0,99,22,0x00,0,0x0000,0x00000000,0x00000000,20,FAULT_BLOCKED
196788,0.7,3.4,0.0,0.0,0.0,0,12.77,21.0,25.0,99,22,0x00,0,0x0000,0x00000000,0x00000000,20,FAULT_BLOCKED
196888,0.8,3.5,0.0,0.0,0.0,0,12.76,21.0,25.3,99,22,0x00,0,0x0000,0x00000000,0x00000000,22,FAULT_BLOCKED
196988,0.8,3.5,0.0,0.0,0.0,0,12.76,21.0,25.2,99,22,0x00,0,0x0000,0x00000000,0x00000000,21,FAULT_BLOCKED
197088,0.8,3.6,0.0,0.0,0.0,0,12.76,21.0,25.3,99,22,0x00,0,0x0000,0x00000000,0x00000000,22,FAULT_BLOCKED
197188,0.8,3.5,0.0,0.0,0.0,0,12.76,21.0,25.3,99,22,0x00,0,0x0000,0x00000000,0x00000000,22,FAULT_BLOCKED
197288,0.8,3.6,0.0,0.0,0.0,0,12.75,21.0,25.2,99,22,0x00,0,0x0000,0x00000000,0x00000000,21,FAULT_BLOCKED
197388,0.8,3.5,0.0,0.0,0.0,0,12.77,21.0,25.2,99,22,0x00,0,0x0000,0x00000000,0x00000000,21,FAULT_BLOCKED
197488,0.8,3.6,0.0,0.0,0.0,0,12.78,21.0,24.8,99,22,0x00,0,0x0000,0x00000000,0x00000000,20,FAULT_BLOCKED
197588,0.7,3.5,0.0,0.0,0.0,0,12.77,21.0,24.9,99,22,0x00,0,0x0000,0x00000000,0x00000000,20,FAULT_BLOCKED
197688,0.8,3.6,0.0,0.0,0.0,0,12.75,21.0,25.0,99,22,0x00,0,0x0000,0x00000000,0x00000000,20,FAULT_BLOCKED
197788,0.7,3.6,0.0,0.0,0.0,0,12.78,20.9,24.9,99,22,0x00,0,0x0000,0x00000000,0x00000000,20,FAULT_BLOCKED
197888,0.8,3.5,0.0,0.0,0.0,0,12.76,20.9,25.0,99,22,0x00,0,0x0000,0x00000000,0x00000000,20,FAULT_BLOCKED
197988,0.8,3.6,0.0,0.0,0.0,0,12.77,21.0,25.2,99,22,0x00,0,0x0000,0x00000000,0x00000000,21,FAULT_BLOCKED
198088,0.8,3.6,0.0,0.0,0.0,0,12.77,20.9,25.2,99,22,0x00,0,0x0000,0x00000000,0x00000000,21,FAULT_BLOCKED
198188,0.8,3.5,0.0,0.0,0.0,0,12.77,21.0,25.2,99,22,0x00,0,0x0000,0x00000000,0x00000000,21,FAULT_BLOCKED
