t_ms,accel_x_g,accel_y_g,accel_z_g,gyro_x_dps,gyro_y_dps,gyro_z_dps,imu_temp_c
3232,0.1354,-0.2091,0.8765,-6.26,8.0,-0.09,25.2
3283,0.1315,-0.212,0.8745,-6.49,7.92,-0.17,25.19
3294,0.1235,-0.2106,0.8688,-6.41,7.86,-0.11,25.21
3304,0.1262,-0.2098,0.8685,-6.37,7.8,-0.11,25.22
3314,0.1266,-0.2144,0.8691,-6.26,7.83,-0.17,25.22
3325,0.1265,-0.2157,0.8746,-6.14,7.89,-0.08,25.24
3335,0.1243,-0.2163,0.8804,-6.18,7.76,-0.14,25.23
3345,0.1283,-0.2142,0.8788,-6.27,7.62,-0.09,25.22
3355,0.1321,-0.2119,0.8822,-6.12,7.4,-0.11,25.2
3365,0.1362,-0.2084,0.8859,-6.11,7.63,-0.08,25.22
3375,0.1389,-0.2096,0.8892,-6.06,7.69,-0.02,25.22
3385,0.1426,-0.2079,0.8865,-6.29,7.94,-0.09,25.2
3395,0.1447,-0.2091,0.8821,-6.55,7.89,-0.03,25.22
3405,0.1456,-0.2075,0.8801,-6.47,7.79,-0.05,25.21
3415,0.1451,-0.2107,0.8798,-6.46,7.97,0.02,25.22
3425,0.1422,-0.2096,0.8801,-6.55,8.31,-0.02,25.23
3435,0.1371,-0.2059,0.8784,-6.49,8.27,0.12,25.22
3445,0.1364,-0.2078,0.8784,-6.4,8.09,0.14,25.23
3455,0.1356,-0.21,0.8789,-6.58,7.88,0.0,25.2
3465,0.1382,-0.2031,0.8704,-6.41,7.85,-0.06,25.19
3475,0.1411,-0.2131,0.8733,-6.53,7.94,-0.08,25.23
3485,0.1371,-0.2117,0.8662,-6.56,8.24,0.0,25.22
3495,0.1356,-0.2125,0.8638,-6.4,8.26,-0.06,25.21
3505,0.1289,-0.214,0.8663,-6.18,8.29,-0.03,25.21
3515,0.1292,-0.2123,0.8678,-6.14,8.18,-0.02,25.19
3525,0.1257,-0.2111,0.8695,-6.18,7.86,-0.08,25.21
3535,0.1244,-0.2114,0.8733,-6.31,7.79,-0.03,25.2
3545,0.1218,-0.2029,0.8701,-6.21,7.89,-0.05,25.21
3555,0.126,-0.2067,0.874,-6.15,7.83,-0.03,25.23
3565,0.1282,-0.2104,0.868,-6.14,7.62,0.02,25.22
3575,0.1364,-0.2097,0.8728,-6.15,7.71,0.03,25.22
3585,0.1372,-0.2078,0.8717,-6.32,7.69,0.06,25.22
3595,0.1389,-0.2141,0.8711,-6.52,8.05,-0.06,25.21
3605,0.1339,-0.2134,0.877,-6.44,8.08,0.05,25.22
3615,0.1329,-0.2111,0.8777,-6.14,8.11,0.02,25.21
3625,0.1292,-0.2086,0.881,-6.05,8.0,-0.06,25.2
3635,0.1285,-0.2074,0.8853,-6.17,7.8,-0.06,25.21
3645,0.1317,-0.2067,0.8804,-6.29,7.66,-0.08,25.24
3655,0.1322,-0.2107,0.8744,-6.41,7.73,-0.08,25.22
3665,0.1278,-0.2037,0.8782,-6.29,7.65,-0.06,25.22
3675,0.1305,-0.202,0.8801,-6.21,7.79,-0.12,25.22
3685,0.1255,-0.2041,0.8779,-6.11,7.51,-0.11,25.2
3695,0.1342,-0.2021,0.8761,-6.23,7.27,-0.14,25.21
3705,0.136,-0.2062,0.8806,-6.56,7.28,-0.21,25.23
3715,0.1395,-0.2101,0.879,-6.72,7.5,-0.09,25.21
3725,0.1412,-0.212,0.873,-6.61,7.68,-0.09,25.22
3735,0.1417,-0.2126,0.874,-6.46,7.74,-0.02,25.24
3745,0.1431,-0.213,0.8734,-6.46,7.86,0.02,25.21
3755,0.1383,-0.2104,0.8794,-6.44,8.05,-0.05,25.2
3765,0.1379,-0.2134,0.879,-6.53,8.12,-0.03,25.22
3775,0.1404,-0.2122,0.876,-6.52,8.05,0.0,25.22
3785,0.1359,-0.2089,0.8756,-6.4,8.03,-0.05,25.21
3795,0.1324,-0.2062,0.8759,-6.21,7.94,0.0,25.22
3805,0.1351,-0.205,0.8746,-6.12,7.95,0.05,25.23
3815,0.1315,-0.207,0.8763,-6.21,8.02,0.11,25.22
3825,0.1337,-0.2081,0.8774,-6.43,8.17,0.03,25.23
3835,0.1307,-0.2074,0.8741,-6.43,8.14,0.02,25.19
3845,0.1266,-0.2063,0.8737,-6.31,8.02,0.0,25.22
3855,0.1284,-0.2079,0.8765,-6.34,8.05,0.05,25.22
3865,0.126,-0.2086,0.8699,-6.32,8.03,0.02,25.22
3875,0.1245,-0.2061,0.8743,-6.31,7.98,0.05,25.23
3885,0.1292,-0.2061,0.8701,-6.32,7.91,-0.06,25.24
3895,0.1287,-0.2096,0.8668,-6.41,7.88,-0.05,25.21
3905,0.1302,-0.2101,0.8667,-6.38,7.91,-0.05,25.23
3915,0.1307,-0.2124,0.8702,-6.29,7.98,-0.09,25.23
3925,0.1294,-0.2144,0.8765,-6.29,8.08,-0.02,25.22
3935,0.1305,-0.213,0.8783,-6.29,7.94,0.0,25.23
3945,0.1339,-0.2152,0.874,-6.23,7.77,-0.05,25.24
3955,0.1361,-0.2125,0.8756,-6.14,7.71,0.03,25.22
3965,0.1362,-0.2128,0.8801,-6.14,7.8,0.0,25.22
3975,0.1372,-0.2102,0.8789,-6.14,8.03,0.05,25.24
3985,0.1348,-0.2101,0.8829,-6.17,7.91,0.05,25.24
3995,0.1373,-0.208,0.8824,-6.15,7.76,-0.02,25.22
4005,0.1394,-0.2039,0.8824,-6.14,7.63,0.0,25.24
4015,0.141,-0.2032,0.8796,-6.21,7.69,-0.02,25.2
4025,0.1427,-0.2062,0.8835,-6.34,7.88,-0.05,25.22
4035,0.144,-0.2092,0.882,-6.64,8.0,0.02,25.23
4045,0.1412,-0.212,0.8739,-6.79,8.17,0.03,25.23
4055,0.1406,-0.209,0.8743,-6.53,7.98,0.06,25.24
4065,0.1364,-0.2058,0.8729,-6.24,7.76,0.12,25.24
4075,0.134,-0.2052,0.8773,-6.29,7.89,0.08,25.24
4085,0.1316,-0.2087,0.8802,-6.44,7.98,0.11,25.24
4095,0.1326,-0.2031,0.8712,-6.7,7.98,0.05,25.25
4105,0.1323,-0.2045,0.8702,-6.4,7.63,-0.05,25.24
4115,0.1342,-0.2041,0.8688,-6.18,7.5,-0.06,25.25
4125,0.1364,-0.2045,0.8701,-6.4,7.85,-0.14,25.24
4135,0.1335,-0.2081,0.8711,-6.38,8.05,-0.05,25.21
4145,0.1339,-0.207,0.8694,-6.49,8.0,-0.09,25.21
4155,0.13,-0.2135,0.8693,-6.5,7.97,-0.06,25.22
4165,0.1294,-0.2111,0.8687,-6.46,7.86,-0.09,25.21
4175,0.1298,-0.2126,0.8721,-6.29,7.94,0.02,25.19
4185,0.1271,-0.2113,0.8741,-6.27,7.97,0.0,25.22
4195,0.1227,-0.2107,0.8789,-6.32,8.06,-0.05,25.23
4205,0.1243,-0.21,0.8778,-6.26,7.77,-0.08,25.22
4215,0.1285,-0.2113,0.8806,-6.38,7.4,-0.03,25.25
4225,0.1315,-0.2097,0.877,-6.35,7.48,-0.09,25.21
4235,0.1301,-0.2075,0.8801,-6.31,7.6,-0.2,25.22
4245,0.1317,-0.2086,0.8782,-6.35,7.83,-0.14,25.19
4255,0.1323,-0.2123,0.8817,-6.37,7.94,-0.17,25.24
4265,0.1332,-0.2111,0.8833,-6.41,7.82,-0.08,25.23
4275,0.1349,-0.2097,0.8817,-6.4,7.73,-0.05,25.24
4285,0.1362,-0.2078,0.8806,-6.32,7.62,-0.05,25.23
4295,0.1378,-0.2089,0.8757,-6.4,7.77,-0.03,25.23
4305,0.1393,-0.2075,0.8774,-6.35,7.91,-0.08,25.21
4315,0.141,-0.2045,0.8761,-6.44,7.88,-0.08,25.25
4325,0.1388,-0.2046,0.8773,-6.58,7.8,-0.02,25.22
4335,0.141,-0.2072,0.8777,-6.55,7.79,-0.08,25.23
4345,0.1392,-0.208,0.8761,-6.52,7.83,-0.08,25.23
4355,0.1399,-0.2062,0.8713,-6.53,7.97,-0.05,25.24
4365,0.1376,-0.212,0.8695,-6.47,8.08,-0.09,25.23
4375,0.1356,-0.209,0.8719,-6.46,7.95,-0.02,25.22
4385,0.1306,-0.2081,0.8718,-6.44,7.86,-0.09,25.22
4395,0.1309,-0.2091,0.868,-6.37,7.79,-0.06,25.22
4405,0.1331,-0.2074,0.87,-6.23,7.79,-0.06,25.22
4415,0.1307,-0.2067,0.873,-6.27,7.92,0.02,25.22
4425,0.1295,-0.2136,0.874,-6.24,7.97,-0.02,25.24
4435,0.1274,-0.2098,0.876,-6.29,7.91,-0.03,25.22
4445,0.1309,-0.2098,0.8776,-6.24,7.68,-0.12,25.26
4455,0.1317,-0.2074,0.8795,-6.29,7.63,-0.02,25.23
4465,0.1292,-0.2062,0.8855,-6.31,7.89,-0.03,25.26
4475,0.1307,-0.214,0.8783,-6.29,7.8,-0.08,25.22
4485,0.1288,-0.2068,0.8811,-6.43,7.88,-0.03,25.24
4495,0.1279,-0.2131,0.8784,-6.53,7.69,-0.05,25.23
4505,0.1272,-0.2133,0.8746,-6.38,7.88,-0.05,25.2
4515,0.1292,-0.21,0.8813,-6.35,7.85,-0.08,25.21
4525,0.1281,-0.2108,0.8787,-6.31,7.98,0.03,25.23
4535,0.1292,-0.2109,0.8793,-6.23,7.92,-0.03,25.24
4545,0.1228,-0.2094,0.877,-6.47,7.71,-0.09,25.24
4555,0.126,-0.208,0.8724,-6.49,7.59,-0.05,25.24
4565,0.1277,-0.2091,0.8699,-6.37,7.56,-0.09,25.24
4575,0.131,-0.2042,0.8663,-6.27,7.66,-0.08,25.24
4585,0.1329,-0.2056,0.8691,-6.15,7.85,0.03,25.24
4595,0.1327,-0.2107,0.8748,-6.34,7.83,-0.05,25.25
4605,0.1323,-0.2128,0.8754,-6.49,7.82,-0.03,25.24
4615,0.1344,-0.2098,0.8735,-6.53,7.71,0.02,25.21
4625,0.1343,-0.2079,0.8706,-6.29,7.6,-0.05,25.23
4635,0.1345,-0.2065,0.8704,-6.24,7.76,-0.06,25.22
4645,0.1322,-0.2076,0.8746,-6.26,7.83,-0.08,25.22
4655,0.1322,-0.2056,0.8777,-6.47,7.82,-0.09,25.21
4665,0.1353,-0.2081,0.8785,-6.53,7.77,-0.12,25.22
4675,0.1359,-0.2128,0.8765,-6.55,7.63,-0.12,25.22
4685,0.1398,-0.2148,0.875,-6.43,7.65,-0.12,25.23
4695,0.1365,-0.2114,0.8727,-6.31,7.77,-0.06,25.22
4705,0.1367,-0.2073,0.8718,-6.29,7.91,-0.02,25.22
4715,0.1346,-0.2097,0.8757,-6.35,7.91,0.02,25.25
4725,0.1323,-0.2085,0.8752,-6.38,7.71,-0.11,25.23
4735,0.1349,-0.2107,0.8767,-6.46,7.63,-0.03,25.23
4745,0.1342,-0.2086,0.8772,-6.4,7.6,-0.05,25.23
4755,0.1348,-0.2117,0.8765,-6.34,7.79,-0.08,25.23
4765,0.1356,-0.2089,0.873,-6.32,7.83,-0.03,25.24
4775,0.1315,-0.2073,0.8724,-6.29,7.88,-0.11,25.24
4785,0.132,-0.208,0.8787,-6.26,7.79,-0.02,25.24
4795,0.1323,-0.207,0.8807,-6.38,7.68,-0.08,25.24
4805,0.1329,-0.2067,0.8766,-6.4,7.76,0.0,25.25
4815,0.1351,-0.208,0.8752,-6.38,7.85,-0.05,25.25
4825,0.1342,-0.2042,0.8776,-6.47,7.94,-0.03,25.26
4835,0.1312,-0.2081,0.8795,-6.52,7.91,-0.03,25.26
4845,0.1299,-0.2106,0.8762,-6.43,7.77,-0.08,25.23
4855,0.1331,-0.2141,0.8749,-6.38,7.57,-0.11,25.24
4865,0.1348,-0.2128,0.8771,-6.4,7.65,-0.06,25.23
4875,0.1328,-0.2109,0.8729,-6.34,7.8,-0.03,25.23
4885,0.1304,-0.2092,0.8716,-6.4,7.86,-0.03,25.24
4895,0.1302,-0.2075,0.8728,-6.34,7.79,-0.05,25.24
4905,0.1312,-0.2063,0.8751,-6.41,7.66,-0.05,25.24
4915,0.1309,-0.2101,0.8743,-6.27,7.68,-0.03,25.23
4925,0.1349,-0.2034,0.8752,-6.35,7.63,-0.09,25.24
4935,0.1328,-0.2063,0.8733,-6.37,7.63,-0.06,25.24
4945,0.1364,-0.2097,0.8691,-6.5,7.54,0.03,25.26
4955,0.1401,-0.2106,0.8705,-6.44,7.71,-0.05,25.26
4965,0.1344,-0.2091,0.8778,-6.37,7.71,-0.05,25.26
4975,0.1323,-0.2134,0.8776,-6.35,7.91,-0.03,25.24
4985,0.1321,-0.2114,0.8746,-6.38,7.8,-0.05,25.2
4995,0.1338,-0.2112,0.8792,-6.43,7.73,-0.03,25.26
5005,0.1306,-0.2092,0.8726,-6.44,7.65,-0.09,25.24
5015,0.1326,-0.2111,0.8766,-6.38,7.79,-0.14,25.22
5025,0.1304,-0.2126,0.8755,-6.4,7.77,0.0,25.24
5035,0.134,-0.2103,0.8782,-6.4,7.77,-0.05,25.22
5045,0.1343,-0.2059,0.8827,-6.2,7.74,-0.06,25.22
5055,0.1332,-0.2061,0.879,-6.2,7.51,-0.08,25.24
5065,0.1365,-0.2043,0.8822,-6.21,7.5,-0.05,25.24
5075,0.135,-0.2062,0.8823,-6.41,7.63,-0.06,25.23
5085,0.1364,-0.21,0.8785,-6.53,7.86,-0.02,25.23
5095,0.1327,-0.2063,0.8759,-6.46,7.8,-0.11,25.26
5105,0.1323,-0.2089,0.8715,-6.44,7.59,-0.05,25.23
5115,0.1346,-0.2091,0.8755,-6.32,7.54,-0.06,25.24
5125,0.1373,-0.2104,0.8761,-6.35,7.73,-0.05,25.22
5135,0.1376,-0.2073,0.879,-6.38,7.91,-0.02,25.24
5145,0.1385,-0.2102,0.8762,-6.43,8.09,-0.02,25.21
5155,0.1384,-0.2087,0.875,-6.38,8.0,-0.06,25.24
5165,0.1348,-0.2141,0.8745,-6.47,7.77,-0.11,25.24
5175,0.1338,-0.207,0.8741,-6.43,7.69,-0.09,25.24
5185,0.1377,-0.2112,0.8749,-6.37,7.71,0.0,25.24
5195,0.1316,-0.2065,0.8699,-6.32,7.92,0.06,25.22
5205,0.1323,-0.2037,0.8776,-6.5,7.85,-0.06,25.24
5215,0.1311,-0.2072,0.8724,-6.44,7.86,-0.06,25.22
5225,0.1327,-0.2073,0.8728,-6.44,7.77,-0.12,25.25
5235,0.1307,-0.2113,0.8748,-6.58,7.76,-0.06,25.23
5245,0.1294,-0.2078,0.8756,-6.47,7.89,-0.03,25.23
5255,0.1278,-0.2081,0.8706,-6.46,7.89,-0.03,25.23
5265,0.129,-0.2096,0.875,-6.46,7.79,-0.06,25.24
5275,0.1328,-0.2097,0.8761,-6.43,7.74,-0.11,25.22
5285,0.1346,-0.2089,0.879,-6.58,7.68,0.0,25.23
5295,0.1346,-0.2079,0.8806,-6.52,7.57,-0.08,25.23
5305,0.1371,-0.2112,0.8751,-6.61,7.6,-0.12,25.2
5315,0.137,-0.2097,0.8762,-6.47,7.76,-0.06,25.21
5325,0.1375,-0.2096,0.8778,-6.4,7.92,-0.02,25.25
5335,0.1378,-0.212,0.8844,-6.49,7.98,0.0,25.27
5345,0.1388,-0.2112,0.8794,-6.56,7.89,-0.05,25.25
5355,0.1349,-0.2087,0.8834,-6.55,7.69,-0.05,25.24
5365,0.1362,-0.2125,0.8781,-6.49,7.59,-0.06,25.24
5375,0.1366,-0.2097,0.8717,-6.34,7.59,-0.05,25.24
5385,0.1378,-0.2087,0.8752,-6.15,7.71,0.0,25.26
5395,0.1359,-0.2064,0.8712,-6.27,7.94,0.02,25.27
5405,0.1309,-0.2065,0.8768,-6.27,8.11,0.03,25.23
5415,0.1322,-0.2076,0.8749,-6.31,8.08,-0.03,25.23
5425,0.1323,-0.2072,0.873,-6.32,7.92,-0.08,25.25
5435,0.1334,-0.2079,0.8749,-6.27,7.73,-0.09,25.25
5445,0.1338,-0.2062,0.8751,-6.31,7.76,-0.05,25.26
5455,0.1332,-0.2062,0.8802,-6.29,8.02,-0.09,25.24
5465,0.1339,-0.2091,0.8821,-6.29,8.11,0.02,25.25
5476,0.1328,-0.2086,0.8798,-6.53,8.09,-0.06,25.27
5486,0.1324,-0.2119,0.8812,-6.66,7.85,-0.09,25.24
5496,0.1357,-0.2131,0.88,-6.49,7.82,-0.11,25.24
5506,0.1378,-0.2091,0.881,-6.46,8.0,-0.09,25.25
5516,0.1337,-0.2101,0.8766,-6.29,8.08,-0.03,25.22
5526,0.1342,-0.2085,0.88,-6.34,7.91,0.0,25.23
5537,0.1334,-0.2091,0.8738,-6.37,7.88,-0.03,25.24
5547,0.1327,-0.2086,0.8713,-6.44,7.94,-0.06,25.27
5557,0.134,-0.2106,0.8729,-6.46,8.02,-0.03,25.25
5567,0.1339,-0.2096,0.8773,-6.35,8.0,-0.02,25.26
5577,0.1339,-0.2085,0.8763,-6.29,7.91,-0.05,25.26
5587,0.1323,-0.2068,0.8777,-6.35,7.94,-0.03,25.24
5597,0.1361,-0.2074,0.8784,-6.35,7.8,0.0,25.25
5607,0.1388,-0.2094,0.8799,-6.38,7.86,-0.02,25.25
5617,0.1364,-0.2061,0.8759,-6.43,7.97,-0.05,25.23
5627,0.1349,-0.2097,0.8733,-6.5,7.94,-0.03,25.25
5637,0.134,-0.2067,0.869,-6.47,7.92,-0.05,25.24
5647,0.1337,-0.2062,0.8726,-6.43,7.85,-0.03,25.25
5657,0.1311,-0.2047,0.8744,-6.4,7.88,0.02,25.25
5667,0.1348,-0.2098,0.8711,-6.38,7.85,-0.09,25.25
5677,0.1353,-0.2074,0.8723,-6.55,7.8,-0.05,25.23
5687,0.1317,-0.2096,0.8766,-6.55,7.68,-0.05,25.25
5697,0.1333,-0.2103,0.8682,-6.6,7.73,-0.02,25.25
5707,0.1348,-0.2091,0.871,-6.44,7.73,0.0,25.25
5717,0.1357,-0.2092,0.8707,-6.34,7.69,-0.11,25.23
5727,0.1345,-0.2094,0.8773,-6.35,7.74,-0.03,25.25
5737,0.1318,-0.2074,0.8745,-6.29,7.73,0.0,25.26
5747,0.1321,-0.209,0.8815,-6.32,7.57,-0.03,25.23
5757,0.1315,-0.2076,0.8748,-6.44,7.47,-0.08,25.24
5767,0.1356,-0.2078,0.8669,-6.37,7.36,-0.09,25.26
5777,0.1428,-0.2103,0.8743,-6.26,7.47,-0.05,25.27
5787,0.1428,-0.2091,0.8776,-6.17,7.94,0.08,25.23
5797,0.1379,-0.2094,0.8828,-6.17,8.05,-0.02,25.25
5807,0.1382,-0.2039,0.8837,-6.32,7.74,-0.06,25.25
5817,0.1389,-0.2075,0.8804,-6.44,7.44,-0.14,25.28
5827,0.1388,-0.2098,0.8743,-6.63,7.4,-0.15,25.27
5837,0.136,-0.2085,0.87,-6.4,7.76,-0.14,25.24
5847,0.1338,-0.2086,0.8727,-6.37,8.26,0.03,25.27
5857,0.1287,-0.2109,0.8751,-6.47,8.41,-0.02,25.24
5867,0.1249,-0.209,0.8726,-6.44,8.09,-0.02,25.27
5877,0.1267,-0.21,0.8745,-6.41,7.66,-0.09,25.24
5887,0.1307,-0.2073,0.8729,-6.29,7.39,-0.09,25.25
5897,0.1328,-0.2085,0.869,-6.32,7.59,-0.05,25.28
5907,0.1329,-0.2126,0.8756,-6.24,8.0,0.05,25.27
5917,0.1313,-0.209,0.8759,-6.34,8.24,0.09,25.27
5927,0.1278,-0.2062,0.8789,-6.37,8.0,-0.02,25.25
5937,0.1273,-0.2102,0.8761,-6.4,7.5,-0.14,25.24
5947,0.1305,-0.208,0.8735,-6.4,7.25,-0.12,25.28
5957,0.1353,-0.2106,0.8704,-6.4,7.5,-0.08,25.28
5967,0.1375,-0.2109,0.8699,-6.43,8.09,-0.02,25.29
5977,0.1351,-0.2136,0.8744,-6.37,8.38,0.09,25.26
5987,0.132,-0.2103,0.8778,-6.27,8.12,0.06,25.24
5997,0.1338,-0.2086,0.8801,-6.41,7.63,-0.03,25.24
6007,0.1344,-0.2108,0.8793,-6.44,7.4,-0.11,25.26
6017,0.1357,-0.2067,0.8738,-6.56,7.66,-0.05,25.25
6027,0.1335,-0.2109,0.8713,-6.43,7.97,-0.02,25.27
6037,0.1294,-0.2043,0.8755,-6.29,8.15,-0.03,25.24
6047,0.1298,-0.2086,0.8768,-6.08,7.83,0.0,25.27
6057,0.1355,-0.2076,0.8768,-6.29,7.44,-0.08,25.25
6067,0.1371,-0.2064,0.8763,-6.31,7.31,-0.02,25.27
6077,0.136,-0.2076,0.8763,-6.27,7.73,0.0,25.27
6087,0.1353,-0.2067,0.8783,-6.15,8.05,-0.03,25.26
6097,0.1366,-0.2059,0.8815,-6.05,8.02,-0.03,25.26
6107,0.1342,-0.2092,0.8807,-6.11,7.74,-0.09,25.25
6117,0.1344,-0.2072,0.8768,-6.38,7.4,-0.14,25.22
6127,0.1359,-0.2111,0.8708,-6.49,7.36,-0.15,25.27
6137,0.1394,-0.2104,0.8739,-6.34,7.83,-0.09,25.27
6147,0.1355,-0.2086,0.8773,-6.11,7.98,-0.03,25.24
6157,0.1342,-0.2074,0.8795,-5.97,7.95,-0.02,25.26
6167,0.1344,-0.2089,0.8776,-5.85,7.59,-0.09,25.28
6177,0.1359,-0.2059,0.8792,-6.03,7.31,-0.2,25.27
6187,0.1364,-0.2084,0.8776,-6.08,7.4,-0.15,25.28
6197,0.1353,-0.2103,0.8729,-6.05,7.71,-0.05,25.27
6207,0.136,-0.2124,0.8772,-5.91,7.83,-0.02,25.27
6217,0.135,-0.2142,0.8738,-5.83,7.8,0.0,25.27
6227,0.1322,-0.2103,0.874,-5.77,7.83,0.09,25.26
6237,0.131,-0.2064,0.8741,-5.79,7.76,-0.03,25.25
6247,0.1283,-0.2087,0.8716,-5.94,7.79,0.03,25.25
6257,0.1274,-0.205,0.8801,-5.94,7.85,0.03,25.28
6267,0.13,-0.2074,0.8751,-6.02,7.65,-0.05,25.27
6277,0.1298,-0.2089,0.8728,-6.15,7.4,-0.08,25.27
6287,0.131,-0.2047,0.8746,-5.95,7.28,-0.11,25.26
6297,0.1346,-0.2109,0.8739,-5.92,7.36,-0.06,25.25
6307,0.1356,-0.2098,0.8732,-6.09,7.65,0.0,25.28
6317,0.1338,-0.2095,0.869,-6.08,7.91,-0.06,25.27
6327,0.131,-0.2083,0.8795,-5.88,7.95,0.0,25.25
6337,0.1267,-0.2107,0.8696,-5.71,7.8,-0.02,25.27
6347,0.1293,-0.2114,0.8765,-5.65,7.34,0.0,25.27
6357,0.134,-0.2051,0.8744,-5.62,7.15,-0.18,25.27
6367,0.1394,-0.2063,0.8806,-5.71,7.36,-0.17,25.27
6377,0.1396,-0.2036,0.8796,-5.85,7.71,-0.08,25.27
6387,0.1354,-0.2018,0.8774,-6.02,7.86,-0.06,25.25
6397,0.1375,-0.205,0.8765,-6.2,7.76,-0.09,25.27
6407,0.1412,-0.2094,0.875,-6.27,7.47,-0.09,25.27
6417,0.1403,-0.2075,0.8751,-6.47,7.45,-0.08,25.29
6427,0.1405,-0.2086,0.8751,-6.41,7.62,-0.03,25.26
6437,0.1411,-0.2068,0.8776,-6.23,7.83,0.08,25.28
6447,0.1354,-0.2064,0.8799,-6.17,8.02,0.05,25.26
6457,0.1342,-0.2036,0.8816,-6.31,7.86,0.05,25.28
6467,0.1273,-0.2041,0.8832,-6.31,7.74,0.03,25.26
6477,0.1302,-0.2054,0.8821,-6.49,7.59,-0.03,25.26
6488,0.1295,-0.2039,0.8784,-6.46,7.5,-0.11,25.23
6498,0.1394,-0.2053,0.8815,-6.41,7.59,-0.06,25.25
6508,0.139,-0.2097,0.8773,-6.55,7.82,-0.14,25.26
6518,0.1416,-0.2026,0.882,-6.47,8.0,-0.06,25.27
6528,0.1388,-0.2068,0.8798,-6.49,8.03,-0.02,25.24
6538,0.136,-0.2031,0.8842,-6.47,7.97,0.02,25.27
6548,0.1377,-0.2065,0.8813,-6.53,7.69,0.0,25.26
6558,0.1381,-0.2083,0.8779,-6.49,7.76,0.0,25.26
6568,0.1367,-0.2084,0.8759,-6.44,7.83,0.0,25.26
6578,0.1365,-0.2057,0.8763,-6.38,8.08,0.0,25.26
6588,0.1382,-0.2048,0.8785,-6.35,8.14,0.06,25.27
6598,0.1322,-0.2078,0.8768,-6.5,8.02,-0.05,25.27
6608,0.134,-0.2073,0.8751,-6.46,7.97,-0.05,25.26
6618,0.1331,-0.2061,0.8671,-6.58,7.74,-0.11,25.28
6628,0.1343,-0.2079,0.8617,-6.69,7.71,-0.05,25.26
6638,0.1355,-0.2101,0.8641,-6.47,7.94,-0.03,25.25
6648,0.1361,-0.2114,0.8688,-6.2,8.18,0.11,25.26
6658,0.1307,-0.2084,0.8716,-6.09,8.14,0.11,25.27
6668,0.1306,-0.2034,0.8783,-6.03,7.77,0.09,25.27
6678,0.1335,-0.2014,0.8802,-6.26,7.4,0.02,25.27
6688,0.1343,-0.2032,0.8778,-6.41,7.47,-0.09,25.28
6698,0.1359,-0.207,0.8745,-6.49,7.69,-0.18,25.25
6708,0.1354,-0.2111,0.873,-6.44,7.73,0.02,25.28
6718,0.1331,-0.2135,0.869,-6.31,7.74,0.03,25.27
6728,0.135,-0.2173,0.8757,-6.2,7.73,0.06,25.29
6738,0.1344,-0.2167,0.8743,-6.21,7.68,-0.03,25.29
6749,0.132,-0.2061,0.8849,-6.14,7.62,0.09,25.24
6759,0.1321,-0.1987,0.8877,-6.09,7.5,0.08,25.27
6769,0.1329,-0.1942,0.8934,-6.09,7.42,0.05,25.28
6779,0.1313,-0.1973,0.8879,-6.34,7.44,-0.02,25.27
6789,0.137,-0.2031,0.8826,-6.55,7.47,-0.06,25.26
6799,0.1362,-0.2052,0.8728,-6.47,7.44,-0.12,25.27
6809,0.1387,-0.2117,0.8719,-6.52,7.6,-0.14,25.27
6819,0.1398,-0.2136,0.875,-6.47,8.08,-0.05,25.28
6829,0.1376,-0.2108,0.8793,-6.43,8.14,-0.05,25.29
6839,0.1323,-0.2073,0.8773,-6.44,8.02,-0.03,25.26
6849,0.134,-0.2079,0.8862,-6.53,7.86,-0.05,25.26
6859,0.1349,-0.2065,0.8705,-6.38,7.63,0.03,25.26
6869,0.1359,-0.2061,0.8669,-6.29,7.34,-0.03,25.29
6879,0.1361,-0.2073,0.8651,-6.27,7.5,-0.06,25.25
6889,0.1333,-0.2102,0.8735,-6.26,7.97,0.02,25.29
6899,0.1299,-0.2054,0.8782,-6.18,8.03,-0.05,25.25
6909,0.1276,-0.2062,0.8768,-6.2,7.86,0.03,25.26
6919,0.1326,-0.2109,0.886,-6.18,7.47,-0.08,25.27
6929,0.1354,-0.2076,0.8784,-6.12,7.22,-0.11,25.25
6939,0.1396,-0.2039,0.8776,-6.09,7.45,-0.14,25.29
6949,0.1399,-0.2057,0.8729,-6.2,7.6,-0.02,25.24
6959,0.1334,-0.2086,0.8734,-6.26,8.0,0.0,25.28
6969,0.1299,-0.2101,0.8724,-6.26,7.97,0.02,25.28
6979,0.1306,-0.2069,0.8735,-6.03,7.76,-0.05,25.27
6989,0.1313,-0.2083,0.87,-5.94,7.44,-0.09,25.26
6999,0.1351,-0.2074,0.8773,-5.71,7.24,-0.06,25.24
7009,0.1399,-0.2042,0.876,-5.63,7.21,-0.06,25.27
7019,0.1399,-0.204,0.8868,-5.65,7.56,-0.11,25.27
7029,0.1409,-0.2089,0.8822,-5.95,7.86,-0.06,25.28
7039,0.137,-0.2024,0.8768,-6.09,8.0,-0.03,25.28
7049,0.1409,-0.2063,0.8763,-6.38,7.95,-0.11,25.28
7059,0.1301,-0.2098,0.8735,-6.41,7.8,-0.08,25.27
7069,0.1271,-0.2104,0.8691,-6.12,7.88,0.03,25.28
7079,0.1361,-0.2042,0.8693,-6.18,7.59,0.03,25.28
7089,0.1381,-0.2072,0.8805,-6.18,7.62,-0.05,25.28
7099,0.1362,-0.2048,0.8776,-6.0,7.62,-0.06,25.26
7109,0.1409,-0.2036,0.8821,-6.06,7.42,-0.05,25.26
7119,0.1427,-0.1986,0.8779,-6.43,7.24,-0.08,25.28
7129,0.1348,-0.2059,0.8821,-6.61,7.31,-0.11,25.28
7139,0.136,-0.2092,0.8727,-6.82,7.51,-0.09,25.28
7149,0.1448,-0.213,0.8733,-6.7,7.83,0.0,25.27
7159,0.142,-0.2079,0.8719,-6.58,8.05,0.03,25.27
7169,0.1407,-0.2076,0.8718,-6.26,7.89,0.03,25.27
7179,0.1398,-0.2125,0.8781,-6.14,7.76,0.02,25.26
7189,0.132,-0.2096,0.8811,-6.2,7.69,-0.03,25.27
7199,0.1327,-0.1995,0.8834,-6.23,7.6,-0.11,25.29
7209,0.137,-0.1995,0.8706,-6.31,7.62,-0.02,25.25
7219,0.1425,-0.2037,0.8693,-6.26,7.77,-0.09,25.26
7229,0.1384,-0.2035,0.8678,-6.21,7.91,0.03,25.27
7246,0.1354,-0.202,0.8815,-5.92,7.82,-0.06,25.29
7256,0.1356,-0.2031,0.8844,-6.14,7.79,-0.03,25.26
7266,0.1342,-0.2054,0.8765,-6.35,7.8,-0.08,25.27
7276,0.1343,-0.2067,0.8743,-6.43,7.73,-0.14,25.27
7286,0.1388,-0.2065,0.8737,-6.35,7.91,-0.03,25.28
7296,0.1355,-0.2036,0.8767,-6.08,8.09,-0.02,25.28
7306,0.1318,-0.209,0.8878,-6.18,8.15,-0.03,25.26
7316,0.1355,-0.2097,0.8794,-6.15,7.82,-0.05,25.26
7326,0.1349,-0.2065,0.8752,-6.56,7.47,-0.06,25.28
7336,0.135,-0.2067,0.8751,-6.63,7.37,-0.12,25.29
7346,0.1327,-0.2064,0.875,-6.41,7.65,-0.15,25.29
7356,0.1344,-0.205,0.8757,-6.24,7.94,-0.06,25.29
7366,0.1356,-0.201,0.8726,-6.23,7.95,-0.06,25.28
7376,0.1301,-0.2013,0.8738,-6.44,7.66,-0.17,25.26
7386,0.1315,-0.204,0.8761,-6.67,7.45,-0.18,25.28
7396,0.1359,-0.2065,0.8712,-6.58,7.66,-0.08,25.26
7406,0.1383,-0.2108,0.8712,-6.24,7.95,-0.03,25.27
7416,0.1344,-0.2104,0.8795,-6.17,8.11,0.03,25.26
7426,0.1367,-0.2109,0.8823,-6.23,7.88,-0.03,25.28
7436,0.1367,-0.205,0.8829,-6.26,7.45,-0.05,25.27
7446,0.1407,-0.2019,0.8789,-6.27,7.31,-0.09,25.29
7456,0.1416,-0.2037,0.8738,-6.35,7.59,-0.09,25.27
7466,0.1398,-0.2069,0.8737,-6.32,7.92,0.0,25.28
7476,0.1375,-0.2043,0.8722,-6.32,8.18,0.05,25.3
7486,0.1361,-0.2041,0.876,-6.34,8.06,0.02,25.28
7496,0.1333,-0.2059,0.8772,-6.32,7.91,-0.05,25.26
7506,0.1328,-0.2079,0.8816,-6.34,7.79,-0.08,25.29
7516,0.1376,-0.2068,0.8779,-6.35,7.65,-0.08,25.3
7526,0.1354,-0.2059,0.8728,-6.37,7.79,-0.06,25.29
7536,0.1339,-0.2052,0.8765,-6.26,7.86,0.02,25.3
7546,0.1377,-0.2046,0.8823,-6.14,7.89,-0.03,25.29
7556,0.1354,-0.2051,0.88,-6.18,7.8,0.05,25.29
7566,0.1323,-0.1992,0.8805,-6.35,7.63,-0.11,25.27
7576,0.1349,-0.2009,0.8801,-6.53,7.51,-0.11,25.28
7586,0.1351,-0.2021,0.8745,-6.44,7.6,-0.06,25.29
7596,0.1317,-0.2018,0.8744,-6.38,7.76,-0.05,25.29
7606,0.1357,-0.2058,0.8711,-6.38,7.76,-0.06,25.28
7616,0.1351,-0.2057,0.8722,-6.29,7.79,-0.05,25.29
7626,0.1371,-0.2097,0.8713,-6.4,7.6,-0.08,25.29
7636,0.1401,-0.2047,0.877,-6.37,7.57,-0.08,25.27
7646,0.1415,-0.2089,0.8745,-6.29,7.62,-0.09,25.29
7656,0.1401,-0.2091,0.8732,-6.23,7.86,0.03,25.26
7666,0.1371,-0.2087,0.8781,-6.31,7.98,-0.08,25.28
7676,0.1395,-0.2086,0.8763,-6.44,7.91,-0.03,25.29
7686,0.1407,-0.2076,0.8783,-6.34,7.89,-0.02,25.27
7696,0.1414,-0.2081,0.8751,-6.27,7.85,-0.03,25.27
7706,0.1434,-0.2051,0.8756,-6.23,7.86,0.0,25.29
7716,0.1434,-0.2029,0.8799,-6.2,8.05,0.05,25.27
7726,0.1432,-0.2028,0.8782,-6.32,8.14,-0.05,25.27
7736,0.1412,-0.1924,0.8774,-6.18,7.97,-0.03,25.3
7746,0.1361,-0.194,0.8812,-6.38,7.77,-0.03,25.29
7756,0.1383,-0.1971,0.8816,-6.55,7.76,-0.05,25.28
7766,0.1353,-0.1866,0.8813,-6.31,7.73,-0.09,25.26
7776,0.1338,-0.1943,0.8815,-6.38,7.73,-0.02,25.26
7786,0.1346,-0.2046,0.8826,-6.72,7.85,-0.09,25.29
7796,0.1304,-0.2057,0.8693,-6.92,7.89,-0.12,25.28
7806,0.1381,-0.209,0.8665,-6.78,7.71,-0.03,25.25
7816,0.1357,-0.2056,0.8619,-6.38,7.71,-0.2,25.27
7826,0.1379,-0.2134,0.8706,-6.27,7.8,-0.12,25.29
7836,0.1328,-0.2097,0.8733,-6.23,7.79,-0.05,25.29
7846,0.1332,-0.2142,0.8781,-6.38,8.03,-0.09,25.29
7856,0.1323,-0.2128,0.8773,-6.53,7.94,0.03,25.27
7866,0.1382,-0.2157,0.8729,-6.49,7.76,-0.09,25.26
7876,0.1356,-0.2115,0.8735,-6.15,7.62,0.0,25.29
7886,0.1388,-0.212,0.8774,-6.05,7.69,0.05,25.27
7896,0.1355,-0.2057,0.8851,-6.14,7.89,0.11,25.27
7906,0.1279,-0.2069,0.8861,-6.26,7.88,0.09,25.29
7916,0.1304,-0.2031,0.8824,-6.35,7.6,-0.11,25.26
7926,0.1333,-0.2009,0.874,-6.37,7.57,-0.06,25.28
7936,0.1372,-0.1989,0.8761,-6.41,7.82,-0.03,25.27
7946,0.1388,-0.2061,0.8788,-6.34,8.09,0.03,25.29
7956,0.1359,-0.2064,0.8867,-6.44,8.12,0.03,25.27
7966,0.137,-0.2069,0.886,-6.47,7.95,-0.06,25.27
7976,0.1382,-0.2064,0.8784,-6.49,7.59,-0.08,25.27
7986,0.1364,-0.2067,0.8759,-6.41,7.47,-0.08,25.27
7996,0.1418,-0.2026,0.8715,-6.34,7.74,-0.09,25.29
8006,0.1422,-0.2031,0.8792,-6.26,8.11,-0.03,25.3
8016,0.1339,-0.2057,0.8777,-6.37,8.24,0.08,25.31
8026,0.1445,-0.2058,0.8831,-6.34,7.76,-0.11,25.27
8036,0.1365,-0.1936,0.8688,-6.26,7.18,-0.06,25.28
8046,0.1409,-0.2118,0.8671,-6.69,7.77,-0.06,25.28
8056,0.1263,-0.2302,0.8611,-7.63,8.32,0.08,25.28
8066,0.1177,-0.2108,0.8612,-6.63,8.89,0.2,25.3
8076,0.1274,-0.2108,0.8785,-5.45,7.36,0.08,25.25
8086,0.1389,-0.2017,0.8779,-5.04,6.93,-0.06,25.28
8096,0.1418,-0.1957,0.8997,-5.5,7.13,-0.09,25.29
8106,0.1433,-0.2035,0.8887,-6.75,7.82,-0.06,25.3
8118,0.141,-0.2042,0.8807,-7.5,8.24,-0.02,25.27
8128,0.1425,-0.2085,0.864,-6.75,7.54,-0.11,25.28
8138,0.1444,-0.2069,0.8647,-5.88,7.18,-0.03,25.28
8148,0.1385,-0.2021,0.8723,-5.77,7.53,-0.03,25.3
8158,0.1406,-0.2004,0.8807,-6.31,8.2,0.09,25.3
8168,0.1313,-0.2046,0.8837,-6.85,8.6,0.15,25.28
8178,0.13,-0.2075,0.8739,-6.89,8.17,-0.02,25.28
8188,0.1337,-0.2083,0.8719,-6.38,7.66,-0.11,25.27
8198,0.1355,-0.2065,0.8749,-5.82,7.27,-0.08,25.3
8208,0.1398,-0.2043,0.8818,-5.88,7.56,-0.03,25.28
8219,0.1429,-0.2039,0.8842,-6.43,8.02,-0.12,25.29
8229,0.1414,-0.2047,0.8779,-6.87,8.26,-0.06,25.29
8239,0.1367,-0.2037,0.8728,-6.76,8.03,-0.03,25.28
8477,0.1396,-0.1963,0.8678,-6.84,8.27,0.0,25.29
8487,0.1321,-0.2042,0.8751,-6.9,8.9,0.06,25.27
8497,0.1257,-0.2073,0.8781,-6.49,8.43,-0.05,25.3
8507,0.1337,-0.2061,0.8759,-6.27,7.65,-0.02,25.32
8517,0.1542,-0.1934,0.8552,-6.72,6.44,-0.11,25.3
8527,0.1688,-0.2148,0.8478,-6.73,6.95,-0.21,25.29
8537,0.1492,-0.2076,0.8623,-6.32,8.11,0.0,25.27
8547,0.1328,-0.2009,0.8822,-5.97,8.35,-0.05,25.31
8557,0.1282,-0.2085,0.879,-5.97,8.31,0.06,25.29
8567,0.1309,-0.2091,0.8851,-6.46,7.22,-0.06,25.29
8577,0.1331,-0.2098,0.8661,-6.73,7.07,-0.12,25.29
8587,0.1324,-0.2075,0.8706,-6.47,7.73,-0.05,25.31
8597,0.1361,-0.2111,0.8749,-6.0,8.17,0.02,25.3
8607,0.131,-0.2054,0.8828,-5.74,8.46,0.05,25.28
8617,0.1333,-0.2053,0.8911,-6.5,8.2,0.0,25.31
8627,0.1345,-0.2079,0.8806,-6.87,7.76,-0.05,25.3
8637,0.1362,-0.2095,0.8701,-6.79,7.51,-0.12,25.3
8647,0.1366,-0.2083,0.8705,-6.34,7.59,-0.09,25.29
8657,0.1372,-0.2042,0.8728,-5.83,7.83,0.0,25.3
8667,0.1355,-0.2036,0.8776,-5.88,8.05,0.09,25.29
8677,0.1337,-0.2031,0.8851,-6.29,7.8,0.0,25.3
8687,0.1334,-0.2057,0.8778,-6.78,7.5,-0.15,25.3
8697,0.1344,-0.2094,0.8704,-6.76,7.45,-0.2,25.3
8707,0.1373,-0.2086,0.8663,-6.47,7.6,-0.06,25.28
8717,0.1395,-0.2123,0.8694,-6.18,8.02,0.0,25.3
8727,0.1289,-0.2083,0.879,-6.05,8.35,0.06,25.29
8737,0.1296,-0.2084,0.8789,-6.44,8.14,0.0,25.3
8747,0.1293,-0.2064,0.876,-6.6,7.69,-0.06,25.3
8757,0.1335,-0.2053,0.8824,-6.4,7.53,-0.15,25.31
8767,0.1321,-0.2064,0.8737,-6.44,7.63,-0.03,25.28
8777,0.1368,-0.2037,0.8727,-6.4,7.98,0.05,25.3
8787,0.1354,-0.2043,0.8823,-6.37,8.02,0.12,25.32
8797,0.136,-0.2072,0.8844,-6.26,8.11,0.05,25.32
8807,0.1351,-0.2041,0.8845,-6.4,7.76,0.0,25.29
8817,0.1404,-0.2087,0.8778,-6.67,7.59,-0.06,25.29
8827,0.137,-0.2086,0.8744,-6.67,7.76,-0.05,25.3
8837,0.1349,-0.2041,0.873,-6.49,8.08,-0.06,25.32
8847,0.1356,-0.2042,0.873,-6.31,8.31,-0.05,25.3
8857,0.1267,-0.2072,0.8761,-6.34,8.32,-0.11,25.27
8867,0.1284,-0.2091,0.8759,-6.55,8.02,-0.08,25.3
8877,0.131,-0.209,0.8765,-6.63,7.62,-0.17,25.32
8887,0.1323,-0.2074,0.8683,-6.63,7.68,-0.15,25.3
8897,0.1377,-0.2068,0.8663,-6.55,7.91,-0.14,25.32
8907,0.1372,-0.2064,0.8711,-6.41,8.17,-0.05,25.32
8917,0.1378,-0.208,0.875,-6.46,8.2,-0.02,25.31
8927,0.1353,-0.2136,0.8743,-6.63,8.09,-0.03,25.32
8937,0.1354,-0.2098,0.879,-6.53,7.8,-0.05,25.29
8947,0.1368,-0.2059,0.8767,-6.43,7.6,-0.12,25.31
8957,0.1401,-0.2062,0.8793,-6.37,7.71,0.0,25.3
8967,0.1357,-0.2064,0.873,-6.34,7.79,0.06,25.33
8977,0.1359,-0.2086,0.8796,-6.37,8.05,0.05,25.31
8987,0.1289,-0.2074,0.8763,-6.44,7.94,0.05,25.31
8997,0.1333,-0.2074,0.8789,-6.46,7.76,-0.03,25.3
9007,0.1295,-0.2045,0.8749,-6.38,7.36,-0.09,25.31
9017,0.1531,-0.2184,0.8762,-6.35,7.3,-0.09,25.3
9027,0.1305,-0.1804,0.8658,-5.79,7.68,0.05,25.32
9037,0.1395,-0.2112,0.8934,-6.32,7.51,-0.11,25.3
9047,0.1417,-0.217,0.8798,-7.42,8.6,-0.17,25.31
9057,0.1415,-0.2086,0.8712,-6.84,8.69,0.02,25.29
9067,0.1434,-0.2141,0.8702,-6.6,7.86,-0.05,25.3
9077,0.134,-0.2076,0.8805,-6.75,7.95,-0.2,25.29
9087,0.1327,-0.2145,0.8744,-6.24,7.66,-0.05,25.31
9097,0.1271,-0.21,0.8756,-6.35,7.97,0.0,25.3
9107,0.1331,-0.2078,0.8761,-6.67,7.89,-0.05,25.32
9117,0.1316,-0.2079,0.8754,-6.6,7.77,-0.08,25.32
9127,0.1302,-0.2141,0.8715,-6.4,7.45,-0.06,25.3
9137,0.1361,-0.2056,0.8744,-6.35,7.42,-0.12,25.3
9147,0.1377,-0.2047,0.8711,-6.43,7.62,-0.11,25.3
9157,0.1389,-0.2081,0.8678,-6.64,8.11,0.02,25.32
9167,0.1321,-0.2115,0.8741,-6.67,8.38,0.02,25.31
9177,0.1354,-0.209,0.876,-6.35,8.27,0.03,25.3
9187,0.1342,-0.2048,0.8762,-6.2,7.71,0.03,25.3
9197,0.1346,-0.2057,0.8794,-6.08,7.47,-0.09,25.32
9207,0.1364,-0.2052,0.8796,-6.38,7.5,-0.11,25.33
9217,0.1376,-0.2094,0.8762,-6.84,7.89,0.0,25.29
9227,0.1376,-0.2086,0.8705,-6.69,8.31,-0.02,25.3
9237,0.137,-0.2134,0.8738,-6.46,8.32,0.03,25.29
9247,0.1331,-0.2098,0.8754,-6.27,8.05,0.0,25.31
9257,0.1315,-0.2073,0.8789,-6.38,7.71,-0.08,25.31
9267,0.1372,-0.2117,0.8723,-6.29,7.56,-0.03,25.32
9277,0.1389,-0.2115,0.8834,-6.37,7.76,-0.06,25.32
9287,0.1337,-0.2018,0.8821,-6.46,8.18,-0.08,25.32
9297,0.136,-0.2053,0.8818,-6.4,8.15,-0.09,25.3
9307,0.1296,-0.203,0.8793,-6.37,7.86,-0.09,25.32
9317,0.1285,-0.2078,0.8762,-6.41,7.56,-0.12,25.31
9327,0.1331,-0.2046,0.868,-6.6,7.36,-0.14,25.31
9337,0.1361,-0.2106,0.8644,-6.6,7.51,-0.03,25.3
9347,0.1373,-0.2094,0.8678,-6.49,8.03,0.0,25.32
9357,0.1327,-0.2046,0.8738,-6.21,8.09,0.0,25.32
9367,0.136,-0.2074,0.8766,-6.26,7.85,-0.02,25.31
9377,0.1368,-0.2051,0.8824,-6.29,7.54,-0.12,25.32
9387,0.1394,-0.204,0.8778,-6.5,7.54,-0.17,25.31
9397,0.1415,-0.2057,0.8779,-6.66,7.69,-0.12,25.29
9407,0.1365,-0.2119,0.8721,-6.73,7.95,-0.06,25.29
9417,0.1373,-0.2168,0.8826,-6.73,8.53,0.02,25.29
9427,0.1263,-0.2078,0.8835,-6.34,8.58,0.09,25.31
9437,0.1285,-0.2122,0.8843,-5.94,7.69,0.0,25.31
9447,0.1292,-0.2069,0.8859,-6.26,7.65,-0.05,25.31
9457,0.1396,-0.2021,0.8721,-6.49,7.24,-0.06,25.31
9467,0.1442,-0.2085,0.8732,-6.61,7.42,0.0,25.3
9477,0.136,-0.2037,0.8665,-6.44,8.0,0.06,25.32
9487,0.1326,-0.2052,0.8679,-6.15,7.98,0.0,25.32
9497,0.1039,-0.1787,0.8754,-6.12,8.24,0.02,25.31
9507,0.1239,-0.2106,0.8959,-7.33,6.87,-0.43,25.29
9517,0.1145,-0.1968,0.8781,-6.56,9.45,-0.23,25.3
9527,0.1276,-0.1625,0.8744,-5.95,8.31,0.15,25.28
9537,0.1149,-0.1837,0.908,-6.2,8.26,-0.23,25.32
9547,0.1184,-0.2247,0.8953,-6.55,7.83,-0.21,25.3
9557,0.1152,-0.2064,0.8599,-6.34,6.9,0.4,25.32
9567,0.1504,-0.2118,0.8864,-6.67,7.5,-0.17,25.32
9577,0.151,-0.2227,0.8673,-7.05,7.92,-0.32,25.3
9587,0.1405,-0.2205,0.8582,-6.0,8.24,0.05,25.31
9597,0.1301,-0.2172,0.8885,-6.03,8.17,0.14,25.3
9607,0.1232,-0.2039,0.8862,-6.49,8.34,-0.21,25.32
9617,0.1232,-0.2128,0.8818,-6.34,7.8,-0.06,25.3
9627,0.1403,-0.2122,0.8674,-6.72,7.53,-0.03,25.29
9637,0.1395,-0.2059,0.8678,-6.55,7.74,0.03,25.32
9647,0.127,-0.212,0.8695,-6.43,7.98,0.06,25.31
9657,0.1237,-0.2096,0.8749,-6.43,8.34,0.09,25.29
9667,0.1456,-0.2058,0.8732,-6.29,7.85,0.21,25.34
9677,0.1353,-0.2052,0.8799,-6.17,7.89,0.08,25.32
9687,0.1331,-0.2087,0.8809,-6.34,7.8,0.02,25.29
9697,0.1267,-0.2064,0.8806,-6.56,7.85,-0.02,25.33
9707,0.1284,-0.2085,0.8842,-6.67,7.56,-0.11,25.33
9717,0.1294,-0.2139,0.8702,-6.38,7.57,-0.02,25.31
9727,0.1296,-0.2069,0.8748,-6.35,7.77,-0.06,25.31
9737,0.1321,-0.2032,0.8778,-6.05,7.73,-0.03,25.32
9747,0.134,-0.2094,0.8776,-6.18,7.69,-0.08,25.32
9757,0.1326,-0.2057,0.8734,-6.66,7.6,-0.09,25.32
9767,0.1371,-0.2065,0.8696,-6.78,7.62,-0.08,25.3
9777,0.1348,-0.2142,0.8662,-6.41,7.8,-0.08,25.3
9787,0.1357,-0.2069,0.8721,-6.11,8.09,-0.03,25.32
9797,0.1328,-0.2061,0.8826,-6.03,8.06,-0.03,25.32
9807,0.132,-0.2065,0.8834,-6.15,7.69,-0.08,25.33
9817,0.135,-0.2058,0.8778,-6.58,7.42,-0.12,25.33
9827,0.1371,-0.2045,0.8755,-6.72,7.6,-0.03,25.32
9837,0.1399,-0.2075,0.876,-6.41,8.03,0.09,25.33
9847,0.1342,-0.2051,0.8788,-6.14,8.27,0.0,25.32
9857,0.1364,-0.2076,0.8884,-6.18,8.02,0.03,25.34
9867,0.1359,-0.2074,0.8867,-6.55,7.76,-0.06,25.32
9877,0.1384,-0.2057,0.8826,-6.79,7.5,-0.08,25.33
9887,0.1421,-0.2097,0.8713,-6.81,7.66,-0.05,25.29
9897,0.1403,-0.2102,0.8687,-6.66,8.11,0.02,25.34
9907,0.1346,-0.21,0.8669,-6.4,8.12,-0.03,25.36
9917,0.1309,-0.2025,0.8684,-6.4,7.97,-0.05,25.33
9927,0.1331,-0.2018,0.8756,-6.32,7.74,-0.12,25.34
9937,0.1311,-0.2025,0.8749,-6.49,7.68,-0.06,25.34
9947,0.1305,-0.2043,0.8804,-6.49,7.98,-0.06,25.31
9957,0.1254,-0.2045,0.8798,-6.52,8.31,-0.06,25.29
9967,0.1276,-0.2081,0.8802,-6.09,8.11,0.05,25.32
9977,0.1307,-0.2078,0.8839,-6.15,7.65,-0.11,25.33
9987,0.1366,-0.2084,0.8789,-6.43,7.44,-0.17,25.31
9997,0.1385,-0.2113,0.8771,-6.6,7.74,-0.12,25.3
10007,0.1332,-0.2125,0.8721,-6.73,8.05,-0.14,25.33
10017,0.1315,-0.2097,0.8708,-6.52,8.4,-0.02,25.31
10027,0.1285,-0.2101,0.8842,-6.27,8.09,0.02,25.32
10037,0.1317,-0.2104,0.8813,-6.31,7.79,-0.09,25.31
10047,0.1339,-0.2072,0.8861,-6.49,7.42,-0.15,25.33
10058,0.1398,-0.2086,0.8815,-6.56,7.6,-0.09,25.32
10068,0.1411,-0.209,0.8784,-6.7,8.03,-0.06,25.32
10078,0.1364,-0.2111,0.8787,-6.64,8.35,0.08,25.33
10088,0.1331,-0.2087,0.8777,-6.49,8.34,0.09,25.3
10098,0.1283,-0.2104,0.8784,-6.53,7.83,-0.02,25.31
10108,0.1385,-0.2117,0.8743,-6.67,7.42,-0.08,25.34
10118,0.14,-0.2024,0.8683,-6.64,7.44,-0.02,25.33
10128,0.1395,-0.2047,0.8663,-6.53,7.71,-0.03,25.3
10138,0.1378,-0.2123,0.8693,-6.35,7.97,0.05,25.31
10148,0.1322,-0.2191,0.8772,-6.34,8.12,0.0,25.31
10158,0.1304,-0.215,0.8777,-6.23,7.89,-0.02,25.33
10168,0.1256,-0.2079,0.8749,-6.2,7.47,0.03,25.33
10178,0.1268,-0.2041,0.8695,-6.27,7.19,-0.09,25.34
10188,0.1301,-0.2035,0.8678,-6.18,7.62,-0.06,25.31
10199,0.1282,-0.2037,0.8706,-6.18,8.08,0.06,25.34
10209,0.1302,-0.1927,0.8785,-5.97,8.08,0.06,25.33
10219,0.1335,-0.1917,0.8805,-5.82,7.56,-0.03,25.31
10229,0.132,-0.1895,0.8876,-5.98,7.47,-0.2,25.32
10239,0.1278,-0.1973,0.89,-6.31,7.51,-0.24,25.34
10249,0.1324,-0.2006,0.8945,-6.78,7.94,-0.15,25.33
10259,0.1311,-0.2147,0.8829,-7.07,8.27,-0.14,25.34
10269,0.1305,-0.234,0.8779,-7.01,8.24,0.03,25.35
10279,0.1238,-0.2239,0.8739,-6.18,8.31,0.26,25.32
10289,0.1461,-0.2106,0.8748,-6.2,7.92,0.0,25.34
10299,0.1287,-0.214,0.8927,-6.76,7.91,-0.17,25.32
10309,0.1292,-0.217,0.8787,-6.66,8.27,-0.08,25.3
10319,0.1315,-0.2155,0.8627,-6.89,7.8,-0.09,25.31
10329,0.134,-0.2136,0.8607,-6.87,7.65,-0.14,25.33
10339,0.1351,-0.2214,0.8597,-6.41,7.4,-0.08,25.31
10349,0.1375,-0.2145,0.8605,-5.91,7.69,0.05,25.34
10359,0.1344,-0.2046,0.8668,-5.98,7.82,-0.05,25.33
10369,0.1304,-0.2065,0.8733,-6.05,7.88,-0.09,25.34
10379,0.1272,-0.2103,0.8768,-6.02,7.57,-0.03,25.33
10389,0.1315,-0.2032,0.8774,-6.11,7.45,-0.06,25.31
10399,0.1327,-0.1989,0.8824,-5.94,7.33,-0.12,25.32
10409,0.136,-0.2001,0.8806,-5.88,7.63,-0.12,25.34
10419,0.1372,-0.2024,0.8835,-6.15,7.68,-0.05,25.33
10429,0.1405,-0.2062,0.8839,-6.6,7.85,-0.05,25.31
10439,0.1387,-0.2046,0.8838,-6.67,7.89,-0.06,25.32
10449,0.1357,-0.21,0.8832,-6.64,8.03,-0.2,25.3
10459,0.1335,-0.2061,0.8823,-6.58,8.02,-0.12,25.34
10469,0.1354,-0.2085,0.8813,-6.49,8.0,-0.02,25.31
10479,0.1315,-0.2065,0.8774,-6.6,7.89,-0.15,25.34
10489,0.1337,-0.2106,0.8796,-6.7,7.86,-0.14,25.33
10499,0.1337,-0.2104,0.8749,-6.6,7.73,-0.12,25.32
10509,0.1328,-0.2135,0.8678,-6.58,7.68,-0.09,25.32
10519,0.1349,-0.2124,0.8623,-6.61,7.54,-0.15,25.32
10529,0.1362,-0.2161,0.8662,-6.4,7.44,-0.09,25.33
10539,0.1387,-0.2117,0.8793,-6.05,7.98,0.14,25.34
10549,0.1357,-0.2108,0.885,-6.06,8.17,0.12,25.34
10559,0.1324,-0.2061,0.8871,-6.34,7.73,0.03,25.32
10569,0.1345,-0.2075,0.879,-6.41,7.22,-0.08,25.32
10579,0.1354,-0.2046,0.868,-6.43,7.08,-0.2,25.32
10589,0.14,-0.2039,0.8683,-6.08,7.5,-0.05,25.34
10599,0.1362,-0.1996,0.8723,-5.94,8.18,0.03,25.32
10609,0.1332,-0.1982,0.8818,-6.31,8.58,0.11,25.32
10619,0.1276,-0.2046,0.8804,-6.64,8.38,0.03,25.35
10629,0.1309,-0.2053,0.8746,-6.98,7.74,-0.15,25.32
10639,0.1365,-0.2086,0.8708,-6.92,7.36,-0.15,25.33
10649,0.1403,-0.2117,0.8679,-6.63,7.57,-0.12,25.32
10659,0.1395,-0.2101,0.8724,-6.23,8.31,0.0,25.33
10669,0.1366,-0.2128,0.8828,-6.2,8.75,0.03,25.34
10679,0.1289,-0.2133,0.8831,-6.58,8.29,0.0,25.33
10689,0.1311,-0.21,0.8777,-6.72,7.33,-0.12,25.33
10699,0.1384,-0.2111,0.869,-6.61,7.15,-0.21,25.32
10709,0.1399,-0.2098,0.8708,-6.27,7.62,-0.11,25.34
10719,0.1383,-0.2097,0.8726,-6.17,8.24,0.02,25.34
10729,0.1372,-0.2089,0.875,-6.34,8.24,0.08,25.33
10739,0.1294,-0.2117,0.8826,-6.44,7.74,0.03,25.32
10749,0.1376,-0.209,0.8779,-6.41,7.45,-0.05,25.32
10759,0.1335,-0.2078,0.879,-6.27,7.4,-0.05,25.33
10769,0.1344,-0.2046,0.8729,-6.17,7.95,0.06,25.33
10779,0.1379,-0.2065,0.8799,-6.26,8.17,0.05,25.33
10789,0.1311,-0.2083,0.8806,-6.27,8.37,0.02,25.34
10799,0.1366,-0.2136,0.8811,-6.43,8.03,0.03,25.31
10809,0.1368,-0.2078,0.8724,-6.67,7.57,-0.12,25.31
10819,0.1348,-0.2113,0.8673,-6.85,7.4,-0.15,25.33
10829,0.1306,-0.2155,0.8712,-6.75,7.77,-0.08,25.31
10839,0.1326,-0.2181,0.8767,-6.53,8.21,-0.03,25.33
10849,0.1334,-0.2167,0.8838,-6.27,8.47,0.11,25.32
10859,0.1309,-0.2124,0.8862,-6.31,8.21,0.09,25.32
10869,0.1329,-0.2029,0.8843,-6.47,7.54,-0.02,25.32
10879,0.1332,-0.2003,0.8813,-6.43,7.1,-0.15,25.32
10889,0.1418,-0.1943,0.8729,-6.23,7.15,-0.11,25.32
10899,0.1415,-0.1974,0.8743,-6.35,7.62,-0.06,25.29
10909,0.1407,-0.2042,0.8713,-6.4,8.15,0.03,25.34
10919,0.1385,-0.2101,0.8792,-6.29,8.17,0.03,25.32
10929,0.1387,-0.2169,0.8806,-6.37,7.63,-0.06,25.33
10939,0.1377,-0.2183,0.8837,-6.5,7.44,-0.11,25.32
10949,0.139,-0.2135,0.8782,-6.82,7.71,-0.14,25.34
10959,0.1351,-0.2059,0.8778,-6.82,8.17,-0.05,25.32
10969,0.1333,-0.2023,0.8787,-6.7,8.55,0.06,25.33
10979,0.1295,-0.2013,0.8796,-6.43,8.4,-0.06,25.33
10989,0.1283,-0.2006,0.8793,-6.31,7.71,-0.11,25.32
10999,0.1368,-0.2092,0.874,-6.35,7.27,-0.2,25.31
11009,0.1393,-0.2178,0.8688,-6.29,7.31,-0.15,25.33
11019,0.1398,-0.2175,0.8734,-6.29,7.94,-0.05,25.32
11029,0.1361,-0.2177,0.8726,-6.27,8.29,0.06,25.32
11039,0.1274,-0.2119,0.8816,-6.27,8.26,0.08,25.35
11049,0.1272,-0.2056,0.881,-6.4,7.91,0.02,25.34
11059,0.1283,-0.1952,0.8749,-6.52,7.5,-0.09,25.32
11069,0.1306,-0.1947,0.8676,-6.56,7.37,-0.11,25.33
11079,0.134,-0.197,0.8588,-6.4,7.66,-0.14,25.31
11089,0.1388,-0.2036,0.8649,-6.21,8.0,0.0,25.34
11100,0.1328,-0.2148,0.8822,-6.12,8.46,0.03,25.33
11110,0.1296,-0.2095,0.889,-6.21,8.09,-0.03,25.32
11120,0.1301,-0.2113,0.8842,-6.38,7.65,-0.08,25.31
11130,0.1345,-0.2096,0.8793,-6.46,7.33,-0.18,25.33
11140,0.1354,-0.2083,0.8749,-6.29,7.53,-0.06,25.33
11150,0.1356,-0.2092,0.8805,-6.06,7.95,-0.02,25.32
11160,0.1323,-0.2087,0.8868,-6.23,8.2,0.08,25.31
11170,0.1328,-0.2085,0.8873,-6.82,8.09,-0.06,25.34
11180,0.1311,-0.2128,0.882,-7.19,7.82,-0.11,25.33
11190,0.1306,-0.2102,0.8669,-7.25,7.59,-0.23,25.36
11200,0.1296,-0.2117,0.8617,-6.63,7.6,-0.14,25.34
11210,0.1349,-0.2115,0.8611,-5.92,7.85,-0.03,25.32
11220,0.1323,-0.2056,0.8789,-5.8,8.09,0.12,25.32
11230,0.1281,-0.2056,0.8876,-5.95,8.41,-0.02,25.33
11240,0.1266,-0.2048,0.8879,-6.32,8.05,-0.08,25.34
11250,0.1289,-0.2078,0.8846,-6.6,7.37,-0.15,25.34
11260,0.1356,-0.213,0.8784,-6.44,7.37,-0.15,25.34
11270,0.1395,-0.208,0.8807,-6.24,7.74,-0.08,25.34
11280,0.1387,-0.2079,0.8832,-6.43,8.18,0.09,25.33
11290,0.1359,-0.2076,0.8851,-6.81,8.58,0.02,25.35
11300,0.132,-0.2067,0.8771,-6.93,7.94,0.02,25.32
11310,0.1293,-0.2087,0.8716,-6.75,7.4,-0.15,25.32
11320,0.1335,-0.2108,0.8585,-6.4,7.25,-0.11,25.33
11330,0.1355,-0.2085,0.8639,-6.12,7.8,0.02,25.37
11340,0.1334,-0.2083,0.8676,-6.18,8.31,0.09,25.36
11350,0.1256,-0.2094,0.8741,-6.38,8.27,-0.02,25.34
11360,0.1288,-0.2078,0.8743,-6.32,7.63,0.03,25.32
11370,0.1298,-0.2096,0.8727,-6.23,7.08,-0.15,25.33
11380,0.1372,-0.2091,0.8746,-6.2,7.3,-0.02,25.31
11390,0.1379,-0.2091,0.8748,-6.27,7.83,0.0,25.31
11400,0.1359,-0.2113,0.8793,-6.32,8.26,0.03,25.32
11410,0.1385,-0.2137,0.8752,-6.5,8.08,0.0,25.34
11420,0.135,-0.2084,0.8805,-6.37,7.69,-0.09,25.34
11430,0.1412,-0.2095,0.8765,-6.6,7.21,-0.08,25.35
11440,0.1334,-0.2086,0.8788,-6.44,7.62,-0.03,25.33
11450,0.1335,-0.2094,0.8821,-6.53,7.97,-0.05,25.35
11460,0.1333,-0.209,0.8796,-6.56,8.31,-0.02,25.36
11470,0.1338,-0.2079,0.8838,-6.37,7.98,0.02,25.34
11480,0.1353,-0.212,0.8719,-6.41,7.5,0.0,25.31
11490,0.136,-0.2085,0.8816,-6.31,7.51,-0.12,25.34
11500,0.1362,-0.2094,0.8774,-6.38,7.62,-0.06,25.31
11510,0.1342,-0.2086,0.8733,-6.55,8.2,0.02,25.32
11520,0.1346,-0.207,0.8752,-6.55,8.26,-0.08,25.35
11530,0.1362,-0.2126,0.8687,-6.37,7.77,-0.11,25.32
11540,0.1364,-0.2062,0.8733,-6.44,7.66,-0.05,25.34
11550,0.1342,-0.2079,0.8708,-6.43,7.56,-0.05,25.33
11560,0.142,-0.2043,0.8649,-6.44,7.65,-0.02,25.34
11570,0.1455,-0.202,0.8655,-6.43,7.68,-0.08,25.34
11580,0.1426,-0.2074,0.8649,-6.18,7.8,-0.03,25.35
11590,0.1383,-0.2064,0.8707,-6.11,8.11,-0.06,25.34
11600,0.1383,-0.2035,0.8802,-6.35,7.89,-0.09,25.35
11610,0.1312,-0.2111,0.887,-6.47,7.91,-0.08,25.35
11620,0.135,-0.2158,0.8831,-6.56,7.82,-0.09,25.34
11630,0.1367,-0.2166,0.8763,-6.4,7.82,-0.03,25.33
11640,0.1338,-0.21,0.8782,-6.43,7.85,-0.02,25.33
11650,0.1367,-0.2094,0.8748,-6.44,7.82,-0.02,25.37
11660,0.1337,-0.2123,0.8712,-6.53,7.69,0.0,25.33
11670,0.1299,-0.2128,0.8816,-6.63,7.79,-0.02,25.34
11680,0.1313,-0.2164,0.8811,-6.4,8.03,0.0,25.34
11690,0.1287,-0.2117,0.8822,-6.29,8.06,0.12,25.34
11700,0.1343,-0.2056,0.8822,-6.18,7.77,0.0,25.33
11710,0.1355,-0.2029,0.8765,-6.21,7.51,-0.02,25.35
11720,0.1343,-0.2026,0.8813,-6.32,7.4,-0.05,25.35
11730,0.1285,-0.2051,0.8822,-6.41,7.54,-0.05,25.34
11740,0.1289,-0.2013,0.8772,-6.38,7.95,-0.06,25.35
11750,0.1267,-0.2045,0.884,-6.7,8.0,-0.15,25.32
11760,0.1244,-0.2117,0.8676,-6.63,8.0,-0.03,25.36
11770,0.1331,-0.2098,0.8677,-6.56,7.85,-0.06,25.38
11780,0.1364,-0.209,0.8679,-6.47,7.42,-0.12,25.34
11790,0.1387,-0.2152,0.8722,-6.12,7.66,-0.11,25.35
11800,0.1395,-0.2081,0.8778,-6.0,7.79,0.06,25.36
11810,0.1359,-0.2063,0.8835,-6.26,7.92,0.02,25.34
11820,0.1339,-0.2106,0.8857,-6.34,7.8,0.0,25.34
11830,0.1356,-0.2145,0.8827,-6.37,7.56,-0.06,25.35
11840,0.1395,-0.2115,0.8794,-6.35,7.66,-0.11,25.35
11850,0.1418,-0.2062,0.884,-6.49,7.85,-0.06,25.36
11860,0.1388,-0.2083,0.8824,-6.6,7.95,-0.03,25.33
11870,0.1432,-0.2052,0.869,-6.61,8.0,0.03,25.32
11880,0.1367,-0.2113,0.8706,-6.5,7.53,0.0,25.34
11890,0.1318,-0.2076,0.87,-6.26,7.63,-0.03,25.35
11900,0.136,-0.2034,0.8754,-6.02,7.6,-0.06,25.34
11910,0.1329,-0.2006,0.8754,-6.05,8.03,0.0,25.33
11920,0.1335,-0.1998,0.8806,-6.47,8.06,0.02,25.35
11930,0.1337,-0.1996,0.8761,-6.66,7.89,-0.02,25.35
11940,0.1448,-0.209,0.8739,-6.6,7.39,-0.05,25.33
11950,0.1403,-0.2059,0.871,-6.37,7.56,-0.09,25.34
11960,0.1396,-0.2023,0.8801,-6.23,7.91,-0.02,25.33
11970,0.1389,-0.2028,0.8792,-6.37,8.21,0.08,25.35
11980,0.1403,-0.1992,0.8806,-6.58,8.2,-0.03,25.33
11990,0.1368,-0.2064,0.8763,-6.7,7.57,-0.06,25.34
12000,0.1398,-0.2083,0.8665,-6.6,7.19,-0.11,25.33
12010,0.1409,-0.2144,0.8683,-6.41,7.39,-0.11,25.33
12020,0.1394,-0.212,0.8718,-6.35,7.88,-0.05,25.35
12030,0.1364,-0.2095,0.8779,-6.37,8.38,0.0,25.36
12040,0.1309,-0.2062,0.8835,-6.58,8.27,-0.03,25.35
12050,0.1262,-0.2026,0.8799,-6.55,7.76,-0.08,25.34
12060,0.1271,-0.2019,0.8737,-6.46,7.45,-0.12,25.36
12070,0.1328,-0.2025,0.8757,-6.27,7.53,-0.12,25.35
12080,0.137,-0.2045,0.8717,-6.32,7.94,-0.11,25.35
12090,0.134,-0.2056,0.8759,-6.37,8.27,-0.02,25.34
12100,0.1332,-0.2081,0.8765,-6.37,8.06,-0.06,25.34
12110,0.136,-0.208,0.8702,-6.5,7.68,-0.12,25.36
12120,0.1384,-0.2081,0.8691,-6.53,7.6,-0.12,25.35
12130,0.1376,-0.1956,0.8759,-6.35,7.94,-0.06,25.34
12140,0.1343,-0.1959,0.8759,-6.03,8.29,-0.03,25.34
12150,0.1332,-0.2098,0.8759,-6.34,8.14,-0.17,25.34
12160,0.1339,-0.2191,0.8704,-7.07,7.45,-0.14,25.34
12170,0.1392,-0.2262,0.8671,-7.33,7.44,-0.12,25.36
12180,0.1387,-0.2236,0.8594,-6.78,7.86,-0.05,25.35
12190,0.1376,-0.219,0.8639,-6.03,8.24,0.14,25.33
12200,0.1283,-0.2096,0.879,-5.73,8.18,0.21,25.35
12210,0.1323,-0.2072,0.8865,-5.91,7.73,0.17,25.32
12220,0.1337,-0.2013,0.8855,-6.31,7.21,-0.05,25.35
12230,0.1382,-0.2053,0.8784,-6.81,6.95,-0.27,25.37
12240,0.1365,-0.1979,0.8685,-6.63,7.28,-0.12,25.37
12250,0.1405,-0.2018,0.8729,-6.09,7.74,-0.03,25.35
12260,0.1399,-0.2057,0.8773,-5.85,8.43,0.12,25.35
12270,0.1323,-0.2053,0.8948,-6.17,8.55,0.08,25.36
12280,0.1261,-0.2062,0.8964,-6.67,7.8,-0.11,25.34
12290,0.1316,-0.2052,0.8867,-6.79,7.18,-0.24,25.35
12301,0.1371,-0.2107,0.8729,-6.75,7.33,-0.2,25.34
12312,0.1337,-0.2113,0.871,-6.58,8.21,-0.08,25.35
12322,0.1296,-0.2156,0.8755,-6.41,8.73,0.03,25.37
12332,0.1344,-0.2157,0.8785,-6.53,8.69,-0.03,25.34
12342,0.1293,-0.2137,0.879,-6.89,8.02,-0.09,25.34
12352,0.1328,-0.2194,0.873,-7.1,7.42,-0.17,25.34
12362,0.1313,-0.2222,0.8661,-6.93,7.37,-0.18,25.35
12372,0.1371,-0.2191,0.8623,-6.26,7.53,0.05,25.34
12382,0.1372,-0.207,0.8739,-5.89,8.23,0.09,25.35
12392,0.1323,-0.212,0.8857,-6.02,7.97,0.05,25.36
12402,0.1234,-0.208,0.8907,-6.41,7.65,-0.12,25.34
12412,0.1333,-0.21,0.8794,-6.56,7.18,-0.09,25.34
12422,0.1326,-0.2043,0.8695,-6.49,7.36,-0.11,25.34
12432,0.1309,-0.205,0.8729,-6.03,7.79,-0.02,25.35
12442,0.1305,-0.2067,0.8767,-5.98,7.89,0.0,25.35
12452,0.1305,-0.2068,0.8812,-6.06,7.97,0.02,25.36
12462,0.1298,-0.2023,0.8822,-6.43,7.68,-0.05,25.35
12472,0.1321,-0.2012,0.881,-6.61,7.51,-0.08,25.38
12482,0.1282,-0.2013,0.8724,-6.6,7.79,-0.09,25.36
12492,0.1365,-0.203,0.8744,-6.52,7.92,-0.08,25.37
12502,0.1333,-0.2123,0.8783,-6.35,7.86,-0.12,25.37
12512,0.1357,-0.2095,0.8726,-6.2,7.79,-0.03,25.35
12522,0.139,-0.2085,0.8743,-6.47,7.57,-0.12,25.34
12532,0.1373,-0.2117,0.8711,-6.69,7.34,-0.17,25.34
12542,0.1351,-0.2115,0.8759,-6.66,7.63,-0.03,25.36
12552,0.1365,-0.2068,0.873,-6.26,7.89,-0.03,25.38
12562,0.1432,-0.2074,0.8722,-6.09,7.91,0.02,25.34
12572,0.1423,-0.2024,0.8794,-6.06,7.89,0.03,25.35
12582,0.1396,-0.2036,0.8835,-6.35,7.82,-0.03,25.37
12592,0.1394,-0.2109,0.8798,-6.75,7.44,-0.11,25.36
12602,0.1428,-0.2101,0.8708,-6.72,7.25,-0.14,25.36
12612,0.1376,-0.2067,0.8645,-6.41,7.62,-0.09,25.37
12622,0.1388,-0.204,0.8668,-6.02,8.14,-0.03,25.34
12632,0.1409,-0.2039,0.8716,-5.91,8.35,0.05,25.36
12642,0.142,-0.2069,0.8792,-6.12,8.21,0.05,25.36
12652,0.1376,-0.2124,0.879,-6.46,7.82,-0.12,25.35
12662,0.1384,-0.2134,0.8792,-6.61,7.5,-0.26,25.36
12672,0.1364,-0.2162,0.8739,-6.53,7.63,-0.12,25.37
12682,0.1359,-0.2104,0.8767,-6.12,8.11,-0.03,25.37
12692,0.13,-0.2069,0.8823,-6.27,8.55,0.15,25.37
12702,0.1285,-0.2008,0.8878,-6.5,8.41,0.11,25.37
12712,0.1251,-0.1998,0.8802,-6.73,7.83,-0.11,25.37
12722,0.1316,-0.1973,0.8689,-6.79,7.18,-0.12,25.35
12732,0.134,-0.2015,0.8652,-6.23,7.34,-0.06,25.35
12742,0.1359,-0.204,0.8673,-6.09,7.71,0.02,25.33
12752,0.1356,-0.2056,0.8727,-5.98,8.23,-0.02,25.37
12762,0.1321,-0.2084,0.8801,-6.32,8.09,-0.02,25.38
12772,0.1284,-0.2111,0.8773,-6.81,7.54,-0.09,25.38
12782,0.1315,-0.2114,0.865,-6.84,7.28,-0.11,25.38
12792,0.1328,-0.2108,0.8638,-6.38,7.57,-0.05,25.36
12802,0.1309,-0.209,0.8708,-6.06,8.21,0.02,25.36
12812,0.1295,-0.2076,0.8834,-6.02,8.2,0.09,25.36
12822,0.1306,-0.2101,0.8822,-6.17,7.97,-0.05,25.34
12832,0.1333,-0.2108,0.8817,-6.52,7.45,-0.09,25.34
12842,0.1411,-0.2089,0.8771,-6.56,7.28,-0.11,25.36
12852,0.1438,-0.2119,0.8708,-6.55,7.56,-0.12,25.34
12862,0.1406,-0.2063,0.8718,-6.41,8.09,0.05,25.35
12872,0.1384,-0.2085,0.8756,-6.29,8.27,0.0,25.34
12882,0.1338,-0.2069,0.8779,-6.32,8.14,-0.05,25.36
12892,0.1356,-0.2054,0.8804,-6.35,7.74,-0.18,25.34
12902,0.1344,-0.2092,0.8765,-6.5,7.37,-0.08,25.39
12912,0.1383,-0.2083,0.8726,-6.52,7.48,-0.11,25.37
12922,0.1405,-0.204,0.8734,-6.35,7.91,-0.03,25.34
12932,0.1345,-0.2062,0.875,-6.38,8.24,0.06,25.37
12942,0.1342,-0.209,0.8802,-6.49,8.2,-0.02,25.37
12952,0.1351,-0.2083,0.8745,-6.47,7.77,-0.12,25.34
12962,0.1305,-0.2102,0.8798,-6.47,7.69,-0.09,25.38
12972,0.1392,-0.2123,0.8672,-6.43,7.56,-0.11,25.32
12982,0.1417,-0.2074,0.8727,-6.5,8.17,0.0,25.37
12992,0.1365,-0.2092,0.8793,-6.56,8.26,0.08,25.35
13002,0.1339,-0.2106,0.8744,-6.47,7.92,0.0,25.35
13012,0.1312,-0.2125,0.876,-6.21,7.5,-0.03,25.37
13022,0.1288,-0.2087,0.8752,-5.97,7.15,-0.05,25.35
13032,0.1361,-0.2067,0.8783,-6.14,7.44,-0.06,25.34
13042,0.1335,-0.2047,0.8848,-6.63,8.02,-0.08,25.37
13052,0.1351,-0.21,0.8767,-6.85,8.52,-0.06,25.34
13062,0.1305,-0.2126,0.8728,-6.87,8.17,0.0,25.35
13072,0.132,-0.2097,0.8732,-6.43,7.82,-0.05,25.35
13082,0.1329,-0.2069,0.8734,-6.18,7.28,-0.14,25.36
13092,0.1375,-0.2052,0.8752,-6.31,7.42,0.08,25.34
13102,0.1412,-0.207,0.8738,-6.49,8.0,-0.02,25.36
13112,0.1383,-0.2078,0.8723,-6.55,8.29,0.0,25.34
13122,0.1316,-0.2103,0.8728,-6.09,8.11,-0.03,25.34
13132,0.1318,-0.2087,0.8761,-5.89,7.59,-0.03,25.34
13142,0.1354,-0.204,0.8752,-6.23,7.44,-0.09,25.35
13152,0.1356,-0.2057,0.8728,-6.82,7.82,-0.09,25.34
13162,0.1329,-0.2083,0.8711,-7.04,8.03,-0.03,25.35
13172,0.1321,-0.2109,0.8704,-6.47,8.14,-0.02,25.37
13182,0.1331,-0.2102,0.874,-6.21,7.79,-0.05,25.35
13192,0.1348,-0.2107,0.8795,-6.03,7.73,-0.06,25.33
13202,0.1375,-0.2079,0.8743,-6.29,7.79,-0.06,25.37
13212,0.1346,-0.2068,0.8773,-6.67,8.0,-0.02,25.36
13222,0.1349,-0.2101,0.8715,-6.84,8.0,-0.05,25.33
13232,0.1342,-0.2109,0.8701,-6.44,7.82,-0.03,25.34
13242,0.1321,-0.2096,0.8738,-5.98,7.74,0.0,25.34
13252,0.1329,-0.2118,0.8805,-5.85,7.98,-0.05,25.34
13262,0.1331,-0.209,0.8831,-6.31,7.85,0.0,25.34
13272,0.1315,-0.207,0.8843,-6.81,7.8,-0.02,25.33
13282,0.1344,-0.2072,0.8757,-6.84,7.48,-0.17,25.35
13292,0.1387,-0.2101,0.8705,-6.69,7.25,-0.17,25.35
13302,0.1387,-0.2083,0.8662,-6.35,7.76,0.0,25.36
13312,0.1384,-0.2112,0.8719,-6.11,8.32,0.05,25.35
13322,0.1354,-0.2056,0.877,-6.12,8.53,0.15,25.34
13332,0.1324,-0.2067,0.8893,-6.32,8.15,0.08,25.32
13342,0.1299,-0.2111,0.8835,-6.73,7.59,-0.08,25.33
13352,0.1333,-0.2095,0.8766,-6.96,7.18,-0.24,25.34
13362,0.141,-0.2091,0.8616,-6.75,7.18,-0.06,25.37
13372,0.1405,-0.2118,0.8599,-6.34,7.97,0.14,25.34
13382,0.1383,-0.2073,0.8744,-5.86,8.87,0.12,25.35
13392,0.1327,-0.2057,0.8795,-5.86,8.73,0.06,25.37
13402,0.1332,-0.2074,0.8864,-6.27,7.97,0.02,25.35
13412,0.1356,-0.2072,0.8843,-6.61,7.45,-0.14,25.34
13422,0.1385,-0.2094,0.8767,-6.78,7.48,-0.17,25.36
13432,0.1388,-0.2072,0.8685,-6.63,7.85,-0.02,25.33
13442,0.1359,-0.2065,0.8705,-6.2,8.32,0.0,25.36
13452,0.1305,-0.2056,0.8755,-6.15,8.41,0.05,25.34
13462,0.1313,-0.2083,0.8766,-6.35,8.09,0.0,25.35
13472,0.1302,-0.2104,0.8754,-6.66,7.85,-0.06,25.31
13482,0.1359,-0.2126,0.8723,-6.6,7.79,-0.05,25.34
13492,0.1306,-0.2133,0.8678,-6.46,8.05,-0.09,25.34
13502,0.1296,-0.2097,0.8667,-6.24,8.09,-0.05,25.33
13512,0.1294,-0.2063,0.8754,-6.03,8.03,0.08,25.35
13522,0.1277,-0.2076,0.8795,-6.05,7.86,0.0,25.35
13532,0.1312,-0.2089,0.882,-6.23,7.51,-0.08,25.35
13542,0.1345,-0.2085,0.8754,-6.44,7.59,-0.11,25.36
13552,0.1379,-0.2102,0.8724,-6.43,7.68,-0.06,25.36
13562,0.1372,-0.2053,0.876,-6.34,8.05,-0.06,25.36
13572,0.136,-0.2079,0.8792,-6.49,8.09,-0.03,25.34
13582,0.134,-0.2103,0.8816,-6.63,8.03,-0.06,25.36
13592,0.136,-0.2067,0.8829,-6.72,7.86,-0.05,25.33
13602,0.1348,-0.2108,0.8751,-6.69,7.8,-0.17,25.32
13612,0.1359,-0.207,0.8722,-6.52,8.0,-0.11,25.34
13622,0.132,-0.2074,0.8755,-6.4,7.95,-0.14,25.34
13632,0.1318,-0.2095,0.876,-6.23,7.69,-0.02,25.34
13642,0.1304,-0.2073,0.8749,-6.17,7.63,-0.14,25.34
13652,0.1327,-0.209,0.8677,-6.37,7.71,-0.08,25.32
13662,0.1326,-0.2059,0.8678,-6.32,7.8,-0.05,25.34
13672,0.1338,-0.2092,0.868,-6.27,8.08,0.0,25.34
13682,0.1294,-0.2092,0.8784,-6.27,8.23,0.03,25.32
13692,0.1294,-0.2074,0.8772,-6.41,8.06,-0.03,25.34
13702,0.1306,-0.2115,0.8771,-6.56,7.68,-0.06,25.35
13712,0.1366,-0.2118,0.8698,-6.4,7.36,-0.06,25.33
13722,0.132,-0.2069,0.8699,-6.03,7.57,-0.15,25.34
13732,0.1354,-0.2046,0.8734,-6.06,7.97,-0.08,25.34
13742,0.134,-0.2073,0.877,-6.27,8.09,-0.05,25.33
13752,0.134,-0.2097,0.8835,-6.58,8.23,-0.08,25.33
13762,0.1313,-0.2122,0.8868,-6.87,8.06,-0.11,25.33
13772,0.135,-0.2145,0.8752,-6.82,7.62,-0.18,25.31
13782,0.1355,-0.2119,0.8734,-6.44,7.51,-0.24,25.34
13792,0.1368,-0.2115,0.8755,-6.09,7.62,-0.18,25.36
13802,0.1405,-0.2081,0.88,-6.12,7.98,-0.09,25.35
13812,0.1359,-0.2104,0.8792,-6.34,8.0,0.05,25.33
13822,0.1354,-0.2097,0.8761,-6.55,7.89,-0.05,25.34
13833,0.1368,-0.2098,0.8738,-6.4,7.54,-0.03,25.34
13843,0.1365,-0.2073,0.8749,-6.23,7.63,0.0,25.32
13853,0.1348,-0.2095,0.8716,-6.2,7.86,-0.11,25.33
13863,0.1333,-0.2057,0.8781,-6.32,8.06,-0.02,25.33
13873,0.1335,-0.2084,0.8796,-6.52,8.03,0.02,25.33
13883,0.1338,-0.2104,0.8735,-6.58,7.76,0.06,25.34
13893,0.1343,-0.2095,0.8729,-6.38,7.54,-0.06,25.34
13903,0.1338,-0.207,0.876,-6.23,7.69,-0.08,25.33
13913,0.1345,-0.2068,0.8755,-6.43,7.71,0.05,25.35
13923,0.1317,-0.2084,0.8762,-6.82,7.97,-0.05,25.32
13933,0.1344,-0.2106,0.8726,-6.76,8.12,-0.11,25.33
13943,0.1349,-0.2091,0.8685,-6.49,7.88,-0.06,25.33
13953,0.136,-0.2091,0.8702,-6.06,7.89,0.02,25.34
13963,0.1355,-0.2031,0.8761,-6.0,7.85,-0.02,25.35
13973,0.1296,-0.2079,0.8845,-6.41,7.88,-0.11,25.34
13983,0.131,-0.2095,0.8788,-6.75,7.63,-0.09,25.34
13993,0.1322,-0.2098,0.8689,-6.75,7.42,-0.06,25.35
14003,0.1361,-0.2122,0.8719,-6.27,7.88,-0.06,25.37
14013,0.1388,-0.2119,0.8716,-6.09,8.08,0.02,25.35
14023,0.1328,-0.2092,0.8805,-6.03,8.18,0.06,25.36
14033,0.131,-0.208,0.8879,-6.18,8.03,-0.06,25.34
14043,0.1299,-0.2085,0.8793,-6.58,7.51,-0.06,25.35
14053,0.1366,-0.2089,0.8737,-6.64,7.53,-0.14,25.33
14063,0.1373,-0.2097,0.8717,-6.58,7.73,-0.08,25.33
14073,0.1376,-0.207,0.8702,-6.23,8.08,0.02,25.36
14083,0.135,-0.2083,0.88,-6.37,8.12,-0.06,25.34
14093,0.1343,-0.2119,0.8828,-6.41,7.77,-0.11,25.35
14103,0.1342,-0.214,0.8784,-6.64,7.39,-0.18,25.34
14113,0.1365,-0.21,0.8727,-6.49,7.5,-0.17,25.33
14123,0.1416,-0.2101,0.8712,-6.32,7.89,0.03,25.32
14133,0.1345,-0.2101,0.8713,-6.08,8.18,0.06,25.34
14143,0.1331,-0.2089,0.8779,-6.29,8.12,0.05,25.34
14153,0.132,-0.2065,0.879,-6.29,8.02,-0.12,25.35
14163,0.1302,-0.2083,0.8782,-6.61,7.63,-0.02,25.36
14173,0.1338,-0.2113,0.877,-6.72,7.57,-0.11,25.32
14183,0.1367,-0.2089,0.8698,-6.67,7.4,-0.03,25.34
14193,0.1362,-0.2083,0.8719,-6.31,7.79,-0.02,25.36
14203,0.1361,-0.2124,0.8685,-6.32,8.18,-0.02,25.34
14213,0.1315,-0.2075,0.8766,-6.34,8.29,-0.02,25.35
14223,0.1279,-0.2095,0.8806,-6.46,7.98,-0.05,25.35
14235,0.1333,-0.2063,0.8746,-6.29,7.22,-0.12,25.32
14245,0.134,-0.2048,0.8761,-6.34,7.3,-0.11,25.32
14255,0.1322,-0.2084,0.8763,-6.31,7.86,-0.09,25.32
14265,0.137,-0.2065,0.8768,-6.46,8.11,-0.09,25.34
14275,0.135,-0.2083,0.874,-6.55,8.08,-0.03,25.35
14285,0.1343,-0.2107,0.8762,-6.46,7.89,-0.03,25.33
14295,0.1323,-0.21,0.876,-6.6,7.53,-0.15,25.34
14305,0.1355,-0.2096,0.8737,-6.6,7.47,-0.08,25.32
14315,0.1378,-0.2101,0.8702,-6.37,7.82,-0.05,25.31
14325,0.1343,-0.2097,0.8741,-6.06,8.11,0.0,25.35
14335,0.1313,-0.2084,0.8834,-5.89,8.02,0.06,25.36
14345,0.1343,-0.2075,0.8834,-6.37,7.63,-0.06,25.35
14355,0.131,-0.2095,0.8734,-6.67,7.45,-0.14,25.32
14365,0.1368,-0.2069,0.8657,-6.63,7.88,-0.12,25.32
14375,0.1321,-0.2111,0.8677,-6.4,8.21,-0.03,25.32
14385,0.1316,-0.2087,0.8679,-6.03,7.95,-0.03,25.31
14395,0.1353,-0.2067,0.8767,-6.02,7.6,-0.11,25.31
14405,0.1361,-0.2068,0.8762,-6.32,7.68,-0.14,25.33
14415,0.1346,-0.2032,0.8788,-6.46,7.77,-0.06,25.34
14425,0.1354,-0.2052,0.8777,-6.38,7.92,-0.08,25.34
14435,0.132,-0.2075,0.8801,-6.31,7.77,-0.05,25.34
14445,0.1307,-0.2045,0.8773,-6.43,7.42,-0.08,25.33
14455,0.1318,-0.2085,0.8765,-6.6,7.63,-0.21,25.36
14465,0.1318,-0.2129,0.8746,-6.93,7.98,-0.12,25.35
14475,0.1318,-0.2145,0.8727,-6.72,8.14,-0.12,25.33
14485,0.1283,-0.2158,0.8759,-6.4,7.89,-0.11,25.32
14495,0.1265,-0.2145,0.8739,-6.09,7.63,-0.15,25.32
14505,0.1295,-0.2118,0.8755,-6.29,7.47,-0.15,25.31
14515,0.1321,-0.2091,0.8688,-6.5,7.63,-0.18,25.34
14525,0.1382,-0.2098,0.8737,-6.53,7.69,-0.17,25.32
14535,0.1388,-0.2084,0.8757,-6.15,7.54,-0.14,25.32
14545,0.1439,-0.2048,0.8801,-5.89,7.5,-0.08,25.33
14555,0.1394,-0.201,0.8762,-6.18,7.47,-0.05,25.35
14565,0.1465,-0.2026,0.8755,-6.29,7.85,-0.05,25.35
14575,0.1445,-0.2063,0.879,-6.38,8.2,0.05,25.32
14585,0.1367,-0.2097,0.8802,-6.56,8.23,0.08,25.32
14595,0.1342,-0.2102,0.8848,-6.69,7.95,0.05,25.36
14605,0.1383,-0.2133,0.8759,-6.78,7.63,-0.06,25.34
14615,0.1375,-0.2139,0.8744,-6.53,7.85,0.09,25.35
14625,0.1367,-0.2104,0.8741,-6.29,8.35,0.09,25.33
14635,0.1276,-0.2107,0.8805,-6.27,8.27,0.15,25.35
14645,0.1318,-0.2048,0.8831,-6.34,7.66,-0.08,25.33
14655,0.1344,-0.2048,0.8824,-6.63,7.13,0.02,25.32
14665,0.135,-0.2041,0.8781,-6.75,7.3,-0.11,25.35
14675,0.1364,-0.2031,0.8734,-6.53,7.4,-0.03,25.36
14685,0.1371,-0.2031,0.8702,-6.35,7.69,0.03,25.33
14695,0.1328,-0.2045,0.8784,-6.32,7.91,0.03,25.33
14705,0.1271,-0.2075,0.8795,-6.6,7.68,-0.03,25.35
14715,0.1293,-0.2136,0.8735,-6.75,7.37,-0.08,25.34
14725,0.1301,-0.2141,0.8654,-6.82,7.39,-0.14,25.35
14735,0.1333,-0.2148,0.8613,-6.41,7.62,-0.15,25.36
14745,0.1345,-0.2175,0.8643,-6.08,8.23,0.0,25.35
14755,0.1364,-0.2114,0.8802,-6.2,8.27,0.06,25.34
14765,0.1326,-0.2128,0.8813,-6.55,8.05,-0.03,25.36
14775,0.13,-0.2142,0.8777,-6.5,7.76,-0.11,25.34
14785,0.1328,-0.2102,0.8671,-6.41,7.28,-0.11,25.34
14795,0.1357,-0.207,0.8699,-5.83,7.62,-0.03,25.35
14805,0.1364,-0.2064,0.8809,-5.74,7.97,-0.03,25.34
14815,0.1373,-0.2072,0.8866,-6.11,7.98,0.08,25.33
14825,0.1404,-0.2051,0.8845,-6.66,7.44,-0.06,25.37
14835,0.1427,-0.2028,0.8772,-6.73,6.82,-0.15,25.34
14845,0.152,-0.205,0.8667,-6.52,6.69,-0.15,25.33
14855,0.1523,-0.1982,0.8667,-6.21,7.53,-0.05,25.31
14865,0.1401,-0.1984,0.8745,-6.47,8.27,0.0,25.32
14875,0.1227,-0.2079,0.8937,-6.69,8.96,-0.03,25.34
14885,0.1337,-0.2085,0.8854,-6.84,8.05,-0.17,25.32
14895,0.1429,-0.2119,0.8734,-6.56,7.15,-0.14,25.34
14905,0.1439,-0.2112,0.8685,-6.56,6.81,-0.21,25.33
14915,0.1392,-0.2081,0.8738,-6.5,7.79,-0.15,25.34
14925,0.1376,-0.2125,0.8749,-6.53,8.44,-0.05,25.33
14935,0.14,-0.212,0.8737,-6.18,8.49,0.09,25.32
14945,0.139,-0.2117,0.8788,-5.94,7.98,0.05,25.34
14955,0.1357,-0.2111,0.8851,-6.11,7.6,-0.05,25.32
14965,0.1368,-0.2125,0.8776,-6.69,7.21,-0.18,25.34
14975,0.1411,-0.213,0.8717,-6.5,7.8,-0.11,25.35
14985,0.1432,-0.2135,0.8754,-6.17,8.35,-0.08,25.32
14995,0.1344,-0.2126,0.8767,-6.03,8.61,0.08,25.34
15005,0.1299,-0.212,0.8854,-6.21,8.38,0.05,25.31
15015,0.1278,-0.2096,0.8816,-6.63,7.77,-0.14,25.34
15025,0.1293,-0.2084,0.8795,-6.72,7.42,-0.14,25.35
15035,0.1301,-0.2073,0.8667,-6.6,7.66,-0.2,25.33
15045,0.1299,-0.2084,0.8682,-6.11,8.4,0.05,25.34
15055,0.1238,-0.2091,0.8835,-5.95,8.52,0.14,25.33
15065,0.1221,-0.2106,0.8849,-6.18,8.21,-0.08,25.32
15075,0.1169,-0.2122,0.8799,-6.61,7.48,-0.11,25.34
15085,0.1241,-0.2111,0.8679,-6.5,7.37,-0.14,25.33
15095,0.127,-0.2091,0.865,-6.32,8.02,-0.08,25.36
15105,0.1262,-0.2114,0.8683,-6.41,8.37,-0.05,25.32
15115,0.1207,-0.2141,0.8737,-6.41,8.35,-0.05,25.34
15125,0.1265,-0.2146,0.8741,-6.46,7.68,-0.09,25.32
15135,0.1324,-0.2133,0.8682,-6.27,7.15,-0.18,25.33
15145,0.1398,-0.2081,0.8711,-6.05,7.33,-0.02,25.33
15155,0.1445,-0.2068,0.8732,-6.14,8.06,0.08,25.32
15165,0.1393,-0.2068,0.8857,-6.34,8.24,0.0,25.32
15175,0.137,-0.208,0.881,-6.69,7.97,-0.06,25.33
15185,0.1394,-0.2098,0.8762,-6.49,7.59,-0.03,25.3
15195,0.1371,-0.2091,0.8746,-6.14,7.59,-0.02,25.33
15205,0.1389,-0.2078,0.8728,-6.14,7.82,0.06,25.32
15215,0.1373,-0.2097,0.8829,-6.44,8.32,0.15,25.32
15225,0.1318,-0.2064,0.8783,-6.72,8.29,0.06,25.33
15235,0.1292,-0.213,0.8761,-6.7,7.63,-0.09,25.35
15245,0.135,-0.2092,0.8639,-6.4,7.3,-0.12,25.31
15255,0.1393,-0.2079,0.8643,-6.15,7.6,-0.05,25.35
15265,0.1367,-0.2064,0.8683,-6.09,8.17,0.06,25.33
15275,0.1318,-0.2086,0.8795,-6.15,8.46,0.0,25.32
15285,0.1239,-0.2086,0.8817,-6.49,8.17,-0.05,25.35
15295,0.1251,-0.2075,0.8822,-6.6,7.6,-0.11,25.33
15305,0.1318,-0.2135,0.8767,-6.64,7.27,-0.11,25.33
15315,0.1388,-0.2109,0.8707,-6.52,7.76,-0.11,25.31
15325,0.1421,-0.2122,0.8704,-6.44,8.31,0.02,25.31
15335,0.1349,-0.2092,0.8795,-6.23,8.6,0.09,25.34
15345,0.1322,-0.2065,0.8838,-6.17,8.21,0.06,25.33
15355,0.134,-0.2117,0.8822,-6.55,7.6,-0.05,25.3
15365,0.1353,-0.2074,0.8746,-6.72,7.28,-0.18,25.32
15375,0.139,-0.2113,0.8685,-6.7,7.57,-0.11,25.32
15385,0.1411,-0.21,0.8668,-6.34,8.17,-0.03,25.31
15395,0.1349,-0.2085,0.8794,-6.12,8.47,0.09,25.32
15405,0.129,-0.2086,0.8844,-6.11,8.09,0.0,25.34
15415,0.1267,-0.2079,0.8821,-6.35,7.39,-0.09,25.34
15425,0.1359,-0.2064,0.8774,-6.72,7.13,-0.18,25.33
15435,0.1375,-0.2085,0.8704,-6.73,7.42,-0.11,25.31
15445,0.1395,-0.2084,0.8677,-6.38,8.06,0.09,25.32
15455,0.1346,-0.2114,0.8744,-6.12,8.49,0.06,25.32
15465,0.1324,-0.2078,0.882,-6.23,8.26,0.08,25.31
15475,0.1329,-0.2068,0.8812,-6.47,7.53,-0.08,25.32
15485,0.1331,-0.2076,0.8761,-6.6,7.13,-0.23,25.33
15495,0.1417,-0.208,0.8717,-6.61,7.47,-0.06,25.3
15505,0.1392,-0.2089,0.8705,-6.43,8.08,-0.08,25.31
15515,0.1359,-0.2092,0.8787,-6.23,8.34,-0.06,25.32
15525,0.1367,-0.209,0.8749,-6.32,8.17,-0.12,25.32
15535,0.1324,-0.2072,0.8811,-6.41,7.8,-0.11,25.32
15545,0.1378,-0.2103,0.8761,-6.58,7.69,-0.12,25.32
15555,0.1378,-0.208,0.8738,-6.58,8.11,-0.02,25.33
15565,0.1357,-0.2112,0.8723,-6.5,8.46,0.08,25.32
15575,0.1307,-0.2164,0.8737,-6.47,8.5,0.02,25.32
15585,0.1284,-0.2092,0.874,-6.35,8.03,-0.02,25.31
15595,0.1307,-0.2108,0.8761,-6.18,7.3,-0.11,25.32
15605,0.1368,-0.2072,0.8732,-6.38,7.59,-0.06,25.29
15615,0.1353,-0.2065,0.871,-6.44,7.8,-0.09,25.34
15625,0.1307,-0.2095,0.8722,-6.34,8.15,-0.02,25.35
15635,0.1324,-0.2091,0.88,-6.31,8.11,-0.05,25.33
15645,0.1342,-0.2054,0.8826,-6.31,7.89,0.0,25.32
15655,0.1379,-0.2083,0.8784,-6.35,7.6,0.02,25.32
15665,0.1355,-0.2084,0.8781,-6.43,7.88,0.0,25.32
15675,0.1354,-0.2112,0.8781,-6.46,8.03,-0.05,25.32
15685,0.1351,-0.2095,0.8806,-6.53,8.05,0.0,25.33
15695,0.1333,-0.2118,0.884,-6.43,7.94,0.02,25.32
15705,0.1312,-0.2097,0.8767,-6.4,7.89,-0.05,25.32
15715,0.1342,-0.2092,0.8778,-6.49,7.88,-0.03,25.29
15725,0.1324,-0.209,0.8761,-6.56,7.89,-0.12,25.33
15735,0.1328,-0.2103,0.8756,-6.64,7.86,-0.02,25.33
15745,0.1339,-0.2094,0.8662,-6.53,7.89,-0.06,25.32
15755,0.1323,-0.2103,0.8761,-6.2,7.92,-0.03,25.32
15765,0.1353,-0.2101,0.8804,-6.21,8.03,0.02,25.3
15775,0.1317,-0.2097,0.8773,-6.38,7.98,0.06,25.33
15785,0.1313,-0.209,0.8779,-6.4,7.86,0.0,25.32
15795,0.1339,-0.2103,0.8771,-6.4,7.68,-0.06,25.32
15805,0.1371,-0.2115,0.8733,-6.35,7.71,-0.08,25.31
15815,0.1361,-0.21,0.8779,-6.23,7.83,-0.03,25.32
15825,0.1327,-0.2094,0.8755,-6.38,7.94,-0.06,25.34
15835,0.1315,-0.207,0.8708,-6.49,7.97,-0.09,25.34
15845,0.1339,-0.209,0.8743,-6.49,7.91,-0.06,25.34
15855,0.1342,-0.2103,0.8766,-6.41,7.88,0.03,25.33
15865,0.1315,-0.21,0.8748,-6.23,7.94,0.0,25.31
15875,0.1335,-0.2098,0.882,-6.35,7.82,-0.05,25.31
15885,0.1334,-0.2112,0.8796,-6.47,7.76,0.0,25.34
15895,0.1367,-0.2098,0.8733,-6.58,7.79,-0.02,25.34
15905,0.1335,-0.2085,0.8727,-6.41,7.77,0.02,25.32
15915,0.1335,-0.2094,0.8752,-6.34,7.91,-0.09,25.31
15925,0.1327,-0.2081,0.8768,-6.4,8.0,0.0,25.3
15935,0.1351,-0.2053,0.8798,-6.4,7.92,-0.03,25.34
15945,0.1323,-0.2067,0.8787,-6.49,7.91,-0.05,25.35
15955,0.1328,-0.2094,0.8773,-6.46,7.89,-0.03,25.34
15965,0.1289,-0.2083,0.8765,-6.41,7.89,-0.06,25.34
15975,0.1333,-0.2091,0.8811,-6.27,7.76,-0.05,25.32
15985,0.1323,-0.209,0.8789,-6.32,7.65,-0.12,25.31
15995,0.1365,-0.2081,0.8784,-6.47,7.69,-0.17,25.33
16005,0.1382,-0.2097,0.8754,-6.49,7.71,-0.08,25.31
16015,0.1382,-0.2068,0.8744,-6.52,7.74,-0.12,25.31
16025,0.1357,-0.2076,0.8708,-6.35,7.85,-0.09,25.32
16035,0.1382,-0.2104,0.8683,-6.31,7.97,0.02,25.33
16045,0.1367,-0.2067,0.8833,-6.34,8.03,-0.05,25.32
16055,0.1327,-0.2086,0.8821,-6.53,7.83,0.02,25.31
16065,0.1322,-0.2094,0.8763,-6.69,7.66,0.0,25.31
16075,0.1329,-0.2114,0.8732,-6.47,7.63,-0.09,25.32
16085,0.1359,-0.2095,0.8743,-6.32,7.69,0.03,25.35
16095,0.1344,-0.2101,0.8757,-6.27,8.0,0.08,25.34
16105,0.1316,-0.2061,0.8811,-6.24,8.03,0.03,25.33
16115,0.1318,-0.2084,0.8802,-6.49,7.83,-0.03,25.34
16125,0.1339,-0.2078,0.8738,-6.56,7.66,-0.08,25.34
16135,0.1346,-0.2108,0.875,-6.5,7.73,-0.06,25.34
16145,0.1387,-0.2101,0.8723,-6.31,7.86,-0.05,25.31
16155,0.1375,-0.2114,0.8833,-6.26,8.03,0.08,25.36
16165,0.1315,-0.2089,0.8864,-6.32,8.06,0.05,25.33
16175,0.1328,-0.2073,0.8828,-6.55,7.69,-0.05,25.32
16185,0.1365,-0.2036,0.873,-6.56,7.56,-0.09,25.34
16195,0.139,-0.2076,0.8734,-6.46,7.53,-0.06,25.33
16205,0.1375,-0.2079,0.8711,-6.46,8.03,0.02,25.34
16215,0.1356,-0.209,0.8755,-6.35,8.11,0.0,25.33
16225,0.1312,-0.2069,0.8704,-6.4,7.88,-0.02,25.33
16235,0.13,-0.2106,0.8755,-6.6,7.68,-0.02,25.33
16245,0.1337,-0.2076,0.8656,-6.47,7.66,-0.02,25.33
16255,0.1344,-0.2131,0.8708,-6.34,7.98,0.03,25.36
16265,0.1321,-0.2107,0.8737,-6.18,8.34,0.09,25.36
16275,0.1257,-0.2086,0.8815,-6.27,8.15,0.08,25.34
16285,0.1323,-0.2075,0.8816,-6.32,7.6,0.0,25.35
16295,0.1318,-0.2083,0.8767,-6.5,7.22,-0.23,25.37
16305,0.1328,-0.2064,0.8722,-6.52,7.48,-0.06,25.35
16315,0.1375,-0.2086,0.8809,-6.35,7.89,-0.08,25.33
16325,0.141,-0.2058,0.8722,-6.21,8.03,-0.06,25.35
16335,0.1346,-0.2102,0.8796,-6.24,8.09,-0.02,25.35
16345,0.1335,-0.2089,0.8763,-6.53,7.34,-0.09,25.33
16355,0.1333,-0.2108,0.8748,-6.53,7.15,-0.27,25.33
16365,0.1354,-0.2098,0.8694,-6.38,7.47,-0.11,25.33
16375,0.1376,-0.2074,0.8746,-6.29,7.98,-0.02,25.33
16385,0.131,-0.2042,0.8784,-6.17,8.2,-0.02,25.35
16395,0.1302,-0.2073,0.882,-6.35,7.86,-0.11,25.34
16405,0.1342,-0.2063,0.8789,-6.52,7.3,-0.11,25.33
16415,0.1377,-0.2096,0.8771,-6.64,7.28,-0.18,25.34
16425,0.1433,-0.2186,0.8719,-6.49,7.66,-0.09,25.33
16435,0.1235,-0.1959,0.86,-6.47,8.27,0.06,25.36
16445,0.1382,-0.1829,0.8878,-7.15,8.2,-0.29,25.34
16455,0.1249,-0.2012,0.8739,-6.0,8.5,-0.08,25.34
16465,0.1392,-0.2134,0.881,-5.53,8.47,0.17,25.34
16475,0.1204,-0.1941,0.8895,-6.82,7.25,-0.14,25.34
16485,0.1331,-0.2108,0.8878,-6.58,7.62,-0.23,25.34
16495,0.1427,-0.2106,0.8573,-6.5,7.44,0.09,25.36
16505,0.1445,-0.2053,0.8698,-6.4,8.31,0.09,25.35
16515,0.1362,-0.2063,0.8719,-6.12,8.06,-0.06,25.33
16525,0.121,-0.2155,0.8804,-6.11,7.79,0.03,25.34
16535,0.1306,-0.2036,0.8759,-6.37,7.77,0.02,25.35
16545,0.1316,-0.2025,0.8738,-6.75,7.71,-0.18,25.32
16555,0.1307,-0.2146,0.8678,-6.47,7.74,-0.05,25.35
16565,0.1298,-0.212,0.8719,-6.14,7.95,-0.03,25.35
16575,0.1309,-0.1971,0.8771,-6.0,7.95,-0.02,25.33
16585,0.1288,-0.2054,0.889,-6.17,7.59,-0.06,25.33
16595,0.1295,-0.203,0.8767,-6.55,7.66,-0.11,25.35
16605,0.1387,-0.21,0.8754,-6.72,7.65,-0.05,25.36
16615,0.1323,-0.2087,0.8705,-6.58,7.8,0.03,25.35
16625,0.1274,-0.2124,0.8779,-6.34,7.92,-0.05,25.35
16635,0.1318,-0.2111,0.8726,-6.31,7.83,0.02,25.33
16645,0.1348,-0.2114,0.8751,-6.27,7.65,-0.11,25.33
16655,0.137,-0.2111,0.8732,-6.47,7.51,-0.09,25.35
16665,0.1327,-0.2083,0.874,-6.41,7.66,-0.09,25.37
16675,0.1301,-0.2084,0.8743,-6.24,7.74,-0.02,25.35
16685,0.1326,-0.2113,0.875,-6.21,7.82,-0.05,25.33
16695,0.1306,-0.2089,0.8785,-6.26,8.09,-0.08,25.33
16705,0.1321,-0.2032,0.8822,-6.38,7.98,-0.02,25.36
16715,0.1355,-0.2074,0.8779,-6.46,7.63,-0.06,25.34
16725,0.1375,-0.2095,0.8715,-6.34,7.8,-0.03,25.34
16735,0.1346,-0.2072,0.8756,-6.34,7.89,-0.11,25.35
16745,0.1329,-0.209,0.8783,-6.38,8.17,0.02,25.35
16755,0.1354,-0.2067,0.8784,-6.35,8.14,-0.03,25.37
16765,0.1328,-0.2091,0.8784,-6.5,7.98,0.05,25.34
16775,0.1326,-0.2073,0.8761,-6.47,7.89,0.0,25.35
16785,0.1354,-0.2085,0.8782,-6.41,7.97,-0.12,25.36
16795,0.1296,-0.2098,0.875,-6.34,7.83,-0.11,25.36
16805,0.131,-0.2091,0.8766,-6.2,7.77,-0.14,25.35
16815,0.1323,-0.2087,0.8781,-6.31,7.82,-0.05,25.35
16825,0.1323,-0.2087,0.8751,-6.47,7.83,0.02,25.35
16835,0.1301,-0.2053,0.8756,-6.41,7.79,0.02,25.34
16845,0.1312,-0.2113,0.8752,-6.4,7.69,-0.11,25.36
16855,0.1321,-0.208,0.8745,-6.38,7.68,-0.09,25.34
16865,0.1351,-0.2094,0.8749,-6.35,7.73,-0.15,25.33
16875,0.1371,-0.2083,0.874,-6.41,7.92,-0.09,25.34
16885,0.1345,-0.208,0.8779,-6.46,7.94,-0.06,25.32
16895,0.1371,-0.2103,0.8787,-6.27,7.83,-0.06,25.37
16905,0.1375,-0.209,0.8761,-6.23,7.76,-0.05,25.34
16915,0.1372,-0.2087,0.875,-6.37,7.88,-0.08,25.36
16925,0.1348,-0.2073,0.8773,-6.5,7.86,-0.03,25.33
16935,0.1321,-0.2134,0.874,-6.55,8.03,-0.05,25.33
16945,0.1296,-0.2109,0.8715,-6.55,7.97,0.05,25.33
16955,0.1322,-0.2094,0.8741,-6.27,7.89,0.0,25.34
16965,0.1299,-0.2059,0.8789,-6.17,7.66,0.06,25.36
16975,0.1338,-0.2075,0.8835,-6.29,7.74,0.0,25.37
16985,0.1367,-0.2089,0.8785,-6.5,7.69,-0.11,25.36
16995,0.1349,-0.2107,0.874,-6.63,7.85,-0.09,25.35
17005,0.1338,-0.2108,0.8715,-6.58,7.95,0.02,25.36
17015,0.1342,-0.2108,0.8684,-6.4,8.02,0.03,25.36
17025,0.1328,-0.2096,0.8726,-6.21,7.86,-0.11,25.37
17035,0.134,-0.2084,0.8834,-6.18,7.69,-0.05,25.35
17045,0.1348,-0.2083,0.879,-6.49,7.59,-0.06,25.36
17055,0.1357,-0.2092,0.876,-6.67,7.63,0.0,25.34
17065,0.1401,-0.2079,0.8689,-6.56,7.63,-0.05,25.34
17075,0.1355,-0.2057,0.8756,-6.32,7.88,0.02,25.35
17085,0.1373,-0.2083,0.8726,-6.18,7.82,0.05,25.34
17095,0.1344,-0.2084,0.879,-6.34,7.91,0.0,25.37
17105,0.1337,-0.2039,0.88,-6.55,7.66,-0.03,25.34
17115,0.1379,-0.2108,0.8745,-6.52,7.82,-0.09,25.34
17125,0.1344,-0.2109,0.8729,-6.5,7.68,-0.05,25.35
17135,0.1362,-0.2117,0.8701,-6.35,7.89,0.0,25.34
17145,0.1355,-0.2089,0.8723,-6.2,7.98,0.03,25.35
17155,0.1318,-0.2092,0.8745,-6.26,7.8,-0.02,25.37
17165,0.1304,-0.2046,0.8785,-6.47,7.66,-0.05,25.33
17175,0.1333,-0.2106,0.8789,-6.4,7.65,-0.03,25.34
17185,0.1343,-0.2089,0.871,-6.38,7.76,-0.02,25.34
17195,0.1333,-0.207,0.8763,-6.29,7.83,-0.02,25.37
17205,0.1356,-0.2058,0.8783,-6.24,7.92,-0.02,25.37
17215,0.1351,-0.2072,0.8815,-6.38,7.86,-0.05,25.35
17225,0.1337,-0.2107,0.8771,-6.44,7.6,-0.15,25.36
17236,0.1343,-0.2111,0.8729,-6.49,7.69,-0.05,25.32
17246,0.1394,-0.2064,0.873,-6.49,8.02,0.0,25.35
17256,0.134,-0.209,0.8768,-6.56,7.92,-0.05,25.35
17266,0.1326,-0.2112,0.8734,-6.32,8.0,-0.06,25.37
17276,0.1324,-0.2076,0.8784,-6.4,7.83,-0.06,25.36
17286,0.1364,-0.2056,0.8789,-6.5,7.71,-0.17,25.36
17296,0.136,-0.2111,0.8751,-6.41,7.77,-0.17,25.35
17306,0.1343,-0.2079,0.8715,-6.37,7.8,-0.09,25.38
17316,0.1311,-0.2051,0.8762,-6.38,7.97,-0.02,25.36
17326,0.1309,-0.214,0.8777,-6.43,7.91,-0.09,25.36
17336,0.1315,-0.2104,0.8781,-6.35,7.79,-0.11,25.37
17346,0.1377,-0.2101,0.8726,-6.43,7.65,-0.05,25.37
17356,0.139,-0.2108,0.8733,-6.38,7.76,-0.03,25.38
17366,0.1376,-0.2107,0.8719,-6.37,7.86,-0.03,25.37
17376,0.1317,-0.2115,0.8768,-6.32,8.03,0.0,25.36
17386,0.1322,-0.2091,0.8772,-6.31,7.88,0.02,25.35
17396,0.1346,-0.2067,0.8717,-6.34,7.85,-0.11,25.38
17406,0.1338,-0.2083,0.8763,-6.27,7.79,-0.11,25.35
17416,0.1345,-0.2069,0.8738,-6.43,7.74,-0.11,25.35
17426,0.1329,-0.2073,0.8766,-6.4,7.79,-0.08,25.34
17436,0.1348,-0.2084,0.875,-6.4,7.82,-0.06,25.36
17446,0.1351,-0.2036,0.8763,-6.31,7.86,0.0,25.36
17456,0.1322,-0.207,0.8789,-6.34,7.97,-0.03,25.37
17466,0.1315,-0.2083,0.8763,-6.43,7.88,-0.05,25.36
17476,0.1323,-0.2104,0.8772,-6.32,7.86,-0.08,25.34
17486,0.1344,-0.2076,0.8756,-6.52,7.89,-0.06,25.32
17496,0.1329,-0.208,0.8752,-6.43,7.91,-0.08,25.35
17506,0.1357,-0.212,0.8738,-6.46,7.95,-0.06,25.32
17516,0.134,-0.2073,0.8771,-6.32,7.98,-0.09,25.31
17526,0.1357,-0.2103,0.8795,-6.41,7.94,0.0,25.34
17536,0.1332,-0.2114,0.8765,-6.56,7.92,-0.03,25.34
17546,0.1366,-0.2061,0.8772,-6.47,7.73,-0.03,25.37
17556,0.1317,-0.2076,0.8727,-6.41,7.68,-0.12,25.37
17566,0.1334,-0.2058,0.8778,-6.34,7.83,-0.08,25.35
17576,0.1305,-0.2072,0.8824,-6.34,8.03,-0.11,25.37
17586,0.1321,-0.2118,0.8867,-6.37,8.27,-0.03,25.34
17596,0.1323,-0.2106,0.8818,-6.53,7.95,-0.11,25.37
17606,0.1313,-0.2095,0.8777,-6.55,7.82,-0.12,25.35
17616,0.1331,-0.2072,0.8751,-6.44,7.79,-0.05,25.36
17626,0.134,-0.2103,0.8763,-6.37,7.86,-0.02,25.35
17636,0.1326,-0.2166,0.8776,-6.37,7.91,-0.03,25.34
17646,0.1271,-0.2208,0.8804,-6.47,8.06,-0.03,25.35
17657,0.1331,-0.2159,0.8738,-6.47,8.02,-0.03,25.37
17667,0.1349,-0.2122,0.8813,-6.35,7.88,-0.02,25.37
17677,0.1376,-0.2112,0.875,-6.35,7.76,-0.09,25.35
17687,0.139,-0.2095,0.8694,-6.27,7.76,-0.08,25.38
17697,0.1379,-0.2069,0.8756,-6.37,7.68,0.0,25.39
17707,0.1376,-0.2051,0.8733,-6.49,7.66,-0.05,25.36
17717,0.1414,-0.212,0.8761,-6.47,7.68,0.03,25.37
17727,0.1382,-0.2029,0.8667,-6.37,7.74,-0.08,25.36
17737,0.129,-0.2078,0.8826,-6.31,7.79,-0.11,25.37
17747,0.1328,-0.208,0.8716,-6.5,8.02,0.0,25.36
17757,0.1285,-0.2074,0.8799,-6.53,8.05,0.03,25.37
17767,0.1316,-0.2111,0.8741,-6.52,7.86,0.02,25.39
17777,0.1307,-0.2111,0.8741,-6.4,7.83,0.0,25.37
17787,0.129,-0.2091,0.8765,-6.31,7.97,-0.06,25.35
17797,0.1346,-0.2091,0.8773,-6.34,7.92,0.02,25.38
17807,0.1356,-0.2091,0.8694,-6.41,7.83,-0.06,25.34
17817,0.1333,-0.2084,0.8746,-6.37,7.73,-0.03,25.37
17827,0.1294,-0.2109,0.8752,-6.49,7.77,-0.05,25.34
17837,0.1326,-0.2111,0.8746,-6.55,7.85,0.02,25.35
17847,0.1344,-0.2112,0.8776,-6.34,7.89,-0.06,25.37
17857,0.1339,-0.2101,0.8774,-6.35,7.88,-0.02,25.35
17867,0.1385,-0.2083,0.8822,-6.37,7.83,0.0,25.37
17877,0.1375,-0.2084,0.881,-6.4,7.63,0.0,25.35
17887,0.1338,-0.2094,0.8796,-6.41,7.63,-0.03,25.34
17897,0.1379,-0.2068,0.8755,-6.38,7.79,0.03,25.37
17907,0.136,-0.2092,0.8738,-6.37,7.8,0.02,25.35
17917,0.1307,-0.2083,0.8777,-6.41,7.88,-0.06,25.37
17927,0.1328,-0.2094,0.8802,-6.49,7.94,-0.03,25.36
17937,0.1335,-0.2087,0.8726,-6.58,7.88,-0.05,25.37
17947,0.1318,-0.2104,0.8717,-6.44,7.77,-0.09,25.36
17957,0.1315,-0.208,0.8698,-6.29,7.65,-0.03,25.39
17967,0.1357,-0.2103,0.8728,-6.34,7.68,-0.02,25.39
17977,0.1349,-0.2061,0.8789,-6.31,7.91,0.03,25.37
17987,0.1357,-0.2112,0.8855,-6.44,8.08,-0.03,25.37
17997,0.1299,-0.2072,0.8761,-6.46,7.82,-0.03,25.38
18007,0.132,-0.2074,0.8749,-6.47,7.44,-0.06,25.36
18017,0.134,-0.2075,0.8722,-6.52,7.48,-0.06,25.35
18027,0.1329,-0.2075,0.8656,-6.4,7.85,0.02,25.37
18037,0.1279,-0.2094,0.8721,-6.44,8.14,0.03,25.38
18047,0.1259,-0.2085,0.8771,-6.52,8.08,-0.03,25.38
18057,0.1305,-0.2113,0.879,-6.63,7.71,-0.06,25.37
18067,0.1376,-0.2134,0.8783,-6.38,7.31,-0.18,25.36
18077,0.136,-0.2175,0.8792,-6.34,7.51,-0.06,25.37
18087,0.1389,-0.2155,0.8763,-6.34,7.83,0.0,25.35
18097,0.1344,-0.2109,0.8802,-6.02,8.2,0.11,25.34
18107,0.1339,-0.2062,0.8889,-5.82,8.11,0.05,25.37
18117,0.1357,-0.1992,0.8884,-5.88,7.77,0.0,25.36
18127,0.1373,-0.2028,0.889,-6.14,7.31,-0.12,25.38
18137,0.1389,-0.2067,0.8787,-6.56,7.34,-0.17,25.38
18147,0.1366,-0.205,0.8695,-6.69,7.79,-0.08,25.37
18157,0.134,-0.2115,0.8687,-6.47,8.38,-0.05,25.37
18167,0.1348,-0.2089,0.8691,-6.21,8.4,0.0,25.39
18177,0.1289,-0.21,0.8754,-6.26,7.95,0.05,25.37
18187,0.1271,-0.2063,0.8781,-6.49,7.54,-0.2,25.34
18197,0.1311,-0.2096,0.8735,-6.84,7.4,-0.12,25.36
18207,0.1375,-0.214,0.8695,-6.79,7.82,-0.11,25.38
18217,0.1398,-0.2178,0.8724,-6.58,8.31,0.02,25.39
18227,0.1335,-0.2153,0.8759,-6.38,8.35,0.05,25.38
18237,0.1328,-0.215,0.8811,-6.34,7.83,-0.03,25.36
18247,0.1318,-0.2122,0.8777,-6.05,7.31,-0.11,25.37
18257,0.1318,-0.2087,0.8744,-6.15,7.48,-0.11,25.37
18267,0.1351,-0.2061,0.8738,-6.27,7.82,-0.06,25.37
18277,0.1289,-0.2058,0.8771,-6.37,8.08,-0.02,25.35
18287,0.1309,-0.2067,0.8766,-6.38,8.05,-0.03,25.37
18297,0.1298,-0.2092,0.8831,-6.52,7.85,-0.17,25.38
18307,0.1332,-0.2084,0.8756,-6.55,7.56,-0.09,25.38
18317,0.1353,-0.2084,0.8694,-6.46,7.57,-0.12,25.37
18327,0.1335,-0.2091,0.8682,-6.38,7.89,-0.03,25.38
18337,0.1306,-0.207,0.8774,-6.2,8.12,0.08,25.37
18347,0.1306,-0.2095,0.8826,-6.38,8.17,0.02,25.36
18357,0.1324,-0.2096,0.8806,-6.52,7.86,0.03,25.36
18367,0.1301,-0.2097,0.8766,-6.67,7.45,-0.12,25.38
18377,0.1388,-0.2108,0.8701,-6.6,7.34,-0.14,25.39
18387,0.1361,-0.2092,0.8732,-6.56,7.73,0.0,25.37
18397,0.1356,-0.2074,0.8761,-6.32,8.15,0.03,25.35
18407,0.1335,-0.2144,0.8875,-6.34,8.2,0.03,25.38
18417,0.1287,-0.2075,0.8829,-6.55,7.97,0.02,25.39
18427,0.1365,-0.2161,0.8733,-6.7,7.48,0.02,25.38
18437,0.1398,-0.2075,0.8656,-6.43,7.44,0.0,25.38
18447,0.1405,-0.2073,0.8693,-6.17,7.77,0.02,25.39
18457,0.1333,-0.2073,0.8804,-6.03,8.06,0.05,25.38
18467,0.1312,-0.2064,0.8856,-6.47,8.14,0.06,25.4
18477,0.1232,-0.2073,0.8884,-6.93,8.0,-0.03,25.39
18487,0.1243,-0.213,0.8856,-6.85,7.86,-0.17,25.41
18497,0.1351,-0.2159,0.8699,-6.49,7.65,-0.05,25.39
18507,0.1388,-0.2142,0.8696,-6.2,7.63,0.11,25.38
18517,0.1298,-0.2135,0.8804,-6.05,8.2,0.03,25.4
18527,0.1252,-0.2089,0.8862,-6.46,8.08,0.11,25.39
18537,0.1294,-0.2073,0.8829,-6.75,7.6,0.02,25.4
18547,0.1287,-0.2109,0.8767,-6.66,7.37,-0.09,25.38
18557,0.1337,-0.2094,0.8699,-6.32,7.44,-0.11,25.38
18567,0.1361,-0.2047,0.8682,-6.0,7.76,-0.17,25.38
18577,0.1339,-0.2009,0.8752,-5.97,8.06,0.05,25.38
18587,0.1305,-0.2043,0.8871,-6.23,7.92,0.03,25.38
18597,0.1285,-0.2021,0.8854,-6.44,7.57,-0.08,25.36
18607,0.1331,-0.2056,0.8792,-6.52,7.47,-0.12,25.36
18617,0.134,-0.2079,0.8784,-6.61,7.63,-0.09,25.35
18627,0.1411,-0.2096,0.879,-6.58,7.89,-0.05,25.36
18637,0.1423,-0.209,0.8795,-6.46,8.15,0.02,25.37
18647,0.1396,-0.2125,0.8773,-6.55,8.02,-0.11,25.37
18657,0.134,-0.2114,0.8729,-6.26,7.82,-0.11,25.37
18667,0.1353,-0.2103,0.873,-6.34,7.66,-0.09,25.41
18677,0.1353,-0.2091,0.8732,-6.4,7.85,-0.03,25.37
18687,0.1353,-0.2092,0.8701,-6.43,8.09,0.02,25.37
18697,0.1313,-0.2124,0.8722,-6.46,8.11,0.03,25.4
18707,0.1301,-0.2102,0.877,-6.34,7.98,-0.03,25.4
18717,0.132,-0.2111,0.875,-6.18,7.76,-0.11,25.37
18727,0.1306,-0.2103,0.8744,-6.24,7.77,-0.06,25.37
18737,0.1306,-0.2085,0.8713,-6.52,7.74,-0.09,25.39
18747,0.1331,-0.2113,0.87,-6.41,7.86,-0.08,25.38
18757,0.137,-0.2079,0.8689,-6.24,7.83,-0.05,25.4
18767,0.1362,-0.209,0.871,-6.08,7.74,-0.03,25.41
18777,0.1361,-0.2045,0.8745,-6.21,7.79,0.0,25.42
18787,0.1343,-0.2021,0.8749,-6.35,7.92,-0.05,25.41
18797,0.1345,-0.2061,0.8788,-6.52,7.83,-0.08,25.39
18807,0.1326,-0.2059,0.877,-6.41,7.86,-0.05,25.37
18817,0.1365,-0.2074,0.8805,-6.27,7.77,-0.08,25.42
18827,0.1357,-0.2092,0.8818,-6.5,7.6,-0.09,25.39
18837,0.1365,-0.2098,0.8768,-6.63,7.79,-0.12,25.37
18847,0.1364,-0.21,0.8788,-6.72,7.89,-0.06,25.37
18857,0.1333,-0.2095,0.8767,-6.52,7.85,-0.02,25.4
18867,0.1311,-0.2108,0.873,-6.47,7.88,-0.02,25.37
18877,0.1311,-0.2104,0.8778,-6.43,7.82,-0.09,25.41
18887,0.1292,-0.2059,0.874,-6.52,7.79,-0.12,25.39
18897,0.1316,-0.2107,0.8694,-6.64,7.73,-0.08,25.37
18907,0.1307,-0.2091,0.868,-6.61,7.8,-0.02,25.4
18917,0.1332,-0.2137,0.8746,-6.24,7.94,0.0,25.39
18927,0.1278,-0.2084,0.8778,-6.08,7.97,0.05,25.41
18937,0.1301,-0.2108,0.8833,-6.17,7.79,-0.12,25.4
18947,0.1387,-0.2137,0.891,-6.27,7.69,0.0,25.4
18957,0.1389,-0.2152,0.8873,-6.38,7.82,-0.09,25.39
18967,0.1381,-0.2107,0.8832,-6.53,7.69,-0.15,25.4
18977,0.1412,-0.214,0.8842,-6.58,7.5,-0.03,25.41
18987,0.1411,-0.2092,0.8744,-6.46,7.59,-0.17,25.41
18997,0.1425,-0.2047,0.868,-6.29,7.76,0.06,25.4
19007,0.135,-0.204,0.8693,-6.23,8.15,-0.02,25.39
19017,0.1318,-0.2047,0.8708,-6.29,8.12,-0.02,25.42
19027,0.1305,-0.2085,0.8779,-6.35,7.86,0.0,25.41
19037,0.1348,-0.207,0.8774,-6.6,7.6,-0.05,25.4
19047,0.1367,-0.2085,0.8762,-6.43,7.89,-0.03,25.42
19057,0.136,-0.2073,0.8798,-6.29,8.14,0.03,25.44
19067,0.1333,-0.2091,0.8821,-6.2,8.05,0.05,25.42
19077,0.1304,-0.2114,0.8824,-6.46,7.98,0.03,25.4
19087,0.1309,-0.212,0.8796,-6.7,7.83,-0.15,25.4
19097,0.1334,-0.2123,0.8754,-6.66,7.66,-0.12,25.42
19107,0.135,-0.2114,0.8702,-6.55,7.8,-0.12,25.4
19117,0.1353,-0.2081,0.8741,-6.26,8.2,-0.12,25.41
19127,0.1302,-0.2063,0.869,-6.2,8.2,-0.05,25.42
19137,0.1283,-0.2053,0.8749,-6.2,8.11,0.0,25.41
19147,0.1321,-0.209,0.8752,-6.29,7.79,-0.05,25.4
19157,0.1311,-0.2074,0.8748,-6.38,7.69,-0.12,25.41
19167,0.1335,-0.2108,0.8749,-6.37,7.68,-0.12,25.4
19177,0.1361,-0.2062,0.8751,-6.34,7.91,-0.08,25.39
19187,0.1344,-0.2057,0.8821,-6.21,8.2,-0.02,25.38
19197,0.1313,-0.2089,0.8805,-6.29,8.08,-0.11,25.38
19207,0.1332,-0.2097,0.8805,-6.58,7.88,-0.03,25.42
19217,0.132,-0.2084,0.8767,-6.7,7.73,-0.06,25.4
19227,0.132,-0.2107,0.8792,-6.69,7.88,-0.09,25.41
19237,0.1317,-0.2125,0.8722,-6.55,8.02,-0.09,25.41
19247,0.1343,-0.2111,0.8763,-6.35,8.09,0.0,25.41
19257,0.1309,-0.2095,0.8795,-6.31,8.02,0.02,25.4
19267,0.1299,-0.2112,0.8796,-6.46,7.8,-0.11,25.42
19277,0.1304,-0.204,0.8739,-6.38,7.69,-0.05,25.4
19287,0.209,-0.116,0.7947,-5.79,6.34,0.41,25.44
19297,0.2158,-0.2899,0.8384,-5.34,6.61,0.52,25.43
19307,0.2114,-0.2852,0.7517,-6.6,4.15,0.47,25.43
19317,0.1764,-0.2616,0.844,-4.14,7.02,0.6,25.4
19327,0.1671,-0.2062,0.8929,-5.6,5.68,-0.11,25.42
19337,0.1278,-0.1902,0.9082,-6.87,6.4,-0.35,25.4
19347,0.1443,-0.2017,0.8894,-6.67,7.24,-0.29,25.42
19357,0.1504,-0.2131,0.8628,-7.4,8.31,0.11,25.44
19367,0.1406,-0.2021,0.8705,-6.87,8.95,0.03,25.43
19377,0.1268,-0.2179,0.8949,-6.14,8.75,0.02,25.42
19387,0.111,-0.2118,0.8777,-6.09,8.0,0.06,25.42
19397,0.126,-0.2063,0.8767,-6.34,7.19,-0.15,25.41
19407,0.1367,-0.2053,0.8667,-6.6,6.99,-0.23,25.42
19417,0.1423,-0.2141,0.864,-6.61,7.76,-0.11,25.42
19427,0.1371,-0.2112,0.864,-6.14,8.4,0.03,25.43
19437,0.1282,-0.2084,0.8685,-5.86,8.55,-0.05,25.43
19565,0.1375,-0.213,0.8826,-6.06,7.97,-0.03,25.41
19575,0.1329,-0.209,0.8845,-6.49,7.77,0.03,25.4
19585,0.1305,-0.2109,0.8805,-6.52,7.6,-0.09,25.42
19595,0.1268,-0.2101,0.8781,-6.47,7.63,-0.05,25.43
19605,0.1255,-0.2108,0.887,-6.37,8.03,-0.09,25.43
19615,0.1307,-0.2126,0.8842,-6.27,8.24,0.02,25.43
19625,0.1287,-0.2109,0.8815,-6.52,8.02,-0.03,25.42
19635,0.1335,-0.2094,0.8882,-6.9,7.66,0.03,25.42
19645,0.1351,-0.2084,0.8728,-6.84,7.56,-0.08,25.44
19655,0.1364,-0.2101,0.8656,-6.4,7.82,-0.03,25.42
19665,0.1331,-0.2072,0.8634,-5.6,8.0,0.12,25.43
19675,0.1324,-0.2089,0.8745,-5.34,8.02,0.12,25.44
19685,0.1302,-0.209,0.8816,-5.69,7.88,0.08,25.41
19695,0.1293,-0.2144,0.8848,-6.49,7.66,-0.03,25.4
19705,0.1282,-0.2023,0.8705,-7.4,7.66,-0.05,25.45
19715,0.1356,-0.208,0.8729,-7.62,7.56,-0.2,25.43
19725,0.1332,-0.2126,0.8646,-7.15,7.74,-0.05,25.43
19735,0.1345,-0.2131,0.8649,-6.21,7.97,0.08,25.43
19745,0.1323,-0.2078,0.8701,-5.39,7.89,0.02,25.42
19756,0.1338,-0.2069,0.8896,-5.73,7.65,0.02,25.43
19766,0.1313,-0.2062,0.8868,-6.38,7.69,0.02,25.42
19776,0.135,-0.2061,0.8789,-7.05,7.63,-0.06,25.42
19786,0.1337,-0.212,0.8669,-6.96,7.45,-0.12,25.44
19796,0.1349,-0.2147,0.8644,-6.06,7.54,-0.08,25.45
19806,0.1361,-0.2128,0.8712,-5.45,7.62,-0.02,25.43
19816,0.1321,-0.2054,0.881,-5.4,7.82,0.03,25.42
19826,0.1321,-0.2084,0.8898,-5.97,7.91,-0.02,25.43
19836,0.1354,-0.205,0.8793,-6.56,7.66,-0.02,25.43
19846,0.1359,-0.2079,0.8784,-6.61,7.53,-0.06,25.42
19856,0.1384,-0.2083,0.8755,-6.58,7.53,-0.08,25.43
19866,0.1355,-0.2095,0.8761,-6.49,7.92,0.05,25.43
19876,0.1281,-0.2122,0.8868,-6.61,8.34,-0.03,25.42
19886,0.1451,-0.2104,0.866,-6.49,7.91,0.0,25.43
19896,0.1306,-0.2092,0.8735,-6.31,7.45,0.06,25.44
19906,0.1272,-0.2059,0.8796,-6.09,7.57,0.0,25.42
19916,0.1326,-0.2074,0.8788,-5.88,7.89,-0.02,25.44
19926,0.1317,-0.2063,0.881,-6.11,8.02,0.02,25.45
19936,0.1394,-0.2057,0.8793,-6.55,8.09,-0.08,25.44
19946,0.1393,-0.2061,0.8744,-6.85,7.8,-0.14,25.43
19956,0.1323,-0.2141,0.8718,-6.67,7.6,-0.11,25.45
19966,0.1423,-0.204,0.8613,-6.14,8.02,-0.05,25.44
19976,0.1414,-0.2015,0.8842,-6.18,7.98,-0.06,25.44
19986,0.1353,-0.1998,0.8805,-6.58,7.89,-0.14,25.42
19996,0.1254,-0.2056,0.8884,-6.84,8.08,-0.17,25.42
20006,0.1273,-0.2085,0.8823,-6.99,7.73,-0.06,25.42
20016,0.1342,-0.2118,0.8723,-6.95,7.8,-0.17,25.43
20026,0.1323,-0.2114,0.8678,-6.72,7.82,-0.08,25.43
20036,0.1312,-0.2158,0.8679,-6.53,8.02,-0.06,25.44
20046,0.1267,-0.2107,0.8727,-6.7,8.24,0.0,25.43
20056,0.1307,-0.2137,0.8678,-6.73,7.68,-0.18,25.43
20066,0.1305,-0.2144,0.875,-6.26,7.51,-0.11,25.43
20076,0.1332,-0.2048,0.8848,-6.24,7.36,-0.09,25.41
20086,0.1392,-0.2079,0.8796,-6.2,7.77,-0.06,25.41
20096,0.1422,-0.2076,0.8792,-6.26,7.98,-0.03,25.42
20106,0.1345,-0.2062,0.8813,-6.29,8.29,0.08,25.41
20116,0.1299,-0.2078,0.887,-6.61,7.98,-0.05,25.4
20126,0.1252,-0.2064,0.8772,-6.69,7.68,-0.08,25.42
20136,0.1298,-0.2063,0.8719,-6.4,7.25,-0.05,25.41
20146,0.1324,-0.2065,0.8773,-6.41,7.65,0.02,25.44
20156,0.1327,-0.2043,0.8878,-6.99,8.27,-0.03,25.43
20166,0.1302,-0.2126,0.8668,-7.13,8.49,-0.03,25.42
20176,0.1356,-0.2153,0.8578,-5.86,7.57,-0.05,25.44
20186,0.1384,-0.212,0.8729,-5.04,7.22,-0.02,25.4
20196,0.1407,-0.2073,0.8945,-5.79,7.8,0.03,25.42
20206,0.1364,-0.2096,0.891,-7.44,8.34,-0.06,25.4
20216,0.1349,-0.2144,0.8713,-8.05,8.24,-0.06,25.4
20226,0.1304,-0.2159,0.8567,-6.95,7.37,-0.06,25.43
20236,0.1375,-0.2103,0.8663,-5.22,6.6,-0.15,25.44
20246,0.1436,-0.2024,0.8818,-4.87,7.3,-0.05,25.43
20256,0.1398,-0.2008,0.8835,-6.11,8.4,0.08,25.42
20266,0.1307,-0.2021,0.8871,-7.18,8.82,0.06,25.42
20276,0.125,-0.209,0.8818,-7.22,8.23,0.0,25.43
20286,0.1216,-0.2103,0.8783,-7.11,7.3,-0.17,25.42
20296,0.1343,-0.2096,0.8558,-6.32,6.99,-0.14,25.43
20306,0.144,-0.2113,0.8663,-5.6,7.59,-0.02,25.42
20316,0.1403,-0.207,0.8818,-6.02,8.66,0.06,25.43
20326,0.1342,-0.209,0.8885,-6.89,8.95,0.05,25.42
20336,0.1337,-0.2147,0.8837,-7.1,7.98,-0.05,25.42
20346,0.1399,-0.2111,0.8733,-6.56,6.92,-0.15,25.4
20356,0.1335,-0.2113,0.8715,-6.18,7.37,-0.11,25.44
20366,0.1377,-0.2087,0.882,-6.4,8.18,-0.02,25.42
20376,0.1284,-0.2073,0.8738,-6.95,8.81,0.05,25.4
20386,0.1302,-0.2131,0.8749,-6.76,8.29,0.0,25.42
20396,0.1299,-0.2096,0.8732,-6.03,7.04,-0.09,25.43
20406,0.1337,-0.2084,0.8784,-5.76,7.22,-0.26,25.43
20416,0.1376,-0.205,0.8826,-6.4,7.6,-0.05,25.45
20426,0.1437,-0.2085,0.8749,-7.83,8.37,-0.03,25.43
20436,0.1276,-0.2153,0.8533,-6.14,7.92,-0.26,25.41
20446,0.1316,-0.2137,0.8789,-4.12,7.31,-0.2,25.44
20456,0.1443,-0.1969,0.8967,-5.19,6.89,0.0,25.44
20466,0.1466,-0.2007,0.8934,-7.57,8.17,-0.23,25.45
20476,0.1195,-0.2145,0.8629,-8.34,8.06,-0.12,25.44
20486,0.1567,-0.2372,0.7419,-1.34,7.88,0.47,25.44
20496,0.187,-0.1489,0.7131,10.2,10.12,2.5,25.42
20506,0.1315,-0.1029,0.8131,21.18,14.34,2.64,25.43
20516,0.1071,-0.1873,1.0316,17.33,12.64,1.39,25.47
20526,0.0973,-0.1544,0.9816,9.36,3.74,0.17,25.44
20536,0.1248,-0.1774,0.9969,2.63,-8.47,4.06,25.42
20546,0.1499,-0.1897,0.9263,-5.65,-9.04,6.29,25.44
20556,0.1591,-0.2058,0.8976,-13.8,0.08,5.95,25.44
20566,0.1511,-0.2368,0.845,-18.56,10.29,4.47,25.43
20576,0.1299,-0.2727,0.8473,-16.61,11.79,3.45,25.44
20586,0.1102,-0.2506,0.8483,-11.68,7.54,1.27,25.44
20596,0.1261,-0.2213,0.8364,-6.32,3.34,-0.76,25.45
20606,0.1521,-0.2118,0.8179,-1.18,3.68,-0.34,25.46
20616,0.1642,-0.1874,0.885,-0.61,8.66,0.11,25.43
20626,0.1379,-0.1768,0.9336,-5.51,13.86,0.61,25.46
20636,0.106,-0.1981,0.9312,-10.37,11.47,0.11,25.42
20646,0.1007,-0.2131,0.8794,-9.73,4.37,-0.9,25.46
20656,0.1372,-0.2086,0.8696,-6.92,-0.55,-1.45,25.45
20666,0.1566,-0.196,0.8444,-5.92,2.78,-2.08,25.46
20676,0.1688,-0.193,0.8645,-7.08,9.86,-2.58,25.44
20686,0.1494,-0.191,0.8838,-8.12,13.1,-1.33,25.43
20696,0.0955,-0.2045,0.9418,-9.36,10.23,-1.86,25.44
20706,0.0927,-0.1974,0.9218,-11.59,4.26,-4.46,25.46
20716,0.127,-0.1896,0.9194,-13.85,0.61,-6.23,25.43
20726,0.1432,-0.2056,0.869,-17.11,4.61,-6.82,25.45
20736,0.1534,-0.2102,0.8248,-17.86,12.08,-5.04,25.46
20746,0.1858,-0.2008,0.8276,-15.08,16.09,-2.14,25.45
20756,0.1715,-0.2117,0.854,-10.72,13.86,0.9,25.46
20766,0.15,-0.2107,0.8718,-7.24,9.56,2.9,25.43
20776,0.1329,-0.1952,0.8712,-6.17,9.24,1.6,25.46
20786,0.1431,-0.1968,0.8888,-8.06,11.19,0.99,25.46
20796,0.1392,-0.2056,0.8842,-9.66,12.55,1.79,25.45
20806,0.1288,-0.2001,0.8966,-11.11,11.51,3.15,25.43
20816,0.1616,-0.2151,0.8875,-12.27,10.47,4.26,25.44
20826,0.1461,-0.208,0.8966,-15.36,9.01,5.22,25.44
20836,0.1304,-0.2091,0.8667,-16.26,8.67,5.04,25.45
20846,0.1195,-0.2188,0.8467,-13.79,7.71,2.98,25.43
20856,0.1251,-0.2188,0.8623,-10.4,8.87,1.53,25.44
20866,0.1285,-0.2155,0.8783,-9.25,7.3,1.8,25.45
20876,0.1285,-0.2148,0.8922,-9.08,7.1,1.22,25.45
20886,0.1277,-0.2146,0.8824,-9.97,6.64,0.93,25.46
20896,0.1373,-0.2161,0.8727,-10.44,7.37,0.66,25.45
20906,0.1394,-0.219,0.8354,-8.66,8.56,0.9,25.45
20916,0.1102,-0.2227,0.8755,-6.9,9.82,-0.35,25.43
20926,0.1113,-0.229,0.8616,-5.33,8.34,-2.09,25.43
20936,0.1436,-0.2246,0.8484,-3.37,7.24,-2.52,25.46
20946,0.1455,-0.2203,0.8566,-1.66,7.57,-2.09,25.46
20956,0.1338,-0.2111,0.8749,-1.65,7.94,-2.58,25.45
20966,0.1301,-0.2002,0.8915,-3.02,7.82,-2.95,25.44
20976,0.136,-0.2095,0.9142,-5.44,8.35,-2.35,25.44
20986,0.1241,-0.21,0.891,-7.45,7.69,-1.88,25.44
20996,0.1168,-0.2198,0.876,-8.46,6.72,-1.94,25.45
21006,0.1118,-0.2263,0.865,-9.05,8.26,-1.88,25.46
21016,0.1359,-0.2192,0.8529,-9.19,11.21,-0.99,25.44
21026,0.1492,-0.213,0.8689,-8.96,12.85,-0.34,25.46
21036,0.1562,-0.2056,0.8767,-8.35,11.27,-0.21,25.45
21046,0.1544,-0.2017,0.8635,-6.52,7.77,-0.34,25.44
21056,0.1428,-0.2179,0.8715,-5.82,7.68,0.0,25.42
21066,0.1317,-0.2102,0.8737,-5.66,8.08,0.11,25.46
21076,0.1401,-0.2141,0.8774,-5.92,8.72,0.26,25.44
21086,0.1407,-0.22,0.8567,-5.69,9.53,0.55,25.44
21096,0.1373,-0.2214,0.8586,-4.52,10.38,0.61,25.46
21106,0.119,-0.2173,0.886,-3.8,9.73,0.41,25.44
21116,0.1162,-0.2094,0.9105,-4.96,7.39,-0.17,25.46
21126,0.1295,-0.207,0.9049,-7.08,5.51,-0.55,25.48
21136,0.1393,-0.1903,0.8647,-9.04,6.29,-0.66,25.47
21146,-0.0354,0.0459,0.8254,-4.15,11.76,3.42,25.45
21156,-0.0448,-0.2847,0.8361,4.55,11.91,2.61,25.45
21166,0.0831,-0.4146,0.8002,19.11,-5.11,-4.93,25.47
21176,0.2595,-0.3545,0.8075,28.96,-6.55,-7.33,25.45
21186,0.3477,-0.2745,0.8767,25.18,1.11,-5.74,25.44
21196,0.2223,-0.1689,0.8632,18.76,15.56,0.95,25.47
21206,0.1876,-0.1521,0.989,8.24,20.41,3.01,25.43
21216,0.1958,-0.1317,1.028,-9.08,15.6,2.69,25.43
21226,0.0431,-0.1622,1.1071,-27.21,0.21,0.05,25.46
21237,0.0775,-0.2073,0.8458,-32.89,-15.6,-3.73,25.46
21247,0.2496,-0.239,0.6589,-21.98,-8.63,-2.08,25.46
21257,0.1909,-0.2146,0.7238,-10.73,15.54,0.5,25.46
21267,0.1837,-0.2279,0.7754,-4.08,23.95,2.73,25.48
21277,0.0789,-0.2175,0.9065,2.14,21.07,2.53,25.45
21287,0.0637,-0.1982,1.0057,1.19,6.18,0.37,25.46
21297,0.1046,-0.1793,0.988,-4.63,-4.37,-1.65,25.44
21307,0.1438,-0.1733,0.8998,-11.16,-4.61,-2.15,25.45
21317,0.1934,-0.1863,0.8375,-13.94,5.16,-1.07,25.44
21327,0.1881,-0.2085,0.7767,-11.85,15.39,0.67,25.45
21337,0.1332,-0.2286,0.8264,-6.31,18.21,1.57,25.44
21347,0.0902,-0.2218,0.8927,-1.11,12.38,0.95,25.47
21357,0.0941,-0.1976,0.936,-0.52,3.22,-0.31,25.46
21367,0.1345,-0.1796,0.9357,-4.11,0.11,-1.11,25.47
21377,0.1628,-0.174,0.8793,-9.02,4.11,-0.87,25.46
21387,0.1732,-0.1965,0.8405,-10.81,10.29,0.0,25.49
21397,0.1403,-0.209,0.835,-8.7,13.73,0.52,25.48
21407,0.1167,-0.217,0.8691,-5.16,11.19,0.53,25.47
21417,0.115,-0.2017,0.8977,-3.1,6.38,-0.09,25.47
21427,0.1385,-0.1934,0.9023,-4.43,3.22,-0.53,25.46
21437,0.1549,-0.1926,0.8821,-7.37,5.62,-0.46,25.46
21447,0.1539,-0.1992,0.8617,-9.18,9.48,-0.08,25.46
21457,0.1379,-0.2046,0.8484,-8.15,11.53,0.27,25.47
21467,0.1234,-0.2146,0.8729,-5.92,9.5,0.32,25.45
21477,0.1149,-0.2073,0.8972,-4.53,6.87,-0.06,25.47
21487,0.1338,-0.1979,0.8998,-5.04,5.01,-0.37,25.47
21497,0.1487,-0.1962,0.8802,-7.02,6.32,-0.26,25.47
21507,0.1464,-0.2001,0.8668,-7.94,9.15,0.05,25.46
21517,0.134,-0.2054,0.8647,-7.31,9.97,0.29,25.47
21527,0.121,-0.2075,0.8784,-5.77,8.78,0.11,25.47
21537,0.1219,-0.1986,0.8951,-4.99,6.66,-0.08,25.47
21547,0.1361,-0.2009,0.8931,-5.65,5.98,-0.24,25.46
21557,0.1432,-0.1965,0.8796,-6.92,7.27,-0.11,25.45
21567,0.1482,-0.1947,0.8628,-7.45,8.92,0.08,25.45
21577,0.1404,-0.2073,0.8647,-6.99,9.22,0.2,25.44
21587,0.1306,-0.2037,0.8748,-5.97,8.34,0.08,25.45
21597,0.1295,-0.2007,0.8861,-5.65,6.93,-0.17,25.49
21607,0.1365,-0.1993,0.8813,-6.2,6.81,-0.23,25.47
21617,0.1389,-0.2019,0.8733,-6.93,7.88,-0.06,25.47
21627,0.1355,-0.2001,0.8669,-7.11,8.73,0.0,25.46
21637,0.1277,-0.2042,0.8673,-6.56,8.5,0.11,25.48
21647,0.1281,-0.205,0.8729,-5.8,7.83,-0.05,25.47
21657,0.1278,-0.2031,0.8823,-5.74,7.47,-0.11,25.47
21667,0.1361,-0.2025,0.8848,-6.32,7.44,-0.11,25.48
21677,0.1339,-0.2007,0.8796,-6.9,8.02,-0.11,25.49
21687,0.1373,-0.2023,0.8727,-6.92,8.2,-0.09,25.49
21697,0.1326,-0.1992,0.8688,-6.34,7.97,-0.06,25.47
21707,0.1338,-0.2023,0.8779,-6.0,7.51,-0.08,25.5
21717,0.136,-0.1993,0.8845,-6.11,7.47,-0.11,25.48
21727,0.1371,-0.1975,0.8826,-6.63,7.51,-0.09,25.46
21737,0.1366,-0.2008,0.8781,-6.96,7.56,-0.15,25.5
21747,0.1401,-0.2065,0.8719,-6.75,7.79,-0.05,25.48
21757,0.1387,-0.2043,0.8752,-6.29,7.76,0.0,25.46
21767,0.1372,-0.2021,0.8792,-5.94,7.74,-0.03,25.48
21777,0.1382,-0.1968,0.8838,-6.12,7.73,0.06,25.51
21787,0.1394,-0.196,0.8894,-6.52,7.83,-0.03,25.47
21797,0.1432,-0.199,0.8782,-6.63,7.71,0.02,25.46
21807,0.1367,-0.2053,0.8801,-6.72,7.94,-0.06,25.47
21817,0.1335,-0.2059,0.8685,-6.43,7.73,-0.09,25.49
21827,0.1349,-0.202,0.877,-6.2,7.74,0.02,25.48
21837,0.1373,-0.1991,0.8729,-6.11,7.86,0.02,25.48
21847,0.1378,-0.1991,0.8735,-6.38,8.08,0.02,25.5
21857,0.1324,-0.1968,0.8768,-6.5,7.82,0.03,25.49
21867,0.1355,-0.202,0.8723,-6.61,7.53,-0.03,25.47
21877,0.1333,-0.2042,0.8674,-6.44,7.42,-0.09,25.49
21887,0.1392,-0.2051,0.8734,-6.23,7.6,-0.11,25.47
21897,0.1401,-0.2028,0.8756,-6.26,8.11,0.0,25.47
21907,0.135,-0.2021,0.8807,-6.47,8.32,0.0,25.49
21917,0.1329,-0.2,0.881,-6.69,8.15,-0.02,25.5
21927,0.1339,-0.2013,0.876,-6.75,7.65,-0.02,25.48
21937,0.1398,-0.204,0.8701,-6.5,7.42,-0.02,25.48
21947,0.1409,-0.2012,0.8716,-6.34,7.79,-0.03,25.46
21957,0.1396,-0.1982,0.8746,-6.27,8.12,0.09,25.48
21967,0.1354,-0.1998,0.8851,-6.12,8.29,0.03,25.48
21977,0.1326,-0.1967,0.8895,-6.24,7.94,-0.05,25.49
21987,0.137,-0.1991,0.8829,-6.56,7.56,-0.15,25.49
21997,0.1426,-0.2002,0.8762,-6.73,7.48,-0.09,25.5
22007,0.1394,-0.2037,0.874,-6.63,7.83,-0.11,25.47
22017,0.137,-0.2014,0.877,-6.34,8.2,-0.08,25.48
22027,0.1338,-0.2009,0.8818,-6.27,8.27,-0.02,25.44
22037,0.1322,-0.1993,0.8838,-6.46,7.77,-0.08,25.49
22047,0.1343,-0.2039,0.8762,-6.64,7.42,-0.14,25.5
22057,0.1387,-0.2018,0.874,-6.78,7.65,-0.11,25.49
22067,0.1365,-0.2064,0.8777,-6.47,8.05,-0.02,25.47
22077,0.1385,-0.2052,0.8752,-6.24,8.18,0.12,25.49
22087,0.1372,-0.2035,0.88,-6.23,8.11,0.03,25.48
22097,0.1365,-0.2062,0.8768,-6.47,7.3,-0.08,25.47
22107,0.1262,-0.2021,0.8755,-6.32,7.53,-0.06,25.48
22117,0.1342,-0.1505,0.8723,-6.69,8.15,-0.29,25.47
22127,0.1216,-0.2069,0.9059,-6.37,8.12,-0.11,25.51
22137,0.1018,-0.2224,0.8916,-6.12,8.76,0.29,25.47
22147,0.1255,-0.1925,0.8994,-6.29,8.92,-0.08,25.48
22157,0.1371,-0.1948,0.8885,-6.66,7.6,-0.34,25.5
22167,0.1367,-0.213,0.8588,-6.78,7.18,-0.14,25.48
22177,0.1425,-0.205,0.8661,-6.38,7.94,0.03,25.49
22187,0.1362,-0.1948,0.8744,-6.34,7.82,-0.15,25.49
22197,0.135,-0.2122,0.8737,-6.18,8.05,0.05,25.49
22207,0.1377,-0.2076,0.8788,-6.14,8.08,0.12,25.49
22217,0.1426,-0.2004,0.8917,-6.49,7.94,-0.12,25.49
22227,0.1383,-0.207,0.8822,-6.78,7.6,-0.21,25.49
22237,0.1375,-0.212,0.8765,-6.52,7.51,-0.05,25.47
22247,0.1405,-0.204,0.8779,-6.18,7.57,0.03,25.49
22257,0.137,-0.1979,0.8778,-5.98,7.76,-0.02,25.5
22267,0.129,-0.1974,0.8796,-6.02,7.82,0.02,25.5
22277,0.1272,-0.1941,0.879,-6.23,7.56,-0.06,25.47
22287,0.1345,-0.1958,0.8824,-6.47,7.42,-0.09,25.48
22297,0.1387,-0.2012,0.8835,-6.55,7.73,-0.05,25.49
22307,0.1357,-0.2057,0.8821,-6.37,8.29,0.02,25.48
22317,0.1403,-0.2041,0.8877,-6.44,8.29,0.06,25.5
22327,0.145,-0.2036,0.8984,-6.44,8.08,0.03,25.48
22337,0.1427,-0.2058,0.8907,-6.43,7.76,-0.08,25.48
22347,0.1456,-0.2024,0.8916,-6.6,7.83,0.0,25.49
22357,0.1428,-0.2053,0.8833,-6.81,7.94,-0.05,25.51
22367,0.1431,-0.2067,0.8784,-6.89,8.0,-0.02,25.48
22377,0.0961,-0.282,0.8929,-6.55,8.26,-0.03,25.48
22387,0.1033,-0.1805,0.874,-5.97,10.2,-0.34,25.49
22398,0.0752,-0.1853,0.9531,-5.92,11.02,-0.4,25.5
22408,0.0519,-0.2052,0.9373,-6.24,9.88,-0.23,25.5
22418,0.1979,-0.2084,0.8683,-5.95,8.34,0.23,25.49
22428,0.2268,-0.2065,0.8395,-6.08,6.67,0.11,25.47
22438,0.2036,-0.2087,0.8679,-6.21,6.81,0.14,25.49
22448,0.1593,-0.2064,0.8925,-6.46,8.17,0.12,25.5
22458,0.1451,-0.2017,0.902,-6.43,8.78,0.06,25.5
22468,0.1432,-0.1946,0.9003,-5.94,8.69,0.11,25.51
22478,0.1481,-0.1979,0.8979,-5.86,8.89,0.11,25.5
22488,0.1564,-0.2003,0.9088,-5.8,9.15,0.18,25.49
22498,0.1592,-0.2046,0.9197,-6.2,9.82,0.27,25.49
22508,0.1541,-0.2113,0.9276,-6.6,10.31,0.29,25.49
22518,0.1511,-0.2095,0.9329,-6.79,10.17,0.17,25.51
22528,0.147,-0.2025,0.931,-6.41,9.54,0.24,25.5
22538,0.1564,-0.2104,0.9347,-6.2,9.48,0.29,25.48
22548,0.1504,-0.2029,0.9354,-6.47,10.85,0.53,25.5
22558,0.1442,-0.2053,0.9395,-7.04,11.36,0.52,25.5
22568,0.1278,-0.2112,0.9109,-7.71,10.78,0.5,25.5
22578,0.1241,-0.2037,0.8865,-7.73,9.66,0.37,25.48
22588,0.1293,-0.2001,0.8674,-7.22,9.16,0.27,25.5
22598,0.1356,-0.1863,0.8604,-6.79,9.89,0.29,25.49
22608,0.1353,-0.1838,0.845,-6.47,10.6,0.49,25.51
22618,0.1296,-0.1814,0.8501,-6.52,11.04,0.41,25.48
22628,0.1235,-0.1829,0.8367,-6.96,10.44,0.31,25.49
22638,0.1189,-0.1893,0.8171,-7.53,9.63,0.17,25.49
22648,0.1118,-0.194,0.7992,-7.82,9.5,0.11,25.49
22658,0.1273,-0.1714,0.7625,-8.66,8.84,0.06,25.49
22668,0.1666,-0.2349,0.7764,-6.92,10.4,0.96,25.52
22678,0.3013,-0.2229,0.6566,-6.27,6.32,0.53,25.5
22688,0.193,-0.2032,0.7198,-5.83,4.7,0.61,25.49
22698,0.0787,-0.1956,0.8412,-6.02,7.01,0.43,25.49
22708,0.0382,-0.1877,0.8586,-6.32,8.0,0.09,25.49
22718,0.0659,-0.1964,0.8613,-6.05,8.63,-0.03,25.5
22728,0.1071,-0.1888,0.8677,-5.86,8.75,0.03,25.5
22738,0.1215,-0.198,0.8768,-5.68,9.05,0.15,25.51
22748,0.1202,-0.2036,0.891,-5.77,8.99,0.08,25.48
22758,0.1206,-0.2101,0.9038,-6.05,8.09,-0.03,25.52
22768,0.1254,-0.2136,0.907,-6.32,7.6,-0.08,25.49
22778,0.1285,-0.2218,0.9027,-6.79,7.68,0.0,25.52
22788,0.1165,-0.2037,0.8855,-6.79,8.24,0.06,25.52
22798,0.1156,-0.2008,0.8928,-6.31,8.38,0.09,25.5
22808,0.1095,-0.1925,0.882,-6.0,8.14,-0.02,25.5
22818,0.1117,-0.1891,0.882,-6.34,7.62,-0.05,25.47
22828,0.1178,-0.1958,0.8737,-7.04,7.53,-0.23,25.49
22838,0.1235,-0.2035,0.8594,-7.34,7.68,-0.12,25.52
22848,0.1262,-0.2102,0.8513,-6.98,8.18,0.02,25.51
22858,0.1237,-0.2109,0.8517,-6.32,8.17,0.03,25.51
22868,0.1221,-0.2051,0.8595,-5.74,8.06,0.05,25.51
22878,0.1232,-0.2021,0.8719,-5.77,7.71,-0.06,25.51
22888,0.1199,-0.201,0.8785,-6.18,7.57,-0.06,25.49
22898,0.129,-0.2001,0.8779,-6.5,7.57,-0.17,25.47
22908,0.129,-0.2006,0.8739,-6.55,7.89,-0.09,25.51
22918,0.1279,-0.2052,0.8855,-6.5,8.17,-0.02,25.5
22928,0.1251,-0.2054,0.8835,-6.18,7.98,0.02,25.5
22938,0.1259,-0.2019,0.8911,-6.14,8.0,0.06,25.51
22948,0.1299,-0.1968,0.8876,-6.41,7.69,-0.06,25.51
22958,0.1307,-0.2012,0.8849,-6.61,7.62,-0.12,25.5
22968,0.1283,-0.2041,0.8781,-6.64,7.74,0.03,25.48
22978,0.1278,-0.2036,0.877,-6.52,8.14,0.05,25.5
22988,0.1233,-0.2024,0.8745,-6.38,8.17,-0.05,25.51
22998,0.1198,-0.203,0.8724,-6.37,8.05,0.02,25.51
23008,0.1217,-0.2031,0.8741,-6.46,7.74,-0.09,25.49
23018,0.1224,-0.2054,0.8652,-6.47,7.56,-0.03,25.52
23028,0.1273,-0.199,0.8666,-6.43,7.73,-0.05,25.5
23038,0.1277,-0.2009,0.8722,-6.31,7.95,-0.05,25.49
23048,0.1281,-0.2018,0.8792,-6.18,8.05,0.02,25.49
23058,0.1254,-0.2006,0.8844,-6.23,7.92,-0.02,25.5
23068,0.1263,-0.2025,0.8834,-6.43,7.74,-0.14,25.48
23078,0.1251,-0.2036,0.8795,-6.53,7.68,-0.14,25.5
23088,0.1276,-0.2034,0.8788,-6.46,7.83,-0.11,25.5
23098,0.1294,-0.2029,0.8805,-6.38,7.95,-0.02,25.49
23108,0.127,-0.2025,0.8838,-6.23,8.06,0.0,25.49
23118,0.1243,-0.2048,0.8826,-6.38,7.86,-0.03,25.5
23128,0.1255,-0.204,0.8821,-6.56,7.77,-0.12,25.49
23138,0.1298,-0.2034,0.8815,-6.64,7.63,-0.05,25.47
23148,0.1288,-0.201,0.8778,-6.58,7.65,-0.09,25.47
23158,0.1288,-0.2003,0.874,-6.43,7.77,-0.08,25.49
23168,0.1246,-0.2019,0.873,-6.26,7.91,0.05,25.49
23178,0.1238,-0.1987,0.88,-6.34,7.98,0.0,25.48
23188,0.1266,-0.204,0.8751,-6.46,7.85,-0.03,25.49
23198,0.1245,-0.2046,0.8745,-6.34,7.73,-0.09,25.49
23208,0.1251,-0.1995,0.8785,-6.23,7.68,-0.02,25.51
23218,0.1271,-0.199,0.8793,-6.24,7.73,-0.03,25.5
23228,0.1232,-0.1991,0.8777,-6.35,7.71,-0.11,25.48
23238,0.1232,-0.1985,0.8767,-6.47,7.88,-0.08,25.47
23248,0.1207,-0.1996,0.8729,-6.61,7.97,0.05,25.52
23258,0.1237,-0.2029,0.877,-6.61,8.06,-0.09,25.47
23268,0.1224,-0.2021,0.8766,-6.5,7.8,0.0,25.49
23278,0.1248,-0.2034,0.876,-6.6,7.76,-0.06,25.47
23288,0.1234,-0.2021,0.8767,-6.53,7.85,-0.08,25.49
23298,0.13,-0.2064,0.8739,-6.56,7.83,-0.08,25.48
23308,0.13,-0.2037,0.8768,-6.41,7.88,0.02,25.48
23318,0.1334,-0.2025,0.8837,-6.26,7.88,-0.06,25.48
23328,0.1295,-0.2039,0.881,-6.27,7.76,-0.05,25.48
23338,0.1309,-0.2024,0.8815,-6.34,7.59,-0.08,25.48
23348,0.1315,-0.2012,0.8888,-6.26,7.8,-0.08,25.49
23358,0.1299,-0.2003,0.8799,-6.38,7.97,-0.05,25.48
23368,0.1248,-0.1987,0.882,-6.35,8.06,-0.11,25.47
23378,0.1237,-0.1946,0.8759,-6.35,7.8,-0.11,25.49
23388,0.1199,-0.192,0.8719,-6.2,7.51,-0.06,25.48
23398,0.1189,-0.1887,0.8716,-6.11,7.69,-0.17,25.48
23408,0.1205,-0.189,0.8737,-6.18,7.89,-0.17,25.49
23418,0.111,-0.1893,0.8829,-6.27,8.26,-0.21,25.47
23428,0.1161,-0.1896,0.8878,-6.49,8.29,-0.26,25.47
23438,0.1207,-0.2075,0.8837,-6.73,8.17,-0.29,25.48
23448,0.1244,-0.2208,0.882,-7.1,8.27,-0.18,25.49
23458,0.1268,-0.2195,0.8668,-7.05,8.37,-0.12,25.49
23468,0.1317,-0.2252,0.8748,-6.6,8.02,-0.06,25.47
23478,0.127,-0.2162,0.8761,-6.29,7.85,-0.06,25.49
23488,0.1274,-0.2144,0.8838,-5.97,7.45,-0.08,25.47
23498,0.1278,-0.2028,0.8765,-6.18,7.31,-0.05,25.49
23508,0.1328,-0.2014,0.8812,-6.03,7.34,-0.12,25.46
23518,0.139,-0.2062,0.8832,-6.06,7.68,-0.02,25.47
23528,0.1353,-0.2062,0.8835,-6.24,8.14,-0.02,25.49
23538,0.1288,-0.2115,0.8792,-6.55,8.15,0.06,25.51
23549,0.1276,-0.2087,0.8715,-6.6,7.68,0.05,25.49
23559,0.1278,-0.2025,0.8687,-6.24,7.33,0.05,25.46
23569,0.1287,-0.1996,0.8654,-5.85,7.4,0.05,25.48
23579,0.1302,-0.1967,0.8718,-5.86,7.73,0.11,25.48
23589,0.1292,-0.1997,0.8807,-6.37,8.06,0.18,25.49
23599,0.1245,-0.2021,0.8828,-6.87,8.09,0.08,25.49
23609,0.1249,-0.2019,0.8715,-6.85,8.02,0.14,25.5
23619,0.1234,-0.2015,0.8744,-6.43,7.8,0.06,25.49
23629,0.125,-0.1982,0.8798,-6.02,7.69,0.02,25.49
23639,0.1281,-0.1976,0.88,-5.85,7.86,0.0,25.52
23649,0.1185,-0.1925,0.8923,-6.17,8.05,0.05,25.49
23659,0.1156,-0.1976,0.8878,-6.66,7.88,-0.12,25.49
23669,0.1293,-0.2031,0.8705,-6.79,7.68,-0.11,25.51
23679,0.1217,-0.2002,0.8698,-6.67,7.71,-0.12,25.5
23689,0.1217,-0.2017,0.8763,-6.27,7.91,-0.05,25.48
23699,0.124,-0.2013,0.8762,-6.17,7.92,-0.02,25.47
23709,0.1241,-0.2008,0.8815,-6.38,8.0,-0.06,25.49
23719,0.1251,-0.2006,0.8812,-6.63,7.89,-0.03,25.49
23729,0.1274,-0.2048,0.8781,-6.78,7.89,-0.06,25.49
23739,0.127,-0.2101,0.8765,-6.7,7.91,-0.09,25.48
23749,0.1278,-0.2096,0.8778,-6.46,7.97,-0.09,25.49
23759,0.1273,-0.2074,0.8755,-6.34,8.02,0.06,25.49
23769,0.1272,-0.2081,0.8768,-6.37,7.89,0.03,25.49
23779,0.1299,-0.21,0.8772,-6.37,7.74,-0.02,25.48
23789,0.1261,-0.2068,0.8798,-6.44,7.71,-0.05,25.48
23799,0.1263,-0.2039,0.8773,-6.52,7.71,-0.08,25.49
23809,0.1267,-0.2036,0.8738,-6.41,7.82,0.03,25.5
23819,0.1241,-0.1993,0.8773,-6.14,7.79,0.06,25.49
23829,0.1249,-0.2014,0.8817,-6.17,7.88,0.02,25.49
23839,0.1257,-0.1976,0.8801,-6.34,7.73,-0.05,25.51
23849,0.1252,-0.1989,0.877,-6.47,7.69,-0.05,25.51
23859,0.123,-0.2004,0.8763,-6.55,7.74,-0.08,25.5
23869,0.1265,-0.2026,0.8756,-6.4,7.92,-0.06,25.5
23879,0.1251,-0.203,0.8782,-6.35,8.05,-0.08,25.49
23889,0.1238,-0.2036,0.8838,-6.43,8.08,0.0,25.5
23899,0.1262,-0.201,0.8792,-6.56,7.89,-0.06,25.51
23909,0.1284,-0.2039,0.8739,-6.52,7.77,-0.06,25.49
23919,0.1254,-0.2028,0.8759,-6.55,7.79,-0.12,25.49
23929,0.1239,-0.2032,0.8777,-6.26,7.86,-0.12,25.48
23939,0.1273,-0.2047,0.8768,-6.32,7.91,-0.06,25.49
23949,0.1267,-0.2028,0.8763,-6.23,7.86,0.02,25.5
23959,0.1262,-0.2003,0.8822,-6.27,7.82,-0.08,25.5
23969,0.1251,-0.2025,0.88,-6.18,7.68,-0.03,25.49
23979,0.1256,-0.2001,0.8792,-6.29,7.74,-0.05,25.49
23989,0.1261,-0.2,0.8774,-6.37,7.77,-0.05,25.5
23999,0.1284,-0.2014,0.8761,-6.46,7.8,0.0,25.5
24009,0.1228,-0.2013,0.8746,-6.44,7.89,-0.08,25.51
24019,0.1261,-0.202,0.8765,-6.5,7.97,-0.03,25.5
24029,0.1263,-0.2036,0.877,-6.47,7.85,-0.06,25.49
24039,0.1241,-0.2041,0.8767,-6.44,7.88,-0.02,25.5
24049,0.1256,-0.2024,0.8774,-6.47,7.79,-0.05,25.48
24059,0.1298,-0.1992,0.8759,-6.44,7.89,0.03,25.5
24069,0.124,-0.2019,0.8846,-6.4,7.94,0.06,25.47
24079,0.1296,-0.2026,0.882,-6.27,7.86,-0.08,25.52
24089,0.1227,-0.2031,0.8861,-6.29,7.85,-0.06,25.5
24099,0.1218,-0.2001,0.8842,-6.4,7.71,-0.05,25.48
24109,0.1235,-0.1997,0.8817,-6.44,7.68,-0.11,25.49
24119,0.1274,-0.2023,0.8823,-6.41,7.71,-0.09,25.51
24129,0.1279,-0.2021,0.8774,-6.24,7.82,-0.03,25.49
24139,0.1227,-0.2032,0.8777,-6.37,7.91,-0.12,25.5
24149,0.1212,-0.201,0.881,-6.29,7.79,-0.03,25.5
24159,0.1266,-0.2043,0.879,-6.47,7.73,-0.11,25.52
24169,0.1238,-0.2031,0.8772,-6.49,7.69,-0.03,25.48
24179,0.121,-0.2026,0.8778,-6.46,7.82,0.02,25.5
24189,0.1316,-0.2068,0.8729,-6.41,8.05,-0.02,25.5
24199,0.1268,-0.2029,0.8811,-6.32,8.0,-0.05,25.52
24209,0.1262,-0.2047,0.8796,-6.38,7.8,-0.09,25.51
24219,0.1326,-0.2036,0.8776,-6.5,7.83,-0.05,25.51
24229,0.1272,-0.1986,0.8823,-6.53,7.82,-0.05,25.53
24239,0.1304,-0.2014,0.8787,-6.44,7.73,-0.08,25.5
24249,0.1257,-0.2078,0.8767,-6.47,8.0,-0.03,25.49
24259,0.1207,-0.1957,0.8827,-6.43,7.89,-0.06,25.48
24269,0.1267,-0.2021,0.8699,-6.46,7.45,-0.15,25.51
24279,0.1276,-0.2061,0.8613,-6.46,7.57,0.0,25.5
24289,0.1272,-0.1938,0.8773,-6.21,7.92,0.05,25.51
24299,0.1223,-0.2042,0.8821,-6.31,7.86,-0.05,25.52
24309,0.1267,-0.2123,0.8759,-6.26,7.97,0.09,25.51
24319,0.1218,-0.1965,0.8915,-6.32,7.86,0.05,25.49
24329,0.1301,-0.1984,0.8828,-6.53,7.56,-0.15,25.49
24339,0.1273,-0.203,0.869,-6.64,7.82,0.0,25.48
24349,0.1401,-0.2013,0.8748,-6.47,8.03,0.09,25.51
24359,0.1377,-0.1985,0.8739,-6.23,7.83,0.05,25.5
24369,0.1255,-0.2053,0.8693,-6.31,7.65,0.0,25.51
24379,0.1174,-0.2036,0.8901,-6.24,8.06,0.02,25.53
24389,0.1213,-0.1951,0.8813,-6.38,7.85,-0.15,25.53
24399,0.1259,-0.2001,0.8754,-6.55,7.69,-0.03,25.5
24409,0.13,-0.2039,0.8719,-6.58,7.82,0.12,25.52
24419,0.1248,-0.204,0.8783,-6.47,7.97,0.03,25.49
24429,0.1254,-0.205,0.8806,-6.32,7.91,-0.05,25.53
24440,0.1223,-0.2046,0.8821,-6.32,7.8,0.02,25.49
24450,0.1279,-0.2001,0.8834,-6.4,7.63,-0.09,25.48
24460,0.1309,-0.2036,0.8761,-6.46,7.74,-0.06,25.49
24470,0.1251,-0.2025,0.8766,-6.38,7.83,0.0,25.5
24480,0.124,-0.2028,0.8813,-6.32,8.06,0.03,25.49
24490,0.1262,-0.2046,0.8801,-6.34,8.08,0.0,25.51
24500,0.1254,-0.2043,0.8793,-6.41,7.8,-0.05,25.52
24510,0.1252,-0.2002,0.8798,-6.47,7.62,-0.03,25.5
24520,0.126,-0.2008,0.8728,-6.47,7.62,-0.02,25.49
24530,0.127,-0.2002,0.877,-6.35,7.79,0.0,25.5
24540,0.129,-0.2003,0.8788,-6.31,7.98,-0.05,25.49
24550,0.126,-0.2002,0.8799,-6.34,7.98,0.0,25.51
24560,0.1223,-0.1997,0.8778,-6.53,7.85,0.06,25.51
24570,0.1234,-0.2031,0.8755,-6.49,7.74,0.0,25.5
24580,0.1251,-0.2048,0.8754,-6.47,7.79,-0.09,25.54
24590,0.1267,-0.2025,0.8761,-6.35,7.92,-0.06,25.5
24600,0.1237,-0.2025,0.8787,-6.29,7.97,0.0,25.54
24610,0.1245,-0.2018,0.8804,-6.37,7.91,0.06,25.5
24620,0.1241,-0.2004,0.8796,-6.56,7.82,-0.08,25.5
24630,0.1296,-0.2037,0.8801,-6.55,7.8,-0.06,25.5
24640,0.1282,-0.201,0.8759,-6.52,7.88,-0.05,25.49
24650,0.1252,-0.2009,0.8801,-6.44,7.95,0.0,25.52
24660,0.1272,-0.2007,0.8805,-6.4,7.91,-0.05,25.52
24670,0.1274,-0.2037,0.8792,-6.43,7.89,-0.12,25.51
24680,0.1267,-0.2065,0.8785,-6.32,7.76,-0.03,25.51
24690,0.1244,-0.2028,0.8757,-6.34,7.69,-0.09,25.49
24700,0.1272,-0.2037,0.8755,-6.44,7.69,-0.09,25.53
24710,0.1281,-0.2019,0.8768,-6.43,7.77,-0.09,25.5
24720,0.1277,-0.2029,0.8739,-6.52,8.0,-0.06,25.54
24730,0.1261,-0.2008,0.876,-6.52,8.05,-0.06,25.51
24740,0.1267,-0.2002,0.8802,-6.47,7.97,0.03,25.52
24750,0.1259,-0.2023,0.8778,-6.52,7.83,-0.03,25.52
24760,0.1228,-0.2047,0.8799,-6.52,7.97,-0.06,25.5
24770,0.1252,-0.2054,0.8752,-6.5,7.89,0.0,25.52
24780,0.1249,-0.1996,0.8773,-6.41,7.89,-0.02,25.5
24790,0.127,-0.2008,0.8715,-6.4,7.97,-0.08,25.53
24800,0.1276,-0.2036,0.8776,-6.49,8.03,-0.05,25.52
24810,0.1255,-0.2026,0.8778,-6.5,7.94,-0.02,25.5
24820,0.125,-0.2024,0.8793,-6.46,7.89,-0.05,25.51
24830,0.1243,-0.2034,0.8776,-6.32,7.83,-0.03,25.52
24840,0.1268,-0.2053,0.8735,-6.32,7.8,-0.09,25.53
24850,0.1238,-0.2015,0.8783,-6.37,7.83,0.0,25.5
24860,0.1255,-0.2017,0.8804,-6.41,7.88,-0.06,25.51
24870,0.1254,-0.2023,0.8759,-6.4,7.77,-0.12,25.52
24880,0.1261,-0.2004,0.8774,-6.49,7.82,-0.06,25.51
24890,0.1257,-0.2023,0.8746,-6.43,7.89,-0.02,25.51
24900,0.1259,-0.2056,0.8762,-6.44,7.85,-0.02,25.52
24910,0.1245,-0.2046,0.8785,-6.43,7.86,-0.03,25.52
24920,0.1239,-0.2024,0.879,-6.56,7.8,-0.03,25.5
24930,0.1249,-0.2041,0.8759,-6.46,7.8,-0.05,25.53
24940,0.1266,-0.2041,0.8781,-6.4,7.82,-0.06,25.51
24950,0.1265,-0.2046,0.8748,-6.4,7.83,-0.11,25.53
24960,0.1259,-0.2026,0.8785,-6.44,7.92,-0.11,25.52
24970,0.1224,-0.2012,0.8831,-6.4,7.95,0.03,25.52
24980,0.1241,-0.2006,0.8795,-6.49,7.85,-0.03,25.53
24990,0.1254,-0.2025,0.8811,-6.47,7.66,-0.05,25.52
25000,0.1251,-0.2028,0.8749,-6.34,7.82,-0.08,25.52
25010,0.1282,-0.2,0.8724,-6.34,7.85,-0.03,25.5
25020,0.1263,-0.2041,0.8826,-6.35,7.91,-0.05,25.52
25030,0.1233,-0.2032,0.8745,-6.53,7.89,-0.05,25.52
25040,0.1234,-0.2009,0.8779,-6.46,7.82,-0.02,25.52
25050,0.1302,-0.2021,0.8755,-6.44,7.73,-0.11,25.54
25060,0.1246,-0.2046,0.8754,-6.41,7.89,-0.03,25.5
25070,0.1241,-0.2028,0.8765,-6.34,7.95,-0.02,25.5
25080,0.1233,-0.203,0.8794,-6.4,7.92,0.02,25.52
25090,0.129,-0.2065,0.8768,-6.52,7.86,-0.06,25.52
25100,0.1277,-0.2029,0.8781,-6.55,7.8,-0.05,25.52
25110,0.1268,-0.2003,0.8761,-6.37,7.76,-0.05,25.51
25120,0.127,-0.2009,0.8806,-6.27,7.86,0.02,25.52
25130,0.1273,-0.2007,0.8795,-6.27,7.89,0.0,25.53
25140,0.1241,-0.2051,0.8795,-6.31,7.95,0.03,25.53
25150,0.124,-0.2012,0.8773,-6.5,7.92,0.0,25.52
25160,0.1248,-0.2031,0.881,-6.53,7.82,-0.06,25.52
25170,0.1252,-0.2018,0.8754,-6.41,7.85,-0.02,25.5
25180,0.1243,-0.2015,0.8739,-6.32,7.83,-0.06,25.54
25190,0.1252,-0.205,0.8802,-6.43,7.92,0.0,25.52
25200,0.125,-0.2041,0.881,-6.35,7.92,-0.08,25.51
25210,0.1249,-0.2017,0.8813,-6.46,7.86,-0.08,25.53
25220,0.1272,-0.2041,0.8806,-6.5,7.73,-0.03,25.51
25230,0.127,-0.2026,0.8798,-6.46,7.85,-0.09,25.53
25240,0.1261,-0.2013,0.8799,-6.37,7.76,0.02,25.51
25250,0.1267,-0.2028,0.8823,-6.37,7.86,0.06,25.53
25260,0.1273,-0.2031,0.8783,-6.44,7.91,0.0,25.52
25270,0.1237,-0.2031,0.8773,-6.49,7.83,-0.02,25.51
25280,0.1288,-0.2043,0.8785,-6.46,7.85,-0.03,25.51
25290,0.1246,-0.2025,0.8773,-6.43,7.88,-0.06,25.53
25300,0.1267,-0.2034,0.877,-6.32,7.83,-0.08,25.51
25310,0.1267,-0.2052,0.8765,-6.32,7.89,-0.06,25.52
25320,0.1266,-0.2029,0.879,-6.47,7.97,-0.06,25.51
25330,0.126,-0.2018,0.8821,-6.37,7.94,-0.05,25.53
25340,0.1276,-0.201,0.8818,-6.43,7.85,-0.05,25.53
25350,0.127,-0.2017,0.8792,-6.35,7.74,-0.03,25.52
25360,0.1263,-0.2,0.8777,-6.34,7.76,-0.02,25.52
25370,0.1246,-0.2012,0.8799,-6.38,7.85,-0.08,25.54
25380,0.1261,-0.2035,0.8788,-6.49,7.89,-0.02,25.53
25390,0.1239,-0.2024,0.8776,-6.44,7.85,-0.08,25.51
25400,0.1267,-0.1995,0.877,-6.31,7.86,-0.03,25.5
25410,0.1266,-0.2021,0.8761,-6.37,7.82,-0.06,25.51
25420,0.1255,-0.2032,0.8765,-6.35,7.79,-0.11,25.53
25430,0.127,-0.2032,0.8756,-6.38,7.91,-0.02,25.54
25440,0.1271,-0.2032,0.879,-6.38,8.0,-0.02,25.52
25450,0.1254,-0.2026,0.8793,-6.41,7.86,-0.06,25.54
25460,0.1255,-0.2039,0.8806,-6.4,7.8,-0.05,25.52
25470,0.1272,-0.2039,0.8763,-6.46,7.8,-0.05,25.53
25480,0.1255,-0.2029,0.8779,-6.4,7.91,-0.02,25.53
25490,0.1274,-0.2006,0.8783,-6.49,7.89,-0.09,25.54
25500,0.1254,-0.202,0.8741,-6.46,7.86,-0.05,25.54
25510,0.1255,-0.2003,0.8726,-6.44,7.94,-0.08,25.53
25520,0.123,-0.2013,0.8749,-6.41,7.83,-0.09,25.52
25530,0.1239,-0.2035,0.8782,-6.41,7.77,-0.11,25.53
25540,0.1268,-0.2026,0.8766,-6.43,7.86,-0.05,25.52
25550,0.1265,-0.2021,0.8788,-6.32,7.92,-0.05,25.55
25560,0.1257,-0.2046,0.8793,-6.34,7.92,-0.03,25.53
25570,0.1267,-0.2023,0.88,-6.35,7.88,-0.08,25.53
25580,0.1272,-0.2025,0.8777,-6.49,7.77,-0.06,25.55
25590,0.1279,-0.2006,0.8773,-6.47,7.71,-0.02,25.52
25600,0.1263,-0.2039,0.8777,-6.43,7.8,0.0,25.53
25610,0.1263,-0.2032,0.8754,-6.44,7.88,-0.03,25.53
25620,0.1238,-0.2004,0.8781,-6.43,7.91,-0.02,25.53
25630,0.1261,-0.201,0.8805,-6.55,7.82,-0.03,25.54
25640,0.1256,-0.1987,0.8777,-6.47,7.83,-0.05,25.53
25650,0.1237,-0.2026,0.8781,-6.37,7.89,-0.03,25.54
25660,0.1263,-0.2046,0.8812,-6.43,7.86,-0.03,25.53
25670,0.1278,-0.2046,0.877,-6.35,7.77,-0.05,25.55
25680,0.1241,-0.2023,0.879,-6.38,7.83,-0.12,25.51
25690,0.125,-0.2065,0.8818,-6.41,7.92,-0.06,25.52
25700,0.126,-0.2054,0.8782,-6.38,7.89,-0.09,25.52
25710,0.1272,-0.2012,0.8788,-6.41,7.83,-0.11,25.53
25720,0.1257,-0.2059,0.8777,-6.35,7.88,-0.05,25.53
25730,0.1233,-0.203,0.876,-6.43,7.91,-0.06,25.54
25740,0.124,-0.1995,0.8772,-6.5,7.91,0.03,25.54
25750,0.1251,-0.2013,0.8763,-6.41,8.0,-0.06,25.54
25760,0.125,-0.2013,0.8806,-6.47,7.85,0.02,25.56
25770,0.1274,-0.2001,0.8795,-6.49,7.86,0.03,25.55
25780,0.127,-0.2031,0.8785,-6.32,7.79,-0.06,25.53
25790,0.1235,-0.2,0.8793,-6.47,7.8,-0.02,25.52
25800,0.1238,-0.2029,0.8801,-6.37,7.89,-0.09,25.52
25810,0.1218,-0.2,0.8763,-6.4,7.92,-0.06,25.53
25820,0.1255,-0.202,0.8794,-6.37,7.86,0.0,25.53
25830,0.1249,-0.2021,0.8766,-6.5,7.8,0.02,25.53
25840,0.1251,-0.2036,0.8801,-6.4,7.83,-0.06,25.54
25850,0.1282,-0.2046,0.8756,-6.38,7.83,-0.05,25.56
25860,0.1227,-0.2009,0.8781,-6.5,7.88,-0.09,25.55
25871,0.1239,-0.2017,0.875,-6.41,7.89,-0.06,25.51
25881,0.125,-0.2025,0.8804,-6.27,7.91,-0.11,25.5
25891,0.1251,-0.2074,0.8817,-6.4,7.88,-0.03,25.52
25901,0.1256,-0.2039,0.8777,-6.46,7.91,-0.06,25.52
25911,0.1234,-0.2029,0.8798,-6.43,7.79,0.03,25.54
25921,0.1273,-0.2036,0.8789,-6.29,7.65,-0.02,25.54
25931,0.1262,-0.2012,0.8782,-6.4,7.76,-0.06,25.52
25941,0.1278,-0.2017,0.873,-6.4,7.82,-0.02,25.52
25951,0.1276,-0.2018,0.8777,-6.38,7.97,0.0,25.54
25961,0.1251,-0.201,0.8771,-6.32,7.94,-0.02,25.54
25971,0.1239,-0.2004,0.8781,-6.35,7.8,0.02,25.54
25981,0.1229,-0.2,0.8763,-6.38,7.76,-0.02,25.54
25991,0.1261,-0.2008,0.877,-6.41,7.85,-0.08,25.52
26001,0.1266,-0.203,0.8754,-6.37,7.91,-0.06,25.54
26011,0.1249,-0.2021,0.8766,-6.4,7.85,0.03,25.53
26021,0.1255,-0.2042,0.8751,-6.44,7.82,-0.05,25.52
26031,0.1272,-0.204,0.8794,-6.37,7.77,-0.03,25.53
26041,0.1254,-0.2037,0.8765,-6.5,7.76,-0.02,25.55
26051,0.1283,-0.2052,0.8765,-6.4,7.88,-0.05,25.54
26061,0.1283,-0.2054,0.876,-6.38,7.91,-0.06,25.53
26071,0.1262,-0.2013,0.8784,-6.49,7.88,0.03,25.54
26081,0.1229,-0.2014,0.8749,-6.5,7.88,-0.05,25.53
26091,0.1244,-0.2029,0.8751,-6.4,7.83,-0.09,25.54
26101,0.1244,-0.1998,0.8771,-6.4,7.82,-0.05,25.51
26111,0.125,-0.2015,0.8846,-6.27,7.85,-0.06,25.52
26121,0.1268,-0.2042,0.8785,-6.46,7.82,-0.12,25.51
26131,0.1251,-0.2009,0.8767,-6.52,7.88,-0.06,25.52
26141,0.1245,-0.2036,0.8757,-6.47,7.82,-0.02,25.53
26151,0.1263,-0.2046,0.8778,-6.44,7.86,0.03,25.5
26161,0.1255,-0.2025,0.8785,-6.37,7.86,-0.05,25.52
26171,0.1266,-0.2051,0.8787,-6.34,7.85,-0.02,25.51
26181,0.1256,-0.2021,0.8811,-6.38,7.83,-0.03,25.51
26191,0.1244,-0.1993,0.8795,-6.4,7.73,-0.06,25.52
26201,0.1279,-0.2045,0.8782,-6.44,7.82,0.0,25.52
26211,0.1285,-0.2039,0.8778,-6.43,7.79,-0.08,25.55
26221,0.1237,-0.2029,0.8762,-6.41,7.83,-0.06,25.54
26231,0.1262,-0.2051,0.8739,-6.4,7.85,-0.05,25.53
26241,0.1266,-0.201,0.8774,-6.47,7.82,-0.12,25.53
26251,0.1256,-0.2013,0.8781,-6.37,7.79,-0.02,25.52
26261,0.1255,-0.2032,0.8783,-6.35,7.79,-0.06,25.55
26271,0.1266,-0.2042,0.8796,-6.38,7.74,-0.05,25.52
26281,0.1281,-0.205,0.8793,-6.32,7.85,-0.06,25.52
26291,0.1274,-0.2009,0.8771,-6.34,7.91,-0.05,25.51
26301,0.1263,-0.2019,0.879,-6.35,7.95,-0.05,25.53
26311,0.1262,-0.2007,0.8844,-6.34,7.89,-0.02,25.54
26321,0.1257,-0.2004,0.8845,-6.31,7.8,-0.08,25.51
26331,0.1263,-0.2045,0.8784,-6.43,7.73,-0.06,25.52
26341,0.1254,-0.1997,0.8834,-6.46,7.77,-0.09,25.52
26351,0.1248,-0.2037,0.8728,-6.43,7.82,0.0,25.53
26361,0.1268,-0.2042,0.8771,-6.41,7.92,-0.02,25.55
26371,0.1183,-0.192,0.8737,-6.43,8.23,0.02,25.53
26381,0.1288,-0.2103,0.8733,-7.22,6.93,-0.31,25.54
26391,0.1234,-0.1948,0.851,-6.56,7.6,0.0,25.52
26401,0.1378,-0.2025,0.9001,-5.68,8.09,0.09,25.53
26411,0.1201,-0.2068,0.8865,-6.18,8.05,0.23,25.54
26421,0.129,-0.2144,0.8903,-6.29,7.97,0.17,25.52
26431,0.1348,-0.2039,0.8885,-6.55,7.48,-0.12,25.55
26441,0.1364,-0.2029,0.8813,-7.05,7.66,-0.34,25.54
26451,0.1279,-0.2073,0.8693,-6.72,7.97,-0.17,25.57
26461,0.1251,-0.2089,0.8677,-6.14,8.08,0.2,25.55
26471,0.1241,-0.1986,0.8776,-6.02,8.12,0.03,25.54
26481,0.1177,-0.2018,0.8824,-6.38,8.08,-0.11,25.54
26491,0.1227,-0.2004,0.8745,-6.69,7.73,-0.08,25.55
26501,0.1254,-0.2023,0.8708,-6.76,7.63,-0.11,25.53
26511,0.1272,-0.2045,0.866,-6.37,7.74,-0.05,25.54
26521,0.123,-0.2021,0.8699,-5.98,7.79,0.02,25.54
26531,0.1265,-0.1986,0.8801,-6.0,7.95,-0.08,25.54
26541,0.1251,-0.1987,0.8861,-6.21,7.91,-0.05,25.51
26551,0.1256,-0.2046,0.889,-6.49,7.83,-0.05,25.54
26561,0.1287,-0.201,0.8778,-6.67,7.83,-0.08,25.53
26571,0.1334,-0.2058,0.8744,-6.64,7.91,-0.09,25.56
26581,0.126,-0.2067,0.8787,-6.41,8.09,-0.11,25.53
26591,0.1298,-0.2031,0.8813,-6.37,8.03,-0.03,25.51
26601,0.125,-0.2002,0.886,-6.31,8.02,-0.09,25.53
26611,0.1216,-0.2026,0.8811,-6.56,7.77,-0.11,25.52
26621,0.1243,-0.2008,0.8755,-6.6,7.6,-0.12,25.53
26631,0.1229,-0.2026,0.8767,-6.34,7.82,-0.02,25.55
26641,0.1278,-0.2024,0.8802,-6.24,7.89,-0.06,25.53
26651,0.1268,-0.1985,0.8822,-6.35,8.0,-0.05,25.55
26661,0.1235,-0.2056,0.8795,-6.35,7.79,-0.03,25.53
26671,0.126,-0.202,0.8707,-6.53,7.59,-0.06,25.53
26681,0.1262,-0.203,0.8737,-6.49,7.77,-0.05,25.52
26691,0.1282,-0.1996,0.8734,-6.38,7.85,-0.02,25.55
26701,0.129,-0.2007,0.8765,-6.32,7.94,-0.08,25.54
26711,0.1245,-0.2008,0.8778,-6.4,7.98,0.0,25.54
26721,0.1237,-0.2034,0.8802,-6.53,7.91,-0.03,25.54
26731,0.1238,-0.2034,0.8733,-6.61,7.69,0.0,25.53
26741,0.1254,-0.2052,0.8778,-6.53,7.79,-0.02,25.56
26751,0.124,-0.2041,0.8781,-6.47,7.88,-0.03,25.56
26761,0.1272,-0.2002,0.8771,-6.31,8.0,-0.09,25.54
26771,0.1215,-0.2013,0.8816,-6.32,7.94,-0.05,25.55
26781,0.1248,-0.2034,0.877,-6.35,7.79,-0.08,25.54
26791,0.1243,-0.2026,0.8739,-6.44,7.69,-0.06,25.51
26801,0.1254,-0.2009,0.8781,-6.47,7.79,0.0,25.55
26811,0.1267,-0.2014,0.8765,-6.38,7.94,0.0,25.55
26821,0.1249,-0.2034,0.8801,-6.34,7.91,0.0,25.55
26831,0.1229,-0.201,0.8816,-6.37,7.94,-0.06,25.55
26841,0.1257,-0.202,0.8835,-6.5,7.77,0.02,25.55
26851,0.1254,-0.2002,0.8754,-6.41,7.76,0.03,25.55
26861,0.1274,-0.2046,0.8767,-6.43,7.76,-0.08,25.55
26871,0.1257,-0.2052,0.8734,-6.44,7.86,-0.08,25.57
26881,0.1227,-0.2031,0.8807,-6.38,8.02,0.06,25.54
26891,0.1254,-0.2048,0.886,-6.46,7.94,-0.05,25.53
26901,0.1249,-0.202,0.8767,-6.41,7.91,-0.02,25.54
26911,0.1254,-0.2025,0.8799,-6.43,7.79,-0.08,25.57
26921,0.126,-0.2035,0.8752,-6.5,7.74,-0.02,25.56
26931,0.1245,-0.2004,0.8792,-6.47,7.83,-0.09,25.54
26941,0.1263,-0.2003,0.8751,-6.4,7.97,-0.11,25.57
26951,0.1226,-0.2036,0.8783,-6.43,7.85,-0.03,25.56
26961,0.1274,-0.2019,0.8756,-6.4,7.85,-0.02,25.55
26971,0.1252,-0.2019,0.8768,-6.4,7.71,-0.03,25.53
26981,0.1273,-0.2025,0.8771,-6.43,7.76,-0.05,25.57
26991,0.1299,-0.199,0.8776,-6.44,7.85,-0.05,25.54
27001,0.1245,-0.2014,0.8796,-6.35,7.97,-0.03,25.53
27011,0.1256,-0.2043,0.8795,-6.43,7.95,0.03,25.56
27021,0.1256,-0.2024,0.8862,-6.44,7.85,-0.05,25.56
27031,0.1298,-0.2051,0.8778,-6.5,7.74,-0.09,25.55
27041,0.1307,-0.203,0.8752,-6.55,7.68,-0.11,25.53
27051,0.1277,-0.2043,0.8806,-6.4,7.79,-0.11,25.54
27061,0.1252,-0.2032,0.8782,-6.41,7.83,-0.02,25.57
27071,0.1248,-0.2017,0.8773,-6.27,7.86,-0.03,25.54
27081,0.1244,-0.2026,0.8792,-6.43,7.86,-0.09,25.57
27091,0.1257,-0.198,0.8768,-6.41,7.82,-0.03,25.57
27101,0.1259,-0.2035,0.8778,-6.41,7.79,-0.06,25.57
27111,0.1265,-0.2015,0.8801,-6.38,7.83,-0.11,25.58
27121,0.1295,-0.201,0.8783,-6.29,7.91,-0.03,25.57
27131,0.1259,-0.2006,0.8783,-6.35,7.8,-0.06,25.55
27141,0.1255,-0.2009,0.8746,-6.38,7.86,-0.05,25.55
27151,0.1263,-0.2035,0.8739,-6.41,7.79,-0.08,25.55
27161,0.1262,-0.2026,0.8729,-6.43,7.83,-0.02,25.57
27171,0.1252,-0.2019,0.8744,-6.32,7.91,-0.02,25.55
27181,0.1243,-0.2041,0.874,-6.46,7.88,0.02,25.55
27191,0.1243,-0.2026,0.8796,-6.49,7.85,-0.02,25.57
27201,0.1229,-0.2031,0.8823,-6.35,7.91,-0.09,25.56
27211,0.1254,-0.2037,0.8799,-6.4,7.76,-0.02,25.56
27221,0.1271,-0.2018,0.8833,-6.44,7.73,-0.06,25.57
27231,0.1256,-0.2025,0.8821,-6.35,7.71,-0.06,25.57
27241,0.1265,-0.2024,0.8782,-6.35,7.91,-0.02,25.55
27251,0.1278,-0.205,0.8811,-6.32,7.91,-0.08,25.58
27261,0.1249,-0.2037,0.8818,-6.38,7.92,-0.06,25.55
27271,0.1254,-0.2045,0.877,-6.43,7.89,-0.08,25.54
27281,0.1283,-0.2026,0.8788,-6.44,7.79,-0.08,25.57
27291,0.1271,-0.2024,0.8792,-6.38,7.86,-0.05,25.54
27301,0.1285,-0.2024,0.8781,-6.37,7.95,-0.09,25.53
27311,0.1271,-0.2032,0.8792,-6.35,8.0,-0.03,25.57
27321,0.1252,-0.2004,0.8779,-6.35,7.89,-0.03,25.55
27331,0.1249,-0.2048,0.881,-6.34,7.77,-0.15,25.56
27341,0.1255,-0.2015,0.8762,-6.29,7.69,-0.09,25.56
27351,0.1307,-0.1969,0.8762,-6.43,7.74,-0.06,25.57
27361,0.1301,-0.1952,0.8765,-6.46,7.91,-0.05,25.56
27371,0.1344,-0.1964,0.8785,-6.55,7.92,-0.03,25.54
27381,0.1296,-0.2018,0.8823,-6.66,7.62,-0.11,25.57
27391,0.1285,-0.2,0.8802,-6.69,7.71,-0.06,25.58
27401,0.13,-0.2031,0.8789,-6.43,7.68,-0.08,25.59
27411,0.126,-0.2056,0.8779,-6.34,7.74,-0.03,25.54
27421,0.1312,-0.208,0.868,-6.24,7.73,-0.03,25.57
27431,0.1272,-0.2065,0.87,-6.31,7.83,-0.08,25.55
27441,0.1262,-0.2106,0.8706,-6.41,7.83,-0.15,25.55
27451,0.1217,-0.2119,0.8738,-6.44,7.92,-0.11,25.55
27461,0.1167,-0.2128,0.8821,-6.23,8.0,-0.06,25.54
27471,0.1198,-0.2123,0.8866,-6.23,8.09,-0.14,25.55
27481,0.1204,-0.21,0.8917,-6.18,8.15,-0.08,25.57
27491,0.1184,-0.2104,0.8927,-6.31,8.14,-0.06,25.55
27501,0.1156,-0.2104,0.8885,-6.5,8.05,-0.06,25.57
27511,0.114,-0.2114,0.8876,-6.44,8.06,-0.12,25.57
27521,0.1191,-0.2125,0.8873,-6.44,8.12,-0.09,25.58
27531,0.1172,-0.214,0.8865,-6.24,8.18,-0.05,25.59
27541,0.119,-0.2136,0.8845,-6.27,8.23,-0.11,25.56
27551,0.1191,-0.2152,0.8823,-6.35,8.15,-0.02,25.55
27561,0.1183,-0.2103,0.8783,-6.49,8.09,-0.06,25.59
27571,0.1257,-0.2057,0.8701,-6.53,7.85,-0.14,25.57
27581,0.1311,-0.2024,0.8688,-6.63,7.63,-0.06,25.55
27591,0.1307,-0.1973,0.8696,-6.5,7.57,-0.11,25.56
27601,0.1227,-0.1951,0.88,-6.46,7.73,-0.02,25.57
27611,0.1201,-0.2,0.891,-6.35,7.89,0.09,25.58
27621,0.1198,-0.204,0.8893,-6.41,8.05,-0.09,25.54
27631,0.1232,-0.2037,0.8783,-6.49,7.86,-0.05,25.55
27641,0.1228,-0.205,0.8734,-6.46,7.79,-0.06,25.57
27651,0.12,-0.2042,0.8846,-6.29,8.0,-0.02,25.56
27661,0.1254,-0.1997,0.8779,-6.4,8.08,-0.08,25.57
27671,0.1227,-0.202,0.8783,-6.43,8.0,-0.02,25.55
27681,0.1221,-0.2024,0.8773,-6.52,7.77,0.0,25.57
27691,0.1228,-0.2041,0.8818,-6.52,7.88,-0.11,25.54
27701,0.1262,-0.2032,0.8782,-6.44,7.95,-0.05,25.57
27711,0.126,-0.2006,0.8777,-6.32,8.09,0.03,25.57
27721,0.126,-0.2004,0.8771,-6.37,7.85,-0.03,25.58
27731,0.1256,-0.2058,0.8824,-6.43,7.77,-0.11,25.58
27741,0.1233,-0.2037,0.8817,-6.43,7.91,-0.08,25.58
27751,0.1295,-0.202,0.873,-6.47,7.68,-0.12,25.57
27761,0.1266,-0.2004,0.8724,-6.49,7.71,-0.05,25.57
27771,0.1284,-0.1987,0.8772,-6.49,7.63,-0.02,25.58
27781,0.1263,-0.2012,0.8787,-6.55,7.79,-0.06,25.56
27791,0.1211,-0.2017,0.8875,-6.4,7.83,-0.05,25.57
27801,0.1219,-0.1964,0.8835,-6.43,7.86,-0.05,25.57
27811,0.1263,-0.1982,0.8799,-6.35,7.73,-0.03,25.6
27821,0.1276,-0.2017,0.8746,-6.47,7.66,0.0,25.6
27831,0.1315,-0.2035,0.8674,-6.44,7.69,-0.05,25.59
27841,0.1226,-0.2146,0.8794,-6.24,8.15,-0.05,25.57
27851,0.129,-0.2123,0.8643,-6.32,7.95,-0.11,25.57
27861,0.1259,-0.2173,0.8706,-6.24,8.15,-0.12,25.56
27871,0.1207,-0.2186,0.88,-6.24,8.34,-0.12,25.6
27881,0.1106,-0.218,0.892,-6.17,8.56,-0.08,25.58
27891,0.1039,-0.2152,0.9049,-6.15,8.53,-0.11,25.57
27901,0.1241,-0.1914,0.8998,-6.61,7.56,0.05,25.59
27912,0.1479,-0.1913,0.8419,-6.47,7.02,0.0,25.59
27922,0.1451,-0.1984,0.8379,-6.46,7.3,-0.06,25.58
27932,0.1466,-0.1909,0.8521,-6.63,7.05,-0.03,25.58
27942,0.1483,-0.1985,0.8419,-6.55,7.22,-0.02,25.58
27952,0.1425,-0.2098,0.8502,-6.37,7.47,0.02,25.58
27962,0.1348,-0.2079,0.8572,-6.32,7.79,0.02,25.58
27972,0.1263,-0.2,0.8746,-6.24,8.03,-0.02,25.59
27982,0.1196,-0.1967,0.8921,-6.27,7.95,0.0,25.58
27992,0.12,-0.1924,0.8823,-6.46,7.98,-0.08,25.6
28002,0.1205,-0.2098,0.8787,-6.52,7.79,-0.06,25.58
28012,0.123,-0.2161,0.8705,-6.37,7.79,0.02,25.59
28022,0.1263,-0.2086,0.8694,-6.26,7.98,-0.02,25.58
28032,0.1232,-0.2097,0.876,-6.37,7.98,-0.05,25.59
28042,0.1184,-0.2092,0.8776,-6.37,7.86,0.02,25.61
28052,0.1162,-0.2075,0.8865,-6.43,8.02,0.0,25.57
28062,0.1154,-0.2062,0.8918,-6.47,7.86,-0.05,25.58
28072,0.1173,-0.2063,0.887,-6.41,7.89,-0.03,25.6
28082,0.1155,-0.202,0.8839,-6.23,7.92,0.02,25.58
28092,0.1219,-0.1991,0.8799,-6.21,7.57,-0.02,25.59
28102,0.1213,-0.2004,0.8778,-6.38,7.57,-0.17,25.58
28112,0.1256,-0.2008,0.8746,-6.43,7.59,-0.2,25.58
28122,0.1323,-0.2004,0.8734,-6.47,7.77,-0.06,25.58
28132,0.1281,-0.2021,0.8761,-6.47,8.06,-0.08,25.61
28142,0.1246,-0.2068,0.8822,-6.46,8.15,0.0,25.59
28152,0.1221,-0.2031,0.8774,-6.4,7.88,-0.02,25.59
28162,0.1271,-0.2024,0.8837,-6.46,7.69,-0.05,25.59
28172,0.1234,-0.2058,0.8759,-6.53,7.54,-0.09,25.6
28182,0.1271,-0.2034,0.8755,-6.46,7.77,-0.08,25.58
28192,0.1273,-0.2034,0.8735,-6.37,8.03,-0.02,25.56
28202,0.1241,-0.2046,0.8798,-6.35,8.15,-0.03,25.59
28212,0.1234,-0.2053,0.8813,-6.38,8.03,-0.03,25.59
28222,0.1262,-0.2072,0.8768,-6.53,7.76,-0.02,25.57
28232,0.1272,-0.201,0.874,-6.41,7.69,-0.06,25.58
28242,0.1256,-0.2001,0.8794,-6.29,7.77,0.03,25.59
28252,0.1288,-0.2001,0.8805,-6.24,7.94,0.03,25.58
28262,0.127,-0.2009,0.8813,-6.37,8.06,-0.09,25.58
28272,0.1252,-0.2041,0.8795,-6.47,8.06,0.05,25.57
28282,0.1259,-0.2029,0.8794,-6.5,7.95,-0.11,25.57
28292,0.1243,-0.2032,0.8765,-6.46,7.8,-0.09,25.55
28302,0.1256,-0.2017,0.877,-6.35,7.8,-0.03,25.57
28312,0.1238,-0.1998,0.8781,-6.37,7.91,-0.08,25.57
28322,0.1245,-0.2019,0.8783,-6.38,7.97,-0.12,25.58
28332,0.1232,-0.2009,0.8795,-6.46,7.92,-0.06,25.58
28342,0.1248,-0.2045,0.8815,-6.53,7.85,-0.06,25.57
28352,0.1273,-0.205,0.8805,-6.61,7.71,-0.08,25.57
28362,0.1243,-0.2023,0.876,-6.49,7.6,-0.03,25.61
28372,0.1257,-0.1997,0.875,-6.43,7.74,-0.06,25.58
28382,0.1272,-0.2001,0.8735,-6.31,7.83,-0.09,25.57
28392,0.127,-0.2031,0.8795,-6.4,7.89,-0.08,25.57
28402,0.1263,-0.2021,0.8773,-6.46,7.89,-0.02,25.57
28412,0.1293,-0.2058,0.8795,-6.5,7.83,-0.08,25.59
28422,0.127,-0.2079,0.8768,-6.43,7.79,-0.06,25.58
28432,0.1276,-0.2048,0.8839,-6.43,7.86,-0.06,25.58
28442,0.1298,-0.2052,0.8772,-6.37,7.88,-0.05,25.58
28452,0.1244,-0.2053,0.8823,-6.34,7.86,-0.05,25.59
28462,0.1262,-0.2028,0.8799,-6.4,7.83,-0.05,25.58
28472,0.1251,-0.2026,0.8771,-6.46,7.83,-0.02,25.58
28482,0.1254,-0.2024,0.8783,-6.41,7.8,-0.11,25.59
28492,0.1263,-0.2002,0.875,-6.43,7.74,0.0,25.59
28502,0.1245,-0.2034,0.8789,-6.29,7.8,0.0,25.59
28512,0.1271,-0.2023,0.879,-6.34,7.8,-0.06,25.59
28522,0.1261,-0.201,0.8799,-6.44,7.83,-0.05,25.59
28532,0.1245,-0.1995,0.8739,-6.44,7.86,-0.08,25.58
28542,0.1262,-0.2025,0.8776,-6.43,7.94,-0.06,25.59
28552,0.1252,-0.2034,0.8752,-6.41,7.88,0.03,25.59
28562,0.1246,-0.2032,0.8807,-6.32,7.86,0.02,25.59
28572,0.1274,-0.2043,0.8817,-6.5,7.82,-0.09,25.59
28582,0.1234,-0.205,0.8752,-6.52,7.83,-0.11,25.57
28592,0.1263,-0.2007,0.8754,-6.52,7.83,-0.08,25.61
28602,0.1248,-0.2032,0.8738,-6.43,7.85,-0.03,25.6
28612,0.123,-0.2037,0.8745,-6.35,7.88,-0.06,25.59
28622,0.124,-0.2001,0.882,-6.29,7.91,-0.03,25.57
28632,0.1246,-0.2034,0.8798,-6.32,7.92,0.0,25.6
28642,0.1217,-0.2036,0.8837,-6.38,7.85,-0.11,25.57
28652,0.1272,-0.204,0.8785,-6.49,7.77,-0.11,25.57
28662,0.1259,-0.2017,0.8776,-6.34,7.73,-0.09,25.59
28672,0.1261,-0.2031,0.8763,-6.31,7.82,-0.05,25.58
28682,0.1284,-0.2003,0.8801,-6.37,7.83,-0.05,25.6
28692,0.1255,-0.2031,0.8767,-6.41,7.91,-0.02,25.6
28702,0.1222,-0.2012,0.8816,-6.6,7.85,-0.06,25.57
28712,0.1266,-0.2034,0.8752,-6.49,7.85,-0.08,25.58
28722,0.1278,-0.2034,0.8737,-6.49,7.76,-0.02,25.59
28732,0.1279,-0.2034,0.8772,-6.46,7.91,0.05,25.61
28742,0.1238,-0.2012,0.8822,-6.37,7.94,-0.02,25.6
28752,0.1315,-0.2008,0.881,-6.4,7.92,-0.05,25.58
28762,0.1284,-0.2039,0.8805,-6.53,7.66,-0.03,25.58
28772,0.1288,-0.202,0.8762,-6.55,7.79,-0.06,25.58
28782,0.135,-0.204,0.8723,-6.49,7.68,0.02,25.57
28792,0.1274,-0.2034,0.8726,-6.29,7.88,-0.05,25.6
28802,0.1276,-0.202,0.8752,-6.26,7.79,-0.05,25.58
28812,0.1246,-0.1971,0.8862,-6.29,7.91,-0.03,25.59
28822,0.1284,-0.1927,0.8849,-6.44,7.76,-0.05,25.6
28832,0.1283,-0.1935,0.8787,-6.56,7.85,-0.11,25.6
28842,0.1333,-0.1952,0.8698,-6.53,7.83,0.03,25.6
28852,0.1368,-0.1991,0.8546,-6.47,7.59,-0.03,25.59
28862,0.1365,-0.1985,0.8452,-6.37,7.48,-0.03,25.61
28872,0.1442,-0.2014,0.8458,-6.29,7.53,-0.05,25.62
28882,0.1342,-0.2037,0.8457,-6.27,7.82,-0.08,25.58
28892,0.1306,-0.2086,0.859,-6.12,8.0,-0.03,25.62
28902,0.1289,-0.2123,0.8706,-6.15,8.14,-0.12,25.59
28912,0.12,-0.2153,0.8746,-6.18,8.31,-0.12,25.59
28922,0.1162,-0.2133,0.8812,-6.27,8.38,-0.14,25.61
28932,0.1118,-0.2104,0.889,-6.41,8.34,-0.08,25.62
28942,0.1096,-0.2035,0.8926,-6.31,8.32,-0.05,25.61
28952,0.1122,-0.2019,0.8877,-6.31,8.09,-0.06,25.62
28962,0.1189,-0.2004,0.8839,-6.21,8.02,0.03,25.6
28972,0.1193,-0.2067,0.8785,-6.23,7.85,-0.03,25.59
28982,0.12,-0.2073,0.8771,-6.35,7.94,-0.05,25.6
28992,0.1185,-0.2065,0.884,-6.52,7.86,-0.06,25.59
29002,0.1171,-0.2076,0.8834,-6.5,7.86,0.05,25.63
29012,0.1132,-0.2085,0.8884,-6.4,7.98,0.03,25.62
29022,0.1135,-0.201,0.8882,-6.32,8.18,0.0,25.61
29032,0.1179,-0.1974,0.8835,-6.35,7.88,0.0,25.6
29042,0.1243,-0.199,0.8778,-6.35,7.6,-0.11,25.6
29052,0.1246,-0.2012,0.8788,-6.49,7.54,-0.09,25.62
29062,0.1324,-0.2043,0.8767,-6.49,7.74,-0.06,25.62
29072,0.1298,-0.2028,0.8802,-6.47,8.11,-0.08,25.6
29082,0.1289,-0.2054,0.8813,-6.49,8.17,-0.02,25.61
29092,0.1243,-0.2035,0.8777,-6.31,7.98,0.0,25.63
29102,0.1239,-0.2029,0.8817,-6.31,7.77,-0.05,25.62
29112,0.1239,-0.1987,0.8767,-6.38,7.57,-0.08,25.61
29122,0.1283,-0.2014,0.8748,-6.52,7.66,-0.08,25.61
29132,0.1255,-0.201,0.8774,-6.52,7.89,-0.06,25.59
29142,0.1263,-0.2048,0.877,-6.55,7.95,-0.03,25.61
29152,0.1265,-0.2047,0.8784,-6.4,7.97,-0.06,25.59
29162,0.1256,-0.2045,0.8795,-6.43,7.79,0.02,25.59
29172,0.1265,-0.2014,0.8788,-6.38,7.62,-0.11,25.6
29182,0.1279,-0.2048,0.873,-6.32,7.73,-0.06,25.6
29192,0.1292,-0.2019,0.8785,-6.29,7.86,0.02,25.58
29202,0.1256,-0.202,0.8805,-6.32,8.0,-0.06,25.6
29212,0.1262,-0.2042,0.8817,-6.4,7.91,-0.02,25.61
29222,0.1237,-0.2029,0.8813,-6.53,7.82,-0.02,25.63
29232,0.1243,-0.2017,0.8733,-6.6,7.76,-0.14,25.63
29242,0.1277,-0.2032,0.8749,-6.38,7.86,-0.08,25.6
29252,0.1288,-0.1976,0.8759,-6.27,7.94,0.03,25.61
29262,0.1267,-0.1998,0.8809,-6.23,8.05,0.0,25.61
29272,0.1241,-0.2003,0.8838,-6.41,8.03,-0.06,25.59
29282,0.1238,-0.2004,0.8805,-6.49,7.89,-0.06,25.6
29292,0.1271,-0.1981,0.873,-6.55,7.53,-0.14,25.64
29302,0.1307,-0.1993,0.8669,-6.44,7.56,-0.06,25.64
29312,0.1262,-0.2036,0.884,-6.38,8.05,-0.11,25.6
29322,0.1268,-0.2034,0.8811,-6.46,8.24,-0.02,25.61
29332,0.1221,-0.204,0.8801,-6.56,8.27,-0.06,25.62
29342,0.1202,-0.2084,0.877,-6.43,7.82,-0.14,25.59
29352,0.1248,-0.2068,0.8784,-6.49,7.71,-0.09,25.61
29362,0.1281,-0.2058,0.8741,-6.24,7.76,-0.05,25.61
29372,0.125,-0.2019,0.8755,-6.31,7.88,-0.05,25.61
29382,0.125,-0.2051,0.8754,-6.38,8.0,0.0,25.61
29392,0.1241,-0.2028,0.8795,-6.46,7.88,-0.05,25.61
29402,0.1239,-0.2025,0.8799,-6.46,7.8,0.0,25.62
29412,0.1261,-0.2004,0.8761,-6.29,7.69,0.03,25.63
29422,0.1245,-0.203,0.8801,-6.2,7.89,-0.03,25.61
29432,0.1262,-0.2029,0.8822,-6.31,8.0,-0.08,25.63
29442,0.1266,-0.2013,0.8816,-6.4,7.97,0.05,25.62
29452,0.1246,-0.2015,0.8796,-6.53,7.89,-0.05,25.61
29462,0.1241,-0.2028,0.8756,-6.5,7.74,0.03,25.62
29472,0.1262,-0.2024,0.8768,-6.35,7.82,-0.03,25.6
29482,0.1271,-0.2041,0.8754,-6.38,7.85,0.03,25.63
29492,0.1265,-0.2031,0.8801,-6.38,8.0,0.02,25.63
29502,0.1245,-0.2012,0.8782,-6.47,8.0,-0.05,25.6
29512,0.1249,-0.2047,0.8767,-6.67,7.91,-0.06,25.61
29522,0.1293,-0.205,0.8761,-6.53,7.79,-0.09,25.65
29533,0.1272,-0.2019,0.87,-6.26,7.68,0.0,25.63
29543,0.1254,-0.2021,0.8781,-6.12,7.86,0.0,25.63
29553,0.1219,-0.1998,0.8824,-6.26,7.95,-0.05,25.64
29563,0.1252,-0.2032,0.8833,-6.5,7.73,0.02,25.63
29573,0.1239,-0.201,0.8801,-6.64,7.73,-0.02,25.62
29583,0.1227,-0.2052,0.8751,-6.47,7.79,-0.02,25.64
29593,0.1229,-0.2037,0.8752,-6.38,7.86,-0.06,25.64
29603,0.1259,-0.2025,0.8787,-6.38,8.02,-0.03,25.61
29613,0.1261,-0.2047,0.8817,-6.47,8.03,-0.05,25.61
29623,0.1188,-0.2031,0.8826,-6.55,7.91,-0.06,25.63
29633,0.1274,-0.205,0.8787,-6.7,7.65,-0.08,25.62
29643,0.1285,-0.2036,0.8745,-6.41,7.65,-0.09,25.61
29653,0.127,-0.2031,0.8718,-6.27,7.95,-0.02,25.63
29663,0.1235,-0.2014,0.879,-6.18,8.06,-0.02,25.62
29673,0.12,-0.2001,0.8828,-6.31,7.88,-0.06,25.62
29683,0.1216,-0.1987,0.882,-6.47,7.76,-0.06,25.63
29693,0.125,-0.201,0.8783,-6.61,7.65,-0.11,25.64
29703,0.1273,-0.1995,0.8762,-6.41,7.79,-0.09,25.63
29713,0.1272,-0.2026,0.8798,-6.32,7.94,-0.02,25.64
29723,0.1292,-0.2032,0.8802,-6.38,8.09,-0.03,25.63
29733,0.1296,-0.2024,0.88,-6.58,7.98,-0.05,25.6
29743,0.1241,-0.2054,0.8785,-6.72,7.86,-0.12,25.63
29753,0.127,-0.199,0.8755,-6.6,7.83,-0.08,25.63
29763,0.1295,-0.1998,0.8678,-6.34,7.66,-0.09,25.61
29773,0.13,-0.207,0.8712,-6.12,7.68,-0.05,25.62
29783,0.1244,-0.1965,0.8762,-6.27,8.0,0.0,25.62
29793,0.1211,-0.2045,0.8856,-6.46,7.83,-0.06,25.62
29803,0.1196,-0.2001,0.874,-6.63,7.92,-0.02,25.63
29813,0.1327,-0.2051,0.8645,-6.63,7.65,-0.08,25.64
29823,0.1244,-0.2017,0.8684,-6.24,7.91,-0.03,25.65
29833,0.127,-0.2032,0.8817,-6.14,8.11,0.11,25.63
29843,0.119,-0.2003,0.8846,-6.26,7.95,-0.02,25.64
29853,0.1179,-0.2008,0.8867,-6.49,7.83,-0.08,25.65
29863,0.1243,-0.2001,0.8805,-6.58,7.45,-0.14,25.63
29873,0.1239,-0.2006,0.8773,-6.55,7.66,-0.12,25.63
29883,0.1294,-0.2037,0.8706,-6.37,7.66,0.03,25.62
29893,0.1296,-0.2028,0.8721,-6.23,7.94,0.05,25.64
29903,0.1254,-0.198,0.8833,-6.34,8.05,0.0,25.66
29913,0.1257,-0.1987,0.887,-6.44,7.8,0.0,25.64
29923,0.1222,-0.2017,0.8811,-6.52,7.59,-0.03,25.66
29933,0.1265,-0.2015,0.8767,-6.6,7.66,-0.09,25.64
29943,0.1244,-0.2062,0.8754,-6.5,7.83,-0.11,25.64
29953,0.1328,-0.2029,0.8678,-6.37,7.79,-0.02,25.64
29963,0.1254,-0.2069,0.8748,-6.29,7.83,0.03,25.64
29973,0.1227,-0.204,0.8807,-6.37,8.09,0.05,25.62
29983,0.1229,-0.2025,0.8795,-6.52,7.89,-0.02,25.63
29993,0.1278,-0.1992,0.8783,-6.38,7.63,-0.12,25.65
30003,0.1343,-0.2021,0.8699,-6.32,7.5,0.02,25.66
30013,0.1327,-0.2006,0.8748,-6.27,7.86,0.08,25.64
30023,0.1259,-0.2019,0.8834,-6.49,7.88,0.03,25.64
30033,0.1261,-0.204,0.876,-6.61,7.94,-0.11,25.64
30043,0.1251,-0.2006,0.8807,-6.56,7.89,-0.08,25.64
30053,0.136,-0.2028,0.8621,-6.5,7.4,-0.14,25.64
30063,0.1281,-0.203,0.874,-6.24,7.91,-0.12,25.66
30073,0.132,-0.2076,0.8748,-6.31,7.76,-0.06,25.66
30083,0.1276,-0.2195,0.8744,-6.55,8.2,-0.08,25.67
30093,0.1245,-0.2175,0.8754,-6.46,8.17,-0.06,25.65
30103,0.1204,-0.2164,0.8699,-6.43,8.08,-0.06,25.63
30113,0.1187,-0.2054,0.8671,-6.26,7.89,-0.12,25.65
30123,0.1157,-0.204,0.8724,-6.12,7.94,-0.05,25.64
30133,0.121,-0.1991,0.8754,-6.29,7.79,-0.02,25.63
30143,0.1228,-0.1974,0.8789,-6.21,7.86,-0.09,25.64
30154,0.1158,-0.2025,0.8845,-6.4,7.89,-0.05,25.62
30164,0.1263,-0.202,0.8839,-6.47,7.74,-0.08,25.64
30174,0.1298,-0.2051,0.8733,-6.52,7.59,-0.08,25.66
30184,0.1257,-0.2042,0.8804,-6.46,7.76,-0.03,25.65
30194,0.1216,-0.197,0.8828,-6.4,7.98,0.0,25.64
30204,0.1261,-0.1975,0.8795,-6.52,7.88,-0.05,25.65
30214,0.1238,-0.1968,0.8834,-6.43,7.76,0.09,25.65
30224,0.1219,-0.201,0.885,-6.37,7.71,0.0,25.62
30234,0.1257,-0.2018,0.8818,-6.5,7.95,-0.08,25.64
30244,0.1287,-0.2017,0.877,-6.55,7.8,-0.09,25.67
30254,0.1261,-0.2122,0.8712,-6.63,7.66,0.02,25.65
30264,0.1312,-0.2065,0.8667,-6.37,7.85,-0.02,25.65
30274,0.1317,-0.2061,0.877,-6.27,7.95,-0.03,25.64
30284,0.1188,-0.2048,0.8793,-6.17,7.88,-0.06,25.63
30294,0.1211,-0.2039,0.8806,-6.18,7.76,0.0,25.64
30304,0.1304,-0.1996,0.8763,-6.32,7.59,-0.05,25.65
30314,0.1277,-0.208,0.8795,-6.4,7.68,0.02,25.64
30324,0.1144,-0.2012,0.8828,-6.32,8.18,-0.09,25.66
30334,0.1208,-0.1981,0.8861,-6.14,7.95,-0.03,25.65
30344,0.1261,-0.2007,0.8832,-6.17,7.57,0.0,25.64
30354,0.1232,-0.2002,0.8828,-6.18,7.63,-0.03,25.68
30364,0.1232,-0.2048,0.8802,-6.55,7.63,-0.09,25.64
30374,0.1337,-0.2048,0.8778,-6.63,7.8,0.02,25.65
30384,0.1276,-0.1996,0.863,-6.35,7.79,0.08,25.66
30394,0.1281,-0.2008,0.8768,-6.21,7.97,0.0,25.66
30404,0.1273,-0.1996,0.8751,-6.32,7.92,-0.05,25.64
30414,0.1211,-0.2095,0.8873,-6.47,7.97,0.02,25.64
30424,0.1234,-0.2062,0.8826,-6.61,8.05,0.03,25.64
30434,0.1162,-0.2053,0.8873,-6.4,7.73,-0.08,25.67
30444,0.1212,-0.2017,0.8817,-6.14,7.8,0.05,25.65
30454,0.1223,-0.1967,0.8832,-6.23,7.76,0.05,25.65
30464,0.1359,-0.1984,0.8787,-6.31,7.71,-0.02,25.63
30474,0.1294,-0.2001,0.8776,-6.56,8.03,0.03,25.67
30484,0.1268,-0.2031,0.8705,-6.72,7.91,-0.05,25.67
30494,0.1276,-0.2008,0.8633,-6.55,7.83,-0.06,25.66
30504,0.1252,-0.2001,0.8676,-6.24,7.83,-0.06,25.65
30514,0.1106,-0.2025,0.8823,-6.35,8.0,0.0,25.64
30524,0.119,-0.1964,0.8671,-6.5,7.44,-0.03,25.65
30534,0.1244,-0.1925,0.864,-6.66,7.36,-0.11,25.66
30544,0.1251,-0.1968,0.8558,-6.49,7.33,-0.09,25.66
30554,0.1337,-0.207,0.8594,-6.27,7.83,-0.06,25.65
30564,0.1259,-0.1998,0.8644,-5.66,8.17,0.02,25.63
30574,0.1162,-0.1946,0.9025,-5.97,7.6,-0.06,25.65
30584,0.1299,-0.2069,0.8911,-6.47,7.51,-0.26,25.64
30594,0.1375,-0.2189,0.8969,-6.98,7.44,-0.18,25.64
30604,0.1392,-0.2322,0.8931,-6.64,8.12,-0.03,25.64
30614,0.1414,-0.2336,0.9005,-5.91,8.27,0.03,25.66
30624,0.1379,-0.2325,0.911,-5.47,7.88,0.02,25.66
30634,0.1342,-0.2134,0.8984,-5.54,6.69,-0.02,25.65
30644,0.1283,-0.2019,0.8979,-6.21,6.29,-0.06,25.62
30654,0.13,-0.1886,0.8702,-6.38,6.35,-0.03,25.64
30664,0.1373,-0.1896,0.8612,-6.15,7.1,-0.08,25.65
30674,0.126,-0.1825,0.8625,-6.2,8.34,-0.06,25.64
30684,0.1218,-0.188,0.8673,-6.52,8.43,-0.05,25.64
30694,0.1273,-0.2002,0.8635,-6.61,7.86,-0.12,25.66
30704,0.1512,-0.197,0.8706,-6.37,7.16,-0.05,25.64
30714,0.1415,-0.201,0.882,-6.6,8.31,-0.14,25.64
30724,0.129,-0.2041,0.8821,-7.07,8.82,-0.26,25.65
30734,0.1207,-0.2076,0.8721,-7.11,8.47,-0.12,25.65
30744,0.1212,-0.2074,0.8724,-6.92,8.21,0.08,25.64
30754,0.1179,-0.201,0.8751,-6.69,8.18,-0.02,25.66
30764,0.1215,-0.2067,0.877,-6.29,8.15,-0.03,25.64
30774,0.1362,-0.2086,0.8757,-6.53,7.82,-0.08,25.65
30784,0.1187,-0.2083,0.8892,-6.95,8.46,-0.09,25.65
30794,0.1204,-0.2079,0.875,-7.22,8.29,-0.15,25.65
30804,0.1165,-0.2043,0.8756,-6.92,8.17,-0.05,25.65
30814,0.1183,-0.1959,0.8722,-5.89,7.56,-0.05,25.65
30824,0.1232,-0.1946,0.8771,-5.19,7.1,0.05,25.64
30834,0.1307,-0.1864,0.8832,-5.48,7.18,0.06,25.67
30844,0.1279,-0.184,0.8929,-6.38,7.83,-0.12,25.66
30854,0.1239,-0.1908,0.8884,-7.18,8.4,-0.11,25.67
30864,0.1211,-0.1986,0.8807,-7.4,8.61,-0.05,25.66
30874,0.1232,-0.2112,0.8738,-6.96,8.17,-0.06,25.66
30884,0.1229,-0.2178,0.8771,-6.32,7.92,-0.09,25.66
30894,0.1195,-0.2167,0.8768,-6.08,7.79,-0.03,25.63
30904,0.1208,-0.2125,0.8787,-6.31,7.73,-0.08,25.65
30914,0.1198,-0.2089,0.8733,-6.46,7.59,-0.11,25.67
30924,0.12,-0.2042,0.8666,-6.5,7.4,-0.06,25.67
30934,0.1217,-0.1969,0.8699,-6.06,7.54,-0.08,25.62
30944,0.1223,-0.1938,0.8717,-5.69,7.66,-0.06,25.64
30954,0.1176,-0.1915,0.8822,-5.71,7.76,-0.03,25.66
30964,0.1213,-0.1909,0.8839,-6.27,7.74,0.0,25.65
30974,0.1189,-0.1952,0.8788,-6.7,7.42,-0.14,25.66
30984,0.1199,-0.1963,0.8671,-6.75,7.25,-0.2,25.69
30994,0.1201,-0.1947,0.8632,-6.56,7.34,-0.18,25.64
31004,0.1172,-0.1932,0.8699,-6.15,7.62,-0.03,25.66
31014,0.1208,-0.1941,0.8802,-6.14,7.59,0.06,25.65
31024,0.12,-0.1752,0.882,-6.09,7.53,0.0,25.67
31034,0.1093,-0.1667,0.8673,-5.97,7.11,0.08,25.65
31044,0.1213,-0.1705,0.8568,-7.01,6.76,-0.29,25.67
31054,0.1377,-0.2169,0.8608,-7.6,7.66,-0.23,25.65
31064,0.1586,-0.2427,0.8805,-7.62,9.25,-0.17,25.67
31074,0.1427,-0.2526,0.9062,-6.18,9.59,0.05,25.65
31084,0.144,-0.2521,0.9246,-4.7,7.86,0.27,25.66
31094,0.078,-0.1857,0.9183,-5.3,5.02,-0.52,25.67
31104,0.0867,-0.2089,0.9496,-5.62,7.11,-0.12,25.66
31114,0.2059,-0.1997,0.8696,-6.21,6.46,0.38,25.67
31124,0.0846,-0.194,0.9639,-6.55,8.64,-0.14,25.66
31134,0.1067,-0.2146,0.8843,-5.74,7.48,0.15,25.67
31144,0.1326,-0.1633,0.8613,-4.67,6.11,-0.12,25.67
31154,0.1313,-0.1589,0.8903,-5.27,5.94,-0.46,25.65
31164,0.1193,-0.1824,0.8384,-6.82,7.48,-0.08,25.65
31174,0.1208,-0.1998,0.8551,-6.85,9.19,0.18,25.67
31184,0.1444,-0.2305,0.8945,-4.85,6.41,0.0,25.66
31194,0.1055,-0.1937,0.8175,-4.81,5.77,0.06,25.66
31204,0.118,-0.177,0.8571,-5.27,7.07,-0.09,25.67
31214,0.1322,-0.1881,0.8754,-6.11,7.51,-0.23,25.67
31224,0.1191,-0.1909,0.8755,-6.85,10.03,0.12,25.69
31236,0.131,-0.2112,0.8948,-7.48,10.17,0.06,25.69
31246,0.13,-0.2135,0.9128,-7.79,9.08,-0.14,25.66
31256,0.1327,-0.213,0.8927,-7.85,8.64,-0.11,25.67
31266,0.132,-0.2236,0.8961,-7.39,8.03,-0.12,25.68
31276,0.1259,-0.2122,0.8889,-6.32,7.39,-0.18,25.69
31286,0.135,-0.2064,0.8959,-5.47,7.5,-0.02,25.68
31296,0.1299,-0.2079,0.8965,-6.02,7.77,0.02,25.67
31306,0.1281,-0.2087,0.8903,-6.7,7.62,-0.12,25.67
31316,0.1283,-0.2021,0.8867,-6.9,7.34,-0.17,25.67
31326,0.1332,-0.2042,0.87,-6.75,7.54,-0.2,25.67
31336,0.1387,-0.2045,0.8715,-6.27,7.8,-0.05,25.68
31346,0.1278,-0.1978,0.8704,-6.05,8.24,-0.05,25.68
31356,0.1315,-0.1887,0.8613,-6.76,7.63,-0.02,25.67
31367,0.135,-0.1874,0.866,-6.98,8.66,0.0,25.66
31377,0.1288,-0.1835,0.85,-7.21,10.09,0.03,25.66
31387,0.1418,-0.1937,0.8715,-6.89,12.31,0.41,25.66
31397,0.1123,-0.1903,0.8689,-6.67,12.05,0.41,25.66
31407,0.1165,-0.21,0.9189,-5.65,9.11,-0.05,25.68
31417,0.1104,-0.2012,0.9,-6.35,5.27,-0.55,25.66
31427,0.1348,-0.2054,0.9009,-7.56,3.8,-0.85,25.68
31437,0.1416,-0.2058,0.8586,-8.89,4.72,-0.76,25.69
31447,0.1508,-0.2134,0.8718,-9.07,7.82,-0.29,25.68
31457,0.1311,-0.2168,0.853,-7.82,10.31,0.18,25.66
31467,0.1117,-0.2242,0.8553,-5.42,10.81,0.69,25.68
31477,0.1095,-0.2164,0.9062,-3.36,8.14,0.31,25.67
31487,0.1154,-0.2037,0.9135,-4.38,6.69,0.0,25.65
31497,0.1235,-0.2067,0.8965,-6.99,6.0,-0.18,25.64
31507,0.1287,-0.2198,0.8658,-8.76,6.99,-0.44,25.64
31517,0.1172,-0.2194,0.8699,-7.6,7.11,0.26,25.65
31527,0.1249,-0.1722,0.8976,-6.17,6.81,0.08,25.64
31537,0.1232,-0.1859,0.8527,-5.66,6.02,-0.27,25.67
31547,0.1383,-0.196,0.8805,-5.3,7.4,0.0,25.66
31557,0.1256,-0.1901,0.8925,-6.43,8.35,0.09,25.68
31567,0.1196,-0.2062,0.8774,-6.99,8.85,0.02,25.67
31577,0.1277,-0.2128,0.889,-6.96,9.24,0.12,25.66
31587,0.1249,-0.2104,0.88,-7.01,9.56,0.18,25.66
31597,0.1204,-0.201,0.8823,-6.78,10.24,0.08,25.65
31607,0.1123,-0.2075,0.8799,-7.13,9.22,0.06,25.67
31617,0.1129,-0.2047,0.8801,-7.34,7.59,-0.11,25.69
31627,0.121,-0.199,0.8767,-7.34,6.69,-0.31,25.65
31637,0.1268,-0.2054,0.8668,-7.13,6.09,-0.35,25.68
31647,0.1324,-0.2021,0.8713,-7.13,6.67,-0.11,25.69
31657,0.1356,-0.1996,0.8737,-7.59,8.32,-0.12,25.69
31667,0.1315,-0.2051,0.8669,-7.89,8.79,0.0,25.65
31677,0.119,-0.2063,0.8707,-7.36,8.03,-0.03,25.64
31687,0.1135,-0.2043,0.8778,-6.55,7.18,-0.21,25.67
31697,0.1299,-0.2065,0.8784,-5.89,6.79,-0.18,25.66
31707,0.1333,-0.2067,0.8792,-5.85,6.85,-0.12,25.65
31717,0.1409,-0.2051,0.8793,-5.94,7.8,-0.02,25.66
31727,0.1334,-0.2047,0.8826,-6.4,8.44,0.02,25.66
31737,0.1223,-0.2072,0.8861,-6.17,8.15,-0.15,25.68
31747,0.1266,-0.2083,0.8807,-5.68,6.93,-0.06,25.69
31757,0.1261,-0.2019,0.8738,-5.74,6.95,-0.11,25.71
31767,0.1288,-0.2012,0.873,-5.94,7.42,0.0,25.68
31777,0.1261,-0.2003,0.8705,-6.37,7.88,0.0,25.68
31787,0.1278,-0.2035,0.8761,-6.76,8.52,0.06,25.67
31797,0.1266,-0.205,0.8759,-7.02,8.72,0.05,25.69
31807,0.1287,-0.2039,0.8723,-6.95,9.5,0.17,25.68
31817,0.1243,-0.2051,0.876,-6.92,9.71,0.18,25.67
31827,0.1202,-0.1997,0.8784,-6.38,9.27,0.11,25.67
31837,0.1172,-0.2057,0.8857,-6.0,7.62,0.02,25.68
31847,0.1239,-0.2026,0.8885,-5.68,6.0,-0.14,25.66
31857,0.1311,-0.1976,0.8737,-6.17,6.44,-0.17,25.67
31867,0.1379,-0.2018,0.876,-6.99,7.86,-0.08,25.67
31877,0.1312,-0.202,0.8723,-7.48,9.25,0.05,25.67
31887,0.1246,-0.2064,0.8828,-7.28,9.82,0.09,25.66
31897,0.1176,-0.2122,0.8934,-6.95,7.62,0.0,25.66
31907,0.1224,-0.1998,0.8765,-6.52,6.9,-0.21,25.66
31917,0.13,-0.2017,0.8844,-6.81,6.66,-0.32,25.68
31927,0.1547,-0.1902,0.8748,-7.94,9.56,-0.18,25.64
31937,0.1296,-0.212,0.8423,-8.37,12.35,0.55,25.67
31947,0.1133,-0.2162,0.8691,-6.93,9.44,0.32,25.7
31957,0.1138,-0.2041,0.881,-6.08,6.96,-0.12,25.68
31967,0.1246,-0.2051,0.8635,-6.11,5.54,-0.29,25.68
31977,0.1416,-0.2083,0.8673,-5.65,8.87,0.05,25.67
31987,0.1266,-0.2045,0.8524,-5.88,10.47,0.46,25.67
31997,0.1166,-0.212,0.8937,-4.93,10.31,0.43,25.67
32007,0.1067,-0.2069,0.9012,-4.55,7.18,-0.02,25.68
32017,0.1213,-0.2037,0.9006,-4.34,4.52,-0.32,25.69
32027,0.1382,-0.2002,0.8922,-4.72,4.53,-0.32,25.67
32037,0.1427,-0.2015,0.8892,-5.54,6.29,-0.21,25.67
32047,0.1346,-0.2029,0.8864,-6.73,7.91,-0.11,25.67
32057,0.1213,-0.2031,0.8859,-8.03,8.37,-0.18,25.67
32067,0.1196,-0.1991,0.8776,-8.87,8.11,-0.2,25.69
32077,0.1207,-0.2048,0.8662,-8.79,7.89,-0.21,25.69
32087,0.1199,-0.2051,0.8673,-8.32,8.24,-0.12,25.7
32097,0.1268,-0.2064,0.859,-7.51,8.72,-0.02,25.71
32107,0.1178,-0.2096,0.8656,-6.6,8.17,0.12,25.69
32117,0.1193,-0.2062,0.8816,-5.68,7.66,-0.02,25.69
32127,0.1285,-0.1947,0.8848,-6.35,7.31,-0.12,25.68
32137,0.1311,-0.2054,0.868,-6.84,7.71,-0.05,25.69
32147,0.1193,-0.2102,0.8667,-5.95,7.77,-0.02,25.7
32157,0.1212,-0.2098,0.8759,-4.95,7.39,0.08,25.71
32167,0.1221,-0.2058,0.8837,-4.55,7.15,-0.03,25.68
32177,0.1226,-0.2007,0.8923,-5.33,6.55,-0.15,25.69
32187,0.1248,-0.2003,0.8829,-6.56,6.58,-0.2,25.69
32197,0.125,-0.2054,0.8694,-7.11,7.08,-0.24,25.69
32207,0.1311,-0.209,0.8617,-6.27,6.99,-0.09,25.71
32217,0.1281,-0.2018,0.8647,-5.13,7.18,-0.05,25.71
32227,0.126,-0.2014,0.8826,-4.72,7.05,-0.09,25.67
32237,0.1262,-0.1965,0.8903,-5.25,7.04,-0.08,25.69
32247,0.1324,-0.1982,0.8816,-6.5,7.89,-0.06,25.67
32257,0.1278,-0.2009,0.8824,-7.1,8.64,-0.08,25.67
32267,0.1227,-0.2076,0.8759,-6.89,8.46,-0.03,25.68
32277,0.1248,-0.207,0.8717,-6.09,7.88,0.05,25.67
32287,0.1328,-0.2028,0.8784,-5.86,7.95,0.05,25.69
32297,0.1355,-0.1998,0.8793,-6.18,9.04,0.15,25.72
32307,0.1284,-0.2052,0.8759,-6.61,10.18,0.23,25.7
32317,0.1171,-0.2083,0.8857,-6.67,9.91,0.29,25.66
32327,0.1147,-0.2076,0.8882,-6.44,8.37,0.02,25.69
32337,0.1182,-0.2021,0.8853,-6.55,6.76,-0.21,25.67
32347,0.1322,-0.2003,0.8784,-6.73,6.81,-0.24,25.7
32357,0.1311,-0.2002,0.8701,-6.98,8.34,0.02,25.67
32367,0.1263,-0.201,0.8705,-7.02,9.63,0.27,25.68
32377,0.1166,-0.2048,0.877,-6.7,9.36,0.27,25.67
32387,0.1151,-0.2048,0.8799,-6.17,7.71,-0.03,25.69
32398,0.1104,-0.2065,0.8829,-5.79,6.21,-0.17,25.7
32408,0.1021,-0.1866,0.8853,-6.09,6.03,-0.29,25.69
32418,0.1466,-0.1832,0.8865,-6.85,6.85,-0.34,25.68
32428,0.1312,-0.1968,0.8654,-6.64,9.08,0.11,25.7
32438,0.1001,-0.205,0.864,-5.92,8.37,0.23,25.7
32448,0.1163,-0.2019,0.9104,-4.92,7.24,0.37,25.71
32458,0.1459,-0.2039,0.9216,-5.07,7.8,0.69,25.71
32468,0.0906,-0.2101,0.8911,-6.66,7.27,0.85,25.69
32478,0.0847,-0.1934,0.8979,-6.93,8.43,0.72,25.68
32488,0.1012,-0.2052,0.8545,-7.73,6.69,0.2,25.67
32498,0.1544,-0.2223,0.891,-6.14,6.61,0.34,25.68
32508,0.1383,-0.2028,0.8843,-4.79,7.25,0.53,25.67
32518,0.1454,-0.203,0.8706,-6.6,6.7,0.21,25.67
32528,0.1442,-0.2126,0.8756,-6.9,7.66,0.0,25.68
32538,0.1278,-0.2183,0.8745,-6.27,8.27,0.41,25.67
32548,0.1438,-0.2125,0.8851,-5.89,9.1,0.47,25.7
32558,0.1184,-0.2064,0.8807,-5.73,8.96,0.32,25.7
32568,0.1228,-0.1987,0.8907,-5.5,7.42,0.05,25.68
32578,0.1232,-0.1902,0.8881,-6.21,6.98,-0.15,25.69
32588,0.1339,-0.1942,0.8805,-6.7,8.2,0.0,25.69
32598,0.1294,-0.1998,0.871,-7.02,9.13,0.17,25.69
32608,0.1224,-0.2043,0.8776,-7.02,9.33,0.09,25.67
32618,0.1125,-0.205,0.877,-6.93,8.29,-0.05,25.7
32628,0.123,-0.2051,0.8672,-6.72,7.37,-0.09,25.67
32638,0.1255,-0.2019,0.8638,-6.53,7.31,-0.05,25.69
32648,0.1278,-0.2024,0.871,-6.43,7.71,0.03,25.69
32658,0.1285,-0.2034,0.8762,-6.37,7.89,0.06,25.69
32668,0.1259,-0.2003,0.8856,-6.47,7.62,0.0,25.7
32678,0.1222,-0.2006,0.8899,-6.81,7.11,-0.26,25.68
32688,0.1263,-0.204,0.8804,-6.96,6.78,-0.27,25.67
32698,0.1283,-0.2006,0.8744,-6.79,6.92,-0.34,25.68
32708,0.1299,-0.2039,0.8752,-6.72,7.4,-0.2,25.69
32718,0.129,-0.202,0.8759,-6.47,7.97,-0.06,25.69
32728,0.1248,-0.202,0.8813,-6.38,7.95,-0.12,25.7
32738,0.1233,-0.1998,0.8827,-6.43,7.66,-0.03,25.7
32748,0.1244,-0.2054,0.8779,-6.58,7.3,-0.06,25.69
32758,0.1289,-0.2074,0.8795,-6.63,7.59,-0.11,25.69
32768,0.1257,-0.219,0.8135,-4.61,6.2,0.23,25.7
32778,0.1382,-0.2086,0.881,0.76,6.67,0.21,25.71
32788,0.1248,-0.1877,0.9044,0.2,8.34,0.32,25.69
32798,0.1195,-0.1984,0.9127,-3.65,7.33,-0.03,25.69
32808,0.1262,-0.1975,0.9099,-7.01,7.45,-0.14,25.69
32818,0.1282,-0.1938,0.8881,-8.55,7.07,-0.24,25.68
32828,0.125,-0.1949,0.8817,-8.95,8.15,-0.37,25.69
32838,0.13,-0.1908,0.8741,-9.56,8.84,-0.38,25.68
32848,0.1302,-0.1949,0.8721,-11.1,10.58,-0.06,25.67
32858,0.1161,-0.2076,0.8617,-10.6,9.3,-0.06,25.68
32868,0.123,-0.2162,0.8634,-7.79,7.4,-0.18,25.68
32878,0.1292,-0.2091,0.8652,-5.24,5.95,-0.23,25.69
32888,0.1315,-0.202,0.877,-4.37,5.92,-0.2,25.68
32898,0.1287,-0.1952,0.897,-5.36,6.78,-0.15,25.69
32908,0.1326,-0.199,0.8953,-7.28,7.94,-0.2,25.71
32918,0.1089,-0.2064,0.8875,-8.23,8.79,-0.46,25.69
32928,0.1083,-0.2092,0.874,-8.55,5.66,-0.66,25.7
32938,0.1163,-0.2201,0.8439,-6.82,3.89,-0.98,25.68
32948,0.1642,-0.2214,0.8647,1.6,1.62,-1.94,25.69
32958,0.1643,-0.1742,0.8693,0.44,10.58,-2.21,25.67
32968,0.1105,-0.181,0.9167,-1.97,14.99,-1.16,25.7
32978,0.1184,-0.1934,0.9401,-6.2,11.13,-1.5,25.71
32988,0.114,-0.1976,0.9292,-10.24,5.71,-0.7,25.69
32998,0.131,-0.204,0.8595,-10.27,1.82,-1.13,25.68
33008,0.1486,-0.2092,0.8401,-7.95,3.13,-0.93,25.7
33018,0.1494,-0.2015,0.8593,-6.32,6.6,-0.2,25.68
33028,0.1345,-0.2019,0.8799,-6.08,9.47,0.11,25.72
33038,0.1249,-0.2053,0.8915,-7.16,9.04,0.05,25.68
33048,0.1073,-0.2058,0.9028,-6.84,7.05,-0.41,25.68
33058,0.1355,-0.2015,0.8618,-6.2,6.84,-0.12,25.69
33068,0.1471,-0.2035,0.8529,-5.95,9.25,0.11,25.69
33078,0.1117,-0.1982,0.8934,-5.57,10.9,0.08,25.69
33088,0.0663,-0.198,0.9208,-6.47,8.9,-1.76,25.69
33098,0.0457,-0.1866,0.8904,-7.77,6.64,-7.16,25.71
33108,0.0969,-0.1959,0.8743,-8.99,5.77,-10.31,25.68
33118,0.1704,-0.2018,0.8519,-10.64,8.92,-9.79,25.7
33128,0.1936,-0.204,0.844,-10.34,10.96,-6.95,25.68
33138,0.2074,-0.2247,0.8428,-7.91,10.66,-3.16,25.7
33148,0.1643,-0.2106,0.8545,-4.47,8.31,-0.55,25.68
33158,0.1268,-0.201,0.8934,-4.15,8.4,-0.11,25.67
33168,0.109,-0.2103,0.8553,-3.82,6.79,-0.76,25.7
33178,0.1489,-0.2059,0.8434,-0.2,4.05,1.47,25.7
33188,0.1559,-0.2122,0.8085,1.57,7.54,1.37,25.67
33198,0.1173,-0.2052,0.8801,3.89,9.39,1.63,25.65
33208,0.1343,-0.1831,0.9098,3.18,9.68,1.59,25.68
33218,0.1196,-0.1915,0.9012,1.71,3.82,2.7,25.69
33228,0.1067,-0.1868,0.9235,-0.79,3.04,0.14,25.7
33238,0.1542,-0.184,0.8812,-4.84,4.34,0.29,25.69
33248,0.157,-0.1844,0.8613,-6.23,8.67,0.5,25.7
33258,0.1472,-0.1963,0.8683,-6.7,12.78,0.58,25.68
33268,0.1353,-0.197,0.8682,-5.66,12.52,2.0,25.69
33278,0.1058,-0.1995,0.9019,-4.47,8.5,2.92,25.69
33288,0.1147,-0.1912,0.9109,-5.66,5.76,1.74,25.69
33299,0.1279,-0.1876,0.896,-8.6,7.1,-0.29,25.66
33309,0.1259,-0.196,0.8738,-9.79,7.5,-0.32,25.69
33319,0.1306,-0.2042,0.8519,-8.78,6.82,-0.26,25.67
33329,0.1321,-0.1895,0.8859,-6.35,7.53,-0.43,25.69
33339,0.1619,-0.2012,0.9086,-8.24,10.9,0.21,25.69
33349,0.2753,-0.2166,0.6691,-7.16,9.07,1.62,25.7
33359,0.2087,-0.2205,0.7924,-2.17,7.74,1.31,25.71
33369,0.1335,-0.197,0.8757,-0.27,6.73,0.43,25.69
33379,0.1064,-0.1879,0.9174,-1.59,3.53,-0.35,25.69
33389,0.1345,-0.1865,0.8799,-2.11,3.3,-0.46,25.66
33399,0.1423,-0.1868,0.8766,-2.64,6.34,0.05,25.68
33409,0.1376,-0.1803,0.907,-4.14,9.4,0.63,25.68
33419,0.1196,-0.1833,0.9052,-7.13,11.07,0.26,25.68
33429,0.1135,-0.1995,0.8967,-8.06,8.06,0.02,25.67
33439,0.118,-0.1931,0.8871,-7.54,4.9,-0.37,25.66
33449,0.1604,-0.1843,0.851,-7.68,6.85,0.2,25.7
33459,0.1451,-0.1923,0.8447,-7.62,11.57,1.25,25.68
33469,0.1033,-0.1956,0.9131,-7.6,11.83,0.43,25.69
33479,0.0917,-0.2,0.9182,-7.86,6.09,-0.41,25.7
33489,0.1174,-0.196,0.8882,-7.59,0.58,-1.19,25.69
33499,0.1525,-0.1947,0.8427,-6.93,1.68,-1.11,25.7
33509,0.1582,-0.1942,0.847,-5.11,6.32,-0.29,25.69
33519,0.174,-0.1963,0.7749,-1.37,14.18,0.41,25.7
33529,0.1915,-0.1869,0.8657,-0.14,13.21,1.18,25.69
33539,0.1182,-0.186,0.9087,-2.06,8.14,0.26,25.69
33549,0.1018,-0.1901,0.9248,-3.79,2.24,-1.01,25.68
33559,0.1383,-0.1877,0.8578,-3.89,1.86,-1.11,25.7
33569,0.1597,-0.1838,0.8445,-3.3,6.73,-0.38,25.69
33579,0.1482,-0.1899,0.8462,-2.49,10.52,-0.2,25.67
33589,0.1063,-0.1917,0.8633,-0.02,11.68,-0.79,25.69
33599,0.0984,-0.1912,0.8568,4.4,7.65,-3.62,25.71
33609,0.1086,-0.1887,0.8759,8.05,3.98,-6.55,25.68
33619,0.1307,-0.1808,0.8975,8.76,2.37,-6.82,25.67
33629,0.1498,-0.1754,0.9204,6.15,1.88,-5.73,25.69
33639,0.1666,-0.1689,0.9141,1.36,4.08,-2.26,25.69
33649,0.1575,-0.1667,0.9124,-4.44,7.73,0.03,25.7
33659,0.136,-0.1697,0.9061,-9.02,10.64,0.38,25.68
33669,0.1099,-0.1696,0.9294,-11.54,9.3,-0.03,25.7
33679,0.0997,-0.1805,0.9196,-13.4,3.1,-0.89,25.69
33689,0.1323,-0.1843,0.8726,-13.8,-0.21,-1.31,25.69
33699,0.1644,-0.1688,0.8687,-14.08,3.68,-0.99,25.68
33709,0.1758,-0.1774,0.8424,-14.38,9.05,-0.49,25.67
33719,0.1542,-0.1791,0.8781,-16.08,13.25,0.23,25.71
33729,0.136,-0.1757,0.8741,-15.48,14.76,1.22,25.69
33739,0.1531,-0.1779,0.8735,-12.08,10.85,6.06,25.7
33749,0.13,-0.1765,0.9099,-11.33,8.41,9.3,25.69
33759,0.1147,-0.1926,0.8751,-13.51,7.82,7.85,25.71
33769,0.1135,-0.2061,0.8531,-12.6,7.73,4.95,25.69
33779,0.1097,-0.197,0.9006,-12.09,7.54,2.15,25.72
33789,0.1193,-0.2012,0.861,-11.13,7.28,0.47,25.69
33799,0.126,-0.2003,0.8762,-9.83,7.04,-0.5,25.7
33809,0.1345,-0.1931,0.885,-8.99,7.6,-0.69,25.69
33819,0.1456,-0.1802,0.9185,-10.96,7.69,-0.35,25.7
33829,0.2401,-0.1389,0.9091,-19.05,14.5,1.74,25.7
33839,0.2356,-0.1365,0.8569,-21.66,21.21,14.31,25.68
33849,0.1542,-0.1702,0.8964,-20.6,20.58,26.99,25.69
33859,0.0562,-0.224,0.8784,-19.91,13.98,27.94,25.7
33869,0.0358,-0.2188,0.8722,-15.24,7.45,19.95,25.68
33879,0.077,-0.1904,0.8899,-14.58,4.82,11.63,25.67
33889,0.1161,-0.2418,0.9092,-17.76,7.76,8.18,25.68
33899,0.1093,-0.2233,0.8776,-21.74,12.47,6.66,25.69
33909,0.1912,-0.2427,0.6479,-24.98,15.08,6.29,25.68
33919,0.0939,-0.238,0.9181,-17.82,15.82,6.55,25.7
33929,0.0559,-0.218,0.8916,-16.44,14.63,6.56,25.7
33939,0.1145,-0.2375,0.8495,-13.42,10.02,7.22,25.71
33949,0.0959,-0.2355,0.8254,-8.49,8.17,5.65,25.7
33959,0.0319,-0.2335,0.907,-8.05,10.92,1.94,25.71
33969,0.0677,-0.2295,0.9083,-6.79,8.79,-0.43,25.7
33979,0.1298,-0.2203,0.8766,-6.75,5.95,-0.64,25.69
33989,0.1222,-0.2202,0.858,-7.33,6.73,-0.27,25.69
33999,0.13,-0.2269,0.8468,-7.86,9.21,0.31,25.7
34009,0.1237,-0.2163,0.8795,-7.54,12.52,0.84,25.71
34019,0.0923,-0.23,0.8606,-8.17,13.34,1.28,25.7
34029,0.1139,-0.2375,0.851,-4.85,7.85,1.18,25.69
34039,0.1343,-0.2318,0.8435,-2.7,3.91,0.49,25.69
34049,0.1139,-0.2305,0.8347,-0.35,5.25,0.53,25.7
34059,0.1241,-0.2145,0.8661,1.3,7.62,0.61,25.7
34069,0.1194,-0.2059,0.8861,-0.12,9.91,0.61,25.73
34079,0.0824,-0.2089,0.9363,-3.24,9.37,-0.55,25.7
34089,0.09,-0.2177,0.8798,-4.89,6.41,-1.95,25.71
34099,0.1196,-0.2179,0.8435,-3.21,4.98,-2.44,25.72
34109,0.1215,-0.2122,0.8708,-2.11,6.6,-2.2,25.69
34119,0.1233,-0.2075,0.8884,-3.04,7.89,-1.69,25.69
34129,0.1179,-0.2062,0.8993,-4.78,7.21,-0.44,25.67
34139,0.1152,-0.2068,0.8914,-6.99,7.82,-0.26,25.68
34149,0.1173,-0.2146,0.8763,-8.05,8.12,-0.03,25.72
34159,0.1179,-0.2205,0.8599,-7.51,8.69,0.05,25.69
34169,0.1124,-0.2174,0.8699,-6.31,8.56,-0.02,25.72
34179,0.11,-0.2123,0.8831,-6.32,7.74,-0.14,25.73
34189,0.1134,-0.2145,0.8823,-6.87,7.21,-0.2,25.71
34199,0.1168,-0.2094,0.8746,-6.93,7.01,-0.12,25.71
34209,0.1198,-0.2114,0.8878,-7.45,7.34,-0.17,25.71
34219,0.1165,-0.2004,0.8732,-8.43,8.2,-0.23,25.7
34229,0.1005,-0.2579,0.7996,-4.26,3.92,-1.31,25.7
34239,0.0829,-0.1958,0.892,1.59,2.63,-4.29,25.71
34249,0.0817,-0.2147,0.8884,0.31,1.22,-7.95,25.72
34259,0.1077,-0.2034,0.9061,-1.27,1.95,-9.22,25.71
34269,0.1465,-0.1981,0.8999,-5.98,3.82,-8.35,25.71
34279,0.1636,-0.213,0.8707,-8.31,5.71,-4.9,25.71
34289,0.1029,-0.1897,0.9379,-10.09,11.76,-1.45,25.71
34299,0.0468,-0.236,0.8999,-8.0,9.79,-0.53,25.7
34309,0.1343,-0.2095,0.8444,-4.9,8.29,-0.05,25.69
34319,0.1892,-0.1965,0.8812,-6.63,9.15,0.05,25.69
34329,0.1274,-0.1952,0.8811,-11.4,15.69,1.28,25.7
34339,0.1184,-0.2217,0.8954,-10.84,13.33,3.39,25.72
34349,0.0928,-0.2416,0.8315,-7.88,8.9,0.69,25.71
34359,0.1438,-0.2252,0.8215,-3.71,9.33,0.18,25.71
34369,0.1288,-0.2231,0.8428,-1.04,11.89,0.87,25.69
34379,0.0969,-0.2108,0.8864,0.2,12.4,0.55,25.68
34389,0.0862,-0.2129,0.8823,1.82,9.22,-0.93,25.7
34399,0.0959,-0.2069,0.8958,3.47,6.9,-2.12,25.71
34409,0.0966,-0.2008,0.9088,2.69,4.6,-3.77,25.7
34419,0.1211,-0.2042,0.9209,0.18,3.07,-3.59,25.71
34429,0.1145,-0.1973,0.8802,-2.34,2.82,-1.95,25.7
34439,0.1237,-0.1925,0.9016,-4.75,2.89,-2.75,25.7
34449,0.1118,-0.2062,0.8468,-4.96,3.5,-3.21,25.7
34459,0.1045,-0.2069,0.8789,-2.82,3.86,-4.43,25.71
34469,0.1215,-0.2053,0.8661,-2.02,4.37,-4.92,25.69
34479,0.1282,-0.213,0.866,-1.37,5.16,-4.84,25.7
34489,0.1498,-0.2032,0.8856,-1.62,6.58,-4.41,25.71
34499,0.1589,-0.1945,0.9047,-4.06,7.91,-1.77,25.71
34509,0.1329,-0.1893,0.8835,-7.33,10.44,0.17,25.73
34519,0.1344,-0.2008,0.8656,-7.98,10.14,0.41,25.68
34529,0.1033,-0.2054,0.8931,-7.79,8.67,0.0,25.71
34539,0.0933,-0.201,0.912,-7.45,3.88,-0.84,25.7
34549,0.116,-0.1876,0.9077,-9.27,1.01,-1.27,25.73
34559,0.1733,-0.2217,0.6826,-10.69,4.56,0.64,25.71
34569,0.1582,-0.2291,0.7979,5.39,9.02,3.33,25.72
34579,0.0941,-0.1578,0.9921,1.56,16.29,0.79,25.71
34589,0.1177,-0.1777,1.0123,-6.21,7.95,-0.08,25.7
34599,0.0894,-0.1846,0.9053,-11.16,6.85,0.14,25.72
34609,0.1129,-0.1978,0.8585,-11.15,10.89,0.87,25.71
34619,0.087,-0.2091,0.8853,-8.61,12.69,1.4,25.72
34629,0.0852,-0.1888,0.9072,-8.02,9.86,-0.52,25.7
34639,0.0443,-0.1549,0.8408,-6.44,5.8,-5.05,25.7
34649,0.0862,-0.2009,0.8571,-2.84,2.99,-6.9,25.72
34659,0.1617,-0.2273,0.8864,-1.98,2.2,-5.63,25.72
34669,0.2015,-0.2473,0.8785,-3.83,2.46,-3.62,25.72
34679,0.1903,-0.2089,0.8718,-5.53,4.37,-1.3,25.71
34689,0.1562,-0.1957,0.8632,-6.72,6.92,0.11,25.71
34699,0.1339,-0.1951,0.8882,-7.76,10.17,0.66,25.71
34709,0.1176,-0.182,0.9294,-9.48,11.36,1.6,25.72
34719,0.1398,-0.1971,0.8749,-11.18,8.27,3.76,25.69
34729,0.137,-0.2024,0.8545,-11.89,8.78,5.4,25.69
34739,0.1195,-0.2007,0.894,-11.97,9.68,3.71,25.7
34749,0.1128,-0.2031,0.8781,-12.34,10.18,1.77,25.71
34759,0.125,-0.2079,0.8492,-10.75,8.98,2.09,25.71
34769,0.1119,-0.2178,0.8558,-6.98,7.37,2.81,25.71
34779,0.1158,-0.2094,0.8781,-4.75,6.18,2.49,25.71
34789,0.1292,-0.2069,0.8564,-3.76,6.35,2.02,25.71
34799,0.1372,-0.2048,0.8857,-2.85,6.08,1.57,25.72
34809,0.1123,-0.2123,0.8397,-2.61,6.69,0.93,25.7
34819,0.1233,-0.1976,0.8812,0.02,8.55,0.18,25.72
34829,0.115,-0.1985,0.915,-0.85,9.28,-0.09,25.74
34839,0.1332,-0.1986,0.9004,-6.18,6.58,0.0,25.72
34849,0.0836,-0.1989,0.9312,-8.52,10.6,-0.27,25.71
34859,0.1195,-0.2223,0.8588,-5.82,7.56,-0.14,25.72
34869,0.134,-0.2072,0.8728,-3.28,5.22,-0.03,25.72
34879,0.1165,-0.1906,0.8682,-4.17,7.63,-0.06,25.74
34889,0.147,-0.1998,0.8752,-3.62,8.05,0.06,25.73
34899,0.1196,-0.1927,0.8861,-4.41,9.98,0.43,25.71
34909,0.1349,-0.1912,0.911,-5.62,10.15,0.66,25.69
34919,0.1309,-0.1951,0.8677,-6.2,11.01,0.4,25.7
34929,0.1354,-0.1973,0.8643,-6.0,11.37,0.43,25.72
34939,0.1296,-0.1824,0.9171,-8.75,12.08,0.63,25.74
34949,0.0831,-0.2222,0.8369,-9.79,10.38,1.28,25.71
34959,0.1603,-0.1985,0.8534,-2.41,4.35,5.22,25.7
34969,0.1333,-0.1942,0.8884,-3.45,6.27,5.89,25.73
34979,0.1063,-0.2155,0.8499,-4.09,9.07,4.03,25.71
34989,0.0934,-0.2081,0.9121,-4.72,10.17,1.79,25.72
34999,0.0205,-0.2021,0.9431,-9.1,9.82,-0.52,25.72
35009,0.0597,-0.1859,0.9768,-12.52,1.69,-2.15,25.72
35019,0.1156,-0.2031,0.8578,-15.21,-2.82,-2.63,25.71
35029,0.1659,-0.2195,0.7996,-12.23,1.74,-2.96,25.73
35039,0.1567,-0.2113,0.7864,-9.05,11.3,-4.14,25.72
35049,0.1442,-0.1884,0.874,-6.6,15.13,-2.5,25.72
35059,0.1063,-0.2123,0.8865,-6.35,12.26,-0.4,25.71
35069,0.104,-0.2083,0.8943,-5.39,8.49,-0.64,25.7
35079,0.1116,-0.2083,0.8805,-5.68,5.71,-0.98,25.73
35089,0.1471,-0.1996,0.8611,-5.1,6.37,0.23,25.7
35099,0.1417,-0.1904,0.8722,-6.17,9.69,0.72,25.72
35109,0.132,-0.201,0.8804,-7.48,10.46,1.83,25.72
35119,0.1403,-0.2012,0.8658,-6.73,7.62,4.27,25.71
35129,0.12,-0.1951,0.8867,-7.25,8.92,5.85,25.72
35139,0.1052,-0.2015,0.8982,-8.52,9.79,5.57,25.71
35149,0.1268,-0.1987,0.8824,-9.59,8.18,5.18,25.72
35159,0.1539,-0.1841,0.9045,-11.18,7.05,7.89,25.7
35169,0.0967,-0.2054,0.8746,-13.6,8.93,9.34,25.74
35179,0.0997,-0.2186,0.8634,-12.92,8.72,5.8,25.73
35189,0.1002,-0.2201,0.858,-11.13,8.85,3.59,25.73
35199,0.1022,-0.2213,0.8657,-9.02,8.06,1.56,25.73
35209,0.1178,-0.2163,0.8766,-7.48,7.5,-0.29,25.74
35219,0.1306,-0.1975,0.8967,-7.66,7.69,-0.37,25.71
35229,0.1296,-0.1969,0.8896,-10.75,9.65,-0.24,25.7
35239,0.1304,-0.212,0.8677,-12.9,11.39,0.26,25.73
35249,0.1111,-0.2219,0.8713,-12.58,11.68,0.11,25.71
35259,0.1041,-0.2233,0.8806,-9.88,9.05,0.05,25.69
35269,0.1119,-0.2267,0.8578,-6.5,6.15,0.11,25.72
35279,0.1274,-0.2153,0.856,-3.91,5.94,-0.29,25.73
35289,0.1372,-0.2371,0.8018,-0.23,2.82,0.03,25.75
35299,0.1323,-0.1942,0.9011,3.28,7.15,0.75,25.72
35309,0.1136,-0.1754,0.9344,-3.45,10.96,0.49,25.72
35319,0.0807,-0.2115,0.9229,-7.56,10.85,0.11,25.73
35329,0.1106,-0.1979,0.9178,-7.88,8.12,-0.38,25.72
35339,0.1042,-0.2094,0.9023,-10.55,8.23,-0.95,25.72
35349,0.1249,-0.2067,0.8743,-12.69,6.44,-0.26,25.72
35359,0.1349,-0.2135,0.8386,-11.83,9.33,-0.12,25.72
35369,0.1226,-0.2352,0.828,-9.21,11.69,0.21,25.72
35379,0.1024,-0.217,0.8853,-7.02,12.76,0.55,25.74
35389,0.0977,-0.2164,0.9053,-6.06,8.31,-0.08,25.72
35399,0.1111,-0.2111,0.8669,-5.65,4.93,-0.32,25.72
35409,0.1248,-0.2128,0.8597,-4.89,4.47,-0.4,25.72
35419,0.1279,-0.2102,0.885,-4.9,5.11,-0.56,25.72
35429,0.1118,-0.2155,0.8923,-5.56,3.28,-1.22,25.75
35439,0.1213,-0.2086,0.8627,-5.95,3.22,-2.18,25.73
35450,0.1344,-0.2086,0.8478,-6.63,8.49,-4.89,25.7
35460,0.1495,-0.1904,0.8662,-7.08,12.44,-4.85,25.73
35470,0.1234,-0.2075,0.8842,-8.11,12.89,-3.25,25.75
35480,0.1096,-0.2159,0.8711,-8.53,10.43,-3.6,25.76
35490,0.1287,-0.2188,0.8428,-5.97,8.09,-2.26,25.73
35500,0.1243,-0.2065,0.8635,-4.46,8.87,-1.62,25.76
35510,0.1165,-0.2051,0.8867,-4.29,7.5,-1.56,25.71
35520,0.1084,-0.2012,0.8914,-4.72,4.34,-1.54,25.75
35530,0.1265,-0.1991,0.8911,-5.45,2.84,-1.82,25.71
35540,0.1333,-0.1932,0.8949,-7.71,4.26,-1.31,25.73
35550,0.1146,-0.2065,0.8794,-8.99,4.99,-1.01,25.72
35560,0.0974,-0.2261,0.8447,-9.24,7.97,-3.21,25.73
35570,0.0918,-0.2225,0.8492,-6.93,10.67,-7.1,25.74
35580,0.1003,-0.2085,0.8717,-3.66,9.05,-7.71,25.73
35591,0.1235,-0.2063,0.8821,-2.26,5.59,-6.35,25.69
35601,0.1572,-0.1918,0.8621,-2.53,5.25,-5.5,25.72
35611,0.1863,-0.2155,0.8521,-2.4,8.72,-0.85,25.7
35621,0.1313,-0.2015,0.9033,-3.48,11.18,0.99,25.74
35631,0.1281,-0.1979,0.8975,-6.44,12.89,0.82,25.74
35641,0.1064,-0.2094,0.8939,-7.86,12.05,1.28,25.72
35651,0.0812,-0.2159,0.9176,-8.08,8.02,0.0,25.74
35661,0.118,-0.2032,0.8676,-8.27,5.31,-0.53,25.74
35671,0.1323,-0.2141,0.8538,-7.86,4.85,-0.56,25.74
35681,0.1301,-0.2144,0.8351,-4.84,5.28,-0.23,25.75
35691,0.1271,-0.2043,0.8851,-4.06,7.3,-0.11,25.74
35701,0.1262,-0.2051,0.8878,-4.79,8.53,0.05,25.74
35711,0.1323,-0.2103,0.8784,-5.27,8.46,0.0,25.74
35721,0.126,-0.2094,0.873,-5.77,9.48,0.0,25.73
35731,0.1174,-0.2094,0.87,-5.04,9.11,0.06,25.72
35741,0.1129,-0.2097,0.8668,-3.5,7.89,0.08,25.73
35751,0.1189,-0.2083,0.8806,-2.64,6.69,0.06,25.72
35761,0.1189,-0.2059,0.884,-3.45,6.17,0.18,25.74
35771,0.116,-0.2271,0.8102,-3.56,5.47,0.24,25.71
35781,0.1346,-0.2402,0.8014,5.92,5.4,1.04,25.71
35791,0.104,-0.1735,0.9639,7.4,4.96,0.79,25.72
35801,0.1536,-0.1519,1.049,-5.18,2.31,-0.69,25.72
35811,0.1602,-0.1943,0.8319,-13.97,8.44,0.02,25.73
35821,0.1716,-0.1862,0.8687,-13.51,13.5,3.34,25.72
35831,0.1511,-0.1865,0.9092,-14.9,16.9,6.69,25.73
35841,0.0935,-0.2153,0.8737,-16.95,15.92,6.99,25.71
35851,0.0731,-0.236,0.8613,-14.12,10.02,4.96,25.75
35861,0.1156,-0.2162,0.8595,-9.71,6.35,3.77,25.75
35871,0.1338,-0.2054,0.8496,-7.66,7.31,3.79,25.73
35881,0.1147,-0.2081,0.8585,-6.72,9.57,3.71,25.72
35891,0.0735,-0.2222,0.8969,-6.64,8.06,1.85,25.74
35901,0.1052,-0.2142,0.8934,-6.02,3.76,-0.24,25.72
35911,0.146,-0.1995,0.8756,-6.09,4.18,0.85,25.75
35921,0.1393,-0.2067,0.863,-7.3,7.13,2.29,25.74
35931,0.1199,-0.2108,0.8818,-7.6,8.67,3.24,25.72
35941,0.1024,-0.2139,0.9049,-7.77,6.85,3.18,25.75
35951,0.1139,-0.2092,0.8789,-8.6,5.39,2.09,25.75
35961,0.1021,-0.2172,0.8716,-8.53,7.88,-0.31,25.74
35971,0.104,-0.2074,0.9056,-8.58,6.63,-1.57,25.74
35981,0.129,-0.2092,0.8583,-10.32,6.84,-0.43,25.73
35991,0.1262,-0.2145,0.8578,-9.53,9.13,-0.14,25.73
36001,0.0941,-0.2181,0.8955,-9.44,7.39,-0.31,25.72
36011,0.1196,-0.2124,0.8722,-9.05,5.48,-0.5,25.72
36021,0.1482,-0.209,0.8335,-8.67,7.66,-0.27,25.75
36031,0.1429,-0.2081,0.8511,-8.02,11.53,0.47,25.75
36041,0.116,-0.2129,0.8721,-7.37,13.47,0.92,25.75
36051,0.1067,-0.2054,0.9152,-9.66,14.44,0.58,25.75
36061,0.1136,-0.2289,0.8483,-9.79,11.76,0.6,25.75
36071,0.1052,-0.2297,0.8481,-5.31,8.63,0.93,25.73
36081,0.1084,-0.2281,0.8713,-2.63,7.02,0.46,25.72
36091,0.1078,-0.2252,0.8622,-0.61,5.08,0.18,25.74
36101,0.1161,-0.2115,0.8901,0.12,3.68,-0.08,25.72
36111,0.1227,-0.2107,0.8789,-0.52,4.02,-0.14,25.73
36121,0.13,-0.2053,0.8723,-1.04,6.09,0.08,25.73
36131,0.1351,-0.2037,0.871,-2.03,8.98,0.52,25.76
36141,0.123,-0.2025,0.8862,-4.41,11.4,0.64,25.74
36151,0.1008,-0.1821,1.011,-7.62,11.82,0.12,25.73
36161,0.0782,-0.2441,0.8135,-8.69,4.47,-0.7,25.73
36171,0.1305,-0.2161,0.8882,-1.94,-1.51,-1.22,25.74
36181,0.1249,-0.2046,0.8861,-4.18,1.82,-2.08,25.75
36191,0.127,-0.1993,0.8787,-7.15,6.87,-2.38,25.73
36201,0.1248,-0.2008,0.8889,-8.05,8.17,-1.57,25.72
36211,0.1313,-0.2021,0.8861,-8.95,8.73,-0.78,25.72
36221,0.1156,-0.2119,0.8698,-8.73,8.17,-0.29,25.74
36231,0.1068,-0.2153,0.874,-7.08,5.83,-0.66,25.74
36241,0.1064,-0.2162,0.8661,-5.98,5.34,-1.91,25.75
36251,0.1082,-0.2157,0.8746,-6.14,7.5,-4.44,25.73
36261,0.1254,-0.2001,0.8905,-6.76,8.58,-5.31,25.72
36271,0.1305,-0.2379,0.7671,-2.82,3.85,-3.11,25.74
36281,0.1084,-0.2136,0.8708,6.5,2.81,-1.51,25.74
36291,0.1241,-0.1577,1.0596,-2.11,13.3,-7.01,25.77
36301,0.1296,-0.2134,0.8732,-11.24,11.65,-6.56,25.76
36311,0.0739,-0.2018,0.9376,-11.11,8.7,-5.34,25.74
36321,0.0784,-0.2103,0.8798,-9.5,6.92,-4.95,25.74
36331,0.1447,-0.207,0.8606,-7.21,9.77,-4.34,25.75
36341,0.152,-0.2101,0.8517,-6.63,9.51,-1.6,25.73
36351,0.111,-0.2152,0.8738,-4.73,6.79,-0.9,25.72
36361,0.1179,-0.2144,0.8701,-3.62,5.1,-1.63,25.74
36371,0.1329,-0.2079,0.8632,-2.96,6.17,-1.65,25.76
36381,0.1067,-0.2084,0.8693,-2.75,6.98,-2.52,25.73
36391,0.1099,-0.2125,0.8772,-2.06,6.78,-3.48,25.74
36401,0.1162,-0.2084,0.8942,-1.65,5.73,-3.6,25.75
36411,0.1294,-0.1995,0.8813,-2.47,5.74,-3.77,25.75
36421,0.1243,-0.2047,0.8453,-2.95,6.99,-3.95,25.75
36431,0.1472,-0.2048,0.8789,-2.63,8.66,-3.6,25.75
36441,0.1555,-0.2007,0.8883,-3.8,8.35,-0.79,25.77
36451,0.1189,-0.1985,0.8713,-3.94,9.77,0.38,25.76
36461,0.1296,-0.1953,0.8833,-4.82,10.66,0.49,25.78
36471,0.1182,-0.2002,0.8909,-5.79,9.77,0.52,25.76
36481,0.1016,-0.2009,0.8799,-5.42,8.69,0.14,25.76
36491,0.1049,-0.2014,0.9008,-4.96,6.15,0.11,25.77
36501,0.1027,-0.2007,0.8988,-5.3,3.01,-0.47,25.76
36511,0.1204,-0.1989,0.8962,-6.02,0.82,-0.93,25.77
36521,0.1588,-0.188,0.8715,-7.62,1.59,-0.37,25.75
36531,0.1672,-0.1829,0.871,-9.42,8.99,1.88,25.76
36541,0.1465,-0.1919,0.8724,-10.02,11.19,4.27,25.75
36551,0.1394,-0.1954,0.8856,-10.47,11.02,5.95,25.77
36561,0.1399,-0.202,0.8535,-9.31,12.32,7.76,25.75
36571,0.0974,-0.2177,0.8779,-8.7,11.73,6.47,25.77
36581,0.1064,-0.2216,0.8641,-6.37,9.68,4.93,25.75
36591,0.1078,-0.2124,0.873,-5.36,10.53,2.35,25.76
36601,0.1191,-0.2065,0.8809,-5.42,11.33,1.24,25.76
36611,0.1179,-0.2023,0.8895,-5.94,11.24,1.15,25.75
36621,0.1208,-0.1965,0.9059,-8.09,10.9,0.5,25.76
36631,0.1234,-0.193,0.8999,-10.43,10.06,0.53,25.75
36641,0.1322,-0.2007,0.8823,-10.53,7.73,2.08,25.75
36651,0.1343,-0.1959,0.8877,-11.65,8.11,3.69,25.74
36661,0.1444,-0.1998,0.869,-13.4,10.14,5.44,25.73
36671,0.1244,-0.207,0.8683,-13.59,11.28,6.78,25.76
36681,0.0859,-0.2262,0.8657,-11.5,8.81,7.08,25.74
36691,0.0599,-0.2426,0.8584,-7.68,4.56,3.56,25.73
36701,0.1117,-0.2242,0.856,-3.44,2.34,-0.67,25.76
36711,0.1294,-0.2057,0.8562,-1.39,2.72,-0.82,25.74
36721,0.1392,-0.2061,0.8583,-1.73,5.44,-0.6,25.75
36731,0.1348,-0.2048,0.8741,-1.89,8.29,-0.4,25.77
36741,0.1224,-0.1952,0.901,-3.63,10.17,0.32,25.74
36751,0.1064,-0.208,0.891,-5.88,10.26,0.35,25.77
36761,0.1118,-0.2083,0.8801,-3.94,9.31,0.56,25.76
36771,0.1204,-0.1942,0.8925,-5.01,12.31,0.49,25.74
36781,0.11,-0.209,0.8818,-6.67,11.45,0.37,25.78
36791,0.1102,-0.2126,0.8704,-5.74,8.76,0.15,25.75
36801,0.1183,-0.2053,0.89,-4.27,7.21,0.2,25.75
36811,0.1219,-0.1848,0.9209,-6.82,8.98,-0.05,25.77
36821,0.1123,-0.2067,0.8768,-9.8,9.53,-0.26,25.74
36831,0.1091,-0.2057,0.8762,-8.89,7.73,-0.21,25.75
36841,0.0925,-0.2118,0.8248,-8.78,6.4,-0.37,25.77
36851,0.1124,-0.2378,0.8304,1.16,-0.23,0.06,25.74
36861,0.1912,-0.1493,0.9686,-5.53,6.69,0.08,25.78
36871,0.0953,-0.2057,0.8798,-14.49,14.32,-0.35,25.79
36881,0.0996,-0.2114,0.9135,-15.6,14.38,0.09,25.78
36891,0.101,-0.213,0.8824,-16.47,11.92,-0.31,25.76
36901,0.1082,-0.2139,0.8937,-14.67,8.81,-0.41,25.78
36911,0.1141,-0.2039,0.8595,-13.86,7.28,-0.49,25.77
36921,0.129,-0.2103,0.8594,-12.67,7.47,-0.12,25.76
36931,0.1476,-0.2048,0.8422,-10.23,7.91,2.24,25.77
36941,0.0961,-0.2321,0.8583,-7.05,5.63,4.14,25.75
36951,0.0963,-0.2379,0.87,-4.63,3.77,1.53,25.77
36961,0.1348,-0.22,0.8569,-3.48,4.7,0.06,25.76
36971,0.1388,-0.212,0.8658,-3.53,7.69,0.4,25.74
36981,0.1384,-0.2085,0.8661,-3.62,9.82,1.86,25.77
36991,0.1243,-0.2054,0.8832,-3.77,9.88,4.08,25.76
37001,0.0989,-0.2118,0.8846,-4.66,9.6,4.38,25.79
37011,0.0979,-0.2183,0.8817,-5.54,9.83,2.44,25.78
37021,0.0934,-0.2181,0.8889,-6.11,10.0,0.12,25.79
37031,0.0878,-0.2113,0.9076,-6.35,7.11,-0.41,25.76
37041,0.0955,-0.204,0.9143,-8.12,4.05,-1.36,25.76
37051,0.1145,-0.2025,0.8857,-9.92,2.41,-1.44,25.77
37061,0.1322,-0.2094,0.8708,-10.64,3.74,-1.11,25.77
37071,0.1472,-0.2094,0.8362,-10.34,8.18,-0.11,25.77
37081,0.135,-0.2084,0.8583,-10.2,13.88,0.61,25.77
37091,0.1122,-0.2186,0.8733,-10.26,14.17,1.33,25.78
37101,0.0938,-0.2339,0.85,-7.01,12.49,1.47,25.77
37111,0.0784,-0.2266,0.9084,-5.18,6.95,0.95,25.77
37121,0.0842,-0.229,0.895,-4.93,1.51,-0.29,25.78
37131,0.125,-0.2185,0.843,-3.71,0.12,-0.96,25.77
37141,0.1353,-0.2113,0.8569,-2.78,3.8,-0.53,25.75
37151,0.1415,-0.2083,0.8669,-3.45,7.25,0.08,25.77
37161,0.13,-0.2206,0.8508,-1.53,8.84,0.38,25.75
37171,0.1355,-0.2026,0.8741,0.2,11.79,0.9,25.79
37181,0.1223,-0.203,0.8876,-1.98,15.51,1.48,25.76
37191,0.0978,-0.2098,0.8987,-3.53,14.63,1.27,25.77
37201,0.0917,-0.2136,0.9048,-4.44,10.27,0.52,25.75
37211,0.0928,-0.2172,0.8837,-4.5,5.97,0.11,25.76
37221,0.0997,-0.2106,0.9213,-3.94,1.79,-0.84,25.76
37231,0.1049,-0.1971,0.891,-6.89,0.61,-1.28,25.77
37241,0.0884,-0.2084,0.9062,-10.06,0.52,-2.47,25.75
37251,0.1428,-0.2039,0.8629,-11.88,0.21,-5.45,25.75
37261,0.1521,-0.2096,0.8018,-9.89,2.81,-1.13,25.73
37271,0.1538,-0.2205,0.8146,-5.37,7.15,0.05,25.74
37281,0.1309,-0.2106,0.8815,-3.5,9.73,0.6,25.76
37291,0.1211,-0.2079,0.891,-4.61,11.36,0.41,25.76
37301,0.1075,-0.2153,0.877,-4.11,10.18,0.38,25.77
37311,0.1138,-0.2036,0.9037,-5.04,9.73,0.14,25.76
37321,0.1166,-0.2056,0.9019,-7.27,8.52,-0.15,25.77
37331,0.1141,-0.2107,0.8854,-8.56,7.8,-0.38,25.76
37341,0.131,-0.2103,0.8523,-8.14,9.08,-0.05,25.76
37351,0.1235,-0.2188,0.8217,-5.5,10.72,0.0,25.77
37361,0.0663,-0.2595,0.8195,-1.56,7.34,-3.79,25.77
37371,0.1017,-0.2097,0.9369,3.24,1.34,-4.72,25.74
37381,0.1405,-0.1564,1.0314,-4.2,0.78,-5.16,25.77
37391,0.2227,-0.1935,0.7776,-12.75,8.58,-3.94,25.75
37401,0.1653,-0.1917,0.9003,-14.2,15.62,-1.28,25.78
37411,0.1007,-0.2144,0.8656,-13.57,14.81,0.05,25.78
37421,0.0797,-0.2343,0.8829,-9.54,9.11,-0.85,25.76
37431,0.0854,-0.217,0.8872,-8.46,5.15,-1.86,25.76
37441,0.1057,-0.2229,0.8644,-8.6,4.31,-4.38,25.77
37451,0.1198,-0.2159,0.8535,-7.13,4.49,-4.61,25.77
37461,0.1331,-0.2103,0.8601,-5.04,3.08,-2.06,25.77
37471,0.1372,-0.1987,0.8728,-5.42,5.65,-1.63,25.76
37481,0.1271,-0.204,0.8645,-6.46,9.07,-1.76,25.77
37491,0.1152,-0.2087,0.8698,-5.95,9.05,-1.16,25.75
37501,0.1051,-0.2192,0.8748,-5.37,7.37,-1.44,25.77
37511,0.0953,-0.2229,0.8806,-4.9,7.16,-4.2,25.76
37521,0.104,-0.2168,0.8837,-4.38,6.66,-7.07,25.76
37531,0.1332,-0.2084,0.8574,-3.4,5.86,-6.73,25.75
37541,0.1404,-0.2068,0.8529,-1.83,6.37,-4.76,25.77
37551,0.1309,-0.2023,0.8861,-1.51,8.38,-3.74,25.74
37561,0.1189,-0.2069,0.8948,-3.19,9.08,-3.98,25.77
37571,0.1371,-0.2046,0.905,-4.08,7.28,-3.01,25.77
37581,0.1409,-0.2018,0.8942,-5.22,5.83,-1.1,25.78
37591,0.1364,-0.1932,0.8805,-6.43,7.48,-0.75,25.77
37601,0.1407,-0.2017,0.8644,-8.4,11.21,0.15,25.77
37611,0.1235,-0.2139,0.8732,-8.56,13.1,1.34,25.77
37621,0.1177,-0.214,0.8762,-7.69,11.65,1.24,25.79
37631,0.1332,-0.2151,0.871,-5.56,8.17,2.61,25.77
37641,0.1335,-0.2136,0.8658,-4.53,6.7,3.71,25.77
37651,0.1229,-0.2131,0.8557,-4.34,9.4,2.79,25.77
37661,0.1167,-0.2095,0.8787,-5.22,11.95,1.13,25.77
37671,0.1011,-0.2126,0.8823,-4.98,10.18,0.6,25.76
37681,0.1024,-0.2086,0.8723,-4.56,7.3,0.02,25.76
37691,0.1311,-0.1971,0.9011,-4.72,6.21,0.03,25.77
37701,0.1349,-0.2035,0.8507,-6.09,9.07,0.11,25.75
37711,0.1217,-0.209,0.8751,-5.27,11.08,0.72,25.75
37721,0.1045,-0.2029,0.8857,-4.96,10.99,0.64,25.77
37731,0.1096,-0.1992,0.9232,-4.4,6.4,0.18,25.76
37741,0.1053,-0.21,0.8844,-4.06,2.82,-0.37,25.76
37751,0.1331,-0.2219,0.8474,-3.04,0.96,-0.66,25.76
37761,0.1255,-0.223,0.8407,0.73,0.81,-0.63,25.77
37771,0.124,-0.2147,0.8712,2.87,0.37,-0.53,25.77
37781,0.1262,-0.1954,0.889,3.1,0.06,-0.52,25.76
37791,0.1388,-0.1775,0.892,0.92,3.07,-0.14,25.77
37801,0.1426,-0.1832,0.8766,-2.17,7.34,0.09,25.75
37811,0.153,-0.1781,0.8918,-4.93,12.03,0.61,25.79
37821,0.111,-0.1957,0.8845,-7.31,13.16,0.52,25.76
37831,0.1121,-0.2039,0.8948,-7.63,10.49,0.31,25.76
37841,0.1074,-0.201,0.885,-7.71,9.19,0.02,25.78
37851,0.1285,-0.2015,0.8774,-7.71,8.82,0.21,25.78
37861,0.1274,-0.1991,0.8717,-7.8,9.28,0.27,25.77
37871,0.116,-0.2046,0.8765,-7.1,9.02,0.37,25.77
37881,0.0858,-0.2183,0.8798,-1.4,3.48,0.27,25.79
37891,0.157,-0.1685,0.9446,-5.45,3.66,-0.29,25.77
37901,0.1587,-0.1932,0.8702,-11.54,8.09,-0.26,25.82
37911,0.136,-0.1975,0.85,-11.51,13.01,0.21,25.78
37921,0.1237,-0.1946,0.9249,-13.3,13.24,0.56,25.78
37931,0.1189,-0.1973,0.8947,-14.55,9.6,1.62,25.77
37941,0.1412,-0.1969,0.8621,-14.67,6.66,3.22,25.77
37951,0.1644,-0.1947,0.8396,-12.72,7.48,6.49,25.76
37961,0.1161,-0.2037,0.8754,-11.37,9.24,8.82,25.77
37971,0.1011,-0.2257,0.8563,-10.56,8.84,7.5,25.77
37981,0.1267,-0.2158,0.8649,-9.62,8.99,5.94,25.77
37991,0.1344,-0.2106,0.8705,-9.05,9.4,6.37,25.77
38001,0.124,-0.2168,0.8708,-8.31,7.54,7.08,25.77
38011,0.1,-0.2168,0.8917,-6.67,5.39,6.93,25.78
38021,0.1149,-0.2146,0.851,-5.18,6.49,5.21,25.79
38031,0.1283,-0.1993,0.8781,-4.26,9.48,4.55,25.79
38041,0.1147,-0.2068,0.8724,-4.69,11.15,3.6,25.8
38051,0.1561,-0.1909,0.8877,-5.88,13.05,2.93,25.78
38061,0.0909,-0.2065,0.8806,-7.36,14.9,4.24,25.79
38071,0.0726,-0.2172,0.8801,-5.51,9.54,3.16,25.79
38081,0.1018,-0.2026,0.8925,-8.79,6.34,2.12,25.77
38091,0.1138,-0.2086,0.8783,-8.9,2.7,2.35,25.79
38102,0.1243,-0.201,0.8661,-8.31,-1.48,4.41,25.78
38112,0.1129,-0.2286,0.8657,-7.91,-2.05,2.93,25.76
38122,0.1515,-0.2228,0.8336,-6.79,2.29,1.39,25.78
38132,0.1614,-0.2053,0.8315,-5.21,8.99,1.82,25.76
38142,0.1368,-0.2096,0.8728,-4.69,13.15,2.87,25.8
38152,0.1444,-0.2026,0.9016,-4.78,13.04,5.39,25.79
38162,0.1412,-0.193,0.8887,-6.08,11.1,8.09,25.77
38172,0.1316,-0.1967,0.8978,-7.34,11.31,10.15,25.77
38182,0.1061,-0.2084,0.886,-8.67,10.61,10.76,25.77
38192,0.0795,-0.2205,0.8698,-8.76,10.15,7.4,25.78
38202,0.0668,-0.2261,0.8586,-5.82,11.02,1.56,25.77
38212,0.0858,-0.2041,0.8838,-4.99,11.5,-4.03,25.79
38222,0.0945,-0.213,0.8939,-2.75,6.81,-7.18,25.79
38232,0.1139,-0.2186,0.8474,-1.25,2.92,-6.92,25.78
38242,0.142,-0.2089,0.8706,-1.6,4.35,-5.28,25.77
38252,0.1338,-0.2042,0.8691,-3.5,7.02,-2.79,25.8
38262,0.1306,-0.2087,0.8788,-4.4,8.26,-1.22,25.8
38272,0.1146,-0.2032,0.8961,-5.98,8.73,-0.12,25.78
38282,0.1139,-0.2037,0.8921,-7.05,8.72,-0.02,25.79
38292,0.0934,-0.225,0.8527,-6.53,6.37,-0.02,25.77
38302,0.0995,-0.212,0.9005,-4.09,3.95,-0.4,25.78
38312,0.1331,-0.1891,0.9335,-7.71,5.44,-0.46,25.79
38322,0.1467,-0.1997,0.8778,-13.19,10.34,0.41,25.81
38332,0.1671,-0.2007,0.8661,-14.73,13.47,3.63,25.78
38343,0.1298,-0.2268,0.8168,-11.8,13.02,8.66,25.78
38353,0.1052,-0.2368,0.8473,-5.48,11.07,9.44,25.75
38363,0.0962,-0.2218,0.8945,-2.47,10.76,8.66,25.78
38373,0.0736,-0.214,0.8893,-3.73,11.27,4.7,25.77
38383,0.0787,-0.2113,0.9156,-5.44,8.18,0.6,25.77
38393,0.0957,-0.2043,0.9088,-6.52,3.19,-0.85,25.76
38403,0.1116,-0.1959,0.8857,-8.64,1.16,-1.42,25.78
38413,0.1266,-0.1978,0.8431,-10.09,2.12,-1.62,25.76
38423,0.1178,-0.2174,0.7867,-9.73,5.21,-1.16,25.77
38433,0.1292,-0.2288,0.8882,-0.21,2.27,-2.75,25.79
38443,0.1399,-0.1738,0.8206,-2.89,9.68,-4.92,25.8
38453,0.1049,-0.2189,0.86,-3.86,15.33,-8.21,25.77
38463,0.0948,-0.2051,0.8923,-3.71,13.22,-9.48,25.77
38473,0.1021,-0.1903,0.9214,-4.55,7.6,-8.35,25.79
38483,0.1261,-0.2119,0.915,-7.44,2.31,-5.34,25.79
38493,0.1178,-0.2153,0.8967,-10.26,0.47,-2.95,25.76
38503,0.0995,-0.2244,0.886,-11.53,0.03,-3.66,25.78
38513,0.1124,-0.2518,0.8573,-11.27,0.32,-6.72,25.78
38523,0.162,-0.2323,0.8406,-6.2,3.42,-7.94,25.76
38533,0.1553,-0.2007,0.8617,-2.92,10.14,-7.19,25.77
38543,0.1328,-0.1975,0.9017,-1.48,10.9,-5.27,25.78
38553,0.1031,-0.1949,0.9155,-0.89,6.63,-2.95,25.77
38563,0.1263,-0.2034,0.8777,-0.96,2.82,-2.46,25.79
38573,0.1537,-0.1888,0.8693,-1.34,4.53,-0.35,25.79
38583,0.132,-0.1924,0.8936,-4.32,8.6,0.18,25.78
38593,0.0964,-0.2063,0.9205,-8.46,9.21,-0.21,25.79
38603,0.135,-0.202,0.8599,-10.2,6.5,-0.47,25.84
38614,0.1406,-0.2159,0.8231,-8.9,10.21,-0.03,25.79
38624,0.1143,-0.2072,0.8687,-7.31,12.24,0.35,25.79
38634,0.1097,-0.2032,0.8857,-7.51,10.98,0.35,25.8
38644,0.1213,-0.2015,0.8806,-7.53,9.86,0.29,25.8
38654,0.116,-0.2034,0.8916,-7.59,9.47,-0.14,25.81
38664,0.1232,-0.2029,0.876,-7.6,8.31,0.15,25.77
38674,0.1511,-0.1907,0.874,-8.21,11.24,0.56,25.78
38684,0.1302,-0.203,0.8905,-9.94,13.69,1.3,25.79
38694,0.0867,-0.2252,0.8892,-10.26,11.25,1.24,25.77
38704,0.1024,-0.2269,0.8613,-7.6,7.83,-0.06,25.81
38714,0.1167,-0.2228,0.8464,-3.76,6.12,-0.43,25.78
38724,0.1145,-0.2155,0.871,-1.24,4.75,-0.7,25.81
38734,0.1095,-0.2108,0.8779,-1.63,5.47,-2.95,25.77
38744,0.1211,-0.2089,0.8647,-1.24,5.57,-3.1,25.77
38754,0.1128,-0.2106,0.8745,-0.84,6.35,-4.32,25.79
38764,0.1478,-0.1981,0.8845,-0.84,6.08,-3.62,25.82
38774,0.132,-0.1891,0.8966,-2.61,7.36,-1.37,25.77
38784,0.1411,-0.1962,0.873,-6.06,9.69,0.05,25.8
38794,0.1316,-0.1979,0.8805,-6.9,11.27,0.63,25.79
38804,0.1238,-0.1984,0.8826,-7.27,12.06,0.67,25.8
38814,0.1357,-0.2023,0.8755,-7.4,10.52,1.15,25.79
38824,0.1301,-0.1991,0.8698,-6.79,9.88,2.31,25.79
38834,0.1218,-0.1971,0.9182,-8.37,11.21,2.27,25.78
38844,0.0977,-0.2021,0.8766,-11.3,12.4,0.76,25.77
38854,0.0835,-0.2274,0.8619,-8.78,7.21,-0.46,25.82
38864,0.0947,-0.2095,0.8765,-5.22,1.16,-1.11,25.79
38874,0.1301,-0.2048,0.8617,-3.27,-3.39,-1.53,25.79
38884,0.1654,-0.179,0.864,-3.56,1.04,-1.07,25.79
38894,0.1766,-0.1805,0.8456,-6.78,8.95,0.35,25.8
38904,0.1459,-0.2009,0.8552,-7.02,14.05,1.21,25.82
38915,0.1333,-0.2085,0.8582,-4.38,13.92,2.61,25.81
38926,0.1334,-0.1976,0.9196,-1.82,8.53,6.98,25.78
38936,0.1235,-0.1813,0.8955,-3.33,6.58,9.04,25.77
38946,0.1359,-0.1855,0.9152,-6.58,8.47,8.47,25.77
38956,0.1132,-0.1956,0.8868,-8.9,10.66,8.02,25.79
38966,0.0972,-0.2211,0.8566,-8.4,9.25,7.11,25.79
38976,0.1064,-0.234,0.8253,-1.28,6.44,6.27,25.79
38986,0.0946,-0.2061,0.887,1.04,7.56,3.54,25.78
38996,0.1036,-0.2073,0.873,-1.02,7.3,0.29,25.79
39006,0.1073,-0.1761,0.9392,-0.78,4.64,-1.91,25.78
39016,0.1528,-0.1971,0.9283,-9.95,8.23,-1.47,25.79
39026,0.1561,-0.1827,0.8514,-13.5,9.79,1.59,25.8
39036,0.1346,-0.1617,0.9493,-16.79,13.31,5.76,25.78
39046,0.0848,-0.2025,0.9047,-22.11,13.16,5.33,25.82
39056,0.085,-0.2172,0.8949,-20.47,6.64,3.05,25.8
39066,0.103,-0.2063,0.8789,-17.74,4.11,0.98,25.79
39076,0.1194,-0.2122,0.8374,-16.06,6.15,-0.53,25.81
39086,0.1157,-0.2224,0.828,-13.05,8.96,-0.64,25.79
39096,0.1045,-0.2266,0.8333,-9.94,7.08,-0.4,25.78
39106,0.1129,-0.2238,0.8291,-6.03,5.13,-0.5,25.81
39116,0.1115,-0.2264,0.8184,-1.85,3.98,-0.76,25.79
39126,0.1025,-0.2238,0.8484,1.79,6.27,-2.05,25.82
39136,0.1122,-0.2019,0.8983,1.86,7.66,-3.79,25.82
39146,0.1284,-0.1887,0.9116,0.53,5.01,-1.48,25.8
39156,0.129,-0.1963,0.895,-2.02,5.02,-0.47,25.79
39166,0.1233,-0.2013,0.8882,-4.63,7.85,-0.96,25.79
39176,0.1046,-0.2008,0.9015,-7.27,10.6,-4.69,25.78
39186,0.1476,-0.1899,0.9127,-8.23,9.04,-3.69,25.79
39196,0.1113,-0.2018,0.8876,-9.56,5.63,-1.11,25.8
39206,0.108,-0.2053,0.9019,-10.55,3.8,-1.71,25.79
39216,0.1134,-0.2181,0.88,-11.8,3.65,-3.3,25.8
39226,0.1737,-0.2032,0.8727,-10.61,3.91,-3.25,25.8
39293,0.1223,-0.2117,0.8583,-4.37,10.03,1.18,25.82
39303,0.1117,-0.2112,0.8862,-4.08,10.47,1.08,25.82
39313,0.1093,-0.2139,0.8772,-3.95,9.42,1.02,25.82
39323,0.1327,-0.2042,0.8698,-3.28,8.06,2.23,25.81
39333,0.1362,-0.1998,0.8751,-3.51,9.85,4.12,25.79
39343,0.1097,-0.207,0.8879,-4.02,10.0,4.64,25.79
39353,0.0878,-0.2163,0.8873,-3.5,7.71,3.39,25.81
39363,0.1007,-0.2125,0.874,-2.84,6.27,0.78,25.79
39373,0.1163,-0.2098,0.869,-1.92,5.97,0.24,25.81
39383,0.1344,-0.2051,0.856,-1.25,7.51,0.53,25.82
39393,0.1144,-0.2021,0.9026,-1.37,9.5,1.01,25.83
39403,0.1158,-0.1901,0.9153,-2.9,9.71,1.76,25.8
39413,0.125,-0.1859,0.9277,-6.7,9.45,2.78,25.8
39423,0.1129,-0.1938,0.8933,-9.25,10.09,5.21,25.8
39433,0.1143,-0.2048,0.8788,-9.94,8.9,5.59,25.8
39443,0.1198,-0.2034,0.8959,-10.79,8.81,5.28,25.8
39453,0.1151,-0.2081,0.8696,-11.94,10.87,5.27,25.82
39463,0.0994,-0.2217,0.8713,-12.11,12.05,3.69,25.81
39473,0.0945,-0.2251,0.8668,-11.5,11.1,1.25,25.81
39483,0.1095,-0.2189,0.8412,-8.73,9.97,0.73,25.8
39493,0.099,-0.2175,0.8759,-6.38,9.54,-0.02,25.81
39503,0.0992,-0.205,0.8953,-6.02,7.63,-0.05,25.81
39513,0.1063,-0.2112,0.8882,-6.31,5.85,-0.41,25.84
39523,0.1229,-0.2159,0.8627,-5.97,4.35,-0.58,25.8
39533,0.1251,-0.2112,0.8669,-5.57,5.21,-0.46,25.83
39543,0.1229,-0.2018,0.8821,-5.51,7.79,-0.09,25.81
39553,0.1117,-0.2084,0.866,-6.24,10.12,0.12,25.81
39563,0.0918,-0.2081,0.9082,-6.27,8.46,-0.37,25.79
39573,0.0837,-0.2091,0.8936,-6.99,4.41,-2.06,25.82
39583,0.0876,-0.2172,0.873,-4.66,1.3,-5.44,25.8
39593,0.1093,-0.2172,0.897,-6.17,1.74,-6.02,25.82
39603,0.1075,-0.2122,0.8677,-7.54,4.32,-8.26,25.8
39613,0.1354,-0.2113,0.871,-7.63,5.44,-8.96,25.83
39623,0.1447,-0.2072,0.855,-6.2,5.47,-7.15,25.82
39633,0.1288,-0.2159,0.8448,-4.4,6.15,-5.54,25.82
39643,0.1146,-0.2224,0.8542,-2.73,8.21,-6.63,25.84
39653,0.0853,-0.2228,0.8715,-1.91,9.33,-9.95,25.82
39663,0.08,-0.2222,0.8907,-0.89,8.18,-14.21,25.82
39673,0.0847,-0.2043,0.8807,-0.47,5.07,-16.4,25.81
39683,0.1406,-0.176,0.9285,-0.35,2.41,-17.79,25.81
39693,0.1636,-0.1737,0.8635,-4.66,6.15,-14.81,25.81
39703,0.1248,-0.1946,0.8799,-5.19,6.84,-13.47,25.81
39713,0.1036,-0.1807,0.9156,-6.52,8.99,-13.6,25.82
39723,0.1094,-0.194,0.9067,-10.35,9.3,-13.89,25.8
39733,0.1343,-0.2029,0.879,-10.38,8.08,-12.55,25.79
39743,0.1906,-0.1771,0.8834,-11.02,8.76,-7.68,25.81
39753,0.1764,-0.205,0.8436,-11.47,11.63,-2.7,25.81
39763,0.1401,-0.2262,0.8599,-8.29,12.81,-0.82,25.81
39773,0.1191,-0.2317,0.9038,-6.17,7.07,-1.19,25.82
39783,0.1278,-0.2196,0.8623,-3.74,-0.02,-0.93,25.82
39793,0.149,-0.2095,0.8202,-1.11,1.11,-0.55,25.8
39803,0.1749,-0.1942,0.86,-0.37,8.52,0.55,25.84
39813,0.141,-0.1888,0.8973,-3.77,15.8,1.16,25.8
39823,0.1218,-0.2073,0.8976,-6.61,16.03,1.16,25.81
39834,0.0994,-0.2129,0.8801,-6.89,12.06,0.73,25.82
39844,0.1373,-0.2072,0.8792,-5.57,10.99,1.42,25.82
39854,0.1418,-0.1863,0.9108,-6.87,12.17,3.63,25.79
39864,0.1284,-0.2017,0.9037,-9.27,10.11,4.7,25.8
39874,0.1255,-0.2111,0.8806,-8.32,5.22,6.46,25.8
39884,0.1335,-0.1964,0.87,-7.33,3.83,8.26,25.83
39894,0.1482,-0.1741,0.8625,-7.01,7.69,10.75,25.82
39904,0.1346,-0.1901,0.8595,-7.65,10.32,12.4,25.82
39914,0.1399,-0.2025,0.8662,-7.15,9.66,13.73,25.82
39924,0.1143,-0.1979,0.9137,-8.03,7.95,14.27,25.81
39934,0.1239,-0.203,0.8915,-10.58,7.31,14.41,25.81
39944,0.1208,-0.2056,0.8649,-11.91,10.55,14.52,25.83
39954,0.1165,-0.2098,0.8595,-11.85,13.89,13.08,25.82
39964,0.0959,-0.2135,0.8689,-11.34,16.31,10.81,25.83
39974,0.0846,-0.2092,0.9056,-10.63,16.24,9.54,25.82
39984,0.0818,-0.2164,0.8969,-10.47,11.36,7.98,25.83
39994,0.101,-0.2179,0.8761,-9.73,6.43,7.27,25.83
40004,0.1235,-0.22,0.8462,-8.87,6.0,7.3,25.84
40014,0.1456,-0.214,0.8479,-7.76,9.48,7.82,25.82
40024,0.1353,-0.2041,0.8644,-7.19,13.71,9.48,25.8
40034,0.1013,-0.2069,0.8921,-7.63,14.24,10.76,25.81
40044,0.0671,-0.2169,0.9053,-8.06,10.06,9.85,25.83
40054,0.053,-0.2457,0.8597,-7.02,6.66,5.68,25.83
40064,0.0757,-0.2388,0.8511,-3.88,5.68,-0.43,25.82
40074,0.0854,-0.2201,0.8846,-1.19,-0.67,-1.33,25.83
40084,0.1079,-0.2083,0.8693,-0.14,-3.19,-2.14,25.81
40094,0.121,-0.2029,0.8678,0.81,-2.06,-3.21,25.81
40104,0.1334,-0.2013,0.8734,-0.43,0.93,-3.62,25.84
40114,0.1348,-0.2031,0.8727,-2.17,4.46,-2.64,25.81
40124,0.1284,-0.2037,0.86,-2.87,8.05,-1.85,25.82
40134,0.103,-0.2064,0.8805,-2.52,10.06,-2.17,25.83
40144,0.1033,-0.1904,0.9208,-3.8,9.88,-2.99,25.81
40154,0.0914,-0.2001,0.9583,-11.91,12.7,-5.16,25.82
40164,0.04,-0.2521,0.7667,-14.06,9.08,-9.79,25.83
40174,0.0894,-0.2411,0.8882,-2.85,-1.39,-9.25,25.83
40184,0.0927,-0.21,0.8558,-0.67,-3.97,-9.92,25.83
40194,0.139,-0.196,0.9016,-0.41,-2.26,-10.63,25.83
40204,0.1432,-0.1929,0.9014,-4.12,-0.02,-9.59,25.83
40214,0.1624,-0.1906,0.8961,-8.02,2.18,-8.55,25.85
40224,0.1871,-0.1744,0.8685,-11.11,10.0,-3.8,25.86
40234,0.1395,-0.2096,0.8855,-13.98,12.09,-1.95,25.83
40244,0.1069,-0.2113,0.864,-11.8,10.67,-0.4,25.83
40254,0.1046,-0.2208,0.8741,-8.05,4.96,-0.81,25.84
40264,0.1266,-0.2097,0.8566,-5.08,3.86,-0.72,25.83
40274,0.1416,-0.2107,0.8491,-4.02,6.31,-1.02,25.81
40284,0.163,-0.1979,0.8574,-2.99,10.24,0.24,25.82
40294,0.1434,-0.1899,0.8906,-4.96,13.56,1.76,25.83
40304,0.1119,-0.2068,0.8947,-5.24,12.46,2.35,25.84
40314,0.1077,-0.2079,0.9076,-6.05,10.2,2.08,25.81
40324,0.1031,-0.2219,0.8693,-6.0,7.85,0.58,25.81
40334,0.1334,-0.2068,0.8604,-4.92,7.77,0.11,25.84
40344,0.1304,-0.2109,0.8522,-4.67,10.5,0.11,25.83
40354,0.1111,-0.2139,0.8706,-3.89,10.43,0.23,25.81
40364,0.103,-0.2054,0.9058,-4.38,8.49,-0.24,25.82
40374,0.1206,-0.2117,0.8662,-4.92,6.18,-0.75,25.81
40384,0.1271,-0.2083,0.8616,-3.65,7.33,-0.84,25.85
40394,0.1007,-0.2072,0.8765,-4.03,8.67,-2.63,25.84
40404,0.0912,-0.1989,0.9417,-5.83,5.21,-3.01,25.83
40414,0.0956,-0.2061,0.8994,-6.81,1.21,-2.84,25.84
40424,0.1251,-0.2036,0.866,-7.95,1.16,-3.56,25.84
40434,0.1316,-0.2085,0.8691,-8.09,2.69,-3.79,25.84
40444,0.1412,-0.2065,0.8569,-7.24,4.55,-3.18,25.84
40454,0.1481,-0.2008,0.8669,-6.96,6.24,-1.51,25.84
40464,0.1361,-0.2013,0.8627,-6.32,8.38,0.05,25.84
40474,0.1239,-0.2069,0.8646,-5.39,10.03,0.26,25.84
40484,0.1244,-0.2092,0.8688,-4.18,9.71,0.35,25.82
40494,0.1268,-0.2101,0.8718,-2.98,8.9,0.23,25.85
40504,0.135,-0.1975,0.8801,-2.64,9.74,0.46,25.84
40514,0.1317,-0.2039,0.8741,-3.62,11.47,0.64,25.84
40524,0.1093,-0.2058,0.9202,-5.47,11.76,0.56,25.82
40534,0.0903,-0.2069,0.8883,-5.5,8.95,0.17,25.86
40544,0.1155,-0.2089,0.89,-4.82,5.01,-0.44,25.83
40554,0.1279,-0.1943,0.8872,-6.0,4.84,-0.66,25.81
40564,0.1412,-0.1938,0.8638,-7.82,7.92,-0.15,25.84
40574,0.142,-0.2025,0.8616,-7.47,12.46,0.61,25.83
40584,0.1095,-0.2035,0.889,-7.51,14.24,1.05,25.8
40594,0.0919,-0.2142,0.8894,-6.6,11.16,0.55,25.83
40604,0.1223,-0.2042,0.8809,-6.0,7.83,0.17,25.83
40614,0.1356,-0.1962,0.8641,-6.18,8.44,0.67,25.82
40624,0.1393,-0.1853,0.8846,-6.38,11.05,1.74,25.82
40634,0.1292,-0.1866,0.8782,-6.73,12.61,3.44,25.82
40644,0.0901,-0.2017,0.9015,-6.69,11.8,3.21,25.82
40654,0.0912,-0.2096,0.9161,-7.86,8.17,0.47,25.82
40664,0.1134,-0.2076,0.9011,-9.22,5.25,-0.64,25.84
40674,0.1339,-0.205,0.8578,-10.0,4.96,-0.67,25.83
40684,0.1151,-0.222,0.8215,-8.09,5.83,-0.67,25.84
40694,0.1238,-0.2026,0.8895,-4.85,4.93,-0.49,25.84
40704,0.1265,-0.1858,0.9169,-8.27,6.4,-0.4,25.87
40714,0.1226,-0.1984,0.8801,-12.23,8.67,-0.4,25.84
40724,0.1229,-0.2064,0.8682,-12.41,9.66,-0.35,25.86
40734,0.1394,-0.2135,0.8235,-10.92,13.21,-0.12,25.83
40744,0.0944,-0.2103,0.8984,-9.22,13.24,-0.08,25.84
40754,0.0858,-0.2172,0.8616,-7.86,7.19,-0.93,25.86
40764,0.1038,-0.2133,0.8586,-5.86,4.72,-1.79,25.85
40774,0.0892,-0.2128,0.8744,-5.16,4.98,-4.14,25.84
40784,0.0598,-0.2095,0.9193,-5.51,2.95,-7.24,25.85
40794,0.0811,-0.2249,0.8865,-5.94,-1.25,-10.98,25.83
40804,0.191,-0.2133,0.8916,-5.6,-0.81,-12.23,25.83
40814,0.1683,-0.187,0.8755,-6.61,6.73,-7.71,25.84
40824,0.1305,-0.2075,0.8771,-7.05,9.77,-4.37,25.83
40834,0.1134,-0.2202,0.8517,-5.31,9.4,-4.64,25.84
40844,0.0983,-0.2188,0.8887,-3.97,6.81,-6.41,25.83
40854,0.0895,-0.215,0.8784,-3.74,4.06,-9.53,25.84
40864,0.217,-0.1888,0.7881,-2.32,5.39,-9.69,25.84
40874,0.2291,-0.1715,0.8517,-2.98,15.4,-2.85,25.83
40884,0.1111,-0.2136,0.8759,-2.98,19.15,0.85,25.82
40894,0.0836,-0.2145,0.923,-0.79,12.47,0.79,25.84
40904,0.1102,-0.1974,0.9117,-2.5,3.97,0.03,25.83
40914,0.153,-0.1987,0.847,-2.49,5.4,-0.08,25.85
40924,0.1539,-0.1909,0.8665,-3.18,10.64,0.82,25.83
40934,0.1194,-0.1981,0.9026,-4.46,13.02,0.93,25.82
40944,0.099,-0.2058,0.9072,-4.93,10.09,0.58,25.83
40954,0.0911,-0.2069,0.9022,-4.69,5.19,-0.23,25.84
40964,0.1085,-0.2064,0.8864,-3.57,-0.24,-0.92,25.83
40974,0.1295,-0.2004,0.868,-3.1,-1.44,-1.07,25.84
40984,0.145,-0.1963,0.8616,-3.02,1.57,-0.78,25.84
40994,0.1448,-0.1954,0.8579,-3.22,5.53,-0.32,25.84
41004,0.1346,-0.1917,0.8721,-3.08,9.19,0.27,25.85
41014,0.1405,-0.1875,0.891,-4.44,10.49,0.58,25.84
41024,0.1335,-0.1855,0.86,-5.76,11.25,0.69,25.85
41034,0.1454,-0.1838,0.9004,-8.14,12.49,1.1,25.84
41044,0.1239,-0.1804,0.8698,-9.98,15.71,1.91,25.85
41054,0.1372,-0.1936,0.9078,-8.63,11.97,3.16,25.83
41064,0.1383,-0.1812,0.8612,-8.73,11.85,8.4,25.84
41074,0.1418,-0.2009,0.8553,-7.5,9.95,11.34,25.85
41084,0.1133,-0.199,0.8856,-6.5,9.63,12.12,25.85
41094,0.1071,-0.1947,0.9011,-7.59,8.17,10.98,25.84
41104,0.1062,-0.2014,0.8744,-8.4,7.42,10.17,25.84
41114,0.1205,-0.1979,0.8805,-7.88,7.36,10.37,25.82
41124,0.1293,-0.2003,0.8558,-7.56,9.01,10.79,25.82
41134,0.1146,-0.2052,0.8754,-7.21,11.6,9.5,25.86
41144,0.088,-0.2135,0.8711,-7.11,11.74,6.96,25.85
41154,0.0894,-0.21,0.8914,-6.26,11.88,3.18,25.86
41164,0.1107,-0.207,0.8861,-6.81,10.63,0.53,25.84
41174,0.1367,-0.2061,0.8593,-6.31,8.38,0.38,25.86
41184,0.1287,-0.196,0.8766,-6.18,7.68,0.53,25.86
41194,0.1332,-0.1748,0.9307,-10.09,8.99,1.57,25.86
41204,0.0879,-0.1844,0.9087,-13.77,9.1,2.73,25.84
41214,0.0984,-0.2218,0.8177,-10.58,2.23,3.73,25.85
41224,0.1349,-0.2106,0.871,-5.53,2.03,4.89,25.85
41236,0.1074,-0.1949,0.9001,-10.23,9.5,0.64,25.86
41246,0.1039,-0.2014,0.8854,-11.56,8.38,0.03,25.85
41256,0.1149,-0.192,0.9048,-12.26,7.13,0.98,25.87
41266,0.0907,-0.209,0.9037,-13.95,4.76,0.9,25.85
41276,0.104,-0.2181,0.8937,-13.5,2.84,-0.56,25.87
41286,0.1246,-0.2078,0.8456,-12.34,2.81,-1.19,25.87
41296,0.1538,-0.2179,0.795,-11.27,8.02,-0.56,25.84
41306,0.1299,-0.2103,0.8409,-8.52,14.27,0.75,25.86
41316,0.1465,-0.2084,0.8645,-7.19,14.72,3.66,25.86
41326,0.0886,-0.2164,0.8983,-6.06,9.89,6.85,25.84
41336,0.0667,-0.2324,0.8739,-5.4,5.85,4.2,25.87
41346,0.0902,-0.2197,0.8623,-3.82,4.92,0.11,25.85
41356,0.0901,-0.2124,0.9048,-1.89,1.77,-1.22,25.86
41366,0.1112,-0.2094,0.879,-1.63,-0.05,-3.13,25.85
41376,0.1238,-0.2172,0.8627,-2.75,3.57,-5.19,25.85
41386,0.1147,-0.2111,0.8801,-3.85,7.11,-6.81,25.84
41396,0.1045,-0.2057,0.9062,-3.88,6.37,-7.59,25.86
41406,0.0907,-0.2092,0.911,-4.81,3.63,-9.45,25.85
41416,0.1,-0.2123,0.8706,-5.47,0.9,-11.82,25.85
41426,0.1047,-0.2231,0.8433,-4.31,1.66,-14.76,25.85
41436,0.1149,-0.2205,0.8433,-1.8,3.77,-17.71,25.84
41446,0.1316,-0.2103,0.8607,1.27,2.87,-17.95,25.84
41456,0.1503,-0.1962,0.8668,3.21,1.94,-16.63,25.84
41466,0.1697,-0.1881,0.8652,3.45,3.94,-14.2,25.83
41476,0.1842,-0.1726,0.8846,2.52,7.85,-10.4,25.86
41486,0.1799,-0.1769,0.8865,1.6,9.89,-4.78,25.84
41496,0.1519,-0.1804,0.8909,0.76,10.44,0.06,25.86
41506,0.1493,-0.1851,0.8822,-1.18,12.09,0.93,25.87
41516,0.1135,-0.1863,0.921,-3.86,11.6,0.64,25.86
41526,0.0947,-0.1908,0.952,-7.05,6.5,-0.46,25.86
41536,0.108,-0.1737,0.9308,-10.35,2.72,-1.05,25.86
41546,0.1273,-0.168,0.9425,-17.16,3.47,-1.19,25.86
41556,0.2411,-0.1776,0.7974,-18.44,7.21,1.91,25.85
41567,0.2023,-0.1895,0.7799,-13.28,16.4,11.1,25.86
41577,0.1191,-0.2111,0.8733,-8.76,22.2,14.98,25.84
41587,0.0469,-0.2157,0.9038,-8.96,20.82,10.84,25.82
41597,0.0411,-0.2198,0.9449,-10.15,12.44,4.61,25.82
41607,0.0948,-0.2098,0.85,-8.63,4.18,2.38,25.84
41617,0.15,-0.1945,0.8622,-6.85,3.05,3.51,25.84
41627,0.1245,-0.1963,0.8557,-8.27,9.57,2.61,25.85
41637,0.123,-0.2019,0.8741,-8.93,12.64,1.04,25.85
41647,0.1195,-0.2057,0.8817,-7.65,10.52,1.82,25.86
41657,0.1146,-0.2115,0.8904,-6.53,8.0,2.43,25.86
41667,0.116,-0.2111,0.8774,-6.44,7.48,1.27,25.86
41677,0.1259,-0.2064,0.8635,-6.23,8.4,0.15,25.86
41687,0.1326,-0.1995,0.8672,-5.94,9.27,0.4,25.86
41697,0.1326,-0.1986,0.8804,-5.97,10.82,1.08,25.83
41707,0.1273,-0.1964,0.9015,-7.1,11.15,2.26,25.84
41717,0.1112,-0.1995,0.9006,-9.11,10.35,2.06,25.85
41727,0.1233,-0.2036,0.8806,-9.57,8.87,2.49,25.85
41737,0.1426,-0.2004,0.8639,-9.15,7.86,4.27,25.84
41747,0.1271,-0.208,0.8451,-8.34,8.06,5.88,25.84
41757,0.1179,-0.2114,0.8734,-6.15,7.48,6.46,25.84
41767,0.101,-0.2114,0.8781,-5.86,8.93,4.78,25.88
41777,0.1112,-0.2157,0.8696,-5.88,9.85,1.95,25.85
41787,0.1232,-0.2029,0.8778,-5.66,10.44,1.24,25.85
41797,0.1327,-0.2031,0.8799,-5.39,9.48,2.27,25.84
41807,0.1188,-0.1914,0.9164,-7.25,8.63,3.02,25.85
41817,0.1139,-0.1978,0.9158,-10.34,7.76,3.21,25.87
41827,0.1029,-0.2042,0.8851,-11.92,7.39,2.56,25.87
41837,0.1411,-0.2087,0.8514,-11.36,7.73,1.5,25.84
41848,0.1301,-0.2063,0.8428,-9.08,10.44,2.34,25.85
41858,0.1122,-0.2161,0.8558,-6.53,10.73,2.76,25.85
41868,0.1193,-0.2058,0.8865,-4.87,9.82,3.51,25.85
41878,0.1237,-0.1958,0.9102,-5.65,8.73,5.19,25.85
41888,0.1215,-0.1901,0.9083,-7.86,8.49,7.1,25.87
41898,0.1118,-0.1971,0.9026,-10.79,7.39,8.15,25.86
41908,0.1033,-0.2021,0.8795,-11.94,8.05,7.86,25.85
41918,0.1069,-0.203,0.8796,-12.29,6.35,7.74,25.86
41928,0.1138,-0.2086,0.8523,-11.39,4.89,8.85,25.86
41938,0.1023,-0.2235,0.8357,-8.58,4.55,8.61,25.87
41948,0.0568,-0.2358,0.8329,-5.4,6.96,5.08,25.87
41958,0.1067,-0.222,0.8729,-1.57,6.82,-0.72,25.87
41968,0.0952,-0.2045,0.8931,0.24,4.4,-1.69,25.88
41978,0.0862,-0.1847,0.8988,0.17,2.76,-5.82,25.86
41988,0.1056,-0.1996,0.9075,-1.45,1.77,-9.69,25.89
41999,0.1376,-0.2222,0.8447,-3.25,1.59,-9.71,25.86
42009,0.1473,-0.2418,0.8521,-2.66,4.69,-6.53,25.86
42019,0.1393,-0.203,0.8612,-1.85,7.82,-4.34,25.86
42029,0.1293,-0.2034,0.9026,-1.56,7.57,-1.65,25.86
42039,0.1069,-0.1993,0.9041,-2.38,5.69,-1.25,25.87
42049,0.1335,-0.1975,0.903,-3.21,3.66,-2.64,25.89
42059,0.1216,-0.1831,0.8593,-5.01,7.65,-4.09,25.88
42069,0.1176,-0.2169,0.8898,-6.4,5.91,-1.89,25.86
42079,0.0981,-0.2032,0.9127,-6.38,1.65,-1.11,25.87
42089,0.1611,-0.2167,1.0199,-7.66,-1.82,-2.47,25.88
42099,0.1544,-0.186,0.8217,-13.88,9.25,0.69,25.88
42109,0.125,-0.2531,0.8213,-8.67,11.5,1.07,25.87
42119,0.1107,-0.2102,0.8481,-2.69,12.26,1.18,25.88
42129,0.0861,-0.203,0.9813,-4.55,9.63,-0.15,25.87
42139,0.0663,-0.202,0.9176,-9.19,3.34,-1.13,25.88
42149,0.0931,-0.199,0.8838,-9.44,0.64,-2.5,25.87
42159,0.1377,-0.1964,0.8619,-10.66,6.41,-3.42,25.88
42169,0.1462,-0.2006,0.8083,-10.29,13.51,-2.58,25.86
42180,0.1597,-0.2111,0.8518,-7.01,13.71,0.02,25.89
42190,0.1339,-0.1952,0.9385,-7.86,11.77,0.44,25.87
42200,0.1575,-0.189,0.8998,-13.51,14.03,0.12,25.88
42210,0.115,-0.2123,0.8303,-14.35,16.89,0.55,25.87
42220,0.0895,-0.2361,0.8746,-9.16,11.89,0.15,25.87
42230,0.0979,-0.2125,0.8654,-5.18,6.38,0.18,25.89
42240,0.1122,-0.207,0.8888,-3.4,4.82,-0.34,25.86
42250,0.1562,-0.2053,0.8472,-3.08,4.82,0.02,25.89
42260,0.1456,-0.1881,0.8961,-4.87,10.5,0.63,25.89
42270,0.0994,-0.1959,0.9032,-8.56,16.02,1.42,25.89
42280,0.0646,-0.2173,0.9026,-9.37,12.24,1.62,25.89
42290,0.0741,-0.2123,0.8822,-7.05,5.82,0.6,25.88
42300,0.103,-0.2047,0.876,-6.31,2.78,-0.73,25.88
42310,0.1243,-0.2064,0.8628,-6.73,3.25,-1.18,25.88
42320,0.1361,-0.2109,0.8492,-7.1,5.71,-1.05,25.9
42330,0.0938,-0.1929,0.8193,-6.98,7.45,-0.93,25.89
42340,0.1462,-0.2411,1.0045,-6.06,4.99,-1.34,25.89
42350,0.0745,-0.2039,0.8246,-8.93,4.06,-5.54,25.89
42360,0.156,-0.225,0.8854,-8.15,7.59,-7.13,25.89
42370,0.1216,-0.2058,0.8369,-6.64,7.05,-4.73,25.88
42380,0.1338,-0.2098,0.8849,-5.24,9.6,-3.08,25.89
42390,0.1139,-0.2108,0.8821,-5.42,8.84,-1.73,25.87
42400,0.1012,-0.2073,0.8765,-5.22,8.93,-0.76,25.88
42410,0.1035,-0.2118,0.8749,-5.25,9.04,-1.33,25.89
42420,0.1093,-0.2052,0.8831,-5.73,9.42,-1.66,25.87
42430,0.0895,-0.2175,0.8575,-4.93,8.17,-2.35,25.88
42440,0.1252,-0.2102,0.8672,-3.22,7.63,-2.53,25.88
42450,0.1664,-0.1987,0.8054,-3.4,12.78,1.25,25.87
42460,0.1179,-0.2129,0.8738,-3.69,16.99,1.65,25.9
42470,0.0645,-0.2103,0.9053,-2.99,14.5,1.11,25.89
42480,0.0704,-0.2092,0.9664,-5.28,6.37,-0.34,25.9
42490,0.1136,-0.2067,0.8602,-5.56,-1.19,-1.69,25.88
42500,0.0946,-0.1985,0.8335,-4.23,-0.29,-3.37,25.88
42510,0.1246,-0.1946,0.8097,-0.53,4.08,-6.4,25.88
42520,0.1454,-0.1896,0.8672,2.63,7.5,-7.83,25.87
42530,0.1501,-0.1949,0.9099,2.87,6.58,-8.02,25.89
42540,0.1467,-0.2043,0.9084,2.32,3.1,-7.57,25.86
42550,0.1655,-0.2054,0.8843,0.93,2.12,-7.85,25.89
42560,0.1765,-0.2174,0.8613,-0.29,3.95,-7.08,25.89
42570,0.1639,-0.2183,0.869,-0.56,6.81,-6.31,25.88
42580,0.1661,-0.2019,0.8752,-0.49,7.48,-5.21,25.91
42590,0.1561,-0.1797,0.8948,-0.03,4.96,-3.6,25.89
42600,0.1666,-0.1763,0.8773,-0.09,3.56,-2.75,25.88
42610,0.1641,-0.1827,0.8499,0.26,5.71,-2.58,25.89
42620,0.1661,-0.1967,0.8464,1.57,7.86,-1.98,25.88
42630,0.1494,-0.2036,0.8549,3.05,7.6,-1.97,25.88
42640,0.1429,-0.1985,0.8698,4.05,6.72,-2.14,25.88
42650,0.1255,-0.1964,0.8975,3.71,5.77,-3.16,25.89
42660,0.1251,-0.2002,0.8954,1.11,6.66,-4.73,25.88
42670,0.135,-0.1658,0.9015,-0.08,5.89,-4.29,25.87
42680,0.1416,-0.1593,0.9094,-0.21,4.69,-2.56,25.88
42690,0.1523,-0.1498,0.895,-2.58,4.63,-1.04,25.88
42700,0.1434,-0.1361,0.896,-6.35,8.02,0.0,25.88
42710,0.1447,-0.1598,0.8756,-7.8,10.55,0.46,25.87
42720,0.131,-0.1842,0.8953,-8.55,12.24,0.44,25.89
42730,0.1176,-0.1975,0.8981,-8.9,10.11,0.24,25.89
42740,0.1211,-0.1982,0.906,-8.98,7.31,0.11,25.9
42750,0.1328,-0.1899,0.8954,-10.56,5.57,0.11,25.88
42760,0.145,-0.1875,0.8805,-12.11,6.67,0.37,25.87
42770,0.1362,-0.1821,0.864,-11.19,8.34,0.58,25.89
42780,0.1292,-0.1849,0.8738,-9.65,9.89,0.61,25.89
42791,0.1219,-0.1825,0.8823,-8.23,9.5,1.05,25.87
42801,0.1283,-0.1841,0.889,-8.31,8.53,2.02,25.88
42811,0.1342,-0.1842,0.8799,-8.98,8.73,3.02,25.9
42821,0.1237,-0.1843,0.8755,-9.66,9.57,3.4,25.9
42831,0.1227,-0.1946,0.8699,-9.6,10.09,2.93,25.88
42841,0.1201,-0.203,0.8607,-8.27,9.68,2.81,25.89
42851,0.1189,-0.2008,0.8622,-6.73,9.4,2.55,25.86
42861,0.123,-0.2083,0.8746,-5.01,8.53,3.1,25.89
42871,0.1187,-0.1832,0.8776,-4.9,9.48,3.33,25.89
42881,0.1278,-0.176,0.8975,-6.4,10.73,2.79,25.92
42891,0.1241,-0.1802,0.9094,-9.82,12.81,2.69,25.9
42901,0.1234,-0.1945,0.8851,-11.92,12.75,4.81,25.9
42911,0.1237,-0.1918,0.8704,-12.4,13.19,5.74,25.91
42921,0.1282,-0.1877,0.8639,-10.87,12.56,6.4,25.88
42931,0.1219,-0.1741,0.8927,-8.87,12.06,6.26,25.92
42941,0.1219,-0.1862,0.9037,-9.68,10.4,6.93,25.92
42951,0.1127,-0.1947,0.9005,-10.9,9.47,7.02,25.9
42961,0.0995,-0.1954,0.9125,-12.76,8.26,5.97,25.89
42971,0.0953,-0.1996,0.8708,-13.6,6.82,4.27,25.91
42981,0.1058,-0.2,0.8611,-11.76,5.21,3.53,25.89
42991,0.1232,-0.2045,0.8463,-8.81,6.44,3.65,25.9
43001,0.1415,-0.199,0.8357,-7.36,7.77,4.24,25.9
43011,0.1255,-0.1968,0.8719,-6.17,8.69,5.07,25.92
43021,0.1124,-0.1929,0.9033,-6.49,9.02,5.77,25.88
43031,0.1151,-0.1934,0.9059,-8.49,9.3,5.1,25.89
43041,0.1654,-0.176,0.8646,-11.33,9.1,6.21,25.9
43051,0.1267,-0.2153,0.804,-9.48,10.37,7.68,25.87
43061,0.0994,-0.2043,0.915,-7.25,9.19,7.01,25.91
43071,0.0918,-0.1838,0.9288,-10.21,7.21,5.65,25.87
43081,0.1134,-0.1965,0.9017,-13.22,7.47,4.75,25.9
43091,0.1222,-0.196,0.8621,-14.78,9.51,4.21,25.88
43101,0.0599,-0.2184,0.8739,-14.7,8.98,2.12,25.9
43111,0.0983,-0.2267,0.8317,-8.9,7.45,-0.14,25.9
43121,0.1132,-0.2155,0.8556,-4.41,7.94,0.37,25.88
43131,0.101,-0.2131,0.8867,-3.57,8.38,0.05,25.9
43141,0.1,-0.2102,0.8983,-3.27,4.05,-0.64,25.91
43151,0.1202,-0.1991,0.8668,-3.48,2.37,-0.7,25.91
43161,0.1152,-0.1962,0.8944,-4.09,4.06,-1.07,25.89
43171,0.1211,-0.1956,0.8556,-3.22,6.12,-0.76,25.9
43181,0.1356,-0.1967,0.8832,-2.95,7.76,-0.49,25.89
43191,0.1193,-0.1882,0.8857,-3.8,10.55,0.21,25.91
43201,0.1163,-0.2015,0.8933,-5.89,10.89,0.31,25.89
43211,0.1078,-0.2028,0.8875,-6.63,10.17,0.21,25.93
43221,0.1177,-0.1997,0.8993,-6.67,8.96,0.23,25.9
43231,0.1274,-0.2051,0.8511,-7.53,9.6,0.44,25.9
43241,0.1342,-0.2014,0.8865,-7.74,10.63,1.21,25.91
43251,0.1207,-0.2051,0.8678,-8.03,9.82,1.57,25.91
43261,0.0984,-0.1996,0.8785,-7.21,8.15,0.84,25.9
43271,0.0955,-0.2004,0.8802,-5.8,6.95,-0.4,25.93
43281,0.1194,-0.1986,0.8976,-6.15,4.03,-0.76,25.91
43291,0.1215,-0.1948,0.8724,-7.88,4.27,-0.72,25.9
43301,0.1333,-0.2046,0.8494,-7.89,6.72,-0.41,25.92
43311,0.1218,-0.1993,0.8735,-7.44,9.1,-0.18,25.91
43321,0.1208,-0.196,0.8969,-8.29,10.0,0.12,25.94
43331,0.1134,-0.2015,0.8809,-9.51,9.68,-0.02,25.91
43341,0.1174,-0.204,0.8896,-9.08,7.82,-0.06,25.89
43351,0.1218,-0.2012,0.8784,-9.53,9.04,-0.15,25.92
43361,0.1167,-0.2124,0.8762,-9.71,9.44,-0.06,25.89
43371,0.1106,-0.2111,0.8704,-8.84,9.37,-0.21,25.92
43381,0.0911,-0.2072,0.8676,-8.05,8.49,-0.38,25.92
43391,0.0905,-0.2061,0.9193,-8.12,2.0,-1.01,25.91
43401,0.124,-0.2048,0.8517,-7.63,1.44,-1.47,25.9
43411,0.1533,-0.2043,0.8322,-6.41,6.03,-1.01,25.93
43421,0.1372,-0.1982,0.8412,-4.99,12.15,-1.05,25.92
43431,0.1017,-0.2067,0.9102,-4.82,12.72,-1.33,25.93
43441,0.1018,-0.2151,0.9,-5.88,7.34,-0.96,25.92
43451,0.1206,-0.2102,0.8657,-5.88,3.73,-0.27,25.92
43461,0.1469,-0.1969,0.858,-5.89,7.08,0.2,25.9
43471,0.1311,-0.1971,0.8641,-6.64,14.23,0.82,25.92
43481,0.1023,-0.2036,0.9105,-7.98,15.44,0.9,25.89
43491,0.0996,-0.2203,0.8512,-6.44,10.82,0.23,25.92
43501,0.1013,-0.2073,0.8887,-3.94,6.72,-0.05,25.92
43511,0.0996,-0.1993,0.9219,-5.13,5.18,-0.55,25.9
43521,0.11,-0.2023,0.9104,-7.18,2.79,-0.99,25.92
43531,0.1172,-0.1976,0.9045,-9.77,1.92,-1.11,25.91
43541,0.1224,-0.2031,0.8855,-11.68,1.74,-1.31,25.92
43551,0.1321,-0.2104,0.8615,-10.84,2.52,-1.24,25.89
43561,0.1324,-0.2057,0.8496,-9.76,3.92,-0.92,25.89
43571,0.1434,-0.22,0.8291,-6.9,6.9,-0.49,25.9
43581,0.1226,-0.2122,0.8602,-4.41,8.52,-0.26,25.9
43591,0.0977,-0.2123,0.8934,-4.32,9.18,-1.76,25.92
43601,0.1292,-0.2111,0.8524,-4.21,8.23,-2.63,25.91
43611,0.1277,-0.2046,0.8679,-2.89,10.05,-1.34,25.9
43621,0.1084,-0.1969,0.8984,-3.48,12.09,-1.02,25.93
43631,0.0913,-0.201,0.9329,-5.98,9.3,-1.42,25.9
43641,0.1053,-0.2007,0.8983,-8.52,5.39,-2.72,25.92
43651,0.1198,-0.2079,0.854,-9.1,3.54,-3.66,25.91
43661,0.1398,-0.2118,0.8379,-7.63,5.76,-4.11,25.92
43671,0.1371,-0.2115,0.8268,-4.4,8.53,-3.28,25.92
43681,0.1337,-0.2072,0.8774,-1.91,9.24,-2.4,25.91
43691,0.1266,-0.1949,0.908,-2.31,8.26,-0.6,25.91
43701,0.1141,-0.1974,0.9061,-4.12,6.34,-0.02,25.93
43711,0.1257,-0.1954,0.8906,-6.12,6.29,-0.09,25.93
43721,0.1304,-0.2026,0.8647,-7.07,7.71,0.0,25.92
43731,0.1215,-0.2172,0.8357,-4.58,7.59,0.09,25.92
43741,0.1238,-0.2091,0.875,-1.36,7.51,0.2,25.89
43751,0.1113,-0.2067,0.8694,-0.92,6.64,0.08,25.94
43761,0.1144,-0.2147,0.89,-0.64,5.34,-0.49,25.92
43771,0.1178,-0.1976,0.8889,-1.27,5.5,-1.89,25.94
43781,0.1278,-0.1953,0.8926,-3.19,6.44,-2.76,25.92
43791,0.1409,-0.1906,0.8756,-3.73,6.67,-1.71,25.93
43801,0.1307,-0.2021,0.8519,-2.29,6.18,-0.03,25.91
43811,0.1338,-0.1951,0.8621,-0.55,7.44,0.29,25.93
43821,0.1237,-0.1875,0.8979,-1.31,8.78,0.43,25.92
43831,0.1123,-0.1842,0.9164,-4.23,8.5,0.15,25.92
43841,0.1117,-0.1948,0.8948,-6.5,6.55,-0.2,25.92
43851,0.1266,-0.1976,0.8651,-6.52,5.8,-0.27,25.92
43861,0.1342,-0.1958,0.8583,-5.51,7.04,-0.09,25.91
43871,0.1295,-0.1876,0.8906,-5.97,8.96,-0.26,25.93
43881,0.1198,-0.1954,0.876,-6.76,8.55,-0.11,25.93
43891,0.1194,-0.1954,0.9034,-7.71,8.29,-0.63,25.9
43901,0.121,-0.1976,0.8792,-8.89,7.68,-0.75,25.93
43911,0.1202,-0.1993,0.8679,-8.63,7.71,-0.6,25.93
43921,0.1143,-0.2065,0.8583,-7.77,7.98,-1.42,25.9
43931,0.1064,-0.2081,0.8687,-6.21,8.32,-3.02,25.92
43941,0.1147,-0.2013,0.8712,-4.11,7.16,-3.71,25.93
43951,0.1144,-0.1945,0.8853,-3.97,6.27,-4.14,25.94
43961,0.1113,-0.1997,0.8898,-5.69,6.81,-5.5,25.92
43971,0.1143,-0.2073,0.8732,-7.28,7.01,-7.8,25.92
43981,0.1196,-0.2109,0.8552,-6.03,6.72,-8.9,25.92
43991,0.1385,-0.2018,0.8711,-3.19,5.63,-8.92,25.92
44001,0.1565,-0.1724,0.8911,-2.32,6.67,-6.72,25.93
44011,0.1682,-0.1648,0.9259,-5.28,8.32,-3.56,25.92
44021,0.1401,-0.1666,0.9164,-9.62,9.89,-0.29,25.94
44031,0.1185,-0.1866,0.8801,-12.2,10.26,-0.14,25.94
44041,0.1176,-0.2091,0.8715,-10.96,9.04,-0.24,25.94
44051,0.1189,-0.2057,0.848,-7.98,7.08,-0.29,25.91
44061,0.1281,-0.2054,0.8558,-4.4,5.63,-0.24,25.95
44071,0.1411,-0.1918,0.8837,-3.88,6.63,-0.06,25.92
44081,0.1335,-0.1877,0.8977,-6.35,9.19,0.2,25.93
44091,0.1213,-0.1943,0.8827,-8.2,10.23,0.27,25.92
44101,0.1141,-0.2046,0.8667,-7.79,9.31,0.11,25.92
44111,0.1199,-0.2059,0.863,-5.97,7.47,0.14,25.94
44121,0.1316,-0.1995,0.8551,-4.43,6.72,0.58,25.91
44131,0.1417,-0.1897,0.8784,-5.19,8.96,1.48,25.93
44141,0.1425,-0.1921,0.8988,-7.05,10.63,3.15,25.94
44151,0.1332,-0.1851,0.918,-10.2,11.71,5.02,25.93
44161,0.1216,-0.1929,0.911,-13.15,10.41,5.42,25.92
44171,0.1229,-0.2048,0.8818,-13.69,8.82,5.45,25.94
44181,0.1239,-0.2073,0.8331,-10.89,7.68,4.76,25.93
44191,0.1195,-0.2018,0.8395,-6.32,9.02,1.85,25.92
44201,0.1233,-0.2046,0.8802,-4.9,9.66,0.49,25.92
44211,0.1107,-0.1973,0.8909,-4.95,8.89,0.23,25.95
44221,0.118,-0.1946,0.9052,-6.49,7.57,0.11,25.92
44231,0.1249,-0.1958,0.8801,-7.92,7.53,0.0,25.92
44292,0.1176,-0.1987,0.8828,-8.27,8.73,8.05,25.93
44302,0.0964,-0.2068,0.8726,-8.0,9.56,6.46,25.94
44312,0.0837,-0.2063,0.8835,-7.83,9.39,3.37,25.91
44322,0.0957,-0.2098,0.8727,-7.19,7.63,0.79,25.94
44332,0.1171,-0.212,0.8629,-5.62,5.44,0.05,25.93
44342,0.1318,-0.2092,0.8599,-4.4,5.5,0.06,25.92
44352,0.1439,-0.1969,0.8921,-4.55,8.02,0.34,25.93
44362,0.1427,-0.1881,0.9031,-6.64,11.04,1.05,25.94
44372,0.1312,-0.196,0.9077,-8.9,10.44,2.6,25.94
44382,0.1107,-0.2069,0.8793,-8.64,7.1,3.86,25.93
44392,0.1008,-0.2272,0.7968,-4.32,3.95,3.48,25.92
44402,0.1135,-0.2338,0.8385,0.29,4.95,1.94,25.94
44412,0.1227,-0.2041,0.8398,3.51,6.52,0.55,25.94
44423,0.123,-0.1665,0.9739,-0.7,9.68,0.17,25.97
44433,0.0989,-0.1682,0.9802,-11.15,8.52,-0.43,25.95
44443,0.1039,-0.1814,0.8973,-16.53,7.3,-1.15,25.93
44453,0.1249,-0.204,0.8778,-18.29,5.34,-1.36,25.93
44463,0.1301,-0.2144,0.8219,-16.09,8.41,-0.85,25.94
44473,0.1472,-0.2219,0.8325,-11.3,10.66,0.0,25.93
44483,0.1191,-0.2139,0.828,-7.94,13.44,0.99,25.94
44493,0.0919,-0.2123,0.8889,-5.88,11.77,0.67,25.94
44503,0.0891,-0.2102,0.8915,-3.98,6.47,0.09,25.96
44513,0.1204,-0.1975,0.8883,-3.51,3.4,-0.34,25.94
44523,0.141,-0.1915,0.8895,-4.53,4.9,-0.43,25.92
44533,0.1382,-0.1923,0.881,-6.7,9.04,0.09,25.94
44543,0.1229,-0.2008,0.8878,-8.7,11.73,0.32,25.9
44553,0.1036,-0.219,0.8678,-7.94,9.83,0.09,25.95
44563,0.1016,-0.217,0.8743,-5.36,5.76,-0.23,25.93
44573,0.1191,-0.2029,0.886,-4.43,3.89,-0.67,25.93
44583,0.1296,-0.1912,0.8848,-5.98,5.6,-0.9,25.93
44593,0.1333,-0.1967,0.869,-7.8,8.4,-0.46,25.93
44603,0.1204,-0.1956,0.8787,-8.29,10.2,-1.19,25.96
44613,0.1112,-0.2073,0.8849,-7.74,8.87,-1.97,25.94
44623,0.105,-0.2098,0.8773,-7.08,6.08,-2.12,25.93
44633,0.1191,-0.2101,0.8706,-5.48,4.49,-2.29,25.95
44643,0.1112,-0.2087,0.8583,-4.47,5.88,-3.18,25.97
44653,0.1107,-0.2067,0.8583,-3.07,7.15,-4.9,25.94
44663,0.0961,-0.2035,0.8639,-0.76,6.98,-7.25,25.95
44673,0.0782,-0.2031,0.876,0.44,5.44,-10.14,25.94
44683,0.089,-0.2019,0.8672,1.95,3.08,-13.34,25.95
44693,0.1145,-0.2148,0.8646,4.49,1.89,-14.75,25.95
44703,0.1549,-0.2053,0.8689,5.01,3.51,-13.33,25.95
44713,0.1671,-0.1909,0.9036,4.08,4.6,-9.47,25.94
44723,0.1449,-0.1655,0.9315,-0.08,6.47,-6.76,25.93
44733,0.1271,-0.1765,0.9197,-4.84,6.58,-5.69,25.94
44743,0.1205,-0.1833,0.8882,-7.5,6.76,-5.86,25.94
44753,0.1251,-0.1935,0.8879,-8.38,7.05,-6.37,25.96
44763,0.1335,-0.1929,0.8615,-7.69,7.74,-5.89,25.95
44773,0.1461,-0.1901,0.8735,-6.55,8.27,-4.52,25.96
44783,0.1587,-0.1947,0.8529,-5.8,8.44,-2.31,25.94
44793,0.1478,-0.1884,0.8888,-5.62,9.18,-0.27,25.97
44803,0.1362,-0.1907,0.8815,-6.95,9.77,0.11,25.98
44813,0.1196,-0.199,0.8748,-7.13,8.84,-0.29,25.97
44823,0.1195,-0.1794,0.8887,-7.1,7.71,-0.5,25.98
44833,0.1254,-0.1794,0.8928,-8.63,8.26,-0.53,25.98
44843,0.1261,-0.1869,0.9027,-11.76,9.47,-0.38,25.94
44853,0.104,-0.2012,0.868,-12.84,8.78,-0.73,25.94
44863,0.0989,-0.2107,0.8583,-9.19,7.16,-1.39,25.94
44873,0.1151,-0.2019,0.8535,-5.34,6.73,-2.44,25.97
44883,0.1499,-0.1899,0.8696,-3.82,7.51,-1.97,25.98
44893,0.145,-0.1804,0.8887,-4.73,8.05,-0.05,25.96
44903,0.1354,-0.1914,0.8937,-7.44,10.15,0.44,25.95
44913,0.1282,-0.2098,0.8827,-9.37,10.85,1.68,25.96
44923,0.108,-0.2047,0.8964,-9.47,8.98,3.5,25.95
44933,0.124,-0.197,0.8861,-9.44,7.05,2.85,25.96
44943,0.1548,-0.2053,0.8767,-9.83,6.89,4.6,25.94
44953,0.1488,-0.1936,0.8756,-9.97,9.47,7.79,25.94
44963,0.1321,-0.1941,0.86,-10.37,12.56,6.52,25.96
44973,0.1266,-0.1959,0.9073,-10.18,12.02,6.75,25.97
44983,0.1321,-0.1934,0.8853,-10.49,9.21,6.89,25.98
44993,0.1475,-0.1857,0.8982,-10.7,6.52,8.27,25.95
45003,0.1284,-0.196,0.8665,-11.63,7.47,8.2,25.94
45013,0.1255,-0.1986,0.8715,-11.79,9.86,6.78,25.98
45023,0.1176,-0.2015,0.8785,-11.91,11.37,5.79,25.99
45033,0.1068,-0.208,0.868,-11.15,10.18,4.87,25.95
45043,0.1097,-0.213,0.868,-8.64,7.53,3.86,25.94
45053,0.1227,-0.205,0.8695,-6.7,6.6,2.9,25.95
45063,0.1398,-0.2015,0.8776,-6.55,7.98,2.75,25.94
45073,0.1318,-0.2043,0.8818,-7.95,9.83,2.61,25.96
45083,0.1395,-0.2177,0.8849,-8.85,9.44,2.53,25.93
45093,0.1586,-0.2164,0.8716,-8.56,7.28,4.35,25.95
45103,0.1575,-0.2004,0.8719,-8.0,6.9,6.55,25.96
45113,0.1427,-0.1981,0.86,-7.42,8.46,7.74,25.97
45123,0.0968,-0.2048,0.8799,-8.06,12.09,5.16,25.95
45133,0.0845,-0.2163,0.8876,-8.17,11.62,0.63,25.94
45143,0.0881,-0.2228,0.887,-5.88,5.66,-0.27,25.97
45153,0.113,-0.2201,0.8683,-3.63,1.79,-0.72,25.96
45163,0.1306,-0.2073,0.8617,-2.93,3.24,-0.58,25.96
45173,0.1354,-0.198,0.8751,-3.98,7.37,-0.06,25.95
45183,0.1263,-0.1881,0.9028,-6.6,11.91,0.49,25.95
45193,0.104,-0.1942,0.9104,-10.24,12.89,0.38,25.97
45203,0.0909,-0.2045,0.8831,-10.89,9.8,-0.17,25.96
45213,0.1055,-0.2119,0.8508,-8.5,5.48,-0.47,25.98
45223,0.1112,-0.2321,0.7634,-3.18,3.48,-0.03,25.97
45233,0.1489,-0.2104,0.8676,3.45,4.85,0.38,25.96
45243,0.1342,-0.1764,0.9285,0.56,11.07,0.76,25.98
45253,0.1052,-0.1821,0.9679,-7.4,12.15,0.24,25.96
45263,0.092,-0.2051,0.9281,-13.01,8.9,-0.43,25.97
45273,0.1062,-0.22,0.8564,-12.99,3.69,-1.11,25.95
45283,0.1403,-0.2239,0.8331,-9.44,3.79,-1.07,25.96
45293,0.1492,-0.2086,0.8241,-6.24,6.98,-0.32,25.96
45303,0.134,-0.2045,0.8693,-5.11,10.89,0.29,25.97
45313,0.1073,-0.2003,0.9136,-6.6,11.36,0.29,25.97
45323,0.0931,-0.2052,0.9166,-8.17,8.03,-0.38,25.96
45333,0.1101,-0.2039,0.8816,-7.97,4.0,-0.93,25.97
45343,0.1342,-0.2046,0.853,-7.71,3.85,-1.07,25.99
45353,0.1445,-0.2072,0.8499,-7.02,7.8,-0.64,25.96
45363,0.125,-0.2141,0.8549,-5.89,10.85,-0.31,25.96
45373,0.1075,-0.2111,0.8931,-4.85,10.56,-0.41,25.97
45383,0.1014,-0.2036,0.908,-5.57,7.53,-0.53,25.97
45393,0.1141,-0.2107,0.8756,-6.46,4.66,-0.79,25.97
45403,0.1172,-0.2173,0.8555,-5.53,4.4,-1.53,25.97
45413,0.1093,-0.222,0.8595,-4.99,8.05,-4.15,25.98
45423,0.1101,-0.2159,0.8705,-4.2,10.0,-6.76,25.96
45433,0.1086,-0.2114,0.884,-3.01,7.86,-5.98,25.96
45443,0.0928,-0.2124,0.8809,-3.04,5.74,-6.64,25.95
45453,0.1013,-0.2102,0.8739,-3.37,6.38,-8.11,25.97
45463,0.1096,-0.208,0.8678,-4.6,8.37,-9.63,25.94
45473,0.1128,-0.2131,0.8704,-3.82,8.73,-9.97,25.94
45483,0.1361,-0.2061,0.8744,-2.46,7.11,-8.09,25.99
45493,0.1385,-0.1897,0.9067,-2.41,6.4,-5.89,25.98
45503,0.1299,-0.1891,0.8947,-3.68,6.29,-4.56,25.98
45513,0.1331,-0.1882,0.8854,-3.3,6.49,-4.47,25.98
45523,0.1327,-0.1891,0.894,-3.44,6.96,-4.43,25.94
45533,0.1379,-0.1927,0.8921,-4.52,7.68,-4.79,25.98
45543,0.1353,-0.2037,0.8679,-5.27,6.67,-3.44,25.99
45553,0.1357,-0.209,0.8586,-4.7,6.02,-2.64,25.97
45563,0.1292,-0.2117,0.8521,-4.14,6.92,-2.9,25.97
45573,0.0972,-0.2103,0.8835,-4.7,9.53,-6.64,25.97
45583,0.1163,-0.2018,0.8744,-4.73,8.64,-9.31,25.95
45593,0.1462,-0.1963,0.8997,-3.44,5.07,-7.91,25.97
45603,0.141,-0.1865,0.8751,-4.44,5.08,-7.18,25.99
45613,0.1779,-0.1909,0.8706,-4.63,6.26,-6.17,25.97
45623,0.1959,-0.182,0.8649,-4.47,8.09,-2.34,25.98
45633,0.1598,-0.1748,0.92,-6.78,11.5,0.15,25.99
45643,0.127,-0.1948,0.8938,-10.2,12.75,0.64,25.97
45653,0.1238,-0.2091,0.8856,-10.03,11.27,0.37,25.95
45663,0.1252,-0.2124,0.8778,-9.08,8.93,0.27,25.96
45673,0.1339,-0.212,0.8752,-7.95,8.23,0.05,25.96
45683,0.137,-0.1986,0.887,-7.97,8.58,0.32,25.97
45693,0.1287,-0.1963,0.8721,-8.41,9.15,0.61,25.98
45703,0.136,-0.1986,0.8827,-7.82,9.1,1.56,25.97
45713,0.1306,-0.1888,0.8834,-8.14,8.92,3.56,25.97
45723,0.1249,-0.1895,0.8901,-9.08,9.07,4.32,25.98
45733,0.1226,-0.1931,0.8762,-10.18,9.16,4.76,25.98
45743,0.1199,-0.1931,0.8666,-9.59,8.93,3.6,25.97
45753,0.1255,-0.1993,0.8694,-8.79,8.66,5.05,25.97
45763,0.1208,-0.1884,0.8833,-9.07,10.09,4.27,25.96
45773,0.1277,-0.226,0.8474,-8.98,8.69,4.4,25.98
45783,0.1573,-0.2112,0.8818,-6.87,8.44,8.24,25.96
45793,0.1409,-0.1827,0.8568,-7.42,9.16,8.99,25.97
45803,0.1409,-0.192,0.8806,-6.84,10.21,8.75,25.97
45813,0.1182,-0.1846,0.8953,-7.86,10.44,8.99,25.98
45823,0.1239,-0.1913,0.9117,-9.45,10.6,8.0,25.98
45833,0.158,-0.1996,0.9086,-12.14,9.57,9.15,25.97
45843,0.1769,-0.182,0.8978,-14.12,8.2,13.98,25.97
45853,0.1494,-0.2004,0.8647,-15.69,9.59,16.99,25.97
45863,0.1243,-0.219,0.8486,-15.91,12.98,16.23,25.96
45873,0.108,-0.2451,0.8064,-11.42,11.97,15.18,25.96
45883,0.0425,-0.2495,0.8317,-3.21,9.98,12.17,25.94
45893,0.0011,-0.2313,0.8683,0.21,9.63,3.56,25.98
45903,0.0804,-0.2118,0.9172,1.24,3.19,-1.19,25.96
45913,0.1051,-0.1926,0.9056,-0.35,-1.25,-2.81,25.96
45923,0.1549,-0.1909,0.8625,-2.89,1.1,-3.34,25.99
45933,0.1647,-0.1899,0.8447,-4.66,8.0,-1.08,25.98
45943,0.1294,-0.191,0.8821,-5.56,13.04,0.6,25.99
45953,0.1016,-0.1975,0.9194,-6.73,13.13,0.67,26.0
45964,0.0907,-0.2036,0.9241,-9.19,8.24,-0.05,25.99
45974,0.0957,-0.2095,0.8563,-9.74,5.45,-0.63,25.98
45984,0.1287,-0.2389,0.7837,-4.26,2.81,-0.43,25.99
45994,0.1329,-0.2103,0.8413,0.96,6.2,0.18,25.99
46004,0.1216,-0.2091,0.9266,-0.08,10.06,0.24,25.98
46014,0.0898,-0.188,0.9386,-4.53,9.48,-0.89,25.96
46024,0.1025,-0.1887,0.9614,-11.44,7.77,-0.76,25.96
46034,0.0962,-0.1901,0.8849,-15.56,6.53,-1.02,26.0
46044,0.1168,-0.217,0.8453,-14.47,6.79,-0.98,25.97
46054,0.1173,-0.2167,0.8151,-9.97,8.44,-0.5,25.97
46064,0.1246,-0.2158,0.8456,-6.37,9.82,0.02,25.98
46074,0.1129,-0.2157,0.8806,-5.05,9.74,0.11,25.98
46084,0.0977,-0.2075,0.9103,-6.44,8.18,-0.31,25.98
46094,0.1077,-0.2139,0.8877,-8.21,6.06,-0.64,25.97
46104,0.1235,-0.2178,0.8489,-8.2,5.92,-0.67,25.97
46114,0.1328,-0.2201,0.8491,-6.81,7.66,-0.35,25.99
46124,0.1176,-0.2056,0.8552,-4.93,9.28,-0.32,25.96
46134,0.1099,-0.1937,0.9135,-5.54,9.91,-1.37,26.01
46144,0.1039,-0.203,0.8951,-7.59,7.94,-2.55,25.98
46154,0.1023,-0.2079,0.88,-7.91,5.18,-2.81,25.98
46164,0.1176,-0.2122,0.87,-6.61,4.31,-3.01,25.97
46174,0.1249,-0.2216,0.8514,-5.76,5.86,-3.33,25.98
46184,0.1132,-0.2239,0.8499,-4.32,8.67,-4.49,25.97
46194,0.1083,-0.2153,0.8647,-2.32,8.5,-5.66,25.98
46204,0.105,-0.2081,0.8931,-1.6,6.53,-5.98,25.98
46214,0.1055,-0.22,0.8798,-0.96,4.27,-6.6,25.98
46224,0.1199,-0.2135,0.8696,-0.24,4.44,-7.89,25.98
46234,0.1146,-0.1992,0.8979,-0.99,6.35,-9.1,26.0
46244,0.1143,-0.2015,0.8938,-2.92,8.12,-10.82,25.96
46254,0.1123,-0.208,0.8802,-3.05,7.18,-11.45,25.95
46264,0.1166,-0.2095,0.8745,-2.09,5.79,-11.47,25.99
46274,0.1489,-0.1871,0.9178,-3.4,6.26,-10.84,25.96
46284,0.1569,-0.1769,0.896,-7.47,7.37,-7.47,25.94
46294,0.147,-0.1882,0.911,-10.58,8.24,-4.38,25.97
46304,0.1206,-0.2114,0.8401,-11.39,7.92,-3.24,25.97
46314,0.1014,-0.2338,0.8149,-6.55,6.98,-4.0,25.97
46324,0.0956,-0.2281,0.8136,1.88,4.7,-5.65,25.99
46334,0.0851,-0.2042,0.9034,3.79,7.21,-10.4,25.99
46344,0.0985,-0.1925,0.9011,1.92,6.12,-13.5,25.99
46354,0.099,-0.1881,0.911,0.24,4.76,-14.56,25.97
46364,0.1173,-0.1818,0.8909,-2.46,4.37,-15.5,25.99
46374,0.1483,-0.1852,0.8885,-4.06,5.37,-14.32,25.97
46384,0.141,-0.183,0.8685,-5.18,7.51,-12.11,25.95
46394,0.1465,-0.1908,0.8751,-5.5,9.31,-9.79,25.98
46404,0.1334,-0.188,0.8785,-5.01,9.65,-6.87,26.0
46414,0.1587,-0.1959,0.8921,-5.01,8.0,-5.01,25.99
46424,0.1571,-0.1946,0.8829,-4.67,6.81,-4.09,25.97
46434,0.2013,-0.1812,0.8932,-5.94,6.61,-1.85,25.98
46444,0.1627,-0.181,0.8713,-7.76,8.69,0.64,25.97
46454,0.1532,-0.1895,0.8649,-9.1,12.2,2.03,25.97
46464,0.1327,-0.1968,0.886,-10.21,13.39,4.72,25.98
46474,0.1335,-0.1998,0.9117,-11.44,11.19,7.63,25.98
46484,0.1354,-0.1946,0.9183,-14.21,9.45,10.23,25.98
46494,0.135,-0.1978,0.8942,-16.27,9.77,10.89,25.97
46504,0.1434,-0.2031,0.8784,-17.31,11.59,11.37,25.99
46514,0.1318,-0.2107,0.8728,-16.73,13.34,11.73,25.99
46524,0.1373,-0.2079,0.8705,-14.55,13.08,12.4,26.0
46534,0.1107,-0.208,0.8931,-13.68,12.69,12.58,25.97
46544,0.0752,-0.1843,0.8754,-15.11,11.68,9.92,26.01
46554,0.0916,-0.1908,0.8563,-16.14,9.28,6.96,25.97
46564,0.1013,-0.2139,0.8102,-14.5,8.73,5.04,25.95
46574,0.1111,-0.2195,0.8271,-10.02,9.98,3.4,25.95
46584,0.1034,-0.218,0.8733,-5.82,10.14,0.53,25.99
46594,0.103,-0.2081,0.9318,-4.52,7.25,-0.08,25.97
46604,0.1135,-0.2014,0.9139,-6.32,4.84,-0.61,25.99
46614,0.1345,-0.2008,0.8745,-8.37,5.62,-0.52,25.99
46624,0.134,-0.2169,0.8402,-8.35,8.66,-0.08,26.02
46634,0.1246,-0.2219,0.8502,-6.64,10.15,0.09,26.0
46644,0.118,-0.2184,0.87,-4.66,8.85,0.23,25.98
46654,0.1213,-0.2103,0.8691,-3.37,6.35,0.32,25.98
46664,0.135,-0.2094,0.8694,-2.63,6.02,0.26,25.98
46674,0.1317,-0.2037,0.8788,-2.69,7.77,0.12,26.0
46684,0.1184,-0.2043,0.8921,-3.95,9.3,0.27,25.98
46694,0.1104,-0.1974,0.9067,-5.83,9.04,0.06,25.97
46704,0.1095,-0.2031,0.899,-7.97,7.04,-0.38,25.97
46714,0.1189,-0.2063,0.86,-8.41,5.76,-0.63,25.98
46724,0.1329,-0.2146,0.8362,-7.19,6.52,-0.35,25.99
46734,0.1387,-0.2106,0.853,-5.59,8.75,0.15,26.0
46744,0.1366,-0.2042,0.8928,-6.41,11.18,0.49,26.0
46754,0.1169,-0.2074,0.9153,-9.05,11.63,0.43,26.01
46764,0.1104,-0.2183,0.8915,-10.2,9.28,0.12,25.99
46774,0.1163,-0.2338,0.8114,-6.17,4.99,0.63,26.0
46784,0.1306,-0.2231,0.8433,0.78,3.79,1.71,25.98
46794,0.1423,-0.1932,0.9305,0.64,8.52,1.73,25.99
46804,0.1171,-0.1775,0.9272,-6.69,12.46,1.33,26.0
46814,0.1073,-0.197,0.9469,-11.56,11.44,1.45,26.0
46824,0.0963,-0.2035,0.8883,-13.19,6.64,2.15,25.98
46834,0.121,-0.218,0.8595,-11.76,4.14,2.53,26.0
46844,0.1124,-0.2212,0.8243,-9.68,7.18,1.39,26.02
46854,0.1313,-0.2185,0.8356,-7.37,10.64,0.32,26.0
46864,0.1095,-0.2144,0.8701,-5.82,11.04,0.49,25.98
46874,0.1013,-0.2128,0.9022,-6.11,8.5,-0.06,26.01
46884,0.1094,-0.2173,0.8907,-6.61,4.46,-0.73,25.98
46894,0.1311,-0.209,0.8511,-5.65,3.22,-0.9,26.0
46904,0.1428,-0.2063,0.8585,-4.93,7.02,-0.56,25.98
46914,0.1302,-0.202,0.8766,-5.59,10.24,-0.27,25.97
46924,0.1035,-0.2091,0.8975,-6.05,9.85,-0.27,25.99
46934,0.0999,-0.2139,0.8884,-5.85,6.84,-0.99,26.01
46944,0.1136,-0.212,0.8624,-4.31,4.41,-2.35,26.0
46954,0.1244,-0.2139,0.866,-3.18,5.05,-2.84,26.03
46964,0.0917,-0.2167,0.8457,-2.58,7.77,-5.79,26.0
46974,0.0902,-0.2201,0.8615,-0.49,7.88,-8.89,26.02
46984,0.0986,-0.2151,0.8768,1.39,5.21,-10.18,26.02
46994,0.1274,-0.2219,0.8612,2.98,1.5,-9.08,26.01
47004,0.1406,-0.2104,0.8696,3.86,1.48,-7.1,25.99
47014,0.116,-0.1934,0.9155,0.58,6.56,-8.81,25.98
47024,0.1316,-0.1919,0.8938,-3.18,8.52,-10.23,25.98
47034,0.1464,-0.183,0.8967,-3.51,6.35,-7.34,25.98
47044,0.1454,-0.1838,0.8947,-4.93,5.42,-4.66,25.98
47054,0.1459,-0.182,0.8818,-7.63,7.8,-3.11,25.99
47064,0.15,-0.1886,0.8795,-9.76,10.49,-1.45,26.0
47074,0.1248,-0.1976,0.8839,-10.73,11.34,0.05,25.98
47084,0.1097,-0.2026,0.8842,-10.81,10.63,-0.11,26.0
47094,0.0983,-0.2089,0.8809,-10.38,8.09,-0.61,26.02
47104,0.0457,-0.2067,0.8699,-9.82,6.6,-3.36,25.99
47114,0.0947,-0.2119,0.8865,-9.42,7.63,-7.07,26.0
47124,0.1205,-0.2052,0.8767,-10.26,8.81,-7.19,25.99
47134,0.156,-0.2062,0.8619,-9.39,7.28,-5.42,26.02
47144,0.2274,-0.2065,0.8553,-6.29,5.22,-0.95,26.0
47154,0.1909,-0.1954,0.8472,-5.48,9.6,4.18,26.01
47164,0.1454,-0.1925,0.9034,-9.28,15.08,7.66,25.99
47174,0.1007,-0.2084,0.9142,-10.93,13.48,7.59,26.01
47184,0.1243,-0.2184,0.9376,-13.91,11.01,6.85,26.02
47194,0.1396,-0.1992,0.8773,-17.83,12.43,7.25,25.99
47204,0.1372,-0.2106,0.8186,-16.56,14.81,7.56,25.99
47214,0.1057,-0.2177,0.8409,-12.72,15.24,6.08,25.99
47224,0.0797,-0.2169,0.8857,-8.89,11.37,2.96,26.02
47235,0.105,-0.2188,0.8868,-6.15,6.14,-0.15,26.01
47245,0.1373,-0.209,0.8514,-4.69,5.8,-0.24,26.02
47255,0.1429,-0.2069,0.8531,-4.53,8.87,0.21,26.0
47265,0.1173,-0.214,0.892,-4.75,10.0,0.46,26.0
47275,0.1022,-0.2195,0.9059,-4.98,7.6,-0.03,26.0
47285,0.1069,-0.2084,0.8835,-5.33,5.77,-1.15,26.0
47295,0.1295,-0.2075,0.8503,-4.84,6.0,-1.89,26.0
47305,0.1453,-0.2146,0.8601,-4.24,8.58,-0.08,26.0
47315,0.1252,-0.2115,0.8822,-4.92,10.26,1.11,26.0
47325,0.0996,-0.2123,0.9043,-5.42,8.9,1.15,26.0
47335,0.0992,-0.2075,0.8939,-6.31,6.5,0.31,26.03
47345,0.1169,-0.1956,0.8712,-7.92,7.02,-0.4,26.02
47355,0.1266,-0.202,0.868,-10.44,8.58,-0.26,26.0
47365,0.1135,-0.2148,0.8561,-9.59,9.15,-0.02,26.0
47375,0.1074,-0.224,0.866,-7.48,8.99,-0.09,25.99
47385,0.1041,-0.2255,0.8719,-5.21,7.63,-0.03,25.99
47395,0.1167,-0.2177,0.8729,-3.89,6.78,-0.06,26.03
47405,0.1193,-0.208,0.8824,-4.73,7.47,0.14,25.99
47415,0.1173,-0.2118,0.885,-5.88,8.5,0.5,26.0
47425,0.1128,-0.2202,0.8737,-5.36,8.35,0.95,25.98
47435,0.155,-0.2209,0.8596,-3.54,7.28,3.19,26.01
47445,0.1517,-0.2001,0.8839,-3.37,6.75,7.42,25.99
47455,0.1102,-0.183,0.9258,-7.36,7.77,8.34,26.01
47465,0.0928,-0.1952,0.9293,-13.47,8.43,6.17,26.02
47475,0.1132,-0.2095,0.8787,-16.55,7.57,4.82,26.0
47485,0.1084,-0.2162,0.8405,-16.82,8.96,3.27,26.01
47495,0.0897,-0.2241,0.8303,-14.35,10.52,1.56,26.02
47505,0.1035,-0.2335,0.848,-9.69,9.28,-0.15,26.03
47515,0.1125,-0.2231,0.8678,-5.94,6.96,-0.49,26.0
47525,0.1227,-0.2133,0.8685,-4.78,6.18,-0.95,26.02
47535,0.127,-0.2148,0.8665,-4.75,6.73,-1.16,26.02
47545,0.1196,-0.2146,0.8706,-4.11,6.99,-1.05,26.0
47555,0.1141,-0.2036,0.8778,-2.9,6.67,-1.73,26.0
47565,0.1183,-0.2042,0.9034,-4.06,6.18,-2.27,25.99
47575,0.1071,-0.2109,0.8888,-5.6,5.51,-3.05,25.99
47585,0.1039,-0.2178,0.8671,-5.19,4.87,-5.28,25.97
47595,0.0837,-0.2347,0.8551,-4.89,6.37,-7.47,26.02
47605,0.0824,-0.2345,0.8535,-3.15,6.35,-10.14,26.03
47615,0.0959,-0.226,0.8586,1.21,4.27,-12.29,26.0
47625,0.1145,-0.2217,0.8552,3.39,4.41,-13.11,26.01
47635,0.1262,-0.2094,0.8729,3.18,6.03,-13.19,26.01
47645,0.1461,-0.2046,0.8817,3.21,6.44,-11.97,26.0
47655,0.1394,-0.1901,0.912,2.95,5.59,-9.5,26.01
47665,0.1389,-0.1813,0.9226,-0.72,6.99,-8.6,26.01
47675,0.1548,-0.1816,0.9138,-5.15,8.29,-6.66,26.01
47685,0.1567,-0.1926,0.8876,-7.89,8.7,-3.94,26.02
47695,0.1415,-0.2041,0.8701,-8.64,9.4,-1.94,25.99
47705,0.1274,-0.2074,0.8721,-8.14,9.57,-0.81,26.01
47715,0.1176,-0.2064,0.8864,-7.62,8.85,-0.46,26.03
47725,0.1184,-0.2026,0.8884,-7.18,8.02,-0.61,26.04
47735,0.1239,-0.1935,0.8961,-8.6,8.87,-0.87,26.02
47745,0.1177,-0.1979,0.8951,-10.84,9.91,-0.75,26.03
47755,0.118,-0.2053,0.8925,-12.23,9.86,-0.67,26.0
47765,0.0632,-0.2026,0.8872,-13.47,10.56,-1.98,26.03
47775,0.0825,-0.2277,0.8309,-11.45,11.6,-5.97,25.99
47785,0.1624,-0.2268,0.8193,-6.09,10.82,-5.08,26.0
47795,0.1654,-0.2109,0.8593,-2.0,8.66,-2.32,26.01
47805,0.132,-0.2004,0.9125,-2.72,7.91,-0.08,26.01
47815,0.1261,-0.1968,0.9332,-6.47,8.03,0.4,26.02
47825,0.1558,-0.219,0.9044,-10.23,8.87,3.02,26.02
47835,0.1573,-0.2266,0.8496,-11.71,12.05,7.94,26.0
47845,0.1416,-0.2253,0.8287,-10.02,14.69,12.27,25.99
47855,0.1152,-0.2209,0.8489,-5.98,15.59,13.42,26.02
47865,0.1221,-0.204,0.9348,-7.98,15.24,14.37,26.0
47875,0.0535,-0.175,0.9445,-12.85,12.76,10.56,26.01
47885,0.0911,-0.2037,0.9348,-16.69,9.05,4.6,26.0
47895,0.0985,-0.2067,0.8575,-17.3,9.05,4.31,26.0
47905,0.1224,-0.2145,0.7694,-12.53,10.41,4.03,26.0
47915,0.1216,-0.2196,0.8033,-5.89,12.0,3.77,26.01
47925,0.088,-0.2177,0.8961,-2.73,11.24,2.75,26.0
47935,0.079,-0.2212,0.9315,-2.29,6.72,0.49,26.01
47945,0.1056,-0.2112,0.9124,-3.4,3.91,-0.44,26.03
47955,0.131,-0.2017,0.8655,-5.59,5.07,-0.43,25.98
47965,0.132,-0.2072,0.8462,-6.85,8.47,0.08,26.04
47975,0.1205,-0.2109,0.8619,-6.43,10.09,0.64,26.02
47985,0.1014,-0.2192,0.8892,-5.24,9.11,0.53,26.01
47995,0.0974,-0.2158,0.8966,-4.27,6.5,-0.03,26.03
48005,0.1108,-0.2046,0.8967,-5.04,5.76,-0.49,26.03
48015,0.1211,-0.204,0.8793,-7.53,7.19,-0.63,26.03
48025,0.1162,-0.2117,0.8601,-8.43,8.52,-0.46,26.04
48035,0.1034,-0.2173,0.8557,-6.85,8.38,-0.32,26.02
48045,0.1084,-0.2168,0.8685,-5.02,7.63,-0.58,26.03
48055,0.1084,-0.2123,0.8654,-3.82,6.98,-1.28,26.03
48065,0.1173,-0.2091,0.8778,-3.36,6.98,-1.68,26.03
48075,0.1113,-0.2074,0.8884,-4.27,7.53,-1.48,26.0
48085,0.1085,-0.2102,0.8971,-5.4,7.36,-1.44,26.01
48095,0.1122,-0.2107,0.8982,-6.64,6.89,-0.78,26.03
48105,0.1157,-0.212,0.8773,-7.6,7.22,-0.29,26.02
48115,0.1158,-0.2167,0.8595,-7.8,8.17,-0.14,26.02
48125,0.1085,-0.2144,0.8741,-7.18,8.58,-0.08,26.03
48135,0.105,-0.2179,0.8788,-6.78,7.82,-0.18,26.02
48145,0.1095,-0.2139,0.8765,-6.0,6.96,-0.38,26.04
48155,0.115,-0.208,0.8696,-6.06,7.08,-0.35,26.03
48165,0.1194,-0.2111,0.8586,-5.71,8.11,-0.09,26.02
48175,0.1174,-0.2087,0.8792,-5.21,8.81,0.05,26.03
48185,0.105,-0.209,0.8969,-5.65,8.34,0.06,26.03
48195,0.1078,-0.2109,0.9025,-6.35,7.05,-0.34,26.02
48205,0.1165,-0.2069,0.8951,-7.8,7.02,-0.34,26.02
48215,0.1311,-0.2129,0.8658,-8.6,8.11,0.03,26.01
48225,0.1279,-0.2057,0.9214,-10.12,9.62,1.56,26.03
48295,0.1219,-0.2104,0.8688,-14.34,7.89,-0.11,26.01
48305,0.113,-0.2209,0.8395,-12.72,7.79,-0.93,26.05
48315,0.1003,-0.2184,0.8247,-8.84,7.69,-2.03,26.01
48325,0.1135,-0.2291,0.8386,-3.92,6.81,-2.52,26.03
48335,0.1199,-0.2129,0.8727,-1.54,6.66,-2.24,25.99
48345,0.11,-0.2091,0.8915,-2.56,6.12,-3.3,26.03
48355,0.1217,-0.2185,0.9073,-3.94,4.98,-3.68,26.05
48365,0.1421,-0.2107,0.8861,-6.55,6.27,-0.6,26.03
48375,0.1505,-0.2228,0.8549,-7.83,9.13,1.59,26.03
48385,0.1342,-0.22,0.8586,-7.57,11.6,4.18,26.03
48395,0.1091,-0.2158,0.8704,-6.76,11.37,4.35,26.04
48405,0.0977,-0.2118,0.8988,-5.97,9.76,2.82,26.03
48415,0.0964,-0.2186,0.8807,-5.37,7.39,0.78,26.04
48425,0.124,-0.2172,0.8688,-3.31,6.95,0.37,26.03
48435,0.1199,-0.205,0.8687,-3.27,8.89,1.04,26.04
48445,0.1123,-0.2081,0.8806,-3.66,9.8,1.21,26.03
48455,0.0979,-0.2096,0.8956,-3.28,8.55,0.7,26.02
48465,0.1035,-0.2148,0.8861,-2.56,6.38,-0.08,26.02
48475,0.1135,-0.2074,0.8735,-3.16,6.08,-0.08,26.05
48485,0.1189,-0.2078,0.8707,-3.85,7.45,0.05,26.06
48495,0.1056,-0.2081,0.8806,-4.67,8.31,-0.31,26.04
48505,0.0861,-0.208,0.8895,-4.56,7.31,-2.02,26.04
48515,0.0847,-0.2031,0.9039,-4.56,5.01,-4.31,26.03
48525,0.1,-0.2046,0.8953,-5.05,3.08,-6.0,26.05
48535,0.1406,-0.2074,0.8641,-6.17,4.4,-4.47,26.04
48545,0.1328,-0.2035,0.8486,-7.01,7.79,-2.15,26.04
48555,0.11,-0.2113,0.8638,-6.31,9.42,-1.31,26.02
48565,0.0895,-0.2047,0.8962,-5.56,8.06,-2.09,26.04
48575,0.0983,-0.2094,0.9215,-6.6,5.39,-4.09,26.02
48585,0.1071,-0.2192,0.8699,-6.72,3.6,-4.95,26.04
48595,0.1344,-0.2135,0.8384,-5.71,4.56,-4.43,26.06
48605,0.1346,-0.2134,0.8406,-4.47,7.07,-3.19,26.05
48615,0.1188,-0.2251,0.8446,-1.92,7.71,-1.86,26.02
48625,0.104,-0.2166,0.8694,1.47,6.11,-1.94,26.03
48635,0.1068,-0.198,0.9039,2.61,4.67,-2.93,26.04
48645,0.1195,-0.2015,0.926,0.0,4.06,-3.37,26.01
48655,0.1233,-0.1924,0.9122,-3.98,5.05,-2.75,26.03
48665,0.1277,-0.2061,0.8811,-6.21,5.69,-2.82,26.05
48675,0.1285,-0.2069,0.8635,-6.09,6.41,-2.0,26.04
48685,0.1271,-0.2041,0.8615,-5.53,7.39,-1.57,26.06
48695,0.1213,-0.1974,0.8856,-5.69,7.92,-1.54,26.03
48705,0.1227,-0.1992,0.9059,-6.95,7.63,-1.22,26.06
48715,0.132,-0.201,0.8918,-8.44,7.51,-0.58,26.05
48725,0.1322,-0.1982,0.8733,-9.94,8.75,-0.09,26.04
48735,0.1265,-0.2087,0.8755,-10.41,9.53,0.29,26.04
48745,0.1245,-0.2119,0.8799,-9.79,9.3,1.05,26.03
48755,0.1318,-0.2104,0.8899,-9.94,9.04,1.95,26.02
48765,0.1317,-0.2065,0.8767,-10.31,9.62,2.99,26.02
48775,0.1248,-0.2072,0.8688,-10.4,10.7,3.73,26.04
48785,0.1134,-0.2115,0.8569,-9.5,10.96,3.63,26.01
48795,0.1052,-0.2183,0.8621,-7.45,9.88,2.89,26.03
48805,0.1038,-0.2106,0.8721,-5.66,8.27,1.82,26.04
48815,0.1326,-0.2147,0.8778,-5.4,7.19,1.45,26.05
48825,0.1008,-0.1957,0.8479,-6.56,8.49,1.33,26.06
48835,0.1097,-0.2129,0.8632,-6.87,9.25,0.26,26.05
48845,0.1276,-0.2239,0.8457,-4.99,8.41,0.87,26.03
48855,0.1089,-0.2078,0.8677,-3.01,8.15,1.15,26.08
48865,0.108,-0.2095,0.8923,-2.09,7.57,0.64,26.04
48875,0.1123,-0.1951,0.9198,-3.44,7.25,0.34,26.03
48885,0.1091,-0.1964,0.9132,-6.4,7.57,-0.05,26.04
48895,0.1152,-0.208,0.8923,-8.08,7.54,0.03,26.04
48905,0.1189,-0.2108,0.8634,-8.18,7.68,0.56,26.05
48915,0.1228,-0.2039,0.8578,-7.91,8.35,0.73,26.04
48925,0.1217,-0.2043,0.8698,-7.69,9.16,0.67,26.05
48935,0.1113,-0.2096,0.8816,-7.42,8.92,0.73,26.04
48945,0.1093,-0.2092,0.8843,-7.13,7.95,0.32,26.03
48955,0.1144,-0.2118,0.8752,-6.79,7.24,-0.09,26.03
48965,0.1219,-0.2095,0.873,-6.87,7.39,-0.15,26.05
48975,0.12,-0.2135,0.8691,-6.66,8.08,0.05,26.07
48985,0.1152,-0.2087,0.8727,-6.23,8.23,0.11,26.06
48995,0.1143,-0.2085,0.8849,-5.91,8.0,-0.02,26.04
49005,0.1171,-0.2043,0.8911,-6.02,7.62,-0.09,26.06
49015,0.1195,-0.1997,0.8885,-6.7,7.69,-0.09,26.03
49025,0.1254,-0.2003,0.8843,-7.63,7.79,-0.06,26.04
49035,0.1173,-0.2103,0.87,-7.53,8.18,0.02,26.02
49045,0.1206,-0.2036,0.8635,-6.72,7.77,0.0,26.04
49055,0.1179,-0.2117,0.8694,-5.59,8.05,0.05,26.04
49065,0.1128,-0.2046,0.884,-5.22,7.95,0.0,26.06
49075,0.1139,-0.204,0.8933,-5.98,8.06,0.02,26.06
49085,0.1143,-0.2037,0.8879,-7.05,7.83,-0.12,26.08
49095,0.1144,-0.2117,0.8723,-7.44,7.5,-0.2,26.01
49105,0.1226,-0.2061,0.8617,-6.89,7.69,-0.05,26.03
49115,0.121,-0.2114,0.8639,-6.21,8.32,0.14,26.04
49125,0.115,-0.2074,0.8813,-5.95,8.49,0.12,26.02
49135,0.113,-0.204,0.8909,-6.18,8.2,0.09,26.04
49145,0.1152,-0.2061,0.8871,-6.75,7.51,-0.09,26.04
49155,0.1163,-0.2062,0.8778,-6.93,7.45,-0.11,26.06
49165,0.1179,-0.2085,0.87,-6.78,7.8,-0.08,26.05
49175,0.1166,-0.2078,0.8691,-6.27,8.11,0.0,26.04
49185,0.1123,-0.2064,0.8763,-5.91,8.08,-0.03,26.05
49195,0.1155,-0.2081,0.8821,-6.02,7.63,0.02,26.06
49205,0.1182,-0.2026,0.8828,-6.41,7.54,-0.09,26.05
49215,0.115,-0.2081,0.8782,-6.93,7.8,-0.03,26.04
49225,0.1169,-0.2115,0.869,-6.69,7.89,-0.06,26.06
49235,0.1167,-0.2118,0.8732,-6.14,7.88,-0.05,26.05
49245,0.118,-0.2134,0.8785,-5.91,7.92,-0.02,26.05
49255,0.1155,-0.2085,0.8846,-6.09,7.71,-0.11,26.05
49265,0.1207,-0.2087,0.8854,-6.58,7.6,-0.06,26.03
49275,0.1195,-0.2076,0.8761,-6.9,7.79,-0.06,26.04
49285,0.1179,-0.2074,0.8683,-6.72,7.92,0.02,26.04
49295,0.1168,-0.2125,0.8688,-6.26,8.0,0.03,26.06
49305,0.1154,-0.2091,0.8782,-6.03,7.89,0.03,26.07
49315,0.1145,-0.2092,0.8811,-6.17,7.82,0.0,26.07
49325,0.115,-0.2076,0.8864,-6.43,7.83,-0.05,26.04
49335,0.1154,-0.2037,0.8835,-6.38,7.68,-0.17,26.03
49345,0.1198,-0.2064,0.8762,-6.32,7.57,-0.11,26.04
49355,0.1219,-0.2063,0.8745,-6.41,7.82,-0.06,26.04
49365,0.119,-0.209,0.8798,-6.41,8.11,0.0,26.08
49375,0.1161,-0.2106,0.8811,-6.26,7.97,-0.03,26.05
49385,0.1147,-0.2047,0.8811,-6.29,7.77,-0.02,26.05
49395,0.1143,-0.2086,0.8801,-6.53,7.73,-0.12,26.06
49405,0.1136,-0.2087,0.8722,-6.75,7.83,-0.09,26.06
49415,0.1176,-0.2062,0.8732,-6.5,7.85,-0.02,26.06
49425,0.1161,-0.2075,0.8762,-6.14,7.95,-0.02,26.07
49435,0.1134,-0.2086,0.8768,-6.09,7.97,-0.02,26.04
49445,0.1178,-0.2074,0.8781,-6.23,7.79,-0.02,26.04
49455,0.1176,-0.2047,0.8789,-6.63,7.91,0.0,26.05
49465,0.115,-0.207,0.8804,-6.66,7.88,-0.11,26.06
49475,0.1173,-0.2051,0.8798,-6.49,7.76,-0.05,26.05
49485,0.1149,-0.2086,0.8783,-6.44,7.69,-0.05,26.07
49495,0.1132,-0.2086,0.8779,-6.4,7.74,-0.08,26.07
49505,0.1139,-0.2091,0.8761,-6.4,7.79,-0.06,26.05
49515,0.115,-0.2061,0.8735,-6.32,7.65,-0.03,26.06
49525,0.115,-0.2035,0.8755,-6.21,7.77,-0.08,26.04
49535,0.1161,-0.2045,0.8813,-6.35,7.91,-0.08,26.04
49545,0.1161,-0.2061,0.8798,-6.46,7.89,-0.02,26.02
49555,0.1143,-0.21,0.8792,-6.75,7.79,-0.11,26.04
49565,0.1169,-0.21,0.88,-6.85,7.86,-0.06,26.05
49575,0.1196,-0.2134,0.8691,-6.44,7.86,-0.06,26.04
49585,0.1172,-0.2102,0.8767,-6.12,7.97,0.0,26.04
49595,0.1195,-0.2092,0.8816,-6.09,7.85,-0.09,26.03
49605,0.116,-0.209,0.8798,-6.29,7.74,-0.12,26.02
49615,0.1188,-0.2079,0.8719,-6.52,7.66,-0.12,26.05
49625,0.1208,-0.2091,0.8667,-6.55,7.86,-0.03,26.05
49635,0.1179,-0.2113,0.8722,-6.37,7.98,0.02,26.05
49645,0.1165,-0.2096,0.8777,-6.34,8.11,-0.03,26.03
49655,0.1147,-0.2075,0.8824,-6.38,8.0,0.06,26.05
49665,0.1169,-0.207,0.881,-6.47,7.77,-0.02,26.04
49675,0.1174,-0.2018,0.8827,-6.52,7.73,-0.08,26.03
49685,0.12,-0.208,0.881,-6.44,7.76,-0.11,26.04
49695,0.1158,-0.2073,0.8789,-6.21,7.83,0.05,26.04
49705,0.1158,-0.2072,0.8805,-6.26,7.94,0.0,26.03
49715,0.1166,-0.2122,0.876,-6.43,7.85,-0.03,26.04
49725,0.1167,-0.2075,0.8778,-6.6,7.73,-0.08,26.04
49735,0.1162,-0.2085,0.8765,-6.72,7.88,-0.03,26.04
49745,0.116,-0.2053,0.88,-6.61,7.94,0.0,26.02
49755,0.1129,-0.2102,0.8788,-6.47,7.91,-0.05,26.06
49765,0.1146,-0.2068,0.8824,-6.29,7.86,0.02,26.02
49775,0.1188,-0.2026,0.879,-6.23,7.74,-0.03,26.06
49785,0.1173,-0.2058,0.8785,-6.27,7.91,0.03,26.05
49795,0.1169,-0.2057,0.8813,-6.46,7.97,0.0,26.02
49805,0.1149,-0.2119,0.8782,-6.53,7.86,0.0,26.03
49815,0.115,-0.2111,0.8792,-6.66,7.83,0.02,26.02
49825,0.1171,-0.212,0.8726,-6.46,7.76,-0.03,26.03
49835,0.1167,-0.2126,0.8724,-6.35,7.8,-0.14,26.05
49845,0.1144,-0.2084,0.8741,-6.21,7.94,-0.11,26.04
49855,0.118,-0.2057,0.8771,-6.27,7.97,-0.02,26.05
49865,0.114,-0.2073,0.8804,-6.49,7.94,-0.05,26.04
49875,0.1155,-0.2094,0.8833,-6.73,7.95,-0.03,26.05
49885,0.1176,-0.2106,0.8844,-6.7,7.71,-0.03,26.01
49895,0.121,-0.2124,0.8748,-6.37,7.85,0.02,26.01
49905,0.1205,-0.2086,0.8763,-6.15,7.92,-0.02,26.04
49915,0.1184,-0.2092,0.879,-6.18,7.97,0.0,26.04
49925,0.1158,-0.2065,0.88,-6.49,7.89,-0.02,26.07
49935,0.1154,-0.2014,0.8771,-6.55,7.69,-0.08,26.02
49945,0.1173,-0.2037,0.8751,-6.6,7.82,-0.02,26.04
49955,0.1179,-0.2083,0.87,-6.47,8.02,0.02,26.05
49965,0.1146,-0.2095,0.8732,-6.35,8.14,-0.02,26.06
49975,0.1128,-0.2111,0.8777,-6.4,7.95,0.03,26.04
49985,0.1171,-0.2091,0.8816,-6.55,7.79,-0.11,26.03
49995,0.1183,-0.209,0.877,-6.76,7.82,-0.05,26.04
50005,0.1149,-0.2098,0.8778,-6.87,7.89,0.02,26.05
50015,0.1122,-0.2108,0.869,-6.56,7.85,0.0,26.05
50025,0.1146,-0.2089,0.8702,-6.21,7.69,0.0,26.06
50035,0.1168,-0.2058,0.8805,-6.02,7.74,-0.05,26.01
50045,0.1168,-0.2061,0.8837,-6.32,7.85,-0.08,26.02
50055,0.1141,-0.2034,0.8812,-6.52,7.92,-0.02,26.05
50065,0.1146,-0.207,0.8738,-6.55,7.66,-0.09,26.05
50075,0.1198,-0.2112,0.8729,-6.35,7.5,-0.15,26.04
50085,0.1227,-0.2061,0.8802,-6.2,7.79,-0.03,26.04
50095,0.118,-0.2039,0.8848,-6.84,8.24,0.03,26.05
50105,0.116,-0.2089,0.889,-7.56,8.23,-0.02,26.05
50115,0.1156,-0.2091,0.8812,-7.91,7.73,-0.11,26.05
50125,0.119,-0.2125,0.8734,-7.76,7.65,-0.09,26.06
50135,0.1229,-0.2101,0.8695,-7.48,7.91,0.06,26.04
50145,0.1195,-0.2101,0.8726,-7.08,8.21,0.09,26.04
50155,0.1202,-0.2108,0.874,-6.72,8.31,0.03,26.05
50165,0.1176,-0.2142,0.8726,-6.35,7.86,-0.03,26.05
50175,0.1158,-0.2062,0.8782,-6.18,7.53,-0.12,26.03
50185,0.1183,-0.2076,0.8727,-6.26,7.71,-0.03,26.05
50195,0.1177,-0.2062,0.8727,-6.23,8.02,0.05,26.04
50205,0.1143,-0.207,0.8762,-6.23,8.21,0.0,26.05
50215,0.1146,-0.2059,0.884,-6.49,8.0,0.0,26.06
50225,0.1152,-0.2047,0.8868,-6.92,7.77,-0.05,26.07
50235,0.1184,-0.2051,0.8768,-7.53,7.8,-0.09,26.04
50245,0.1177,-0.2054,0.8715,-7.65,8.17,0.06,26.06
50255,0.1167,-0.2122,0.8695,-7.21,8.4,0.14,26.03
50265,0.1158,-0.2146,0.8705,-6.56,8.27,0.15,26.04
50275,0.1146,-0.217,0.8779,-5.86,7.82,-0.06,26.04
50285,0.1179,-0.2072,0.8834,-5.66,7.68,0.02,26.04
50295,0.1146,-0.2035,0.8889,-6.53,8.05,-0.05,26.04
50305,0.1158,-0.2047,0.8876,-7.76,8.17,0.12,26.07
50315,0.1169,-0.2065,0.8817,-8.37,8.2,0.58,26.03
50325,0.1217,-0.2083,0.8729,-9.07,8.66,0.99,26.02
50335,0.1151,-0.2125,0.8698,-9.25,9.25,1.28,26.04
50345,0.1071,-0.2117,0.8595,-8.29,8.82,0.92,26.02
50355,0.1122,-0.2151,0.8601,-6.38,7.68,0.08,26.05
50365,0.1149,-0.2131,0.8647,-4.84,7.21,-0.08,26.05
50375,0.1178,-0.2095,0.8739,-4.27,7.24,-0.2,26.06
50385,0.1147,-0.2078,0.8734,-4.37,7.3,-0.63,26.02
50395,0.1173,-0.2108,0.8781,-4.29,7.1,-0.81,26.04
50405,0.1162,-0.2101,0.8821,-4.17,6.7,-0.87,26.04
50415,0.1193,-0.2042,0.8951,-5.08,7.11,-0.85,26.07
50425,0.1232,-0.2062,0.8877,-6.46,7.71,-0.4,26.05
50435,0.1237,-0.2045,0.8829,-7.54,8.18,-0.12,26.03
50445,0.1151,-0.2114,0.8805,-7.71,8.26,-0.08,26.03
50455,0.1161,-0.2109,0.8756,-7.04,7.66,-0.09,26.02
50465,0.1161,-0.2083,0.871,-6.5,7.54,-0.12,26.03
50475,0.1194,-0.2123,0.8743,-6.63,7.89,-0.05,26.03
50485,0.1133,-0.2112,0.8785,-6.87,8.31,0.03,26.04
50495,0.1111,-0.2102,0.88,-6.75,8.2,-0.02,26.04
50505,0.1147,-0.2081,0.8794,-6.53,7.68,-0.11,26.02
50515,0.1183,-0.21,0.8749,-6.38,7.3,-0.18,26.04
50525,0.12,-0.2111,0.877,-6.32,7.69,-0.14,26.03
50535,0.1213,-0.2107,0.8722,-6.26,8.31,0.02,26.04
50545,0.1119,-0.2098,0.8784,-5.92,8.15,0.0,26.02
50555,0.1157,-0.2056,0.8879,-6.06,7.94,-0.03,26.03
50565,0.1208,-0.2032,0.8821,-6.66,7.56,-0.08,26.01
50575,0.1108,-0.2097,0.8694,-6.93,7.63,-0.17,26.02
50585,0.1179,-0.2136,0.8577,-5.54,7.48,-0.08,26.02
50595,0.1146,-0.2157,0.8588,-4.21,7.39,-0.26,25.99
50605,0.1088,-0.2108,0.8643,-2.84,7.07,-0.99,26.01
50615,0.1146,-0.2023,0.8882,-2.35,6.55,-1.53,26.01
50625,0.1204,-0.2041,0.8999,-3.88,6.6,-1.53,26.04
50635,0.1268,-0.2031,0.9011,-6.09,7.07,-0.7,26.0
50645,0.1268,-0.1992,0.8879,-8.31,8.34,-0.03,26.03
50655,0.1262,-0.2114,0.8855,-10.76,9.83,0.6,26.05
50665,0.1145,-0.2231,0.8663,-9.8,9.36,1.8,26.0
50675,0.1118,-0.2079,0.8556,-7.37,8.31,1.24,26.02
50685,0.1134,-0.2036,0.8757,-6.4,8.4,0.37,26.02
50695,0.1245,-0.202,0.8865,-6.26,8.06,0.09,26.01
50705,0.1174,-0.209,0.8828,-6.78,7.65,-0.03,26.03
50715,0.1143,-0.2106,0.88,-7.11,7.85,0.21,26.02
50725,0.1227,-0.2087,0.8751,-7.51,8.11,0.44,26.03
50735,0.1213,-0.2059,0.8794,-7.97,8.6,0.55,26.0
50745,0.1169,-0.2097,0.8896,-8.82,9.08,0.82,26.0
50755,0.1145,-0.213,0.8805,-9.48,9.19,1.47,25.99
50765,0.1129,-0.2114,0.8737,-9.3,8.78,1.57,26.02
50775,0.1149,-0.2115,0.8639,-8.63,8.73,1.36,26.01
50785,0.1154,-0.2181,0.8599,-7.5,8.69,0.7,26.02
50795,0.1123,-0.214,0.8717,-6.37,8.58,0.46,26.03
50805,0.1105,-0.2129,0.8794,-5.92,8.24,0.23,26.02
50815,0.1104,-0.2123,0.8854,-6.05,7.82,0.09,25.98
50825,0.1156,-0.2091,0.8859,-6.6,7.62,-0.03,26.01
50835,0.1168,-0.2133,0.8719,-7.13,7.65,0.02,26.02
50845,0.1163,-0.2109,0.8689,-7.1,8.03,0.23,26.02
50855,0.1161,-0.2113,0.8654,-6.64,8.37,0.46,26.04
50865,0.1119,-0.2144,0.8773,-6.14,8.46,0.4,26.04
50875,0.1112,-0.2133,0.8851,-5.85,8.08,0.14,26.01
50885,0.1163,-0.2085,0.8815,-6.21,7.48,0.03,26.01
50895,0.1127,-0.2097,0.8748,-6.69,7.36,-0.08,26.03
50905,0.1165,-0.2075,0.8649,-6.73,7.76,-0.03,26.01
50915,0.1179,-0.2123,0.8662,-6.34,8.15,0.06,25.99
50925,0.1139,-0.2139,0.8729,-6.02,8.32,0.11,26.02
50935,0.1101,-0.2179,0.8845,-5.92,7.79,0.05,26.03
50945,0.1151,-0.2147,0.8855,-5.79,7.34,-0.11,26.05
50955,0.1215,-0.2083,0.8813,-6.12,7.44,-0.14,26.02
50965,0.1201,-0.2095,0.8794,-6.37,7.82,0.03,26.02
50975,0.1144,-0.2147,0.8827,-6.31,8.0,0.02,26.07
50985,0.1127,-0.2111,0.8832,-6.2,7.86,-0.02,26.04
50995,0.1124,-0.2159,0.8823,-6.18,7.56,-0.17,26.01
51005,0.1123,-0.215,0.874,-6.26,7.44,-0.2,26.01
51015,0.1171,-0.2135,0.866,-6.32,7.65,-0.2,26.02
51025,0.1133,-0.2162,0.8734,-6.11,7.88,-0.14,26.03
51035,0.1115,-0.2111,0.8757,-5.95,7.63,-0.11,26.03
51045,0.1122,-0.2115,0.879,-5.89,7.34,-0.17,26.0
51055,0.1169,-0.2067,0.8752,-6.14,7.36,-0.23,26.02
51065,0.1187,-0.2091,0.8688,-5.98,7.8,-0.26,26.03
51075,0.1177,-0.2101,0.8723,-5.57,7.97,-0.27,26.01
51085,0.1132,-0.2123,0.8812,-5.36,7.95,-0.37,26.04
51095,0.1123,-0.2114,0.8844,-5.37,7.53,-0.63,26.02
51105,0.1125,-0.208,0.8845,-5.95,7.21,-0.69,26.01
51115,0.1174,-0.2058,0.885,-6.63,7.25,-0.55,26.01
51125,0.1198,-0.2059,0.8805,-7.39,7.69,-0.26,26.02
51135,0.1215,-0.2081,0.8688,-7.51,8.23,-0.08,26.03
51145,0.1174,-0.2129,0.8676,-6.98,8.53,0.09,26.01
51155,0.1149,-0.2134,0.879,-6.43,8.37,-0.03,26.02
51165,0.1143,-0.2104,0.8832,-6.53,7.89,-0.06,26.04
51175,0.1151,-0.2101,0.8818,-7.01,7.74,-0.18,26.01
51185,0.1095,-0.1941,0.9133,-9.3,9.1,-0.14,26.02
51195,0.1133,-0.2294,0.8345,-7.51,7.62,-0.17,26.01
51205,0.1123,-0.2078,0.8582,-4.06,6.96,-2.11,26.04
51215,0.1155,-0.2114,0.8571,-1.5,4.17,-3.66,26.03
51225,0.1172,-0.2153,0.8818,-0.17,4.72,-3.42,26.02
51235,0.1453,-0.2009,0.8419,-1.27,8.72,-0.08,25.99
51245,0.1102,-0.2041,0.9258,-3.27,10.89,0.41,26.03
51255,0.1281,-0.2115,0.9176,-3.37,8.0,0.12,26.0
51265,0.1555,-0.2014,0.8655,-3.08,3.89,-0.72,26.02
51275,0.146,-0.1927,0.8843,-4.99,4.31,-1.76,26.02
51285,0.1429,-0.1932,0.8821,-9.98,8.47,-0.81,26.0
51295,0.0961,-0.1929,0.9124,-12.03,12.09,-0.06,26.02
51305,0.0865,-0.2023,0.9259,-13.86,13.11,0.24,26.02
51315,0.1075,-0.2286,0.882,-13.66,9.86,0.6,26.04
51325,0.1089,-0.2177,0.8661,-11.36,8.02,0.95,26.01
51335,0.1053,-0.213,0.8424,-9.16,8.43,0.67,26.02
51345,0.1178,-0.2152,0.8586,-7.53,9.36,0.27,26.0
51355,0.1085,-0.2128,0.8927,-7.13,9.27,0.2,26.01
51365,0.1077,-0.2112,0.8975,-7.53,7.48,-0.06,26.02
51375,0.1151,-0.2039,0.8904,-8.26,6.9,-0.12,26.02
51385,0.0773,-0.2153,0.8994,-8.49,6.84,-0.38,26.03
51395,0.1041,-0.2185,0.8577,-7.48,7.25,-0.55,26.01
51405,0.1208,-0.2186,0.8447,-6.32,8.34,-0.11,26.02
51415,0.115,-0.2155,0.8655,-4.95,8.55,0.03,26.01
51425,0.1024,-0.2114,0.8771,-3.91,7.73,-0.47,26.01
51435,0.1216,-0.213,0.8884,-3.31,5.91,-1.62,26.02
51445,0.1182,-0.2104,0.8778,-4.32,6.75,0.12,26.02
51455,0.1241,-0.2156,0.839,-3.65,7.68,0.38,26.02
51465,0.1191,-0.213,0.861,-2.34,8.38,0.44,26.02
51475,0.1068,-0.2046,0.908,-2.7,8.18,0.14,26.02
51485,0.0955,-0.2014,0.9319,-4.89,7.02,-0.26,26.01
51495,0.1169,-0.204,0.8943,-7.13,6.58,-0.43,26.01
51505,0.1318,-0.2124,0.8331,-7.05,7.8,0.0,26.02
51515,0.1292,-0.2163,0.839,-4.46,8.75,0.47,26.0
51525,0.1333,-0.1996,0.8743,-1.89,7.76,0.92,26.01
51535,0.1443,-0.1862,0.9073,-0.84,4.47,2.18,26.02
51545,0.1647,-0.1687,0.9037,-1.92,0.98,4.58,26.02
51555,0.167,-0.1898,0.8765,-3.95,1.54,7.85,26.05
51565,0.1165,-0.2233,0.8782,-5.73,4.47,10.5,26.05
51575,0.1016,-0.2188,0.8573,-5.8,6.63,10.27,26.01
51585,0.0568,-0.2281,0.9371,-4.98,8.37,8.14,26.03
51595,-0.1113,-0.2584,0.9821,-3.83,12.47,3.89,26.02
51605,-0.0376,-0.1992,1.0066,-2.02,11.27,-0.05,26.01
51615,0.0635,-0.1768,0.9279,-4.58,5.76,-5.04,26.0
51625,0.1469,-0.2046,0.9075,-7.89,4.23,-4.93,26.0
51635,-0.0004,-0.1527,0.9135,-10.43,1.92,-12.53,26.02
51645,0.0746,-0.2261,0.9059,-13.77,2.81,-14.58,26.03
51655,0.1053,-0.2291,0.8026,-8.99,3.54,-12.4,26.04
51665,0.1281,-0.2305,0.7966,-3.51,8.26,-11.45,26.01
51675,0.1388,-0.2317,0.8671,1.57,8.96,-8.87,26.0
51685,0.1553,-0.2188,0.8881,5.51,3.95,-5.4,26.02
51695,0.1702,-0.1959,0.8843,4.14,3.65,-2.26,26.01
51705,0.1429,-0.1859,0.8947,-0.09,6.93,-0.26,26.02
51715,0.1194,-0.2004,0.8901,-1.54,6.95,0.08,26.01
51725,0.1145,-0.1969,0.891,-1.21,5.82,0.05,26.01
51735,0.1254,-0.1985,0.8683,-0.99,5.15,-0.15,26.0
51745,0.1229,-0.192,0.881,-0.93,4.85,-0.58,26.01
51755,0.1224,-0.1801,0.8992,-2.37,5.21,-1.77,26.03
51765,0.1471,-0.1852,0.8977,-7.19,7.53,-2.0,26.03
51775,0.0687,-0.2019,0.9918,-12.14,13.91,0.24,26.01
51785,0.2737,-0.2303,0.7213,-7.3,8.34,0.31,26.04
51795,0.1478,-0.2052,0.8689,-4.67,4.23,-0.46,26.0
51805,0.1105,-0.177,0.9287,-5.25,4.03,-1.31,26.02
51815,0.1385,-0.1818,0.855,-7.82,6.53,-1.4,26.0
51825,0.1567,-0.203,0.8344,-6.87,9.39,-0.84,26.0
51835,0.1412,-0.2036,0.8923,-7.57,7.36,0.14,26.02
51845,0.0917,-0.2067,0.8433,-3.34,9.33,0.7,26.0
51855,0.1436,-0.2052,0.8696,-2.0,8.17,0.7,26.03
51865,0.1215,-0.1888,0.9022,-2.24,7.39,0.43,26.02
51875,0.1281,-0.1838,0.9142,-4.44,5.89,-0.12,26.02
51885,0.125,-0.1862,0.8962,-7.71,6.9,-0.38,26.02
51895,0.1316,-0.1991,0.8655,-8.37,7.82,-0.37,26.02
51905,0.1234,-0.1949,0.8826,-8.41,8.2,-0.43,26.03
51915,0.1241,-0.1989,0.8842,-8.96,7.48,-0.49,26.04
51925,0.1368,-0.2018,0.8535,-8.55,7.44,-0.27,26.05
51935,0.141,-0.2021,0.8379,-7.01,9.07,0.12,26.03
51945,0.1173,-0.201,0.879,-5.37,9.3,0.37,26.04
51955,0.1228,-0.1982,0.8986,-5.08,8.03,0.34,26.04
51965,0.1229,-0.1982,0.8892,-4.93,7.01,-0.11,26.04
51975,0.1426,-0.1884,0.8782,-5.13,6.98,-0.03,26.02
51985,0.1443,-0.1923,0.8324,-5.59,8.66,0.52,26.01
51995,0.1415,-0.1929,0.8594,-4.09,11.19,1.42,26.03
52005,0.1359,-0.1884,0.9037,-3.13,13.74,3.24,26.01
52015,0.2029,-0.1787,0.9073,0.4,7.24,5.15,26.03
52025,0.0764,-0.1704,0.9653,-2.18,9.19,5.37,26.04
52035,0.1327,-0.1719,0.9211,-5.79,9.3,7.07,26.03
52045,0.0967,-0.1886,0.9197,-11.11,10.2,5.16,26.02
52055,0.0984,-0.202,0.8962,-12.05,9.11,2.0,26.04
52065,0.1266,-0.2042,0.8539,-9.85,7.08,1.18,26.02
52075,0.1367,-0.2014,0.8383,-7.21,7.88,1.79,26.06
52085,0.1393,-0.1951,0.8622,-5.6,9.11,2.34,26.05
52095,0.1283,-0.1934,0.8875,-5.13,8.95,3.63,26.04
52105,0.1147,-0.1921,0.8916,-5.62,8.2,3.74,26.02
52115,0.1034,-0.1979,0.8834,-7.04,8.15,1.73,26.02
52125,0.1176,-0.1964,0.8777,-6.73,7.37,0.06,26.04
52135,0.131,-0.1899,0.8636,-6.31,7.97,0.12,26.01
52145,0.1289,-0.1936,0.876,-6.29,9.44,0.47,26.03
52155,0.121,-0.1957,0.8981,-6.24,8.76,0.73,26.04
52165,0.1304,-0.1984,0.8875,-6.5,7.05,1.04,26.04
52175,0.1399,-0.1923,0.8582,-5.47,7.42,2.44,26.04
52185,0.125,-0.1908,0.8813,-5.89,9.39,3.07,26.06
52195,0.1163,-0.1886,0.9119,-7.37,9.31,2.81,26.03
52205,0.106,-0.1949,0.9114,-9.31,7.95,1.62,26.04
52215,0.1168,-0.2019,0.8743,-9.92,6.99,-0.08,26.03
52225,0.115,-0.2035,0.8549,-7.73,7.39,-0.53,26.05
52236,0.126,-0.1958,0.8654,-4.69,6.99,-0.67,26.04
52246,0.1062,-0.1906,0.902,-5.16,6.92,-1.65,26.03
52256,0.1073,-0.1887,0.8945,-4.9,4.37,-3.36,26.04
52266,0.1125,-0.1885,0.8889,-6.34,3.1,-6.26,26.02
52276,0.1346,-0.1888,0.8828,-8.4,3.56,-7.02,26.04
52286,0.1523,-0.2,0.892,-8.82,5.05,-5.21,26.06
52296,0.157,-0.1898,0.8844,-11.53,7.92,-1.39,26.03
52306,0.1307,-0.2072,0.848,-10.85,9.02,-0.64,26.05
52316,0.126,-0.208,0.8694,-8.69,8.6,-0.15,26.03
52326,0.118,-0.2083,0.8724,-6.81,8.12,-0.24,26.03
52336,0.1387,-0.196,0.8616,-6.0,7.79,0.09,26.03
52346,0.0891,-0.1919,0.98,-9.88,10.17,-0.61,26.03
52356,0.1228,-0.1963,0.9071,-10.63,8.34,-0.31,26.01
52367,0.1411,-0.1989,0.8453,-9.1,9.01,-0.32,26.03
52377,0.1267,-0.2112,0.8458,-6.95,10.32,0.03,26.02
52387,0.1123,-0.2026,0.8806,-4.66,9.98,0.44,26.03
52397,0.1194,-0.1989,0.8947,-4.76,8.76,0.32,26.02
52407,0.1273,-0.2006,0.8745,-4.85,8.09,0.14,26.03
52417,0.1348,-0.2035,0.8613,-3.86,8.32,0.35,26.04
52427,0.1198,-0.2023,0.8737,-3.02,8.7,0.64,26.06
52437,0.1254,-0.2064,0.8776,-2.49,7.39,0.49,26.01
52447,0.1243,-0.1931,0.8953,-2.12,6.99,0.46,26.04
52457,0.1248,-0.2021,0.8604,-3.33,7.39,0.29,26.05
52467,0.1348,-0.1975,0.8699,-3.19,7.65,0.75,26.04
52477,0.1484,-0.1881,0.8889,-3.77,8.29,2.06,26.02
52487,0.1348,-0.1888,0.8917,-4.78,8.41,3.51,26.03
52497,0.1241,-0.1914,0.8873,-5.91,8.38,3.47,26.03
52507,0.1208,-0.1962,0.8766,-5.79,8.15,3.08,26.03
52517,0.127,-0.1954,0.8781,-5.51,8.05,2.81,26.04
52527,0.1205,-0.1812,0.8998,-6.7,8.73,2.43,26.02
52537,0.1167,-0.1921,0.896,-9.1,9.6,2.23,26.04
52547,0.1152,-0.1929,0.8905,-8.35,9.08,1.69,26.04
52557,0.1138,-0.2092,0.8568,-5.69,7.19,0.03,26.02
52567,0.1259,-0.1962,0.8817,-2.87,6.5,-0.18,26.04
52577,0.1309,-0.1967,0.8698,-2.92,7.48,0.02,26.02
52587,0.1272,-0.1975,0.8781,-2.03,7.08,0.21,26.04
52597,0.1265,-0.1932,0.8796,-1.47,6.81,0.26,26.03
52607,0.1155,-0.1982,0.8782,-0.24,6.09,0.34,26.03
52617,0.1107,-0.1885,0.8871,1.11,4.78,-0.32,26.02
52627,0.1089,-0.1713,0.8932,0.32,4.18,-2.34,26.04
52637,0.1229,-0.1781,0.9028,-1.36,3.42,-3.8,26.03
52647,0.1392,-0.179,0.8926,-3.54,3.69,-3.85,26.0
52657,0.1456,-0.1885,0.875,-5.56,6.02,-2.49,26.04
52667,0.1378,-0.1842,0.855,-6.43,7.94,-0.27,26.04
52677,0.1493,-0.176,0.8956,-7.07,8.46,1.54,26.02
52687,0.1521,-0.1429,0.8766,-6.6,8.12,5.92,26.03
52697,0.0914,-0.2101,0.8469,-4.66,7.83,4.46,26.03
52707,0.3995,-0.205,0.6462,-2.46,4.0,11.28,26.04
52717,-0.0912,-0.172,1.0637,-4.58,14.47,13.92,26.03
52727,-0.0535,-0.2203,0.9854,-3.22,11.88,10.0,26.04
52737,0.0792,-0.1892,0.8651,-5.21,10.98,4.49,26.05
52747,0.197,-0.1886,0.8008,-2.34,3.65,1.18,26.01
52757,0.145,-0.1611,0.8922,-4.53,6.14,1.37,26.04
52767,0.1057,-0.1761,0.9491,-10.4,9.91,-0.7,26.02
52777,0.1089,-0.1736,0.9233,-12.87,8.24,-0.44,26.04
52787,0.1403,-0.1885,0.8632,-14.23,7.85,-0.46,26.04
52797,0.1403,-0.1965,0.8424,-13.5,8.79,-0.11,26.02
52807,0.1237,-0.1945,0.8384,-10.09,7.98,-0.5,26.03
52817,0.1226,-0.1837,0.864,-6.26,6.61,-1.37,26.03
52827,0.1355,-0.1796,0.8772,-4.41,5.04,-0.63,26.03
52837,0.1494,-0.1824,0.8723,-4.64,5.89,0.96,26.04
52847,0.1362,-0.194,0.8588,-4.82,8.37,2.61,26.04
52857,0.1271,-0.1847,0.8693,-4.47,10.15,3.08,26.05
52867,0.1417,-0.1743,0.8704,-2.67,9.82,4.6,26.07
52877,0.131,-0.1747,0.8334,2.17,6.72,4.5,26.04
52887,0.1371,-0.1885,0.8473,7.11,6.6,2.9,26.05
52897,0.1244,-0.2042,0.8595,8.89,9.25,1.4,26.06
52907,0.099,-0.2152,0.9193,7.4,8.24,1.59,26.03
52917,0.1067,-0.179,0.9536,4.73,4.12,2.61,26.06
52927,0.1149,-0.1736,0.9189,0.49,2.81,3.24,26.06
52937,0.1433,-0.1747,0.8885,-3.74,5.8,3.36,26.04
52947,0.1356,-0.17,0.876,-5.08,8.46,3.68,26.04
52957,0.1223,-0.1781,0.9014,-5.48,7.68,3.33,26.04
52967,0.1028,-0.182,0.8829,-5.6,6.14,2.72,26.02
52977,0.118,-0.1716,0.8817,-6.15,6.78,1.62,26.05
52987,0.1263,-0.1726,0.8988,-7.31,8.32,1.04,26.01
52997,0.1207,-0.1694,0.9119,-9.42,9.16,0.63,26.03
53007,0.1227,-0.1697,0.8984,-11.85,9.04,0.34,26.01
53017,0.1295,-0.1754,0.8745,-13.02,9.48,0.27,26.05
53027,0.1273,-0.1788,0.8669,-13.04,10.23,0.73,26.03
53037,0.1298,-0.1799,0.8744,-11.77,9.8,1.15,26.02
53047,0.1273,-0.1815,0.8768,-10.82,8.85,2.2,26.05
53057,0.1195,-0.1869,0.8544,-9.31,6.44,3.13,26.03
53067,0.1475,-0.1826,0.9058,-6.78,4.56,4.08,26.05
53077,0.1487,-0.1649,0.8892,-9.07,5.79,5.47,26.05
53087,0.1222,-0.1833,0.8958,-10.49,5.44,5.76,26.04
53097,0.1423,-0.1783,0.8732,-10.95,5.71,5.63,26.05
53107,0.1729,-0.1802,0.8837,-10.27,5.31,7.31,26.03
53117,0.1703,-0.1765,0.8678,-9.73,6.11,8.81,26.05
53127,0.1523,-0.1724,0.8689,-9.89,8.37,8.78,26.07
53137,0.1508,-0.1753,0.8766,-9.01,8.21,9.15,26.05
53147,0.147,-0.1874,0.8821,-9.27,7.54,9.69,26.04
53157,0.1401,-0.1969,0.8658,-9.27,7.66,10.6,26.03
53167,0.1531,-0.1881,0.8749,-8.78,9.73,11.4,26.02
53177,0.1123,-0.215,0.8595,-8.84,12.72,11.04,26.07
53187,0.0812,-0.2008,0.8765,-7.74,12.76,9.21,26.04
53197,0.0133,-0.2135,0.8835,-7.02,11.51,7.95,26.03
53207,0.0425,-0.2003,0.9141,-7.86,10.2,5.82,26.03
53217,0.1066,-0.193,0.897,-8.64,8.99,4.82,26.05
53227,0.1122,-0.1865,0.8556,-8.49,9.82,4.67,26.03
53237,0.1194,-0.1892,0.8617,-7.01,11.36,4.43,26.04
53247,0.1248,-0.1825,0.9066,-6.5,10.0,5.63,26.04
53257,0.1136,-0.1774,0.9144,-8.27,7.1,6.67,26.05
53267,0.1064,-0.1846,0.8864,-9.66,6.29,6.96,26.06
53277,0.1313,-0.188,0.8694,-10.14,8.66,6.73,26.05
53287,0.1738,-0.174,0.863,-9.42,9.89,8.31,26.02
53297,0.17,-0.2037,0.8304,-8.24,9.53,7.4,26.05
53307,0.1167,-0.2156,0.8591,-5.24,7.83,2.61,26.05
53317,0.158,-0.1904,0.8286,-0.09,2.0,5.31,26.04
53327,0.1582,-0.1753,0.8865,0.96,-1.47,8.12,26.03
53337,0.0623,-0.2205,0.9171,1.62,-4.0,8.12,26.04
53347,0.0619,-0.1984,0.9056,0.38,-3.04,8.43,26.07
53357,0.1001,-0.189,0.8997,-2.79,-0.43,7.62,26.04
53367,0.1088,-0.1782,0.9038,-5.48,1.07,8.17,26.06
53377,0.0707,-0.1946,0.8774,-8.58,2.93,6.56,26.04
53387,0.0934,-0.2059,0.8643,-10.64,9.1,1.94,26.07
53397,0.1278,-0.1797,0.8796,-10.79,12.34,1.04,26.04
53407,0.1335,-0.1829,0.8922,-11.53,9.62,3.15,26.04
53417,0.1501,-0.1812,0.8903,-11.28,6.7,6.63,26.06
53427,0.1393,-0.1858,0.8523,-11.86,8.35,8.98,26.03
53437,0.111,-0.2024,0.8577,-11.31,11.62,8.21,26.05
53447,0.0881,-0.2157,0.8629,-9.94,12.38,5.27,26.04
53457,0.0916,-0.2146,0.8641,-7.21,11.16,2.02,26.04
53467,0.1201,-0.1996,0.8584,-4.89,9.86,1.31,26.04
53477,0.1305,-0.1957,0.8588,-3.31,10.37,2.17,26.07
53487,0.1106,-0.1975,0.8691,-2.37,11.28,1.94,26.07
53497,0.1022,-0.1962,0.8958,-2.21,10.84,-0.21,26.04
53507,0.1318,-0.1836,0.8883,-1.6,7.98,-1.77,26.04
53517,0.1317,-0.1848,0.8785,-1.11,6.03,-4.2,26.03
53527,0.1031,-0.1874,0.8845,-0.76,5.65,-5.04,26.04
53537,0.0931,-0.1815,0.8883,-1.76,6.23,-5.69,26.06
53547,0.111,-0.1783,0.9062,-3.37,6.11,-6.61,26.07
53557,0.1189,-0.182,0.8934,-5.63,5.92,-7.1,26.03
53567,0.1257,-0.1844,0.8511,-5.65,7.34,-5.95,26.03
53577,0.1249,-0.1921,0.8401,-3.68,8.7,-4.78,26.03
53587,0.1135,-0.1904,0.8755,-1.82,9.01,-4.11,26.04
53597,0.1113,-0.1831,0.8988,-2.11,7.6,-3.68,26.05
53607,0.126,-0.1823,0.9012,-3.69,7.36,-2.85,26.03
53617,0.1322,-0.1876,0.8855,-5.65,8.21,-0.82,26.02
53627,0.1238,-0.1863,0.877,-6.0,9.33,-0.58,26.05
53637,0.1302,-0.1932,0.8912,-5.97,7.16,-1.42,26.04
53647,0.1674,-0.2642,1.0082,-8.43,5.71,0.2,26.04
53657,0.1365,-0.1858,0.9799,-17.05,1.36,10.46,26.05
53667,0.0961,-0.1692,0.894,-24.27,-1.62,10.21,26.04
53677,0.0769,-0.1753,0.8538,-23.24,5.53,7.53,26.04
53687,0.1044,-0.1652,0.7842,-18.06,12.5,3.07,26.06
53697,0.1178,-0.2028,0.8076,-10.73,12.34,-0.84,26.04
53707,0.0972,-0.2094,0.8705,-6.58,7.53,-1.01,26.07
53717,0.0957,-0.1986,0.8843,-3.82,3.71,-0.69,26.04
53727,0.1681,-0.1962,0.8729,-4.17,2.6,2.37,26.05
53737,0.2015,-0.0765,0.8363,-1.76,1.94,7.59,26.06
53747,0.1864,-0.0872,0.8467,1.4,-1.53,17.36,26.06
53757,0.1868,-0.1708,0.8436,3.89,-1.62,22.34,26.05
53767,0.1539,-0.2557,0.8866,2.46,2.44,23.8,26.03
53777,0.0698,-0.2941,0.882,-0.08,7.05,18.66,26.07
53787,0.0763,-0.2686,0.8833,-0.92,12.46,10.27,26.04
53797,0.1062,-0.1843,0.9049,-0.89,12.27,7.56,26.05
53807,0.1031,-0.175,0.9253,-3.62,8.02,7.11,26.05
53817,0.1104,-0.1713,0.9476,-7.56,5.98,5.25,26.04
53827,0.1111,-0.1815,0.9342,-12.85,6.69,4.12,26.06
53837,0.0822,-0.1783,0.9147,-12.9,11.73,1.13,26.08
53847,0.1458,-0.1764,0.8455,-16.93,15.6,0.05,26.06
53857,0.1125,-0.1873,0.9073,-16.47,16.34,0.34,26.06
53867,0.1216,-0.1566,0.9233,-19.02,14.21,2.2,26.07
53877,0.1149,-0.193,0.9131,-22.35,10.78,4.24,26.04
53887,0.0985,-0.2102,0.8885,-24.34,9.31,2.38,26.03
53897,0.1268,-0.1927,0.8757,-26.67,11.86,-1.05,26.04
53907,0.1106,-0.1975,0.8541,-27.86,13.86,-1.3,26.05
53917,0.0968,-0.2131,0.8608,-27.82,15.95,-2.14,26.05
53927,0.0249,-0.2207,0.7971,-22.49,17.04,-1.42,26.06
53937,0.0433,-0.2123,0.78,-12.53,20.69,-4.89,26.07
53947,0.0902,-0.2059,0.8219,-5.02,21.11,-4.63,26.07
53957,0.1161,-0.2201,0.87,-0.49,16.56,-4.56,26.06
53967,0.118,-0.2178,0.9103,2.15,10.24,-4.87,26.03
53977,0.1396,-0.2288,0.9133,1.04,6.52,-4.4,26.06
53987,0.1184,-0.2168,0.9091,-1.68,5.31,-3.74,26.06
53997,0.134,-0.2122,0.8937,-3.25,5.86,-1.33,26.06
54007,0.1454,-0.22,0.882,-5.36,6.75,0.2,26.06
54017,0.1284,-0.2089,0.8877,-7.07,7.95,1.69,26.07
54027,0.1234,-0.1982,0.8728,-8.47,10.23,3.31,26.06
54037,0.1204,-0.1876,0.8462,-9.27,14.09,5.63,26.06
54047,0.0991,-0.1796,0.8488,-7.91,15.94,7.71,26.04
54057,0.108,-0.2047,0.8615,-6.05,14.0,8.9,26.05
54067,0.1288,-0.2087,0.8696,-4.79,10.69,8.52,26.06
54077,0.1251,-0.2275,0.8727,-4.03,9.65,6.93,26.05
54087,0.1001,-0.2313,0.9064,-4.92,8.18,5.56,26.05
54097,0.0884,-0.1871,0.8881,-5.66,7.36,4.72,26.07
54107,0.099,-0.1259,0.8711,-5.77,8.37,5.5,26.06
54117,0.0635,-0.136,0.8628,-5.8,10.18,7.98,26.07
54127,0.0601,-0.178,0.8604,-3.59,9.6,10.63,26.05
54137,0.0846,-0.1918,0.8821,-2.96,7.59,13.13,26.07
54147,0.1199,-0.2186,0.8986,-2.9,5.3,14.32,26.04
54157,0.0485,-0.4678,0.8083,-2.09,5.92,4.82,26.04
54167,0.0554,-0.1823,1.045,-9.45,10.26,1.04,26.05
54177,0.1606,-0.0905,1.0157,-9.4,2.49,10.06,26.09
54187,0.1646,-0.16,0.8893,-9.22,-8.08,19.73,26.1
54197,0.1395,-0.1938,0.8003,-10.6,-5.05,22.95,26.08
54207,0.1804,-0.1594,0.824,-14.75,6.15,21.73,26.05
54217,0.0691,-0.2383,0.8197,-18.32,12.81,22.43,26.05
54227,0.076,-0.2095,0.8856,-16.32,10.9,21.62,26.06
54291,0.0796,-0.2356,0.8726,1.51,5.25,-5.77,26.06
54301,0.0765,-0.2053,0.8627,2.44,5.13,-7.39,26.07
54311,0.0828,-0.2074,0.861,3.1,6.26,-10.43,26.04
54321,0.0841,-0.2273,0.8959,2.29,7.11,-12.03,26.04
54331,0.0959,-0.2229,0.9044,1.34,5.74,-11.83,26.05
54341,0.0896,-0.2277,0.8922,-0.81,5.05,-12.7,26.05
54351,0.0953,-0.2333,0.8943,-3.21,6.12,-12.18,26.08
54361,0.1083,-0.218,0.8989,-5.02,7.15,-11.15,26.05
54371,0.1031,-0.2368,0.8862,-6.96,6.92,-10.84,26.07
54381,0.1188,-0.2136,0.8772,-7.18,6.53,-9.79,26.04
54391,0.1117,-0.2334,0.8516,-6.46,6.29,-8.87,26.07
54401,0.1146,-0.2891,0.8297,-6.93,7.28,-10.32,26.07
54411,0.1294,-0.2239,0.8765,-8.73,8.14,-11.63,26.07
54421,0.1008,-0.1497,0.9683,-6.53,5.37,-11.66,26.04
54431,0.0997,-0.1749,0.9139,-2.92,2.96,-13.11,26.05
54441,0.1211,-0.2792,0.8962,-7.31,6.47,-16.72,26.05
54451,0.1058,-0.2728,0.9426,-11.79,17.15,-21.05,26.02
54461,0.0698,-0.1969,1.0234,-17.44,28.61,-23.04,26.06
54471,-0.0121,-0.1635,1.0367,-30.4,37.45,-20.29,26.05
54481,0.0261,-0.1874,0.969,-47.02,38.56,-14.82,26.05
54491,0.0088,-0.1492,0.9274,-53.59,49.24,-11.11,26.05
54501,-0.0687,-0.1805,0.5337,-44.52,24.26,-12.34,26.09
54511,-0.1603,-0.2607,0.2762,-25.31,-31.73,-12.6,26.04
54521,0.3396,-0.3334,0.7761,19.47,1.94,-28.82,26.06
54531,-0.5117,-0.1858,1.0627,31.44,10.89,-27.22,26.04
54541,0.4652,-0.0863,0.8846,39.95,-8.4,-23.3,26.08
54551,0.4241,-0.1399,0.8884,36.85,-36.87,-17.57,26.05
54561,0.2588,-0.1498,0.8729,27.3,-31.68,-14.18,26.07
54571,0.1307,-0.1665,0.9252,15.63,-8.32,-10.02,26.05
54581,0.0912,-0.1981,1.0132,4.63,9.74,-2.56,26.05
54591,0.0664,-0.1949,1.0206,-2.6,14.24,1.89,26.07
54601,0.0753,-0.1909,0.8986,-5.69,10.6,2.31,26.07
54611,0.1144,-0.2003,0.9003,-5.22,5.36,3.02,26.06
54621,0.1265,-0.1885,0.8518,-3.88,6.52,2.56,26.07
54631,0.1302,-0.1858,0.8536,-3.68,9.89,2.75,26.07
54641,0.1105,-0.1958,0.8907,-3.33,12.03,2.43,26.04
54651,0.0902,-0.1912,0.8951,-2.78,11.05,0.95,26.05
54661,0.0956,-0.1885,0.923,-3.51,6.47,0.15,26.06
54671,0.1108,-0.1882,0.9015,-4.92,3.8,-0.53,26.07
54681,0.1256,-0.1887,0.8882,-6.29,3.73,-0.63,26.07
54691,0.1333,-0.1906,0.8678,-7.27,6.15,-0.49,26.09
54701,0.1229,-0.1958,0.8701,-7.77,8.49,-0.18,26.06
54711,0.1178,-0.1951,0.8868,-7.48,8.43,-0.05,26.07
54721,0.1149,-0.1938,0.8984,-8.06,7.62,-0.03,26.08
54731,0.1249,-0.1932,0.8723,-8.73,7.59,-0.06,26.05
54741,0.1285,-0.1925,0.855,-8.5,8.69,0.27,26.09
54751,0.1283,-0.2058,0.8625,-7.4,9.51,1.16,26.08
54761,0.1255,-0.1956,0.8816,-6.38,9.1,2.24,26.09
54771,0.1182,-0.1949,0.8958,-6.82,8.26,2.41,26.07
54781,0.1149,-0.1943,0.8839,-7.33,7.65,2.27,26.08
54791,0.1117,-0.1952,0.8682,-7.04,7.34,1.74,26.08
54801,0.1053,-0.1942,0.8678,-5.69,7.25,0.76,26.07
54811,0.1112,-0.1973,0.877,-4.47,6.98,0.05,26.07
54821,0.1185,-0.1953,0.886,-4.06,6.56,-0.06,26.07
54831,0.1193,-0.1885,0.8887,-5.45,7.11,-0.14,26.06
54841,0.1191,-0.1879,0.8914,-7.86,8.2,-0.06,26.05
54851,0.1182,-0.1952,0.8781,-9.13,8.96,0.02,26.06
54861,0.124,-0.202,0.8601,-8.92,9.54,0.37,26.05
54871,0.1232,-0.2043,0.8695,-7.71,9.37,1.1,26.06
54881,0.1118,-0.1956,0.8849,-6.92,8.78,1.16,26.05
54891,0.1116,-0.193,0.892,-6.89,8.12,0.55,26.08
54901,0.1143,-0.1965,0.8793,-6.66,7.47,0.12,26.07
54911,0.1189,-0.1978,0.8755,-6.35,7.34,-0.02,26.03
54921,0.1182,-0.2013,0.874,-6.27,7.62,-0.05,26.07
54931,0.1196,-0.1989,0.8774,-6.2,7.71,-0.09,26.07
54941,0.1151,-0.2,0.8771,-6.11,7.56,-0.09,26.07
54951,0.1182,-0.2024,0.8665,-5.45,7.39,-0.02,26.05
54961,0.1392,-0.1823,0.8555,-5.44,8.53,0.15,26.05
54971,0.1077,-0.1992,0.8856,-6.55,11.3,0.5,26.05
54981,0.0817,-0.2069,0.9072,-4.29,6.99,-0.34,26.07
54991,0.1287,-0.1847,0.8842,-3.92,3.02,-1.16,26.07
55001,0.1366,-0.1842,0.8597,-5.88,5.95,-1.4,26.05
55011,0.1306,-0.1981,0.8826,-6.52,8.92,-0.46,26.09
55021,0.1268,-0.2001,0.9097,-7.5,10.06,0.17,26.09
55031,0.1134,-0.1945,0.8788,-7.8,10.55,0.21,26.08
55041,0.1082,-0.1935,0.8811,-6.98,8.85,0.18,26.06
55051,0.188,-0.2063,0.7892,-7.82,6.53,2.32,26.09
55061,0.1693,-0.1971,0.8351,-13.48,18.6,4.98,26.06
55071,0.047,-0.2185,0.9468,-11.48,15.13,4.31,26.06
55081,0.0656,-0.2234,0.8916,-5.47,2.27,0.64,26.07
55091,0.1846,-0.166,0.7776,-4.85,6.29,0.31,26.09
55101,0.1367,-0.1945,0.8246,-5.01,14.84,2.11,26.08
55111,0.0673,-0.2081,0.9435,-4.09,13.36,2.99,26.05
55121,0.0483,-0.2079,0.9525,-3.28,4.44,0.32,26.06
55131,0.1163,-0.2003,0.851,-1.3,-1.85,-1.42,26.08
55141,0.1763,-0.1774,0.7878,-0.85,1.74,-0.98,26.06
55151,0.1639,-0.1754,0.8464,-3.98,11.79,0.47,26.06
55161,0.1125,-0.1793,0.9535,-7.63,16.56,1.07,26.07
55171,0.0701,-0.1967,0.9452,-11.48,14.6,0.61,26.08
55181,0.0698,-0.2104,0.8958,-10.76,6.63,-0.52,26.08
55191,0.1022,-0.2161,0.8597,-6.9,0.85,-0.9,26.07
55201,0.1266,-0.2028,0.8666,-3.34,1.15,-0.55,26.08
55211,0.1204,-0.1812,0.8776,-3.88,4.21,-0.05,26.07
55221,0.1292,-0.1792,0.8773,-6.67,7.34,-0.14,26.08
55231,0.1298,-0.1881,0.8673,-9.19,10.38,0.06,26.08
55241,0.1067,-0.2009,0.8833,-9.73,11.31,0.17,26.09
55251,0.0991,-0.2073,0.9016,-8.69,8.85,-0.14,26.07
55261,0.1118,-0.2046,0.8748,-6.9,5.8,-0.58,26.06
55271,0.1316,-0.1965,0.8468,-5.08,6.09,-0.43,26.07
55281,0.1332,-0.1917,0.8624,-4.75,9.21,0.17,26.07
55291,0.1102,-0.1906,0.9115,-5.73,10.43,0.41,26.06
55301,0.1025,-0.1919,0.927,-7.92,9.22,0.03,26.08
55311,0.1139,-0.1875,0.9014,-10.06,8.05,-0.27,26.05
55321,0.1202,-0.1937,0.8586,-10.53,8.52,-0.17,26.08
55331,0.13,-0.1699,0.8491,-9.18,9.15,0.96,26.06
55341,0.1375,-0.1902,0.8715,-10.63,14.06,3.44,26.11
55351,0.1052,-0.1991,0.9138,-12.21,15.22,4.49,26.08
55361,0.0938,-0.2061,0.9149,-12.35,11.51,4.96,26.08
55371,0.108,-0.2386,0.8276,-10.27,8.63,4.52,26.08
55381,0.1462,-0.204,0.812,-12.05,16.89,2.72,26.07
55391,0.0708,-0.2249,0.9235,-11.1,17.59,2.75,26.11
55401,0.0502,-0.2302,0.9358,-7.33,7.76,0.66,26.09
55411,0.0972,-0.2208,0.8644,-2.67,0.56,-0.89,26.09
55421,0.1516,-0.1864,0.8022,-0.49,2.6,-0.66,26.08
55431,0.1334,-0.1819,0.8671,-2.96,11.18,0.38,26.08
55441,0.1166,-0.177,0.9384,-8.2,14.82,0.49,26.07
55451,0.1115,-0.1783,0.9342,-15.24,16.52,0.15,26.08
55461,0.1123,-0.2084,0.8947,-21.18,19.73,0.46,26.07
55471,0.0258,-0.2596,0.8719,-14.24,11.98,0.66,26.1
55481,0.0981,-0.2234,0.8081,-5.98,3.05,0.06,26.09
55491,0.1312,-0.2102,0.7969,-2.89,7.6,0.5,26.07
55501,0.0776,-0.2197,0.9027,0.09,7.47,0.49,26.07
55511,0.0973,-0.1948,0.9221,-0.73,4.72,-0.67,26.07
55521,0.1149,-0.1902,0.8898,-4.2,5.66,-1.37,26.09
55531,0.1014,-0.2068,0.8699,-5.11,6.63,-1.42,26.07
55541,0.0902,-0.2069,0.8594,-3.11,5.44,-2.29,26.07
55551,0.0872,-0.203,0.8894,-0.84,3.73,-3.97,26.09
55561,0.0753,-0.2012,0.9435,0.24,-1.05,-6.0,26.08
55571,0.1061,-0.1888,0.8848,-0.81,-4.09,-7.36,26.07
55581,0.1266,-0.1997,0.8103,0.27,-3.22,-8.69,26.07
55591,0.1112,-0.2091,0.8217,5.19,-2.4,-8.5,26.08
55601,0.1005,-0.214,0.8815,9.34,-4.32,-8.46,26.08
55611,0.1069,-0.2029,0.9014,11.05,-7.27,-9.11,26.09
55621,0.1235,-0.2051,0.9155,9.62,-9.73,-9.31,26.09
55631,0.1403,-0.1913,0.9071,6.73,-11.02,-9.37,26.09
55641,0.1449,-0.1807,0.9061,2.95,-10.2,-9.5,26.08
55651,0.153,-0.1616,0.9559,-1.73,-10.38,-8.49,26.08
55661,0.1772,-0.156,0.9446,-7.95,-12.35,-6.79,26.07
55671,0.2463,-0.1487,0.8986,-13.07,-17.18,-7.71,26.08
55681,0.1129,-0.1399,0.9993,-17.33,-4.82,-0.75,26.06
55691,0.2767,-0.1622,0.7461,-20.35,1.94,3.08,26.07
55701,0.194,-0.2106,0.8286,-20.55,8.29,6.58,26.08
55711,0.1497,-0.2048,0.7634,-16.4,9.51,2.66,26.07
55721,0.099,-0.0917,1.0042,-15.69,11.59,6.52,26.08
55731,0.2076,-0.1249,0.839,-16.12,11.08,12.84,26.06
55741,0.1483,-0.2572,0.6831,-12.53,13.24,15.77,26.07
55751,0.2534,-0.2048,0.6925,-3.45,17.8,13.95,26.08
55761,0.1818,-0.2097,0.7897,5.66,15.05,16.12,26.1
55771,0.0537,-0.2723,0.9073,13.73,12.49,16.08,26.08
55781,0.0917,-0.2406,0.9194,15.8,12.23,15.66,26.07
55791,0.1337,-0.1857,0.9147,12.24,12.82,14.26,26.08
55801,0.1116,-0.1896,0.9218,7.66,14.78,11.19,26.08
55811,0.1161,-0.2053,0.8909,5.13,15.62,5.79,26.09
55821,0.1039,-0.1863,0.8936,3.85,15.54,1.62,26.07
55831,0.0969,-0.171,0.9501,0.81,14.18,-1.48,26.06
55842,0.0978,-0.1497,0.9589,-7.73,13.98,-5.02,26.06
55852,0.1096,-0.1555,0.933,-16.08,13.48,-7.54,26.07
55862,0.1121,-0.1637,0.9133,-22.9,13.07,-9.13,26.07
55872,0.1068,-0.1982,0.8663,-24.46,13.94,-11.59,26.09
55882,0.0833,-0.2318,0.8348,-19.53,12.72,-14.95,26.1
55892,0.0757,-0.2383,0.8342,-10.85,7.97,-19.28,26.08
55902,0.101,-0.2245,0.8539,-2.89,3.45,-22.14,26.07
55912,0.108,-0.2184,0.8594,1.63,2.98,-24.78,26.09
55922,0.1324,-0.1877,0.9215,0.08,1.62,-24.75,26.09
55932,0.1542,-0.1694,0.9231,-4.9,2.09,-21.47,26.08
55942,0.1738,-0.136,0.8757,-9.36,3.77,-16.34,26.09
55952,0.2111,-0.0658,0.8748,-11.33,5.65,-9.56,26.09
55962,0.1707,-0.1404,0.9244,-15.01,5.76,-1.5,26.08
55972,0.1881,-0.158,0.8962,-17.98,6.61,4.32,26.09
55982,0.1677,-0.1798,0.8855,-18.24,8.2,10.38,26.07
55992,0.1572,-0.1761,0.8782,-18.21,8.89,12.79,26.07
56002,0.2161,-0.1536,0.9165,-19.88,8.06,19.25,26.06
56012,0.3011,-0.1461,0.8086,-17.33,8.53,34.85,26.11
56022,0.2767,-0.1321,0.8365,-12.75,10.47,55.79,26.1
56032,0.177,-0.1538,0.9136,-9.44,32.55,73.8,26.07
56042,0.282,0.1533,0.9436,-9.39,29.21,65.15,26.1
56052,0.0442,-0.2456,0.8361,-18.2,17.83,60.21,26.1
56062,-0.0009,-0.3749,0.8103,-14.72,20.18,53.21,26.06
56072,0.0265,-0.3209,0.7628,-8.0,18.99,48.67,26.08
56082,-0.043,-0.281,0.887,-1.86,22.23,41.68,26.09
56092,-0.0034,-0.2131,0.9387,-1.21,16.27,30.09,26.08
56102,0.0642,-0.2249,0.8944,-2.66,11.4,22.58,26.07
56112,0.0869,-0.2079,0.8903,-6.24,13.18,18.92,26.07
56122,0.0641,-0.2097,0.912,-10.03,14.46,15.48,26.08
56132,0.0587,-0.2157,0.9062,-11.97,13.88,12.38,26.07
56142,0.0792,-0.2015,0.8882,-12.82,13.34,11.15,26.09
56152,0.0902,-0.2062,0.8993,-13.22,12.34,10.7,26.07
56162,0.0956,-0.2067,0.9016,-14.49,10.15,10.53,26.08
56172,0.0934,-0.2183,0.8699,-15.4,9.01,10.44,26.1
56182,0.0686,-0.2194,0.8595,-14.92,9.01,9.31,26.08
56192,0.035,-0.214,0.8246,-13.13,10.21,6.38,26.08
56202,0.0525,-0.2539,0.824,-7.44,10.49,1.21,26.09
56212,0.0551,-0.2114,0.8534,-1.36,7.18,-1.33,26.09
56222,0.042,-0.2084,0.9093,1.3,3.21,-6.15,26.12
56232,0.0657,-0.207,0.9047,1.86,0.02,-8.44,26.09
56242,0.1069,-0.2029,0.8489,1.08,1.44,-8.89,26.1
56252,0.1151,-0.2125,0.8383,1.02,4.53,-7.63,26.1
56262,0.0947,-0.2145,0.8739,0.52,6.99,-6.9,26.08
56272,0.0778,-0.2195,0.8754,1.02,6.32,-7.28,26.09
56282,0.0763,-0.2113,0.8712,4.31,2.44,-8.47,26.08
56292,0.0831,-0.193,0.8816,7.1,-0.58,-9.27,26.07
56302,0.0969,-0.1995,0.917,5.89,-1.97,-9.74,26.08
56312,0.1133,-0.1967,0.9016,3.8,-2.29,-8.64,26.1
56322,0.1185,-0.1982,0.8802,1.01,-0.27,-7.51,26.07
56332,0.1046,-0.2102,0.8784,-1.18,1.98,-7.21,26.07
56342,0.0817,-0.2106,0.8806,-1.69,2.03,-8.84,26.09
56352,0.0791,-0.2236,0.8749,-0.52,0.15,-11.44,26.09
56362,0.0767,-0.2278,0.8779,1.21,-2.32,-14.43,26.07
56372,0.0754,-0.2321,0.8785,2.32,-4.95,-17.63,26.08
56382,0.0802,-0.2306,0.8989,2.41,-7.15,-20.93,26.07
56392,0.0797,-0.2211,0.9165,1.48,-8.9,-24.37,26.08
56402,0.129,-0.2505,0.9192,-0.41,-6.61,-27.22,26.09
56412,0.1312,-0.2692,0.887,-3.66,-6.15,-28.6,26.08
56422,0.1324,-0.2592,0.9039,-5.74,-4.31,-29.82,26.08
56432,0.153,-0.2471,0.856,-6.56,-3.21,-29.65,26.09
56442,0.1714,-0.1802,0.8732,-6.34,-0.61,-28.49,26.09
56452,0.1635,-0.1516,0.8665,-6.6,3.66,-26.38,26.08
56462,0.1637,-0.0504,0.8723,-7.44,7.13,-23.19,26.09
56472,0.136,-0.0549,0.8831,-6.05,7.1,-20.85,26.09
56482,0.139,-0.0127,0.8755,-5.15,5.59,-14.46,26.09
56492,0.2279,-0.0968,0.8488,-7.16,11.74,-7.24,26.08
56502,0.2111,-0.1389,0.9054,-13.4,24.09,0.61,26.09
56512,0.1798,-0.1591,0.9056,-22.72,41.76,2.35,26.12
56522,0.0605,-0.2103,0.9309,-25.19,42.49,3.34,26.09
56532,0.0182,-0.2506,0.9291,-19.45,21.97,3.91,26.1
56542,0.0266,-0.2498,0.8643,-12.27,-2.06,4.93,26.08
56552,0.1503,-0.1888,0.8717,-6.15,-11.68,3.22,26.08
56563,0.187,-0.1703,0.7576,-3.18,0.66,0.24,26.09
56573,0.1964,-0.1796,0.8469,-3.71,16.64,1.16,26.11
56583,0.1144,-0.1797,0.8824,-5.56,25.13,2.05,26.08
56593,0.0695,-0.2,0.9679,-7.83,20.26,1.33,26.07
56603,0.053,-0.2069,0.944,-8.61,7.15,0.52,26.09
56613,0.0991,-0.1985,0.9022,-7.69,-3.04,0.2,26.08
56623,0.1353,-0.1708,0.8691,-9.07,-3.01,-1.01,26.08
56633,0.1659,-0.1858,0.8832,-11.36,2.18,-1.54,26.05
56643,0.1593,-0.1899,0.814,-11.33,9.42,-0.27,26.1
56654,0.1394,-0.2051,0.8422,-8.06,14.41,0.81,26.09
56664,0.0991,-0.2037,0.8793,-4.7,13.39,0.82,26.08
56674,0.089,-0.1997,0.9231,-3.31,8.05,0.15,26.1
56684,0.1051,-0.189,0.9171,-5.1,2.87,-0.53,26.08
56694,0.1377,-0.1868,0.8807,-7.63,3.13,-0.79,26.07
56704,0.149,-0.1904,0.8459,-9.21,7.11,-0.35,26.08
56714,0.1407,-0.1975,0.8456,-8.2,11.68,0.35,26.09
56724,0.1097,-0.1975,0.8682,-6.37,12.32,0.52,26.1
56734,0.099,-0.2001,0.9016,-4.92,9.3,0.26,26.1
56744,0.1053,-0.1919,0.9115,-5.21,5.1,-0.34,26.09
56754,0.1276,-0.1884,0.8864,-6.81,4.24,-0.53,26.08
56764,0.1416,-0.1921,0.8616,-7.89,6.75,-0.29,26.1
56774,0.137,-0.1953,0.8539,-7.54,9.94,0.03,26.13
56784,0.1254,-0.1989,0.8701,-6.5,11.08,0.34,26.12
56794,0.1068,-0.1978,0.8958,-5.56,9.4,0.23,26.12
56804,0.1073,-0.193,0.9056,-5.73,6.55,-0.17,26.09
56814,0.1195,-0.1952,0.8892,-6.66,5.19,-0.4,26.09
56824,0.1344,-0.1926,0.8691,-7.45,6.5,-0.2,26.09
56834,0.1309,-0.1897,0.8579,-7.27,8.92,0.03,26.09
56844,0.1248,-0.1968,0.873,-6.56,10.31,0.27,26.1
56854,0.1083,-0.1945,0.8889,-5.85,9.37,0.2,26.11
56864,0.1115,-0.1945,0.8979,-5.95,7.19,-0.06,26.09
56874,0.1184,-0.1917,0.891,-6.58,5.88,-0.31,26.09
56884,0.1326,-0.1919,0.8687,-7.13,6.61,-0.29,26.09
56894,0.1301,-0.1963,0.8578,-7.01,8.35,-0.03,26.1
56904,0.1229,-0.1982,0.8702,-6.44,9.69,0.18,26.1
56914,0.1129,-0.1963,0.8889,-5.97,9.22,0.14,26.09
56924,0.1093,-0.1951,0.8962,-6.09,7.53,-0.12,26.1
56934,0.119,-0.1954,0.8875,-6.58,6.4,-0.27,26.09
56944,0.1281,-0.1967,0.873,-6.98,6.79,-0.26,26.08
56954,0.1305,-0.1943,0.8682,-6.79,8.11,-0.06,26.08
56964,0.1229,-0.1958,0.8712,-6.35,9.27,0.14,26.1
56974,0.1163,-0.1963,0.8849,-6.11,8.87,0.18,26.09
56984,0.113,-0.1975,0.8912,-6.12,7.68,-0.05,26.08
56994,0.12,-0.1962,0.8833,-6.53,6.76,-0.18,26.09
57004,0.1278,-0.194,0.8726,-6.69,6.92,-0.2,26.08
57014,0.1271,-0.1969,0.8702,-6.66,8.03,0.03,26.08
57024,0.1229,-0.1942,0.8739,-6.34,8.7,0.09,26.09
57034,0.1171,-0.1935,0.8849,-6.12,8.67,0.05,26.1
57044,0.1152,-0.1941,0.8887,-6.21,7.68,-0.02,26.1
57054,0.1193,-0.1929,0.8818,-6.61,6.95,-0.26,26.1
57064,0.1216,-0.1934,0.8726,-6.67,6.99,-0.09,26.08
57074,0.1296,-0.1921,0.8702,-6.56,7.8,-0.12,26.1
57084,0.1241,-0.1962,0.8767,-6.29,8.41,0.09,26.1
57094,0.1219,-0.1947,0.8826,-6.29,8.53,-0.05,26.09
57104,0.1174,-0.1947,0.8917,-6.43,7.95,-0.02,26.09
57114,0.119,-0.1904,0.8826,-6.6,7.25,-0.12,26.09
57124,0.1256,-0.1942,0.88,-6.69,7.5,-0.11,26.12
57134,0.1248,-0.1941,0.8752,-6.56,8.0,-0.08,26.08
57144,0.1254,-0.1941,0.8806,-6.41,8.41,0.03,26.08
57154,0.1193,-0.1976,0.8804,-6.38,8.15,0.02,26.09
57164,0.1196,-0.1925,0.8865,-6.5,7.83,-0.03,26.1
57174,0.1205,-0.1951,0.8822,-6.46,7.33,-0.11,26.1
57184,0.124,-0.1975,0.8743,-6.52,7.51,-0.05,26.11
57194,0.1245,-0.1962,0.8756,-6.44,7.82,-0.05,26.09
57204,0.1237,-0.1963,0.8768,-6.24,8.12,-0.03,26.09
57214,0.1195,-0.1959,0.8802,-6.27,8.03,0.08,26.1
57224,0.1166,-0.1921,0.8855,-6.46,7.71,-0.11,26.08
57234,0.1239,-0.1945,0.8805,-6.47,7.45,-0.09,26.12
57244,0.1272,-0.1963,0.8807,-6.41,7.59,-0.05,26.1
57254,0.1228,-0.1923,0.8837,-6.44,8.05,0.02,26.09
57264,0.127,-0.1945,0.8834,-6.52,8.11,0.02,26.11
57274,0.1204,-0.1909,0.8815,-6.58,8.15,0.03,26.11
57284,0.1198,-0.196,0.8815,-6.69,7.98,0.0,26.1
57294,0.1199,-0.1971,0.8783,-6.67,7.85,-0.03,26.1
57304,0.1206,-0.2007,0.8732,-6.53,7.8,-0.05,26.11
57314,0.1178,-0.1957,0.874,-6.55,7.92,-0.12,26.1
57324,0.1178,-0.1948,0.8782,-6.32,7.91,-0.06,26.1
57334,0.1174,-0.1978,0.8813,-6.26,7.79,-0.02,26.13
57344,0.1179,-0.1956,0.8843,-6.24,7.48,-0.09,26.12
57354,0.1238,-0.1945,0.8899,-6.23,7.42,-0.08,26.1
57365,0.1261,-0.1902,0.8851,-6.5,7.53,-0.09,26.11
57375,0.1263,-0.1937,0.8823,-6.61,7.77,-0.06,26.11
57385,0.1276,-0.1932,0.879,-6.67,7.79,0.0,26.12
57395,0.1265,-0.193,0.8768,-6.55,7.97,-0.09,26.09
57405,0.1237,-0.1925,0.8773,-6.44,8.06,-0.06,26.09
57415,0.1206,-0.1946,0.8789,-6.41,8.15,-0.05,26.08
57425,0.1195,-0.1969,0.8785,-6.56,8.08,0.08,26.08
57435,0.1155,-0.1954,0.8793,-6.58,7.89,-0.02,26.11
57445,0.1188,-0.1963,0.8795,-6.34,7.76,-0.05,26.11
57455,0.1191,-0.1958,0.8826,-6.29,7.6,-0.11,26.11
57465,0.1202,-0.1923,0.8827,-6.32,7.88,-0.08,26.11
57475,0.1276,-0.1947,0.8843,-6.5,8.15,-0.06,26.1
57485,0.1223,-0.1948,0.8832,-6.64,8.14,-0.05,26.08
57495,0.1218,-0.1952,0.8816,-6.72,7.92,-0.09,26.1
57505,0.1168,-0.1946,0.8785,-6.47,7.74,-0.08,26.12
57515,0.1219,-0.1902,0.8761,-6.41,7.76,-0.02,26.11
57525,0.1219,-0.1947,0.8835,-6.34,7.98,-0.05,26.09
57535,0.1213,-0.197,0.8855,-6.37,8.31,0.0,26.11
57545,0.1177,-0.1958,0.8865,-6.53,8.21,-0.03,26.09
57555,0.1183,-0.1947,0.8815,-6.73,7.94,0.02,26.11
57565,0.1171,-0.1964,0.8762,-6.6,7.65,-0.09,26.11
57575,0.1226,-0.1952,0.8755,-6.4,7.6,-0.09,26.12
57585,0.1221,-0.1934,0.8768,-6.35,8.05,-0.08,26.08
57595,0.1219,-0.1948,0.8809,-6.43,8.24,-0.03,26.11
57605,0.1199,-0.196,0.8821,-6.53,8.27,-0.02,26.13
57615,0.1191,-0.1989,0.8792,-6.47,7.74,-0.12,26.12
57625,0.1232,-0.1975,0.8777,-6.43,7.57,-0.11,26.1
57635,0.1251,-0.1936,0.8768,-6.38,7.65,-0.11,26.09
57645,0.1243,-0.1957,0.8774,-6.34,8.0,-0.05,26.1
57655,0.1216,-0.1927,0.8805,-6.47,8.18,-0.02,26.1
57665,0.1202,-0.1943,0.8823,-6.53,8.05,-0.02,26.09
57675,0.1184,-0.1958,0.8853,-6.66,7.74,-0.08,26.11
57685,0.1208,-0.1973,0.8771,-6.44,7.57,-0.09,26.11
57695,0.1234,-0.1962,0.8781,-6.24,7.8,-0.11,26.12
57705,0.1223,-0.1962,0.8807,-6.34,8.14,0.0,26.12
57715,0.1233,-0.1915,0.8832,-6.47,8.17,-0.03,26.1
57725,0.1219,-0.198,0.885,-6.58,7.94,-0.14,26.11
57735,0.119,-0.1936,0.88,-6.6,7.8,-0.09,26.13
57745,0.1212,-0.1949,0.8755,-6.43,7.79,-0.09,26.13
57755,0.1207,-0.1945,0.8762,-6.5,8.09,-0.09,26.1
57765,0.1208,-0.1959,0.8772,-6.5,8.2,0.03,26.11
57775,0.1188,-0.1926,0.8793,-6.52,8.03,0.0,26.11
57785,0.1183,-0.1956,0.8767,-6.35,7.85,-0.05,26.1
57795,0.1199,-0.1936,0.877,-6.43,7.63,-0.11,26.11
57805,0.1232,-0.1953,0.8767,-6.31,7.77,-0.03,26.12
57815,0.1248,-0.1968,0.8846,-6.27,8.03,0.02,26.12
57825,0.1232,-0.1959,0.8802,-6.47,8.24,0.0,26.1
57835,0.1171,-0.1962,0.8828,-6.66,8.06,-0.03,26.09
57845,0.1208,-0.1948,0.8777,-6.6,7.82,-0.08,26.13
57855,0.1221,-0.1957,0.8746,-6.53,7.68,-0.06,26.13
57865,0.1199,-0.1987,0.8796,-6.35,7.83,0.0,26.13
57875,0.1202,-0.1948,0.8823,-6.47,8.18,-0.02,26.11
57885,0.1204,-0.1975,0.8773,-6.47,8.03,0.02,26.11
57895,0.1151,-0.1953,0.8799,-6.53,7.89,-0.09,26.11
57905,0.1176,-0.1941,0.8759,-6.52,7.56,-0.12,26.12
57915,0.1189,-0.1957,0.8707,-6.43,7.56,-0.08,26.12
57925,0.1188,-0.1954,0.874,-6.41,7.83,-0.08,26.11
57935,0.1173,-0.1971,0.8773,-6.35,8.09,-0.05,26.11
57945,0.1201,-0.1969,0.8818,-6.38,8.09,0.0,26.1
57955,0.1179,-0.1936,0.8883,-6.31,7.95,-0.11,26.12
57965,0.1217,-0.1949,0.8862,-6.44,7.54,-0.15,26.09
57975,0.1221,-0.1956,0.8842,-6.49,7.54,-0.14,26.11
57985,0.1207,-0.1921,0.8784,-6.56,7.82,-0.06,26.11
57995,0.1211,-0.1945,0.875,-6.5,8.03,-0.08,26.11
58005,0.1217,-0.1949,0.8799,-6.63,8.21,0.0,26.12
58015,0.1188,-0.1975,0.8763,-6.55,7.94,-0.08,26.08
58025,0.1215,-0.1953,0.8817,-6.55,7.68,0.03,26.1
58035,0.1206,-0.1937,0.8766,-6.58,7.74,-0.11,26.09
58045,0.1221,-0.1936,0.8774,-6.44,7.85,-0.06,26.12
58055,0.1204,-0.1965,0.8788,-6.4,7.95,-0.03,26.09
58065,0.1174,-0.1971,0.8787,-6.41,7.98,-0.03,26.13
58075,0.1207,-0.1937,0.8762,-6.5,7.76,0.02,26.13
58085,0.1194,-0.1945,0.8761,-6.41,7.69,-0.05,26.1
58095,0.1219,-0.1924,0.8809,-6.34,7.62,-0.09,26.12
58105,0.1226,-0.1907,0.8761,-6.38,7.91,-0.08,26.09
58115,0.1195,-0.1947,0.8805,-6.47,8.12,-0.09,26.1
58125,0.1191,-0.1953,0.8799,-6.49,8.09,-0.02,26.13
58135,0.1195,-0.1964,0.8849,-6.47,7.97,-0.03,26.11
58145,0.1196,-0.1946,0.886,-6.49,7.83,0.02,26.13
58155,0.1185,-0.1954,0.88,-6.47,7.76,0.02,26.07
58165,0.1194,-0.1945,0.8794,-6.6,7.98,-0.03,26.1
58175,0.1189,-0.1958,0.8776,-6.49,8.11,-0.12,26.12
58185,0.1193,-0.1981,0.876,-6.53,8.21,-0.05,26.13
58195,0.118,-0.1958,0.8831,-6.5,8.02,-0.02,26.13
58205,0.1202,-0.1946,0.8839,-6.47,7.74,0.02,26.11
58215,0.1228,-0.1963,0.8793,-6.38,7.56,-0.14,26.12
58225,0.1232,-0.1964,0.8774,-6.35,7.57,-0.11,26.13
58235,0.12,-0.1946,0.8785,-6.24,8.0,-0.03,26.11
58245,0.1172,-0.1957,0.8792,-6.31,8.12,0.03,26.11
58255,0.1174,-0.1918,0.8813,-6.41,8.09,0.0,26.1
58265,0.1165,-0.1931,0.8857,-6.46,7.68,-0.09,26.11
58275,0.1198,-0.1951,0.8809,-6.5,7.5,-0.12,26.1
58285,0.124,-0.1948,0.8788,-6.37,7.5,-0.12,26.09
58295,0.12,-0.1909,0.8804,-6.37,7.97,0.0,26.12
58305,0.1188,-0.1971,0.8822,-6.4,8.08,0.05,26.12
58315,0.1173,-0.1929,0.882,-6.46,8.06,0.05,26.11
58325,0.1185,-0.1971,0.885,-6.67,7.76,-0.02,26.1
58335,0.1196,-0.193,0.8745,-6.67,7.63,-0.06,26.11
58345,0.1213,-0.1989,0.877,-6.46,7.68,-0.06,26.13
58355,0.1187,-0.1971,0.8795,-6.27,8.0,-0.06,26.11
58365,0.1237,-0.193,0.8788,-6.27,8.11,0.03,26.12
58375,0.1207,-0.1969,0.8854,-6.55,7.91,-0.03,26.11
58385,0.1195,-0.1907,0.8807,-6.66,7.65,-0.08,26.1
58396,0.1227,-0.1957,0.8813,-6.58,7.34,-0.09,26.1
58406,0.1205,-0.1902,0.8732,-6.38,7.77,-0.03,26.1
58416,0.1222,-0.1925,0.8844,-6.31,8.18,0.03,26.12
58426,0.1169,-0.1953,0.8794,-6.4,8.17,0.0,26.12
58436,0.1189,-0.193,0.8809,-6.61,7.83,0.05,26.12
58446,0.1195,-0.1947,0.8778,-6.47,7.51,-0.14,26.12
58456,0.1243,-0.1965,0.8768,-6.5,7.63,-0.12,26.13
58466,0.1233,-0.1964,0.8776,-6.27,7.8,-0.06,26.13
58476,0.1233,-0.1941,0.8781,-6.32,8.26,0.02,26.11
58486,0.1191,-0.1935,0.886,-6.44,8.14,-0.09,26.12
58496,0.1172,-0.1953,0.8833,-6.58,8.0,-0.12,26.12
58506,0.1202,-0.1958,0.8799,-6.69,7.59,-0.2,26.11
58516,0.1193,-0.1949,0.8748,-6.56,7.68,-0.08,26.09
58526,0.1212,-0.1946,0.8748,-6.37,7.8,-0.02,26.12
58536,0.1202,-0.1918,0.8793,-6.26,8.21,0.03,26.12
58546,0.1207,-0.1969,0.8849,-6.34,8.11,-0.03,26.12
58556,0.1177,-0.1953,0.884,-6.6,7.95,-0.03,26.09
58566,0.1195,-0.197,0.8777,-6.63,7.69,-0.14,26.12
58576,0.1215,-0.1963,0.8713,-6.5,7.73,-0.11,26.13
58586,0.1243,-0.1934,0.8739,-6.41,7.82,-0.02,26.12
58596,0.1205,-0.1926,0.8757,-6.29,8.2,0.0,26.09
58606,0.1198,-0.1952,0.8839,-6.37,8.12,-0.03,26.12
58616,0.1165,-0.1968,0.8853,-6.49,7.85,-0.12,26.12
58626,0.1211,-0.1953,0.8815,-6.58,7.53,-0.11,26.12
58636,0.1176,-0.1943,0.874,-6.49,7.54,-0.03,26.11
58646,0.1215,-0.1947,0.873,-6.34,7.76,0.03,26.12
58656,0.1195,-0.1931,0.876,-6.26,8.03,0.02,26.14
58666,0.1168,-0.1937,0.8809,-6.37,8.15,-0.03,26.13
58676,0.1199,-0.1938,0.8824,-6.44,7.85,-0.05,26.13
58686,0.1182,-0.1934,0.8795,-6.61,7.56,-0.09,26.12
58696,0.1204,-0.1956,0.8757,-6.5,7.59,-0.06,26.15
58706,0.121,-0.1969,0.8759,-6.34,7.77,0.0,26.13
58716,0.1218,-0.1919,0.8789,-6.35,8.12,0.03,26.12
58726,0.1182,-0.1956,0.8816,-6.37,8.14,-0.03,26.1
58736,0.1188,-0.1962,0.887,-6.47,7.92,-0.08,26.11
58746,0.1182,-0.1958,0.8853,-6.7,7.53,-0.09,26.09
58756,0.1221,-0.1975,0.876,-6.6,7.62,-0.09,26.12
58766,0.1224,-0.198,0.8766,-6.41,7.86,-0.02,26.12
58776,0.1243,-0.1927,0.8787,-6.31,8.18,0.02,26.12
58786,0.1218,-0.1932,0.8778,-6.41,8.21,0.02,26.12
58796,0.1193,-0.1964,0.8821,-6.46,7.94,-0.05,26.13
58806,0.1193,-0.1967,0.8782,-6.6,7.69,-0.03,26.12
58816,0.1226,-0.1945,0.8804,-6.55,7.71,0.0,26.12
58826,0.1222,-0.1937,0.875,-6.56,7.88,-0.09,26.15
58836,0.1224,-0.1946,0.8735,-6.55,8.06,-0.02,26.12
58846,0.1218,-0.1979,0.8757,-6.43,8.08,0.0,26.13
58856,0.121,-0.1978,0.8776,-6.38,7.89,-0.09,26.12
58866,0.1217,-0.1958,0.88,-6.47,7.63,-0.11,26.13
58876,0.1206,-0.1979,0.884,-6.53,7.66,-0.14,26.13
58886,0.1198,-0.1926,0.8843,-6.52,7.82,-0.03,26.14
58896,0.1223,-0.1918,0.8767,-6.55,7.89,-0.05,26.12
58906,0.12,-0.1958,0.8801,-6.47,8.05,-0.08,26.13
58916,0.1149,-0.1949,0.8843,-6.53,8.02,0.02,26.1
58926,0.1194,-0.1915,0.8828,-6.41,7.68,-0.05,26.11
58937,0.1218,-0.1943,0.8826,-6.41,7.83,-0.03,26.12
58947,0.1205,-0.1906,0.8795,-6.4,7.91,-0.08,26.12
58957,0.1222,-0.1906,0.8776,-6.47,7.83,-0.03,26.13
58967,0.1218,-0.193,0.8829,-6.41,8.06,0.03,26.13
58977,0.1226,-0.1901,0.9086,-8.26,8.53,-0.06,26.12
58987,0.1116,-0.1967,0.8804,-10.09,8.21,-0.2,26.11
58997,0.121,-0.2056,0.8796,-9.65,6.69,-0.46,26.12
59008,0.1255,-0.2052,0.8496,-7.69,6.35,-0.31,26.14
59018,0.1287,-0.2056,0.8584,-5.68,7.37,-0.02,26.12
59028,0.1283,-0.1962,0.8739,-4.84,9.01,0.23,26.1
59038,0.1189,-0.1965,0.9036,-5.6,9.69,0.26,26.13
59048,0.1096,-0.1959,0.9034,-7.42,9.02,0.09,26.12
59058,0.114,-0.1956,0.8929,-8.26,7.92,-0.18,26.12
59068,0.1183,-0.2032,0.8649,-7.66,6.44,-0.26,26.14
59078,0.1255,-0.2018,0.8524,-5.89,7.07,-0.11,26.13
59088,0.1283,-0.1968,0.8621,-4.47,8.03,0.11,26.16
59098,0.1261,-0.1931,0.8832,-4.47,10.08,0.41,26.14
59108,0.114,-0.1914,0.8936,-5.44,10.02,0.38,26.12
59118,0.111,-0.1913,0.9073,-6.41,8.73,0.12,26.13
59128,0.1122,-0.1915,0.9001,-7.54,6.81,-0.21,26.12
59138,0.1257,-0.193,0.8767,-7.86,6.76,-0.26,26.13
59148,0.1282,-0.1958,0.861,-7.39,7.83,-0.11,26.16
59158,0.1285,-0.1968,0.8578,-6.49,9.4,0.17,26.13
59168,0.1305,-0.192,0.877,-6.72,11.24,0.29,26.12
59178,0.1128,-0.194,0.8793,-6.96,12.32,0.49,26.12
59188,0.1016,-0.1949,0.897,-7.07,10.49,0.29,26.14
59198,0.0813,-0.2197,0.8561,-1.54,5.33,-0.15,26.12
59208,0.1086,-0.2164,0.8779,5.56,1.27,0.03,26.14
59218,0.1417,-0.178,0.8694,6.34,4.21,0.6,26.14
59228,0.1428,-0.179,0.9142,2.61,8.89,0.92,26.1
59295,0.1204,-0.193,0.8964,-9.48,10.96,-1.8,26.13
59305,0.095,-0.1981,0.8748,-6.93,5.51,-0.37,26.14
59315,0.1191,-0.1964,0.8691,-5.08,1.83,-0.47,26.13
59325,0.1344,-0.186,0.8541,-3.31,4.11,-0.44,26.13
59335,0.1632,-0.1827,0.8304,-4.08,7.76,0.82,26.12
59345,0.1254,-0.1803,0.8782,-4.38,15.18,1.18,26.13
59355,0.0925,-0.2002,0.913,-4.47,12.49,1.02,26.14
59365,0.0836,-0.1923,0.9207,-3.74,6.08,-0.05,26.11
59375,0.1134,-0.1963,0.8928,-3.98,0.79,-0.82,26.13
59385,0.1309,-0.1908,0.8656,-3.3,1.08,-0.95,26.13
59395,0.1298,-0.1825,0.8932,-3.85,3.02,-1.33,26.11
59405,0.1146,-0.1948,0.8907,-5.5,4.76,-2.73,26.14
59416,0.1161,-0.1926,0.8802,-5.24,4.56,-4.72,26.12
59426,0.1344,-0.1754,0.8776,-5.47,5.42,-5.76,26.12
59436,0.1294,-0.1895,0.8733,-6.17,9.73,-6.14,26.12
59446,0.1367,-0.1742,0.8776,-6.79,10.49,-5.48,26.12
59456,0.1366,-0.1785,0.9166,-7.98,8.98,-2.96,26.12
59466,0.1206,-0.1875,0.8822,-7.92,5.42,-0.37,26.12
59476,0.1285,-0.1957,0.8505,-5.92,4.23,-0.31,26.12
59486,0.1227,-0.1951,0.8492,-2.7,4.6,-0.05,26.15
59496,0.1373,-0.189,0.8575,-0.27,5.65,0.18,26.11
59507,0.1222,-0.1836,0.8954,0.61,6.29,0.15,26.15
59517,0.1285,-0.1746,0.8876,-0.7,6.56,0.09,26.15
59527,0.1376,-0.17,0.9092,-4.02,8.32,0.06,26.12
59537,0.1176,-0.1769,0.8987,-7.62,9.69,0.15,26.13
59547,0.134,-0.1791,0.8813,-9.24,9.31,0.2,26.15
59557,0.1302,-0.1829,0.8889,-9.1,8.85,-0.12,26.14
59567,0.1354,-0.1815,0.8787,-8.93,9.16,0.02,26.13
59577,0.1305,-0.1871,0.8684,-8.29,10.08,0.17,26.11
59587,0.1246,-0.1871,0.8788,-7.39,9.94,0.26,26.14
59597,0.1156,-0.1903,0.8792,-6.99,8.69,0.06,26.15
59607,0.1338,-0.1855,0.8839,-6.7,7.62,0.09,26.13
59617,0.1328,-0.1814,0.8876,-8.05,8.35,-0.06,26.14
59627,0.1307,-0.1838,0.8856,-9.3,10.23,-0.05,26.12
59637,0.1249,-0.1846,0.8857,-9.98,11.28,0.02,26.12
59647,0.1289,-0.1827,0.8834,-10.99,11.95,0.08,26.14
59657,0.12,-0.1865,0.8783,-11.68,12.12,0.06,26.13
59667,0.1138,-0.1888,0.8721,-11.47,10.7,0.08,26.13
59677,0.1173,-0.1934,0.8756,-10.46,8.98,-0.06,26.12
59687,0.118,-0.1973,0.8706,-8.75,7.77,-0.12,26.15
59697,0.1221,-0.1941,0.8578,-6.03,6.81,-0.08,26.12
59707,0.1246,-0.1948,0.8717,-4.5,6.7,-0.11,26.11
59717,0.1301,-0.1887,0.8749,-4.02,7.33,0.02,26.15
59727,0.121,-0.1868,0.8982,-4.67,7.79,0.03,26.13
59737,0.1176,-0.1906,0.8944,-5.56,6.61,-0.2,26.14
59747,0.1298,-0.1857,0.8715,-5.69,6.41,-0.06,26.14
59757,0.1298,-0.1843,0.8832,-6.21,7.56,-0.06,26.09
59767,0.1184,-0.1874,0.8899,-6.85,7.8,-0.09,26.13
59777,0.1219,-0.1888,0.8718,-6.93,6.85,-0.15,26.14
59787,0.1044,-0.2081,0.8208,-3.95,5.62,-0.73,26.12
59797,0.1285,-0.1969,0.9224,2.99,4.79,-0.47,26.13
59807,0.1334,-0.1615,0.8976,1.11,5.3,-0.6,26.12
59817,0.1162,-0.1744,0.9512,-3.74,7.97,-0.82,26.13
59827,0.1049,-0.1838,0.8865,-5.69,6.64,-1.76,26.11
59837,0.1239,-0.1882,0.8782,-4.7,4.73,-1.05,26.12
59847,0.123,-0.1919,0.8643,-3.22,3.79,-0.87,26.13
59857,0.1199,-0.1917,0.8693,-1.56,3.83,-1.88,26.17
59867,0.1372,-0.1813,0.8853,-0.87,5.21,-3.22,26.16
59877,0.1678,-0.1659,0.8699,-1.86,8.72,-1.8,26.14
59887,0.1455,-0.1725,0.8772,-3.39,13.01,0.61,26.14
59897,0.1294,-0.1729,0.881,-4.32,15.22,1.16,26.13
59907,0.1218,-0.1763,0.8951,-4.44,14.18,1.01,26.13
59917,0.1129,-0.1749,0.9065,-4.84,12.29,0.66,26.11
59927,0.118,-0.1721,0.9049,-6.02,9.69,0.47,26.13
59937,0.1119,-0.1768,0.9048,-7.3,8.05,0.02,26.13
59947,0.1251,-0.1783,0.8947,-8.03,6.08,-0.15,26.15
59957,0.1335,-0.1732,0.8682,-8.47,7.25,-0.09,26.16
59967,0.1295,-0.1781,0.8824,-9.11,8.82,-0.15,26.13
59977,0.1182,-0.1764,0.8907,-9.77,9.3,-0.23,26.13
59987,0.1108,-0.1777,0.9059,-11.3,7.28,-0.49,26.13
59997,0.1215,-0.1832,0.8909,-11.95,5.71,-0.79,26.12
60007,0.1316,-0.1873,0.8564,-11.19,5.27,-0.75,26.14
60017,0.1442,-0.1901,0.8495,-8.96,6.93,-0.23,26.14
60027,0.1313,-0.1829,0.8502,-7.86,10.46,0.17,26.15
60037,0.125,-0.1821,0.8953,-6.79,11.08,0.2,26.15
60047,0.1129,-0.1829,0.9072,-8.06,10.78,0.17,26.12
60057,0.1161,-0.1812,0.9047,-9.74,9.24,-0.05,26.12
60067,0.1229,-0.1855,0.8678,-10.09,8.52,0.03,26.14
60077,0.1324,-0.1904,0.8721,-9.74,8.78,0.21,26.13
60087,0.12,-0.1903,0.8646,-8.23,9.33,0.38,26.12
60097,0.1163,-0.1909,0.8745,-7.08,8.35,0.27,26.12
60107,0.1195,-0.1881,0.8843,-6.29,7.28,-0.06,26.14
60117,0.1241,-0.1842,0.8844,-6.12,6.98,-0.08,26.11
60127,0.1195,-0.1917,0.8602,-6.37,7.18,-0.06,26.13
60137,0.1198,-0.2037,0.8463,-1.51,3.82,-0.08,26.13
60147,0.1302,-0.1802,0.8734,0.76,4.73,0.31,26.15
60157,0.136,-0.1724,0.9067,-0.72,7.53,0.35,26.15
60167,0.1248,-0.1721,0.8932,-3.25,9.16,0.4,26.15
60177,0.1105,-0.1711,0.899,-4.75,8.21,0.11,26.14
60187,0.1229,-0.1896,0.8796,-4.63,7.01,0.03,26.13
60197,0.1057,-0.1821,0.8849,-5.16,5.39,-0.11,26.15
60207,0.1201,-0.1888,0.8895,-4.85,2.9,-0.64,26.15
60217,0.1204,-0.1803,0.8801,-4.64,1.47,-0.73,26.15
60227,0.1285,-0.1765,0.8948,-5.15,1.71,-1.07,26.14
60237,0.1448,-0.1737,0.8777,-7.02,5.22,-1.66,26.15
60247,0.1337,-0.1807,0.8739,-8.17,8.92,-2.35,26.14
60257,0.1312,-0.1853,0.8717,-7.48,9.88,-2.63,26.12
60267,0.1285,-0.1835,0.876,-5.85,8.66,-1.94,26.13
60277,0.15,-0.182,0.8688,-4.37,8.12,-0.41,26.14
60287,0.1523,-0.1753,0.8516,-3.63,11.47,0.73,26.13
60297,0.1344,-0.1744,0.8813,-3.95,15.48,1.08,26.14
60307,0.1084,-0.176,0.9119,-5.16,14.4,0.81,26.13
60317,0.1041,-0.1765,0.9272,-6.82,10.38,0.29,26.12
60327,0.1152,-0.1747,0.9095,-8.67,7.16,-0.24,26.13
60337,0.1278,-0.179,0.8674,-9.54,7.04,-0.31,26.14
60347,0.1266,-0.1831,0.8694,-8.85,7.07,-0.38,26.13
60357,0.1261,-0.1864,0.8817,-7.54,7.18,-0.32,26.14
60367,0.1202,-0.1836,0.8822,-7.24,6.53,-0.41,26.14
60377,0.1248,-0.1815,0.8947,-7.69,5.95,-0.47,26.13
60387,0.1298,-0.1804,0.8849,-8.46,6.43,-0.46,26.12
60397,0.1384,-0.179,0.8878,-9.5,7.86,-0.24,26.12
60407,0.1328,-0.181,0.8719,-10.08,10.32,-0.12,26.17
60417,0.1215,-0.1877,0.8691,-9.95,10.49,-0.03,26.16
60428,0.1141,-0.1952,0.8716,-8.02,8.61,-0.17,26.14
60438,0.1257,-0.1974,0.8345,-4.37,7.21,-0.11,26.14
60448,0.1194,-0.1847,0.9022,-3.13,6.72,-0.14,26.14
60458,0.1282,-0.1748,0.9146,-5.48,6.87,-0.02,26.13
60468,0.1429,-0.172,0.8833,-8.81,10.29,0.26,26.17
60478,0.129,-0.1793,0.8629,-10.12,13.8,0.61,26.15
60488,0.1299,-0.1881,0.9082,-11.69,14.37,2.79,26.14
60498,0.1169,-0.2043,0.8909,-13.39,13.54,5.44,26.14
60508,0.1049,-0.2034,0.8206,-11.25,8.21,7.34,26.13
60518,0.104,-0.2058,0.8252,-3.65,6.21,4.92,26.15
60528,0.1018,-0.1945,0.884,5.1,3.01,-0.98,26.16
60538,0.1008,-0.1671,1.0013,1.74,0.41,-1.25,26.16
60548,0.1061,-0.16,0.9229,-6.63,-0.99,-2.56,26.16
60558,0.1299,-0.1891,0.8538,-9.56,0.61,-4.0,26.14
60568,0.1115,-0.22,0.8098,-4.41,-0.05,-5.5,26.16
60578,0.1211,-0.2036,0.8398,1.34,2.53,-7.56,26.15
60588,0.1344,-0.1879,0.875,3.65,5.89,-9.24,26.14
60598,0.1433,-0.1615,0.9349,0.95,8.29,-9.94,26.12
60608,0.1702,-0.1349,0.9501,-6.23,9.02,-7.74,26.13
60618,0.1631,-0.1458,0.9098,-12.66,9.76,-2.46,26.16
60629,0.1307,-0.1917,0.8472,-13.02,8.21,-0.55,26.14
60639,0.1349,-0.1984,0.8278,-8.5,9.45,0.14,26.14
60649,0.1272,-0.1938,0.8466,-4.21,9.56,0.34,26.14
60659,0.1246,-0.1904,0.889,-1.73,8.89,0.38,26.17
60669,0.1248,-0.178,0.8929,-1.8,7.92,0.26,26.16
60679,0.1311,-0.1749,0.8931,-3.18,8.4,0.32,26.15
60689,0.1298,-0.1737,0.8981,-4.81,8.56,0.09,26.14
60699,0.1288,-0.1753,0.907,-6.18,8.32,-0.09,26.17
60709,0.1283,-0.1736,0.896,-7.83,8.37,-0.03,26.17
60719,0.1267,-0.175,0.8871,-8.98,8.9,-0.15,26.17
60729,0.1306,-0.1831,0.8738,-9.02,9.27,0.0,26.16
60739,0.1395,-0.1825,0.8676,-8.61,10.41,0.23,26.16
60749,0.1328,-0.1819,0.8646,-7.92,12.85,0.6,26.16
60759,0.1266,-0.1794,0.8934,-7.85,13.77,1.16,26.14
60769,0.1271,-0.1848,0.9055,-8.87,13.73,2.18,26.18
60779,0.1177,-0.1838,0.9069,-10.4,12.41,3.5,26.14
60789,0.1042,-0.1782,0.8851,-11.51,10.27,3.65,26.17
60799,0.0983,-0.1808,0.8715,-9.69,8.0,0.52,26.16
60809,0.1094,-0.1864,0.8922,-8.61,5.11,-0.58,26.15
60819,0.131,-0.1848,0.8789,-8.84,4.67,-0.67,26.16
60829,0.1355,-0.1835,0.8651,-9.25,6.61,-0.46,26.14
60839,0.139,-0.1918,0.856,-7.97,9.05,0.06,26.17
60849,0.134,-0.1844,0.865,-6.76,11.53,0.47,26.15
60859,0.1279,-0.1835,0.8994,-6.95,12.98,0.72,26.14
60869,0.1147,-0.1847,0.8949,-7.97,12.49,0.9,26.14
60879,0.1051,-0.1854,0.9039,-8.5,10.67,1.02,26.15
60889,0.1108,-0.189,0.8889,-9.05,8.84,1.5,26.16
60899,0.1018,-0.1877,0.8771,-8.72,6.63,0.82,26.16
60909,0.1113,-0.1904,0.8823,-7.16,4.06,-0.24,26.16
60919,0.1328,-0.186,0.8663,-5.34,4.67,-0.47,26.17
60929,0.118,-0.1807,0.8854,-4.87,7.92,0.03,26.17
60939,0.0958,-0.2014,0.8993,-1.77,3.45,-0.35,26.16
60949,0.1156,-0.1785,0.8978,-1.21,0.2,-0.64,26.16
60959,0.1406,-0.1779,0.8927,-2.93,-0.05,-0.92,26.16
60969,0.1423,-0.1699,0.8566,-4.26,3.71,-0.55,26.15
60979,0.1321,-0.1842,0.8956,-3.66,8.55,-0.27,26.17
60989,0.1106,-0.1832,0.8854,-3.6,6.43,-0.08,26.17
60999,0.115,-0.1809,0.9072,-3.45,5.01,-0.67,26.17
61009,0.1082,-0.188,0.9044,-5.08,4.18,-2.37,26.18
61019,0.1433,-0.1786,0.8875,-7.07,6.84,-4.32,26.17
61029,0.1674,-0.1693,0.8678,-8.03,9.08,-2.15,26.18
61039,0.1356,-0.188,0.8754,-8.12,11.25,0.15,26.15
61049,0.1265,-0.1871,0.8677,-6.56,11.47,0.67,26.14
61059,0.1249,-0.1836,0.8806,-4.95,11.79,0.52,26.15
61069,0.1168,-0.1785,0.8992,-5.95,10.56,0.49,26.14
61079,0.1018,-0.1761,0.9377,-7.86,7.68,-0.11,26.19
61089,0.093,-0.1741,0.9279,-10.55,2.4,-0.98,26.14
61099,0.1178,-0.1796,0.8965,-12.69,-2.02,-1.68,26.16
61109,0.146,-0.1838,0.8446,-12.15,-1.11,-1.66,26.18
61119,0.1606,-0.191,0.8254,-9.91,2.75,-0.99,26.15
61129,0.1647,-0.1898,0.8127,-6.26,8.38,0.0,26.18
61139,0.1554,-0.1881,0.8467,-3.69,13.63,0.81,26.17
61149,0.1337,-0.1855,0.8801,-2.52,16.61,1.24,26.15
61159,0.1243,-0.1802,0.8958,-3.07,15.68,1.28,26.17
61169,0.1095,-0.1794,0.9299,-4.99,13.6,0.7,26.17
61179,0.1143,-0.1826,0.9062,-7.6,9.63,0.05,26.16
61189,0.118,-0.1816,0.902,-8.14,8.56,-0.03,26.16
61199,0.1335,-0.1862,0.8641,-7.59,9.77,0.11,26.15
61209,0.1285,-0.1859,0.8804,-7.07,10.79,0.2,26.16
61219,0.1144,-0.1854,0.9174,-7.76,9.56,0.05,26.15
61229,0.1255,-0.1864,0.8911,-8.41,8.15,-0.32,26.17
61239,0.1217,-0.1774,0.8918,-9.54,8.55,-0.35,26.14
61249,0.1218,-0.1879,0.8805,-10.44,8.41,-0.29,26.17
61259,0.1245,-0.1897,0.8678,-9.24,8.0,-0.17,26.16
61269,0.1296,-0.1901,0.8676,-7.88,8.6,0.02,26.17
61279,0.1263,-0.1896,0.8746,-7.33,10.06,0.37,26.15
61289,0.1151,-0.189,0.8712,-7.22,10.32,0.79,26.17
61299,0.1112,-0.1992,0.8503,-3.88,8.58,0.46,26.15
61309,0.1121,-0.1897,0.9006,-1.83,6.12,0.18,26.17
61319,0.1166,-0.1814,0.8976,-2.24,4.85,-0.15,26.19
61329,0.1198,-0.1779,0.9028,-3.85,3.86,-0.37,26.17
61339,0.1206,-0.1858,0.8882,-5.24,3.15,-0.55,26.16
61349,0.1292,-0.1837,0.8644,-5.13,3.36,-0.58,26.15
61359,0.1309,-0.187,0.8719,-4.06,4.14,-0.47,26.15
61369,0.1245,-0.174,0.876,-3.85,5.33,-0.44,26.16
61379,0.1331,-0.1851,0.8881,-4.49,6.09,-0.31,26.17
61389,0.1277,-0.1842,0.8644,-3.83,6.31,-0.03,26.17
61399,0.1178,-0.1854,0.8965,-2.93,5.62,-0.15,26.16
61409,0.127,-0.1779,0.9067,-3.21,4.37,-0.32,26.14
61419,0.1398,-0.1692,0.9011,-5.56,5.85,-0.4,26.16
61429,0.1501,-0.1736,0.8827,-7.97,9.98,-0.06,26.16
61439,0.1311,-0.1779,0.8811,-9.45,11.91,0.26,26.17
61449,0.1256,-0.182,0.8837,-9.45,12.17,0.21,26.15
61459,0.1272,-0.1794,0.8632,-9.27,12.89,0.43,26.14
61469,0.1382,-0.1866,0.8539,-8.31,14.23,0.61,26.16
61479,0.1202,-0.1915,0.8602,-6.23,15.69,0.96,26.17
61489,0.1008,-0.189,0.9071,-5.33,13.37,0.78,26.18
61499,0.0966,-0.1881,0.9099,-5.39,8.41,0.2,26.17
61509,0.1147,-0.1847,0.8904,-5.27,4.5,-0.29,26.17
61519,0.1304,-0.1824,0.8816,-5.28,4.56,-0.37,26.13
61529,0.1331,-0.1837,0.8787,-5.89,6.11,-0.21,26.15
61539,0.1318,-0.1815,0.8772,-6.09,7.47,-0.12,26.16
61549,0.1316,-0.1837,0.8802,-6.03,7.92,-0.03,26.18
61559,0.1339,-0.1798,0.8824,-6.31,8.6,0.08,26.17
61569,0.1241,-0.1775,0.8947,-7.56,10.12,0.08,26.15
61579,0.1283,-0.1783,0.877,-8.56,11.21,0.2,26.15
61589,0.1146,-0.1823,0.892,-9.47,11.37,0.08,26.16
61599,0.1141,-0.1853,0.8765,-8.78,10.15,0.03,26.16
61609,0.104,-0.1843,0.8824,-8.37,8.05,-0.18,26.15
61619,0.0984,-0.1826,0.9205,-8.85,4.47,-0.73,26.16
61629,0.1866,-0.1847,0.8024,-9.13,7.22,0.98,26.17
61639,0.1348,-0.1893,0.8159,-8.79,13.94,1.69,26.18
61649,0.0996,-0.1921,0.8867,-4.64,13.98,0.95,26.17
61659,0.0739,-0.1824,0.9319,-4.21,9.19,0.29,26.17
61669,0.1072,-0.1799,0.9298,-5.92,4.17,-0.67,26.15
61679,0.1276,-0.1736,0.8884,-8.35,3.31,-0.82,26.18
61689,0.1278,-0.1804,0.8801,-10.15,4.9,-0.63,26.17
61699,0.1189,-0.1885,0.8827,-9.95,5.5,-0.6,26.16
61709,0.1172,-0.194,0.8711,-8.32,4.37,-0.7,26.16
61719,0.124,-0.1932,0.8676,-6.96,3.74,-0.7,26.17
61729,0.13,-0.1854,0.8683,-6.17,4.32,-0.5,26.19
61739,0.1298,-0.1877,0.8678,-6.27,6.35,-0.18,26.17
61749,0.1199,-0.2126,0.8622,1.79,0.24,-0.46,26.17
61759,0.118,-0.1758,0.8782,3.68,0.44,0.02,26.14
61769,0.1333,-0.1545,0.9305,0.7,0.0,-0.79,26.18
61779,0.1349,-0.172,0.9003,-3.45,6.4,-0.72,26.14
61789,0.1195,-0.1877,0.8871,-5.18,3.51,-0.99,26.18
61799,0.1304,-0.1833,0.9008,-4.56,2.0,-1.42,26.16
61809,0.1639,-0.176,0.8539,-5.8,4.95,-1.66,26.17
61819,0.1439,-0.1774,0.8804,-6.69,10.15,-1.34,26.16
61829,0.1511,-0.1781,0.8837,-7.85,11.62,-1.02,26.16
61839,0.1278,-0.1857,0.8768,-7.88,11.39,0.02,26.17
61849,0.1301,-0.1864,0.8613,-6.11,10.56,0.12,26.15
61859,0.1433,-0.1772,0.8835,-6.03,11.37,0.64,26.16
61869,0.1445,-0.1768,0.8707,-6.99,14.34,0.79,26.2
61879,0.1154,-0.1799,0.8784,-7.39,15.18,0.76,26.14
61889,0.109,-0.192,0.8864,-6.49,12.03,0.7,26.17
61899,0.0974,-0.1852,0.8999,-4.81,6.12,-0.14,26.17
61909,0.1193,-0.1823,0.8999,-4.09,1.94,-0.64,26.19
61919,0.1398,-0.1744,0.8916,-4.99,1.21,-0.63,26.19
61929,0.1453,-0.1741,0.8861,-6.69,3.62,-0.43,26.17
61939,0.1412,-0.1759,0.8789,-8.06,6.58,-0.26,26.16
61949,0.1299,-0.1809,0.8804,-8.41,8.4,-0.17,26.16
61959,0.1274,-0.1865,0.8615,-7.4,7.95,-0.12,26.15
61969,0.1425,-0.1757,0.8868,-6.75,8.84,0.02,26.15
61979,0.1346,-0.1703,0.899,-8.63,11.1,0.18,26.17
61989,0.1226,-0.174,0.9022,-10.76,11.48,0.03,26.17
61999,0.1096,-0.1787,0.8909,-12.0,9.6,-0.18,26.17
62009,0.1095,-0.1907,0.8855,-11.65,5.59,-0.69,26.16
62019,0.126,-0.194,0.8568,-9.39,3.39,-1.05,26.14
62029,0.137,-0.1918,0.8651,-7.34,3.15,-0.93,26.18
62039,0.1512,-0.1859,0.8496,-6.02,7.92,-0.29,26.17
62049,0.145,-0.1831,0.8649,-6.21,11.63,0.46,26.17
62059,0.1226,-0.1873,0.8865,-6.21,12.96,0.58,26.17
62069,0.1129,-0.1846,0.8969,-6.17,11.11,0.31,26.18
62079,0.1177,-0.1826,0.8937,-6.38,8.46,0.11,26.18
62089,0.1259,-0.1827,0.8867,-6.98,7.31,-0.15,26.18
62099,0.1307,-0.1813,0.8816,-7.53,7.71,-0.11,26.14
62109,0.1344,-0.1807,0.8751,-7.86,8.47,-0.02,26.17
62119,0.13,-0.1833,0.8785,-8.02,9.42,0.11,26.18
62129,0.1285,-0.188,0.8759,-7.68,9.36,0.14,26.17
62139,0.1085,-0.2074,0.8345,-3.04,3.91,0.67,26.14
62149,0.1266,-0.1863,0.8982,-0.79,3.19,-0.11,26.18
62159,0.1403,-0.1801,0.9039,-2.2,3.85,-0.34,26.15
62169,0.1349,-0.1724,0.8877,-4.46,6.14,-0.34,26.16
62179,0.1302,-0.1801,0.8782,-5.94,8.02,0.0,26.16
62189,0.1315,-0.1776,0.8893,-6.44,8.02,0.03,26.15
62199,0.1279,-0.1804,0.8799,-7.02,8.44,-0.08,26.18
62209,0.1216,-0.1866,0.877,-6.69,8.46,-0.08,26.16
62219,0.1274,-0.1825,0.891,-6.99,7.44,-0.11,26.16
62229,0.136,-0.1865,0.8667,-7.28,7.82,-0.03,26.16
62240,0.1465,-0.1849,0.8385,-5.65,9.45,0.37,26.13
62250,0.1427,-0.1848,0.8765,-4.27,11.88,0.81,26.16
62260,0.1345,-0.179,0.8933,-4.61,14.2,1.16,26.16
62270,0.1195,-0.1815,0.8971,-5.79,13.94,1.97,26.16
62280,0.1218,-0.1837,0.895,-5.92,12.27,2.34,26.14
62290,0.1187,-0.1864,0.8813,-5.79,10.96,2.66,26.17
62300,0.1042,-0.1942,0.877,-4.98,9.4,1.4,26.16
62310,0.1211,-0.1863,0.8917,-4.03,7.05,0.23,26.17
62320,0.1261,-0.177,0.8831,-4.34,5.57,0.0,26.17
62330,0.1279,-0.1818,0.8826,-4.58,5.71,-0.17,26.14
62340,0.1306,-0.1798,0.8771,-4.32,6.21,-0.11,26.2
62350,0.132,-0.1757,0.8726,-4.15,8.03,0.12,26.17
62360,0.1298,-0.1788,0.8956,-4.47,8.95,0.2,26.15
62370,0.1235,-0.1774,0.8942,-5.5,9.36,0.21,26.17
62380,0.1256,-0.1771,0.8884,-6.89,9.24,0.0,26.18
62390,0.1281,-0.1892,0.8503,-5.77,8.11,-0.32,26.18
62400,0.1132,-0.1797,0.8997,-3.85,6.75,-0.29,26.18
62410,0.1162,-0.168,0.9255,-5.83,5.91,-0.18,26.17
62420,0.1389,-0.1715,0.8821,-8.72,8.18,-0.26,26.17
62430,0.1261,-0.1743,0.8928,-11.27,10.05,-0.11,26.16
62440,0.1208,-0.1865,0.8645,-11.74,9.85,-0.31,26.18
62450,0.1128,-0.1929,0.8597,-10.34,8.24,-0.46,26.2
62460,0.1177,-0.1891,0.8798,-8.02,5.51,-0.4,26.18
62470,0.1301,-0.1782,0.8899,-7.83,5.24,-0.5,26.17
62480,0.1295,-0.1792,0.8837,-9.27,6.17,-0.52,26.16
62490,0.1244,-0.1884,0.8827,-9.48,6.67,-0.47,26.17
62500,0.1244,-0.1849,0.8713,-8.61,6.21,-0.44,26.2
62510,0.1285,-0.189,0.869,-7.33,6.15,-0.4,26.16
62520,0.135,-0.1842,0.8623,-6.08,7.19,-0.17,26.19
62530,0.1327,-0.1836,0.8726,-5.73,9.08,0.17,26.2
62540,0.1293,-0.1853,0.8833,-6.05,10.24,0.38,26.18
62550,0.1116,-0.1787,0.9135,-6.72,9.63,0.14,26.18
62560,0.1138,-0.1803,0.9084,-7.27,6.56,-0.18,26.18
62570,0.1228,-0.1776,0.8896,-7.91,6.11,-0.24,26.18
62580,0.1018,-0.2064,0.796,-5.66,3.85,-0.09,26.14
62590,0.1432,-0.1902,0.8839,-0.29,2.85,-0.11,26.18
62600,0.1302,-0.1787,0.8915,-0.58,3.63,-0.12,26.2
62610,0.1156,-0.1776,0.9137,-2.02,4.56,-0.43,26.17
62620,0.1388,-0.1704,0.9117,-4.99,4.64,-1.08,26.17
62630,0.1238,-0.1788,0.9098,-8.0,6.6,-2.37,26.2
62640,0.1339,-0.1779,0.8746,-8.29,5.85,-2.11,26.2
62650,0.1259,-0.1875,0.8582,-6.79,4.4,-1.86,26.17
62660,0.1205,-0.1852,0.8495,-4.79,6.24,-3.37,26.17
62670,0.0903,-0.1965,0.8724,-3.83,7.91,-6.06,26.18
62680,0.0994,-0.1918,0.8885,-2.44,5.69,-9.08,26.17
62690,0.1256,-0.1724,0.8992,-1.92,3.92,-10.08,26.19
62700,0.1683,-0.1594,0.9015,-4.14,5.94,-8.85,26.18
62710,0.2106,-0.1525,0.8748,-6.49,10.38,-4.03,26.17
62720,0.1382,-0.1719,0.8777,-8.82,13.04,0.69,26.17
62730,0.1301,-0.1825,0.8958,-9.5,12.99,0.84,26.16
62740,0.119,-0.1866,0.8842,-8.46,9.86,1.4,26.18
62750,0.1201,-0.1895,0.8674,-7.21,7.28,1.13,26.16
62760,0.1296,-0.1899,0.8715,-5.91,6.84,-0.12,26.16
62770,0.1278,-0.1838,0.8893,-5.6,6.9,-0.12,26.17
62780,0.1292,-0.1813,0.886,-5.48,6.53,-0.2,26.17
62790,0.1368,-0.178,0.8765,-4.95,7.04,-0.12,26.18
62800,0.1414,-0.1783,0.8734,-4.81,9.15,0.2,26.18
62810,0.1389,-0.178,0.8772,-4.72,10.92,0.44,26.18
62820,0.1283,-0.182,0.8715,-4.11,11.66,0.5,26.18
62830,0.1245,-0.1798,0.8799,-3.76,11.22,0.44,26.18
62840,0.114,-0.1805,0.8859,-3.28,9.83,0.24,26.15
62850,0.1243,-0.1771,0.8811,-2.46,6.43,0.05,26.18
62860,0.1393,-0.1729,0.8735,-2.09,6.93,0.11,26.16
62870,0.144,-0.1705,0.8776,-2.4,8.85,0.31,26.19
62880,0.1317,-0.167,0.9008,-3.59,10.72,0.4,26.17
62890,0.1213,-0.1692,0.9132,-5.53,10.61,0.26,26.19
62900,0.1217,-0.1708,0.9048,-7.13,9.22,0.0,26.19
62910,0.1405,-0.1768,0.8781,-8.06,9.3,0.11,26.2
62920,0.1451,-0.1775,0.8528,-7.8,12.08,0.32,26.19
62930,0.1216,-0.1753,0.8844,-7.36,14.75,0.7,26.19
62940,0.0975,-0.1791,0.9111,-7.54,12.38,0.55,26.17
62950,0.1156,-0.1721,0.9022,-7.92,9.27,-0.02,26.18
62960,0.1299,-0.1729,0.8705,-8.55,8.99,-0.11,26.17
62970,0.1282,-0.1792,0.869,-8.02,9.71,0.09,26.18
62980,0.121,-0.1805,0.8804,-6.67,8.98,0.14,26.18
62990,0.1152,-0.1826,0.8895,-5.51,7.24,0.05,26.19
63000,0.1261,-0.175,0.8849,-5.11,6.17,-0.05,26.19
63010,0.1342,-0.1742,0.8719,-4.89,7.22,0.02,26.19
63020,0.1263,-0.1768,0.8796,-4.89,8.67,0.26,26.18
63030,0.1119,-0.1747,0.8878,-4.6,8.14,0.23,26.2
63040,0.1262,-0.1727,0.8843,-4.46,6.49,0.02,26.18
63050,0.1295,-0.173,0.8783,-4.38,7.25,0.09,26.21
63060,0.1298,-0.1726,0.8845,-4.61,8.06,0.2,26.18
63070,0.1182,-0.174,0.89,-4.79,8.4,0.17,26.19
63080,0.0959,-0.1982,0.8613,-1.08,2.69,-0.14,26.19
63090,0.1188,-0.1702,0.9257,0.21,0.15,-0.66,26.18
63100,0.1406,-0.1556,0.9142,-3.21,0.06,-1.22,26.2
63110,0.147,-0.1565,0.8739,-6.9,3.77,-1.51,26.15
63120,0.1252,-0.1715,0.8883,-7.82,5.31,-0.98,26.18
63130,0.1222,-0.178,0.8981,-7.45,3.73,-0.84,26.19
63140,0.1232,-0.178,0.8882,-6.67,1.45,-0.98,26.17
63150,0.1523,-0.1771,0.8922,-6.23,0.73,-0.89,26.17
63160,0.1616,-0.1594,0.8772,-7.24,5.79,-0.26,26.19
63170,0.1566,-0.1543,0.9142,-11.44,11.89,0.34,26.16
63180,0.1138,-0.1698,0.9008,-14.72,13.56,0.15,26.17
63190,0.1005,-0.1771,0.9238,-14.92,6.23,-0.53,26.18
63200,0.1372,-0.1832,0.8615,-14.78,3.1,-0.5,26.2
63210,0.1625,-0.1833,0.8046,-11.45,5.88,0.73,26.18
63220,0.1523,-0.1919,0.8265,-6.95,9.56,2.23,26.17
63230,0.1217,-0.192,0.8627,-3.82,11.01,1.88,26.17
63294,0.1294,-0.177,0.8879,-8.56,7.94,-0.17,26.18
63304,0.1318,-0.1764,0.8799,-8.69,7.73,-0.24,26.17
63314,0.1348,-0.1782,0.876,-8.52,8.03,-0.2,26.19
63324,0.1305,-0.1818,0.8667,-7.76,8.82,-0.03,26.17
63334,0.1295,-0.1835,0.865,-6.24,8.4,0.14,26.17
63344,0.129,-0.1788,0.8781,-5.18,8.0,0.08,26.18
63354,0.1254,-0.1768,0.8829,-4.95,7.73,0.05,26.19
63364,0.1278,-0.1736,0.8899,-5.08,7.28,0.06,26.2
63374,0.1318,-0.1708,0.8876,-5.47,7.42,0.0,26.2
63384,0.1343,-0.1732,0.8878,-6.14,7.74,-0.06,26.19
63394,0.1353,-0.1703,0.892,-6.89,7.95,-0.18,26.15
63404,0.1351,-0.1699,0.8931,-7.97,8.56,-0.09,26.16
63414,0.1283,-0.1758,0.8837,-8.67,9.04,-0.11,26.19
63424,0.1281,-0.1787,0.8816,-8.41,8.52,-0.12,26.18
63434,0.1246,-0.1791,0.8871,-7.85,6.98,-0.21,26.18
63444,0.1263,-0.1835,0.8853,-7.44,5.91,-0.4,26.2
63454,0.1357,-0.1775,0.8849,-7.6,6.23,-0.37,26.22
63464,0.1427,-0.1709,0.8838,-8.69,8.24,-0.17,26.19
63474,0.1344,-0.1764,0.889,-10.31,10.17,0.0,26.18
63484,0.1241,-0.1786,0.8802,-10.98,9.98,-0.12,26.18
63494,0.1173,-0.1849,0.8787,-10.99,8.58,-0.17,26.17
63504,0.1267,-0.1866,0.8677,-9.22,6.67,-0.17,26.16
63514,0.1381,-0.1893,0.8619,-6.87,6.37,-0.06,26.17
63524,0.1426,-0.1835,0.874,-5.71,7.6,0.09,26.18
63534,0.1372,-0.1748,0.8861,-5.69,9.44,0.23,26.17
63544,0.1259,-0.1776,0.8937,-6.5,9.91,0.2,26.17
63554,0.1248,-0.1812,0.8983,-7.25,8.9,0.05,26.18
63564,0.124,-0.1819,0.8856,-7.28,7.59,-0.11,26.19
63574,0.1316,-0.1816,0.8734,-6.95,7.04,-0.23,26.18
63584,0.1334,-0.1836,0.8773,-6.61,7.45,-0.06,26.19
63594,0.1338,-0.1813,0.877,-6.4,8.06,0.0,26.21
63604,0.1256,-0.1831,0.8715,-6.29,8.11,0.02,26.21
63614,0.1172,-0.2112,0.8346,-0.98,2.47,0.12,26.19
63624,0.1764,-0.1746,0.8324,1.83,3.63,0.78,26.19
63634,0.127,-0.1772,0.9072,1.08,9.48,0.31,26.2
63644,0.105,-0.1731,0.9263,-1.3,5.54,0.02,26.18
63654,0.1201,-0.1697,0.9263,-3.48,1.36,-0.6,26.2
63664,0.1409,-0.1646,0.9016,-5.95,1.27,-0.95,26.2
63674,0.1525,-0.1658,0.8713,-8.47,4.52,-0.63,26.19
63684,0.1479,-0.1738,0.8779,-9.16,7.66,-0.46,26.19
63694,0.1499,-0.1664,0.9089,-10.55,10.53,-0.27,26.16
63704,0.1437,-0.172,0.8844,-13.37,13.36,0.02,26.18
63714,0.1445,-0.1844,0.8497,-13.59,14.96,0.44,26.19
63724,0.1195,-0.1978,0.8364,-10.75,14.64,0.6,26.17
63734,0.1261,-0.1943,0.8561,-6.64,11.98,0.89,26.19
63744,0.1136,-0.1912,0.8621,-3.65,9.73,1.07,26.21
63754,0.1138,-0.1884,0.8931,-1.15,6.15,0.35,26.19
63764,0.1265,-0.1742,0.8998,-1.73,4.63,0.03,26.21
63774,0.1329,-0.1722,0.9023,-3.3,5.18,-0.14,26.19
63784,0.1318,-0.1715,0.9011,-4.96,5.42,-0.31,26.2
63794,0.1378,-0.1752,0.8925,-6.78,5.91,-0.4,26.2
63804,0.144,-0.1765,0.8719,-7.44,7.18,-0.23,26.2
63814,0.1404,-0.1791,0.8707,-7.33,9.08,0.0,26.21
63824,0.1312,-0.1749,0.8765,-7.19,10.02,0.03,26.19
63834,0.1309,-0.1771,0.8815,-6.9,9.6,0.09,26.19
63844,0.1257,-0.1742,0.8909,-7.1,8.7,0.02,26.16
63854,0.1295,-0.179,0.8824,-7.44,7.91,-0.11,26.19
63864,0.1289,-0.1833,0.8759,-6.95,7.39,-0.11,26.18
63874,0.1409,-0.1782,0.8763,-6.47,7.86,0.06,26.19
63884,0.1442,-0.172,0.8665,-6.76,10.56,0.27,26.18
63894,0.1295,-0.1797,0.8938,-7.36,12.11,0.46,26.18
63904,0.1251,-0.1769,0.8986,-8.17,11.68,0.46,26.17
63914,0.1116,-0.1792,0.8961,-8.66,9.44,0.7,26.2
63924,0.1149,-0.1829,0.8955,-8.66,5.98,-0.17,26.17
63934,0.1144,-0.1797,0.8804,-8.66,3.33,-0.76,26.2
63944,0.1396,-0.1816,0.8895,-8.38,2.23,-0.84,26.19
63954,0.1489,-0.1785,0.8444,-7.94,5.31,-0.44,26.18
63964,0.1481,-0.1865,0.853,-7.16,9.37,0.09,26.2
63974,0.1302,-0.1844,0.8665,-6.14,11.28,0.49,26.2
63984,0.1176,-0.1847,0.8976,-5.83,10.37,0.21,26.19
63995,0.1183,-0.1815,0.8965,-6.2,7.59,-0.18,26.19
64005,0.1289,-0.1812,0.8872,-6.93,6.15,-0.34,26.18
64015,0.1377,-0.1792,0.8718,-7.4,6.76,-0.18,26.21
64025,0.1382,-0.1819,0.8684,-7.13,8.31,-0.02,26.17
64035,0.1324,-0.184,0.8744,-6.44,8.99,0.09,26.17
64045,0.1147,-0.1891,0.8665,-5.85,8.34,0.06,26.2
64055,0.1252,-0.2107,0.8783,1.69,0.66,-0.37,26.22
64065,0.1289,-0.1664,0.8734,2.55,2.29,0.02,26.21
64075,0.144,-0.1576,0.9342,-0.92,4.27,-0.55,26.2
64085,0.142,-0.1597,0.9169,-6.63,7.11,-0.44,26.18
64095,0.1296,-0.1736,0.8962,-10.09,7.34,-0.43,26.17
64105,0.1388,-0.1752,0.8853,-10.73,7.6,-0.49,26.19
64115,0.1099,-0.188,0.8854,-9.88,6.23,-1.08,26.19
64125,0.1169,-0.1947,0.8768,-8.21,3.21,-3.18,26.17
64135,0.1409,-0.1892,0.848,-6.12,3.39,-4.63,26.24
64145,0.1671,-0.1752,0.8562,-3.68,6.63,-3.59,26.22
64155,0.1837,-0.1593,0.8896,-4.87,11.16,-1.73,26.21
64165,0.1389,-0.1648,0.8754,-7.5,15.53,1.02,26.18
64175,0.1129,-0.181,0.8978,-7.98,13.11,0.79,26.17
64185,0.1418,-0.1672,0.8898,-7.8,11.79,1.76,26.2
64195,0.1079,-0.1957,0.8866,-6.75,8.03,2.41,26.17
64205,0.1084,-0.1912,0.8773,-4.15,4.14,-0.03,26.21
64215,0.1366,-0.1885,0.8719,-2.9,2.11,-0.32,26.22
64225,0.1444,-0.1788,0.8733,-1.94,3.89,-0.2,26.18
64236,0.1547,-0.1765,0.873,-2.03,6.38,0.2,26.22
64246,0.1342,-0.1698,0.9078,-3.1,8.73,0.14,26.21
64256,0.1127,-0.1696,0.9138,-4.78,6.26,-0.21,26.19
64266,0.1271,-0.172,0.9171,-6.55,3.94,-1.01,26.2
64276,0.1385,-0.1671,0.8806,-8.69,4.84,-1.51,26.19
64286,0.1472,-0.173,0.8771,-9.97,7.76,-2.23,26.19
64296,0.157,-0.1705,0.874,-9.82,10.15,-1.5,26.18
64306,0.142,-0.1826,0.8669,-9.47,11.76,0.11,26.18
64316,0.1326,-0.1825,0.8596,-8.27,12.14,0.4,26.18
64326,0.1322,-0.1847,0.8787,-6.6,11.57,0.46,26.19
64336,0.1293,-0.1818,0.879,-5.18,10.15,0.37,26.19
64346,0.1265,-0.1793,0.8988,-4.87,8.82,0.17,26.21
64356,0.1296,-0.1714,0.907,-6.2,7.86,-0.05,26.18
64366,0.1418,-0.1742,0.8909,-8.17,8.29,-0.14,26.19
64376,0.1385,-0.1726,0.8905,-9.63,9.36,-0.11,26.18
64386,0.14,-0.1768,0.8883,-10.92,10.43,-0.09,26.22
64396,0.1338,-0.1761,0.8798,-11.5,10.98,0.09,26.21
64406,0.1294,-0.1824,0.8734,-11.85,11.37,0.37,26.18
64416,0.1198,-0.1859,0.8698,-10.47,9.89,0.72,26.17
64426,0.1288,-0.1881,0.8579,-7.39,7.59,1.07,26.2
64436,0.1234,-0.1918,0.8656,-5.11,6.84,0.61,26.2
64446,0.1422,-0.1777,0.8918,-4.69,7.95,0.03,26.19
64456,0.1326,-0.1772,0.913,-6.89,8.66,-0.06,26.19
64466,0.1318,-0.1851,0.8917,-8.64,8.21,-0.18,26.2
64476,0.1331,-0.1851,0.8766,-9.21,7.98,-0.26,26.19
64487,0.1371,-0.1851,0.87,-8.53,9.24,-0.08,26.19
64497,0.1305,-0.1827,0.8728,-7.91,9.6,-0.02,26.19
64507,0.1322,-0.1847,0.8916,-7.6,8.81,0.08,26.19
64517,0.1349,-0.1809,0.8846,-7.56,8.9,0.09,26.2
64527,0.1333,-0.1842,0.8773,-7.92,9.66,0.26,26.2
64537,0.1279,-0.1884,0.873,-7.07,9.22,0.7,26.19
64547,0.1305,-0.184,0.8704,-5.94,8.58,1.3,26.22
64557,0.1221,-0.1869,0.8828,-5.15,7.95,1.34,26.18
64567,0.1205,-0.1846,0.8923,-4.98,7.68,0.34,26.19
64577,0.1219,-0.1815,0.8927,-5.47,6.67,-0.02,26.22
64587,0.134,-0.182,0.8789,-6.02,6.17,-0.14,26.21
64597,0.1376,-0.1835,0.8562,-5.73,7.05,-0.05,26.21
64607,0.1351,-0.1819,0.8788,-5.02,8.17,0.08,26.2
64617,0.1266,-0.1869,0.8934,-4.64,8.02,0.14,26.22
64627,0.1266,-0.1838,0.8905,-4.49,7.42,0.05,26.19
64637,0.1307,-0.179,0.8832,-4.84,7.45,0.12,26.2
64647,0.1307,-0.1798,0.8838,-5.02,8.23,0.02,26.19
64657,0.1285,-0.1799,0.892,-5.56,8.52,0.11,26.2
64667,0.1249,-0.1802,0.8893,-5.92,8.12,-0.02,26.23
64677,0.1273,-0.1804,0.896,-6.75,7.66,-0.14,26.21
64687,0.1267,-0.1812,0.8895,-7.47,7.34,-0.2,26.22
64697,0.132,-0.1823,0.88,-7.65,7.18,-0.18,26.21
64708,0.132,-0.1783,0.886,-8.26,8.72,-0.15,26.18
64718,0.1299,-0.1849,0.8871,-8.84,9.51,-0.06,26.2
64728,0.1267,-0.187,0.8744,-8.37,9.36,0.03,26.22
64738,0.1268,-0.184,0.8751,-7.15,8.21,0.0,26.21
64748,0.124,-0.1858,0.8818,-6.02,7.3,-0.03,26.22
64758,0.1317,-0.1833,0.8806,-5.71,6.99,-0.06,26.19
64768,0.1355,-0.1824,0.8821,-5.6,7.39,-0.06,26.19
64778,0.1271,-0.1783,0.8929,-6.32,8.44,-0.02,26.2
64788,0.1252,-0.1819,0.8907,-7.01,8.67,0.02,26.2
64799,0.1287,-0.1886,0.877,-7.16,8.08,-0.11,26.22
64809,0.1302,-0.1831,0.8821,-6.9,7.51,-0.14,26.2
64819,0.1338,-0.1815,0.8749,-6.43,7.36,-0.12,26.2
64829,0.1364,-0.1832,0.877,-6.15,7.68,0.05,26.21
64839,0.1351,-0.1815,0.8794,-6.43,8.11,-0.05,26.21
64849,0.1262,-0.1835,0.8813,-6.11,7.79,-0.08,26.18
64859,0.0757,-0.2129,0.7943,-4.18,4.49,-0.06,26.21
64869,0.123,-0.2069,0.8794,6.18,-4.06,-0.73,26.21
64879,0.1505,-0.1532,0.8832,4.06,0.12,-0.67,26.21
64889,0.1792,-0.1613,0.9587,-1.86,6.92,-0.89,26.21
64899,0.1505,-0.1633,0.8861,-5.98,12.56,-0.2,26.21
64909,0.1431,-0.179,0.9135,-9.21,10.56,-0.12,26.19
64919,0.1018,-0.1875,0.8784,-10.76,7.8,-0.64,26.2
64929,0.1207,-0.1914,0.884,-8.52,3.16,-1.02,26.18
64939,0.1495,-0.1907,0.8134,-5.88,3.39,-0.63,26.18
64949,0.1659,-0.1718,0.8571,-6.05,10.46,0.4,26.18
64959,0.132,-0.1791,0.8754,-6.98,13.95,0.69,26.19
64969,0.115,-0.1805,0.9021,-6.53,12.06,0.47,26.19
64979,0.1135,-0.1614,0.9526,-6.7,9.27,0.49,26.19
64989,0.1561,-0.1696,0.8772,-8.87,8.66,0.67,26.2
64999,0.1941,-0.1707,0.8185,-7.47,6.73,4.38,26.21
65009,0.1349,-0.1871,0.8613,-6.12,8.84,7.27,26.2
65019,0.09,-0.2029,0.8707,-5.25,10.44,4.99,26.22
65029,0.0997,-0.201,0.8658,-3.5,9.48,1.31,26.22
65039,0.1204,-0.1899,0.8661,-0.17,4.81,0.31,26.2
65049,0.146,-0.1732,0.8662,1.33,2.4,-0.18,26.21
65059,0.1399,-0.1633,0.9071,-0.2,4.75,-0.43,26.21
65069,0.1301,-0.1685,0.9124,-3.8,6.63,-0.02,26.23
65079,0.1243,-0.1696,0.8994,-5.62,6.95,-0.38,26.19
65089,0.1272,-0.173,0.9197,-8.02,8.2,-0.72,26.18
65099,0.1202,-0.1888,0.8364,-7.56,4.32,-1.4,26.21
65109,0.1124,-0.1858,0.8442,-4.17,3.5,-2.9,26.21
65119,0.1204,-0.1538,0.8596,-0.99,5.42,-5.24,26.22
65129,0.1309,-0.166,0.9021,-2.95,9.89,-7.27,26.22
65139,0.1392,-0.1771,0.915,-4.61,7.28,-5.31,26.21
65149,0.1598,-0.1743,0.9067,-6.76,5.54,-2.12,26.2
65159,0.1539,-0.1666,0.8746,-9.04,7.98,-0.17,26.21
65169,0.1497,-0.1785,0.8582,-8.72,11.02,0.47,26.22
65179,0.14,-0.1833,0.869,-7.11,12.0,0.76,26.21
65189,0.137,-0.1837,0.8739,-4.89,10.5,0.96,26.2
65199,0.134,-0.1814,0.884,-3.34,9.05,1.18,26.19
65209,0.1251,-0.1786,0.8813,-2.73,8.52,1.19,26.22
65219,0.1331,-0.1765,0.8766,-2.41,8.12,0.38,26.22
65229,0.1208,-0.1781,0.8678,-1.21,6.43,0.2,26.18
65239,0.1168,-0.1833,0.8866,0.98,2.99,0.02,26.19
65249,0.1323,-0.1687,0.8885,2.56,0.89,-0.27,26.22
65259,0.1547,-0.1541,0.8954,1.21,2.64,-0.23,26.23
65269,0.158,-0.1539,0.8857,-2.11,7.73,0.24,26.21
65279,0.1476,-0.1538,0.9005,-4.98,11.59,0.52,26.22
65289,0.1295,-0.1575,0.9086,-7.27,12.47,0.32,26.2
65299,0.1223,-0.1632,0.9087,-8.72,10.46,0.06,26.21
65309,0.1392,-0.1687,0.874,-8.58,9.01,0.11,26.22
65319,0.1465,-0.1654,0.8694,-8.09,10.29,0.09,26.18
65329,0.1342,-0.1652,0.9031,-8.52,11.19,0.09,26.18
65339,0.1343,-0.1687,0.916,-9.82,10.12,-0.05,26.21
65349,0.1211,-0.1771,0.8755,-9.89,7.65,-0.81,26.21
65359,0.1243,-0.1783,0.8749,-7.8,4.78,-0.81,26.21
65369,0.1316,-0.1782,0.8685,-6.38,3.53,-0.76,26.22
65379,0.1459,-0.1736,0.8541,-4.72,4.41,-0.37,26.2
65389,0.1376,-0.1672,0.8845,-4.44,7.08,-0.53,26.22
65399,0.1106,-0.1625,0.9098,-6.02,8.49,-2.2,26.22
65409,0.0953,-0.163,0.906,-7.94,7.34,-5.37,26.21
65419,0.0652,-0.1339,0.9618,-11.69,3.89,-8.53,26.18
65429,0.1036,-0.1537,0.9474,-14.95,0.56,-10.89,26.22
65439,0.2057,-0.1896,0.8318,-15.15,0.15,-8.95,26.23
65449,0.2262,-0.1715,0.8162,-12.0,6.37,-1.16,26.21
65459,0.1812,-0.1772,0.7953,-9.66,17.13,0.64,26.22
65469,0.1378,-0.182,0.8835,-7.39,21.92,1.51,26.2
65479,0.0999,-0.1747,0.9309,-6.64,18.44,1.18,26.22
65489,0.0886,-0.1744,0.9506,-8.18,9.74,0.34,26.2
65499,0.1163,-0.1737,0.9081,-9.33,3.95,-0.38,26.19
65509,0.151,-0.1697,0.8585,-10.34,4.06,0.02,26.23
65519,0.172,-0.1757,0.8445,-9.65,9.42,0.64,26.2
65529,0.156,-0.1832,0.8613,-7.27,11.92,1.33,26.2
65539,0.1395,-0.1776,0.8582,-5.05,13.16,2.73,26.21
65549,0.1134,-0.1797,0.9077,-5.3,13.08,1.04,26.22
65559,0.1017,-0.1808,0.9132,-5.65,9.13,0.11,26.21
65569,0.1289,-0.1749,0.901,-5.74,4.37,-0.31,26.22
65579,0.1305,-0.1766,0.861,-5.08,3.04,-0.29,26.2
65589,0.1378,-0.1722,0.8972,-4.03,4.15,-0.31,26.2
65599,0.1415,-0.1661,0.9047,-5.56,6.11,-0.27,26.2
65609,0.145,-0.1697,0.891,-7.74,7.69,-0.17,26.2
65619,0.1464,-0.1743,0.8712,-8.09,8.5,-0.12,26.22
65630,0.1353,-0.1759,0.8685,-7.82,8.96,0.08,26.23
65640,0.1351,-0.1774,0.8934,-6.66,8.35,0.08,26.23
65650,0.129,-0.1754,0.894,-6.9,7.88,0.0,26.2
65660,0.1348,-0.173,0.8859,-7.05,7.69,-0.08,26.23
65670,0.1405,-0.1725,0.8802,-7.57,8.4,-0.09,26.22
65680,0.1355,-0.1724,0.886,-7.98,9.68,-0.05,26.21
65690,0.125,-0.1733,0.8871,-8.52,9.56,-0.08,26.19
65700,0.1255,-0.1826,0.8842,-7.79,7.97,-0.2,26.22
65711,0.1313,-0.1741,0.8794,-6.89,6.02,-0.29,26.24
65721,0.1437,-0.1755,0.8857,-7.28,7.42,-0.27,26.22
65731,0.1373,-0.1755,0.8801,-8.49,9.1,-0.14,26.19
65741,0.1277,-0.1786,0.8887,-9.1,9.62,-0.14,26.22
65751,0.129,-0.1759,0.8959,-9.66,8.93,-0.31,26.22
65761,0.1189,-0.1765,0.8921,-10.79,7.79,-0.55,26.24
65771,0.1255,-0.1837,0.8741,-10.31,6.72,-0.78,26.23
65781,0.1422,-0.1852,0.8539,-8.34,6.55,-0.58,26.24
65791,0.1459,-0.191,0.8528,-5.98,8.44,-0.05,26.23
65801,0.1366,-0.1803,0.8881,-4.87,9.91,0.17,26.21
65811,0.1268,-0.1736,0.9127,-5.71,9.77,-0.02,26.2
65821,0.1257,-0.1779,0.9095,-7.69,7.94,-0.18,26.22
65831,0.1361,-0.1857,0.8698,-7.54,6.44,0.03,26.21
65841,0.1445,-0.1832,0.8521,-5.77,7.39,0.41,26.22
65851,0.1447,-0.1835,0.8759,-4.89,9.77,0.84,26.24
65861,0.1305,-0.1746,0.903,-5.74,11.57,0.81,26.21
65871,0.1105,-0.1764,0.8949,-7.68,9.51,0.29,26.22
65881,0.1135,-0.1862,0.8848,-7.48,5.92,-0.46,26.23
65891,0.1357,-0.1826,0.8553,-6.27,3.3,-0.75,26.22
65901,0.1487,-0.1804,0.8463,-5.13,5.19,-0.53,26.23
65911,0.1489,-0.1715,0.8671,-5.42,8.93,-0.11,26.22
65921,0.1349,-0.1777,0.8894,-6.61,11.4,0.12,26.23
65931,0.1122,-0.1798,0.8933,-6.35,9.31,0.14,26.2
65941,0.1219,-0.1848,0.9005,-5.33,6.26,0.03,26.22
65951,0.1433,-0.1736,0.8911,-5.24,5.5,0.09,26.22
65961,0.1471,-0.1672,0.912,-7.44,8.79,0.38,26.22
65971,0.1501,-0.1659,0.9198,-12.17,12.31,2.11,26.21
65981,0.1411,-0.1949,0.8948,-14.93,11.45,7.92,26.22
65991,0.1266,-0.1849,0.8733,-15.08,11.24,9.69,26.23
66001,0.1152,-0.1844,0.8572,-13.6,11.42,7.51,26.22
66011,0.1077,-0.1844,0.8535,-10.47,10.76,3.62,26.24
66021,0.1129,-0.1967,0.8644,-6.84,9.19,0.4,26.23
66031,0.1135,-0.1874,0.8855,-5.08,7.16,-0.21,26.23
66041,0.1263,-0.1825,0.8817,-4.96,5.71,-0.24,26.22
66051,0.1302,-0.1813,0.8771,-4.44,5.74,-0.15,26.2
66061,0.1338,-0.1758,0.8822,-4.46,7.25,-0.08,26.22
66071,0.1287,-0.1632,0.9387,-6.98,9.56,-0.63,26.22
66081,0.1196,-0.1804,0.8905,-12.02,9.8,-0.52,26.22
66091,0.1193,-0.1985,0.8521,-10.5,6.31,-0.72,26.21
66101,0.1414,-0.2,0.8629,-6.58,5.59,-0.43,26.23
66111,0.1472,-0.1831,0.8738,-5.02,7.39,-0.05,26.25
66121,0.1387,-0.176,0.9054,-7.33,11.54,0.41,26.22
66131,0.1217,-0.1826,0.905,-10.14,12.05,0.58,26.24
66141,0.1146,-0.1952,0.8795,-10.17,10.38,0.61,26.22
66151,0.1144,-0.2006,0.8506,-6.93,6.79,0.52,26.22
66161,0.1272,-0.1912,0.8625,-3.02,5.02,-0.02,26.22
66171,0.1411,-0.1813,0.8856,-2.35,5.94,-0.06,26.21
66181,0.1398,-0.1688,0.9117,-5.27,9.31,-0.37,26.24
66191,0.12,-0.1808,0.9272,-9.77,9.89,-0.12,26.21
66201,0.1034,-0.1965,0.864,-9.39,6.78,-0.73,26.23
66211,0.1167,-0.2036,0.8525,-5.5,3.05,-1.1,26.23
66221,0.1196,-0.1846,0.8551,-1.95,4.49,-2.67,26.23
66231,0.1169,-0.1814,0.8718,-1.4,8.35,-5.4,26.23
66241,0.1375,-0.1851,0.9015,-1.68,9.28,-5.31,26.22
66251,0.1444,-0.1838,0.9204,-3.63,7.21,-3.3,26.21
66261,0.1606,-0.1692,0.9011,-7.53,6.41,-0.89,26.21
66271,0.1721,-0.1727,0.8356,-11.15,14.09,0.52,26.24
66281,0.139,-0.1932,0.8392,-10.41,20.34,1.71,26.25
66291,0.0958,-0.2014,0.8936,-7.91,18.56,2.03,26.23
66301,0.0764,-0.1971,0.9261,-5.88,11.01,2.03,26.22
66311,0.0931,-0.1837,0.9205,-6.17,3.07,1.85,26.23
66321,0.1196,-0.1794,0.8932,-7.5,0.38,1.79,26.25
66331,0.1268,-0.1759,0.9026,-9.53,-0.12,2.76,26.22
66341,0.142,-0.1766,0.8737,-10.76,2.15,2.08,26.22
66351,0.1522,-0.1842,0.8341,-10.55,5.6,2.03,26.23
66361,0.1462,-0.1859,0.8434,-8.9,10.87,1.68,26.25
66371,0.127,-0.1908,0.8723,-6.85,12.75,1.04,26.23
66381,0.1024,-0.1997,0.8933,-5.48,10.99,0.56,26.22
66391,0.1025,-0.191,0.9061,-4.81,6.14,0.02,26.23
66401,0.1196,-0.1819,0.8977,-5.4,3.5,-0.44,26.22
66411,0.1444,-0.1788,0.8616,-6.58,4.84,-0.34,26.24
66421,0.199,-0.1965,0.7705,-7.21,9.66,0.21,26.2
66431,0.1471,-0.2001,0.8195,-4.37,17.19,1.36,26.24
66441,0.1007,-0.2014,0.8735,0.03,18.37,1.51,26.22
66451,0.0717,-0.1896,0.9312,1.51,9.48,0.6,26.22
66461,0.0981,-0.1722,0.9561,-0.92,1.04,-0.4,26.25
66471,0.1893,-0.1658,0.8314,-2.75,8.99,0.27,26.24
66481,0.1434,-0.1707,0.8948,-6.46,15.54,0.53,26.23
66491,0.0862,-0.1732,0.9213,-7.82,16.44,0.82,26.22
66501,0.0712,-0.199,0.9612,-8.35,7.98,-0.41,26.23
66511,0.1152,-0.1956,0.8428,-6.96,1.07,-1.01,26.24
66521,0.1536,-0.1858,0.8425,-5.13,2.2,-0.67,26.23
66531,0.1364,-0.1764,0.8557,-4.37,7.56,-0.38,26.24
66541,0.1257,-0.192,0.8636,-3.27,9.36,-0.81,26.22
66551,0.1125,-0.2026,0.8689,0.12,7.53,-0.69,26.21
66561,0.1141,-0.1915,0.8766,3.28,5.04,-0.7,26.22
66571,0.1234,-0.1799,0.8636,4.78,3.5,-1.33,26.21
66581,0.1311,-0.1731,0.8839,5.82,3.82,-1.97,26.23
66591,0.1315,-0.1664,0.8812,5.45,5.21,-2.78,26.23
66601,0.1248,-0.1661,0.9265,2.99,5.63,-1.56,26.21
66611,0.1309,-0.1646,0.9412,-1.18,5.45,-0.78,26.22
66621,0.1313,-0.1539,0.9196,-6.35,5.92,-0.43,26.24
66631,0.1394,-0.1641,0.8875,-9.51,8.2,-0.31,26.23
66641,0.1326,-0.1766,0.8486,-9.71,10.02,-0.02,26.2
66651,0.1213,-0.183,0.866,-6.93,9.11,0.06,26.21
66661,0.1226,-0.1749,0.8936,-5.54,7.13,-0.08,26.22
66671,0.1383,-0.1632,0.8502,-5.77,10.0,0.21,26.24
66681,0.1276,-0.1727,0.8948,-5.47,11.82,0.47,26.22
66691,0.1151,-0.1741,0.8972,-4.47,10.69,0.49,26.24
66701,0.1124,-0.168,0.9128,-5.33,8.32,0.21,26.22
66711,0.1287,-0.1655,0.9062,-7.02,7.16,-0.14,26.24
66721,0.1101,-0.1766,0.9067,-9.71,6.75,-0.5,26.25
66731,0.1178,-0.174,0.8982,-10.18,4.95,-0.72,26.23
66741,0.1285,-0.1781,0.8849,-9.57,3.28,-0.82,26.21
66751,0.1084,-0.1776,0.8821,-7.92,3.66,-0.75,26.23
66761,0.1122,-0.1722,0.9072,-7.04,-1.94,-1.1,26.22
66771,0.1466,-0.1708,0.8743,-7.42,-2.55,-1.37,26.23
66781,0.1637,-0.1636,0.8625,-8.41,2.98,-0.66,26.22
66791,0.1478,-0.1664,0.8806,-9.98,10.18,-0.12,26.25
66801,0.1172,-0.1747,0.8915,-11.13,9.88,-0.08,26.23
66811,0.118,-0.1736,0.9148,-11.68,8.03,-0.41,26.24
66821,0.1292,-0.1694,0.8956,-13.57,7.5,-0.49,26.24
66831,0.1464,-0.1801,0.8756,-15.18,8.72,-0.17,26.24
66841,0.1517,-0.1866,0.8456,-15.21,11.28,1.4,26.24
66852,0.1399,-0.1989,0.8638,-13.51,13.65,3.25,26.23
66862,0.1138,-0.1892,0.8694,-11.27,12.52,3.92,26.24
66872,0.1086,-0.178,0.8969,-9.3,9.62,2.46,26.25
66882,0.1193,-0.1821,0.8839,-8.58,7.21,0.79,26.22
66892,0.1283,-0.1824,0.8708,-8.2,6.7,0.08,26.25
66902,0.1385,-0.1841,0.8694,-7.76,8.02,0.09,26.24
66912,0.1354,-0.1859,0.8535,-6.63,9.59,0.17,26.24
66922,0.1273,-0.1914,0.8605,-4.52,10.03,0.29,26.24
66932,0.1245,-0.187,0.885,-3.07,9.37,0.21,26.24
66942,0.1251,-0.1815,0.8934,-3.24,8.35,0.05,26.24
66952,0.1442,-0.1779,0.8881,-5.02,8.47,0.17,26.23
66962,0.1289,-0.1735,0.8907,-6.76,11.47,0.38,26.23
66972,0.1139,-0.1824,0.9133,-7.98,10.15,0.21,26.22
66982,0.1125,-0.1838,0.8904,-8.18,7.08,-0.18,26.25
66992,0.1281,-0.1831,0.8961,-8.18,6.21,-0.12,26.2
67002,0.1417,-0.1759,0.8757,-9.77,7.39,-0.2,26.19
67012,0.135,-0.1874,0.8621,-9.79,9.48,0.14,26.23
67022,0.13,-0.1902,0.8761,-8.29,11.16,0.9,26.24
67032,0.1149,-0.1851,0.8829,-7.6,10.26,1.27,26.24
67042,0.1001,-0.1973,0.8746,-5.4,6.76,-0.2,26.23
67052,0.1266,-0.1948,0.877,-3.11,2.66,-0.84,26.21
67062,0.1318,-0.1836,0.8528,-2.11,3.89,-1.88,26.24
67072,0.1196,-0.1981,0.8539,-2.14,8.61,-4.56,26.24
67082,0.1196,-0.1973,0.8672,-0.5,9.89,-6.41,26.24
67092,0.1239,-0.1804,0.8795,1.88,6.11,-5.44,26.22
67102,0.1416,-0.1665,0.9075,1.51,3.89,-3.86,26.26
67112,0.1564,-0.1514,0.906,-1.68,3.91,-1.79,26.24
67122,0.1501,-0.157,0.9125,-6.47,6.84,-0.2,26.23
67132,0.1379,-0.1639,0.8982,-11.53,10.78,0.18,26.23
67142,0.1251,-0.1812,0.8795,-13.31,11.01,0.11,26.24
67152,0.1285,-0.1902,0.8785,-12.37,10.05,0.81,26.24
67162,0.1309,-0.1875,0.8807,-12.02,10.32,1.54,26.24
67172,0.1246,-0.1882,0.874,-11.4,10.38,1.98,26.23
67182,0.1097,-0.1821,0.887,-10.0,8.55,0.99,26.23
67192,0.1165,-0.1831,0.9009,-9.69,5.02,-0.43,26.24
67202,0.1163,-0.1869,0.89,-10.15,2.24,-0.98,26.22
67212,0.1285,-0.1779,0.8907,-10.93,1.73,-0.96,26.24
67222,0.127,-0.1849,0.897,-12.75,0.95,-0.98,26.22
67232,0.1301,-0.1874,0.8666,-13.18,0.53,-1.05,26.23
67242,0.1439,-0.1948,0.8473,-12.08,0.6,-0.99,26.22
67252,0.1527,-0.2045,0.8339,-8.11,3.36,-0.47,26.23
67262,0.1515,-0.1903,0.8563,-4.78,7.13,-0.08,26.22
67272,0.1335,-0.1846,0.9044,-4.41,9.3,0.24,26.23
67282,0.1298,-0.1829,0.8888,-5.39,8.9,0.14,26.24
67292,0.1466,-0.1891,0.8656,-5.71,9.77,0.26,26.25
67302,0.1476,-0.1893,0.8531,-4.92,12.41,0.76,26.24
67312,0.1235,-0.1943,0.8663,-2.99,13.18,0.9,26.26
67322,0.1057,-0.1926,0.9023,-1.07,9.15,0.52,26.25
67332,0.1112,-0.1777,0.917,-1.51,5.15,0.12,26.23
67342,0.1437,-0.1772,0.8732,-3.85,4.98,-0.15,26.22
67352,0.1501,-0.1799,0.8585,-4.29,8.43,0.12,26.23
67362,0.1407,-0.1841,0.8591,-4.09,11.65,0.67,26.24
67372,0.1232,-0.1941,0.8743,-1.66,12.9,0.79,26.22
67382,0.1018,-0.182,0.9417,-0.85,9.76,0.4,26.23
67392,0.1558,-0.1688,0.8633,-3.47,12.99,1.36,26.23
67402,0.0973,-0.1769,0.9824,-8.0,9.3,0.14,26.22
67412,0.1183,-0.1753,0.8944,-11.13,6.18,-0.67,26.23
67422,0.1393,-0.1899,0.8547,-11.5,5.21,-0.4,26.25
67432,0.1383,-0.1958,0.8361,-7.83,6.7,0.66,26.22
67442,0.1144,-0.1953,0.873,-4.75,5.4,0.84,26.21
67452,0.1219,-0.1831,0.8978,-4.17,4.6,-0.37,26.24
67462,0.1293,-0.1759,0.899,-5.63,3.08,-0.75,26.25
67472,0.146,-0.1731,0.8763,-7.5,4.11,-0.58,26.22
67482,0.1526,-0.1781,0.8733,-8.78,6.96,-0.37,26.23
67492,0.1394,-0.1841,0.8611,-8.41,9.94,-0.06,26.2
67502,0.1449,-0.1862,0.8772,-7.01,10.43,0.32,26.23
67512,0.1309,-0.1846,0.8655,-6.95,11.69,0.5,26.24
67522,0.1342,-0.1903,0.8783,-6.06,11.89,0.53,26.22
67532,0.1212,-0.1873,0.8833,-5.42,10.92,0.52,26.27
67542,0.1213,-0.1876,0.89,-4.81,8.26,0.26,26.24
67552,0.1233,-0.1853,0.891,-4.17,5.71,-0.08,26.24
67562,0.131,-0.179,0.8976,-4.64,5.01,-0.4,26.22
67572,0.1292,-0.1843,0.8848,-5.6,4.76,-0.38,26.24
67582,0.1285,-0.1869,0.8695,-5.36,5.04,-0.35,26.25
67592,0.1345,-0.1841,0.8744,-4.44,4.72,-0.37,26.24
67602,0.1346,-0.1748,0.8787,-4.35,5.47,-0.21,26.23
67612,0.1307,-0.1774,0.8903,-5.48,6.14,-0.17,26.22
67622,0.1301,-0.1781,0.8867,-6.46,5.71,-0.18,26.24
67632,0.137,-0.1766,0.8916,-7.25,6.69,-0.23,26.21
67642,0.135,-0.1781,0.8937,-9.63,8.31,0.03,26.22
67652,0.1331,-0.1759,0.9031,-10.67,9.04,-0.17,26.27
67662,0.1274,-0.1797,0.8876,-12.0,8.9,-0.23,26.26
67672,0.1425,-0.1862,0.8765,-11.98,8.06,-0.02,26.22
67682,0.1467,-0.1932,0.8389,-10.31,9.31,1.11,26.24
67692,0.1323,-0.1997,0.8453,-7.31,10.76,1.47,26.24
67702,0.1128,-0.1948,0.8811,-4.67,9.92,0.29,26.24
67712,0.1173,-0.1902,0.9059,-3.68,7.15,-0.12,26.24
67722,0.1254,-0.1859,0.8918,-3.94,4.78,-0.6,26.23
67732,0.1409,-0.1879,0.8646,-3.54,4.64,-0.61,26.22
67742,0.1492,-0.1873,0.8608,-2.79,6.9,-0.49,26.24
67752,0.1431,-0.1868,0.8683,-1.51,8.61,0.05,26.26
67762,0.0969,-0.1971,0.8994,-0.06,6.44,-0.58,26.23
67772,0.1071,-0.1915,0.8931,0.5,3.66,-3.47,26.24
67782,0.1211,-0.1775,0.8949,-1.44,2.6,-6.15,26.25
67792,0.1414,-0.1743,0.877,-2.9,3.68,-7.69,26.26
67802,0.2772,-0.1365,0.8092,-3.51,11.13,-2.43,26.24
67812,0.1128,-0.1715,0.9585,-6.99,15.6,1.85,26.23
67822,0.1082,-0.174,0.9343,-10.14,10.34,1.34,26.23
67832,0.1359,-0.179,0.9043,-10.56,6.08,2.03,26.25
67842,0.1427,-0.181,0.8495,-9.8,7.37,2.66,26.23
67852,0.1318,-0.1891,0.8672,-8.85,9.48,1.73,26.24
67862,0.131,-0.1838,0.8816,-8.12,10.06,0.34,26.22
67872,0.1348,-0.1805,0.8806,-7.77,9.21,-0.05,26.25
67883,0.1318,-0.1797,0.8704,-7.22,9.28,-0.06,26.25
67893,0.1309,-0.1832,0.8882,-7.1,8.99,0.06,26.26
67903,0.1545,-0.1694,0.8894,-7.63,9.51,0.95,26.27
67913,0.1439,-0.1732,0.8833,-8.85,9.88,3.45,26.24
67923,0.1266,-0.1853,0.875,-8.64,8.78,4.67,26.26
67933,0.1006,-0.2015,0.8721,-7.1,7.85,2.84,26.24
67943,0.1138,-0.1888,0.9006,-6.03,6.72,-0.15,26.24
67953,0.1281,-0.1846,0.8909,-5.56,4.09,-0.41,26.24
67963,0.1415,-0.1748,0.8977,-6.75,4.73,-0.12,26.25
67973,0.1498,-0.172,0.8906,-8.41,5.98,1.21,26.22
67983,0.1276,-0.1906,0.8728,-8.24,5.95,1.31,26.25
67993,0.1201,-0.1962,0.8516,-6.89,6.11,-0.03,26.24
68003,0.1361,-0.1906,0.8672,-4.76,5.18,-0.2,26.23
68013,0.1334,-0.182,0.889,-3.63,3.5,-0.73,26.23
68023,0.1411,-0.1743,0.8927,-4.37,4.4,-0.69,26.26
68033,0.1416,-0.178,0.8883,-5.85,6.35,-0.32,26.24
68043,0.1375,-0.1797,0.9072,-7.97,7.22,0.0,26.24
68053,0.1586,-0.1661,0.9005,-10.64,8.35,0.7,26.22
68063,0.1489,-0.1775,0.866,-13.13,10.15,2.24,26.26
68073,0.1656,-0.1842,0.8402,-13.25,12.81,3.28,26.24
68083,0.1455,-0.2052,0.8137,-8.49,13.95,5.11,26.24
68093,0.0995,-0.205,0.8798,-4.5,15.89,2.58,26.25
68103,0.0906,-0.1917,0.8981,-2.24,10.92,0.44,26.23
68113,0.1143,-0.1887,0.9036,-1.01,4.47,-0.49,26.24
68123,0.1309,-0.1771,0.8776,-1.94,3.11,-1.44,26.25
68133,0.1536,-0.1788,0.8756,-3.37,6.41,-2.21,26.26
68143,0.1521,-0.178,0.8519,-3.92,10.14,-1.37,26.27
68153,0.1384,-0.1808,0.8802,-3.15,10.81,0.29,26.25
68163,0.1198,-0.1855,0.8776,-2.24,8.95,0.23,26.24
68173,0.1281,-0.1766,0.8975,-1.1,5.88,0.24,26.26
68183,0.132,-0.1697,0.9044,-2.64,10.5,0.34,26.25
68193,0.1128,-0.1782,0.9508,-5.56,5.85,-0.06,26.22
68203,0.1312,-0.1727,0.8894,-7.45,4.09,-0.52,26.24
68213,0.1508,-0.1777,0.8777,-8.03,5.62,-0.41,26.26
68223,0.1379,-0.177,0.8744,-8.4,8.24,-0.06,26.26
68233,0.1345,-0.1783,0.8774,-8.44,8.96,-0.11,26.26
68243,0.1379,-0.1777,0.8698,-7.97,9.33,-0.05,26.25
68253,0.1329,-0.1849,0.8683,-7.33,10.08,0.14,26.25
68263,0.1261,-0.1823,0.8848,-6.85,10.17,0.34,26.24
68273,0.1365,-0.1781,0.8956,-7.82,10.24,0.47,26.23
68283,0.1295,-0.1803,0.8892,-9.3,10.82,0.35,26.25
68293,0.1198,-0.1864,0.8805,-9.11,9.6,0.35,26.23
68303,0.1199,-0.1882,0.8975,-8.06,7.36,-0.05,26.26
68313,0.1156,-0.1866,0.8894,-7.73,4.64,-0.58,26.23
68323,0.1302,-0.1837,0.8834,-7.34,3.4,-0.69,26.24
68333,0.139,-0.1816,0.8683,-7.21,4.18,-0.6,26.24
68344,0.1494,-0.1799,0.876,-7.25,6.85,-0.44,26.26
68354,0.1366,-0.1819,0.8727,-7.92,8.44,-0.12,26.25
68364,0.1304,-0.1825,0.8905,-7.22,8.46,-0.2,26.24
68374,0.1355,-0.1812,0.8776,-7.56,7.44,-0.52,26.26
68384,0.1517,-0.1782,0.8704,-7.07,9.18,0.27,26.26
68394,0.1401,-0.181,0.8713,-7.07,10.76,0.96,26.28
68404,0.1162,-0.1827,0.8959,-5.6,8.58,2.35,26.26
68414,0.1244,-0.1819,0.9089,-6.09,5.65,2.4,26.27
68424,0.1263,-0.178,0.8882,-7.63,4.53,1.89,26.24
68434,0.1229,-0.1887,0.8842,-7.95,2.18,1.6,26.26
68444,0.1179,-0.191,0.8729,-7.45,1.1,0.95,26.26
68454,0.1292,-0.1998,0.8705,-6.31,0.81,-0.2,26.26
68464,0.1385,-0.1927,0.8494,-4.66,2.41,-1.1,26.24
68474,0.1487,-0.1853,0.8727,-4.0,4.46,-1.63,26.23
68484,0.1542,-0.1755,0.8771,-4.47,7.54,-1.53,26.27
68494,0.1619,-0.1744,0.8772,-5.71,10.03,-0.29,26.27
68504,0.1608,-0.1769,0.8776,-5.98,12.05,1.63,26.26
68514,0.1431,-0.186,0.8724,-5.3,13.62,2.79,26.26
68524,0.1177,-0.1946,0.8802,-4.38,13.86,1.76,26.24
68534,0.121,-0.1921,0.885,-2.43,10.92,0.58,26.27
68544,0.1301,-0.1824,0.8896,-1.25,8.05,0.18,26.26
68554,0.1409,-0.1715,0.8864,-2.24,8.61,0.2,26.26
68564,0.1366,-0.1752,0.8883,-3.71,9.73,0.24,26.26
68574,0.1302,-0.1779,0.884,-4.56,10.37,0.29,26.25
68584,0.1292,-0.1848,0.8569,-4.09,10.12,0.09,26.24
68594,0.1389,-0.1793,0.8622,-2.18,10.12,0.52,26.23
68604,0.1265,-0.1737,0.8909,-2.21,11.11,0.43,26.26
68614,0.108,-0.1774,0.9141,-2.9,8.26,-0.26,26.26
68624,0.1545,-0.1637,0.8826,-3.95,5.16,-0.03,26.27
68634,0.0959,-0.1771,0.9165,-4.89,8.6,-0.44,26.27
68644,0.0874,-0.1975,0.8983,-4.61,4.32,-3.5,26.25
68654,0.1166,-0.1862,0.8508,-4.66,6.6,-10.03,26.23
68664,0.1467,-0.1709,0.8651,-3.11,8.4,-11.08,26.29
68674,0.1597,-0.1655,0.8872,-1.37,5.36,-6.67,26.24
68684,0.1599,-0.158,0.8953,-1.66,3.74,-2.84,26.25
68694,0.1655,-0.1604,0.8796,-3.98,6.41,-0.27,26.27
68704,0.1537,-0.1736,0.8564,-4.76,11.1,0.43,26.26
68714,0.1268,-0.1759,0.8871,-3.31,12.11,0.89,26.25
68724,0.1185,-0.1681,0.9187,-3.57,8.73,0.5,26.24
68734,0.1361,-0.1638,0.903,-5.4,6.78,0.03,26.25
68744,0.1434,-0.1661,0.8817,-7.3,7.25,0.02,26.24
68754,0.1292,-0.1744,0.8783,-8.21,8.79,0.18,26.28
68764,0.134,-0.173,0.886,-6.98,7.82,0.05,26.26
68774,0.14,-0.1548,0.9429,-9.31,8.35,-0.21,26.27
68784,0.1316,-0.1582,0.8958,-15.36,9.37,-0.46,26.26
68794,0.135,-0.187,0.8619,-16.08,8.32,-0.64,26.24
68804,0.1287,-0.1918,0.8436,-12.23,6.75,-0.6,26.27
68814,0.1307,-0.1816,0.8674,-8.66,5.89,-0.5,26.26
68824,0.1307,-0.1841,0.8638,-6.56,4.47,-0.49,26.28
68834,0.1346,-0.1791,0.8724,-4.52,3.8,-0.38,26.27
68844,0.1486,-0.1656,0.8885,-5.25,5.76,-0.17,26.27
68854,0.1421,-0.1675,0.8889,-7.65,8.27,0.23,26.27
68864,0.1345,-0.1796,0.9005,-8.49,8.85,-0.11,26.25
68874,0.1228,-0.1744,0.8815,-8.38,7.04,-0.2,26.27
68884,0.1368,-0.1771,0.8887,-8.58,5.71,-0.31,26.26
68894,0.1372,-0.1744,0.8862,-8.58,5.02,0.05,26.27
68904,0.1268,-0.1726,0.9042,-8.2,2.14,1.48,26.26
68914,0.1322,-0.1865,0.8812,-7.5,-0.63,1.74,26.27
68924,0.1393,-0.1915,0.8531,-6.37,1.21,-0.75,26.24
68934,0.1555,-0.1846,0.8656,-4.79,3.92,-1.1,26.27
68944,0.1571,-0.1802,0.8416,-4.08,8.08,-1.44,26.24
68954,0.167,-0.177,0.8619,-2.73,11.8,-1.07,26.25
68964,0.1479,-0.1705,0.8656,-2.29,14.29,1.82,26.24
68974,0.1304,-0.1768,0.9036,-2.93,14.93,0.99,26.25
68984,0.1115,-0.1754,0.9131,-3.25,11.59,0.52,26.24
68994,0.1211,-0.1697,0.9116,-4.24,7.59,0.15,26.27
69004,0.1403,-0.1678,0.8921,-5.89,6.89,-0.12,26.27
69014,0.1525,-0.1666,0.8829,-8.06,9.05,-0.06,26.25
69024,0.1409,-0.1748,0.8698,-9.13,11.19,0.02,26.26
69034,0.1383,-0.1807,0.8787,-8.58,11.45,-0.03,26.25
69044,0.1307,-0.1781,0.8899,-8.18,11.04,0.0,26.26
69054,0.1372,-0.1754,0.8933,-8.5,10.35,-0.08,26.26
69064,0.1249,-0.1766,0.891,-9.1,10.18,-0.24,26.25
69074,0.135,-0.1774,0.8831,-8.72,7.13,-0.15,26.29
69084,0.1255,-0.1687,0.9182,-9.74,9.21,-0.23,26.26
69094,0.1176,-0.1787,0.8922,-10.23,5.5,-0.61,26.28
69104,0.1155,-0.2009,0.8093,-5.94,3.27,-0.69,26.23
69114,0.1542,-0.1837,0.8309,1.66,1.79,-0.31,26.24
69124,0.1578,-0.1547,0.9084,0.69,5.8,-0.26,26.26
69134,0.136,-0.1615,0.9012,-4.0,8.02,-0.58,26.27
69144,0.1373,-0.1622,0.9056,-6.21,9.15,-0.61,26.29
69154,0.1262,-0.171,0.9078,-7.98,8.58,-0.15,26.27
69164,0.1296,-0.1733,0.8933,-8.34,7.76,-0.5,26.29
69174,0.1434,-0.1692,0.9049,-9.54,8.2,-0.69,26.27
69184,0.1448,-0.1554,0.9066,-13.42,9.83,-0.6,26.27
69194,0.1337,-0.174,0.9082,-16.84,10.58,-0.72,26.26
69204,0.1404,-0.1901,0.8441,-16.93,10.93,-0.37,26.28
69214,0.1337,-0.1997,0.8516,-13.22,10.37,-0.26,26.25
69224,0.1351,-0.1938,0.8636,-9.97,9.33,-0.26,26.26
69234,0.1375,-0.1901,0.8496,-7.5,8.37,-0.09,26.27
69244,0.14,-0.1914,0.8583,-5.37,8.06,0.4,26.27
69254,0.1464,-0.1923,0.8472,-1.16,6.46,1.97,26.26
69264,0.1505,-0.1759,0.89,2.92,7.1,4.93,26.28
69274,0.1174,-0.1736,0.9235,-0.2,9.83,3.88,26.25
69284,0.1287,-0.1726,0.9257,-5.19,10.98,0.47,26.26
69294,0.1288,-0.1771,0.9037,-7.82,9.18,-0.02,26.28
69304,0.1333,-0.1821,0.8843,-8.85,8.52,0.08,26.27
69314,0.1361,-0.1832,0.8676,-8.27,7.74,0.2,26.26
69324,0.1509,-0.1703,0.8776,-7.08,7.13,2.29,26.25
69334,0.1323,-0.1802,0.8859,-8.18,8.12,2.96,26.26
69344,0.1244,-0.1769,0.9015,-10.27,8.96,1.97,26.26
69354,0.1273,-0.1833,0.8802,-10.95,6.31,2.55,26.27
69364,0.1344,-0.1858,0.8662,-8.67,3.89,3.48,26.27
69374,0.1399,-0.1841,0.863,-7.05,4.32,3.82,26.28
69384,0.1273,-0.1917,0.8611,-5.98,6.67,2.2,26.26
69394,0.1133,-0.1903,0.901,-4.58,6.15,-0.37,26.26
69404,0.1294,-0.1797,0.9119,-5.86,3.62,-0.92,26.27
69414,0.1547,-0.1824,0.8501,-5.68,3.86,-0.26,26.25
69424,0.1501,-0.1788,0.8492,-4.09,7.86,0.17,26.27
69434,0.1434,-0.184,0.8698,-3.16,9.69,0.56,26.28
69444,0.1245,-0.1931,0.8535,-1.3,9.62,0.85,26.28
69454,0.1365,-0.1892,0.8801,2.11,8.05,0.5,26.28
69464,0.1309,-0.1777,0.8854,2.7,7.91,0.78,26.26
69474,0.1388,-0.1692,0.9081,0.75,8.24,0.7,26.25
69484,0.1346,-0.1644,0.9087,-2.61,8.58,0.38,26.27
69494,0.137,-0.1729,0.9025,-4.67,7.65,-0.47,26.27
69504,0.1294,-0.1688,0.894,-7.07,7.83,-0.61,26.27
69514,0.1375,-0.1746,0.8823,-8.06,7.68,-0.41,26.28
69524,0.1362,-0.1779,0.858,-7.45,8.24,-0.21,26.29
69534,0.1367,-0.1741,0.8802,-6.24,8.75,-0.05,26.27
69544,0.1122,-0.1786,0.8949,-5.79,6.66,-0.27,26.26
69554,0.1206,-0.1742,0.9196,-5.24,2.99,-0.92,26.27
69564,0.1383,-0.1709,0.8792,-6.87,3.08,-2.29,26.25
69574,0.1648,-0.168,0.8555,-8.09,8.38,-3.37,26.29
69584,0.1595,-0.1613,0.8838,-8.78,12.35,-1.56,26.28
69594,0.1334,-0.1669,0.8937,-10.21,13.3,0.03,26.26
69605,0.1207,-0.1805,0.8779,-10.34,10.66,-0.09,26.29
69616,0.124,-0.1803,0.8673,-7.69,8.53,-0.15,26.27
69626,0.1414,-0.1781,0.8633,-6.6,8.6,0.02,26.28
69636,0.1373,-0.1746,0.8743,-6.41,10.15,0.24,26.26
69646,0.1354,-0.1761,0.8889,-6.47,10.34,0.31,26.28
69656,0.132,-0.1711,0.8812,-7.1,10.85,0.24,26.25
69666,0.1361,-0.1744,0.8804,-7.66,11.16,0.38,26.24
69676,0.1167,-0.1818,0.8853,-7.05,9.24,0.09,26.27
69686,0.1178,-0.1821,0.8917,-6.34,6.49,0.08,26.25
69696,0.1274,-0.1749,0.889,-6.49,5.54,-0.18,26.26
69706,0.1375,-0.1749,0.8822,-7.76,6.02,-0.12,26.26
69716,0.1422,-0.1759,0.8818,-8.6,7.07,-0.05,26.25
69726,0.1385,-0.175,0.8822,-9.37,8.85,0.06,26.25
69736,0.1309,-0.1819,0.8904,-9.54,9.08,-0.03,26.26
69746,0.1244,-0.1885,0.8679,-8.6,8.0,-0.12,26.26
69756,0.1343,-0.1929,0.8606,-5.98,6.95,-0.05,26.27
69766,0.1395,-0.1803,0.8766,-4.34,7.07,-0.02,26.27
69776,0.1318,-0.175,0.8871,-4.49,7.56,0.08,26.29
69786,0.136,-0.1802,0.881,-4.82,7.02,0.15,26.27
69796,0.1384,-0.1752,0.8715,-4.2,7.8,0.2,26.28
69806,0.1295,-0.1808,0.8816,-3.77,7.82,0.15,26.28
69816,0.1263,-0.1766,0.891,-2.64,6.43,0.06,26.27
69826,0.1326,-0.1741,0.877,-2.46,5.47,0.09,26.27
69836,0.1406,-0.1661,0.8959,-3.68,5.79,0.14,26.27
69846,0.1337,-0.1599,0.9276,-7.44,7.4,-0.23,26.28
69856,0.1168,-0.1847,0.8865,-8.41,5.18,-0.67,26.27
69866,0.1309,-0.177,0.9006,-7.89,3.31,-1.18,26.27
69876,0.1418,-0.1827,0.8723,-5.18,0.15,-0.85,26.27
69886,0.1177,-0.1743,0.882,-3.89,2.73,-1.62,26.26
69896,0.1295,-0.1678,0.9011,-5.63,6.53,-4.5,26.27
69906,0.1373,-0.1559,0.9193,-9.24,7.19,-5.05,26.27
69916,0.1543,-0.1616,0.9178,-11.05,3.53,-1.56,26.27
69926,0.1515,-0.1639,0.8724,-12.55,4.43,-0.09,26.28
69936,0.1787,-0.1714,0.8618,-12.32,5.59,2.55,26.28
69946,0.1672,-0.182,0.8182,-8.87,6.76,6.58,26.27
69956,0.1541,-0.1926,0.8389,-4.72,9.48,8.27,26.27
69966,0.124,-0.2032,0.8546,-2.27,14.09,5.95,26.26
69976,0.0974,-0.1991,0.9,-0.61,13.82,1.22,26.27
69986,0.113,-0.1812,0.9265,0.78,8.21,0.23,26.24
69996,0.1302,-0.1719,0.9028,-0.64,4.96,-0.37,26.29
70006,0.1554,-0.1683,0.8776,-3.05,7.6,-0.89,26.28
70016,0.163,-0.1621,0.8668,-4.56,12.09,0.05,26.26
70026,0.125,-0.1654,0.8887,-6.21,14.61,0.66,26.28
70036,0.1211,-0.1761,0.9165,-6.89,13.88,0.24,26.27
70046,0.1224,-0.1742,0.8878,-6.82,10.9,0.06,26.27
70056,0.1461,-0.1743,0.861,-5.86,10.64,0.14,26.27
70066,0.141,-0.1722,0.8972,-5.54,11.97,0.37,26.28
70076,0.1136,-0.1715,0.9012,-6.76,11.68,0.0,26.28
70086,0.1277,-0.1729,0.8982,-7.54,9.27,0.0,26.25
70096,0.1256,-0.1765,0.874,-7.54,7.94,-0.17,26.27
70106,0.1113,-0.1774,0.8856,-5.98,6.58,-0.24,26.27
70116,0.1229,-0.1769,0.8992,-5.92,3.51,-0.5,26.27
70126,0.1295,-0.1678,0.8674,-6.53,1.95,-0.58,26.27
70136,0.1403,-0.1748,0.8815,-6.4,2.24,-0.49,26.29
70146,0.1354,-0.1754,0.8694,-5.47,2.46,-0.32,26.26
70156,0.1421,-0.1764,0.8765,-4.18,2.61,-0.37,26.28
70166,0.1458,-0.1689,0.874,-3.4,3.47,-0.21,26.28
70176,0.1528,-0.1635,0.8969,-5.04,6.27,-0.06,26.27
70186,0.1451,-0.1655,0.902,-8.53,9.27,0.02,26.29
70196,0.1331,-0.1692,0.913,-10.56,9.69,-0.24,26.27
70206,0.1285,-0.177,0.8916,-12.03,8.11,-0.41,26.26
70216,0.1379,-0.1737,0.8885,-12.32,8.35,-0.46,26.28
70226,0.1549,-0.1626,0.8884,-14.75,10.18,-0.32,26.27
70236,0.1683,-0.157,0.8865,-19.21,13.07,0.85,26.3
70246,0.1442,-0.1726,0.8721,-18.49,9.8,5.4,26.28
70256,0.1187,-0.1902,0.8844,-15.15,5.62,8.24,26.28
70266,0.1115,-0.202,0.849,-13.16,5.63,5.54,26.28
70276,0.1191,-0.2073,0.8494,-11.42,8.2,1.13,26.28
70286,0.1246,-0.204,0.8503,-8.67,9.71,-1.88,26.27
70296,0.1272,-0.1985,0.8574,-5.82,9.86,-3.45,26.26
70306,0.1241,-0.1934,0.8743,-3.82,9.91,-4.43,26.26
70316,0.1246,-0.1925,0.876,-1.89,6.93,-4.26,26.26
70326,0.1412,-0.1849,0.8864,0.15,3.6,-3.11,26.27
70336,0.147,-0.1741,0.8881,-0.84,4.81,-3.08,26.28
70346,0.1465,-0.1674,0.9006,-2.84,6.67,-2.67,26.26
70356,0.1562,-0.1672,0.8937,-4.72,7.53,-1.3,26.25
70366,0.1456,-0.1702,0.8927,-7.07,9.21,0.03,26.28
70376,0.1332,-0.1786,0.8893,-8.47,10.52,0.14,26.29
70386,0.1273,-0.1841,0.8878,-8.44,9.21,-0.18,26.27
70396,0.1296,-0.1853,0.8776,-7.8,7.57,-0.43,26.27
70406,0.1302,-0.1927,0.8671,-7.15,7.37,-1.19,26.28
70416,0.1346,-0.1881,0.8661,-6.24,8.56,-2.26,26.29
70426,0.1357,-0.1837,0.8738,-5.19,8.47,-2.73,26.26
70436,0.141,-0.1813,0.8855,-4.35,7.91,-1.65,26.29
70446,0.1501,-0.1777,0.8771,-3.88,7.85,-0.53,26.27
70456,0.141,-0.1849,0.8762,-3.59,8.75,0.26,26.27
70466,0.1373,-0.1849,0.8624,-2.18,9.07,0.24,26.28
70476,0.1238,-0.1848,0.8833,-0.73,8.05,-0.21,26.27
70486,0.1274,-0.1797,0.8813,-0.26,7.56,-1.48,26.28
70496,0.1299,-0.1765,0.886,0.15,6.61,-2.17,26.26
70506,0.1359,-0.1699,0.8887,-0.24,6.23,-2.32,26.27
70516,0.1368,-0.1698,0.8888,-1.1,5.11,-1.74,26.29
70526,0.139,-0.1665,0.9093,-2.47,4.85,-1.39,26.29
70536,0.1427,-0.1704,0.8916,-4.31,3.62,-1.15,26.27
70546,0.1544,-0.172,0.8644,-4.24,5.04,-0.87,26.28
70556,0.1522,-0.1675,0.8875,-4.7,7.91,-0.15,26.27
70566,0.1387,-0.1727,0.8969,-5.85,9.47,0.09,26.27
70576,0.1375,-0.1721,0.8822,-6.37,9.42,0.15,26.28
70586,0.14,-0.1729,0.881,-6.34,10.14,0.11,26.28
70596,0.134,-0.173,0.8826,-6.0,10.12,0.02,26.26
70606,0.1353,-0.1737,0.8829,-5.36,9.65,-0.11,26.27
70616,0.1436,-0.1698,0.8717,-5.56,9.3,0.06,26.29
70626,0.1448,-0.177,0.8582,-4.66,11.25,0.23,26.27
70636,0.1296,-0.1743,0.8762,-2.82,11.34,0.03,26.28
70646,0.1296,-0.1719,0.8894,-2.14,10.44,-0.32,26.29
70656,0.1317,-0.172,0.8749,-1.45,9.37,-0.4,26.29
70666,0.1354,-0.1718,0.8818,-0.76,8.82,-0.26,26.29
70676,0.1379,-0.1709,0.8872,-0.73,8.72,0.21,26.26
70686,0.1394,-0.1667,0.8917,-1.62,9.53,0.47,26.27
70696,0.1356,-0.1653,0.892,-2.63,10.17,0.67,26.28
70706,0.1305,-0.1654,0.8894,-3.1,10.12,0.53,26.29
70716,0.1322,-0.1635,0.8872,-3.28,9.13,0.34,26.28
70727,0.1375,-0.1591,0.8915,-4.08,9.21,0.24,26.27
70737,0.1332,-0.1606,0.8883,-4.95,9.89,0.18,26.27
70747,0.1349,-0.1545,0.89,-5.82,10.66,0.2,26.26
70757,0.1296,-0.1655,0.892,-6.18,9.68,0.11,26.28
70767,0.1222,-0.1636,0.8953,-5.68,8.2,-0.03,26.27
70777,0.1318,-0.1624,0.8981,-5.88,6.55,-0.11,26.29
70787,0.1338,-0.1582,0.881,-6.15,6.85,-0.2,26.29
70797,0.1322,-0.1633,0.8757,-6.18,7.39,-0.08,26.31
70807,0.1268,-0.161,0.8889,-6.26,7.36,-0.12,26.3
70817,0.1223,-0.162,0.8948,-6.4,5.18,-0.44,26.25
70827,0.13,-0.1609,0.8912,-6.44,2.72,-0.6,26.27
70837,0.1477,-0.1635,0.8734,-6.44,2.63,-0.55,26.27
70848,0.1184,-0.1727,0.8615,-6.66,7.8,-0.53,26.26
70858,0.1482,-0.1696,0.8698,-3.37,7.05,-0.17,26.27
70868,0.1343,-0.1578,0.9023,-3.6,7.22,-0.41,26.27
70878,0.1229,-0.1642,0.8962,-3.54,5.8,-0.89,26.28
70888,0.1333,-0.1613,0.8936,-3.07,4.02,-0.53,26.26
70898,0.1353,-0.1566,0.8939,-3.73,4.29,-0.32,26.25
70908,0.1379,-0.1595,0.8831,-4.02,4.58,-0.4,26.27
70918,0.1385,-0.1587,0.8995,-4.56,4.96,-0.38,26.28
70928,0.1385,-0.1556,0.8912,-5.91,5.22,-0.35,26.32
70938,0.1359,-0.1606,0.8752,-6.29,5.57,-0.4,26.29
70949,0.1399,-0.1556,0.9039,-6.26,4.96,0.09,26.28
70959,0.1514,-0.1503,0.8936,-7.11,3.6,1.39,26.24
70969,0.29,-0.1056,0.8412,-9.54,6.78,6.43,26.25
70979,0.1525,-0.1309,0.877,-12.96,15.85,10.99,26.28
70989,0.1201,-0.1764,0.8788,-11.28,15.39,10.75,26.27
70999,0.1152,-0.1866,0.8999,-9.66,12.81,9.66,26.26
71009,0.1288,-0.179,0.8953,-9.3,10.78,9.05,26.27
71019,0.1449,-0.1591,0.899,-9.1,7.89,10.52,26.31
71029,0.1395,-0.1615,0.901,-10.4,6.99,12.05,26.28
71039,0.1456,-0.1825,0.8511,-11.19,9.45,11.24,26.29
71049,0.1025,-0.188,0.8575,-9.91,13.05,8.24,26.27
71059,0.0966,-0.1849,0.8995,-8.58,12.11,5.15,26.3
71069,0.1096,-0.1735,0.8834,-7.66,8.55,2.95,26.28
71079,0.1259,-0.1718,0.8772,-6.78,6.78,1.69,26.27
71089,0.1257,-0.17,0.8749,-6.05,6.41,1.33,26.28
71099,0.1162,-0.1721,0.8883,-5.34,5.39,0.7,26.27
71109,0.1207,-0.1708,0.8927,-4.56,3.01,-0.49,26.28
71119,0.1294,-0.1672,0.8948,-4.02,1.45,-1.33,26.29
71129,0.1422,-0.1584,0.8822,-4.6,2.18,-1.89,26.27
71139,0.141,-0.1619,0.8871,-5.57,3.76,-2.15,26.25
71149,0.134,-0.1624,0.8927,-6.6,4.32,-2.05,26.25
71159,0.1357,-0.1667,0.9026,-7.85,3.62,-2.14,26.27
71169,0.1364,-0.1633,0.9021,-9.04,3.37,-2.23,26.27
71179,0.1418,-0.1641,0.8837,-9.68,3.42,-2.17,26.29
71189,0.1438,-0.1715,0.8723,-9.6,4.47,-2.24,26.27
71199,0.1483,-0.1812,0.8505,-8.11,6.18,-2.21,26.27
71209,0.1432,-0.1747,0.8395,-6.0,9.44,-2.7,26.29
71219,0.1282,-0.1711,0.8949,-4.82,9.92,-3.53,26.29
71229,0.1241,-0.1672,0.9091,-5.31,7.45,-4.38,26.28
71239,0.1409,-0.1676,0.8888,-5.76,5.33,-4.6,26.26
71249,0.1545,-0.165,0.8741,-5.97,5.97,-4.06,26.29
71259,0.1559,-0.1616,0.8812,-6.31,8.49,-3.37,26.27
71269,0.1389,-0.1616,0.8989,-7.18,9.6,-2.89,26.27
71279,0.1278,-0.171,0.9039,-8.23,9.27,-3.56,26.29
71289,0.1306,-0.1722,0.8901,-8.98,8.58,-4.73,26.28
71299,0.141,-0.1738,0.8772,-8.82,9.24,-6.15,26.26
71309,0.1367,-0.1722,0.8735,-8.4,11.04,-7.33,26.26
71319,0.1362,-0.1687,0.882,-8.31,13.01,-8.76,26.27
71329,0.1168,-0.1478,0.8821,-8.29,13.82,-10.0,26.25
71339,0.1162,-0.1545,0.8838,-8.0,13.07,-10.98,26.27
71349,0.1338,-0.1669,0.8866,-8.06,12.58,-11.79,26.3
71359,0.1455,-0.1663,0.8651,-8.24,12.99,-11.44,26.28
71369,0.1489,-0.1666,0.9014,-7.97,10.55,-8.47,26.26
71379,0.1654,-0.1781,0.892,-7.98,8.05,-5.24,26.31
71389,0.1666,-0.1724,0.8984,-8.52,6.09,-1.66,26.29
71399,0.1544,-0.1675,0.8652,-9.01,8.18,-0.69,26.29
71409,0.1469,-0.1683,0.885,-9.05,10.35,-0.38,26.28
71419,0.127,-0.1754,0.8698,-8.2,10.56,-0.46,26.27
71429,0.127,-0.1732,0.8876,-7.18,9.21,-1.16,26.3
71439,0.1411,-0.1796,0.8805,-6.67,7.57,-1.02,26.29
71449,0.1478,-0.1737,0.8741,-6.02,7.13,-0.15,26.29
71459,0.1492,-0.1697,0.8665,-6.14,9.05,0.24,26.29
71469,0.1406,-0.1733,0.8816,-6.5,10.92,0.43,26.3
71479,0.1238,-0.1738,0.8878,-6.21,10.05,0.49,26.31
71489,0.1262,-0.1725,0.8927,-5.57,7.98,0.46,26.27
71499,0.1348,-0.1685,0.8805,-5.65,7.01,0.84,26.3
71509,0.1461,-0.1674,0.879,-6.12,7.89,1.54,26.3
71519,0.1454,-0.1691,0.8795,-6.6,9.92,2.56,26.29
71529,0.1403,-0.1707,0.897,-7.57,11.01,4.11,26.28
71539,0.1255,-0.1711,0.9066,-8.73,10.08,4.87,26.29
71549,0.13,-0.1722,0.9064,-9.73,8.14,4.81,26.29
71559,0.1375,-0.1782,0.8802,-10.38,7.33,4.98,26.28
71569,0.1476,-0.1801,0.8601,-9.73,8.38,5.6,26.29
71579,0.1439,-0.173,0.8658,-8.78,11.54,6.0,26.31
71589,0.1277,-0.165,0.8838,-8.53,13.15,5.25,26.27
71599,0.1006,-0.1611,0.9025,-8.79,11.79,2.73,26.28
71609,0.1033,-0.1797,0.9126,-8.85,7.76,-0.14,26.3
71619,0.1239,-0.1743,0.8925,-8.5,4.2,-0.7,26.31
71629,0.1459,-0.1763,0.8617,-7.98,4.02,-0.75,26.3
71639,0.1576,-0.172,0.8546,-7.63,8.14,-0.11,26.29
71649,0.1448,-0.1729,0.855,-7.02,11.98,0.49,26.29
71659,0.1237,-0.1843,0.8812,-5.65,12.44,0.49,26.29
71669,0.0995,-0.1887,0.8838,-3.25,7.91,0.05,26.3
71679,0.1116,-0.1818,0.8868,-0.44,2.46,-0.7,26.32
71689,0.1346,-0.1744,0.8661,1.11,0.78,-1.86,26.28
71699,0.1534,-0.1685,0.8536,2.55,3.39,-2.69,26.29
71709,0.1533,-0.1677,0.8652,3.51,7.6,-2.38,26.29
71719,0.135,-0.1666,0.8912,3.6,9.44,-2.44,26.3
71729,0.1119,-0.1655,0.9207,2.52,6.96,-2.18,26.29
71739,0.1188,-0.1602,0.9244,0.43,3.05,-2.08,26.32
71749,0.1445,-0.1609,0.9087,-2.08,1.36,-1.86,26.29
71759,0.1639,-0.1543,0.8896,-5.22,4.89,-1.16,26.28
71769,0.1583,-0.155,0.8899,-8.73,10.41,-0.27,26.31
71779,0.1376,-0.1537,0.8929,-11.31,13.42,0.15,26.34
71789,0.1134,-0.1669,0.8868,-11.6,11.42,-0.06,26.31
71799,0.1108,-0.1813,0.8651,-8.41,6.4,-0.37,26.31
71809,0.1296,-0.1758,0.8535,-4.38,3.56,-0.49,26.32
71819,0.1465,-0.1615,0.8646,-2.79,4.61,-0.73,26.3
71829,0.1427,-0.1656,0.8624,-2.26,7.89,-2.18,26.29
71839,0.1315,-0.1761,0.8696,-0.76,8.37,-2.55,26.3
71849,0.116,-0.1699,0.8776,3.92,4.93,-3.44,26.29
71859,0.113,-0.1556,0.8899,7.25,1.79,-5.3,26.28
71869,0.1263,-0.149,0.8973,9.39,-0.67,-7.8,26.31
71879,0.1385,-0.1456,0.8964,9.76,-0.87,-10.09,26.29
71889,0.1434,-0.1453,0.9049,8.35,0.92,-10.81,26.29
71899,0.1326,-0.1327,0.9006,5.56,2.24,-11.28,26.31
71909,0.1338,-0.1393,0.9001,2.79,2.66,-11.18,26.3
71919,0.1237,-0.1268,0.8892,1.5,1.16,-10.37,26.31
71929,0.1382,-0.1237,0.9014,-0.2,1.76,-10.84,26.31
71939,0.1609,-0.1421,0.8929,-2.14,4.35,-9.68,26.3
71949,0.1575,-0.1475,0.8885,-3.15,5.85,-6.81,26.32
71959,0.156,-0.1514,0.8683,-1.24,3.53,-2.55,26.31
71969,0.2028,-0.167,0.9031,-1.54,3.98,0.87,26.29
71979,0.202,-0.1714,0.9071,-4.95,9.19,2.0,26.28
71989,0.1694,-0.1416,0.921,-9.68,11.59,1.83,26.31
71999,0.1469,-0.129,0.9095,-12.46,11.31,2.49,26.29
72009,0.1427,-0.1323,0.9023,-14.15,7.36,4.84,26.32
72019,0.1609,-0.1313,0.9081,-15.22,6.81,6.66,26.3
72029,0.1876,-0.123,0.8955,-19.08,10.05,7.27,26.29
72039,0.1799,-0.1316,0.9226,-24.7,14.66,10.69,26.3
72049,0.1616,-0.1582,0.863,-27.44,15.39,14.96,26.32
72059,0.1392,-0.2108,0.8499,-24.75,15.36,16.96,26.3
72069,0.0983,-0.224,0.8322,-20.47,16.66,14.06,26.29
72079,0.1042,-0.1702,0.8746,-14.12,14.03,8.17,26.28
72089,0.1027,-0.1594,0.8824,-9.18,8.72,3.45,26.29
72099,0.1373,-0.1685,0.8862,-5.56,4.4,-0.5,26.3
72109,0.1541,-0.1545,0.8805,-5.42,4.63,-0.53,26.28
72119,0.1681,-0.1437,0.9034,-8.0,9.18,-0.08,26.3
72129,0.1445,-0.1486,0.9031,-13.89,14.47,0.31,26.29
72139,0.1289,-0.1779,0.8928,-16.56,12.15,2.43,26.31
72149,0.1284,-0.1757,0.8748,-14.69,9.97,3.8,26.31
72159,0.1348,-0.1725,0.8514,-12.14,7.69,4.44,26.32
72169,0.1305,-0.1771,0.8574,-9.11,9.25,2.41,26.3
72179,0.1357,-0.1791,0.8782,-6.92,9.51,1.05,26.3
72189,0.1334,-0.1646,0.9114,-5.34,10.09,0.31,26.31
72199,0.1334,-0.1691,0.9138,-6.05,8.7,-0.02,26.28
72209,0.1346,-0.1689,0.9055,-7.19,7.25,-0.12,26.31
72219,0.1361,-0.166,0.8872,-7.45,6.43,-0.11,26.32
72229,0.1464,-0.1647,0.8796,-7.28,7.63,-0.11,26.29
72239,0.1481,-0.1666,0.8796,-6.99,9.59,0.06,26.28
72249,0.1338,-0.1727,0.8884,-6.49,9.88,0.27,26.32
72259,0.1241,-0.1715,0.8909,-6.23,8.55,0.11,26.29
72269,0.1293,-0.162,0.8945,-6.6,6.73,-0.24,26.29
72279,0.1392,-0.1714,0.8842,-6.9,6.4,-0.18,26.3
72289,0.1429,-0.1725,0.8676,-6.98,7.68,-0.05,26.31
72299,0.1368,-0.1638,0.873,-6.69,9.21,0.14,26.32
72309,0.135,-0.1674,0.886,-6.37,9.34,0.17,26.29
72319,0.1288,-0.1697,0.8949,-6.49,8.55,0.11,26.29
72329,0.1296,-0.1663,0.8964,-6.82,7.21,-0.06,26.31
72339,0.1364,-0.1641,0.8806,-6.9,6.73,-0.14,26.31
72350,0.1431,-0.1691,0.8715,-6.85,7.62,0.02,26.3
72360,0.1406,-0.1719,0.8783,-6.9,9.11,0.21,26.31
72370,0.1318,-0.1749,0.8855,-6.99,9.36,0.18,26.31
72380,0.1288,-0.1759,0.8909,-6.76,8.23,0.09,26.29
72390,0.1385,-0.1719,0.8926,-6.67,7.11,0.03,26.33
72400,0.1407,-0.1699,0.8845,-6.67,7.16,0.05,26.29
72410,0.1997,-0.1754,0.8097,-6.6,9.44,0.31,26.31
72420,0.1598,-0.1702,0.8315,-5.36,16.55,1.25,26.26
72430,0.1033,-0.1774,0.9059,-2.82,17.47,1.19,26.29
72440,0.1292,-0.1677,0.8564,-1.28,18.35,1.39,26.32
72450,0.0778,-0.1842,0.916,0.76,10.52,0.53,26.31
72461,0.0731,-0.1609,0.9897,1.18,-6.6,-1.39,26.31
72471,0.1079,-0.1622,0.9341,-4.18,-12.49,-4.06,26.33
72481,0.1246,-0.1753,0.8337,-10.81,-7.62,-10.23,26.3
72491,0.167,-0.192,0.8076,-10.92,1.94,-15.28,26.31
72501,0.1635,-0.1857,0.7897,-4.99,5.27,-15.13,26.3
72511,0.1788,-0.166,0.8511,1.73,6.29,-12.11,26.32
72521,0.187,-0.1332,0.9105,3.18,5.95,-6.44,26.32
72531,0.1851,-0.1229,0.9409,-1.21,8.05,-0.43,26.32
72541,0.1624,-0.1328,0.9464,-9.63,12.98,0.34,26.32
72551,0.1608,-0.1561,0.908,-15.33,16.11,0.82,26.33
72561,0.1497,-0.1831,0.8678,-16.14,17.16,3.65,26.29
72571,0.1711,-0.1791,0.8422,-14.03,20.11,7.1,26.27
72581,0.1267,-0.177,0.8723,-12.11,21.24,8.98,26.29
72591,0.1108,-0.1709,0.8995,-9.25,18.0,7.56,26.29
72601,0.0984,-0.1592,0.9081,-8.52,12.95,5.71,26.29
72611,0.0986,-0.1639,0.9083,-8.49,8.27,1.74,26.33
72621,0.1155,-0.1774,0.8752,-7.6,3.33,-0.29,26.31
72631,0.1338,-0.1759,0.8573,-5.92,0.84,-0.64,26.3
72641,0.1549,-0.17,0.8589,-5.33,2.89,-0.41,26.3
72651,0.1482,-0.1653,0.8763,-6.15,7.04,0.0,26.29
72661,0.1184,-0.1681,0.8997,-6.7,6.12,-0.08,26.32
72671,0.1273,-0.1576,0.9131,-7.89,3.37,-0.53,26.3
72681,0.1381,-0.1576,0.9041,-9.92,2.44,-0.73,26.3
72691,0.1405,-0.1628,0.8892,-11.05,3.63,-0.7,26.32
72701,0.146,-0.1692,0.8778,-10.92,4.82,-0.55,26.33
72711,0.1456,-0.173,0.8699,-10.34,6.5,-0.35,26.3
72721,0.146,-0.179,0.8584,-9.18,7.65,-0.09,26.29
72731,0.1434,-0.1825,0.8705,-7.3,7.92,0.15,26.3
72741,0.1436,-0.1758,0.8748,-6.58,8.17,0.41,26.3
72751,0.1469,-0.1724,0.8934,-6.37,7.34,1.57,26.29
72761,0.1421,-0.1691,0.8951,-6.53,5.37,3.47,26.31
72771,0.1422,-0.1726,0.8804,-6.85,4.93,4.5,26.32
72781,0.1311,-0.178,0.877,-6.63,4.89,4.47,26.31
72791,0.1276,-0.1792,0.8918,-5.79,3.51,3.73,26.3
72801,0.1222,-0.182,0.873,-4.66,1.95,2.09,26.27
72811,0.1375,-0.1803,0.8711,-3.71,3.22,-0.46,26.29
72821,0.1385,-0.1669,0.9059,-3.73,4.24,-1.31,26.29
72831,0.1426,-0.1631,0.9025,-6.64,6.96,-2.89,26.29
72841,0.1547,-0.1639,0.866,-8.5,9.07,-3.33,26.31
72851,0.1641,-0.1704,0.8639,-7.6,9.4,-1.02,26.29
72861,0.1458,-0.1748,0.8684,-6.69,10.43,0.23,26.29
72871,0.1469,-0.1705,0.8788,-6.79,11.8,0.31,26.3
72881,0.1418,-0.1724,0.8789,-7.15,12.27,0.32,26.31
72891,0.1331,-0.1714,0.8766,-6.96,11.6,0.4,26.31
72901,0.1387,-0.1782,0.8663,-6.34,10.29,0.29,26.32
72911,0.1271,-0.1785,0.88,-5.37,8.92,0.2,26.3
72921,0.1255,-0.1744,0.8872,-4.53,7.71,0.03,26.3
72931,0.136,-0.1853,0.8679,-2.98,6.79,-0.76,26.31
72941,0.1691,-0.163,0.8534,-2.37,8.41,-1.04,26.29
72951,0.144,-0.1621,0.9153,-4.75,9.94,-0.92,26.29
72961,0.121,-0.1665,0.9332,-6.92,6.99,-0.61,26.31
72971,0.1306,-0.1655,0.9044,-9.04,6.08,-0.56,26.29
72981,0.1561,-0.1688,0.8843,-10.55,5.47,-0.46,26.29
72991,0.1438,-0.1708,0.8701,-10.76,7.15,-0.35,26.3
73001,0.1368,-0.1692,0.8689,-10.24,7.86,-0.34,26.32
73011,0.1393,-0.1738,0.8785,-9.91,8.0,-0.2,26.32
73021,0.1359,-0.1704,0.8862,-10.08,8.2,-0.14,26.32
73031,0.1346,-0.1759,0.8831,-10.05,7.8,-0.29,26.32
73041,0.1428,-0.1736,0.8704,-9.73,7.56,-0.29,26.32
73051,0.1445,-0.1754,0.8781,-9.31,7.45,0.09,26.32
73061,0.144,-0.1725,0.8799,-8.66,7.18,1.05,26.31
73071,0.1421,-0.1804,0.8771,-7.63,6.21,2.5,26.32
73081,0.1403,-0.1835,0.8795,-6.84,5.51,2.72,26.32
73091,0.1393,-0.1843,0.8766,-6.69,6.6,1.68,26.32
73101,0.1384,-0.1912,0.866,-6.06,7.95,0.31,26.31
73111,0.1345,-0.1902,0.8676,-4.34,7.94,-0.61,26.34
73121,0.1439,-0.1825,0.882,-3.36,8.46,-1.1,26.3
73131,0.1534,-0.1652,0.8976,-4.08,8.84,-1.16,26.32
73141,0.1501,-0.1639,0.9012,-6.23,10.08,0.12,26.29
73151,0.1505,-0.1677,0.8911,-8.98,12.34,0.26,26.29
73161,0.1442,-0.1771,0.8829,-9.79,13.22,0.55,26.3
73171,0.1255,-0.1793,0.8837,-9.04,12.82,0.55,26.33
73181,0.1239,-0.1825,0.8921,-7.8,10.03,0.2,26.31
73191,0.1327,-0.1743,0.8865,-7.02,7.65,0.26,26.32
73201,0.1477,-0.175,0.879,-6.76,6.23,1.34,26.3
73211,0.1444,-0.1761,0.8824,-6.61,5.63,2.82,26.32
73221,0.1301,-0.1802,0.8865,-6.64,4.95,3.18,26.32
73231,0.1395,-0.1823,0.8545,-6.32,3.59,2.92,26.31
73292,0.1375,-0.1815,0.8666,-5.48,7.97,-2.84,26.32
73302,0.1428,-0.188,0.8821,-4.08,7.36,-3.3,26.31
73312,0.1359,-0.1814,0.9022,-4.29,6.95,-4.79,26.31
73322,0.1427,-0.1744,0.9083,-5.01,6.66,-5.69,26.33
73332,0.1617,-0.1702,0.8844,-6.03,7.07,-5.15,26.32
73342,0.1732,-0.1731,0.8629,-6.29,8.06,-3.07,26.33
73352,0.1696,-0.1705,0.8673,-6.09,9.34,-0.05,26.3
73362,0.1506,-0.1747,0.8871,-6.37,10.41,1.5,26.31
73372,0.1379,-0.1769,0.8951,-6.44,9.63,1.86,26.3
73382,0.1318,-0.1841,0.8883,-6.67,8.2,1.47,26.3
73392,0.1324,-0.1783,0.8804,-6.17,6.93,0.55,26.33
73402,0.1416,-0.1763,0.8677,-4.87,6.37,-0.35,26.32
73412,0.158,-0.1727,0.8451,-3.45,7.48,-0.63,26.32
73422,0.1541,-0.1722,0.8567,-1.34,11.08,0.05,26.33
73432,0.1217,-0.1676,0.959,-0.69,10.5,0.31,26.32
73442,0.1219,-0.1633,0.9543,-2.9,8.93,-0.27,26.32
73452,0.1509,-0.173,0.8724,-6.63,9.27,-2.44,26.32
73462,0.1508,-0.1768,0.869,-7.4,11.27,-3.5,26.32
73472,0.2056,-0.1553,0.8737,-7.04,10.44,-1.59,26.31
73482,0.1321,-0.1573,0.9348,-8.95,13.27,2.66,26.32
73492,0.126,-0.1653,0.9122,-11.6,10.09,3.18,26.32
73502,0.1549,-0.1741,0.8568,-12.95,9.91,3.16,26.3
73512,0.1465,-0.1866,0.8433,-11.4,11.74,2.92,26.29
73522,0.1279,-0.1918,0.8495,-8.53,13.01,2.02,26.32
73532,0.1146,-0.1901,0.8907,-5.95,10.66,0.78,26.33
73542,0.116,-0.1846,0.8932,-4.6,7.47,0.05,26.31
73552,0.141,-0.1758,0.8861,-4.47,4.93,-0.29,26.31
73562,0.1566,-0.1785,0.8655,-4.93,6.52,-0.09,26.32
73572,0.1436,-0.1777,0.873,-4.63,7.53,0.09,26.32
73582,0.1322,-0.176,0.8776,-4.44,8.03,-0.03,26.32
73592,0.1376,-0.1731,0.877,-4.81,7.45,-0.12,26.3
73602,0.1431,-0.1721,0.8915,-5.42,7.65,-0.14,26.3
73612,0.1427,-0.1686,0.8927,-6.47,8.55,-0.06,26.33
73622,0.1412,-0.1715,0.8861,-7.39,9.25,-0.35,26.31
73632,0.1423,-0.1667,0.9017,-8.23,9.11,-0.6,26.34
73642,0.1364,-0.17,0.8949,-9.24,8.53,-0.41,26.32
73652,0.1406,-0.1733,0.8871,-10.09,8.12,-0.29,26.31
73662,0.1401,-0.1782,0.8903,-10.55,7.21,-0.4,26.32
73672,0.1483,-0.1815,0.8711,-10.2,7.18,-0.47,26.36
73682,0.1521,-0.1858,0.8617,-9.22,8.96,-0.43,26.32
73692,0.1385,-0.1851,0.8739,-7.69,9.73,-0.09,26.32
73702,0.1266,-0.184,0.8853,-6.26,7.77,0.0,26.35
73712,0.1259,-0.1843,0.8859,-5.34,4.7,-0.26,26.29
73722,0.1315,-0.1785,0.8745,-4.61,2.7,-0.4,26.32
73732,0.1389,-0.175,0.8745,-4.27,1.77,-0.17,26.32
73742,0.1365,-0.1687,0.8782,-4.2,0.23,1.05,26.32
73752,0.1576,-0.189,0.9869,-4.61,-1.42,1.59,26.33
73762,0.1588,-0.1718,0.8314,-6.92,2.96,-0.76,26.31
73772,0.1566,-0.1849,0.8364,-7.05,6.66,-2.61,26.32
73782,0.1439,-0.1887,0.8628,-5.21,7.88,-2.92,26.3
73793,0.1444,-0.1759,0.9036,-4.7,7.07,-2.72,26.32
73803,0.1371,-0.1697,0.9125,-6.02,6.03,-2.78,26.32
73813,0.1514,-0.1631,0.8914,-8.15,6.21,-2.53,26.3
73823,0.1637,-0.1714,0.8558,-10.12,8.56,-1.94,26.33
73833,0.1613,-0.1796,0.8502,-9.77,10.76,-0.41,26.31
73843,0.1406,-0.1833,0.865,-7.04,10.46,0.9,26.33
73853,0.1298,-0.1808,0.8899,-4.6,8.9,0.79,26.3
73863,0.1378,-0.1755,0.8931,-4.11,7.57,-0.18,26.32
73873,0.1483,-0.1687,0.8846,-4.47,6.93,-0.41,26.34
73883,0.1515,-0.1652,0.8818,-5.01,7.56,-0.12,26.31
73893,0.1456,-0.1758,0.8831,-5.57,8.75,0.15,26.33
73903,0.1454,-0.1851,0.8719,-5.25,9.3,-0.09,26.33
73913,0.1462,-0.1909,0.8617,-3.79,9.68,-0.17,26.34
73923,0.1359,-0.1815,0.8898,-2.79,9.3,-0.43,26.32
73933,0.1355,-0.1757,0.8843,-2.84,7.89,-0.32,26.32
73943,0.1285,-0.1836,0.8689,-2.14,7.33,-1.92,26.3
73953,0.1373,-0.1736,0.9028,-1.97,7.07,-3.86,26.31
73963,0.1417,-0.1685,0.8918,-2.73,6.35,-4.49,26.33
73973,0.2057,-0.1501,0.8599,-4.03,8.12,-3.22,26.33
73983,0.1573,-0.1511,0.9398,-6.05,9.34,0.44,26.33
73993,0.1538,-0.1492,0.913,-10.03,6.6,2.72,26.32
74003,0.1445,-0.1619,0.8777,-12.93,7.85,2.82,26.33
74013,0.1499,-0.1777,0.8539,-12.58,9.66,2.23,26.34
74023,0.1455,-0.1874,0.8557,-10.67,10.46,1.54,26.3
74033,0.1458,-0.1838,0.8605,-8.12,10.67,1.3,26.33
74043,0.1415,-0.1871,0.881,-6.73,10.38,1.39,26.32
74053,0.1399,-0.1802,0.8927,-7.19,9.68,1.47,26.33
74063,0.1366,-0.1813,0.87,-7.6,9.71,0.81,26.31
74073,0.1377,-0.1851,0.877,-6.73,9.24,0.06,26.32
74083,0.1344,-0.1747,0.8915,-5.82,7.56,-0.21,26.31
74093,0.1348,-0.1748,0.8923,-4.85,5.04,-1.08,26.32
74103,0.1372,-0.1709,0.8979,-4.6,3.02,-1.48,26.31
74113,0.1609,-0.1737,0.9355,-4.58,1.69,-1.18,26.33
74123,0.1498,-0.1577,0.8727,-5.68,3.97,-1.05,26.34
74133,0.1571,-0.1664,0.865,-6.49,6.11,-0.79,26.32
74143,0.1506,-0.1655,0.8837,-6.99,7.5,0.05,26.33
74153,0.1475,-0.1736,0.8846,-7.94,7.4,0.34,26.31
74163,0.139,-0.1833,0.8792,-8.21,6.92,0.4,26.32
74173,0.136,-0.1844,0.8698,-7.86,7.13,0.34,26.31
74183,0.137,-0.1866,0.8605,-7.27,6.92,-0.18,26.32
74193,0.1478,-0.1797,0.8604,-6.72,7.08,-0.66,26.36
74203,0.1489,-0.1805,0.8651,-6.44,8.29,-0.6,26.33
74213,0.1439,-0.1854,0.8853,-5.86,8.41,-0.64,26.33
74223,0.1486,-0.1829,0.8895,-5.54,7.31,-1.01,26.33
74233,0.1407,-0.1671,0.8907,-6.4,7.05,-1.28,26.28
74243,0.1582,-0.1711,0.8706,-6.43,7.01,-1.04,26.3
74253,0.1669,-0.1731,0.8663,-4.9,7.79,-0.23,26.31
74263,0.1635,-0.1732,0.8914,-3.98,9.37,0.02,26.3
74273,0.1508,-0.1682,0.9174,-4.21,9.42,-0.12,26.32
74283,0.1388,-0.1653,0.9181,-5.13,7.63,-0.31,26.31
74293,0.1444,-0.1582,0.8846,-6.64,6.66,-0.64,26.29
74303,0.1534,-0.156,0.8523,-7.36,7.89,-0.49,26.31
74313,0.1477,-0.1584,0.8395,-6.47,9.76,0.21,26.33
74323,0.1332,-0.167,0.8661,-5.21,10.44,0.2,26.32
74333,0.1311,-0.1749,0.8947,-3.98,9.22,0.41,26.33
74343,0.1377,-0.1904,0.8921,-3.57,7.76,0.72,26.34
74353,0.1404,-0.2037,0.8777,-3.57,8.11,-0.06,26.33
74363,0.1516,-0.199,0.8712,-3.34,10.17,-0.52,26.31
74373,0.1344,-0.2001,0.9176,-3.85,9.88,-0.85,26.31
74383,0.1355,-0.1962,0.9056,-5.15,7.94,-1.82,26.3
74393,0.1393,-0.1902,0.8928,-6.38,6.18,-3.13,26.31
74404,0.1801,-0.1702,0.8756,-7.18,6.85,-3.02,26.31
74414,0.1566,-0.1534,0.9144,-8.64,8.24,-0.31,26.3
74424,0.1437,-0.1394,0.887,-11.39,6.18,1.65,26.32
74434,0.1624,-0.1469,0.8508,-14.29,9.18,1.24,26.33
74444,0.1433,-0.1627,0.8375,-14.27,11.91,0.14,26.3
74454,0.1399,-0.1683,0.8766,-11.47,11.71,0.09,26.31
74464,0.1315,-0.1813,0.9004,-8.98,8.4,0.61,26.33
74474,0.1458,-0.1875,0.8855,-8.2,7.27,0.47,26.32
74484,0.1476,-0.1931,0.87,-7.98,7.65,0.2,26.3
74494,0.1508,-0.1914,0.8715,-7.44,8.6,0.61,26.3
74505,0.1455,-0.1898,0.882,-5.82,7.5,1.51,26.33
74515,0.1343,-0.1848,0.8873,-4.81,6.41,2.12,26.29
74525,0.135,-0.177,0.8879,-3.95,5.15,1.82,26.32
74535,0.1329,-0.1661,0.8821,-4.0,4.41,1.11,26.31
74545,0.1396,-0.1581,0.8839,-4.85,4.11,-0.46,26.3
74555,0.1451,-0.1598,0.8708,-5.92,5.27,-0.78,26.32
74565,0.1478,-0.1619,0.8708,-6.24,6.24,-0.93,26.3
74575,0.1526,-0.1705,0.871,-6.5,7.44,-1.1,26.33
74585,0.1554,-0.1848,0.8878,-6.66,8.03,-1.02,26.31
74595,0.1566,-0.1934,0.8807,-7.34,7.53,-0.89,26.32
74605,0.1545,-0.1823,0.8828,-7.6,7.13,-0.66,26.32
74615,0.1627,-0.1886,0.8868,-8.17,7.05,-0.4,26.3
74625,0.156,-0.1821,0.8767,-8.66,7.82,-0.06,26.34
74635,0.1456,-0.1882,0.8512,-7.98,8.78,0.09,26.32
74645,0.1393,-0.1786,0.8534,-6.02,9.11,0.03,26.32
74655,0.1436,-0.1785,0.8673,-4.18,8.79,0.0,26.32
74665,0.1407,-0.1721,0.8901,-3.66,8.21,0.0,26.32
74675,0.1492,-0.1785,0.8966,-4.0,7.83,0.05,26.32
74685,0.1582,-0.1746,0.8979,-4.73,7.69,0.03,26.33
74695,0.1547,-0.1779,0.8975,-5.69,8.06,0.03,26.32
74705,0.1521,-0.1831,0.8928,-6.46,8.37,0.02,26.33
74715,0.1505,-0.1863,0.8729,-6.81,8.29,0.02,26.34
74725,0.1504,-0.1852,0.8555,-5.92,9.04,-0.08,26.34
74735,0.1433,-0.1782,0.8732,-5.15,9.71,0.09,26.34
74745,0.1224,-0.1854,0.8636,-4.21,9.07,-0.64,26.33
74755,0.1283,-0.1781,0.8684,-2.49,8.87,-3.1,26.32
74765,0.1215,-0.1696,0.9146,-2.55,8.05,-4.89,26.34
74775,0.1583,-0.1431,0.9106,-2.96,6.17,-4.7,26.33
74785,0.1667,-0.1378,0.9252,-6.18,9.36,-0.37,26.31
74795,0.1489,-0.1497,0.9364,-9.08,6.73,2.53,26.3
74805,0.1544,-0.1691,0.8898,-11.74,7.66,3.57,26.32
74815,0.1443,-0.1863,0.8593,-11.92,8.64,3.21,26.33
74825,0.1322,-0.1935,0.8569,-9.63,8.87,1.51,26.33
74835,0.1343,-0.1898,0.8624,-7.21,8.44,0.14,26.32
74845,0.1451,-0.1782,0.8683,-5.8,8.12,-0.06,26.36
74855,0.1396,-0.1753,0.8782,-5.5,7.95,-0.14,26.35
74865,0.1453,-0.1722,0.8792,-6.11,8.26,-0.02,26.34
74875,0.1396,-0.172,0.8915,-6.98,8.95,0.09,26.32
74885,0.1392,-0.1747,0.891,-7.39,8.31,0.14,26.33
74895,0.1393,-0.1763,0.8888,-7.22,7.76,-0.17,26.33
74905,0.14,-0.1792,0.8827,-6.7,7.62,-0.7,26.33
74915,0.1378,-0.1793,0.8813,-6.05,7.65,-1.53,26.32
74925,0.1387,-0.1805,0.8872,-5.59,7.19,-2.27,26.33
74935,0.1436,-0.1785,0.8928,-5.62,6.37,-2.53,26.34
74945,0.1538,-0.1729,0.8933,-6.09,5.94,-1.89,26.34
74955,0.1633,-0.1683,0.8776,-7.01,6.34,-0.27,26.32
74965,0.1547,-0.1777,0.8728,-7.83,8.05,0.52,26.34
74975,0.1487,-0.1785,0.8738,-7.59,8.87,1.1,26.32
74985,0.1469,-0.1763,0.8811,-7.05,8.81,1.53,26.34
74995,0.142,-0.174,0.8832,-6.81,8.49,1.48,26.35
75005,0.1279,-0.1772,0.8922,-6.41,7.57,0.79,26.32
75015,0.1365,-0.1775,0.8903,-6.26,6.52,-0.05,26.35
75025,0.1462,-0.1741,0.8892,-6.11,5.79,-0.26,26.34
75035,0.1498,-0.1738,0.8883,-6.66,5.83,-0.21,26.34
75045,0.155,-0.174,0.8704,-7.69,7.1,-0.08,26.33
75055,0.15,-0.1763,0.868,-8.23,8.79,0.11,26.33
75065,0.1372,-0.183,0.8854,-7.94,9.07,0.0,26.33
75075,0.1345,-0.1816,0.8932,-7.13,7.13,-0.17,26.33
75085,0.1444,-0.1765,0.8816,-6.63,5.79,-0.55,26.3
75095,0.1523,-0.1729,0.865,-6.84,6.79,-0.73,26.32
75105,0.1562,-0.175,0.865,-6.69,8.24,-0.37,26.32
75115,0.1508,-0.1807,0.879,-6.12,9.01,0.06,26.33
75125,0.1438,-0.1823,0.8905,-5.69,8.82,0.03,26.33
75135,0.1384,-0.1835,0.8866,-5.05,7.79,-0.02,26.31
75145,0.1489,-0.1768,0.8724,-4.23,7.22,-0.08,26.33
75155,0.1482,-0.1787,0.8698,-3.95,7.85,0.0,26.35
75165,0.1477,-0.1776,0.8767,-3.8,8.76,0.18,26.32
75175,0.1421,-0.1716,0.8929,-3.82,8.73,0.05,26.34
75185,0.1459,-0.1715,0.8959,-4.4,8.38,0.05,26.34
75195,0.1495,-0.1707,0.8838,-5.3,8.52,-0.03,26.34
75205,0.1448,-0.1731,0.8734,-5.34,9.05,-0.02,26.34
75215,0.1415,-0.173,0.8718,-5.07,8.95,0.11,26.33
75225,0.1318,-0.1849,0.8644,-3.73,7.77,-0.81,26.36
75235,0.1508,-0.1776,0.8616,-2.31,10.2,-2.43,26.34
75245,0.1669,-0.1561,0.8867,-2.11,13.44,-2.81,26.33
75255,0.1383,-0.1528,0.9391,-4.38,13.04,-0.09,26.32
75265,0.1256,-0.1643,0.9458,-8.47,8.02,0.79,26.34
75275,0.1362,-0.165,0.8994,-11.97,5.83,0.73,26.31
75285,0.1415,-0.1864,0.8555,-11.59,5.8,0.24,26.35
75295,0.1378,-0.1904,0.8506,-8.5,6.96,-1.08,26.35
75305,0.1414,-0.1843,0.8671,-5.98,8.26,-2.41,26.36
75315,0.147,-0.1738,0.8929,-5.19,8.66,-3.47,26.36
75325,0.1393,-0.1674,0.9124,-5.85,7.63,-3.36,26.33
75335,0.137,-0.1615,0.9165,-7.25,5.56,-3.04,26.34
75345,0.1493,-0.1685,0.9403,-9.28,3.21,-1.94,26.34
75355,0.1642,-0.1678,0.8632,-10.85,3.98,-0.73,26.35
75365,0.1556,-0.1744,0.8358,-10.49,6.84,-0.2,26.34
75375,0.1543,-0.1841,0.8473,-8.34,8.58,0.14,26.32
75385,0.1396,-0.189,0.8782,-6.56,8.66,0.34,26.34
75395,0.1345,-0.1753,0.9041,-5.8,7.16,-0.14,26.34
75405,0.1482,-0.1714,0.8933,-6.06,5.56,-0.09,26.33
75415,0.1593,-0.1691,0.8639,-7.01,6.17,0.14,26.34
75425,0.1614,-0.1669,0.8635,-6.75,7.45,1.25,26.32
75435,0.152,-0.1732,0.8765,-5.74,7.74,2.52,26.35
75445,0.1462,-0.1737,0.8843,-5.33,7.34,3.21,26.32
75455,0.1351,-0.1721,0.8837,-5.73,6.73,2.98,26.34
75465,0.135,-0.1788,0.8718,-6.53,7.08,1.57,26.36
75475,0.1423,-0.1796,0.8724,-6.73,8.06,-0.06,26.32
75485,0.1508,-0.1829,0.879,-6.5,8.23,0.05,26.36
75495,0.1512,-0.1791,0.8916,-6.79,8.49,-0.08,26.35
75505,0.1467,-0.1793,0.8918,-7.07,8.17,-0.02,26.35
75515,0.1539,-0.1769,0.876,-6.98,7.91,-0.03,26.33
75525,0.1522,-0.1786,0.8583,-5.98,8.66,0.0,26.33
75535,0.1423,-0.177,0.8632,-4.12,8.95,0.12,26.34
75545,0.1378,-0.1788,0.8743,-2.06,8.06,0.23,26.34
75555,0.1433,-0.1694,0.882,-1.63,7.45,0.02,26.33
75565,0.1509,-0.1658,0.8929,-2.46,8.24,0.21,26.34
75575,0.1545,-0.1696,0.9027,-4.4,9.15,0.43,26.35
75585,0.1565,-0.1652,0.9069,-6.58,9.42,1.19,26.35
75595,0.157,-0.1686,0.8929,-8.2,9.91,2.12,26.35
75605,0.1521,-0.1759,0.8712,-9.02,12.12,2.24,26.35
75615,0.1389,-0.1881,0.8464,-8.66,14.26,1.57,26.33
75625,0.1138,-0.2048,0.8806,-6.21,12.46,0.37,26.36
75635,0.114,-0.2026,0.8932,-2.37,9.36,-2.85,26.34
75645,0.1346,-0.1595,0.9116,-2.44,7.88,-4.55,26.32
75655,0.1584,-0.144,0.9194,-5.39,7.33,-3.66,26.33
75665,0.1559,-0.1538,0.9017,-7.85,6.89,-1.08,26.34
75675,0.1406,-0.1583,0.8927,-9.33,5.63,0.37,26.37
75685,0.1422,-0.165,0.8939,-9.97,3.25,1.07,26.34
75695,0.1315,-0.1715,0.8623,-10.12,1.45,1.59,26.35
75705,0.1509,-0.1763,0.8699,-9.88,3.77,0.23,26.34
75715,0.1852,-0.1715,0.8351,-10.47,7.04,-0.96,26.32
75725,0.1589,-0.1735,0.8579,-9.94,11.5,0.17,26.34
75735,0.1417,-0.1807,0.9006,-8.76,11.16,1.36,26.32
75745,0.1365,-0.1844,0.9104,-7.86,8.35,1.76,26.34
75755,0.1407,-0.1825,0.892,-7.63,6.75,0.87,26.34
75765,0.1442,-0.1814,0.8641,-7.63,7.36,-0.14,26.34
75775,0.1544,-0.1793,0.8549,-6.34,7.44,0.0,26.35
75785,0.1364,-0.1776,0.8584,-5.77,7.63,0.09,26.35
75795,0.1353,-0.1729,0.8568,-5.54,7.4,-0.14,26.35
75805,0.131,-0.1763,0.8617,-4.98,8.38,-0.32,26.36
75815,0.13,-0.1727,0.868,-4.55,9.45,-0.58,26.34
75825,0.1301,-0.1713,0.8873,-4.69,10.14,-0.64,26.34
75835,0.1342,-0.171,0.9048,-6.06,10.53,-0.53,26.36
75845,0.139,-0.1709,0.9243,-7.51,9.66,-0.24,26.34
75855,0.1467,-0.1779,0.9138,-8.73,7.91,0.03,26.33
75865,0.1512,-0.1831,0.8948,-8.69,6.78,0.35,26.38
75875,0.16,-0.184,0.8896,-8.53,7.13,0.7,26.34
75885,0.1573,-0.1631,0.8829,-8.15,7.54,0.49,26.33
75895,0.1602,-0.1395,0.8993,-11.95,11.62,-1.62,26.35
75905,0.1531,-0.1802,0.9189,-16.27,13.5,-1.97,26.33
75915,0.1677,-0.2109,0.8727,-10.75,6.08,2.37,26.36
75925,0.1696,-0.217,0.8298,-4.9,3.27,5.42,26.37
75935,0.1509,-0.2103,0.8615,-3.71,6.12,4.4,26.34
75945,0.141,-0.1953,0.889,-4.34,6.69,2.49,26.34
75955,0.1227,-0.1886,0.9059,-5.47,6.38,0.03,26.32
75965,0.1277,-0.1787,0.9001,-5.97,4.37,-1.05,26.33
75975,0.1224,-0.1628,0.8864,-6.53,4.12,-1.69,26.34
75985,0.14,-0.1576,0.8497,-7.16,5.74,-1.8,26.37
75995,0.1383,-0.1504,0.8495,-7.33,8.75,-0.73,26.37
76005,0.1317,-0.1615,0.8627,-6.98,10.82,0.29,26.34
76015,0.1219,-0.1752,0.8853,-6.55,10.64,0.15,26.33
76025,0.1285,-0.1815,0.8784,-5.79,8.6,0.05,26.35
76035,0.1438,-0.1808,0.8724,-4.69,7.39,-0.06,26.32
76045,0.1635,-0.1794,0.8545,-3.45,8.02,0.02,26.35
76055,0.1604,-0.1857,0.8705,-2.7,9.6,0.21,26.34
76065,0.1476,-0.1848,0.9043,-2.61,10.15,0.31,26.36
76075,0.1477,-0.1851,0.927,-3.95,8.96,0.34,26.35
76085,0.1486,-0.1824,0.9089,-6.52,8.02,0.29,26.35
76095,0.1455,-0.1802,0.8772,-7.74,8.09,0.15,26.35
76105,0.149,-0.1768,0.8488,-6.78,8.85,0.47,26.34
76115,0.1531,-0.1816,0.8629,-5.05,10.66,1.08,26.34
76125,0.1484,-0.177,0.8669,-3.34,13.1,1.3,26.34
76135,0.1205,-0.1719,0.8833,-2.63,12.85,1.33,26.33
76145,0.1348,-0.1616,0.8997,-1.82,11.86,0.61,26.36
76155,0.119,-0.1705,0.9395,-3.54,12.84,1.15,26.34
76165,0.11,-0.1703,0.9618,-6.61,6.14,-0.15,26.35
76175,0.1461,-0.1658,0.8983,-10.49,2.78,-0.75,26.34
76185,0.1639,-0.1688,0.8638,-12.7,3.83,-0.12,26.35
76195,0.1666,-0.1787,0.8466,-11.91,7.01,2.18,26.34
76205,0.1426,-0.1864,0.8506,-9.56,9.42,3.37,26.33
76215,0.1133,-0.1909,0.8661,-7.71,10.66,2.08,26.35
76225,0.1066,-0.1851,0.8901,-6.64,9.02,-1.11,26.35
76238,0.1353,-0.1863,0.8629,-5.77,6.63,-3.89,26.33
76248,0.147,-0.184,0.8602,-4.7,7.11,-5.1,26.35
76258,0.1517,-0.176,0.9009,-4.02,6.82,-3.79,26.32
76268,0.1532,-0.1665,0.9176,-5.31,5.56,-1.86,26.35
76278,0.1515,-0.1659,0.9086,-8.37,5.07,-0.82,26.34
76288,0.1493,-0.1746,0.8927,-10.87,4.9,-0.37,26.34
76298,0.1713,-0.1843,0.8812,-10.93,5.5,-0.15,26.35
76308,0.1453,-0.1776,0.8712,-10.47,7.21,-0.43,26.34
76318,0.1412,-0.1854,0.8657,-8.99,8.49,-0.37,26.34
76328,0.1384,-0.1848,0.8683,-6.78,8.21,-0.21,26.35
76338,0.1428,-0.1786,0.875,-5.83,7.56,0.05,26.33
76348,0.1411,-0.1741,0.8767,-5.85,7.54,-0.15,26.37
76358,0.1321,-0.178,0.8865,-5.63,7.16,0.09,26.35
76368,0.1438,-0.1752,0.8911,-5.63,6.52,-0.15,26.35
76378,0.1481,-0.175,0.8806,-6.02,6.67,0.03,26.37
76388,0.1487,-0.1832,0.8774,-6.31,6.95,0.35,26.36
76398,0.1504,-0.1803,0.885,-6.09,6.92,0.72,26.34
76408,0.1583,-0.1752,0.8817,-6.67,7.34,1.98,26.33
76418,0.1588,-0.181,0.8636,-6.98,8.2,3.59,26.36
76428,0.1515,-0.1838,0.8604,-6.32,9.31,4.31,26.35
76439,0.1387,-0.1859,0.8883,-5.54,9.15,4.23,26.36
76450,0.1219,-0.1863,0.9113,-5.76,7.45,2.79,26.34
76460,0.1206,-0.1852,0.899,-6.58,5.91,0.6,26.34
76470,0.1346,-0.1831,0.8828,-6.75,5.08,-1.02,26.35
76480,0.149,-0.1774,0.8584,-5.83,5.73,-1.53,26.36
76490,0.1453,-0.1769,0.8584,-5.02,7.39,-1.73,26.35
76500,0.1399,-0.1744,0.8752,-4.32,7.92,-1.71,26.36
76510,0.1401,-0.1747,0.8938,-4.34,7.8,-2.0,26.36
76520,0.1466,-0.1726,0.8937,-5.01,7.65,-1.94,26.35
76530,0.1497,-0.1617,0.885,-5.69,7.33,-1.24,26.35
76541,0.1619,-0.1667,0.8695,-6.41,8.21,-0.21,26.36
76551,0.1427,-0.1603,0.8843,-6.81,10.81,0.29,26.35
76561,0.1691,-0.1897,0.8534,-6.69,11.28,0.66,26.36
76571,0.1389,-0.1838,0.8842,-5.27,9.83,0.61,26.35
76581,0.13,-0.1892,0.8859,-4.17,9.07,0.31,26.38
76591,0.1462,-0.1899,0.8724,-3.5,11.04,-0.78,26.36
76601,0.1533,-0.1757,0.8649,-2.89,16.02,-2.0,26.35
76611,0.1453,-0.1614,0.897,-2.34,15.15,-0.55,26.35
76621,0.1226,-0.1759,0.917,-4.05,11.97,0.49,26.35
76631,0.1191,-0.161,0.9384,-6.99,8.29,0.02,26.36
76641,0.1323,-0.1761,0.8877,-8.84,5.77,-0.38,26.36
76651,0.1542,-0.1927,0.8363,-7.47,5.53,-0.47,26.37
76661,0.173,-0.1772,0.8605,-4.92,9.01,0.41,26.34
76671,0.1161,-0.166,0.9164,-6.18,11.1,0.23,26.36
76681,0.123,-0.1841,0.9126,-8.44,7.74,-0.23,26.33
76691,0.1185,-0.176,0.8988,-10.09,2.82,-0.53,26.36
76701,0.1405,-0.1819,0.8748,-11.44,2.31,-0.61,26.36
76711,0.1519,-0.1764,0.8457,-11.05,4.46,0.31,26.36
76721,0.1663,-0.1865,0.8456,-9.69,5.45,1.56,26.36
76731,0.1506,-0.1865,0.8551,-8.56,7.76,2.03,26.35
76741,0.1349,-0.1832,0.8756,-7.86,8.29,1.27,26.34
76751,0.1265,-0.179,0.8794,-7.56,8.98,-0.5,26.33
76761,0.1272,-0.1841,0.8883,-7.25,9.24,-2.03,26.37
76771,0.1261,-0.176,0.8894,-6.5,6.31,-2.82,26.35
76781,0.1362,-0.1738,0.8636,-6.47,6.46,-2.58,26.38
76791,0.1421,-0.1779,0.8723,-6.66,6.29,-1.37,26.39
76801,0.166,-0.1809,0.8909,-6.34,5.42,0.24,26.36
76811,0.165,-0.1744,0.8658,-7.27,6.84,1.16,26.36
76821,0.1619,-0.1842,0.8586,-7.82,8.9,1.73,26.37
76831,0.1478,-0.1938,0.8732,-6.87,9.19,1.47,26.36
76841,0.13,-0.1875,0.9008,-6.24,8.0,0.7,26.36
76851,0.1396,-0.1863,0.894,-6.63,7.62,-0.55,26.35
76861,0.1439,-0.1772,0.8848,-6.55,7.59,-0.96,26.36
76871,0.1492,-0.168,0.8798,-6.52,7.83,-0.37,26.37
76881,0.1477,-0.1702,0.8773,-7.04,8.11,0.46,26.37
76891,0.1578,-0.1724,0.8678,-7.77,9.79,1.28,26.36
76901,0.146,-0.1757,0.8732,-8.15,13.08,1.5,26.36
76911,0.1377,-0.1802,0.8959,-8.12,14.21,1.8,26.36
76921,0.1255,-0.1866,0.9095,-7.54,11.97,1.86,26.34
76931,0.1201,-0.1852,0.9054,-7.15,8.23,1.48,26.36
76941,0.1215,-0.183,0.8921,-7.13,5.5,0.37,26.34
76951,0.1311,-0.1897,0.881,-6.64,3.34,-0.78,26.34
76961,0.1368,-0.1844,0.8789,-6.34,2.93,-1.88,26.36
76971,0.1313,-0.1837,0.8771,-6.29,4.76,-2.66,26.37
76981,0.157,-0.1927,0.8665,-5.65,5.44,-2.69,26.34
76991,0.1536,-0.1838,0.8672,-5.16,5.85,-1.95,26.33
77001,0.1488,-0.1807,0.8804,-5.02,6.37,-1.11,26.34
77011,0.1577,-0.1792,0.8469,-5.51,7.91,-0.73,26.36
77021,0.1649,-0.1699,0.8557,-5.66,10.63,0.27,26.35
77031,0.1481,-0.1719,0.9125,-6.18,11.04,2.11,26.34
77041,0.1395,-0.1726,0.9189,-7.05,10.35,3.25,26.34
77051,0.1385,-0.1843,0.8781,-8.24,9.98,2.99,26.35
77062,0.1381,-0.193,0.8542,-7.39,11.22,2.23,26.34
77072,0.1401,-0.1941,0.8517,-4.82,12.84,1.59,26.34
77082,0.1323,-0.1854,0.8655,-2.81,14.03,0.82,26.36
77092,0.1238,-0.1746,0.9133,-2.73,12.12,0.47,26.35
77102,0.1252,-0.1694,0.9178,-5.05,9.28,0.0,26.35
77112,0.1389,-0.1699,0.91,-8.43,8.46,-0.15,26.37
77122,0.1409,-0.1744,0.8933,-10.64,9.15,-0.34,26.35
77132,0.1401,-0.1873,0.873,-10.96,9.76,-0.38,26.37
77142,0.1332,-0.1892,0.8738,-10.29,9.57,-0.23,26.35
77153,0.1351,-0.1886,0.8772,-9.05,8.84,-0.24,26.38
77163,0.144,-0.1865,0.8772,-8.21,9.22,-0.2,26.34
77173,0.1351,-0.1794,0.8721,-7.51,10.18,0.08,26.34
77183,0.1356,-0.1837,0.879,-6.72,10.58,0.14,26.37
77193,0.1339,-0.1863,0.8757,-5.82,9.94,0.32,26.35
77203,0.1277,-0.1908,0.8674,-3.85,8.43,0.2,26.33
77213,0.1332,-0.189,0.8674,-2.23,7.04,0.24,26.36
77223,0.1672,-0.1793,0.8744,-1.89,9.47,0.27,26.34
77233,0.1519,-0.1757,0.8429,-3.18,14.81,1.11,26.35
77243,0.1252,-0.1901,0.9,-3.39,16.75,1.92,26.34
77253,0.0945,-0.1781,0.925,-4.43,11.85,2.7,26.36
77263,0.0984,-0.1676,0.9443,-6.89,4.99,1.63,26.37
77273,0.1234,-0.1708,0.8881,-9.01,2.02,0.21,26.36
77283,0.15,-0.1735,0.8427,-9.57,3.86,0.15,26.37
77293,0.1565,-0.1849,0.8253,-8.12,10.06,0.34,26.38
77303,0.1322,-0.1884,0.8518,-6.17,12.98,0.95,26.34
77313,0.1133,-0.1879,0.9116,-4.23,11.71,0.66,26.35
77323,0.1064,-0.1749,0.9219,-4.09,6.79,0.02,26.35
77333,0.1333,-0.1704,0.9165,-5.76,3.65,-0.55,26.35
77343,0.151,-0.1697,0.8763,-7.89,4.79,-0.55,26.35
77353,0.1588,-0.182,0.8582,-8.43,8.76,-0.09,26.36
77363,0.1409,-0.1904,0.865,-7.1,11.73,0.61,26.36
77373,0.1184,-0.1886,0.8934,-5.63,10.75,0.69,26.38
77383,0.1069,-0.1815,0.9073,-5.33,7.24,0.06,26.35
77393,0.125,-0.174,0.8988,-5.98,4.5,-0.43,26.36
77403,0.1404,-0.1693,0.8717,-6.85,5.36,-0.34,26.39
77413,0.1471,-0.1742,0.859,-7.25,8.58,0.08,26.37
77423,0.1351,-0.1825,0.8706,-6.72,10.89,0.32,26.35
77433,0.1216,-0.1853,0.8864,-5.92,10.11,0.31,26.37
77443,0.1144,-0.1796,0.9058,-5.79,7.34,-0.02,26.36
77453,0.1265,-0.1777,0.8975,-6.24,5.47,-0.29,26.37
77463,0.1372,-0.1753,0.8724,-6.9,6.15,-0.35,26.37
77473,0.1459,-0.1769,0.8567,-7.07,8.26,0.02,26.36
77483,0.1327,-0.1808,0.8679,-6.58,9.92,0.29,26.36
77493,0.1279,-0.1741,0.887,-5.95,9.24,0.2,26.34
77503,0.1322,-0.1781,0.8883,-6.0,6.81,-0.06,26.36
77513,0.1389,-0.1851,0.8883,-6.41,6.29,-0.23,26.34
77523,0.1436,-0.1862,0.8878,-6.78,7.77,0.09,26.34
77533,0.1409,-0.1852,0.8787,-6.81,9.22,0.2,26.37
77543,0.1302,-0.179,0.8934,-6.4,8.85,0.15,26.38
77553,0.1248,-0.1749,0.9017,-6.05,7.63,0.11,26.36
77563,0.1296,-0.1741,0.8944,-6.35,6.67,-0.14,26.36
77573,0.1379,-0.1787,0.881,-6.61,7.05,-0.15,26.38
77583,0.1353,-0.1797,0.8712,-7.02,8.41,0.05,26.35
77593,0.1228,-0.1866,0.8779,-6.89,9.36,0.18,26.36
77603,0.1135,-0.1864,0.8821,-6.7,8.89,0.2,26.35
77613,0.1124,-0.1803,0.8824,-6.34,7.44,-0.12,26.36
77623,0.1169,-0.1757,0.8831,-6.29,6.41,-0.2,26.38
77633,0.1281,-0.1753,0.8695,-6.38,6.87,-0.2,26.35
77643,0.136,-0.1764,0.8746,-6.47,8.24,-0.05,26.35
77653,0.1364,-0.1791,0.8842,-6.53,8.99,0.02,26.38
77663,0.1251,-0.1875,0.8893,-6.58,8.58,-0.05,26.36
77673,0.1299,-0.1802,0.8823,-6.7,7.16,-0.2,26.37
77683,0.1332,-0.1791,0.88,-6.64,6.52,-0.23,26.35
77693,0.1393,-0.1774,0.8743,-6.43,7.27,-0.12,26.37
77703,0.1409,-0.174,0.8739,-6.24,8.52,0.06,26.37
77713,0.13,-0.1771,0.8916,-6.27,8.95,0.08,26.39
77723,0.1227,-0.184,0.8981,-6.63,8.32,-0.03,26.37
77733,0.1256,-0.1846,0.8943,-6.87,6.96,-0.17,26.38
77743,0.1333,-0.1887,0.8746,-6.73,6.46,-0.21,26.35
77753,0.1394,-0.1821,0.8707,-6.44,7.28,-0.11,26.36
77763,0.1345,-0.1844,0.8781,-6.17,8.52,0.02,26.37
77773,0.1309,-0.1798,0.8905,-6.17,8.76,0.06,26.38
77783,0.1256,-0.1766,0.8936,-6.53,7.95,0.0,26.38
77793,0.1295,-0.1754,0.8845,-6.92,6.98,-0.17,26.35
77803,0.1354,-0.1759,0.8755,-6.79,7.05,-0.09,26.37
77813,0.1359,-0.1801,0.8702,-6.56,7.98,0.03,26.38
77823,0.1295,-0.1799,0.8782,-6.43,8.73,0.15,26.37
77833,0.1237,-0.1808,0.8823,-6.64,8.24,0.08,26.39
77843,0.1223,-0.1802,0.8789,-6.67,7.44,-0.09,26.37
77853,0.1298,-0.1844,0.8761,-6.67,6.81,-0.15,26.37
77863,0.1362,-0.1841,0.8783,-6.43,7.24,-0.11,26.36
77873,0.1373,-0.183,0.8864,-6.31,8.14,0.05,26.38
77883,0.1359,-0.1847,0.8901,-6.41,8.61,0.06,26.36
77893,0.1294,-0.1859,0.8934,-6.55,8.05,-0.02,26.36
77903,0.1309,-0.1831,0.8873,-6.72,7.13,-0.17,26.37
77913,0.1328,-0.179,0.8717,-6.67,6.78,-0.2,26.37
77923,0.1385,-0.1787,0.8616,-6.44,7.31,-0.05,26.37
77933,0.1353,-0.1769,0.8712,-6.09,8.38,0.09,26.36
77943,0.1313,-0.1754,0.8829,-6.27,8.7,0.03,26.38
77953,0.125,-0.178,0.8892,-6.43,8.15,-0.02,26.37
77963,0.1289,-0.1793,0.8823,-6.69,7.24,-0.09,26.37
77973,0.1384,-0.182,0.8748,-6.72,7.07,-0.2,26.37
77983,0.136,-0.1833,0.8768,-6.46,7.74,0.05,26.38
77993,0.1345,-0.1786,0.8809,-6.31,8.7,0.08,26.38
78003,0.1313,-0.1755,0.8928,-6.49,8.7,-0.02,26.38
78013,0.0669,-0.1882,0.8334,-6.53,-2.53,-0.64,26.36
78023,0.1562,-0.1934,1.0371,-2.49,-0.27,-1.05,26.38
78033,0.126,-0.1405,0.8344,-9.39,-2.0,-1.39,26.35
78043,0.2186,-0.1818,0.8684,-12.61,9.18,-1.07,26.36
78053,0.1708,-0.1837,0.7872,-11.57,17.68,0.92,26.38
78063,0.1376,-0.2025,0.8544,-7.25,21.6,1.47,26.37
78073,0.0779,-0.2054,0.8885,-2.43,15.63,1.11,26.35
78083,0.0817,-0.191,0.9329,0.05,4.63,0.02,26.38
78093,0.1273,-0.166,0.932,-2.11,-0.41,-0.76,26.37
78103,0.1724,-0.1627,0.8896,-7.24,2.73,-0.69,26.37
78113,0.1722,-0.1735,0.8397,-10.26,11.1,0.08,26.38
78123,0.1429,-0.1943,0.8445,-9.19,15.71,0.79,26.37
78133,0.104,-0.2001,0.8899,-6.12,13.4,1.57,26.37
78143,0.0964,-0.187,0.9282,-3.95,7.27,0.75,26.4
78153,0.1165,-0.1747,0.9169,-4.87,2.47,-0.38,26.39
78163,0.1489,-0.1715,0.8868,-6.58,3.83,-0.58,26.37
78173,0.153,-0.1735,0.856,-7.97,8.24,-0.15,26.36
78183,0.136,-0.1821,0.8528,-7.82,11.59,0.4,26.37
78193,0.1161,-0.1849,0.8854,-6.14,10.02,0.41,26.37
78203,0.1061,-0.1768,0.8868,-5.22,5.19,-0.27,26.38
78213,0.1104,-0.1642,0.8702,-6.79,2.6,-0.56,26.39
78223,0.1665,-0.1763,0.957,-8.81,6.38,-0.47,26.38
78233,0.1073,-0.1735,0.8353,-11.05,7.16,-0.41,26.37
78292,0.1174,-0.1875,0.8855,-8.38,13.33,0.49,26.39
78302,0.1166,-0.1934,0.8905,-6.98,8.98,0.09,26.38
78312,0.126,-0.1864,0.8772,-5.59,5.34,-0.31,26.38
78322,0.1527,-0.1777,0.8633,-5.18,5.76,-0.15,26.39
78332,0.1552,-0.1755,0.8732,-6.14,9.31,0.26,26.37
78342,0.1368,-0.1803,0.8875,-7.15,11.69,0.47,26.37
78352,0.1162,-0.1862,0.891,-7.04,10.0,0.26,26.39
78362,0.1147,-0.192,0.8904,-5.68,5.51,-0.06,26.38
78372,0.1312,-0.1821,0.8749,-4.35,2.73,-0.44,26.39
78382,0.1466,-0.178,0.881,-4.11,3.42,-0.37,26.38
78392,0.1487,-0.1858,0.8812,-5.22,5.62,0.02,26.39
78402,0.1296,-0.1779,0.8901,-6.17,7.05,0.0,26.38
78412,0.1292,-0.1814,0.8905,-6.6,6.02,-0.21,26.37
78422,0.1465,-0.1869,0.8684,-6.34,5.33,-0.23,26.38
78432,0.1526,-0.1831,0.8718,-6.32,6.72,-0.18,26.4
78442,0.1527,-0.1836,0.8699,-6.58,9.1,0.2,26.38
78452,0.1423,-0.1826,0.8829,-6.61,10.78,0.26,26.37
78462,0.1273,-0.1882,0.8912,-6.47,9.44,0.2,26.37
78472,0.1266,-0.1819,0.8973,-6.15,7.22,-0.15,26.35
78482,0.137,-0.1816,0.8798,-6.17,6.29,-0.21,26.39
78492,0.1447,-0.1865,0.869,-6.35,7.22,-0.08,26.37
78502,0.1304,-0.1841,0.8695,-6.47,8.44,0.06,26.42
78512,0.1292,-0.1879,0.8745,-6.09,7.97,-0.09,26.38
78522,0.1272,-0.1917,0.8673,-6.87,7.88,-0.24,26.37
78532,0.1296,-0.1869,0.8635,-7.74,7.3,-0.41,26.36
78542,0.1324,-0.1917,0.8656,-8.29,6.55,-0.34,26.4
78552,0.1433,-0.1866,0.8666,-8.23,6.73,-0.37,26.39
78562,0.1542,-0.1893,0.8527,-8.0,6.29,-0.43,26.38
78572,0.1562,-0.181,0.8673,-7.19,6.66,-0.06,26.4
78582,0.1602,-0.181,0.891,-5.91,6.55,-0.02,26.39
78592,0.1498,-0.1677,0.9149,-4.52,6.79,0.21,26.38
78602,0.1492,-0.1652,0.9396,-3.97,5.89,0.26,26.37
78612,0.151,-0.1681,0.9355,-3.98,4.78,0.21,26.4
78622,0.1455,-0.1611,0.9329,-5.36,4.17,0.18,26.38
78632,0.1499,-0.1609,0.929,-6.93,4.23,0.47,26.38
78642,0.1462,-0.1587,0.908,-9.54,6.47,0.11,26.39
78652,0.1498,-0.1733,0.8805,-10.53,9.01,0.02,26.38
78662,0.1562,-0.1849,0.8491,-9.28,10.55,0.56,26.39
78672,0.1445,-0.1931,0.8286,-7.24,12.11,1.13,26.39
78682,0.1324,-0.2028,0.8519,-4.99,12.67,1.3,26.39
78692,0.1112,-0.1937,0.8583,-3.68,11.68,0.67,26.39
78702,0.1136,-0.1862,0.8964,-3.95,8.6,-0.09,26.38
78712,0.1216,-0.1821,0.88,-5.1,6.52,-0.44,26.4
78722,0.1379,-0.1783,0.8704,-6.35,6.73,-0.67,26.37
78732,0.1409,-0.1801,0.8599,-6.56,8.81,-0.23,26.4
78742,0.1306,-0.1842,0.8687,-5.66,10.55,0.17,26.39
78752,0.1204,-0.1863,0.8815,-4.38,10.31,0.05,26.4
78762,0.123,-0.1737,0.874,-5.22,9.69,-0.43,26.4
78772,0.1218,-0.1713,0.9093,-7.59,10.5,-0.55,26.38
78782,0.1166,-0.1755,0.8815,-10.49,10.47,-0.49,26.39
78792,0.1224,-0.1897,0.8562,-10.56,11.16,-0.38,26.4
78802,0.1326,-0.1949,0.8483,-8.15,9.79,-0.32,26.39
78812,0.1469,-0.1812,0.8728,-5.94,10.5,0.12,26.39
78822,0.1406,-0.171,0.9264,-5.63,10.03,0.09,26.41
78832,0.141,-0.1672,0.9548,-7.42,8.5,-0.26,26.39
78842,0.1479,-0.176,0.9344,-9.31,6.24,-0.38,26.4
78852,0.1501,-0.183,0.9075,-9.63,4.56,-0.55,26.4
78862,0.1562,-0.1859,0.8912,-8.66,4.64,-0.49,26.39
78872,0.1464,-0.1881,0.8639,-7.66,5.01,-0.35,26.39
78882,0.1526,-0.1874,0.8676,-6.6,7.56,-0.27,26.39
78892,0.129,-0.1859,0.8494,-6.37,9.98,-0.02,26.39
78902,0.1078,-0.1945,0.8945,-6.21,7.65,0.14,26.4
78912,0.1074,-0.1863,0.8901,-7.86,3.27,-0.75,26.4
78922,0.1196,-0.1936,0.8749,-10.11,2.63,-2.52,26.4
78932,0.14,-0.192,0.8274,-10.56,5.22,-4.35,26.41
78942,0.1539,-0.1953,0.828,-8.37,7.31,-4.35,26.42
78952,0.1571,-0.1885,0.8402,-3.73,8.52,-1.83,26.39
78962,0.1399,-0.1753,0.8678,-0.79,6.61,1.07,26.41
78972,0.126,-0.1675,0.9237,-0.4,3.18,2.89,26.42
78982,0.1162,-0.1646,0.9423,-3.73,3.66,2.15,26.39
78992,0.1567,-0.1715,0.8876,-8.15,4.82,0.32,26.38
79002,0.15,-0.1821,0.8446,-7.6,7.79,0.56,26.38
79012,0.1531,-0.1887,0.8351,-3.54,9.63,2.23,26.4
79022,0.1385,-0.1917,0.8792,-0.78,10.23,3.42,26.39
79032,0.1169,-0.1776,0.9313,-1.27,9.27,2.93,26.39
79042,0.109,-0.1716,0.9602,-4.76,7.33,1.56,26.4
79052,0.1249,-0.176,0.9241,-8.64,5.11,0.21,26.39
79062,0.1493,-0.1813,0.8568,-10.26,5.13,-0.09,26.38
79072,0.1539,-0.1868,0.8232,-8.95,7.22,0.58,26.39
79082,0.1455,-0.1857,0.8447,-6.53,9.59,1.08,26.4
79092,0.1333,-0.189,0.884,-4.9,10.02,0.87,26.39
79102,0.1337,-0.184,0.9065,-5.39,9.4,0.18,26.41
79112,0.1416,-0.1783,0.9103,-6.78,8.44,-0.52,26.39
79122,0.146,-0.177,0.8962,-7.82,7.57,-0.56,26.39
79132,0.1489,-0.181,0.8787,-7.5,7.07,-0.05,26.39
79142,0.1447,-0.1874,0.8826,-7.44,7.62,-0.03,26.37
79152,0.1509,-0.1832,0.8772,-7.57,8.11,-0.12,26.4
79162,0.1486,-0.188,0.8676,-7.8,8.84,0.05,26.4
79172,0.1389,-0.1871,0.8655,-7.47,9.53,0.15,26.39
79182,0.1356,-0.1896,0.8674,-6.66,9.6,0.24,26.4
79193,0.1329,-0.1881,0.8807,-6.08,8.9,0.06,26.4
79203,0.1261,-0.1827,0.8921,-6.27,8.17,-0.24,26.41
79213,0.1316,-0.1754,0.891,-6.69,7.6,-0.41,26.39
79223,0.1404,-0.183,0.8844,-6.35,7.11,-0.05,26.38
79233,0.1422,-0.1799,0.8849,-6.41,7.83,-0.26,26.39
79243,0.14,-0.177,0.897,-7.02,8.69,-0.29,26.4
79253,0.1394,-0.1785,0.9098,-8.6,9.56,-0.7,26.4
79263,0.1345,-0.1785,0.9113,-9.82,8.87,-0.81,26.37
79273,0.1356,-0.1821,0.897,-10.0,7.18,-0.26,26.39
79283,0.1422,-0.1865,0.8661,-9.33,6.82,-0.23,26.39
79293,0.1484,-0.1854,0.8463,-8.47,8.78,-0.2,26.41
79303,0.1433,-0.1848,0.8516,-7.62,10.96,0.09,26.4
79313,0.1332,-0.1893,0.8818,-6.56,11.08,0.24,26.39
79323,0.1285,-0.1949,0.9016,-6.03,9.01,0.08,26.38
79333,0.1257,-0.1897,0.8992,-6.02,6.37,-0.17,26.39
79343,0.1368,-0.1876,0.873,-5.44,4.66,-0.31,26.41
79353,0.149,-0.1835,0.8665,-5.28,5.57,-0.32,26.39
79363,0.1516,-0.1766,0.8638,-5.95,8.17,-0.05,26.4
79373,0.1483,-0.1823,0.8821,-6.67,10.06,0.09,26.41
79383,0.1392,-0.1864,0.8939,-6.79,9.5,0.09,26.39
79393,0.1339,-0.1906,0.8928,-6.63,8.02,0.02,26.35
79403,0.1398,-0.189,0.8754,-5.88,6.93,-0.06,26.38
79413,0.1494,-0.1859,0.8641,-5.36,7.1,-0.12,26.4
79423,0.1383,-0.1735,0.8849,-5.86,7.66,-0.14,26.39
79433,0.1438,-0.1735,0.8879,-7.19,7.6,-0.06,26.39
79443,0.1379,-0.1758,0.8883,-7.94,7.86,-0.2,26.39
79453,0.1382,-0.1759,0.8788,-7.86,8.44,0.06,26.39
79463,0.1301,-0.1757,0.8875,-6.67,8.95,0.12,26.4
79473,0.1227,-0.1787,0.9027,-5.36,8.78,0.06,26.38
79483,0.1251,-0.1831,0.9183,-4.85,7.88,-0.11,26.39
79493,0.1371,-0.1886,0.9108,-5.39,6.85,-0.11,26.38
79503,0.1396,-0.1935,0.9015,-6.38,6.44,-0.17,26.4
79513,0.1462,-0.1974,0.8719,-6.37,6.47,-0.18,26.39
79523,0.1437,-0.1888,0.8584,-5.94,7.71,-0.11,26.39
79533,0.1411,-0.1818,0.8674,-5.88,9.44,-0.12,26.41
79543,0.139,-0.1755,0.8756,-6.95,10.63,-0.05,26.42
79553,0.1328,-0.1826,0.8816,-8.12,10.4,0.11,26.41
79563,0.1409,-0.1897,0.8678,-8.41,8.6,0.02,26.38
79573,0.1481,-0.1952,0.8428,-7.68,7.45,-0.15,26.41
79583,0.1505,-0.1965,0.8434,-6.26,7.28,-0.08,26.4
79593,0.135,-0.1798,0.8674,-4.6,8.4,0.03,26.39
79603,0.1268,-0.1809,0.9039,-3.94,7.76,0.0,26.42
79613,0.1271,-0.182,0.9222,-4.29,6.43,-0.12,26.41
79623,0.1262,-0.1827,0.9078,-5.15,5.33,-0.23,26.41
79633,0.135,-0.1807,0.8855,-5.68,5.71,-0.31,26.41
79643,0.1465,-0.177,0.8749,-6.72,7.79,-0.12,26.39
79653,0.1383,-0.1871,0.8716,-7.53,9.66,0.15,26.39
79663,0.1279,-0.1921,0.8804,-7.07,9.45,0.08,26.38
79673,0.1227,-0.1929,0.8824,-5.82,7.89,-0.02,26.4
79683,0.1281,-0.1904,0.8854,-4.26,5.63,-0.21,26.39
79693,0.1381,-0.181,0.8818,-3.77,4.76,-0.32,26.41
79703,0.1479,-0.1793,0.8763,-4.12,5.76,-0.31,26.4
79713,0.152,-0.1763,0.89,-5.83,8.06,-0.02,26.4
79723,0.1516,-0.1746,0.9004,-8.26,10.02,0.14,26.4
79733,0.1394,-0.184,0.8954,-9.66,10.27,0.26,26.42
79743,0.1328,-0.1864,0.8843,-9.44,8.99,0.0,26.39
79753,0.1379,-0.1908,0.8676,-8.17,7.85,-0.06,26.41
79763,0.1388,-0.1919,0.8596,-6.55,7.51,-0.17,26.4
79773,0.1403,-0.1887,0.8657,-5.27,7.98,-0.03,26.42
79783,0.1364,-0.1791,0.8884,-4.81,8.21,0.02,26.4
79793,0.1335,-0.186,0.8975,-5.1,7.92,0.0,26.41
79803,0.1449,-0.1833,0.8915,-5.98,7.63,-0.03,26.42
79813,0.1353,-0.1797,0.9036,-7.02,7.76,-0.12,26.4
79823,0.1323,-0.1853,0.8843,-7.74,8.03,-0.02,26.4
79833,0.1447,-0.1824,0.8768,-7.8,7.76,-0.02,26.4
79843,0.1416,-0.1823,0.8719,-7.21,7.47,-0.12,26.43
79853,0.1394,-0.1786,0.8741,-6.38,7.19,-0.06,26.41
79863,0.1466,-0.1785,0.8787,-6.34,7.74,-0.06,26.42
79873,0.1497,-0.1819,0.8779,-6.6,8.11,-0.03,26.42
79883,0.146,-0.1909,0.8812,-7.04,8.27,0.12,26.41
79893,0.1483,-0.1826,0.8802,-7.3,7.57,-0.06,26.39
79903,0.1423,-0.1816,0.8732,-6.95,7.39,-0.12,26.41
79913,0.1439,-0.1843,0.8597,-6.26,7.54,-0.05,26.42
79923,0.1396,-0.1819,0.8735,-5.39,7.98,-0.08,26.41
79933,0.1333,-0.1826,0.8865,-5.1,7.71,-0.06,26.42
79943,0.1322,-0.1802,0.8888,-5.25,7.13,-0.17,26.4
79953,0.1371,-0.186,0.8824,-5.27,6.79,-0.06,26.39
79963,0.1366,-0.1827,0.8925,-5.15,6.49,-0.2,26.42
79973,0.1372,-0.1809,0.8912,-6.03,6.53,-0.18,26.41
79983,0.1426,-0.1833,0.8799,-6.63,6.63,-0.12,26.4
79993,0.1439,-0.1816,0.8741,-6.67,6.96,-0.09,26.42
80003,0.1427,-0.1854,0.8668,-6.32,7.5,-0.09,26.4
80014,0.1428,-0.1866,0.8684,-6.08,8.56,0.05,26.39
80024,0.1367,-0.1866,0.875,-5.85,9.01,0.11,26.41
80034,0.1367,-0.1882,0.8806,-5.34,8.41,0.03,26.39
80044,0.1356,-0.1874,0.882,-5.16,7.77,0.0,26.41
80054,0.1335,-0.1827,0.8943,-5.68,7.39,-0.11,26.4
80064,0.1339,-0.187,0.8931,-6.29,6.58,-0.17,26.42
80075,0.1412,-0.1831,0.8834,-6.85,6.0,-0.17,26.43
80085,0.1436,-0.1809,0.8662,-7.08,6.6,-0.2,26.43
80095,0.1429,-0.1804,0.863,-6.95,7.97,-0.06,26.43
80105,0.144,-0.182,0.8724,-6.67,8.98,0.03,26.41
80115,0.1401,-0.1855,0.8845,-6.58,9.31,0.15,26.42
80125,0.1359,-0.1851,0.8934,-6.4,8.67,0.09,26.42
80135,0.1285,-0.1879,0.9019,-5.91,6.85,-0.09,26.39
80145,0.1323,-0.1826,0.8954,-5.62,4.76,-0.27,26.41
80155,0.1461,-0.1807,0.8746,-5.86,4.75,-0.35,26.42
80165,0.1523,-0.1808,0.8627,-6.34,6.72,-0.14,26.4
80175,0.1544,-0.1807,0.8562,-6.89,9.4,0.08,26.44
80185,0.1451,-0.1827,0.8678,-7.33,11.71,0.32,26.41
80195,0.1315,-0.1898,0.8842,-6.9,11.6,0.43,26.42
80205,0.123,-0.1925,0.8948,-5.6,9.04,0.11,26.42
80215,0.1271,-0.1912,0.8911,-4.08,5.79,-0.11,26.42
80225,0.1423,-0.1758,0.8894,-3.66,4.41,-0.24,26.41
80235,0.1509,-0.1743,0.8779,-4.76,5.57,-0.18,26.41
80245,0.1584,-0.1716,0.8823,-6.43,7.65,0.05,26.41
80255,0.1514,-0.1758,0.875,-7.76,9.68,0.21,26.4
80265,0.1403,-0.1849,0.8766,-7.07,10.02,0.11,26.4
80275,0.1355,-0.1851,0.8857,-5.71,8.76,0.06,26.42
80285,0.1364,-0.1807,0.8967,-5.02,6.79,-0.18,26.43
80295,0.1423,-0.1758,0.8911,-5.65,6.03,-0.29,26.39
80305,0.1443,-0.1708,0.8864,-6.9,6.66,-0.2,26.42
80315,0.1434,-0.1743,0.8785,-8.4,7.79,-0.12,26.41
80325,0.1393,-0.184,0.8655,-8.56,8.99,0.05,26.42
80335,0.1328,-0.1938,0.8672,-6.95,8.64,0.03,26.41
80345,0.129,-0.1919,0.8711,-4.27,6.85,-0.14,26.39
80355,0.1354,-0.1887,0.8738,-2.53,5.6,-0.21,26.4
80365,0.1417,-0.1824,0.8698,-2.26,5.69,-0.21,26.4
80375,0.1528,-0.1765,0.8601,-2.76,7.24,-0.03,26.42
80385,0.1533,-0.1708,0.8802,-3.94,9.57,0.26,26.41
80395,0.1398,-0.1755,0.9076,-5.21,10.11,0.34,26.41
80405,0.1357,-0.1785,0.911,-6.73,9.4,0.29,26.39
80415,0.1252,-0.1917,0.9117,-5.92,5.76,0.37,26.4
80425,0.1473,-0.1771,0.8815,-5.42,4.02,-0.26,26.41
80435,0.1548,-0.1725,0.8716,-5.68,5.45,-0.2,26.41
80445,0.1538,-0.1692,0.8818,-7.02,7.73,-0.09,26.42
80455,0.1519,-0.1703,0.8871,-8.98,9.34,0.11,26.42
80465,0.1359,-0.1823,0.8889,-9.65,9.02,0.11,26.43
80475,0.1415,-0.1869,0.8685,-8.37,8.14,0.0,26.42
80485,0.1462,-0.1844,0.8542,-6.41,8.46,-0.03,26.4
80495,0.1416,-0.1796,0.8757,-5.24,9.22,0.11,26.39
80505,0.1375,-0.1791,0.8992,-5.69,8.92,-0.03,26.41
80515,0.1338,-0.1814,0.9025,-6.69,7.89,0.0,26.42
80525,0.1364,-0.1857,0.8838,-6.85,6.72,-0.14,26.42
80535,0.1357,-0.1876,0.8746,-6.02,5.47,-0.17,26.4
80545,0.1467,-0.1831,0.8665,-4.79,5.3,-0.24,26.41
80555,0.155,-0.1696,0.8704,-5.24,6.98,-0.26,26.41
80565,0.1562,-0.1729,0.8669,-7.01,9.47,0.11,26.42
80575,0.156,-0.1777,0.8738,-8.11,12.34,0.09,26.43
80585,0.1312,-0.199,0.868,-6.5,12.2,0.79,26.42
80595,0.1498,-0.1918,0.8479,-2.76,11.02,0.61,26.41
80605,0.0841,-0.192,0.9713,0.47,6.89,0.29,26.4
80615,0.0846,-0.1814,0.9661,1.27,-2.75,-0.73,26.4
80625,0.1693,-0.1511,0.871,-0.69,-5.91,-1.48,26.4
80635,0.2032,-0.1362,0.8047,-5.19,3.92,-1.15,26.41
80645,0.1814,-0.1437,0.8601,-11.85,17.33,-0.63,26.39
80655,0.1401,-0.1794,0.9166,-14.85,20.5,0.96,26.4
80665,0.1166,-0.1809,0.954,-17.42,18.21,0.27,26.39
80675,0.1437,-0.193,0.9255,-17.47,19.98,-0.31,26.4
80685,0.1088,-0.2151,0.7898,-13.62,16.32,0.47,26.43
80695,0.1154,-0.2185,0.8218,-4.17,12.02,0.61,26.43
80705,0.1122,-0.1965,0.8407,3.11,8.41,0.76,26.41
80715,0.1049,-0.1833,0.9371,4.34,3.77,0.35,26.44
80725,0.0903,-0.1614,0.9805,0.38,-2.82,-0.63,26.42
80735,0.1355,-0.1525,0.9297,-6.15,-7.6,-1.82,26.4
80745,0.1897,-0.1552,0.8578,-12.55,-2.32,-1.68,26.4
80755,0.2048,-0.1793,0.8005,-13.6,8.55,-0.24,26.42
80765,0.1826,-0.1948,0.7941,-9.01,17.65,1.95,26.4
80775,0.1458,-0.1982,0.8589,-4.23,23.63,1.89,26.42
80785,0.1046,-0.1829,0.9038,-2.61,21.83,1.54,26.42
80795,0.0944,-0.1664,0.937,-3.5,14.89,0.58,26.43
80805,0.1481,-0.1552,0.9542,-8.96,11.56,-0.14,26.44
80815,0.1378,-0.1573,0.8893,-13.94,16.38,0.03,26.42
80825,0.1002,-0.1877,0.8689,-14.32,14.49,0.05,26.43
80835,0.0797,-0.2102,0.8568,-8.81,6.47,0.66,26.42
80845,0.1016,-0.1877,0.8884,-2.63,-2.49,0.41,26.43
80855,0.1488,-0.1722,0.8677,-1.79,-4.27,-0.98,26.42
80865,0.183,-0.1655,0.8677,-4.05,4.02,-0.38,26.42
80875,0.1671,-0.1691,0.8652,-7.68,13.5,0.52,26.42
80885,0.1238,-0.1884,0.8976,-9.19,17.69,0.81,26.42
80895,0.0852,-0.2056,0.8967,-8.08,12.05,0.75,26.42
80905,0.0945,-0.1915,0.9019,-5.71,3.36,-0.15,26.43
80915,0.1337,-0.175,0.8702,-4.84,-0.34,-0.96,26.43
80925,0.1722,-0.1738,0.8595,-5.97,3.95,-0.5,26.4
80935,0.1613,-0.1736,0.8486,-7.4,11.28,0.35,26.42
80945,0.1276,-0.1836,0.8787,-7.24,14.61,0.73,26.42
80955,0.0983,-0.1879,0.894,-6.09,11.65,0.37,26.42
80965,0.0956,-0.1915,0.8984,-5.04,5.1,-0.18,26.39
80975,0.1207,-0.1836,0.9059,-4.29,-1.24,-0.76,26.42
80985,0.1572,-0.1653,0.879,-5.04,1.13,-0.72,26.41
80995,0.16,-0.1741,0.8666,-7.22,5.86,-0.18,26.41
81005,0.1689,-0.1705,0.8735,-7.31,15.02,0.44,26.41
81015,0.1129,-0.1772,0.8531,-9.42,15.44,0.79,26.41
81025,0.088,-0.1957,0.9135,-7.11,10.37,0.17,26.42
81035,0.1033,-0.2052,0.9645,-5.22,-2.56,-0.84,26.41
81045,0.145,-0.1688,0.864,-4.79,-2.84,-1.3,26.42
81055,0.1938,-0.1768,0.8317,-6.79,1.4,-0.58,26.41
81065,0.1694,-0.1783,0.8177,-6.05,11.94,0.5,26.43
81075,0.1244,-0.1873,0.8817,-4.73,13.68,0.87,26.43
81085,0.0895,-0.1851,0.9186,-3.31,9.98,0.47,26.44
81095,0.1071,-0.1803,0.9183,-3.45,1.45,-0.46,26.43
81105,0.1411,-0.1703,0.9011,-4.95,-1.82,-0.95,26.42
81115,0.1674,-0.1642,0.8765,-8.02,1.44,-0.81,26.42
81125,0.1708,-0.1696,0.8665,-10.69,9.22,-0.21,26.42
81135,0.1488,-0.1874,0.8488,-10.75,14.17,0.44,26.42
81145,0.1294,-0.1943,0.8699,-7.74,13.57,0.43,26.41
81155,0.1254,-0.1934,0.8904,-5.07,11.71,0.47,26.43
81165,0.1387,-0.1833,0.8873,-3.51,11.28,0.31,26.42
81175,0.1298,-0.1764,0.8826,-3.92,10.29,0.35,26.39
81185,0.1376,-0.1801,0.9076,-4.75,10.5,0.37,26.39
81195,0.1227,-0.1724,0.9014,-6.38,9.11,0.08,26.42
81205,0.1311,-0.1759,0.9069,-7.27,7.47,-0.26,26.42
81215,0.1317,-0.1704,0.8768,-7.27,6.23,-0.41,26.43
81225,0.1399,-0.1785,0.885,-6.52,5.73,-0.29,26.44
81235,0.1361,-0.1771,0.8636,-5.86,7.51,-0.05,26.43
81245,0.1344,-0.1842,0.8904,-5.83,7.31,-0.02,26.45
81255,0.1313,-0.1738,0.8873,-5.36,8.08,0.03,26.42
81265,0.1406,-0.1798,0.9117,-5.54,6.17,-0.26,26.43
81275,0.141,-0.1691,0.8751,-6.53,7.44,-0.24,26.39
81285,0.1445,-0.1761,0.8894,-8.05,8.21,-0.17,26.42
81295,0.1324,-0.1792,0.8772,-8.11,9.56,-0.05,26.44
81305,0.1407,-0.1831,0.8774,-7.69,9.63,-0.02,26.4
81315,0.1344,-0.1914,0.8805,-7.07,10.17,0.09,26.41
81325,0.1338,-0.1903,0.8868,-6.6,9.8,0.08,26.43
81335,0.1296,-0.184,0.8864,-6.49,9.89,0.09,26.42
81345,0.1362,-0.1844,0.8922,-7.11,10.29,0.18,26.42
81355,0.135,-0.1832,0.8793,-7.51,10.58,0.26,26.42
81365,0.0964,-0.1985,0.8926,-5.86,5.36,-0.31,26.42
81375,0.1215,-0.1875,0.9003,-3.69,0.26,-0.78,26.43
81385,0.1659,-0.1669,0.873,-4.5,2.55,-0.64,26.44
81395,0.1749,-0.1588,0.8607,-7.4,10.18,-0.08,26.43
81405,0.1484,-0.1726,0.8704,-9.47,16.53,0.58,26.43
81415,0.0979,-0.1851,0.8937,-9.48,15.91,0.6,26.44
81425,0.0951,-0.1951,0.9115,-7.37,7.77,-0.15,26.43
81435,0.115,-0.1815,0.8724,-5.04,-0.2,-0.89,26.43
81445,0.1562,-0.1782,0.874,-4.72,-0.17,-0.78,26.41
81455,0.1792,-0.1683,0.8494,-6.35,7.88,-0.08,26.42
81465,0.1527,-0.1776,0.8667,-8.37,14.49,0.55,26.44
81476,0.1127,-0.1898,0.8929,-7.53,14.41,0.61,26.44
81486,0.1012,-0.1915,0.9023,-5.71,7.65,0.05,26.41
81496,0.1188,-0.1814,0.8967,-4.75,2.34,-0.61,26.42
81506,0.1521,-0.1694,0.8636,-5.6,1.8,-0.66,26.42
81516,0.17,-0.1731,0.8436,-6.9,6.02,-0.21,26.42
81526,0.1561,-0.1825,0.845,-7.33,10.21,0.27,26.46
81536,0.1315,-0.1913,0.8695,-6.49,10.98,0.29,26.41
81546,0.1119,-0.1965,0.8959,-5.22,7.85,0.03,26.41
81556,0.121,-0.1752,0.9211,-5.01,4.52,-0.37,26.41
81566,0.1324,-0.1837,0.8964,-5.69,3.82,-0.46,26.44
81576,0.1416,-0.1707,0.8986,-6.53,6.38,-0.24,26.42
81586,0.1366,-0.1714,0.894,-7.02,8.6,0.05,26.42
81596,0.115,-0.1675,0.8942,-6.72,8.82,-0.02,26.42
81606,0.1339,-0.1753,0.9323,-7.27,6.49,-0.17,26.44
81616,0.1278,-0.1796,0.8658,-7.97,4.79,-0.41,26.43
81626,0.1492,-0.182,0.8779,-9.01,4.53,-0.46,26.43
81636,0.1481,-0.1807,0.8558,-8.72,8.31,-0.08,26.42
81646,0.1472,-0.192,0.8424,-7.28,9.79,0.26,26.43
81656,0.126,-0.1896,0.8706,-4.95,9.59,0.23,26.45
81666,0.1212,-0.1842,0.8931,-4.29,6.87,0.09,26.44
81676,0.1296,-0.177,0.9055,-5.57,4.84,-0.27,26.42
81686,0.1478,-0.1689,0.8896,-7.82,5.05,-0.35,26.41
81696,0.1565,-0.1791,0.8802,-9.39,6.72,-0.31,26.45
81706,0.1426,-0.1862,0.8525,-8.43,8.99,0.05,26.44
81716,0.134,-0.1937,0.8616,-5.88,8.15,0.09,26.44
81726,0.1328,-0.1844,0.8846,-3.6,7.13,0.03,26.44
81736,0.1462,-0.173,0.8964,-4.26,7.86,0.03,26.42
81746,0.1405,-0.1705,0.894,-6.98,9.24,0.05,26.44
81756,0.1383,-0.1763,0.9116,-9.27,9.89,-0.09,26.43
81766,0.1389,-0.1759,0.8683,-10.5,11.4,-0.05,26.42
81776,0.1427,-0.1896,0.871,-10.29,12.09,0.08,26.44
81786,0.1312,-0.1909,0.8617,-8.34,12.43,0.24,26.43
81796,0.1315,-0.1866,0.8855,-7.04,11.08,0.31,26.42
81806,0.1259,-0.1846,0.8855,-6.55,9.98,0.26,26.44
81816,0.1278,-0.1833,0.8875,-6.67,8.0,0.02,26.43
81826,0.1285,-0.1833,0.8774,-6.26,6.32,-0.09,26.44
81836,0.14,-0.1855,0.8671,-5.24,5.77,-0.21,26.42
81846,0.1359,-0.1802,0.8708,-4.23,6.55,0.08,26.42
81856,0.1344,-0.1816,0.8876,-3.57,7.85,0.14,26.41
81866,0.1368,-0.1781,0.8959,-3.77,7.6,0.12,26.44
81876,0.1381,-0.1748,0.8975,-4.95,7.85,0.11,26.41
81886,0.1327,-0.1774,0.8914,-6.49,8.09,-0.08,26.43
81896,0.1378,-0.1826,0.8881,-7.51,7.63,-0.18,26.42
81906,0.1346,-0.1833,0.8802,-7.69,7.83,-0.26,26.42
81916,0.1428,-0.1848,0.8667,-7.11,8.92,-0.06,26.43
81926,0.1407,-0.1799,0.8629,-6.78,10.73,0.14,26.43
81936,0.1254,-0.1881,0.8794,-5.95,11.44,0.35,26.44
81947,0.1226,-0.1868,0.887,-4.87,9.28,0.17,26.42
81957,0.1371,-0.1754,0.8914,-5.3,8.92,0.08,26.46
81967,0.1406,-0.1759,0.886,-6.56,10.69,0.09,26.45
81977,0.1324,-0.1779,0.8788,-7.69,12.61,0.26,26.45
81987,0.1189,-0.1823,0.8768,-7.6,12.55,0.32,26.45
81997,0.1044,-0.192,0.9103,-6.24,7.83,-0.11,26.43
82007,0.1052,-0.1868,0.8992,-5.1,1.33,-0.72,26.44
82017,0.1427,-0.179,0.8905,-5.37,-1.31,-1.01,26.43
82027,0.1646,-0.171,0.8635,-6.79,2.55,-0.7,26.44
82037,0.1681,-0.1755,0.8528,-7.88,9.63,0.06,26.44
82047,0.1383,-0.1821,0.8569,-7.56,14.18,0.63,26.42
82057,0.1185,-0.1904,0.8982,-6.02,13.24,0.63,26.42
82067,0.1029,-0.183,0.9075,-5.18,8.37,0.05,26.42
82077,0.1233,-0.1781,0.9088,-5.71,4.81,-0.23,26.43
82087,0.1387,-0.178,0.8761,-6.82,4.58,-0.41,26.44
82097,0.1473,-0.1827,0.8726,-7.07,6.44,-0.17,26.41
82107,0.1362,-0.1823,0.8624,-6.23,8.21,0.14,26.43
82117,0.1255,-0.1847,0.8888,-5.33,7.48,0.15,26.44
82127,0.1244,-0.1819,0.8898,-4.73,5.62,-0.12,26.43
82137,0.1351,-0.175,0.8958,-5.25,4.58,-0.37,26.43
82147,0.14,-0.1747,0.8719,-6.08,5.63,-0.23,26.45
82157,0.1385,-0.1803,0.8708,-6.73,7.4,-0.06,26.42
82167,0.1322,-0.1821,0.8811,-6.5,7.66,0.05,26.44
82177,0.1307,-0.1808,0.8866,-6.2,6.93,-0.11,26.47
82187,0.1324,-0.1787,0.8861,-6.02,5.79,-0.23,26.44
82197,0.1372,-0.1813,0.8751,-5.92,5.79,-0.18,26.41
82207,0.1436,-0.1815,0.8694,-5.71,6.9,-0.06,26.43
82217,0.1355,-0.1793,0.8727,-4.87,7.57,0.2,26.44
82227,0.1396,-0.1782,0.9504,-6.09,6.38,0.34,26.44
82237,0.1129,-0.1715,0.8949,-7.21,4.7,-0.56,26.44
82247,0.1514,-0.1788,0.9324,-9.33,2.75,-0.92,26.42
82257,0.1511,-0.1716,0.8433,-10.31,7.39,-0.56,26.44
82267,0.1593,-0.1951,0.8533,-9.37,10.0,-0.02,26.46
82277,0.1266,-0.1895,0.8405,-5.76,12.0,0.5,26.43
82287,0.1304,-0.1927,0.8937,-3.45,8.66,0.41,26.43
82297,0.1201,-0.1779,0.8993,-3.25,6.75,0.05,26.45
82307,0.1429,-0.1688,0.9139,-5.83,5.08,-0.35,26.44
82317,0.14,-0.1718,0.8843,-8.44,6.87,-0.4,26.47
82327,0.146,-0.1857,0.8746,-9.76,8.7,-0.11,26.41
82337,0.1315,-0.1919,0.8551,-7.89,9.86,-0.03,26.44
82347,0.1324,-0.1895,0.8635,-5.19,8.75,0.09,26.44
82357,0.1344,-0.1818,0.8861,-3.77,7.95,0.11,26.44
82367,0.1382,-0.1747,0.899,-4.66,7.59,0.05,26.42
82377,0.1404,-0.1724,0.8962,-6.67,8.4,-0.03,26.46
82387,0.1503,-0.1765,0.8826,-8.11,10.34,-0.02,26.44
82397,0.1384,-0.1791,0.8634,-8.37,12.11,0.23,26.44
82407,0.1365,-0.1849,0.8762,-7.19,12.64,0.35,26.43
82417,0.136,-0.1895,0.8672,-5.57,12.17,0.37,26.45
82427,0.1338,-0.1857,0.8674,-4.05,12.17,0.58,26.44
82437,0.1035,-0.1893,0.8835,-2.76,10.53,0.84,26.43
82447,0.1095,-0.1852,0.9183,-1.28,3.56,0.03,26.43
82457,0.1333,-0.1659,0.916,-3.15,0.55,-0.56,26.44
82467,0.1733,-0.1582,0.8914,-7.44,4.7,-0.6,26.44
82477,0.1732,-0.1665,0.8553,-11.02,13.05,-0.02,26.42
82487,0.1417,-0.179,0.8617,-11.6,18.46,0.67,26.43
82497,0.0977,-0.196,0.884,-9.53,16.05,0.69,26.46
82507,0.0775,-0.1993,0.901,-6.4,5.53,-0.15,26.43
82517,0.121,-0.1873,0.9091,-4.43,-2.05,-1.11,26.43
82527,0.1642,-0.1664,0.8627,-6.11,-0.81,-1.01,26.45
82537,0.1893,-0.1696,0.8517,-8.44,8.41,-0.18,26.45
82547,0.1543,-0.1816,0.8486,-9.05,15.57,0.7,26.46
82557,0.1064,-0.1974,0.8964,-6.64,14.81,0.7,26.44
82567,0.0956,-0.1948,0.9075,-4.4,8.41,0.18,26.44
82577,0.1163,-0.1824,0.9148,-4.11,1.86,-0.6,26.44
82587,0.1469,-0.17,0.8773,-5.91,1.77,-0.73,26.46
82597,0.1659,-0.1692,0.8661,-8.26,6.87,-0.29,26.42
82607,0.1483,-0.177,0.858,-8.72,12.5,0.24,26.42
82617,0.1182,-0.1846,0.8719,-7.04,12.84,0.53,26.43
82627,0.1039,-0.1853,0.9017,-4.56,8.9,0.23,26.47
82637,0.1198,-0.1729,0.9149,-4.15,4.37,-0.17,26.44
82647,0.1311,-0.1649,0.8932,-5.91,3.54,-0.37,26.45
82657,0.1434,-0.1713,0.8782,-7.44,4.47,-0.37,26.42
82667,0.1381,-0.1808,0.8658,-7.39,6.6,-0.15,26.44
82677,0.1311,-0.1851,0.8689,-6.64,7.6,0.0,26.45
82687,0.1567,-0.1909,0.9391,-8.75,7.44,0.12,26.42
82697,0.1171,-0.1865,0.8733,-8.5,8.96,-0.47,26.44
82707,0.1459,-0.199,0.896,-8.99,6.0,-0.55,26.44
82717,0.1392,-0.1884,0.8516,-8.14,8.52,-0.26,26.45
82727,0.1426,-0.1969,0.8645,-7.04,8.29,-0.08,26.45
82737,0.1361,-0.1896,0.8783,-5.79,9.42,0.12,26.44
82747,0.1337,-0.1804,0.8928,-6.15,8.9,0.05,26.43
82757,0.1255,-0.1793,0.8973,-6.69,8.02,-0.08,26.44
82767,0.1224,-0.1781,0.8921,-6.58,5.05,-0.24,26.42
82777,0.1398,-0.1754,0.885,-5.85,3.54,-0.41,26.44
82787,0.1449,-0.1688,0.8816,-5.69,3.92,-0.38,26.44
82797,0.1547,-0.17,0.8789,-5.79,6.64,-0.2,26.44
82807,0.1472,-0.1698,0.8834,-6.14,8.81,0.05,26.42
82817,0.1356,-0.1763,0.8911,-6.58,10.27,0.17,26.44
82827,0.1334,-0.1797,0.8893,-7.15,9.6,0.06,26.46
82837,0.1311,-0.1873,0.8877,-7.42,8.99,-0.05,26.44
82847,0.142,-0.1852,0.8735,-7.71,9.57,0.03,26.43
82857,0.1394,-0.189,0.8685,-7.86,11.04,0.18,26.41
82867,0.1345,-0.191,0.8749,-7.24,11.66,0.31,26.43
82877,0.1274,-0.1882,0.8824,-6.46,11.13,0.26,26.44
82887,0.1256,-0.1874,0.8857,-5.88,9.48,0.11,26.45
82897,0.1262,-0.1846,0.8784,-5.5,8.44,-0.06,26.44
82907,0.1378,-0.1827,0.8799,-5.47,8.46,0.12,26.43
82917,0.1356,-0.1776,0.8706,-5.3,9.59,0.21,26.41
82927,0.1398,-0.1779,0.8793,-5.4,10.85,0.23,26.45
82937,0.134,-0.1815,0.884,-5.63,11.27,0.34,26.46
82947,0.0988,-0.1863,0.8834,-4.84,8.34,0.35,26.46
82957,0.1228,-0.184,0.9058,-3.8,3.85,-0.26,26.46
82967,0.1447,-0.1658,0.8717,-5.53,5.22,-0.31,26.44
82977,0.1514,-0.1738,0.8744,-7.31,8.76,-0.02,26.43
82987,0.1293,-0.182,0.8765,-8.17,10.99,0.23,26.46
82997,0.1011,-0.1835,0.8995,-7.92,7.62,-0.05,26.46
83007,0.1118,-0.1885,0.9082,-6.82,1.63,-0.85,26.47
83017,0.1466,-0.1821,0.8652,-6.55,0.17,-0.99,26.44
83027,0.1754,-0.1783,0.8395,-6.73,6.24,-0.23,26.44
83037,0.1588,-0.181,0.849,-6.67,13.21,0.58,26.46
83047,0.1283,-0.1877,0.8877,-5.89,15.19,0.81,26.46
83057,0.0968,-0.1852,0.907,-4.79,10.58,0.43,26.48
83067,0.1105,-0.1837,0.9238,-4.75,3.82,-0.43,26.44
83077,0.1368,-0.1715,0.8912,-6.4,2.0,-0.69,26.44
83087,0.1587,-0.173,0.8652,-8.44,5.18,-0.44,26.47
83097,0.1482,-0.1799,0.8364,-8.73,10.27,0.23,26.47
83107,0.1245,-0.1982,0.8704,-6.76,9.92,0.41,26.44
83117,0.1049,-0.1903,0.8848,-3.76,6.93,0.17,26.44
83127,0.1223,-0.182,0.8984,-2.89,3.04,-0.23,26.45
83137,0.1366,-0.1742,0.9012,-4.14,2.49,-0.29,26.43
83147,0.1467,-0.1741,0.8865,-6.29,4.41,-0.32,26.46
83157,0.1458,-0.1754,0.8788,-8.06,7.42,-0.11,26.44
83167,0.1456,-0.1816,0.8627,-8.2,8.93,0.02,26.44
83177,0.1333,-0.1815,0.8645,-6.84,10.08,0.24,26.46
83187,0.1418,-0.1804,0.8862,-6.03,10.18,0.17,26.45
83197,0.1279,-0.1774,0.8894,-6.4,10.37,0.26,26.45
83207,0.1265,-0.1801,0.9047,-6.99,8.98,0.05,26.48
83217,0.1273,-0.1816,0.8872,-7.45,7.6,-0.15,26.44
83227,0.1346,-0.1851,0.8751,-7.25,6.56,-0.27,26.44
83266,0.1376,-0.1771,0.8818,-7.68,8.32,-0.02,26.47
83276,0.1332,-0.1801,0.8866,-7.83,8.12,-0.09,26.45
83286,0.1326,-0.1813,0.8727,-7.3,7.34,-0.15,26.47
83296,0.1337,-0.1825,0.8772,-6.64,6.5,-0.15,26.45
83306,0.1383,-0.183,0.8783,-6.31,6.85,-0.23,26.46
83316,0.1342,-0.1782,0.8834,-6.58,7.82,-0.08,26.46
83326,0.1338,-0.1807,0.8884,-7.22,8.0,0.02,26.47
83336,0.1348,-0.1816,0.8903,-7.39,7.77,-0.17,26.45
83346,0.1367,-0.182,0.8737,-7.27,7.82,-0.12,26.44
83356,0.1416,-0.1865,0.8723,-6.43,8.55,0.02,26.47
83366,0.1453,-0.1797,0.8765,-6.05,9.6,0.11,26.44
83376,0.1406,-0.1816,0.8745,-6.14,11.5,0.27,26.44
83386,0.1277,-0.1831,0.8853,-6.5,12.31,0.4,26.44
83396,0.1234,-0.1865,0.8896,-6.29,11.74,0.32,26.44
83406,0.1215,-0.1862,0.8911,-6.06,10.32,0.29,26.47
83416,0.1136,-0.193,0.8846,-4.72,6.35,-0.18,26.44
83426,0.129,-0.1814,0.8949,-4.29,3.95,-0.31,26.44
83436,0.1506,-0.168,0.8862,-6.15,6.23,-0.35,26.44
83446,0.1489,-0.1718,0.8719,-8.32,10.29,0.02,26.46
83456,0.1353,-0.1837,0.879,-8.79,12.0,0.2,26.47
83466,0.1219,-0.1854,0.873,-7.62,10.75,0.14,26.43
83477,0.1125,-0.1901,0.8962,-5.77,6.27,-0.23,26.44
83487,0.1238,-0.1853,0.903,-5.05,2.26,-0.61,26.45
83497,0.1476,-0.1744,0.8821,-6.27,2.52,-0.66,26.46
83507,0.1591,-0.1774,0.8669,-7.95,7.34,-0.23,26.47
83517,0.1473,-0.1857,0.8544,-8.15,11.71,0.29,26.44
83527,0.1212,-0.1926,0.8727,-6.53,11.94,0.43,26.45
83537,0.1133,-0.1887,0.8877,-4.73,9.01,0.21,26.46
83547,0.1199,-0.1841,0.903,-4.72,5.44,-0.18,26.45
83557,0.135,-0.1771,0.8945,-6.06,4.99,-0.34,26.45
83567,0.147,-0.1753,0.8737,-7.71,6.96,-0.18,26.47
83577,0.1379,-0.1829,0.8717,-8.02,9.91,0.08,26.45
83587,0.1255,-0.1879,0.8666,-6.81,10.06,0.2,26.45
83597,0.1185,-0.186,0.8817,-5.3,8.02,0.09,26.45
83607,0.1298,-0.1863,0.8943,-4.64,4.43,-0.21,26.44
83617,0.1385,-0.1746,0.8824,-4.84,5.24,-0.18,26.46
83627,0.141,-0.1707,0.8981,-7.1,5.5,-0.17,26.45
83637,0.1328,-0.1827,0.8958,-8.32,7.16,-0.15,26.45
83647,0.1193,-0.1866,0.8899,-8.53,3.6,-0.52,26.48
83657,0.1387,-0.1888,0.8835,-7.01,3.31,-0.64,26.47
83667,0.142,-0.1848,0.8535,-6.27,3.68,-0.46,26.46
83677,0.1583,-0.1844,0.8734,-5.44,7.3,-0.02,26.45
83687,0.1418,-0.1785,0.8734,-5.5,9.51,0.41,26.46
83697,0.1221,-0.1846,0.8956,-5.88,9.54,0.31,26.46
83707,0.1162,-0.1884,0.9049,-5.88,5.88,-0.09,26.46
83717,0.1239,-0.1791,0.8876,-5.77,2.76,-0.46,26.46
83727,0.1505,-0.1807,0.8862,-6.35,2.14,-0.7,26.46
83737,0.1666,-0.1681,0.8516,-7.71,7.24,-0.27,26.45
83747,0.1572,-0.1781,0.86,-8.34,12.64,0.37,26.49
83757,0.1293,-0.1855,0.8781,-7.54,14.24,0.6,26.45
83767,0.1176,-0.1852,0.9014,-6.79,11.33,0.24,26.46
83777,0.1204,-0.1819,0.9028,-6.7,7.6,-0.08,26.48
83787,0.1349,-0.1848,0.8851,-7.3,5.68,-0.35,26.46
83797,0.1418,-0.1809,0.8671,-7.5,5.83,-0.2,26.47
83807,0.1471,-0.1886,0.8629,-6.4,6.7,-0.18,26.45
83817,0.1385,-0.1846,0.8629,-4.87,7.39,0.06,26.47
83827,0.139,-0.1852,0.8816,-3.79,7.07,0.0,26.45
83837,0.1411,-0.1774,0.8992,-3.98,7.39,0.03,26.47
83847,0.1416,-0.1752,0.8934,-5.16,8.32,0.08,26.48
83857,0.1442,-0.1713,0.8885,-6.46,9.48,0.14,26.46
83867,0.1462,-0.1833,0.8868,-7.02,10.58,0.08,26.46
83877,0.1307,-0.1835,0.8766,-6.81,10.7,0.17,26.46
83887,0.1251,-0.1912,0.8782,-5.63,9.25,0.11,26.45
83897,0.1322,-0.1863,0.8732,-4.92,7.97,-0.03,26.47
83907,0.1364,-0.1849,0.8832,-5.07,7.3,-0.11,26.48
83917,0.1434,-0.1793,0.8835,-6.2,8.18,-0.05,26.46
83927,0.1407,-0.1793,0.8875,-7.45,9.5,-0.02,26.47
83937,0.1327,-0.1855,0.8777,-7.47,9.83,0.05,26.45
83947,0.1342,-0.1813,0.8762,-6.09,9.24,-0.02,26.46
83957,0.1383,-0.1752,0.8705,-4.84,9.37,0.17,26.47
83967,0.1351,-0.186,0.8733,-4.52,10.02,0.34,26.47
83977,0.1367,-0.1741,0.8943,-5.28,11.24,0.46,26.47
83987,0.1327,-0.1636,0.9052,-7.45,12.05,0.24,26.48
83997,0.1205,-0.1794,0.8934,-9.25,11.07,0.09,26.47
84007,0.1189,-0.1813,0.8702,-9.07,8.52,-0.14,26.47
84017,0.126,-0.1876,0.8658,-7.27,6.58,-0.24,26.48
84027,0.132,-0.187,0.8727,-5.4,6.31,-0.2,26.49
84037,0.1339,-0.1855,0.8921,-4.7,6.72,0.03,26.45
84047,0.1338,-0.1816,0.8997,-5.42,7.8,0.09,26.48
84057,0.1224,-0.1816,0.8973,-6.61,7.69,-0.09,26.47
84067,0.1234,-0.1851,0.8815,-6.7,6.14,-0.17,26.46
84077,0.1327,-0.1831,0.8628,-5.6,4.53,-0.23,26.47
84087,0.14,-0.1833,0.8645,-4.09,4.41,-0.12,26.47
84097,0.1472,-0.1792,0.8693,-3.39,5.5,0.03,26.46
84107,0.1866,-0.1619,0.9629,-8.15,9.97,-0.4,26.47
84117,0.1022,-0.1772,0.8958,-10.09,12.03,-0.18,26.48
84127,0.1136,-0.1925,0.9299,-9.47,5.62,-0.5,26.48
84137,0.1327,-0.1804,0.8687,-8.08,4.09,-0.75,26.45
84147,0.1592,-0.1854,0.8496,-6.93,5.82,-0.43,26.47
84157,0.1504,-0.1837,0.8439,-5.57,10.52,0.37,26.45
84167,0.1324,-0.1783,0.8922,-5.56,12.56,0.58,26.48
84177,0.1035,-0.1812,0.9069,-6.14,10.53,0.29,26.47
84187,0.1058,-0.184,0.917,-6.56,5.1,-0.43,26.47
84197,0.1292,-0.1771,0.8844,-6.69,1.73,-0.81,26.47
84207,0.1512,-0.1763,0.8619,-6.87,3.11,-0.6,26.48
84217,0.1539,-0.1803,0.8556,-6.47,6.92,-0.11,26.47
84227,0.1394,-0.1807,0.874,-5.89,9.4,0.21,26.48
84237,0.125,-0.1829,0.8923,-5.57,8.99,0.21,26.47
84247,0.1365,-0.1793,0.9093,-6.14,8.11,-0.06,26.47
84257,0.147,-0.1714,0.8766,-7.45,9.54,-0.09,26.49
84267,0.1489,-0.1787,0.8629,-8.26,12.08,0.21,26.47
84277,0.1381,-0.1874,0.8711,-7.3,13.62,0.53,26.44
84287,0.1326,-0.1888,0.8721,-5.15,13.54,0.69,26.49
84297,0.1309,-0.1879,0.8866,-3.89,13.42,0.7,26.49
84307,0.0847,-0.1968,0.8889,-2.23,8.53,0.47,26.48
84317,0.1163,-0.1827,0.9229,-0.95,1.94,-0.37,26.46
84327,0.1532,-0.1605,0.8942,-4.26,2.6,-0.64,26.49
84337,0.1699,-0.1622,0.88,-8.26,8.47,-0.26,26.49
84347,0.1464,-0.173,0.8567,-10.0,14.35,0.38,26.47
84357,0.1206,-0.1835,0.8716,-9.25,14.61,0.5,26.47
84367,0.0992,-0.1826,0.8944,-7.33,10.52,0.2,26.48
84377,0.0985,-0.1824,0.9182,-7.31,4.08,-0.52,26.47
84387,0.1271,-0.1747,0.9095,-8.7,-0.23,-1.07,26.48
84397,0.1527,-0.1786,0.8641,-10.31,1.6,-1.05,26.43
84407,0.1598,-0.1897,0.8341,-10.29,6.29,-0.55,26.45
84417,0.1415,-0.1938,0.8324,-6.93,10.76,0.26,26.45
84427,0.1249,-0.1985,0.8766,-3.51,10.38,0.47,26.48
84437,0.1157,-0.1824,0.911,-2.61,8.21,0.34,26.48
84447,0.1202,-0.174,0.9216,-4.67,5.48,-0.2,26.47
84457,0.132,-0.1759,0.9023,-7.47,5.21,-0.44,26.48
84467,0.1434,-0.1777,0.8657,-9.04,6.47,-0.38,26.47
84477,0.1473,-0.1832,0.8529,-8.21,8.9,-0.03,26.5
84487,0.1283,-0.1863,0.8544,-6.38,9.19,0.23,26.47
84497,0.125,-0.1873,0.8842,-4.35,8.44,0.18,26.48
84507,0.101,-0.1852,0.8755,-4.61,3.97,0.05,26.51
84517,0.1357,-0.1545,0.8973,-4.63,3.92,-0.52,26.47
84527,0.1498,-0.1766,0.9069,-8.4,7.47,0.26,26.48
84537,0.1251,-0.1859,0.855,-8.7,6.47,0.08,26.49
84547,0.1344,-0.1931,0.8885,-6.31,5.25,-0.12,26.46
84557,0.1293,-0.1824,0.869,-5.4,3.92,-0.26,26.48
84567,0.1458,-0.1776,0.8787,-5.18,4.89,-0.27,26.45
84577,0.1461,-0.1775,0.8838,-6.14,6.75,-0.12,26.47
84587,0.1543,-0.1769,0.8872,-7.59,8.56,0.05,26.47
84597,0.1366,-0.1887,0.8772,-7.66,8.75,-0.02,26.45
84607,0.1324,-0.1874,0.8689,-6.56,6.81,-0.12,26.45
84617,0.135,-0.1815,0.8644,-5.34,5.82,-0.31,26.46
84627,0.1495,-0.1758,0.8663,-5.56,6.31,-0.14,26.49
84637,0.1448,-0.1765,0.8657,-6.46,7.89,0.11,26.48
84647,0.1442,-0.1731,0.8596,-6.89,8.43,0.12,26.49
84657,0.1431,-0.1776,0.8668,-6.98,9.11,0.11,26.46
84667,0.1359,-0.1813,0.8702,-6.38,10.03,0.29,26.48
84677,0.1387,-0.1781,0.8768,-5.85,10.53,0.37,26.49
84687,0.1351,-0.183,0.8989,-5.74,11.37,0.37,26.48
84697,0.1384,-0.1812,0.8907,-6.31,11.92,0.29,26.48
84707,0.1328,-0.1829,0.8861,-6.53,11.89,0.27,26.5
84717,0.1204,-0.1859,0.8734,-5.95,10.73,0.24,26.47
84727,0.1041,-0.182,0.8706,-4.61,8.08,0.29,26.49
84737,0.1207,-0.1841,0.9059,-2.75,3.4,-0.27,26.46
84747,0.1467,-0.1729,0.886,-3.8,3.6,-0.53,26.49
84757,0.1588,-0.165,0.886,-6.99,8.6,-0.03,26.49
84767,0.1477,-0.1748,0.874,-8.9,13.86,0.35,26.48
84777,0.1289,-0.1781,0.8694,-9.57,15.54,0.53,26.49
84787,0.111,-0.1821,0.8866,-9.04,11.91,0.2,26.49
84797,0.1073,-0.1902,0.8999,-7.48,5.02,-0.37,26.48
84807,0.1234,-0.1823,0.8844,-6.87,1.02,-0.81,26.48
84817,0.1449,-0.1729,0.8724,-7.04,2.75,-0.64,26.48
84827,0.162,-0.1719,0.8528,-7.36,8.24,0.03,26.46
84837,0.1383,-0.1848,0.8663,-6.95,11.89,0.41,26.46
84847,0.123,-0.187,0.8904,-5.8,11.07,0.49,26.48
84857,0.1111,-0.1881,0.9108,-5.73,6.96,-0.08,26.48
84867,0.1262,-0.1865,0.9008,-6.58,3.86,-0.49,26.48
84877,0.1425,-0.1794,0.8624,-7.79,3.86,-0.63,26.45
84887,0.1521,-0.182,0.8533,-8.37,6.79,-0.34,26.49
84897,0.1426,-0.1864,0.8459,-7.3,10.23,0.14,26.48
84908,0.1217,-0.1902,0.8591,-5.08,9.27,0.38,26.47
84918,0.1279,-0.1914,0.897,-3.07,4.9,0.08,26.47
84928,0.1685,-0.17,0.9323,-4.92,6.9,-0.08,26.5
84938,0.1348,-0.1757,0.8835,-7.77,9.68,0.0,26.47
84948,0.1296,-0.189,0.9017,-8.38,8.56,-0.06,26.46
84958,0.1169,-0.1888,0.8872,-7.83,5.11,-0.34,26.48
84968,0.1259,-0.1886,0.8867,-6.96,1.42,-0.73,26.48
84978,0.1448,-0.1803,0.8622,-6.21,0.76,-0.75,26.5
84988,0.1547,-0.1761,0.8627,-6.14,3.62,-0.47,26.49
84998,0.1566,-0.1786,0.8615,-6.35,7.89,-0.08,26.49
85008,0.1436,-0.1816,0.8683,-5.95,10.79,0.21,26.51
85018,0.1155,-0.1799,0.889,-5.19,9.39,-0.06,26.5
85028,0.1105,-0.1819,0.8837,-4.15,5.98,-0.27,26.48
85038,0.1406,-0.1766,0.8785,-4.63,4.9,-0.24,26.48
85049,0.1454,-0.1709,0.8738,-6.26,6.23,-0.32,26.49
85059,0.1461,-0.1722,0.8777,-7.56,8.73,-0.14,26.51
85069,0.1427,-0.1855,0.8816,-8.29,10.17,0.06,26.49
85079,0.1289,-0.1877,0.8804,-7.45,10.11,0.14,26.49
85089,0.1393,-0.1835,0.8928,-6.55,8.67,0.0,26.48
85099,0.1406,-0.1803,0.8885,-6.32,9.07,-0.08,26.47
85109,0.1451,-0.1757,0.8806,-7.18,9.47,0.05,26.48
85120,0.1367,-0.1799,0.8817,-7.6,11.24,0.11,26.48
85130,0.1268,-0.1842,0.8833,-7.45,10.31,0.09,26.48
85140,0.1226,-0.1876,0.8763,-6.56,8.0,-0.09,26.48
85150,0.1343,-0.1875,0.8827,-5.98,6.12,-0.23,26.49
85160,0.1476,-0.1798,0.8801,-6.18,7.01,-0.15,26.5
85170,0.1509,-0.1785,0.8728,-6.58,9.47,0.09,26.48
85180,0.1394,-0.1815,0.8673,-6.81,11.63,0.26,26.49
85190,0.1312,-0.1812,0.8829,-6.72,11.88,0.24,26.49
85200,0.1196,-0.1847,0.8859,-6.47,11.02,0.26,26.47
85210,0.1132,-0.1837,0.8984,-5.73,7.71,-0.05,26.49
85220,0.1365,-0.1799,0.894,-5.74,6.15,-0.35,26.51
85230,0.1531,-0.167,0.8734,-7.13,8.12,-0.15,26.52
85240,0.1525,-0.1759,0.8717,-8.95,13.16,0.5,26.48
85250,0.1301,-0.1823,0.8595,-7.86,14.81,0.78,26.49
85260,0.1149,-0.1855,0.8894,-6.11,12.72,0.41,26.46
85270,0.1018,-0.1797,0.8943,-5.66,8.73,0.02,26.5
85280,0.1128,-0.1775,0.9255,-6.79,3.76,-0.58,26.5
85290,0.1273,-0.1771,0.9188,-8.98,1.45,-0.89,26.5
85300,0.1439,-0.1788,0.8781,-11.13,3.44,-0.84,26.5
85310,0.1587,-0.1835,0.8303,-10.69,7.6,-0.46,26.47
85320,0.1486,-0.1952,0.8345,-8.0,10.21,0.12,26.49
85330,0.1263,-0.1903,0.8593,-5.07,11.25,0.41,26.49
85340,0.1176,-0.1879,0.9113,-4.31,9.16,0.21,26.49
85350,0.113,-0.1781,0.9056,-5.54,6.4,-0.17,26.48
85360,0.1333,-0.1827,0.8975,-7.53,4.95,-0.5,26.49
85370,0.1449,-0.1816,0.8619,-8.24,6.08,-0.4,26.5
85380,0.1351,-0.1873,0.8412,-7.86,7.68,0.05,26.48
85390,0.1346,-0.2024,0.8677,-4.99,6.24,0.11,26.5
85400,0.1343,-0.1882,0.853,-1.94,6.81,0.34,26.52
85410,0.1348,-0.1873,0.8917,-0.85,6.85,0.38,26.49
85420,0.1293,-0.1748,0.9139,-2.58,6.93,0.24,26.49
85430,0.1273,-0.1683,0.9102,-5.11,6.14,-0.03,26.52
85440,0.1354,-0.1765,0.8954,-6.81,5.83,-0.31,26.5
85450,0.1338,-0.1794,0.8684,-7.13,5.51,-0.31,26.48
85460,0.137,-0.1835,0.8682,-5.98,5.77,-0.24,26.5
85470,0.1299,-0.1801,0.8807,-5.28,5.95,-0.14,26.49
85480,0.132,-0.1744,0.8962,-5.71,5.62,-0.18,26.51
85490,0.1302,-0.174,0.8923,-6.73,5.79,-0.43,26.5
85500,0.132,-0.1819,0.874,-7.24,5.36,-0.37,26.48
85510,0.14,-0.1832,0.8602,-6.18,5.97,-0.15,26.51
85520,0.1459,-0.1813,0.8655,-5.21,7.18,0.03,26.5
85530,0.1405,-0.1824,0.8805,-5.15,8.67,0.12,26.47
85540,0.1311,-0.1775,0.9019,-5.97,8.24,0.17,26.49
85550,0.1322,-0.1779,0.8988,-6.98,7.34,-0.15,26.49
85560,0.1368,-0.1753,0.8807,-7.51,7.73,-0.17,26.49
85570,0.1454,-0.1783,0.8566,-7.21,9.08,-0.03,26.5
85580,0.1443,-0.1809,0.8619,-6.4,11.31,0.35,26.51
85590,0.1342,-0.1765,0.8845,-6.24,12.73,0.46,26.5
85600,0.1271,-0.1815,0.8994,-6.55,11.86,0.37,26.49
85610,0.1267,-0.1838,0.8883,-6.66,10.21,0.31,26.49
85620,0.132,-0.188,0.8807,-5.82,8.46,0.2,26.51
85630,0.1393,-0.1848,0.8741,-4.66,8.5,0.23,26.51
85640,0.132,-0.1787,0.8754,-3.88,9.27,0.31,26.49
85650,0.1252,-0.1819,0.8987,-3.71,8.85,0.4,26.49
85660,0.1212,-0.179,0.9071,-3.71,5.82,0.0,26.49
85670,0.1327,-0.174,0.9037,-4.85,4.67,-0.37,26.49
85680,0.1548,-0.1682,0.8857,-6.72,6.93,-0.4,26.5
85690,0.1616,-0.17,0.865,-8.67,12.08,-0.02,26.52
85700,0.1399,-0.1741,0.8711,-10.02,15.8,0.47,26.5
85710,0.1091,-0.1874,0.9016,-10.15,14.03,0.58,26.5
85721,0.0883,-0.1912,0.9054,-8.31,5.33,-0.34,26.49
85731,0.114,-0.1869,0.9135,-7.53,-0.75,-1.04,26.49
85741,0.1595,-0.1742,0.8602,-8.0,0.4,-0.98,26.51
85751,0.1711,-0.1801,0.8411,-8.27,6.47,-0.29,26.49
85761,0.1516,-0.1847,0.8459,-7.16,13.18,0.43,26.52
85771,0.1178,-0.1932,0.8909,-5.39,13.62,0.75,26.5
85781,0.1025,-0.1873,0.9148,-4.29,8.67,0.14,26.5
85791,0.1172,-0.1804,0.9154,-5.1,3.04,-0.53,26.51
85801,0.1412,-0.1708,0.8854,-7.24,2.61,-0.73,26.51
85811,0.1597,-0.1737,0.86,-8.87,6.18,-0.46,26.51
85821,0.1462,-0.1777,0.8381,-8.55,10.67,0.11,26.52
85831,0.1244,-0.1978,0.8538,-5.79,10.03,0.43,26.5
85841,0.1168,-0.1865,0.8788,-2.31,7.66,0.32,26.5
85851,0.1243,-0.1791,0.9294,-2.26,3.08,-0.11,26.49
85861,0.131,-0.1671,0.9114,-4.9,2.58,-0.46,26.51
85871,0.1479,-0.1641,0.9047,-8.56,3.86,-0.52,26.51
85881,0.151,-0.1779,0.8622,-10.21,6.93,-0.41,26.49
85891,0.14,-0.186,0.8475,-9.05,8.26,-0.09,26.49
85901,0.1309,-0.1975,0.8549,-5.65,8.41,0.23,26.51
85911,0.1373,-0.1842,0.8652,-2.69,7.28,0.21,26.51
85921,0.1364,-0.1759,0.8862,-2.7,8.0,0.24,26.5
85931,0.1249,-0.1754,0.9023,-4.49,7.92,0.12,26.51
85941,0.1304,-0.177,0.9058,-6.84,7.11,-0.14,26.5
85951,0.1302,-0.1821,0.8905,-7.98,6.23,-0.41,26.5
85961,0.1351,-0.1859,0.873,-7.34,5.51,-0.37,26.51
85971,0.144,-0.1844,0.8488,-5.74,5.68,-0.23,26.51
85981,0.1555,-0.1802,0.869,-4.7,8.2,0.12,26.49
85991,0.142,-0.1779,0.8779,-5.24,10.21,0.43,26.49
86001,0.1218,-0.1827,0.9067,-6.09,8.98,0.26,26.5
86011,0.1262,-0.1768,0.8994,-6.76,6.15,-0.31,26.49
86021,0.1246,-0.1792,0.8909,-7.34,4.31,-0.56,26.5
86031,0.153,-0.1847,0.8599,-7.16,4.99,-0.41,26.49
86041,0.1552,-0.1758,0.8427,-6.85,8.21,-0.02,26.49
86051,0.1503,-0.177,0.8667,-6.66,11.47,0.43,26.49
86061,0.135,-0.1758,0.8812,-6.2,12.72,0.55,26.51
86071,0.1307,-0.1796,0.8939,-5.86,11.19,0.43,26.49
86081,0.1417,-0.1794,0.8706,-5.42,10.82,0.35,26.51
86091,0.1428,-0.184,0.8776,-5.19,11.63,0.46,26.51
86101,0.1311,-0.1842,0.8967,-4.81,12.37,0.5,26.5
86111,0.1067,-0.1853,0.9055,-5.48,9.68,0.23,26.51
86121,0.1176,-0.1857,0.9209,-5.44,5.31,-0.27,26.48
86131,0.1417,-0.1692,0.8785,-6.44,4.95,-0.49,26.51
86141,0.155,-0.1743,0.8695,-7.56,8.08,-0.34,26.5
86151,0.1489,-0.1761,0.8496,-7.28,12.2,0.15,26.5
86161,0.1331,-0.1802,0.8668,-6.41,13.86,0.47,26.49
86171,0.1105,-0.1808,0.8855,-5.25,12.72,0.4,26.51
86181,0.1099,-0.1729,0.9027,-5.42,8.9,0.03,26.52
86191,0.1206,-0.1665,0.8966,-6.75,5.71,-0.26,26.51
86201,0.1405,-0.1655,0.9004,-8.75,5.65,-0.37,26.49
86211,0.1387,-0.1792,0.8752,-9.88,7.4,-0.34,26.51
86221,0.1505,-0.1833,0.8354,-7.98,8.44,0.03,26.51
86231,0.1586,-0.1869,0.8506,-6.06,12.89,0.49,26.5
86241,0.1293,-0.1987,0.8665,-3.15,13.98,0.7,26.53
86251,0.126,-0.186,0.8867,0.0,11.86,0.85,26.51
86261,0.123,-0.1705,0.894,-0.64,11.18,0.6,26.49
86271,0.1019,-0.1754,0.9187,-2.96,9.19,0.27,26.52
86281,0.1062,-0.1785,0.9003,-4.05,5.95,-0.18,26.53
86291,0.1283,-0.1743,0.8984,-4.38,4.2,-0.53,26.5
86301,0.1342,-0.1641,0.8923,-5.88,5.74,-0.52,26.51
86311,0.123,-0.1731,0.8871,-7.33,5.94,-0.82,26.51
86321,0.1161,-0.1719,0.8768,-7.4,4.52,-1.1,26.52
86331,0.1436,-0.1796,0.8854,-7.22,2.53,-0.53,26.49
86341,0.1506,-0.17,0.8651,-6.7,6.23,-0.2,26.51
86351,0.1482,-0.1735,0.8817,-6.9,8.85,0.2,26.49
86361,0.1344,-0.1715,0.8751,-7.01,10.64,0.37,26.48
86371,0.1335,-0.1735,0.8975,-7.69,10.79,0.29,26.49
86381,0.1152,-0.1782,0.8904,-7.92,9.63,0.12,26.49
86391,0.1322,-0.1765,0.8876,-7.66,7.59,0.0,26.5
86401,0.1266,-0.179,0.8666,-6.47,8.03,0.09,26.51
86411,0.13,-0.1796,0.8751,-5.57,8.7,0.11,26.5
86421,0.125,-0.173,0.8834,-5.08,8.24,0.11,26.52
86431,0.1271,-0.177,0.8915,-5.76,8.06,-0.05,26.49
86441,0.1323,-0.1737,0.8857,-6.75,8.43,0.12,26.5
86451,0.1243,-0.1796,0.8851,-6.92,8.58,0.05,26.53
86461,0.1355,-0.1876,0.8582,-5.36,8.93,0.12,26.48
86471,0.1229,-0.177,0.8765,-4.0,8.98,0.26,26.53
86481,0.1323,-0.1699,0.9026,-4.14,8.6,0.11,26.51
86491,0.1281,-0.1702,0.8945,-5.54,8.29,0.02,26.49
86501,0.1235,-0.17,0.9026,-6.63,8.32,-0.06,26.5
86511,0.1339,-0.1735,0.8827,-7.15,8.41,-0.06,26.51
86521,0.1227,-0.181,0.8795,-6.72,9.77,0.18,26.51
86531,0.1309,-0.1764,0.8838,-6.44,10.35,0.27,26.53
86541,0.1229,-0.1763,0.8995,-7.15,9.05,0.09,26.49
86551,0.1304,-0.1771,0.8831,-7.89,7.36,-0.26,26.51
86561,0.1335,-0.1798,0.8705,-7.66,6.96,-0.38,26.53
86571,0.1196,-0.1785,0.8652,-6.32,6.38,-0.32,26.5
86581,0.1243,-0.1729,0.8835,-5.11,5.21,-0.38,26.52
86591,0.1215,-0.1802,0.8756,-4.66,4.92,-0.43,26.49
86601,0.1312,-0.178,0.8771,-4.24,5.08,-0.35,26.49
86611,0.1416,-0.1763,0.8671,-4.06,6.7,-0.14,26.51
86621,0.1383,-0.1649,0.8889,-4.96,9.28,0.15,26.49
86631,0.129,-0.1611,0.9066,-8.11,11.51,0.08,26.51
86641,0.1257,-0.1648,0.9032,-11.21,11.94,-0.2,26.54
86651,0.1178,-0.1766,0.8922,-12.6,10.63,-0.23,26.49
86661,0.1254,-0.1776,0.8732,-12.05,8.6,-0.4,26.52
86671,0.1345,-0.1886,0.8458,-9.34,7.5,-0.31,26.51
86681,0.1281,-0.1865,0.8531,-5.89,7.39,-0.11,26.52
86691,0.1339,-0.1772,0.8762,-3.92,6.92,0.11,26.51
86701,0.1353,-0.1583,0.9154,-5.6,7.16,-0.09,26.53
86711,0.134,-0.1724,0.8922,-8.67,8.09,-0.21,26.5
86721,0.1244,-0.1818,0.8724,-9.76,8.61,-0.2,26.5
86731,0.1284,-0.1897,0.8677,-9.33,8.67,-0.11,26.53
86741,0.1145,-0.1855,0.8896,-7.85,8.87,0.02,26.52
86751,0.1156,-0.183,0.8972,-6.23,8.58,0.09,26.5
86761,0.1248,-0.1768,0.8784,-4.99,7.13,0.14,26.49
86771,0.1414,-0.1735,0.8816,-4.2,7.08,0.24,26.5
86781,0.1151,-0.1642,0.8846,-3.88,7.51,0.26,26.5
86791,0.1238,-0.1676,0.9103,-4.23,6.78,0.09,26.52
86801,0.1251,-0.1671,0.9006,-5.31,7.02,-0.17,26.5
86811,0.1425,-0.178,0.8911,-6.9,6.21,-0.24,26.52
86821,0.1366,-0.1678,0.8668,-7.25,6.85,-0.23,26.51
86831,0.1439,-0.1731,0.8611,-6.46,6.6,-0.17,26.52
86841,0.125,-0.1896,0.8497,-4.78,7.79,0.06,26.52
86851,0.1417,-0.1874,0.8529,-3.21,5.92,0.11,26.52
86862,0.121,-0.1859,0.8843,-0.81,5.77,0.2,26.51
86872,0.1311,-0.1783,0.8901,-0.06,5.86,0.15,26.52
86882,0.1392,-0.162,0.882,-0.98,6.61,0.27,26.53
86892,0.1274,-0.1611,0.9043,-3.76,6.69,0.05,26.5
86902,0.1244,-0.1654,0.889,-5.57,6.15,-0.27,26.52
86912,0.1403,-0.163,0.8669,-6.35,6.81,-0.21,26.5
86922,0.1465,-0.1639,0.8783,-6.92,7.18,-0.18,26.51
86932,0.1371,-0.17,0.877,-7.94,7.71,-0.26,26.51
86942,0.1329,-0.1699,0.8865,-9.11,7.54,-0.32,26.51
86952,0.1318,-0.1766,0.8784,-9.24,7.77,-0.24,26.51
86962,0.1346,-0.1764,0.8732,-9.15,8.46,-0.06,26.51
86972,0.1294,-0.186,0.8691,-8.43,8.85,0.09,26.53
86982,0.1288,-0.1805,0.8657,-6.79,8.79,0.11,26.52
86992,0.1315,-0.174,0.8785,-6.02,9.11,0.11,26.51
87002,0.1328,-0.1758,0.8838,-6.05,9.08,0.11,26.51
87012,0.1285,-0.1744,0.8867,-6.06,8.73,0.03,26.51
87022,0.1283,-0.1761,0.8878,-6.52,8.27,-0.03,26.51
87032,0.1337,-0.1819,0.8628,-6.27,8.23,0.09,26.51
87042,0.1315,-0.1692,0.8701,-5.5,9.01,0.03,26.5
87052,0.1315,-0.1707,0.8966,-7.34,9.76,0.05,26.53
87062,0.1202,-0.1689,0.8778,-8.12,9.76,-0.12,26.52
87072,0.1368,-0.1727,0.8923,-9.18,9.82,-0.21,26.52
87082,0.1224,-0.1743,0.8859,-9.94,10.02,-0.18,26.52
87092,0.1262,-0.1785,0.8778,-9.65,9.13,-0.32,26.49
87102,0.1304,-0.1848,0.8604,-8.0,8.43,-0.18,26.52
87112,0.1301,-0.1838,0.8723,-6.18,8.24,-0.02,26.51
87122,0.1248,-0.1785,0.8867,-5.6,7.57,0.02,26.51
87132,0.1304,-0.1753,0.8989,-5.69,6.99,-0.15,26.51
87142,0.1301,-0.1677,0.9023,-7.8,7.69,-0.26,26.52
87152,0.1362,-0.1741,0.8988,-9.65,9.05,-0.23,26.51
87162,0.1208,-0.1792,0.8599,-9.85,9.4,-0.24,26.5
87172,0.1251,-0.1873,0.8718,-8.15,8.27,-0.12,26.52
87182,0.131,-0.175,0.8804,-6.96,8.29,-0.06,26.52
87192,0.1268,-0.1757,0.8838,-7.95,9.28,-0.14,26.52
87202,0.1215,-0.1819,0.8809,-7.76,9.21,-0.23,26.51
87212,0.1223,-0.1797,0.8834,-7.02,8.55,-0.55,26.52
87222,0.1193,-0.1833,0.8644,-6.12,8.14,-1.05,26.52
87232,0.1224,-0.1823,0.8605,-3.4,6.92,-1.62,26.53
87242,0.1265,-0.1853,0.8668,-0.95,6.43,-2.0,26.51
87252,0.1359,-0.1823,0.8867,0.18,6.47,-1.05,26.54
87262,0.1259,-0.1693,0.8947,-0.52,7.08,0.2,26.52
87272,0.1292,-0.1689,0.9093,-3.39,6.58,0.17,26.56
87282,0.1267,-0.1785,0.8724,-3.74,6.27,0.14,26.52
87292,0.1338,-0.182,0.8551,-2.81,6.81,0.27,26.53
87302,0.126,-0.1783,0.8707,-0.7,6.15,0.32,26.54
87312,0.1322,-0.1658,0.9037,0.34,5.48,0.35,26.52
87322,0.1255,-0.1514,0.9357,-3.31,6.14,-0.09,26.52
87332,0.1189,-0.155,0.934,-9.04,5.6,-0.72,26.53
87342,0.1284,-0.1687,0.8995,-12.2,5.5,-1.01,26.52
87353,0.132,-0.1782,0.86,-11.63,5.47,-0.87,26.51
87364,0.1389,-0.1844,0.8713,-9.3,5.19,-0.73,26.52
87374,0.1348,-0.1765,0.8717,-8.09,6.46,-1.25,26.52
87384,0.1307,-0.1719,0.8949,-8.53,7.6,-2.0,26.5
87394,0.118,-0.1697,0.9059,-10.32,7.66,-3.24,26.54
87404,0.1252,-0.1766,0.8887,-11.79,6.79,-4.35,26.51
87414,0.1322,-0.1824,0.8652,-10.95,6.0,-4.53,26.54
87424,0.1329,-0.1912,0.8483,-7.05,4.47,-4.06,26.5
87434,0.1464,-0.189,0.8479,-3.07,4.17,-3.62,26.5
87444,0.1582,-0.178,0.8527,-0.2,5.92,-2.35,26.52
87455,0.155,-0.1669,0.8864,0.06,9.05,-0.81,26.52
87465,0.1334,-0.161,0.9124,-2.26,10.95,-0.17,26.51
87475,0.1301,-0.157,0.9159,-5.88,11.4,-0.26,26.52
87485,0.1331,-0.167,0.908,-9.24,11.27,-0.5,26.52
87495,0.1279,-0.1761,0.8766,-10.35,10.5,-0.5,26.51
87505,0.1348,-0.1843,0.8516,-8.2,9.18,-0.05,26.53
87515,0.1406,-0.1812,0.8514,-4.76,9.21,0.34,26.52
87525,0.1346,-0.1749,0.8698,-2.78,10.7,0.5,26.5
87535,0.1267,-0.1688,0.9036,-3.42,11.02,0.5,26.52
87545,0.1312,-0.1616,0.9119,-6.26,10.61,0.41,26.52
87555,0.126,-0.1722,0.9073,-8.89,10.2,0.11,26.52
87565,0.1267,-0.1753,0.8767,-9.56,9.01,0.03,26.52
87575,0.1281,-0.1825,0.8634,-8.21,8.75,-0.11,26.53
87585,0.1461,-0.1678,0.8866,-6.05,8.37,0.2,26.54
87595,0.136,-0.1594,0.8798,-9.57,12.24,0.5,26.52
87605,0.1198,-0.1847,0.8818,-9.37,11.08,0.53,26.52
87615,0.1265,-0.1796,0.8689,-6.87,8.92,0.44,26.51
87625,0.1361,-0.1731,0.8718,-6.0,8.82,0.21,26.53
87635,0.1267,-0.1759,0.8757,-5.47,9.4,0.26,26.54
87645,0.1261,-0.1788,0.8857,-5.1,8.7,0.2,26.55
87655,0.1082,-0.1807,0.879,-3.89,7.36,0.09,26.53
87665,0.1115,-0.1807,0.8816,-2.05,4.47,-0.14,26.54
87675,0.1224,-0.1804,0.8844,-0.56,3.8,-0.2,26.53
87685,0.1389,-0.1774,0.8818,0.17,3.13,-0.17,26.52
87695,0.1423,-0.1603,0.9016,-1.3,4.75,-0.17,26.53
87705,0.1389,-0.1583,0.9075,-4.58,6.43,-0.26,26.54
87715,0.1339,-0.1615,0.9092,-7.48,7.65,-0.4,26.52
87725,0.132,-0.1655,0.8809,-9.08,8.11,-0.41,26.52
87735,0.1331,-0.1718,0.874,-8.73,8.72,-0.18,26.55
87745,0.1381,-0.1711,0.8882,-8.15,8.82,-0.12,26.53
87755,0.1263,-0.1693,0.8962,-8.37,8.76,-0.17,26.51
87765,0.1295,-0.1705,0.8982,-9.08,8.18,-0.43,26.5
87775,0.131,-0.1736,0.8595,-8.41,8.43,-0.29,26.5
87785,0.1283,-0.1683,0.8794,-7.42,8.02,-0.53,26.52
87795,0.1216,-0.1731,0.8792,-6.38,7.05,-1.71,26.51
87805,0.1332,-0.187,0.8744,-4.53,6.06,-1.37,26.54
87815,0.134,-0.1902,0.8693,-2.64,5.8,-0.32,26.52
87825,0.1437,-0.1565,0.882,-2.24,6.96,0.41,26.53
87835,0.1342,-0.1644,0.9293,-5.65,8.85,0.21,26.53
87845,0.1301,-0.157,0.9121,-9.27,10.66,0.21,26.55
87855,0.1288,-0.1674,0.8928,-11.73,11.47,0.12,26.54
87866,0.1212,-0.1819,0.8721,-11.47,10.66,0.34,26.51
87876,0.1185,-0.1833,0.879,-9.83,8.69,0.34,26.51
87886,0.1239,-0.1801,0.8715,-7.73,6.35,-0.14,26.53
87896,0.1255,-0.1713,0.8676,-6.6,5.33,-0.41,26.53
87906,0.129,-0.1742,0.8739,-5.97,5.1,-0.46,26.52
87916,0.1355,-0.1803,0.8658,-4.46,5.48,-0.24,26.51
87926,0.1382,-0.1718,0.858,-2.72,6.37,0.21,26.52
87936,0.1348,-0.1691,0.8809,-2.4,8.12,0.49,26.53
87947,0.1296,-0.1693,0.8883,-2.53,8.78,0.63,26.55
87957,0.1294,-0.1655,0.89,-3.27,8.64,0.5,26.53
87967,0.1299,-0.1652,0.9066,-4.47,8.67,0.35,26.52
87977,0.1256,-0.1652,0.899,-5.88,8.27,0.15,26.52
87987,0.1282,-0.1703,0.9022,-7.53,7.82,-0.17,26.55
87997,0.1155,-0.1733,0.8842,-7.91,6.53,-0.44,26.55
88007,0.137,-0.1736,0.8832,-7.31,4.9,-0.52,26.53
88017,0.1334,-0.1741,0.8777,-6.79,5.66,-0.34,26.52
88027,0.1262,-0.1699,0.8593,-5.44,6.34,-0.2,26.51
88037,0.1427,-0.1709,0.8872,-5.04,6.4,-0.11,26.53
88047,0.1437,-0.1703,0.8571,-4.43,7.66,0.23,26.54
88057,0.1321,-0.1724,0.8925,-3.94,6.61,0.2,26.53
88067,0.1343,-0.1639,0.8969,-4.66,8.34,0.11,26.55
88077,0.1356,-0.161,0.9071,-7.16,9.16,-0.06,26.52
88087,0.1342,-0.161,0.8917,-8.0,9.19,-0.02,26.52
88097,0.1313,-0.1666,0.8732,-7.37,8.4,0.02,26.5
88107,0.1525,-0.1624,0.864,-5.6,8.52,0.14,26.53
88117,0.13,-0.1842,0.8472,-4.44,8.9,0.38,26.54
88127,0.1317,-0.1732,0.8767,-4.08,8.72,0.32,26.54
88137,0.1207,-0.166,0.896,-5.37,6.92,-0.26,26.53
88147,0.1324,-0.156,0.9634,-9.91,5.5,-1.19,26.5
88157,0.1395,-0.1664,0.8873,-13.39,7.3,-1.04,26.52
88167,0.1323,-0.1831,0.8394,-12.12,8.76,-0.58,26.54
88177,0.139,-0.1874,0.8635,-8.61,8.82,-0.11,26.52
88187,0.1238,-0.1736,0.8802,-6.34,8.66,0.03,26.52
88197,0.1272,-0.1705,0.89,-6.46,8.95,0.05,26.54
88207,0.1312,-0.1735,0.8844,-6.46,8.93,0.03,26.53
88217,0.1331,-0.1731,0.8849,-6.81,8.73,0.0,26.53
88227,0.121,-0.179,0.8805,-6.61,8.17,-0.03,26.54
88246,0.1272,-0.1794,0.8672,-6.32,5.89,-0.15,26.51
88256,0.1256,-0.175,0.885,-5.97,5.85,-0.26,26.53
88266,0.1343,-0.1719,0.8696,-5.34,6.79,-0.08,26.56
88276,0.1324,-0.1743,0.8688,-4.35,8.14,0.23,26.53
88286,0.1248,-0.1724,0.8818,-3.04,8.38,0.4,26.55
88296,0.1273,-0.1672,0.8936,-2.96,7.33,0.29,26.54
88306,0.1271,-0.1608,0.8982,-4.12,7.22,0.02,26.52
88316,0.1299,-0.16,0.9005,-6.03,7.18,-0.05,26.53
88326,0.1322,-0.1661,0.8875,-7.34,7.8,-0.09,26.52
88336,0.1246,-0.1713,0.8798,-7.4,7.28,-0.17,26.55
88346,0.1323,-0.1735,0.8743,-6.05,6.78,-0.12,26.52
88356,0.1379,-0.1699,0.875,-5.08,7.07,0.06,26.53
88366,0.1345,-0.1713,0.8857,-5.18,7.83,0.15,26.52
88376,0.1223,-0.1543,0.8722,-5.79,7.44,-0.12,26.53
88386,0.1399,-0.1746,0.9301,-8.11,10.0,0.09,26.51
88396,0.1157,-0.1713,0.8761,-7.56,6.5,-0.24,26.54
88406,0.1376,-0.1708,0.8837,-6.93,7.4,-0.14,26.51
88416,0.124,-0.1731,0.8783,-6.12,6.27,-0.12,26.54
88426,0.1315,-0.1757,0.8873,-4.69,5.95,-0.05,26.55
88436,0.1371,-0.1682,0.8774,-4.63,5.83,-0.09,26.54
88446,0.1296,-0.1694,0.8907,-4.89,6.66,0.03,26.53
88456,0.1425,-0.1699,0.8822,-5.08,6.38,-0.11,26.52
88466,0.1409,-0.1747,0.8864,-5.36,7.07,-0.09,26.53
88476,0.1379,-0.1671,0.8824,-5.77,7.82,-0.05,26.54
88486,0.1272,-0.1681,0.8922,-6.12,8.41,0.08,26.53
88496,0.1345,-0.1649,0.8877,-6.37,8.26,-0.09,26.54
88506,0.123,-0.1672,0.8938,-6.89,8.37,-0.03,26.55
88516,0.1368,-0.166,0.8851,-7.04,8.76,0.0,26.55
88526,0.136,-0.1692,0.875,-7.05,8.26,-0.02,26.56
88536,0.1361,-0.1714,0.8864,-6.95,8.35,-0.11,26.53
88546,0.1436,-0.165,0.8806,-7.15,8.2,0.0,26.52
88556,0.1415,-0.175,0.8832,-7.01,8.64,0.05,26.52
88566,0.1309,-0.1737,0.8783,-6.38,8.44,0.03,26.52
88577,0.1366,-0.1667,0.8823,-6.92,9.71,0.17,26.54
88587,0.1237,-0.1741,0.877,-6.95,8.38,0.0,26.55
88597,0.1313,-0.1702,0.8779,-5.79,6.99,-0.12,26.53
88607,0.1339,-0.1652,0.8876,-5.88,7.21,-0.12,26.51
88617,0.1383,-0.1636,0.9025,-6.69,7.74,-0.09,26.54
88627,0.1389,-0.1627,0.8945,-8.73,9.24,-0.11,26.54
88637,0.1344,-0.1697,0.8971,-10.31,9.98,-0.2,26.53
88647,0.1323,-0.1735,0.8888,-10.43,9.88,-0.2,26.55
88657,0.1307,-0.1649,0.8871,-10.44,10.05,-0.2,26.55
88667,0.1293,-0.1659,0.8875,-11.25,10.09,-0.23,26.54
88677,0.1267,-0.1757,0.8909,-11.82,10.03,-0.29,26.52
88687,0.1294,-0.1765,0.8807,-11.66,9.85,-0.21,26.52
88697,0.1348,-0.1752,0.8719,-11.25,10.26,-0.11,26.56
88707,0.1281,-0.1783,0.8696,-10.73,10.26,0.09,26.55
88717,0.1316,-0.1816,0.8724,-9.74,9.95,0.52,26.53
88727,0.1298,-0.1807,0.8694,-8.46,8.73,1.39,26.53
88737,0.127,-0.1824,0.8654,-6.55,8.26,1.45,26.54
88747,0.1295,-0.1707,0.8782,-5.11,8.47,1.19,26.53
88757,0.1261,-0.1741,0.8862,-4.93,8.6,0.82,26.54
88767,0.1226,-0.1824,0.8806,-4.2,7.89,0.72,26.54
88777,0.1299,-0.1819,0.8696,-3.05,7.33,1.22,26.56
88787,0.1252,-0.1796,0.8667,-1.07,6.67,1.11,26.53
88797,0.1292,-0.1686,0.8823,-0.6,6.7,0.84,26.53
88807,0.1339,-0.1711,0.8882,-0.87,6.46,0.64,26.54
88817,0.1284,-0.1726,0.8849,-0.99,6.41,0.61,26.53
88827,0.1332,-0.172,0.8872,-1.13,5.86,0.7,26.56
88837,0.1348,-0.1659,0.9113,-2.41,5.34,0.35,26.54
88847,0.1327,-0.1605,0.897,-4.46,6.34,0.34,26.53
88857,0.1234,-0.1615,0.9091,-6.99,7.36,0.05,26.54
88867,0.1288,-0.1722,0.8937,-8.02,6.49,-0.35,26.55
88877,0.1311,-0.1671,0.8958,-7.36,5.5,-0.5,26.57
88887,0.1266,-0.17,0.8809,-7.13,5.4,-0.56,26.52
88897,0.1318,-0.172,0.8741,-5.97,4.41,-0.58,26.54
88907,0.1423,-0.1716,0.8752,-5.11,5.16,-0.4,26.54
88917,0.1366,-0.1675,0.8798,-5.89,7.24,-0.09,26.53
88927,0.1349,-0.1611,0.9026,-6.99,8.55,-0.03,26.53
88937,0.1276,-0.1664,0.8884,-8.12,8.47,-0.06,26.55
88947,0.1332,-0.172,0.8712,-6.61,7.59,-0.12,26.54
88957,0.1401,-0.1671,0.8767,-5.3,8.06,0.14,26.51
88967,0.1299,-0.1736,0.8895,-4.78,8.6,0.2,26.54
88977,0.1257,-0.1666,0.8948,-4.63,7.62,0.11,26.52
88987,0.1285,-0.1591,0.9061,-5.73,7.79,0.03,26.54
88997,0.1251,-0.157,0.9041,-7.08,7.6,-0.2,26.57
89007,0.13,-0.1632,0.8955,-7.16,7.66,-0.24,26.53
89017,0.1298,-0.1719,0.8816,-6.66,8.37,-0.12,26.55
89027,0.1343,-0.175,0.8838,-6.61,9.25,0.03,26.54
89037,0.1318,-0.177,0.8877,-6.52,8.84,0.02,26.54
89047,0.1383,-0.1809,0.8794,-6.89,8.27,0.03,26.55
89057,0.1332,-0.1796,0.8693,-7.21,8.24,0.02,26.54
89067,0.1345,-0.1838,0.8744,-7.5,7.57,-0.09,26.53
89077,0.1301,-0.1844,0.8762,-7.33,6.78,-0.14,26.54
89087,0.1318,-0.1827,0.868,-6.98,6.05,-0.17,26.55
89097,0.1399,-0.1754,0.8706,-6.95,6.21,-0.2,26.54
89107,0.1514,-0.1598,0.881,-7.31,8.6,0.08,26.53
89117,0.1224,-0.1686,0.908,-8.79,9.66,-0.02,26.57
89127,0.123,-0.1672,0.9132,-10.03,9.66,-0.2,26.54
89137,0.1274,-0.1764,0.8845,-11.51,10.63,-0.21,26.54
89147,0.1158,-0.1932,0.8441,-9.62,10.09,-0.11,26.56
89157,0.1044,-0.2072,0.8574,-2.78,4.7,0.03,26.51
89167,0.1272,-0.1682,0.8934,0.98,3.27,0.05,26.52
89177,0.1381,-0.161,0.9133,-1.18,5.56,0.02,26.54
89187,0.1317,-0.1643,0.9219,-5.18,6.58,-0.11,26.55
89197,0.1398,-0.1656,0.8981,-7.71,6.7,-0.32,26.55
89207,0.1378,-0.1713,0.8734,-8.41,7.77,-0.24,26.52
89217,0.1335,-0.1755,0.8641,-6.82,8.0,-0.06,26.55
89227,0.1361,-0.1683,0.8691,-5.47,7.79,0.14,26.55
89237,0.1393,-0.166,0.8923,-5.36,8.14,0.18,26.53
89247,0.1285,-0.1669,0.895,-5.94,8.05,0.03,26.54
89257,0.1317,-0.1672,0.8949,-6.37,7.3,-0.11,26.56
89267,0.1364,-0.1642,0.8878,-6.58,7.02,-0.14,26.55
89277,0.1351,-0.1694,0.8835,-6.99,7.19,-0.14,26.53
89287,0.1326,-0.1696,0.8723,-6.47,5.89,-0.17,26.54
89297,0.1459,-0.1718,0.8944,-5.97,5.83,-0.14,26.51
89307,0.1343,-0.1691,0.8783,-5.95,6.75,-0.09,26.55
89317,0.1405,-0.1669,0.8967,-6.31,6.79,-0.06,26.56
89327,0.1333,-0.1644,0.8876,-6.76,6.96,-0.17,26.55
89337,0.1411,-0.1672,0.8807,-6.98,7.6,-0.12,26.54
89347,0.1404,-0.1729,0.8807,-6.17,7.85,-0.05,26.53
89357,0.1354,-0.1696,0.8793,-4.96,7.54,0.03,26.54
89367,0.142,-0.1674,0.8877,-4.5,7.48,0.09,26.55
89377,0.1439,-0.1656,0.8912,-5.16,8.46,0.17,26.54
89387,0.134,-0.1682,0.8929,-5.98,8.84,0.06,26.54
89397,0.134,-0.1724,0.8843,-6.29,8.29,0.05,26.55
89407,0.1444,-0.155,0.8774,-6.17,8.0,0.05,26.56
89417,0.1329,-0.1632,0.9231,-8.95,10.64,0.12,26.56
89427,0.1254,-0.1586,0.9065,-10.21,9.73,-0.29,26.54
89437,0.1361,-0.1589,0.8875,-13.02,10.7,-0.31,26.54
89447,0.1309,-0.1738,0.8752,-12.87,11.86,0.03,26.52
89457,0.1122,-0.2012,0.8207,-9.21,9.85,0.21,26.56
89467,0.1263,-0.1965,0.8472,-1.6,7.34,0.53,26.56
89477,0.1144,-0.1748,0.8799,1.88,6.87,0.46,26.55
89487,0.1073,-0.1674,0.9504,2.29,4.5,0.0,26.53
89498,0.1395,-0.1437,0.9025,-3.39,4.96,-0.29,26.54
89508,0.1337,-0.1666,0.905,-7.25,8.84,-0.21,26.54
89518,0.1141,-0.1753,0.889,-7.86,7.47,-0.38,26.54
89528,0.1315,-0.1709,0.8612,-6.93,6.64,-0.34,26.53
89538,0.1295,-0.1715,0.8696,-5.91,8.12,-0.03,26.55
89548,0.1248,-0.17,0.887,-5.08,8.73,0.21,26.54
89558,0.1301,-0.1637,0.8977,-5.71,8.23,0.17,26.55
89568,0.1309,-0.1614,0.894,-7.04,8.34,-0.03,26.54
89578,0.1317,-0.162,0.8912,-7.97,7.82,-0.18,26.52
89588,0.1332,-0.1656,0.8843,-8.27,7.76,-0.29,26.54
89598,0.1316,-0.1713,0.8784,-8.09,8.23,-0.17,26.54
89608,0.1349,-0.1729,0.8701,-7.18,8.37,-0.11,26.54
89618,0.1296,-0.1692,0.8743,-5.91,8.5,0.05,26.56
89628,0.1243,-0.1676,0.8798,-5.37,8.55,0.15,26.53
89638,0.1259,-0.1635,0.894,-5.86,8.18,0.09,26.53
89648,0.127,-0.1667,0.8915,-6.38,7.62,-0.11,26.52
89658,0.13,-0.168,0.8859,-6.82,7.39,-0.18,26.56
89668,0.1372,-0.1625,0.885,-7.08,7.85,-0.15,26.56
89678,0.1364,-0.1664,0.9065,-8.7,9.66,-0.08,26.56
89688,0.131,-0.1749,0.8713,-6.9,7.53,0.0,26.56
89698,0.1636,-0.1384,0.9073,-9.91,13.62,0.43,26.54
89708,0.1201,-0.1696,0.9197,-14.15,14.98,0.34,26.54
89718,0.1088,-0.2073,0.8444,-12.29,9.74,1.22,26.54
89728,0.0599,-0.2014,0.8164,-2.92,0.26,0.38,26.54
89738,0.1718,-0.1625,0.8774,4.14,-1.77,-0.38,26.55
89748,0.1443,-0.1415,0.8766,0.27,5.89,0.23,26.53
89758,0.1196,-0.1577,0.9514,-3.69,7.6,0.02,26.54
89768,0.1182,-0.1588,0.9156,-6.85,5.62,-0.43,26.55
89778,0.1412,-0.1682,0.8839,-8.34,5.82,-0.52,26.55
89788,0.1445,-0.173,0.8535,-6.81,6.24,-0.35,26.56
89798,0.1459,-0.1692,0.8691,-5.63,7.59,0.05,26.54
89808,0.1311,-0.1682,0.8933,-5.59,8.43,0.14,26.55
89818,0.1241,-0.1697,0.895,-5.89,7.66,-0.03,26.56
89828,0.1313,-0.1729,0.8752,-5.3,6.24,-0.11,26.53
89838,0.1405,-0.1678,0.8687,-4.47,6.41,0.05,26.53
89848,0.1383,-0.1661,0.8882,-4.52,6.99,0.12,26.54
89858,0.1349,-0.1671,0.9041,-5.39,7.62,0.11,26.55
89868,0.1365,-0.1646,0.8965,-6.24,7.3,-0.14,26.56
89878,0.1411,-0.1647,0.882,-6.82,7.6,-0.12,26.54
89888,0.1362,-0.1678,0.8843,-6.81,8.31,-0.08,26.55
89898,0.1301,-0.1627,0.8978,-6.79,8.32,-0.02,26.52
89908,0.1334,-0.1614,0.9067,-7.57,8.03,-0.21,26.54
89918,0.1295,-0.1571,0.9036,-9.5,7.98,-0.31,26.55
89928,0.1396,-0.1456,0.8944,-11.97,7.11,-0.43,26.58
89938,0.1353,-0.153,0.9771,-18.44,8.08,-0.58,26.53
89948,0.1437,-0.1628,0.9012,-24.12,9.42,-0.37,26.56
89958,0.1454,-0.1891,0.8894,-28.05,8.15,3.21,26.55
89968,0.1492,-0.2018,0.8655,-26.93,8.56,6.12,26.56
89978,0.158,-0.1987,0.8113,-23.95,9.98,8.61,26.54
89988,0.1541,-0.1938,0.796,-16.67,12.85,7.91,26.52
89998,0.1412,-0.1815,0.8367,-11.3,18.35,5.19,26.57
90008,0.1113,-0.1853,0.8948,-9.07,17.91,3.21,26.55
90018,0.0988,-0.1926,0.9138,-8.34,14.06,1.89,26.56
90028,0.1154,-0.1831,0.917,-10.35,8.93,2.81,26.56
90038,0.1287,-0.1815,0.8993,-13.54,7.36,3.44,26.56
90048,0.1349,-0.1793,0.8708,-15.48,9.39,3.02,26.55
90058,0.137,-0.194,0.8539,-15.04,12.52,2.37,26.54
90068,0.1201,-0.2028,0.86,-13.28,13.33,2.5,26.55
90078,0.1235,-0.1952,0.8954,-11.79,12.64,2.43,26.56
90088,0.1276,-0.1865,0.905,-14.05,12.99,3.47,26.53
90098,0.1199,-0.1945,0.9062,-18.08,12.27,5.27,26.56
90108,0.1149,-0.199,0.8872,-20.21,11.95,6.26,26.57
90118,0.1169,-0.2006,0.86,-19.98,11.53,6.35,26.57
90128,0.1295,-0.1927,0.8768,-19.22,12.79,5.21,26.56
90138,0.1293,-0.2504,0.6472,-7.6,16.87,4.41,26.54
90148,0.1049,-0.2017,0.9833,-1.13,22.05,2.35,26.55
90158,0.0422,-0.2126,0.8475,-2.61,9.88,0.89,26.57
90168,0.0928,-0.1934,1.0161,-2.56,4.11,-0.35,26.57
90178,0.1287,-0.1874,0.839,-11.08,-0.02,-1.3,26.57
90188,0.155,-0.2163,0.822,-10.11,4.55,-0.35,26.55
90198,0.1492,-0.2161,0.7891,-5.3,10.72,0.46,26.54
90208,0.1252,-0.213,0.8722,-1.69,14.82,1.31,26.56
90218,0.0831,-0.2091,0.8907,-0.11,12.78,1.1,26.56
90228,0.0864,-0.2115,0.9281,0.95,5.44,0.41,26.58
90238,0.1069,-0.1942,0.9032,-0.09,1.15,-0.31,26.54
90248,0.1334,-0.1926,0.8695,-2.34,0.9,-0.24,26.54
90258,0.1257,-0.2001,0.8505,-2.58,4.92,0.09,26.54
90268,0.1115,-0.2069,0.8795,-0.93,5.6,0.24,26.55
90278,0.0996,-0.2148,0.8754,1.85,3.21,0.06,26.57
90288,0.099,-0.2111,0.8591,5.6,-1.19,-0.14,26.57
90299,0.1198,-0.1954,0.8663,9.11,-3.88,-0.17,26.54
90309,0.131,-0.1819,0.8724,9.36,-3.8,-0.44,26.58
90319,0.1267,-0.1709,0.9087,7.27,-2.0,-0.92,26.57
90329,0.132,-0.1693,0.8954,4.34,0.14,-1.51,26.57
90339,0.152,-0.1665,0.8873,1.88,3.76,-1.97,26.57
90349,0.1372,-0.1724,0.8964,-1.11,7.45,-1.85,26.57
90359,0.1224,-0.1744,0.9281,-4.73,8.32,-1.21,26.57
90369,0.1229,-0.1826,0.8949,-7.42,7.6,-0.52,26.56
90379,0.1414,-0.1882,0.847,-7.01,8.55,-0.11,26.59
90389,0.1218,-0.1934,0.8243,-4.34,9.77,-0.11,26.56
90399,0.1285,-0.1926,0.8536,1.16,8.46,-1.44,26.55
90409,0.1216,-0.1665,0.885,3.5,9.33,-1.94,26.55
90419,0.1171,-0.1732,0.9285,2.11,7.24,-2.18,26.56
90429,0.1143,-0.1648,0.9215,0.08,4.99,-2.84,26.55
90439,0.1328,-0.1659,0.9136,-2.7,4.27,-3.25,26.55
90449,0.1543,-0.1664,0.8848,-5.92,8.02,-1.53,26.56
90459,0.1357,-0.1666,0.8857,-8.6,12.24,0.14,26.54
90469,0.116,-0.1738,0.902,-9.89,13.07,0.31,26.55
90479,0.1083,-0.1775,0.9093,-10.53,9.69,-0.14,26.57
90489,0.1125,-0.1812,0.8896,-10.5,6.82,-0.67,26.55
90499,0.1293,-0.1824,0.8574,-8.89,5.34,-0.95,26.55
90509,0.1427,-0.1794,0.8502,-7.79,8.14,-0.17,26.53
90519,0.1304,-0.175,0.8866,-7.44,9.18,0.14,26.54
90529,0.1255,-0.1747,0.8929,-7.69,10.0,0.12,26.56
90539,0.1226,-0.1754,0.8993,-8.55,8.96,-0.05,26.56
90549,0.1248,-0.1753,0.8834,-9.51,8.27,-0.26,26.57
90559,0.1298,-0.1798,0.8761,-9.69,7.86,-0.35,26.54
90569,0.1257,-0.1865,0.8729,-8.14,7.77,-0.32,26.55
90579,0.1298,-0.1824,0.8831,-6.49,7.39,-0.05,26.55
90589,0.1438,-0.1763,0.8634,-6.53,8.76,0.14,26.55
90599,0.1201,-0.182,0.8756,-6.14,10.55,0.32,26.54
90609,0.1151,-0.1831,0.892,-4.96,8.85,0.34,26.56
90619,0.1178,-0.189,0.8817,-3.48,6.14,0.05,26.53
90629,0.1265,-0.1761,0.8923,-2.73,5.27,-0.21,26.56
90639,0.1366,-0.1709,0.8949,-5.33,6.24,-0.37,26.55
90649,0.1351,-0.1782,0.8684,-6.31,7.45,-0.38,26.56
90659,0.1309,-0.179,0.8536,-4.93,8.58,-0.96,26.57
90669,0.1199,-0.1804,0.8777,-2.49,8.14,-2.0,26.56
90679,0.1248,-0.1802,0.895,-1.39,7.33,-2.38,26.56
90689,0.134,-0.1735,0.9025,-2.9,7.02,-0.98,26.57
90699,0.1248,-0.1661,0.9017,-5.48,7.91,-0.24,26.57
90709,0.1183,-0.17,0.922,-7.56,7.68,-0.14,26.57
90719,0.1165,-0.1746,0.9039,-9.27,6.87,-0.64,26.57
90729,0.1108,-0.184,0.8855,-9.15,4.03,-1.16,26.56
90739,0.1056,-0.1921,0.8413,-5.88,-0.09,-1.79,26.55
90749,0.1051,-0.1771,0.8789,-1.54,-4.4,-2.81,26.57
90759,0.1929,-0.1711,0.8611,-0.98,0.5,-1.19,26.55
90769,0.1625,-0.1492,0.8961,-5.13,9.19,0.2,26.57
90779,0.0819,-0.1534,0.9916,-10.92,10.87,-0.17,26.57
90789,0.1108,-0.1724,1.0135,-17.82,5.48,-0.9,26.59
90799,0.1329,-0.1801,0.8002,-18.76,-1.22,-1.76,26.57
90809,0.192,-0.1903,0.8671,-16.6,3.63,-1.15,26.57
90819,0.177,-0.1936,0.7731,-12.95,12.67,0.21,26.56
90829,0.1548,-0.2083,0.7936,-6.76,17.48,1.11,26.57
90839,0.1158,-0.2015,0.8645,0.0,17.66,1.54,26.57
90849,0.0946,-0.1761,0.9348,1.34,12.09,0.96,26.57
90859,0.1063,-0.1592,0.9565,-2.6,6.93,0.34,26.57
90869,0.1366,-0.1589,0.924,-8.21,5.15,0.0,26.6
90879,0.1732,-0.151,0.8837,-12.21,7.31,2.4,26.61
90889,0.1675,-0.1659,0.8765,-13.76,10.53,6.73,26.57
90899,0.1426,-0.1722,0.8789,-15.08,14.0,8.78,26.57
90909,0.1188,-0.1783,0.9142,-17.42,15.56,8.0,26.58
90919,0.1014,-0.1847,0.9065,-19.53,13.98,6.56,26.57
90929,0.1034,-0.1923,0.8849,-20.41,11.04,4.96,26.57
90939,0.1234,-0.2081,0.8508,-18.34,10.11,3.82,26.56
90949,0.1345,-0.2114,0.8109,-13.97,11.82,3.08,26.56
90959,0.1304,-0.2057,0.8323,-9.01,13.59,3.47,26.6
90969,0.1069,-0.2053,0.8798,-5.65,13.37,3.42,26.57
90979,0.097,-0.1963,0.9199,-4.87,8.85,3.02,26.58
90989,0.1476,-0.2294,0.9159,3.19,-6.29,5.59,26.6
90999,0.1056,-0.179,0.8143,2.12,1.95,2.38,26.58
91009,0.1478,-0.2036,0.8604,-0.92,4.84,0.46,26.59
91019,0.1262,-0.1715,0.8948,-1.3,9.95,-0.29,26.58
91029,0.1151,-0.1807,0.9146,-5.05,6.89,-1.42,26.6
91039,0.1298,-0.157,1.0106,-7.4,8.87,-1.83,26.6
91049,0.1173,-0.163,0.9263,-15.71,9.57,-0.95,26.58
91059,0.1306,-0.2007,0.8768,-18.24,9.62,-0.35,26.54
91069,0.1028,-0.2537,0.6033,-11.07,2.78,1.47,26.57
91079,0.1305,-0.2538,0.7518,0.7,4.72,0.46,26.58
91089,0.1399,-0.2008,0.8142,6.17,5.92,0.38,26.57
91099,0.13,-0.1729,0.922,5.48,10.27,-0.06,26.56
91109,0.0951,-0.1555,0.9589,-1.53,6.92,-2.06,26.59
91119,0.1042,-0.1747,0.9661,-8.44,3.27,-3.1,26.57
91130,0.14,-0.1848,0.8843,-13.48,1.1,-2.21,26.57
91140,0.1761,-0.1907,0.8286,-13.62,6.87,-1.25,26.57
91150,0.1464,-0.1888,0.812,-11.68,14.32,-0.37,26.59
91160,0.1085,-0.2009,0.8582,-8.5,14.78,-1.63,26.58
91170,0.1017,-0.21,0.8851,-3.31,9.62,-2.47,26.6
91180,0.0925,-0.1954,0.8931,-1.08,1.37,-3.3,26.57
91190,0.1436,-0.181,0.9098,-2.09,-3.27,-2.4,26.58
91200,0.1782,-0.1722,0.8508,-5.65,4.24,-0.46,26.57
91210,0.1724,-0.1921,0.8158,-5.91,11.45,0.72,26.58
91220,0.1349,-0.1956,0.905,-4.21,16.67,1.07,26.6
91230,0.1038,-0.1859,0.9412,-5.91,12.29,0.7,26.58
91240,0.1039,-0.1863,0.9254,-8.29,6.73,-0.21,26.59
91250,0.1261,-0.1859,0.8842,-9.51,1.97,-0.78,26.58
91260,0.1526,-0.1864,0.8427,-8.56,5.01,-0.47,26.57
91270,0.1244,-0.1847,0.8585,-7.48,8.67,-0.24,26.58
91280,0.0983,-0.2048,0.8859,-5.91,5.88,-0.34,26.58
91290,0.1245,-0.1935,0.8572,-3.37,1.76,-0.37,26.59
91300,0.1603,-0.1816,0.8696,-2.85,4.98,-0.05,26.59
91310,0.1536,-0.175,0.8838,-4.23,11.76,0.73,26.6
91320,0.1359,-0.1742,0.9171,-7.15,17.73,1.16,26.57
91330,0.1187,-0.1639,0.9186,-11.71,17.36,1.15,26.59
91340,0.114,-0.1775,0.9274,-13.68,13.3,2.55,26.57
91350,0.1097,-0.1913,0.8949,-13.94,6.79,3.62,26.58
91360,0.1217,-0.2008,0.8627,-13.37,5.83,2.56,26.59
91370,0.1418,-0.1984,0.8436,-12.11,9.82,1.19,26.59
91380,0.1334,-0.1926,0.8457,-11.19,14.47,0.76,26.6
91390,0.118,-0.2034,0.8785,-10.29,16.29,0.82,26.58
91400,0.0931,-0.2017,0.8721,-8.99,13.97,0.4,26.59
91410,0.0975,-0.2095,0.876,-6.0,9.36,0.11,26.59
91420,0.1107,-0.2,0.8716,-3.28,6.08,-0.15,26.59
91430,0.1256,-0.1887,0.8756,-2.7,6.6,-0.11,26.57
91440,0.1315,-0.1864,0.8937,-4.2,8.49,0.03,26.59
91450,0.12,-0.1823,0.9032,-7.24,10.37,0.21,26.57
91460,0.1097,-0.1935,0.9032,-9.57,10.47,0.02,26.6
91470,0.1035,-0.1943,0.8882,-10.41,7.98,-0.34,26.61
91480,0.1141,-0.2007,0.8677,-9.3,5.76,-0.6,26.59
91490,0.1204,-0.2111,0.817,-5.74,5.68,0.67,26.6
91500,0.1503,-0.2026,0.8521,0.64,10.17,0.95,26.58
91510,0.1199,-0.1837,0.89,0.56,14.58,1.65,26.59
91520,0.0775,-0.2017,0.917,0.73,11.15,1.18,26.59
91530,0.0465,-0.2229,0.8429,4.87,-0.53,-0.17,26.6
91540,0.0046,-0.2079,1.0836,15.05,-19.59,-5.59,26.59
91550,0.1061,-0.1132,0.9916,-0.12,-15.18,-11.54,26.59
91560,0.1854,-0.1571,0.8817,-17.71,-3.56,-16.81,26.58
91570,0.2236,-0.1726,0.7634,-19.15,15.92,-15.94,26.6
91580,0.226,-0.1859,0.7976,-10.72,16.34,-4.08,26.59
91590,0.1277,-0.2062,0.8445,-1.05,18.5,2.32,26.6
91600,0.0791,-0.1923,0.9005,2.79,11.27,1.4,26.59
91610,0.092,-0.1765,0.9828,2.38,4.87,0.02,26.6
91620,0.1091,-0.152,0.9507,-4.34,-0.79,-0.93,26.59
91630,0.1621,-0.162,0.9341,-11.66,2.64,-1.15,26.62
91640,0.1504,-0.1799,0.839,-15.22,8.7,-0.56,26.59
91650,0.1581,-0.2037,0.8236,-12.09,12.98,0.06,26.6
91660,0.1302,-0.1943,0.816,-7.08,15.76,0.81,26.6
91670,0.0936,-0.2029,0.9235,-3.15,14.53,0.98,26.61
91680,0.0681,-0.1852,0.9131,-1.89,7.39,0.15,26.59
91690,0.1157,-0.178,0.9552,-4.2,2.17,-0.73,26.59
91700,0.144,-0.1628,0.8717,-8.58,2.35,-0.87,26.6
91710,0.1627,-0.1809,0.8738,-11.69,8.31,-0.41,26.59
91720,0.1165,-0.193,0.8501,-11.62,11.21,-0.15,26.59
91730,0.1191,-0.2029,0.9036,-9.05,8.53,-0.18,26.62
91740,0.1272,-0.1876,0.8691,-7.79,6.92,-0.21,26.6
91750,0.1471,-0.1882,0.8698,-7.27,8.73,-0.03,26.61
91760,0.1377,-0.1882,0.8607,-6.7,11.39,0.47,26.61
91770,0.1217,-0.199,0.8718,-5.68,12.0,0.52,26.59
91780,0.1021,-0.2004,0.8737,-2.34,8.52,0.34,26.6
91790,0.1122,-0.1862,0.9083,-0.73,3.47,-0.17,26.6
91800,0.1351,-0.1721,0.9047,-3.05,2.96,-0.4,26.61
91810,0.1479,-0.1655,0.9131,-8.73,6.85,-0.4,26.59
91820,0.1348,-0.1722,0.8917,-12.72,10.18,-0.37,26.6
91830,0.1263,-0.1915,0.8877,-14.35,10.87,-0.38,26.59
91841,0.1145,-0.1952,0.8801,-13.71,9.34,-0.61,26.59
91851,0.1221,-0.2109,0.8408,-11.25,7.22,-0.5,26.6
91861,0.1311,-0.2144,0.824,-5.07,6.09,-0.08,26.62
91871,0.1428,-0.1964,0.85,-0.18,8.0,0.47,26.62
91881,0.1298,-0.1864,0.8862,0.49,10.17,0.76,26.6
91891,0.1127,-0.1812,0.9158,-1.24,8.32,0.43,26.57
91901,0.1656,-0.1815,0.7701,-1.19,17.07,1.21,26.6
91911,0.1122,-0.2052,0.8903,1.69,15.25,1.62,26.61
91921,0.0925,-0.1847,0.9342,3.86,12.72,1.18,26.59
91931,0.0911,-0.176,0.9304,0.9,2.92,-0.08,26.6
91941,0.1078,-0.171,0.943,-1.91,-0.47,-1.4,26.6
91951,0.1412,-0.1644,0.892,-6.2,-1.1,-1.77,26.59
91961,0.1769,-0.1766,0.8594,-9.34,6.27,-0.69,26.63
91971,0.1509,-0.1825,0.8289,-9.13,13.59,0.41,26.6
91981,0.125,-0.1948,0.8734,-6.23,15.07,0.84,26.59
91991,0.092,-0.182,0.9025,-5.22,12.14,0.47,26.61
92001,0.0798,-0.1849,0.9359,-7.13,5.13,-0.5,26.6
92011,0.0892,-0.1824,0.9138,-7.83,-3.74,-1.44,26.62
92021,0.1238,-0.1813,0.8833,-8.82,-8.08,-2.15,26.59
92031,0.1531,-0.2019,0.826,-7.97,-4.58,-3.79,26.6
92041,0.1772,-0.1951,0.7734,-5.02,8.37,-6.89,26.62
92051,0.1847,-0.1827,0.8136,-0.12,16.67,-4.38,26.63
92061,0.1318,-0.1747,0.9038,2.99,16.55,1.4,26.62
92071,0.1046,-0.1676,0.9431,-0.21,12.75,1.02,26.63
92081,0.1088,-0.1781,0.9333,-4.81,7.39,0.12,26.59
92091,0.1222,-0.1821,0.8817,-4.99,5.11,-0.53,26.61
92101,0.1301,-0.1853,0.8656,-3.73,4.49,-0.93,26.59
92111,0.1306,-0.1791,0.8524,-2.46,8.37,-3.11,26.6
92121,0.1525,-0.1696,0.8551,-1.15,10.58,-3.47,26.61
92131,0.1249,-0.1758,0.8702,1.4,9.92,-2.9,26.61
92141,0.1194,-0.1659,0.8909,3.34,7.6,-4.69,26.62
92151,0.12,-0.156,0.9114,1.83,6.66,-6.69,26.59
92161,0.1265,-0.16,0.9246,-1.82,5.97,-7.44,26.59
92171,0.116,-0.1752,0.8983,-4.98,4.95,-6.92,26.6
92181,0.1233,-0.1876,0.8843,-5.39,3.77,-6.41,26.59
92191,0.1368,-0.1899,0.8578,-3.83,3.36,-5.1,26.6
92201,0.153,-0.1901,0.8499,-0.02,3.71,-3.89,26.59
92211,0.16,-0.1687,0.8615,2.67,6.03,-2.43,26.59
92221,0.1654,-0.1464,0.9006,1.33,10.27,-0.79,26.59
92231,0.1388,-0.1501,0.9169,-3.21,12.69,0.17,26.59
92241,0.1146,-0.1593,0.9421,-7.74,10.76,0.2,26.6
92251,0.1194,-0.1633,0.9019,-9.74,7.76,-0.32,26.62
92261,0.1448,-0.1654,0.8782,-10.26,7.19,-0.46,26.59
92271,0.1448,-0.167,0.8596,-9.79,9.05,-0.18,26.61
92281,0.1307,-0.1692,0.8688,-8.9,9.5,-0.02,26.63
92291,0.1219,-0.1735,0.8704,-6.9,7.71,-0.08,26.6
92301,0.1228,-0.1714,0.8746,-4.76,5.57,-0.15,26.61
92311,0.137,-0.1654,0.8794,-3.83,5.33,-0.2,26.62
92321,0.1433,-0.1614,0.8865,-4.15,7.21,-0.15,26.61
92331,0.1393,-0.1569,0.8998,-5.57,9.71,-0.47,26.59
92341,0.1323,-0.1591,0.9171,-8.56,11.01,-0.4,26.59
92351,0.1268,-0.1627,0.9115,-11.8,10.55,-0.35,26.58
92362,0.1298,-0.1686,0.8761,-13.11,9.56,-0.38,26.62
92372,0.1373,-0.181,0.8528,-11.07,10.06,-0.08,26.61
92382,0.13,-0.1865,0.8422,-7.19,10.0,0.2,26.61
92392,0.1217,-0.1797,0.8741,-3.65,8.69,0.43,26.61
92402,0.1208,-0.1688,0.8977,-2.63,6.85,0.2,26.6
92412,0.1288,-0.1655,0.8962,-3.76,5.8,-0.09,26.61
92422,0.1415,-0.167,0.8766,-4.46,6.29,-0.02,26.59
92432,0.1447,-0.1642,0.8711,-4.79,8.58,0.32,26.6
92442,0.1254,-0.1676,0.8977,-5.24,9.27,0.27,26.6
92453,0.1196,-0.1686,0.9186,-5.82,6.27,-0.23,26.59
92463,0.1371,-0.1582,0.8833,-7.33,6.06,-0.41,26.6
92473,0.1494,-0.1652,0.8674,-8.09,9.08,-0.12,26.59
92483,0.1367,-0.1731,0.8694,-7.08,11.18,0.37,26.62
92493,0.1277,-0.1697,0.8862,-6.12,11.05,0.49,26.58
92503,0.126,-0.1674,0.8883,-6.05,9.89,0.32,26.6
92513,0.1301,-0.1675,0.884,-5.76,8.9,0.24,26.63
92523,0.1332,-0.1675,0.8828,-5.48,8.49,0.18,26.61
92533,0.1277,-0.1663,0.8904,-5.8,8.66,0.17,26.63
92543,0.1221,-0.173,0.8843,-5.95,7.13,0.0,26.62
92553,0.1302,-0.1691,0.8741,-5.04,6.69,0.08,26.61
92563,0.1318,-0.1641,0.8876,-5.08,7.11,0.0,26.62
92573,0.124,-0.1624,0.908,-5.91,7.07,-0.12,26.61
92583,0.1282,-0.1652,0.8948,-6.96,6.58,-0.38,26.6
92593,0.1287,-0.1729,0.8772,-6.55,5.79,-0.4,26.6
92603,0.1348,-0.1735,0.8611,-4.7,5.48,-0.38,26.59
92613,0.1335,-0.1631,0.8765,-3.04,6.17,-0.55,26.6
92623,0.1252,-0.158,0.9056,-3.28,6.4,-1.33,26.6
92633,0.1282,-0.1615,0.9271,-5.89,5.69,-1.25,26.6
92643,0.1388,-0.1589,0.9036,-9.11,5.97,-0.69,26.59
92653,0.1509,-0.1676,0.8557,-9.62,8.85,-0.02,26.6
92663,0.134,-0.1825,0.8456,-7.59,10.75,0.29,26.61
92673,0.121,-0.1798,0.8679,-2.92,9.51,0.64,26.57
92683,0.1117,-0.1644,0.8931,-2.35,5.57,0.32,26.62
92693,0.1348,-0.1495,0.922,-5.62,3.85,-0.41,26.58
92703,0.1456,-0.1436,0.908,-10.43,4.6,-0.76,26.6
92713,0.09,-0.1808,0.9055,-12.06,-1.15,-1.1,26.59
92723,0.131,-0.1729,0.8784,-8.35,-6.61,-1.65,26.59
92733,0.1787,-0.1663,0.8174,-6.78,-2.52,-1.18,26.61
92743,0.1914,-0.1682,0.8116,-4.82,7.98,-0.05,26.59
92753,0.1641,-0.1637,0.8481,-3.22,15.57,0.99,26.59
92763,0.1202,-0.1617,0.928,-3.68,16.96,1.07,26.63
92773,0.0962,-0.1556,0.9556,-6.5,11.18,0.17,26.59
92783,0.1077,-0.1534,0.9546,-10.47,3.98,-0.75,26.59
92793,0.1389,-0.1533,0.9027,-14.29,1.85,-1.19,26.61
92803,0.157,-0.1595,0.8422,-16.31,4.0,-0.96,26.6
92813,0.163,-0.1792,0.8248,-13.5,9.57,-0.26,26.61
92823,0.1388,-0.1909,0.8101,-7.66,11.07,0.35,26.6
92833,0.1233,-0.1949,0.8602,-0.87,9.3,0.63,26.57
92843,0.1016,-0.1769,0.8971,3.45,2.4,0.15,26.61
92853,0.1378,-0.1605,0.9417,3.28,-2.15,-0.37,26.59
92863,0.1616,-0.1403,0.9138,-1.62,0.69,-0.63,26.61
92873,0.1759,-0.1423,0.8994,-8.35,6.84,-0.34,26.62
92883,0.1569,-0.161,0.8866,-12.18,12.47,0.0,26.62
92893,0.1429,-0.1741,0.8679,-12.43,13.8,0.26,26.62
92903,0.1273,-0.183,0.8623,-9.59,13.44,0.24,26.61
92913,0.1182,-0.1801,0.8728,-5.88,9.15,0.09,26.61
92923,0.1237,-0.1718,0.8928,-3.69,5.34,-0.08,26.59
92933,0.1306,-0.1632,0.9083,-4.38,3.42,-0.41,26.58
92943,0.1445,-0.162,0.9132,-6.55,3.62,-0.46,26.6
92953,0.1471,-0.1591,0.8838,-8.17,5.82,-0.46,26.63
92963,0.1533,-0.1639,0.8716,-9.44,8.56,-0.15,26.6
92974,0.1384,-0.1729,0.8667,-8.67,10.58,0.12,26.61
92984,0.0985,-0.1771,0.9175,-7.01,3.56,-0.58,26.6
92994,0.1725,-0.1665,0.8113,-6.12,4.09,-0.31,26.6
93004,0.1641,-0.1724,0.8542,-4.41,9.65,0.58,26.61
93014,0.142,-0.1689,0.8821,-2.79,12.38,0.81,26.62
93024,0.1331,-0.1595,0.8875,-3.47,11.54,0.7,26.59
93034,0.1155,-0.166,0.9357,-4.5,8.12,0.34,26.61
93044,0.1255,-0.16,0.9089,-6.08,3.02,-0.08,26.62
93054,0.146,-0.1669,0.8716,-6.69,1.15,0.12,26.57
93065,0.1512,-0.1754,0.8585,-5.21,3.76,0.32,26.6
93075,0.1503,-0.1683,0.8271,-2.95,6.03,-0.05,26.6
93085,0.1371,-0.1793,0.8939,0.03,8.37,0.37,26.6
93095,0.1138,-0.1638,0.9066,1.39,5.31,0.21,26.62
93105,0.1378,-0.1561,0.9303,-0.73,1.79,-0.27,26.6
93115,0.1517,-0.1467,0.8878,-3.44,3.24,-0.4,26.61
93125,0.1582,-0.1542,0.8799,-5.05,5.42,-0.2,26.58
93135,0.1448,-0.1594,0.8933,-5.44,7.71,-0.14,26.63
93145,0.1469,-0.1583,0.8983,-6.21,8.61,-0.21,26.59
93155,0.1423,-0.1571,0.899,-7.54,9.25,-0.44,26.61
93165,0.1467,-0.1555,0.8875,-8.55,10.02,0.09,26.62
93175,0.1398,-0.1656,0.8853,-8.81,9.07,0.05,26.62
93185,0.1372,-0.1803,0.8594,-6.38,7.57,-0.11,26.6
93195,0.1539,-0.1694,0.8474,-3.22,8.26,0.18,26.6
93205,0.1526,-0.1593,0.884,-2.34,9.85,0.27,26.62
93215,0.1469,-0.1592,0.8981,-2.87,10.34,0.35,26.6
93225,0.146,-0.1581,0.9038,-4.37,9.73,0.17,26.6
93247,0.1471,-0.1635,0.8842,-4.98,9.08,-0.34,26.63
93257,0.1481,-0.1559,0.8662,-3.95,10.53,0.06,26.59
93267,0.1471,-0.1577,0.9103,-3.98,10.58,0.4,26.6
93277,0.126,-0.1543,0.9011,-5.63,10.12,0.37,26.6
93287,0.1392,-0.155,0.9158,-7.07,8.85,-0.06,26.59
93297,0.1384,-0.153,0.8915,-8.81,8.96,-0.14,26.6
93307,0.1422,-0.1592,0.889,-9.6,8.17,-0.23,26.58
93317,0.1344,-0.1582,0.8789,-8.95,8.2,-0.2,26.6
93327,0.1401,-0.1626,0.8921,-8.44,6.38,-0.27,26.63
93337,0.1406,-0.1571,0.8873,-8.05,6.14,-0.26,26.61
93347,0.1362,-0.158,0.8832,-8.09,5.44,-0.4,26.58
93357,0.1409,-0.1603,0.8901,-8.05,5.5,-0.43,26.6
93367,0.1508,-0.1626,0.879,-8.02,6.03,-0.37,26.6
93377,0.1603,-0.1671,0.8661,-7.47,8.0,-0.03,26.62
93387,0.153,-0.1666,0.8534,-6.32,11.04,0.31,26.61
93397,0.1379,-0.1683,0.8762,-4.81,11.28,0.37,26.61
93407,0.1406,-0.1577,0.8979,-4.24,9.02,0.49,26.61
93417,0.1438,-0.1533,0.8905,-6.14,9.73,0.4,26.6
93427,0.132,-0.1732,0.8674,-6.23,8.47,0.05,26.6
93437,0.1375,-0.1729,0.8652,-2.96,7.95,0.17,26.62
93447,0.1373,-0.1587,0.8878,-2.02,8.12,0.2,26.63
93457,0.1338,-0.1498,0.9137,-3.5,8.08,0.14,26.61
93467,0.1323,-0.1512,0.9042,-6.09,7.48,-0.08,26.6
93477,0.1316,-0.1536,0.9031,-7.71,6.44,-0.27,26.62
93487,0.1257,-0.1569,0.9036,-8.69,4.56,-0.58,26.63
93497,0.1399,-0.1608,0.8834,-8.82,2.76,-0.79,26.63
93507,0.1527,-0.1569,0.8679,-8.18,3.37,-0.56,26.59
93517,0.1542,-0.1621,0.8802,-7.82,5.76,-0.31,26.62
93527,0.1426,-0.1639,0.8844,-7.31,6.92,-0.15,26.59
93537,0.1426,-0.1605,0.8813,-6.61,7.04,-0.2,26.59
93547,0.1412,-0.163,0.8761,-5.79,7.24,-0.18,26.59
93557,0.1372,-0.1616,0.8793,-4.98,7.11,-0.26,26.63
93567,0.1366,-0.1685,0.8752,-4.44,7.83,-1.73,26.62
93577,0.1495,-0.1635,0.8678,-3.39,8.84,-2.69,26.6
93587,0.1479,-0.1581,0.8864,-2.46,8.31,-1.34,26.61
93597,0.1445,-0.1576,0.8888,-2.47,7.45,-0.6,26.61
93607,0.1462,-0.1548,0.8855,-2.84,7.92,-0.63,26.62
93617,0.1447,-0.1571,0.8896,-3.37,9.21,-0.84,26.61
93627,0.147,-0.152,0.8984,-4.29,9.51,-1.13,26.59
93637,0.1497,-0.1487,0.8893,-4.99,9.63,0.0,26.62
93647,0.1493,-0.149,0.8864,-5.98,10.58,0.27,26.62
93657,0.1444,-0.1515,0.8723,-6.46,12.03,0.49,26.62
93667,0.1395,-0.1594,0.8777,-5.69,12.63,0.61,26.61
93677,0.13,-0.1588,0.9023,-5.24,10.98,0.53,26.62
93687,0.1322,-0.1582,0.895,-5.16,9.28,0.38,26.6
93697,0.1331,-0.16,0.8783,-4.9,7.95,0.21,26.6
93707,0.1477,-0.1611,0.8677,-3.21,7.59,0.35,26.61
93717,0.1406,-0.1576,0.8755,-1.71,7.98,0.53,26.61
93727,0.1287,-0.1534,0.9083,-1.42,7.74,0.4,26.6
93737,0.1398,-0.1479,0.9031,-2.56,6.92,0.17,26.6
93747,0.1459,-0.1477,0.8981,-4.26,7.31,0.09,26.6
93757,0.1372,-0.153,0.8876,-5.01,7.04,-0.09,26.62
93767,0.1381,-0.1605,0.8656,-3.48,5.37,-0.12,26.64
93777,0.1504,-0.1586,0.8579,-0.75,5.51,0.12,26.6
93787,0.145,-0.1503,0.8772,0.85,6.69,0.44,26.61
93797,0.1443,-0.1409,0.9004,0.37,6.81,0.53,26.62
93807,0.1428,-0.1349,0.8989,-1.69,7.48,0.37,26.63
93817,0.1504,-0.1411,0.8939,-4.02,8.92,0.43,26.63
93827,0.1403,-0.1384,0.8907,-5.08,9.51,0.72,26.63
93837,0.1444,-0.1428,0.9006,-5.22,7.48,1.97,26.63
93847,0.1442,-0.1458,0.8918,-4.44,5.27,3.79,26.6
93857,0.1343,-0.153,0.8831,-3.97,4.93,3.53,26.6
93867,0.1364,-0.1567,0.8682,-3.22,6.73,1.15,26.62
93877,0.1412,-0.1472,0.8879,-2.21,7.1,0.34,26.61
93887,0.1439,-0.1382,0.9006,-2.06,6.85,0.31,26.62
93897,0.139,-0.1361,0.9092,-3.77,6.61,0.17,26.59
93907,0.1412,-0.1312,0.9082,-6.09,6.49,0.23,26.6
93917,0.1394,-0.1362,0.9028,-7.8,5.27,0.95,26.62
93927,0.1343,-0.1438,0.8925,-8.52,4.06,0.56,26.61
93937,0.1483,-0.1475,0.8687,-8.2,4.55,-0.46,26.63
93947,0.1561,-0.1454,0.8685,-6.95,5.85,-0.24,26.59
93957,0.1522,-0.1433,0.8831,-5.8,8.17,0.03,26.63
93967,0.1486,-0.1426,0.8942,-6.26,9.36,0.08,26.65
93977,0.1431,-0.1421,0.8956,-6.95,9.71,0.11,26.6
93987,0.1405,-0.1472,0.8912,-7.42,9.4,0.18,26.61
93997,0.1417,-0.1462,0.8749,-6.53,8.49,0.37,26.62
94007,0.1447,-0.144,0.8822,-5.56,7.91,0.78,26.6
94017,0.1422,-0.1426,0.8892,-5.07,8.44,0.82,26.6
94027,0.1395,-0.1464,0.8828,-4.64,8.69,0.41,26.62
94037,0.1417,-0.146,0.89,-3.94,8.27,0.12,26.64
94047,0.1345,-0.1411,0.8959,-3.73,7.27,-0.05,26.62
94057,0.1388,-0.1366,0.8954,-3.97,6.27,-0.49,26.62
94067,0.1492,-0.1362,0.8903,-4.52,6.43,-0.61,26.6
94077,0.1508,-0.1335,0.8917,-5.63,7.24,-0.31,26.6
94087,0.1505,-0.1368,0.8889,-6.78,8.38,-0.06,26.62
94097,0.1459,-0.1384,0.88,-7.05,9.36,0.11,26.61
94107,0.1392,-0.1437,0.8973,-7.11,9.13,0.09,26.62
94117,0.1501,-0.1401,0.8751,-7.25,9.36,0.2,26.63
94127,0.1538,-0.1373,0.8698,-6.61,10.29,1.24,26.63
94137,0.1161,-0.1505,0.879,-4.79,8.73,2.56,26.62
94147,0.1409,-0.1381,0.9304,-5.04,7.42,1.53,26.64
94157,0.1238,-0.1383,0.8837,-6.29,7.42,0.21,26.61
94167,0.1299,-0.1365,0.9584,-7.4,4.0,-0.5,26.61
94177,0.1412,-0.1207,0.9392,-12.46,3.33,-1.19,26.6
94187,0.1293,-0.1179,0.9362,-18.11,2.5,-1.45,26.61
94198,0.1241,-0.1304,0.9645,-24.09,-2.53,-2.24,26.62
94208,0.1121,-0.1549,0.8892,-27.82,-5.66,-3.86,26.61
94218,0.1301,-0.1921,0.7925,-26.06,-2.75,-9.59,26.6
94228,0.1765,-0.1914,0.769,-20.5,4.06,-15.88,26.63
94238,0.2167,-0.1888,0.7412,-9.18,8.98,-13.08,26.62
94248,0.2168,-0.1613,0.7935,3.76,9.65,-4.2,26.61
94258,0.1732,-0.1467,0.8859,8.15,11.65,1.33,26.61
94268,0.15,-0.1262,0.9535,3.5,14.09,1.07,26.64
94278,0.1388,-0.1238,0.9727,-4.41,12.95,0.38,26.61
94288,0.1368,-0.1394,0.9352,-10.67,10.58,-0.17,26.62
94298,0.1375,-0.1508,0.887,-12.49,8.06,-0.37,26.61
94308,0.1432,-0.1586,0.8611,-10.26,6.09,-0.46,26.61
94318,0.1527,-0.1564,0.8566,-6.64,6.21,-0.21,26.6
94328,0.1571,-0.1503,0.8668,-4.67,7.57,-0.08,26.63
94338,0.1512,-0.1512,0.8826,-4.23,8.69,0.09,26.6
94348,0.1472,-0.1451,0.9003,-5.01,9.33,0.15,26.61
94358,0.1544,-0.146,0.8987,-6.6,9.33,0.06,26.62
94368,0.1498,-0.1548,0.8971,-7.68,9.3,0.08,26.63
94378,0.1469,-0.1548,0.8903,-8.0,8.76,-0.03,26.63
94388,0.145,-0.1508,0.8842,-7.83,7.82,-0.12,26.63
94398,0.1522,-0.1552,0.8777,-7.27,7.11,-0.11,26.61
94408,0.1538,-0.1521,0.8766,-6.6,7.22,-0.11,26.64
94418,0.1542,-0.1554,0.8805,-6.26,7.39,-0.05,26.63
94428,0.1498,-0.1511,0.8823,-6.08,7.86,0.02,26.62
94438,0.1492,-0.1497,0.8821,-5.91,7.98,-0.14,26.61
94448,0.1488,-0.1486,0.8843,-5.82,8.0,-0.03,26.62
94458,0.1462,-0.1511,0.8862,-5.76,7.91,0.02,26.63
94468,0.1472,-0.1482,0.8925,-5.83,7.56,-0.06,26.64
94478,0.1471,-0.1499,0.8849,-6.02,7.53,-0.11,26.62
94488,0.1483,-0.1703,0.8584,-2.58,4.82,-0.38,26.62
94499,0.1442,-0.1415,0.884,-2.21,8.24,-0.21,26.59
94509,0.1575,-0.149,0.9221,-4.55,7.53,-0.11,26.62
94519,0.1459,-0.1469,0.8912,-6.18,8.17,-0.26,26.63
94529,0.1605,-0.1479,0.8969,-7.57,8.34,0.14,26.64
94539,0.1569,-0.1479,0.8663,-7.57,10.03,0.31,26.63
94549,0.1517,-0.1509,0.879,-6.92,10.55,0.37,26.64
94559,0.1403,-0.1501,0.8896,-6.24,9.82,0.14,26.62
94569,0.1442,-0.1504,0.889,-5.92,8.29,-0.02,26.64
94579,0.1493,-0.1511,0.8785,-5.71,7.83,-0.05,26.62
94589,0.1486,-0.1486,0.8779,-5.16,8.21,0.06,26.61
94599,0.1489,-0.1456,0.89,-5.25,9.5,0.09,26.62
94609,0.1448,-0.1471,0.9019,-6.29,9.37,-0.05,26.63
94619,0.1448,-0.149,0.8981,-7.04,8.5,-0.06,26.62
94629,0.1477,-0.1511,0.8887,-7.36,7.74,-0.17,26.62
94639,0.1498,-0.1469,0.8875,-7.3,7.47,-0.11,26.64
94649,0.1544,-0.1504,0.8806,-7.24,8.26,-0.08,26.63
94659,0.1512,-0.1522,0.8798,-6.58,9.02,0.08,26.65
94669,0.1471,-0.1471,0.8783,-6.47,9.86,0.15,26.64
94679,0.1465,-0.1494,0.8937,-6.24,10.32,0.06,26.64
94689,0.1405,-0.1501,0.8877,-6.17,9.54,0.05,26.62
94699,0.1471,-0.1533,0.8839,-5.86,8.99,0.18,26.61
94709,0.1454,-0.1519,0.889,-5.39,8.17,0.08,26.65
94719,0.1377,-0.1495,0.8954,-5.28,7.36,-0.17,26.63
94729,0.1425,-0.1484,0.8932,-5.85,6.06,-0.26,26.61
94739,0.1472,-0.1482,0.8864,-6.63,6.08,-0.38,26.61
94749,0.1519,-0.1459,0.8853,-7.11,6.49,-0.26,26.62
94759,0.1475,-0.1508,0.8765,-6.89,6.34,-0.29,26.63
94769,0.1566,-0.1479,0.8872,-6.32,7.04,-0.21,26.62
94779,0.1442,-0.1473,0.8983,-7.15,8.37,-0.55,26.64
94789,0.1484,-0.1482,0.9009,-8.11,8.79,-0.87,26.63
94799,0.1583,-0.1458,0.8909,-9.04,9.24,-0.31,26.63
94809,0.1527,-0.1519,0.8781,-9.28,9.68,-0.12,26.62
94819,0.1442,-0.1677,0.8441,-6.75,9.21,0.17,26.62
94829,0.1451,-0.168,0.8434,-1.85,7.76,0.26,26.64
94839,0.1448,-0.1605,0.8695,2.06,7.18,0.34,26.64
94849,0.1438,-0.1487,0.9005,2.85,6.79,0.37,26.64
94859,0.1436,-0.1371,0.9131,1.27,5.85,0.08,26.63
94869,0.1448,-0.1351,0.917,-1.36,5.77,-0.14,26.63
94879,0.1542,-0.1312,0.9135,-4.9,6.92,-0.15,26.64
94889,0.1483,-0.1366,0.9087,-8.0,8.2,-0.35,26.67
94899,0.1455,-0.1383,0.9027,-9.47,7.56,-0.55,26.64
94909,0.1522,-0.1379,0.8942,-10.76,8.0,-0.55,26.62
94919,0.1549,-0.1415,0.8842,-11.98,9.69,-0.27,26.64
94929,0.1488,-0.1462,0.8826,-12.43,10.93,-0.09,26.64
94939,0.1492,-0.1525,0.8752,-11.94,11.1,-0.02,26.62
94949,0.1458,-0.1566,0.868,-10.15,10.55,0.17,26.64
94959,0.1455,-0.1533,0.8748,-8.31,10.52,0.18,26.62
94969,0.1425,-0.1504,0.892,-7.22,9.74,0.14,26.64
94979,0.1415,-0.1466,0.9065,-7.91,9.16,-0.11,26.65
94989,0.1368,-0.1482,0.9038,-9.68,7.94,-0.37,26.62
94999,0.1445,-0.1544,0.8922,-10.09,6.76,-0.34,26.59
95009,0.1498,-0.1552,0.8662,-9.47,7.28,-0.26,26.63
95019,0.1476,-0.1583,0.863,-7.59,7.92,-0.12,26.63
95029,0.1519,-0.1487,0.8873,-6.73,9.51,-0.08,26.6
95039,0.1451,-0.1443,0.9055,-8.35,10.75,0.05,26.61
95049,0.1398,-0.1477,0.9039,-10.75,11.21,0.05,26.62
95059,0.1368,-0.1572,0.8895,-11.8,10.02,-0.23,26.62
95069,0.1384,-0.1687,0.8634,-9.79,8.27,-0.18,26.62
95079,0.1445,-0.1737,0.8412,-5.45,6.96,0.06,26.61
95089,0.1428,-0.1691,0.8573,-0.9,6.34,0.17,26.64
95099,0.142,-0.1567,0.8807,1.54,5.54,0.18,26.64
95109,0.1459,-0.1479,0.8945,1.76,5.31,0.18,26.64
95119,0.1497,-0.1486,0.8868,0.82,6.03,0.31,26.62
95129,0.1509,-0.1556,0.8732,0.84,6.6,0.43,26.64
95139,0.147,-0.1548,0.8618,2.55,6.99,0.52,26.62
95149,0.1506,-0.152,0.8717,4.55,7.44,0.75,26.64
95159,0.1492,-0.1407,0.8918,5.22,8.08,0.76,26.62
95169,0.1486,-0.1346,0.902,3.85,8.95,0.78,26.63
95179,0.1406,-0.13,0.9073,1.95,8.99,0.89,26.64
95189,0.1331,-0.1309,0.9185,-0.23,7.51,0.55,26.62
95199,0.1299,-0.1281,0.9274,-3.22,5.59,-0.02,26.63
95209,0.142,-0.125,0.9197,-6.73,3.51,-0.79,26.63
95219,0.1431,-0.127,0.9086,-9.3,2.58,-1.37,26.64
95229,0.1431,-0.1295,0.8944,-10.12,1.82,-2.05,26.64
95239,0.1477,-0.1365,0.8851,-9.27,1.77,-3.47,26.63
95249,0.1511,-0.1383,0.8943,-9.51,2.72,-4.0,26.64
95259,0.1356,-0.1462,0.9087,-12.0,3.71,-4.18,26.63
95269,0.142,-0.1471,0.9053,-16.47,6.14,-5.82,26.64
95279,0.1569,-0.1398,0.8613,-19.6,8.76,-7.42,26.64
95289,0.1742,-0.1533,0.8644,-18.12,8.92,-5.88,26.64
95299,0.1746,-0.161,0.8341,-13.18,9.91,-3.27,26.64
95309,0.1636,-0.1453,0.8767,-9.59,9.22,-1.42,26.66
95319,0.1561,-0.1497,0.8795,-8.49,8.69,0.38,26.63
95329,0.1416,-0.1616,0.8339,-5.1,8.15,0.43,26.66
95339,0.1611,-0.1514,0.8783,-1.97,9.21,0.6,26.64
95349,0.1483,-0.1364,0.9059,-3.25,9.68,0.4,26.63
95359,0.1405,-0.1348,0.9241,-5.69,8.79,0.14,26.64
95369,0.1401,-0.1376,0.9011,-8.92,6.9,-0.18,26.64
95379,0.1479,-0.1449,0.8889,-10.06,6.35,-0.27,26.64
95389,0.1481,-0.1527,0.871,-9.07,5.8,-0.31,26.64
95399,0.1578,-0.1572,0.8636,-7.15,6.23,-0.18,26.64
95409,0.1587,-0.1523,0.8693,-5.86,7.79,0.02,26.65
95419,0.1537,-0.1498,0.8892,-5.56,8.7,0.12,26.64
95429,0.1488,-0.1437,0.8937,-5.94,8.63,0.02,26.63
95439,0.1483,-0.1462,0.8975,-6.52,8.14,-0.02,26.64
95449,0.1499,-0.146,0.8855,-6.93,7.95,-0.12,26.63
95459,0.1499,-0.1472,0.8837,-6.82,7.62,-0.09,26.63
95469,0.1549,-0.1492,0.8832,-6.44,7.91,-0.03,26.66
95479,0.1549,-0.153,0.8851,-6.05,8.58,0.02,26.64
95489,0.1527,-0.1475,0.882,-6.08,9.28,0.11,26.64
95499,0.1534,-0.1488,0.8906,-6.17,9.66,0.15,26.64
95509,0.1501,-0.15,0.8893,-6.14,9.83,0.17,26.64
95519,0.1484,-0.1495,0.8931,-6.11,9.76,0.18,26.64
95529,0.1476,-0.1494,0.8939,-6.17,9.15,0.08,26.65
95539,0.1484,-0.1487,0.8937,-6.53,8.38,-0.03,26.66
95549,0.1499,-0.1509,0.891,-6.98,8.02,0.06,26.62
95559,0.1489,-0.1534,0.8865,-7.21,7.79,-0.15,26.64
95569,0.1466,-0.1509,0.8842,-6.98,7.45,-0.14,26.66
95579,0.15,-0.1487,0.8827,-6.61,7.25,-0.11,26.65
95589,0.1492,-0.1482,0.8777,-6.17,7.28,-0.08,26.62
95599,0.1508,-0.1465,0.881,-5.79,7.44,-0.08,26.65
95609,0.1494,-0.1508,0.8844,-5.77,7.71,0.05,26.64
95619,0.1501,-0.1459,0.8889,-5.68,7.74,-0.06,26.65
95629,0.1487,-0.1505,0.8873,-5.79,7.59,-0.02,26.65
95639,0.1494,-0.1445,0.8898,-6.11,7.77,-0.05,26.63
95649,0.155,-0.1437,0.8933,-6.92,8.06,0.08,26.65
95659,0.152,-0.1434,0.895,-7.82,8.4,-0.06,26.65
95669,0.1473,-0.1461,0.8914,-8.43,8.27,-0.09,26.62
95679,0.1505,-0.1487,0.8813,-8.92,8.29,-0.21,26.63
95689,0.1482,-0.1494,0.8832,-8.84,8.5,-0.17,26.64
95699,0.1514,-0.1512,0.8826,-8.64,8.52,-0.05,26.63
95709,0.1504,-0.1494,0.8849,-8.66,8.81,-0.11,26.65
95719,0.1506,-0.1541,0.882,-8.18,8.43,-0.05,26.62
95729,0.1466,-0.15,0.8849,-7.74,8.58,-0.09,26.64
95739,0.1553,-0.153,0.8728,-7.37,7.95,0.41,26.64
95749,0.1421,-0.1603,0.8687,-5.79,7.74,0.47,26.66
95759,0.1381,-0.1532,0.8754,-4.34,8.24,0.49,26.65
95769,0.1459,-0.1493,0.8901,-4.03,8.73,0.29,26.65
95779,0.1421,-0.1377,0.9066,-5.18,9.25,0.21,26.65
95789,0.1422,-0.145,0.8942,-7.18,8.17,-0.15,26.64
95799,0.1523,-0.1572,0.8793,-7.01,7.37,-0.08,26.64
95809,0.1538,-0.1543,0.8726,-5.54,7.47,0.0,26.65
95819,0.1517,-0.1503,0.8888,-4.26,8.18,0.15,26.63
95829,0.1471,-0.144,0.8972,-4.63,8.31,0.15,26.63
95839,0.1421,-0.1401,0.9135,-6.84,8.2,-0.03,26.64
95849,0.1456,-0.1451,0.8966,-8.69,6.99,-0.29,26.64
95859,0.1483,-0.1525,0.8726,-8.66,6.52,-0.23,26.64
95869,0.1498,-0.1578,0.8525,-6.99,6.5,-0.31,26.64
95879,0.1516,-0.1544,0.859,-4.63,7.1,-0.14,26.65
95889,0.1517,-0.1478,0.8809,-3.8,8.11,0.09,26.64
95899,0.1422,-0.1458,0.8961,-4.61,8.73,-0.34,26.64
95909,0.1427,-0.1436,0.9062,-6.17,8.47,-0.58,26.65
95919,0.1461,-0.149,0.899,-7.71,8.2,-1.11,26.67
95929,0.1444,-0.1536,0.8887,-8.4,8.35,-1.97,26.67
95939,0.1537,-0.1473,0.8904,-8.67,8.84,-2.58,26.65
95949,0.1581,-0.146,0.8856,-8.47,8.24,-1.39,26.63
95959,0.1505,-0.1516,0.8784,-7.83,7.18,-0.21,26.63
95969,0.1511,-0.153,0.8691,-7.39,7.31,0.21,26.65
95979,0.1526,-0.1527,0.8743,-6.2,7.73,0.12,26.63
95989,0.1562,-0.1537,0.8794,-4.95,8.58,0.21,26.64
95999,0.1555,-0.1437,0.8903,-5.44,10.43,0.43,26.64
96009,0.156,-0.1382,0.9073,-7.25,11.88,0.53,26.65
96019,0.1414,-0.1483,0.8972,-9.19,11.95,0.38,26.67
96029,0.1339,-0.1495,0.8978,-9.73,10.18,0.14,26.65
96039,0.1381,-0.1573,0.8793,-8.93,8.43,-0.2,26.67
96049,0.1469,-0.1639,0.8569,-6.7,7.59,-0.05,26.64
96059,0.1495,-0.1589,0.8618,-3.88,8.09,0.21,26.63
96069,0.1478,-0.1505,0.8832,-2.55,9.05,0.29,26.63
96079,0.1371,-0.1499,0.9034,-3.05,9.37,0.31,26.63
96089,0.1407,-0.144,0.9183,-4.9,8.32,0.12,26.64
96099,0.1472,-0.1449,0.9097,-7.1,7.45,-0.05,26.66
96109,0.1537,-0.1442,0.8987,-9.08,8.02,0.08,26.66
96119,0.1537,-0.1543,0.8801,-10.32,9.1,0.56,26.64
96129,0.1506,-0.1615,0.8693,-9.3,8.85,1.42,26.64
96139,0.1464,-0.1534,0.8656,-7.21,8.67,1.47,26.67
96149,0.1425,-0.1541,0.8718,-5.34,8.61,0.6,26.67
96159,0.1414,-0.1531,0.8809,-4.12,8.21,0.12,26.67
96169,0.1426,-0.1495,0.8856,-3.51,7.39,-0.08,26.67
96179,0.1475,-0.1483,0.8821,-3.25,6.95,0.11,26.66
96189,0.1508,-0.1506,0.8855,-3.07,7.48,0.11,26.63
96199,0.1497,-0.1465,0.8929,-3.62,8.4,0.02,26.63
96209,0.1453,-0.1433,0.897,-4.73,8.66,0.02,26.64
96219,0.1409,-0.1451,0.8999,-5.77,7.89,-0.12,26.64
96229,0.1537,-0.1334,0.9255,-7.25,8.38,-0.02,26.64
96239,0.1401,-0.1473,0.8733,-9.5,8.95,-0.06,26.64
96249,0.1443,-0.1522,0.881,-9.37,8.49,-0.08,26.66
96259,0.1367,-0.1561,0.851,-8.95,8.11,-0.02,26.65
96269,0.1515,-0.1556,0.8881,-7.33,7.73,-0.12,26.65
96279,0.1434,-0.1509,0.8621,-6.38,7.8,-0.02,26.65
96289,0.152,-0.1515,0.8815,-5.39,7.89,0.0,26.64
96299,0.1459,-0.1483,0.8798,-5.27,8.52,0.03,26.64
96309,0.1439,-0.1504,0.8936,-5.28,7.98,0.02,26.64
96319,0.1443,-0.1482,0.8906,-5.04,7.42,-0.08,26.63
96329,0.1421,-0.1462,0.8875,-6.06,7.48,-0.15,26.64
96339,0.1483,-0.1528,0.8777,-5.37,7.48,-0.09,26.67
96349,0.1508,-0.1506,0.8704,-4.67,8.35,0.17,26.67
96359,0.1467,-0.1499,0.8782,-3.83,9.21,0.24,26.66
96369,0.1425,-0.1517,0.8854,-3.15,9.56,0.29,26.67
96379,0.1384,-0.1455,0.9004,-3.33,8.96,0.24,26.65
96389,0.1371,-0.1429,0.9039,-4.29,8.06,0.17,26.66
96399,0.141,-0.1433,0.8977,-5.33,7.15,0.02,26.67
96409,0.1416,-0.142,0.8926,-6.32,7.25,-0.09,26.64
96419,0.1444,-0.1437,0.8931,-7.07,7.45,-0.09,26.65
96429,0.144,-0.144,0.8895,-7.47,7.63,-0.11,26.63
96439,0.1427,-0.1477,0.8915,-7.82,7.24,-0.24,26.65
96449,0.1405,-0.1478,0.885,-8.06,6.72,-0.24,26.65
96459,0.1451,-0.1494,0.8824,-7.57,6.15,-0.26,26.67
96469,0.1451,-0.1477,0.8873,-6.93,5.94,-0.27,26.66
96479,0.1422,-0.1426,0.8914,-6.7,6.05,-0.21,26.67
96489,0.145,-0.1488,0.8831,-6.93,6.2,-0.26,26.66
96499,0.1494,-0.1481,0.8846,-6.53,6.6,-0.23,26.66
96509,0.1526,-0.1466,0.8893,-6.2,7.86,-0.11,26.66
96519,0.147,-0.1396,0.9006,-7.3,8.72,-0.18,26.65
96529,0.1382,-0.1354,0.9185,-9.6,8.02,-0.4,26.64
96539,0.1462,-0.1337,0.9205,-12.95,6.79,-0.5,26.62
96549,0.1407,-0.1346,0.9065,-16.18,6.81,-0.84,26.64
96559,0.1406,-0.1549,0.8928,-18.12,6.24,-0.89,26.65
96569,0.1528,-0.1626,0.8477,-16.08,6.4,-0.61,26.65
96579,0.1598,-0.1741,0.8248,-11.83,6.56,-0.34,26.64
96589,0.1683,-0.1678,0.8374,-6.43,10.26,0.24,26.67
96599,0.1556,-0.1553,0.8685,-4.11,12.46,0.6,26.67
96609,0.1384,-0.1483,0.9252,-4.53,12.78,0.67,26.65
96619,0.1211,-0.1451,0.9359,-7.47,9.33,0.23,26.64
96629,0.1309,-0.1486,0.9259,-10.26,5.1,-0.34,26.65
96639,0.1494,-0.1572,0.8735,-11.1,3.48,-0.32,26.65
96649,0.1696,-0.1609,0.8456,-10.08,5.73,-0.21,26.68
96659,0.1669,-0.165,0.8441,-7.89,10.12,0.23,26.66
96669,0.1548,-0.1692,0.8551,-5.68,12.78,1.3,26.68
96679,0.1427,-0.1692,0.8936,-4.2,12.23,2.89,26.65
96689,0.1249,-0.1429,0.9313,-4.93,9.89,3.15,26.66
96699,0.1179,-0.1304,0.9495,-9.57,7.59,0.18,26.64
96709,0.1326,-0.1406,0.9331,-14.49,5.4,-0.67,26.65
96719,0.1656,-0.1598,0.8745,-16.69,6.08,0.6,26.67
96729,0.1879,-0.1632,0.8793,-17.95,10.72,3.77,26.65
96739,0.176,-0.176,0.8596,-19.34,16.17,8.31,26.64
96749,0.1453,-0.1721,0.8671,-18.17,18.29,10.26,26.64
96759,0.1056,-0.1642,0.871,-15.1,16.24,7.89,26.65
96769,0.0983,-0.1685,0.8933,-11.37,10.69,3.31,26.66
96779,0.1152,-0.1758,0.8862,-8.5,5.42,-0.09,26.65
96789,0.1418,-0.1704,0.8806,-7.59,3.3,-0.7,26.64
96799,0.1661,-0.1669,0.8577,-7.95,5.88,-0.34,26.66
96809,0.1605,-0.1697,0.8636,-7.6,10.03,0.26,26.64
96819,0.1404,-0.1769,0.8655,-6.15,12.75,0.53,26.66
96829,0.1185,-0.1743,0.899,-5.01,11.15,0.38,26.66
96839,0.1122,-0.1678,0.9117,-4.9,7.4,0.0,26.64
96849,0.1316,-0.1625,0.9003,-6.32,4.06,-0.38,26.66
96859,0.1488,-0.1646,0.8795,-7.62,4.93,-0.43,26.64
96869,0.1569,-0.1693,0.8591,-8.12,7.88,-0.18,26.64
96879,0.1506,-0.1704,0.8661,-7.47,10.63,0.17,26.65
96889,0.1316,-0.1742,0.8816,-6.11,10.63,0.29,26.65
96899,0.136,-0.1666,0.9224,-6.02,9.1,0.24,26.66
96909,0.1321,-0.1539,0.9224,-9.51,8.92,-0.14,26.64
96919,0.1431,-0.1647,0.9327,-14.06,8.12,-0.03,26.64
96929,0.1495,-0.1787,0.8805,-16.79,8.14,2.96,26.67
96939,0.1533,-0.179,0.8291,-15.15,9.59,5.27,26.65
96949,0.1351,-0.1888,0.8104,-8.26,10.64,3.94,26.67
96959,0.1298,-0.1917,0.8607,-2.58,12.21,0.67,26.63
96969,0.1116,-0.1678,0.9109,-1.28,10.34,0.47,26.65
96979,0.1239,-0.16,0.9326,-3.65,6.05,-0.03,26.67
96989,0.1272,-0.1594,0.9211,-7.8,4.53,-0.63,26.68
96999,0.1433,-0.1709,0.8795,-10.96,4.43,-0.61,26.67
97009,0.1492,-0.1859,0.8356,-9.36,6.66,-0.31,26.66
97019,0.1532,-0.1906,0.826,-4.92,9.31,0.26,26.66
97029,0.1412,-0.1781,0.8704,-1.47,11.6,0.81,26.66
97039,0.1239,-0.1642,0.9158,-2.2,11.42,0.72,26.66
97049,0.1171,-0.1617,0.9417,-5.82,8.35,0.15,26.63
97059,0.1173,-0.166,0.9171,-9.4,4.84,-0.6,26.67
97069,0.1385,-0.1741,0.8776,-10.61,3.63,-0.76,26.63
97079,0.1556,-0.177,0.8522,-9.8,6.0,-0.55,26.64
97089,0.1572,-0.1761,0.8544,-8.69,9.98,-0.08,26.64
97099,0.1407,-0.1742,0.881,-8.02,12.55,0.34,26.64
97109,0.1211,-0.1719,0.9038,-8.49,11.45,0.23,26.67
97119,0.1174,-0.1703,0.9121,-9.51,8.08,-0.37,26.66
97129,0.1215,-0.181,0.8824,-9.19,4.38,-0.7,26.66
97139,0.1464,-0.1794,0.8596,-7.11,3.91,-0.53,26.66
97149,0.1569,-0.1772,0.8473,-5.57,6.96,-0.32,26.67
97159,0.1478,-0.1759,0.8663,-4.93,10.84,-0.17,26.65
97169,0.1293,-0.1747,0.8866,-4.76,11.24,0.06,26.64
97179,0.1172,-0.1743,0.9138,-5.47,9.05,0.02,26.65
97189,0.1213,-0.1801,0.8942,-6.4,5.62,-0.37,26.65
97199,0.1406,-0.1761,0.8799,-5.91,4.2,-0.53,26.65
97209,0.1492,-0.1721,0.8484,-5.31,6.0,-0.26,26.66
97219,0.1555,-0.1781,0.8687,-3.18,8.96,0.23,26.67
97229,0.1345,-0.173,0.8677,-1.98,11.18,0.78,26.64
97245,0.1174,-0.1737,0.9042,-0.89,8.31,0.44,26.69
97255,0.1208,-0.1638,0.9127,-2.03,5.08,0.05,26.67
97265,0.1362,-0.168,0.8989,-3.65,4.26,-0.15,26.68
97275,0.15,-0.1614,0.8827,-5.44,5.74,-0.09,26.66
97285,0.1505,-0.1635,0.8892,-7.11,9.13,0.11,26.67
97295,0.1377,-0.173,0.8748,-7.66,10.79,0.31,26.68
97305,0.1267,-0.1758,0.8896,-6.95,9.79,0.2,26.64
97315,0.1223,-0.1718,0.8909,-6.26,7.53,0.06,26.68
97325,0.1342,-0.1702,0.8864,-6.55,6.18,-0.05,26.65
97335,0.1411,-0.1631,0.8757,-7.42,6.96,-0.11,26.67
97345,0.1497,-0.1703,0.8818,-8.24,8.66,0.06,26.66
97355,0.1257,-0.179,0.8713,-8.38,10.24,0.35,26.67
97365,0.1147,-0.1686,0.8719,-8.21,9.07,0.31,26.66
97375,0.1266,-0.1855,0.8701,-6.72,6.53,0.14,26.68
97385,0.1371,-0.1825,0.871,-5.5,5.97,-0.05,26.66
97395,0.146,-0.1741,0.8915,-4.4,6.99,-0.06,26.66
97405,0.1316,-0.1704,0.8846,-4.29,7.8,0.06,26.66
97415,0.13,-0.1666,0.8842,-4.92,7.3,-0.08,26.66
97425,0.1467,-0.1599,0.8992,-5.11,6.47,0.02,26.68
97435,0.1461,-0.1517,0.9124,-9.05,9.08,-0.15,26.66
97445,0.1367,-0.1721,0.8881,-11.98,9.16,-0.27,26.63
97455,0.1396,-0.1893,0.8815,-10.75,8.26,-0.12,26.64
97465,0.1398,-0.1924,0.8611,-8.41,6.69,-0.06,26.67
97475,0.1487,-0.1906,0.8802,-5.48,7.02,0.09,26.66
97485,0.1434,-0.172,0.8805,-4.21,8.08,0.21,26.68
97495,0.1412,-0.1635,0.907,-5.37,9.33,0.12,26.65
97505,0.125,-0.1636,0.8898,-7.11,9.05,-0.06,26.66
97515,0.129,-0.1719,0.8914,-7.59,6.78,-0.27,26.65
97525,0.1361,-0.1748,0.8727,-6.89,5.3,-0.47,26.68
97535,0.1494,-0.1736,0.8652,-6.7,5.82,-0.4,26.67
97545,0.1537,-0.1726,0.8689,-6.89,8.46,-0.17,26.64
97555,0.1416,-0.1711,0.8815,-6.85,10.14,0.03,26.67
97565,0.1268,-0.1659,0.89,-6.66,9.69,0.08,26.67
97575,0.1284,-0.1655,0.8962,-6.7,7.39,-0.14,26.68
97585,0.129,-0.1674,0.8882,-7.1,6.23,-0.23,26.68
97595,0.142,-0.1649,0.885,-8.15,6.84,-0.23,26.68
97605,0.1403,-0.1721,0.8864,-9.19,8.84,-0.18,26.67
97615,0.1364,-0.1808,0.8812,-9.71,9.76,-0.09,26.66
97625,0.1295,-0.184,0.8864,-9.57,9.62,-0.06,26.68
97635,0.1301,-0.184,0.8893,-9.19,8.38,-0.03,26.67
97645,0.1381,-0.1776,0.8872,-8.9,7.76,-0.06,26.66
97655,0.139,-0.1716,0.8839,-9.28,8.17,0.08,26.68
97665,0.1412,-0.163,0.9017,-10.9,9.6,0.08,26.67
97675,0.1309,-0.1652,0.9027,-14.27,10.52,-0.24,26.67
97685,0.1381,-0.1764,0.8954,-17.04,10.05,0.35,26.66
97695,0.1451,-0.1919,0.8657,-17.65,10.37,2.87,26.65
97705,0.1556,-0.2001,0.861,-16.56,11.83,5.82,26.66
97715,0.1466,-0.1879,0.8638,-15.15,14.24,7.28,26.65
97725,0.123,-0.1824,0.8788,-13.95,15.3,6.52,26.65
97735,0.1022,-0.189,0.8812,-11.79,12.84,4.31,26.68
97745,0.1077,-0.1901,0.8807,-8.82,8.75,1.5,26.66
97755,0.1202,-0.1869,0.8859,-7.16,5.6,-0.53,26.71
97765,0.1317,-0.1858,0.8828,-7.56,5.27,-0.66,26.66
97775,0.1416,-0.1851,0.8628,-8.43,7.19,-0.64,26.66
97785,0.144,-0.1868,0.8645,-8.23,9.88,-0.35,26.68
97795,0.1296,-0.1907,0.8787,-7.28,11.28,-0.11,26.67
97805,0.1178,-0.1893,0.9055,-6.9,10.52,-0.44,26.67
97815,0.1093,-0.1855,0.9175,-8.47,8.87,-1.53,26.68
97825,0.1177,-0.1835,0.9014,-10.84,6.96,-2.58,26.68
97835,0.1212,-0.1965,0.8533,-10.99,6.12,-2.98,26.67
97845,0.1414,-0.215,0.8148,-6.02,5.92,-2.43,26.66
97855,0.1454,-0.1991,0.8582,0.26,8.02,-1.24,26.66
97865,0.1259,-0.1748,0.8872,0.79,10.89,-1.28,26.68
97875,0.121,-0.1724,0.946,-2.84,11.6,-1.73,26.65
97885,0.1129,-0.1769,0.9177,-7.05,7.37,-1.16,26.67
97895,0.1188,-0.2018,0.8821,-7.21,2.67,-0.66,26.68
97905,0.1409,-0.2015,0.8209,-3.39,2.31,-0.35,26.67
97915,0.1577,-0.1971,0.8209,1.8,5.92,0.15,26.69
97925,0.1458,-0.1768,0.8657,4.38,11.31,0.72,26.66
97935,0.1218,-0.1595,0.9436,0.78,13.6,0.52,26.68
97945,0.0984,-0.1605,0.9684,-6.46,10.99,0.05,26.69
97955,0.0999,-0.1761,0.9324,-11.77,5.08,-0.63,26.67
97965,0.1265,-0.1971,0.8558,-11.68,1.73,-1.08,26.67
97975,0.1609,-0.2002,0.8202,-7.19,3.62,-0.66,26.69
97985,0.1605,-0.192,0.8278,-3.15,9.24,0.09,26.71
97995,0.1427,-0.1863,0.8707,-1.4,12.89,0.92,26.68
98005,0.1123,-0.1825,0.9039,-1.77,11.79,0.84,26.69
98015,0.1099,-0.1727,0.9315,-3.8,7.94,0.23,26.68
98025,0.1189,-0.1696,0.9131,-7.04,5.3,-0.35,26.69
98035,0.1366,-0.1708,0.8894,-9.53,5.47,-0.63,26.67
98045,0.1459,-0.1711,0.868,-10.55,8.52,-0.32,26.67
98055,0.1367,-0.1809,0.8688,-10.6,11.27,-0.03,26.68
98065,0.1248,-0.1907,0.8867,-9.57,11.6,0.05,26.67
98075,0.1152,-0.1874,0.8986,-9.24,9.05,-0.15,26.67
98085,0.1191,-0.1825,0.8959,-10.09,6.76,-0.35,26.67
98095,0.1315,-0.1879,0.8768,-10.61,6.03,-0.58,26.67
98105,0.1362,-0.1949,0.8556,-9.76,6.69,-0.49,26.7
98115,0.1395,-0.2019,0.8436,-7.05,7.79,-0.12,26.7
98125,0.137,-0.2008,0.8442,-3.37,8.55,0.32,26.69
98135,0.1315,-0.1882,0.8757,-1.16,9.21,0.56,26.67
98145,0.1266,-0.1769,0.9064,-2.08,9.54,0.56,26.68
98155,0.1206,-0.1707,0.9181,-5.21,9.08,0.21,26.67
98165,0.1149,-0.1749,0.9025,-8.11,7.44,-0.41,26.66
98175,0.0907,-0.1663,0.8838,-8.34,5.44,-1.66,26.67
98185,0.0461,-0.1277,0.8422,-6.0,7.44,-5.45,26.68
98195,0.0652,-0.1171,0.8635,-3.02,9.74,-6.35,26.67
98205,0.0959,-0.1372,0.8894,-1.24,10.41,-4.6,26.69
98215,0.1074,-0.1478,0.9291,-2.79,8.55,-3.56,26.67
98225,0.1157,-0.1932,0.8945,-5.13,5.82,-2.87,26.69
98235,0.1506,-0.24,0.8816,-4.46,2.49,-4.76,26.67
98245,0.288,-0.2133,0.7968,0.78,8.31,-7.86,26.69
98255,0.2539,-0.2396,0.7437,4.81,12.5,-7.24,26.71
98265,0.1675,-0.2592,0.9268,5.62,12.24,-4.89,26.68
98275,0.1202,-0.2098,1.0405,1.28,6.02,-2.18,26.66
98285,0.1245,-0.158,0.9556,-5.28,1.16,-1.22,26.67
98295,0.1508,-0.1648,0.8318,-8.47,3.53,-1.94,26.67
98305,0.1438,-0.1743,0.7953,-7.28,7.94,-2.53,26.66
98315,0.1309,-0.1942,0.8723,-3.47,9.88,-1.91,26.68
98325,0.1193,-0.186,0.939,-1.88,7.16,-0.2,26.68
98335,0.127,-0.1724,0.9164,-3.28,4.15,-0.06,26.7
98345,0.1462,-0.1709,0.8571,-4.76,5.27,-0.05,26.69
98355,0.1411,-0.1732,0.8533,-4.52,8.15,0.38,26.68
98365,0.1266,-0.1813,0.8859,-3.25,8.34,0.44,26.69
98375,0.1221,-0.1815,0.9028,-1.91,5.63,0.11,26.69
98385,0.134,-0.1727,0.8831,-1.08,3.97,-0.03,26.69
98395,0.1433,-0.163,0.8741,-1.22,5.25,0.2,26.67
98405,0.1437,-0.1582,0.9026,-3.33,7.85,0.52,26.69
98415,0.1282,-0.1561,0.9401,-7.44,9.07,0.64,26.67
98425,0.1243,-0.156,0.9435,-12.7,9.15,0.55,26.67
98435,0.1267,-0.1749,0.8663,-14.47,8.2,-0.4,26.69
98445,0.1494,-0.1915,0.8232,-11.4,9.22,0.89,26.7
98455,0.1448,-0.1849,0.8109,-6.76,11.04,2.41,26.67
98465,0.1241,-0.1742,0.856,-2.81,11.01,2.0,26.67
98475,0.1102,-0.174,0.926,-1.59,8.38,0.67,26.69
98485,0.1218,-0.1599,0.9495,-3.97,5.24,-0.24,26.71
98495,0.1451,-0.1556,0.903,-8.27,5.74,-0.37,26.68
98505,0.1494,-0.1632,0.8627,-10.92,8.79,-0.21,26.69
98515,0.1362,-0.1823,0.8539,-10.32,10.49,0.14,26.7
98525,0.1279,-0.1876,0.865,-7.53,9.82,0.43,26.69
98535,0.121,-0.1804,0.8802,-4.79,7.88,0.14,26.69
98545,0.2363,-0.2268,0.4452,-8.11,25.21,0.09,26.66
98555,0.08,-0.205,1.057,-1.25,49.33,-0.49,26.68
98565,-0.1699,-0.1832,1.1277,5.86,4.38,0.05,26.67
98575,0.0028,-0.177,1.1067,-0.11,-24.46,-5.95,26.69
98585,0.1829,-0.1289,0.9526,-7.82,-20.12,-10.02,26.68
98595,0.2349,-0.132,0.7509,-15.05,-6.9,-6.08,26.69
98605,0.2522,-0.1489,0.6665,-17.25,12.69,-1.04,26.69
98615,0.1642,-0.2084,0.7817,-12.41,23.45,3.11,26.68
98625,0.0835,-0.2102,0.951,-5.37,20.32,6.29,26.69
98635,0.0496,-0.1613,0.9963,-2.26,7.97,4.46,26.68
98645,0.1151,-0.1584,0.9497,-4.92,0.08,-0.76,26.68
98655,0.1725,-0.1548,0.8351,-10.05,3.07,-1.25,26.7
98665,0.1775,-0.1798,0.7594,-11.19,11.89,-0.18,26.7
98675,0.1255,-0.1863,0.8448,-6.92,16.58,1.28,26.69
98686,0.0792,-0.1945,0.9476,-2.9,11.91,1.1,26.67
98696,0.1045,-0.1604,0.9543,-2.17,3.66,-0.11,26.69
98706,0.1456,-0.1476,0.9005,-6.63,4.58,-0.5,26.67
98716,0.1483,-0.1614,0.8595,-10.18,8.4,-0.15,26.68
98726,0.1533,-0.1743,0.8242,-9.86,11.91,0.44,26.67
98736,0.1135,-0.1945,0.8555,-5.18,12.41,0.98,26.69
98746,0.0909,-0.1975,0.9318,0.4,5.69,0.12,26.67
98756,0.1195,-0.1664,0.9216,1.02,0.4,-0.53,26.67
98766,0.1675,-0.1528,0.8568,-2.61,3.24,-0.43,26.69
98776,0.1528,-0.1611,0.8668,-5.79,8.66,0.15,26.67
98786,0.1163,-0.1703,0.9086,-7.28,9.86,0.15,26.69
98796,0.1191,-0.1749,0.9,-7.18,7.25,-0.2,26.69
98807,0.1442,-0.1619,0.8615,-6.52,6.63,-0.24,26.69
98817,0.1473,-0.1622,0.8735,-9.22,9.08,-0.17,26.69
98827,0.1278,-0.1699,0.8986,-10.73,11.53,0.11,26.68
98837,0.1187,-0.1755,0.903,-10.41,10.99,0.05,26.7
98847,0.1263,-0.1765,0.8871,-9.88,9.53,-0.06,26.69
98857,0.1354,-0.178,0.858,-8.75,9.25,0.14,26.68
98867,0.1304,-0.1794,0.8534,-6.37,9.47,0.4,26.67
98877,0.123,-0.1863,0.8734,-4.53,7.74,0.37,26.68
98887,0.1283,-0.1792,0.879,-3.95,5.51,-0.11,26.67
98897,0.1094,-0.1801,0.8651,-3.6,4.95,-0.24,26.7
98907,0.1189,-0.1735,0.8687,-3.27,5.37,-0.2,26.71
98917,0.136,-0.1678,0.8777,-3.8,6.02,-0.17,26.7
98927,0.1445,-0.1605,0.892,-5.37,6.72,-0.11,26.68
98937,0.1191,-0.1621,0.9056,-6.03,7.42,0.0,26.68
98947,0.1407,-0.1656,0.8962,-7.28,7.36,-0.12,26.68
98957,0.1262,-0.1628,0.8884,-8.85,8.43,-0.2,26.69
98967,0.1343,-0.1592,0.9348,-10.67,9.5,-0.02,26.68
98977,0.1339,-0.1646,0.8981,-13.82,10.52,-0.03,26.69
98987,0.1288,-0.1835,0.8706,-13.16,10.72,0.61,26.69
98997,0.1312,-0.1908,0.8486,-9.65,9.97,0.89,26.68
99007,0.1312,-0.1842,0.8424,-5.57,9.18,0.67,26.68
99017,0.1312,-0.1793,0.8665,-2.38,8.93,0.52,26.7
99027,0.126,-0.1667,0.91,-2.03,8.67,0.66,26.7
99037,0.1337,-0.1632,0.8959,-4.84,8.81,0.63,26.69
99047,0.1216,-0.1696,0.902,-6.41,9.39,0.4,26.69
99057,0.1101,-0.1771,0.9126,-7.94,8.11,0.0,26.67
99067,0.121,-0.1737,0.8978,-8.73,6.23,-0.47,26.66
99077,0.1238,-0.1786,0.869,-9.34,5.94,-0.52,26.71
99087,0.114,-0.1772,0.8502,-7.54,5.4,-1.22,26.68
99097,0.1207,-0.1726,0.8468,-4.96,3.56,-3.25,26.68
99107,0.1257,-0.1743,0.8754,-2.64,2.23,-4.99,26.67
99117,0.1326,-0.1763,0.8986,-1.91,1.4,-5.37,26.72
99127,0.1526,-0.1818,0.8606,-2.06,2.44,-3.76,26.71
99137,0.1525,-0.1813,0.8566,-0.99,5.83,-1.1,26.68
99147,0.1329,-0.1683,0.8922,-0.43,6.85,0.15,26.69
99157,0.1292,-0.1599,0.9089,-2.02,6.52,0.12,26.67
99167,0.1349,-0.1616,0.9058,-3.97,6.2,-0.03,26.69
99177,0.1423,-0.1638,0.8826,-5.47,6.89,0.02,26.68
99187,0.1367,-0.1698,0.8795,-6.02,7.95,0.12,26.67
99197,0.1338,-0.1726,0.8724,-5.13,7.89,0.05,26.69
99207,0.1339,-0.1703,0.8774,-3.86,7.66,0.2,26.69
99217,0.1293,-0.1652,0.9088,-3.83,7.48,0.15,26.69
99227,0.1295,-0.1591,0.916,-6.0,6.85,-0.14,26.66
99237,0.1394,-0.1599,0.8965,-8.41,7.51,-0.17,26.68
99247,0.1382,-0.1649,0.8801,-9.85,8.87,-0.11,26.72
99257,0.1318,-0.1748,0.865,-8.85,8.93,-0.06,26.67
99267,0.1298,-0.1753,0.861,-5.86,8.15,0.05,26.69
99277,0.1404,-0.1661,0.8792,-4.24,7.69,0.24,26.68
99287,0.1532,-0.1613,0.8698,-4.35,9.33,0.92,26.71
99297,0.1553,-0.157,0.8821,-4.79,11.4,2.78,26.69
99307,0.1479,-0.1565,0.9062,-4.9,11.79,5.76,26.69
99317,0.1278,-0.1636,0.8911,-5.88,11.86,7.01,26.7
99327,0.1259,-0.1735,0.876,-6.56,11.91,5.8,26.69
99337,0.1285,-0.1719,0.8816,-6.02,10.6,4.73,26.7
99347,0.129,-0.1647,0.8918,-5.97,9.92,4.24,26.68
99357,0.1301,-0.1681,0.8812,-6.24,10.11,4.34,26.7
99367,0.1278,-0.1766,0.859,-5.3,10.08,4.34,26.72
99377,0.1273,-0.1755,0.864,-3.05,9.57,4.21,26.69
99387,0.1299,-0.167,0.8849,-1.66,8.67,3.89,26.69
99397,0.1455,-0.1554,0.8844,-1.74,8.64,4.78,26.71
99407,0.1439,-0.1532,0.8943,-2.69,9.83,6.24,26.7
99417,0.1272,-0.1571,0.9142,-4.56,10.26,6.82,26.68
99427,0.1202,-0.1591,0.9177,-7.28,9.59,6.0,26.69
99437,0.104,-0.1642,0.9193,-10.24,8.92,3.86,26.71
99447,0.0939,-0.1631,0.9303,-12.95,8.05,1.24,26.7
99457,0.1121,-0.1613,0.9349,-15.71,6.21,-0.79,26.69
99467,0.1407,-0.1688,0.8961,-19.16,5.31,-1.57,26.71
99477,0.1122,-0.1678,0.9167,-20.55,5.04,-2.56,26.68
99487,0.109,-0.1686,0.892,-21.77,3.77,-4.49,26.71
99497,0.1349,-0.1915,0.7809,-20.4,2.18,-7.07,26.7
99507,0.1554,-0.2062,0.6611,-7.53,5.89,-5.48,26.71
99517,0.1617,-0.2075,0.7362,8.82,9.86,-0.81,26.7
99527,0.1057,-0.1711,0.9739,14.06,10.34,1.16,26.7
99537,0.0791,-0.1294,1.1221,5.04,4.2,0.21,26.69
99547,0.1444,-0.1096,1.0037,-11.1,3.6,-1.19,26.68
99557,0.1646,-0.1506,0.8583,-21.45,10.38,-0.93,26.69
99567,0.1294,-0.1962,0.8116,-19.56,13.91,0.09,26.69
99577,0.1028,-0.2117,0.8259,-10.75,10.6,0.14,26.72
99587,0.1116,-0.1969,0.8539,-2.35,5.86,-0.03,26.7
99597,0.1328,-0.1731,0.8796,1.02,4.0,-0.18,26.67
99607,0.1411,-0.1552,0.9055,-0.87,5.36,-0.08,26.7
99617,0.136,-0.1586,0.9147,-4.93,7.51,0.05,26.71
99627,0.1307,-0.1721,0.9008,-7.89,8.15,0.02,26.71
99637,0.1326,-0.1792,0.8701,-7.74,7.88,-0.11,26.68
99647,0.1393,-0.1742,0.8827,-8.87,8.67,-0.15,26.71
99657,0.1326,-0.1785,0.8627,-7.92,8.66,-0.03,26.7
99667,0.1356,-0.1788,0.8578,-5.07,8.31,0.17,26.7
99677,0.1284,-0.1731,0.8767,-3.24,8.05,0.12,26.73
99687,0.1254,-0.1687,0.8975,-3.18,7.79,0.14,26.71
99697,0.126,-0.1682,0.9009,-4.29,7.71,0.11,26.68
99708,0.1317,-0.1627,0.8979,-6.49,8.31,0.03,26.7
99718,0.1259,-0.171,0.8832,-8.09,8.96,0.05,26.69
99728,0.1266,-0.1722,0.874,-7.86,8.93,0.08,26.72
99738,0.1241,-0.1724,0.8792,-7.02,8.52,0.03,26.7
99748,0.1306,-0.172,0.8871,-6.55,8.2,0.0,26.7
99758,0.1301,-0.1708,0.8925,-6.85,8.2,-0.03,26.72
99768,0.1316,-0.1731,0.8873,-7.34,8.23,-0.09,26.72
99778,0.1317,-0.1718,0.8795,-7.19,7.94,-0.08,26.69
99788,0.1326,-0.168,0.8866,-7.66,8.37,-0.08,26.68
99798,0.1261,-0.1749,0.8911,-8.03,8.05,-0.17,26.69
99808,0.1311,-0.1722,0.8729,-7.42,7.73,-0.18,26.69
99818,0.1348,-0.1724,0.8727,-6.49,8.24,-0.05,26.69
99828,0.1344,-0.1702,0.8894,-6.67,8.81,0.06,26.71
99838,0.1279,-0.1687,0.9026,-8.21,9.1,0.11,26.69
99848,0.1282,-0.1764,0.875,-8.34,8.6,0.0,26.71
99858,0.1318,-0.1729,0.8708,-6.93,8.2,-0.02,26.72
99868,0.1294,-0.1676,0.8901,-8.46,9.33,0.02,26.67
99878,0.1256,-0.1805,0.8748,-8.49,9.13,0.0,26.7
99888,0.1187,-0.1837,0.8717,-6.46,7.5,-0.17,26.69
99898,0.1277,-0.1818,0.8674,-3.45,5.54,-0.38,26.7
99908,0.1249,-0.1719,0.8701,-1.16,4.49,-1.04,26.7
99918,0.1301,-0.1733,0.8838,-0.44,3.91,-1.85,26.71
99928,0.1438,-0.1749,0.8928,-0.95,4.73,-0.95,26.72
99938,0.1432,-0.1654,0.8818,-2.56,7.22,0.18,26.72
99948,0.1271,-0.1661,0.8901,-4.05,9.07,0.67,26.7
99958,0.1138,-0.1694,0.9047,-4.53,8.26,0.44,26.74
99968,0.1215,-0.1616,0.9094,-6.11,7.04,-0.15,26.7
99978,0.1267,-0.1593,0.9081,-9.65,7.37,-0.43,26.71
99988,0.1307,-0.177,0.8574,-9.59,7.44,-0.44,26.71
99998,0.1327,-0.1769,0.8536,-6.9,7.48,-0.18,26.71
100008,0.1288,-0.1699,0.8962,-5.91,6.98,-0.2,26.7
100018,0.1409,-0.1687,0.8818,-5.65,6.29,-0.27,26.7
100028,0.1444,-0.1638,0.8782,-5.91,7.08,-0.17,26.71
100038,0.142,-0.162,0.895,-6.55,8.05,-0.03,26.68
100048,0.1283,-0.1719,0.8831,-5.33,7.19,-0.31,26.73
100058,0.1202,-0.167,0.8856,-4.02,5.28,-0.93,26.73
100068,0.1366,-0.1699,0.8763,-4.2,5.47,-1.6,26.71
100078,0.1396,-0.1705,0.8689,-4.52,7.05,-0.99,26.72
100088,0.1329,-0.1783,0.8663,-2.99,6.73,-0.46,26.72
100098,0.1451,-0.1653,0.8622,-1.28,7.3,0.21,26.7
100108,0.1276,-0.1663,0.9044,-2.14,8.47,0.44,26.7
100118,0.1202,-0.1608,0.9332,-4.73,7.13,0.0,26.7
100128,0.1368,-0.1528,0.9052,-7.98,7.1,-0.32,26.7
100138,0.1395,-0.1615,0.8708,-10.2,9.1,-0.21,26.69
100148,0.121,-0.1754,0.8618,-9.3,9.73,-0.09,26.7
100158,0.1167,-0.1799,0.8641,-5.69,7.5,-0.17,26.7
100168,0.12,-0.1794,0.8612,-1.56,5.04,-0.24,26.69
100178,0.1133,-0.1688,0.8469,2.67,3.13,-1.37,26.69
100188,0.1332,-0.1687,0.8774,6.38,0.75,-2.93,26.72
100198,0.1658,-0.1425,0.943,3.54,2.89,-1.47,26.71
100208,0.1493,-0.1234,0.964,-6.24,7.15,-0.32,26.74
100218,0.1403,-0.1511,0.9114,-14.0,9.3,-0.47,26.71
100228,0.1444,-0.1692,0.858,-15.28,10.35,-0.31,26.71
100238,0.1331,-0.1809,0.8409,-11.77,10.52,-0.12,26.69
100248,0.1259,-0.1849,0.849,-6.87,8.72,0.06,26.72
100258,0.1343,-0.1755,0.8699,-2.49,6.63,0.06,26.72
100268,0.1378,-0.1552,0.9088,-2.79,6.73,0.05,26.73
100278,0.1383,-0.1547,0.9232,-6.15,7.63,-0.14,26.71
100288,0.1334,-0.1556,0.9143,-9.42,7.94,-0.56,26.71
100298,0.1244,-0.1652,0.8855,-11.27,8.11,-1.56,26.71
100308,0.1302,-0.1729,0.8575,-10.7,8.27,-3.13,26.7
100318,0.1467,-0.1777,0.8469,-6.64,7.31,-2.06,26.69
100328,0.1373,-0.1731,0.8606,-2.06,6.64,-0.84,26.7
100338,0.1132,-0.1677,0.9009,-1.91,6.5,-2.15,26.69
100348,0.1096,-0.1641,0.9209,-4.2,5.07,-5.02,26.71
100358,0.1438,-0.1583,0.9146,-6.08,1.83,-6.23,26.69
100368,0.1653,-0.1652,0.8137,-7.3,1.5,-6.46,26.7
100378,0.1777,-0.1605,0.8042,-7.74,6.31,-6.49,26.69
100388,0.1526,-0.1561,0.91,-7.5,8.73,-4.46,26.72
100398,0.1377,-0.1536,0.9274,-7.95,6.82,-2.35,26.69
100408,0.1117,-0.1449,0.9303,-11.48,6.9,-3.97,26.72
100418,0.1306,-0.157,0.8912,-16.09,8.05,-6.96,26.69
100428,0.1331,-0.1639,0.8727,-17.65,9.07,-8.85,26.7
100439,0.1631,-0.1683,0.8654,-16.93,10.03,-8.58,26.69
100449,0.16,-0.1686,0.8729,-16.34,11.08,-6.37,26.7
100459,0.168,-0.1735,0.8798,-15.47,11.56,-3.63,26.72
100469,0.1572,-0.1848,0.8481,-13.63,12.26,-0.69,26.72
100479,0.1415,-0.1829,0.8557,-10.56,12.21,0.26,26.72
100489,0.1295,-0.1827,0.8875,-7.57,10.34,0.34,26.72
100499,0.1298,-0.1686,0.9243,-7.98,8.53,-0.05,26.69
100509,0.13,-0.1683,0.9119,-10.23,7.86,-0.73,26.7
100519,0.1409,-0.1605,0.8973,-12.84,8.35,-1.25,26.71
100529,0.1351,-0.1654,0.9036,-16.61,11.04,-2.5,26.72
100539,0.1324,-0.1674,0.9347,-20.52,11.54,-3.01,26.72
100549,0.1191,-0.1835,0.9073,-23.16,9.88,-3.71,26.71
100559,0.1263,-0.2111,0.8248,-19.79,7.54,-3.66,26.7
100569,0.1483,-0.2325,0.7472,-9.77,4.93,-2.12,26.7
100579,0.1656,-0.3527,0.5198,16.5,-1.53,2.49,26.71
100589,0.1874,-0.2297,0.6605,57.24,-10.2,12.08,26.71
100599,0.1553,-0.1089,0.9918,61.6,-5.95,14.75,26.72
100609,0.0833,-0.0571,1.1959,36.17,4.55,6.21,26.71
100619,0.1094,-0.0181,1.1639,-0.52,1.59,0.24,26.71
100629,0.1743,-0.0834,1.048,-27.27,4.29,-1.5,26.71
100639,0.2065,-0.1511,0.818,-36.32,12.9,-1.68,26.71
100649,0.1204,-0.2653,0.6239,-23.18,13.39,-0.56,26.74
100659,0.1234,-0.2448,0.7122,7.65,4.81,0.56,26.71
100669,0.1541,-0.1251,1.0,14.99,4.43,1.27,26.69
100679,0.1232,-0.0665,1.0695,-2.41,12.47,0.29,26.69
100689,0.1274,-0.1093,0.9871,-21.15,8.99,-0.72,26.72
100699,0.1569,-0.1567,0.9067,-27.4,10.89,-0.87,26.72
100709,0.1543,-0.194,0.801,-23.48,13.77,-0.08,26.72
100719,0.1367,-0.2107,0.7858,-13.04,13.54,1.42,26.73
100729,0.1241,-0.1967,0.8356,-2.24,9.77,1.88,26.74
100739,0.1399,-0.1646,0.9056,1.71,7.66,0.76,26.72
100749,0.1434,-0.145,0.9244,-2.18,8.24,0.31,26.72
100759,0.1361,-0.1545,0.9265,-7.94,8.41,-0.06,26.73
100769,0.1296,-0.1667,0.8845,-9.56,6.69,-0.29,26.7
100779,0.1536,-0.171,0.8528,-7.51,6.29,-0.38,26.7
100789,0.1476,-0.1672,0.8527,-5.01,7.11,-0.03,26.73
100799,0.1379,-0.1631,0.8887,-3.82,7.6,0.18,26.7
100809,0.1364,-0.1564,0.9069,-4.7,7.51,0.05,26.72
100819,0.1348,-0.152,0.8944,-6.85,7.45,-0.12,26.71
100829,0.1504,-0.1555,0.8904,-8.58,8.08,0.34,26.72
100839,0.1414,-0.1577,0.9027,-10.84,10.27,0.69,26.71
100849,0.1451,-0.1698,0.8949,-12.82,11.36,2.29,26.7
100859,0.1407,-0.1711,0.8524,-11.56,12.03,3.07,26.72
100869,0.1271,-0.1776,0.843,-7.48,11.1,2.23,26.7
100879,0.119,-0.1733,0.8774,-3.53,8.44,0.89,26.7
100889,0.1312,-0.1625,0.9058,-2.38,6.29,0.12,26.69
100899,0.1412,-0.1573,0.9043,-4.29,6.29,-0.06,26.72
100909,0.1448,-0.1591,0.8861,-6.63,7.33,-0.08,26.69
100919,0.1414,-0.1692,0.8779,-7.19,8.21,-0.05,26.71
100929,0.1367,-0.1698,0.8652,-5.95,8.14,0.0,26.71
100939,0.1414,-0.1696,0.8715,-3.95,7.73,0.11,26.7
100949,0.1415,-0.163,0.8921,-3.56,7.77,0.31,26.7
100959,0.1403,-0.1592,0.913,-5.44,8.23,0.15,26.71
100969,0.1378,-0.1556,0.9146,-8.18,8.56,-0.03,26.71
100979,0.1395,-0.1631,0.8943,-9.89,8.41,-0.06,26.72
100989,0.141,-0.1707,0.8776,-10.02,8.66,0.05,26.71
100999,0.1407,-0.176,0.8634,-8.29,8.63,0.34,26.71
101009,0.1479,-0.1716,0.8615,-5.98,8.7,1.18,26.72
101019,0.1387,-0.1569,0.8901,-5.95,9.57,1.59,26.68
101029,0.1299,-0.1562,0.9066,-7.31,9.19,0.49,26.71
101039,0.1301,-0.1599,0.8999,-8.11,8.08,-0.08,26.71
101049,0.1351,-0.1685,0.8702,-7.66,7.44,-0.41,26.69
101059,0.1377,-0.1652,0.8712,-6.64,7.65,-0.23,26.7
101069,0.1389,-0.1681,0.8662,-5.62,7.86,0.11,26.7
101079,0.14,-0.1781,0.8434,-3.44,7.71,0.32,26.72
101089,0.1349,-0.1823,0.8416,0.95,6.92,0.43,26.69
101099,0.1302,-0.1788,0.8672,5.05,5.36,0.55,26.73
101109,0.1232,-0.1667,0.8904,7.54,3.6,-0.12,26.71
101119,0.119,-0.1532,0.9294,7.05,1.48,-1.71,26.71
101129,0.1371,-0.1532,0.9062,4.41,0.43,-2.7,26.7
101139,0.1621,-0.1407,0.8944,2.09,1.92,-1.48,26.7
101149,0.1521,-0.1379,0.9045,-1.37,4.78,-0.35,26.71
101159,0.1445,-0.1455,0.8977,-4.26,6.15,-0.05,26.72
101169,0.1447,-0.1616,0.8638,-3.95,6.11,0.0,26.7
101179,0.144,-0.1674,0.844,-0.37,6.06,0.37,26.71
101189,0.1406,-0.1615,0.8636,2.56,5.44,0.55,26.73
101199,0.1456,-0.1372,0.9167,2.95,5.15,0.6,26.74
101209,0.1473,-0.1271,0.9286,-1.07,5.47,0.49,26.73
101219,0.1584,-0.127,0.9191,-6.63,6.92,0.64,26.72
101229,0.1836,-0.1241,0.9016,-9.63,9.15,3.21,26.69
101239,0.171,-0.1332,0.8851,-11.68,11.76,6.92,26.7
101249,0.1333,-0.1438,0.8937,-13.62,14.15,7.36,26.72
101259,0.1102,-0.1589,0.9127,-15.86,13.54,4.55,26.69
101269,0.1057,-0.1758,0.8744,-15.47,10.27,1.16,26.71
101279,0.1343,-0.1853,0.8098,-9.36,7.13,-0.23,26.73
101289,0.1462,-0.1846,0.7927,-1.04,6.12,0.02,26.7
101299,0.1389,-0.1738,0.8293,7.08,5.01,0.29,26.71
101309,0.1362,-0.1488,0.9189,10.14,2.98,0.4,26.7
101319,0.1461,-0.1241,0.9637,5.86,2.47,0.49,26.71
101329,0.1602,-0.118,0.9387,-2.06,4.12,0.82,26.72
101339,0.1569,-0.132,0.8942,-5.98,6.49,1.56,26.69
101349,0.1326,-0.1462,0.897,-8.31,8.32,0.55,26.71
101359,0.1293,-0.1449,0.9058,-8.34,6.35,-0.6,26.71
101369,0.1251,-0.1349,0.858,-6.87,3.73,-2.44,26.71
101379,0.1477,-0.1548,0.8461,-4.15,2.34,-4.73,26.72
101389,0.1573,-0.1683,0.8411,0.24,2.47,-3.37,26.72
101399,0.1642,-0.1606,0.8325,4.73,4.0,0.02,26.71
101409,0.1598,-0.1487,0.8665,7.85,4.79,1.4,26.71
101419,0.1693,-0.1233,0.9153,8.9,4.17,3.91,26.71
101429,0.129,-0.1206,0.9296,4.75,5.01,3.59,26.72
101439,0.136,-0.1113,0.9651,-1.97,5.56,-0.08,26.69
101449,0.1487,-0.1101,0.9388,-8.08,5.66,-0.82,26.73
101459,0.1532,-0.1149,0.9154,-13.21,7.37,-1.62,26.73
101469,0.1545,-0.1455,0.8674,-14.09,7.98,-1.21,26.71
101479,0.1531,-0.1543,0.8406,-9.95,7.97,-0.38,26.69
101489,0.1511,-0.1462,0.8536,-5.88,7.94,0.03,26.71
101499,0.1516,-0.1367,0.881,-3.85,7.91,0.06,26.72
101509,0.1508,-0.1246,0.9174,-5.74,8.35,-0.08,26.72
101519,0.1483,-0.1306,0.886,-7.24,8.27,-0.56,26.73
101529,0.1571,-0.1475,0.8748,-5.88,8.02,-0.34,26.72
101539,0.1484,-0.1422,0.8816,-4.52,8.03,0.29,26.72
101549,0.1455,-0.1387,0.9021,-3.98,7.21,0.21,26.74
101559,0.1527,-0.123,0.9227,-5.76,6.95,-0.14,26.72
101569,0.1481,-0.1174,0.932,-10.46,7.83,-0.52,26.72
101579,0.153,-0.1371,0.8763,-13.05,8.03,-0.63,26.72
101589,0.1577,-0.157,0.8245,-9.4,8.08,-0.24,26.73
101599,0.1469,-0.1628,0.8193,-3.13,7.83,0.18,26.71
101609,0.1436,-0.1565,0.8429,3.21,6.4,0.37,26.72
101619,0.1517,-0.1333,0.891,6.87,4.67,0.32,26.73
101629,0.1631,-0.1058,0.9292,5.86,3.8,1.22,26.71
101639,0.1589,-0.1049,0.9193,2.47,3.27,1.63,26.73
101649,0.1508,-0.1328,0.9041,-0.15,3.56,1.42,26.72
101659,0.1429,-0.144,0.8898,-0.49,3.31,0.9,26.73
101669,0.1409,-0.1334,0.876,0.98,1.76,-0.41,26.7
101679,0.1649,-0.0852,0.8701,3.15,-0.53,-1.22,26.73
101689,0.1853,-0.0742,0.8402,6.78,-2.29,-0.17,26.73
101699,0.2087,-0.0406,0.8309,14.31,-3.21,2.49,26.74
101709,0.2213,-0.0204,0.8109,25.22,-3.1,4.96,26.73
101719,0.1976,0.025,1.077,27.65,-0.66,3.92,26.72
101729,0.1488,-0.0525,1.1023,-5.85,2.78,3.82,26.72
101739,0.1613,-0.1223,0.8602,-15.53,-6.4,7.42,26.72
101749,0.1304,-0.1842,0.8519,-11.47,2.05,9.83,26.73
101759,0.0806,-0.1437,0.8782,-10.47,8.21,4.75,26.72
101769,0.1241,-0.1405,0.8961,-9.62,4.96,1.48,26.73
101779,0.1556,-0.1842,0.8517,-6.14,4.06,0.27,26.69
101789,0.1731,-0.231,0.8848,-6.32,5.69,0.61,26.71
101799,0.1642,-0.1871,0.8994,-7.91,5.92,-0.9,26.74
101809,0.1771,-0.1329,0.88,-7.5,5.31,-1.82,26.73
101819,0.173,-0.1232,0.8612,-5.98,7.02,-1.85,26.73
101829,0.1779,-0.1254,0.8745,-4.23,8.27,-1.95,26.72
101839,0.1825,-0.1128,0.879,-2.99,9.07,-0.96,26.72
101849,0.1758,-0.1112,0.8806,-2.34,10.52,-0.05,26.72
101859,0.1608,-0.1135,0.902,-2.27,11.05,-0.41,26.72
101869,0.1466,-0.0948,0.9812,-5.18,12.34,-2.58,26.72
101879,0.1699,-0.2106,1.0737,-25.25,15.53,-2.02,26.71
101889,0.1487,-0.2562,0.9801,-47.01,17.59,3.5,26.74
101899,0.1047,-0.2206,0.8984,-55.31,21.27,2.46,26.73
101909,0.2108,-0.124,0.9454,-51.74,24.0,-3.34,26.73
101919,0.1842,-0.1506,0.7046,-38.29,24.0,-10.67,26.73
101929,0.1738,-0.022,0.7699,-21.36,17.88,-10.99,26.72
101939,0.2029,0.073,0.8187,-5.6,12.46,-5.54,26.71
101950,0.2272,-0.0844,0.9324,-0.52,15.4,1.68,26.72
101960,0.1616,-0.114,0.9667,-13.37,24.37,5.5,26.72
101970,0.1107,-0.1265,0.9707,-22.14,19.34,8.6,26.71
101980,0.0897,-0.1593,0.8844,-24.66,10.66,3.91,26.73
101990,0.1558,-0.1733,0.8088,-16.5,6.87,-0.32,26.73
102000,0.1683,-0.181,0.7814,-8.29,6.27,-0.29,26.72
102010,0.136,-0.1836,0.8069,1.77,6.08,0.17,26.72
102020,0.1458,-0.1466,0.8964,6.6,4.63,0.53,26.71
102030,0.1508,-0.1185,0.9581,2.43,5.42,0.27,26.73
102041,0.155,-0.1196,0.9397,-6.99,7.56,-0.11,26.73
102051,0.1514,-0.1392,0.8965,-11.02,8.75,-0.27,26.72
102061,0.151,-0.1528,0.8623,-10.81,9.45,-0.15,26.75
102071,0.1465,-0.1605,0.8567,-8.08,9.07,0.05,26.74
102081,0.1477,-0.1531,0.8762,-5.33,8.05,0.08,26.71
102091,0.1517,-0.1458,0.8934,-4.55,7.5,0.05,26.73
102101,0.1553,-0.1399,0.9089,-6.08,8.14,0.09,26.69
102111,0.1471,-0.1449,0.9043,-8.4,8.87,-0.06,26.73
102121,0.1469,-0.1469,0.8937,-8.76,8.82,0.03,26.72
102131,0.1428,-0.1554,0.8832,-8.67,8.63,-0.14,26.72
102141,0.1469,-0.157,0.8711,-7.24,7.94,-0.11,26.72
102151,0.1489,-0.1533,0.8704,-5.01,7.65,0.06,26.73
102161,0.1522,-0.1458,0.8851,-4.32,7.74,0.03,26.73
102171,0.1484,-0.1373,0.9061,-6.02,8.9,0.23,26.72
102181,0.1393,-0.1422,0.9166,-8.87,9.15,0.03,26.73
102191,0.1383,-0.1498,0.8981,-9.8,8.44,-0.26,26.71
102201,0.1498,-0.1553,0.8639,-8.53,8.14,-0.15,26.73
102211,0.1427,-0.1559,0.8765,-6.76,8.12,-0.2,26.72
102221,0.1464,-0.1554,0.8549,-4.81,7.54,0.0,26.74
102231,0.1515,-0.1439,0.8784,-3.33,7.97,0.23,26.72
102241,0.1477,-0.1411,0.9072,-4.06,8.49,0.15,26.72
102251,0.1403,-0.141,0.9025,-5.73,7.83,-0.06,26.72
102261,0.1478,-0.1445,0.8986,-6.95,7.27,-0.17,26.74
102271,0.1499,-0.1499,0.8837,-7.22,7.53,-0.17,26.76
102281,0.1511,-0.1487,0.8806,-6.63,7.5,-0.05,26.74
102291,0.1543,-0.1425,0.895,-6.24,7.4,-0.05,26.74
102301,0.1477,-0.1489,0.8918,-7.05,8.03,-0.05,26.73
102311,0.1495,-0.1525,0.8828,-7.42,8.24,-0.06,26.71
102321,0.1544,-0.1488,0.8728,-6.67,8.12,0.0,26.72
102331,0.1495,-0.1503,0.8804,-5.69,8.41,0.08,26.71
102341,0.1506,-0.1444,0.9027,-5.66,8.41,0.12,26.73
102351,0.1565,-0.1401,0.9133,-7.53,9.51,0.35,26.73
102361,0.1383,-0.1448,0.9152,-10.41,9.47,0.08,26.74
102371,0.1418,-0.1547,0.8951,-10.46,8.02,-0.32,26.73
102381,0.1454,-0.1575,0.8654,-8.81,7.31,-0.46,26.72
102391,0.1465,-0.1625,0.8513,-6.53,7.6,-0.23,26.72
102401,0.1469,-0.1466,0.8784,-4.66,7.42,0.08,26.74
102411,0.1494,-0.1368,0.9045,-5.63,7.88,0.14,26.72
102421,0.1437,-0.1423,0.8876,-7.34,8.69,-0.14,26.73
102431,0.1481,-0.1541,0.8817,-7.18,8.67,0.0,26.71
102441,0.1511,-0.1528,0.8735,-5.73,9.04,0.15,26.7
102451,0.1498,-0.1543,0.8721,-3.89,10.0,0.34,26.73
102461,0.1481,-0.1511,0.8842,-2.79,9.5,0.35,26.73
102471,0.1514,-0.1544,0.8599,-1.73,10.02,0.53,26.75
102481,0.1448,-0.144,0.8942,-0.87,10.31,0.64,26.74
102491,0.1421,-0.1401,0.9137,-1.89,9.98,0.52,26.71
102501,0.1339,-0.1355,0.922,-5.24,8.37,0.2,26.73
102511,0.1423,-0.1375,0.9122,-8.32,6.64,-0.24,26.73
102521,0.1433,-0.1382,0.9153,-10.99,5.1,-0.49,26.74
102531,0.145,-0.1481,0.886,-12.53,6.17,-0.41,26.73
102541,0.1599,-0.1552,0.8585,-11.59,6.17,-0.14,26.72
102552,0.1602,-0.1531,0.8556,-8.34,9.04,0.81,26.74
102562,0.1376,-0.1484,0.8959,-7.31,7.98,1.65,26.74
102572,0.1198,-0.1349,0.9559,-9.44,7.66,-0.12,26.74
102582,0.1514,-0.1362,0.9539,-15.53,5.98,-1.44,26.75
102592,0.1698,-0.1472,0.8408,-18.37,8.37,-0.95,26.74
102602,0.1606,-0.1696,0.7782,-14.6,12.35,0.37,26.74
102612,0.1624,-0.1809,0.8146,-5.62,11.79,2.14,26.74
102622,0.1626,-0.1655,0.8357,2.81,10.64,5.28,26.76
102632,0.1543,-0.1464,0.8793,5.04,11.76,6.67,26.73
102642,0.1379,-0.1423,0.9271,3.02,12.69,6.58,26.75
102653,0.1417,-0.1371,0.9326,-1.74,12.18,6.02,26.73
102663,0.1624,-0.1501,0.8682,-3.24,11.91,6.24,26.75
102673,0.1742,-0.141,0.8718,-0.89,12.06,9.44,26.72
102683,0.1505,-0.1433,0.8926,0.37,12.46,12.29,26.75
102693,0.11,-0.1472,0.9131,-1.22,12.47,11.01,26.75
102703,0.1033,-0.1462,0.9265,-4.23,11.05,7.01,26.72
102713,0.1116,-0.1382,0.9362,-9.18,9.6,2.84,26.75
102723,0.1372,-0.1428,0.8929,-12.09,9.94,1.19,26.76
102733,0.1504,-0.1429,0.8878,-12.75,10.84,2.0,26.74
102743,0.1624,-0.1433,0.8586,-11.83,11.51,4.96,26.77
102753,0.1456,-0.1525,0.8611,-9.88,12.96,7.31,26.75
102763,0.0931,-0.1741,0.8812,-8.5,11.98,5.3,26.75
102773,0.098,-0.1775,0.8705,-5.19,8.09,1.15,26.75
102783,0.1226,-0.1619,0.8955,-1.28,4.11,0.03,26.73
102793,0.1257,-0.1494,0.9159,-0.84,2.11,-0.44,26.75
102803,0.1216,-0.1461,0.9147,-2.34,0.61,-1.28,26.74
102813,0.0414,-0.1892,0.8621,-3.27,-3.02,-9.57,26.75
102823,0.0051,-0.1721,0.9424,-4.56,-9.25,-22.6,26.74
102833,0.0953,-0.1378,0.9399,-7.71,-12.27,-30.69,26.74
102843,0.1785,-0.1301,0.891,-12.55,-11.79,-32.98,26.74
102853,0.2523,-0.1487,0.7737,-10.85,-5.13,-26.9,26.74
102863,0.3184,-0.1122,0.7562,-1.83,5.89,-11.44,26.74
102873,0.2218,-0.1401,0.8517,4.31,14.52,4.35,26.74
102883,0.1312,-0.1215,0.9611,0.49,19.33,5.77,26.73
102893,0.1165,-0.1066,0.981,-6.79,15.97,2.69,26.73
102903,0.1367,-0.1294,0.9299,-12.73,12.69,0.35,26.73
102913,0.1471,-0.1517,0.882,-14.12,11.6,0.11,26.74
102923,0.1458,-0.1646,0.8667,-11.59,10.03,0.69,26.74
102933,0.1375,-0.1548,0.8748,-8.46,7.82,1.3,26.74
102943,0.142,-0.1434,0.8851,-7.16,6.43,0.61,26.73
102953,0.144,-0.1401,0.8909,-7.53,6.09,0.03,26.74
102963,0.1492,-0.1461,0.8785,-7.82,6.2,-0.05,26.76
102973,0.1519,-0.1508,0.8756,-7.28,6.69,0.05,26.75
102983,0.15,-0.1509,0.8727,-6.18,7.59,0.09,26.74
102993,0.1514,-0.1477,0.8842,-5.63,8.56,0.12,26.74
103003,0.149,-0.1456,0.8927,-5.8,9.25,0.05,26.74
103013,0.1469,-0.1454,0.8927,-6.69,9.47,0.11,26.74
103023,0.145,-0.1475,0.8939,-7.47,9.44,0.03,26.74
103033,0.1456,-0.1479,0.8876,-7.57,9.22,0.09,26.76
103043,0.1497,-0.1477,0.8832,-7.4,9.1,0.2,26.72
103053,0.1285,-0.1489,0.8685,-7.36,8.38,-0.21,26.74
103063,0.1534,-0.177,0.8837,-0.35,1.97,-0.76,26.74
103073,0.1489,-0.1359,0.8898,1.04,5.31,-1.11,26.78
103083,0.1824,-0.1241,0.9603,-3.85,8.81,0.32,26.73
103093,0.1283,-0.1151,0.9288,-11.11,13.37,0.38,26.75
103103,0.151,-0.1521,0.901,-15.21,11.57,0.56,26.76
103113,0.1753,-0.1565,0.8212,-10.82,11.57,2.78,26.75
103123,0.1669,-0.1517,0.8412,-5.33,12.99,6.87,26.72
103133,0.1212,-0.163,0.9037,-3.63,14.55,6.84,26.73
103143,0.0933,-0.1394,0.9519,-7.07,12.4,3.4,26.75
103153,0.1049,-0.1356,0.9055,-10.26,6.75,0.18,26.74
103163,0.1519,-0.1652,0.8538,-10.24,2.84,-0.73,26.74
103173,0.1597,-0.1685,0.8207,-5.45,5.02,0.02,26.75
103183,0.1437,-0.1504,0.8701,-0.15,6.93,0.31,26.77
103193,0.132,-0.137,0.9326,-0.66,5.8,0.02,26.72
103203,0.1448,-0.1324,0.9203,-3.82,3.13,-0.41,26.74
103213,0.1619,-0.1497,0.8441,-4.56,3.22,-0.27,26.74
103223,0.1588,-0.1621,0.8879,3.42,6.82,-0.05,26.74
103233,0.1339,-0.1343,0.9054,4.85,6.52,0.23,26.74
103243,0.1587,-0.127,0.9222,3.16,6.37,0.18,26.74
103253,0.146,-0.0967,0.9589,-3.95,9.59,0.24,26.74
103263,0.1478,-0.0974,0.9928,-17.08,12.92,-0.02,26.74
103273,0.1064,-0.1281,0.9038,-24.73,12.02,-0.81,26.77
103283,0.1467,-0.1636,0.8768,-22.96,6.46,-1.16,26.74
103293,0.1545,-0.1448,0.8759,-18.4,7.66,-0.84,26.74
103303,0.1478,-0.1514,0.8906,-19.88,8.15,-0.2,26.74
103313,0.1611,-0.1757,0.821,-17.04,7.6,-0.52,26.73
103323,0.1643,-0.174,0.7836,-8.98,7.62,-0.09,26.75
103333,0.1415,-0.1696,0.8572,-3.63,8.69,0.15,26.76
103343,0.1301,-0.1658,0.8857,-0.26,6.72,0.05,26.75
103353,0.1532,-0.1473,0.8715,1.02,5.63,0.09,26.75
103363,0.1536,-0.144,0.8885,0.34,7.15,0.18,26.75
103373,0.1406,-0.1453,0.9216,-1.33,7.37,0.06,26.75
103383,0.1481,-0.1393,0.9138,-4.4,8.26,0.18,26.74
103393,0.1287,-0.1414,0.8978,-7.19,8.85,-0.14,26.74
103403,0.1453,-0.1514,0.897,-6.7,6.09,-0.24,26.73
103413,0.158,-0.1493,0.8502,-5.11,6.53,0.08,26.75
103423,0.1592,-0.147,0.8905,-4.08,7.73,-0.06,26.75
103433,0.1373,-0.1246,0.9323,-8.26,9.05,0.05,26.74
103443,0.1445,-0.1407,0.9014,-10.52,8.2,-0.24,26.76
103453,0.1616,-0.1445,0.8668,-10.84,9.11,0.05,26.75
103463,0.146,-0.162,0.8705,-10.0,10.5,0.26,26.74
103474,0.1398,-0.1566,0.8894,-7.57,8.9,0.21,26.74
103484,0.1586,-0.1443,0.8987,-7.66,9.28,0.46,26.77
103494,0.1548,-0.1462,0.8838,-8.53,9.86,1.77,26.77
103504,0.1481,-0.1667,0.8845,-7.57,9.25,2.84,26.74
103514,0.1565,-0.1566,0.8645,-5.48,9.69,3.91,26.74
103524,0.1332,-0.1515,0.8662,-3.11,8.84,2.84,26.76
103534,0.1324,-0.1593,0.8856,-1.48,7.48,1.16,26.75
103544,0.1473,-0.1519,0.8896,-1.54,7.01,0.78,26.74
103554,0.1592,-0.1482,0.8926,-2.4,8.02,1.42,26.77
103564,0.1313,-0.1475,0.9143,-4.03,8.67,1.97,26.76
103574,0.1293,-0.1399,0.9293,-6.12,7.47,0.09,26.77
103584,0.1455,-0.1436,0.896,-7.4,6.02,-0.47,26.75
103594,0.1544,-0.146,0.8702,-7.27,6.75,-0.26,26.77
103604,0.1389,-0.1451,0.8862,-7.24,7.47,-0.17,26.75
103614,0.1368,-0.1461,0.8875,-8.05,7.31,-0.21,26.75
103624,0.1418,-0.1523,0.8516,-7.3,7.71,-0.05,26.74
103634,0.1407,-0.1486,0.8677,-6.12,8.81,0.2,26.74
103644,0.1406,-0.1562,0.8551,-4.82,8.95,0.5,26.75
103654,0.1594,-0.1484,0.8484,-1.59,9.51,1.33,26.76
103664,0.1779,-0.1344,0.908,0.12,11.86,4.69,26.76
103674,0.114,-0.1337,0.9354,-3.33,12.47,5.83,26.75
103684,0.0868,-0.1372,0.9822,-9.27,9.31,1.33,26.74
103694,0.1273,-0.1412,0.9248,-14.03,5.16,-1.11,26.75
103704,0.1555,-0.1465,0.8739,-15.4,6.84,-0.89,26.77
103714,0.1515,-0.1697,0.8473,-13.45,8.03,-0.58,26.75
103724,0.132,-0.1683,0.8585,-9.37,7.22,-0.5,26.76
103734,0.1509,-0.1626,0.8339,-4.58,5.63,-0.21,26.74
103744,0.1576,-0.1558,0.84,-1.19,6.89,0.2,26.76
103754,0.1488,-0.1506,0.8875,0.18,7.76,0.58,26.74
103764,0.15,-0.1447,0.8981,-0.53,7.73,0.6,26.73
103775,0.1589,-0.1497,0.864,-0.76,8.55,1.04,26.75
103785,0.1422,-0.1587,0.89,-0.43,8.24,0.85,26.77
103795,0.1287,-0.1405,0.9443,1.74,6.9,0.61,26.75
103805,0.1333,-0.1296,0.9204,-1.91,5.39,0.03,26.76
103815,0.1495,-0.1317,0.9152,-5.3,5.22,-0.35,26.78
103825,0.1477,-0.1447,0.8976,-7.3,5.82,-0.43,26.74
103835,0.1472,-0.1417,0.8914,-7.37,6.7,-0.43,26.76
103845,0.1182,-0.1342,0.906,-8.46,6.29,-1.53,26.74
103855,0.0916,-0.1433,0.8931,-7.53,1.24,-6.46,26.73
103865,0.1127,-0.1801,0.9033,-8.21,-0.17,-11.92,26.74
103875,0.1868,-0.1259,0.9022,-10.56,1.04,-12.21,26.73
103885,0.2198,-0.1268,0.845,-10.26,4.05,-5.88,26.75
103895,0.1946,-0.144,0.8004,-7.95,10.06,0.31,26.75
103905,0.1794,-0.1377,0.8635,-6.72,15.59,2.99,26.75
103915,0.1499,-0.1445,0.9154,-5.31,15.4,6.52,26.77
103925,0.1298,-0.1523,0.8771,-4.67,14.67,6.35,26.75
103935,0.1237,-0.1562,0.889,-4.32,14.85,3.94,26.77
103945,0.1215,-0.1409,0.9185,-5.11,13.3,2.49,26.76
103955,0.1007,-0.1517,0.9109,-6.49,9.77,1.04,26.74
103965,0.1273,-0.1505,0.9054,-6.0,5.88,-0.24,26.76
103975,0.1411,-0.1539,0.8667,-4.69,3.68,-0.44,26.76
103985,0.1484,-0.1471,0.8733,-2.44,3.15,-0.41,26.74
103995,0.1473,-0.1377,0.9062,-1.68,2.78,-0.37,26.74
104005,0.1484,-0.1385,0.9309,-3.24,2.21,-0.63,26.74
104015,0.1406,-0.1427,0.8806,-3.8,2.79,-1.11,26.74
104025,0.1456,-0.1453,0.874,-3.4,3.76,-2.43,26.77
104035,0.1567,-0.1302,0.9028,-4.76,5.48,-3.37,26.76
104045,0.1506,-0.145,0.874,-5.66,6.2,-3.4,26.75
104055,0.1406,-0.1605,0.8423,-1.92,5.16,-4.63,26.73
104065,0.1317,-0.1598,0.8472,3.18,3.59,-6.08,26.74
104075,0.1268,-0.1521,0.8951,7.69,2.34,-9.16,26.72
104085,0.1267,-0.1342,0.8793,11.33,2.09,-13.3,26.74
104095,0.1465,-0.1168,0.8878,12.76,0.12,-14.84,26.75
104105,0.1605,-0.1045,0.8926,13.92,-0.84,-14.84,26.77
104115,0.1544,-0.1193,0.907,12.32,-1.1,-14.26,26.74
104125,0.1401,-0.1329,0.9404,8.14,-1.69,-14.41,26.77
104135,0.149,-0.1202,0.9353,2.96,-2.49,-16.02,26.75
104145,0.1691,-0.0994,0.9149,-2.03,-1.73,-16.96,26.75
104155,0.1951,-0.0974,0.8929,-5.54,-0.06,-15.15,26.75
104165,0.212,-0.0994,0.8798,-6.75,2.26,-11.25,26.78
104175,0.2103,-0.0984,0.8788,-7.24,5.24,-6.63,26.76
104185,0.201,-0.0964,0.9038,-9.04,8.31,-3.11,26.74
104195,0.1798,-0.0994,0.9071,-12.06,10.81,-0.14,26.75
104205,0.1721,-0.0985,0.9127,-15.62,13.19,0.02,26.75
104215,0.161,-0.1031,0.9127,-19.37,14.08,-0.03,26.74
104225,0.1669,-0.1177,0.8936,-20.95,13.88,-0.12,26.76
104235,0.1685,-0.1307,0.86,-19.73,14.11,0.44,26.77
104245,0.1984,-0.1328,0.8727,-17.42,16.15,2.76,26.8
104255,0.176,-0.1517,0.8525,-18.99,18.02,7.34,26.76
104265,0.1606,-0.1489,0.8198,-14.82,17.36,10.17,26.79
104275,0.1533,-0.1423,0.8607,-8.75,17.89,8.32,26.74
104285,0.1407,-0.1204,0.892,-6.85,17.51,5.71,26.75
104295,0.1365,-0.1172,0.9127,-6.85,15.18,1.79,26.76
104305,0.1492,-0.1283,0.9045,-7.8,12.44,0.17,26.75
104315,0.1552,-0.1279,0.9014,-8.37,11.22,0.08,26.75
104325,0.1536,-0.1248,0.9077,-9.37,10.9,0.05,26.74
104335,0.1492,-0.1212,0.9202,-11.88,10.72,-0.06,26.76
104345,0.1591,-0.1323,0.9059,-14.82,10.76,0.21,26.78
104355,0.1655,-0.1458,0.8927,-17.27,11.4,2.61,26.78
104365,0.1589,-0.1499,0.8788,-17.77,12.03,5.92,26.77
104375,0.1498,-0.1509,0.8743,-16.38,12.55,7.95,26.74
104385,0.147,-0.145,0.875,-14.67,12.82,8.4,26.79
104395,0.141,-0.1427,0.8649,-13.24,13.18,7.68,26.77
104405,0.1301,-0.1377,0.8804,-11.94,12.72,5.8,26.76
104415,0.1167,-0.1433,0.8685,-8.79,9.63,1.44,26.75
104425,0.1349,-0.157,0.8732,-4.99,6.02,-0.03,26.75
104435,0.1464,-0.1511,0.8615,-2.29,5.73,0.02,26.77
104445,0.1393,-0.1438,0.8892,-0.98,6.75,0.29,26.77
104455,0.1385,-0.134,0.9125,-1.69,6.31,0.17,26.78
104465,0.1465,-0.1311,0.9181,-3.73,5.59,-0.03,26.78
104475,0.1562,-0.1238,0.9108,-6.37,7.07,-0.03,26.77
104485,0.1459,-0.1327,0.8878,-9.25,9.01,-0.17,26.77
104495,0.1431,-0.1416,0.8785,-9.69,8.96,-0.18,26.76
104505,0.1329,-0.1561,0.8844,-8.2,7.77,-0.05,26.77
104515,0.1508,-0.1613,0.8434,-4.89,6.92,-0.06,26.76
104525,0.1503,-0.1573,0.8383,-0.41,8.24,0.26,26.77
104535,0.1471,-0.1499,0.8711,3.71,8.49,0.67,26.77
104545,0.1434,-0.1226,0.9417,3.13,8.31,0.44,26.76
104555,0.1375,-0.123,0.9292,-1.08,7.13,0.06,26.77
104565,0.1458,-0.1149,0.9532,-5.88,6.2,-0.23,26.77
104575,0.1534,-0.1146,0.9211,-12.12,7.02,-0.72,26.78
104585,0.1515,-0.1375,0.885,-15.22,8.46,-0.82,26.77
104595,0.1566,-0.1509,0.8606,-13.94,10.18,-0.55,26.76
104605,0.1597,-0.1575,0.8499,-10.38,11.24,-0.09,26.79
104615,0.1565,-0.1479,0.8723,-7.1,12.93,0.56,26.77
104625,0.1351,-0.1412,0.9016,-6.32,12.43,0.55,26.77
104635,0.1219,-0.1354,0.9386,-8.08,9.3,-0.08,26.77
104645,0.1283,-0.1348,0.9293,-10.78,5.04,-0.79,26.74
104655,0.155,-0.1368,0.885,-12.67,4.73,-1.04,26.74
104665,0.1688,-0.1422,0.8512,-12.84,8.18,-0.69,26.74
104675,0.1594,-0.1481,0.8511,-11.48,12.0,0.02,26.77
104685,0.1439,-0.1479,0.8795,-10.09,13.1,0.35,26.76
104695,0.1351,-0.1522,0.9015,-9.53,11.95,0.52,26.75
104705,0.1396,-0.1526,0.9023,-10.43,10.53,1.94,26.77
104715,0.14,-0.1473,0.8925,-11.31,10.5,2.76,26.77
104725,0.1511,-0.1542,0.8812,-11.4,11.65,3.66,26.76
104735,0.1351,-0.1542,0.8669,-11.3,13.05,4.66,26.76
104745,0.1213,-0.1447,0.8961,-9.6,12.64,2.35,26.78
104755,0.1298,-0.1464,0.8981,-10.49,11.83,1.18,26.76
104765,0.1202,-0.1692,0.8662,-9.48,8.76,0.05,26.79
104775,0.1252,-0.171,0.8441,-4.66,5.97,-0.18,26.77
104785,0.1348,-0.1595,0.8663,-0.34,3.21,-0.49,26.76
104795,0.1578,-0.137,0.8903,0.41,5.42,-0.08,26.74
104805,0.1455,-0.1396,0.8889,-1.54,7.54,0.17,26.76
104815,0.1372,-0.1461,0.8944,-2.55,8.17,0.27,26.74
104825,0.1473,-0.1454,0.8961,-2.89,8.23,0.32,26.77
104835,0.1387,-0.1411,0.9011,-4.23,9.83,0.4,26.76
104845,0.1396,-0.1366,0.9224,-6.46,10.03,0.24,26.76
104855,0.1259,-0.1414,0.9049,-8.58,8.78,-0.09,26.79
104865,0.1248,-0.1525,0.8917,-8.82,6.09,-0.63,26.75
104875,0.1412,-0.1467,0.8978,-8.18,5.57,-0.6,26.77
104885,0.1448,-0.14,0.8752,-9.18,7.19,-0.47,26.77
104895,0.1382,-0.1458,0.889,-10.73,8.69,-0.52,26.77
104905,0.1431,-0.1527,0.8685,-10.76,9.01,-0.4,26.77
104915,0.1514,-0.1567,0.856,-8.96,10.72,0.15,26.76
104925,0.1677,-0.1566,0.87,-6.92,14.49,1.4,26.78
104935,0.1526,-0.1678,0.8666,-7.66,17.08,4.55,26.77
104945,0.1355,-0.1516,0.9061,-6.61,13.79,7.01,26.78
104955,0.1008,-0.1382,0.9093,-6.69,10.82,4.72,26.77
104965,0.1005,-0.1315,0.9149,-8.26,9.47,1.04,26.78
104975,0.124,-0.1434,0.8971,-10.17,7.62,-0.47,26.78
104985,0.1313,-0.1514,0.8734,-10.49,6.84,-0.76,26.78
104995,0.1403,-0.1508,0.8727,-9.97,6.44,-0.75,26.76
105005,0.1377,-0.1527,0.8834,-10.26,6.7,-0.93,26.77
105015,0.1378,-0.1624,0.8915,-11.33,7.63,-0.66,26.78
105025,0.1469,-0.1769,0.8684,-10.41,8.37,-0.2,26.75
105035,0.1443,-0.1744,0.8624,-7.63,9.98,0.55,26.75
105045,0.1444,-0.1724,0.8839,-4.05,10.02,1.86,26.75
105055,0.1332,-0.1577,0.9135,-2.38,10.09,3.89,26.75
105065,0.1407,-0.1494,0.9037,-3.25,10.53,4.92,26.76
105075,0.1423,-0.1512,0.8907,-3.92,11.59,5.28,26.76
105085,0.1357,-0.1512,0.8759,-5.02,12.5,6.14,26.78
105095,0.1096,-0.1493,0.8938,-5.68,12.11,5.65,26.76
105105,0.1031,-0.1411,0.9011,-6.85,9.79,4.0,26.78
105115,0.1088,-0.1365,0.8994,-7.97,7.88,1.54,26.77
105125,0.1232,-0.1432,0.8876,-8.55,7.15,0.02,26.77
105135,0.1377,-0.1417,0.8815,-8.44,7.47,-0.15,26.77
105145,0.1323,-0.1389,0.8809,-8.67,8.44,0.23,26.77
105155,0.1185,-0.1335,0.8983,-10.0,7.62,0.32,26.77
105165,0.1304,-0.1338,0.9084,-11.86,6.7,-0.66,26.76
105175,0.1362,-0.1438,0.9055,-14.2,7.42,-0.99,26.74
105185,0.1525,-0.1595,0.8811,-15.71,9.6,-0.92,26.78
105195,0.1537,-0.1744,0.8772,-16.52,13.28,-0.26,26.74
105206,0.1426,-0.189,0.8918,-16.58,15.13,0.05,26.76
105216,0.1228,-0.1949,0.8877,-14.84,13.91,0.26,26.77
105226,0.1174,-0.1985,0.8813,-12.37,11.44,0.05,26.77
105236,0.1066,-0.1844,0.8839,-8.61,9.27,0.08,26.76
105246,0.1224,-0.1823,0.8552,-5.05,8.21,0.31,26.76
105256,0.1229,-0.1687,0.847,-1.42,8.08,0.64,26.75
105266,0.1202,-0.156,0.8597,0.9,8.27,0.87,26.76
105276,0.1198,-0.1486,0.8634,1.83,8.37,0.9,26.77
105286,0.1307,-0.147,0.8617,1.42,10.02,1.16,26.77
105296,0.1246,-0.1587,0.8662,1.34,10.95,1.34,26.78
105306,0.1245,-0.1661,0.8761,2.6,10.08,1.73,26.75
105316,0.115,-0.1604,0.8934,4.02,7.48,3.07,26.76
105326,0.1041,-0.1515,0.9156,3.6,4.99,2.63,26.78
105336,0.1129,-0.1442,0.9183,0.89,3.74,1.33,26.78
105346,0.1343,-0.1379,0.9167,-3.37,5.05,0.81,26.77
105356,0.131,-0.1339,0.9185,-7.42,7.4,0.98,26.76
105366,0.1266,-0.1417,0.9271,-11.25,8.82,1.24,26.78
105376,0.13,-0.1482,0.908,-13.68,9.15,1.59,26.77
105386,0.1202,-0.1459,0.9058,-15.65,10.11,0.95,26.77
105396,0.114,-0.1418,0.9231,-18.06,10.34,-0.7,26.77
105407,0.1145,-0.1443,0.9319,-21.88,8.23,-1.77,26.79
105417,0.118,-0.1433,0.9384,-26.27,6.49,-2.61,26.78
105427,0.1218,-0.1525,0.922,-30.09,6.15,-3.33,26.79
105437,0.1244,-0.1705,0.8799,-32.06,6.37,-3.73,26.75
105447,0.1216,-0.1918,0.8516,-29.98,6.03,-3.45,26.77
105457,0.1425,-0.2113,0.8455,-24.12,5.66,-2.35,26.75
105467,0.146,-0.2133,0.7722,-13.86,6.26,-1.13,26.78
105477,0.1306,-0.2111,0.8032,-5.39,6.26,0.64,26.77
105487,0.1198,-0.2098,0.8541,1.37,4.21,1.65,26.78
105497,0.1074,-0.2021,0.881,5.98,0.23,2.06,26.76
105507,0.1024,-0.1825,0.8651,10.4,-4.2,1.48,26.77
105517,0.1171,-0.1617,0.896,11.48,-6.29,-1.21,26.78
105527,0.1545,-0.1355,0.8706,8.61,-3.74,-2.5,26.75
105537,0.1543,-0.135,0.8943,3.33,2.24,-3.36,26.76
105547,0.1427,-0.1559,0.9615,-2.7,5.89,-2.46,26.78
105557,0.1312,-0.1483,0.9447,-8.85,6.82,-0.56,26.78
105567,0.1395,-0.1647,0.8827,-12.2,7.63,-0.37,26.79
105577,0.1406,-0.1749,0.8409,-11.33,8.73,-0.09,26.77
105587,0.1379,-0.1844,0.8318,-7.47,8.95,0.08,26.77
105597,0.1351,-0.1772,0.8553,-3.63,8.49,0.21,26.77
105607,0.1274,-0.1674,0.8992,-2.09,7.66,0.21,26.79
105617,0.125,-0.1564,0.92,-3.3,6.32,-0.08,26.75
105627,0.1392,-0.1443,0.9121,-6.63,6.21,-0.29,26.78
105637,0.146,-0.1495,0.8835,-9.54,8.05,-0.27,26.78
105647,0.141,-0.162,0.8699,-10.0,9.56,-0.06,26.77
105657,0.1312,-0.1726,0.8713,-7.82,9.18,0.0,26.76
105667,0.1328,-0.1769,0.8802,-5.6,7.89,-0.05,26.79
105677,0.1313,-0.1725,0.8906,-4.95,7.44,-0.11,26.79
105687,0.1366,-0.1716,0.8986,-6.09,7.85,-0.32,26.76
105697,0.1324,-0.1661,0.9062,-8.0,8.63,-0.52,26.77
105707,0.1378,-0.1705,0.8939,-9.1,8.58,-0.43,26.77
105717,0.1368,-0.173,0.8817,-8.75,8.31,-0.35,26.78
105727,0.1384,-0.1754,0.8673,-7.5,8.02,-0.35,26.79
105737,0.1377,-0.1732,0.87,-6.06,7.86,-0.37,26.79
105747,0.1387,-0.1694,0.885,-5.56,7.82,-0.21,26.78
105757,0.1338,-0.1648,0.8981,-5.95,7.83,-0.14,26.77
105767,0.1337,-0.1597,0.8979,-7.02,7.8,-0.18,26.77
105777,0.1348,-0.1605,0.8868,-7.76,8.0,-0.23,26.77
105787,0.1361,-0.1656,0.8766,-8.05,8.4,-0.11,26.76
105797,0.1326,-0.1697,0.8756,-7.47,8.56,-0.11,26.78
105807,0.1351,-0.1724,0.8785,-6.82,8.31,-0.11,26.79
105817,0.1321,-0.173,0.8881,-6.52,7.89,-0.17,26.78
105827,0.1335,-0.1736,0.8899,-6.64,7.76,-0.21,26.77
105837,0.1379,-0.1741,0.8887,-7.02,7.83,-0.31,26.77
105847,0.1379,-0.1722,0.886,-7.18,8.03,-0.29,26.76
105857,0.132,-0.1738,0.8829,-6.93,8.0,-0.11,26.78
105867,0.1313,-0.172,0.8846,-6.31,7.82,-0.08,26.78
105877,0.132,-0.1705,0.8853,-5.82,7.51,-0.11,26.79
105887,0.1346,-0.1619,0.8861,-5.89,7.48,-0.14,26.77
105897,0.1366,-0.1647,0.8872,-6.23,7.66,-0.05,26.77
105907,0.1327,-0.1635,0.886,-6.64,7.73,-0.03,26.76
105917,0.1329,-0.1663,0.8824,-6.66,7.71,-0.08,26.79
105927,0.1356,-0.1705,0.8823,-6.5,7.66,-0.02,26.8
105937,0.1346,-0.1686,0.8824,-6.32,7.8,-0.09,26.79
105947,0.1361,-0.1683,0.8875,-6.37,7.86,-0.17,26.76
105957,0.135,-0.1716,0.8871,-6.27,7.82,0.0,26.79
105967,0.1327,-0.1715,0.8822,-6.31,7.62,-0.06,26.79
105977,0.1361,-0.1682,0.8826,-6.35,7.65,0.0,26.79
105987,0.1385,-0.1693,0.8871,-6.4,7.85,-0.09,26.77
105997,0.137,-0.1686,0.8866,-6.6,7.95,0.0,26.78
106007,0.1348,-0.1703,0.8861,-6.63,7.88,-0.08,26.79
106017,0.1373,-0.1699,0.8853,-6.76,7.95,0.08,26.77
106027,0.1405,-0.1677,0.8864,-6.52,8.08,-0.02,26.78
106037,0.1376,-0.1711,0.8865,-6.49,7.94,-0.05,26.76
106047,0.1321,-0.1708,0.8923,-6.5,7.95,-0.06,26.77
106057,0.136,-0.1687,0.8866,-6.5,7.77,-0.06,26.76
106067,0.1333,-0.1649,0.881,-6.4,7.85,-0.05,26.77
106077,0.1339,-0.1685,0.8817,-6.63,8.05,-0.09,26.8
106087,0.1304,-0.1697,0.8809,-6.64,7.98,-0.06,26.78
106097,0.1346,-0.1705,0.8796,-6.52,7.79,-0.09,26.77
106107,0.1359,-0.1707,0.8796,-6.46,7.83,-0.06,26.79
106117,0.1339,-0.1698,0.8785,-6.44,8.02,-0.05,26.79
106127,0.1339,-0.1682,0.8811,-6.38,8.12,0.03,26.78
106137,0.1271,-0.168,0.8899,-6.44,8.08,0.02,26.79
106147,0.1356,-0.1661,0.8892,-6.7,7.92,0.0,26.79
106157,0.1362,-0.1664,0.8834,-6.69,7.79,-0.02,26.79
106167,0.1318,-0.1691,0.8823,-6.73,7.8,0.0,26.79
106177,0.1327,-0.1715,0.8793,-6.69,8.0,-0.02,26.79
106187,0.1326,-0.1702,0.8848,-6.64,8.05,-0.08,26.79
106197,0.1318,-0.1713,0.882,-6.38,7.85,-0.06,26.79
106207,0.1344,-0.1674,0.8837,-6.38,7.73,0.0,26.79
106217,0.1394,-0.1649,0.8862,-6.55,7.85,0.02,26.82
106227,0.1375,-0.1669,0.8822,-6.63,8.0,-0.08,26.8
106237,0.137,-0.1704,0.886,-6.73,8.11,-0.05,26.78
106247,0.1329,-0.1672,0.8883,-6.76,8.08,0.0,26.79
106257,0.1326,-0.1774,0.892,-6.99,8.09,0.02,26.81
106267,0.134,-0.1732,0.8878,-6.78,8.06,-0.06,26.78
106277,0.1348,-0.1743,0.8857,-6.18,7.91,-0.03,26.76
106287,0.134,-0.1692,0.8862,-5.76,7.8,-0.03,26.78
106297,0.134,-0.1641,0.8898,-5.97,7.77,-0.09,26.75
106307,0.1343,-0.1643,0.8876,-6.37,7.79,-0.05,26.78
106317,0.1333,-0.1625,0.8813,-6.85,8.03,-0.06,26.77
106327,0.1332,-0.1678,0.8792,-6.76,8.06,-0.05,26.77
106337,0.13,-0.1713,0.8749,-6.49,8.0,-0.15,26.78
106347,0.131,-0.1653,0.8795,-6.21,7.73,-0.11,26.79
106357,0.1337,-0.1604,0.8777,-5.97,7.63,-0.05,26.81
106367,0.1295,-0.157,0.8787,-6.02,7.76,-0.09,26.76
106377,0.1295,-0.1593,0.8843,-6.06,7.77,-0.08,26.78
106387,0.131,-0.1672,0.8892,-6.55,7.8,-0.12,26.79
106397,0.135,-0.1726,0.8855,-7.16,7.86,-0.15,26.79
106407,0.1381,-0.1771,0.8802,-7.25,8.0,-0.15,26.78
106417,0.1373,-0.1771,0.8785,-6.85,7.92,-0.06,26.79
106427,0.1403,-0.1777,0.8831,-6.43,7.86,0.0,26.82
106437,0.1365,-0.1783,0.887,-6.05,7.63,0.0,26.8
106447,0.1399,-0.1755,0.8849,-5.95,7.53,0.03,26.81
106457,0.1364,-0.1732,0.8867,-6.32,7.76,-0.02,26.78
106467,0.1362,-0.17,0.8877,-6.72,7.83,-0.14,26.79
106477,0.1339,-0.1722,0.8873,-6.58,7.85,-0.03,26.79
106487,0.1357,-0.1666,0.8846,-6.17,7.66,-0.08,26.78
106497,0.1316,-0.1631,0.8839,-5.85,7.6,-0.05,26.81
106507,0.1337,-0.1608,0.8857,-5.92,7.66,-0.03,26.81
106517,0.1348,-0.1609,0.8871,-6.18,7.66,-0.03,26.82
106527,0.1331,-0.1661,0.8855,-6.56,7.79,0.02,26.8
106537,0.1333,-0.1726,0.8818,-6.96,7.91,-0.06,26.78
106547,0.1324,-0.1725,0.8781,-6.87,8.0,-0.05,26.8
106557,0.1375,-0.174,0.8751,-6.64,7.98,-0.08,26.79
106567,0.1353,-0.1689,0.8842,-6.4,7.91,0.0,26.8
106577,0.1329,-0.172,0.8882,-6.29,7.77,-0.03,26.8
106587,0.13,-0.168,0.8894,-6.31,7.76,-0.11,26.79
106597,0.1362,-0.1643,0.8824,-6.46,7.83,0.0,26.79
106607,0.1378,-0.1702,0.8784,-6.61,7.83,-0.02,26.82
106617,0.1362,-0.1665,0.8782,-6.37,7.98,0.06,26.78
106627,0.139,-0.1661,0.8822,-6.02,7.69,-0.05,26.81
106637,0.1348,-0.1691,0.8882,-6.06,7.56,-0.09,26.81
106647,0.1322,-0.1689,0.8928,-6.6,7.71,-0.11,26.8
106657,0.1328,-0.1646,0.8845,-7.02,8.05,-0.14,26.79
106667,0.1465,-0.1708,0.8732,-7.16,7.88,-0.02,26.8
106677,0.132,-0.1714,0.8827,-6.81,8.17,-0.06,26.8
106687,0.124,-0.1709,0.8804,-6.34,8.05,-0.05,26.79
106697,0.1335,-0.1703,0.88,-6.11,7.76,0.0,26.79
106707,0.1299,-0.1616,0.8887,-6.2,7.83,-0.03,26.79
106717,0.1355,-0.1666,0.8785,-6.46,7.73,-0.02,26.81
106727,0.1299,-0.1677,0.8911,-6.76,8.02,-0.05,26.8
106737,0.1356,-0.1652,0.8827,-6.87,7.59,-0.06,26.81
106747,0.1332,-0.1719,0.8798,-6.64,7.54,-0.06,26.81
106757,0.1339,-0.1689,0.8793,-6.49,7.74,0.0,26.81
106767,0.1333,-0.1693,0.8838,-6.31,7.95,-0.02,26.82
106777,0.1318,-0.1696,0.8868,-6.38,7.91,-0.06,26.79
106787,0.1354,-0.1708,0.8877,-6.58,7.63,-0.05,26.82
106797,0.134,-0.1707,0.8857,-6.78,7.6,-0.06,26.8
106807,0.1344,-0.1685,0.8831,-6.81,7.79,-0.06,26.8
106817,0.1342,-0.172,0.8828,-6.6,7.89,0.0,26.82
106827,0.1356,-0.1697,0.8854,-6.35,7.8,0.02,26.8
106837,0.1355,-0.1674,0.8868,-6.23,7.53,-0.05,26.79
106847,0.1364,-0.1648,0.8851,-6.43,7.45,-0.09,26.79
106857,0.1377,-0.1642,0.8849,-6.72,7.68,-0.03,26.82
106867,0.1349,-0.1671,0.8801,-6.75,7.89,-0.06,26.79
106877,0.1368,-0.1671,0.8812,-6.6,7.89,-0.11,26.82
106887,0.1359,-0.1674,0.8851,-6.44,7.82,-0.14,26.81
106897,0.136,-0.1654,0.8855,-6.23,7.79,-0.05,26.82
106907,0.1357,-0.1681,0.8862,-6.44,7.83,-0.09,26.79
106917,0.1376,-0.17,0.8901,-6.75,7.88,-0.05,26.8
106927,0.1365,-0.1683,0.8938,-6.89,7.94,-0.06,26.82
106937,0.1367,-0.1688,0.8882,-6.82,7.94,-0.03,26.81
106947,0.139,-0.1736,0.8893,-6.61,7.85,-0.08,26.79
106957,0.1357,-0.1686,0.8884,-6.38,8.02,-0.06,26.8
106967,0.1361,-0.1725,0.8904,-6.4,8.02,-0.09,26.81
106977,0.1335,-0.1702,0.89,-6.55,7.97,-0.03,26.78
106987,0.1324,-0.1716,0.885,-6.78,7.85,-0.08,26.78
106997,0.1345,-0.1708,0.875,-6.79,7.88,-0.03,26.78
107007,0.1338,-0.1697,0.8787,-6.61,8.05,0.05,26.82
107017,0.1322,-0.1678,0.8833,-6.35,7.98,0.0,26.81
107027,0.1328,-0.1683,0.8804,-6.2,7.82,-0.05,26.81
107037,0.1345,-0.1663,0.8854,-6.24,7.68,-0.08,26.81
107047,0.1373,-0.1697,0.8827,-6.32,7.91,-0.02,26.8
107057,0.1377,-0.1682,0.884,-6.37,8.18,-0.05,26.81
107067,0.1365,-0.1692,0.8862,-6.43,8.18,-0.05,26.79
107077,0.132,-0.173,0.8915,-6.47,7.82,-0.03,26.81
107087,0.1346,-0.1689,0.8853,-6.69,7.73,-0.11,26.8
107097,0.1346,-0.1721,0.8824,-6.73,7.89,-0.06,26.79
107107,0.1367,-0.1702,0.8792,-6.55,8.15,-0.03,26.81
107117,0.1316,-0.1707,0.8838,-6.27,8.02,0.02,26.78
107127,0.1362,-0.1691,0.8906,-6.15,7.74,0.03,26.79
107137,0.136,-0.1691,0.8848,-6.4,7.8,-0.02,26.79
107147,0.1349,-0.1697,0.8849,-6.73,7.95,-0.06,26.79
107157,0.1301,-0.1666,0.8787,-6.79,8.0,-0.06,26.83
107167,0.1321,-0.1685,0.8768,-6.49,7.92,-0.06,26.8
107177,0.1306,-0.1697,0.8811,-6.17,7.77,-0.03,26.82
107187,0.1317,-0.1677,0.8856,-5.98,7.73,0.0,26.8
107197,0.1337,-0.1665,0.8915,-6.14,7.63,0.02,26.81
107207,0.1367,-0.1659,0.8881,-6.61,7.77,-0.05,26.83
107217,0.136,-0.1732,0.8845,-6.96,7.92,-0.08,26.8
107227,0.1385,-0.1731,0.886,-6.78,8.11,-0.12,26.78
107250,0.136,-0.1722,0.8948,-5.95,7.73,-0.02,26.82
107260,0.1362,-0.1682,0.8939,-6.2,7.59,-0.09,26.82
107270,0.1361,-0.1678,0.8898,-6.72,7.86,-0.14,26.83
107280,0.1388,-0.1665,0.8868,-6.98,7.92,-0.17,26.81
107290,0.1348,-0.1696,0.8806,-7.05,8.08,-0.06,26.82
107300,0.1321,-0.1735,0.8737,-6.61,8.02,-0.02,26.8
107310,0.1326,-0.1697,0.8777,-6.23,7.83,-0.05,26.83
107320,0.1339,-0.1698,0.8822,-6.34,7.77,0.03,26.79
107330,0.1337,-0.1643,0.8822,-6.5,7.97,0.02,26.81
107340,0.1343,-0.1681,0.8813,-6.78,8.09,0.03,26.78
107350,0.1339,-0.1691,0.8833,-6.76,8.15,-0.06,26.79
107360,0.1326,-0.173,0.8856,-6.7,8.03,-0.05,26.82
107370,0.1345,-0.1699,0.8862,-6.44,8.0,0.02,26.82
107380,0.1332,-0.1677,0.8892,-6.53,7.94,-0.03,26.8
107390,0.1328,-0.1674,0.8917,-6.78,7.92,-0.09,26.81
107400,0.1334,-0.1675,0.8821,-6.98,7.95,-0.05,26.79
107410,0.1326,-0.1692,0.8834,-6.96,7.92,-0.09,26.81
107420,0.1339,-0.1704,0.8796,-6.78,7.97,-0.03,26.82
107430,0.1355,-0.1688,0.8849,-6.47,7.97,0.05,26.8
107440,0.1331,-0.1705,0.8881,-6.31,7.68,-0.03,26.82
107450,0.1362,-0.1687,0.8826,-6.46,7.54,-0.08,26.84
107460,0.1371,-0.1696,0.8821,-6.58,7.68,-0.06,26.8
107470,0.1387,-0.1708,0.8793,-6.61,7.88,-0.08,26.82
107480,0.1371,-0.1707,0.8853,-6.41,7.86,-0.05,26.82
107490,0.1377,-0.1713,0.8832,-6.34,7.68,-0.08,26.81
107500,0.1392,-0.1682,0.8837,-6.17,7.62,-0.05,26.79
107510,0.1375,-0.1638,0.8781,-6.11,7.74,0.03,26.82
107520,0.1356,-0.1641,0.8862,-6.08,7.86,0.02,26.82
107530,0.1323,-0.1669,0.8939,-6.46,7.98,-0.08,26.81
107540,0.1331,-0.1664,0.891,-6.55,7.57,-0.02,26.83
107550,0.1339,-0.1727,0.8861,-6.76,7.65,-0.09,26.81
107560,0.135,-0.1761,0.8812,-6.84,8.11,-0.06,26.79
107570,0.1323,-0.1765,0.8842,-6.43,8.17,0.0,26.8
107580,0.1332,-0.174,0.8916,-6.02,7.91,-0.02,26.81
107590,0.1381,-0.1676,0.8881,-6.24,7.44,-0.09,26.82
107600,0.1339,-0.1669,0.8921,-6.38,7.62,-0.11,26.81
107610,0.1377,-0.1636,0.8806,-6.76,8.08,-0.09,26.82
107620,0.1318,-0.1757,0.8658,-6.37,7.86,-0.23,26.81
107630,0.1091,-0.17,0.8595,-3.39,5.53,-1.44,26.82
107640,0.1129,-0.1642,0.8861,-1.01,1.89,-4.81,26.82
107650,0.1313,-0.1647,0.9109,-1.6,0.05,-6.06,26.82
107660,0.1631,-0.1655,0.9009,-4.4,1.73,-4.11,26.81
107670,0.1699,-0.1548,0.8746,-7.97,6.89,-0.96,26.83
107680,0.155,-0.1533,0.8765,-11.45,12.92,0.5,26.81
107690,0.1274,-0.1692,0.91,-12.31,13.62,1.05,26.81
107700,0.1381,-0.1763,0.9209,-12.34,11.22,1.8,26.83
107710,0.1631,-0.1768,0.8804,-13.45,12.18,4.11,26.83
107720,0.1799,-0.1738,0.8591,-15.11,17.62,7.62,26.82
107730,0.3586,-0.0861,0.6545,-24.44,39.28,12.21,26.81
107740,0.0753,-0.1901,0.9939,-29.65,54.69,19.79,26.8
107750,-0.0809,-0.1818,1.285,-28.03,30.12,14.12,26.81
107760,0.0413,-0.1792,1.0264,-26.79,2.96,1.66,26.82
107771,0.1746,-0.2076,0.7731,-24.17,-2.0,-1.65,26.79
107781,0.2646,-0.2181,0.6519,-20.72,12.63,3.65,26.79
107791,0.2428,-0.2332,0.7644,-18.43,28.69,11.1,26.83
107801,0.1172,-0.2062,1.02,-20.02,29.66,17.19,26.84
107811,0.0792,-0.2,1.1027,-28.75,20.81,19.07,26.81
107821,0.0579,-0.1895,1.0657,-42.92,19.13,20.99,26.84
107831,0.1594,-0.1791,0.9374,-53.37,26.85,24.43,26.82
107841,0.1949,-0.2621,0.8528,-62.84,38.27,28.96,26.81
107851,0.1871,-0.3187,0.8257,-67.53,37.69,30.98,26.81
107861,0.1453,-0.2683,0.8459,-69.16,25.91,34.46,26.83
107871,0.1049,-0.2263,0.8673,-62.0,24.37,37.79,26.81
107881,0.0983,-0.2551,0.8568,-51.5,31.95,36.69,26.83
107891,0.0476,-0.2643,0.8615,-44.21,27.44,29.22,26.82
107901,0.0204,-0.2448,0.848,-39.65,15.18,21.34,26.84
107911,0.1803,-0.2424,0.728,-38.56,2.66,16.79,26.83
107921,0.324,-0.2566,0.8032,-34.58,-6.78,15.95,26.81
107931,0.3462,-0.2968,0.8292,-26.0,-10.56,21.33,26.83
107941,0.2439,-0.2904,0.8442,-12.81,-13.31,28.72,26.83
107951,0.1154,-0.2479,0.8657,-0.46,-13.65,36.21,26.8
107961,0.0139,-0.2522,0.9149,6.2,-20.44,37.18,26.8
107971,-0.051,-0.2854,0.9438,9.54,-22.6,30.75,26.82
107981,-0.0773,-0.2966,0.991,11.45,-18.63,22.89,26.84
107991,-0.0679,-0.2766,0.9856,12.69,-12.9,16.73,26.81
108001,-0.0071,-0.2823,0.9858,11.69,-9.33,12.61,26.82
108011,0.0897,-0.2898,0.988,6.99,-10.26,10.96,26.82
108021,0.1885,-0.2804,0.973,-0.02,-15.98,11.04,26.82
108031,0.2354,-0.2798,0.9639,-6.84,-21.92,12.66,26.82
108041,0.2346,-0.2745,0.9481,-11.45,-23.33,15.71,26.82
108051,0.2161,-0.2664,0.9741,-14.61,-20.15,20.34,26.82
108061,0.202,-0.2627,0.9857,-17.3,-11.86,25.28,26.79
108071,0.2,-0.2635,0.9727,-19.31,-4.23,28.24,26.79
108081,0.1946,-0.2839,0.9391,-21.47,-0.09,30.05,26.8
108091,0.1963,-0.2764,0.9022,-24.46,3.25,30.58,26.8
108101,0.193,-0.2799,0.876,-26.81,6.46,31.45,26.82
108111,0.1875,-0.2594,0.8451,-29.08,9.82,32.67,26.82
108121,0.2006,-0.2483,0.8196,-31.59,10.49,37.48,26.81
108131,0.2104,-0.2344,0.8237,-31.48,14.73,43.59,26.83
108141,0.1866,-0.2419,0.8102,-29.65,17.95,49.74,26.84
108151,0.1851,-0.2765,0.7987,-28.34,17.69,55.15,26.8
108161,0.1921,-0.3013,0.7755,-26.06,15.79,58.66,26.8
108171,0.1827,-0.3271,0.7671,-24.11,11.39,59.8,26.8
108181,0.1615,-0.3334,0.759,-22.78,6.87,60.11,26.81
108191,0.1083,-0.3114,0.7568,-22.4,5.01,61.28,26.82
108201,0.1438,-0.3074,0.7759,-22.38,10.84,61.42,26.82
108211,0.1453,-0.2878,0.7811,-21.95,17.3,61.44,26.83
108221,0.134,-0.2963,0.7517,-20.34,19.66,62.66,26.8
108231,0.139,-0.3137,0.738,-17.54,17.73,65.39,26.81
108241,0.1161,-0.3219,0.7555,-12.76,15.65,67.19,26.82
108251,0.0824,-0.3184,0.7671,-7.8,13.79,68.32,26.82
108261,0.0507,-0.3005,0.7695,-4.73,9.16,69.57,26.81
108271,0.0138,-0.3241,0.7435,-5.21,6.27,70.92,26.81
108281,-0.0321,-0.3271,0.7175,-5.77,7.54,70.29,26.83
108291,-0.085,-0.2964,0.7151,-5.82,11.36,69.86,26.83
108301,-0.1165,-0.2557,0.7086,-5.54,12.53,68.31,26.82
108311,-0.1511,-0.2233,0.6658,-2.55,8.47,65.98,26.83
108321,-0.1876,-0.204,0.6831,-0.24,3.51,62.79,26.82
108331,-0.2449,-0.2391,0.6847,-1.21,-3.31,58.69,26.8
108341,-0.2137,-0.2555,0.7527,-5.86,-16.29,56.81,26.82
108351,-0.0745,-0.2802,0.8646,-9.68,-16.02,52.98,26.84
108361,-0.0154,-0.2969,0.8641,-8.14,-4.63,49.98,26.83
108371,-0.0336,-0.3298,0.8781,-6.03,3.27,50.75,26.81
108381,-0.1096,-0.3542,0.8616,-6.7,3.47,50.52,26.84
108391,-0.1462,-0.3759,0.8459,-6.98,-0.08,45.42,26.82
108401,-0.1913,-0.3947,0.8514,-6.93,-1.31,37.56,26.8
108411,-0.2291,-0.4137,0.8517,-9.05,-1.36,30.18,26.82
108421,-0.2092,-0.4071,0.838,-12.43,-0.15,24.53,26.81
108431,-0.1769,-0.4028,0.8185,-14.34,3.56,19.86,26.83
108441,-0.1357,-0.4067,0.7841,-15.18,2.89,16.75,26.82
108451,-0.0757,-0.4021,0.7444,-15.8,-8.98,16.78,26.84
108461,-0.0043,-0.3596,0.7271,-18.24,-26.63,18.38,26.83
108471,0.0918,-0.3231,0.7965,-21.54,-32.63,17.45,26.82
108481,0.1138,-0.3165,0.8378,-23.69,-27.1,15.77,26.84
108491,0.1123,-0.2716,0.717,-26.49,-1.77,18.03,26.81
108501,0.0913,-0.2629,0.6871,-25.27,27.83,20.66,26.82
108511,0.0801,-0.312,0.8776,-31.85,13.02,39.73,26.83
108521,0.3284,-0.4689,0.8175,-42.96,-42.31,27.08,26.82
108531,0.0811,-0.4471,1.0187,-38.64,-44.15,21.15,26.81
108541,0.1069,-0.1968,0.9752,-28.85,-42.67,23.21,26.8
108551,0.1318,-0.459,0.9078,-23.8,-38.43,24.46,26.83
108561,0.1072,-0.4275,0.9618,-23.53,-33.22,20.21,26.83
108571,0.1053,-0.3867,0.9015,-21.01,-26.08,20.49,26.82
108581,0.101,-0.3849,0.8651,-16.38,-14.49,18.81,26.81
108591,0.1199,-0.3806,0.8301,-13.85,-7.85,15.1,26.84
108601,0.0199,-0.0822,0.9127,-14.52,-4.44,10.92,26.81
108611,0.0161,-0.3436,0.9457,-7.54,13.82,18.75,26.83
108621,0.0146,-0.4073,0.7664,-14.85,11.8,9.6,26.82
108631,0.0602,-0.3691,0.8151,-15.66,15.76,9.89,26.8
108641,-0.0107,-0.4017,0.9189,-16.37,22.85,8.67,26.81
108651,0.0012,-0.3037,0.9213,-15.51,27.15,9.4,26.79
108661,0.088,-0.394,0.8317,-12.26,28.14,10.23,26.81
108671,0.1222,-0.4052,0.8823,-11.25,22.93,7.25,26.78
108681,0.1238,-0.3398,0.9404,-6.89,27.15,8.49,26.84
108691,0.0815,-0.2856,0.9138,-1.02,29.76,9.48,26.82
108701,0.106,-0.2849,0.7433,4.96,30.31,12.55,26.83
108711,0.0763,-0.2799,0.7335,4.34,27.04,16.49,26.82
108721,0.2212,-0.4003,0.5054,-11.94,-16.5,10.31,26.81
108731,-0.0939,-0.3439,0.8051,-9.13,-23.68,21.04,26.82
108741,-0.0366,-0.4,0.767,-8.32,-34.82,26.35,26.79
108751,0.0333,-0.4731,0.6472,-12.46,-50.64,31.47,26.81
108761,0.0989,-0.4375,0.6437,-14.56,-57.24,36.0,26.79
108772,0.0332,-0.3955,0.7274,-21.51,-44.82,30.92,26.8
108782,-0.0504,-0.3851,0.7307,-29.94,-27.44,21.08,26.81
108792,-0.1382,-0.399,0.7804,-30.32,-14.5,14.49,26.79
108802,-0.0869,-0.3894,0.7368,-25.24,-10.05,11.45,26.82
108812,-0.0374,-0.4089,0.7788,-20.64,-12.85,11.02,26.84
108822,0.0905,-0.4274,0.7686,-19.02,-15.86,11.45,26.81
108832,0.1437,-0.4077,0.7816,-21.69,-20.53,12.99,26.83
108842,0.1421,-0.3922,0.795,-25.04,-21.76,13.59,26.83
108852,0.1534,-0.4048,0.8157,-27.76,-24.75,13.71,26.82
108862,0.2638,-0.4274,0.6676,-27.82,-37.07,17.3,26.79
108872,0.186,-0.3853,0.941,-26.56,-47.33,19.33,26.81
108882,0.1556,-0.3955,1.1576,-22.81,-14.89,11.45,26.8
108892,0.1421,-0.4976,0.8275,-14.09,12.44,5.59,26.8
108902,0.1283,-0.4198,0.551,-2.84,-10.35,8.47,26.82
108912,0.1871,-0.3903,0.7472,0.4,-27.48,4.09,26.82
108922,0.1549,-0.4084,0.9492,-0.69,-24.69,0.2,26.8
108932,0.1746,-0.4316,0.8926,-3.73,-17.01,3.33,26.81
108942,0.1906,-0.3713,0.8162,-6.63,-13.05,9.56,26.82
108952,0.2036,-0.3411,0.7881,-11.68,-17.37,14.84,26.83
108962,0.109,-0.3662,0.84,-15.89,-22.79,19.53,26.82
108972,0.0996,-0.3459,0.8169,-22.67,-26.0,22.53,26.82
108982,0.151,-0.3622,0.8081,-21.13,-28.87,26.85,26.81
108992,0.2498,-0.3788,0.8397,-21.07,-28.76,30.96,26.78
109002,0.2372,-0.3949,0.83,-21.48,-29.47,34.21,26.82
109012,0.1932,-0.4818,0.7034,-21.01,-42.64,32.98,26.82
109022,0.1487,-0.4058,0.6781,-16.55,-48.66,27.19,26.8
109032,0.1345,-0.3845,0.8185,-11.05,-53.69,22.14,26.82
109042,0.1188,-0.4246,0.9004,-4.98,-50.82,17.79,26.82
109052,0.0989,-0.3964,0.9607,0.67,-43.97,18.14,26.81
109062,0.1508,-0.4327,1.0289,5.71,-29.74,15.8,26.8
109072,0.2297,-0.488,1.0582,13.01,-16.61,14.34,26.82
109082,0.2939,-0.4755,1.074,23.83,-3.98,13.27,26.81
109092,0.2882,-0.4169,1.1018,33.51,16.47,11.82,26.84
109102,0.2542,-0.3291,1.0646,34.6,38.15,10.24,26.82
109112,0.2134,-0.2653,0.7847,33.19,58.87,11.34,26.83
109122,0.2429,-0.3247,0.6995,21.37,60.56,15.44,26.82
109132,0.209,-0.3549,0.7134,12.9,69.47,19.83,26.81
109142,0.2328,-0.3992,0.8176,9.02,70.9,23.27,26.82
109152,0.1997,-0.4233,0.8668,10.9,61.4,26.5,26.82
109162,-0.3497,-0.3462,0.9565,20.56,84.82,-8.08,26.81
109172,-0.1458,-0.4255,0.7106,22.21,73.74,-18.44,26.83
109182,0.4792,-0.3438,0.7354,22.52,46.85,-0.6,26.82
109192,0.5256,-0.3267,0.804,16.49,-11.08,5.66,26.83
109202,0.0057,-0.2316,0.9821,12.06,-61.21,2.53,26.82
109212,-0.2394,-0.2535,1.1179,10.76,-89.16,1.86,26.82
109222,0.3876,-0.3948,0.9047,8.69,-131.47,10.81,26.82
109232,0.4108,-0.3085,0.8479,5.5,-155.56,16.02,26.82
109242,0.2214,-0.3231,0.847,-0.2,-166.44,12.82,26.82
109252,0.0623,-0.3593,0.8877,-7.33,-164.23,10.27,26.84
109262,0.0042,-0.4116,0.8867,-13.59,-144.47,9.57,26.82
109272,0.0502,-0.4331,0.8527,-17.91,-112.99,7.83,26.83
109282,0.1313,-0.4501,0.8004,-20.29,-81.02,1.56,26.84
109292,0.2201,-0.4735,0.7784,-23.37,-57.76,-8.9,26.83
109302,0.3446,-0.5104,0.7898,-27.19,-41.83,-15.56,26.82
109312,0.4656,-0.4666,0.7715,-29.04,-35.44,-15.25,26.84
109322,0.4886,-0.4175,0.766,-28.93,-36.92,-11.51,26.84
109332,0.4589,-0.3685,0.7733,-28.27,-40.05,-7.51,26.81
109342,0.4677,-0.364,0.7576,-27.48,-40.24,-0.72,26.82
109352,0.4703,-0.3728,0.7555,-28.53,-38.78,6.38,26.83
109362,0.4513,-0.3956,0.7548,-30.11,-38.98,12.2,26.82
109372,0.3884,-0.4326,0.7679,-29.79,-35.51,18.03,26.82
109382,0.2543,-0.4374,0.7501,-28.24,-29.97,19.92,26.82
109392,0.126,-0.4104,0.7296,-26.82,-26.87,9.08,26.83
109402,0.0929,-0.3896,0.7067,-24.87,-19.57,-6.21,26.84
109412,0.1046,-0.3442,0.7056,-20.66,-8.05,-16.03,26.84
109422,0.1284,-0.3077,0.7111,-13.4,9.77,-23.1,26.84
109432,0.1987,-0.2812,0.7188,-8.55,31.18,-25.98,26.81
109442,0.255,-0.2792,0.7107,-5.37,51.86,-27.01,26.85
109452,0.2433,-0.3373,0.7507,-5.63,75.33,-27.54,26.83
109462,0.2542,-0.368,0.7579,-11.73,103.62,-28.7,26.82
109472,0.2474,-0.3936,0.8044,-16.98,123.33,-31.82,26.82
109482,0.2682,-0.4283,0.8303,-18.09,138.47,-37.18,26.84
109492,0.3119,-0.4321,0.8519,-18.37,140.85,-43.57,26.84
109502,0.4479,-0.3491,0.9934,-16.9,149.63,-52.98,26.83
109512,0.3596,-0.3708,0.9081,-16.46,164.5,-54.84,26.82
109522,0.1918,-0.4991,0.6917,-19.76,149.05,-48.61,26.83
109532,0.1506,-0.4766,0.7146,-24.27,104.2,-39.95,26.81
109542,0.1747,-0.4531,0.7437,-28.37,73.79,-39.5,26.82
109552,0.1506,-0.4564,0.7737,-30.73,66.99,-40.52,26.83
109562,0.1545,-0.4525,0.7601,-28.32,71.69,-41.15,26.85
109572,0.1832,-0.4371,0.7147,-24.46,72.56,-43.05,26.85
109583,0.2305,-0.4185,0.6359,-20.44,66.69,-46.31,26.83
109594,0.2343,-0.3896,0.6646,-13.82,61.82,-49.59,26.84
109604,0.2317,-0.4058,0.6063,-9.65,56.84,-50.05,26.8
109614,0.2267,-0.4008,0.6035,-5.44,56.99,-48.41,26.83
109624,0.1759,-0.413,0.5974,-1.53,70.99,-46.14,26.83
109634,0.1201,-0.4275,0.6266,0.56,102.84,-43.79,26.83
109644,0.0962,-0.4294,0.6703,4.21,147.04,-43.25,26.84
109654,0.0499,-0.4377,0.6495,8.73,189.95,-45.88,26.84
109664,-0.0248,-0.4554,0.6436,14.61,216.96,-48.81,26.83
109674,0.01,-0.4209,0.7107,22.08,237.69,-52.37,26.82
109684,0.0403,-0.4017,0.7681,32.5,257.04,-57.76,26.82
109694,0.0579,-0.3885,0.7742,46.95,263.5,-62.98,26.82
109704,0.0292,-0.3744,0.786,60.79,250.5,-67.83,26.85
109714,-0.0228,-0.337,0.8801,67.79,228.82,-68.95,26.86
109724,-0.1858,-0.3259,0.7849,58.02,207.66,-65.6,26.84
109734,-0.2916,-0.298,0.7821,43.59,187.34,-58.05,26.82
109744,-0.3439,-0.2996,0.817,32.63,175.04,-52.37,26.82
109754,-0.3265,-0.2927,0.8704,24.82,169.31,-48.34,26.84
109764,-0.286,-0.2845,0.9635,23.91,175.69,-50.69,26.84
109774,-0.2269,-0.312,1.0012,27.24,183.94,-56.35,26.87
109784,-0.193,-0.3414,0.9674,28.69,181.95,-57.94,26.83
109794,-0.1617,-0.3458,0.9386,25.39,172.99,-55.42,26.85
109804,-0.1506,-0.3427,0.9403,17.5,160.17,-49.57,26.84
109814,-0.1274,-0.3275,0.9258,7.6,145.28,-41.91,26.84
109824,-0.157,-0.3439,0.8948,-2.06,130.49,-33.27,26.84
109834,-0.2513,-0.3339,0.8552,-8.35,117.54,-23.6,26.85
109844,-0.3243,-0.324,0.8188,-12.4,105.74,-19.71,26.84
109854,-0.3734,-0.3274,0.7841,-15.31,96.79,-19.27,26.84
109864,-0.3845,-0.301,0.7777,-16.0,91.77,-18.81,26.84
109874,-0.3612,-0.3008,0.7823,-12.38,85.51,-20.09,26.88
109884,-0.3156,-0.3363,0.7532,-7.79,73.97,-19.24,26.81
109894,-0.3127,-0.3695,0.7107,-6.7,61.68,-16.72,26.83
109904,-0.3066,-0.3657,0.694,-10.5,53.04,-13.3,26.85
109914,-0.2903,-0.3605,0.688,-15.21,47.63,-8.21,26.83
109924,-0.1562,-0.3737,0.7186,-20.89,46.72,1.28,26.84
109934,-0.1139,-0.4076,0.7225,-33.86,57.02,15.1,26.86
109944,-0.1218,-0.4385,0.5582,-31.15,45.56,25.18,26.86
109954,-0.1638,-0.4146,0.5382,-24.2,39.8,29.02,26.84
109964,-0.2476,-0.4347,0.4728,-12.61,35.73,29.21,26.82
109974,-0.2871,-0.439,0.495,-1.56,39.88,29.15,26.85
109984,-0.2814,-0.4164,0.5315,5.66,53.63,31.71,26.87
109994,-0.2677,-0.3942,0.5326,10.11,65.62,35.98,26.86
110004,-0.3059,-0.3658,0.514,13.36,71.11,40.4,26.84
110014,-0.3671,-0.3313,0.5338,17.3,71.11,44.08,26.84
110024,-0.4452,-0.2916,0.5288,20.73,68.63,47.42,26.85
110034,-0.5255,-0.2351,0.528,23.24,63.79,49.65,26.84
110044,-0.5917,-0.2119,0.4968,24.46,58.9,50.72,26.84
110054,-0.6267,-0.201,0.4951,26.18,54.08,50.85,26.84
110064,-0.6281,-0.239,0.5033,26.9,51.59,50.82,26.84
110074,-0.6143,-0.2535,0.5507,28.26,52.66,50.41,26.83
110084,-0.6251,-0.2577,0.5861,31.08,57.11,48.5,26.82
110094,-0.6458,-0.2775,0.5907,34.46,61.21,45.36,26.84
110104,-0.6746,-0.2699,0.5833,36.79,60.37,41.79,26.83
110114,-0.6974,-0.2434,0.5654,38.02,54.12,38.15,26.84
110124,-0.6912,-0.2103,0.5728,38.73,44.82,35.18,26.84
110134,-0.6554,-0.1885,0.5714,38.7,37.48,33.74,26.84
110144,-0.6451,-0.1661,0.5713,38.79,35.95,34.4,26.84
110154,-0.6643,-0.1573,0.5649,39.16,39.02,34.81,26.84
110164,-0.6587,-0.1501,0.5463,37.85,44.63,33.88,26.85
110174,-0.655,-0.1517,0.5531,35.4,49.28,32.0,26.86
110184,-0.6514,-0.1699,0.5885,32.95,52.72,29.34,26.83
110194,-0.6725,-0.1815,0.6224,30.52,55.69,26.85,26.84
110204,-0.647,-0.1594,0.6068,28.7,57.34,25.62,26.85
110214,-0.6431,-0.1508,0.6105,27.74,58.12,24.67,26.85
110224,-0.6781,-0.1382,0.6266,25.05,59.18,23.07,26.84
110234,-0.699,-0.1157,0.6078,20.92,61.54,22.14,26.84
110244,-0.7335,-0.094,0.604,18.21,64.78,20.6,26.82
110254,-0.7159,-0.0713,0.5731,16.05,68.29,19.18,26.85
110264,-0.7323,-0.0912,0.6284,14.4,72.81,17.68,26.88
110274,-0.6692,-0.0986,0.6423,12.41,75.57,17.98,26.84
110284,-0.6274,-0.1199,0.6377,10.99,76.55,19.28,26.84
110294,-0.6095,-0.1029,0.6019,10.7,73.69,21.69,26.85
110304,-0.6241,-0.0919,0.6041,12.92,66.46,24.02,26.84
110314,-0.6616,-0.0713,0.6122,13.82,61.02,25.63,26.85
110324,-0.7003,-0.0475,0.6082,12.63,56.38,26.56,26.85
110334,-0.7343,-0.0294,0.6023,9.56,51.45,26.93,26.85
110344,-0.7623,-0.0127,0.5863,4.56,45.37,27.22,26.82
110354,-0.7859,0.0004,0.5692,-0.89,36.98,27.74,26.85
110364,-0.7841,-0.0024,0.5603,-5.4,26.81,29.15,26.84
110374,-0.7441,-0.0188,0.5469,-8.98,16.58,30.95,26.85
110384,-0.7108,-0.0428,0.5251,-10.87,6.29,32.26,26.84
110394,-0.6758,-0.0581,0.5121,-11.33,-3.47,33.98,26.87
110405,-0.6307,-0.0594,0.5006,-12.31,-10.72,37.28,26.84
110415,-0.6082,-0.0541,0.5078,-13.4,-10.84,39.73,26.84
110425,-0.601,-0.0464,0.4989,-14.46,-7.79,43.07,26.83
110435,-0.614,-0.0244,0.4945,-15.48,-2.81,46.35,26.85
110445,-0.6655,-0.021,0.4814,-18.26,3.83,48.02,26.83
110455,-0.6814,-0.0386,0.4602,-19.97,7.79,49.31,26.84
110465,-0.7075,-0.0438,0.4607,-19.24,10.34,50.05,26.84
110475,-0.7753,-0.031,0.4535,-17.34,12.98,48.66,26.84
110485,-0.8518,-0.0386,0.4438,-16.93,16.06,44.12,26.84
110495,-0.8435,-0.0352,0.4362,-16.44,16.49,39.89,26.85
110505,-0.8107,-0.0031,0.4358,-14.9,16.0,36.52,26.85
110515,-0.7968,0.0251,0.413,-12.53,14.72,34.03,26.85
110525,-0.7937,0.0447,0.4031,-9.79,12.17,32.61,26.86
110535,-0.7902,0.0605,0.3912,-7.37,9.42,31.95,26.85
110545,-0.7926,0.0735,0.381,-5.57,7.13,31.08,26.85
110555,-0.8014,0.0839,0.3762,-4.09,4.4,29.69,26.87
110565,-0.804,0.0892,0.3723,-2.27,0.85,27.98,26.84
110575,-0.7994,0.0964,0.3751,0.66,-3.3,26.73,26.82
110585,-0.796,0.1019,0.395,4.56,-5.97,25.45,26.84
110595,-0.7996,0.0966,0.4027,9.5,-6.34,24.27,26.85
110605,-0.8151,0.0846,0.4047,14.41,-5.51,23.4,26.86
110615,-0.8302,0.0651,0.4178,18.32,-0.95,22.26,26.85
110625,-0.8185,0.0507,0.4171,20.55,5.95,19.59,26.86
110635,-0.8306,0.0262,0.4332,20.49,13.63,14.46,26.85
110645,-0.847,0.0237,0.494,15.91,24.7,8.24,26.86
110655,-0.8558,0.0219,0.5265,8.21,37.01,0.27,26.85
110665,-0.8555,0.0374,0.5537,4.0,43.1,-5.91,26.84
110675,-0.8285,0.0634,0.5581,1.15,43.56,-9.89,26.83
110685,-0.7964,0.0844,0.5408,-0.84,38.12,-12.02,26.85
110695,-0.7441,0.0929,0.5454,-0.73,30.9,-12.18,26.86
110705,-0.7078,0.0953,0.5836,0.61,26.17,-9.45,26.86
110715,-0.6191,0.0905,0.6776,-5.45,30.89,-4.66,26.84
110725,-0.6907,0.0747,0.5564,-7.24,19.07,-1.4,26.86
110735,-0.6959,0.079,0.5472,-8.37,8.2,0.38,26.85
110745,-0.6494,0.0851,0.5332,-10.76,2.46,3.85,26.85
110755,-0.6025,0.0876,0.4965,-9.6,-7.08,10.18,26.84
110765,-0.5842,0.1029,0.4575,-8.47,-16.46,16.46,26.86
110775,-0.5822,0.1064,0.4313,-8.89,-23.47,21.85,26.85
110785,-0.5917,0.0999,0.4318,-10.12,-27.08,26.84,26.85
110795,-0.6078,0.0753,0.4478,-13.04,-26.05,30.43,26.86
110805,-0.6183,0.0509,0.4534,-16.0,-21.15,32.15,26.86
110815,-0.6312,0.0261,0.4611,-17.86,-16.56,32.93,26.88
110825,-0.6456,0.0189,0.4729,-18.73,-12.76,33.36,26.85
110835,-0.6758,0.035,0.4727,-18.35,-9.79,34.49,26.87
110845,-0.7095,0.0636,0.4615,-17.1,-9.4,35.66,26.83
110855,-0.7358,0.0955,0.4506,-15.39,-11.5,35.68,26.86
110865,-0.7391,0.1031,0.4185,-12.67,-16.6,34.82,26.85
110875,-0.7432,0.114,0.4208,-8.75,-23.1,33.57,26.87
110885,-0.7539,0.1227,0.441,-6.79,-25.62,31.79,26.87
110895,-0.8268,0.1703,0.699,-9.21,-15.4,28.89,26.86
110905,-0.8429,0.1001,0.6309,-16.67,9.98,24.63,26.84
110915,-0.7683,0.0868,0.4233,-21.47,9.01,22.26,26.86
110925,-0.8092,0.1833,0.6238,-15.77,4.2,20.95,26.85
110935,-0.7333,0.155,0.5234,-15.22,4.11,19.8,26.85
110945,-0.7411,0.1736,0.5348,-14.89,-2.17,20.05,26.87
110955,-0.7745,0.2074,0.6168,-13.66,-6.87,20.03,26.86
110965,-0.7828,0.1812,0.5271,-18.12,-12.08,18.72,26.84
110975,-0.7537,0.1844,0.5146,-18.46,-20.69,17.13,26.87
110985,-0.6754,0.1553,0.3678,-15.82,-37.76,16.56,26.87
110995,-0.6188,0.1852,0.499,-9.02,-54.58,18.79,26.87
111005,-0.6122,0.1716,0.4136,-7.48,-55.51,21.48,26.87
111015,-0.6979,0.1741,0.4554,-8.4,-48.63,23.24,26.85
111025,-0.5586,0.1635,0.3983,-6.76,-46.32,22.06,26.86
111035,-0.595,0.1132,0.478,-3.59,-42.23,22.63,26.85
111045,-0.5948,0.0858,0.5254,0.63,-34.82,23.73,26.87
111055,-0.5875,0.0836,0.5216,4.15,-23.97,24.79,26.86
111065,-0.6066,0.1128,0.5106,6.95,-16.64,25.21,26.88
111075,-0.6305,0.144,0.519,8.76,-13.86,25.11,26.86
111085,-0.6393,0.1469,0.517,9.16,-15.01,24.73,26.86
111095,-0.6418,0.1617,0.5378,9.3,-18.08,23.62,26.87
111105,-0.6556,0.175,0.5641,9.65,-19.53,22.06,26.86
111115,-0.6376,0.187,0.5557,9.51,-21.34,20.24,26.86
111125,-0.6396,0.1904,0.5702,9.19,-23.56,19.45,26.86
111135,-0.6361,0.202,0.5852,9.8,-24.18,19.25,26.84
111145,-0.6305,0.2115,0.5935,10.32,-25.89,18.66,26.84
111155,-0.6351,0.2306,0.6147,11.69,-29.65,17.05,26.85
111165,-0.6177,0.2505,0.6227,13.71,-36.26,15.6,26.84
111175,-0.6052,0.2711,0.6306,14.92,-43.01,14.82,26.87
111185,-0.5966,0.2788,0.6423,14.66,-48.15,15.54,26.85
111195,-0.5989,0.2855,0.6613,13.6,-50.32,17.33,26.84
111205,-0.5925,0.2688,0.6486,14.06,-54.11,18.49,26.86
111215,-0.6144,0.2554,0.6683,15.79,-59.88,18.87,26.86
111225,-0.5945,0.255,0.6682,17.4,-66.23,17.76,26.87
111235,-0.5707,0.2405,0.6564,17.28,-74.76,15.45,26.89
111245,-0.549,0.2216,0.6532,15.34,-84.63,14.38,26.87
111255,-0.5247,0.276,0.71,13.44,-88.47,12.85,26.89
111265,-0.521,0.2806,0.7281,10.58,-84.63,9.79,26.87
111275,-0.5106,0.2603,0.7202,7.36,-80.46,8.99,26.86
111285,-0.49,0.2366,0.7133,5.37,-78.55,9.42,26.88
111295,-0.4646,0.2292,0.713,5.1,-78.05,8.87,26.85
111305,-0.4597,0.205,0.6829,6.09,-80.44,8.58,26.87
111315,-0.4219,0.2389,0.7028,8.61,-80.43,8.53,26.86
111325,-0.4008,0.28,0.7001,10.56,-72.03,5.88,26.84
111335,-0.3959,0.2842,0.7025,11.13,-64.44,4.17,26.87
111345,-0.3844,0.2903,0.6791,9.53,-57.11,4.21,26.87
111355,-0.3589,0.2716,0.6631,8.18,-53.92,5.47,26.88
111365,-0.3361,0.246,0.6577,10.4,-53.18,7.33,26.87
111375,-0.3204,0.2559,0.6765,16.02,-49.95,9.21,26.86
111385,-0.3176,0.2988,0.6757,21.42,-42.53,8.7,26.87
111395,-0.3309,0.3225,0.6715,24.37,-35.79,6.9,26.86
111405,-0.3341,0.3428,0.6781,25.51,-31.92,7.15,26.86
111415,-0.3184,0.3577,0.6881,26.47,-26.58,7.48,26.85
111425,-0.3052,0.3499,0.6869,27.86,-21.85,8.34,26.85
111435,-0.3091,0.3501,0.7067,29.76,-17.57,9.92,26.87
111445,-0.3099,0.3392,0.7173,31.21,-14.93,11.73,26.87
111455,-0.3174,0.317,0.7007,32.12,-17.37,14.12,26.89
111465,-0.3438,0.3151,0.728,33.98,-21.45,14.75,26.87
111475,-0.3634,0.3563,0.7601,35.25,-24.29,12.64,26.86
111485,-0.3682,0.3749,0.7589,33.86,-25.4,9.08,26.86
111495,-0.379,0.3759,0.7787,30.72,-25.18,6.64,26.85
111505,-0.3768,0.3579,0.7811,27.98,-23.8,5.39,26.88
111515,-0.3542,0.3607,0.795,26.5,-22.12,3.92,26.86
111525,-0.3657,0.3835,0.835,24.46,-17.08,0.81,26.85
111535,-0.3462,0.3947,0.813,21.89,-17.45,-1.85,26.85
111545,-0.3381,0.4189,0.8177,20.56,-22.41,-3.31,26.86
111555,-0.3561,0.4543,0.8385,20.27,-25.07,-4.92,26.85
111565,-0.371,0.4567,0.8417,18.85,-28.69,-7.16,26.84
111575,-0.3633,0.4314,0.835,15.97,-35.8,-9.05,26.88
111585,-0.3441,0.4033,0.8373,12.18,-42.52,-11.15,26.87
111595,-0.324,0.3898,0.8451,7.8,-46.95,-13.95,26.88
111605,-0.3281,0.3793,0.8591,3.54,-48.53,-16.82,26.89
111615,-0.3315,0.3744,0.8735,-0.31,-46.32,-19.15,26.9
111625,-0.3188,0.3678,0.8661,-4.27,-43.65,-21.34,26.87
111635,-0.3062,0.3596,0.8594,-8.82,-43.45,-24.4,26.85
111645,-0.2971,0.3618,0.8494,-13.97,-45.42,-27.89,26.86
111655,-0.2823,0.3876,0.8585,-18.38,-48.02,-31.56,26.87
111665,-0.2723,0.4146,0.8638,-21.39,-49.45,-35.37,26.86
111675,-0.2587,0.4072,0.8695,-23.19,-49.36,-37.59,26.87
111685,-0.2379,0.3893,0.8644,-24.08,-47.21,-38.24,26.88
111695,-0.214,0.3789,0.8597,-24.67,-44.75,-38.76,26.84
111705,-0.1851,0.3765,0.8691,-25.65,-41.4,-39.68,26.86
111715,-0.1613,0.3783,0.8724,-27.07,-37.53,-40.82,26.85
111725,-0.1476,0.386,0.8662,-28.08,-34.29,-41.48,26.89
111735,-0.1332,0.3954,0.8585,-28.82,-33.36,-42.02,26.84
111745,-0.11,0.3741,0.8584,-29.51,-35.91,-42.15,26.86
111755,-0.0947,0.3599,0.8542,-30.29,-40.11,-41.07,26.88
111765,-0.0864,0.3636,0.8494,-31.63,-43.6,-38.96,26.87
111775,-0.0814,0.3602,0.8408,-33.88,-45.63,-36.21,26.86
111785,-0.0776,0.343,0.8413,-36.26,-47.66,-32.5,26.86
111795,-0.0739,0.3199,0.8306,-37.91,-48.15,-27.95,26.87
111805,-0.0739,0.2869,0.8202,-39.15,-48.17,-22.73,26.86
111815,-0.0645,0.2554,0.8003,-40.76,-48.41,-17.44,26.87
111825,-0.0504,0.2661,0.7892,-42.66,-48.85,-15.3,26.89
111835,-0.0454,0.2655,0.7828,-42.67,-53.37,-15.31,26.84
111845,-0.037,0.2545,0.7753,-40.61,-60.92,-15.22,26.85
111855,-0.0173,0.2428,0.7666,-37.36,-66.29,-14.15,26.88
111865,0.005,0.2313,0.7738,-33.53,-68.05,-11.98,26.84
111875,0.006,0.2198,0.7572,-30.75,-65.02,-9.24,26.87
111885,0.0002,0.224,0.7605,-28.52,-59.45,-5.82,26.88
111895,0.0011,0.2539,0.778,-26.11,-52.95,-2.52,26.86
111905,-0.0035,0.2581,0.7888,-24.66,-42.37,-1.45,26.87
111915,-0.0117,0.2295,0.7764,-23.44,-31.24,0.32,26.87
111925,-0.0165,0.2203,0.7854,-20.67,-21.1,1.57,26.88
111935,-0.0288,0.2269,0.7828,-17.25,-12.02,1.39,26.85
111945,-0.0287,0.2635,0.7965,-14.21,-3.37,-0.27,26.87
111955,-0.036,0.2816,0.7937,-11.36,3.27,-3.39,26.86
111965,-0.0325,0.2811,0.7942,-7.79,8.44,-5.76,26.86
111975,-0.0239,0.2827,0.8062,-3.79,13.65,-7.04,26.85
111985,-0.0179,0.2859,0.8169,0.17,18.78,-8.2,26.85
111995,-0.0267,0.2954,0.8269,2.72,24.15,-8.5,26.88
112005,-0.0411,0.3035,0.8405,3.76,29.31,-8.26,26.88
112015,-0.0457,0.3181,0.8741,4.08,33.48,-8.47,26.84
112025,-0.0487,0.3062,0.8831,5.15,37.6,-9.63,26.85
112035,-0.0619,0.2921,0.8936,5.88,37.36,-11.04,26.85
112045,-0.0695,0.292,0.9072,6.05,35.18,-13.07,26.86
112055,-0.0809,0.2888,0.9102,5.21,33.33,-15.42,26.85
112065,-0.0938,0.2889,0.9148,3.83,30.87,-17.01,26.86
112075,-0.1022,0.2844,0.9126,2.38,26.17,-18.2,26.87
112085,-0.1041,0.2834,0.9119,1.04,17.3,-18.69,26.89
112095,-0.1034,0.2665,0.9088,-0.64,6.84,-18.81,26.88
112105,-0.1107,0.2532,0.907,-3.39,-2.23,-17.94,26.89
112115,-0.1132,0.241,0.9031,-7.34,-8.34,-17.3,26.85
112125,-0.1112,0.2289,0.8977,-11.51,-11.94,-17.73,26.87
112135,-0.0944,0.2142,0.8889,-16.26,-12.9,-19.68,26.86
112145,-0.0848,0.2061,0.8829,-19.39,-12.93,-21.85,26.87
112155,-0.0697,0.2039,0.8729,-21.8,-14.34,-24.15,26.88
112165,-0.056,0.2012,0.8586,-24.05,-18.06,-26.05,26.87
112175,-0.0499,0.2107,0.8542,-25.95,-23.76,-27.1,26.87
112185,-0.0441,0.2031,0.8442,-27.92,-29.95,-26.82,26.86
112195,-0.0437,0.1907,0.8367,-29.36,-35.79,-24.99,26.88
112205,-0.056,0.1835,0.8257,-29.27,-41.6,-22.4,26.88
112215,-0.0505,0.1951,0.8241,-27.97,-46.37,-20.55,26.85
112225,-0.0638,0.1876,0.809,-26.14,-51.6,-20.09,26.87
112235,-0.0522,0.1674,0.8065,-24.11,-57.28,-20.49,26.86
112245,-0.0365,0.1492,0.7983,-23.07,-59.68,-22.31,26.86
112255,-0.0304,0.137,0.8025,-23.19,-58.18,-24.23,26.87
112265,-0.0121,0.1256,0.8005,-24.4,-52.12,-26.43,26.87
112275,0.0017,0.1343,0.7933,-25.56,-43.34,-28.61,26.87
112285,0.0101,0.1471,0.782,-25.82,-34.26,-30.92,26.88
112295,0.0248,0.1783,0.7894,-24.37,-24.98,-33.48,26.84
112305,0.0428,0.2034,0.7937,-20.69,-16.58,-36.7,26.88
112315,0.0569,0.2303,0.7932,-14.75,-8.82,-39.02,26.89
112325,0.0652,0.2363,0.7987,-8.23,0.12,-39.1,26.85
112335,0.0823,0.2526,0.8348,-3.66,9.53,-37.16,26.87
112345,0.0938,0.2701,0.8802,-2.35,15.86,-35.3,26.89
112355,0.1472,0.2623,0.8955,-2.67,18.58,-34.18,26.9
112365,0.2299,0.2021,0.8754,-1.47,22.0,-32.78,26.88
112375,0.2584,0.0774,0.8549,-12.79,24.11,-34.0,26.87
112385,0.2141,0.0817,1.0536,-21.68,30.64,-35.25,26.85
112395,0.0354,0.1205,1.2103,-32.85,35.04,-36.6,26.86
112405,0.0333,0.1682,1.1458,-43.19,28.78,-35.42,26.88
112415,0.0322,0.2112,1.064,-47.77,20.75,-30.31,26.89
112425,0.0128,0.2347,0.9817,-47.66,15.69,-24.08,26.89
112435,0.0192,0.2452,0.9402,-45.42,12.18,-19.85,26.89
112445,0.0389,0.2321,0.8953,-42.53,9.76,-17.59,26.89
112455,0.088,0.2334,0.8187,-39.65,7.77,-17.94,26.87
112465,0.151,0.2245,0.6937,-39.6,4.98,-22.23,26.87
112475,0.1393,0.1656,0.6323,-39.01,0.03,-25.51,26.87
112485,0.0631,0.1057,0.7256,-37.28,-0.21,-25.62,26.9
112495,-0.0116,0.0895,0.844,-37.97,3.83,-25.89,26.87
112505,-0.0743,0.0842,0.9424,-42.66,10.03,-26.67,26.87
112515,-0.0885,0.049,0.9272,-50.93,12.81,-27.91,26.88
112525,-0.0811,0.0568,0.9144,-57.77,4.03,-27.02,26.9
112535,-0.0311,0.0929,0.933,-58.37,3.65,-27.24,26.89
112545,0.0079,0.066,0.8549,-59.15,10.15,-30.08,26.87
112555,0.0327,0.0483,0.8077,-61.11,18.32,-29.94,26.87
112565,0.0231,0.0504,0.7861,-62.18,27.13,-27.13,26.9
112575,-0.0383,0.0248,0.7979,-62.66,30.21,-25.36,26.89
112585,-0.0786,0.0043,0.8131,-60.69,29.07,-25.27,26.89
112595,-0.095,-0.0122,0.7996,-55.82,29.66,-26.23,26.9
112605,-0.0946,-0.0038,0.7855,-49.5,29.83,-27.25,26.89
112615,-0.1135,-0.0312,0.795,-40.31,29.6,-26.27,26.87
112625,-0.1747,-0.1078,0.8008,-26.24,22.64,-20.98,26.87
112635,-0.2061,-0.1605,0.8496,-11.04,2.0,-14.0,26.87
112645,-0.2152,-0.1718,0.9221,4.03,-31.63,-7.19,26.88
112655,-0.2168,-0.0627,0.866,16.53,-55.05,-0.31,26.88
112665,-0.1167,0.0658,0.8466,20.85,-63.28,0.96,26.88
112675,0.0654,0.1985,0.9105,17.11,-49.34,-8.02,26.88
112685,0.1895,0.2583,1.0388,7.31,-15.88,-21.31,26.9
112695,0.2793,0.27,1.0787,-0.46,13.5,-32.87,26.89
112705,0.3505,0.2736,1.0916,-9.8,44.23,-43.88,26.89
112715,0.2804,0.2378,1.0979,-18.15,64.12,-47.11,26.89
112725,0.2173,0.186,1.0759,-24.58,69.02,-41.83,26.87
112735,0.1512,0.1436,1.0472,-29.68,65.66,-32.08,26.89
112745,0.1038,0.1088,0.99,-33.5,58.75,-21.98,26.89
112755,0.0717,0.0676,0.9424,-35.62,48.55,-14.41,26.87
112765,0.0331,0.0568,0.9006,-35.07,35.53,-10.47,26.89
112775,-0.0107,0.0393,0.8746,-31.71,21.42,-8.64,26.86
112785,-0.0431,0.0228,0.8644,-26.7,8.35,-8.58,26.92
112795,-0.0601,0.0106,0.8687,-21.63,-1.3,-9.04,26.89
112805,-0.0491,-0.0002,0.8503,-17.34,-8.5,-8.67,26.89
112815,-0.0149,0.0029,0.835,-13.92,-14.23,-6.15,26.87
112825,-0.0007,-0.0031,0.8761,-13.57,-16.47,-2.98,26.9
112835,0.0234,-0.0167,0.9005,-15.34,-13.19,-2.38,26.9
112845,0.0342,-0.02,0.9291,-17.97,-7.44,-2.47,26.89
112855,0.0187,-0.025,0.973,-21.01,-2.99,-3.6,26.87
112865,-0.1681,0.1177,0.9863,-5.92,-5.25,-4.18,26.86
112875,0.0155,0.0245,0.8423,-4.21,-14.32,-5.42,26.87
112885,0.1033,-0.0267,0.8417,-3.88,-10.98,-7.33,26.88
112895,0.0938,-0.01,0.8516,-3.37,-3.01,-6.2,26.88
112905,0.0729,-0.0181,0.8324,-3.92,1.05,-6.17,26.87
112915,0.0214,-0.0204,0.9301,-4.4,1.15,-5.01,26.89
112925,0.0488,-0.0104,0.8701,-5.76,0.69,-5.1,26.91
112935,0.0284,-0.0334,0.8965,-6.11,1.01,-5.34,26.89
112945,0.0276,-0.0353,0.8671,-7.15,0.23,-6.66,26.88
112956,0.0576,-0.0284,0.8488,-6.67,-2.78,-4.27,26.89
112966,0.0518,-0.0267,0.8657,-7.04,-8.18,-0.08,26.89
112976,0.035,-0.0142,0.8939,-8.9,-14.55,3.82,26.87
112986,0.0305,-0.0111,0.9182,-9.54,-18.05,5.07,26.89
112996,0.0381,-0.0079,0.9248,-8.02,-18.29,4.58,26.9
113006,0.0471,-0.0089,0.9254,-7.22,-20.76,4.78,26.89
113016,0.0298,-0.0076,0.9061,-7.4,-24.96,5.19,26.9
113026,0.0208,-0.0096,0.8949,-8.5,-28.84,6.81,26.9
113036,0.0192,-0.0101,0.8802,-10.4,-33.08,8.96,26.9
113046,0.0056,-0.0161,0.8706,-12.67,-36.9,10.78,26.87
113056,0.0322,-0.0195,0.8654,-14.69,-38.05,11.07,26.91
113066,0.0317,-0.0205,0.8716,-16.93,-39.13,10.23,26.89
113076,-0.0328,-0.0458,0.8846,-19.24,-44.06,7.4,26.87
113086,0.0132,-0.0355,0.8605,-19.31,-48.84,5.85,26.88
113096,0.0665,-0.0485,0.8412,-17.6,-53.07,4.18,26.88
113106,0.0917,-0.0587,0.8276,-16.58,-56.4,2.44,26.89
113116,0.0974,-0.0375,0.9,-15.16,-59.8,0.9,26.87
113126,0.1483,-0.0176,0.964,-12.21,-56.9,-0.24,26.89
113136,0.1844,-0.0172,1.0283,-9.16,-44.08,-2.46,26.88
113146,0.2068,-0.0043,1.0438,-9.68,-26.41,-6.81,26.88
113156,0.2211,-0.0098,1.0088,-13.92,-10.09,-11.62,26.88
113166,0.2086,-0.0302,0.9017,-13.5,-7.3,-12.46,26.88
113176,0.2874,-0.0797,0.3345,-4.82,-14.93,-10.2,26.91
113186,0.0807,-0.1083,0.7632,-2.7,-16.06,-12.55,26.9
113196,0.2047,-0.0436,0.7393,0.84,-12.29,-13.15,26.88
113206,0.1123,-0.0272,0.9391,-2.03,-8.67,-12.89,26.89
113216,0.1873,-0.0428,0.8446,-3.37,-9.91,-12.85,26.9
113226,0.1766,-0.0386,0.8823,-3.16,-9.79,-14.21,26.9
113238,0.1842,-0.0428,0.8857,-3.01,-5.79,-15.28,26.87
113248,0.2023,-0.0493,0.8802,-3.31,-3.18,-16.9,26.89
113258,0.2223,-0.0615,0.8732,-3.45,0.55,-18.9,26.88
113268,0.233,-0.0568,0.8784,-3.76,3.4,-20.05,26.88
113278,0.2194,-0.0596,0.8922,-3.57,2.52,-21.44,26.9
113288,0.1956,-0.0315,0.9294,-2.17,-0.17,-21.63,26.91
113298,0.209,0.0078,0.9396,-0.72,-3.63,-21.68,26.89
113308,0.2201,0.0225,0.9108,-0.64,-6.18,-21.36,26.89
113318,0.2235,0.038,0.9266,-0.26,-8.08,-19.91,26.9
113328,0.2723,0.0203,0.8937,-0.17,-7.82,-16.02,26.91
113338,0.2529,0.0145,0.8978,-0.52,-7.22,-13.13,26.87
113348,0.2302,0.0081,0.8766,-1.16,-6.56,-9.53,26.89
113358,0.2186,0.0059,0.879,-2.61,-6.72,-6.58,26.9
113368,0.2328,0.0101,0.8921,-3.27,-4.06,-5.37,26.9
113378,0.2434,-0.002,0.8792,-3.79,-2.14,-3.91,26.92
113388,0.2373,-0.0023,0.8817,-4.58,-1.24,-3.37,26.91
113398,0.2533,-0.0192,0.8979,-4.58,-1.56,-2.9,26.9
113408,0.2677,-0.011,0.9296,-3.45,-4.43,-1.89,26.92
113418,0.2772,0.0751,0.9331,-1.13,-7.48,-1.02,26.9
113428,0.2446,0.0264,0.9447,-0.4,-5.69,-1.33,26.89
113438,0.2744,0.014,0.8994,0.26,-5.16,-2.44,26.89
113448,0.2443,0.0077,0.8904,0.98,-1.53,-3.22,26.89
113458,0.2062,-0.0165,0.8658,0.38,0.92,-3.04,26.89
113468,0.1874,-0.0175,0.8475,-0.95,2.55,-2.31,26.92
113478,0.1865,-0.0162,0.8501,-2.93,3.83,-1.16,26.91
113488,0.194,-0.0553,0.8285,-4.99,5.31,0.0,26.91
113498,0.2202,-0.0481,0.8346,-6.61,7.88,0.21,26.88
113508,0.238,-0.0309,0.85,-8.27,10.63,-0.47,26.88
113518,0.2347,-0.0072,0.8878,-8.93,13.66,-1.51,26.89
113528,0.252,0.0419,0.8967,-9.08,16.58,-1.71,26.87
113538,0.2456,0.0348,0.9043,-10.31,17.25,-0.15,26.89
113549,0.2495,-0.0026,0.9178,-9.11,17.19,0.69,26.92
113559,0.2573,-0.0197,0.9034,-7.98,12.38,1.68,26.89
113569,0.2802,-0.0311,0.8768,-7.24,11.24,4.02,26.9
113579,0.2976,-0.0219,0.855,-7.34,16.12,7.24,26.9
113589,0.2893,-0.0242,0.8412,-8.81,22.38,9.02,26.89
113599,0.2795,-0.0179,0.8309,-10.76,32.87,8.79,26.89
113609,0.3148,-0.033,0.8243,-13.22,45.28,9.5,26.89
113619,0.3099,-0.0376,0.8484,-15.56,54.53,9.86,26.89
113629,0.278,-0.047,0.8713,-16.66,61.36,9.92,26.89
113639,0.2407,-0.021,0.9176,-15.89,64.99,9.37,26.89
113649,0.1814,0.0048,0.9557,-14.4,66.41,7.97,26.87
113659,0.1101,0.0332,0.9724,-11.5,69.51,5.5,26.9
113669,0.0828,0.0415,0.949,-7.97,71.08,-0.53,26.92
113680,0.1259,0.0518,0.9501,-5.27,70.47,-4.09,26.89
113690,0.1636,0.0743,0.9758,-4.64,63.08,-1.37,26.92
113700,0.0515,0.0651,0.9617,-4.18,47.73,1.28,26.9
113710,-0.0365,0.0714,0.9635,-2.41,26.31,0.78,26.9
113720,-0.0275,0.084,0.9424,-0.81,14.58,1.13,26.91
113730,0.0321,0.0643,0.9453,-1.45,10.61,5.79,26.91
113741,0.135,0.0107,0.9165,-2.7,8.08,9.92,26.89
113751,0.1816,-0.045,0.8934,-3.83,5.3,9.76,26.91
113761,0.176,-0.0784,0.8574,-4.99,0.92,8.9,26.89
113772,0.1909,-0.0579,0.8595,-4.84,2.92,8.31,26.89
113782,0.1582,-0.0378,0.9182,-5.88,2.58,8.52,26.9
113792,0.0911,-0.0233,0.9349,-6.4,-2.15,6.78,26.91
113802,0.0707,-0.0217,0.8541,-5.94,-9.92,4.9,26.89
113812,0.0137,-0.0197,0.9373,-4.64,-11.5,2.05,26.91
113822,0.0769,-0.011,0.8674,-5.92,-8.9,-0.73,26.91
113832,0.0819,-0.0026,0.8822,-6.53,-3.6,-2.53,26.92
113842,0.0122,0.0063,0.949,-8.02,-1.11,-3.76,26.9
113852,0.0256,0.0082,0.8865,-9.24,-1.92,-4.29,26.9
113862,0.0181,0.0126,0.9915,-11.98,-1.37,-4.37,26.9
113872,0.0919,0.0236,0.9191,-15.39,-2.38,-4.95,26.91
113882,0.0695,0.0001,0.9852,-18.5,1.37,-5.91,26.87
113892,0.0829,-0.0223,0.9785,-22.52,5.97,-6.31,26.87
113902,0.1033,-0.0376,0.9651,-25.71,11.16,-6.44,26.9
113912,0.1672,-0.1493,1.1283,-35.05,-15.79,-4.78,26.9
113922,0.0051,-0.0997,1.115,-14.43,-26.67,-1.98,26.9
113932,0.2208,-0.1691,0.624,-6.6,-30.85,-4.23,26.91
113942,0.0326,-0.0336,0.9391,-1.89,-15.91,-6.98,26.91
113952,0.1429,-0.051,0.8694,-5.54,-7.82,-8.87,26.91
113962,0.1984,-0.0422,0.8,-6.24,-1.97,-8.43,26.93
113972,0.1696,-0.0499,0.8022,-5.73,4.63,-7.15,26.9
113982,0.1156,-0.0398,0.8634,-6.52,10.41,-5.3,26.89
113992,0.1093,-0.0304,0.8673,-6.32,14.03,-2.85,26.91
114002,0.1215,-0.0328,0.8771,-7.65,14.34,-3.04,26.9
114012,0.1283,-0.0364,0.8907,-8.37,14.87,-4.73,26.92
114022,0.1603,-0.0248,0.8564,-9.95,14.24,-6.89,26.89
114032,0.1388,-0.0095,0.9165,-10.66,13.51,-8.11,26.88
114042,0.1896,-0.0292,0.92,-9.76,12.31,-8.82,26.89
114053,0.251,-0.0134,0.9425,-8.06,11.22,-6.64,26.89
114063,0.2942,-0.0021,0.9583,-6.67,8.44,-4.09,26.9
114073,0.3206,-0.0121,0.9287,-6.14,5.59,-0.41,26.89
114083,0.2611,-0.0189,0.9231,-5.88,3.33,2.46,26.9
114093,0.1932,-0.0225,0.9137,-5.1,2.18,2.31,26.9
114103,0.1565,-0.0217,0.9125,-4.7,1.31,2.43,26.89
114113,0.147,-0.0233,0.9111,-4.53,0.0,3.24,26.91
114123,0.1519,-0.027,0.908,-4.67,-1.82,4.05,26.89
114133,0.165,-0.0291,0.8997,-4.85,-3.21,4.49,26.88
114143,0.1829,-0.0287,0.8795,-5.1,-3.01,3.89,26.9
114153,0.1796,-0.0315,0.8645,-5.18,-0.92,2.96,26.9
114163,0.1781,-0.0262,0.8802,-5.76,1.13,1.98,26.88
114173,0.2029,-0.0243,0.8887,-6.41,1.28,1.15,26.89
114184,0.1625,-0.0264,0.8914,-6.72,1.86,0.76,26.91
114194,0.1609,-0.0237,0.8912,-7.15,1.13,1.65,26.89
114204,0.1735,-0.027,0.8843,-7.1,1.92,1.59,26.92
114214,0.1738,-0.0226,0.9043,-6.93,2.24,1.94,26.87
114224,0.1855,-0.0193,0.907,-6.5,1.76,2.31,26.93
114234,0.1953,-0.0243,0.8914,-6.18,2.0,2.14,26.92
114244,0.1877,-0.0266,0.8882,-5.53,3.59,1.69,26.91
114254,0.1881,-0.0233,0.8926,-5.62,3.88,1.76,26.89
114264,0.191,-0.0189,0.9,-5.94,3.68,1.51,26.91
114274,0.1758,-0.0232,0.9053,-5.91,3.59,1.53,26.91
114284,0.1896,-0.0245,0.9092,-5.97,2.06,1.71,26.91
114294,0.1781,-0.0251,0.9146,-6.32,-0.18,2.03,26.92
114304,0.1711,-0.0198,0.9435,-6.63,-4.63,3.01,26.92
114314,0.1725,-0.0178,0.9496,-6.4,-9.36,3.74,26.91
114324,0.1793,-0.0233,0.9342,-6.35,-15.4,3.94,26.91
114334,0.2062,-0.0199,0.9243,-5.91,-18.43,3.88,26.91
114344,0.2778,-0.0422,0.8066,-6.15,-20.41,4.6,26.91
114354,0.2025,-0.0623,0.7521,-7.18,-10.18,3.95,26.91
114365,0.1858,-0.0284,0.8783,-7.74,-0.35,3.1,26.9
114375,0.222,-0.0192,0.9294,-7.74,-1.91,3.94,26.93
114385,0.2183,-0.0229,0.9021,-7.31,-4.46,4.41,26.92
114395,0.198,-0.0261,0.8762,-7.4,-3.88,4.41,26.9
114405,0.209,-0.0266,0.8491,-7.02,-1.37,3.76,26.89
114415,0.2134,-0.0308,0.8521,-7.05,5.13,1.68,26.91
114425,0.2296,-0.0221,0.9143,-6.85,5.59,1.01,26.9
114435,0.1559,-0.0287,0.9078,-5.89,2.26,1.31,26.9
114445,0.3269,-0.0497,0.8057,-6.7,3.66,1.39,26.92
114455,0.2286,-0.0299,0.8774,-7.5,10.21,-0.06,26.9
114465,0.2321,-0.0247,0.9202,-6.46,7.56,-0.11,26.9
114475,0.2095,-0.0232,0.8901,-5.77,6.34,-0.12,26.89
114485,0.2119,-0.0249,0.8885,-6.18,7.5,0.08,26.91
114496,0.2096,-0.0245,0.8944,-6.06,7.15,0.31,26.89
114506,0.2128,-0.0212,0.9056,-5.66,5.11,1.05,26.92
114516,0.2048,-0.0199,0.9093,-5.16,2.32,1.94,26.91
114526,0.2161,-0.0227,0.9025,-4.24,-2.55,3.63,26.92
114536,0.2148,-0.0319,0.8727,-4.24,-3.18,4.27,26.92
114546,0.2271,-0.0277,0.8615,-5.21,-0.78,4.17,26.92
114556,0.2219,-0.022,0.886,-5.82,2.6,3.16,26.9
114566,0.238,-0.0277,0.875,-5.91,3.83,2.79,26.91
114576,0.2427,-0.0336,0.8556,-6.46,7.3,1.4,26.91
114586,0.2407,-0.0238,0.8981,-7.01,8.32,0.49,26.9
114596,0.2322,-0.0265,0.8899,-6.69,7.69,-0.08,26.91
114606,0.2275,-0.0303,0.8853,-7.19,8.11,-0.15,26.89
114616,0.2489,-0.0259,0.8772,-6.99,7.4,-0.14,26.92
114626,0.2499,-0.036,0.8751,-6.85,8.41,-0.08,26.92
114636,0.2069,-0.021,0.8945,-6.79,8.46,-0.12,26.91
114646,0.1953,-0.0369,0.8228,-9.1,17.25,0.06,26.91
114656,0.2118,-0.0236,0.9114,-9.45,19.47,-0.14,26.93
114666,0.2339,-0.0164,0.9568,-8.72,13.63,-0.6,26.94
114676,0.251,-0.022,0.9318,-6.47,7.53,-0.29,26.9
114686,0.23,-0.0322,0.8569,-5.42,5.6,-0.43,26.9
114696,0.2205,-0.0299,0.8787,-6.37,6.84,-0.2,26.92
114706,0.2235,-0.0265,0.8925,-6.41,7.27,-0.09,26.89
114716,0.2261,-0.0242,0.9047,-6.08,6.98,-0.02,26.92
114726,0.2334,-0.0247,0.9109,-5.3,4.67,-0.14,26.91
114736,0.228,-0.0295,0.8771,-4.99,3.3,-0.11,26.93
114746,0.2188,-0.0317,0.8748,-5.28,3.88,0.12,26.91
114756,0.2128,-0.0295,0.8741,-5.71,5.51,0.09,26.91
114766,0.22,-0.0278,0.8793,-6.15,7.27,0.03,26.91
114776,0.2338,-0.0237,0.8905,-6.08,6.85,0.06,26.91
114786,0.2386,-0.0253,0.8922,-5.69,5.3,0.23,26.92
114796,0.2153,-0.0287,0.9154,-5.36,3.13,0.7,26.94
114806,0.1957,-0.0415,0.8236,-3.89,4.46,-0.12,26.92
114816,0.2188,-0.0187,0.8949,-7.54,8.69,-0.09,26.92
114826,0.231,-0.0229,0.875,-6.87,8.55,0.0,26.91
114836,0.2251,-0.0237,0.9036,-7.16,8.79,-0.06,26.92
114846,0.2366,-0.0229,0.8861,-6.41,7.62,-0.06,26.93
114856,0.2235,-0.0242,0.8976,-6.31,7.19,0.02,26.92
114866,0.2247,-0.0261,0.8799,-6.27,7.54,-0.09,26.93
114876,0.2288,-0.0289,0.8901,-6.6,7.89,-0.05,26.92
114886,0.2303,-0.028,0.8839,-6.64,7.88,-0.03,26.91
114896,0.2258,-0.0242,0.8896,-6.44,7.45,-0.08,26.93
114906,0.2214,-0.0288,0.8796,-6.49,7.56,-0.02,26.9
114916,0.2308,-0.0282,0.8849,-6.69,7.8,0.02,26.91
114926,0.2338,-0.0262,0.8933,-6.61,7.62,-0.03,26.91
114936,0.2347,-0.0228,0.897,-6.24,7.16,0.0,26.91
114946,0.2334,-0.0242,0.8879,-5.69,6.81,0.08,26.92
114956,0.2269,-0.0251,0.879,-5.74,6.93,0.05,26.92
114966,0.2242,-0.0267,0.8855,-6.34,7.69,0.0,26.92
114976,0.2295,-0.0303,0.8842,-6.61,8.09,-0.14,26.89
114986,0.2285,-0.0298,0.8966,-6.7,8.49,-0.26,26.92
114996,0.2314,-0.024,0.8904,-6.56,8.14,-0.29,26.91
115006,0.2229,-0.024,0.8876,-6.6,8.11,-0.46,26.91
115016,0.2208,-0.0247,0.8857,-6.6,8.08,-0.31,26.91
115026,0.229,-0.0249,0.8865,-6.58,8.08,-0.24,26.92
115036,0.2366,-0.0287,0.887,-6.72,8.08,-0.43,26.91
115046,0.2266,-0.0222,0.8937,-6.64,8.03,-0.87,26.93
115056,0.2174,-0.0201,0.8899,-6.37,7.53,-0.38,26.93
115066,0.2268,-0.022,0.8914,-6.18,7.45,-0.03,26.93
115076,0.2257,-0.0221,0.8875,-6.12,7.47,-0.08,26.92
115086,0.2301,-0.0282,0.8826,-6.26,7.79,0.03,26.91
115097,0.2294,-0.0275,0.8813,-6.49,8.03,-0.02,26.9
115107,0.2266,-0.0282,0.8778,-6.82,8.26,-0.05,26.92
115117,0.2267,-0.0262,0.8916,-6.95,8.38,-0.09,26.91
115127,0.2401,-0.0267,0.8884,-6.93,8.58,-0.6,26.89
115137,0.2133,-0.0262,0.8993,-6.56,7.94,-0.43,26.91
115147,0.2239,-0.0261,0.8884,-6.44,7.76,-0.14,26.9
115157,0.2284,-0.026,0.8928,-6.55,7.73,-0.05,26.92
115167,0.2302,-0.0229,0.8907,-6.43,7.66,0.0,26.93
115177,0.2291,-0.0245,0.8882,-6.18,7.57,0.02,26.91
115187,0.2317,-0.02,0.8868,-6.05,7.5,0.18,26.89
115197,0.2482,-0.0129,0.8815,-5.5,6.58,0.89,26.92
115207,0.2804,-0.0205,0.8915,-4.12,4.76,3.18,26.92
115217,0.2465,-0.0154,0.8912,-2.96,3.28,6.41,26.9
115227,0.2433,-0.0214,0.8833,-2.37,2.38,8.18,26.91
115237,0.2395,-0.0267,0.8834,-2.12,1.68,9.92,26.91
115247,0.2345,-0.0231,0.892,-2.5,1.98,9.69,26.92
115257,0.193,-0.0188,0.8723,-4.37,3.53,10.98,26.91
115267,0.2041,-0.0365,0.8955,-5.15,5.15,7.18,26.92
115277,0.218,-0.0327,0.8843,-6.53,7.15,4.5,26.93
115287,0.2264,-0.0292,0.8911,-6.9,7.92,3.27,26.92
115297,0.2236,-0.0348,0.8885,-7.4,8.47,2.12,26.9
115307,0.2339,-0.0232,0.8834,-7.54,8.98,1.27,26.93
115317,0.2405,-0.0199,0.8815,-7.54,8.64,1.73,26.91
115327,0.2419,-0.0181,0.8846,-7.48,8.47,3.21,26.92
115337,0.2302,-0.0255,0.8943,-7.66,8.6,3.6,26.92
115347,0.2283,-0.0242,0.8947,-7.39,8.63,3.07,26.92
115357,0.2192,-0.0306,0.8901,-6.84,8.21,1.48,26.91
115367,0.2313,-0.0287,0.8871,-6.55,8.14,0.14,26.89
115377,0.2292,-0.0282,0.8888,-6.84,8.41,-0.06,26.91
115387,0.2328,-0.0278,0.8807,-7.28,8.85,-0.12,26.91
115397,0.2297,-0.0297,0.8832,-8.02,9.8,-0.14,26.92
115407,0.2329,-0.0258,0.8807,-8.47,10.29,-0.09,26.91
115417,0.2346,-0.0229,0.8879,-8.11,9.92,-0.06,26.9
115427,0.2417,-0.0159,0.8857,-6.73,8.27,0.05,26.92
115437,0.2363,-0.016,0.8856,-5.15,6.47,0.09,26.92
115447,0.2318,-0.0259,0.8868,-4.47,5.74,0.03,26.92
115457,0.2278,-0.0295,0.8885,-4.96,6.09,0.02,26.93
115467,0.2267,-0.0319,0.8815,-6.23,7.18,0.02,26.92
115477,0.2269,-0.0325,0.8878,-7.11,8.35,-0.11,26.92
115487,0.2295,-0.0276,0.897,-7.69,8.99,-0.12,26.91
115497,0.2286,-0.0303,0.8988,-7.79,9.51,-0.12,26.92
115507,0.2284,-0.0231,0.9025,-7.01,8.89,-0.15,26.92
115517,0.2235,-0.0253,0.899,-6.44,8.84,-0.14,26.9
115527,0.2129,-0.0294,0.8928,-7.27,10.18,-0.11,26.93
115537,0.2104,-0.0354,0.8838,-9.27,12.89,-0.29,26.94
115547,0.2261,-0.0221,0.8516,-10.72,13.97,-0.24,26.92
115557,0.239,-0.0215,0.9004,-7.15,8.82,-0.02,26.92
115567,0.233,-0.0204,0.8987,-6.56,7.73,-0.02,26.92
115577,0.2423,-0.0216,0.8845,-5.85,6.84,0.05,26.92
115587,0.2328,-0.0288,0.8854,-5.63,6.99,0.03,26.94
115597,0.239,-0.0199,0.876,-5.73,6.61,0.05,26.93
115607,0.2324,-0.0226,0.8947,-4.37,5.22,0.02,26.92
115617,0.2296,-0.0259,0.8907,-3.86,4.37,0.15,26.92
115627,0.2429,-0.0175,0.8782,-2.27,2.44,0.27,26.92
115637,0.1523,0.0347,0.8739,-0.02,-1.05,2.05,26.92
115647,0.24,0.0079,0.9041,2.11,-4.02,4.66,26.91
115657,0.2515,-0.0415,0.8882,3.37,-4.66,4.24,26.92
115667,0.2374,-0.0287,0.887,2.95,-4.02,4.31,26.93
115677,0.2321,-0.025,0.8796,0.84,-1.63,3.89,26.92
115687,0.259,-0.046,0.8875,-1.3,1.08,3.34,26.93
115697,0.2531,-0.0356,0.8861,-2.79,3.04,2.17,26.91
115707,0.2384,-0.0181,0.8867,-3.44,3.85,1.73,26.9
115717,0.238,-0.006,0.8904,-3.6,4.21,1.91,26.91
115727,0.2399,-0.009,0.8882,-3.47,4.09,2.23,26.93
115737,0.2501,-0.0256,0.8821,-4.35,5.25,1.95,26.93
115747,0.2626,-0.0347,0.8892,-5.98,7.07,0.99,26.93
115757,0.2544,-0.026,0.8818,-7.82,8.84,0.17,26.93
115767,0.2499,-0.0132,0.8894,-7.91,8.72,0.02,26.9
115777,0.2518,-0.0072,0.8906,-6.24,7.19,0.08,26.92
115787,0.2465,-0.0146,0.8909,-5.16,6.14,0.24,26.89
115797,0.2471,-0.0166,0.8787,-5.34,6.55,0.14,26.92
115807,0.2396,-0.0199,0.8816,-6.32,7.62,0.0,26.91
115817,0.2384,-0.0212,0.8837,-7.8,9.13,-0.12,26.91
115827,0.2434,-0.0166,0.8936,-8.72,10.2,-0.17,26.93
115837,0.2426,-0.0204,0.8911,-9.27,10.92,-0.21,26.91
115847,0.2489,-0.0121,0.8855,-8.61,10.37,-0.11,26.94
115857,0.2456,-0.0176,0.8773,-7.8,9.4,-0.02,26.91
115867,0.2231,-0.0142,0.9551,-7.91,9.71,-0.18,26.92
115877,0.2257,-0.0254,0.8873,-6.44,8.55,-0.03,26.94
115887,0.2335,-0.0177,0.8715,-7.34,8.76,-0.11,26.92
115897,0.2434,-0.0232,0.8718,-7.86,9.42,-0.12,26.89
115907,0.2327,-0.0242,0.8876,-8.84,10.4,-0.15,26.94
115917,0.2299,-0.0293,0.8832,-11.45,13.76,-0.26,26.94
115927,0.2303,-0.0248,0.89,-13.65,16.56,-0.27,26.91
115937,0.2302,-0.0208,0.8901,-15.16,18.93,-0.37,26.97
115947,0.2472,-0.016,0.8785,-14.73,18.27,-0.32,26.93
115957,0.2462,-0.0143,0.8862,-12.84,15.88,-0.31,26.92
115967,0.2499,-0.0104,0.8915,-10.34,12.81,-0.12,26.92
115977,0.2507,-0.0146,0.8779,-7.1,9.02,-0.02,26.91
115987,0.2408,-0.0254,0.8834,-5.3,6.98,0.03,26.92
115997,0.2345,-0.0265,0.8911,-5.01,6.6,0.05,26.92
116007,0.2385,-0.03,0.8857,-4.98,6.44,0.05,26.91
116017,0.2388,-0.0261,0.8837,-5.08,6.41,-0.06,26.94
116027,0.2346,-0.0225,0.8914,-4.92,6.08,-0.02,26.95
116037,0.2308,-0.0201,0.885,-5.04,6.43,0.03,26.95
116047,0.2361,-0.0178,0.8846,-5.45,6.96,-0.11,26.94
116057,0.2396,-0.0159,0.8699,-4.66,6.14,0.0,26.9
116067,0.2319,-0.0291,0.8877,-5.85,7.5,0.31,26.93
116077,0.2493,-0.014,0.8904,-5.88,7.39,0.49,26.95
116087,0.2627,-0.0111,0.8905,-5.94,7.24,2.46,26.91
116097,0.2712,0.0426,0.8866,-6.37,7.1,4.99,26.9
116107,0.2322,-0.0303,0.8755,-7.86,8.98,5.34,26.9
116117,0.2617,-0.0057,0.8955,-8.21,9.3,7.22,26.92
116128,0.2382,-0.0222,0.8956,-9.83,11.73,8.76,26.94
116138,0.2611,0.0031,0.8877,-10.47,12.18,10.69,26.93
116148,0.2063,-0.0458,0.8745,-9.48,11.33,11.13,26.92
116158,0.272,0.021,0.9152,-9.16,10.35,14.47,26.93
116168,0.2269,-0.0276,0.8801,-10.03,11.24,15.01,26.93
116178,0.2195,-0.0605,0.8715,-9.92,10.85,15.65,26.91
116188,0.1909,-0.0715,0.8936,-7.83,8.58,11.95,26.91
116198,0.1696,-0.0947,0.8693,-5.63,6.08,7.8,26.92
116208,0.1908,-0.0596,0.9003,-4.41,5.15,1.95,26.91
116218,0.2169,-0.0427,0.8815,-7.07,8.0,0.15,26.93
116228,0.2261,-0.0336,0.8826,-8.89,10.31,-0.08,26.91
116238,0.23,-0.0353,0.8881,-9.62,11.31,-0.06,26.94
116248,0.2349,-0.0269,0.89,-9.57,11.39,-0.11,26.92
116258,0.2336,-0.021,0.8907,-8.89,10.56,-0.14,26.92
116268,0.2386,-0.0209,0.9119,-6.93,8.17,-0.06,26.92
116278,0.2312,-0.03,0.8922,-6.15,7.25,-0.02,26.94
116288,0.226,-0.0333,0.8834,-6.2,7.27,-0.03,26.93
116298,0.2269,-0.0294,0.8824,-6.49,7.73,-0.11,26.93
116308,0.2297,-0.0336,0.8802,-6.96,8.2,-0.12,26.92
116318,0.2339,-0.028,0.8888,-7.1,8.15,-0.11,26.9
116328,0.2303,-0.0288,0.8846,-6.89,8.0,-0.11,26.93
116338,0.2321,-0.0288,0.8881,-6.76,7.88,-0.11,26.94
116348,0.2307,-0.0303,0.8923,-6.61,7.82,-0.17,26.94
116358,0.231,-0.0326,0.8862,-6.5,7.77,-0.15,26.92
116368,0.2247,-0.0355,0.8885,-6.35,7.66,-0.18,26.91
116378,0.229,-0.0352,0.8888,-6.32,7.76,-0.15,26.92
116388,0.2322,-0.0317,0.8901,-6.37,7.82,-0.17,26.9
116398,0.2324,-0.0348,0.8887,-6.4,7.86,-0.11,26.95
116408,0.2317,-0.0345,0.8857,-6.34,7.86,-0.09,26.93
116418,0.2301,-0.0317,0.8828,-6.46,7.98,-0.11,26.94
116428,0.2291,-0.0317,0.8802,-6.64,8.23,-0.24,26.94
116438,0.2234,-0.0367,0.89,-6.55,8.08,-0.46,26.91
116448,-0.0333,-0.1797,0.8583,-5.54,8.61,-19.63,26.94
116458,0.1033,-0.2327,0.9464,-4.67,7.88,-32.89,26.92
116468,0.3774,0.0931,0.901,-5.1,7.83,-26.56,26.95
116478,0.2963,0.0079,0.8271,-6.53,9.59,-17.97,26.94
116488,0.1465,-0.1328,0.89,-7.04,10.69,-21.92,26.92
116498,0.2821,-0.0175,0.9249,-6.67,9.33,-23.15,26.91
116508,0.3022,0.1005,0.9039,-5.3,7.91,-18.43,26.94
116518,0.4043,0.2054,0.9053,-7.19,10.11,-6.99,26.94
116528,0.2457,-0.0233,0.8556,-6.34,8.14,-0.6,26.93
116538,0.2567,-0.0022,0.8983,-3.82,4.95,0.08,26.93
116549,0.2312,-0.0143,0.89,1.73,-2.26,1.1,26.92
116559,0.2349,-0.0244,0.8815,4.63,-5.62,2.53,26.94
116569,0.2384,-0.0249,0.8833,5.6,-7.05,2.93,26.94
116579,0.2297,-0.0319,0.8779,2.84,-3.68,2.34,26.92
116589,0.2332,-0.035,0.8793,-0.32,-0.08,1.82,26.93
116599,0.2365,-0.0303,0.8832,-3.31,3.69,1.04,26.93
116609,0.2432,-0.022,0.8854,-5.13,5.94,0.56,26.93
116619,0.2423,-0.0149,0.8888,-4.81,5.66,0.5,26.97
116629,0.2511,-0.0087,0.8868,-3.24,3.65,0.93,26.94
116639,0.2544,-0.0074,0.8864,-0.89,0.72,1.42,26.92
116649,0.2565,-0.0021,0.884,1.88,-2.47,2.12,26.91
116659,0.2523,-0.0032,0.8851,5.47,-6.79,3.3,26.94
116669,0.2538,-0.0035,0.8826,7.37,-8.87,3.73,26.93
116679,0.2404,-0.0153,0.8802,7.07,-8.43,3.6,26.93
116689,0.2466,-0.0093,0.8806,5.36,-6.72,3.53,26.95
116699,0.2615,-0.0043,0.889,2.67,-3.98,3.47,26.94
116709,0.2968,0.0049,0.8857,1.36,-1.79,6.46,26.94
116719,0.2583,-0.0092,0.8845,-0.87,0.56,7.89,26.94
116729,0.2535,-0.0048,0.8936,-1.01,1.33,6.02,26.94
116740,0.2467,-0.0103,0.8766,-1.74,2.4,4.35,26.96
116750,0.2539,-0.0096,0.8722,-4.03,4.98,4.29,26.91
116760,0.2576,-0.0129,0.8785,-5.51,6.43,2.96,26.94
116770,0.2614,-0.0022,0.8804,-6.27,6.99,2.56,26.92
116780,0.2751,0.0103,0.8842,-5.71,6.49,2.66,26.94
116790,0.283,0.0138,0.879,-4.6,5.1,4.2,26.94
116800,0.2838,0.0172,0.8876,-2.9,3.08,5.16,26.95
116810,0.2705,0.0144,0.8785,-2.26,2.43,7.05,26.95
116820,0.283,0.0304,0.8905,-3.57,4.12,7.4,26.94
116830,0.262,0.0205,0.8793,-9.42,10.84,9.1,26.92
116840,0.2571,-0.0211,0.8865,-12.66,14.81,6.67,26.92
116850,0.2375,-0.0331,0.8674,-15.76,18.12,5.21,26.96
116860,0.2538,-0.0168,0.8787,-17.07,19.48,3.79,26.94
116870,0.2394,-0.0332,0.8837,-16.31,18.79,1.95,26.94
116880,0.2635,-0.0054,0.8916,-14.21,16.43,0.93,26.95
116890,0.27,-0.0082,0.8835,-13.79,16.46,0.6,26.94
116900,0.2445,-0.0221,0.8756,-14.5,17.6,1.19,26.96
116910,0.2505,-0.0177,0.8947,-13.8,16.73,1.31,26.93
116920,0.2307,-0.0273,0.8833,-11.19,13.25,0.0,26.94
116930,0.26,-0.0122,0.88,-9.3,10.81,-0.18,26.93
116940,0.2598,-0.0067,0.8833,-7.71,8.7,-0.11,26.92
116950,0.2606,-0.0051,0.8801,-6.2,7.01,0.11,26.94
116960,0.2561,-0.0116,0.8921,-5.28,6.26,0.11,26.92
116970,0.2554,-0.0065,0.8942,-5.08,6.2,-0.02,26.93
116980,0.2554,-0.0023,0.8833,-4.75,5.82,-0.02,26.93
116990,0.2573,-0.0059,0.8795,-4.2,5.1,0.09,26.92
117000,0.2595,-0.0049,0.8855,-3.45,4.21,0.09,26.92
117010,0.259,-0.0105,0.8793,-2.75,3.34,0.21,26.95
117020,0.2502,-0.0131,0.8882,-3.24,3.77,0.18,26.95
117030,0.2488,-0.0145,0.8871,-4.32,5.08,0.2,26.93
117040,0.2501,-0.0111,0.8761,-4.9,5.71,0.58,26.92
117050,0.2533,-0.0054,0.8711,-4.85,5.76,0.69,26.96
117060,0.2529,-0.0068,0.861,-5.79,6.96,0.44,26.94
117070,0.244,-0.0232,0.8707,-7.83,9.44,0.05,26.94
117080,0.24,-0.0332,0.8901,-9.95,12.17,-0.18,26.93
117090,0.2377,-0.0294,0.8851,-12.17,14.89,-0.27,26.94
117100,0.2401,-0.0282,0.8817,-14.27,17.31,-0.26,26.9
117110,0.2446,-0.0192,0.8822,-16.17,19.39,-0.29,26.91
117120,0.2552,-0.0105,0.8931,-16.44,19.95,-0.37,26.93
117130,0.2577,-0.0103,0.8845,-15.79,19.44,-0.4,26.94
117140,0.2697,-0.0073,0.8904,-15.01,18.37,-0.75,26.95
117150,0.2629,-0.0056,0.8844,-13.76,16.9,-1.22,26.93
117160,0.2467,-0.0153,0.8877,-12.26,15.25,-1.47,26.96
117170,0.2385,-0.0211,0.8794,-12.49,15.68,-1.6,26.93
117180,0.2314,-0.0222,0.9009,-13.04,15.91,-1.42,26.93
117190,0.2292,-0.0229,0.8805,-12.56,15.69,-0.96,26.96
117200,0.2225,-0.0316,0.8783,-14.56,18.41,-1.25,26.95
117210,0.2128,-0.0396,0.882,-19.02,24.03,-2.2,26.95
117220,0.2119,-0.0248,0.8883,-22.18,27.92,-2.29,26.97
117230,0.208,-0.0183,1.0784,-10.72,11.74,-0.63,26.96
117249,0.2264,-0.0337,0.9064,-6.63,8.47,-0.34,26.94
117259,0.2303,-0.0393,0.8856,-7.04,8.27,-0.23,26.94
117269,0.2351,-0.0378,0.8824,-6.43,8.32,-0.2,26.94
117279,0.2279,-0.0283,0.8821,-7.4,8.84,-0.31,26.91
117289,0.2238,-0.0293,0.9,-6.85,9.05,-0.29,26.93
117299,0.2296,-0.0249,0.8945,-7.73,9.31,-0.49,26.96
117309,0.235,-0.0243,0.8812,-6.95,8.56,-0.24,26.95
117319,0.2434,-0.0244,0.8883,-7.21,8.49,-0.17,26.95
117329,0.2325,-0.0225,0.8853,-6.32,7.56,-0.09,26.94
117339,0.223,-0.0254,0.8761,-6.89,8.23,-0.06,26.94
117349,0.2279,-0.0308,0.8855,-6.76,8.58,-0.23,26.92
117359,0.2225,-0.035,0.8809,-6.56,8.31,-0.32,26.94
117369,0.2563,-0.0522,0.8789,-7.37,9.86,-2.23,26.94
117379,0.2075,-0.0281,0.8896,-6.84,9.04,-1.76,26.94
117389,0.229,-0.0383,0.8972,-6.55,8.64,-1.01,26.94
117399,0.2313,-0.0454,0.8889,-6.47,9.07,-0.64,26.93
117409,0.2413,-0.0522,0.8866,-6.5,8.79,-0.69,26.93
117419,0.224,-0.024,0.8651,-6.43,8.32,-0.78,26.93
117429,0.1974,-0.0004,0.8837,-7.19,8.5,-1.25,26.97
117439,0.2129,-0.0063,0.9412,-6.5,7.47,-1.08,26.94
117449,0.2278,-0.0151,0.9099,-6.26,7.76,-0.29,26.94
117459,0.2438,-0.0253,0.9542,-6.93,8.32,-0.5,26.94
117469,0.2399,-0.0259,0.8868,-6.64,8.0,-0.56,26.94
117479,0.2428,-0.0306,0.8566,-6.81,9.04,-0.73,26.93
117489,0.2223,-0.0468,0.8495,-6.81,8.98,-0.81,26.94
117499,0.2245,-0.0359,0.8381,-7.08,8.75,-0.75,26.94
117509,0.2192,-0.043,0.8838,-7.24,8.84,-0.58,26.96
117519,0.2275,-0.0406,0.9027,-7.05,8.5,-0.29,26.93
117529,0.2284,-0.0433,0.9156,-6.69,7.97,-0.03,26.94
117539,0.2255,-0.0284,0.9084,-6.47,8.27,-0.08,26.96
117549,0.2439,-0.0302,0.8774,-6.52,8.37,-0.63,26.93
117559,0.2242,-0.021,0.8743,-6.46,8.67,-0.52,26.93
117569,0.212,-0.0265,0.885,-6.58,8.75,-0.49,26.95
117579,0.2233,-0.0345,0.8783,-6.53,8.21,-0.37,26.94
117589,0.2255,-0.0355,0.8903,-6.67,8.4,-0.41,26.94
117599,0.2196,-0.0378,0.8661,-7.04,10.64,-1.05,26.93
117609,0.235,-0.0503,0.8801,-7.68,13.97,-2.26,26.94
117619,0.2291,-0.036,0.9003,-7.57,14.11,-3.27,26.93
117629,0.2228,-0.0138,0.8932,-7.31,13.8,-2.79,26.92
117639,0.2252,-0.0305,0.8885,-7.22,13.85,-2.27,26.92
117649,0.2275,-0.0457,0.8801,-7.11,13.24,-2.27,26.93
117659,0.2186,-0.0477,0.892,-6.79,12.43,-2.73,26.93
117669,0.2155,-0.045,0.8876,-6.93,11.79,-3.07,26.94
117679,0.2201,0.0304,0.887,-6.81,11.16,-2.99,26.92
117689,0.2139,-0.0215,0.8999,-6.84,9.07,-0.73,26.94
117699,0.2197,-0.0206,0.8772,-6.82,8.53,-0.79,26.94
117709,0.2214,-0.0237,0.8926,-6.9,8.26,-0.81,26.95
117719,0.2233,-0.0228,0.8922,-6.75,7.73,-0.87,26.95
117729,0.2216,-0.0283,0.8834,-6.72,7.33,-0.79,26.94
117739,0.2211,-0.0322,0.8871,-6.85,8.02,-0.85,26.93
117749,0.2181,-0.0331,0.91,-6.9,7.71,-0.89,26.94
117759,0.2262,-0.0382,0.89,-6.64,7.1,-0.73,26.95
117769,0.2246,-0.0389,0.8969,-6.56,7.36,-1.02,26.97
117779,0.2203,-0.0332,0.9027,-6.18,6.44,-1.27,26.95
117789,0.2213,-0.0347,0.9034,-5.95,4.76,-1.18,26.94
117799,0.2373,-0.0358,0.8959,-5.77,1.19,-1.07,26.94
117809,0.2388,-0.0309,0.8988,-5.19,-2.67,-0.96,26.93
117819,0.2319,-0.0272,0.8888,-5.3,-5.45,-0.95,26.92
117829,0.1229,-0.0256,0.8381,-4.31,4.85,-0.27,26.94
117839,0.2419,0.0017,0.9409,-6.27,6.27,0.12,26.94
117850,0.2616,-0.0461,0.7948,-5.3,6.89,0.11,26.94
117860,0.2321,-0.0239,0.9336,-5.53,6.99,0.14,26.95
117870,0.223,-0.0382,0.8622,-5.89,6.08,0.21,26.92
117880,0.2334,-0.0382,0.8829,-5.82,7.45,0.26,26.94
117890,0.2233,-0.0199,0.8933,-6.75,7.68,0.23,26.94
117900,0.2305,-0.0214,0.8807,-6.67,8.05,0.23,26.95
117910,0.2281,-0.0205,0.9053,-6.84,7.91,0.23,26.97
117920,0.23,-0.0385,0.8811,-6.47,7.65,0.46,26.94
117930,0.2177,-0.047,0.8925,-6.34,7.82,0.53,26.94
117940,0.229,-0.0431,0.8859,-6.44,7.63,0.67,26.95
117950,0.2284,-0.0314,0.8934,-6.15,7.66,0.7,26.93
117960,0.2346,-0.0272,0.8873,-5.88,7.34,0.64,26.95
117970,0.2281,-0.0294,0.8842,-5.8,7.47,0.37,26.96
117980,0.2094,-0.0236,0.8843,-6.11,7.63,0.27,26.94
117990,0.1836,0.0046,0.8728,-6.29,7.57,0.41,26.95
118000,0.2351,-0.0309,0.881,-7.24,8.17,-0.05,26.93
118010,0.2523,-0.0466,0.8877,-7.25,8.47,-0.26,26.94
118020,0.2269,-0.0281,0.8921,-7.02,8.4,-0.35,26.93
118030,0.2164,-0.0259,0.8867,-6.89,8.26,-0.82,26.93
118040,0.2429,-0.0498,0.8862,-6.96,8.64,-0.92,26.95
118050,0.2284,-0.0387,0.8879,-7.18,8.75,-0.98,26.94
118060,0.2159,-0.0316,0.8906,-7.21,8.56,-1.24,26.96
118070,0.2102,-0.0338,0.8882,-6.96,8.24,-1.86,26.93
118080,0.25,-0.0413,0.8893,-6.9,8.44,-1.28,26.95
118090,0.1991,-0.0205,0.8846,-6.66,8.2,-1.62,26.92
118100,0.1871,-0.027,0.8945,-6.82,8.15,-3.74,26.93
118110,0.2008,-0.0448,0.899,-6.52,8.26,-6.24,26.94
118120,0.2778,-0.0543,0.896,-7.08,8.66,-6.73,26.93
118130,0.219,-0.0454,0.8855,-6.95,8.5,-6.43,26.93
118140,0.2073,-0.0481,0.8824,-6.73,8.47,-7.45,26.94
118150,0.1786,-0.0446,0.8871,-6.6,8.4,-9.04,26.94
118160,0.2217,-0.0483,0.8868,-6.66,8.75,-11.5,26.93
118170,0.246,-0.0316,0.8917,-6.7,8.76,-11.34,26.94
118180,0.2601,0.0127,0.8889,-6.79,8.63,-9.4,26.94
118190,0.2987,0.0052,0.8947,-6.9,8.4,-2.76,26.92
118200,0.2256,-0.0267,0.8988,-6.35,7.83,-0.34,26.94
118210,0.2261,-0.0271,0.8844,-6.26,7.62,-0.09,26.94
118220,0.226,-0.0308,0.8899,-6.15,7.69,0.03,26.92
118230,0.2264,-0.0298,0.8877,-6.17,7.34,-0.06,26.92
118240,0.2288,-0.0306,0.8859,-6.29,7.5,0.05,26.93
118250,0.2303,-0.0273,0.8915,-6.31,7.69,0.0,26.94
118260,0.2253,-0.0302,0.8933,-6.17,7.73,-0.06,26.95
118270,0.2291,-0.03,0.885,-6.24,7.76,0.03,26.95
118280,0.2271,-0.0261,0.894,-6.0,7.59,0.0,26.96
118290,0.2253,-0.0325,0.8955,-5.71,7.39,0.08,26.93
118300,0.226,-0.0269,0.894,-5.4,7.05,0.06,26.94
118310,0.2244,-0.0294,0.8851,-5.3,6.99,0.03,26.94
118320,0.2218,-0.0305,0.8851,-5.4,6.85,0.08,26.94
118330,0.2258,-0.0294,0.8848,-5.71,7.1,0.17,26.97
118340,0.2269,-0.0295,0.8853,-5.89,7.19,0.18,26.95
118350,0.2233,-0.0291,0.8838,-6.2,7.48,0.11,26.92
118361,0.2268,-0.0271,0.8866,-6.37,7.53,0.09,26.94
118371,0.2284,-0.0249,0.8933,-6.21,7.3,0.14,26.93
118381,0.2263,-0.0265,0.8894,-5.69,7.05,0.14,26.94
118391,0.2273,-0.0275,0.8938,-5.56,7.11,0.0,26.94
118401,0.2251,-0.0314,0.8828,-5.71,7.25,0.08,26.95
118411,0.2267,-0.0304,0.8812,-6.21,7.68,-0.02,26.94
118421,0.2268,-0.0287,0.8845,-6.73,8.09,-0.02,26.94
118431,0.226,-0.0288,0.8893,-7.1,8.35,0.0,26.94
118441,0.2362,-0.0273,0.8884,-6.79,7.92,-0.02,26.96
118451,0.2292,-0.0282,0.892,-6.61,8.05,-0.05,26.95
118461,0.2284,-0.0305,0.8894,-6.32,7.73,0.06,26.96
118471,0.2335,-0.02,0.8842,-6.29,7.63,-0.03,26.96
118481,0.2365,-0.0236,0.8864,-6.27,7.66,0.03,26.97
118491,0.2363,-0.0199,0.8843,-6.32,7.57,0.0,26.96
118501,0.233,-0.0269,0.8882,-6.27,7.65,0.05,26.92
118511,0.2308,-0.0303,0.8832,-6.38,7.76,0.0,26.96
118521,0.226,-0.0332,0.8774,-6.5,7.85,0.02,26.96
118531,0.2263,-0.0314,0.881,-6.75,8.09,-0.08,26.94
118541,0.2275,-0.0254,0.8884,-6.87,8.21,-0.15,26.94
118551,0.2269,-0.0264,0.8857,-6.75,8.18,-0.15,26.97
118561,0.2268,-0.022,0.8849,-6.63,8.0,-0.09,26.98
118571,0.2271,-0.0237,0.8931,-6.56,8.02,-0.17,26.95
118581,0.2267,-0.0266,0.8892,-6.63,8.11,-0.11,26.97
118591,0.2245,-0.0234,0.8932,-6.7,8.08,-0.06,26.96
118601,0.2255,-0.0219,0.8855,-6.55,8.02,-0.03,26.98
118611,0.2205,-0.0289,0.8896,-6.52,8.03,-0.06,26.98
118621,0.2231,-0.0272,0.887,-6.56,7.92,-0.06,26.93
118631,0.225,-0.0298,0.8817,-6.44,7.88,-0.09,26.96
118641,0.2272,-0.0315,0.8782,-6.46,7.83,-0.14,26.95
118651,0.2261,-0.0267,0.8866,-6.49,7.97,-0.12,26.97
118661,0.229,-0.0265,0.8905,-6.46,7.89,-0.15,26.94
118671,0.2311,-0.0233,0.8861,-6.35,7.82,-0.15,26.95
118681,0.2291,-0.0284,0.8867,-6.26,7.85,-0.09,26.98
118691,0.228,-0.0302,0.8899,-6.35,7.85,-0.08,26.96
118701,0.2277,-0.0303,0.8884,-6.38,7.8,-0.06,26.93
118711,0.2267,-0.0272,0.8853,-6.32,7.79,-0.09,26.97
118721,0.2284,-0.0261,0.8937,-6.34,7.76,-0.06,26.96
118731,0.2296,-0.0269,0.8878,-6.03,7.47,-0.08,26.95
118741,0.2286,-0.027,0.884,-5.91,7.37,-0.08,26.95
118751,0.2281,-0.0293,0.8826,-6.05,7.44,-0.02,26.94
118761,0.2268,-0.0303,0.8837,-6.15,7.66,-0.02,26.94
118771,0.2291,-0.0295,0.8857,-6.37,7.73,0.05,26.96
118781,0.234,-0.0276,0.8888,-6.35,7.6,0.02,26.94
118791,0.2279,-0.0244,0.8885,-6.26,7.62,0.05,26.97
118801,0.2253,-0.0277,0.8936,-6.27,7.68,0.06,26.94
118811,0.2269,-0.0261,0.89,-6.29,7.74,0.06,26.96
118821,0.2264,-0.028,0.8907,-6.38,7.77,-0.03,26.98
118831,0.2305,-0.027,0.8906,-6.26,7.62,0.02,26.95
118841,0.2262,-0.026,0.887,-6.24,7.68,0.02,26.95
118851,0.2245,-0.0281,0.8883,-6.21,7.77,-0.03,26.96
118861,0.229,-0.0282,0.8842,-6.41,7.92,-0.05,26.95
118871,0.2284,-0.0253,0.8872,-6.49,8.12,0.0,26.95
118881,0.2284,-0.0254,0.8876,-6.61,8.15,-0.05,26.95
118891,0.2264,-0.0267,0.8864,-6.55,8.08,0.03,26.95
118901,0.2268,-0.0264,0.8864,-6.53,8.06,-0.03,26.94
118911,0.2261,-0.027,0.8887,-6.43,8.09,-0.06,26.94
118921,0.2261,-0.0255,0.8859,-6.37,8.02,-0.17,26.97
118931,0.2262,-0.0281,0.8903,-6.32,7.98,-0.17,26.96
118941,0.2269,-0.03,0.8872,-6.27,7.82,-0.11,26.96
118951,0.2277,-0.0304,0.8876,-6.41,7.82,-0.12,26.95
118961,0.2271,-0.0278,0.8878,-6.56,7.83,-0.02,26.96
118971,0.2257,-0.0269,0.894,-6.46,7.83,-0.08,26.97
118981,0.2279,-0.025,0.8936,-6.21,7.79,-0.12,26.95
118991,0.2297,-0.027,0.8888,-6.18,7.95,-0.08,26.96
119001,0.2306,-0.0273,0.8864,-6.2,8.0,-0.11,26.97
119011,0.2266,-0.0328,0.886,-6.41,8.15,-0.18,26.95
119021,0.2244,-0.0298,0.8876,-6.78,8.35,-0.12,26.97
119031,0.2318,-0.0267,0.8893,-6.78,8.12,-0.12,26.95
119041,0.2267,-0.0258,0.8903,-6.67,7.97,-0.11,26.96
119051,0.2253,-0.0242,0.8868,-6.4,7.83,-0.11,26.94
119061,0.223,-0.0258,0.8831,-6.23,7.54,-0.03,26.99
119071,0.2246,-0.0269,0.8834,-6.2,7.51,-0.05,26.96
119081,0.2257,-0.0287,0.8867,-6.38,7.6,-0.11,26.97
119091,0.2297,-0.025,0.887,-6.44,7.6,-0.08,26.95
119101,0.2244,-0.0267,0.8884,-6.4,7.63,-0.02,26.95
119111,0.2278,-0.0258,0.8866,-6.47,7.63,0.0,26.98
119121,0.2302,-0.0256,0.8875,-6.47,7.39,0.0,26.95
119131,0.2278,-0.0291,0.889,-6.23,7.28,-0.05,26.96
119141,0.2271,-0.0272,0.8865,-6.11,7.21,0.05,26.94
119151,0.2319,-0.0284,0.8916,-6.23,7.37,-0.02,26.95
119161,0.2294,-0.0269,0.8883,-6.4,7.5,0.02,26.95
119171,0.2263,-0.0243,0.8903,-6.55,7.74,0.06,26.97
119181,0.2269,-0.0269,0.8873,-6.56,7.74,0.0,26.99
119191,0.2255,-0.0253,0.8895,-6.52,7.86,-0.02,26.95
119201,0.2292,-0.0254,0.8928,-6.44,7.85,0.06,26.96
119211,0.231,-0.0259,0.8916,-6.31,7.73,0.06,26.96
119221,0.2271,-0.0245,0.8875,-6.27,7.69,-0.03,26.97
119231,0.228,-0.0278,0.8843,-6.17,7.5,0.05,26.96
119241,0.228,-0.0261,0.8848,-6.32,7.76,0.09,26.97
119251,0.226,-0.0276,0.8899,-6.46,7.85,-0.08,26.97
119261,0.2267,-0.0273,0.8846,-6.55,8.09,-0.03,26.98
119271,0.2281,-0.0232,0.8906,-6.7,8.2,-0.05,26.99
119281,0.2275,-0.0242,0.8942,-6.72,8.11,-0.02,26.96
119291,0.229,-0.025,0.8901,-6.53,7.94,0.02,26.96
119301,0.2272,-0.0237,0.8903,-6.4,7.82,-0.05,26.94
119311,0.2281,-0.0247,0.8944,-6.24,7.69,-0.03,26.93
119321,0.2264,-0.0282,0.8856,-6.15,7.68,-0.03,26.95
119331,0.2273,-0.0293,0.8871,-6.44,7.79,-0.02,26.97
119341,0.2272,-0.0256,0.8857,-6.52,7.88,-0.06,26.95
119351,0.2302,-0.0254,0.8892,-6.6,7.88,-0.03,26.96
119361,0.2305,-0.0278,0.8881,-6.52,7.69,0.02,26.95
119371,0.2288,-0.0273,0.8912,-6.34,7.54,0.02,26.94
119382,0.2283,-0.0287,0.8873,-6.41,7.63,-0.06,26.97
119392,0.2266,-0.0253,0.8865,-6.47,7.79,-0.05,26.96
119402,0.2271,-0.0254,0.8832,-6.64,7.98,-0.09,26.94
119412,0.23,-0.0267,0.8853,-6.78,8.11,-0.06,26.94
119423,0.2278,-0.0265,0.8824,-6.84,8.06,-0.14,26.95
119433,0.2256,-0.0291,0.8839,-6.79,8.06,-0.11,26.96
119443,0.2267,-0.0294,0.8892,-6.81,8.02,-0.11,26.96
119453,0.2273,-0.0283,0.8859,-6.79,8.0,-0.14,26.97
119463,0.229,-0.0276,0.891,-6.76,8.15,-0.11,26.95
119473,0.2312,-0.0282,0.8882,-6.92,8.2,-0.06,26.94
119483,0.2279,-0.0276,0.8885,-6.87,8.32,-0.08,26.97
119494,0.2269,-0.0273,0.8822,-7.02,8.37,-0.14,26.96
119504,0.2285,-0.0272,0.8877,-7.02,8.38,-0.14,26.97
119514,0.2219,-0.0265,0.8933,-6.9,8.34,-0.21,26.97
119524,0.2271,-0.0266,0.8933,-6.78,8.34,-0.06,26.95
119534,0.2278,-0.0272,0.8879,-6.73,8.09,-0.03,26.97
119544,0.2274,-0.03,0.8724,-7.01,8.93,-0.12,26.98
119554,0.2194,-0.024,0.879,-6.98,8.79,-0.02,26.97
119564,0.2303,-0.0255,0.9037,-7.42,8.89,-0.11,26.97
119574,0.2313,-0.028,0.8926,-7.37,8.46,-0.08,26.96
119584,0.2285,-0.0287,0.8893,-6.99,8.38,-0.11,26.96
119594,0.2233,-0.0262,0.8877,-6.69,8.2,-0.12,26.95
119604,0.2257,-0.03,0.8876,-6.72,8.17,-0.14,26.96
119614,0.2229,-0.0262,0.8873,-6.73,8.26,-0.12,26.94
119624,0.2255,-0.0264,0.8855,-6.73,8.44,-0.17,26.94
119634,0.2192,-0.0284,0.8818,-6.98,8.81,-0.2,26.97
119644,0.219,-0.0289,0.8793,-7.25,8.93,-0.12,26.96
119654,0.2249,-0.0251,0.8823,-7.4,9.19,-0.26,26.96
119664,0.2251,-0.0282,0.8928,-6.96,7.95,-0.21,26.95
119674,0.2761,-0.0356,0.8885,-7.25,6.95,-0.5,26.99
119684,0.2054,-0.0266,0.8822,-7.22,8.12,-1.27,26.96
119694,0.2336,-0.0232,0.8884,-6.63,8.75,-0.35,26.97
119704,0.2184,-0.0286,0.8787,-6.96,9.31,-0.27,26.97
119714,0.2236,-0.0393,0.8602,-7.66,13.5,-1.22,26.95
119724,0.22,-0.0358,0.866,-8.66,17.5,-2.34,26.99
119734,0.2366,-0.0264,0.9042,-8.35,17.37,-2.21,26.94
119744,0.2322,-0.0271,0.9081,-7.59,12.12,-1.66,26.95
119754,0.2217,-0.0228,0.9124,-6.63,10.2,-1.28,26.95
119764,0.2224,-0.0226,0.9022,-6.18,7.5,-0.46,26.97
119774,0.2192,-0.0221,0.8868,-5.47,6.32,-0.05,26.97
119784,0.2382,-0.0247,0.9052,-4.98,4.52,0.21,26.99
119794,0.2404,-0.0271,0.911,-4.5,-0.72,0.34,26.98
119804,0.2073,-0.0356,0.8813,-4.61,-0.29,0.21,26.97
119814,0.2015,-0.0256,0.8607,-5.42,3.53,-0.14,26.99
119824,0.2174,-0.0365,0.8932,-6.46,5.19,-0.09,27.01
119834,0.2191,-0.0354,0.8706,-7.11,6.96,-0.06,26.97
119844,0.2233,-0.0195,0.8983,-6.78,8.64,0.05,26.96
119854,0.243,-0.0262,0.9095,-5.27,7.02,0.14,26.97
119864,0.2368,-0.0292,0.8958,-4.96,4.11,0.12,26.96
119874,0.2045,-0.0367,0.8302,-4.98,4.31,0.08,26.98
119884,0.2158,-0.0253,0.925,-6.09,7.62,-0.08,26.97
119894,0.2236,-0.0293,0.8694,-6.66,7.33,0.14,26.98
119904,0.2261,-0.022,0.8865,-6.18,8.17,0.11,26.95
119914,0.2216,-0.0248,0.8756,-6.67,7.88,0.06,26.97
119924,0.2307,-0.0233,0.8745,-6.7,8.17,0.03,26.96
119934,0.2272,-0.0231,0.9089,-6.4,8.34,-0.02,26.98
119944,0.2307,-0.0314,0.8842,-6.44,8.03,-0.09,26.97
119954,0.2324,-0.0293,0.8853,-6.32,7.71,-0.08,26.96
119964,0.2281,-0.028,0.8976,-6.23,7.3,0.06,26.96
119974,0.2297,-0.0291,0.8856,-5.48,7.24,0.03,26.95
119984,0.2261,-0.0323,0.884,-5.85,7.53,0.08,26.96
119994,0.2242,-0.0304,0.877,-6.56,8.03,0.02,26.97
120004,0.223,-0.0294,0.8826,-6.81,8.32,-0.08,26.97
120014,0.2249,-0.0286,0.8799,-7.15,8.49,-0.08,26.97
120024,0.2245,-0.0264,0.8862,-7.1,8.5,-0.17,26.99
120034,0.2274,-0.024,0.8826,-6.82,8.27,-0.09,26.95
120044,0.2247,-0.0232,0.8921,-6.69,8.05,-0.03,26.98
120054,0.2296,-0.0259,0.8938,-6.72,8.14,0.03,26.99
120064,0.2256,-0.027,0.8835,-6.52,7.94,0.0,26.96
120074,0.2279,-0.0323,0.8894,-6.95,8.24,-0.09,27.0
120084,0.2321,-0.0278,0.8843,-7.24,8.47,-0.14,26.98
120094,0.2325,-0.0286,0.889,-7.04,8.15,-0.05,27.0
120104,0.2235,-0.0243,0.8916,-6.79,7.86,-0.02,26.95
120114,0.2227,-0.0254,0.8925,-6.52,7.97,-0.08,26.97
120124,0.2283,-0.028,0.8925,-6.53,8.21,-0.05,26.97
120134,0.2262,-0.0269,0.8862,-5.92,7.45,0.03,26.96
120144,0.2242,-0.0259,0.8854,-6.05,7.65,-0.03,26.95
120154,0.2191,-0.03,0.8802,-6.23,7.83,-0.06,26.97
120164,0.2233,-0.0276,0.8862,-6.55,8.17,-0.03,26.98
120174,0.2252,-0.0261,0.887,-6.67,8.09,-0.03,26.99
120184,0.2261,-0.025,0.8892,-6.58,7.98,-0.03,27.0
120194,0.2273,-0.0226,0.8912,-6.29,7.24,-0.02,26.99
120204,0.2303,-0.0286,0.8878,-6.14,7.51,-0.02,27.0
120214,0.2252,-0.0278,0.8894,-6.18,7.54,-0.02,26.99
120224,0.2266,-0.0288,0.8824,-6.4,7.62,-0.06,26.99
120234,0.2264,-0.03,0.8866,-6.5,7.8,-0.08,26.96
120244,0.2258,-0.028,0.8882,-6.47,7.8,-0.03,26.97
120254,0.2268,-0.0278,0.8845,-6.4,7.6,-0.05,26.98
120264,0.2244,-0.0261,0.8889,-6.43,7.71,-0.03,26.97
120274,0.228,-0.0245,0.8851,-6.58,7.83,0.0,26.98
120284,0.2273,-0.0245,0.8856,-6.69,7.88,-0.06,26.96
120294,0.2267,-0.0247,0.8865,-6.75,7.89,-0.05,26.96
120304,0.2279,-0.0272,0.8875,-6.67,8.0,-0.05,26.97
120314,0.226,-0.0302,0.8881,-6.78,8.27,-0.09,26.99
120324,0.225,-0.0269,0.8911,-6.89,8.27,-0.06,26.97
120334,0.2292,-0.026,0.8857,-6.87,8.12,-0.03,26.99
120344,0.228,-0.0304,0.886,-6.75,8.0,-0.05,26.98
120354,0.2263,-0.0308,0.8934,-6.81,8.09,0.0,26.99
120364,0.2278,-0.0291,0.8927,-6.81,8.23,-0.12,26.98
120374,0.2261,-0.0282,0.8936,-6.95,8.44,-0.14,27.01
120384,0.2244,-0.0302,0.891,-7.1,8.61,-0.09,26.98
120394,0.2343,-0.0289,0.8824,-6.64,9.51,-0.02,26.99
120404,0.2173,-0.0277,0.8735,-6.76,9.74,-0.08,26.99
120414,0.2185,-0.0229,0.8885,-7.02,11.47,-0.21,26.97
120424,0.2336,-0.0254,0.9171,-6.93,9.85,-0.11,26.97
120434,0.2158,-0.0287,0.8745,-6.81,9.79,-0.09,26.98
120444,0.2365,-0.0277,0.8937,-6.81,9.73,-0.09,26.99
120454,0.2145,-0.0309,0.8889,-6.47,8.81,-0.08,26.97
120464,0.2224,-0.0323,0.8892,-6.41,9.24,-0.12,26.98
120474,0.2145,-0.0312,0.89,-6.56,9.88,-0.06,26.97
120484,0.2191,-0.0334,0.8884,-6.99,10.99,-0.18,26.98
120494,0.2534,-0.0443,0.8676,-7.3,12.03,-1.62,26.98
120504,0.1932,-0.015,0.923,-6.96,12.47,-1.37,26.96
120514,0.2385,-0.0358,0.9291,-6.11,7.63,-0.18,26.96
120524,0.2161,-0.0389,0.8418,-6.03,7.34,-0.11,26.96
120534,0.2175,-0.0331,0.8917,-6.35,9.76,-0.18,27.0
120544,0.2256,-0.0293,0.8767,-6.61,9.25,-0.15,26.96
120554,0.2114,-0.0243,0.9076,-6.52,9.48,-0.24,26.97
120564,0.2258,-0.0237,0.8937,-6.61,9.11,-0.34,26.99
120574,0.2222,-0.0225,0.9033,-6.2,7.85,-0.09,26.95
120584,0.2275,-0.0227,0.9001,-6.35,6.78,-0.06,26.95
120594,0.2297,-0.0254,0.8931,-6.06,5.57,-0.08,26.99
120605,0.2283,-0.0278,0.911,-5.51,3.74,0.05,26.98
120615,0.2288,-0.0315,0.9092,-4.85,2.0,0.23,26.99
120625,0.1958,-0.0328,0.847,-4.93,4.66,0.05,26.98
120635,0.2152,-0.0334,0.8751,-6.08,8.12,-0.08,27.0
120645,0.2134,-0.0334,0.8717,-6.67,9.63,-0.09,26.96
120655,0.2184,-0.0289,0.8678,-7.18,11.36,-0.06,26.96
120665,0.2212,-0.0304,0.884,-7.11,10.81,-0.12,26.98
120675,0.2335,-0.0311,0.876,-6.95,11.25,-0.69,26.97
120685,0.1315,-0.0466,0.8566,-7.51,15.21,-3.66,26.97
120695,0.2789,0.0002,0.8621,-6.89,15.18,-6.87,26.99
120705,0.2386,-0.0186,0.9319,-6.76,12.67,-1.62,26.97
120715,0.2161,-0.0269,0.8912,-6.6,12.24,-1.63,26.97
120725,0.2239,-0.0326,0.9017,-6.26,11.91,-2.31,26.99
120735,0.2321,-0.0304,0.863,-6.15,13.04,-2.56,26.96
120745,0.223,-0.021,0.8486,-6.08,18.95,-3.91,26.97
120755,0.2264,-0.0305,0.8716,-5.77,23.53,-6.11,26.99
120765,0.2095,-0.0248,0.9082,-5.36,23.45,-6.37,26.99
120775,0.2131,-0.0237,0.8878,-4.38,21.08,-5.79,26.95
120785,0.1976,-0.0385,0.9154,-6.14,15.77,-3.65,26.99
120795,0.213,-0.0132,0.9355,-6.95,9.07,-0.41,26.98
120805,0.1929,-0.0193,0.8984,-5.97,6.2,0.26,26.98
120815,0.2062,-0.0198,0.9034,-6.26,4.9,1.45,26.99
120825,0.2087,-0.0212,0.9055,-6.81,2.03,2.31,26.97
120835,0.2084,-0.0242,0.8879,-6.92,1.63,2.38,26.96
120845,0.2225,-0.0228,0.9001,-6.79,1.45,2.24,26.98
120855,0.2238,-0.0298,0.8907,-6.5,1.01,1.79,26.97
120865,0.2152,-0.0309,0.8835,-6.46,2.27,0.96,26.99
120875,0.2092,-0.0277,0.8827,-6.6,3.51,0.61,26.97
120885,0.1992,-0.0287,0.8831,-6.79,4.12,0.9,27.0
120895,0.2104,-0.0223,0.8914,-6.92,4.06,1.42,26.99
120905,0.2178,-0.0208,0.8872,-6.7,4.38,1.47,26.99
120915,0.1931,-0.016,0.8574,-8.12,4.49,1.68,27.0
120925,0.2318,-0.0309,0.8441,-7.02,5.59,0.52,26.99
120935,0.2124,-0.0164,0.902,-6.73,8.75,0.47,26.95
120945,0.2388,-0.0182,0.9204,-7.15,5.33,0.27,26.98
120955,0.2327,-0.0206,0.8965,-6.31,3.47,1.07,27.0
120965,0.2341,-0.0081,0.8994,-6.41,1.68,4.05,26.98
120975,0.2769,0.0054,0.8943,-6.44,1.24,9.3,26.99
120985,0.1687,-0.0289,0.88,-6.37,0.41,13.25,26.98
120995,0.1555,-0.0553,0.8528,-6.46,4.08,5.56,26.97
121005,0.2244,-0.0442,0.9031,-6.72,4.47,2.69,26.99
121015,0.226,-0.0166,0.8735,-6.05,4.31,4.4,26.99
121025,0.2015,-0.0385,0.884,-6.32,5.08,3.18,26.99
121035,0.2186,-0.0269,0.8888,-6.41,5.8,2.29,26.99
121045,0.234,-0.0197,0.8923,-6.41,5.62,2.67,26.98
121055,0.2428,-0.0284,0.8962,-6.4,4.38,3.71,27.01
121065,0.2578,0.0051,0.8646,-6.34,5.68,7.04,26.96
121075,0.1764,-0.0496,0.8926,-6.67,6.31,6.6,26.97
121085,0.1921,-0.062,0.8969,-6.46,5.82,1.97,26.97
121095,0.2092,-0.0358,0.8792,-6.08,6.03,0.37,26.97
121105,0.2179,-0.0319,0.8796,-6.76,7.51,0.0,26.99
121115,0.2258,-0.0299,0.884,-7.05,8.24,-0.03,26.99
121125,0.2223,-0.0266,0.8932,-7.07,8.58,0.0,26.99
121135,0.2247,-0.0248,0.8956,-6.82,8.0,0.0,26.98
121145,0.2228,-0.0283,0.8961,-6.6,7.56,-0.08,26.99
121155,0.2227,-0.0286,0.8896,-6.4,7.18,0.02,27.01
121165,0.2246,-0.0282,0.8904,-6.49,7.07,0.05,26.99
121175,0.2255,-0.0269,0.8906,-6.47,6.82,-0.06,26.98
121185,0.223,-0.0258,0.8822,-6.47,7.36,-0.05,26.99
121195,0.2195,-0.0303,0.8768,-6.58,8.23,-0.06,26.99
121205,0.2233,-0.0267,0.8856,-6.87,8.64,-0.06,26.97
121215,0.2263,-0.0276,0.8947,-6.85,8.23,-0.06,26.98
121225,0.2222,-0.0267,0.8969,-6.47,7.34,-0.02,26.96
121235,0.2209,-0.0272,0.8939,-6.23,6.79,-0.03,26.97
121245,0.2227,-0.0315,0.8877,-6.15,6.64,-0.02,26.96
121255,0.2178,-0.0298,0.8812,-6.18,6.81,-0.03,26.97
121265,0.2375,-0.0417,0.9025,-6.89,6.79,-0.12,26.98
121275,0.2185,-0.0227,0.8794,-6.41,4.35,-0.08,27.0
121285,0.231,-0.0375,0.8928,-6.64,6.95,-0.15,27.0
121295,0.2313,-0.0223,0.91,-6.44,3.74,0.0,27.01
121305,0.1991,-0.0251,0.8646,-6.14,4.96,-0.02,26.99
121315,0.2163,-0.0283,0.9008,-6.29,7.95,-0.15,26.98
121325,0.2236,-0.0331,0.8944,-6.56,7.86,-0.11,26.99
121335,0.2324,-0.0282,0.8728,-6.6,8.0,-0.08,26.98
121345,0.2244,-0.0334,0.8813,-7.11,8.95,-0.17,26.98
121355,0.22,-0.0286,0.8776,-7.48,10.53,-0.27,26.99
121365,0.2178,-0.0259,0.8634,-7.86,12.81,-0.24,27.01
121375,0.2299,-0.0233,0.882,-8.29,14.6,-0.69,26.99
121385,0.2297,-0.0266,0.8911,-8.26,15.02,-1.6,26.98
121395,0.23,-0.0339,0.8831,-8.12,15.91,-2.29,26.98
121405,0.2179,-0.0308,0.9017,-7.69,14.84,-2.18,26.98
121415,0.2153,-0.0326,0.8798,-7.13,12.81,-1.62,26.99
121425,0.2172,-0.0322,0.8901,-7.31,12.96,-1.68,27.0
121435,0.2241,-0.027,0.8965,-7.19,10.93,-1.19,26.99
121445,0.2208,-0.027,0.8994,-6.67,10.14,-0.95,27.01
121455,0.2163,-0.0328,0.8972,-6.6,9.44,-0.92,27.0
121465,0.2163,-0.035,0.8765,-6.56,9.71,-1.11,26.99
121475,0.2155,-0.0304,0.8997,-6.56,10.34,-1.19,26.99
121485,0.2233,-0.028,0.9058,-6.53,9.5,-1.02,26.99
121495,0.2124,-0.0249,0.8922,-6.35,8.93,-0.85,26.97
121505,0.2162,-0.0237,0.8934,-6.2,8.98,-0.76,26.98
121515,0.2096,-0.0273,0.873,-6.52,9.28,-0.73,27.01
121525,0.2076,-0.0286,0.8871,-6.56,10.14,-0.95,26.98
121535,0.2145,-0.0251,0.8938,-6.64,10.41,-0.98,27.0
121545,0.2347,-0.0316,0.9429,-6.98,6.7,-0.27,26.97
121555,0.1929,-0.0228,0.8579,-6.09,4.29,0.05,26.97
121565,0.2229,-0.0277,0.9053,-6.34,7.07,0.05,26.98
121575,0.2075,-0.0267,0.887,-6.0,4.6,0.06,26.96
121585,0.2151,-0.0331,0.884,-6.24,6.87,-0.09,26.99
121595,0.2185,-0.0327,0.8859,-6.4,6.53,0.0,26.98
121605,0.2091,-0.0359,0.8881,-6.6,8.55,-0.05,26.97
121615,0.2148,-0.0271,0.8771,-6.84,8.99,0.0,26.97
121625,0.2202,-0.028,0.9252,-7.36,11.33,-0.08,26.97
121635,0.2115,-0.0277,0.8784,-6.84,9.28,-0.12,26.99
121645,0.2125,-0.0231,0.886,-6.84,10.63,0.03,26.99
121655,0.2365,-0.0273,0.9421,-7.1,7.59,0.43,27.0
121665,0.1991,-0.0308,0.8632,-5.88,8.5,-0.11,27.01
121675,0.2296,-0.0254,0.9149,-6.29,5.79,-0.02,27.0
121685,0.2059,-0.0348,0.8734,-6.29,6.43,-0.02,26.98
121695,0.2166,-0.0328,0.8955,-6.4,5.66,0.08,27.0
121705,0.2065,-0.033,0.8748,-6.43,6.73,0.03,26.99
121715,0.2141,-0.0306,0.8903,-6.41,7.22,-0.03,27.01
121725,0.218,-0.0328,0.892,-6.37,7.07,-0.06,26.99
121735,0.2206,-0.0323,0.8978,-6.41,6.29,-0.08,27.02
121745,0.2096,-0.0367,0.887,-6.26,6.34,-0.09,27.0
121755,0.2159,-0.0336,0.8868,-6.32,6.81,0.02,26.99
121765,0.2177,-0.0309,0.8815,-6.34,7.31,-0.03,27.0
121775,0.222,-0.028,0.8889,-6.32,7.4,-0.11,26.99
121785,0.218,-0.0267,0.8925,-6.37,7.21,-0.11,27.0
121795,0.2205,-0.0239,0.8928,-6.34,7.04,-0.12,27.0
121805,0.2169,-0.0233,0.8949,-6.21,7.05,-0.02,26.97
121815,0.2169,-0.0239,0.8918,-6.17,6.85,-0.11,26.99
121825,0.2124,-0.0261,0.8944,-6.23,6.84,0.0,26.98
121835,0.2151,-0.0276,0.8877,-6.26,6.89,-0.05,26.99
121845,0.2144,-0.027,0.8871,-6.4,7.05,-0.05,27.0
121855,0.2167,-0.0319,0.8927,-6.44,6.93,0.0,26.97
121865,0.2191,-0.0308,0.894,-6.56,6.35,-0.06,26.99
121875,0.2159,-0.0332,0.8917,-6.29,6.15,-0.06,27.02
121885,0.2191,-0.0363,0.8823,-6.37,6.79,-0.05,27.02
121895,0.2207,-0.0316,0.8839,-6.43,6.85,-0.11,27.02
121905,0.2205,-0.0286,0.8855,-6.49,7.21,0.02,27.0
121915,0.2222,-0.0261,0.8965,-6.44,7.36,-0.06,26.99
121925,0.2189,-0.0243,0.8945,-6.27,7.01,-0.11,26.99
121935,0.2213,-0.0221,0.8932,-6.12,6.49,-0.08,27.0
121945,0.2186,-0.0176,0.8857,-6.08,6.2,0.06,26.98
121955,0.2255,-0.0408,0.8958,-6.15,5.82,0.11,27.0
121965,0.2179,-0.0242,0.8889,-5.8,5.34,-0.06,27.01
121975,0.2123,-0.0258,0.8832,-6.02,5.97,0.0,27.0
121985,0.2225,-0.0411,0.8934,-6.32,6.05,0.03,26.99
121995,0.2109,-0.027,0.8879,-6.12,6.35,0.09,27.01
122005,0.2184,-0.0316,0.8772,-6.31,7.25,0.14,26.99
122015,0.2235,-0.0349,0.8899,-6.52,7.42,-0.02,27.01
122025,0.2212,-0.0348,0.8878,-6.46,7.15,0.03,26.99
122035,0.2192,-0.0343,0.8834,-6.52,7.27,-0.12,26.99
122045,0.2217,-0.0295,0.8911,-6.44,7.16,-0.12,27.01
122055,0.2212,-0.0261,0.8931,-6.32,7.18,-0.11,27.02
122065,0.2225,-0.0253,0.8871,-6.11,6.79,-0.09,26.99
122075,0.2228,-0.0294,0.8845,-6.23,7.18,-0.09,26.96
122085,0.2206,-0.0291,0.8901,-6.46,7.08,-0.06,27.01
122095,0.2208,-0.0251,0.8898,-6.47,7.1,0.02,27.01
122105,0.2197,-0.0323,0.8857,-6.44,7.45,-0.03,26.99
122115,0.2256,-0.0255,0.8875,-6.46,7.71,-0.02,26.99
122125,0.2274,-0.0291,0.8938,-6.49,7.44,-0.09,27.0
122135,0.2247,-0.033,0.8922,-6.29,6.9,-0.11,26.98
122145,0.2261,-0.0288,0.8899,-6.18,6.87,-0.09,26.99
122155,0.2213,-0.0286,0.8929,-6.15,7.04,0.0,26.99
122165,0.2202,-0.0305,0.88,-6.37,7.27,-0.12,26.99
122175,0.2181,-0.0304,0.8765,-6.7,8.23,-0.12,26.99
122185,0.222,-0.0306,0.8829,-6.93,8.66,-0.08,27.01
122195,0.2209,-0.0304,0.8939,-6.81,8.63,-0.06,27.01
122205,0.2253,-0.0262,0.8911,-6.78,8.35,-0.08,27.01
122215,0.2241,-0.0258,0.8878,-6.56,8.24,-0.03,26.97
122225,0.2241,-0.0232,0.9006,-6.46,7.97,-0.06,27.0
122235,0.226,-0.0272,0.895,-6.47,7.47,-0.08,26.98
122248,0.2236,-0.0292,0.8905,-6.37,7.19,-0.14,26.99
122258,0.2208,-0.0271,0.8956,-6.38,7.11,-0.03,27.01
122268,0.2213,-0.0292,0.8817,-6.32,7.08,-0.02,26.99
122278,0.2192,-0.0289,0.8829,-6.6,7.71,-0.09,26.99
122288,0.2197,-0.0276,0.8864,-6.7,8.15,-0.05,27.01
122298,0.2202,-0.0282,0.8879,-6.84,8.21,-0.15,27.01
122308,0.2261,-0.0312,0.8917,-6.66,7.97,-0.12,26.99
122318,0.2216,-0.0289,0.8873,-6.49,7.51,-0.14,27.01
122328,0.222,-0.0286,0.8817,-6.58,7.88,-0.09,27.01
122339,0.2214,-0.0275,0.8812,-6.85,8.7,-0.17,26.99
122350,0.2306,-0.0256,0.8899,-7.07,9.36,-0.31,26.98
122360,0.2262,-0.0269,0.8905,-7.1,9.71,-0.95,26.98
122370,0.2224,-0.0253,0.9008,-6.7,8.96,-0.66,27.01
122380,0.225,-0.0267,0.8882,-6.5,8.18,-0.43,27.0
122390,0.2159,-0.0259,0.8899,-6.37,7.91,-0.27,26.99
122400,0.2283,-0.0278,0.8988,-6.37,7.02,-0.11,27.0
122410,0.2225,-0.0293,0.8789,-6.26,7.31,-0.23,27.0
122420,0.2231,-0.0243,0.8824,-6.56,7.77,-0.49,27.01
122430,0.219,-0.0284,0.8839,-6.73,8.35,-0.53,26.99
122440,0.2202,-0.0276,0.8933,-6.64,8.18,-0.44,27.0
122450,0.2225,-0.0311,0.8893,-6.52,7.57,-0.34,27.02
122460,0.222,-0.0269,0.8892,-6.31,6.92,-0.2,27.01
122470,0.2258,-0.0261,0.8901,-6.09,6.24,-0.21,27.0
122480,0.2269,-0.0269,0.8945,-5.88,5.63,-0.09,27.0
122490,0.2284,-0.0251,0.8965,-5.5,5.05,-0.18,27.0
122500,0.2245,-0.0297,0.8868,-5.51,4.6,-0.05,26.99
122510,0.2245,-0.0277,0.8826,-5.8,5.33,-0.06,27.01
122520,0.2234,-0.0259,0.8821,-6.03,6.21,-0.09,27.01
122530,0.2203,-0.0254,0.8767,-6.43,7.19,0.05,27.0
122540,0.226,-0.0309,0.884,-6.76,7.91,-0.03,27.0
122550,0.2203,-0.0312,0.8839,-6.82,8.29,-0.08,27.01
122560,0.2251,-0.0343,0.8878,-6.81,8.4,-0.05,27.01
122570,0.2269,-0.0278,0.8896,-6.81,8.14,-0.05,27.01
122580,0.2263,-0.0275,0.8962,-6.66,7.77,-0.05,27.01
122590,0.2308,-0.0267,0.8916,-6.46,6.79,-0.03,27.02
122600,0.2258,-0.0303,0.8862,-6.2,6.38,-0.05,27.01
122610,0.2246,-0.0306,0.88,-6.27,6.73,-0.03,27.03
122620,0.2186,-0.0299,0.8798,-6.55,7.71,-0.05,27.02
122630,0.2201,-0.0302,0.8754,-6.82,8.6,0.0,27.01
122640,0.2191,-0.0287,0.8805,-7.04,9.27,-0.12,26.98
122651,0.225,-0.0271,0.8872,-7.21,9.63,-0.11,27.01
122661,0.2277,-0.0258,0.8966,-6.98,9.3,-0.12,27.01
122671,0.2319,-0.0265,0.9003,-6.85,8.5,-0.11,27.03
122681,0.2284,-0.0291,0.8921,-6.46,7.42,-0.14,27.01
122691,0.2263,-0.0309,0.8846,-6.14,7.13,0.0,27.01
122701,0.23,-0.0271,0.8933,-6.26,6.64,0.0,27.0
122711,0.222,-0.0265,0.8843,-6.18,6.52,0.03,26.99
122721,0.2209,-0.0248,0.8851,-6.34,7.27,-0.02,27.0
122731,0.2249,-0.0278,0.8867,-6.44,7.45,-0.02,27.03
122741,0.2203,-0.03,0.8811,-6.66,8.0,-0.08,27.0
122751,0.2262,-0.031,0.8851,-6.85,8.66,-0.08,27.04
122761,0.2288,-0.027,0.8934,-6.87,8.31,0.02,27.02
122771,0.2244,-0.0293,0.8917,-6.63,7.97,-0.02,27.01
122781,0.2262,-0.0282,0.8901,-6.69,8.41,-0.12,27.01
122791,0.2279,-0.0292,0.895,-6.43,7.77,-0.14,27.04
122801,0.224,-0.028,0.8851,-6.6,8.09,-0.08,27.0
122811,0.2209,-0.0326,0.8871,-6.64,8.12,-0.18,27.04
122821,0.2231,-0.028,0.8854,-6.7,8.11,-0.31,27.0
122831,0.2333,-0.0312,0.8796,-6.67,8.35,-0.43,27.0
122841,0.2251,-0.0292,0.8925,-6.79,8.52,-0.63,27.0
122851,0.2238,-0.0309,0.8867,-6.67,8.41,-0.89,27.02
122861,0.2303,-0.0314,0.8936,-6.73,8.6,-1.13,27.01
122871,0.2407,-0.0343,0.8843,-6.75,8.08,-1.53,27.02
122881,0.2332,-0.0266,0.8888,-6.66,7.76,-2.2,27.01
122891,0.2277,-0.0264,0.8906,-6.56,7.56,-2.55,26.98
122901,0.2275,-0.026,0.8867,-6.66,7.95,-2.63,27.01
122911,0.2319,-0.0299,0.8873,-6.73,8.31,-2.82,27.02
122921,0.2256,-0.0198,0.8969,-6.78,7.73,-2.87,27.02
122931,0.2184,-0.0227,0.8983,-6.44,6.76,-2.5,27.0
122941,0.2201,-0.0247,0.8855,-6.24,6.5,-2.06,26.99
122951,0.223,-0.0302,0.8783,-6.37,6.87,-1.97,27.0
122962,0.2267,-0.0305,0.8839,-6.61,7.4,-2.2,27.0
122972,0.2142,-0.0258,0.8892,-6.46,7.08,-1.73,26.99
122982,0.2041,-0.024,0.8796,-6.26,7.02,-0.99,27.0
122992,0.214,-0.0264,0.8887,-6.35,7.44,-0.4,27.03
123002,0.2207,-0.0297,0.8839,-6.43,7.69,-0.12,27.0
123012,0.2213,-0.0272,0.8916,-6.41,7.76,-0.05,27.0
123022,0.2274,-0.0325,0.8844,-6.47,7.88,-0.08,27.01
123032,0.2288,-0.027,0.8927,-6.46,7.8,-0.02,27.02
123042,0.2288,-0.0267,0.8875,-6.29,7.69,-0.06,27.0
123053,0.2233,-0.0258,0.8918,-6.41,7.77,-0.06,27.02
123063,0.2268,-0.0269,0.8884,-6.34,7.74,-0.06,27.03
123073,0.2277,-0.0289,0.8878,-6.46,7.95,-0.08,27.0
123083,0.225,-0.0243,0.8918,-6.29,7.65,-0.05,27.0
123093,0.2229,-0.0289,0.8835,-6.31,7.65,-0.06,26.99
123103,0.2256,-0.0273,0.8859,-6.29,7.54,0.02,27.01
123113,0.224,-0.0289,0.8865,-6.17,7.51,0.02,27.02
123123,0.2273,-0.0315,0.8871,-6.14,7.5,0.0,27.0
123133,0.2239,-0.0289,0.8875,-6.12,7.53,-0.02,27.0
123143,0.2224,-0.0326,0.8879,-6.29,7.77,-0.05,27.01
123153,0.2262,-0.0295,0.8899,-6.72,7.98,-0.08,26.99
123163,0.2277,-0.026,0.8914,-6.64,8.08,-0.11,27.0
123173,0.2294,-0.025,0.897,-6.56,7.89,-0.11,26.99
123183,0.2302,-0.0254,0.8914,-6.29,7.65,0.0,27.01
123193,0.2327,-0.0267,0.8922,-6.31,7.71,-0.08,27.02
123203,0.2302,-0.0255,0.8909,-6.21,7.69,-0.05,27.03
123213,0.2278,-0.0291,0.8845,-6.53,8.0,-0.11,27.03
123223,0.2271,-0.03,0.8892,-6.63,8.26,-0.06,27.02
123233,0.2258,-0.0273,0.8888,-6.81,8.24,-0.02,27.0
123243,0.2224,-0.0266,0.8855,-6.73,8.17,-0.09,27.02
123253,0.2239,-0.0286,0.8873,-6.67,8.06,-0.05,27.0
123263,0.2274,-0.0269,0.8831,-6.56,7.91,-0.11,27.0
123273,0.2242,-0.0256,0.8872,-6.55,8.02,-0.05,27.01
123283,0.224,-0.0289,0.8894,-6.52,7.88,-0.06,27.02
123293,0.2272,-0.0286,0.889,-6.46,7.82,-0.12,26.99
123303,0.2245,-0.0295,0.8887,-6.41,7.85,-0.02,27.04
123313,0.2209,-0.0328,0.8884,-6.41,7.82,-0.06,27.02
123323,0.2235,-0.0304,0.8896,-6.34,7.94,-0.05,27.01
123333,0.2264,-0.0284,0.8938,-6.44,7.88,-0.08,27.0
123343,0.2266,-0.0239,0.8932,-6.31,7.71,0.03,27.0
123353,0.2292,-0.0232,0.891,-6.35,7.86,0.02,27.01
123363,0.2252,-0.0261,0.8883,-6.53,7.94,-0.03,27.02
123373,0.2245,-0.0269,0.8914,-6.55,7.91,-0.08,27.0
123383,0.2247,-0.0259,0.8904,-6.37,7.74,-0.06,27.02
123393,0.2318,-0.0223,0.8813,-6.27,7.45,-0.08,26.99
123403,0.2296,-0.0187,0.8848,-6.2,7.62,0.02,27.03
123413,0.2273,-0.0266,0.884,-6.12,7.57,-0.08,27.01
123423,0.2234,-0.0269,0.8893,-6.27,7.73,-0.14,27.01
123433,0.2275,-0.019,0.8936,-6.32,7.85,-0.11,27.01
123443,0.2301,-0.0134,0.8916,-6.24,7.73,-0.02,26.99
123453,0.2295,-0.0187,0.8853,-6.11,7.68,-0.05,27.01
123463,0.2316,-0.0258,0.8842,-6.09,7.62,-0.06,27.03
123473,0.2301,-0.0282,0.8851,-6.23,7.8,-0.14,27.02
123483,0.2332,-0.0304,0.8888,-6.69,8.03,-0.49,27.02
123493,0.2334,-0.0168,0.8876,-6.47,8.09,-0.98,27.02
123503,0.2239,-0.0167,0.889,-6.38,7.97,-0.87,27.01
123513,0.2247,-0.0208,0.8809,-6.43,7.94,-0.49,26.98
123523,0.2245,-0.027,0.8931,-6.72,8.0,-0.26,26.99
123533,0.223,-0.0304,0.8966,-6.69,8.05,-0.15,27.01
123543,0.2245,-0.0282,0.8922,-6.49,7.68,-0.17,27.0
123553,0.2207,-0.0305,0.8939,-6.32,7.77,-0.12,27.01
123564,0.222,-0.0315,0.8861,-6.46,7.74,-0.15,27.02
123574,0.2281,-0.0293,0.8925,-6.34,7.68,-0.15,27.04
123584,0.2239,-0.0308,0.885,-6.26,7.44,-0.05,27.02
123594,0.2235,-0.0275,0.8905,-6.47,7.89,-0.09,27.01
123604,0.2245,-0.0294,0.8807,-6.5,7.69,-0.15,27.03
123614,0.2196,-0.0245,0.8899,-6.53,7.94,-0.15,27.03
123624,0.2258,-0.0298,0.886,-6.61,7.73,-0.14,27.0
123634,0.2273,-0.0289,0.8893,-6.46,7.8,-0.2,26.99
123644,0.2252,-0.0288,0.8872,-6.58,7.82,-0.12,27.0
123654,0.2281,-0.028,0.8878,-6.5,7.8,-0.05,27.02
123664,0.2236,-0.0272,0.8872,-6.61,7.77,-0.03,27.01
123674,0.2272,-0.0284,0.8857,-6.69,7.92,-0.02,27.02
123684,0.2269,-0.025,0.8909,-6.55,7.82,0.0,26.99
123694,0.2257,-0.0283,0.8872,-6.49,7.8,-0.03,27.0
123704,0.2271,-0.0265,0.892,-6.5,7.89,-0.05,27.01
123714,0.2264,-0.025,0.8829,-6.49,7.94,-0.12,27.02
123724,0.2261,-0.0249,0.89,-6.6,8.0,-0.14,27.0
123734,0.2274,-0.0255,0.8873,-6.55,7.98,-0.09,27.01
123744,0.2285,-0.0256,0.8904,-6.49,7.92,-0.05,27.02
123754,0.2273,-0.0266,0.8873,-6.32,7.77,-0.09,27.03
123764,0.2264,-0.0294,0.8893,-6.27,7.65,-0.09,27.01
123774,0.2266,-0.0273,0.8784,-6.31,7.82,-0.15,27.04
123784,0.2283,-0.0288,0.8844,-6.53,7.8,-0.11,27.02
123794,0.2275,-0.0277,0.8911,-6.69,8.0,-0.11,27.02
123804,0.2269,-0.0256,0.8879,-6.7,8.09,-0.08,27.03
123814,0.2274,-0.0258,0.8893,-6.81,8.15,-0.15,27.01
123824,0.2324,-0.0276,0.89,-6.99,8.34,-0.24,26.99
123834,0.224,-0.0249,0.892,-7.08,8.11,-0.76,27.0
123844,0.2156,-0.0219,0.9037,-6.23,8.14,-0.81,27.02
123854,0.2269,-0.0306,0.8805,-6.32,7.89,-0.64,27.03
123864,0.2289,-0.0254,0.8843,-6.5,7.86,-0.92,27.02
123874,0.2223,-0.027,0.8879,-6.61,7.94,-0.72,27.01
123884,0.2208,-0.024,0.8904,-6.64,7.97,-0.44,26.99
123894,0.2252,-0.0286,0.8914,-6.63,7.97,-0.31,27.01
123904,0.2268,-0.0262,0.889,-6.46,7.89,-0.24,26.99
123914,0.2292,-0.0294,0.8872,-6.43,7.79,-0.18,27.03
123924,0.2295,-0.0287,0.8867,-6.55,7.92,-0.14,27.0
123934,0.2264,-0.025,0.8899,-6.4,7.66,-0.08,27.02
123944,0.228,-0.0269,0.8879,-6.38,7.68,-0.14,27.01
123954,0.2301,-0.027,0.8895,-6.44,7.74,-0.11,27.02
123964,0.2283,-0.0265,0.8868,-6.43,7.79,-0.09,27.03
123974,0.228,-0.0248,0.8882,-6.44,7.86,-0.03,27.0
123984,0.2241,-0.0269,0.8846,-6.53,7.88,-0.06,27.03
123994,0.2258,-0.0261,0.8939,-6.43,7.85,-0.05,27.01
124004,0.2247,-0.0254,0.8872,-6.37,7.91,-0.03,27.01
124014,0.2283,-0.0264,0.8871,-6.4,7.77,-0.05,27.04
124024,0.2283,-0.0281,0.8868,-6.55,7.94,-0.08,27.02
124034,0.2273,-0.0283,0.8905,-6.49,7.88,-0.08,27.02
124044,0.2272,-0.028,0.8881,-6.34,7.69,-0.02,27.01
124054,0.2264,-0.0243,0.8951,-6.24,7.69,-0.03,27.0
124064,0.2278,-0.0259,0.8901,-6.24,7.6,-0.05,27.04
124074,0.2263,-0.0281,0.8883,-6.29,7.74,-0.06,27.0
124084,0.2292,-0.0254,0.8871,-6.35,7.8,-0.06,27.02
124094,0.2281,-0.0297,0.8875,-6.23,7.77,-0.09,27.03
124104,0.2312,-0.0299,0.8838,-6.35,7.83,0.0,27.02
124114,0.2291,-0.0278,0.8909,-6.5,8.03,-0.06,27.01
124124,0.2261,-0.0242,0.8872,-6.63,8.12,-0.11,27.03
124134,0.2253,-0.0272,0.8906,-6.7,8.31,-0.08,27.02
124144,0.2255,-0.0267,0.8894,-6.7,8.09,-0.03,27.04
124154,0.2256,-0.0245,0.8915,-6.53,7.98,-0.06,27.01
124164,0.2244,-0.0247,0.8866,-6.47,7.85,-0.06,27.0
124175,0.2216,-0.0237,0.881,-6.46,7.83,0.02,27.02
124186,0.2227,-0.0278,0.885,-6.4,7.63,-0.03,27.02
124196,0.2313,-0.0251,0.8787,-6.34,7.65,-0.06,27.04
124206,0.225,-0.0291,0.8912,-6.35,7.74,-0.05,27.01
124216,0.2261,-0.0299,0.8837,-6.46,7.83,-0.09,26.99
124226,0.2218,-0.0295,0.8905,-6.61,8.05,-0.11,27.01
124238,0.2261,-0.0275,0.8855,-6.72,8.15,-0.08,27.03
124248,0.2235,-0.024,0.8937,-6.61,8.03,-0.08,27.03
124258,0.2281,-0.0217,0.8875,-6.56,7.82,-0.02,27.02
124268,0.2297,-0.0278,0.8859,-6.52,7.97,-0.05,27.01
124278,0.2279,-0.0283,0.8888,-6.61,8.06,-0.03,27.02
124288,0.2289,-0.0259,0.8893,-6.66,8.14,-0.03,27.01
124298,0.2277,-0.0277,0.8894,-6.7,8.17,-0.02,27.01
124308,0.2266,-0.0271,0.891,-6.52,8.06,0.02,27.03
124318,0.2223,-0.0265,0.8779,-6.72,8.67,-0.02,27.0
124328,0.225,-0.0299,0.885,-6.95,9.77,0.0,27.01
124338,0.2228,-0.0289,0.8871,-6.99,10.02,-0.17,27.02
124348,0.2269,-0.0299,0.8868,-7.05,10.11,-0.06,27.01
124358,0.2236,-0.0327,0.8947,-6.92,9.69,-0.02,27.04
124368,0.2263,-0.0332,0.8922,-6.78,8.98,0.02,27.03
124378,0.2184,-0.0251,0.8976,-6.72,8.9,-0.14,27.03
124388,0.2189,-0.026,0.895,-6.79,9.02,0.0,27.02
124398,0.2218,-0.02,0.8938,-6.78,9.27,-0.03,27.03
124408,0.2292,-0.0177,0.9043,-6.79,9.1,0.0,27.02
124418,0.2231,-0.0157,0.9,-6.81,9.11,-0.08,27.0
124428,0.2363,-0.0121,0.8921,-6.63,8.49,0.03,27.0
124438,0.2166,-0.0242,0.8956,-6.52,8.18,-0.12,27.0
124448,0.2407,-0.0106,0.8956,-6.32,7.89,-0.03,27.02
124458,0.2405,-0.0065,0.897,-6.11,7.6,-0.09,27.0
124468,0.2379,-0.0084,0.9004,-6.21,7.66,-0.06,27.01
124478,0.2318,-0.0156,0.8956,-6.32,7.74,-0.03,27.0
124488,0.2312,-0.0139,0.8932,-6.35,7.95,-0.11,27.02
124499,0.215,-0.0261,0.9023,-6.63,8.5,-0.18,27.03
124509,0.208,-0.0258,0.9016,-6.95,9.11,-0.12,27.03
124519,0.2062,-0.0293,0.9027,-7.15,9.68,-0.21,27.0
124529,0.2079,-0.0328,0.9066,-7.21,9.89,-0.15,26.99
124539,0.2084,-0.0375,0.9036,-7.18,9.65,-0.24,27.02
124549,0.2081,-0.0417,0.9012,-7.1,9.42,-0.18,26.99
124559,0.2103,-0.0452,0.8988,-7.01,8.95,-0.09,27.01
124569,0.2129,-0.0476,0.8838,-6.79,8.56,-0.06,27.02
124579,0.2103,-0.0463,0.8807,-6.56,8.26,-0.14,27.02
124589,0.2212,-0.0475,0.8716,-6.6,8.06,0.03,27.02
124599,0.225,-0.0422,0.8732,-6.47,7.76,-0.03,27.03
124609,0.2256,-0.0388,0.8717,-6.44,7.56,0.09,27.03
124619,0.2286,-0.0333,0.8759,-6.21,7.33,-0.02,27.03
124629,0.2325,-0.0293,0.8741,-6.15,6.93,0.05,27.03
124639,0.2291,-0.0127,0.8938,-6.17,7.16,-0.09,27.02
124649,0.2255,-0.0219,0.8772,-6.0,6.4,-0.03,27.0
124659,0.2264,-0.0203,0.8801,-6.03,6.5,0.03,27.02
124669,0.2262,-0.0208,0.8781,-6.05,6.52,0.2,27.01
124679,0.2224,-0.0298,0.8805,-6.09,6.63,0.14,27.02
124689,0.2172,-0.028,0.8861,-6.21,6.73,0.08,27.04
124699,0.2201,-0.0292,0.8906,-6.24,6.81,0.03,27.04
124709,0.2209,-0.0261,0.8892,-6.2,6.87,-0.05,27.04
124719,0.2218,-0.0249,0.8887,-6.24,6.95,0.0,27.04
124729,0.2225,-0.0245,0.8868,-6.31,7.16,-0.02,27.02
124739,0.223,-0.0295,0.8807,-6.52,7.86,0.02,27.04
124749,0.2227,-0.0293,0.8853,-6.73,8.52,0.0,27.02
124759,0.2253,-0.0306,0.8911,-6.78,8.69,-0.02,27.03
124769,0.2263,-0.0265,0.8959,-6.69,8.38,-0.05,27.02
124779,0.2288,-0.0248,0.8983,-6.23,7.42,-0.03,27.04
124789,0.2242,-0.0283,0.8918,-6.15,6.92,0.0,26.99
124799,0.2249,-0.0262,0.8965,-5.94,6.53,0.08,27.04
124809,0.2234,-0.028,0.8854,-6.0,6.35,0.0,27.02
124819,0.2202,-0.0283,0.8833,-6.38,7.45,0.0,27.01
124829,0.2253,-0.0266,0.8922,-6.49,7.89,0.02,27.01
124839,0.2272,-0.0243,0.89,-6.52,7.86,0.03,27.03
124849,0.2269,-0.0255,0.8896,-6.49,8.02,-0.05,27.02
124859,0.2275,-0.0223,0.8879,-6.31,7.77,-0.05,27.02
124869,0.213,-0.0229,0.8708,-6.99,7.85,0.02,27.0
124879,0.2272,-0.0188,0.8953,-6.66,8.53,0.02,27.04
124889,0.2252,-0.02,0.8986,-6.4,7.79,0.23,27.04
124899,0.2203,-0.0247,0.8936,-6.31,6.61,0.43,27.03
124909,0.223,-0.0304,0.8872,-6.18,6.38,0.9,27.01
124919,0.2233,-0.0289,0.8804,-6.43,7.24,0.24,27.02
124929,0.2222,-0.0239,0.8872,-6.75,8.06,-0.05,27.03
124939,0.2228,-0.0226,0.8817,-6.67,8.34,0.0,27.02
124949,0.2216,-0.0245,0.8818,-6.78,8.66,0.02,27.04
124959,0.2245,-0.0258,0.889,-6.73,8.76,-0.06,27.02
124969,0.2257,-0.0261,0.8973,-6.72,8.55,-0.09,27.04
124979,0.224,-0.0265,0.8865,-6.56,8.2,0.0,27.03
124989,0.2305,-0.0304,0.8706,-6.72,8.58,0.0,27.03
124999,0.2281,-0.0282,0.8826,-6.76,9.5,-0.09,27.02
125009,0.2278,-0.027,0.8922,-6.7,9.05,-0.15,27.01
125019,0.2242,-0.0286,0.8921,-6.67,8.84,-0.06,27.01
125029,0.2281,-0.0229,0.8894,-6.69,8.73,-0.05,27.01
125039,0.2197,-0.0291,0.8829,-6.73,9.21,0.05,27.02
125049,0.2216,-0.0284,0.8928,-6.78,9.27,-0.05,27.02
125059,0.2252,-0.0282,0.8881,-6.63,8.87,-0.02,27.05
125069,0.2228,-0.0253,0.8867,-6.6,9.16,-0.02,27.03
125079,0.2181,-0.0273,0.8849,-6.82,9.47,-0.02,27.06
125089,0.2194,-0.0267,0.8875,-7.18,10.2,-0.06,27.04
125099,0.226,-0.025,0.8998,-6.99,10.02,0.0,27.02
125109,0.2256,-0.0232,0.8982,-6.78,9.18,-0.06,27.02
125119,0.2252,-0.0251,0.8928,-6.53,8.06,-0.03,27.02
125129,0.2177,-0.0298,0.8837,-6.4,7.62,-0.06,27.01
125139,0.2194,-0.027,0.8811,-6.46,7.83,-0.06,27.04
125149,0.218,-0.0287,0.8926,-6.44,8.2,0.02,27.01
125159,0.2242,-0.0265,0.897,-6.67,8.9,-0.08,27.02
125169,0.2205,-0.0298,0.89,-6.5,8.11,-0.02,27.04
125179,0.217,-0.0298,0.8822,-6.67,8.41,-0.05,27.03
125189,0.2164,-0.0239,0.8915,-6.58,8.53,-0.06,27.03
125199,0.2201,-0.0264,0.8918,-6.69,8.38,-0.06,27.04
125209,0.2189,-0.0273,0.8927,-6.64,8.34,0.0,27.03
125219,0.2181,-0.0217,0.8883,-6.61,8.15,0.0,27.03
125229,0.2142,-0.0259,0.884,-6.69,8.43,-0.06,27.05
125239,0.2208,-0.0289,0.8838,-6.81,8.93,-0.08,27.03
125249,0.219,-0.0267,0.8827,-6.98,9.39,-0.06,27.04
125259,0.219,-0.0298,0.8923,-6.99,9.89,-0.03,27.03
125269,0.2227,-0.028,0.9012,-6.93,9.31,-0.03,27.05
125279,0.2205,-0.0256,0.8939,-6.78,8.75,-0.06,27.02
125289,0.2184,-0.0236,0.889,-6.76,8.72,-0.06,27.03
125299,0.2177,-0.0251,0.8882,-6.79,8.58,-0.08,27.01
125309,0.2181,-0.0269,0.89,-6.7,8.61,-0.09,27.04
125319,0.2209,-0.026,0.8893,-6.64,8.35,-0.03,27.03
125329,0.2178,-0.0238,0.8904,-6.46,8.11,-0.03,27.02
125339,0.2235,-0.0293,0.886,-6.44,7.89,-0.09,27.05
125349,0.2168,-0.0281,0.8807,-6.5,8.17,-0.02,27.04
125359,0.2183,-0.0334,0.8903,-6.69,8.6,-0.06,27.04
125369,0.2209,-0.0327,0.8962,-6.56,8.32,-0.02,27.03
125379,0.2208,-0.0267,0.8948,-6.52,8.03,0.09,27.04
125389,0.2212,-0.0342,0.8927,-6.46,7.74,0.03,27.03
125399,0.2168,-0.0321,0.8967,-6.44,7.57,-0.02,27.04
125409,0.2166,-0.0286,0.8864,-6.44,7.74,-0.06,27.04
125419,0.2191,-0.0272,0.8864,-6.63,8.24,-0.02,27.04
125429,0.2225,-0.0247,0.8926,-6.73,8.27,-0.02,27.04
125439,0.2228,-0.0234,0.8871,-6.72,8.05,-0.02,27.03
125449,0.2202,-0.0288,0.892,-6.55,7.86,0.06,27.02
125459,0.2194,-0.0271,0.8931,-6.47,7.85,0.0,27.04
125469,0.2207,-0.0251,0.8949,-6.46,7.77,-0.02,27.01
125479,0.2167,-0.0267,0.8761,-6.52,7.51,0.09,27.0
125489,0.2051,-0.0295,0.8901,-7.39,9.16,0.12,27.03
125499,0.2144,-0.0221,0.9027,-7.27,9.37,0.18,27.01
125509,0.2186,-0.0219,0.9003,-6.66,8.89,0.14,27.04
125519,0.2163,-0.0258,0.89,-6.43,8.44,0.09,27.05
125529,0.214,-0.0254,0.8884,-6.49,8.21,0.03,27.01
125539,0.2183,-0.0265,0.8906,-6.37,7.83,-0.02,27.03
125549,0.2172,-0.0298,0.8824,-6.44,7.82,0.02,27.05
125559,0.2179,-0.0284,0.886,-6.64,7.83,0.06,27.04
125569,0.2194,-0.0278,0.886,-6.73,8.14,0.03,27.02
125579,0.2235,-0.026,0.8945,-6.53,8.09,0.03,27.03
125589,0.2209,-0.0288,0.8914,-6.38,7.6,0.08,27.03
125599,0.2201,-0.0278,0.895,-6.29,7.45,0.02,27.03
125609,0.2146,-0.0295,0.8877,-6.37,7.59,-0.02,27.03
125619,0.2155,-0.0297,0.8854,-6.58,8.29,0.06,27.04
125629,0.2194,-0.0278,0.892,-6.63,8.76,0.06,27.04
125639,0.2212,-0.0277,0.8947,-6.61,8.49,0.18,27.03
125649,0.2186,-0.03,0.8895,-6.6,8.14,0.17,27.03
125659,0.218,-0.0283,0.8916,-6.55,7.92,0.15,27.04
125669,0.2168,-0.0286,0.8831,-6.52,7.77,0.09,27.03
125679,0.2159,-0.0303,0.8844,-6.6,8.26,0.06,27.03
125689,0.2194,-0.0248,0.8954,-6.72,8.27,0.06,27.03
125699,0.2178,-0.0314,0.8893,-6.56,7.83,0.08,27.02
125709,0.2189,-0.0308,0.886,-6.56,7.48,0.18,27.02
125719,0.2136,-0.0282,0.8804,-6.76,7.62,0.18,27.03
125729,0.215,-0.0256,0.8894,-6.64,7.85,0.26,27.02
125739,0.2212,-0.0248,0.8893,-6.55,7.65,0.44,27.02
125749,0.2169,-0.027,0.8917,-6.53,7.42,0.98,27.02
125759,0.2167,-0.0277,0.8916,-6.53,7.45,1.34,27.05
125769,0.2144,-0.0297,0.8964,-6.27,7.54,0.72,27.04
125779,0.2158,-0.031,0.8915,-6.31,7.77,0.29,27.04
125789,0.2161,-0.0303,0.8885,-6.47,8.12,0.26,27.02
125799,0.2175,-0.0312,0.8879,-6.52,8.24,0.41,27.03
125809,0.2245,-0.0277,0.8895,-6.52,8.38,0.79,27.02
125819,0.2599,-0.0011,0.8597,-6.92,9.65,3.94,27.03
125829,0.2289,-0.0272,0.8884,-7.56,11.27,10.24,27.04
125839,0.231,-0.0317,0.8892,-6.98,11.36,7.76,27.03
125849,0.1875,-0.021,0.9092,-6.2,8.61,4.49,27.02
125859,0.1907,-0.0343,0.8939,-5.97,7.05,4.21,27.03
125869,0.2084,-0.0392,0.8787,-6.49,7.89,4.43,27.04
125879,0.1967,-0.0365,0.8842,-6.47,7.71,2.05,27.04
125889,0.2125,-0.0259,0.8838,-6.56,8.0,0.96,27.04
125899,0.2153,-0.0281,0.8895,-6.53,8.14,0.79,27.06
125909,0.2135,-0.0289,0.8752,-7.07,7.94,0.95,27.03
125919,0.2222,-0.0303,0.8986,-6.63,7.82,1.16,27.04
125929,0.2147,-0.0336,0.8949,-6.32,7.02,0.41,27.02
125939,0.2166,-0.0291,0.8932,-6.4,6.99,0.05,27.02
125949,0.2145,-0.0294,0.8842,-6.47,7.56,-0.05,27.04
125959,0.2161,-0.0295,0.8854,-6.63,7.98,0.0,27.03
125969,0.2177,-0.0262,0.889,-6.69,8.03,-0.11,27.06
125979,0.2173,-0.0327,0.889,-6.66,8.09,-0.21,27.04
125989,0.2172,-0.0294,0.8887,-6.75,8.27,-0.08,27.03
125999,0.2152,-0.0314,0.8962,-6.58,7.82,0.02,27.05
126009,0.2184,-0.0319,0.8887,-6.61,7.82,-0.09,27.03
126019,0.2172,-0.0298,0.8907,-6.56,7.63,-0.09,27.04
126029,0.2144,-0.0342,0.8884,-6.55,7.42,-0.09,27.03
126039,0.2161,-0.0311,0.8888,-6.35,7.37,-0.14,27.03
126049,0.2144,-0.0325,0.8885,-6.46,7.22,-0.14,27.03
126059,0.2141,-0.033,0.8888,-6.34,7.51,-0.09,27.03
126069,0.2175,-0.0305,0.8853,-6.38,7.76,-0.11,27.05
126079,0.2175,-0.0306,0.8827,-6.38,8.27,-0.11,27.01
126089,0.2173,-0.0287,0.8879,-6.63,8.67,-0.12,27.04
126099,0.213,-0.0288,0.8931,-6.7,8.81,-0.05,27.03
126109,0.2178,-0.0262,0.896,-6.53,8.75,-0.06,27.01
126119,0.2153,-0.0275,0.8917,-6.52,8.44,-0.09,27.02
126129,0.212,-0.0283,0.8906,-6.66,8.47,-0.06,27.04
126139,0.2136,-0.0293,0.8898,-6.66,8.41,-0.11,27.02
126149,0.2157,-0.0277,0.8971,-6.64,8.34,-0.09,27.04
126159,0.2168,-0.0294,0.8937,-6.53,8.21,-0.03,27.04
126169,0.2142,-0.0255,0.8906,-6.6,8.5,-0.06,27.04
126179,0.2178,-0.0306,0.8884,-6.64,8.2,0.0,27.02
126189,0.2135,-0.0338,0.8868,-6.52,8.18,-0.02,27.04
126199,0.2162,-0.0321,0.8854,-6.44,8.09,-0.15,27.03
126209,0.2173,-0.03,0.8827,-6.52,8.09,-0.03,27.04
126220,0.2145,-0.0278,0.8888,-6.5,8.08,-0.05,27.04
126230,0.2163,-0.0308,0.8856,-6.55,8.09,-0.08,27.02
126240,0.2152,-0.0306,0.8888,-6.4,8.06,-0.08,27.02
126250,0.2135,-0.0282,0.8932,-6.47,7.98,-0.12,27.02
126260,0.2173,-0.0297,0.8895,-6.43,8.05,-0.17,27.06
126270,0.2145,-0.0327,0.8881,-6.41,8.06,-0.08,27.04
126280,0.2131,-0.0303,0.8904,-6.41,8.46,-0.05,27.02
126290,0.2167,-0.0299,0.8965,-6.44,8.53,-0.03,27.05
126300,0.2147,-0.026,0.8988,-6.52,8.32,-0.08,27.03
126311,0.2166,-0.0282,0.8882,-6.49,8.35,-0.17,27.04
126321,0.2101,-0.0312,0.8846,-6.52,8.5,-0.12,27.01
126331,0.2068,-0.0317,0.8749,-6.58,9.65,-0.27,27.04
126341,0.2139,-0.0367,0.8722,-6.38,11.68,-1.19,27.04
126351,0.2064,-0.0209,0.9041,-6.58,11.76,-0.93,27.05
126361,0.2205,-0.0303,0.9088,-6.37,10.4,-0.31,27.03
126371,0.2183,-0.028,0.9041,-6.32,8.64,-0.18,27.05
126381,0.218,-0.0258,0.8955,-6.29,7.39,-0.05,27.04
126391,0.2196,-0.0499,0.876,-7.42,7.22,-0.08,27.06
126401,0.214,-0.0172,0.9252,-5.68,7.82,-0.27,27.04
126411,0.2004,-0.0338,0.8726,-6.47,6.35,-0.11,27.04
126421,0.2133,-0.0287,0.8877,-6.56,7.95,-0.06,27.06
126431,0.2179,-0.0288,0.8894,-6.46,7.8,0.02,27.04
126441,0.2188,-0.0283,0.8896,-6.49,7.69,-0.06,27.02
126451,0.2162,-0.0305,0.89,-6.37,7.45,-0.05,27.04
126461,0.2119,-0.0284,0.8929,-6.47,7.45,-0.02,27.05
126471,0.2128,-0.0325,0.8875,-6.5,7.5,0.0,27.05
126481,0.2166,-0.0249,0.8966,-6.46,7.24,0.03,27.03
126491,0.2205,-0.0275,0.9008,-6.26,6.55,-0.05,27.06
126501,0.2089,-0.0286,0.8883,-6.21,6.09,-0.03,27.05
126511,0.209,-0.0308,0.8812,-6.32,6.44,0.09,27.06
126521,0.2058,-0.0317,0.8717,-6.47,7.51,0.05,27.07
126531,0.2079,-0.0293,0.8766,-6.73,9.15,0.0,27.03
126541,0.213,-0.0282,0.8922,-6.69,9.51,0.02,27.03
126551,0.2166,-0.0298,0.8895,-6.76,9.63,0.0,27.02
126561,0.2167,-0.0293,0.895,-6.72,9.39,-0.15,27.02
126571,0.2142,-0.0299,0.8939,-6.66,9.02,-0.14,27.05
126581,0.2148,-0.0282,0.8993,-6.5,8.73,-0.03,27.01
126591,0.2145,-0.0297,0.8923,-6.52,8.11,-0.12,27.04
126601,0.2111,-0.0348,0.8739,-6.89,8.27,-0.18,27.06
126611,0.2029,-0.0194,0.8853,-7.19,9.08,-0.27,27.05
126621,0.223,-0.0089,0.875,-6.35,9.39,-0.06,27.04
126631,0.2161,-0.0018,0.8741,-7.16,10.4,0.27,27.03
126641,0.212,-0.0195,0.8921,-6.82,10.69,0.95,27.04
126651,0.2162,-0.0341,0.8865,-6.81,10.81,1.69,27.04
126661,0.2087,-0.0536,0.8998,-6.79,10.52,1.63,27.04
126671,0.2065,-0.0525,0.8976,-6.58,10.27,0.67,27.05
126681,0.2046,-0.0446,0.889,-6.58,9.98,-0.09,27.06
126691,0.2067,-0.0338,0.8925,-6.66,9.98,-0.27,27.04
126701,0.2136,-0.0287,0.8961,-6.63,9.83,-0.2,27.04
126711,0.2097,-0.0311,0.8949,-6.63,9.39,-0.35,27.05
126721,0.2045,-0.0295,0.8787,-6.58,9.77,-0.43,27.05
126731,0.2014,-0.0287,0.8771,-6.79,10.73,-0.5,27.04
126741,0.2034,-0.0258,0.8835,-6.9,11.62,-0.55,27.07
126751,0.208,-0.0304,0.8896,-7.08,12.09,-0.49,27.05
126761,0.2156,-0.0312,0.8986,-6.99,11.68,-0.5,27.04
126771,0.2091,-0.0266,0.8949,-6.72,11.16,-0.24,27.07
126781,0.2189,-0.0258,0.8857,-6.67,10.75,0.2,27.07
126791,0.252,-0.0258,0.8909,-6.76,11.15,2.23,27.04
126801,0.1771,-0.0347,0.9006,-6.6,11.25,3.19,27.04
126811,0.165,-0.0214,0.9177,-6.5,8.38,1.89,27.05
126821,0.2023,-0.0337,0.9136,-6.29,5.88,1.53,27.04
126831,0.213,-0.0322,0.9137,-6.05,4.53,0.78,27.04
126841,0.2053,-0.0288,0.897,-5.95,3.65,0.84,27.03
126851,0.2131,-0.031,0.9005,-5.83,3.15,0.93,27.06
126861,0.2091,-0.027,0.8994,-5.86,2.46,1.08,27.06
126871,0.2091,-0.0293,0.8993,-5.68,1.53,1.37,27.07
126881,0.2097,-0.0299,0.8739,-5.62,1.07,1.56,27.04
126891,0.2159,-0.0393,0.8715,-6.06,1.68,1.16,27.05
126901,0.2056,-0.0325,0.8782,-6.11,3.05,0.53,27.04
126911,0.2095,-0.0385,0.8815,-6.35,4.47,0.44,27.07
126921,0.2102,-0.0334,0.8899,-6.49,5.13,0.14,27.05
126931,0.2145,-0.0326,0.8882,-6.5,5.62,-0.02,27.06
126941,0.2052,-0.0239,0.8896,-6.92,5.89,0.02,27.06
126951,0.2101,-0.0322,0.8942,-6.09,6.09,0.03,27.06
126961,0.2047,-0.0306,0.8802,-6.75,6.72,-0.08,27.06
126971,0.2094,-0.0295,0.8815,-6.43,7.37,-0.02,27.07
126981,0.2118,-0.0312,0.8835,-6.6,8.37,-0.02,27.06
126991,0.2169,-0.0291,0.8976,-6.61,8.0,-0.06,27.03
127001,0.2167,-0.0325,0.8928,-6.5,7.36,-0.11,27.06
127011,0.2162,-0.0292,0.891,-6.46,6.98,-0.05,27.03
127021,0.213,-0.0284,0.8868,-6.49,7.27,-0.09,27.05
127031,0.2169,-0.0292,0.896,-6.55,7.28,-0.08,27.05
127041,0.2188,-0.03,0.8931,-6.44,6.92,-0.12,27.04
127051,0.2113,-0.0312,0.8806,-6.46,7.21,-0.18,27.05
127061,0.2133,-0.0298,0.8851,-6.55,7.59,-0.17,27.04
127071,0.2136,-0.0286,0.8881,-6.58,7.71,-0.17,27.05
127081,0.2166,-0.0297,0.8888,-6.64,7.71,-0.14,27.05
127091,0.2141,-0.0179,0.8956,-6.85,7.31,-0.2,27.07
127101,0.218,-0.0314,0.8881,-6.12,7.15,-0.08,27.05
127111,0.2156,-0.0293,0.882,-6.61,7.3,-0.11,27.04
127121,0.2186,-0.0273,0.8938,-6.5,7.01,-0.06,27.06
127131,0.2161,-0.0295,0.9008,-6.32,6.37,-0.06,27.06
127141,0.2196,-0.03,0.8901,-6.46,6.02,-0.02,27.05
127151,0.2181,-0.0305,0.8914,-6.43,6.02,-0.08,27.05
127161,0.2151,-0.0284,0.8834,-6.55,6.23,0.0,27.02
127171,0.2218,-0.0309,0.8964,-6.72,5.83,0.02,27.04
127181,0.2194,-0.0325,0.8892,-6.87,4.9,0.0,27.04
127191,0.2363,-0.0543,0.907,-8.53,2.67,-0.32,27.07
127201,0.2368,-0.0291,0.8446,-7.44,5.89,-0.21,27.06
127211,0.2155,-0.0157,0.9249,-7.53,4.63,-0.11,27.05
127221,0.2223,-0.0288,0.8768,-6.85,4.55,-0.03,27.06
127231,0.2141,-0.0254,0.8864,-6.55,5.53,0.02,27.06
127248,0.2218,-0.036,0.8785,-6.46,6.67,0.05,27.07
127258,0.2223,-0.0337,0.8805,-6.53,7.25,-0.02,27.04
127268,0.2173,-0.0387,0.8905,-6.67,7.82,0.06,27.08
127278,0.2808,-0.045,0.8082,-6.63,6.61,0.15,27.06
127288,0.2229,-0.0261,0.9071,-6.61,7.66,-0.06,27.06
127298,0.2238,-0.0298,0.8848,-6.67,7.19,0.0,27.05
127308,0.2255,-0.0269,0.8894,-6.5,6.96,0.03,27.07
127318,0.2188,-0.0323,0.8928,-6.31,6.75,-0.06,27.07
127328,0.2207,-0.0354,0.8894,-6.44,6.6,0.0,27.06
127338,0.2185,-0.0331,0.8885,-6.43,6.93,0.03,27.07
127348,0.2124,-0.0337,0.8806,-6.44,7.19,-0.03,27.05
127358,0.2133,-0.03,0.8834,-6.6,8.15,-0.02,27.08
127368,0.2188,-0.0321,0.8827,-6.69,8.47,-0.06,27.06
127378,0.2136,-0.0298,0.8831,-6.81,8.99,-0.11,27.08
127388,0.2162,-0.0319,0.8954,-6.78,9.33,-0.08,27.07
127398,0.2257,-0.0269,0.889,-6.78,9.31,0.03,27.05
127408,0.2292,-0.0232,0.9004,-6.79,8.89,-0.02,27.05
127418,0.226,-0.0214,0.8943,-6.61,8.11,0.03,27.07
127428,0.2202,-0.0316,0.8837,-6.58,7.92,-0.05,27.04
127438,0.2223,-0.0283,0.8838,-6.47,8.17,0.0,27.07
127448,0.2205,-0.0322,0.8854,-6.43,8.02,-0.03,27.04
127458,0.2164,-0.0338,0.8795,-6.5,8.31,0.05,27.08
127468,0.2189,-0.0345,0.8921,-6.6,8.67,-0.09,27.09
127478,0.2177,-0.0347,0.886,-6.61,8.4,-0.08,27.05
127488,0.2209,-0.0295,0.8875,-6.6,8.31,0.03,27.06
127498,0.2214,-0.0303,0.8923,-6.55,8.08,-0.03,27.05
127508,0.2159,-0.0314,0.8906,-6.5,8.02,-0.03,27.08
127518,0.22,-0.0267,0.8926,-6.53,8.02,-0.03,27.06
127528,0.2238,-0.0293,0.8931,-6.41,7.6,-0.14,27.06
127538,0.2184,-0.0311,0.8892,-6.37,7.53,-0.03,27.08
127548,0.2206,-0.0284,0.8889,-6.44,7.85,-0.05,27.06
127558,0.2185,-0.0297,0.8853,-6.41,8.08,-0.03,27.08
127568,0.2166,-0.0292,0.8873,-6.67,8.4,-0.08,27.07
127578,0.2186,-0.0282,0.8893,-6.67,8.55,0.0,27.06
127589,0.2186,-0.0298,0.8964,-6.6,8.06,-0.11,27.02
127599,0.2177,-0.0299,0.895,-6.55,7.85,-0.06,27.04
127609,0.2205,-0.0286,0.8903,-6.49,7.74,0.0,27.07
127619,0.2172,-0.0347,0.8904,-6.6,7.92,-0.02,27.06
127629,0.2206,-0.0308,0.8894,-6.56,8.0,-0.03,27.05
127639,0.1975,-0.0458,0.9,-7.51,8.21,0.02,27.07
127649,0.2281,-0.0347,0.8636,-6.43,8.31,-0.17,27.06
127659,0.2206,-0.033,0.894,-6.46,7.27,-0.05,27.07
127669,0.2175,-0.0297,0.8899,-6.46,7.48,-0.09,27.06
127679,0.2103,-0.0288,0.8978,-6.24,7.44,-0.09,27.08
127689,0.2163,-0.0273,0.8906,-6.24,7.37,0.09,27.06
127699,0.223,-0.0291,0.8857,-6.35,7.1,-0.09,27.07
127709,0.2166,-0.0303,0.8854,-6.38,7.07,-0.05,27.07
127719,0.2186,-0.0319,0.8855,-6.32,7.22,-0.03,27.05
127729,0.215,-0.0309,0.8861,-6.41,7.66,-0.14,27.05
127739,0.2192,-0.0244,0.8927,-6.58,8.0,0.03,27.04
127749,0.2189,-0.0287,0.8932,-6.47,7.66,-0.03,27.06
127759,0.2188,-0.0322,0.8866,-6.49,7.48,-0.06,27.08
127769,0.2192,-0.0295,0.8932,-6.6,7.82,-0.03,27.04
127779,0.2207,-0.0292,0.8937,-6.61,7.92,0.02,27.04
127789,0.2181,-0.0303,0.8931,-6.66,7.88,0.0,27.07
127799,0.2209,-0.0309,0.891,-6.72,7.97,-0.05,27.07
127809,0.2183,-0.0291,0.894,-6.64,7.85,-0.05,27.07
127819,0.2202,-0.0284,0.8931,-6.17,7.24,0.09,27.08
127829,0.2126,-0.0358,0.8969,-6.11,6.17,0.43,27.07
127839,0.2162,-0.0322,0.8859,-6.29,5.88,0.61,27.06
127849,0.2192,-0.0286,0.8768,-6.49,6.63,0.44,27.08
127859,0.2242,-0.0273,0.8854,-6.76,7.71,0.2,27.08
127869,0.2227,-0.0282,0.8872,-6.7,8.17,0.02,27.07
127879,0.2258,-0.0311,0.8884,-6.85,8.35,-0.03,27.1
127889,0.2239,-0.0349,0.894,-6.64,7.97,-0.09,27.07
127899,0.2239,-0.033,0.887,-6.55,7.77,-0.03,27.07
127909,0.2239,-0.0332,0.8807,-6.69,8.11,-0.08,27.09
127919,0.2234,-0.0314,0.886,-6.81,8.56,-0.11,27.11
127929,0.233,-0.0295,0.8804,-6.72,8.47,-0.06,27.06
127939,0.2246,-0.0291,0.8893,-6.44,8.2,-0.08,27.03
127949,0.2148,-0.03,0.8995,-6.4,8.14,-0.05,27.09
127959,0.2255,-0.0319,0.8898,-6.52,7.77,0.03,27.07
127969,0.2169,-0.0364,0.9122,-6.29,7.76,0.03,27.04
127979,0.2352,-0.0397,0.8789,-6.73,7.37,0.11,27.06
127989,0.2197,-0.0312,0.8889,-6.4,7.66,0.03,27.07
127999,0.2146,-0.0371,0.8883,-6.35,7.63,0.06,27.04
128009,0.2186,-0.0341,0.8864,-6.56,7.86,0.08,27.07
128019,0.2224,-0.0308,0.8843,-6.52,7.95,0.03,27.06
128029,0.2153,-0.0242,0.8929,-6.53,7.94,0.03,27.06
128039,0.2181,-0.0281,0.8873,-6.49,8.05,-0.06,27.05
128049,0.2167,-0.0302,0.8881,-6.55,8.4,-0.03,27.06
128059,0.217,-0.0286,0.8872,-6.73,8.27,-0.06,27.07
128069,0.2233,-0.0286,0.8911,-6.55,7.73,0.03,27.09
128079,0.2198,-0.0295,0.8873,-6.41,7.63,-0.03,27.09
128089,0.2203,-0.0278,0.8927,-6.49,7.77,-0.08,27.07
128099,0.2211,-0.0332,0.8915,-6.52,7.83,-0.05,27.07
128109,0.2211,-0.0291,0.8918,-6.53,7.77,0.02,27.07
128119,0.2219,-0.0308,0.8916,-6.41,7.54,-0.03,27.09
128129,0.2233,-0.03,0.8949,-6.4,7.3,-0.03,27.07
128139,0.2181,-0.0385,0.8907,-6.17,6.21,0.32,27.07
128149,0.2151,-0.0392,0.8905,-6.23,6.21,0.58,27.07
128159,0.2258,-0.031,0.8762,-6.46,6.92,0.44,27.07
128169,0.2231,-0.0256,0.8831,-6.76,7.92,0.08,27.07
128179,0.2239,-0.0298,0.8867,-6.82,8.37,-0.09,27.09
128189,0.2236,-0.0303,0.8909,-6.78,8.29,-0.05,27.06
128199,0.2246,-0.0284,0.8915,-6.6,7.92,0.0,27.09
128209,0.2212,-0.027,0.8907,-6.44,7.74,-0.05,27.08
128219,0.2214,-0.0328,0.891,-6.41,7.73,0.0,27.06
128229,0.2239,-0.0321,0.8859,-6.4,7.86,0.02,27.05
128239,0.2239,-0.0305,0.8906,-6.5,7.88,-0.03,27.04
128249,0.2228,-0.0295,0.8859,-6.6,7.91,-0.02,27.07
128259,0.2239,-0.0309,0.8833,-6.55,7.95,-0.02,27.08
128269,0.2212,-0.0312,0.8887,-6.64,8.09,-0.09,27.06
128279,0.2247,-0.0341,0.8868,-6.63,8.06,0.02,27.05
128289,0.2253,-0.032,0.8871,-6.55,7.88,0.0,27.08
128299,0.2211,-0.0356,0.8875,-6.47,7.91,0.12,27.05
128309,0.2211,-0.0363,0.8857,-6.53,7.82,0.05,27.08
128319,0.2169,-0.0378,0.8906,-6.58,7.89,-0.02,27.06
128329,0.2177,-0.0427,0.8972,-6.55,7.71,0.03,27.07
128339,0.2201,-0.0271,0.8885,-6.7,7.51,0.18,27.06
128349,0.2268,-0.0231,0.8936,-6.75,7.76,0.12,27.07
128359,0.2292,-0.0168,0.8815,-6.89,8.0,-0.14,27.07
128369,0.2217,-0.0203,0.9033,-6.34,7.45,0.06,27.07
128379,0.2206,-0.0248,0.8809,-6.44,7.45,0.06,27.08
128389,0.2174,-0.0295,0.8818,-6.52,7.57,0.03,27.08
128399,0.22,-0.0333,0.8827,-6.69,8.32,-0.06,27.08
128409,0.2183,-0.0291,0.8903,-6.79,8.72,-0.09,27.1
128419,0.2156,-0.03,0.8893,-6.63,8.63,-0.06,27.07
128429,0.222,-0.0304,0.8905,-6.69,8.26,-0.11,27.06
128439,0.2216,-0.0312,0.8892,-6.49,7.82,0.0,27.07
128449,0.2209,-0.0342,0.8888,-6.47,7.56,0.0,27.09
128459,0.2185,-0.0303,0.8904,-6.37,7.42,0.03,27.09
128469,0.2212,-0.0305,0.8859,-6.32,7.28,0.05,27.08
128479,0.2228,-0.0282,0.8882,-6.35,7.19,0.02,27.07
128489,0.2229,-0.0293,0.8883,-6.4,7.25,-0.02,27.03
128499,0.2258,-0.0331,0.8893,-6.5,7.16,0.0,27.08
128509,0.2246,-0.0341,0.887,-6.41,7.33,-0.08,27.09
128519,0.2217,-0.0323,0.8839,-6.43,7.68,-0.12,27.08
128529,0.2201,-0.0326,0.8904,-6.47,7.83,-0.09,27.08
128539,0.2231,-0.0332,0.8889,-6.58,7.91,-0.08,27.07
128549,0.2271,-0.0304,0.8903,-6.38,7.65,-0.02,27.07
128559,0.2251,-0.0338,0.8878,-6.27,7.56,-0.08,27.09
128569,0.2229,-0.0292,0.8855,-6.35,7.53,-0.17,27.07
128579,0.2205,-0.025,0.8802,-6.46,7.76,-0.03,27.09
128589,0.2186,-0.0302,0.8822,-6.61,8.06,0.03,27.05
128599,0.22,-0.0308,0.8917,-6.53,8.03,0.06,27.05
128609,0.2245,-0.0288,0.8986,-6.37,7.59,-0.06,27.08
128619,0.2227,-0.0294,0.8926,-6.43,7.33,0.0,27.07
128629,0.2188,-0.0284,0.8876,-6.37,6.89,0.05,27.09
128639,0.2168,-0.0298,0.8895,-6.38,6.99,0.09,27.07
128649,0.2157,-0.0321,0.8914,-6.44,7.01,0.26,27.07
128660,0.2211,-0.0299,0.887,-6.52,7.37,0.14,27.07
128670,0.2314,-0.0292,0.8999,-6.69,7.34,0.15,27.03
128680,0.2299,-0.0309,0.8785,-6.67,7.79,0.15,27.06
128690,0.2153,-0.0317,0.895,-6.56,7.57,0.27,27.06
128700,0.2183,-0.0432,0.8933,-6.09,6.61,0.69,27.09
128710,0.2158,-0.0461,0.8958,-6.38,5.88,0.72,27.08
128720,0.2231,-0.0206,0.8926,-6.44,6.84,0.24,27.08
128730,0.2225,-0.0299,0.8879,-6.46,6.85,0.11,27.08
128740,0.2261,-0.0336,0.8898,-6.52,6.98,0.09,27.09
128750,0.2186,-0.0338,0.8959,-6.52,6.75,0.24,27.09
128760,0.224,-0.0341,0.8862,-6.52,6.93,0.05,27.08
128770,0.2271,-0.0288,0.8857,-6.81,7.44,-0.14,27.09
128780,0.2233,-0.0336,0.8864,-6.78,7.83,-0.24,27.08
128790,0.222,-0.032,0.8901,-6.78,8.14,-0.12,27.09
128801,0.2223,-0.032,0.8862,-6.7,7.94,-0.02,27.06
128811,0.2145,-0.036,0.8789,-6.52,7.69,0.06,27.07
128821,0.2135,-0.0361,0.9027,-6.21,6.67,-0.23,27.07
128831,0.2283,-0.0248,0.8733,-6.79,7.33,-0.85,27.07
128841,0.2253,-0.021,0.8966,-7.04,8.46,-0.58,27.08
128851,0.2206,-0.0273,0.8894,-7.13,9.13,-0.38,27.08
128861,0.2266,-0.0249,0.8947,-7.02,8.79,-0.06,27.07
128871,0.2322,-0.0311,0.8864,-6.61,8.24,0.12,27.08
128881,0.2272,-0.028,0.8933,-6.52,8.08,0.06,27.08
128891,0.2277,-0.0309,0.884,-6.46,8.03,-0.03,27.07
128901,0.218,-0.0312,0.8833,-6.63,8.53,-0.12,27.09
128911,0.2264,-0.0316,0.8862,-6.64,8.0,0.03,27.09
128921,0.2307,-0.0288,0.8844,-6.52,8.02,0.03,27.09
128931,0.2256,-0.0287,0.8971,-6.47,8.14,0.05,27.09
128941,0.2338,-0.0245,0.8854,-6.47,7.97,-0.05,27.08
128951,0.2268,-0.0283,0.885,-6.37,7.85,0.0,27.07
128961,0.2297,-0.0316,0.8839,-6.46,7.5,0.02,27.07
128971,0.2203,-0.0259,0.8888,-6.49,7.65,0.02,27.06
128981,0.2284,-0.0291,0.8818,-6.38,7.08,0.06,27.07
128991,0.2357,-0.0321,0.8629,-6.38,7.28,0.14,27.07
129001,0.2317,-0.0303,0.8859,-6.26,7.59,-0.06,27.06
129011,0.2236,-0.0332,0.8915,-6.38,7.56,-0.06,27.11
129021,0.2239,-0.0327,0.8842,-6.53,7.83,-0.21,27.09
129031,0.2303,-0.03,0.8843,-6.37,7.71,-0.12,27.09
129041,0.2244,-0.0334,0.8883,-6.4,7.89,0.0,27.09
129051,0.2191,-0.0294,0.8925,-6.52,8.14,0.02,27.09
129061,0.2191,-0.0321,0.9061,-6.52,8.12,0.06,27.08
129071,0.2325,-0.0334,0.8783,-6.66,8.0,-0.02,27.08
129081,0.2207,-0.0293,0.8865,-6.63,8.12,0.03,27.08
129091,0.2235,-0.0299,0.8878,-6.61,8.44,0.0,27.09
129101,0.2251,-0.0288,0.8857,-6.58,8.6,0.08,27.06
129111,0.2095,-0.028,0.9083,-6.6,8.89,-0.06,27.06
129121,0.2153,-0.0271,0.906,-6.61,8.05,0.29,27.09
129131,0.2346,-0.0294,0.8817,-6.4,7.6,0.34,27.09
129141,0.2284,-0.0327,0.8893,-6.2,6.56,0.31,27.09
129151,0.2197,-0.0291,0.8939,-6.2,6.26,0.18,27.09
129161,0.2216,-0.0303,0.8895,-6.09,6.34,0.17,27.1
129171,0.2192,-0.0305,0.8933,-6.02,6.32,0.5,27.09
129181,0.226,-0.031,0.8901,-6.0,6.08,0.75,27.08
129191,0.2307,-0.0367,0.8883,-6.18,6.81,0.32,27.08
129201,0.222,-0.0317,0.8885,-6.02,7.36,0.26,27.1
129211,0.2203,-0.0293,0.8926,-5.86,7.48,0.6,27.08
129221,0.2274,-0.0341,0.8813,-6.24,7.56,0.38,27.08
129231,0.2241,-0.0254,0.8845,-6.41,7.95,0.11,27.08
129241,0.226,-0.0317,0.8837,-6.34,7.8,0.15,27.05
129251,0.2217,-0.0299,0.8875,-6.38,7.77,0.17,27.06
129261,0.2219,-0.0276,0.891,-6.23,7.63,0.24,27.09
129271,0.2264,-0.0291,0.8911,-6.26,7.71,0.21,27.09
129281,0.2266,-0.0299,0.885,-6.49,7.69,0.09,27.1
129291,0.2212,-0.0236,0.894,-6.41,7.8,0.18,27.07
129301,0.2281,-0.0262,0.8878,-6.38,7.6,0.26,27.06
129311,0.2255,-0.0264,0.8817,-6.18,7.68,0.18,27.09
129321,0.2252,-0.0284,0.8914,-6.37,7.65,0.02,27.07
129331,0.2238,-0.0297,0.8932,-6.14,7.47,0.05,27.08
129341,0.2002,-0.0345,0.9282,-5.77,7.92,-0.11,27.09
129351,0.2183,-0.0325,0.8904,-6.82,8.29,-0.09,27.09
129361,0.2145,-0.0289,0.9021,-6.56,8.75,-0.11,27.09
129371,0.2413,-0.0286,0.874,-6.6,7.68,-0.05,27.08
129381,0.2198,-0.0278,0.8875,-5.42,6.93,-0.02,27.09
129391,0.2327,-0.038,0.8661,-6.47,8.15,-0.05,27.08
129401,0.2283,-0.0358,0.8893,-6.18,7.56,-0.05,27.09
129411,0.2275,-0.037,0.8643,-6.49,7.68,-0.02,27.08
129421,0.2201,-0.0344,0.9039,-7.68,9.11,-0.05,27.06
129431,0.219,-0.0238,0.9102,-5.77,6.96,-0.03,27.09
129441,0.2212,-0.0352,0.8708,-6.41,7.97,-0.12,27.1
129451,0.2284,-0.0275,0.9055,-6.17,7.01,-0.02,27.08
129461,0.2185,-0.0281,0.8671,-6.72,8.12,-0.12,27.1
129471,0.2257,-0.0175,0.9094,-6.81,7.85,-0.11,27.08
129481,0.2327,-0.0277,0.8734,-6.43,7.69,0.02,27.08
129491,0.2207,-0.0303,0.8975,-6.9,8.35,-0.08,27.07
129501,0.2291,-0.0323,0.8845,-6.7,7.97,-0.09,27.09
129511,0.2206,-0.0322,0.8914,-6.75,8.14,-0.08,27.07
129521,0.2266,-0.0308,0.8928,-6.64,8.06,-0.09,27.07
129531,0.2292,-0.0365,0.8872,-6.67,8.09,-0.08,27.07
129541,0.2269,-0.0336,0.8916,-6.81,8.03,-0.08,27.09
129551,0.2297,-0.0284,0.9058,-6.47,7.85,-0.14,27.11
129561,0.2189,-0.0398,0.8688,-6.37,7.82,-0.02,27.1
129571,0.2271,-0.0286,0.892,-6.56,8.09,-0.11,27.08
129581,0.2256,-0.0316,0.8795,-6.55,7.76,-0.09,27.09
129591,0.2217,-0.0308,0.8926,-6.56,7.94,0.05,27.07
129601,0.2257,-0.03,0.8879,-6.52,7.91,-0.02,27.09
129611,0.226,-0.0316,0.8823,-6.55,7.94,-0.05,27.09
129621,0.2279,-0.0295,0.8862,-6.56,8.0,-0.08,27.07
129631,0.229,-0.0276,0.8955,-6.46,7.77,-0.03,27.1
129641,0.2275,-0.0294,0.8724,-6.43,7.73,-0.05,27.1
129651,0.2263,-0.0322,0.8857,-6.55,7.83,-0.05,27.09
129661,0.2172,-0.0323,0.8932,-6.75,8.05,-0.09,27.09
129671,0.2229,-0.0288,0.8956,-6.49,7.94,-0.02,27.08
129681,0.2229,-0.0306,0.8857,-6.52,7.88,-0.06,27.07
129691,0.2255,-0.0304,0.8823,-6.41,7.74,-0.03,27.06
129701,0.2256,-0.0295,0.8895,-6.46,7.83,-0.12,27.09
129711,0.2345,-0.0294,0.88,-6.4,7.51,-0.05,27.09
129721,0.2253,-0.0333,0.8918,-6.49,7.92,-0.05,27.09
129731,0.2323,-0.0327,0.8802,-6.79,8.11,-0.08,27.08
129741,0.2303,-0.0242,0.9014,-6.7,7.95,-0.08,27.08
129751,0.2206,-0.0336,0.8845,-6.32,7.82,-0.08,27.08
129761,0.2023,-0.0286,0.9125,-6.55,8.17,-0.09,27.08
129771,0.2397,-0.0308,0.8723,-6.44,7.95,-0.03,27.08
129781,0.2269,-0.0415,0.8923,-6.43,7.62,-0.05,27.07
129791,0.234,-0.0383,0.8807,-6.53,7.8,0.03,27.08
129801,0.2189,-0.0277,0.8938,-6.55,7.91,0.06,27.1
129811,0.2258,-0.0222,0.8826,-6.56,7.98,0.02,27.08
129821,0.2278,-0.0275,0.8849,-6.53,7.76,-0.08,27.07
129831,0.2305,-0.0228,0.8846,-6.55,7.59,-0.02,27.06
129841,0.2246,-0.026,0.8889,-6.31,7.62,0.08,27.08
129851,0.2208,-0.033,0.8854,-6.56,8.09,0.0,27.06
129861,0.2256,-0.0275,0.8914,-6.6,8.02,-0.03,27.08
129871,0.2234,-0.0302,0.8938,-6.53,7.98,0.03,27.08
129881,0.2279,-0.0295,0.895,-6.49,7.85,0.03,27.07
129891,0.2321,-0.0283,0.882,-6.52,7.92,0.05,27.05
129901,0.2196,-0.0293,0.8944,-6.5,8.18,-0.05,27.08
129911,0.2286,-0.0295,0.8857,-6.52,7.68,-0.02,27.08
129921,0.2239,-0.0219,0.892,-6.52,7.86,-0.08,27.05
129931,0.225,-0.0281,0.8887,-6.49,7.85,-0.05,27.09
129941,0.2383,-0.033,0.8809,-6.53,7.76,-0.05,27.09
129951,0.2261,-0.0338,0.8842,-6.53,7.88,-0.02,27.1
129961,0.2279,-0.0306,0.8906,-6.35,8.0,-0.03,27.08
129971,0.231,-0.0321,0.8899,-6.46,7.89,-0.05,27.05
129981,0.2279,-0.0328,0.8842,-6.44,7.82,-0.05,27.08
129991,0.219,-0.0293,0.8898,-6.43,8.02,-0.03,27.07
130001,0.2167,-0.0388,0.8984,-6.53,8.17,-0.08,27.05
130011,0.2292,-0.0291,0.8849,-6.47,7.88,0.02,27.09
130021,0.2173,-0.032,0.8998,-6.47,8.12,-0.06,27.06
130031,0.2341,-0.03,0.8765,-6.53,7.85,-0.02,27.1
130041,0.2225,-0.027,0.8951,-6.49,7.94,-0.11,27.08
130051,0.2296,-0.0287,0.889,-6.6,7.79,-0.03,27.08
130061,0.2295,-0.0259,0.8851,-6.49,7.92,-0.06,27.09
130071,0.225,-0.0278,0.8876,-6.52,7.92,-0.09,27.08
130081,0.2307,-0.0333,0.8823,-6.55,7.82,-0.14,27.08
130091,0.2255,-0.0308,0.8909,-6.47,7.97,-0.06,27.09
130101,0.2258,-0.0321,0.8904,-6.53,7.82,-0.05,27.07
130111,0.2278,-0.0338,0.8905,-6.47,7.91,0.02,27.06
130121,0.2267,-0.0332,0.8949,-6.52,7.95,-0.03,27.09
130131,0.2483,-0.0299,0.8553,-6.58,7.57,-0.09,27.07
130141,0.2249,-0.0237,0.9034,-6.11,7.62,-0.03,27.08
130151,0.2323,-0.0311,0.8751,-6.47,7.31,-0.08,27.09
130161,0.2246,-0.0308,0.8944,-6.17,7.85,-0.11,27.07
130171,0.2316,-0.0387,0.8815,-6.67,7.89,-0.03,27.08
130181,0.223,-0.0344,0.8895,-6.49,8.06,-0.08,27.05
130191,0.2174,-0.0328,0.8918,-6.61,8.08,0.0,27.07
130201,0.218,-0.025,0.8949,-6.6,8.12,-0.09,27.1
130211,0.2283,-0.0311,0.8862,-6.5,7.83,-0.08,27.08
130221,0.2408,-0.033,0.8657,-6.72,8.17,-0.02,27.09
130231,0.2188,-0.0278,0.9039,-6.47,7.54,0.0,27.09
130241,0.2179,-0.0353,0.8867,-6.38,7.95,-0.03,27.09
130251,0.2352,-0.0295,0.8826,-6.47,7.79,-0.02,27.09
130261,0.2306,-0.031,0.8864,-6.56,7.86,-0.02,27.08
130271,0.2284,-0.0294,0.8851,-6.53,7.91,-0.09,27.09
130281,0.2258,-0.0309,0.8889,-6.52,7.86,-0.05,27.08
130291,0.2253,-0.0311,0.8915,-6.47,7.92,-0.12,27.08
130301,0.2263,-0.0317,0.8898,-6.52,7.98,-0.14,27.09
130311,0.225,-0.0305,0.8883,-6.5,7.89,-0.12,27.07
130321,0.2271,-0.0304,0.8875,-6.49,7.94,-0.03,27.07
130331,0.2296,-0.0306,0.8887,-6.58,7.86,-0.09,27.07
130341,0.2312,-0.0284,0.8916,-6.52,7.8,-0.05,27.07
130351,0.2284,-0.0312,0.8846,-6.67,7.88,-0.05,27.09
130361,0.2249,-0.0311,0.8892,-6.63,8.05,-0.06,27.1
130371,0.2267,-0.033,0.8906,-6.49,7.85,-0.05,27.09
130381,0.2234,-0.0308,0.8925,-6.52,7.85,-0.03,27.1
130391,0.2256,-0.0303,0.8835,-6.27,7.83,-0.02,27.1
130401,0.2277,-0.0295,0.8892,-6.37,7.86,-0.03,27.06
130411,0.2274,-0.0291,0.8893,-6.41,7.79,-0.09,27.09
130421,0.2262,-0.0303,0.8904,-6.35,7.79,-0.12,27.08
130431,0.2273,-0.0292,0.8914,-6.14,7.71,-0.05,27.08
130441,0.2272,-0.0303,0.8882,-6.29,7.77,-0.03,27.08
130451,0.2209,-0.0308,0.8896,-6.27,8.09,-0.06,27.08
130461,0.2319,-0.0271,0.8912,-6.15,7.22,-0.11,27.08
130471,0.2297,-0.0317,0.8776,-6.26,7.45,-0.05,27.07
130481,0.2285,-0.032,0.8909,-6.46,7.6,-0.06,27.1
130491,0.2212,-0.0321,0.8912,-6.43,7.95,-0.05,27.07
130501,0.2241,-0.0287,0.8955,-6.58,8.02,-0.03,27.09
130511,0.2329,-0.0275,0.8893,-6.26,7.89,-0.06,27.09
130521,0.212,-0.033,0.8906,-6.72,8.18,-0.08,27.1
130531,0.2378,-0.0309,0.8944,-6.38,8.08,-0.06,27.08
130541,0.2256,-0.0315,0.8785,-6.46,7.59,-0.02,27.09
130551,0.2224,-0.0276,0.8993,-6.53,8.0,-0.06,27.1
130561,0.2239,-0.0315,0.8777,-6.47,8.03,-0.05,27.09
130571,0.2284,-0.0269,0.8916,-6.76,8.2,-0.02,27.1
130581,0.2264,-0.0284,0.8843,-6.47,8.03,-0.02,27.1
130591,0.2297,-0.0258,0.8927,-6.5,7.88,-0.02,27.09
130601,0.2296,-0.0312,0.8831,-6.38,7.83,-0.05,27.09
130611,0.2191,-0.0312,0.8933,-6.44,8.12,0.02,27.1
130621,0.229,-0.031,0.8848,-6.5,8.12,0.03,27.09
130631,0.2216,-0.0305,0.8943,-6.47,8.05,-0.05,27.09
130641,0.2209,-0.0321,0.8843,-6.64,7.98,-0.06,27.09
130651,0.2239,-0.0295,0.8912,-6.52,7.98,-0.03,27.07
130661,0.2228,-0.0343,0.8875,-6.49,7.89,-0.06,27.1
130671,0.2246,-0.0315,0.8911,-6.53,7.83,-0.11,27.1
130681,0.2257,-0.0302,0.8942,-6.4,7.76,-0.08,27.1
130691,0.2281,-0.0271,0.8932,-6.38,7.76,-0.08,27.09
130701,0.2306,-0.0271,0.8904,-6.46,7.77,0.0,27.08
130711,0.228,-0.0304,0.8864,-6.34,7.65,-0.06,27.09
130721,0.2249,-0.03,0.8804,-6.43,7.82,-0.08,27.08
130731,0.2239,-0.0306,0.8807,-6.55,7.91,-0.05,27.1
130741,0.224,-0.0297,0.8818,-6.85,8.06,0.02,27.12
130751,0.2234,-0.0255,0.89,-6.76,8.12,-0.02,27.1
130761,0.2238,-0.0283,0.8934,-6.35,8.0,-0.03,27.12
130771,0.2247,-0.0288,0.8844,-6.4,7.77,0.02,27.09
130781,0.2271,-0.0277,0.8839,-6.43,7.8,0.0,27.09
130791,0.2313,-0.0302,0.8918,-6.52,7.74,-0.11,27.09
130801,0.241,-0.0369,0.8976,-6.02,7.71,0.02,27.11
130811,0.2184,-0.0526,0.8971,-6.29,8.03,-0.15,27.1
130821,0.2323,-0.0333,0.9022,-6.52,7.66,-0.14,27.08
130831,0.2461,-0.0204,0.8817,-6.55,7.48,0.03,27.1
130841,0.2358,-0.0151,0.8779,-6.6,7.73,1.56,27.09
130851,0.2064,-0.0391,0.8672,-6.05,7.71,0.06,27.08
130861,0.2186,-0.0231,0.8826,-6.34,8.14,0.06,27.09
130871,0.225,-0.0088,0.8845,-6.61,7.66,0.18,27.09
130881,0.224,-0.0226,0.8887,-6.63,7.53,0.02,27.11
130891,0.2303,-0.0256,0.8917,-6.73,8.02,0.02,27.1
130901,0.2344,-0.0426,0.897,-6.5,7.88,-0.15,27.11
130911,0.2319,-0.0465,0.9015,-6.24,7.98,-0.14,27.1
130921,0.2404,-0.0474,0.8905,-6.35,8.02,-0.08,27.09
130931,0.2272,-0.0493,0.8671,-6.49,7.63,-0.03,27.07
130941,0.2177,-0.0377,0.8867,-6.81,8.32,-0.09,27.09
130951,0.2253,-0.0294,0.8882,-6.27,7.74,0.06,27.08
130961,0.2252,-0.0132,0.8972,-6.55,8.02,-0.06,27.1
130971,0.2325,-0.0085,0.8987,-6.55,7.77,-0.03,27.1
130981,0.2271,-0.0188,0.8932,-6.67,7.94,-0.09,27.09
130991,0.2354,-0.0255,0.8757,-6.46,8.29,-0.08,27.1
131001,0.2272,-0.0385,0.8995,-6.41,8.09,-0.08,27.11
131011,0.2455,-0.0485,0.8827,-6.26,8.52,-0.12,27.08
131021,0.219,-0.0468,0.8665,-6.85,9.25,-0.08,27.1
131031,0.2268,-0.0365,0.8972,-7.4,10.02,-0.11,27.12
131041,0.2262,-0.0248,0.9037,-6.52,8.56,-0.14,27.11
131051,0.2229,-0.0277,0.8545,-6.93,10.44,-0.24,27.09
131061,0.2725,-0.0117,0.951,-6.9,7.39,-0.21,27.12
131071,0.1799,-0.0245,0.7427,-4.6,3.73,-0.17,27.09
131081,0.2074,-0.0076,0.9244,-7.27,9.19,-0.17,27.1
131091,0.2142,-0.0135,0.8793,-6.17,6.11,0.0,27.1
131101,0.2229,-0.0371,0.8275,-6.6,8.78,-0.08,27.07
131111,0.2292,-0.0333,0.8812,-6.15,7.92,-0.05,27.1
131121,0.2052,-0.0454,0.8695,-6.73,10.27,-0.26,27.09
131131,0.2325,-0.033,0.889,-7.01,10.96,-0.84,27.09
131141,0.2153,-0.0352,0.8762,-7.15,11.97,-1.21,27.09
131151,0.2332,-0.0332,0.9102,-7.31,11.91,-1.36,27.11
131161,0.2263,-0.0273,0.8964,-6.78,9.57,-1.27,27.1
131171,0.2174,-0.0344,0.8997,-6.32,8.27,-0.96,27.07
131181,0.2192,-0.0352,0.8927,-6.31,7.92,-0.93,27.09
131191,0.2175,-0.0358,0.9031,-5.98,7.1,-0.6,27.09
131201,0.228,-0.0358,0.9026,-5.54,5.89,-0.09,27.09
131211,0.2316,-0.0316,0.8955,-5.44,4.93,0.02,27.1
131221,0.2306,-0.0317,0.8776,-5.59,5.02,-0.03,27.11
131231,0.2197,-0.0297,0.8478,-6.18,6.27,-0.06,27.12
