t_ms,raw_apps1,raw_apps2,raw_bse1,raw_bse2,raw_hv_current,commanded_torque_nm,motor_rpm,bus_voltage_v,bus_current_a,braking,hard_braking,bspc_active,apps_plausible,rtd_latched,drive_mode_d,bms_fault,imd_fault,pm100_fault,bms_timeout,imd_can_timeout,contactors_closed,bspd_gpio_ok,imd_gpio_ok,bms_gpio_ok
3277,2297,2185,449,466,1975,0.0,0,0.0,0.0,0,0,0,1,0,0,1,1,0,1,1,1,1,0,0
3287,2298,2185,451,465,1975,0.0,0,0.8,0.0,0,0,0,1,0,0,1,1,0,1,0,1,1,0,0
3297,2298,2185,449,465,1973,0.0,0,0.8,0.0,0,0,0,1,0,0,1,1,0,1,0,1,1,0,0
3307,2297,2185,450,466,1974,0.0,0,0.8,0.0,0,0,0,1,0,0,1,1,0,1,0,1,1,0,0
3317,2296,2185,450,465,1974,0.0,0,0.6,0.0,0,0,0,1,0,0,1,1,0,1,0,1,1,0,0
3327,2298,2185,449,467,1974,0.0,0,0.6,0.0,0,0,0,1,0,0,1,1,0,1,0,1,1,0,0
3337,2298,2185,449,465,1975,0.0,0,0.6,0.0,0,0,0,1,0,0,1,1,0,1,0,1,1,0,0
3347,2297,2189,449,465,1975,0.0,0,0.8,0.0,0,0,0,1,0,0,1,1,0,1,0,1,1,0,0
3357,2297,2185,450,466,1974,0.0,0,0.8,0.0,0,0,0,1,0,0,1,1,0,1,0,1,1,0,0
3367,2298,2186,449,465,1974,0.0,0,0.5,0.0,0,0,0,1,0,0,1,1,0,1,0,1,1,0,0
3377,2298,2185,450,464,1974,0.0,0,0.9,0.0,0,0,0,1,0,0,1,1,0,1,0,1,1,0,0
3387,2298,2184,450,466,1974,0.0,0,0.8,0.0,0,0,0,1,0,0,1,1,0,1,0,1,1,0,0
3397,2297,2186,451,464,1976,0.0,0,0.6,0.0,0,0,0,1,0,0,1,1,0,1,0,1,1,0,0
3407,2299,2185,449,465,1975,0.0,0,0.9,0.0,0,0,0,1,0,0,1,1,0,1,0,1,1,0,0
3417,2298,2185,448,465,1975,0.0,0,0.9,0.0,0,0,0,1,0,0,1,1,0,1,0,1,1,0,0
3427,2298,2185,450,466,1975,0.0,0,0.6,0.0,0,0,0,1,0,0,1,1,0,1,0,1,1,0,0
3437,2298,2189,449,462,1974,0.0,0,0.6,0.0,0,0,0,1,0,0,1,1,0,1,0,1,1,0,0
3447,2298,2184,450,466,1974,0.0,0,0.5,0.0,0,0,0,1,0,0,1,1,0,1,0,1,1,0,0
3457,2298,2183,448,466,1974,0.0,0,0.6,0.0,0,0,0,1,0,0,1,1,0,1,0,1,1,0,0
3467,2297,2185,450,465,1975,0.0,0,0.6,0.0,0,0,0,1,0,0,1,1,0,1,0,1,1,0,0
3477,2298,2185,449,465,1975,0.0,0,0.6,0.0,0,0,0,1,0,0,1,1,0,1,0,1,1,0,0
3487,2298,2186,450,466,1974,0.0,0,0.6,0.0,0,0,0,1,0,0,1,1,0,1,0,1,1,0,0
3497,2298,2185,450,464,1973,0.0,0,0.8,0.0,0,0,0,1,0,0,1,1,0,1,0,1,1,0,0
3507,2297,2187,450,466,1975,0.0,0,0.5,0.0,0,0,0,1,0,0,1,1,0,1,0,1,1,0,0
3517,2297,2186,448,465,1975,0.0,0,0.5,0.0,0,0,0,1,0,0,1,1,0,1,0,1,1,0,0
3527,2299,2185,451,464,1975,0.0,0,0.6,0.0,0,0,0,1,0,0,1,1,0,1,0,1,1,0,0
3537,2297,2183,449,465,1974,0.0,0,0.6,0.0,0,0,0,1,0,0,1,1,0,1,0,1,1,0,0
3547,2301,2185,450,465,1974,0.0,0,0.6,0.0,0,0,0,1,0,0,1,1,0,1,0,1,1,0,0
3557,2298,2186,450,464,1975,0.0,0,0.8,0.0,0,0,0,1,0,0,1,1,0,1,0,1,1,0,0
3567,2297,2186,449,463,1973,0.0,0,0.5,0.0,0,0,0,1,0,0,1,1,0,1,0,1,1,0,0
3577,2298,2185,450,465,1975,0.0,0,0.3,0.0,0,0,0,1,0,0,1,1,0,1,0,1,1,0,0
3587,2298,2185,449,463,1974,0.0,0,0.8,0.0,0,0,0,1,0,0,1,1,0,1,0,1,1,0,0
3597,2297,2186,448,466,1975,0.0,0,0.8,0.0,0,0,0,1,0,0,1,1,0,1,0,1,1,0,0
3607,2297,2186,449,468,1975,0.0,0,0.8,0.0,0,0,0,1,0,0,1,1,0,1,0,1,1,0,0
3617,2298,2186,449,465,1975,0.0,0,0.6,0.0,0,0,0,1,0,0,1,1,0,1,0,1,1,0,0
3627,2298,2186,450,465,1975,0.0,0,1.0,0.0,0,0,0,1,0,0,1,1,0,1,0,1,1,0,0
3637,2298,2186,449,465,1976,0.0,0,0.3,0.0,0,0,0,1,0,0,1,1,0,1,0,1,1,0,0
3647,2296,2185,446,463,1975,0.0,0,0.8,0.0,0,0,0,1,0,0,1,1,0,1,0,1,1,0,0
3657,2298,2186,449,464,1974,0.0,0,0.8,0.0,0,0,0,1,0,0,1,1,0,1,0,1,1,0,0
3667,2297,2185,450,465,1974,0.0,0,0.5,0.0,0,0,0,1,0,0,1,1,0,1,0,1,1,0,0
3677,2297,2186,450,462,1975,0.0,0,0.8,0.0,0,0,0,1,0,0,1,1,0,1,0,1,1,0,0
3687,2296,2185,449,466,1976,0.0,0,0.6,0.0,0,0,0,1,0,0,1,1,0,1,0,1,1,0,0
3697,2298,2186,448,463,1974,0.0,0,0.8,0.0,0,0,0,1,0,0,1,1,0,1,0,1,1,0,0
3707,2298,2185,449,465,1974,0.0,0,0.8,0.0,0,0,0,1,0,0,1,1,0,1,0,1,1,0,0
3717,2298,2186,448,466,1975,0.0,0,0.8,0.0,0,0,0,1,0,0,1,1,0,1,0,1,1,0,0
3727,2296,2186,450,464,1975,0.0,0,1.0,0.0,0,0,0,1,0,0,1,1,0,1,0,1,1,0,0
3737,2296,2186,449,466,1975,0.0,0,0.5,0.0,0,0,0,1,0,0,1,1,0,1,0,1,1,0,0
3747,2298,2185,449,466,1975,0.0,0,0.8,0.0,0,0,0,1,0,0,1,1,0,1,0,1,1,0,0
3757,2296,2185,449,466,1972,0.0,0,0.8,0.0,0,0,0,1,0,0,1,1,0,1,0,1,1,1,0
3767,2299,2185,449,464,1975,0.0,0,0.9,0.0,0,0,0,1,0,0,1,1,0,1,0,1,1,1,0
3777,2297,2185,450,464,1974,0.0,0,0.9,0.0,0,0,0,1,0,0,1,1,0,1,0,1,1,1,0
3787,2297,2186,450,464,1974,0.0,0,0.9,0.0,0,0,0,1,0,0,1,0,0,1,0,1,1,1,0
3797,2298,2185,449,466,1974,0.0,0,0.5,0.0,0,0,0,1,0,0,1,0,0,1,0,1,1,1,0
3807,2298,2183,449,467,1974,0.0,0,1.0,0.0,0,0,0,1,0,0,1,0,0,1,0,1,1,1,0
3817,2298,2185,450,464,1974,0.0,0,0.9,0.0,0,0,0,1,0,0,1,0,0,1,0,1,1,1,0
3827,2298,2186,450,466,1974,0.0,0,0.9,0.0,0,0,0,1,0,0,1,0,0,1,0,1,1,1,0
3837,2298,2187,451,464,1974,0.0,0,0.9,0.0,0,0,0,1,0,0,1,0,0,1,0,1,1,1,0
3847,2297,2185,449,464,1975,0.0,0,0.8,0.0,0,0,0,1,0,0,1,0,0,1,0,1,1,1,0
3857,2298,2186,451,464,1974,0.0,0,0.8,0.0,0,0,0,1,0,0,1,0,0,1,0,1,1,1,0
3867,2301,2184,449,466,1971,0.0,0,0.6,0.0,0,0,0,1,0,0,1,0,0,1,0,1,1,1,0
3877,2298,2186,450,465,1972,0.0,0,0.6,0.0,0,0,0,1,0,0,1,0,0,1,0,1,1,1,0
3887,2297,2187,450,465,1975,0.0,0,0.9,0.0,0,0,0,1,0,0,1,0,0,1,0,1,1,1,0
3897,2298,2185,452,465,1974,0.0,0,0.9,0.0,0,0,0,1,0,0,1,0,0,1,0,1,1,1,0
3907,2301,2186,449,466,1974,0.0,0,0.6,0.0,0,0,0,1,0,0,1,0,0,1,0,1,1,1,0
3917,2298,2186,449,465,1974,0.0,0,0.9,0.0,0,0,0,1,0,0,1,0,0,1,0,1,1,1,0
3927,2298,2186,449,464,1975,0.0,0,0.8,0.0,0,0,0,1,0,0,1,0,0,1,0,1,1,1,0
3937,2298,2186,450,464,1974,0.0,0,0.6,0.0,0,0,0,1,0,0,1,0,0,1,0,1,1,1,0
3947,2298,2186,449,465,1976,0.0,0,1.1,0.0,0,0,0,1,0,0,1,0,0,1,0,1,1,1,0
3957,2296,2186,451,465,1974,0.0,0,1.1,0.0,0,0,0,1,0,0,1,0,0,1,0,1,1,1,0
3967,2296,2186,449,466,1975,0.0,0,1.0,0.0,0,0,0,1,0,0,1,0,0,1,0,1,1,1,0
3977,2297,2185,449,466,1974,0.0,0,0.9,0.0,0,0,0,1,0,0,1,0,0,1,0,1,1,1,0
3987,2296,2185,449,464,1974,0.0,0,0.5,0.0,0,0,0,1,0,0,1,0,0,1,0,1,1,1,0
3997,2297,2185,450,465,1974,0.0,0,1.0,0.0,0,0,0,1,0,0,1,0,0,1,0,1,1,1,0
4008,2298,2185,447,466,1974,0.0,0,0.8,0.0,0,0,0,1,0,0,1,0,0,1,0,1,1,1,0
4019,2296,2186,451,465,1975,0.0,0,0.5,0.0,0,0,0,1,0,0,1,0,0,1,0,1,1,1,0
4029,2296,2186,449,467,1977,0.0,0,0.5,0.0,0,0,0,1,0,0,1,0,0,1,0,1,1,1,0
4039,2295,2186,449,466,1974,0.0,0,0.8,0.0,0,0,0,1,0,0,1,0,0,1,0,1,1,1,0
4049,2297,2185,450,465,1974,0.0,0,0.9,0.0,0,0,0,1,0,0,1,0,0,1,0,1,1,1,0
4059,2296,2185,449,464,1973,0.0,0,0.9,0.0,0,0,0,1,0,0,1,0,0,1,0,1,1,1,0
4069,2296,2186,446,466,1973,0.0,0,0.8,0.0,0,0,0,1,0,0,1,0,0,1,0,1,1,1,0
4079,2297,2185,450,465,1974,0.0,0,0.9,0.0,0,0,0,1,0,0,1,0,0,1,0,1,1,1,0
4089,2295,2186,449,465,1975,0.0,0,0.9,0.0,0,0,0,1,0,0,1,0,0,1,0,1,1,1,0
4099,2296,2185,450,464,1975,0.0,0,0.8,0.0,0,0,0,1,0,0,1,0,0,1,0,1,1,1,0
4109,2296,2190,449,465,1974,0.0,0,0.9,0.0,0,0,0,1,0,0,1,0,0,1,0,1,1,1,0
4119,2298,2186,452,462,1974,0.0,0,0.8,0.0,0,0,0,1,0,0,1,0,0,1,0,1,1,1,0
4129,2297,2185,451,464,1975,0.0,0,0.6,0.0,0,0,0,1,0,0,1,0,0,1,0,1,1,1,0
4139,2298,2185,449,465,1974,0.0,0,0.8,0.0,0,0,0,1,0,0,1,0,0,1,0,1,1,1,0
4149,2296,2186,449,466,1975,0.0,0,0.8,0.0,0,0,0,1,0,0,1,0,0,1,0,1,1,1,0
4159,2296,2186,450,465,1974,0.0,0,0.6,0.0,0,0,0,1,0,0,1,0,0,1,0,1,1,1,0
4169,2297,2185,450,466,1974,0.0,0,0.5,0.0,0,0,0,1,0,0,1,0,0,1,0,1,1,1,0
4179,2297,2186,448,465,1973,0.0,0,0.8,0.0,0,0,0,1,0,0,1,0,0,1,0,1,1,1,0
4189,2297,2185,449,465,1974,0.0,0,1.0,0.0,0,0,0,1,0,0,1,0,0,1,0,1,1,1,0
4200,2296,2186,451,465,1973,0.0,0,0.8,0.0,0,0,0,1,0,0,1,0,0,1,0,1,1,1,0
4210,2297,2186,448,464,1974,0.0,0,0.8,0.0,0,0,0,1,0,0,1,0,0,1,0,1,1,1,0
4220,2297,2186,446,465,1974,0.0,0,1.0,0.0,0,0,0,1,0,0,1,0,0,1,0,1,1,1,0
4230,2297,2185,450,465,1974,0.0,0,0.8,0.0,0,0,0,1,0,0,1,0,0,1,0,1,1,1,0
4240,2300,2186,449,465,1974,0.0,0,0.5,0.0,0,0,0,1,0,0,1,0,0,1,0,1,1,1,0
4250,2296,2186,451,462,1974,0.0,0,0.6,0.0,0,0,0,1,0,0,1,0,0,1,0,1,1,1,0
4260,2296,2186,451,465,1975,0.0,0,0.8,0.0,0,0,0,1,0,0,1,0,0,1,0,1,1,1,0
4270,2297,2185,449,465,1975,0.0,0,0.8,0.0,0,0,0,1,0,0,1,0,0,1,0,1,1,1,0
4280,2296,2185,448,464,1974,0.0,0,0.8,0.0,0,0,0,1,0,0,1,0,0,1,0,1,1,1,0
4290,2296,2186,450,464,1977,0.0,0,0.4,0.0,0,0,0,1,0,0,1,0,0,1,0,1,1,1,0
4301,2296,2186,450,462,1974,0.0,0,0.6,0.0,0,0,0,1,0,0,1,0,0,1,0,1,1,1,0
4311,2296,2186,448,467,1974,0.0,0,0.8,0.0,0,0,0,1,0,0,1,0,0,1,0,1,1,1,0
4321,2296,2182,449,465,1974,0.0,0,0.6,0.0,0,0,0,1,0,0,1,0,0,1,0,1,1,1,0
4331,2297,2185,450,464,1975,0.0,0,0.6,0.0,0,0,0,1,0,0,1,0,0,1,0,1,1,1,0
4341,2296,2185,450,463,1973,0.0,0,0.6,0.0,0,0,0,1,0,0,1,0,0,1,0,1,1,1,0
4351,2296,2185,448,466,1976,0.0,0,0.9,0.0,0,0,0,1,0,0,1,0,0,1,0,1,1,1,0
4361,2297,2185,450,464,1974,0.0,0,0.5,0.0,0,0,0,1,0,0,1,0,0,1,0,1,1,1,0
4371,2297,2185,450,467,1974,0.0,0,0.5,0.0,0,0,0,1,0,0,1,0,0,1,0,1,1,1,0
4381,2297,2186,450,466,1972,0.0,0,0.8,0.0,0,0,0,1,0,0,1,0,0,1,0,1,1,1,0
4391,2298,2186,449,465,1975,0.0,0,0.6,0.0,0,0,0,1,0,0,1,0,0,1,0,1,1,1,0
4401,2297,2187,450,466,1972,0.0,0,0.6,0.0,0,0,0,1,0,0,1,0,0,1,0,1,1,1,0
4411,2297,2186,449,465,1974,0.0,0,0.8,0.0,0,0,0,1,0,0,1,0,0,1,0,1,1,1,0
4421,2297,2185,450,464,1975,0.0,0,0.6,0.0,0,0,0,1,0,0,1,0,0,1,0,1,1,1,0
4431,2296,2186,450,465,1975,0.0,0,1.0,0.0,0,0,0,1,0,0,1,0,0,1,0,1,1,1,0
4441,2297,2186,450,465,1974,0.0,0,0.6,0.0,0,0,0,1,0,0,1,0,0,1,0,1,1,1,0
4451,2296,2186,449,466,1973,0.0,0,0.6,0.0,0,0,0,1,0,0,1,0,0,1,0,1,1,1,0
4461,2296,2186,451,465,1974,0.0,0,0.6,0.0,0,0,0,1,0,0,1,0,0,1,0,1,1,1,0
4471,2297,2188,452,466,1974,0.0,0,0.5,0.0,0,0,0,1,0,0,1,0,0,1,0,1,1,1,0
4481,2297,2186,449,466,1975,0.0,0,0.5,0.0,0,0,0,1,0,0,1,0,0,1,0,1,1,1,0
4491,2296,2186,449,464,1975,0.0,0,0.6,0.0,0,0,0,1,0,0,1,0,0,1,0,1,1,1,0
4501,2296,2185,449,466,1975,0.0,0,0.8,0.0,0,0,0,1,0,0,1,0,0,1,0,1,1,1,0
4511,2299,2185,449,463,1974,0.0,0,0.4,0.0,0,0,0,1,0,0,1,0,0,1,0,1,1,1,0
4521,2296,2185,449,465,1974,0.0,0,0.4,0.0,0,0,0,1,0,0,1,0,0,1,0,1,1,1,0
4531,2296,2186,450,465,1976,0.0,0,0.8,0.0,0,0,0,1,0,0,1,0,0,1,0,1,1,1,0
4541,2297,2185,450,463,1973,0.0,0,0.8,0.0,0,0,0,1,0,0,1,0,0,1,0,1,1,1,0
4551,2297,2185,449,465,1975,0.0,0,0.6,0.0,0,0,0,1,0,0,1,0,0,1,0,1,1,1,0
4561,2296,2186,450,467,1974,0.0,0,0.8,0.0,0,0,0,1,0,0,1,0,0,1,0,1,1,1,0
4571,2298,2185,449,465,1974,0.0,0,0.6,0.0,0,0,0,1,0,0,1,0,0,1,0,1,1,1,0
4581,2296,2185,450,465,1975,0.0,0,0.6,0.0,0,0,0,1,0,0,1,0,0,1,0,1,1,1,0
4591,2297,2183,449,466,1975,0.0,0,0.8,0.0,0,0,0,1,0,0,1,0,0,1,0,1,1,1,0
4601,2297,2186,449,465,1974,0.0,0,0.8,0.0,0,0,0,1,0,0,1,0,0,1,0,1,1,1,0
4611,2297,2186,450,466,1974,0.0,0,0.3,0.0,0,0,0,1,0,0,1,0,0,1,0,1,1,1,0
4621,2294,2186,449,464,1975,0.0,0,0.6,0.0,0,0,0,1,0,0,1,0,0,1,0,1,1,1,0
4631,2297,2185,450,465,1973,0.0,0,0.6,0.0,0,0,0,1,0,0,1,0,0,1,0,1,1,1,0
4641,2299,2185,449,466,1973,0.0,0,0.6,0.0,0,0,0,1,0,0,1,0,0,1,0,1,1,1,0
4651,2297,2185,452,465,1975,0.0,0,0.5,0.0,0,0,0,1,0,0,1,0,0,1,0,1,1,1,0
4661,2297,2186,450,468,1974,0.0,0,0.8,0.0,0,0,0,1,0,0,1,0,0,1,0,1,1,1,0
4671,2297,2186,449,465,1974,0.0,0,0.5,0.0,0,0,0,1,0,0,1,0,0,1,0,1,1,1,0
4681,2296,2185,448,466,1974,0.0,0,0.8,0.0,0,0,0,1,0,0,1,0,0,1,0,1,1,1,0
4691,2297,2186,449,465,1975,0.0,0,0.8,0.0,0,0,0,1,0,0,1,0,0,1,0,1,1,1,0
4701,2298,2186,448,465,1975,0.0,0,0.8,0.0,0,0,0,1,0,0,1,0,0,1,0,1,1,1,0
4711,2296,2185,449,465,1974,0.0,0,0.8,0.0,0,0,0,1,0,0,1,0,0,1,0,1,1,1,0
4721,2296,2186,450,464,1975,0.0,0,0.8,0.0,0,0,0,1,0,0,1,0,0,1,0,1,1,1,0
4731,2296,2185,449,465,1974,0.0,0,0.9,0.0,0,0,0,1,0,0,1,0,0,1,0,1,1,1,0
4741,2297,2186,448,465,1975,0.0,0,0.8,0.0,0,0,0,1,0,0,1,0,0,1,0,1,1,1,0
4751,2297,2186,450,465,1974,0.0,0,0.6,0.0,0,0,0,1,0,0,1,0,0,1,0,1,1,1,0
4761,2295,2185,451,465,1974,0.0,0,0.6,0.0,0,0,0,1,0,0,1,0,0,1,0,1,1,1,0
4771,2297,2186,450,466,1975,0.0,0,0.4,0.0,0,0,0,1,0,0,1,0,0,1,0,1,1,1,0
4781,2296,2186,450,465,1975,0.0,0,0.6,0.0,0,0,0,1,0,0,1,0,0,1,0,1,1,1,0
4791,2297,2185,450,465,1975,0.0,0,0.6,0.0,0,0,0,1,0,0,1,0,0,1,0,1,1,1,0
4801,2297,2186,449,465,1974,0.0,0,1.1,0.0,0,0,0,1,0,0,1,0,0,1,0,1,1,1,0
4812,2300,2183,446,466,1975,0.0,0,1.0,0.0,0,0,0,1,0,0,1,0,0,1,0,1,1,1,0
4822,2297,2185,449,465,1973,0.0,0,0.9,0.0,0,0,0,1,0,0,1,0,0,1,0,1,1,1,0
4832,2297,2185,450,465,1974,0.0,0,0.9,0.0,0,0,0,1,0,0,1,0,0,1,0,1,1,1,0
4842,2296,2186,449,466,1974,0.0,0,0.6,0.0,0,0,0,1,0,0,1,0,0,1,0,1,1,1,0
4852,2297,2186,448,465,1974,0.0,0,0.6,0.0,0,0,0,1,0,0,1,0,0,1,0,1,1,1,0
4862,2297,2185,449,467,1975,0.0,0,0.8,0.0,0,0,0,1,0,0,1,0,0,1,0,1,1,1,0
4872,2299,2186,448,465,1974,0.0,0,1.0,0.0,0,0,0,1,0,0,1,0,0,1,0,1,1,1,0
4882,2297,2186,451,465,1974,0.0,0,0.9,0.0,0,0,0,1,0,0,1,0,0,1,0,1,1,1,0
4892,2297,2185,450,466,1974,0.0,0,0.9,0.0,0,0,0,1,0,0,1,0,0,1,0,1,1,1,0
4902,2297,2186,450,466,1976,0.0,0,0.9,0.0,0,0,0,1,0,0,1,0,0,1,0,1,1,1,0
4912,2296,2186,448,465,1975,0.0,0,0.6,0.0,0,0,0,1,0,0,1,0,0,1,0,1,1,1,0
4922,2297,2186,449,466,1974,0.0,0,0.8,0.0,0,0,0,1,0,0,1,0,0,1,0,1,1,1,0
4932,2296,2186,449,466,1975,0.0,0,0.6,0.0,0,0,0,1,0,0,1,0,0,1,0,1,1,1,0
4942,2297,2186,451,465,1975,0.0,0,0.6,0.0,0,0,0,1,0,0,1,0,0,1,0,1,1,1,0
4952,2295,2186,450,465,1974,0.0,0,1.2,0.0,0,0,0,1,0,0,1,0,0,1,0,1,1,1,0
4962,2297,2186,449,466,1974,0.0,0,0.8,0.0,0,0,0,1,0,0,1,0,0,1,0,1,1,1,0
4972,2297,2185,449,465,1974,0.0,0,0.9,0.0,0,0,0,1,0,0,1,0,0,1,0,1,1,1,0
4982,2296,2186,449,465,1974,0.0,0,0.6,0.0,0,0,0,1,0,0,1,0,0,1,0,1,1,1,0
4992,2296,2186,449,466,1974,0.0,0,0.9,0.0,0,0,0,1,0,0,1,0,0,1,0,1,1,1,0
5002,2297,2186,449,464,1974,0.0,0,0.9,0.0,0,0,0,1,0,0,1,0,0,1,0,1,1,1,0
5012,2296,2185,449,465,1974,0.0,0,0.8,0.0,0,0,0,1,0,0,1,0,0,1,0,1,1,1,0
5022,2295,2186,448,464,1975,0.0,0,0.6,0.0,0,0,0,1,0,0,1,0,0,1,0,1,1,1,0
5032,2296,2185,449,465,1974,0.0,0,0.6,0.0,0,0,0,1,0,0,1,0,0,1,0,1,1,1,0
5042,2297,2185,450,466,1975,0.0,0,0.8,0.0,0,0,0,1,0,0,1,0,0,1,0,1,1,1,0
5052,2297,2185,449,465,1972,0.0,0,0.9,0.0,0,0,0,1,0,0,1,0,0,1,0,1,1,1,0
5062,2297,2186,450,467,1973,0.0,0,0.9,0.0,0,0,0,1,0,0,1,0,0,1,0,1,1,1,0
5072,2296,2185,449,468,1974,0.0,0,1.0,0.0,0,0,0,1,0,0,1,0,0,1,0,1,1,1,0
5082,2296,2185,449,464,1974,0.0,0,0.8,0.0,0,0,0,1,0,0,1,0,0,1,0,1,1,1,0
5092,2297,2186,449,464,1975,0.0,0,0.6,0.0,0,0,0,1,0,0,1,0,0,1,0,1,1,1,0
5102,2298,2185,448,465,1974,0.0,0,0.8,0.0,0,0,0,1,0,0,1,0,0,1,0,1,1,1,0
5112,2297,2186,449,465,1974,0.0,0,0.5,0.0,0,0,0,1,0,0,1,0,0,1,0,1,1,1,0
5122,2297,2185,450,465,1975,0.0,0,0.9,0.0,0,0,0,1,0,0,1,0,0,1,0,1,1,1,0
5132,2297,2185,450,466,1974,0.0,0,0.9,0.0,0,0,0,1,0,0,1,0,0,1,0,1,1,1,0
5142,2297,2185,448,464,1974,0.0,0,0.6,0.0,0,0,0,1,0,0,1,0,0,1,0,1,1,1,0
5152,2296,2185,452,464,1974,0.0,0,0.6,0.0,0,0,0,1,0,0,1,0,0,1,0,1,1,1,0
5162,2296,2186,449,466,1973,0.0,0,0.8,0.0,0,0,0,1,0,0,1,0,0,1,0,1,1,1,0
5172,2297,2186,450,466,1975,0.0,0,0.9,0.0,0,0,0,1,0,0,1,0,0,1,0,1,1,1,0
5183,2296,2185,449,465,1974,0.0,0,0.8,0.0,0,0,0,1,0,0,1,0,0,1,0,1,1,1,0
5193,2296,2186,449,465,1974,0.0,0,0.8,0.0,0,0,0,1,0,0,1,0,0,1,0,1,1,1,0
5203,2296,2185,450,466,1974,0.0,0,0.6,0.0,0,0,0,1,0,0,1,0,0,1,0,1,1,1,0
5213,2297,2186,450,463,1975,0.0,0,0.9,0.0,0,0,0,1,0,0,1,0,0,1,0,1,1,1,0
5223,2297,2185,449,465,1974,0.0,0,0.6,0.0,0,0,0,1,0,0,1,0,0,1,0,1,1,1,0
5233,2296,2185,449,465,1974,0.0,0,0.6,0.0,0,0,0,1,0,0,1,0,0,1,0,1,1,1,0
5243,2297,2185,450,467,1974,0.0,0,0.8,0.0,0,0,0,1,0,0,1,0,0,1,0,1,1,1,0
5253,2296,2186,448,465,1974,0.0,0,0.8,0.0,0,0,0,1,0,0,1,0,0,1,0,1,1,1,0
5263,2297,2185,450,466,1974,0.0,0,0.4,0.0,0,0,0,1,0,0,1,0,0,1,0,1,1,1,0
5273,2296,2185,449,465,1975,0.0,0,0.8,0.0,0,0,0,1,0,0,1,0,0,1,0,1,1,1,0
5283,2296,2185,449,465,1973,0.0,0,0.5,0.0,0,0,0,1,0,0,1,0,0,1,0,1,1,1,0
5293,2296,2185,449,464,1974,0.0,0,0.8,0.0,0,0,0,1,0,0,1,0,0,1,0,1,1,1,0
5303,2298,2185,449,464,1974,0.0,0,0.9,0.0,0,0,0,1,0,0,1,0,0,1,0,1,1,1,0
5313,2296,2185,449,465,1974,0.0,0,0.9,0.0,0,0,0,1,0,0,1,0,0,1,0,1,1,1,0
5323,2297,2185,449,464,1975,0.0,0,0.5,0.0,0,0,0,1,0,0,1,0,0,1,0,1,1,1,0
5333,2295,2185,449,465,1975,0.0,0,0.5,0.0,0,0,0,1,0,0,1,0,0,1,0,1,1,1,0
5343,2297,2185,450,463,1976,0.0,0,0.9,0.0,0,0,0,1,0,0,1,0,0,1,0,1,1,1,0
5353,2296,2184,448,464,1974,0.0,0,0.6,0.0,0,0,0,1,0,0,1,0,0,1,0,1,1,1,0
5363,2298,2184,450,465,1974,0.0,0,0.4,0.0,0,0,0,1,0,0,1,0,0,1,0,1,1,1,0
5373,2300,2185,449,465,1974,0.0,0,0.4,0.0,0,0,0,1,0,0,1,0,0,1,0,1,1,1,0
5383,2297,2186,450,466,1974,0.0,0,0.5,0.0,0,0,0,1,0,0,1,0,0,1,0,1,1,1,0
5393,2294,2186,452,464,1974,0.0,0,0.8,0.0,0,0,0,1,0,0,1,0,0,1,0,1,1,1,0
5403,2297,2186,450,466,1974,0.0,0,0.5,0.0,0,0,0,1,0,0,1,0,0,1,0,1,1,1,0
5413,2296,2185,448,465,1975,0.0,0,0.5,0.0,0,0,0,1,0,0,1,0,0,1,0,1,1,1,0
5423,2300,2186,450,465,1977,0.0,0,0.5,0.0,0,0,0,1,0,0,1,0,0,1,0,1,1,1,0
5433,2298,2186,449,466,1974,0.0,0,0.5,0.0,0,0,0,1,0,0,1,0,0,1,0,1,1,1,0
5443,2296,2186,448,466,1974,0.0,0,0.8,0.0,0,0,0,1,0,0,1,0,0,1,0,1,1,1,0
5453,2296,2186,450,467,1974,0.0,0,0.8,0.0,0,0,0,1,0,0,1,0,0,1,0,1,1,1,0
5463,2297,2186,450,464,1972,0.0,0,0.6,0.0,0,0,0,1,0,0,1,0,0,1,0,1,1,1,0
5473,2297,2185,451,465,1974,0.0,0,0.6,0.0,0,0,0,1,0,0,1,0,0,1,0,1,1,1,0
5483,2300,2185,449,467,1972,0.0,0,0.9,0.0,0,0,0,1,0,0,1,0,0,1,0,1,1,1,0
5493,2296,2186,450,465,1974,0.0,0,0.9,0.0,0,0,0,1,0,0,1,0,0,1,0,1,1,1,0
5503,2296,2186,451,467,1973,0.0,0,0.6,0.0,0,0,0,1,0,0,1,0,0,1,0,1,1,1,0
5513,2295,2185,449,465,1974,0.0,0,0.9,0.0,0,0,0,1,0,0,1,0,0,1,0,1,1,1,0
5523,2297,2187,449,465,1974,0.0,0,0.9,0.0,0,0,0,1,0,0,1,0,0,1,0,1,1,1,0
5533,2296,2183,449,464,1974,0.0,0,0.8,0.0,0,0,0,1,0,0,1,0,0,1,0,1,1,1,0
5543,2298,2186,450,465,1973,0.0,0,0.8,0.0,0,0,0,1,0,0,1,0,0,1,0,1,1,1,0
5553,2297,2186,449,467,1974,0.0,0,0.8,0.0,0,0,0,1,0,0,1,0,0,1,0,1,1,1,0
5563,2297,2185,449,466,1973,0.0,0,0.8,0.0,0,0,0,1,0,0,1,0,0,1,0,1,1,1,0
5573,2297,2185,449,466,1974,0.0,0,0.8,0.0,0,0,0,1,0,0,1,0,0,1,0,1,1,1,0
5583,2301,2186,449,466,1975,0.0,0,0.8,0.0,0,0,0,1,0,0,1,0,0,1,0,1,1,1,0
5593,2297,2186,449,465,1974,0.0,0,0.6,0.0,0,0,0,1,0,0,1,0,0,1,0,1,1,1,0
5603,2297,2185,448,464,1974,0.0,0,0.6,0.0,0,0,0,1,0,0,1,0,0,1,0,1,1,1,0
5613,2297,2186,450,466,1974,0.0,0,0.6,0.0,0,0,0,1,0,0,1,0,0,1,0,1,1,1,0
5623,2300,2186,449,464,1974,0.0,0,0.6,0.0,0,0,0,1,0,0,1,0,0,1,0,1,1,1,0
5633,2295,2185,449,464,1974,0.0,0,0.8,0.0,0,0,0,1,0,0,1,0,0,1,0,1,1,1,0
5643,2295,2186,449,465,1974,0.0,0,0.8,0.0,0,0,0,1,0,0,1,0,0,1,0,1,1,1,0
5653,2295,2185,449,466,1974,0.0,0,0.4,0.0,0,0,0,1,0,0,1,0,0,1,0,1,1,1,0
5663,2295,2186,448,465,1974,0.0,0,0.6,0.0,0,0,0,1,0,0,1,0,0,1,0,1,1,1,0
5673,2295,2185,450,465,1973,0.0,0,0.6,0.0,0,0,0,1,0,0,1,0,0,1,0,1,1,1,0
5683,2296,2186,451,465,1974,0.0,0,0.6,0.0,0,0,0,1,0,0,1,0,0,1,0,1,1,1,0
5693,2296,2186,448,464,1974,0.0,0,0.8,0.0,0,0,0,1,0,0,1,0,0,1,0,1,1,1,0
5703,2296,2186,449,464,1976,0.0,0,0.8,0.0,0,0,0,1,0,0,1,0,0,1,0,1,1,1,0
5713,2295,2186,449,465,1974,0.0,0,0.8,0.0,0,0,0,1,0,0,1,0,0,1,0,1,1,1,0
5723,2296,2186,452,463,1975,0.0,0,0.6,0.0,0,0,0,1,0,0,1,0,0,1,0,1,1,1,0
5733,2296,2186,450,465,1974,0.0,0,0.6,0.0,0,0,0,1,0,0,1,0,0,1,0,1,1,1,0
5743,2296,2186,451,464,1974,0.0,0,0.6,0.0,0,0,0,1,0,0,1,0,0,1,0,1,1,1,0
5753,2295,2186,449,467,1974,0.0,0,0.6,0.0,0,0,0,1,0,0,1,0,0,1,0,1,1,1,0
5763,2295,2186,451,466,1974,0.0,0,0.9,0.0,0,0,0,1,0,0,1,0,0,1,0,1,1,1,0
5773,2296,2185,449,465,1974,0.0,0,0.5,0.0,0,0,0,1,0,0,1,0,0,1,0,1,1,1,0
5783,2295,2186,450,462,1975,0.0,0,0.8,0.0,0,0,0,1,0,0,1,0,0,1,0,1,1,1,0
5793,2295,2186,450,466,1974,0.0,0,0.8,0.0,0,0,0,1,0,0,1,0,0,1,0,1,1,1,0
5803,2296,2185,449,465,1975,0.0,0,0.8,0.0,0,0,0,1,0,0,1,0,0,1,0,1,1,1,0
5813,2296,2185,450,465,1974,0.0,0,0.6,0.0,0,0,0,1,0,0,1,0,0,1,0,1,1,1,0
5823,2295,2186,449,465,1975,0.0,0,1.1,0.0,0,0,0,1,0,0,1,0,0,1,0,1,1,1,0
5834,2296,2186,449,467,1974,0.0,0,0.9,0.0,0,0,0,1,0,0,1,0,0,1,0,1,1,1,0
5844,2295,2186,449,468,1975,0.0,0,0.5,0.0,0,0,0,1,0,0,1,0,0,1,0,1,1,1,0
5854,2295,2186,449,465,1974,0.0,0,0.8,0.0,0,0,0,1,0,0,1,0,0,1,0,1,1,1,0
5864,2295,2186,448,465,1975,0.0,0,0.8,0.0,0,0,0,1,0,0,1,0,0,1,0,1,1,1,0
5874,2295,2186,450,467,1975,0.0,0,0.9,0.0,0,0,0,1,0,0,1,0,0,1,0,1,1,1,0
5884,2296,2185,449,467,1974,0.0,0,0.8,0.0,0,0,0,1,0,0,1,0,0,1,0,1,1,1,0
5894,2296,2185,449,466,1973,0.0,0,0.6,0.0,0,0,0,1,0,0,1,0,0,1,0,1,1,1,0
5904,2296,2186,450,464,1974,0.0,0,1.0,0.0,0,0,0,1,0,0,1,0,0,1,0,1,1,1,0
5915,2299,2185,449,465,1974,0.0,0,0.6,0.0,0,0,0,1,0,0,1,0,0,1,0,1,1,1,0
5925,2296,2185,450,466,1975,0.0,0,0.6,0.0,0,0,0,1,0,0,1,0,0,1,0,1,1,1,0
5935,2295,2185,450,464,1974,0.0,0,0.4,0.0,0,0,0,1,0,0,1,0,0,1,0,1,1,1,0
5945,2296,2186,450,464,1974,0.0,0,0.8,0.0,0,0,0,1,0,0,1,0,0,1,0,1,1,1,0
5955,2296,2186,450,464,1974,0.0,0,0.6,0.0,0,0,0,1,0,0,1,0,0,1,0,1,1,1,0
5965,2296,2186,449,464,1974,0.0,0,0.9,0.0,0,0,0,1,0,0,1,0,0,1,0,1,1,1,0
5975,2297,2186,448,465,1973,0.0,0,0.8,0.0,0,0,0,1,0,0,1,0,0,1,0,1,1,1,0
5985,2295,2186,450,465,1974,0.0,0,0.8,0.0,0,0,0,1,0,0,1,0,0,1,0,1,1,1,0
5995,2296,2186,449,465,1974,0.0,0,0.8,0.0,0,0,0,1,0,0,1,0,0,1,0,1,1,1,0
6005,2295,2185,449,465,1974,0.0,0,0.6,0.0,0,0,0,1,0,0,1,0,0,1,0,1,1,1,0
6015,2296,2185,450,466,1972,0.0,0,0.6,0.0,0,0,0,1,0,0,1,0,0,1,0,1,1,1,0
6025,2300,2186,450,464,1974,0.0,0,0.9,0.0,0,0,0,1,0,0,1,0,0,1,0,1,1,1,0
6036,2297,2186,450,465,1974,0.0,0,0.6,0.0,0,0,0,1,0,0,1,0,0,1,0,1,1,1,0
6046,2295,2186,449,465,1972,0.0,0,0.6,0.0,0,0,0,1,0,0,1,0,0,1,0,1,1,1,0
6056,2295,2185,449,465,1974,0.0,0,1.0,0.0,0,0,0,1,0,0,1,0,0,1,0,1,1,1,0
6066,2296,2186,449,465,1974,0.0,0,0.2,0.0,0,0,0,1,0,0,1,0,0,1,0,1,1,1,0
6076,2296,2186,447,467,1975,0.0,0,0.6,0.0,0,0,0,1,0,0,1,0,0,1,0,1,1,1,0
6086,2296,2186,450,466,1974,0.0,0,0.8,0.0,0,0,0,1,0,0,1,0,0,1,0,1,1,1,0
6096,2296,2185,451,465,1974,0.0,0,0.6,0.0,0,0,0,1,0,0,1,0,0,1,0,1,1,1,0
6106,2296,2185,451,462,1973,0.0,0,0.8,0.0,0,0,0,1,0,0,1,0,0,1,0,1,1,1,0
6116,2297,2186,450,465,1974,0.0,0,0.8,0.0,0,0,0,1,0,0,1,0,0,1,0,1,1,1,0
6126,2296,2185,450,465,1973,0.0,0,0.8,0.0,0,0,0,1,0,0,1,0,0,1,0,1,1,1,0
6136,2296,2185,450,464,1974,0.0,0,1.0,0.0,0,0,0,1,0,0,1,0,0,1,0,1,1,1,0
6146,2295,2185,451,466,1974,0.0,0,1.1,0.0,0,0,0,1,0,0,1,0,0,1,0,1,1,1,0
6156,2296,2186,451,466,1977,0.0,0,0.6,0.0,0,0,0,1,0,0,1,0,0,1,0,1,1,1,0
6166,2295,2186,451,466,1974,0.0,0,0.6,0.0,0,0,0,1,0,0,1,0,0,1,0,1,1,1,0
6176,2295,2186,451,464,1974,0.0,0,0.6,0.0,0,0,0,1,0,0,1,0,0,1,0,1,1,1,0
6186,2295,2185,450,464,1974,0.0,0,0.9,0.0,0,0,0,1,0,0,1,0,0,1,0,1,1,1,0
6196,2295,2186,449,466,1974,0.0,0,0.6,0.0,0,0,0,1,0,0,1,0,0,1,0,1,1,1,0
6206,2295,2185,449,464,1973,0.0,0,0.6,0.0,0,0,0,1,0,0,1,0,0,1,0,1,1,1,0
6216,2296,2186,450,465,1974,0.0,0,1.0,0.0,0,0,0,1,0,0,1,0,0,1,0,1,1,1,0
6226,2294,2186,449,465,1974,0.0,0,1.0,0.0,0,0,0,1,0,0,1,0,0,1,0,1,1,1,0
6236,2296,2185,449,466,1974,0.0,0,0.9,0.0,0,0,0,1,0,0,1,0,0,1,0,1,1,1,0
6246,2296,2185,449,465,1974,0.0,0,0.5,0.0,0,0,0,1,0,0,1,0,0,1,0,1,1,1,0
6256,2296,2185,449,463,1974,0.0,0,0.8,0.0,0,0,0,1,0,0,1,0,0,1,0,1,1,1,0
6266,2296,2185,449,463,1973,0.0,0,0.9,0.0,0,0,0,1,0,0,1,0,0,1,0,1,1,1,0
6276,2296,2186,450,466,1976,0.0,0,0.8,0.0,0,0,0,1,0,0,1,0,0,1,0,1,1,1,0
6286,2290,2185,450,466,1973,0.0,0,0.8,0.0,0,0,0,1,0,0,1,0,0,1,0,1,1,1,0
6296,2294,2185,449,465,1973,0.0,0,0.8,0.0,0,0,0,1,0,0,1,0,0,1,0,1,1,1,0
6306,2295,2185,450,465,1973,0.0,0,0.8,0.0,0,0,0,1,0,0,1,0,0,1,0,1,1,1,0
6316,2295,2185,448,466,1974,0.0,0,0.6,0.0,0,0,0,1,0,0,1,0,0,1,0,1,1,1,0
6326,2296,2182,449,465,1974,0.0,0,0.8,0.0,0,0,0,1,0,0,1,0,0,1,0,1,1,1,0
6336,2295,2185,450,465,1974,0.0,0,0.5,0.0,0,0,0,1,0,0,1,0,0,1,0,1,1,1,0
6346,2296,2185,450,465,1974,0.0,0,0.5,0.0,0,0,0,1,0,0,1,0,0,1,0,1,1,1,0
6356,2295,2186,452,465,1973,0.0,0,0.8,0.0,0,0,0,1,0,0,1,0,0,1,0,1,1,1,0
6366,2296,2186,450,465,1974,0.0,0,0.9,0.0,0,0,0,1,0,0,1,0,0,1,0,1,1,1,0
6376,2293,2186,449,465,1974,0.0,0,0.5,0.0,0,0,0,1,0,0,1,0,0,1,0,1,1,1,0
6386,2295,2189,450,465,1974,0.0,0,0.9,0.0,0,0,0,1,0,0,1,0,0,1,0,1,1,1,0
6396,2296,2186,449,465,1975,0.0,0,0.8,0.0,0,0,0,1,0,0,1,0,0,1,0,1,1,1,0
6406,2294,2185,450,465,1974,0.0,0,0.8,0.0,0,0,0,1,0,0,1,0,0,1,0,1,1,1,0
6416,2295,2186,449,465,1974,0.0,0,0.5,0.0,0,0,0,1,0,0,1,0,0,1,0,1,1,1,0
6426,2297,2186,448,466,1974,0.0,0,0.4,0.0,0,0,0,1,0,0,1,0,0,1,0,1,1,1,0
6436,2297,2186,448,465,1974,0.0,0,0.6,0.0,0,0,0,1,0,0,1,0,0,1,0,1,1,1,0
6446,2297,2185,447,466,1973,0.0,0,0.6,0.0,0,0,0,1,0,0,0,0,0,0,0,0,1,1,1
6456,2296,2186,449,465,1974,0.0,0,0.8,0.0,0,0,0,1,0,0,0,0,0,0,0,0,1,1,1
6467,2296,2184,449,463,1974,0.0,0,0.6,0.0,0,0,0,1,0,0,0,0,0,0,0,0,1,1,1
6477,2296,2185,449,466,1974,0.0,0,0.6,0.0,0,0,0,1,0,0,0,0,0,0,0,0,1,1,1
6487,2295,2186,448,467,1974,0.0,0,0.8,0.0,0,0,0,1,0,0,0,0,0,0,0,0,1,1,1
6497,2296,2184,449,465,1973,0.0,0,0.6,0.0,0,0,0,1,0,0,0,0,0,0,0,0,1,1,1
6507,2296,2185,449,464,1974,0.0,0,0.8,0.0,0,0,0,1,0,0,0,0,0,0,0,0,1,1,1
6517,2295,2185,449,464,1973,0.0,0,0.8,0.0,0,0,0,1,0,0,0,0,0,0,0,0,1,1,1
6527,2297,2185,447,463,1973,0.0,0,0.5,0.0,0,0,0,1,0,0,0,0,0,0,0,0,1,1,1
6537,2295,2186,450,466,1973,0.0,0,0.5,0.0,0,0,0,1,0,0,0,0,0,0,0,0,1,1,1
6547,2295,2186,449,465,1973,0.0,0,0.5,0.0,0,0,0,1,0,0,0,0,0,0,0,0,1,1,1
6557,2295,2186,450,465,1974,0.0,0,0.6,0.0,0,0,0,1,0,0,0,0,0,0,0,0,1,1,1
6567,2296,2185,450,464,1973,0.0,0,0.6,0.0,0,0,0,1,0,0,0,0,0,0,0,0,1,1,1
6577,2295,2189,450,467,1974,0.0,0,0.6,0.0,0,0,0,1,0,0,0,0,0,0,0,0,1,1,1
6587,2296,2186,447,464,1974,0.0,0,0.5,0.0,0,0,0,1,0,0,0,0,0,0,0,0,1,1,1
6597,2296,2186,449,465,1974,0.0,0,0.5,0.0,0,0,0,1,0,0,0,0,0,0,0,0,1,1,1
6607,2295,2186,450,464,1973,0.0,0,0.6,0.0,0,0,0,1,0,0,0,0,0,0,0,0,1,1,1
6617,2295,2186,449,466,1972,0.0,0,0.9,0.0,0,0,0,1,0,0,0,0,0,0,0,0,1,1,1
6627,2295,2187,447,466,1974,0.0,0,0.9,0.0,0,0,0,1,0,0,0,0,0,0,0,0,1,1,1
6637,2295,2185,448,465,1973,0.0,0,0.8,0.0,0,0,0,1,0,0,0,0,0,0,0,0,1,1,1
6647,2295,2185,448,464,1974,0.0,0,0.8,0.0,0,0,0,1,0,0,0,0,0,0,0,0,1,1,1
6657,2295,2186,449,465,1973,0.0,0,0.8,0.0,0,0,0,1,0,0,0,0,0,0,0,0,1,1,1
6667,2296,2183,449,465,1973,0.0,0,0.8,0.0,0,0,0,1,0,0,0,0,0,0,0,0,1,1,1
6677,2295,2186,451,465,1972,0.0,0,0.4,0.0,0,0,0,1,0,0,0,0,0,0,0,0,1,1,1
6687,2295,2186,449,466,1974,0.0,0,0.6,0.0,0,0,0,1,0,0,0,0,0,0,0,0,1,1,1
6697,2296,2185,451,466,1973,0.0,0,1.0,0.0,0,0,0,1,0,0,0,0,0,0,0,0,1,1,1
6707,2297,2186,449,464,1974,0.0,0,0.8,0.0,0,0,0,1,0,0,0,0,0,0,0,0,1,1,1
6717,2295,2185,449,466,1974,0.0,0,0.8,0.0,0,0,0,1,0,0,0,0,0,0,0,0,1,1,1
6727,2296,2187,449,465,1974,0.0,0,0.5,0.0,0,0,0,1,0,0,0,0,0,0,0,0,1,1,1
6737,2295,2188,449,467,1973,0.0,0,0.6,0.0,0,0,0,1,0,0,0,0,0,0,0,0,1,1,1
6747,2296,2185,450,465,1974,0.0,0,0.5,0.0,0,0,0,1,0,0,0,0,0,0,0,0,1,1,1
6757,2296,2186,451,465,1973,0.0,0,0.8,0.0,0,0,0,1,0,0,0,0,0,0,0,0,1,1,1
6767,2296,2186,450,464,1973,0.0,0,0.8,0.0,0,0,0,1,0,0,0,0,0,0,0,0,1,1,1
6777,2295,2186,449,466,1974,0.0,0,0.8,0.0,0,0,0,1,0,0,0,0,0,0,0,0,1,1,1
6787,2295,2186,450,465,1974,0.0,0,0.5,0.0,0,0,0,1,0,0,0,0,0,0,0,0,1,1,1
6797,2297,2185,451,465,1973,0.0,0,0.8,0.0,0,0,0,1,0,0,0,0,0,0,0,0,1,1,1
6807,2295,2186,450,465,1974,0.0,0,1.1,0.0,0,0,0,1,0,0,0,0,0,0,0,0,1,1,1
6817,2295,2186,448,465,1973,0.0,0,0.8,0.0,0,0,0,1,0,0,0,0,0,0,0,0,1,1,1
6827,2295,2186,450,463,1974,0.0,0,0.8,0.0,0,0,0,1,0,0,0,0,0,0,0,0,1,1,1
6837,2295,2185,450,466,1974,0.0,0,0.8,0.0,0,0,0,1,0,0,0,0,0,0,0,0,1,1,1
6847,2292,2186,450,467,1973,0.0,0,0.8,0.0,0,0,0,1,0,0,0,0,0,0,0,0,1,1,1
6857,2296,2186,449,464,1974,0.0,0,0.6,0.0,0,0,0,1,0,0,0,0,0,0,0,0,1,1,1
6867,2299,2186,449,465,1974,0.0,0,0.8,0.0,0,0,0,1,0,0,0,0,0,0,0,0,1,1,1
6877,2296,2186,450,465,1973,0.0,0,0.8,0.0,0,0,0,1,0,0,0,0,0,0,0,0,1,1,1
6887,2296,2186,450,465,1974,0.0,0,0.8,0.0,0,0,0,1,0,0,0,0,0,0,0,0,1,1,1
6897,2295,2188,449,464,1973,0.0,0,0.8,0.0,0,0,0,1,0,0,0,0,0,0,0,0,1,1,1
6907,2296,2184,448,463,1974,0.0,0,0.9,0.0,0,0,0,1,0,0,0,0,0,0,0,0,1,1,1
6917,2298,2187,446,466,1973,0.0,0,0.8,0.0,0,0,0,1,0,0,0,0,0,0,0,0,1,1,1
6927,2295,2186,450,465,1974,0.0,0,0.9,0.0,0,0,0,1,0,0,0,0,0,0,0,0,1,1,1
6937,2295,2186,450,465,1975,0.0,0,0.8,0.0,0,0,0,1,0,0,0,0,0,0,0,0,1,1,1
6947,2296,2189,450,465,1974,0.0,0,0.8,0.0,0,0,0,1,0,0,0,0,0,0,0,0,1,1,1
6957,2295,2186,449,465,1973,0.0,0,0.8,0.0,0,0,0,1,0,0,0,0,0,0,0,0,1,1,1
6967,2295,2185,449,465,1974,0.0,0,0.6,0.0,0,0,0,1,0,0,0,0,0,0,0,0,1,1,1
6977,2296,2186,449,465,1974,0.0,0,0.8,0.0,0,0,0,1,0,0,0,0,0,0,0,0,1,1,1
6987,2295,2186,449,466,1974,0.0,0,0.8,0.0,0,0,0,1,0,0,0,0,0,0,0,0,1,1,1
6997,2295,2185,450,465,1974,0.0,0,0.8,0.0,0,0,0,1,0,0,0,0,0,0,0,0,1,1,1
7007,2296,2185,449,466,1973,0.0,0,0.5,0.0,0,0,0,1,0,0,0,0,0,0,0,0,1,1,1
7017,2296,2187,448,465,1973,0.0,0,0.8,0.0,0,0,0,1,0,0,0,0,0,0,0,0,1,1,1
7028,2296,2184,451,466,1972,0.0,0,0.6,0.0,0,0,0,1,0,0,0,0,0,0,0,0,1,1,1
7038,2296,2186,450,464,1974,0.0,0,0.6,0.0,0,0,0,1,0,0,0,0,0,0,0,0,1,1,1
7048,2296,2186,450,465,1973,0.0,0,0.5,0.0,0,0,0,1,0,0,0,0,0,0,0,0,1,1,1
7058,2296,2186,447,468,1974,0.0,0,0.6,0.0,0,0,0,1,0,0,0,0,0,0,0,0,1,1,1
7068,2296,2186,449,465,1973,0.0,0,0.6,0.0,0,0,0,1,0,0,0,0,0,0,0,0,1,1,1
7078,2296,2187,449,466,1973,0.0,0,0.9,0.0,0,0,0,1,0,0,0,0,0,0,0,0,1,1,1
7088,2297,2185,449,465,1973,0.0,0,0.8,0.0,0,0,0,1,0,0,0,0,0,0,0,0,1,1,1
7098,2295,2185,451,463,1973,0.0,0,0.8,0.0,0,0,0,1,0,0,0,0,0,0,0,0,1,1,1
7108,2295,2186,450,466,1974,0.0,0,0.6,0.0,0,0,0,1,0,0,0,0,0,0,0,0,1,1,1
7118,2296,2185,450,464,1973,0.0,0,0.9,0.0,0,0,0,1,0,0,0,0,0,0,0,0,1,1,1
7128,2295,2186,448,464,1973,0.0,0,0.6,0.0,0,0,0,1,0,0,0,0,0,0,0,0,1,1,1
7138,2295,2186,449,465,1975,0.0,0,0.9,0.0,0,0,0,1,0,0,0,0,0,0,0,0,1,1,1
7148,2296,2185,450,464,1974,0.0,0,0.5,0.0,0,0,0,1,0,0,0,0,0,0,0,0,1,1,1
7158,2296,2185,448,465,1973,0.0,0,0.6,0.0,0,0,0,1,0,0,0,0,0,0,0,0,1,1,1
7169,2297,2185,450,463,1973,0.0,0,0.9,0.0,0,0,0,1,0,0,0,0,0,0,0,0,1,1,1
7179,2296,2186,450,466,1974,0.0,0,0.9,0.0,0,0,0,1,0,0,0,0,0,0,0,0,1,1,1
7189,2294,2186,448,463,1973,0.0,0,0.5,0.0,0,0,0,1,0,0,0,0,0,0,0,0,1,1,1
7199,2296,2186,450,467,1974,0.0,0,0.8,0.0,0,0,0,1,0,0,0,0,0,0,0,0,1,1,1
7209,2296,2186,449,465,1973,0.0,0,0.6,0.0,0,0,0,1,0,0,0,0,0,0,0,0,1,1,1
7219,2295,2185,449,463,1974,0.0,0,0.6,0.0,0,0,0,1,0,0,0,0,0,0,0,0,1,1,1
7229,2298,2185,448,466,1974,0.0,0,0.9,0.0,0,0,0,1,0,0,0,0,0,0,0,0,1,1,1
7239,2296,2186,447,465,1973,0.0,0,0.9,0.0,0,0,0,1,0,0,0,0,0,0,0,0,1,1,1
7249,2296,2186,450,465,1974,0.0,0,0.9,0.0,0,0,0,1,0,0,0,0,0,0,0,0,1,1,1
7259,2297,2186,449,465,1973,0.0,0,0.6,0.0,0,0,0,1,0,0,0,0,0,0,0,0,1,1,1
7269,2295,2187,449,466,1974,0.0,0,0.6,0.0,0,0,0,1,0,0,0,0,0,0,0,0,1,1,1
7281,2293,2186,448,466,1970,0.0,0,0.5,0.0,0,0,0,1,0,0,0,0,0,0,0,0,1,1,1
7291,2296,2185,450,465,1975,0.0,0,1.0,0.0,0,0,0,1,0,0,0,0,0,0,0,0,1,1,1
7301,2297,2187,448,464,1973,0.0,0,0.5,0.0,0,0,0,1,0,0,0,0,0,0,0,0,1,1,1
7311,2295,2186,449,465,1974,0.0,0,0.5,0.0,0,0,0,1,0,0,0,0,0,0,0,0,1,1,1
7321,2295,2185,450,465,1973,0.0,0,0.6,0.0,0,0,0,1,0,0,0,0,0,0,0,0,1,1,1
7331,2296,2183,448,465,1974,0.0,0,0.6,0.0,0,0,0,1,0,0,0,0,0,0,0,0,1,1,1
7341,2295,2185,449,465,1974,0.0,0,0.6,0.0,0,0,0,1,0,0,0,0,0,0,0,0,1,1,1
7351,2295,2185,449,465,1973,0.0,0,0.6,0.0,0,0,0,1,0,0,0,0,0,0,0,0,1,1,1
7361,2296,2185,449,463,1973,0.0,0,0.9,0.0,0,0,0,1,0,0,0,0,0,0,0,0,1,1,1
7371,2292,2185,449,465,1973,0.0,0,0.9,0.0,0,0,0,1,0,0,0,0,0,0,0,0,1,1,1
7381,2295,2185,449,465,1973,0.0,0,0.6,0.0,0,0,0,1,0,0,0,0,0,0,0,0,1,1,1
7391,2296,2185,448,466,1974,0.0,0,0.8,0.0,0,0,0,1,0,0,0,0,0,0,0,0,1,1,1
7401,2296,2187,449,464,1975,0.0,0,0.9,0.0,0,0,0,1,0,0,0,0,0,0,0,0,1,1,1
7411,2295,2186,451,465,1974,0.0,0,0.9,0.0,0,0,0,1,0,0,0,0,0,0,0,0,1,1,1
7421,2295,2186,450,466,1972,0.0,0,0.6,0.0,0,0,0,1,0,0,0,0,0,0,0,0,1,1,1
7431,2295,2186,450,464,1975,0.0,0,0.6,0.0,0,0,0,1,0,0,0,0,0,0,0,0,1,1,1
7441,2295,2185,450,464,1974,0.0,0,0.8,0.0,0,0,0,1,0,0,0,0,0,0,0,0,1,1,1
7451,2296,2186,449,466,1974,0.0,0,0.6,0.0,0,0,0,1,0,0,0,0,0,0,0,0,1,1,1
7461,2296,2186,449,465,1975,0.0,0,0.6,0.0,0,0,0,1,0,0,0,0,0,0,0,0,1,1,1
7471,2296,2186,450,465,1974,0.0,0,0.6,0.0,0,0,0,1,0,0,0,0,0,0,0,0,1,1,1
7481,2299,2186,448,465,1974,0.0,0,0.9,0.0,0,0,0,1,0,0,0,0,0,0,0,0,1,1,1
7491,2296,2186,449,463,1974,0.0,0,0.9,0.0,0,0,0,1,0,0,0,0,0,0,0,0,1,1,1
7501,2295,2186,450,466,1974,0.0,0,0.8,0.0,0,0,0,1,0,0,0,0,0,0,0,0,1,1,1
7511,2296,2185,450,465,1974,0.0,0,0.8,0.0,0,0,0,1,0,0,0,0,0,0,0,0,1,1,1
7521,2296,2185,450,468,1973,0.0,0,0.9,0.0,0,0,0,1,0,0,0,0,0,0,0,0,1,1,1
7531,2298,2185,449,465,1974,0.0,0,0.6,0.0,0,0,0,1,0,0,0,0,0,0,0,0,1,1,1
7541,2294,2186,449,462,1972,0.0,0,0.6,0.0,0,0,0,1,0,0,0,0,0,0,0,0,1,1,1
7551,2291,2185,449,465,1973,0.0,0,0.6,0.0,0,0,0,1,0,0,0,0,0,0,0,0,1,1,1
7561,2296,2185,449,465,1974,0.0,0,0.6,0.0,0,0,0,1,0,0,0,0,0,0,0,0,1,1,1
7571,2296,2186,450,466,1974,0.0,0,0.5,0.0,0,0,0,1,0,0,0,0,0,0,0,0,1,1,1
7581,2296,2184,449,464,1973,0.0,0,0.6,0.0,0,0,0,1,0,0,0,0,0,0,0,0,1,1,1
7591,2296,2188,450,465,1974,0.0,0,0.5,0.0,0,0,0,1,0,0,0,0,0,0,0,0,1,1,1
7601,2296,2186,447,464,1973,0.0,0,0.6,0.0,0,0,0,1,0,0,0,0,0,0,0,0,1,1,1
7611,2296,2186,449,463,1974,0.0,0,0.6,0.0,0,0,0,1,0,0,0,0,0,0,0,0,1,1,1
7621,2296,2185,450,465,1974,0.0,0,0.6,0.0,0,0,0,1,0,0,0,0,0,0,0,0,1,1,1
7631,2295,2186,450,464,1975,0.0,0,0.9,0.0,0,0,0,1,0,0,0,0,0,0,0,0,1,1,1
7641,2296,2186,450,465,1975,0.0,0,0.6,0.0,0,0,0,1,0,0,0,0,0,0,0,0,1,1,1
7651,2295,2185,449,466,1973,0.0,0,0.9,0.0,0,0,0,1,0,0,0,0,0,0,0,0,1,1,1
7661,2300,2185,448,465,1977,0.0,0,0.8,0.0,0,0,0,1,0,0,0,0,0,0,0,0,1,1,1
7671,2295,2186,451,466,1972,0.0,0,0.8,0.0,0,0,0,1,0,0,0,0,0,0,0,0,1,1,1
7681,2296,2185,448,465,1975,0.0,0,0.8,0.0,0,0,0,1,0,0,0,0,0,0,0,0,1,1,1
7691,2296,2185,451,465,1974,0.0,0,0.9,0.0,0,0,0,1,0,0,0,0,0,0,0,0,1,1,1
7701,2295,2187,449,463,1973,0.0,0,0.8,0.0,0,0,0,1,0,0,0,0,0,0,0,0,1,1,1
7711,2296,2185,450,465,1974,0.0,0,0.6,0.0,0,0,0,1,0,0,0,0,0,0,0,0,1,1,1
7721,2295,2186,450,466,1973,0.0,0,0.9,0.0,0,0,0,1,0,0,0,0,0,0,0,0,1,1,1
7731,2295,2186,448,463,1974,0.0,0,0.9,0.0,0,0,0,1,0,0,0,0,0,0,0,0,1,1,1
7741,2295,2185,446,466,1975,0.0,0,0.8,0.0,0,0,0,1,0,0,0,0,0,0,0,0,1,1,1
7751,2296,2186,449,466,1974,0.0,0,0.5,0.0,0,0,0,1,0,0,0,0,0,0,0,0,1,1,1
7762,2296,2185,449,465,1974,0.0,0,0.6,0.0,0,0,0,1,0,0,0,0,0,0,0,0,1,1,1
7772,2295,2186,450,466,1973,0.0,0,0.6,0.0,0,0,0,1,0,0,0,0,0,0,0,0,1,1,1
7782,2296,2186,450,464,1972,0.0,0,0.6,0.0,0,0,0,1,0,0,0,0,0,0,0,0,1,1,1
7792,2296,2186,449,468,1974,0.0,0,0.6,0.0,0,0,0,1,0,0,0,0,0,0,0,0,1,1,1
7802,2296,2185,450,466,1973,0.0,0,0.6,0.0,0,0,0,1,0,0,0,0,0,0,0,0,1,1,1
7812,2295,2185,448,465,1974,0.0,0,0.6,0.0,0,0,0,1,0,0,0,0,0,0,0,0,1,1,1
7822,2295,2186,449,465,1973,0.0,0,0.8,0.0,0,0,0,1,0,0,0,0,0,0,0,0,1,1,1
7832,2294,2186,451,465,1973,0.0,0,0.9,0.0,0,0,0,1,0,0,0,0,0,0,0,0,1,1,1
7842,2295,2186,450,466,1974,0.0,0,0.6,0.0,0,0,0,1,0,0,0,0,0,0,0,0,1,1,1
7853,2295,2186,447,463,1974,0.0,0,0.5,0.0,0,0,0,1,0,0,0,0,0,0,0,0,1,1,1
7863,2295,2186,449,466,1973,0.0,0,0.5,0.0,0,0,0,1,0,0,0,0,0,0,0,0,1,1,1
7873,2296,2184,449,464,1973,0.0,0,0.6,0.0,0,0,0,1,0,0,0,0,0,0,0,0,1,1,1
7883,2295,2186,449,465,1974,0.0,0,0.9,0.0,0,0,0,1,0,0,0,0,0,0,0,0,1,1,1
7893,2296,2186,450,464,1974,0.0,0,0.8,0.0,0,0,0,1,0,0,0,0,0,0,0,0,1,1,1
7903,2295,2186,449,465,1973,0.0,0,0.8,0.0,0,0,0,1,0,0,0,0,0,0,0,0,1,1,1
7913,2297,2186,450,465,1974,0.0,0,1.2,0.0,0,0,0,1,0,0,0,0,0,0,0,0,1,1,1
7923,2295,2186,449,465,1973,0.0,0,1.2,0.0,0,0,0,1,0,0,0,0,0,0,0,0,1,1,1
7933,2296,2185,449,463,1974,0.0,0,0.9,0.0,0,0,0,1,0,0,0,0,0,0,0,0,1,1,1
7945,2295,2186,451,464,1974,0.0,0,0.6,0.0,0,0,0,1,0,0,0,0,0,0,0,0,1,1,1
7955,2295,2186,449,464,1974,0.0,0,0.6,0.0,0,0,0,1,0,0,0,0,0,0,0,0,1,1,1
7965,2296,2184,449,464,1974,0.0,0,0.6,0.0,0,0,0,1,0,0,0,0,0,0,0,0,1,1,1
7975,2295,2186,448,464,1974,0.0,0,1.0,0.0,0,0,0,1,0,0,0,0,0,0,0,0,1,1,1
7985,2296,2186,450,465,1972,0.0,0,0.8,0.0,0,0,0,1,0,0,0,0,0,0,0,0,1,1,1
7995,2296,2186,449,465,1973,0.0,0,0.8,0.0,0,0,0,1,0,0,0,0,0,0,0,0,1,1,1
8005,2296,2184,449,465,1973,0.0,0,0.4,0.0,0,0,0,1,0,0,0,0,0,0,0,0,1,1,1
8015,2295,2186,448,466,1973,0.0,0,0.8,0.0,0,0,0,1,0,0,0,0,0,0,0,0,1,1,1
8025,2296,2186,449,465,1974,0.0,0,1.0,0.0,0,0,0,1,0,0,0,0,0,0,0,0,1,1,1
8035,2299,2186,449,463,1973,0.0,0,0.8,0.0,0,0,0,1,0,0,0,0,0,0,0,0,1,1,1
8045,2295,2186,450,465,1974,0.0,0,0.6,0.0,0,0,0,1,0,0,0,0,0,0,0,0,1,1,1
8055,2296,2185,449,465,1973,0.0,0,0.6,0.0,0,0,0,1,0,0,0,0,0,0,0,0,1,1,1
8065,2295,2186,448,465,1972,0.0,0,0.9,0.0,0,0,0,1,0,0,0,0,0,0,0,0,1,1,1
8075,2296,2186,450,466,1973,0.0,0,0.6,0.0,0,0,0,1,0,0,0,0,0,0,0,0,1,1,1
8085,2296,2186,448,466,1973,0.0,0,0.8,0.0,0,0,0,1,0,0,0,0,0,0,0,0,1,1,1
8095,2296,2186,448,467,1974,0.0,0,0.5,0.0,0,0,0,1,0,0,0,0,0,0,0,0,1,1,1
8105,2293,2185,449,464,1974,0.0,0,0.9,0.0,0,0,0,1,0,0,0,0,0,0,0,0,1,1,1
8115,2296,2186,448,465,1974,0.0,0,0.9,0.0,0,0,0,1,0,0,0,0,0,0,0,0,1,1,1
8125,2296,2185,450,465,1974,0.0,0,0.6,0.0,0,0,0,1,0,0,0,0,0,0,0,0,1,1,1
8135,2295,2186,448,464,1976,0.0,0,0.6,0.0,0,0,0,1,0,0,0,0,0,0,0,0,1,1,1
8145,2296,2186,448,464,1973,0.0,0,0.8,0.0,0,0,0,1,0,0,0,0,0,0,0,0,1,1,1
8155,2296,2185,448,464,1973,0.0,0,0.8,0.0,0,0,0,1,0,0,0,0,0,0,0,0,1,1,1
8165,2296,2186,450,465,1974,0.0,0,0.5,0.0,0,0,0,1,0,0,0,0,0,0,0,0,1,1,1
8175,2295,2185,450,465,1973,0.0,0,0.5,0.0,0,0,0,1,0,0,0,0,0,0,0,0,1,1,1
8185,2296,2186,450,465,1973,0.0,0,0.8,0.0,0,0,0,1,0,0,0,0,0,0,0,0,1,1,1
8195,2296,2184,449,466,1973,0.0,0,0.5,0.0,0,0,0,1,0,0,0,0,0,0,0,0,1,1,1
8205,2296,2186,449,464,1974,0.0,0,0.8,0.0,0,0,0,1,0,0,0,0,0,0,0,0,1,1,1
8215,2296,2186,447,464,1974,0.0,0,0.9,0.0,0,0,0,1,0,0,0,0,0,0,0,0,1,1,1
8226,2296,2185,448,464,1974,0.0,0,0.6,0.0,0,0,0,1,0,0,0,0,0,0,0,0,1,1,1
8236,2294,2186,449,465,1974,0.0,0,0.8,0.0,0,0,0,1,0,0,0,0,0,0,0,0,1,1,1
8246,2295,2187,449,466,1974,0.0,0,0.8,0.0,0,0,0,1,0,0,0,0,0,0,0,0,1,1,1
8256,2295,2189,450,465,1974,0.0,0,0.8,0.0,0,0,0,1,0,0,0,0,0,0,0,0,1,1,1
8266,2296,2185,450,464,1974,0.0,0,0.6,0.0,0,0,0,1,0,0,0,0,0,0,0,0,1,1,1
8276,2295,2186,446,465,1973,0.0,0,1.0,0.0,0,0,0,1,0,0,0,0,0,0,0,0,1,1,1
8286,2295,2186,450,464,1973,0.0,0,0.9,0.0,0,0,0,1,0,0,0,0,0,0,0,0,1,1,1
8296,2295,2188,449,465,1973,0.0,0,0.9,0.0,0,0,0,1,0,0,0,0,0,0,0,0,1,1,1
8306,2295,2185,453,464,1973,0.0,0,0.8,0.0,0,0,0,1,0,0,0,0,0,0,0,0,1,1,1
8316,2295,2185,449,465,1973,0.0,0,0.6,0.0,0,0,0,1,0,0,0,0,0,0,0,0,1,1,1
8326,2296,2185,449,466,1973,0.0,0,0.6,0.0,0,0,0,1,0,0,0,0,0,0,0,0,1,1,1
8336,2295,2185,449,465,1973,0.0,0,0.6,0.0,0,0,0,1,0,0,0,0,0,0,0,0,1,1,1
8346,2297,2185,448,464,1973,0.0,0,0.6,0.0,0,0,0,1,0,0,0,0,0,0,0,0,1,1,1
8357,2297,2185,448,465,1973,0.0,0,0.5,0.0,0,0,0,1,0,0,0,0,0,0,0,0,1,1,1
8367,2295,2185,449,464,1974,0.0,0,0.5,0.0,0,0,0,1,0,0,0,0,0,0,0,0,1,1,1
8377,2296,2186,450,466,1974,0.0,0,0.8,0.0,0,0,0,1,0,0,0,0,0,0,0,0,1,1,1
8387,2296,2186,449,463,1974,0.0,0,0.6,0.0,0,0,0,1,0,0,0,0,0,0,0,0,1,1,1
8397,2296,2185,450,466,1974,0.0,0,0.8,0.0,0,0,0,1,0,0,0,0,0,0,0,0,1,1,1
8407,2296,2186,449,465,1974,0.0,0,0.6,0.0,0,0,0,1,0,0,0,0,0,0,0,0,1,1,1
8417,2296,2186,448,465,1974,0.0,0,0.8,0.0,0,0,0,1,0,0,0,0,0,0,0,0,1,1,1
8427,2296,2186,450,465,1973,0.0,0,0.8,0.0,0,0,0,1,0,0,0,0,0,0,0,0,1,1,1
8437,2295,2185,449,466,1973,0.0,0,0.5,0.0,0,0,0,1,0,0,0,0,0,0,0,0,1,1,1
8447,2296,2186,446,463,1973,0.0,0,0.5,0.0,0,0,0,1,0,0,0,0,0,0,0,0,1,1,1
8457,2295,2186,449,465,1971,0.0,0,0.5,0.0,0,0,0,1,0,0,0,0,0,0,0,0,1,1,1
8467,2295,2185,448,464,1973,0.0,0,0.8,0.0,0,0,0,1,0,0,0,0,0,0,0,0,1,1,1
8477,2297,2185,449,465,1973,0.0,0,0.8,0.0,0,0,0,1,0,0,0,0,0,0,0,0,1,1,1
8487,2296,2185,449,464,1974,0.0,0,0.9,0.0,0,0,0,1,0,0,0,0,0,0,0,0,1,1,1
8497,2296,2185,449,468,1973,0.0,0,0.5,0.0,0,0,0,1,0,0,0,0,0,0,0,0,1,1,1
8507,2295,2186,448,464,1972,0.0,0,0.2,0.0,0,0,0,1,0,0,0,0,0,0,0,0,1,1,1
8517,2293,2186,450,465,1973,0.0,0,0.6,0.0,0,0,0,1,0,0,0,0,0,0,0,0,1,1,1
8527,2296,2185,449,465,1974,0.0,0,0.5,0.0,0,0,0,1,0,0,0,0,0,0,0,0,1,1,1
8537,2296,2186,450,465,1974,0.0,0,0.5,0.0,0,0,0,1,0,0,0,0,0,0,0,0,1,1,1
8547,2295,2186,449,466,1973,0.0,0,0.5,0.0,0,0,0,1,0,0,0,0,0,0,0,0,1,1,1
8557,2296,2186,450,464,1974,0.0,0,0.5,0.0,0,0,0,1,0,0,0,0,0,0,0,0,1,1,1
8567,2295,2186,449,465,1973,0.0,0,0.8,0.0,0,0,0,1,0,0,0,0,0,0,0,0,1,1,1
8577,2294,2186,449,465,1973,0.0,0,1.0,0.0,0,0,0,1,0,0,0,0,0,0,0,0,1,1,1
8587,2296,2186,449,466,1974,0.0,0,0.5,0.0,0,0,0,1,0,0,0,0,0,0,0,0,1,1,1
8597,2295,2185,451,465,1973,0.0,0,0.9,0.0,0,0,0,1,0,0,0,0,0,0,0,0,1,1,1
8607,2293,2186,449,465,1975,0.0,0,0.9,0.0,0,0,0,1,0,0,0,0,0,0,0,0,1,1,1
8617,2295,2186,449,465,1974,0.0,0,0.6,0.0,0,0,0,1,0,0,0,0,0,0,0,0,1,1,1
8627,2294,2187,450,465,1973,0.0,0,0.9,0.0,0,0,0,1,0,0,0,0,0,0,0,0,1,1,1
8637,2295,2186,449,466,1974,0.0,0,0.6,0.0,0,0,0,1,0,0,0,0,0,0,0,0,1,1,1
8647,2296,2186,450,464,1974,0.0,0,0.8,0.0,0,0,0,1,0,0,0,0,0,0,0,0,1,1,1
8657,2295,2185,449,465,1971,0.0,0,0.8,0.0,0,0,0,1,0,0,0,0,0,0,0,0,1,1,1
8667,2295,2186,450,465,1972,0.0,0,0.8,0.0,0,0,0,1,0,0,0,0,0,0,0,0,1,1,1
8677,2296,2186,449,465,1974,0.0,0,0.5,0.0,0,0,0,1,0,0,0,0,0,0,0,0,1,1,1
8687,2296,2185,450,465,1975,0.0,0,0.9,0.0,0,0,0,1,0,0,0,0,0,0,0,0,1,1,1
8697,2296,2186,450,465,1974,0.0,0,0.6,0.0,0,0,0,1,0,0,0,0,0,0,0,0,1,1,1
8707,2296,2186,448,464,1973,0.0,0,1.0,0.0,0,0,0,1,0,0,0,0,0,0,0,0,1,1,1
8717,2295,2186,449,464,1973,0.0,0,0.5,0.0,0,0,0,1,0,0,0,0,0,0,0,0,1,1,1
8727,2296,2186,450,466,1974,0.0,0,0.5,0.0,0,0,0,1,0,0,0,0,0,0,0,0,1,1,1
8737,2295,2185,451,465,1972,0.0,0,0.9,0.0,0,0,0,1,0,0,0,0,0,0,0,0,1,1,1
8747,2298,2186,447,465,1973,0.0,0,0.8,0.0,0,0,0,1,0,0,0,0,0,0,0,0,1,1,1
8757,2295,2186,451,465,1973,0.0,0,0.8,0.0,0,0,0,1,0,0,0,0,0,0,0,0,1,1,1
8767,2296,2183,449,465,1974,0.0,0,0.6,0.0,0,0,0,1,0,0,0,0,0,0,0,0,1,1,1
8777,2296,2186,448,466,1975,0.0,0,0.6,0.0,0,0,0,1,0,0,0,0,0,0,0,0,1,1,1
8787,2295,2183,450,464,1977,0.0,0,0.6,0.0,0,0,0,1,0,0,0,0,0,0,0,0,1,1,1
8797,2296,2186,450,465,1973,0.0,0,0.6,0.0,0,0,0,1,0,0,0,0,0,0,0,0,1,1,1
8807,2295,2186,449,466,1974,0.0,0,0.5,0.0,0,0,0,1,0,0,0,0,0,0,0,0,1,1,1
8817,2296,2186,448,466,1972,0.0,0,0.6,0.0,0,0,0,1,0,0,0,0,0,0,0,0,1,1,1
8827,2296,2186,451,466,1973,0.0,0,0.6,0.0,0,0,0,1,0,0,0,0,0,0,0,0,1,1,1
8837,2296,2185,449,464,1974,0.0,0,0.5,0.0,0,0,0,1,0,0,0,0,0,0,0,0,1,1,1
8847,2296,2186,450,466,1973,0.0,0,0.5,0.0,0,0,0,1,0,0,0,0,0,0,0,0,1,1,1
8857,2296,2185,450,463,1974,0.0,0,0.8,0.0,0,0,0,1,0,0,0,0,0,0,0,0,1,1,1
8867,2296,2186,451,466,1973,0.0,0,0.9,0.0,0,0,0,1,0,0,0,0,0,0,0,0,1,1,1
8877,2295,2186,449,467,1973,0.0,0,0.8,0.0,0,0,0,1,0,0,0,0,0,0,0,0,1,1,1
8887,2295,2184,449,464,1973,0.0,0,0.9,0.0,0,0,0,1,0,0,0,0,0,0,0,0,1,1,1
8897,2300,2185,449,466,1974,0.0,0,0.3,0.0,0,0,0,1,0,0,0,0,0,0,0,0,1,1,1
8907,2295,2185,450,465,1973,0.0,0,0.3,0.0,0,0,0,1,0,0,0,0,0,0,0,0,1,1,1
8917,2294,2186,449,465,1974,0.0,0,1.0,0.0,0,0,0,1,0,0,0,0,0,0,0,0,1,1,1
8927,2298,2186,449,464,1974,0.0,0,0.9,0.0,0,0,0,1,0,0,0,0,0,0,0,0,1,1,1
8937,2295,2186,450,465,1974,0.0,0,1.0,0.0,0,0,0,1,0,0,0,0,0,0,0,0,1,1,1
8948,2297,2186,448,465,1974,0.0,0,0.5,0.0,0,0,0,1,0,0,0,0,0,0,0,0,1,1,1
8958,2295,2186,449,465,1973,0.0,0,0.6,0.0,0,0,0,1,0,0,0,0,0,0,0,0,1,1,1
8968,2295,2186,449,466,1973,0.0,0,0.8,0.0,0,0,0,1,0,0,0,0,0,0,0,0,1,1,1
8978,2295,2186,449,465,1974,0.0,0,0.8,0.0,0,0,0,1,0,0,0,0,0,0,0,0,1,1,1
8988,2296,2186,449,466,1974,0.0,0,0.8,0.0,0,0,0,1,0,0,0,0,0,0,0,0,1,1,1
8998,2296,2185,449,465,1974,0.0,0,0.6,0.0,0,0,0,1,0,0,0,0,0,0,0,0,1,1,1
9008,2295,2186,449,465,1973,0.0,0,0.5,0.0,0,0,0,1,0,0,0,0,0,0,0,0,1,1,1
9018,2295,2185,449,464,1974,0.0,0,0.9,0.0,0,0,0,1,0,0,0,0,0,0,0,0,1,1,1
9028,2296,2185,450,465,1973,0.0,0,0.9,0.0,0,0,0,1,0,0,0,0,0,0,0,0,1,1,1
9038,2294,2186,447,464,1973,0.0,0,0.8,0.0,0,0,0,1,0,0,0,0,0,0,0,0,1,1,1
9048,2296,2186,450,465,1973,0.0,0,0.8,0.0,0,0,0,1,0,0,0,0,0,0,0,0,1,1,1
9058,2296,2186,448,465,1976,0.0,0,0.9,0.0,0,0,0,1,0,0,0,0,0,0,0,0,1,1,1
9068,2296,2186,447,467,1973,0.0,0,0.8,0.0,0,0,0,1,0,0,0,0,0,0,0,0,1,1,1
9078,2295,2186,449,464,1973,0.0,0,0.6,0.0,0,0,0,1,0,0,0,0,0,0,0,0,1,1,1
9088,2295,2185,448,466,1973,0.0,0,0.6,0.0,0,0,0,1,0,0,0,0,0,0,0,0,1,1,1
9098,2296,2186,447,465,1973,0.0,0,0.9,0.0,0,0,0,1,0,0,0,0,0,0,0,0,1,1,1
9108,2296,2186,448,464,1974,0.0,0,0.6,0.0,0,0,0,1,0,0,0,0,0,0,0,0,1,1,1
9118,2296,2186,450,464,1973,0.0,0,0.8,0.0,0,0,0,1,0,0,0,0,0,0,0,0,1,1,1
9128,2295,2185,449,465,1973,0.0,0,0.9,0.0,0,0,0,1,0,0,0,0,0,0,0,0,1,1,1
9138,2296,2186,449,464,1976,0.0,0,0.6,0.0,0,0,0,1,0,0,0,0,0,0,0,0,1,1,1
9148,2295,2186,447,465,1972,0.0,0,0.6,0.0,0,0,0,1,0,0,0,0,0,0,0,0,1,1,1
9158,2296,2186,449,465,1973,0.0,0,0.8,0.0,0,0,0,1,0,0,0,0,0,0,0,0,1,1,1
9168,2296,2185,449,464,1974,0.0,0,0.9,0.0,0,0,0,1,0,0,0,0,0,0,0,0,1,1,1
9178,2296,2186,452,465,1972,0.0,0,0.5,0.0,0,0,0,1,0,0,0,0,0,0,0,0,1,1,1
9188,2296,2186,448,467,1972,0.0,0,0.9,0.0,0,0,0,1,0,0,0,0,0,0,0,0,1,1,1
9198,2297,2186,448,466,1973,0.0,0,0.6,0.0,0,0,0,1,0,0,0,0,0,0,0,0,1,1,1
9208,2296,2186,450,467,1974,0.0,0,1.0,0.0,0,0,0,1,0,0,0,0,0,0,0,0,1,1,1
9218,2296,2186,450,465,1974,0.0,0,1.0,0.0,0,0,0,1,0,0,0,0,0,0,0,0,1,1,1
9228,2295,2186,449,465,1974,0.0,0,1.0,0.0,0,0,0,1,0,0,0,0,0,0,0,0,1,1,1
9238,2296,2186,448,466,1971,0.0,0,0.8,0.0,0,0,0,1,0,0,0,0,0,0,0,0,1,1,1
9248,2295,2185,448,465,1973,0.0,0,0.8,0.0,0,0,0,1,0,0,0,0,0,0,0,0,1,1,1
9258,2296,2186,448,465,1974,0.0,0,0.9,0.0,0,0,0,1,0,0,0,0,0,0,0,0,1,1,1
9269,2296,2186,450,466,1974,0.0,0,0.6,0.0,0,0,0,1,0,0,0,0,0,0,0,0,1,1,1
9279,2295,2186,449,465,1974,0.0,0,0.6,0.0,0,0,0,1,0,0,0,0,0,0,0,0,1,1,1
9289,2295,2185,449,466,1972,0.0,0,0.6,0.0,0,0,0,1,0,0,0,0,0,0,0,0,1,1,1
9299,2292,2187,451,467,1974,0.0,0,0.8,0.0,0,0,0,1,0,0,0,0,0,0,0,0,1,1,1
9309,2295,2185,450,464,1973,0.0,0,0.8,0.0,0,0,0,1,0,0,0,0,0,0,0,0,1,1,1
9319,2295,2186,449,465,1973,0.0,0,0.8,0.0,0,0,0,1,0,0,0,0,0,0,0,0,1,1,1
9329,2296,2185,450,464,1971,0.0,0,0.9,0.0,0,0,0,1,0,0,0,0,0,0,0,0,1,1,1
9339,2296,2185,450,463,1973,0.0,0,0.9,0.0,0,0,0,1,0,0,0,0,0,0,0,0,1,1,1
9349,2295,2184,449,465,1972,0.0,0,0.9,0.0,0,0,0,1,0,0,0,0,0,0,0,0,1,1,1
9359,2295,2186,449,464,1972,0.0,0,0.6,0.0,0,0,0,1,0,0,0,0,0,0,0,0,1,1,1
9369,2295,2186,449,465,1973,0.0,0,0.9,0.0,0,0,0,1,0,0,0,0,0,0,0,0,1,1,1
9379,2295,2186,450,463,1973,0.0,0,0.5,0.0,0,0,0,1,0,0,0,0,0,0,0,0,1,1,1
9389,2296,2186,448,464,1974,0.0,0,0.9,0.0,0,0,0,1,0,0,0,0,0,0,0,0,1,1,1
9399,2296,2188,451,464,1974,0.0,0,0.9,0.0,0,0,0,1,0,0,0,0,0,0,0,0,1,1,1
9409,2295,2185,450,466,1973,0.0,0,0.6,0.0,0,0,0,1,0,0,0,0,0,0,0,0,1,1,1
9419,2296,2186,448,465,1974,0.0,0,0.5,0.0,0,0,0,1,0,0,0,0,0,0,0,0,1,1,1
9429,2295,2186,450,465,1973,0.0,0,0.9,0.0,0,0,0,1,0,0,0,0,0,0,0,0,1,1,1
9439,2295,2186,449,465,1974,0.0,0,0.6,0.0,0,0,0,1,0,0,0,0,0,0,0,0,1,1,1
9449,2297,2186,448,465,1973,0.0,0,0.9,0.0,0,0,0,1,0,0,0,0,0,0,0,0,1,1,1
9459,2296,2186,450,465,1973,0.0,0,0.9,0.0,0,0,0,1,0,0,0,0,0,0,0,0,1,1,1
9469,2278,2186,450,465,1971,0.0,0,0.9,0.0,0,0,0,1,0,0,0,0,0,0,0,0,1,1,1
9479,2295,2186,451,466,1974,0.0,0,0.6,0.0,0,0,0,1,0,0,0,0,0,0,0,0,1,1,1
9489,2295,2186,450,465,1971,0.0,0,0.6,0.0,0,0,0,1,0,0,0,0,0,0,0,0,1,1,1
9499,2294,2186,449,464,1973,0.0,0,0.6,0.0,0,0,0,1,0,0,0,0,0,0,0,0,1,1,1
9509,2296,2185,449,464,1974,0.0,0,0.8,0.0,0,0,0,1,0,0,0,0,0,0,0,0,1,1,1
9519,2296,2183,448,465,1973,0.0,0,0.8,0.0,0,0,0,1,0,0,0,0,0,0,0,0,1,1,1
9529,2295,2186,450,465,1974,0.0,0,0.6,0.0,0,0,0,1,0,0,0,0,0,0,0,0,1,1,1
9539,2296,2186,450,466,1973,0.0,0,0.6,0.0,0,0,0,1,0,0,0,0,0,0,0,0,1,1,1
9549,2295,2186,450,466,1974,0.0,0,0.6,0.0,0,0,0,1,0,0,0,0,0,0,0,0,1,1,1
9559,2295,2186,449,465,1974,0.0,0,0.6,0.0,0,0,0,1,0,0,0,0,0,0,0,0,1,1,1
9569,2298,2186,448,466,1974,0.0,0,0.8,0.0,0,0,0,1,0,0,0,0,0,0,0,0,1,1,1
9579,2296,2186,450,464,1974,0.0,0,0.8,0.0,0,0,0,1,0,0,0,0,0,0,0,0,1,1,1
9589,2295,2185,447,464,1973,0.0,0,0.5,0.0,0,0,0,1,0,0,0,0,0,0,0,0,1,1,1
9599,2296,2186,448,465,1977,0.0,0,0.4,0.0,0,0,0,1,0,0,0,0,0,0,0,0,1,1,1
9609,2296,2186,451,467,1974,0.0,0,0.8,0.0,0,0,0,1,0,0,0,0,0,0,0,0,1,1,1
9619,2296,2186,449,466,1974,0.0,0,0.6,0.0,0,0,0,1,0,0,0,0,0,0,0,0,1,1,1
9629,2295,2186,451,464,1974,0.0,0,0.6,0.0,0,0,0,1,0,0,0,0,0,0,0,0,1,1,1
9639,2295,2185,449,464,1971,0.0,0,0.6,0.0,0,0,0,1,0,0,0,0,0,0,0,0,1,1,1
9649,2295,2186,450,466,1973,0.0,0,0.9,0.0,0,0,0,1,0,0,0,0,0,0,0,0,1,1,1
9659,2296,2185,449,464,1973,0.0,0,0.8,0.0,0,0,0,1,0,0,0,0,0,0,0,0,1,1,1
9669,2295,2186,446,465,1973,0.0,0,0.5,0.0,0,0,0,1,0,0,0,0,0,0,0,0,1,1,1
9679,2296,2186,449,466,1972,0.0,0,0.8,0.0,0,0,0,1,0,0,0,0,0,0,0,0,1,1,1
9689,2296,2186,449,466,1973,0.0,0,0.6,0.0,0,0,0,1,0,0,0,0,0,0,0,0,1,1,1
9699,2295,2186,450,466,1971,0.0,0,0.6,0.0,0,0,0,1,0,0,0,0,0,0,0,0,1,1,1
9709,2295,2186,447,465,1974,0.0,0,0.8,0.0,0,0,0,1,0,0,0,0,0,0,0,0,1,1,1
9719,2296,2185,449,464,1976,0.0,0,0.6,0.0,0,0,0,1,0,0,0,0,0,0,0,0,1,1,1
9729,2296,2186,451,465,1974,0.0,0,0.6,0.0,0,0,0,1,0,0,0,0,0,0,0,0,1,1,1
9739,2295,2186,450,464,1974,0.0,0,0.6,0.0,0,0,0,1,0,0,0,0,0,0,0,0,1,1,1
9749,2295,2185,449,467,1974,0.0,0,0.8,0.0,0,0,0,1,0,0,0,0,0,0,0,0,1,1,1
9759,2299,2185,448,465,1973,0.0,0,0.8,0.0,0,0,0,1,0,0,0,0,0,0,0,0,1,1,1
9769,2296,2186,450,466,1974,0.0,0,0.9,0.0,0,0,0,1,0,0,0,0,0,0,0,0,1,1,1
9779,2295,2185,448,466,1976,0.0,0,0.6,0.0,0,0,0,1,0,0,0,0,0,0,0,0,1,1,1
9789,2295,2186,449,465,1974,0.0,0,1.0,0.0,0,0,0,1,0,0,0,0,0,0,0,0,1,1,1
9799,2297,2186,450,465,1974,0.0,0,0.5,0.0,0,0,0,1,0,0,0,0,0,0,0,0,1,1,1
9809,2296,2184,449,464,1973,0.0,0,0.9,0.0,0,0,0,1,0,0,0,0,0,0,0,0,1,1,1
9819,2296,2186,449,464,1974,0.0,0,0.9,0.0,0,0,0,1,0,0,0,0,0,0,0,0,1,1,1
9829,2294,2186,448,466,1973,0.0,0,0.8,0.0,0,0,0,1,0,0,0,0,0,0,0,0,1,1,1
9839,2296,2185,448,465,1974,0.0,0,0.6,0.0,0,0,0,1,0,0,0,0,0,0,0,0,1,1,1
9849,2298,2186,451,464,1973,0.0,0,0.8,0.0,0,0,0,1,0,0,0,0,0,0,0,0,1,1,1
9859,2292,2185,448,466,1974,0.0,0,0.6,0.0,0,0,0,1,0,0,0,0,0,0,0,0,1,1,1
9869,2297,2185,449,464,1974,0.0,0,0.9,0.0,0,0,0,1,0,0,0,0,0,0,0,0,1,1,1
9879,2296,2186,449,465,1974,0.0,0,0.9,0.0,0,0,0,1,0,0,0,0,0,0,0,0,1,1,1
9889,2294,2186,449,466,1974,0.0,0,0.9,0.0,0,0,0,1,0,0,0,0,0,0,0,0,1,1,1
9899,2296,2186,448,463,1973,0.0,0,1.0,0.0,0,0,0,1,0,0,0,0,0,0,0,0,1,1,1
9909,2297,2186,447,464,1974,0.0,0,0.8,0.0,0,0,0,1,0,0,0,0,0,0,0,0,1,1,1
9919,2295,2186,449,466,1973,0.0,0,0.8,0.0,0,0,0,1,0,0,0,0,0,0,0,0,1,1,1
9929,2296,2186,449,465,1973,0.0,0,0.8,0.0,0,0,0,1,0,0,0,0,0,0,0,0,1,1,1
9939,2297,2185,450,464,1973,0.0,0,0.8,0.0,0,0,0,1,0,0,0,0,0,0,0,0,1,1,1
9949,2296,2186,449,464,1973,0.0,0,0.6,0.0,0,0,0,1,0,0,0,0,0,0,0,0,1,1,1
9959,2299,2186,447,465,1974,0.0,0,0.9,0.0,0,0,0,1,0,0,0,0,0,0,0,0,1,1,1
9969,2296,2184,449,465,1974,0.0,0,0.6,0.0,0,0,0,1,0,0,0,0,0,0,0,0,1,1,1
9979,2295,2186,450,466,1973,0.0,0,0.6,0.0,0,0,0,1,0,0,0,0,0,0,0,0,1,1,1
9989,2296,2186,450,465,1974,0.0,0,0.6,0.0,0,0,0,1,0,0,0,0,0,0,0,0,1,1,1
9999,2295,2185,448,465,1972,0.0,0,0.6,0.0,0,0,0,1,0,0,0,0,0,0,0,0,1,1,1
10009,2295,2186,450,466,1974,0.0,0,0.8,0.0,0,0,0,1,0,0,0,0,0,0,0,0,1,1,1
10019,2295,2186,451,465,1973,0.0,0,0.6,0.0,0,0,0,1,0,0,0,0,0,0,0,0,1,1,1
10029,2296,2186,450,464,1974,0.0,0,0.9,0.0,0,0,0,1,0,0,0,0,0,0,0,0,1,1,1
10039,2296,2185,451,466,1974,0.0,0,1.0,0.0,0,0,0,1,0,0,0,0,0,0,0,0,1,1,1
10049,2296,2185,449,464,1972,0.0,0,0.8,0.0,0,0,0,1,0,0,0,0,0,0,0,0,1,1,1
10059,2297,2186,450,465,1974,0.0,0,0.8,0.0,0,0,0,1,0,0,0,0,0,0,0,0,1,1,1
10069,2296,2188,450,466,1974,0.0,0,0.8,0.0,0,0,0,1,0,0,0,0,0,0,0,0,1,1,1
10079,2295,2186,448,466,1974,0.0,0,1.0,0.0,0,0,0,1,0,0,0,0,0,0,0,0,1,1,1
10089,2296,2185,451,466,1974,0.0,0,0.9,0.0,0,0,0,1,0,0,0,0,0,0,0,0,1,1,1
10099,2295,2186,449,465,1974,0.0,0,1.0,0.0,0,0,0,1,0,0,0,0,0,0,0,0,1,1,1
10109,2295,2186,449,465,1974,0.0,0,0.9,0.0,0,0,0,1,0,0,0,0,0,0,0,0,1,1,1
10119,2297,2186,449,465,1974,0.0,0,0.9,0.0,0,0,0,1,0,0,0,0,0,0,0,0,1,1,1
10129,2295,2186,450,465,1974,0.0,0,0.8,0.0,0,0,0,1,0,0,0,0,0,0,0,0,1,1,1
10139,2295,2186,449,465,1974,0.0,0,0.5,0.0,0,0,0,1,0,0,0,0,0,0,0,0,1,1,1
10149,2296,2177,452,464,1972,0.0,0,0.6,0.0,0,0,0,1,0,0,0,0,0,0,0,0,1,1,1
10159,2296,2185,449,465,1974,0.0,0,0.8,0.0,0,0,0,1,0,0,0,0,0,0,0,0,1,1,1
10169,2296,2185,449,464,1973,0.0,0,0.9,0.0,0,0,0,1,0,0,0,0,0,0,0,0,1,1,1
10179,2295,2186,452,466,1976,0.0,0,0.9,0.0,0,0,0,1,0,0,0,0,0,0,0,0,1,1,1
10189,2295,2186,449,464,1974,0.0,0,0.9,0.0,0,0,0,1,0,0,0,0,0,0,0,0,1,1,1
10199,2296,2185,451,465,1974,0.0,0,1.0,0.0,0,0,0,1,0,0,0,0,0,0,0,0,1,1,1
10209,2296,2185,450,465,1973,0.0,0,0.8,0.0,0,0,0,1,0,0,0,0,0,0,0,0,1,1,1
10219,2295,2189,449,463,1974,0.0,0,0.9,0.0,0,0,0,1,0,0,0,0,0,0,0,0,1,1,1
10229,2296,2186,449,465,1973,0.0,0,1.1,0.0,0,0,0,1,0,0,0,0,0,0,0,0,1,1,1
10239,2295,2187,450,464,1974,0.0,0,1.1,0.0,0,0,0,1,0,0,0,0,0,0,0,0,1,1,1
10249,2299,2185,450,467,1973,0.0,0,0.8,0.0,0,0,0,1,0,0,0,0,0,0,0,0,1,1,1
10259,2296,2186,447,466,1974,0.0,0,0.6,0.0,0,0,0,1,0,0,0,0,0,0,0,0,1,1,1
10269,2296,2186,450,466,1974,0.0,0,0.9,0.0,0,0,0,1,0,0,0,0,0,0,0,0,1,1,1
10280,2294,2185,449,465,1974,0.0,0,0.9,0.0,0,0,0,1,0,0,0,0,0,0,0,0,1,1,1
10290,2295,2185,450,464,1974,0.0,0,0.9,0.0,0,0,0,1,0,0,0,0,0,0,0,0,1,1,1
10301,2298,2186,449,467,1973,0.0,0,0.8,0.0,0,0,0,1,0,0,0,0,0,0,0,0,1,1,1
10311,2295,2186,449,466,1974,0.0,0,0.8,0.0,0,0,0,1,0,0,0,0,0,0,0,0,1,1,1
10321,2294,2186,450,466,1975,0.0,0,1.0,0.0,0,0,0,1,0,0,0,0,0,0,0,0,1,1,1
10331,2295,2186,449,465,1974,0.0,0,0.8,0.0,0,0,0,1,0,0,0,0,0,0,0,0,1,1,1
10341,2295,2186,446,466,1973,0.0,0,0.6,0.0,0,0,0,1,0,0,0,0,0,0,0,0,1,1,1
10351,2295,2185,449,464,1978,0.0,0,0.9,0.0,0,0,0,1,0,0,0,0,0,0,0,0,1,1,1
10361,2296,2185,447,466,1973,0.0,0,0.6,0.0,0,0,0,1,0,0,0,0,0,0,0,0,1,1,1
10371,2295,2188,449,464,1975,0.0,0,0.6,0.0,0,0,0,1,0,0,0,0,0,0,0,0,1,1,1
10381,2298,2187,448,461,1975,0.0,0,0.8,0.0,0,0,0,1,0,0,0,0,0,0,0,0,1,1,1
10391,2296,2186,450,466,1976,0.0,0,0.5,0.0,0,0,0,1,0,0,0,0,0,0,0,0,1,1,1
10401,2296,2185,449,463,1975,0.0,0,0.8,0.0,0,0,0,1,0,0,0,0,0,0,0,0,1,1,1
10411,2296,2186,450,465,1975,0.0,0,0.9,0.0,0,0,0,1,0,0,0,0,0,0,0,0,1,1,1
10421,2296,2185,448,463,1974,0.0,0,0.8,0.0,0,0,0,1,0,0,0,0,0,0,0,0,1,1,1
10431,2296,2184,450,465,1973,0.0,0,0.8,0.0,0,0,0,1,0,0,0,0,0,0,0,0,1,1,1
10441,2295,2186,450,466,1973,0.0,0,0.9,0.0,0,0,0,1,0,0,0,0,0,0,0,0,1,1,1
10451,2295,2187,450,465,1975,0.0,0,0.8,0.0,0,0,0,1,0,0,0,0,0,0,0,0,1,1,1
10461,2296,2186,449,465,1974,0.0,0,0.9,0.0,0,0,0,1,0,0,0,0,0,0,0,0,1,1,1
10471,2295,2184,450,465,1975,0.0,0,0.6,0.0,0,0,0,1,0,0,0,0,0,0,0,0,1,1,1
10481,2297,2185,449,466,1970,0.0,0,0.8,0.0,0,0,0,1,0,0,0,0,0,0,0,0,1,1,1
10491,2296,2186,447,466,1974,0.0,0,0.8,0.0,0,0,0,1,0,0,0,0,0,0,0,0,1,1,1
10501,2296,2186,450,466,1974,0.0,0,0.9,0.0,0,0,0,1,0,0,0,0,0,0,0,0,1,1,1
10511,2296,2186,449,464,1975,0.0,0,0.8,0.0,0,0,0,1,0,0,0,0,0,0,0,0,1,1,1
10521,2296,2186,450,467,1974,0.0,0,0.8,0.0,0,0,0,1,0,0,0,0,0,0,0,0,1,1,1
10531,2295,2185,447,466,1975,0.0,0,0.8,0.0,0,0,0,1,0,0,0,0,0,0,0,0,1,1,1
10541,2296,2185,449,466,1974,0.0,0,0.6,0.0,0,0,0,1,0,0,0,0,0,0,0,0,1,1,1
10551,2295,2186,449,466,1975,0.0,0,0.6,0.0,0,0,0,1,0,0,0,0,0,0,0,0,1,1,1
10561,2295,2185,449,465,1975,0.0,0,0.8,0.0,0,0,0,1,0,0,0,0,0,0,0,0,1,1,1
10571,2296,2186,449,465,1974,0.0,0,0.6,0.0,0,0,0,1,0,0,0,0,0,0,0,0,1,1,1
10581,2295,2186,450,464,1975,0.0,0,0.6,0.0,0,0,0,1,0,0,0,0,0,0,0,0,1,1,1
10591,2296,2186,449,466,1973,0.0,0,0.6,0.0,0,0,0,1,0,0,0,0,0,0,0,0,1,1,1
10601,2296,2186,450,465,1983,0.0,0,0.6,0.0,0,0,0,1,0,0,0,0,0,0,0,0,1,1,1
10611,2295,2186,450,466,1974,0.0,0,0.6,0.0,0,0,0,1,0,0,0,0,0,0,0,0,1,1,1
10621,2296,2185,449,466,1974,0.0,0,0.8,0.0,0,0,0,1,0,0,0,0,0,0,0,0,1,1,1
10631,2296,2186,450,467,1976,0.0,0,0.6,0.0,0,0,0,1,0,0,0,0,0,0,0,0,1,1,1
10641,2296,2186,449,466,1974,0.0,0,0.8,0.0,0,0,0,1,0,0,0,0,0,0,0,0,1,1,1
10651,2296,2186,449,465,1974,0.0,0,0.8,0.0,0,0,0,1,0,0,0,0,0,0,0,0,1,1,1
10661,2322,2186,449,463,1972,0.0,0,0.4,0.0,0,0,0,1,0,0,0,0,0,0,0,0,1,1,1
10671,2295,2186,449,464,1974,0.0,0,0.4,0.0,0,0,0,1,0,0,0,0,0,0,0,0,1,1,1
10681,2296,2185,451,465,1974,0.0,0,0.5,0.0,0,0,0,1,0,0,0,0,0,0,0,0,1,1,1
10691,2296,2185,449,466,1975,0.0,0,0.3,0.0,0,0,0,1,0,0,0,0,0,0,0,0,1,1,1
10701,2296,2185,450,466,1976,0.0,0,0.6,0.0,0,0,0,1,0,0,0,0,0,0,0,0,1,1,1
10711,2296,2186,449,466,1976,0.0,0,0.5,0.0,0,0,0,1,0,0,0,0,0,0,0,0,1,1,1
10721,2295,2186,448,466,1977,0.0,0,0.8,0.0,0,0,0,1,0,0,0,0,0,0,0,0,1,1,1
10731,2295,2186,450,465,1977,0.0,0,0.8,0.0,0,0,0,1,0,0,0,0,0,0,0,0,1,1,1
10741,2295,2185,450,462,1978,0.0,0,0.5,0.0,0,0,0,1,0,0,0,0,0,0,0,0,1,1,1
10751,2295,2186,449,465,1978,0.0,0,0.8,0.0,0,0,0,1,0,0,0,0,0,0,0,0,1,1,1
10761,2295,2186,447,464,1977,0.0,0,0.8,0.0,0,0,0,1,0,0,0,0,0,0,0,0,1,1,1
10771,2295,2186,449,466,1977,0.0,0,0.5,0.0,0,0,0,1,0,0,0,0,0,0,0,0,1,1,1
10781,2297,2185,452,463,1977,0.0,0,0.9,0.0,0,0,0,1,0,0,0,0,0,0,0,0,1,1,1
10791,2295,2186,449,465,1977,0.0,0,0.9,0.0,0,0,0,1,0,0,0,0,0,0,0,0,1,1,1
10801,2296,2186,451,467,1977,0.0,0,0.9,0.0,0,0,0,1,0,0,0,0,0,0,0,0,1,1,1
10811,2295,2186,451,466,1977,0.0,0,0.6,0.0,0,0,0,1,0,0,0,0,0,0,0,0,1,1,1
10822,2294,2186,449,465,1977,0.0,0,0.9,0.0,0,0,0,1,0,0,0,0,0,0,0,0,1,1,1
10832,2295,2186,448,464,1977,0.0,0,0.6,0.0,0,0,0,1,0,0,0,0,0,0,0,0,1,1,1
10842,2295,2186,449,465,1977,0.0,0,0.5,0.0,0,0,0,1,0,0,0,0,0,0,0,0,1,1,1
10852,2296,2186,448,464,1977,0.0,0,0.5,0.0,0,0,0,1,0,0,0,0,0,0,0,0,1,1,1
10862,2295,2185,447,464,1977,0.0,0,0.8,0.0,0,0,0,1,0,0,0,0,0,0,0,0,1,1,1
10872,2296,2186,448,463,1977,0.0,0,0.9,0.0,0,0,0,1,0,0,0,0,0,0,0,0,1,1,1
10882,2296,2186,450,465,1976,0.0,0,0.6,0.0,0,0,0,1,0,0,0,0,0,0,0,0,1,1,1
10892,2296,2186,451,465,1976,0.0,0,0.6,0.0,0,0,0,1,0,0,0,0,0,0,0,0,1,1,1
10902,2296,2187,450,465,1975,0.0,0,1.0,0.0,0,0,0,1,0,0,0,0,0,0,0,0,1,1,1
10913,2297,2186,448,466,1976,0.0,0,1.1,0.0,0,0,0,1,0,0,0,0,0,0,0,0,1,1,1
10923,2296,2186,448,465,1976,0.0,0,1.1,0.0,0,0,0,1,0,0,0,0,0,0,0,0,1,1,1
10933,2296,2186,448,465,1977,0.0,0,0.8,0.0,0,0,0,1,0,0,0,0,0,0,0,0,1,1,1
10943,2296,2186,450,466,1977,0.0,0,0.9,0.0,0,0,0,1,0,0,0,0,0,0,0,0,1,1,1
10953,2295,2187,450,467,1977,0.0,0,0.8,0.0,0,0,0,1,0,0,0,0,0,0,0,0,1,1,1
10963,2295,2186,452,464,1977,0.0,0,1.1,0.0,0,0,0,1,0,0,0,0,0,0,0,0,1,1,1
10973,2296,2185,449,465,1977,0.0,0,0.6,0.0,0,0,0,1,0,0,0,0,0,0,0,0,1,1,1
10983,2295,2186,449,465,1977,0.0,0,0.6,0.0,0,0,0,1,0,0,0,0,0,0,0,0,1,1,1
10993,2296,2186,449,465,1976,0.0,0,0.8,0.0,0,0,0,1,0,0,0,0,0,0,0,0,1,1,1
11003,2296,2186,450,467,1977,0.0,0,0.8,0.0,0,0,0,1,0,0,0,0,0,0,0,0,1,1,1
11013,2295,2186,449,466,1977,0.0,0,0.8,0.0,0,0,0,1,0,0,0,0,0,0,0,0,1,1,1
11023,2295,2186,449,466,1976,0.0,0,0.8,0.0,0,0,0,1,0,0,0,0,0,0,0,0,1,1,1
11033,2295,2185,448,466,1977,0.0,0,1.0,0.0,0,0,0,1,0,0,0,0,0,0,0,0,1,1,1
11043,2295,2187,449,464,1977,0.0,0,1.0,0.0,0,0,0,1,0,0,0,0,0,0,0,0,1,1,1
11053,2295,2186,448,464,1977,0.0,0,0.6,0.0,0,0,0,1,0,0,0,0,0,0,0,0,1,1,1
11063,2295,2186,450,465,1978,0.0,0,0.9,0.0,0,0,0,1,0,0,0,0,0,0,0,0,1,1,1
11073,2296,2186,449,465,1977,0.0,0,0.6,0.0,0,0,0,1,0,0,0,0,0,0,0,0,1,1,1
11083,2296,2186,447,465,1977,0.0,0,0.6,0.0,0,0,0,1,0,0,0,0,0,0,0,0,1,1,1
11093,2299,2187,451,466,1978,0.0,0,0.6,0.0,0,0,0,1,0,0,0,0,0,0,0,0,1,1,1
11103,2296,2185,448,465,1977,0.0,0,0.6,0.0,0,0,0,1,0,0,0,0,0,0,0,0,1,1,1
11113,2296,2186,449,465,1974,0.0,0,0.8,0.0,0,0,0,1,0,0,0,0,0,0,0,0,1,1,1
11123,2296,2185,450,465,1977,0.0,0,0.6,0.0,0,0,0,1,0,0,0,0,0,0,0,0,1,1,1
11133,2295,2186,448,465,1976,0.0,0,0.8,0.0,0,0,0,1,0,0,0,0,0,0,0,0,1,1,1
11143,2296,2186,450,466,1977,0.0,0,0.6,0.0,0,0,0,1,0,0,0,0,0,0,0,0,1,1,1
11153,2296,2186,448,465,1977,0.0,0,0.8,0.0,0,0,0,1,0,0,0,0,0,0,0,0,1,1,1
11163,2296,2186,451,466,1977,0.0,0,0.8,0.0,0,0,0,1,0,0,0,0,0,0,0,0,1,1,1
11173,2295,2186,450,464,1977,0.0,0,0.6,0.0,0,0,0,1,0,0,0,0,0,0,0,0,1,1,1
11183,2296,2186,450,465,1976,0.0,0,1.0,0.0,0,0,0,1,0,0,0,0,0,0,0,0,1,1,1
11193,2295,2186,449,465,1977,0.0,0,0.9,0.0,0,0,0,1,0,0,0,0,0,0,0,0,1,1,1
11203,2296,2186,449,465,1977,0.0,0,0.5,0.0,0,0,0,1,0,0,0,0,0,0,0,0,1,1,1
11213,2297,2186,449,465,1980,0.0,0,0.8,0.0,0,0,0,1,0,0,0,0,0,0,0,0,1,1,1
11223,2295,2186,449,464,1977,0.0,0,0.8,0.0,0,0,0,1,0,0,0,0,0,0,0,0,1,1,1
11233,2296,2186,448,465,1976,0.0,0,0.5,0.0,0,0,0,1,0,0,0,0,0,0,0,0,1,1,1
11243,2295,2186,449,465,1977,0.0,0,0.9,0.0,0,0,0,1,0,0,0,0,0,0,0,0,1,1,1
11253,2296,2186,448,465,1977,0.0,0,0.8,0.0,0,0,0,1,0,0,0,0,0,0,0,0,1,1,1
11263,2296,2185,449,465,1977,0.0,0,0.6,0.0,0,0,0,1,0,0,0,0,0,0,0,0,1,1,1
11273,2296,2186,449,465,1977,0.0,0,1.0,0.0,0,0,0,1,0,0,0,0,0,0,0,0,1,1,1
11283,2295,2186,449,465,1976,0.0,0,1.0,0.0,0,0,0,1,0,0,0,0,0,0,0,0,1,1,1
11293,2296,2185,450,464,1976,0.0,0,1.0,0.0,0,0,0,1,0,0,0,0,0,0,0,0,1,1,1
11303,2294,2185,449,465,1977,0.0,0,0.9,0.0,0,0,0,1,0,0,0,0,0,0,0,0,1,1,1
11313,2295,2185,450,465,1975,0.0,0,0.8,0.0,0,0,0,1,0,0,0,0,0,0,0,0,1,1,1
11323,2295,2185,450,464,1977,0.0,0,0.8,0.0,0,0,0,1,0,0,0,0,0,0,0,0,1,1,1
11333,2295,2185,448,465,1977,0.0,0,0.5,0.0,0,0,0,1,0,0,0,0,0,0,0,0,1,1,1
11343,2296,2189,449,465,1977,0.0,0,0.5,0.0,0,0,0,1,0,0,0,0,0,0,0,0,1,1,1
11353,2296,2186,450,465,1978,0.0,0,0.8,0.0,0,0,0,1,0,0,0,0,0,0,0,0,1,1,1
11363,2295,2185,449,465,1976,0.0,0,0.6,0.0,0,0,0,1,0,0,0,0,0,0,0,0,1,1,1
11373,2295,2185,449,464,1974,0.0,0,0.8,0.0,0,0,0,1,0,0,0,0,0,0,0,0,1,1,1
11383,2296,2186,449,465,1977,0.0,0,0.9,0.0,0,0,0,1,0,0,0,0,0,0,0,0,1,1,1
11393,2297,2183,449,464,1977,0.0,0,0.3,0.0,0,0,0,1,0,0,0,0,0,0,0,0,1,1,1
11403,2292,2186,449,465,1977,0.0,0,0.3,0.0,0,0,0,1,0,0,0,0,0,0,0,0,1,1,1
11413,2296,2187,450,465,1977,0.0,0,0.8,0.0,0,0,0,1,0,0,0,0,0,0,0,0,1,1,1
11423,2295,2186,450,464,1978,0.0,0,0.6,0.0,0,0,0,1,0,0,0,0,0,0,0,0,1,1,1
11433,2295,2185,449,467,1976,0.0,0,0.8,0.0,0,0,0,1,0,0,0,0,0,0,0,0,1,1,1
11443,2296,2188,448,464,1977,0.0,0,0.8,0.0,0,0,0,1,0,0,0,0,0,0,0,0,1,1,1
11453,2296,2185,448,465,1978,0.0,0,0.6,0.0,0,0,0,1,0,0,0,0,0,0,0,0,1,1,1
11463,2296,2186,449,465,1977,0.0,0,0.6,0.0,0,0,0,1,0,0,0,0,0,0,0,0,1,1,1
11473,2295,2185,451,464,1977,0.0,0,0.9,0.0,0,0,0,1,0,0,0,0,0,0,0,0,1,1,1
11483,2296,2186,450,466,1977,0.0,0,0.6,0.0,0,0,0,1,0,0,0,0,0,0,0,0,1,1,1
11493,2295,2186,452,465,1975,0.0,0,0.9,0.0,0,0,0,1,0,0,0,0,0,0,0,0,1,1,1
11503,2296,2186,448,467,1977,0.0,0,0.6,0.0,0,0,0,1,0,0,0,0,0,0,0,0,1,1,1
11513,2297,2186,449,465,1977,0.0,0,0.8,0.0,0,0,0,1,0,0,0,0,0,0,0,0,1,1,1
11523,2295,2186,451,465,1977,0.0,0,0.8,0.0,0,0,0,1,0,0,0,0,0,0,0,0,1,1,1
11533,2297,2186,449,464,1977,0.0,0,0.6,0.0,0,0,0,1,0,0,0,0,0,0,0,0,1,1,1
11543,2296,2186,449,465,1977,0.0,0,0.8,0.0,0,0,0,1,0,0,0,0,0,0,0,0,1,1,1
11553,2296,2186,450,467,1977,0.0,0,0.8,0.0,0,0,0,1,0,0,0,0,0,0,0,0,1,1,1
11563,2296,2185,447,465,1977,0.0,0,0.8,0.0,0,0,0,1,0,0,0,0,0,0,0,0,1,1,1
11573,2297,2186,449,465,1976,0.0,0,0.3,0.0,0,0,0,1,0,0,0,0,0,0,0,0,1,1,1
11583,2296,2185,449,464,1976,0.0,0,0.3,0.0,0,0,0,1,0,0,0,0,0,0,0,0,1,1,1
11593,2296,2186,449,464,1977,0.0,0,0.5,0.0,0,0,0,1,0,0,0,0,0,0,0,0,1,1,1
11603,2296,2185,450,463,1976,0.0,0,0.8,0.0,0,0,0,1,0,0,0,0,0,0,0,0,1,1,1
11613,2294,2186,452,465,1975,0.0,0,0.6,0.0,0,0,0,1,0,0,0,0,0,0,0,0,1,1,1
11623,2296,2186,448,465,1977,0.0,0,0.6,0.0,0,0,0,1,0,0,0,0,0,0,0,0,1,1,1
11633,2297,2185,449,465,1977,0.0,0,0.8,0.0,0,0,0,1,0,0,0,0,0,0,0,0,1,1,1
11643,2297,2186,449,467,1977,0.0,0,0.8,0.0,0,0,0,1,0,0,0,0,0,0,0,0,1,1,1
11653,2296,2185,449,465,1977,0.0,0,0.8,0.0,0,0,0,1,0,0,0,0,0,0,0,0,1,1,1
11663,2295,2186,448,464,1977,0.0,0,0.6,0.0,0,0,0,1,0,0,0,0,0,0,0,0,1,1,1
11673,2296,2186,450,466,1976,0.0,0,0.5,0.0,0,0,0,1,0,0,0,0,0,0,0,0,1,1,1
11683,2295,2186,449,465,1977,0.0,0,0.8,0.0,0,0,0,1,0,0,0,0,0,0,0,0,1,1,1
11693,2299,2187,446,463,1972,0.0,0,0.8,0.0,0,0,0,1,0,0,0,0,0,0,0,0,1,1,1
11703,2295,2185,448,465,1985,0.0,0,0.8,0.0,0,0,0,1,0,0,0,0,0,0,0,0,1,1,1
11713,2296,2186,448,466,1985,0.0,0,5.4,0.0,0,0,0,1,0,0,0,0,0,0,0,0,1,1,1
11723,2296,2185,450,465,1984,0.0,0,14.0,0.0,0,0,0,1,0,0,0,0,0,0,0,0,1,1,1
11733,2295,2186,450,465,1984,0.0,0,22.4,0.0,0,0,0,1,0,0,0,0,0,0,0,0,1,1,1
11743,2295,2185,448,464,1985,0.0,0,30.5,0.0,0,0,0,1,0,0,0,0,0,0,0,0,1,1,1
11753,2296,2185,449,464,1984,0.0,0,38.6,0.0,0,0,0,1,0,0,0,0,0,0,0,0,1,1,1
11763,2296,2186,449,466,1987,0.0,0,38.6,0.0,0,0,0,1,0,0,0,0,0,0,0,0,1,1,1
11773,2295,2185,449,465,1983,0.0,0,46.6,0.0,0,0,0,1,0,0,0,0,0,0,0,0,1,1,1
11783,2295,2186,451,463,1985,0.0,0,54.2,0.0,0,0,0,1,0,0,0,0,0,0,0,0,1,1,1
11793,2295,2185,450,466,1986,0.0,0,61.8,0.0,0,0,0,1,0,0,0,0,0,0,0,0,1,1,1
11803,2295,2186,449,464,1985,0.0,0,68.7,0.0,0,0,0,1,0,0,0,0,0,0,0,0,1,1,1
11813,2296,2185,452,465,1983,0.0,0,75.6,0.0,0,0,0,1,0,0,0,0,0,0,0,0,1,1,1
11823,2297,2185,448,466,1985,0.0,0,75.6,0.0,0,0,0,1,0,0,0,0,0,0,0,0,1,1,1
11833,2296,2185,449,466,1985,0.0,0,82.3,0.0,0,0,0,1,0,0,0,0,0,0,0,0,1,1,1
11843,2296,2185,448,465,1984,0.0,0,88.8,0.0,0,0,0,1,0,0,0,0,0,0,0,0,1,1,1
11853,2296,2185,450,465,1984,0.0,0,95.1,0.0,0,0,0,1,0,0,0,0,0,0,0,0,1,1,1
11863,2296,2185,446,464,1983,0.0,0,101.3,0.0,0,0,0,1,0,0,0,0,0,0,0,0,1,1,1
11873,2298,2186,449,464,1984,0.0,0,107.3,0.0,0,0,0,1,0,0,0,0,0,0,0,0,1,1,1
11883,2297,2186,450,465,1985,0.0,0,107.3,0.0,0,0,0,1,0,0,0,0,0,0,0,0,1,1,1
11893,2296,2186,450,465,1985,0.0,0,113.6,0.0,0,0,0,1,0,0,0,0,0,0,0,0,1,1,1
11903,2295,2185,450,465,1985,0.0,0,119.1,0.0,0,0,0,1,0,0,0,0,0,0,0,0,1,1,1
11913,2296,2186,450,466,1984,0.0,0,124.7,0.0,0,0,0,1,0,0,0,0,0,0,0,0,1,1,1
11923,2295,2188,447,465,1983,0.0,0,130.5,0.0,0,0,0,1,0,0,0,0,0,0,0,0,1,1,1
11933,2295,2186,448,466,1984,0.0,0,136.2,0.0,0,0,0,1,0,0,0,0,0,0,0,0,1,1,1
11943,2295,2185,450,465,1982,0.0,0,136.2,0.0,0,0,0,1,0,0,0,0,0,0,0,0,1,1,1
11953,2293,2186,449,465,1985,0.0,0,141.5,0.0,0,0,0,1,0,0,0,0,0,0,0,0,1,1,1
11963,2295,2185,450,465,1983,0.0,0,146.8,0.0,0,0,0,1,0,0,0,0,0,0,0,0,1,1,1
11973,2296,2185,449,464,1986,0.0,0,151.6,0.0,0,0,0,1,0,0,0,0,0,0,0,0,1,1,1
11983,2296,2185,449,465,1984,0.0,0,156.7,0.0,0,0,0,1,0,0,0,0,0,0,0,0,1,1,1
11993,2299,2185,449,465,1984,0.0,0,161.4,0.0,0,0,0,1,0,0,0,0,0,0,0,0,1,1,1
12003,2296,2186,449,464,1984,0.0,0,161.4,0.0,0,0,0,1,0,0,0,0,0,0,0,0,1,1,1
12013,2296,2186,450,466,1984,0.0,0,166.2,0.0,0,0,0,1,0,0,0,0,0,0,0,0,1,1,1
12023,2295,2189,449,465,1982,0.0,0,170.8,0.0,0,0,0,1,0,0,0,0,0,0,0,0,1,1,1
12033,2296,2185,448,462,1983,0.0,0,175.2,0.0,0,0,0,1,0,0,0,0,0,0,0,0,1,1,1
12043,2295,2186,449,465,1983,0.0,0,180.0,0.0,0,0,0,1,0,0,0,0,0,0,0,0,1,1,1
12053,2297,2185,448,465,1983,0.0,0,184.5,0.0,0,0,0,1,0,0,0,0,0,0,0,0,1,1,1
12063,2294,2186,450,465,1980,0.0,0,184.5,0.0,0,0,0,1,0,0,0,0,0,0,0,0,1,1,1
12073,2295,2186,449,466,1981,0.0,0,188.3,0.0,0,0,0,1,0,0,0,0,0,0,0,0,1,1,1
12083,2295,2185,450,465,1980,0.0,0,192.5,0.0,0,0,0,1,0,0,0,0,0,0,0,0,1,1,1
12093,2296,2185,450,466,1980,0.0,0,196.4,0.0,0,0,0,1,0,0,0,0,0,0,0,0,1,1,1
12103,2296,2185,450,466,1980,0.0,0,200.7,0.0,0,0,0,1,0,0,0,0,0,0,0,0,1,1,1
12113,2296,2185,450,466,1980,0.0,0,204.6,0.0,0,0,0,1,0,0,0,0,0,0,0,0,1,1,1
12123,2295,2186,449,465,1982,0.0,0,204.6,0.0,0,0,0,1,0,0,0,0,0,0,0,0,1,1,1
12133,2296,2185,446,465,1979,0.0,0,208.4,0.0,0,0,0,1,0,0,0,0,0,0,0,0,1,1,1
12143,2295,2185,449,465,1980,0.0,0,211.6,0.0,0,0,0,1,0,0,0,0,0,0,0,0,1,1,1
12153,2296,2186,450,465,1980,0.0,0,214.8,0.0,0,0,0,1,0,0,0,0,0,0,0,0,1,1,1
12163,2295,2186,450,466,1980,0.0,0,218.8,0.0,0,0,0,1,0,0,0,0,0,0,0,0,1,1,1
12173,2296,2185,449,465,1980,0.0,0,222.7,0.0,0,0,0,1,0,0,0,0,0,0,0,0,1,1,1
12183,2296,2186,450,465,1980,0.0,0,222.7,0.0,0,0,0,1,0,0,0,0,0,0,0,0,1,1,1
12193,2296,2188,449,465,1984,0.0,0,226.3,0.0,0,0,0,1,0,0,0,0,0,0,0,0,1,1,1
12203,2298,2188,450,464,1982,0.0,0,230.0,0.0,0,0,0,1,0,0,0,0,0,0,0,0,1,1,1
12213,2301,2186,448,466,1985,0.0,0,233.3,0.0,0,0,0,1,0,0,0,0,0,0,0,0,1,1,1
12223,2295,2185,450,464,1982,0.0,0,237.1,0.0,0,0,0,1,0,0,0,0,0,0,0,0,1,1,1
12233,2297,2185,447,464,1981,0.0,0,240.2,0.0,0,0,0,1,0,0,0,0,0,0,0,0,1,1,1
12243,2296,2185,450,465,1983,0.0,0,240.2,0.0,0,0,0,1,0,0,0,0,0,0,0,0,1,1,1
12253,2295,2186,450,466,1982,0.0,0,243.5,0.0,0,0,0,1,0,0,0,0,0,0,0,0,1,1,1
12263,2295,2186,449,465,1981,0.0,0,246.7,0.0,0,0,0,1,0,0,0,0,0,0,0,0,1,1,1
12273,2295,2185,450,465,1985,0.0,0,250.4,0.0,0,0,0,1,0,0,0,0,0,0,0,0,1,1,1
12283,2296,2186,449,466,1981,0.0,0,253.3,0.0,0,0,0,1,0,0,0,0,0,0,0,0,1,1,1
12293,2296,2185,448,465,1982,0.0,0,256.2,0.0,0,0,0,1,0,0,0,0,0,0,0,0,1,1,1
12303,2295,2185,450,466,1983,0.0,0,256.2,0.0,0,0,0,1,0,0,0,0,0,0,0,0,1,1,1
12313,2296,2185,449,464,1980,0.0,0,259.2,0.0,0,0,0,1,0,0,0,0,0,0,0,0,1,1,1
12323,2295,2185,447,466,1981,0.0,0,262.4,0.0,0,0,0,1,0,0,0,0,0,0,0,0,1,1,1
12333,2295,2185,449,465,1980,0.0,0,264.6,0.0,0,0,0,1,0,0,0,0,0,0,0,0,1,1,1
12343,2295,2185,449,464,1980,0.0,0,267.8,0.0,0,0,0,1,0,0,0,0,0,0,0,0,1,1,1
12353,2296,2185,448,463,1979,0.0,0,270.3,0.0,0,0,0,1,0,0,0,0,0,0,0,0,1,1,1
12363,2294,2185,448,465,1979,0.0,0,270.3,0.0,0,0,0,1,0,0,0,0,0,0,0,0,1,1,1
12373,2295,2185,450,466,1980,0.0,0,272.9,0.0,0,0,0,1,0,0,0,0,0,0,0,0,1,1,1
12383,2296,2185,449,464,1979,0.0,0,275.6,0.0,0,0,0,1,0,0,0,0,0,0,0,0,1,1,1
12393,2295,2185,449,466,1979,0.0,0,278.1,0.0,0,0,0,1,0,0,0,0,0,0,0,0,1,1,1
12403,2296,2186,449,465,1980,0.0,0,280.5,0.0,0,0,0,1,0,0,0,0,0,0,0,0,1,1,1
12413,2295,2185,449,464,1979,0.0,0,283.4,0.0,0,0,0,1,0,0,0,0,0,0,0,0,1,1,1
12423,2295,2186,451,466,1979,0.0,0,283.4,0.0,0,0,0,1,0,0,0,0,0,0,0,0,1,1,1
12433,2295,2186,450,466,1979,0.0,0,285.4,0.0,0,0,0,1,0,0,0,0,0,0,0,0,1,1,1
12443,2295,2186,450,464,1979,0.0,0,287.8,0.0,0,0,0,1,0,0,0,0,0,0,0,0,1,1,1
12453,2295,2186,450,466,1979,0.0,0,289.8,0.0,0,0,0,1,0,0,0,0,0,0,0,0,1,1,1
12463,2295,2185,449,466,1979,0.0,0,292.0,0.0,0,0,0,1,0,0,0,0,0,0,0,0,1,1,1
12473,2296,2186,449,465,1979,0.0,0,294.2,0.0,0,0,0,1,0,0,0,0,0,0,0,0,1,1,1
12483,2296,2186,450,465,1978,0.0,0,294.2,0.0,0,0,0,1,0,0,0,0,0,0,0,0,1,1,1
12493,2296,2186,448,465,1979,0.0,0,296.3,0.0,0,0,0,1,0,0,0,0,0,0,0,0,1,1,1
12503,2296,2185,451,465,1981,0.0,0,298.3,0.0,0,0,0,1,0,0,0,0,0,0,0,0,1,1,1
12513,2296,2186,450,466,1981,0.0,0,300.9,0.0,0,0,0,1,0,0,0,0,0,0,0,0,1,1,1
12523,2295,2186,450,465,1980,0.0,0,302.7,0.0,0,0,0,1,0,0,0,0,0,0,0,0,1,1,1
12533,2297,2185,450,464,1983,0.0,0,304.7,0.0,0,0,0,1,0,0,0,0,0,0,0,0,1,1,1
12543,2295,2185,450,464,1981,0.0,0,304.7,0.0,0,0,0,1,0,0,0,0,0,0,0,0,1,1,1
12553,2295,2186,451,465,1980,0.0,0,306.6,0.0,0,0,0,1,0,0,0,0,0,0,0,0,1,1,1
12563,2295,2185,448,465,1981,0.0,0,308.1,0.0,0,0,0,1,0,0,0,0,0,0,0,0,1,1,1
12573,2296,2186,448,465,1980,0.0,0,309.7,0.0,0,0,0,1,0,0,0,0,0,0,0,0,1,1,1
12583,2296,2186,447,467,1980,0.0,0,312.1,0.0,0,0,0,1,0,0,0,0,0,0,0,0,1,1,1
12593,2297,2185,448,465,1980,0.0,0,313.5,0.0,0,0,0,1,0,0,0,0,0,0,0,0,1,1,1
12603,2296,2186,449,465,1980,0.0,0,313.5,0.0,0,0,0,1,0,0,0,0,0,0,0,0,1,1,1
12613,2295,2186,450,465,1980,0.0,0,315.6,0.0,0,0,0,1,0,0,0,0,0,0,0,0,1,1,1
12623,2299,2185,448,465,1981,0.0,0,317.4,0.0,0,0,0,1,0,0,0,0,0,0,0,0,1,1,1
12633,2296,2186,448,465,1981,0.0,0,318.6,0.0,0,0,0,1,0,0,0,0,0,0,0,0,1,1,1
12643,2296,2186,449,465,1980,0.0,0,319.7,0.0,0,0,0,1,0,0,0,0,0,0,0,0,1,1,1
12653,2296,2185,449,467,1980,0.0,0,321.9,0.0,0,0,0,1,0,0,0,0,0,0,0,0,1,1,1
12663,2295,2186,450,466,1979,0.0,0,321.9,0.0,0,0,0,1,0,0,0,0,0,0,0,0,1,1,1
12673,2296,2186,449,465,1979,0.0,0,322.9,0.0,0,0,0,1,0,0,0,0,0,0,0,0,1,1,1
12683,2295,2184,450,466,1981,0.0,0,324.5,0.0,0,0,0,1,0,0,0,0,0,0,0,0,1,1,1
12693,2296,2186,450,465,1978,0.0,0,326.1,0.0,0,0,0,1,0,0,0,0,0,0,0,0,1,1,1
12703,2296,2186,452,465,1981,0.0,0,327.7,0.0,0,0,0,1,0,0,0,0,0,0,0,0,1,1,1
12713,2297,2186,449,465,1977,0.0,0,329.3,0.0,0,0,0,1,0,0,0,0,0,0,0,0,1,1,1
12723,2296,2185,450,464,1978,0.0,0,329.3,0.0,0,0,0,1,0,0,0,0,0,0,0,0,1,1,1
12733,2296,2186,449,465,1981,0.0,0,330.4,0.0,0,0,0,1,0,0,0,0,0,0,0,0,1,1,1
12743,2296,2186,449,467,1978,0.0,0,331.3,0.0,0,0,0,1,0,0,0,0,0,0,0,0,1,1,1
12753,2294,2186,450,465,1978,0.0,0,332.8,0.0,0,0,0,1,0,0,0,0,0,0,0,0,1,1,1
12763,2295,2185,450,465,1978,0.0,0,333.9,0.0,0,0,0,1,0,0,0,0,0,0,0,0,1,1,1
12773,2296,2186,448,464,1978,0.0,0,335.4,0.0,0,0,0,1,0,0,0,0,0,0,0,0,1,1,1
12783,2295,2186,450,465,1978,0.0,0,335.4,0.0,0,0,0,1,0,0,0,0,0,0,0,0,1,1,1
12793,2296,2183,448,466,1978,0.0,0,336.1,0.0,0,0,0,1,0,0,0,0,0,0,0,0,1,1,1
12803,2295,2186,448,466,1979,0.0,0,337.3,0.0,0,0,0,1,0,0,0,0,0,0,0,0,1,1,1
12813,2296,2184,449,466,1979,0.0,0,338.6,0.0,0,0,0,1,0,0,0,0,0,0,0,0,1,1,1
12823,2296,2186,450,465,1980,0.0,0,339.6,0.0,0,0,0,1,0,0,0,0,0,0,0,0,1,1,1
12833,2296,2185,449,464,1980,0.0,0,340.6,0.0,0,0,0,1,0,0,0,0,0,0,0,0,1,1,1
12843,2295,2186,450,464,1980,0.0,0,340.6,0.0,0,0,0,1,0,0,0,0,0,0,0,0,1,1,1
12853,2296,2186,450,464,1979,0.0,0,341.8,0.0,0,0,0,1,0,0,0,0,0,0,0,0,1,1,1
12863,2295,2186,445,466,1980,0.0,0,342.6,0.0,0,0,0,1,0,0,0,0,0,0,0,0,1,1,1
12873,2296,2184,450,465,1980,0.0,0,344.3,0.0,0,0,0,1,0,0,0,0,0,0,0,0,1,1,1
12883,2295,2186,449,466,1983,0.0,0,345.5,0.0,0,0,0,1,0,0,0,0,0,0,0,0,1,1,1
12893,2295,2186,449,464,1980,0.0,0,346.0,0.0,0,0,0,1,0,0,0,0,0,0,0,0,1,1,1
12903,2296,2186,450,465,1979,0.0,0,346.0,0.0,0,0,0,1,0,0,0,0,0,0,0,0,1,1,1
12913,2296,2186,448,464,1977,0.0,0,346.9,0.0,0,0,0,1,0,0,0,0,0,0,0,0,1,1,1
12923,2296,2186,451,466,1980,0.0,0,348.4,0.0,0,0,0,1,0,0,0,0,0,0,0,0,1,1,1
12933,2295,2186,450,465,1982,0.0,0,348.9,0.0,0,0,0,1,0,0,0,0,0,0,0,0,1,1,1
12943,2296,2185,449,465,1980,0.0,0,349.7,0.0,0,0,0,1,0,0,0,0,0,0,0,0,1,1,1
12953,2297,2185,448,464,1982,0.0,0,350.1,0.0,0,0,0,1,0,0,0,0,0,0,0,0,1,1,1
12963,2295,2186,449,466,1978,0.0,0,350.1,0.0,0,0,0,1,0,0,0,0,0,0,0,0,1,1,1
12973,2296,2185,449,466,1978,0.0,0,351.4,0.0,0,0,0,1,0,0,0,0,0,0,0,0,1,1,1
12983,2298,2186,449,466,1978,0.0,0,352.4,0.0,0,0,0,1,0,0,0,0,0,0,0,0,1,1,1
12993,2295,2186,450,466,1977,0.0,0,353.4,0.0,0,0,0,1,0,0,0,0,0,0,0,0,1,1,1
13003,2296,2186,450,465,1978,0.0,0,353.8,0.0,0,0,0,1,0,0,0,0,0,0,0,0,1,1,1
13013,2295,2185,449,463,1978,0.0,0,354.9,0.0,0,0,0,1,0,0,0,0,0,0,0,0,1,1,1
13023,2295,2184,450,467,1977,0.0,0,354.9,0.0,0,0,0,1,0,0,0,0,0,0,0,0,1,1,1
13033,2292,2186,449,465,1978,0.0,0,355.6,0.0,0,0,0,1,0,0,0,0,0,0,0,0,1,1,1
13043,2296,2183,448,464,1978,0.0,0,356.2,0.0,0,0,0,1,0,0,0,0,0,0,0,0,1,1,1
13053,2295,2185,450,465,1979,0.0,0,356.7,0.0,0,0,0,1,0,0,0,0,0,0,0,0,1,1,1
13063,2296,2186,450,464,1978,0.0,0,357.9,0.0,0,0,0,1,0,0,0,0,0,0,0,0,1,1,1
13073,2295,2185,449,464,1978,0.0,0,358.2,0.0,0,0,0,1,0,0,0,0,0,0,0,0,1,1,1
13083,2296,2186,449,464,1978,0.0,0,358.2,0.0,0,0,0,1,0,0,0,0,0,0,0,0,1,1,1
13093,2295,2186,449,465,1978,0.0,0,359.6,0.0,0,0,0,1,0,0,0,0,0,0,0,0,1,1,1
13103,2295,2186,448,465,1980,0.0,0,359.6,0.0,0,0,0,1,0,0,0,0,0,0,0,0,1,1,1
13113,2295,2186,450,466,1980,0.0,0,360.2,0.0,0,0,0,1,0,0,0,0,0,0,0,0,1,1,1
13123,2295,2186,444,465,1980,0.0,0,361.0,0.0,0,0,0,1,0,0,0,0,0,0,0,0,1,1,1
13133,2297,2186,450,465,1979,0.0,0,361.8,0.0,0,0,0,1,0,0,0,0,0,0,0,0,1,1,1
13143,2296,2185,447,462,1980,0.0,0,361.8,0.0,0,0,0,1,0,0,0,0,0,0,0,0,1,1,1
13153,2296,2186,448,465,1983,0.0,0,361.8,0.0,0,0,0,1,0,0,0,0,0,0,0,0,1,1,1
13163,2296,2186,449,465,1980,0.0,0,362.6,0.0,0,0,0,1,0,0,0,0,0,0,0,0,1,1,1
13173,2295,2186,449,464,1979,0.0,0,363.5,0.0,0,0,0,1,0,0,0,0,0,0,0,0,1,1,1
13183,2296,2186,448,466,1980,0.0,0,364.2,0.0,0,0,0,1,0,0,0,0,0,0,0,0,1,1,1
13193,2295,2186,450,465,1980,0.0,0,364.7,0.0,0,0,0,1,0,0,0,0,0,0,0,0,1,1,1
13203,2296,2186,450,466,1980,0.0,0,365.1,0.0,0,0,0,1,0,0,0,0,0,0,0,0,1,1,1
13213,2296,2185,450,465,1979,0.0,0,365.1,0.0,0,0,0,1,0,0,0,0,0,0,0,0,1,1,1
13223,2295,2186,447,467,1980,0.0,0,365.3,0.0,0,0,0,1,0,0,0,0,0,0,0,0,1,1,1
13233,2296,2186,449,466,1980,0.0,0,366.1,0.0,0,0,0,1,0,0,0,0,0,0,0,0,1,1,1
13243,2295,2186,449,465,1981,0.0,0,366.5,0.0,0,0,0,1,0,0,0,0,0,0,0,0,1,1,1
13253,2296,2186,450,465,1979,0.0,0,366.8,0.0,0,0,0,1,0,0,0,0,0,0,0,0,1,1,1
13263,2296,2186,449,465,1980,0.0,0,367.8,0.0,0,0,0,1,0,0,0,0,0,0,0,0,1,1,1
13273,2296,2186,450,466,1978,0.0,0,367.8,0.0,0,0,0,1,0,0,0,0,0,0,0,0,1,1,1
13283,2294,2186,452,465,1977,0.0,0,368.0,0.0,0,0,0,1,0,0,0,0,0,0,0,0,1,1,1
13293,2296,2185,450,465,1978,0.0,0,368.4,0.0,0,0,0,1,0,0,0,0,0,0,0,0,1,1,1
13303,2295,2186,450,465,1977,0.0,0,368.9,0.0,0,0,0,1,0,0,0,0,0,0,0,0,1,1,1
13313,2295,2185,448,464,1977,0.0,0,369.4,0.0,0,0,0,1,0,0,0,0,0,0,0,0,1,1,1
13323,2296,2185,450,465,1979,0.0,0,369.8,0.0,0,0,0,1,0,0,0,0,0,0,0,0,1,1,1
13333,2295,2185,450,466,1979,0.0,0,369.6,0.0,0,0,0,1,0,0,0,0,0,0,0,0,1,1,1
13343,2294,2185,449,465,1977,0.0,0,370.2,0.0,0,0,0,1,0,0,0,0,0,0,0,0,1,1,1
13353,2296,2185,450,465,1977,0.0,0,370.2,0.0,0,0,0,1,0,0,0,0,0,0,0,0,1,1,1
13363,2295,2185,450,465,1977,0.0,0,370.8,0.0,0,0,0,1,0,0,0,0,0,0,0,0,1,1,1
13373,2299,2185,449,466,1977,0.0,0,371.3,0.0,0,0,0,1,0,0,0,0,0,0,0,0,1,1,1
13383,2298,2184,450,465,1978,0.0,0,371.4,0.0,0,0,0,1,0,0,0,0,0,0,0,0,1,1,1
13393,2295,2186,449,466,1976,0.0,0,371.9,0.0,0,0,0,1,0,0,0,0,0,0,0,0,1,1,1
13403,2293,2185,447,465,1979,0.0,0,372.5,0.0,0,0,0,1,0,0,0,0,0,0,0,0,1,1,1
13413,2295,2186,450,464,1979,0.0,0,372.5,0.0,0,0,0,1,0,0,0,0,0,0,0,0,1,1,1
13423,2296,2188,449,463,1979,0.0,0,372.4,0.0,0,0,0,1,0,0,0,0,0,0,0,0,1,1,1
13433,2295,2186,449,466,1979,0.0,0,372.8,0.0,0,0,0,1,0,0,0,0,0,0,0,0,1,1,1
13443,2296,2187,451,465,1978,0.0,0,373.6,0.0,0,0,0,1,0,0,0,0,0,0,0,0,1,1,1
13453,2295,2183,451,465,1980,0.0,0,373.2,0.0,0,0,0,1,0,0,0,0,0,0,0,0,1,1,1
13463,2295,2186,449,466,1979,0.0,0,374.0,0.0,0,0,0,1,0,0,0,0,0,0,0,0,1,1,1
13473,2294,2186,451,464,1980,0.0,0,374.0,0.0,0,0,0,1,0,0,0,0,0,0,0,0,1,1,1
13483,2296,2186,450,464,1979,0.0,0,374.6,0.0,0,0,0,1,0,0,0,0,0,0,0,0,1,1,1
13493,2296,2189,448,465,1979,0.0,0,374.8,0.0,0,0,0,1,0,0,0,0,0,0,0,0,1,1,1
13503,2295,2185,450,466,1979,0.0,0,375.1,0.0,0,0,0,1,0,0,0,0,0,0,0,0,1,1,1
13513,2295,2186,449,465,1982,0.0,0,375.7,0.0,0,0,0,1,0,0,0,0,0,0,0,0,1,1,1
13523,2295,2186,447,464,1979,0.0,0,375.9,0.0,0,0,0,1,0,0,0,0,0,0,0,0,1,1,1
13533,2296,2186,449,465,1979,0.0,0,375.9,0.0,0,0,0,1,0,0,0,0,0,0,0,0,1,1,1
13543,2296,2186,449,464,1979,0.0,0,376.0,0.0,0,0,0,1,0,0,0,0,0,0,0,0,1,1,1
13553,2295,2186,448,465,1977,0.0,0,375.9,0.0,0,0,0,1,0,0,0,0,0,0,0,0,1,1,1
13563,2296,2185,449,463,1979,0.0,0,376.4,0.0,0,0,0,1,0,0,0,0,0,0,0,0,1,1,1
13574,2295,2186,448,465,1980,0.0,0,376.4,0.0,0,0,0,1,0,0,0,0,0,0,0,0,1,1,1
13584,2296,2186,449,466,1977,0.0,0,377.0,0.0,0,0,0,1,0,0,0,0,0,0,0,0,1,1,1
13594,2299,2191,449,464,1977,0.0,0,377.5,0.0,0,0,0,1,0,0,0,0,0,0,0,0,1,1,1
13604,2295,2183,448,465,1977,0.0,0,377.5,0.0,0,0,0,1,0,0,0,0,0,0,0,0,1,1,1
13614,2296,2189,449,466,1977,0.0,0,377.4,0.0,0,0,0,1,0,0,0,0,0,0,0,0,1,1,1
13624,2296,2186,450,466,1979,0.0,0,378.0,0.0,0,0,0,1,0,0,0,0,0,0,0,0,1,1,1
13634,2295,2186,447,464,1977,0.0,0,378.1,0.0,0,0,0,1,0,0,0,0,0,0,0,0,1,1,1
13644,2295,2186,449,465,1978,0.0,0,378.1,0.0,0,0,0,1,0,0,0,0,0,0,0,0,1,1,1
13654,2294,2186,442,465,1977,0.0,0,378.1,0.0,0,0,0,1,0,0,0,0,0,0,0,0,1,1,1
13664,2295,2186,448,465,1978,0.0,0,378.1,0.0,0,0,0,1,0,0,0,0,0,0,0,0,1,1,1
13674,2296,2186,451,464,1976,0.0,0,378.7,0.0,0,0,0,1,0,0,0,0,0,0,0,0,1,1,1
13684,2294,2185,450,465,1976,0.0,0,378.8,0.0,0,0,0,1,0,0,0,0,0,0,0,0,1,1,1
13694,2294,2186,448,465,1977,0.0,0,379.1,0.0,0,0,0,1,0,0,0,0,0,0,0,0,1,1,1
13704,2295,2186,449,464,1977,0.0,0,379.6,0.0,0,0,0,1,0,0,0,0,0,0,0,0,1,1,1
13714,2296,2187,449,465,1979,0.0,0,379.6,0.0,0,0,0,1,0,0,0,0,0,0,0,0,1,1,1
13724,2296,2186,449,465,1979,0.0,0,380.0,0.0,0,0,0,1,0,0,0,0,0,0,0,0,1,1,1
13734,2295,2184,449,466,1977,0.0,0,379.3,0.0,0,0,0,1,0,0,0,0,0,0,0,0,1,1,1
13744,2296,2186,449,466,1979,0.0,0,380.9,0.0,0,0,0,1,0,0,0,0,0,0,0,0,1,1,1
13754,2296,2186,449,464,1979,0.0,0,380.0,0.0,0,0,0,1,0,0,0,0,0,0,0,0,1,1,1
13764,2296,2186,451,463,1979,0.0,0,380.7,0.0,0,0,0,1,0,0,0,0,0,0,0,0,1,1,1
13774,2295,2186,450,466,1979,0.0,0,380.7,0.0,0,0,0,1,0,0,0,0,0,0,0,0,1,1,1
13784,2295,2187,449,468,1978,0.0,0,380.7,0.0,0,0,0,1,0,0,0,0,0,0,0,0,1,1,1
13794,2295,2185,449,462,1979,0.0,0,380.8,0.0,0,0,0,1,0,0,0,0,0,0,0,0,1,1,1
13804,2296,2186,449,464,1978,0.0,0,380.8,0.0,0,0,0,1,0,0,0,0,0,0,0,0,1,1,1
13814,2296,2183,450,464,1979,0.0,0,381.2,0.0,0,0,0,1,0,0,0,0,0,0,0,0,1,1,1
13824,2296,2186,450,465,1979,0.0,0,381.2,0.0,0,0,0,1,0,0,0,0,0,0,0,0,1,1,1
13834,2296,2187,450,466,1979,0.0,0,381.2,0.0,0,0,0,1,0,0,0,0,0,0,0,0,1,1,1
13844,2296,2184,450,465,1979,0.0,0,382.1,0.0,0,0,0,1,0,0,0,0,0,0,0,0,1,1,1
13854,2296,2186,451,465,1979,0.0,0,381.2,0.0,0,0,0,1,0,0,0,0,0,0,0,0,1,1,1
13864,2294,2186,450,465,1979,0.0,0,381.4,0.0,0,0,0,1,0,0,0,0,0,0,0,0,1,1,1
13874,2296,2185,448,464,1979,0.0,0,381.6,0.0,0,0,0,1,0,0,0,0,0,0,0,0,1,1,1
13884,2296,2186,449,465,1977,0.0,0,381.7,0.0,0,0,0,1,0,0,0,0,0,0,0,0,1,1,1
13894,2296,2186,451,464,1976,0.0,0,381.8,0.0,0,0,0,1,0,0,0,0,0,0,0,0,1,1,1
13904,2296,2186,450,465,1977,0.0,0,381.8,0.0,0,0,0,1,0,0,0,0,0,0,0,0,1,1,1
13914,2296,2185,450,464,1977,0.0,0,382.6,0.0,0,0,0,1,0,0,0,0,0,0,0,0,1,1,1
13924,2295,2186,453,464,1978,0.0,0,382.4,0.0,0,0,0,1,0,0,0,0,0,0,0,0,1,1,1
13934,2296,2186,449,465,1977,0.0,0,382.9,0.0,0,0,0,1,0,0,0,0,0,0,0,0,1,1,1
13944,2295,2185,450,465,1977,0.0,0,383.1,0.0,0,0,0,1,0,0,0,0,0,0,0,0,1,1,1
13954,2316,2186,450,464,1981,0.0,0,383.1,0.0,0,0,0,1,0,0,0,0,0,0,0,0,1,1,1
13964,2295,2185,449,465,1978,0.0,0,382.6,0.0,0,0,0,1,0,0,0,0,0,0,0,0,1,1,1
13974,2295,2186,450,465,1977,0.0,0,382.9,0.0,0,0,0,1,0,0,0,0,0,0,0,0,1,1,1
13984,2295,2186,450,465,1978,0.0,0,383.1,0.0,0,0,0,1,0,0,0,0,0,0,0,0,1,1,1
13994,2295,2185,450,464,1977,0.0,0,383.1,0.0,0,0,0,1,0,0,0,0,0,0,0,0,1,1,1
14004,2296,2186,450,465,1978,0.0,0,382.7,0.0,0,0,0,1,0,0,0,0,0,0,0,0,1,1,1
14014,2295,2186,449,466,1979,0.0,0,382.7,0.0,0,0,0,1,0,0,0,0,0,0,0,0,1,1,1
14024,2295,2185,449,465,1979,0.0,0,383.6,0.0,0,0,0,1,0,0,0,0,0,0,0,0,1,1,1
14034,2295,2186,449,464,1979,0.0,0,383.9,0.0,0,0,0,1,0,0,0,0,0,0,0,0,1,1,1
14044,2295,2186,451,465,1979,0.0,0,383.9,0.0,0,0,0,1,0,0,0,0,0,0,0,0,1,1,1
14054,2295,2186,451,468,1979,0.0,0,384.0,0.0,0,0,0,1,0,0,0,0,0,0,0,0,1,1,1
14064,2296,2186,449,467,1980,0.0,0,384.4,0.0,0,0,0,1,0,0,0,0,0,0,0,0,1,1,1
14074,2292,2186,449,464,1979,0.0,0,384.4,0.0,0,0,0,1,0,0,0,0,0,0,0,0,1,1,1
14084,2295,2186,450,465,1977,0.0,0,384.4,0.0,0,0,0,1,0,0,0,0,0,0,0,0,1,1,1
14094,2295,2185,446,466,1979,0.0,0,384.3,0.0,0,0,0,1,0,0,0,0,0,0,0,0,1,1,1
14104,2295,2185,450,465,1979,0.0,0,384.4,0.0,0,0,0,1,0,0,0,0,0,0,0,0,1,1,1
14114,2295,2186,450,465,1979,0.0,0,384.3,0.0,0,0,0,1,0,0,0,0,0,0,0,0,1,1,1
14124,2296,2186,449,462,1979,0.0,0,384.8,0.0,0,0,0,1,0,0,0,0,0,0,0,0,1,1,1
14134,2299,2186,449,465,1979,0.0,0,384.8,0.0,0,0,0,1,0,0,0,0,0,0,0,0,1,1,1
14144,2296,2186,450,464,1979,0.0,0,384.8,0.0,0,0,0,1,0,0,0,0,0,0,0,0,1,1,1
14154,2296,2186,449,466,1979,0.0,0,384.8,0.0,0,0,0,1,0,0,0,0,0,0,0,0,1,1,1
14164,2295,2186,449,466,1979,0.0,0,385.0,0.0,0,0,0,1,0,0,0,0,0,0,0,0,1,1,1
14174,2295,2186,449,465,1979,0.0,0,385.1,0.0,0,0,0,1,0,0,0,0,0,0,0,0,1,1,1
14184,2295,2186,449,465,1977,0.0,0,385.2,0.0,0,0,0,1,0,0,0,0,0,0,0,0,1,1,1
14194,2295,2186,449,464,1977,0.0,0,385.3,0.0,0,0,0,1,0,0,0,0,0,0,0,0,1,1,1
14204,2297,2186,451,465,1977,0.0,0,385.3,0.0,0,0,0,1,0,0,0,0,0,0,0,0,1,1,1
14214,2295,2186,450,464,1977,0.0,0,385.2,0.0,0,0,0,1,0,0,0,0,0,0,0,0,1,1,1
14224,2295,2185,449,464,1976,0.0,0,385.2,0.0,0,0,0,1,0,0,0,0,0,0,0,0,1,1,1
14234,2296,2185,449,466,1977,0.0,0,385.4,0.0,0,0,0,1,0,0,0,0,0,0,0,0,1,1,1
14244,2298,2186,450,465,1977,0.0,0,385.3,0.0,0,0,0,1,0,0,0,0,0,0,0,0,1,1,1
14254,2295,2186,450,464,1978,0.0,0,385.3,0.0,0,0,0,1,0,0,0,0,0,0,0,0,1,1,1
14264,2298,2186,451,464,1980,0.0,0,385.4,0.0,0,0,0,1,0,0,0,0,0,0,0,0,1,1,1
14274,2296,2186,449,464,1977,0.0,0,385.7,0.0,0,0,0,1,0,0,0,0,0,0,0,0,1,1,1
14284,2294,2185,451,465,1978,0.0,0,385.6,0.0,0,0,0,1,0,0,0,0,0,0,0,0,1,1,1
14294,2296,2185,450,465,1977,0.0,0,385.7,0.0,0,0,0,1,0,0,0,0,0,0,0,0,1,1,1
14304,2295,2185,448,465,1977,0.0,0,385.7,0.0,0,0,0,1,0,0,0,0,0,0,0,0,1,1,1
14314,2295,2186,448,464,1979,0.0,0,385.7,0.0,0,0,0,1,0,0,0,0,0,0,0,0,1,1,1
14324,2295,2185,448,465,1978,0.0,0,385.7,0.0,0,0,0,1,0,0,0,0,0,0,0,0,1,1,1
14334,2295,2186,449,465,1979,0.0,0,385.9,0.0,0,0,0,1,0,0,0,0,0,0,0,0,1,1,1
14344,2296,2186,452,465,1979,0.0,0,386.3,0.0,0,0,0,1,0,0,0,0,0,0,0,0,1,1,1
14354,2295,2186,449,467,1979,0.0,0,386.0,0.0,0,0,0,1,0,0,0,0,0,0,0,0,1,1,1
14364,2294,2186,448,465,1978,0.0,0,385.6,0.0,0,0,0,1,0,0,0,0,0,0,0,0,1,1,1
14374,2296,2185,449,465,1978,0.0,0,385.6,0.0,0,0,0,1,0,0,0,0,0,0,0,0,1,1,1
14384,2296,2187,449,467,1979,0.0,0,386.1,0.0,0,0,0,1,0,0,0,0,0,0,0,0,1,1,1
14394,2295,2186,450,465,1979,0.0,0,386.0,0.0,0,0,0,1,0,0,0,0,0,0,0,0,1,1,1
14404,2296,2186,451,464,1979,0.0,0,386.1,0.0,0,0,0,1,0,0,0,0,0,0,0,0,1,1,1
14414,2296,2186,448,465,1979,0.0,0,385.7,0.0,0,0,0,1,0,0,0,0,0,0,0,0,1,1,1
14424,2295,2186,449,465,1979,0.0,0,386.1,0.0,0,0,0,1,0,0,0,0,0,0,0,0,1,1,1
14435,2296,2186,454,462,1979,0.0,0,385.9,0.0,0,0,0,1,0,0,0,0,0,0,0,0,1,1,1
14445,2294,2186,448,466,1980,0.0,0,385.9,0.0,0,0,0,1,0,0,0,0,0,0,0,0,1,1,1
14455,2296,2185,451,466,1980,0.0,0,387.0,0.0,0,0,0,1,0,0,0,0,0,0,0,0,1,1,1
14465,2295,2186,449,465,1979,0.0,0,386.3,0.0,0,0,0,1,0,0,0,0,0,0,0,0,1,1,1
14475,2296,2183,449,465,1979,0.0,0,387.2,0.0,0,0,0,1,0,0,0,0,0,0,0,0,1,1,1
14485,2295,2186,449,465,1977,0.0,0,386.7,0.0,0,0,0,1,0,0,0,0,0,0,0,0,1,1,1
14495,2296,2187,448,467,1977,0.0,0,386.4,0.0,0,0,0,1,0,0,0,0,0,0,0,0,1,1,1
14505,2296,2186,446,465,1977,0.0,0,386.4,0.0,0,0,0,1,0,0,0,0,0,0,0,0,1,1,1
14515,2295,2186,449,463,1977,0.0,0,386.5,0.0,0,0,0,1,0,0,0,0,0,0,0,0,1,1,1
14525,2295,2186,450,466,1978,0.0,0,387.1,0.0,0,0,0,1,0,0,0,0,0,0,0,0,1,1,1
14535,2296,2186,451,463,1977,0.0,0,386.3,0.0,0,0,0,1,0,0,0,0,0,0,0,0,1,1,1
14545,2296,2187,448,467,1977,0.0,0,386.5,0.0,0,0,0,1,0,0,0,0,0,0,0,0,1,1,1
14555,2295,2185,449,465,1976,0.0,0,386.9,0.0,0,0,0,1,0,0,0,0,0,0,0,0,1,1,1
14565,2294,2186,448,465,1977,0.0,0,386.9,0.0,0,0,0,1,0,0,0,0,0,0,0,0,1,1,1
14575,2295,2189,450,465,1977,0.0,0,387.1,0.0,0,0,0,1,0,0,0,0,0,0,0,0,1,1,1
14585,2295,2187,449,466,1977,0.0,0,386.9,0.0,0,0,0,1,0,0,0,0,0,0,0,0,1,1,1
14595,2298,2186,449,466,1977,0.0,0,386.9,0.0,0,0,0,1,0,0,0,0,0,0,0,0,1,1,1
14605,2295,2186,449,465,1978,0.0,0,386.8,0.0,0,0,0,1,0,0,0,0,0,0,0,0,1,1,1
14615,2296,2186,449,466,1979,0.0,0,386.8,0.0,0,0,0,1,0,0,0,0,0,0,0,0,1,1,1
14625,2296,2186,450,466,1979,0.0,0,386.8,0.0,0,0,0,1,0,0,0,0,0,0,0,0,1,1,1
14635,2296,2186,450,465,1978,0.0,0,387.2,0.0,0,0,0,1,0,0,0,0,0,0,0,0,1,1,1
14645,2294,2186,450,465,1979,0.0,0,387.0,0.0,0,0,0,1,0,0,0,0,0,0,0,0,1,1,1
14655,2296,2186,450,465,1979,0.0,0,387.4,0.0,0,0,0,1,0,0,0,0,0,0,0,0,1,1,1
14665,2295,2186,450,472,1979,0.0,0,387.4,0.0,0,0,0,1,0,0,0,0,0,0,0,0,1,1,1
14675,2297,2186,449,464,1979,0.0,0,387.0,0.0,0,0,0,1,0,0,0,0,0,0,0,0,1,1,1
14685,2296,2186,450,467,1979,0.0,0,387.0,0.0,0,0,0,1,0,0,0,0,0,0,0,0,1,1,1
14695,2295,2186,447,464,1979,0.0,0,387.1,0.0,0,0,0,1,0,0,0,0,0,0,0,0,1,1,1
14705,2295,2186,449,465,1979,0.0,0,387.1,0.0,0,0,0,1,0,0,0,0,0,0,0,0,1,1,1
14715,2296,2186,448,465,1979,0.0,0,387.2,0.0,0,0,0,1,0,0,0,0,0,0,0,0,1,1,1
14725,2295,2186,447,465,1979,0.0,0,387.3,0.0,0,0,0,1,0,0,0,0,0,0,0,0,1,1,1
14735,2297,2186,449,464,1979,0.0,0,387.4,0.0,0,0,0,1,0,0,0,0,0,0,0,0,1,1,1
14745,2294,2186,450,463,1979,0.0,0,387.4,0.0,0,0,0,1,0,0,0,0,0,0,0,0,1,1,1
14755,2295,2186,448,465,1979,0.0,0,387.3,0.0,0,0,0,1,0,0,0,0,0,0,0,0,1,1,1
14765,2296,2186,449,465,1979,0.0,0,386.9,0.0,0,0,0,1,0,0,0,0,0,0,0,0,1,1,1
14775,2295,2186,451,464,1979,0.0,0,387.2,0.0,0,0,0,1,0,0,0,0,0,0,0,0,1,1,1
14785,2296,2187,451,466,1977,0.0,0,387.6,0.0,0,0,0,1,0,0,0,0,0,0,0,0,1,1,1
14795,2295,2187,450,465,1978,0.0,0,387.6,0.0,0,0,0,1,0,0,0,0,0,0,0,0,1,1,1
14805,2295,2186,449,464,1977,0.0,0,387.6,0.0,0,0,0,1,0,0,0,0,0,0,0,0,1,1,1
14815,2295,2186,450,465,1976,0.0,0,387.2,0.0,0,0,0,1,0,0,0,0,0,0,0,0,1,1,1
14825,2295,2186,450,465,1977,0.0,0,387.7,0.0,0,0,0,1,0,0,0,0,0,0,0,0,1,1,1
14835,2294,2186,448,463,1977,0.0,0,387.4,0.0,0,0,0,1,0,0,0,0,0,0,0,0,1,1,1
14845,2296,2186,450,465,1977,0.0,0,387.8,0.0,0,0,0,1,0,0,0,0,0,0,0,0,1,1,1
14855,2297,2186,448,462,1977,0.0,0,387.4,0.0,0,0,0,1,0,0,0,0,0,0,0,0,1,1,1
14865,2296,2184,449,464,1980,0.0,0,387.4,0.0,0,0,0,1,0,0,0,0,0,0,0,0,1,1,1
14875,2296,2185,449,465,1977,0.0,0,387.8,0.0,0,0,0,1,0,0,0,0,0,0,0,0,1,1,1
14885,2295,2187,451,465,1977,0.0,0,387.3,0.0,0,0,0,1,0,0,0,0,0,0,0,0,1,1,1
14896,2295,2186,446,465,1977,0.0,0,387.3,0.0,0,0,0,1,0,0,0,0,0,0,0,0,1,1,1
14906,2296,2186,450,465,1978,0.0,0,387.6,0.0,0,0,0,1,0,0,0,0,0,0,0,0,1,1,1
14916,2295,2185,448,465,1977,0.0,0,387.4,0.0,0,0,0,1,0,0,0,0,0,0,0,0,1,1,1
14926,2295,2186,450,465,1979,0.0,0,387.4,0.0,0,0,0,1,0,0,0,0,0,0,0,0,1,1,1
14936,2296,2185,449,464,1979,0.0,0,387.4,0.0,0,0,0,1,0,0,0,0,0,0,0,0,1,1,1
14946,2295,2187,450,465,1979,0.0,0,387.9,0.0,0,0,0,1,0,0,0,0,0,0,0,0,1,1,1
14956,2296,2186,449,464,1978,0.0,0,387.9,0.0,0,0,0,1,0,0,0,0,0,0,0,0,1,1,1
14966,2296,2186,449,464,1979,0.0,0,387.7,0.0,0,0,0,1,0,0,0,0,0,0,0,0,1,1,1
14976,2297,2186,449,465,1979,0.0,0,387.9,0.0,0,0,0,1,0,0,0,0,0,0,0,0,1,1,1
14986,2296,2186,449,464,1981,0.0,0,387.9,0.0,0,0,0,1,0,0,0,0,0,0,0,0,1,1,1
14996,2295,2185,450,464,1979,0.0,0,387.9,0.0,0,0,0,1,0,0,0,0,0,0,0,0,1,1,1
15006,2295,2185,450,466,1978,0.0,0,387.8,0.0,0,0,0,1,0,0,0,0,0,0,0,0,1,1,1
15016,2295,2186,449,465,1979,0.0,0,387.8,0.0,0,0,0,1,0,0,0,0,0,0,0,0,1,1,1
15026,2296,2187,450,463,1979,0.0,0,387.9,0.0,0,0,0,1,0,0,0,0,0,0,0,0,1,1,1
15036,2295,2186,447,465,1978,0.0,0,387.5,0.0,0,0,0,1,0,0,0,0,0,0,0,0,1,1,1
15046,2295,2186,451,465,1979,0.0,0,387.5,0.0,0,0,0,1,0,0,0,0,0,0,0,0,1,1,1
15056,2296,2187,452,468,1979,0.0,0,387.8,0.0,0,0,0,1,0,0,0,0,0,0,0,0,1,1,1
15066,2295,2186,450,464,1979,0.0,0,387.8,0.0,0,0,0,1,0,0,0,0,0,0,0,0,1,1,1
15076,2295,2186,449,468,1978,0.0,0,387.8,0.0,0,0,0,1,0,0,0,0,0,0,0,0,1,1,1
15086,2296,2186,448,465,1981,0.0,0,387.8,0.0,0,0,0,1,0,0,0,0,0,0,0,0,1,1,1
15096,2295,2186,450,474,1977,0.0,0,387.5,0.0,0,0,0,1,0,0,0,0,0,0,0,0,1,1,1
15107,2297,2186,449,463,1977,0.0,0,387.9,0.0,0,0,0,1,0,0,0,0,0,0,0,0,1,1,1
15117,2295,2186,449,464,1976,0.0,0,387.9,0.0,0,0,0,1,0,0,0,0,0,0,0,0,1,1,1
15127,2295,2186,450,465,1976,0.0,0,387.7,0.0,0,0,0,1,0,0,0,0,0,0,0,0,1,1,1
15137,2296,2186,450,464,1976,0.0,0,388.1,0.0,0,0,0,1,0,0,0,0,0,0,0,0,1,1,1
15147,2295,2186,449,465,1980,0.0,0,387.6,0.0,0,0,0,1,0,0,0,0,0,0,0,0,1,1,1
15157,2295,2186,450,466,1978,0.0,0,387.8,0.0,0,0,0,1,0,0,0,0,0,0,0,0,1,1,1
15167,2295,2186,449,464,1977,0.0,0,388.1,0.0,0,0,0,1,0,0,0,0,0,0,0,0,1,1,1
15177,2295,2186,449,464,1978,0.0,0,388.1,0.0,0,0,0,1,0,0,0,0,0,0,0,0,1,1,1
15187,2296,2183,449,465,1977,0.0,0,387.8,0.0,0,0,0,1,0,0,0,0,0,0,0,0,1,1,1
15197,2296,2186,450,465,1977,0.0,0,388.2,0.0,0,0,0,1,0,0,0,0,0,0,0,0,1,1,1
15207,2295,2185,448,465,1978,0.0,0,388.2,0.0,0,0,0,1,0,0,0,0,0,0,0,0,1,1,1
15217,2296,2186,450,466,1977,0.0,0,387.6,0.0,0,0,0,1,0,0,0,0,0,0,0,0,1,1,1
15227,2295,2186,448,465,1979,0.0,0,388.2,0.0,0,0,0,1,0,0,0,0,0,0,0,0,1,1,1
15237,2295,2187,449,465,1979,0.0,0,388.2,0.0,0,0,0,1,0,0,0,0,0,0,0,0,1,1,1
15247,2295,2187,449,465,1979,0.0,0,387.9,0.0,0,0,0,1,0,0,0,0,0,0,0,0,1,1,1
15257,2296,2186,449,466,1982,0.0,0,387.8,0.0,0,0,0,1,0,0,0,0,0,0,0,0,1,1,1
15267,2296,2186,450,464,1979,0.0,0,388.3,0.0,0,0,0,1,0,0,0,0,0,0,0,0,1,1,1
15277,2296,2186,451,466,1981,0.0,0,388.5,0.0,0,0,0,1,0,0,0,0,0,0,0,0,1,1,1
15287,2295,2185,449,465,1979,0.0,0,387.7,0.0,0,0,0,1,0,0,0,0,0,0,0,0,1,1,1
15297,2295,2186,448,465,1979,0.0,0,387.7,0.0,0,0,0,1,0,0,0,0,0,0,0,0,1,1,1
15307,2295,2185,451,463,1979,0.0,0,388.3,0.0,0,0,0,1,0,0,0,0,0,0,0,0,1,1,1
15317,2295,2186,450,464,1979,0.0,0,388.2,0.0,0,0,0,1,0,0,0,0,0,0,0,0,1,1,1
15327,2294,2186,449,465,1979,0.0,0,388.2,0.0,0,0,0,1,0,0,0,0,0,0,0,0,1,1,1
15337,2295,2185,450,465,1979,0.0,0,388.7,0.0,0,0,0,1,0,0,0,0,0,0,0,0,1,1,1
15347,2296,2185,449,465,1978,0.0,0,387.9,0.0,0,0,0,1,0,0,0,0,0,0,0,0,1,1,1
15357,2295,2186,449,465,1979,0.0,0,387.9,0.0,0,0,0,1,0,0,0,0,0,0,0,0,1,1,1
15367,2296,2185,450,465,1979,0.0,0,387.9,0.0,0,0,0,1,0,0,0,0,0,0,0,0,1,1,1
15377,2295,2186,450,465,1978,0.0,0,388.8,0.0,0,0,0,1,0,0,0,0,0,0,0,0,1,1,1
15387,2294,2186,450,465,1979,0.0,0,388.7,0.0,0,0,0,1,0,0,0,0,0,0,0,0,1,1,1
15397,2296,2186,450,465,1978,0.0,0,388.5,0.0,0,0,0,1,0,0,0,0,0,0,0,0,1,1,1
15407,2296,2185,450,464,1977,0.0,0,387.5,0.0,0,0,0,1,0,0,0,0,0,0,0,0,1,1,1
15417,2295,2183,450,465,1977,0.0,0,387.5,0.0,0,0,0,1,0,0,0,0,0,0,0,0,1,1,1
15427,2295,2187,448,465,1977,0.0,0,388.3,0.0,0,0,0,1,0,0,0,0,0,0,0,0,1,1,1
15437,2298,2186,451,465,1977,0.0,0,388.3,0.0,0,0,0,1,0,0,0,0,0,0,0,0,1,1,1
15447,2296,2186,449,465,1977,0.0,0,388.5,0.0,0,0,0,1,0,0,0,0,0,0,0,0,1,1,1
15457,2296,2186,450,465,1977,0.0,0,388.2,0.0,0,0,0,1,0,0,0,0,0,0,0,0,1,1,1
15467,2297,2186,449,465,1978,0.0,0,388.6,0.0,0,0,0,1,0,0,0,0,0,0,0,0,1,1,1
15477,2296,2186,449,463,1977,0.0,0,388.6,0.0,0,0,0,1,0,0,0,0,0,0,0,0,1,1,1
15487,2298,2186,449,466,1977,0.0,0,387.6,0.0,0,0,0,1,0,0,0,0,0,0,0,0,1,1,1
15497,2295,2185,448,464,1977,0.0,0,388.2,0.0,0,0,0,1,0,0,0,0,0,0,0,0,1,1,1
15507,2296,2186,447,463,1977,0.0,0,388.7,0.0,0,0,0,1,0,0,0,0,0,0,0,0,1,1,1
15517,2295,2187,450,467,1977,0.0,0,388.1,0.0,0,0,0,1,0,0,0,0,0,0,0,0,1,1,1
15527,2295,2185,450,463,1979,0.0,0,388.2,0.0,0,0,0,1,0,0,0,0,0,0,0,0,1,1,1
15537,2295,2186,449,464,1979,0.0,0,388.2,0.0,0,0,0,1,0,0,0,0,0,0,0,0,1,1,1
15547,2295,2186,450,465,1979,0.0,0,388.1,0.0,0,0,0,1,0,0,0,0,0,0,0,0,1,1,1
15557,2295,2186,449,463,1979,0.0,0,388.5,0.0,0,0,0,1,0,0,0,0,0,0,0,0,1,1,1
15567,2295,2186,449,464,1979,0.0,0,388.7,0.0,0,0,0,1,0,0,0,0,0,0,0,0,1,1,1
15577,2296,2183,451,465,1979,0.0,0,388.0,0.0,0,0,0,1,0,0,0,0,0,0,0,0,1,1,1
15587,2294,2187,449,465,1979,0.0,0,388.5,0.0,0,0,0,1,0,0,0,0,0,0,0,0,1,1,1
15597,2296,2186,448,462,1979,0.0,0,388.5,0.0,0,0,0,1,0,0,0,0,0,0,0,0,1,1,1
15607,2296,2186,450,465,1979,0.0,0,388.7,0.0,0,0,0,1,0,0,0,0,0,0,0,0,1,1,1
15617,2295,2187,450,464,1979,0.0,0,388.6,0.0,0,0,0,1,0,0,0,0,0,0,0,0,1,1,1
15627,2295,2185,451,464,1979,0.0,0,388.2,0.0,0,0,0,1,0,0,0,0,0,0,0,0,1,1,1
15637,2296,2186,450,464,1979,0.0,0,388.0,0.0,0,0,0,1,0,0,0,0,0,0,0,0,1,1,1
15647,2295,2186,449,465,1979,0.0,0,388.6,0.0,0,0,0,1,0,0,0,0,0,0,0,0,1,1,1
15657,2297,2186,450,465,1978,0.0,0,388.6,0.0,0,0,0,1,0,0,0,0,0,0,0,0,1,1,1
15667,2296,2186,451,464,1979,0.0,0,388.2,0.0,0,0,0,1,0,0,0,0,0,0,0,0,1,1,1
15677,2295,2186,449,465,1980,0.0,0,388.1,0.0,0,0,0,1,0,0,0,0,0,0,0,0,1,1,1
15687,2296,2186,450,464,1979,0.0,0,388.0,0.0,0,0,0,1,0,0,0,0,0,0,0,0,1,1,1
15697,2296,2186,450,465,1977,0.0,0,388.5,0.0,0,0,0,1,0,0,0,0,0,0,0,0,1,1,1
15707,2295,2186,449,464,1974,0.0,0,388.5,0.0,0,0,0,1,0,0,0,0,0,0,0,0,1,1,1
15717,2296,2186,449,464,1977,0.0,0,388.5,0.0,0,0,0,1,0,0,0,0,0,0,0,0,1,1,1
15727,2295,2186,453,466,1977,0.0,0,388.1,0.0,0,0,0,1,0,0,0,0,0,0,0,0,1,1,1
15737,2296,2186,449,466,1978,0.0,0,388.2,0.0,0,0,0,1,0,0,0,0,0,0,0,0,1,1,1
15747,2295,2185,452,464,1977,0.0,0,388.5,0.0,0,0,0,1,0,0,0,0,0,0,0,0,1,1,1
15757,2296,2186,453,465,1977,0.0,0,388.5,0.0,0,0,0,1,0,0,0,0,0,0,0,0,1,1,1
15767,2297,2185,450,464,1977,0.0,0,388.3,0.0,0,0,0,1,0,0,0,0,0,0,0,0,1,1,1
15777,2295,2186,448,465,1977,0.0,0,388.3,0.0,0,0,0,1,0,0,0,0,0,0,0,0,1,1,1
15787,2295,2186,449,465,1977,0.0,0,388.1,0.0,0,0,0,1,0,0,0,0,0,0,0,0,1,1,1
15797,2296,2186,450,464,1977,0.0,0,388.9,0.0,0,0,0,1,0,0,0,0,0,0,0,0,1,1,1
15807,2295,2186,450,465,1977,0.0,0,388.6,0.0,0,0,0,1,0,0,0,0,0,0,0,0,1,1,1
15817,2296,2186,448,464,1977,0.0,0,388.6,0.0,0,0,0,1,0,0,0,0,0,0,0,0,1,1,1
15827,2297,2186,447,465,1979,0.0,0,388.2,0.0,0,0,0,1,0,0,0,0,0,0,0,0,1,1,1
15837,2296,2186,449,465,1979,0.0,0,388.2,0.0,0,0,0,1,0,0,0,0,0,0,0,0,1,1,1
15847,2296,2186,449,465,1979,0.0,0,388.1,0.0,0,0,0,1,0,0,0,0,0,0,0,0,1,1,1
15857,2296,2186,450,465,1979,0.0,0,388.6,0.0,0,0,0,1,0,0,0,0,0,0,0,0,1,1,1
15867,2296,2187,452,465,1980,0.0,0,388.3,0.0,0,0,0,1,0,0,0,0,0,0,0,0,1,1,1
15877,2296,2186,449,464,1979,0.0,0,388.9,0.0,0,0,0,1,0,0,0,0,0,0,0,0,1,1,1
15887,2295,2187,449,466,1979,0.0,0,388.2,0.0,0,0,0,1,0,0,0,0,0,0,0,0,1,1,1
15897,2296,2186,450,464,1979,0.0,0,388.2,0.0,0,0,0,1,0,0,0,0,0,0,0,0,1,1,1
15907,2296,2186,449,464,1979,0.0,0,388.1,0.0,0,0,0,1,0,0,0,0,0,0,0,0,1,1,1
15917,2296,2186,449,465,1979,0.0,0,388.7,0.0,0,0,0,1,0,0,0,0,0,0,0,0,1,1,1
15927,2295,2186,449,464,1979,0.0,0,388.1,0.0,0,0,0,1,0,0,0,0,0,0,0,0,1,1,1
15937,2295,2186,450,464,1979,0.0,0,387.7,0.0,0,0,0,1,0,0,0,0,0,0,0,0,1,1,1
15947,2295,2186,448,465,1981,0.0,0,388.7,0.0,0,0,0,1,0,0,0,0,0,0,0,0,1,1,1
15957,2296,2186,452,464,1976,0.0,0,388.7,0.0,0,0,0,1,0,0,0,0,0,0,0,0,1,1,1
15967,2294,2187,449,463,1979,0.0,0,388.6,0.0,0,0,0,1,0,0,0,0,0,0,0,0,1,1,1
15977,2296,2186,449,465,1979,0.0,0,388.6,0.0,0,0,0,1,0,0,0,0,0,0,0,0,1,1,1
15987,2296,2187,450,465,1979,0.0,0,388.5,0.0,0,0,0,1,0,0,0,0,0,0,0,0,1,1,1
15997,2295,2184,449,462,1978,0.0,0,389.1,0.0,0,0,0,1,0,0,0,0,0,0,0,0,1,1,1
16007,2295,2186,450,464,1977,0.0,0,389.3,0.0,0,0,0,1,0,0,0,0,0,0,0,0,1,1,1
16017,2296,2186,450,465,1977,0.0,0,389.3,0.0,0,0,0,1,0,0,0,0,0,0,0,0,1,1,1
16027,2296,2186,449,465,1977,0.0,0,388.5,0.0,0,0,0,1,0,0,0,0,0,0,0,0,1,1,1
16037,2296,2185,450,464,1977,0.0,0,388.5,0.0,0,0,0,1,0,0,0,0,0,0,0,0,1,1,1
16047,2299,2186,450,465,1978,0.0,0,388.5,0.0,0,0,0,1,0,0,0,0,0,0,0,0,1,1,1
16057,2296,2186,450,465,1978,0.0,0,388.5,0.0,0,0,0,1,0,0,0,0,0,0,0,0,1,1,1
16067,2297,2186,449,465,1978,0.0,0,388.2,0.0,0,0,0,1,0,0,0,0,0,0,0,0,1,1,1
16077,2296,2186,449,464,1977,0.0,0,388.2,0.0,0,0,0,1,0,0,0,0,0,0,0,0,1,1,1
16087,2297,2186,449,464,1977,0.0,0,388.3,0.0,0,0,0,1,0,0,0,0,0,0,0,0,1,1,1
16097,2296,2186,449,466,1976,0.0,0,389.1,0.0,0,0,0,1,0,0,0,0,0,0,0,0,1,1,1
16107,2295,2185,451,466,1977,0.0,0,389.0,0.0,0,0,0,1,0,0,0,0,0,0,0,0,1,1,1
16117,2297,2188,449,465,1980,0.0,0,388.7,0.0,0,0,0,1,0,0,0,0,0,0,0,0,1,1,1
16127,2296,2185,448,466,1977,0.0,0,388.1,0.0,0,0,0,1,0,0,0,0,0,0,0,0,1,1,1
16137,2298,2185,450,465,1979,0.0,0,388.1,0.0,0,0,0,1,0,0,0,0,0,0,0,0,1,1,1
16147,2296,2186,449,463,1979,0.0,0,388.9,0.0,0,0,0,1,0,0,0,0,0,0,0,0,1,1,1
16157,2294,2186,450,464,1979,0.0,0,388.2,0.0,0,0,0,1,0,0,0,0,0,0,0,0,1,1,1
16167,2295,2185,449,465,1982,0.0,0,388.3,0.0,0,0,0,1,0,0,0,0,0,0,0,0,1,1,1
16177,2296,2185,450,465,1979,0.0,0,388.5,0.0,0,0,0,1,0,0,0,0,0,0,0,0,1,1,1
16187,2296,2186,449,465,1979,0.0,0,388.6,0.0,0,0,0,1,0,0,0,0,0,0,0,0,1,1,1
16197,2296,2186,449,465,1979,0.0,0,388.6,0.0,0,0,0,1,0,0,0,0,0,0,0,0,1,1,1
16207,2296,2184,449,465,1981,0.0,0,388.1,0.0,0,0,0,1,0,0,0,0,0,0,0,0,1,1,1
16217,2296,2186,449,464,1979,0.0,0,389.0,0.0,0,0,0,1,0,0,0,0,0,0,0,0,1,1,1
16227,2294,2186,450,464,1979,0.0,0,388.7,0.0,0,0,0,1,0,0,0,0,0,0,0,0,1,1,1
16237,2295,2186,449,467,1979,0.0,0,389.0,0.0,0,0,0,1,0,0,0,0,0,0,0,0,1,1,1
16247,2296,2186,448,465,1979,0.0,0,388.5,0.0,0,0,0,1,0,0,0,0,0,0,0,0,1,1,1
16257,2296,2186,449,467,1979,0.0,0,388.5,0.0,0,0,0,1,0,0,0,0,0,0,0,0,1,1,1
16267,2296,2186,449,464,1977,0.0,0,388.3,0.0,0,0,0,1,0,0,0,0,0,0,0,0,1,1,1
16277,2296,2186,449,464,1981,0.0,0,388.6,0.0,0,0,0,1,0,0,0,0,0,0,0,0,1,1,1
16287,2295,2188,449,466,1979,0.0,0,388.3,0.0,0,0,0,1,0,0,0,0,0,0,0,0,1,1,1
16297,2294,2185,449,465,1979,0.0,0,388.5,0.0,0,0,0,1,0,0,0,0,0,0,0,0,1,1,1
16307,2297,2186,447,465,1977,0.0,0,388.7,0.0,0,0,0,1,0,0,0,0,0,0,0,0,1,1,1
16317,2295,2186,451,465,1977,0.0,0,388.7,0.0,0,0,0,1,0,0,0,0,0,0,0,0,1,1,1
16327,2296,2185,449,465,1977,0.0,0,388.0,0.0,0,0,0,1,0,0,0,0,0,0,0,0,1,1,1
16337,2295,2185,449,466,1977,0.0,0,388.3,0.0,0,0,0,1,0,0,0,0,0,0,0,0,1,1,1
16347,2295,2182,449,465,1977,0.0,0,388.9,0.0,0,0,0,1,0,0,0,0,0,0,0,0,1,1,1
16357,2295,2185,448,465,1977,0.0,0,388.1,0.0,0,0,0,1,0,0,0,0,0,0,0,0,1,1,1
16367,2297,2185,449,464,1977,0.0,0,388.6,0.0,0,0,0,1,0,0,0,0,0,0,0,0,1,1,1
16377,2296,2186,449,466,1977,0.0,0,388.6,0.0,0,0,0,1,0,0,0,0,0,0,0,0,1,1,1
16387,2296,2188,450,465,1976,0.0,0,388.5,0.0,0,0,0,1,0,0,0,0,0,0,0,0,1,1,1
16397,2295,2186,450,465,1977,0.0,0,388.1,0.0,0,0,0,1,0,0,0,0,0,0,0,0,1,1,1
16407,2296,2186,449,464,1977,0.0,0,388.9,0.0,0,0,0,1,0,0,0,0,0,0,0,0,1,1,1
16417,2295,2186,449,465,1977,0.0,0,388.3,0.0,0,0,0,1,0,0,0,0,0,0,0,0,1,1,1
16427,2296,2185,446,465,1977,0.0,0,388.0,0.0,0,0,0,1,0,0,0,0,0,0,0,0,1,1,1
16437,2295,2186,450,466,1982,0.0,0,388.0,0.0,0,0,0,1,0,0,0,0,0,0,0,0,1,1,1
16447,2295,2185,449,463,1979,0.0,0,388.1,0.0,0,0,0,1,0,0,0,0,0,0,0,0,1,1,1
16457,2300,2186,449,465,1979,0.0,0,388.3,0.0,0,0,0,1,0,0,0,0,0,0,0,0,1,1,1
16467,2293,2186,449,465,1979,0.0,0,388.7,0.0,0,0,0,1,0,0,0,0,0,0,0,0,1,1,1
16477,2299,2186,450,464,1980,0.0,0,388.6,0.0,0,0,0,1,0,0,0,0,0,0,0,0,1,1,1
16487,2296,2186,449,466,1979,0.0,0,388.8,0.0,0,0,0,1,0,0,0,0,0,0,0,0,1,1,1
16497,2296,2186,450,466,1979,0.0,0,388.8,0.0,0,0,0,1,0,0,0,0,0,0,0,0,1,1,1
16507,2296,2186,449,465,1979,0.0,0,389.2,0.0,0,0,0,1,0,0,0,0,0,0,0,0,1,1,1
16517,2296,2186,451,464,1979,0.0,0,388.7,0.0,0,0,0,1,0,0,0,0,0,0,0,0,1,1,1
16528,2292,2186,449,466,1979,0.0,0,389.0,0.0,0,0,0,1,0,0,0,0,0,0,0,0,1,1,1
16538,2295,2186,448,466,1979,0.0,0,388.5,0.0,0,0,0,1,0,0,0,0,0,0,0,0,1,1,1
16548,2295,2186,451,464,1979,0.0,0,388.5,0.0,0,0,0,1,0,0,0,0,0,0,0,0,1,1,1
16558,2295,2187,450,464,1979,0.0,0,388.6,0.0,0,0,0,1,0,0,0,0,0,0,0,0,1,1,1
16568,2295,2186,449,465,1979,0.0,0,388.6,0.0,0,0,0,1,0,0,0,0,0,0,0,0,1,1,1
16578,2297,2186,450,466,1979,0.0,0,388.5,0.0,0,0,0,1,0,0,0,0,0,0,0,0,1,1,1
16588,2298,2186,450,466,1979,0.0,0,388.5,0.0,0,0,0,1,0,0,0,0,0,0,0,0,1,1,1
16598,2298,2186,450,465,1979,0.0,0,388.0,0.0,0,0,0,1,0,0,0,0,0,0,0,0,1,1,1
16608,2296,2186,450,466,1976,0.0,0,388.3,0.0,0,0,0,1,0,0,0,0,0,0,0,0,1,1,1
16618,2295,2186,450,467,1980,0.0,0,388.3,0.0,0,0,0,1,0,0,0,0,0,0,0,0,1,1,1
16628,2292,2186,450,465,1977,0.0,0,388.7,0.0,0,0,0,1,0,0,0,0,0,0,0,0,1,1,1
16638,2295,2186,449,465,1977,0.0,0,388.6,0.0,0,0,0,1,0,0,0,0,0,0,0,0,1,1,1
16648,2296,2186,451,464,1977,0.0,0,388.3,0.0,0,0,0,1,0,0,0,0,0,0,0,0,1,1,1
16658,2296,2186,450,465,1977,0.0,0,388.2,0.0,0,0,0,1,0,0,0,0,0,0,0,0,1,1,1
16668,2295,2186,452,465,1977,0.0,0,388.2,0.0,0,0,0,1,0,0,0,0,0,0,0,0,1,1,1
16678,2295,2185,449,465,1977,0.0,0,388.2,0.0,0,0,0,1,0,0,0,0,0,0,0,0,1,1,1
16688,2296,2186,449,464,1978,0.0,0,388.2,0.0,0,0,0,1,0,0,0,0,0,0,0,0,1,1,1
16698,2296,2186,446,467,1977,0.0,0,388.5,0.0,0,0,0,1,0,0,0,0,0,0,0,0,1,1,1
16708,2296,2170,450,464,1977,0.0,0,388.5,0.0,0,0,0,1,0,0,0,0,0,0,0,0,1,1,1
16718,2295,2186,447,466,1977,0.0,0,388.9,0.0,0,0,0,1,0,0,0,0,0,0,0,0,1,1,1
16728,2295,2186,449,464,1979,0.0,0,388.1,0.0,0,0,0,1,0,0,0,0,0,0,0,0,1,1,1
16738,2296,2187,449,465,1978,0.0,0,388.1,0.0,0,0,0,1,0,0,0,0,0,0,0,0,1,1,1
16748,2295,2187,448,464,1979,0.0,0,388.3,0.0,0,0,0,1,0,0,0,0,0,0,0,0,1,1,1
16758,2295,2186,450,465,1979,0.0,0,389.2,0.0,0,0,0,1,0,0,0,0,0,0,0,0,1,1,1
16768,2296,2186,448,464,1979,0.0,0,388.5,0.0,0,0,0,1,0,0,0,0,0,0,0,0,1,1,1
16778,2296,2186,448,465,1977,0.0,0,388.6,0.0,0,0,0,1,0,0,0,0,0,0,0,0,1,1,1
16788,2295,2187,449,464,1981,0.0,0,388.9,0.0,0,0,0,1,0,0,0,0,0,0,0,0,1,1,1
16798,2296,2187,450,465,1986,0.0,0,388.9,0.0,0,0,0,1,0,0,0,0,0,0,0,0,1,1,1
16808,2295,2186,449,465,1981,0.0,0,396.1,0.0,0,0,0,1,0,0,0,0,0,0,0,0,1,1,1
16818,2295,2187,450,464,1981,0.0,0,396.4,0.0,0,0,0,1,0,0,0,0,0,0,0,0,1,1,1
16828,2292,2186,450,463,1981,0.0,0,396.1,0.0,0,0,0,1,0,0,0,0,0,0,0,0,1,1,1
16838,2295,2186,449,465,1981,0.0,0,396.3,0.0,0,0,0,1,0,0,0,0,0,0,0,0,1,1,1
16848,2296,2185,450,463,1981,0.0,0,396.5,0.0,0,0,0,1,0,0,0,0,0,0,0,0,1,1,1
16858,2296,2186,452,466,1982,0.0,0,396.5,0.0,0,0,0,1,0,0,0,0,0,0,0,0,1,1,1
16868,2295,2187,450,465,1982,0.0,0,397.0,0.0,0,0,0,1,0,0,0,0,0,0,0,0,1,1,1
16878,2292,2186,450,466,1981,0.0,0,395.9,0.0,0,0,0,1,0,0,0,0,0,0,0,0,1,1,1
16888,2296,2187,450,465,1981,0.0,0,396.7,0.0,0,0,0,1,0,0,0,0,0,0,0,0,1,1,1
16898,2296,2189,448,464,1981,0.0,0,395.9,0.0,0,0,0,1,0,0,0,0,0,0,0,0,1,1,1
16908,2295,2186,449,465,1979,0.0,0,396.5,0.0,0,0,0,1,0,0,0,0,0,0,0,0,1,1,1
16918,2298,2186,450,464,1979,0.0,0,396.5,0.0,0,0,0,1,0,0,0,0,0,0,0,0,1,1,1
16928,2295,2186,450,465,1979,0.0,0,396.1,0.0,0,0,0,1,0,0,0,0,0,0,0,0,1,1,1
16938,2296,2186,448,465,1979,0.0,0,396.2,0.0,0,0,0,1,0,0,0,0,0,0,0,1,1,1,1
16948,2295,2186,449,464,1979,0.0,0,395.9,0.0,0,0,0,1,0,0,0,0,0,0,0,1,1,1,1
16958,2295,2183,449,464,1980,0.0,0,396.7,0.0,0,0,0,1,0,0,0,0,0,0,0,1,1,1,1
16968,2296,2186,450,464,1979,0.0,0,396.3,0.0,0,0,0,1,0,0,0,0,0,0,0,1,1,1,1
16978,2296,2186,449,465,1979,0.0,0,396.3,0.0,0,0,0,1,0,0,0,0,0,0,0,1,1,1,1
16988,2295,2187,448,465,1980,0.0,0,396.2,0.0,0,0,0,1,0,0,0,0,0,0,0,1,1,1,1
16998,2298,2184,448,463,1979,0.0,0,396.7,0.0,0,0,0,1,0,0,0,0,0,0,0,1,1,1,1
17008,2295,2186,449,465,1980,0.0,0,396.3,0.0,0,0,0,1,0,0,0,0,0,0,0,1,1,1,1
17018,2296,2186,448,464,1979,0.0,0,396.5,0.0,0,0,0,1,0,0,0,0,0,0,0,1,1,1,1
17028,2296,2186,450,465,1979,0.0,0,396.2,0.0,0,0,0,1,0,0,0,0,0,0,0,1,1,1,1
17038,2295,2186,450,464,1979,0.0,0,396.2,0.0,0,0,0,1,0,0,0,0,0,0,0,1,1,1,1
17048,2295,2186,448,465,1982,0.0,0,395.9,0.0,0,0,0,1,0,0,0,0,0,0,0,1,1,1,1
17058,2295,2186,450,465,1982,0.0,0,396.2,0.0,0,0,0,1,0,0,0,0,0,0,0,1,1,1,1
17068,2298,2186,449,464,1982,0.0,0,396.0,0.0,0,0,0,1,0,0,0,0,0,0,0,1,1,1,1
17078,2295,2186,450,463,1984,0.0,0,396.4,0.0,0,0,0,1,0,0,0,0,0,0,0,1,1,1,1
17088,2295,2186,449,464,1981,0.0,0,395.8,0.0,0,0,0,1,0,0,0,0,0,0,0,1,1,1,1
17098,2296,2186,448,465,1980,0.0,0,395.8,0.0,0,0,0,1,0,0,0,0,0,0,0,1,1,1,1
17108,2295,2186,449,464,1981,0.0,0,397.0,0.0,0,0,0,1,0,0,0,0,0,0,0,1,1,1,1
17118,2296,2186,449,465,1980,0.0,0,396.7,0.0,0,0,0,1,0,0,0,0,0,0,0,1,1,1,1
17128,2295,2186,450,466,1982,0.0,0,396.2,0.0,0,0,0,1,0,0,0,0,0,0,0,1,1,1,1
17138,2296,2186,448,466,1982,0.0,0,396.8,0.0,0,0,0,1,0,0,0,0,0,0,0,1,1,1,1
17148,2296,2186,451,465,1980,0.0,0,396.9,0.0,0,0,0,1,0,0,0,0,0,0,0,1,1,1,1
17158,2296,2186,448,466,1982,0.0,0,395.7,0.0,0,0,0,1,0,0,0,0,0,0,0,1,1,1,1
17168,2297,2186,450,465,1981,0.0,0,395.7,0.0,0,0,0,1,0,0,0,0,0,0,0,1,1,1,1
17178,2295,2185,449,465,1981,0.0,0,396.2,0.0,0,0,0,1,0,0,0,0,0,0,0,1,1,1,1
17188,2296,2185,449,464,1981,0.0,0,396.1,0.0,0,0,0,1,0,0,0,0,0,0,0,1,1,1,1
17198,2295,2186,450,465,1982,0.0,0,396.2,0.0,0,0,0,1,0,0,0,0,0,0,0,1,1,1,1
17208,2295,2185,452,465,1981,0.0,0,396.2,0.0,0,0,0,1,0,0,0,0,0,0,0,1,1,1,1
17218,2299,2187,451,464,1980,0.0,0,396.7,0.0,0,0,0,1,0,0,0,0,0,0,0,1,1,1,1
17228,2295,2186,449,466,1980,0.0,0,396.7,0.0,0,0,0,1,0,0,0,0,0,0,0,1,1,1,1
17238,2296,2186,449,464,1980,0.0,0,397.1,0.0,0,0,0,1,0,0,0,0,0,0,0,1,1,1,1
17248,2295,2186,450,466,1978,0.0,0,396.8,0.0,0,0,0,1,0,0,0,0,0,0,0,1,1,1,1
17258,2296,2186,450,465,1979,0.0,0,395.8,0.0,0,0,0,1,0,0,0,0,0,0,0,1,1,1,1
17268,2292,2187,449,465,1979,0.0,0,396.3,0.0,0,0,0,1,0,0,0,0,0,0,0,1,1,1,1
17292,2295,2185,449,465,1979,0.0,0,396.3,0.0,0,0,0,1,0,0,0,0,0,0,0,1,1,1,1
17302,2295,2185,450,465,1979,0.0,0,396.3,0.0,0,0,0,1,0,0,0,0,0,0,0,1,1,1,1
17312,2295,2186,449,466,1980,0.0,0,396.2,0.0,0,0,0,1,0,0,0,0,0,0,0,1,1,1,1
17322,2295,2186,451,465,1979,0.0,0,396.3,0.0,0,0,0,1,0,0,0,0,0,0,0,1,1,1,1
17332,2295,2185,450,465,1979,0.0,0,396.4,0.0,0,0,0,1,0,0,0,0,0,0,0,1,1,1,1
17342,2296,2185,449,465,1983,0.0,0,396.1,0.0,0,0,0,1,0,0,0,0,0,0,0,1,1,1,1
17352,2296,2186,449,465,1982,0.0,0,396.7,0.0,0,0,0,1,0,0,0,0,0,0,0,1,1,1,1
17362,2294,2186,449,466,1981,0.0,0,396.7,0.0,0,0,0,1,0,0,0,0,0,0,0,1,1,1,1
17372,2295,2185,450,462,1980,0.0,0,396.7,0.0,0,0,0,1,0,0,0,0,0,0,0,1,1,1,1
17382,2296,2187,449,465,1981,0.0,0,397.1,0.0,0,0,0,1,0,0,0,0,0,0,0,1,1,1,1
17392,2295,2186,448,465,1981,0.0,0,396.7,0.0,0,0,0,1,0,0,0,0,0,0,0,1,1,1,1
17402,2296,2186,450,464,1979,0.0,0,396.1,0.0,0,0,0,1,0,0,0,0,0,0,0,1,1,1,1
17412,2296,2185,449,465,1981,0.0,0,396.1,0.0,0,0,0,1,0,0,0,0,0,0,0,1,1,1,1
17422,2295,2187,449,466,1981,0.0,0,396.1,0.0,0,0,0,1,0,0,0,0,0,0,0,1,1,1,1
17432,2296,2186,450,465,1980,0.0,0,396.1,0.0,0,0,0,1,0,0,0,0,0,0,0,1,1,1,1
17442,2297,2186,450,465,1981,0.0,0,396.5,0.0,0,0,0,1,0,0,0,0,0,0,0,1,1,1,1
17452,2296,2186,450,465,1981,0.0,0,396.1,0.0,0,0,0,1,0,0,0,0,0,0,0,1,1,1,1
17462,2295,2186,449,464,1981,0.0,0,396.2,0.0,0,0,0,1,0,0,0,0,0,0,0,1,1,1,1
17472,2296,2186,447,463,1981,0.0,0,396.8,0.0,0,0,0,1,0,0,0,0,0,0,0,1,1,1,1
17482,2296,2186,450,465,1980,0.0,0,396.8,0.0,0,0,0,1,0,0,0,0,0,0,0,1,1,1,1
17492,2295,2186,449,466,1981,0.0,0,396.2,0.0,0,0,0,1,0,0,0,0,0,0,0,1,1,1,1
17502,2296,2186,450,465,1981,0.0,0,396.2,0.0,0,0,0,1,0,0,0,0,0,0,0,1,1,1,1
17512,2296,2186,449,466,1979,0.0,0,396.8,0.0,0,0,0,1,0,0,0,0,0,0,0,1,1,1,1
17522,2295,2186,447,464,1979,0.0,0,396.0,0.0,0,0,0,1,0,0,0,0,0,0,0,1,1,1,1
17532,2295,2185,448,465,1980,0.0,0,396.4,0.0,0,0,0,1,0,0,0,0,0,0,0,1,1,1,1
17542,2296,2186,449,465,1979,0.0,0,396.5,0.0,0,0,0,1,0,0,0,0,0,0,0,1,1,1,1
17552,2298,2186,450,464,1979,0.0,0,396.5,0.0,0,0,0,1,0,0,0,0,0,0,0,1,1,1,1
17562,2296,2186,450,464,1980,0.0,0,396.0,0.0,0,0,0,1,0,0,0,0,0,0,0,1,1,1,1
17572,2296,2186,447,466,1980,0.0,0,396.7,0.0,0,0,0,1,0,0,0,0,0,0,0,1,1,1,1
17582,2296,2186,448,465,1978,0.0,0,396.2,0.0,0,0,0,1,0,0,0,0,0,0,0,1,1,1,1
17592,2296,2184,449,464,1979,0.0,0,396.5,0.0,0,0,0,1,0,0,0,0,0,0,0,1,1,1,1
17602,2294,2186,449,466,1980,0.0,0,396.5,0.0,0,0,0,1,0,0,0,0,0,0,0,1,1,1,1
17612,2296,2186,453,465,1980,0.0,0,396.3,0.0,0,0,0,1,0,0,0,0,0,0,0,1,1,1,1
17622,2295,2186,450,464,1979,0.0,0,396.1,0.0,0,0,0,1,0,0,0,0,0,0,0,1,1,1,1
17632,2296,2186,449,466,1979,0.0,0,396.2,0.0,0,0,0,1,0,0,0,0,0,0,0,1,1,1,1
17642,2295,2186,451,465,1980,0.0,0,396.9,0.0,0,0,0,1,0,0,0,0,0,0,0,1,1,1,1
17652,2296,2186,449,464,1982,0.0,0,396.1,0.0,0,0,0,1,0,0,0,0,0,0,0,1,1,1,1
17662,2295,2186,449,466,1982,0.0,0,396.3,0.0,0,0,0,1,0,0,0,0,0,0,0,1,1,1,1
17672,2295,2186,449,464,1981,0.0,0,396.3,0.0,0,0,0,1,0,0,0,0,0,0,0,1,1,1,1
17682,2296,2187,449,465,1983,0.0,0,396.4,0.0,0,0,0,1,0,0,0,0,0,0,0,1,1,1,1
17692,2295,2186,449,465,1982,0.0,0,396.0,0.0,0,0,0,1,0,0,0,0,0,0,0,1,1,1,1
17702,2296,2186,448,464,1980,0.0,0,395.9,0.0,0,0,0,1,0,0,0,0,0,0,0,1,1,1,1
17712,2296,2186,449,466,1981,0.0,0,395.9,0.0,0,0,0,1,0,0,0,0,0,0,0,1,1,1,1
17722,2296,2186,450,464,1981,0.0,0,396.3,0.0,0,0,0,1,0,0,0,0,0,0,0,1,1,1,1
17732,2296,2186,451,465,1981,0.0,0,396.3,0.0,0,0,0,1,0,0,0,0,0,0,0,1,1,1,1
17742,2296,2185,449,464,1981,0.0,0,396.9,0.0,0,0,0,1,0,0,0,0,0,0,0,1,1,1,1
17752,2296,2186,449,466,1982,0.0,0,396.5,0.0,0,0,0,1,0,0,0,0,0,0,0,1,1,1,1
17762,2295,2186,450,465,1981,0.0,0,396.8,0.0,0,0,0,1,0,0,0,0,0,0,0,1,1,1,1
17772,2296,2186,448,464,1981,0.0,0,396.0,0.0,0,0,0,1,0,0,0,0,0,0,0,1,1,1,1
17782,2296,2186,448,466,1981,0.0,0,396.8,0.0,0,0,0,1,0,0,0,0,0,0,0,1,1,1,1
17792,2296,2186,449,465,1981,0.0,0,396.8,0.0,0,0,0,1,0,0,0,0,0,0,0,1,1,1,1
17802,2296,2187,448,466,1980,0.0,0,396.3,0.0,0,0,0,1,0,0,0,0,0,0,0,1,1,1,1
17812,2295,2186,448,464,1981,0.0,0,396.7,0.0,0,0,0,1,0,0,0,0,0,0,0,1,1,1,1
17822,2295,2187,449,466,1979,0.0,0,396.4,0.0,0,0,0,1,0,0,0,0,0,0,0,1,1,1,1
17832,2295,2183,447,466,1980,0.0,0,396.3,0.0,0,0,0,1,0,0,0,0,0,0,0,1,1,1,1
17843,2297,2184,448,467,1979,0.0,0,396.0,0.0,0,0,0,1,0,0,0,0,0,0,0,1,1,1,1
17853,2296,2186,450,465,1980,0.0,0,396.0,0.0,0,0,0,1,0,0,0,0,0,0,0,1,1,1,1
17863,2296,2187,450,464,1979,0.0,0,396.2,0.0,0,0,0,1,0,0,0,0,0,0,0,1,1,1,1
17873,2295,2186,450,465,1980,0.0,0,396.4,0.0,0,0,0,1,0,0,0,0,0,0,0,1,1,1,1
17883,2294,2189,448,466,1979,0.0,0,396.4,0.0,0,0,0,1,0,0,0,0,0,0,0,1,1,1,1
17893,2296,2186,451,465,1978,0.0,0,396.5,0.0,0,0,0,1,0,0,0,0,0,0,0,1,1,1,1
17903,2294,2187,450,465,1979,0.0,0,396.5,0.0,0,0,0,1,0,0,0,0,0,0,0,1,1,1,1
17913,2295,2186,449,466,1979,0.0,0,396.5,0.0,0,0,0,1,0,0,0,0,0,0,0,1,1,1,1
17923,2295,2186,450,465,1980,0.0,0,396.3,0.0,0,0,0,1,0,0,0,0,0,0,0,1,1,1,1
17933,2296,2186,450,464,1978,0.0,0,396.5,0.0,0,0,0,1,0,0,0,0,0,0,0,1,1,1,1
17943,2295,2186,450,467,1978,0.0,0,395.9,0.0,0,0,0,1,0,0,0,0,0,0,0,1,1,1,1
17953,2296,2187,450,465,1982,0.0,0,396.4,0.0,0,0,0,1,0,0,0,0,0,0,0,1,1,1,1
17963,2296,2187,449,463,1981,0.0,0,396.4,0.0,0,0,0,1,0,0,0,0,0,0,0,1,1,1,1
17973,2295,2186,450,465,1982,0.0,0,396.4,0.0,0,0,0,1,0,0,0,0,0,0,0,1,1,1,1
17983,2296,2187,449,464,1981,0.0,0,396.3,0.0,0,0,0,1,0,0,0,0,0,0,0,1,1,1,1
17993,2295,2186,450,464,1981,0.0,0,396.5,0.0,0,0,0,1,0,0,0,0,0,0,0,1,1,1,1
18003,2295,2189,448,465,1982,0.0,0,396.1,0.0,0,0,0,1,0,0,0,0,0,0,0,1,1,1,1
18013,2295,2186,449,466,1980,0.0,0,397.0,0.0,0,0,0,1,0,0,0,0,0,0,0,1,1,1,1
18023,2297,2186,449,465,1981,0.0,0,396.5,0.0,0,0,0,1,0,0,0,0,0,0,0,1,1,1,1
18033,2296,2186,449,464,1983,0.0,0,396.5,0.0,0,0,0,1,0,0,0,0,0,0,0,1,1,1,1
18043,2296,2186,449,465,1982,0.0,0,396.1,0.0,0,0,0,1,0,0,0,0,0,0,0,1,1,1,1
18053,2295,2186,450,466,1984,0.0,0,396.2,0.0,0,0,0,1,0,0,0,0,0,0,0,1,1,1,1
18063,2296,2186,449,465,1981,0.0,0,396.2,0.0,0,0,0,1,0,0,0,0,0,0,0,1,1,1,1
18073,2296,2186,450,465,1981,0.0,0,395.9,0.0,0,0,0,1,0,0,0,0,0,0,0,1,1,1,1
18083,2297,2186,448,464,1982,0.0,0,396.9,0.0,0,0,0,1,0,0,0,0,0,0,0,1,1,1,1
18093,2296,2186,449,464,1981,0.0,0,396.9,0.0,0,0,0,1,0,0,0,0,0,0,0,1,1,1,1
18103,2295,2185,449,465,1981,0.0,0,395.9,0.0,0,0,0,1,0,0,0,0,0,0,0,1,1,1,1
18113,2295,2186,449,464,1981,0.0,0,396.3,0.0,0,0,0,1,0,0,0,0,0,0,0,1,1,1,1
18123,2296,2188,449,464,1979,0.0,0,396.8,0.0,0,0,0,1,0,0,0,0,0,0,0,1,1,1,1
18133,2296,2186,450,464,1977,0.0,0,396.0,0.0,0,0,0,1,0,0,0,0,0,0,0,1,1,1,1
18143,2295,2186,449,464,1981,0.0,0,396.1,0.0,0,0,0,1,0,0,0,0,0,0,0,1,1,1,1
18153,2297,2186,450,464,1981,0.0,0,396.1,0.0,0,0,0,1,0,0,0,0,0,0,0,1,1,1,1
18163,2296,2186,450,464,1981,0.0,0,396.5,0.0,0,0,0,1,0,0,0,0,0,0,0,1,1,1,1
18173,2296,2186,449,465,1979,0.0,0,396.4,0.0,0,0,0,1,0,0,0,0,0,0,0,1,1,1,1
18183,2296,2184,449,466,1979,0.0,0,396.2,0.0,0,0,0,1,0,0,0,0,0,0,0,1,1,1,1
18193,2295,2186,449,466,1980,0.0,0,395.7,0.0,0,0,0,1,0,0,0,0,0,0,0,1,1,1,1
18203,2297,2186,450,464,1980,0.0,0,396.5,0.0,0,0,0,1,0,0,0,0,0,0,0,1,1,1,1
18213,2295,2187,449,466,1980,0.0,0,396.5,0.0,0,0,0,1,0,0,0,0,0,0,0,1,1,1,1
18223,2296,2186,450,466,1980,0.0,0,396.2,0.0,0,0,0,1,0,0,0,0,0,0,0,1,1,1,1
18233,2296,2186,451,465,1980,0.0,0,396.2,0.0,0,0,0,1,0,0,0,0,0,0,0,1,1,1,1
18243,2296,2187,450,465,1979,0.0,0,395.9,0.0,0,0,0,1,0,0,0,0,0,0,0,1,1,1,1
18253,2294,2186,449,465,1982,0.0,0,396.7,0.0,0,0,0,1,0,0,0,0,0,0,0,1,1,1,1
18263,2297,2186,450,464,1981,0.0,0,396.1,0.0,0,0,0,1,0,0,0,0,0,0,0,1,1,1,1
18273,2295,2186,449,465,1983,0.0,0,396.1,0.0,0,0,0,1,0,0,0,0,0,0,0,1,1,1,1
18283,2295,2186,450,464,1981,0.0,0,396.1,0.0,0,0,0,1,0,0,0,0,0,0,0,1,1,1,1
18293,2295,2185,448,462,1981,0.0,0,397.0,0.0,0,0,0,1,0,0,0,0,0,0,0,1,1,1,1
18303,2295,2185,448,464,1981,0.0,0,396.8,0.0,0,0,0,1,0,0,0,0,0,0,0,1,1,1,1
18313,2295,2186,450,465,1981,0.0,0,396.4,0.0,0,0,0,1,0,0,0,0,0,0,0,1,1,1,1
18323,2295,2185,449,464,1980,0.0,0,396.5,0.0,0,0,0,1,0,0,0,0,0,0,0,1,1,1,1
18333,2295,2186,450,463,1981,0.0,0,396.5,0.0,0,0,0,1,0,0,0,0,0,0,0,1,1,1,1
18343,2295,2185,449,465,1981,0.0,0,396.3,0.0,0,0,0,1,0,0,0,0,0,0,0,1,1,1,1
18353,2297,2185,449,465,1981,0.0,0,396.9,0.0,0,0,0,1,0,0,0,0,0,0,0,1,1,1,1
18364,2297,2186,448,464,1982,0.0,0,397.0,0.0,0,0,0,1,0,0,0,0,0,0,0,1,1,1,1
18374,2296,2185,448,464,1983,0.0,0,397.0,0.0,0,0,0,1,0,0,0,0,0,0,0,1,1,1,1
18384,2295,2186,449,465,1982,0.0,0,396.1,0.0,0,0,0,1,0,0,0,0,0,0,0,1,1,1,1
18394,2295,2186,450,465,1981,0.0,0,396.1,0.0,0,0,0,1,0,0,0,0,0,0,0,1,1,1,1
18404,2296,2184,449,468,1983,0.0,0,396.1,0.0,0,0,0,1,0,0,0,0,0,0,0,1,1,1,1
18414,2296,2186,449,466,1981,0.0,0,396.2,0.0,0,0,0,1,0,0,0,0,0,0,0,1,1,1,1
18424,2296,2186,449,466,1979,0.0,0,396.3,0.0,0,0,0,1,0,0,0,0,0,0,0,1,1,1,1
18434,2295,2186,449,465,1979,0.0,0,397.0,0.0,0,0,0,1,0,0,0,0,0,0,0,1,1,1,1
18445,2295,2186,449,465,1979,0.0,0,396.4,0.0,0,0,0,1,0,0,0,0,0,0,0,1,1,1,1
18455,2295,2186,450,466,1981,0.0,0,396.3,0.0,0,0,0,1,0,0,0,0,0,0,0,1,1,1,1
18465,2295,2186,451,465,1977,0.0,0,396.3,0.0,0,0,0,1,0,0,0,0,0,0,0,1,1,1,1
18475,2295,2184,448,462,1979,0.0,0,396.1,0.0,0,0,0,1,0,0,0,0,0,0,0,1,1,1,1
18485,2295,2186,450,466,1979,0.0,0,396.0,0.0,0,0,0,1,0,0,0,0,0,0,0,1,1,1,1
18495,2296,2186,449,465,1979,0.0,0,396.2,0.0,0,0,0,1,0,0,0,0,0,0,0,1,1,1,1
18505,2295,2185,449,464,1979,0.0,0,396.3,0.0,0,0,0,1,0,0,0,0,0,0,0,1,1,1,1
18515,2295,2186,449,464,1979,0.0,0,396.2,0.0,0,0,0,1,0,0,0,0,0,0,0,1,1,1,1
18525,2295,2187,450,466,1978,0.0,0,396.2,0.0,0,0,0,1,0,0,0,0,0,0,0,1,1,1,1
18535,2295,2186,448,464,1980,0.0,0,396.1,0.0,0,0,0,1,0,0,0,0,0,0,0,1,1,1,1
18545,2297,2186,451,463,1979,0.0,0,395.9,0.0,0,0,0,1,0,0,0,0,0,0,0,1,1,1,1
18555,2295,2186,449,463,1981,0.0,0,395.9,0.0,0,0,0,1,0,0,0,0,0,0,0,1,1,1,1
18565,2296,2186,447,465,1981,0.0,0,396.4,0.0,0,0,0,1,0,0,0,0,0,0,0,1,1,1,1
18575,2295,2186,450,463,1980,0.0,0,396.1,0.0,0,0,0,1,0,0,0,0,0,0,0,1,1,1,1
18585,2297,2186,451,464,1982,0.0,0,396.1,0.0,0,0,0,1,0,0,0,0,0,0,0,1,1,1,1
18595,2296,2187,450,465,1981,0.0,0,396.5,0.0,0,0,0,1,0,0,0,0,0,0,0,1,1,1,1
18605,2295,2186,449,465,1981,0.0,0,396.7,0.0,0,0,0,1,0,0,0,0,0,0,0,1,1,1,1
18615,2296,2186,450,465,1982,0.0,0,396.3,0.0,0,0,0,1,0,0,0,0,0,0,0,1,1,1,1
18625,2296,2184,450,465,1982,0.0,0,396.7,0.0,0,0,0,1,0,0,0,0,0,0,0,1,1,1,1
18635,2297,2186,449,463,1981,0.0,0,396.3,0.0,0,0,0,1,0,0,0,0,0,0,0,1,1,1,1
18645,2295,2186,450,464,1982,0.0,0,396.3,0.0,0,0,0,1,0,0,0,0,0,0,0,1,1,1,1
18655,2295,2186,450,466,1983,0.0,0,396.3,0.0,0,0,0,1,0,0,0,0,0,0,0,1,1,1,1
18665,2296,2186,449,464,1981,0.0,0,395.7,0.0,0,0,0,1,0,0,0,0,0,0,0,1,1,1,1
18675,2296,2183,448,464,1981,0.0,0,396.5,0.0,0,0,0,1,0,0,0,0,0,0,0,1,1,1,1
18685,2296,2186,449,466,1981,0.0,0,396.3,0.0,0,0,0,1,0,0,0,0,0,0,0,1,1,1,1
18695,2297,2185,450,464,1981,0.0,0,396.2,0.0,0,0,0,1,0,0,0,0,0,0,0,1,1,1,1
18705,2295,2186,449,466,1980,0.0,0,396.2,0.0,0,0,0,1,0,0,0,0,0,0,0,1,1,1,1
18715,2295,2186,450,464,1980,0.0,0,396.1,0.0,0,0,0,1,0,0,0,0,0,0,0,1,1,1,1
18725,2296,2186,450,466,1981,0.0,0,395.9,0.0,0,0,0,1,0,0,0,0,0,0,0,1,1,1,1
18735,2296,2186,449,465,1979,0.0,0,395.8,0.0,0,0,0,1,0,0,0,0,0,0,0,1,1,1,1
18745,2298,2186,451,465,1978,0.0,0,396.2,0.0,0,0,0,1,0,0,0,0,0,0,0,1,1,1,1
18755,2295,2186,448,464,1979,0.0,0,396.7,0.0,0,0,0,1,0,0,0,0,0,0,0,1,1,1,1
18765,2295,2186,450,464,1979,0.0,0,396.7,0.0,0,0,0,1,0,0,0,0,0,0,0,1,1,1,1
18775,2296,2186,451,464,1981,0.0,0,396.1,0.0,0,0,0,1,0,0,0,0,0,0,0,1,1,1,1
18785,2293,2186,448,464,1979,0.0,0,396.2,0.0,0,0,0,1,0,0,0,0,0,0,0,1,1,1,1
18795,2295,2186,448,464,1980,0.0,0,396.7,0.0,0,0,0,1,0,0,0,0,0,0,0,1,1,1,1
18805,2296,2182,450,464,1979,0.0,0,396.1,0.0,0,0,0,1,0,0,0,0,0,0,0,1,1,1,1
18815,2296,2186,449,464,1979,0.0,0,396.3,0.0,0,0,0,1,0,0,0,0,0,0,0,1,1,1,1
18825,2296,2185,450,465,1979,0.0,0,396.3,0.0,0,0,0,1,0,0,0,0,0,0,0,1,1,1,1
18835,2294,2186,450,465,1979,0.0,0,396.7,0.0,0,0,0,1,0,0,0,0,0,0,0,1,1,1,1
18845,2296,2187,450,465,1979,0.0,0,396.2,0.0,0,0,0,1,0,0,0,0,0,0,0,1,1,1,1
18855,2296,2186,450,466,1979,0.0,0,396.1,0.0,0,0,0,1,0,0,0,0,0,0,0,1,1,1,1
18865,2296,2186,449,465,1981,0.0,0,397.0,0.0,0,0,0,1,0,0,0,0,0,0,0,1,1,1,1
18875,2297,2186,449,464,1981,0.0,0,397.0,0.0,0,0,0,1,0,0,0,0,0,0,0,1,1,1,1
18885,2295,2186,449,466,1981,0.0,0,396.3,0.0,0,0,0,1,0,0,0,0,0,0,0,1,1,1,1
18895,2295,2186,450,465,1982,0.0,0,396.4,0.0,0,0,0,1,0,0,0,0,0,0,0,1,1,1,1
18905,2296,2186,450,465,1981,0.0,0,396.4,0.0,0,0,0,1,0,0,0,0,0,0,0,1,1,1,1
18915,2296,2186,450,464,1981,0.0,0,396.4,0.0,0,0,0,1,0,0,0,0,0,0,0,1,1,1,1
18925,2296,2187,449,465,1981,0.0,0,396.0,0.0,0,0,0,1,0,0,0,0,0,0,0,1,1,1,1
18935,2296,2186,449,465,1981,0.0,0,396.1,0.0,0,0,0,1,0,0,0,0,0,0,0,1,1,1,1
18945,2295,2186,450,465,1981,0.0,0,396.1,0.0,0,0,0,1,0,0,0,0,0,0,0,1,1,1,1
18955,2295,2186,448,464,1981,0.0,0,396.1,0.0,0,0,0,1,0,0,0,0,0,0,0,1,1,1,1
18965,2296,2186,448,465,1981,0.0,0,396.3,0.0,0,0,0,1,0,0,0,0,0,0,0,1,1,1,1
18975,2297,2186,450,465,1981,0.0,0,396.7,0.0,0,0,0,1,0,0,0,0,0,0,0,1,1,1,1
18985,2295,2186,450,465,1981,0.0,0,396.8,0.0,0,0,0,1,0,0,0,0,0,0,0,1,1,1,1
18995,2297,2185,449,465,1982,0.0,0,396.3,0.0,0,0,0,1,0,0,0,0,0,0,0,1,1,1,1
19005,2296,2187,451,464,1981,0.0,0,396.3,0.0,0,0,0,1,0,0,0,0,0,0,0,1,1,1,1
19015,2296,2187,450,465,1984,0.0,0,396.1,0.0,0,0,0,1,0,0,0,0,0,0,0,1,1,1,1
19025,2295,2186,450,462,1981,0.0,0,396.2,0.0,0,0,0,1,0,0,0,0,0,0,0,1,1,1,1
19035,2296,2187,450,464,1980,0.0,0,396.7,0.0,0,0,0,1,0,0,0,0,0,0,0,1,1,1,1
19045,2296,2186,448,465,1979,0.0,0,396.7,0.0,0,0,0,1,0,0,0,0,0,0,0,1,1,1,1
19055,2297,2186,449,465,1980,0.0,0,396.3,0.0,0,0,0,1,0,0,0,0,0,0,0,1,1,1,1
19065,2295,2186,448,465,1980,0.0,0,396.3,0.0,0,0,0,1,0,0,0,0,0,0,0,1,1,1,1
19075,2295,2187,450,466,1980,0.0,0,396.7,0.0,0,0,0,1,0,0,0,0,0,0,0,1,1,1,1
19085,2296,2186,450,465,1979,0.0,0,396.3,0.0,0,0,0,1,0,0,0,0,0,0,0,1,1,1,1
19095,2296,2186,449,465,1979,0.0,0,396.2,0.0,0,0,0,1,0,0,0,0,0,0,0,1,1,1,1
19105,2295,2186,449,463,1982,0.0,0,396.3,0.0,0,0,0,1,0,0,0,0,0,0,0,1,1,1,1
19115,2299,2184,449,464,1979,0.0,0,396.2,0.0,0,0,0,1,0,0,0,0,0,0,0,1,1,1,1
19125,2296,2187,450,465,1981,0.0,0,396.2,0.0,0,0,0,1,0,0,0,0,0,0,0,1,1,1,1
19135,2295,2183,448,465,1980,0.0,0,396.5,0.0,0,0,0,1,0,0,0,0,0,0,0,1,1,1,1
19145,2295,2187,450,465,1979,0.0,0,396.1,0.0,0,0,0,1,0,0,0,0,0,0,0,1,1,1,1
19155,2296,2186,449,466,1979,0.0,0,396.4,0.0,0,0,0,1,0,0,0,0,0,0,0,1,1,1,1
19165,2294,2186,448,465,1981,0.0,0,396.2,0.0,0,0,0,1,0,0,0,0,0,0,0,1,1,1,1
19175,2297,2190,448,466,1982,0.0,0,395.6,0.0,0,0,0,1,0,0,0,0,0,0,0,1,1,1,1
19185,2295,2186,450,464,1981,0.0,0,395.6,0.0,0,0,0,1,0,0,0,0,0,0,0,1,1,1,1
19195,2296,2186,451,467,1981,0.0,0,396.2,0.0,0,0,0,1,0,0,0,0,0,0,0,1,1,1,1
19205,2296,2186,451,464,1981,0.0,0,396.7,0.0,0,0,0,1,0,0,0,0,0,0,0,1,1,1,1
19215,2296,2186,450,465,1981,0.0,0,396.9,0.0,0,0,0,1,0,0,0,0,0,0,0,1,1,1,1
19225,2296,2190,449,466,1980,0.0,0,396.0,0.0,0,0,0,1,0,0,0,0,0,0,0,1,1,1,1
19235,2294,2186,449,465,1982,0.0,0,396.7,0.0,0,0,0,1,0,0,0,0,0,0,0,1,1,1,1
19245,2296,2186,448,465,1980,0.0,0,396.7,0.0,0,0,0,1,0,0,0,0,0,0,0,1,1,1,1
19255,2296,2187,450,466,1981,0.0,0,396.1,0.0,0,0,0,1,0,0,0,0,0,0,0,1,1,1,1
19265,2295,2186,451,464,1981,0.0,0,396.3,0.0,0,0,0,1,0,0,0,0,0,0,0,1,1,1,1
19275,2295,2186,450,464,1981,0.0,0,396.0,0.0,0,0,0,1,0,0,0,0,0,0,0,1,1,1,1
19285,2295,2186,450,465,1980,0.0,0,396.2,0.0,0,0,0,1,0,0,0,0,0,0,0,1,1,1,1
19295,2296,2186,450,465,1981,0.0,0,396.2,0.0,0,0,0,1,0,0,0,0,0,0,0,1,1,1,1
19305,2293,2186,449,465,1981,0.0,0,396.2,0.0,0,0,0,1,0,0,0,0,0,0,0,1,1,1,1
19315,2294,2185,450,465,1981,0.0,0,396.4,0.0,0,0,0,1,0,0,0,0,0,0,0,1,1,1,1
19325,2295,2186,449,465,1980,0.0,0,396.4,0.0,0,0,0,1,0,0,0,0,0,0,0,1,1,1,1
19335,2296,2186,450,465,1978,0.0,0,396.2,0.0,0,0,0,1,0,0,0,0,0,0,0,1,1,1,1
19345,2295,2186,450,465,1979,0.0,0,396.1,0.0,0,0,0,1,0,0,0,0,0,0,0,1,1,1,1
19355,2295,2186,449,466,1979,0.0,0,396.4,0.0,0,0,0,1,0,0,0,0,0,0,0,1,1,1,1
19365,2296,2186,448,464,1979,0.0,0,396.1,0.0,0,0,0,1,0,0,0,0,0,0,0,1,1,1,1
19375,2296,2186,450,465,1979,0.0,0,396.7,0.0,0,0,0,1,0,0,0,0,0,0,0,1,1,1,1
19385,2296,2186,448,464,1979,0.0,0,396.7,0.0,0,0,0,1,0,0,0,0,0,0,0,1,1,1,1
19395,2295,2186,449,465,1979,0.0,0,396.4,0.0,0,0,0,1,0,0,0,0,0,0,0,1,1,1,1
19405,2296,2186,449,465,1982,0.0,0,396.0,0.0,0,0,0,1,0,0,0,0,0,0,0,1,1,1,1
19415,2295,2186,449,465,1980,0.0,0,396.0,0.0,0,0,0,1,0,0,0,0,0,0,0,1,1,1,1
19425,2296,2186,450,466,1979,0.0,0,396.5,0.0,0,0,0,1,0,0,0,0,0,0,0,1,1,1,1
19435,2295,2186,450,465,1979,0.0,0,396.5,0.0,0,0,0,1,0,0,0,0,0,0,0,1,1,1,1
19445,2296,2186,449,465,1979,0.0,0,396.1,0.0,0,0,0,1,0,0,0,0,0,0,0,1,1,1,1
19455,2295,2186,451,465,1980,0.0,0,396.4,0.0,0,0,0,1,0,0,0,0,0,0,0,1,1,1,1
19465,2294,2187,449,464,1981,0.0,0,395.8,0.0,0,0,0,1,0,0,0,0,0,0,0,1,1,1,1
19475,2296,2187,450,465,1981,0.0,0,396.8,0.0,0,0,0,1,0,0,0,0,0,0,0,1,1,1,1
19485,2295,2186,450,464,1982,0.0,0,395.9,0.0,0,0,0,1,0,0,0,0,0,0,0,1,1,1,1
19496,2296,2186,449,464,1981,0.0,0,396.2,0.0,0,0,0,1,0,0,0,0,0,0,0,1,1,1,1
19506,2295,2187,449,465,1982,0.0,0,396.4,0.0,0,0,0,1,0,0,0,0,0,0,0,1,1,1,1
19517,2297,2188,449,465,1981,0.0,0,396.0,0.0,0,0,0,1,0,0,0,0,0,0,0,1,1,1,1
19527,2295,2187,450,465,1981,0.0,0,396.0,0.0,0,0,0,1,0,0,0,0,0,0,0,1,1,1,1
19537,2296,2187,450,464,1981,0.0,0,396.4,0.0,0,0,0,1,0,0,0,0,0,0,0,1,1,1,1
19547,2292,2186,450,464,1982,0.0,0,396.5,0.0,0,0,0,1,0,0,0,0,0,0,0,1,1,1,1
19557,2296,2186,453,465,1981,0.0,0,396.4,0.0,0,0,0,1,0,0,0,0,0,0,0,1,1,1,1
19567,2294,2187,449,465,1980,0.0,0,396.8,0.0,0,0,0,1,0,0,0,0,0,0,0,1,1,1,1
19577,2297,2186,449,464,1981,0.0,0,396.7,0.0,0,0,0,1,0,0,0,0,0,0,0,1,1,1,1
19587,2297,2186,450,463,1980,0.0,0,396.7,0.0,0,0,0,1,0,0,0,0,0,0,0,1,1,1,1
19597,2296,2186,449,465,1980,0.0,0,396.9,0.0,0,0,0,1,0,0,0,0,0,0,0,1,1,1,1
19607,2295,2186,449,465,1981,0.0,0,396.1,0.0,0,0,0,1,0,0,0,0,0,0,0,1,1,1,1
19617,2296,2186,448,465,1981,0.0,0,396.9,0.0,0,0,0,1,0,0,0,0,0,0,0,1,1,1,1
19627,2296,2186,450,465,1981,0.0,0,396.8,0.0,0,0,0,1,0,0,0,0,0,0,0,1,1,1,1
19637,2296,2186,447,463,1979,0.0,0,396.5,0.0,0,0,0,1,0,0,0,0,0,0,0,1,1,1,1
19647,2296,2186,450,465,1979,0.0,0,396.5,0.0,0,0,0,1,0,0,0,0,0,0,0,1,1,1,1
19657,2299,2186,447,465,1979,0.0,0,396.4,0.0,0,0,0,1,0,0,0,0,0,0,0,1,1,1,1
19667,2295,2186,449,465,1980,0.0,0,396.1,0.0,0,0,0,1,0,0,0,0,0,0,0,1,1,1,1
19677,2295,2186,450,465,1980,0.0,0,396.7,0.0,0,0,0,1,0,0,0,0,0,0,0,1,1,1,1
19687,2295,2186,449,465,1979,0.0,0,396.7,0.0,0,0,0,1,0,0,0,0,0,0,0,1,1,1,1
19697,2296,2186,449,465,1979,0.0,0,396.7,0.0,0,0,0,1,0,0,0,0,0,0,0,1,1,1,1
19707,2296,2186,450,465,1979,0.0,0,396.7,0.0,0,0,0,1,0,0,0,0,0,0,0,1,1,1,1
19717,2295,2186,449,467,1979,0.0,0,396.7,0.0,0,0,0,1,0,0,0,0,0,0,0,1,1,1,1
19727,2295,2186,449,464,1980,0.0,0,396.1,0.0,0,0,0,1,0,0,0,0,0,0,0,1,1,1,1
19737,2296,2186,450,466,1979,0.0,0,396.4,0.0,0,0,0,1,0,0,0,0,0,0,0,1,1,1,1
19747,2295,2186,450,465,1979,0.0,0,396.7,0.0,0,0,0,1,0,0,0,0,0,0,0,1,1,1,1
19757,2294,2186,448,464,1979,0.0,0,396.9,0.0,0,0,0,1,0,0,0,0,0,0,0,1,1,1,1
19767,2295,2186,449,465,1979,0.0,0,396.9,0.0,0,0,0,1,0,0,0,0,0,0,0,1,1,1,1
19777,2296,2186,450,464,1979,0.0,0,396.7,0.0,0,0,0,1,0,0,0,0,0,0,0,1,1,1,1
19787,2295,2186,450,463,1981,0.0,0,396.3,0.0,0,0,0,1,0,0,0,0,0,0,0,1,1,1,1
19797,2297,2186,450,464,1982,0.0,0,396.5,0.0,0,0,0,1,0,0,0,0,0,0,0,1,1,1,1
19807,2295,2187,452,464,1981,0.0,0,396.4,0.0,0,0,0,1,0,0,0,0,0,0,0,1,1,1,1
19817,2296,2186,449,464,1980,0.0,0,396.4,0.0,0,0,0,1,0,0,0,0,0,0,0,1,1,1,1
19827,2295,2186,450,467,1981,0.0,0,396.4,0.0,0,0,0,1,0,0,0,0,0,0,0,1,1,1,1
19837,2295,2186,451,465,1982,0.0,0,396.0,0.0,0,0,0,1,0,0,0,0,0,0,0,1,1,1,1
19847,2296,2186,449,465,1984,0.0,0,396.2,0.0,0,0,0,1,0,0,0,0,0,0,0,1,1,1,1
19857,2296,2186,450,462,1981,0.0,0,396.5,0.0,0,0,0,1,0,0,0,0,0,0,0,1,1,1,1
19867,2295,2186,450,464,1982,0.0,0,397.3,0.0,0,0,0,1,0,0,0,0,0,0,0,1,1,1,1
19877,2297,2186,448,465,1980,0.0,0,395.8,0.0,0,0,0,1,0,0,0,0,0,0,0,1,1,1,1
19887,2295,2186,450,464,1981,0.0,0,395.8,0.0,0,0,0,1,0,0,0,0,0,0,0,1,1,1,1
19897,2295,2189,450,464,1981,0.0,0,396.5,0.0,0,0,0,1,0,0,0,0,0,0,0,1,1,1,1
19907,2296,2187,448,466,1981,0.0,0,396.5,0.0,0,0,0,1,0,0,0,0,0,0,0,1,1,1,1
19917,2299,2186,450,465,1982,0.0,0,396.7,0.0,0,0,0,1,0,0,0,0,0,0,0,1,1,1,1
19927,2296,2186,450,465,1980,0.0,0,396.3,0.0,0,0,0,1,0,0,0,0,0,0,0,1,1,1,1
19937,2297,2186,450,465,1982,0.0,0,396.0,0.0,0,0,0,1,0,0,0,0,0,0,0,1,1,1,1
19947,2295,2186,449,464,1979,0.0,0,396.0,0.0,0,0,0,1,0,0,0,0,0,0,0,1,1,1,1
19957,2296,2186,449,465,1979,0.0,0,396.3,0.0,0,0,0,1,0,0,0,0,0,0,0,1,1,1,1
19967,2296,2189,449,465,1979,0.0,0,396.5,0.0,0,0,0,1,0,0,0,0,0,0,0,1,1,1,1
19977,2295,2186,450,464,1982,0.0,0,396.1,0.0,0,0,0,1,0,0,0,0,0,0,0,1,1,1,1
19987,2296,2188,450,465,1980,0.0,0,396.5,0.0,0,0,0,1,0,0,0,0,0,0,0,1,1,1,1
19997,2296,2186,448,464,1978,0.0,0,396.5,0.0,0,0,0,1,0,0,0,0,0,0,0,1,1,1,1
20007,2295,2184,449,466,1979,0.0,0,396.5,0.0,0,0,0,1,0,0,0,0,0,0,0,1,1,1,1
20017,2296,2186,449,465,1981,0.0,0,397.1,0.0,0,0,0,1,0,0,0,0,0,0,0,1,1,1,1
20027,2296,2186,451,464,1979,0.0,0,396.3,0.0,0,0,0,1,0,0,0,0,0,0,0,1,1,1,1
20037,2296,2186,450,466,1980,0.0,0,396.1,0.0,0,0,0,1,0,0,0,0,0,0,0,1,1,1,1
20047,2296,2186,449,465,1979,0.0,0,396.5,0.0,0,0,0,1,0,0,0,0,0,0,0,1,1,1,1
20057,2296,2185,449,464,1979,0.0,0,396.0,0.0,0,0,0,1,0,0,0,0,0,0,0,1,1,1,1
20067,2295,2186,450,463,1979,0.0,0,396.0,0.0,0,0,0,1,0,0,0,0,0,0,0,1,1,1,1
20077,2295,2186,449,465,1980,0.0,0,396.3,0.0,0,0,0,1,0,0,0,0,0,0,0,1,1,1,1
20087,2295,2186,449,465,1981,0.0,0,396.4,0.0,0,0,0,1,0,0,0,0,0,0,0,1,1,1,1
20098,2296,2186,447,464,1983,0.0,0,396.3,0.0,0,0,0,1,0,0,0,0,0,0,0,1,1,1,1
20108,2295,2186,450,465,1982,0.0,0,396.1,0.0,0,0,0,1,0,0,0,0,0,0,0,1,1,1,1
20118,2296,2186,449,465,1981,0.0,0,396.3,0.0,0,0,0,1,0,0,0,0,0,0,0,1,1,1,1
20128,2296,2185,449,464,1981,0.0,0,396.9,0.0,0,0,0,1,0,0,0,0,0,0,0,1,1,1,1
20138,2296,2186,450,465,1981,0.0,0,396.9,0.0,0,0,0,1,0,0,0,0,0,0,0,1,1,1,1
20148,2296,2186,449,465,1981,0.0,0,396.0,0.0,0,0,0,1,0,0,0,0,0,0,0,1,1,1,1
20158,2295,2186,448,464,1981,0.0,0,396.7,0.0,0,0,0,1,0,0,0,0,0,0,0,1,1,1,1
20168,2296,2187,447,464,1981,0.0,0,396.7,0.0,0,0,0,1,0,0,0,0,0,0,0,1,1,1,1
20178,2296,2186,449,465,1981,0.0,0,396.4,0.0,0,0,0,1,0,0,0,0,0,0,0,1,1,1,1
20188,2296,2186,450,464,1982,0.0,0,396.5,0.0,0,0,0,1,0,0,0,0,0,0,0,1,1,1,1
20198,2296,2186,449,464,1981,0.0,0,396.5,0.0,0,0,0,1,0,0,0,0,0,0,0,1,1,1,1
20208,2295,2186,450,465,1981,0.0,0,396.5,0.0,0,0,0,1,0,0,0,0,0,0,0,1,1,1,1
20218,2296,2186,450,465,1981,0.0,0,396.1,0.0,0,0,0,1,0,0,0,0,0,0,0,1,1,1,1
20228,2295,2186,449,465,1981,0.0,0,396.0,0.0,0,0,0,1,0,0,0,0,0,0,0,1,1,1,1
20238,2294,2189,449,465,1980,0.0,0,396.0,0.0,0,0,0,1,0,0,0,0,0,0,0,1,1,1,1
20248,2296,2186,452,465,1979,0.0,0,396.0,0.0,0,0,0,1,0,0,0,0,0,0,0,1,1,1,1
20258,2295,2185,450,464,1980,0.0,0,396.9,0.0,0,0,0,1,0,0,0,0,0,0,0,1,1,1,1
20268,2295,2187,450,461,1980,0.0,0,397.0,0.0,0,0,0,1,0,0,0,0,0,0,0,1,1,1,1
20278,2295,2188,448,464,1978,0.0,0,396.7,0.0,0,0,0,1,0,0,0,0,0,0,0,1,1,1,1
20288,2295,2186,449,464,1979,0.0,0,396.2,0.0,0,0,0,1,0,0,0,0,0,0,0,1,1,1,1
20299,2295,2186,449,466,1979,0.0,0,397.2,0.0,0,0,0,1,0,0,0,0,0,0,0,1,1,1,1
20309,2295,2186,449,464,1978,0.0,0,397.2,0.0,0,0,0,1,0,0,0,0,0,0,0,1,1,1,1
20319,2298,2186,447,464,1978,0.0,0,396.4,0.0,0,0,0,1,0,0,0,0,0,0,0,1,1,1,1
20329,2296,2185,450,466,1979,0.0,0,396.3,0.0,0,0,0,1,0,0,0,0,0,0,0,1,1,1,1
20339,2295,2186,449,464,1979,0.0,0,396.1,0.0,0,0,0,1,0,0,0,0,0,0,0,1,1,1,1
20349,2295,2186,447,465,1979,0.0,0,396.8,0.0,0,0,0,1,0,0,0,0,0,0,0,1,1,1,1
20359,2294,2186,448,465,1979,0.0,0,396.4,0.0,0,0,0,1,0,0,0,0,0,0,0,1,1,1,1
20369,2295,2188,449,464,1979,0.0,0,396.5,0.0,0,0,0,1,0,0,0,0,0,0,0,1,1,1,1
20379,2295,2185,450,465,1981,0.0,0,396.5,0.0,0,0,0,1,0,0,0,0,0,0,0,1,1,1,1
20389,2296,2186,449,464,1981,0.0,0,396.4,0.0,0,0,0,1,0,0,0,0,0,0,0,1,1,1,1
20401,2295,2186,450,464,1980,0.0,0,397.0,0.0,0,0,0,1,0,0,0,0,0,0,0,1,1,1,1
20411,2295,2187,450,465,1981,0.0,0,396.5,0.0,0,0,0,1,0,0,0,0,0,0,0,1,1,1,1
20421,2295,2187,450,466,1984,0.0,0,396.4,0.0,0,0,0,1,0,0,0,0,0,0,0,1,1,1,1
20431,2296,2183,451,464,1981,0.0,0,396.4,0.0,0,0,0,1,0,0,0,0,0,0,0,1,1,1,1
20441,2296,2190,449,466,1982,0.0,0,396.5,0.0,0,0,0,1,0,0,0,0,0,0,0,1,1,1,1
20451,2297,2186,450,465,1981,0.0,0,396.5,0.0,0,0,0,1,0,0,0,0,0,0,0,1,1,1,1
20461,2295,2186,449,464,1983,0.0,0,396.1,0.0,0,0,0,1,0,0,0,0,0,0,0,1,1,1,1
20471,2296,2174,449,465,1982,0.0,0,396.4,0.0,0,0,0,1,0,0,0,0,0,0,0,1,1,1,1
20481,2296,2186,450,465,1984,0.0,0,396.4,0.0,0,0,0,1,0,0,0,0,0,0,0,1,1,1,1
20491,2295,2186,450,465,1983,0.0,0,396.3,0.0,0,0,0,1,0,0,0,0,0,0,0,1,1,1,1
20501,2295,2186,448,464,1981,0.0,0,396.2,0.0,0,0,0,1,0,0,0,0,0,0,0,1,1,1,1
20511,2295,2186,449,466,1983,0.0,0,396.2,0.0,0,0,0,1,0,0,0,0,0,0,0,1,1,1,1
20521,2295,2186,450,465,1982,0.0,0,396.7,0.0,0,0,0,1,0,0,0,0,0,0,0,1,1,1,1
20531,2296,2186,449,465,1980,0.0,0,396.2,0.0,0,0,0,1,0,0,0,0,0,0,0,1,1,1,1
20541,2296,2186,449,464,1982,0.0,0,396.4,0.0,0,0,0,1,0,0,0,0,0,0,0,1,1,1,1
20551,2295,2187,450,464,1980,0.0,0,396.8,0.0,0,0,0,1,0,0,0,0,0,0,0,1,1,1,1
20561,2296,2186,450,468,1978,0.0,0,396.8,0.0,0,0,0,1,0,0,0,0,0,0,0,1,1,1,1
20571,2295,2186,450,464,1978,0.0,0,396.8,0.0,0,0,0,1,0,0,0,0,0,0,0,1,1,1,1
20581,2295,2186,450,466,1979,0.0,0,396.5,0.0,0,0,0,1,0,0,0,0,0,0,0,1,1,1,1
20591,2295,2186,449,465,1982,0.0,0,396.9,0.0,0,0,0,1,0,0,0,0,0,0,0,1,1,1,1
20601,2296,2189,449,464,1980,0.0,0,396.7,0.0,0,0,0,1,0,0,0,0,0,0,0,1,1,1,1
20611,2297,2186,447,464,1981,0.0,0,396.4,0.0,0,0,0,1,0,0,0,0,0,0,0,1,1,1,1
20621,2296,2186,449,465,1979,0.0,0,396.2,0.0,0,0,0,1,0,0,0,0,0,0,0,1,1,1,1
20631,2295,2186,450,463,1979,0.0,0,396.2,0.0,0,0,0,1,0,0,0,0,0,0,0,1,1,1,1
20641,2297,2187,450,465,1979,0.0,0,396.3,0.0,0,0,0,1,0,0,0,0,0,0,0,1,1,1,1
20651,2295,2186,450,466,1979,0.0,0,396.7,0.0,0,0,0,1,0,0,0,0,0,0,0,1,1,1,1
20661,2294,2186,450,465,1980,0.0,0,396.1,0.0,0,0,0,1,0,0,0,0,0,0,0,1,1,1,1
20671,2292,2186,449,466,1980,0.0,0,396.3,0.0,0,0,0,1,0,0,0,0,0,0,0,1,1,1,1
20682,2295,2186,449,464,1982,0.0,0,397.2,0.0,0,0,0,1,0,0,0,0,0,0,0,1,1,1,1
20693,2297,2186,450,465,1981,0.0,0,396.2,0.0,0,0,0,1,0,0,0,0,0,0,0,1,1,1,1
20703,2296,2186,450,465,1981,0.0,0,396.2,0.0,0,0,0,1,0,0,0,0,0,0,0,1,1,1,1
20713,2296,2186,449,465,1981,0.0,0,396.1,0.0,0,0,0,1,0,0,0,0,0,0,0,1,1,1,1
20723,2296,2186,449,465,1981,0.0,0,396.5,0.0,0,0,0,1,0,0,0,0,0,0,0,1,1,1,1
20733,2298,2186,449,463,1981,0.0,0,396.7,0.0,0,0,0,1,0,0,0,0,0,0,0,1,1,1,1
20743,2296,2187,451,464,1981,0.0,0,396.2,0.0,0,0,0,1,0,0,0,0,0,0,0,1,1,1,1
20753,2295,2187,449,464,1981,0.0,0,396.2,0.0,0,0,0,1,0,0,0,0,0,0,0,1,1,1,1
20763,2295,2187,451,466,1982,0.0,0,396.2,0.0,0,0,0,1,0,0,0,0,0,0,0,1,1,1,1
20773,2293,2186,450,465,1982,0.0,0,396.7,0.0,0,0,0,1,0,0,0,0,0,0,0,1,1,1,1
20783,2295,2186,450,465,1982,0.0,0,396.8,0.0,0,0,0,1,0,0,0,0,0,0,0,1,1,1,1
20793,2295,2186,448,464,1980,0.0,0,396.4,0.0,0,0,0,1,0,0,0,0,0,0,0,1,1,1,1
20803,2295,2186,450,465,1981,0.0,0,396.2,0.0,0,0,0,1,0,0,0,0,0,0,0,1,1,1,1
20813,2295,2186,449,466,1981,0.0,0,396.3,0.0,0,0,0,1,0,0,0,0,0,0,0,1,1,1,1
20823,2296,2186,449,466,1982,0.0,0,396.3,0.0,0,0,0,1,0,0,0,0,0,0,0,1,1,1,1
20833,2296,2186,451,465,1981,0.0,0,396.5,0.0,0,0,0,1,0,0,0,0,0,0,0,1,1,1,1
20843,2296,2186,450,465,1982,0.0,0,396.4,0.0,0,0,0,1,0,0,0,0,0,0,0,1,1,1,1
20853,2295,2186,448,465,1979,0.0,0,396.4,0.0,0,0,0,1,0,0,0,0,0,0,0,1,1,1,1
20863,2292,2186,449,465,1980,0.0,0,396.1,0.0,0,0,0,1,0,0,0,0,0,0,0,1,1,1,1
20873,2297,2186,452,464,1979,0.0,0,396.8,0.0,0,0,0,1,0,0,0,0,0,0,0,1,1,1,1
20883,2296,2186,448,465,1979,0.0,0,396.8,0.0,0,0,0,1,0,0,0,0,0,0,0,1,1,1,1
20893,2295,2186,449,465,1979,0.0,0,396.1,0.0,0,0,0,1,0,0,0,0,0,0,0,1,1,1,1
20903,2299,2189,451,464,1979,0.0,0,396.4,0.0,0,0,0,1,0,0,0,0,0,0,0,1,1,1,1
20913,2295,2186,449,464,1979,0.0,0,396.1,0.0,0,0,0,1,0,0,0,0,0,0,0,1,1,1,1
20923,2295,2183,449,465,1979,0.0,0,396.7,0.0,0,0,0,1,0,0,0,0,0,0,0,1,1,1,1
20933,2295,2189,448,464,1980,0.0,0,396.0,0.0,0,0,0,1,0,0,0,0,0,0,0,1,1,1,1
20943,2297,2186,448,465,1979,0.0,0,396.0,0.0,0,0,0,1,0,0,0,0,0,0,0,1,1,1,1
20953,2296,2186,450,465,1981,0.0,0,396.3,0.0,0,0,0,1,0,0,0,0,0,0,0,1,1,1,1
20963,2296,2186,448,463,1980,0.0,0,396.2,0.0,0,0,0,1,0,0,0,0,0,0,0,1,1,1,1
20973,2296,2186,450,464,1980,0.0,0,396.2,0.0,0,0,0,1,0,0,0,0,0,0,0,1,1,1,1
20983,2295,2186,450,465,1981,0.0,0,396.1,0.0,0,0,0,1,0,0,0,0,0,0,0,1,1,1,1
20993,2297,2186,448,465,1981,0.0,0,396.3,0.0,0,0,0,1,0,0,0,0,0,0,0,1,1,1,1
21003,2295,2186,450,463,1982,0.0,0,396.3,0.0,0,0,0,1,0,0,0,0,0,0,0,1,1,1,1
21013,2296,2187,449,464,1981,0.0,0,395.8,0.0,0,0,0,1,0,0,0,0,0,0,0,1,1,1,1
21023,2296,2186,451,465,1981,0.0,0,396.8,0.0,0,0,0,1,0,0,0,0,0,0,0,1,1,1,1
21033,2296,2186,447,464,1979,0.0,0,396.2,0.0,0,0,0,1,0,0,0,0,0,0,0,1,1,1,1
21043,2295,2186,448,464,1981,0.0,0,396.4,0.0,0,0,0,1,0,0,0,0,0,0,0,1,1,1,1
21053,2297,2186,449,465,1981,0.0,0,396.2,0.0,0,0,0,1,0,0,0,0,0,0,0,1,1,1,1
21063,2296,2186,449,465,1981,0.0,0,396.2,0.0,0,0,0,1,0,0,0,0,0,0,0,1,1,1,1
21073,2296,2186,450,463,1982,0.0,0,396.3,0.0,0,0,0,1,0,0,0,0,0,0,0,1,1,1,1
21083,2296,2186,450,466,1981,0.0,0,396.0,0.0,0,0,0,1,0,0,0,0,0,0,0,1,1,1,1
21093,2295,2184,448,465,1981,0.0,0,396.9,0.0,0,0,0,1,0,0,0,0,0,0,0,1,1,1,1
21103,2296,2186,449,464,1979,0.0,0,396.3,0.0,0,0,0,1,0,0,0,0,0,0,0,1,1,1,1
21113,2297,2186,449,465,1981,0.0,0,396.0,0.0,0,0,0,1,0,0,0,0,0,0,0,1,1,1,1
21123,2295,2186,450,465,1981,0.0,0,396.0,0.0,0,0,0,1,0,0,0,0,0,0,0,1,1,1,1
21133,2296,2187,451,465,1981,0.0,0,396.4,0.0,0,0,0,1,0,0,0,0,0,0,0,1,1,1,1
21143,2296,2186,449,464,1981,0.0,0,396.0,0.0,0,0,0,1,0,0,0,0,0,0,0,1,1,1,1
21153,2295,2186,449,465,1980,0.0,0,396.0,0.0,0,0,0,1,0,0,0,0,0,0,0,1,1,1,1
21163,2296,2186,449,465,1980,0.0,0,396.5,0.0,0,0,0,1,0,0,0,0,0,0,0,1,1,1,1
21173,2295,2185,449,464,1979,0.0,0,396.3,0.0,0,0,0,1,0,0,0,0,0,0,0,1,1,1,1
21183,2295,2186,450,465,1979,0.0,0,396.3,0.0,0,0,0,1,0,0,0,0,0,0,0,1,1,1,1
21193,2296,2186,448,466,1981,0.0,0,396.1,0.0,0,0,0,1,0,0,0,0,0,0,0,1,1,1,1
21203,2296,2186,450,465,1979,0.0,0,396.7,0.0,0,0,0,1,0,0,0,0,0,0,0,1,1,1,1
21214,2295,2186,447,464,1980,0.0,0,396.5,0.0,0,0,0,1,0,0,0,0,0,0,0,1,1,1,1
21224,2295,2186,451,464,1981,0.0,0,396.2,0.0,0,0,0,1,0,0,0,0,0,0,0,1,1,1,1
21234,2292,2186,449,465,1979,0.0,0,396.7,0.0,0,0,0,1,0,0,0,0,0,0,0,1,1,1,1
21244,2296,2186,449,465,1979,0.0,0,396.7,0.0,0,0,0,1,0,0,0,0,0,0,0,1,1,1,1
21254,2296,2186,453,465,1979,0.0,0,396.2,0.0,0,0,0,1,0,0,0,0,0,0,0,1,1,1,1
21264,2296,2186,449,466,1979,0.0,0,396.3,0.0,0,0,0,1,0,0,0,0,0,0,0,1,1,1,1
21274,2295,2186,449,465,1979,0.0,0,396.5,0.0,0,0,0,1,0,0,0,0,0,0,0,1,1,1,1
21284,2295,2186,449,465,1981,0.0,0,396.5,0.0,0,0,0,1,0,0,0,0,0,0,0,1,1,1,1
21294,2295,2185,449,464,1981,0.0,0,396.1,0.0,0,0,0,1,0,0,0,0,0,0,0,1,1,1,1
21304,2296,2186,449,465,1980,0.0,0,396.4,0.0,0,0,0,1,0,0,0,0,0,0,0,1,1,1,1
21314,2296,2186,450,464,1981,0.0,0,396.4,0.0,0,0,0,1,0,0,0,0,0,0,0,1,1,1,1
21324,2296,2185,449,465,1980,0.0,0,396.2,0.0,0,0,0,1,0,0,0,0,0,0,0,1,1,1,1
21334,2296,2185,450,465,1981,0.0,0,396.8,0.0,0,0,0,1,0,0,0,0,0,0,0,1,1,1,1
21344,2295,2186,448,465,1981,0.0,0,395.9,0.0,0,0,0,1,0,0,0,0,0,0,0,1,1,1,1
21354,2295,2185,449,464,1981,0.0,0,395.8,0.0,0,0,0,1,0,0,0,0,0,0,0,1,1,1,1
21364,2295,2185,450,464,1980,0.0,0,395.8,0.0,0,0,0,1,0,0,0,0,0,0,0,1,1,1,1
21374,2295,2186,448,465,1981,0.0,0,395.8,0.0,0,0,0,1,0,0,0,0,0,0,0,1,1,1,1
21384,2313,2186,449,465,1981,0.0,0,396.8,0.0,0,0,0,1,0,0,0,0,0,0,0,1,1,1,1
21394,2295,2186,451,467,1981,0.0,0,396.2,0.0,0,0,0,1,0,0,0,0,0,0,0,1,1,1,1
21404,2292,2186,449,463,1981,0.0,0,396.5,0.0,0,0,0,1,0,0,0,0,0,0,0,1,1,1,1
21414,2295,2186,447,465,1981,0.0,0,397.1,0.0,0,0,0,1,0,0,0,0,0,0,0,1,1,1,1
21425,2297,2186,449,464,1981,0.0,0,396.8,0.0,0,0,0,1,0,0,0,0,0,0,0,1,1,1,1
21435,2296,2187,449,466,1981,0.0,0,396.8,0.0,0,0,0,1,0,0,0,0,0,0,0,1,1,1,1
21445,2297,2187,450,465,1981,0.0,0,396.1,0.0,0,0,0,1,0,0,0,0,0,0,0,1,1,1,1
21455,2295,2170,449,465,1980,0.0,0,396.4,0.0,0,0,0,1,0,0,0,0,0,0,0,1,1,1,1
21465,2296,2186,449,466,1980,0.0,0,396.4,0.0,0,0,0,1,0,0,0,0,0,0,0,1,1,1,1
21475,2296,2186,449,464,1979,0.0,0,396.3,0.0,0,0,0,1,0,0,0,0,0,0,0,1,1,1,1
21485,2296,2185,450,464,1981,0.0,0,396.1,0.0,0,0,0,1,0,0,0,0,0,0,0,1,1,1,1
21495,2295,2187,447,465,1983,0.0,0,396.1,0.0,0,0,0,1,0,0,0,0,0,0,0,1,1,1,1
21505,2295,2186,448,465,1980,0.0,0,396.9,0.0,0,0,0,1,0,0,0,0,0,0,0,1,1,1,1
21515,2295,2187,450,467,1980,0.0,0,395.9,0.0,0,0,0,1,0,0,0,0,0,0,0,1,1,1,1
21525,2295,2186,449,464,1981,0.0,0,396.3,0.0,0,0,0,1,0,0,0,0,0,0,0,1,1,1,1
21535,2297,2186,450,464,1979,0.0,0,396.2,0.0,0,0,0,1,0,0,0,0,0,0,0,1,1,1,1
21545,2296,2184,446,463,1979,0.0,0,396.4,0.0,0,0,0,1,0,0,0,0,0,0,0,1,1,1,1
21555,2295,2186,450,466,1980,0.0,0,396.4,0.0,0,0,0,1,0,0,0,0,0,0,0,1,1,1,1
21565,2296,2187,451,467,1978,0.0,0,396.4,0.0,0,0,0,1,0,0,0,0,0,0,0,1,1,1,1
21575,2295,2190,448,465,1979,0.0,0,396.7,0.0,0,0,0,1,0,0,0,0,0,0,0,1,1,1,1
21585,2298,2186,449,463,1979,0.0,0,396.8,0.0,0,0,0,1,0,0,0,0,0,0,0,1,1,1,1
21595,2296,2186,451,465,1981,0.0,0,397.2,0.0,0,0,0,1,0,0,0,0,0,0,0,1,1,1,1
21605,2296,2186,449,465,1981,0.0,0,396.5,0.0,0,0,0,1,0,0,0,0,0,0,0,1,1,1,1
21615,2295,2186,450,463,1981,0.0,0,396.5,0.0,0,0,0,1,0,0,0,0,0,0,0,1,1,1,1
21625,2295,2187,449,464,1981,0.0,0,396.5,0.0,0,0,0,1,0,0,0,0,0,0,0,1,1,1,1
21635,2296,2187,449,465,1980,0.0,0,396.3,0.0,0,0,0,1,0,0,0,0,0,0,0,1,1,1,1
21645,2296,2185,450,464,1984,0.0,0,396.8,0.0,0,0,0,1,0,0,0,0,0,0,0,1,1,1,1
21655,2295,2186,451,467,1982,0.0,0,396.0,0.0,0,0,0,1,0,0,0,0,0,0,0,1,1,1,1
21665,2297,2186,447,464,1981,0.0,0,397.0,0.0,0,0,0,1,0,0,0,0,0,0,0,1,1,1,1
21675,2295,2186,450,464,1981,0.0,0,397.0,0.0,0,0,0,1,0,0,0,0,0,0,0,1,1,1,1
21685,2294,2185,449,466,1981,0.0,0,396.7,0.0,0,0,0,1,0,0,0,0,0,0,0,1,1,1,1
21695,2297,2186,450,464,1982,0.0,0,396.1,0.0,0,0,0,1,0,0,0,0,0,0,0,1,1,1,1
21705,2296,2186,449,465,1982,0.0,0,396.5,0.0,0,0,0,1,0,0,0,0,0,0,0,1,1,1,1
21715,2295,2186,449,465,1981,0.0,0,396.7,0.0,0,0,0,1,0,0,0,0,0,0,0,1,1,1,1
21725,2296,2186,449,464,1981,0.0,0,396.5,0.0,0,0,0,1,0,0,0,0,0,0,0,1,1,1,1
21735,2295,2188,449,465,1980,0.0,0,396.5,0.0,0,0,0,1,0,0,0,0,0,0,0,1,1,1,1
21745,2295,2186,449,463,1980,0.0,0,396.4,0.0,0,0,0,1,0,0,0,0,0,0,0,1,1,1,1
21755,2295,2186,449,464,1981,0.0,0,396.3,0.0,0,0,0,1,0,0,0,0,0,0,0,1,1,1,1
21765,2296,2187,448,466,1980,0.0,0,396.8,0.0,0,0,0,1,0,0,0,0,0,0,0,1,1,1,1
21775,2295,2186,450,465,1978,0.0,0,396.5,0.0,0,0,0,1,0,0,0,0,0,0,0,1,1,1,1
21785,2296,2186,449,465,1979,0.0,0,396.1,0.0,0,0,0,1,0,0,0,0,0,0,0,1,1,1,1
21795,2295,2186,449,465,1979,0.0,0,396.1,0.0,0,0,0,1,0,0,0,0,0,0,0,1,1,1,1
21805,2295,2187,448,465,1979,0.0,0,396.9,0.0,0,0,0,1,0,0,0,0,0,0,0,1,1,1,1
21815,2294,2186,450,466,1979,0.0,0,396.3,0.0,0,0,0,1,0,0,0,0,0,0,0,1,1,1,1
21825,2295,2186,450,466,1979,0.0,0,396.4,0.0,0,0,0,1,0,0,0,0,0,0,0,1,1,1,1
21835,2294,2186,449,466,1979,0.0,0,396.7,0.0,0,0,0,1,0,0,0,0,0,0,0,1,1,1,1
21845,2296,2186,450,465,1978,0.0,0,396.7,0.0,0,0,0,1,0,0,0,0,0,0,0,1,1,1,1
21855,2296,2186,448,465,1979,0.0,0,396.7,0.0,0,0,0,1,0,0,0,0,0,0,0,1,1,1,1
21865,2297,2186,448,465,1980,0.0,0,396.7,0.0,0,0,0,1,0,0,0,0,0,0,0,1,1,1,1
21875,2295,2186,450,465,1980,0.0,0,396.1,0.0,0,0,0,1,0,0,0,0,0,0,0,1,1,1,1
21885,2294,2186,449,466,1980,0.0,0,396.7,0.0,0,0,0,1,0,0,0,0,0,0,0,1,1,1,1
21895,2295,2186,449,464,1981,0.0,0,396.2,0.0,0,0,0,1,0,0,0,0,0,0,0,1,1,1,1
21905,2295,2187,450,465,1981,0.0,0,396.2,0.0,0,0,0,1,0,0,0,0,0,0,0,1,1,1,1
21915,2296,2186,448,464,1981,0.0,0,396.2,0.0,0,0,0,1,0,0,0,0,0,0,0,1,1,1,1
21925,2295,2186,449,465,1982,0.0,0,396.1,0.0,0,0,0,1,0,0,0,0,0,0,0,1,1,1,1
21935,2296,2186,450,465,1981,0.0,0,395.9,0.0,0,0,0,1,0,0,0,0,0,0,0,1,1,1,1
21945,2294,2187,449,464,1982,0.0,0,396.1,0.0,0,0,0,1,0,0,0,0,0,0,0,1,1,1,1
21955,2295,2187,451,467,1980,0.0,0,396.4,0.0,0,0,0,1,0,0,0,0,0,0,0,1,1,1,1
21965,2296,2186,451,466,1981,0.0,0,395.8,0.0,0,0,0,1,0,0,0,0,0,0,0,1,1,1,1
21975,2295,2186,447,463,1981,0.0,0,395.8,0.0,0,0,0,1,0,0,0,0,0,0,0,1,1,1,1
21985,2296,2186,450,466,1981,0.0,0,396.9,0.0,0,0,0,1,0,0,0,0,0,0,0,1,1,1,1
21995,2295,2187,450,464,1981,0.0,0,396.1,0.0,0,0,0,1,0,0,0,0,0,0,0,1,1,1,1
22005,2295,2187,449,464,1980,0.0,0,396.2,0.0,0,0,0,1,0,0,0,0,0,0,0,1,1,1,1
22015,2296,2186,449,464,1982,0.0,0,395.7,0.0,0,0,0,1,0,0,0,0,0,0,0,1,1,1,1
22025,2295,2186,448,466,1980,0.0,0,397.0,0.0,0,0,0,1,0,0,0,0,0,0,0,1,1,1,1
22035,2296,2186,449,465,1981,0.0,0,397.0,0.0,0,0,0,1,0,0,0,0,0,0,0,1,1,1,1
22045,2296,2186,446,466,1981,0.0,0,396.7,0.0,0,0,0,1,0,0,0,0,0,0,0,1,1,1,1
22055,2298,2187,449,466,1983,0.0,0,396.4,0.0,0,0,0,1,0,0,0,0,0,0,0,1,1,1,1
22065,2296,2186,450,465,1979,0.0,0,396.2,0.0,0,0,0,1,0,0,0,0,0,0,0,1,1,1,1
22075,2296,2187,450,464,1979,0.0,0,396.8,0.0,0,0,0,1,0,0,0,0,0,0,0,1,1,1,1
22085,2297,2185,449,464,1979,0.0,0,396.5,0.0,0,0,0,1,0,0,0,0,0,0,0,1,1,1,1
22095,2295,2186,449,465,1979,0.0,0,396.5,0.0,0,0,0,1,0,0,0,0,0,0,0,1,1,1,1
22105,2295,2188,449,465,1979,0.0,0,396.7,0.0,0,0,0,1,0,0,0,0,0,0,0,1,1,1,1
22115,2295,2186,451,464,1980,0.0,0,396.5,0.0,0,0,0,1,0,0,0,0,0,0,0,1,1,1,1
22125,2296,2186,450,465,1978,0.0,0,397.3,0.0,0,0,0,1,0,0,0,0,0,0,0,1,1,1,1
22136,2297,2186,450,465,1979,0.0,0,396.5,0.0,0,0,0,1,0,0,0,0,0,0,0,1,1,1,1
22146,2295,2186,449,464,1979,0.0,0,396.7,0.0,0,0,0,1,0,0,0,0,0,0,0,1,1,1,1
22156,2296,2186,450,465,1980,0.0,0,396.7,0.0,0,0,0,1,0,0,0,0,0,0,0,1,1,1,1
22166,2296,2186,449,465,1979,0.0,0,395.9,0.0,0,0,0,1,0,0,0,0,0,0,0,1,1,1,1
22176,2296,2187,449,464,1980,0.0,0,396.8,0.0,0,0,0,1,0,0,0,0,0,0,0,1,1,1,1
22186,2295,2186,447,465,1980,0.0,0,396.2,0.0,0,0,0,1,0,0,0,0,0,0,0,1,1,1,1
22196,2296,2186,448,465,1981,0.0,0,396.1,0.0,0,0,0,1,0,0,0,0,0,0,0,1,1,1,1
22206,2296,2186,448,466,1981,0.0,0,396.3,0.0,0,0,0,1,0,0,0,0,0,0,0,1,1,1,1
22216,2295,2187,448,463,1980,0.0,0,396.3,0.0,0,0,0,1,0,0,0,0,0,0,0,1,1,1,1
22226,2295,2187,450,465,1982,0.0,0,396.3,0.0,0,0,0,1,0,0,0,0,0,0,0,1,1,1,1
22236,2294,2186,449,465,1982,0.0,0,396.8,0.0,0,0,0,1,0,0,0,0,0,0,0,1,1,1,1
22246,2296,2186,449,465,1981,0.0,0,396.2,0.0,0,0,0,1,0,0,0,0,0,0,0,1,1,1,1
22256,2296,2187,449,466,1981,0.0,0,395.9,0.0,0,0,0,1,0,0,0,0,0,0,0,1,1,1,1
22266,2295,2186,450,463,1981,0.0,0,396.5,0.0,0,0,0,1,0,0,0,0,0,0,0,1,1,1,1
22276,2297,2186,451,465,1981,0.0,0,396.5,0.0,0,0,0,1,0,0,0,0,0,0,0,1,1,1,1
22286,2292,2185,449,464,1980,0.0,0,396.3,0.0,0,0,0,1,0,0,0,0,0,0,0,1,1,1,1
22296,2296,2186,449,465,1981,0.0,0,396.9,0.0,0,0,0,1,0,0,0,0,0,0,0,1,1,1,1
22306,2296,2186,449,462,1981,0.0,0,396.8,0.0,0,0,0,1,0,0,0,0,0,0,0,1,1,1,1
22316,2295,2186,449,466,1981,0.0,0,396.5,0.0,0,0,0,1,0,0,0,0,0,0,0,1,1,1,1
22326,2295,2186,449,464,1980,0.0,0,396.5,0.0,0,0,0,1,0,0,0,0,0,0,0,1,1,1,1
22337,2294,2188,449,465,1981,0.0,0,396.8,0.0,0,0,0,1,0,0,0,0,0,0,0,1,1,1,1
22347,2296,2186,450,467,1981,0.0,0,396.8,0.0,0,0,0,1,0,0,0,0,0,0,0,1,1,1,1
22357,2294,2186,450,465,1981,0.0,0,396.1,0.0,0,0,0,1,0,0,0,0,0,0,0,1,1,1,1
22367,2294,2186,449,466,1979,0.0,0,396.3,0.0,0,0,0,1,0,0,0,0,0,0,0,1,1,1,1
22377,2295,2185,451,464,1979,0.0,0,396.5,0.0,0,0,0,1,0,0,0,0,0,0,0,1,1,1,1
22387,2294,2185,448,465,1978,0.0,0,396.0,0.0,0,0,0,1,0,0,0,0,0,0,0,1,1,1,1
22397,2295,2186,449,465,1978,0.0,0,396.9,0.0,0,0,0,1,0,0,0,0,0,0,0,1,1,1,1
22407,2296,2186,449,464,1982,0.0,0,396.9,0.0,0,0,0,1,0,0,0,0,0,0,0,1,1,1,1
22417,2295,2186,449,463,1977,0.0,0,396.2,0.0,0,0,0,1,0,0,0,0,0,0,0,1,1,1,1
22427,2295,2186,449,466,1979,0.0,0,397.2,0.0,0,0,0,1,0,0,0,0,0,0,0,1,1,1,1
22437,2297,2186,449,465,1979,0.0,0,396.5,0.0,0,0,0,1,0,0,0,0,0,0,0,1,1,1,1
22447,2295,2186,450,465,1978,0.0,0,396.5,0.0,0,0,0,1,0,0,0,0,0,0,0,1,1,1,1
22457,2296,2186,449,464,1979,0.0,0,397.1,0.0,0,0,0,1,0,0,0,0,0,0,0,1,1,1,1
22467,2294,2186,450,462,1979,0.0,0,397.1,0.0,0,0,0,1,0,0,0,0,0,0,0,1,1,1,1
22477,2294,2186,450,465,1979,0.0,0,396.1,0.0,0,0,0,1,0,0,0,0,0,0,0,1,1,1,1
22487,2295,2186,449,463,1980,0.0,0,396.0,0.0,0,0,0,1,0,0,0,0,0,0,0,1,1,1,1
22497,2296,2186,450,466,1981,0.0,0,396.7,0.0,0,0,0,1,0,0,0,0,0,0,0,1,1,1,1
22507,2296,2188,450,463,1981,0.0,0,396.4,0.0,0,0,0,1,0,0,0,0,0,0,0,1,1,1,1
22517,2297,2186,450,467,1981,0.0,0,396.8,0.0,0,0,0,1,0,0,0,0,0,0,0,1,1,1,1
22527,2296,2186,447,464,1981,0.0,0,396.8,0.0,0,0,0,1,0,0,0,0,0,0,0,1,1,1,1
22537,2295,2187,449,466,1981,0.0,0,397.3,0.0,0,0,0,1,0,0,0,0,0,0,0,1,1,1,1
22547,2295,2186,451,464,1981,0.0,0,396.4,0.0,0,0,0,1,0,0,0,0,0,0,0,1,1,1,1
22557,2295,2186,449,467,1981,0.0,0,396.2,0.0,0,0,0,1,0,0,0,0,0,0,0,1,1,1,1
22567,2295,2186,449,465,1981,0.0,0,396.2,0.0,0,0,0,1,0,0,0,0,0,0,0,1,1,1,1
22577,2296,2186,449,465,1981,0.0,0,396.8,0.0,0,0,0,1,0,0,0,0,0,0,0,1,1,1,1
22587,2296,2186,449,464,1982,0.0,0,396.8,0.0,0,0,0,1,0,0,0,0,0,0,0,1,1,1,1
22597,2295,2186,449,464,1981,0.0,0,396.0,0.0,0,0,0,1,0,0,0,0,0,0,0,1,1,1,1
22607,2295,2186,450,465,1980,0.0,0,396.1,0.0,0,0,0,1,0,0,0,0,0,0,0,1,1,1,1
22617,2295,2183,449,467,1982,0.0,0,397.1,0.0,0,0,0,1,0,0,0,0,0,0,0,1,1,1,1
22627,2295,2185,447,464,1981,0.0,0,396.2,0.0,0,0,0,1,0,0,0,0,0,0,0,1,1,1,1
22637,2297,2186,448,462,1981,0.0,0,396.9,0.0,0,0,0,1,0,0,0,0,0,0,0,1,1,1,1
22647,2295,2186,448,465,1981,0.0,0,396.9,0.0,0,0,0,1,0,0,0,0,0,0,0,1,1,1,1
22657,2295,2186,451,463,1982,0.0,0,396.0,0.0,0,0,0,1,0,0,0,0,0,0,0,1,1,1,1
22667,2296,2186,450,466,1980,0.0,0,396.3,0.0,0,0,0,1,0,0,0,0,0,0,0,1,1,1,1
22677,2295,2187,449,465,1980,0.0,0,396.0,0.0,0,0,0,1,0,0,0,0,0,0,0,1,1,1,1
22687,2295,2187,449,464,1979,0.0,0,397.3,0.0,0,0,0,1,0,0,0,0,0,0,0,1,1,1,1
22697,2297,2186,449,462,1979,0.0,0,396.3,0.0,0,0,0,1,0,0,0,0,0,0,0,1,1,1,1
22707,2295,2186,449,461,1979,0.0,0,396.3,0.0,0,0,0,1,0,0,0,0,0,0,0,1,1,1,1
22717,2295,2187,448,466,1981,0.0,0,397.2,0.0,0,0,0,1,0,0,0,0,0,0,0,1,1,1,1
22727,2296,2187,449,463,1979,0.0,0,395.9,0.0,0,0,0,1,0,0,0,0,0,0,0,1,1,1,1
22737,2298,2186,448,464,1980,0.0,0,397.2,0.0,0,0,0,1,0,0,0,0,0,0,0,1,1,1,1
22747,2296,2186,450,466,1979,0.0,0,396.2,0.0,0,0,0,1,0,0,0,0,0,0,0,1,1,1,1
22757,2296,2185,449,466,1979,0.0,0,396.3,0.0,0,0,0,1,0,0,0,0,0,0,0,1,1,1,1
22767,2296,2187,450,466,1979,0.0,0,396.3,0.0,0,0,0,1,0,0,0,0,0,0,0,1,1,1,1
22777,2295,2187,451,465,1979,0.0,0,396.8,0.0,0,0,0,1,0,0,0,0,0,0,0,1,1,1,1
22787,2295,2186,450,464,1979,0.0,0,397.1,0.0,0,0,0,1,0,0,0,0,0,0,0,1,1,1,1
22797,2295,2186,449,465,1980,0.0,0,396.0,0.0,0,0,0,1,0,0,0,0,0,0,0,1,1,1,1
22807,2295,2186,450,465,1981,0.0,0,396.0,0.0,0,0,0,1,0,0,0,0,0,0,0,1,1,1,1
22818,2296,2186,448,465,1983,0.0,0,396.7,0.0,0,0,0,1,0,0,0,0,0,0,0,1,1,1,1
22828,2295,2186,450,465,1980,0.0,0,396.7,0.0,0,0,0,1,0,0,0,0,0,0,0,1,1,1,1
22838,2295,2186,449,465,1981,0.0,0,396.2,0.0,0,0,0,1,0,0,0,0,0,0,0,1,1,1,1
22848,2296,2186,451,464,1981,0.0,0,396.3,0.0,0,0,0,1,0,0,0,0,0,0,0,1,1,1,1
22858,2296,2186,449,464,1981,0.0,0,396.0,0.0,0,0,0,1,0,0,0,0,0,0,0,1,1,1,1
22868,2295,2186,450,465,1979,0.0,0,396.0,0.0,0,0,0,1,0,0,0,0,0,0,0,1,1,1,1
22878,2296,2186,450,466,1984,0.0,0,396.7,0.0,0,0,0,1,0,0,0,0,0,0,0,1,1,1,1
22888,2296,2186,451,465,1981,0.0,0,396.7,0.0,0,0,0,1,0,0,0,0,0,0,0,1,1,1,1
22898,2295,2186,449,465,1980,0.0,0,396.5,0.0,0,0,0,1,0,0,0,0,0,0,0,1,1,1,1
22908,2296,2184,452,464,1981,0.0,0,396.7,0.0,0,0,0,1,0,0,0,0,0,0,0,1,1,1,1
22918,2296,2188,450,465,1981,0.0,0,396.1,0.0,0,0,0,1,0,0,0,0,0,0,0,1,1,1,1
22928,2296,2185,449,466,1981,0.0,0,397.0,0.0,0,0,0,1,0,0,0,0,0,0,0,1,1,1,1
22938,2295,2186,451,463,1981,0.0,0,396.2,0.0,0,0,0,1,0,0,0,0,0,0,0,1,1,1,1
22948,2296,2187,449,465,1983,0.0,0,396.2,0.0,0,0,0,1,0,0,0,0,0,0,0,1,1,1,1
22958,2295,2186,448,466,1981,0.0,0,396.2,0.0,0,0,0,1,0,0,0,0,0,0,0,1,1,1,1
22968,2296,2186,449,465,1982,0.0,0,396.8,0.0,0,0,0,1,0,0,0,0,0,0,0,1,1,1,1
22978,2295,2186,451,465,1979,0.0,0,396.7,0.0,0,0,0,1,0,0,0,0,0,0,0,1,1,1,1
22988,2296,2186,449,465,1979,0.0,0,397.1,0.0,0,0,0,1,0,0,0,0,0,0,0,1,1,1,1
22998,2296,2187,449,464,1980,0.0,0,396.2,0.0,0,0,0,1,0,0,0,0,0,0,0,1,1,1,1
23008,2296,2186,448,465,1980,0.0,0,396.3,0.0,0,0,0,1,0,0,0,0,0,0,0,1,1,1,1
23018,2296,2187,451,465,1980,0.0,0,396.3,0.0,0,0,0,1,0,0,0,0,0,0,0,1,1,1,1
23028,2295,2186,450,462,1979,0.0,0,396.2,0.0,0,0,0,1,0,0,0,0,0,0,0,1,1,1,1
23038,2297,2186,449,465,1979,0.0,0,397.4,0.0,0,0,0,1,0,0,0,0,0,0,0,1,1,1,1
23048,2295,2186,448,465,1978,0.0,0,396.3,0.0,0,0,0,1,0,0,0,0,0,0,0,1,1,1,1
23058,2295,2186,449,465,1979,0.0,0,396.0,0.0,0,0,0,1,0,0,0,0,0,0,0,1,1,1,1
23068,2296,2186,449,464,1980,0.0,0,396.8,0.0,0,0,0,1,0,0,0,0,0,0,0,1,1,1,1
23078,2296,2186,450,465,1979,0.0,0,396.8,0.0,0,0,0,1,0,0,0,0,0,0,0,1,1,1,1
23088,2295,2186,451,465,1980,0.0,0,396.1,0.0,0,0,0,1,0,0,0,0,0,0,0,1,1,1,1
23098,2295,2184,449,465,1979,0.0,0,396.1,0.0,0,0,0,1,0,0,0,0,0,0,0,1,1,1,1
23108,2295,2185,449,464,1981,0.0,0,396.3,0.0,0,0,0,1,0,0,0,0,0,0,0,1,1,1,1
23118,2295,2186,448,464,1981,0.0,0,396.7,0.0,0,0,0,1,0,0,0,0,0,0,0,1,1,1,1
23128,2296,2186,450,464,1981,0.0,0,396.4,0.0,0,0,0,1,0,0,0,0,0,0,0,1,1,1,1
23138,2296,2186,448,467,1982,0.0,0,396.4,0.0,0,0,0,1,0,0,0,0,0,0,0,1,1,1,1
23148,2295,2186,449,465,1980,0.0,0,396.0,0.0,0,0,0,1,0,0,0,0,0,0,0,1,1,1,1
23158,2298,2186,449,464,1984,0.0,0,396.7,0.0,0,0,0,1,0,0,0,0,0,0,0,1,1,1,1
23168,2297,2188,450,466,1982,0.0,0,397.2,0.0,0,0,0,1,0,0,0,0,0,0,0,1,1,1,1
23178,2295,2186,449,464,1981,0.0,0,396.1,0.0,0,0,0,1,0,0,0,0,0,0,0,1,1,1,1
23188,2297,2186,451,464,1980,0.0,0,396.4,0.0,0,0,0,1,0,0,0,0,0,0,0,1,1,1,1
23198,2296,2186,449,465,1982,0.0,0,396.4,0.0,0,0,0,1,0,0,0,0,0,0,0,1,1,1,1
23208,2296,2186,449,466,1980,0.0,0,396.3,0.0,0,0,0,1,0,0,0,0,0,0,0,1,1,1,1
23218,2296,2186,450,465,1981,0.0,0,396.5,0.0,0,0,0,1,0,0,0,0,0,0,0,1,1,1,1
23228,2295,2186,448,464,1982,0.0,0,395.9,0.0,0,0,0,1,0,0,0,0,0,0,0,1,1,1,1
23238,2296,2188,450,464,1981,0.0,0,396.5,0.0,0,0,0,1,0,0,0,0,0,0,0,1,1,1,1
23248,2296,2186,450,464,1981,0.0,0,396.5,0.0,0,0,0,1,0,0,0,0,0,0,0,1,1,1,1
23258,2294,2187,448,465,1981,0.0,0,396.2,0.0,0,0,0,1,0,0,0,0,0,0,0,1,1,1,1
23268,2296,2186,450,464,1981,0.0,0,396.9,0.0,0,0,0,1,0,0,0,0,0,0,0,1,1,1,1
23278,2293,2186,449,465,1980,0.0,0,396.7,0.0,0,0,0,1,0,0,0,0,0,0,0,1,1,1,1
23288,2296,2186,450,463,1979,0.0,0,396.4,0.0,0,0,0,1,0,0,0,0,0,0,0,1,1,1,1
23298,2295,2186,449,465,1979,0.0,0,396.0,0.0,0,0,0,1,0,0,0,0,0,0,0,1,1,1,1
23308,2295,2186,446,466,1979,0.0,0,396.0,0.0,0,0,0,1,0,0,0,0,0,0,0,1,1,1,1
23318,2293,2186,449,466,1979,0.0,0,396.1,0.0,0,0,0,1,0,0,0,0,0,0,0,1,1,1,1
23328,2295,2186,450,465,1980,0.0,0,396.5,0.0,0,0,0,1,0,0,0,0,0,0,0,1,1,1,1
23338,2295,2186,449,466,1982,0.0,0,396.3,0.0,0,0,0,1,0,0,0,0,0,0,0,1,1,1,1
23348,2296,2186,451,463,1979,0.0,0,396.1,0.0,0,0,0,1,0,0,0,0,0,0,0,1,1,1,1
23358,2297,2187,448,465,1979,0.0,0,396.3,0.0,0,0,0,1,0,0,0,0,0,0,0,1,1,1,1
23368,2296,2185,449,464,1978,0.0,0,396.3,0.0,0,0,0,1,0,0,0,0,0,0,0,1,1,1,1
23378,2295,2186,448,465,1979,0.0,0,396.8,0.0,0,0,0,1,0,0,0,0,0,0,0,1,1,1,1
23388,2295,2186,450,465,1979,0.0,0,396.7,0.0,0,0,0,1,0,0,0,0,0,0,0,1,1,1,1
23398,2295,2187,451,465,1979,0.0,0,396.7,0.0,0,0,0,1,0,0,0,0,0,0,0,1,1,1,1
23408,2296,2186,450,465,1981,0.0,0,396.7,0.0,0,0,0,1,0,0,0,0,0,0,0,1,1,1,1
23418,2292,2184,450,464,1981,0.0,0,396.3,0.0,0,0,0,1,0,0,0,0,0,0,0,1,1,1,1
23428,2296,2186,448,464,1981,0.0,0,396.3,0.0,0,0,0,1,0,0,0,0,0,0,0,1,1,1,1
23438,2296,2186,451,463,1981,0.0,0,396.3,0.0,0,0,0,1,0,0,0,0,0,0,0,1,1,1,1
23448,2296,2185,448,465,1980,0.0,0,396.8,0.0,0,0,0,1,0,0,0,0,0,0,0,1,1,1,1
23458,2296,2186,449,464,1981,0.0,0,396.4,0.0,0,0,0,1,0,0,0,0,0,0,0,1,1,1,1
23468,2293,2187,449,465,1981,0.0,0,396.2,0.0,0,0,0,1,0,0,0,0,0,0,0,1,1,1,1
23478,2296,2186,449,464,1981,0.0,0,396.7,0.0,0,0,0,1,0,0,0,0,0,0,0,1,1,1,1
23489,2296,2185,449,464,1981,0.0,0,396.2,0.0,0,0,0,1,0,0,0,0,0,0,0,1,1,1,1
23499,2296,2187,449,466,1982,0.0,0,396.2,0.0,0,0,0,1,0,0,0,0,0,0,0,1,1,1,1
23509,2295,2186,449,464,1982,0.0,0,396.3,0.0,0,0,0,1,0,0,0,0,0,0,0,1,1,1,1
23519,2295,2189,449,466,1981,0.0,0,396.5,0.0,0,0,0,1,0,0,0,0,0,0,0,1,1,1,1
23529,2296,2186,447,463,1982,0.0,0,396.3,0.0,0,0,0,1,0,0,0,0,0,0,0,1,1,1,1
23539,2296,2186,450,465,1981,0.0,0,396.3,0.0,0,0,0,1,0,0,0,0,0,0,0,1,1,1,1
23549,2296,2185,448,466,1980,0.0,0,396.4,0.0,0,0,0,1,0,0,0,0,0,0,0,1,1,1,1
23559,2297,2186,450,465,1981,0.0,0,396.4,0.0,0,0,0,1,0,0,0,0,0,0,0,1,1,1,1
23569,2294,2186,449,465,1981,0.0,0,396.3,0.0,0,0,0,1,0,0,0,0,0,0,0,1,1,1,1
23579,2295,2186,449,465,1979,0.0,0,396.4,0.0,0,0,0,1,0,0,0,0,0,0,0,1,1,1,1
23589,2296,2186,453,466,1980,0.0,0,396.1,0.0,0,0,0,1,0,0,0,0,0,0,0,1,1,1,1
23599,2296,2185,449,465,1979,0.0,0,396.2,0.0,0,0,0,1,0,0,0,0,0,0,0,1,1,1,1
23609,2295,2186,449,465,1979,0.0,0,396.2,0.0,0,0,0,1,0,0,0,0,0,0,0,1,1,1,1
23619,2295,2186,447,464,1979,0.0,0,396.2,0.0,0,0,0,1,0,0,0,0,0,0,0,1,1,1,1
23629,2296,2186,450,466,1980,0.0,0,395.9,0.0,0,0,0,1,0,0,0,0,0,0,0,1,1,1,1
23639,2295,2188,448,464,1980,0.0,0,396.4,0.0,0,0,0,1,0,0,0,0,0,0,0,1,1,1,1
23649,2295,2187,450,465,1981,0.0,0,396.9,0.0,0,0,0,1,0,0,0,0,0,0,0,1,1,1,1
23659,2295,2186,450,465,1979,0.0,0,397.4,0.0,0,0,0,1,0,0,0,0,0,0,0,1,1,1,1
23669,2297,2186,449,464,1977,0.0,0,396.2,0.0,0,0,0,1,0,0,0,0,0,0,0,1,1,1,1
23679,2296,2187,450,464,1979,0.0,0,396.2,0.0,0,0,0,1,0,0,0,0,0,0,0,1,1,1,1
23689,2295,2186,449,464,1980,0.0,0,396.2,0.0,0,0,0,1,0,0,0,0,0,0,0,1,1,1,1
23699,2296,2186,450,466,1979,0.0,0,396.4,0.0,0,0,0,1,0,0,0,0,0,0,0,1,1,1,1
23709,2294,2186,449,464,1979,0.0,0,396.7,0.0,0,0,0,1,0,0,0,0,0,0,0,1,1,1,1
23719,2295,2186,449,465,1981,0.0,0,396.5,0.0,0,0,0,1,0,0,0,0,0,0,0,1,1,1,1
23729,2295,2185,449,465,1981,0.0,0,396.9,0.0,0,0,0,1,0,0,0,0,0,0,0,1,1,1,1
23739,2296,2185,449,464,1981,0.0,0,396.9,0.0,0,0,0,1,0,0,0,0,0,0,0,1,1,1,1
23749,2296,2187,449,466,1981,0.0,0,396.2,0.0,0,0,0,1,0,0,0,0,0,0,0,1,1,1,1
23759,2295,2188,448,464,1981,0.0,0,396.2,0.0,0,0,0,1,0,0,0,0,0,0,0,1,1,1,1
23769,2296,2186,449,464,1982,0.0,0,396.1,0.0,0,0,0,1,0,0,0,0,0,0,0,1,1,1,1
23779,2296,2186,449,466,1981,0.0,0,396.4,0.0,0,0,0,1,0,0,0,0,0,0,0,1,1,1,1
23789,2297,2186,448,465,1982,0.0,0,396.7,0.0,0,0,0,1,0,0,0,0,0,0,0,1,1,1,1
23799,2296,2186,450,464,1981,0.0,0,396.7,0.0,0,0,0,1,0,0,0,0,0,0,0,1,1,1,1
23809,2296,2187,449,464,1982,0.0,0,396.7,0.0,0,0,0,1,0,0,0,0,0,0,0,1,1,1,1
23819,2295,2186,450,465,1982,0.0,0,396.2,0.0,0,0,0,1,0,0,0,0,0,0,0,1,1,1,1
23829,2296,2186,448,466,1981,0.0,0,396.2,0.0,0,0,0,1,0,0,0,0,0,0,0,1,1,1,1
23839,2297,2186,451,463,1980,0.0,0,396.7,0.0,0,0,0,1,0,0,0,0,0,0,0,1,1,1,1
23849,2296,2186,450,464,1982,0.0,0,397.2,0.0,0,0,0,1,0,0,0,0,0,0,0,1,1,1,1
23859,2295,2186,450,463,1981,0.0,0,397.2,0.0,0,0,0,1,0,0,0,0,0,0,0,1,1,1,1
23869,2296,2187,448,465,1981,0.0,0,396.3,0.0,0,0,0,1,0,0,0,0,0,0,0,1,1,1,1
23879,2295,2187,450,466,1981,0.0,0,396.1,0.0,0,0,0,1,0,0,0,0,0,0,0,1,1,1,1
23889,2295,2187,451,466,1979,0.0,0,396.3,0.0,0,0,0,1,0,0,0,0,0,0,0,1,1,1,1
23899,2296,2185,447,464,1981,0.0,0,395.9,0.0,0,0,0,1,0,0,0,0,0,0,0,1,1,1,1
23909,2296,2186,449,464,1978,0.0,0,396.4,0.0,0,0,0,1,0,0,0,0,0,0,0,1,1,1,1
23919,2296,2186,451,465,1981,0.0,0,396.4,0.0,0,0,0,1,0,0,0,0,0,0,0,1,1,1,1
23929,2296,2186,449,466,1979,0.0,0,396.3,0.0,0,0,0,1,0,0,0,0,0,0,0,1,1,1,1
23939,2298,2186,451,465,1979,0.0,0,396.9,0.0,0,0,0,1,0,0,0,0,0,0,0,1,1,1,1
23949,2295,2186,448,463,1980,0.0,0,396.8,0.0,0,0,0,1,0,0,0,0,0,0,0,1,1,1,1
23959,2295,2186,450,464,1979,0.0,0,396.4,0.0,0,0,0,1,0,0,0,0,0,0,0,1,1,1,1
23970,2295,2186,449,465,1980,0.0,0,396.1,0.0,0,0,0,1,0,0,0,0,0,0,0,1,1,1,1
23980,2296,2186,449,466,1980,0.0,0,396.1,0.0,0,0,0,1,0,0,0,0,0,0,0,1,1,1,1
23990,2295,2186,449,464,1979,0.0,0,396.0,0.0,0,0,0,1,0,0,0,0,0,0,0,1,1,1,1
24000,2295,2186,449,464,1979,0.0,0,397.0,0.0,0,0,0,1,0,0,0,0,0,0,0,1,1,1,1
24010,2295,2186,451,465,1979,0.0,0,396.0,0.0,0,0,0,1,0,0,0,0,0,0,0,1,1,1,1
24020,2295,2186,450,465,1981,0.0,0,396.0,0.0,0,0,0,1,0,0,0,0,0,0,0,1,1,1,1
24030,2296,2186,451,465,1981,0.0,0,396.2,0.0,0,0,0,1,0,0,0,0,0,0,0,1,1,1,1
24040,2295,2186,449,464,1981,0.0,0,396.2,0.0,0,0,0,1,0,0,0,0,0,0,0,1,1,1,1
24050,2296,2186,449,465,1981,0.0,0,396.5,0.0,0,0,0,1,0,0,0,0,0,0,0,1,1,1,1
24060,2295,2186,451,464,1981,0.0,0,396.3,0.0,0,0,0,1,0,0,0,0,0,0,0,1,1,1,1
24070,2295,2186,449,465,1981,0.0,0,396.1,0.0,0,0,0,1,0,0,0,0,0,0,0,1,1,1,1
24080,2295,2186,450,466,1981,0.0,0,396.2,0.0,0,0,0,1,0,0,0,0,0,0,0,1,1,1,1
24090,2295,2185,450,461,1981,0.0,0,396.3,0.0,0,0,0,1,0,0,0,0,0,0,0,1,1,1,1
24100,2296,2186,448,463,1981,0.0,0,396.3,0.0,0,0,0,1,0,0,0,0,0,0,0,1,1,1,1
24110,2293,2187,449,465,1981,0.0,0,395.9,0.0,0,0,0,1,0,0,0,0,0,0,0,1,1,1,1
24120,2297,2187,449,466,1981,0.0,0,396.2,0.0,0,0,0,1,0,0,0,0,0,0,0,1,1,1,1
24130,2295,2185,449,463,1980,0.0,0,396.1,0.0,0,0,0,1,0,0,0,0,0,0,0,1,1,1,1
24140,2293,2186,449,464,1981,0.0,0,396.1,0.0,0,0,0,1,0,0,0,0,0,0,0,1,1,1,1
24150,2296,2186,450,465,1981,0.0,0,396.1,0.0,0,0,0,1,0,0,0,0,0,0,0,1,1,1,1
24161,2297,2185,450,464,1981,0.0,0,396.3,0.0,0,0,0,1,0,0,0,0,0,0,0,1,1,1,1
24171,2296,2186,449,464,1980,0.0,0,396.3,0.0,0,0,0,1,0,0,0,0,0,0,0,1,1,1,1
24181,2295,2186,449,464,1983,0.0,0,396.1,0.0,0,0,0,1,0,0,0,0,0,0,0,1,1,1,1
24191,2295,2186,450,465,1979,0.0,0,396.1,0.0,0,0,0,1,0,0,0,0,0,0,0,1,1,1,1
24201,2296,2185,449,464,1980,0.0,0,396.7,0.0,0,0,0,1,0,0,0,0,0,0,0,1,1,1,1
24211,2296,2186,451,466,1980,0.0,0,396.1,0.0,0,0,0,1,0,0,0,0,0,0,0,1,1,1,1
24221,2297,2187,448,466,1980,0.0,0,396.9,0.0,0,0,0,1,0,0,0,0,0,0,0,1,1,1,1
24231,2295,2186,449,464,1979,0.0,0,396.9,0.0,0,0,0,1,0,0,0,0,0,0,0,1,1,1,1
24241,2295,2186,449,465,1981,0.0,0,396.3,0.0,0,0,0,1,0,0,0,0,0,0,0,1,1,1,1
24251,2295,2186,450,465,1980,0.0,0,396.7,0.0,0,0,0,1,0,0,0,0,0,0,0,1,1,1,1
24261,2295,2186,449,465,1980,0.0,0,396.7,0.0,0,0,0,1,0,0,0,0,0,0,0,1,1,1,1
24271,2295,2185,449,465,1980,0.0,0,396.5,0.0,0,0,0,1,0,0,0,0,0,0,0,1,1,1,1
24281,2294,2185,448,465,1978,0.0,0,396.5,0.0,0,0,0,1,0,0,0,0,0,0,0,1,1,1,1
24291,2294,2182,447,463,1979,0.0,0,396.5,0.0,0,0,0,1,0,0,0,0,0,0,0,1,1,1,1
24301,2297,2186,448,465,1980,0.0,0,396.0,0.0,0,0,0,1,0,0,0,0,0,0,0,1,1,1,1
24311,2295,2184,449,462,1980,0.0,0,395.9,0.0,0,0,0,1,0,0,0,0,0,0,0,1,1,1,1
24321,2294,2186,450,464,1983,0.0,0,396.2,0.0,0,0,0,1,0,0,0,0,0,0,0,1,1,1,1
24331,2295,2186,447,466,1981,0.0,0,397.3,0.0,0,0,0,1,0,0,0,0,0,0,0,1,1,1,1
24341,2297,2189,447,462,1981,0.0,0,396.5,0.0,0,0,0,1,0,0,0,0,0,0,0,1,1,1,1
24351,2295,2186,450,465,1981,0.0,0,396.5,0.0,0,0,0,1,0,0,0,0,0,0,0,1,1,1,1
24361,2295,2185,450,465,1982,0.0,0,396.7,0.0,0,0,0,1,0,0,0,0,0,0,0,1,1,1,1
24371,2295,2186,449,463,1981,0.0,0,396.4,0.0,0,0,0,1,0,0,0,0,0,0,0,1,1,1,1
24381,2297,2185,450,463,1983,0.0,0,396.4,0.0,0,0,0,1,0,0,0,0,0,0,0,1,1,1,1
24391,2296,2186,448,465,1982,0.0,0,396.9,0.0,0,0,0,1,0,0,0,0,0,0,0,1,1,1,1
24401,2296,2186,448,466,1983,0.0,0,396.4,0.0,0,0,0,1,0,0,0,0,0,0,0,1,1,1,1
24411,2296,2186,449,465,1981,0.0,0,396.4,0.0,0,0,0,1,0,0,0,0,0,0,0,1,1,1,1
24421,2295,2185,451,466,1982,0.0,0,396.5,0.0,0,0,0,1,0,0,0,0,0,0,0,1,1,1,1
24431,2295,2185,449,464,1980,0.0,0,396.7,0.0,0,0,0,1,0,0,0,0,0,0,0,1,1,1,1
24441,2296,2187,449,466,1984,0.0,0,396.7,0.0,0,0,0,1,0,0,0,0,0,0,0,1,1,1,1
24451,2297,2186,449,465,1981,0.0,0,396.7,0.0,0,0,0,1,0,0,0,0,0,0,0,1,1,1,1
24461,2293,2186,449,465,1982,0.0,0,396.4,0.0,0,0,0,1,0,0,0,0,0,0,0,1,1,1,1
24471,2295,2187,448,465,1982,0.0,0,396.4,0.0,0,0,0,1,0,0,0,0,0,0,0,1,1,1,1
24481,2296,2186,450,466,1979,0.0,0,396.5,0.0,0,0,0,1,0,0,0,0,0,0,0,1,1,1,1
24491,2296,2187,449,465,1980,0.0,0,396.4,0.0,0,0,0,1,0,0,0,0,0,0,0,1,1,1,1
24501,2295,2186,449,465,1982,0.0,0,396.3,0.0,0,0,0,1,0,0,0,0,0,0,0,1,1,1,1
24511,2295,2186,450,466,1980,0.0,0,396.3,0.0,0,0,0,1,0,0,0,0,0,0,0,1,1,1,1
24521,2296,2185,449,465,1981,0.0,0,396.5,0.0,0,0,0,1,0,0,0,0,0,0,0,1,1,1,1
24531,2296,2186,449,466,1979,0.0,0,396.5,0.0,0,0,0,1,0,0,0,0,0,0,0,1,1,1,1
24541,2296,2187,446,465,1979,0.0,0,396.1,0.0,0,0,0,1,0,0,0,0,0,0,0,1,1,1,1
24551,2296,2186,449,465,1979,0.0,0,396.5,0.0,0,0,0,1,0,0,0,0,0,0,0,1,1,1,1
24561,2295,2186,449,465,1981,0.0,0,396.3,0.0,0,0,0,1,0,0,0,0,0,0,0,1,1,1,1
24571,2296,2186,449,465,1979,0.0,0,397.0,0.0,0,0,0,1,0,0,0,0,0,0,0,1,1,1,1
24581,2295,2186,448,465,1979,0.0,0,396.5,0.0,0,0,0,1,0,0,0,0,0,0,0,1,1,1,1
24591,2296,2187,449,465,1979,0.0,0,396.5,0.0,0,0,0,1,0,0,0,0,0,0,0,1,1,1,1
24601,2296,2188,449,464,1980,0.0,0,396.9,0.0,0,0,0,1,0,0,0,0,0,0,0,1,1,1,1
24611,2296,2187,450,464,1980,0.0,0,396.2,0.0,0,0,0,1,0,0,0,0,0,0,0,1,1,1,1
24621,2295,2186,450,465,1982,0.0,0,395.9,0.0,0,0,0,1,0,0,0,0,0,0,0,1,1,1,1
24631,2295,2187,449,464,1980,0.0,0,396.7,0.0,0,0,0,1,0,0,0,0,0,0,0,1,1,1,1
24641,2296,2186,448,465,1982,0.0,0,396.2,0.0,0,0,0,1,0,0,0,0,0,0,0,1,1,1,1
24651,2295,2186,449,466,1981,0.0,0,396.2,0.0,0,0,0,1,0,0,0,0,0,0,0,1,1,1,1
24661,2294,2187,449,465,1983,0.0,0,397.0,0.0,0,0,0,1,0,0,0,0,0,0,0,1,1,1,1
24671,2296,2187,450,466,1981,0.0,0,396.7,0.0,0,0,0,1,0,0,0,0,0,0,0,1,1,1,1
24681,2296,2186,450,464,1981,0.0,0,396.9,0.0,0,0,0,1,0,0,0,0,0,0,0,1,1,1,1
24691,2296,2185,447,464,1980,0.0,0,396.8,0.0,0,0,0,1,0,0,0,0,0,0,0,1,1,1,1
24701,2295,2185,449,465,1981,0.0,0,396.7,0.0,0,0,0,1,0,0,0,0,0,0,0,1,1,1,1
24711,2296,2186,448,464,1981,0.0,0,396.7,0.0,0,0,0,1,0,0,0,0,0,0,0,1,1,1,1
24721,2295,2186,450,467,1982,0.0,0,396.4,0.0,0,0,0,1,0,0,0,0,0,0,0,1,1,1,1
24731,2295,2186,449,465,1981,0.0,0,396.4,0.0,0,0,0,1,0,0,0,0,0,0,0,1,1,1,1
24741,2297,2187,451,464,1982,0.0,0,396.0,0.0,0,0,0,1,0,0,0,0,0,0,0,1,1,1,1
24751,2296,2186,449,463,1983,0.0,0,396.1,0.0,0,0,0,1,0,0,0,0,0,0,0,1,1,1,1
24761,2296,2186,448,465,1981,0.0,0,396.2,0.0,0,0,0,1,0,0,0,0,0,0,0,1,1,1,1
24771,2295,2187,450,465,1981,0.0,0,396.2,0.0,0,0,0,1,0,0,0,0,0,0,0,1,1,1,1
24781,2295,2186,450,465,1981,0.0,0,396.0,0.0,0,0,0,1,0,0,0,0,0,0,0,1,1,1,1
24791,2294,2186,451,464,1981,0.0,0,396.4,0.0,0,0,0,1,0,0,0,0,0,0,0,1,1,1,1
24801,2296,2183,452,465,1980,0.0,0,397.2,0.0,0,0,0,1,0,0,0,0,0,0,0,1,1,1,1
24811,2296,2186,451,465,1980,0.0,0,396.7,0.0,0,0,0,1,0,0,0,0,0,0,0,1,1,1,1
24821,2299,2186,450,466,1980,0.0,0,396.3,0.0,0,0,0,1,0,0,0,0,0,0,0,1,1,1,1
24831,2294,2186,450,465,1979,0.0,0,396.3,0.0,0,0,0,1,0,0,0,0,0,0,0,1,1,1,1
24841,2297,2186,449,464,1978,0.0,0,396.3,0.0,0,0,0,1,0,0,0,0,0,0,0,1,1,1,1
24851,2295,2187,449,465,1979,0.0,0,396.4,0.0,0,0,0,1,0,0,0,0,0,0,0,1,1,1,1
24861,2293,2187,449,465,1983,0.0,0,396.4,0.0,0,0,0,1,0,0,0,0,0,0,0,1,1,1,1
24871,2295,2186,450,465,1980,0.0,0,396.1,0.0,0,0,0,1,0,0,0,0,0,0,0,1,1,1,1
24881,2297,2185,450,465,1979,0.0,0,396.9,0.0,0,0,0,1,0,0,0,0,0,0,0,1,1,1,1
24891,2296,2186,449,465,1979,0.0,0,396.9,0.0,0,0,0,1,0,0,0,0,0,0,0,1,1,1,1
24901,2294,2186,448,465,1980,0.0,0,396.7,0.0,0,0,0,1,0,0,0,0,0,0,0,1,1,1,1
24911,2295,2186,449,467,1978,0.0,0,396.8,0.0,0,0,0,1,0,0,0,0,0,0,0,1,1,1,1
24921,2295,2186,450,466,1980,0.0,0,396.7,0.0,0,0,0,1,0,0,0,0,0,0,0,1,1,1,1
24931,2295,2186,449,465,1984,0.0,0,396.4,0.0,0,0,0,1,0,0,0,0,0,0,0,1,1,1,1
24941,2297,2186,449,464,1982,0.0,0,397.4,0.0,0,0,0,1,0,0,0,0,0,0,0,1,1,1,1
24951,2296,2186,448,465,1982,0.0,0,397.4,0.0,0,0,0,1,0,0,0,0,0,0,0,1,1,1,1
24961,2296,2188,450,464,1983,0.0,0,396.3,0.0,0,0,0,1,0,0,0,0,0,0,0,1,1,1,1
24971,2295,2186,449,464,1982,0.0,0,395.9,0.0,0,0,0,1,0,0,0,0,0,0,0,1,1,1,1
24981,2295,2186,450,466,1981,0.0,0,396.5,0.0,0,0,0,1,0,0,0,0,0,0,0,1,1,1,1
24991,2296,2187,449,464,1985,0.0,0,396.7,0.0,0,0,0,1,0,0,0,0,0,0,0,1,1,1,1
25001,2296,2186,449,465,1981,0.0,0,396.2,0.0,0,0,0,1,0,0,0,0,0,0,0,1,1,1,1
25011,2296,2186,450,464,1981,0.0,0,396.2,0.0,0,0,0,1,0,0,0,0,0,0,0,1,1,1,1
25021,2296,2187,451,466,1982,0.0,0,396.3,0.0,0,0,0,1,0,0,0,0,0,0,0,1,1,1,1
25031,2296,2186,449,464,1981,0.0,0,396.1,0.0,0,0,0,1,0,0,0,0,0,0,0,1,1,1,1
25041,2296,2186,449,463,1983,0.0,0,396.1,0.0,0,0,0,1,0,0,0,0,0,0,0,1,1,1,1
25051,2294,2187,451,464,1982,0.0,0,397.1,0.0,0,0,0,1,0,0,0,0,0,0,0,1,1,1,1
25061,2297,2186,449,463,1980,0.0,0,396.4,0.0,0,0,0,1,0,0,0,0,0,0,0,1,1,1,1
25071,2296,2186,449,464,1981,0.0,0,396.4,0.0,0,0,0,1,0,0,0,0,0,0,0,1,1,1,1
25081,2296,2186,451,464,1982,0.0,0,396.2,0.0,0,0,0,1,0,0,0,0,0,0,0,1,1,1,1
25091,2300,2186,449,466,1981,0.0,0,396.4,0.0,0,0,0,1,0,0,0,0,0,0,0,1,1,1,1
25101,2295,2186,450,465,1979,0.0,0,396.5,0.0,0,0,0,1,0,0,0,0,0,0,0,1,1,1,1
25111,2297,2186,449,466,1980,0.0,0,396.1,0.0,0,0,0,1,0,0,0,0,0,0,0,1,1,1,1
25121,2298,2186,449,464,1980,0.0,0,396.8,0.0,0,0,0,1,0,0,0,0,0,0,0,1,1,1,1
25131,2296,2186,449,464,1979,0.0,0,396.8,0.0,0,0,0,1,0,0,0,0,0,0,0,1,1,1,1
25141,2296,2186,448,465,1980,0.0,0,396.3,0.0,0,0,0,1,0,0,0,0,0,0,0,1,1,1,1
25151,2296,2186,450,464,1980,0.0,0,397.1,0.0,0,0,0,1,0,0,0,0,0,0,0,1,1,1,1
25161,2296,2186,447,468,1978,0.0,0,396.3,0.0,0,0,0,1,0,0,0,0,0,0,0,1,1,1,1
25171,2295,2186,450,464,1979,0.0,0,396.3,0.0,0,0,0,1,0,0,0,0,0,0,0,1,1,1,1
25181,2296,2185,451,464,1979,0.0,0,396.5,0.0,0,0,0,1,0,0,0,0,0,0,0,1,1,1,1
25191,2295,2186,449,464,1979,0.0,0,396.5,0.0,0,0,0,1,0,0,0,0,0,0,0,1,1,1,1
25201,2296,2186,451,464,1982,0.0,0,396.2,0.0,0,0,0,1,0,0,0,0,0,0,0,1,1,1,1
25211,2296,2186,451,465,1981,0.0,0,396.5,0.0,0,0,0,1,0,0,0,0,0,0,0,1,1,1,1
25221,2295,2186,450,465,1979,0.0,0,396.1,0.0,0,0,0,1,0,0,0,0,0,0,0,1,1,1,1
25231,2295,2186,449,464,1981,0.0,0,396.0,0.0,0,0,0,1,0,0,0,0,0,0,0,1,1,1,1
25241,2295,2185,449,466,1983,0.0,0,396.0,0.0,0,0,0,1,0,0,0,0,0,0,0,1,1,1,1
25251,2296,2187,450,463,1981,0.0,0,396.0,0.0,0,0,0,1,0,0,0,0,0,0,0,1,1,1,1
25261,2295,2186,450,464,1983,0.0,0,396.9,0.0,0,0,0,1,0,0,0,0,0,0,0,1,1,1,1
25271,2295,2186,450,466,1982,0.0,0,396.7,0.0,0,0,0,1,0,0,0,0,0,0,0,1,1,1,1
25281,2293,2186,449,466,1983,0.0,0,396.5,0.0,0,0,0,1,0,0,0,0,0,0,0,1,1,1,1
25291,2295,2186,448,469,1981,0.0,0,396.3,0.0,0,0,0,1,0,0,0,0,0,0,0,1,1,1,1
25301,2296,2186,450,465,1978,0.0,0,396.3,0.0,0,0,0,1,0,0,0,0,0,0,0,1,1,1,1
25311,2295,2183,448,465,1981,0.0,0,396.3,0.0,0,0,0,1,0,0,0,0,0,0,0,1,1,1,1
25321,2295,2188,450,465,1981,0.0,0,396.3,0.0,0,0,0,1,0,0,0,0,0,0,0,1,1,1,1
25331,2295,2185,451,465,1983,0.0,0,396.1,0.0,0,0,0,1,0,0,0,0,0,0,0,1,1,1,1
25341,2296,2185,450,466,1979,0.0,0,395.7,0.0,0,0,0,1,0,0,0,0,0,0,0,1,1,1,1
25351,2298,2185,449,464,1982,0.0,0,396.9,0.0,0,0,0,1,0,0,0,0,0,0,0,1,1,1,1
25361,2296,2186,447,465,1981,0.0,0,396.4,0.0,0,0,0,1,0,0,0,0,0,0,0,1,1,1,1
25371,2295,2186,449,464,1983,0.0,0,396.4,0.0,0,0,0,1,0,0,0,0,0,0,0,1,1,1,1
25381,2274,2186,449,466,1980,0.0,0,396.4,0.0,0,0,0,1,0,0,0,0,0,0,0,1,1,1,1
25391,2295,2186,449,463,1981,0.0,0,396.9,0.0,0,0,0,1,0,0,0,0,0,0,0,1,1,1,1
25401,2295,2186,450,465,1980,0.0,0,396.7,0.0,0,0,0,1,0,0,0,0,0,0,0,1,1,1,1
25411,2295,2186,450,466,1979,0.0,0,396.5,0.0,0,0,0,1,0,0,0,0,0,0,0,1,1,1,1
25421,2295,2186,449,462,1980,0.0,0,396.2,0.0,0,0,0,1,0,0,0,0,0,0,0,1,1,1,1
25431,2295,2191,450,466,1981,0.0,0,396.2,0.0,0,0,0,1,0,0,0,0,0,0,0,1,1,1,1
25441,2295,2186,449,464,1979,0.0,0,396.2,0.0,0,0,0,1,0,0,0,0,0,0,0,1,1,1,1
25451,2296,2188,448,465,1980,0.0,0,396.3,0.0,0,0,0,1,0,0,0,0,0,0,0,1,1,1,1
25461,2295,2186,449,465,1979,0.0,0,396.4,0.0,0,0,0,1,0,0,0,0,0,0,0,1,1,1,1
25471,2295,2186,448,466,1978,0.0,0,396.7,0.0,0,0,0,1,0,0,0,0,0,0,0,1,1,1,1
25481,2298,2186,449,464,1979,0.0,0,396.3,0.0,0,0,0,1,0,0,0,0,0,0,0,1,1,1,1
25491,2295,2185,450,464,1981,0.0,0,396.7,0.0,0,0,0,1,0,0,0,0,0,0,0,1,1,1,1
25501,2298,2186,450,465,1980,0.0,0,396.7,0.0,0,0,0,1,0,0,0,0,0,0,0,1,1,1,1
25511,2295,2186,449,465,1978,0.0,0,396.7,0.0,0,0,0,1,0,0,0,0,0,0,0,1,1,1,1
25521,2296,2186,446,466,1982,0.0,0,396.9,0.0,0,0,0,1,0,0,0,0,0,0,0,1,1,1,1
25531,2295,2186,451,465,1982,0.0,0,396.4,0.0,0,0,0,1,0,0,0,0,0,0,0,1,1,1,1
25541,2294,2186,449,465,1981,0.0,0,396.2,0.0,0,0,0,1,0,0,0,0,0,0,0,1,1,1,1
25551,2295,2186,451,464,1982,0.0,0,396.0,0.0,0,0,0,1,0,0,0,0,0,0,0,1,1,1,1
25561,2296,2186,450,466,1980,0.0,0,396.2,0.0,0,0,0,1,0,0,0,0,0,0,0,1,1,1,1
25571,2295,2186,450,465,1981,0.0,0,396.2,0.0,0,0,0,1,0,0,0,0,0,0,0,1,1,1,1
25581,2296,2186,449,465,1981,0.0,0,396.5,0.0,0,0,0,1,0,0,0,0,0,0,0,1,1,1,1
25591,2293,2186,450,465,1981,0.0,0,396.2,0.0,0,0,0,1,0,0,0,0,0,0,0,1,1,1,1
25602,2296,2186,450,466,1982,0.0,0,396.7,0.0,0,0,0,1,0,0,0,0,0,0,0,1,1,1,1
25612,2295,2186,450,463,1980,0.0,0,396.7,0.0,0,0,0,1,0,0,0,0,0,0,0,1,1,1,1
25622,2295,2186,450,465,1982,0.0,0,396.7,0.0,0,0,0,1,0,0,0,0,0,0,0,1,1,1,1
25632,2296,2186,450,465,1981,0.0,0,396.7,0.0,0,0,0,1,0,0,0,0,0,0,0,1,1,1,1
25642,2292,2184,451,464,1980,0.0,0,396.2,0.0,0,0,0,1,0,0,0,0,0,0,0,1,1,1,1
25652,2296,2186,451,465,1981,0.0,0,396.5,0.0,0,0,0,1,0,0,0,0,0,0,0,1,1,1,1
25662,2296,2186,450,463,1981,0.0,0,396.1,0.0,0,0,0,1,0,0,0,0,0,0,0,1,1,1,1
25672,2296,2186,449,465,1981,0.0,0,396.4,0.0,0,0,0,1,0,0,0,0,0,0,0,1,1,1,1
25682,2296,2186,450,462,1980,0.0,0,396.2,0.0,0,0,0,1,0,0,0,0,0,0,0,1,1,1,1
25692,2296,2186,447,465,1982,0.0,0,395.9,0.0,0,0,0,1,0,0,0,0,0,0,0,1,1,1,1
25702,2296,2187,448,465,1980,0.0,0,396.9,0.0,0,0,0,1,0,0,0,0,0,0,0,1,1,1,1
25712,2295,2186,453,464,1977,0.0,0,396.9,0.0,0,0,0,1,0,0,0,0,0,0,0,1,1,1,1
25722,2295,2187,448,464,1979,0.0,0,396.5,0.0,0,0,0,1,0,0,0,0,0,0,0,1,1,1,1
25732,2298,2186,455,464,1979,0.0,0,396.5,0.0,0,0,0,1,0,0,0,0,0,0,0,1,1,1,1
25742,2296,2186,449,464,1980,0.0,0,396.5,0.0,0,0,0,1,0,0,0,0,0,0,0,1,1,1,1
25752,2296,2186,450,465,1979,0.0,0,396.1,0.0,0,0,0,1,0,0,0,0,0,0,0,1,1,1,1
25762,2295,2187,451,466,1980,0.0,0,396.1,0.0,0,0,0,1,0,0,0,0,0,0,0,1,1,1,1
25772,2298,2186,450,463,1979,0.0,0,396.1,0.0,0,0,0,1,0,0,0,0,0,0,0,1,1,1,1
25782,2294,2186,450,465,1980,0.0,0,396.0,0.0,0,0,0,1,0,0,0,0,0,0,0,1,1,1,1
25792,2295,2187,447,465,1979,0.0,0,395.8,0.0,0,0,0,1,0,0,0,0,0,0,0,1,1,1,1
25802,2295,2186,447,465,1980,0.0,0,396.1,0.0,0,0,0,1,0,0,0,0,0,0,0,1,1,1,1
25812,2295,2186,449,466,1978,0.0,0,396.1,0.0,0,0,0,1,0,0,0,0,0,0,0,1,1,1,1
25823,2295,2186,448,465,1980,0.0,0,395.5,0.0,0,0,0,1,0,0,0,0,0,0,0,1,1,1,1
25833,2296,2186,450,464,1981,0.0,0,395.5,0.0,0,0,0,1,0,0,0,0,0,0,0,1,1,1,1
25843,2295,2186,448,465,1981,0.0,0,396.8,0.0,0,0,0,1,0,0,0,0,0,0,0,1,1,1,1
25853,2299,2186,450,465,1981,0.0,0,396.1,0.0,0,0,0,1,0,0,0,0,0,0,0,1,1,1,1
25863,2296,2186,448,465,1982,0.0,0,396.2,0.0,0,0,0,1,0,0,0,0,0,0,0,1,1,1,1
25873,2295,2186,449,464,1981,0.0,0,396.7,0.0,0,0,0,1,0,0,0,0,0,0,0,1,1,1,1
25883,2295,2186,449,464,1981,0.0,0,396.3,0.0,0,0,0,1,0,0,0,0,0,0,0,1,1,1,1
25893,2296,2186,451,465,1981,0.0,0,396.3,0.0,0,0,0,1,0,0,0,0,0,0,0,1,1,1,1
25903,2296,2186,450,465,1981,0.0,0,396.2,0.0,0,0,0,1,0,0,0,0,0,0,0,1,1,1,1
25913,2296,2187,450,465,1981,0.0,0,397.0,0.0,0,0,0,1,0,0,0,0,0,0,0,1,1,1,1
25923,2300,2186,449,464,1981,0.0,0,396.7,0.0,0,0,0,1,0,0,0,0,0,0,0,1,1,1,1
25933,2296,2185,450,463,1981,0.0,0,396.3,0.0,0,0,0,1,0,0,0,0,0,0,0,1,1,1,1
25943,2297,2186,447,465,1981,0.0,0,396.2,0.0,0,0,0,1,0,0,0,0,0,0,0,1,1,1,1
25953,2295,2186,448,466,1981,0.0,0,396.2,0.0,0,0,0,1,0,0,0,0,0,0,0,1,1,1,1
25963,2295,2186,450,466,1982,0.0,0,396.5,0.0,0,0,0,1,0,0,0,0,0,0,0,1,1,1,1
25973,2295,2186,449,466,1980,0.0,0,396.4,0.0,0,0,0,1,0,0,0,0,0,0,0,1,1,1,1
25983,2298,2187,449,465,1981,0.0,0,396.8,0.0,0,0,0,1,0,0,0,0,0,0,0,1,1,1,1
25993,2295,2186,448,464,1981,0.0,0,396.2,0.0,0,0,0,1,0,0,0,0,0,0,0,1,1,1,1
26004,2296,2186,449,464,1981,0.0,0,396.8,0.0,0,0,0,1,0,0,0,0,0,0,0,1,1,1,1
26014,2295,2185,450,465,1979,0.0,0,396.8,0.0,0,0,0,1,0,0,0,0,0,0,0,1,1,1,1
26024,2295,2187,449,465,1979,0.0,0,396.5,0.0,0,0,0,1,0,0,0,0,0,0,0,1,1,1,1
26034,2295,2186,450,466,1979,0.0,0,396.1,0.0,0,0,0,1,0,0,0,0,0,0,0,1,1,1,1
26044,2295,2185,450,463,1979,0.0,0,396.2,0.0,0,0,0,1,0,0,0,0,0,0,0,1,1,1,1
26054,2295,2186,449,465,1979,0.0,0,396.8,0.0,0,0,0,1,0,0,0,0,0,0,0,1,1,1,1
26064,2296,2186,449,466,1980,0.0,0,396.7,0.0,0,0,0,1,0,0,0,0,0,0,0,1,1,1,1
26074,2295,2189,449,466,1979,0.0,0,396.7,0.0,0,0,0,1,0,0,0,0,0,0,0,1,1,1,1
26084,2295,2187,449,465,1980,0.0,0,396.7,0.0,0,0,0,1,0,0,0,0,0,0,0,1,1,1,1
26094,2296,2186,451,473,1979,0.0,0,396.1,0.0,0,0,0,1,0,0,0,0,0,0,0,1,1,1,1
26104,2296,2186,448,464,1979,0.0,0,396.3,0.0,0,0,0,1,0,0,0,0,0,0,0,1,1,1,1
26114,2296,2185,450,465,1979,0.0,0,396.1,0.0,0,0,0,1,0,0,0,0,0,0,0,1,1,1,1
26124,2296,2186,449,464,1979,0.0,0,396.8,0.0,0,0,0,1,0,0,0,0,0,0,0,1,1,1,1
26134,2295,2187,449,465,1980,0.0,0,396.4,0.0,0,0,0,1,0,0,0,0,0,0,0,1,1,1,1
26144,2295,2189,449,466,1981,0.0,0,396.4,0.0,0,0,0,1,0,0,0,0,0,0,0,1,1,1,1
26154,2295,2186,447,465,1981,0.0,0,396.4,0.0,0,0,0,1,0,0,0,0,0,0,0,1,1,1,1
26164,2296,2187,450,464,1981,0.0,0,396.3,0.0,0,0,0,1,0,0,0,0,0,0,0,1,1,1,1
26174,2296,2186,449,465,1980,0.0,0,396.2,0.0,0,0,0,1,0,0,0,0,0,0,0,1,1,1,1
26184,2296,2185,448,464,1981,0.0,0,396.4,0.0,0,0,0,1,0,0,0,0,0,0,0,1,1,1,1
26195,2296,2186,451,467,1981,0.0,0,396.3,0.0,0,0,0,1,0,0,0,0,0,0,0,1,1,1,1
26205,2296,2186,449,464,1981,0.0,0,396.3,0.0,0,0,0,1,0,0,0,0,0,0,0,1,1,1,1
26215,2296,2186,450,464,1982,0.0,0,396.3,0.0,0,0,0,1,0,0,0,0,0,0,0,1,1,1,1
26225,2295,2186,449,465,1981,0.0,0,396.1,0.0,0,0,0,1,0,0,0,0,0,0,0,1,1,1,1
26235,2296,2186,449,465,1981,0.0,0,397.0,0.0,0,0,0,1,0,0,0,0,0,0,0,1,1,1,1
26245,2296,2186,448,464,1984,0.0,0,396.2,0.0,0,0,0,1,0,0,0,0,0,0,0,1,1,1,1
26255,2296,2186,450,464,1977,0.0,0,396.2,0.0,0,0,0,1,0,0,0,0,0,0,0,1,1,1,1
26265,2295,2187,450,465,1981,0.0,0,396.2,0.0,0,0,0,1,0,0,0,0,0,0,0,1,1,1,1
26275,2295,2186,450,464,1981,0.0,0,396.2,0.0,0,0,0,1,0,0,0,0,0,0,0,1,1,1,1
26285,2295,2186,451,466,1979,0.0,0,396.4,0.0,0,0,0,1,0,0,0,0,0,0,0,1,1,1,1
26295,2294,2186,449,464,1980,0.0,0,396.1,0.0,0,0,0,1,0,0,0,0,0,0,0,1,1,1,1
26305,2295,2186,449,464,1980,0.0,0,396.0,0.0,0,0,0,1,0,0,0,0,0,0,0,1,1,1,1
26315,2294,2185,449,464,1980,0.0,0,396.3,0.0,0,0,0,1,0,0,0,0,0,0,0,1,1,1,1
26325,2295,2186,450,465,1980,0.0,0,396.3,0.0,0,0,0,1,0,0,0,0,0,0,0,1,1,1,1
26335,2295,2187,449,465,1979,0.0,0,396.1,0.0,0,0,0,1,0,0,0,0,0,0,0,1,1,1,1
26345,2297,2185,447,466,1979,0.0,0,396.0,0.0,0,0,0,1,0,0,0,0,0,0,0,1,1,1,1
26355,2295,2186,450,465,1979,0.0,0,396.5,0.0,0,0,0,1,0,0,0,0,0,0,0,1,1,1,1
26365,2295,2185,450,466,1979,0.0,0,396.7,0.0,0,0,0,1,0,0,0,0,0,0,0,1,1,1,1
26375,2296,2185,450,465,1979,0.0,0,396.5,0.0,0,0,0,1,0,0,0,0,0,0,0,1,1,1,1
26385,2295,2185,449,465,1979,0.0,0,396.5,0.0,0,0,0,1,0,0,0,0,0,0,0,1,1,1,1
26395,2295,2187,451,467,1980,0.0,0,396.2,0.0,0,0,0,1,0,0,0,0,0,0,0,1,1,1,1
26405,2296,2186,449,464,1978,0.0,0,396.7,0.0,0,0,0,1,0,0,0,0,0,0,0,1,1,1,1
26415,2295,2186,448,464,1979,0.0,0,396.7,0.0,0,0,0,1,0,0,0,0,0,0,0,1,1,1,1
26425,2295,2186,449,466,1979,0.0,0,396.2,0.0,0,0,0,1,0,0,0,0,0,0,0,1,1,1,1
26435,2296,2186,450,464,1980,0.0,0,396.5,0.0,0,0,0,1,0,0,0,0,0,0,0,1,1,1,1
26445,2297,2187,450,465,1981,0.0,0,396.5,0.0,0,0,0,1,0,0,0,0,0,0,0,1,1,1,1
26455,2296,2187,449,466,1981,0.0,0,396.2,0.0,0,0,0,1,0,0,0,0,0,0,0,1,1,1,1
26465,2295,2186,449,464,1981,0.0,0,396.4,0.0,0,0,0,1,0,0,0,0,0,0,0,1,1,1,1
26475,2296,2186,451,464,1979,0.0,0,397.0,0.0,0,0,0,1,0,0,0,0,0,0,0,1,1,1,1
26485,2295,2186,450,466,1982,0.0,0,396.4,0.0,0,0,0,1,0,0,0,0,0,0,0,1,1,1,1
26495,2299,2186,450,464,1980,0.0,0,396.5,0.0,0,0,0,1,0,0,0,0,0,0,0,1,1,1,1
26505,2295,2187,450,464,1981,0.0,0,396.5,0.0,0,0,0,1,0,0,0,0,0,0,0,1,1,1,1
26515,2295,2190,449,466,1980,0.0,0,396.1,0.0,0,0,0,1,0,0,0,0,0,0,0,1,1,1,1
26525,2294,2188,450,464,1980,0.0,0,396.7,0.0,0,0,0,1,0,0,0,0,0,0,0,1,1,1,1
26535,2296,2187,450,464,1981,0.0,0,396.3,0.0,0,0,0,1,0,0,0,0,0,0,0,1,1,1,1
26545,2296,2185,449,465,1980,0.0,0,396.1,0.0,0,0,0,1,0,0,0,0,0,0,0,1,1,1,1
26555,2295,2186,452,465,1981,0.0,0,396.1,0.0,0,0,0,1,0,0,0,0,0,0,0,1,1,1,1
26565,2295,2186,449,463,1981,0.0,0,396.1,0.0,0,0,0,1,0,0,0,0,0,0,0,1,1,1,1
26575,2295,2186,450,468,1981,0.0,0,396.7,0.0,0,0,0,1,0,0,0,0,0,0,0,1,1,1,1
26585,2296,2186,450,465,1981,0.0,0,396.3,0.0,0,0,0,1,0,0,0,0,0,0,0,1,1,1,1
26595,2296,2187,450,464,1981,0.0,0,396.3,0.0,0,0,0,1,0,0,0,0,0,0,0,1,1,1,1
26605,2295,2186,449,467,1981,0.0,0,396.0,0.0,0,0,0,1,0,0,0,0,0,0,0,1,1,1,1
26616,2296,2187,449,464,1979,0.0,0,396.7,0.0,0,0,0,1,0,0,0,0,0,0,0,1,1,1,1
26626,2293,2187,449,468,1981,0.0,0,396.7,0.0,0,0,0,1,0,0,0,0,0,0,0,1,1,1,1
26636,2296,2186,450,464,1979,0.0,0,396.5,0.0,0,0,0,1,0,0,0,0,0,0,0,1,1,1,1
26646,2293,2186,450,464,1980,0.0,0,395.7,0.0,0,0,0,1,0,0,0,0,0,0,0,1,1,1,1
26656,2296,2186,449,465,1979,0.0,0,396.5,0.0,0,0,0,1,0,0,0,0,0,0,0,1,1,1,1
26666,2295,2187,449,466,1979,0.0,0,396.8,0.0,0,0,0,1,0,0,0,0,0,0,0,1,1,1,1
26676,2298,2187,453,463,1979,0.0,0,396.3,0.0,0,0,0,1,0,0,0,0,0,0,0,1,1,1,1
26686,2295,2189,450,462,1981,0.0,0,396.3,0.0,0,0,0,1,0,0,0,0,0,0,0,1,1,1,1
26696,2295,2186,449,465,1979,0.0,0,396.8,0.0,0,0,0,1,0,0,0,0,0,0,0,1,1,1,1
26706,2295,2186,449,464,1979,0.0,0,397.0,0.0,0,0,0,1,0,0,0,0,0,0,0,1,1,1,1
26716,2295,2186,448,465,1979,0.0,0,396.2,0.0,0,0,0,1,0,0,0,0,0,0,0,1,1,1,1
26726,2297,2187,448,466,1979,0.0,0,396.5,0.0,0,0,0,1,0,0,0,0,0,0,0,1,1,1,1
26736,2296,2186,449,464,1979,0.0,0,395.7,0.0,0,0,0,1,0,0,0,0,0,0,0,1,1,1,1
26746,2295,2187,449,465,1982,0.0,0,395.7,0.0,0,0,0,1,0,0,0,0,0,0,0,1,1,1,1
26756,2295,2186,449,465,1981,0.0,0,396.0,0.0,0,0,0,1,0,0,0,0,0,0,0,1,1,1,1
26766,2295,2186,449,465,1981,0.0,0,396.1,0.0,0,0,0,1,0,0,0,0,0,0,0,1,1,1,1
26776,2295,2183,448,465,1981,0.0,0,396.5,0.0,0,0,0,1,0,0,0,0,0,0,0,1,1,1,1
26786,2296,2186,449,465,1981,0.0,0,396.5,0.0,0,0,0,1,0,0,0,0,0,0,0,1,1,1,1
26796,2293,2186,449,465,1980,0.0,0,396.1,0.0,0,0,0,1,0,0,0,0,0,0,0,1,1,1,1
26806,2296,2186,450,465,1981,0.0,0,396.0,0.0,0,0,0,1,0,0,0,0,0,0,0,1,1,1,1
26816,2296,2188,450,463,1980,0.0,0,396.0,0.0,0,0,0,1,0,0,0,0,0,0,0,1,1,1,1
26826,2295,2186,449,464,1980,0.0,0,396.4,0.0,0,0,0,1,0,0,0,0,0,0,0,1,1,1,1
26836,2295,2186,450,465,1983,0.0,0,396.5,0.0,0,0,0,1,0,0,0,0,0,0,0,1,1,1,1
26846,2296,2187,451,465,1982,0.0,0,397.0,0.0,0,0,0,1,0,0,0,0,0,0,0,1,1,1,1
26856,2295,2186,449,466,1983,0.0,0,396.8,0.0,0,0,0,1,0,0,0,0,0,0,0,1,1,1,1
26867,2297,2185,449,465,1981,0.0,0,396.2,0.0,0,0,0,1,0,0,0,0,0,0,0,1,1,1,1
26877,2296,2186,450,465,1982,0.0,0,396.2,0.0,0,0,0,1,0,0,0,0,0,0,0,1,1,1,1
26887,2299,2186,450,465,1981,0.0,0,396.8,0.0,0,0,0,1,0,0,0,0,0,0,0,1,1,1,1
26897,2296,2186,450,464,1980,0.0,0,397.2,0.0,0,0,0,1,0,0,0,0,0,0,0,1,1,1,1
26907,2295,2186,450,464,1981,0.0,0,396.0,0.0,0,0,0,1,0,0,0,0,0,0,0,1,1,1,1
26917,2295,2187,449,465,1980,0.0,0,396.7,0.0,0,0,0,1,0,0,0,0,0,0,0,1,1,1,1
26928,2295,2186,449,464,1978,0.0,0,396.0,0.0,0,0,0,1,0,0,0,0,0,0,0,1,1,1,1
26938,2295,2186,450,465,1979,0.0,0,396.0,0.0,0,0,0,1,0,0,0,0,0,0,0,1,1,1,1
26948,2295,2186,449,466,1979,0.0,0,395.9,0.0,0,0,0,1,0,0,0,0,0,0,0,1,1,1,1
26958,2295,2186,448,466,1980,0.0,0,396.5,0.0,0,0,0,1,0,0,0,0,0,0,0,1,1,1,1
26968,2295,2186,448,466,1979,0.0,0,396.8,0.0,0,0,0,1,0,0,0,0,0,0,0,1,1,1,1
26978,2295,2186,449,465,1979,0.0,0,395.9,0.0,0,0,0,1,0,0,0,0,0,0,0,1,1,1,1
26988,2296,2186,448,466,1979,0.0,0,396.2,0.0,0,0,0,1,0,0,0,0,0,0,0,1,1,1,1
26998,2296,2186,451,465,1979,0.0,0,396.2,0.0,0,0,0,1,0,0,0,0,0,0,0,1,1,1,1
27008,2293,2186,449,464,1979,0.0,0,396.4,0.0,0,0,0,1,0,0,0,0,0,0,0,1,1,1,1
27018,2296,2186,450,463,1979,0.0,0,396.5,0.0,0,0,0,1,0,0,0,0,0,0,0,1,1,1,1
27028,2296,2186,449,465,1979,0.0,0,396.2,0.0,0,0,0,1,0,0,0,0,0,0,0,1,1,1,1
27038,2296,2186,450,464,1979,0.0,0,396.8,0.0,0,0,0,1,0,0,0,0,0,0,0,1,1,1,1
27048,2295,2186,447,464,1981,0.0,0,396.2,0.0,0,0,0,1,0,0,0,0,0,0,0,1,1,1,1
27058,2295,2186,449,464,1980,0.0,0,396.2,0.0,0,0,0,1,0,0,0,0,0,0,0,1,1,1,1
27068,2296,2186,450,467,1981,0.0,0,396.3,0.0,0,0,0,1,0,0,0,0,0,0,0,1,1,1,1
27078,2295,2186,450,465,1981,0.0,0,396.7,0.0,0,0,0,1,0,0,0,0,0,0,0,1,1,1,1
27088,2299,2187,449,464,1980,0.0,0,396.2,0.0,0,0,0,1,0,0,0,0,0,0,0,1,1,1,1
27098,2294,2185,448,464,1980,0.0,0,396.4,0.0,0,0,0,1,0,0,0,0,0,0,0,1,1,1,1
27108,2295,2186,452,464,1981,0.0,0,396.3,0.0,0,0,0,1,0,0,0,0,0,0,0,1,1,1,1
27118,2296,2186,449,465,1980,0.0,0,396.3,0.0,0,0,0,1,0,0,0,0,0,0,0,1,1,1,1
27128,2294,2186,449,466,1982,0.0,0,396.4,0.0,0,0,0,1,0,0,0,0,0,0,0,1,1,1,1
27138,2296,2186,448,464,1981,0.0,0,396.5,0.0,0,0,0,1,0,0,0,0,0,0,0,1,1,1,1
27148,2295,2186,450,465,1981,0.0,0,396.4,0.0,0,0,0,1,0,0,0,0,0,0,0,1,1,1,1
27158,2293,2186,447,464,1981,0.0,0,396.8,0.0,0,0,0,1,0,0,0,0,0,0,0,1,1,1,1
27168,2296,2185,450,465,1980,0.0,0,395.9,0.0,0,0,0,1,0,0,0,0,0,0,0,1,1,1,1
27178,2295,2186,449,465,1982,0.0,0,395.9,0.0,0,0,0,1,0,0,0,0,0,0,0,1,1,1,1
27188,2295,2177,450,465,1982,0.0,0,396.2,0.0,0,0,0,1,0,0,0,0,0,0,0,1,1,1,1
27198,2295,2186,449,466,1982,0.0,0,396.4,0.0,0,0,0,1,0,0,0,0,0,0,0,1,1,1,1
27208,2297,2187,450,464,1980,0.0,0,396.1,0.0,0,0,0,1,0,0,0,0,0,0,0,1,1,1,1
27218,2296,2186,449,466,1978,0.0,0,396.3,0.0,0,0,0,1,0,0,0,0,0,0,0,1,1,1,1
27228,2296,2186,450,464,1979,0.0,0,396.5,0.0,0,0,0,1,0,0,0,0,0,0,0,1,1,1,1
27239,2297,2186,448,464,1979,0.0,0,396.0,0.0,0,0,0,1,0,0,0,0,0,0,0,1,1,1,1
27249,2295,2186,448,465,1979,0.0,0,396.0,0.0,0,0,0,1,0,0,0,0,0,0,0,1,1,1,1
27259,2296,2186,451,465,1979,0.0,0,396.4,0.0,0,0,0,1,0,0,0,0,0,0,0,1,1,1,1
27269,2296,2185,451,464,1979,0.0,0,397.1,0.0,0,0,0,1,0,0,0,0,0,0,0,1,1,1,1
27279,2294,2186,450,466,1980,0.0,0,396.2,0.0,0,0,0,1,0,0,0,0,0,0,0,1,1,1,1
27289,2295,2185,449,464,1978,0.0,0,396.2,0.0,0,0,0,1,0,0,0,0,0,0,0,1,1,1,1
27299,2297,2186,449,466,1979,0.0,0,396.3,0.0,0,0,0,1,0,0,0,0,0,0,0,1,1,1,1
27309,2295,2183,450,465,1978,0.0,0,396.3,0.0,0,0,0,1,0,0,0,0,0,0,0,1,1,1,1
27319,2295,2189,449,466,1979,0.0,0,396.4,0.0,0,0,0,1,0,0,0,0,0,0,0,1,1,1,1
27329,2295,2186,450,465,1979,0.0,0,396.4,0.0,0,0,0,1,0,0,0,0,0,0,0,1,1,1,1
27339,2293,2186,449,465,1977,0.0,0,396.0,0.0,0,0,0,1,0,0,0,0,0,0,0,1,1,1,1
27349,2295,2186,449,464,1981,0.0,0,396.5,0.0,0,0,0,1,0,0,0,0,0,0,0,1,1,1,1
27359,2296,2186,449,464,1981,0.0,0,396.0,0.0,0,0,0,1,0,0,0,0,0,0,0,1,1,1,1
27369,2295,2186,450,465,1981,0.0,0,396.0,0.0,0,0,0,1,0,0,0,0,0,0,0,1,1,1,1
27379,2295,2186,450,465,1978,0.0,0,396.3,0.0,0,0,0,1,0,0,0,0,0,0,0,1,1,1,1
27389,2295,2186,448,464,1980,0.0,0,396.5,0.0,0,0,0,1,0,0,0,0,0,0,0,1,1,1,1
27399,2295,2187,450,466,1982,0.0,0,396.4,0.0,0,0,0,1,0,0,0,0,0,0,0,1,1,1,1
27409,2295,2186,450,466,1981,0.0,0,396.1,0.0,0,0,0,1,0,0,0,0,0,0,0,1,1,1,1
27419,2296,2186,448,465,1982,0.0,0,396.3,0.0,0,0,0,1,0,0,0,0,0,0,0,1,1,1,1
27429,2293,2185,449,464,1980,0.0,0,396.3,0.0,0,0,0,1,0,0,0,0,0,0,0,1,1,1,1
27439,2300,2186,450,465,1981,0.0,0,396.3,0.0,0,0,0,1,0,0,0,0,0,0,0,1,1,1,1
27449,2295,2187,452,465,1981,0.0,0,396.0,0.0,0,0,0,1,0,0,0,0,0,0,0,1,1,1,1
27459,2296,2185,449,466,1981,0.0,0,396.7,0.0,0,0,0,1,0,0,0,0,0,0,0,1,1,1,1
27469,2298,2186,449,465,1980,0.0,0,396.8,0.0,0,0,0,1,0,0,0,0,0,0,0,1,1,1,1
27479,2296,2186,449,465,1981,0.0,0,396.3,0.0,0,0,0,1,0,0,0,0,0,0,0,1,1,1,1
27489,2295,2186,450,465,1981,0.0,0,396.3,0.0,0,0,0,1,0,0,0,0,0,0,0,1,1,1,1
27499,2298,2186,448,463,1981,0.0,0,396.1,0.0,0,0,0,1,0,0,0,0,0,0,0,1,1,1,1
27509,2295,2186,448,465,1981,0.0,0,396.3,0.0,0,0,0,1,0,0,0,0,0,0,0,1,1,1,1
27519,2295,2186,449,465,1980,0.0,0,396.2,0.0,0,0,0,1,0,0,0,0,0,0,0,1,1,1,1
27529,2295,2186,449,464,1980,0.0,0,396.4,0.0,0,0,0,1,0,0,0,0,0,0,0,1,1,1,1
27539,2296,2187,449,465,1979,0.0,0,396.5,0.0,0,0,0,1,0,0,0,0,0,0,0,1,1,1,1
27549,2295,2186,449,466,1979,0.0,0,396.5,0.0,0,0,0,1,0,0,0,0,0,0,0,1,1,1,1
27559,2296,2187,449,467,1979,0.0,0,396.3,0.0,0,0,0,1,0,0,0,0,0,0,0,1,1,1,1
27569,2296,2186,449,464,1979,0.0,0,396.3,0.0,0,0,0,1,0,0,0,0,0,0,0,1,1,1,1
27579,2296,2187,450,465,1979,0.0,0,396.8,0.0,0,0,0,1,0,0,0,0,0,0,0,1,1,1,1
27589,2295,2187,450,467,1979,0.0,0,396.3,0.0,0,0,0,1,0,0,0,0,0,0,0,1,1,1,1
27599,2295,2186,449,465,1980,0.0,0,397.2,0.0,0,0,0,1,0,0,0,0,0,0,0,1,1,1,1
27609,2296,2187,449,467,1979,0.0,0,397.2,0.0,0,0,0,1,0,0,0,0,0,0,0,1,1,1,1
27619,2295,2186,450,465,1980,0.0,0,396.1,0.0,0,0,0,1,0,0,0,0,0,0,0,1,1,1,1
27629,2296,2189,448,466,1979,0.0,0,396.7,0.0,0,0,0,1,0,0,0,0,0,0,0,1,1,1,1
27639,2295,2184,450,465,1979,0.0,0,396.1,0.0,0,0,0,1,0,0,0,0,0,0,0,1,1,1,1
27649,2296,2186,450,465,1979,0.0,0,396.7,0.0,0,0,0,1,0,0,0,0,0,0,0,1,1,1,1
27659,2296,2187,449,465,1981,0.0,0,396.4,0.0,0,0,0,1,0,0,0,0,0,0,0,1,1,1,1
27669,2295,2186,450,465,1981,0.0,0,396.4,0.0,0,0,0,1,0,0,0,0,0,0,0,1,1,1,1
27679,2296,2187,450,465,1981,0.0,0,396.1,0.0,0,0,0,1,0,0,0,0,0,0,0,1,1,1,1
27689,2296,2186,450,465,1981,0.0,0,396.9,0.0,0,0,0,1,0,0,0,0,0,0,0,1,1,1,1
27699,2296,2187,449,465,1981,0.0,0,396.4,0.0,0,0,0,1,0,0,0,0,0,0,0,1,1,1,1
27709,2295,2186,448,465,1981,0.0,0,396.7,0.0,0,0,0,1,0,0,0,0,0,0,0,1,1,1,1
27719,2298,2186,450,465,1980,0.0,0,396.7,0.0,0,0,0,1,0,0,0,0,0,0,0,1,1,1,1
27729,2296,2186,450,463,1981,0.0,0,396.7,0.0,0,0,0,1,0,0,0,0,0,0,0,1,1,1,1
27739,2295,2186,448,464,1981,0.0,0,396.1,0.0,0,0,0,1,0,0,0,0,0,0,0,1,1,1,1
27749,2295,2186,449,462,1982,0.0,0,396.7,0.0,0,0,0,1,0,0,0,0,0,0,0,1,1,1,1
27759,2295,2185,449,465,1981,0.0,0,396.4,0.0,0,0,0,1,0,0,0,0,0,0,0,1,1,1,1
27769,2295,2187,450,467,1981,0.0,0,396.4,0.0,0,0,0,1,0,0,0,0,0,0,0,1,1,1,1
27779,2296,2186,450,464,1983,0.0,0,396.4,0.0,0,0,0,1,0,0,0,0,0,0,0,1,1,1,1
27789,2296,2186,450,466,1981,0.0,0,396.4,0.0,0,0,0,1,0,0,0,0,0,0,0,1,1,1,1
27799,2299,2187,449,464,1982,0.0,0,396.3,0.0,0,0,0,1,0,0,0,0,0,0,0,1,1,1,1
27809,2296,2186,449,466,1981,0.0,0,396.5,0.0,0,0,0,1,0,0,0,0,0,0,0,1,1,1,1
27819,2295,2186,449,464,1980,0.0,0,397.0,0.0,0,0,0,1,0,0,0,0,0,0,0,1,1,1,1
27829,2296,2187,450,466,1980,0.0,0,396.7,0.0,0,0,0,1,0,0,0,0,0,0,0,1,1,1,1
27840,2296,2185,446,465,1979,0.0,0,396.8,0.0,0,0,0,1,0,0,0,0,0,0,0,1,1,1,1
27850,2296,2186,449,465,1979,0.0,0,396.8,0.0,0,0,0,1,0,0,0,0,0,0,0,1,1,1,1
27860,2296,2187,450,464,1980,0.0,0,396.0,0.0,0,0,0,1,0,0,0,0,0,0,0,1,1,1,1
27870,2295,2186,450,464,1979,0.0,0,396.2,0.0,0,0,0,1,0,0,0,0,0,0,0,1,1,1,1
27880,2295,2186,449,457,1982,0.0,0,396.4,0.0,0,0,0,1,0,0,0,0,0,0,0,1,1,1,1
27890,2295,2186,450,466,1980,0.0,0,396.3,0.0,0,0,0,1,0,0,0,0,0,0,0,1,1,1,1
27900,2295,2186,449,464,1979,0.0,0,396.4,0.0,0,0,0,1,0,0,0,0,0,0,0,1,1,1,1
27910,2295,2186,449,465,1979,0.0,0,396.4,0.0,0,0,0,1,0,0,0,0,0,0,0,1,1,1,1
27920,2293,2186,449,465,1979,0.0,0,396.7,0.0,0,0,0,1,0,0,0,0,0,0,0,1,1,1,1
27930,2295,2186,449,464,1980,0.0,0,396.3,0.0,0,0,0,1,0,0,0,0,0,0,0,1,1,1,1
27940,2297,2186,447,464,1979,0.0,0,395.9,0.0,0,0,0,1,0,0,0,0,0,0,0,1,1,1,1
27950,2295,2186,451,462,1979,0.0,0,396.7,0.0,0,0,0,1,0,0,0,0,0,0,0,1,1,1,1
27960,2296,2185,450,465,1981,0.0,0,396.4,0.0,0,0,0,1,0,0,0,0,0,0,0,1,1,1,1
27970,2296,2185,449,464,1981,0.0,0,396.4,0.0,0,0,0,1,0,0,0,0,0,0,0,1,1,1,1
27980,2295,2186,446,463,1981,0.0,0,396.8,0.0,0,0,0,1,0,0,0,0,0,0,0,1,1,1,1
27990,2295,2186,449,466,1981,0.0,0,396.1,0.0,0,0,0,1,0,0,0,0,0,0,0,1,1,1,1
28000,2295,2186,449,466,1984,0.0,0,396.3,0.0,0,0,0,1,0,0,0,0,0,0,0,1,1,1,1
28010,2295,2186,447,465,1981,0.0,0,396.0,0.0,0,0,0,1,0,0,0,0,0,0,0,1,1,1,1
28020,2296,2186,450,463,1978,0.0,0,396.7,0.0,0,0,0,1,0,0,0,0,0,0,0,1,1,1,1
28030,2296,2187,450,464,1981,0.0,0,396.7,0.0,0,0,0,1,0,0,0,0,0,0,0,1,1,1,1
28040,2296,2186,451,467,1980,0.0,0,396.5,0.0,0,0,0,1,0,0,0,0,0,0,0,1,1,1,1
28050,2296,2186,448,465,1980,0.0,0,396.4,0.0,0,0,0,1,0,0,0,0,0,0,0,1,1,1,1
28060,2295,2190,448,464,1981,0.0,0,396.0,0.0,0,0,0,1,0,0,0,0,0,0,0,1,1,1,1
28070,2295,2188,449,465,1981,0.0,0,396.2,0.0,0,0,0,1,0,0,0,0,0,0,0,1,1,1,1
28080,2296,2187,449,464,1985,0.0,0,396.8,0.0,0,0,0,1,0,0,0,0,0,0,0,1,1,1,1
28090,2295,2186,449,465,1980,0.0,0,396.8,0.0,0,0,0,1,0,0,0,0,0,0,0,1,1,1,1
28100,2295,2183,450,465,1981,0.0,0,396.2,0.0,0,0,0,1,0,0,0,0,0,0,0,1,1,1,1
28110,2295,2186,449,465,1980,0.0,0,396.5,0.0,0,0,0,1,0,0,0,0,0,0,0,1,1,1,1
28120,2295,2186,450,464,1982,0.0,0,396.3,0.0,0,0,0,1,0,0,0,0,0,0,0,1,1,1,1
28130,2295,2186,448,465,1980,0.0,0,395.9,0.0,0,0,0,1,0,0,0,0,0,0,0,1,1,1,1
28140,2296,2186,450,464,1980,0.0,0,396.1,0.0,0,0,0,1,0,0,0,0,0,0,0,1,1,1,1
28150,2295,2186,449,464,1977,0.0,0,396.4,0.0,0,0,0,1,0,0,0,0,0,0,0,1,1,1,1
28160,2295,2184,448,465,1979,0.0,0,396.4,0.0,0,0,0,1,0,0,0,0,0,0,0,1,1,1,1
28170,2294,2186,450,465,1980,0.0,0,396.5,0.0,0,0,0,1,0,0,0,0,0,0,0,1,1,1,1
28180,2296,2186,450,466,1980,0.0,0,396.3,0.0,0,0,0,1,0,0,0,0,0,0,0,1,1,1,1
28190,2296,2186,448,466,1979,0.0,0,396.3,0.0,0,0,0,1,0,0,0,0,0,0,0,1,1,1,1
28200,2295,2186,449,464,1979,0.0,0,397.0,0.0,0,0,0,1,0,0,0,0,0,0,0,1,1,1,1
28210,2295,2186,451,464,1979,0.0,0,396.4,0.0,0,0,0,1,0,0,0,0,0,0,0,1,1,1,1
28220,2296,2185,450,463,1979,0.0,0,396.4,0.0,0,0,0,1,0,0,0,0,0,0,0,1,1,1,1
28230,2296,2186,448,465,1978,0.0,0,396.1,0.0,0,0,0,1,0,0,0,0,0,0,0,1,1,1,1
28240,2295,2186,450,466,1979,0.0,0,396.3,0.0,0,0,0,1,0,0,0,0,0,0,0,1,1,1,1
28250,2295,2186,449,464,1979,0.0,0,396.2,0.0,0,0,0,1,0,0,0,0,0,0,0,1,1,1,1
28260,2297,2187,447,465,1981,0.0,0,396.0,0.0,0,0,0,1,0,0,0,0,0,0,0,1,1,1,1
28270,2296,2186,449,465,1980,0.0,0,396.0,0.0,0,0,0,1,0,0,0,0,0,0,0,1,1,1,1
28280,2294,2186,449,465,1984,0.0,0,396.0,0.0,0,0,0,1,0,0,0,0,0,0,0,1,1,1,1
28290,2295,2186,448,463,1981,0.0,0,396.7,0.0,0,0,0,1,0,0,0,0,0,0,0,1,1,1,1
28300,2295,2186,450,464,1981,0.0,0,396.9,0.0,0,0,0,1,0,0,0,0,0,0,0,1,1,1,1
28310,2294,2186,450,464,1981,0.0,0,396.3,0.0,0,0,0,1,0,0,0,0,0,0,0,1,1,1,1
28320,2295,2186,450,466,1980,0.0,0,396.4,0.0,0,0,0,1,0,0,0,0,0,0,0,1,1,1,1
28330,2295,2186,449,464,1981,0.0,0,396.1,0.0,0,0,0,1,0,0,0,0,0,0,0,1,1,1,1
28340,2295,2185,450,464,1981,0.0,0,396.1,0.0,0,0,0,1,0,0,0,0,0,0,0,1,1,1,1
28352,2295,2186,447,463,1981,0.0,0,396.9,0.0,0,0,0,1,0,0,0,0,0,0,0,1,1,1,1
28362,2294,2186,449,464,1980,0.0,0,396.5,0.0,0,0,0,1,0,0,0,0,0,0,0,1,1,1,1
28372,2293,2186,449,466,1981,0.0,0,396.7,0.0,0,0,0,1,0,0,0,0,0,0,0,1,1,1,1
28382,2295,2186,449,465,1981,0.0,0,396.2,0.0,0,0,0,1,0,0,0,0,0,0,0,1,1,1,1
28392,2295,2186,450,465,1981,0.0,0,396.4,0.0,0,0,0,1,0,0,0,0,0,0,0,1,1,1,1
28402,2296,2186,450,464,1982,0.0,0,396.5,0.0,0,0,0,1,0,0,0,0,0,0,0,1,1,1,1
28412,2295,2189,449,464,1981,0.0,0,396.5,0.0,0,0,0,1,0,0,0,0,0,0,0,1,1,1,1
28422,2313,2186,449,468,1980,0.0,0,397.3,0.0,0,0,0,1,0,0,0,0,0,0,0,1,1,1,1
28432,2295,2186,448,462,1979,0.0,0,396.8,0.0,0,0,0,1,0,0,0,0,0,0,0,1,1,1,1
28442,2296,2184,449,465,1979,0.0,0,396.4,0.0,0,0,0,1,0,0,0,0,0,0,0,1,1,1,1
28452,2296,2185,449,465,1979,0.0,0,396.9,0.0,0,0,0,1,0,0,0,0,0,0,0,1,1,1,1
28462,2299,2186,449,465,1979,0.0,0,396.4,0.0,0,0,0,1,0,0,0,0,0,0,0,1,1,1,1
28472,2296,2186,450,464,1979,0.0,0,396.4,0.0,0,0,0,1,0,0,0,0,0,0,0,1,1,1,1
28482,2295,2185,449,462,1979,0.0,0,396.4,0.0,0,0,0,1,0,0,0,0,0,0,0,1,1,1,1
28492,2295,2186,448,464,1980,0.0,0,396.4,0.0,0,0,0,1,0,0,0,0,0,0,0,1,1,1,1
28502,2296,2187,448,465,1979,0.0,0,396.7,0.0,0,0,0,1,0,0,0,0,0,0,0,1,1,1,1
28512,2295,2186,449,466,1979,0.0,0,396.1,0.0,0,0,0,1,0,0,0,0,0,0,0,1,1,1,1
28522,2296,2186,450,466,1979,0.0,0,396.4,0.0,0,0,0,1,0,0,0,0,0,0,0,1,1,1,1
28532,2295,2186,448,464,1979,0.0,0,396.4,0.0,0,0,0,1,0,0,0,0,0,0,0,1,1,1,1
28542,2296,2186,450,464,1979,0.0,0,397.1,0.0,0,0,0,1,0,0,0,0,0,0,0,1,1,1,1
28552,2295,2189,447,465,1978,0.0,0,396.2,0.0,0,0,0,1,0,0,0,0,0,0,0,1,1,1,1
28562,2296,2186,450,464,1981,0.0,0,396.8,0.0,0,0,0,1,0,0,0,0,0,0,0,1,1,1,1
28572,2296,2187,451,464,1981,0.0,0,396.3,0.0,0,0,0,1,0,0,0,0,0,0,0,1,1,1,1
28582,2295,2186,450,465,1982,0.0,0,396.3,0.0,0,0,0,1,0,0,0,0,0,0,0,1,1,1,1
28592,2295,2186,449,466,1981,0.0,0,396.8,0.0,0,0,0,1,0,0,0,0,0,0,0,1,1,1,1
28602,2294,2186,450,466,1981,0.0,0,396.8,0.0,0,0,0,1,0,0,0,0,0,0,0,1,1,1,1
28612,2295,2186,451,465,1981,0.0,0,396.4,0.0,0,0,0,1,0,0,0,0,0,0,0,1,1,1,1
28622,2295,2186,449,464,1982,0.0,0,396.4,0.0,0,0,0,1,0,0,0,0,0,0,0,1,1,1,1
28632,2295,2185,448,465,1981,0.0,0,396.8,0.0,0,0,0,1,0,0,0,0,0,0,0,1,1,1,1
28642,2295,2187,451,465,1981,0.0,0,396.8,0.0,0,0,0,1,0,0,0,0,0,0,0,1,1,1,1
28652,2295,2186,449,465,1981,0.0,0,397.2,0.0,0,0,0,1,0,0,0,0,0,0,0,1,1,1,1
28662,2296,2186,450,465,1981,0.0,0,397.1,0.0,0,0,0,1,0,0,0,0,0,0,0,1,1,1,1
28672,2296,2185,451,464,1981,0.0,0,396.4,0.0,0,0,0,1,0,0,0,0,0,0,0,1,1,1,1
28682,2295,2185,450,464,1980,0.0,0,396.2,0.0,0,0,0,1,0,0,0,0,0,0,0,1,1,1,1
28692,2295,2186,449,465,1982,0.0,0,396.5,0.0,0,0,0,1,0,0,0,0,0,0,0,1,1,1,1
28702,2295,2186,447,462,1981,0.0,0,396.5,0.0,0,0,0,1,0,0,0,0,0,0,0,1,1,1,1
28712,2295,2187,449,466,1982,0.0,0,397.1,0.0,0,0,0,1,0,0,0,0,0,0,0,1,1,1,1
28722,2295,2187,449,465,1981,0.0,0,396.3,0.0,0,0,0,1,0,0,0,0,0,0,0,1,1,1,1
28732,2292,2185,448,463,1981,0.0,0,396.5,0.0,0,0,0,1,0,0,0,0,0,0,0,1,1,1,1
28742,2295,2186,449,466,1979,0.0,0,396.5,0.0,0,0,0,1,0,0,0,0,0,0,0,1,1,1,1
28752,2298,2186,450,465,1979,0.0,0,396.3,0.0,0,0,0,1,0,0,0,0,0,0,0,1,1,1,1
28762,2293,2187,448,467,1980,0.0,0,396.3,0.0,0,0,0,1,0,0,0,0,0,0,0,1,1,1,1
28772,2295,2186,449,466,1980,0.0,0,396.3,0.0,0,0,0,1,0,0,0,0,0,0,0,1,1,1,1
28782,2296,2186,448,465,1978,0.0,0,396.3,0.0,0,0,0,1,0,0,0,0,0,0,0,1,1,1,1
28792,2295,2187,450,464,1982,0.0,0,396.5,0.0,0,0,0,1,0,0,0,0,0,0,0,1,1,1,1
28802,2295,2186,450,465,1978,0.0,0,396.8,0.0,0,0,0,1,0,0,0,0,0,0,0,1,1,1,1
28812,2293,2186,448,464,1979,0.0,0,396.4,0.0,0,0,0,1,0,0,0,0,0,0,0,1,1,1,1
28823,2296,2186,449,464,1979,0.0,0,396.1,0.0,0,0,0,1,0,0,0,0,0,0,0,1,1,1,1
28833,2296,2186,449,464,1979,0.0,0,396.1,0.0,0,0,0,1,0,0,0,0,0,0,0,1,1,1,1
28843,2295,2186,450,465,1980,0.0,0,397.1,0.0,0,0,0,1,0,0,0,0,0,0,0,1,1,1,1
28853,2295,2186,450,465,1979,0.0,0,396.8,0.0,0,0,0,1,0,0,0,0,0,0,0,1,1,1,1
28863,2295,2186,450,465,1978,0.0,0,396.2,0.0,0,0,0,1,0,0,0,0,0,0,0,1,1,1,1
28873,2295,2186,447,465,1979,0.0,0,396.2,0.0,0,0,0,1,0,0,0,0,0,0,0,1,1,1,1
28883,2296,2186,452,473,1981,0.0,0,396.1,0.0,0,0,0,1,0,0,0,0,0,0,0,1,1,1,1
28893,2299,2187,449,466,1981,0.0,0,396.1,0.0,0,0,0,1,0,0,0,0,0,0,0,1,1,1,1
28903,2296,2187,450,465,1981,0.0,0,396.5,0.0,0,0,0,1,0,0,0,0,0,0,0,1,1,1,1
28913,2298,2186,450,465,1981,0.0,0,396.7,0.0,0,0,0,1,0,0,0,0,0,0,0,1,1,1,1
28923,2295,2186,449,465,1981,0.0,0,396.3,0.0,0,0,0,1,0,0,0,0,0,0,0,1,1,1,1
28933,2295,2185,449,465,1981,0.0,0,396.7,0.0,0,0,0,1,0,0,0,0,0,0,0,1,1,1,1
28943,2296,2188,449,464,1981,0.0,0,396.7,0.0,0,0,0,1,0,0,0,0,0,0,0,1,1,1,1
28953,2296,2188,450,465,1983,0.0,0,396.7,0.0,0,0,0,1,0,0,0,0,0,0,0,1,1,1,1
28963,2295,2187,449,466,1981,0.0,0,396.2,0.0,0,0,0,1,0,0,0,0,0,0,0,1,1,1,1
28973,2296,2188,449,464,1981,0.0,0,396.1,0.0,0,0,0,1,0,0,0,0,0,0,0,1,1,1,1
28983,2295,2186,450,465,1982,0.0,0,396.7,0.0,0,0,0,1,0,0,0,0,0,0,0,1,1,1,1
28993,2295,2170,450,464,1981,0.0,0,396.5,0.0,0,0,0,1,0,0,0,0,0,0,0,1,1,1,1
29003,2297,2186,449,465,1981,0.0,0,396.9,0.0,0,0,0,1,0,0,0,0,0,0,0,1,1,1,1
29013,2296,2189,449,465,1981,0.0,0,396.9,0.0,0,0,0,1,0,0,0,0,0,0,0,1,1,1,1
29023,2296,2187,449,464,1981,0.0,0,397.0,0.0,0,0,0,1,0,0,0,0,0,0,0,1,1,1,1
29033,2295,2186,451,465,1981,0.0,0,396.7,0.0,0,0,0,1,0,0,0,0,0,0,0,1,1,1,1
29043,2294,2185,450,463,1979,0.0,0,396.2,0.0,0,0,0,1,0,0,0,0,0,0,0,1,1,1,1
29053,2295,2186,447,465,1977,0.0,0,396.3,0.0,0,0,0,1,0,0,0,0,0,0,0,1,1,1,1
29063,2297,2186,449,464,1979,0.0,0,396.4,0.0,0,0,0,1,0,0,0,0,0,0,0,1,1,1,1
29073,2295,2186,449,464,1979,0.0,0,396.4,0.0,0,0,0,1,0,0,0,0,0,0,0,1,1,1,1
29083,2296,2189,449,465,1979,0.0,0,396.2,0.0,0,0,0,1,0,0,0,0,0,0,0,1,1,1,1
29093,2295,2186,450,466,1979,0.0,0,397.1,0.0,0,0,0,1,0,0,0,0,0,0,0,1,1,1,1
29103,2296,2185,449,465,1979,0.0,0,396.2,0.0,0,0,0,1,0,0,0,0,0,0,0,1,1,1,1
29113,2296,2186,452,465,1979,0.0,0,396.7,0.0,0,0,0,1,0,0,0,0,0,0,0,1,1,1,1
29123,2297,2185,449,465,1979,0.0,0,396.5,0.0,0,0,0,1,0,0,0,0,0,0,0,1,1,1,1
29133,2296,2186,450,465,1980,0.0,0,396.5,0.0,0,0,0,1,0,0,0,0,0,0,0,1,1,1,1
29143,2295,2186,449,465,1978,0.0,0,395.8,0.0,0,0,0,1,0,0,0,0,0,0,0,1,1,1,1
29153,2294,2186,449,465,1979,0.0,0,396.5,0.0,0,0,0,1,0,0,0,0,0,0,0,1,1,1,1
29163,2296,2187,449,464,1979,0.0,0,396.1,0.0,0,0,0,1,0,0,0,0,0,0,0,1,1,1,1
29173,2296,2186,450,464,1981,0.0,0,396.4,0.0,0,0,0,1,0,0,0,0,0,0,0,1,1,1,1
29183,2297,2186,449,467,1981,0.0,0,397.2,0.0,0,0,0,1,0,0,0,0,0,0,0,1,1,1,1
29193,2295,2186,446,464,1981,0.0,0,397.2,0.0,0,0,0,1,0,0,0,0,0,0,0,1,1,1,1
29203,2296,2186,449,465,1981,0.0,0,396.7,0.0,0,0,0,1,0,0,0,0,0,0,0,1,1,1,1
29213,2296,2186,449,465,1981,0.0,0,396.0,0.0,0,0,0,1,0,0,0,0,0,0,0,1,1,1,1
29223,2295,2186,451,464,1981,0.0,0,396.4,0.0,0,0,0,1,0,0,0,0,0,0,0,1,1,1,1
29233,2295,2185,449,465,1981,0.0,0,396.5,0.0,0,0,0,1,0,0,0,0,0,0,0,1,1,1,1
29243,2297,2186,452,464,1981,0.0,0,397.2,0.0,0,0,0,1,0,0,0,0,0,0,0,1,1,1,1
29253,2296,2186,450,465,1981,0.0,0,397.2,0.0,0,0,0,1,0,0,0,0,0,0,0,1,1,1,1
29263,2295,2186,450,463,1981,0.0,0,397.5,0.0,0,0,0,1,0,0,0,0,0,0,0,1,1,1,1
29273,2297,2186,449,465,1981,0.0,0,396.4,0.0,0,0,0,1,0,0,0,0,0,0,0,1,1,1,1
29283,2295,2185,449,466,1981,0.0,0,396.7,0.0,0,0,0,1,0,0,0,0,0,0,0,1,1,1,1
29293,2295,2185,449,463,1981,0.0,0,396.5,0.0,0,0,0,1,0,0,0,0,0,0,0,1,1,1,1
29303,2297,2186,450,464,1981,0.0,0,397.1,0.0,0,0,0,1,0,0,0,0,0,0,0,1,1,1,1
29313,2295,2186,450,463,1981,0.0,0,397.1,0.0,0,0,0,1,0,0,0,0,0,0,0,1,1,1,1
29323,2295,2186,450,465,1981,0.0,0,396.0,0.0,0,0,0,1,0,0,0,0,0,0,0,1,1,1,1
29333,2295,2185,449,463,1980,0.0,0,396.5,0.0,0,0,0,1,0,0,0,0,0,0,0,1,1,1,1
29343,2295,2181,450,464,1979,0.0,0,396.2,0.0,0,0,0,1,0,0,0,0,0,0,0,1,1,1,1
29353,2295,2185,450,464,1979,0.0,0,396.1,0.0,0,0,0,1,0,0,0,0,0,0,0,1,1,1,1
29363,2292,2185,449,465,1979,0.0,0,396.7,0.0,0,0,0,1,0,0,0,0,0,0,0,1,1,1,1
29373,2295,2186,448,465,1979,0.0,0,396.7,0.0,0,0,0,1,0,0,0,0,0,0,0,1,1,1,1
29383,2295,2186,449,466,1979,0.0,0,396.7,0.0,0,0,0,1,0,0,0,0,0,0,0,1,1,1,1
29393,2292,2186,450,465,1980,0.0,0,396.4,0.0,0,0,0,1,0,0,0,0,0,0,0,1,1,1,1
29403,2295,2186,450,465,1979,0.0,0,396.3,0.0,0,0,0,1,0,0,0,0,0,0,0,1,1,1,1
29413,2295,2186,449,466,1980,0.0,0,396.3,0.0,0,0,0,1,0,0,0,0,0,0,0,1,1,1,1
29423,2296,2186,449,459,1980,0.0,0,396.3,0.0,0,0,0,1,0,0,0,0,0,0,0,1,1,1,1
29433,2295,2185,450,464,1979,0.0,0,396.3,0.0,0,0,0,1,0,0,0,0,0,0,0,1,1,1,1
29443,2296,2185,450,465,1979,0.0,0,396.0,0.0,0,0,0,1,0,0,0,0,0,0,0,1,1,1,1
29453,2296,2186,450,466,1979,0.0,0,396.9,0.0,0,0,0,1,0,0,0,0,0,0,0,1,1,1,1
29463,2297,2188,448,465,1979,0.0,0,396.2,0.0,0,0,0,1,0,0,0,0,0,0,0,1,1,1,1
29473,2295,2186,447,464,1980,0.0,0,396.8,0.0,0,0,0,1,0,0,0,0,0,0,0,1,1,1,1
29484,2295,2185,448,464,1981,0.0,0,396.7,0.0,0,0,0,1,0,0,0,0,0,0,0,1,1,1,1
29494,2295,2186,449,465,1982,0.0,0,396.7,0.0,0,0,0,1,0,0,0,0,0,0,0,1,1,1,1
29504,2295,2186,449,466,1983,0.0,0,396.3,0.0,0,0,0,1,0,0,0,0,0,0,0,1,1,1,1
29514,2296,2186,448,465,1981,0.0,0,396.4,0.0,0,0,0,1,0,0,0,0,0,0,0,1,1,1,1
29524,2296,2186,450,465,1982,0.0,0,397.1,0.0,0,0,0,1,0,0,0,0,0,0,0,1,1,1,1
29534,2296,2186,449,464,1981,0.0,0,396.5,0.0,0,0,0,1,0,0,0,0,0,0,0,1,1,1,1
29544,2295,2186,453,465,1980,0.0,0,396.1,0.0,0,0,0,1,0,0,0,0,0,0,0,1,1,1,1
29554,2296,2187,449,465,1981,0.0,0,396.4,0.0,0,0,0,1,0,0,0,0,0,0,0,1,1,1,1
29564,2296,2186,450,465,1981,0.0,0,396.4,0.0,0,0,0,1,0,0,0,0,0,0,0,1,1,1,1
29574,2296,2187,450,464,1980,0.0,0,396.7,0.0,0,0,0,1,0,0,0,0,0,0,0,1,1,1,1
29584,2296,2186,445,466,1981,0.0,0,396.2,0.0,0,0,0,1,0,0,0,0,0,0,0,1,1,1,1
29594,2296,2185,449,463,1981,0.0,0,396.7,0.0,0,0,0,1,0,0,0,0,0,0,0,1,1,1,1
29604,2294,2186,449,466,1981,0.0,0,396.5,0.0,0,0,0,1,0,0,0,0,0,0,0,1,1,1,1
29614,2296,2186,450,464,1980,0.0,0,396.5,0.0,0,0,0,1,0,0,0,0,0,0,0,1,1,1,1
29624,2296,2186,450,465,1981,0.0,0,396.9,0.0,0,0,0,1,0,0,0,0,0,0,0,1,1,1,1
29634,2294,2186,446,466,1981,0.0,0,396.3,0.0,0,0,0,1,0,0,0,0,0,0,0,1,1,1,1
29644,2295,2201,448,466,1980,0.0,0,396.2,0.0,0,0,0,1,0,0,0,0,0,0,0,1,1,1,1
29654,2295,2186,449,464,1979,0.0,0,396.2,0.0,0,0,0,1,0,0,0,0,0,0,0,1,1,1,1
29664,2296,2187,449,465,1979,0.0,0,396.8,0.0,0,0,0,1,0,0,0,0,0,0,0,1,1,1,1
29675,2296,2187,450,466,1979,0.0,0,396.8,0.0,0,0,0,1,0,0,0,0,0,0,0,1,1,1,1
29685,2295,2187,449,466,1979,0.0,0,396.7,0.0,0,0,0,1,0,0,0,0,0,0,0,1,1,1,1
29695,2296,2186,449,464,1979,0.0,0,396.3,0.0,0,0,0,1,0,0,0,0,0,0,0,1,1,1,1
29705,2295,2186,451,465,1980,0.0,0,396.3,0.0,0,0,0,1,0,0,0,0,0,0,0,1,1,1,1
29715,2296,2186,449,465,1980,0.0,0,396.2,0.0,0,0,0,1,0,0,0,0,0,0,0,1,1,1,1
29725,2295,2186,448,465,1979,0.0,0,396.3,0.0,0,0,0,1,0,0,0,0,0,0,0,1,1,1,1
29735,2297,2186,448,465,1978,0.0,0,395.9,0.0,0,0,0,1,0,0,0,0,0,0,0,1,1,1,1
29745,2295,2186,451,465,1979,0.0,0,395.9,0.0,0,0,0,1,0,0,0,0,0,0,0,1,1,1,1
29755,2295,2186,450,465,1980,0.0,0,397.1,0.0,0,0,0,1,0,0,0,0,0,0,0,1,1,1,1
29765,2295,2186,451,465,1978,0.0,0,396.1,0.0,0,0,0,1,0,0,0,0,0,0,0,1,1,1,1
29776,2295,2189,448,465,1980,0.0,0,396.4,0.0,0,0,0,1,0,0,0,0,0,0,0,1,1,1,1
29786,2295,2186,448,464,1981,0.0,0,397.2,0.0,0,0,0,1,0,0,0,0,0,0,0,1,1,1,1
29796,2295,2186,451,465,1981,0.0,0,396.4,0.0,0,0,0,1,0,0,0,0,0,0,0,1,1,1,1
29806,2295,2184,447,464,1981,0.0,0,396.4,0.0,0,0,0,1,0,0,0,0,0,0,0,1,1,1,1
29816,2294,2186,449,466,1981,0.0,0,396.8,0.0,0,0,0,1,0,0,0,0,0,0,0,1,1,1,1
29826,2296,2186,449,466,1981,0.0,0,396.3,0.0,0,0,0,1,0,0,0,0,0,0,0,1,1,1,1
29836,2296,2187,450,466,1981,0.0,0,397.2,0.0,0,0,0,1,0,0,0,0,0,0,0,1,1,1,1
29846,2296,2186,449,465,1981,0.0,0,397.0,0.0,0,0,0,1,0,0,0,0,0,0,0,1,1,1,1
29856,2295,2186,450,465,1981,0.0,0,396.7,0.0,0,0,0,1,0,0,0,0,0,0,0,1,1,1,1
29866,2296,2186,450,465,1981,0.0,0,396.7,0.0,0,0,0,1,0,0,0,0,0,0,0,1,1,1,1
29876,2295,2186,450,463,1981,0.0,0,397.0,0.0,0,0,0,1,0,0,0,0,0,0,0,1,1,1,1
29886,2295,2186,450,465,1982,0.0,0,396.4,0.0,0,0,0,1,0,0,0,0,0,0,0,1,1,1,1
29896,2296,2186,451,466,1980,0.0,0,396.4,0.0,0,0,0,1,0,0,0,0,0,0,0,1,1,1,1
29906,2296,2186,449,466,1981,0.0,0,396.3,0.0,0,0,0,1,0,0,0,0,0,0,0,1,1,1,1
29916,2295,2186,449,464,1981,0.0,0,396.3,0.0,0,0,0,1,0,0,0,0,0,0,0,1,1,1,1
29926,2296,2185,449,464,1981,0.0,0,396.3,0.0,0,0,0,1,0,0,0,0,0,0,0,1,1,1,1
29936,2296,2189,449,466,1981,0.0,0,396.5,0.0,0,0,0,1,0,0,0,0,0,0,0,1,1,1,1
29946,2295,2187,450,465,1980,0.0,0,396.5,0.0,0,0,0,1,0,0,0,0,0,0,0,1,1,1,1
29956,2295,2185,449,465,1980,0.0,0,396.2,0.0,0,0,0,1,0,0,0,0,0,0,0,1,1,1,1
29966,2295,2185,449,464,1979,0.0,0,396.4,0.0,0,0,0,1,0,0,0,0,0,0,0,1,1,1,1
29976,2295,2186,449,463,1979,0.0,0,396.7,0.0,0,0,0,1,0,0,0,0,0,0,0,1,1,1,1
29986,2296,2186,449,465,1979,0.0,0,396.7,0.0,0,0,0,1,0,0,0,0,0,0,0,1,1,1,1
29996,2295,2186,450,465,1979,0.0,0,396.1,0.0,0,0,0,1,0,0,0,0,0,0,0,1,1,1,1
30006,2296,2186,450,464,1980,0.0,0,396.5,0.0,0,0,0,1,0,0,0,0,0,0,0,1,1,1,1
30016,2296,2187,449,465,1980,0.0,0,396.3,0.0,0,0,0,1,0,0,0,0,0,0,0,1,1,1,1
30026,2295,2186,450,464,1978,0.0,0,396.2,0.0,0,0,0,1,0,0,0,0,0,0,0,1,1,1,1
30036,2296,2186,451,463,1977,0.0,0,396.4,0.0,0,0,0,1,0,0,0,0,0,0,0,1,1,1,1
30046,2295,2187,451,464,1980,0.0,0,396.5,0.0,0,0,0,1,0,0,0,0,0,0,0,1,1,1,1
30056,2296,2182,450,465,1980,0.0,0,396.5,0.0,0,0,0,1,0,0,0,0,0,0,0,1,1,1,1
30066,2295,2186,449,465,1980,0.0,0,396.9,0.0,0,0,0,1,0,0,0,0,0,0,0,1,1,1,1
30076,2295,2186,448,465,1979,0.0,0,397.1,0.0,0,0,0,1,0,0,0,0,0,0,0,1,1,1,1
30086,2296,2186,450,464,1981,0.0,0,396.3,0.0,0,0,0,1,0,0,0,0,0,0,0,1,1,1,1
30096,2296,2184,449,464,1981,0.0,0,396.1,0.0,0,0,0,1,0,0,0,0,0,0,0,1,1,1,1
30106,2297,2186,450,466,1981,0.0,0,396.1,0.0,0,0,0,1,0,0,0,0,0,0,0,1,1,1,1
30116,2295,2186,450,466,1981,0.0,0,396.3,0.0,0,0,0,1,0,0,0,0,0,0,0,1,1,1,1
30126,2295,2186,449,466,1981,0.0,0,396.2,0.0,0,0,0,1,0,0,0,0,0,0,0,1,1,1,1
30136,2295,2186,449,465,1980,0.0,0,395.9,0.0,0,0,0,1,0,0,0,0,0,0,0,1,1,1,1
30146,2296,2186,449,464,1982,0.0,0,396.4,0.0,0,0,0,1,0,0,0,0,0,0,0,1,1,1,1
30156,2295,2186,452,464,1981,0.0,0,396.3,0.0,0,0,0,1,0,0,0,0,0,0,0,1,1,1,1
30166,2296,2186,450,465,1981,0.0,0,397.1,0.0,0,0,0,1,0,0,0,0,0,0,0,1,1,1,1
30176,2296,2186,449,464,1981,0.0,0,397.1,0.0,0,0,0,1,0,0,0,0,0,0,0,1,1,1,1
30186,2295,2186,448,464,1983,0.0,0,396.5,0.0,0,0,0,1,0,0,0,0,0,0,0,1,1,1,1
30196,2295,2186,448,464,1981,0.0,0,396.3,0.0,0,0,0,1,0,0,0,0,0,0,0,1,1,1,1
30206,2295,2183,449,465,1981,0.0,0,396.1,0.0,0,0,0,1,0,0,0,0,0,0,0,1,1,1,1
30216,2294,2187,447,465,1981,0.0,0,396.2,0.0,0,0,0,1,0,0,0,0,0,0,0,1,1,1,1
30226,2296,2186,449,462,1981,0.0,0,397.2,0.0,0,0,0,1,0,0,0,0,0,0,0,1,1,1,1
30236,2296,2186,449,462,1980,0.0,0,397.2,0.0,0,0,0,1,0,0,0,0,0,0,0,1,1,1,1
30246,2296,2186,449,465,1983,0.0,0,396.5,0.0,0,0,0,1,0,0,0,0,0,0,0,1,1,1,1
30256,2296,2186,449,465,1979,0.0,0,396.1,0.0,0,0,0,1,0,0,0,0,0,0,0,1,1,1,1
30266,2296,2186,449,466,1980,0.0,0,397.0,0.0,0,0,0,1,0,0,0,0,0,0,0,1,1,1,1
30276,2295,2186,449,466,1980,0.0,0,396.2,0.0,0,0,0,1,0,0,0,0,0,0,0,1,1,1,1
30286,2296,2185,450,465,1979,0.0,0,396.2,0.0,0,0,0,1,0,0,0,0,0,0,0,1,1,1,1
30296,2297,2185,450,466,1979,0.0,0,396.7,0.0,0,0,0,1,0,0,0,0,0,0,0,1,1,1,1
30306,2295,2185,447,465,1979,0.0,0,396.5,0.0,0,0,0,1,0,0,0,0,0,0,0,1,1,1,1
30316,2295,2185,449,465,1979,0.0,0,397.0,0.0,0,0,0,1,0,0,0,0,0,0,0,1,1,1,1
30326,2295,2186,449,466,1979,0.0,0,396.3,0.0,0,0,0,1,0,0,0,0,0,0,0,1,1,1,1
30336,2295,2186,448,466,1979,0.0,0,397.1,0.0,0,0,0,1,0,0,0,0,0,0,0,1,1,1,1
30346,2294,2187,449,465,1979,0.0,0,397.1,0.0,0,0,0,1,0,0,0,0,0,0,0,1,1,1,1
30356,2295,2186,448,464,1979,0.0,0,397.1,0.0,0,0,0,1,0,0,0,0,0,0,0,1,1,1,1
30366,2295,2186,449,465,1978,0.0,0,397.0,0.0,0,0,0,1,0,0,0,0,0,0,0,1,1,1,1
30376,2294,2185,449,465,1978,0.0,0,396.2,0.0,0,0,0,1,0,0,0,0,0,0,0,1,1,1,1
30386,2295,2186,448,463,1981,0.0,0,396.2,0.0,0,0,0,1,0,0,0,0,0,0,0,1,1,1,1
30396,2296,2186,450,466,1981,0.0,0,396.8,0.0,0,0,0,1,0,0,0,0,0,0,0,1,1,1,1
30406,2298,2186,450,465,1981,0.0,0,396.4,0.0,0,0,0,1,0,0,0,0,0,0,0,1,1,1,1
30416,2295,2186,449,464,1982,0.0,0,396.4,0.0,0,0,0,1,0,0,0,0,0,0,0,1,1,1,1
30426,2295,2186,449,466,1981,0.0,0,396.4,0.0,0,0,0,1,0,0,0,0,0,0,0,1,1,1,1
30436,2296,2186,446,466,1982,0.0,0,395.9,0.0,0,0,0,1,0,0,0,0,0,0,0,1,1,1,1
30446,2295,2185,449,463,1981,0.0,0,396.5,0.0,0,0,0,1,0,0,0,0,0,0,0,1,1,1,1
30456,2295,2186,449,464,1981,0.0,0,396.3,0.0,0,0,0,1,0,0,0,0,0,0,0,1,1,1,1
30466,2296,2189,449,465,1981,0.0,0,396.3,0.0,0,0,0,1,0,0,0,0,0,0,0,1,1,1,1
30476,2295,2186,449,466,1980,0.0,0,396.0,0.0,0,0,0,1,0,0,0,0,0,0,0,1,1,1,1
30486,2296,2186,450,466,1981,0.0,0,397.1,0.0,0,0,0,1,0,0,0,0,0,0,0,1,1,1,1
30496,2295,2186,450,464,1981,0.0,0,396.0,0.0,0,0,0,1,0,0,0,0,0,0,0,1,1,1,1
30506,2296,2186,448,465,1981,0.0,0,396.0,0.0,0,0,0,1,0,0,0,0,0,0,0,1,1,1,1
30516,2296,2186,449,465,1981,0.0,0,396.7,0.0,0,0,0,1,0,0,0,0,0,0,0,1,1,1,1
30526,2295,2186,449,463,1981,0.0,0,396.7,0.0,0,0,0,1,0,0,0,0,0,0,0,1,1,1,1
30536,2295,2186,448,464,1981,0.0,0,396.8,0.0,0,0,0,1,0,0,0,0,0,0,0,1,1,1,1
30546,2295,2186,449,466,1982,0.0,0,396.4,0.0,0,0,0,1,0,0,0,0,0,0,0,1,1,1,1
30556,2295,2187,450,465,1980,0.0,0,397.0,0.0,0,0,0,1,0,0,0,0,0,0,0,1,1,1,1
30566,2295,2186,451,464,1979,0.0,0,396.1,0.0,0,0,0,1,0,0,0,0,0,0,0,1,1,1,1
30576,2296,2186,450,468,1979,0.0,0,397.7,0.0,0,0,0,1,0,0,0,0,0,0,0,1,1,1,1
30586,2299,2186,449,465,1980,0.0,0,397.7,0.0,0,0,0,1,0,0,0,0,0,0,0,1,1,1,1
30596,2294,2186,449,464,1979,0.0,0,396.1,0.0,0,0,0,1,0,0,0,0,0,0,0,1,1,1,1
30606,2296,2186,450,465,1982,0.0,0,396.2,0.0,0,0,0,1,0,0,0,0,0,0,0,1,1,1,1
30616,2295,2186,449,467,1979,0.0,0,396.2,0.0,0,0,0,1,0,0,0,0,0,0,0,1,1,1,1
30626,2295,2186,451,465,1979,0.0,0,396.4,0.0,0,0,0,1,0,0,0,0,0,0,0,1,1,1,1
30636,2295,2186,449,465,1979,0.0,0,396.5,0.0,0,0,0,1,0,0,0,0,0,0,0,1,1,1,1
30646,2295,2186,448,465,1980,0.0,0,396.4,0.0,0,0,0,1,0,0,0,0,0,0,0,1,1,1,1
30656,2296,2185,448,465,1980,0.0,0,396.4,0.0,0,0,0,1,0,0,0,0,0,0,0,1,1,1,1
30666,2299,2186,449,464,1979,0.0,0,396.4,0.0,0,0,0,1,0,0,0,0,0,0,0,1,1,1,1
30676,2296,2186,449,464,1977,0.0,0,396.9,0.0,0,0,0,1,0,0,0,0,0,0,0,1,1,1,1
30686,2296,2186,451,462,1981,0.0,0,396.3,0.0,0,0,0,1,0,0,0,0,0,0,0,1,1,1,1
30696,2296,2186,448,465,1981,0.0,0,396.1,0.0,0,0,0,1,0,0,0,0,0,0,0,1,1,1,1
30706,2295,2189,448,463,1981,0.0,0,396.1,0.0,0,0,0,1,0,0,0,0,0,0,0,1,1,1,1
30716,2296,2186,448,465,1981,0.0,0,396.4,0.0,0,0,0,1,0,0,0,0,0,0,0,1,1,1,1
30726,2295,2185,448,465,1981,0.0,0,396.4,0.0,0,0,0,1,0,0,0,0,0,0,0,1,1,1,1
30736,2295,2185,452,465,1980,0.0,0,396.9,0.0,0,0,0,1,0,0,0,0,0,0,0,1,1,1,1
30746,2295,2185,450,465,1980,0.0,0,396.5,0.0,0,0,0,1,0,0,0,0,0,0,0,1,1,1,1
30756,2295,2186,449,464,1981,0.0,0,396.8,0.0,0,0,0,1,0,0,0,0,0,0,0,1,1,1,1
30766,2296,2186,450,464,1981,0.0,0,396.7,0.0,0,0,0,1,0,0,0,0,0,0,0,1,1,1,1
30776,2296,2186,450,465,1981,0.0,0,396.7,0.0,0,0,0,1,0,0,0,0,0,0,0,1,1,1,1
30786,2294,2186,450,465,1982,0.0,0,397.1,0.0,0,0,0,1,0,0,0,0,0,0,0,1,1,1,1
30796,2296,2186,449,466,1981,0.0,0,396.9,0.0,0,0,0,1,0,0,0,0,0,0,0,1,1,1,1
30806,2298,2187,450,465,1981,0.0,0,396.2,0.0,0,0,0,1,0,0,0,0,0,0,0,1,1,1,1
30816,2295,2183,450,464,1980,0.0,0,396.1,0.0,0,0,0,1,0,0,0,0,0,0,0,1,1,1,1
30826,2296,2186,449,465,1981,0.0,0,396.2,0.0,0,0,0,1,0,0,0,0,0,0,0,1,1,1,1
30836,2295,2186,450,465,1981,0.0,0,396.2,0.0,0,0,0,1,0,0,0,0,0,0,0,1,1,1,1
30846,2295,2187,450,465,1982,0.0,0,396.7,0.0,0,0,0,1,0,0,0,0,0,0,0,1,1,1,1
30856,2295,2186,448,466,1980,0.0,0,396.0,0.0,0,0,0,1,0,0,0,0,0,0,0,1,1,1,1
30866,2296,2186,448,465,1979,0.0,0,396.7,0.0,0,0,0,1,0,0,0,0,0,0,0,1,1,1,1
30876,2296,2186,448,463,1979,0.0,0,396.8,0.0,0,0,0,1,0,0,0,0,0,0,0,1,1,1,1
30886,2295,2186,451,465,1979,0.0,0,396.9,0.0,0,0,0,1,0,0,0,0,0,0,0,1,1,1,1
30896,2299,2186,449,464,1980,0.0,0,396.9,0.0,0,0,0,1,0,0,0,0,0,0,0,1,1,1,1
30906,2295,2186,450,465,1979,0.0,0,396.5,0.0,0,0,0,1,0,0,0,0,0,0,0,1,1,1,1
30916,2296,2185,449,464,1979,0.0,0,395.7,0.0,0,0,0,1,0,0,0,0,0,0,0,1,1,1,1
30926,2296,2186,450,465,1979,0.0,0,396.3,0.0,0,0,0,1,0,0,0,0,0,0,0,1,1,1,1
30936,2295,2186,449,466,1980,0.0,0,396.1,0.0,0,0,0,1,0,0,0,0,0,0,0,1,1,1,1
30946,2295,2186,450,465,1979,0.0,0,396.1,0.0,0,0,0,1,0,0,0,0,0,0,0,1,1,1,1
30956,2295,2186,449,465,1979,0.0,0,396.9,0.0,0,0,0,1,0,0,0,0,0,0,0,1,1,1,1
30966,2295,2186,449,466,1980,0.0,0,396.1,0.0,0,0,0,1,0,0,0,0,0,0,0,1,1,1,1
30976,2295,2185,449,466,1979,0.0,0,396.7,0.0,0,0,0,1,0,0,0,0,0,0,0,1,1,1,1
30986,2295,2186,450,465,1979,0.0,0,396.7,0.0,0,0,0,1,0,0,0,0,0,0,0,1,1,1,1
30996,2295,2186,447,465,1981,0.0,0,396.3,0.0,0,0,0,1,0,0,0,0,0,0,0,1,1,1,1
31006,2298,2189,449,466,1981,0.0,0,396.3,0.0,0,0,0,1,0,0,0,0,0,0,0,1,1,1,1
31016,2295,2186,451,465,1981,0.0,0,397.0,0.0,0,0,0,1,0,0,0,0,0,0,0,1,1,1,1
31026,2295,2186,448,463,1981,0.0,0,396.4,0.0,0,0,0,1,0,0,0,0,0,0,0,1,1,1,1
31036,2295,2186,451,464,1982,0.0,0,396.8,0.0,0,0,0,1,0,0,0,0,0,0,0,1,1,1,1
31046,2295,2186,451,464,1982,0.0,0,395.9,0.0,0,0,0,1,0,0,0,0,0,0,0,1,1,1,1
31056,2295,2186,450,464,1981,0.0,0,396.9,0.0,0,0,0,1,0,0,0,0,0,0,0,1,1,1,1
31066,2296,2186,449,465,1981,0.0,0,397.3,0.0,0,0,0,1,0,0,0,0,0,0,0,1,1,1,1
31076,2295,2187,449,466,1981,0.0,0,397.3,0.0,0,0,0,1,0,0,0,0,0,0,0,1,1,1,1
31086,2295,2185,448,462,1981,0.0,0,396.3,0.0,0,0,0,1,0,0,0,0,0,0,0,1,1,1,1
31096,2296,2186,448,464,1981,0.0,0,397.1,0.0,0,0,0,1,0,0,0,0,0,0,0,1,1,1,1
31106,2296,2185,449,467,1981,0.0,0,396.7,0.0,0,0,0,1,0,0,0,0,0,0,0,1,1,1,1
31116,2295,2186,449,465,1981,0.0,0,396.1,0.0,0,0,0,1,0,0,0,0,0,0,0,1,1,1,1
31126,2296,2186,447,464,1980,0.0,0,396.1,0.0,0,0,0,1,0,0,0,0,0,0,0,1,1,1,1
31136,2295,2186,451,465,1981,0.0,0,396.9,0.0,0,0,0,1,0,0,0,0,0,0,0,1,1,1,1
31146,2296,2186,450,465,1981,0.0,0,396.4,0.0,0,0,0,1,0,0,0,0,0,0,0,1,1,1,1
31156,2295,2186,449,466,1981,0.0,0,396.8,0.0,0,0,0,1,0,0,0,0,0,0,0,1,1,1,1
31166,2296,2186,449,462,1979,0.0,0,396.2,0.0,0,0,0,1,0,0,0,0,0,0,0,1,1,1,1
31176,2295,2186,449,465,1979,0.0,0,395.9,0.0,0,0,0,1,0,0,0,0,0,0,0,1,1,1,1
31186,2296,2186,450,464,1979,0.0,0,395.9,0.0,0,0,0,1,0,0,0,0,0,0,0,1,1,1,1
31196,2296,2186,450,464,1980,0.0,0,396.5,0.0,0,0,0,1,0,0,0,0,0,0,0,1,1,1,1
31206,2295,2186,448,466,1979,0.0,0,396.4,0.0,0,0,0,1,0,0,0,0,0,0,0,1,1,1,1
31216,2295,2185,449,465,1979,0.0,0,396.1,0.0,0,0,0,1,0,0,0,0,0,0,0,1,1,1,1
31226,2296,2185,450,462,1979,0.0,0,396.1,0.0,0,0,0,1,0,0,0,0,0,0,0,1,1,1,1
31236,2296,2186,448,464,1980,0.0,0,396.8,0.0,0,0,0,1,0,0,0,0,0,0,0,1,1,1,1
31246,2296,2188,445,465,1979,0.0,0,396.7,0.0,0,0,0,1,0,0,0,0,0,0,0,1,1,1,1
31256,2294,2186,450,465,1979,0.0,0,396.7,0.0,0,0,0,1,0,0,0,0,0,0,0,1,1,1,1
31266,2295,2185,451,464,1980,0.0,0,396.7,0.0,0,0,0,1,0,0,0,0,0,0,0,1,1,1,1
31276,2295,2186,451,465,1979,0.0,0,396.4,0.0,0,0,0,1,0,0,0,0,0,0,0,1,1,1,1
31286,2295,2185,449,466,1979,0.0,0,396.4,0.0,0,0,0,1,0,0,0,0,0,0,0,1,1,1,1
31296,2298,2185,451,464,1981,0.0,0,396.2,0.0,0,0,0,1,0,0,0,0,0,0,0,1,1,1,1
31306,2296,2185,449,464,1981,0.0,0,396.2,0.0,0,0,0,1,0,0,0,0,0,0,0,1,1,1,1
31316,2294,2186,449,463,1980,0.0,0,396.0,0.0,0,0,0,1,0,0,0,0,0,0,0,1,1,1,1
31326,2295,2187,450,466,1981,0.0,0,395.9,0.0,0,0,0,1,0,0,0,0,0,0,0,1,1,1,1
31336,2295,2185,449,464,1980,0.0,0,396.7,0.0,0,0,0,1,0,0,0,0,0,0,0,1,1,1,1
31346,2295,2185,448,465,1980,0.0,0,397.1,0.0,0,0,0,1,0,0,0,0,0,0,0,1,1,1,1
31356,2295,2186,450,466,1981,0.0,0,396.3,0.0,0,0,0,1,0,0,0,0,0,0,0,1,1,1,1
31366,2295,2186,450,466,1981,0.0,0,396.3,0.0,0,0,0,1,0,0,0,0,0,0,0,1,1,1,1
31376,2295,2185,449,464,1981,0.0,0,396.5,0.0,0,0,0,1,0,0,0,0,0,0,0,1,1,1,1
31386,2293,2186,449,465,1981,0.0,0,396.0,0.0,0,0,0,1,0,0,0,0,0,0,0,1,1,1,1
31396,2296,2183,449,465,1982,0.0,0,397.0,0.0,0,0,0,1,0,0,0,0,0,0,0,1,1,1,1
31406,2296,2186,449,464,1981,0.0,0,396.5,0.0,0,0,0,1,0,0,0,0,0,0,0,1,1,1,1
31416,2296,2186,451,464,1981,0.0,0,396.2,0.0,0,0,0,1,0,0,0,0,0,0,0,1,1,1,1
31426,2295,2188,449,465,1981,0.0,0,396.2,0.0,0,0,0,1,0,0,0,0,0,0,0,1,1,1,1
31436,2296,2186,449,465,1981,0.0,0,396.3,0.0,0,0,0,1,0,0,0,0,0,0,0,1,1,1,1
31446,2295,2186,449,465,1982,0.0,0,396.9,0.0,0,0,0,1,0,0,0,0,0,0,0,1,1,1,1
31456,2295,2186,450,465,1981,0.0,0,396.4,0.0,0,0,0,1,0,0,0,0,0,0,0,1,1,1,1
31466,2292,2187,449,465,1977,0.0,0,396.4,0.0,0,0,0,1,0,0,0,0,0,0,0,1,1,1,1
31476,2295,2185,451,463,1979,0.0,0,395.9,0.0,0,0,0,1,0,0,0,0,0,0,0,1,1,1,1
31486,2295,2186,448,466,1979,0.0,0,395.9,0.0,0,0,0,1,0,0,0,0,0,0,0,1,1,1,1
31496,2295,2186,450,465,1980,0.0,0,396.3,0.0,0,0,0,1,0,0,0,0,0,0,0,1,1,1,1
31506,2296,2190,450,465,1980,0.0,0,396.3,0.0,0,0,0,1,0,0,0,0,0,0,0,1,1,1,1
31516,2295,2186,449,466,1979,0.0,0,396.9,0.0,0,0,0,1,0,0,0,0,0,0,0,1,1,1,1
31526,2296,2186,450,463,1979,0.0,0,396.7,0.0,0,0,0,1,0,0,0,0,0,0,0,1,1,1,1
31536,2295,2183,450,465,1979,0.0,0,396.1,0.0,0,0,0,1,0,0,0,0,0,0,0,1,1,1,1
31546,2296,2185,449,464,1981,0.0,0,396.1,0.0,0,0,0,1,0,0,0,0,0,0,0,1,1,1,1
31556,2296,2186,450,465,1979,0.0,0,396.5,0.0,0,0,0,1,0,0,0,0,0,0,0,1,1,1,1
31566,2295,2186,448,465,1979,0.0,0,397.4,0.0,0,0,0,1,0,0,0,0,0,0,0,1,1,1,1
31576,2296,2186,450,466,1979,0.0,0,396.5,0.0,0,0,0,1,0,0,0,0,0,0,0,1,1,1,1
31586,2296,2187,449,464,1982,0.0,0,396.1,0.0,0,0,0,1,0,0,0,0,0,0,0,1,1,1,1
31596,2296,2186,450,465,1981,0.0,0,396.5,0.0,0,0,0,1,0,0,0,0,0,0,0,1,1,1,1
31606,2296,2186,449,466,1981,0.0,0,396.5,0.0,0,0,0,1,0,0,0,0,0,0,0,1,1,1,1
31616,2294,2186,450,466,1982,0.0,0,396.7,0.0,0,0,0,1,0,0,0,0,0,0,0,1,1,1,1
31626,2296,2186,450,465,1981,0.0,0,396.5,0.0,0,0,0,1,0,0,0,0,0,0,0,1,1,1,1
31636,2295,2186,449,466,1982,0.0,0,396.3,0.0,0,0,0,1,0,0,0,0,0,0,0,1,1,1,1
31646,2296,2186,450,463,1981,0.0,0,397.2,0.0,0,0,0,1,0,0,0,0,0,0,0,1,1,1,1
31656,2296,2186,450,465,1983,0.0,0,397.1,0.0,0,0,0,1,0,0,0,0,0,0,0,1,1,1,1
31666,2296,2186,448,465,1981,0.0,0,396.2,0.0,0,0,0,1,0,0,0,0,0,0,0,1,1,1,1
31676,2298,2186,450,465,1981,0.0,0,396.5,0.0,0,0,0,1,0,0,0,0,0,0,0,1,1,1,1
31686,2296,2186,452,464,1980,0.0,0,396.5,0.0,0,0,0,1,0,0,0,0,0,0,0,1,1,1,1
31696,2295,2186,449,464,1981,0.0,0,396.3,0.0,0,0,0,1,0,0,0,0,0,0,0,1,1,1,1
31706,2295,2185,448,464,1981,0.0,0,396.3,0.0,0,0,0,1,0,0,0,0,0,0,0,1,1,1,1
31716,2296,2186,450,466,1981,0.0,0,396.1,0.0,0,0,0,1,0,0,0,0,0,0,0,1,1,1,1
31726,2295,2186,449,466,1982,0.0,0,396.5,0.0,0,0,0,1,0,0,0,0,0,0,0,1,1,1,1
31736,2295,2186,448,464,1980,0.0,0,396.9,0.0,0,0,0,1,0,0,0,0,0,0,0,1,1,1,1
31746,2296,2186,449,466,1981,0.0,0,396.9,0.0,0,0,0,1,0,0,0,0,0,0,0,1,1,1,1
31756,2296,2186,447,464,1981,0.0,0,396.5,0.0,0,0,0,1,0,0,0,0,0,0,0,1,1,1,1
31766,2295,2186,448,465,1978,0.0,0,396.1,0.0,0,0,0,1,0,0,0,0,0,0,0,1,1,1,1
31776,2296,2187,449,464,1979,0.0,0,396.5,0.0,0,0,0,1,0,0,0,0,0,0,0,1,1,1,1
31786,2296,2186,448,466,1978,0.0,0,396.0,0.0,0,0,0,1,0,0,0,0,0,0,0,1,1,1,1
31796,2296,2185,450,464,1979,0.0,0,395.8,0.0,0,0,0,1,0,0,0,0,0,0,0,1,1,1,1
31806,2297,2186,450,465,1979,0.0,0,395.8,0.0,0,0,0,1,0,0,0,0,0,0,0,1,1,1,1
31816,2295,2186,449,465,1977,0.0,0,396.1,0.0,0,0,0,1,0,0,0,0,0,0,0,1,1,1,1
31826,2295,2186,449,464,1980,0.0,0,396.5,0.0,0,0,0,1,0,0,0,0,0,0,0,1,1,1,1
31836,2295,2186,450,464,1980,0.0,0,396.5,0.0,0,0,0,1,0,0,0,0,0,0,0,1,1,1,1
31846,2296,2186,450,465,1982,0.0,0,396.5,0.0,0,0,0,1,0,0,0,0,0,0,0,1,1,1,1
31856,2295,2186,449,465,1979,0.0,0,396.3,0.0,0,0,0,1,0,0,0,0,0,0,0,1,1,1,1
31866,2295,2186,449,464,1979,0.0,0,395.8,0.0,0,0,0,1,0,0,0,0,0,0,0,1,1,1,1
31876,2296,2187,450,465,1979,0.0,0,395.8,0.0,0,0,0,1,0,0,0,0,0,0,0,1,1,1,1
31886,2295,2187,449,463,1979,0.0,0,397.1,0.0,0,0,0,1,0,0,0,0,0,0,0,1,1,1,1
31896,2296,2186,450,466,1980,0.0,0,396.0,0.0,0,0,0,1,0,0,0,0,0,0,0,1,1,1,1
31906,2294,2186,452,464,1983,0.0,0,396.2,0.0,0,0,0,1,0,0,0,0,0,0,0,1,1,1,1
31916,2296,2186,449,464,1981,0.0,0,396.0,0.0,0,0,0,1,0,0,0,0,0,0,0,1,1,1,1
31926,2296,2186,449,464,1981,0.0,0,397.3,0.0,0,0,0,1,0,0,0,0,0,0,0,1,1,1,1
31936,2296,2186,451,466,1981,0.0,0,396.5,0.0,0,0,0,1,0,0,0,0,0,0,0,1,1,1,1
31946,2295,2186,450,466,1981,0.0,0,396.5,0.0,0,0,0,1,0,0,0,0,0,0,0,1,1,1,1
31956,2295,2186,448,465,1982,0.0,0,396.3,0.0,0,0,0,1,0,0,0,0,0,0,0,1,1,1,1
31966,2295,2186,449,465,1981,0.0,0,395.9,0.0,0,0,0,1,0,0,0,0,0,0,0,1,1,1,1
31976,2296,2186,449,466,1981,0.0,0,396.0,0.0,0,0,0,1,0,0,0,0,0,0,0,1,1,1,1
31986,2296,2186,449,465,1981,0.0,0,396.1,0.0,0,0,0,1,0,0,0,0,0,0,0,1,1,1,1
31996,2295,2186,449,468,1981,0.0,0,396.1,0.0,0,0,0,1,0,0,0,0,0,0,0,1,1,1,1
32006,2296,2187,451,464,1982,0.0,0,396.9,0.0,0,0,0,1,0,0,0,0,0,0,0,1,1,1,1
32016,2295,2186,448,464,1981,0.0,0,396.1,0.0,0,0,0,1,0,0,0,0,0,0,0,1,1,1,1
32026,2295,2186,449,464,1981,0.0,0,396.2,0.0,0,0,0,1,0,0,0,0,0,0,0,1,1,1,1
32036,2295,2185,449,463,1981,0.0,0,396.3,0.0,0,0,0,1,0,0,0,0,0,0,0,1,1,1,1
32046,2295,2186,450,465,1981,0.0,0,396.7,0.0,0,0,0,1,0,0,0,0,0,0,0,1,1,1,1
32056,2300,2187,450,464,1981,0.0,0,396.7,0.0,0,0,0,1,0,0,0,0,0,0,0,1,1,1,1
32066,2296,2185,450,464,1984,0.0,0,397.0,0.0,0,0,0,1,0,0,0,0,0,0,0,1,1,1,1
32076,2295,2186,449,463,1979,0.0,0,396.1,0.0,0,0,0,1,0,0,0,0,0,0,0,1,1,1,1
32086,2296,2186,449,465,1979,0.0,0,395.9,0.0,0,0,0,1,0,0,0,0,0,0,0,1,1,1,1
32096,2295,2188,449,466,1979,0.0,0,396.4,0.0,0,0,0,1,0,0,0,0,0,0,0,1,1,1,1
32106,2295,2186,449,464,1979,0.0,0,396.7,0.0,0,0,0,1,0,0,0,0,0,0,0,1,1,1,1
32116,2297,2186,450,465,1979,0.0,0,396.7,0.0,0,0,0,1,0,0,0,0,0,0,0,1,1,1,1
32126,2296,2188,450,464,1983,0.0,0,396.5,0.0,0,0,0,1,0,0,0,0,0,0,0,1,1,1,1
32136,2295,2188,449,465,1979,0.0,0,397.0,0.0,0,0,0,1,0,0,0,0,0,0,0,1,1,1,1
32146,2293,2186,449,464,1980,0.0,0,396.5,0.0,0,0,0,1,0,0,0,0,0,0,0,1,1,1,1
32156,2296,2186,450,465,1980,0.0,0,396.4,0.0,0,0,0,1,0,0,0,0,0,0,0,1,1,1,1
32166,2295,2178,447,464,1980,0.0,0,396.0,0.0,0,0,0,1,0,0,0,0,0,0,0,1,1,1,1
32176,2296,2186,449,464,1979,0.0,0,396.0,0.0,0,0,0,1,0,0,0,0,0,0,0,1,1,1,1
32186,2295,2187,448,464,1979,0.0,0,397.4,0.0,0,0,0,1,0,0,0,0,0,0,0,1,1,1,1
32196,2296,2186,450,464,1980,0.0,0,396.2,0.0,0,0,0,1,0,0,0,0,0,0,0,1,1,1,1
32206,2296,2186,449,465,1981,0.0,0,396.5,0.0,0,0,0,1,0,0,0,0,0,0,0,1,1,1,1
32216,2296,2186,450,464,1981,0.0,0,396.2,0.0,0,0,0,1,0,0,0,0,0,0,0,1,1,1,1
32226,2296,2186,447,465,1983,0.0,0,396.9,0.0,0,0,0,1,0,0,0,0,0,0,0,1,1,1,1
32236,2296,2186,449,465,1981,0.0,0,396.8,0.0,0,0,0,1,0,0,0,0,0,0,0,1,1,1,1
32246,2298,2186,450,465,1981,0.0,0,396.8,0.0,0,0,0,1,0,0,0,0,0,0,0,1,1,1,1
32256,2295,2186,452,465,1982,0.0,0,396.2,0.0,0,0,0,1,0,0,0,0,0,0,0,1,1,1,1
32266,2295,2186,450,465,1981,0.0,0,397.0,0.0,0,0,0,1,0,0,0,0,0,0,0,1,1,1,1
32276,2296,2186,449,465,1982,0.0,0,397.1,0.0,0,0,0,1,0,0,0,0,0,0,0,1,1,1,1
32286,2295,2186,448,465,1981,0.0,0,397.0,0.0,0,0,0,1,0,0,0,0,0,0,0,1,1,1,1
32296,2295,2186,449,464,1981,0.0,0,396.7,0.0,0,0,0,1,0,0,0,0,0,0,0,1,1,1,1
32306,2295,2187,450,464,1981,0.0,0,396.7,0.0,0,0,0,1,0,0,0,0,0,0,0,1,1,1,1
32316,2295,2186,449,465,1981,0.0,0,396.0,0.0,0,0,0,1,0,0,0,0,0,0,0,1,1,1,1
32326,2295,2186,450,466,1981,0.0,0,397.0,0.0,0,0,0,1,0,0,0,0,0,0,0,1,1,1,1
32336,2294,2186,449,465,1981,0.0,0,396.8,0.0,0,0,0,1,0,0,0,0,0,0,0,1,1,1,1
32346,2295,2185,449,464,1981,0.0,0,396.5,0.0,0,0,0,1,0,0,0,0,0,0,0,1,1,1,1
32356,2295,2186,449,466,1980,0.0,0,396.5,0.0,0,0,0,1,0,0,0,0,0,0,0,1,1,1,1
32366,2295,2186,450,464,1982,0.0,0,396.2,0.0,0,0,0,1,0,0,0,0,0,0,0,1,1,1,1
32376,2295,2185,450,464,1979,0.0,0,396.4,0.0,0,0,0,1,0,0,0,0,0,0,0,1,1,1,1
32386,2295,2186,449,466,1980,0.0,0,396.8,0.0,0,0,0,1,0,0,0,0,0,0,0,1,1,1,1
32396,2295,2186,449,465,1980,0.0,0,396.3,0.0,0,0,0,1,0,0,0,0,0,0,0,1,1,1,1
32406,2297,2186,449,465,1979,0.0,0,397.0,0.0,0,0,0,1,0,0,0,0,0,0,0,1,1,1,1
32416,2297,2184,451,465,1977,0.0,0,397.0,0.0,0,0,0,1,0,0,0,0,0,0,0,1,1,1,1
32426,2295,2186,448,465,1981,0.0,0,397.1,0.0,0,0,0,1,0,0,0,0,0,0,0,1,1,1,1
32436,2295,2186,448,466,1980,0.0,0,396.7,0.0,0,0,0,1,0,0,0,0,0,0,0,1,1,1,1
32446,2295,2186,448,465,1979,0.0,0,396.3,0.0,0,0,0,1,0,0,0,0,0,0,0,1,1,1,1
32456,2295,2186,449,465,1979,0.0,0,396.5,0.0,0,0,0,1,0,0,0,0,0,0,0,1,1,1,1
32466,2296,2186,449,463,1979,0.0,0,397.0,0.0,0,0,0,1,0,0,0,0,0,0,0,1,1,1,1
32476,2296,2186,452,464,1979,0.0,0,396.8,0.0,0,0,0,1,0,0,0,0,0,0,0,1,1,1,1
32486,2295,2186,449,466,1980,0.0,0,396.8,0.0,0,0,0,1,0,0,0,0,0,0,0,1,1,1,1
32496,2295,2186,450,464,1980,0.0,0,396.1,0.0,0,0,0,1,0,0,0,0,0,0,0,1,1,1,1
32506,2295,2185,448,465,1981,0.0,0,397.0,0.0,0,0,0,1,0,0,0,0,0,0,0,1,1,1,1
32516,2295,2187,449,464,1981,0.0,0,395.9,0.0,0,0,0,1,0,0,0,0,0,0,0,1,1,1,1
32526,2295,2188,449,464,1981,0.0,0,396.7,0.0,0,0,0,1,0,0,0,0,0,0,0,1,1,1,1
32536,2295,2186,449,464,1973,0.0,0,396.7,0.0,0,0,0,1,0,0,0,0,0,0,0,1,1,1,1
32546,2296,2186,450,465,1981,0.0,0,396.0,0.0,0,0,0,1,0,0,0,0,0,0,0,1,1,1,1
32556,2295,2187,450,466,1982,0.0,0,396.8,0.0,0,0,0,1,0,0,0,0,0,0,0,1,1,1,1
32566,2296,2187,449,464,1981,0.0,0,396.4,0.0,0,0,0,1,0,0,0,0,0,0,0,1,1,1,1
32576,2295,2186,449,464,1981,0.0,0,396.3,0.0,0,0,0,1,0,0,0,0,0,0,0,1,1,1,1
32586,2296,2187,448,464,1981,0.0,0,397.3,0.0,0,0,0,1,0,0,0,0,0,0,0,1,1,1,1
32597,2296,2186,448,464,1981,0.0,0,396.2,0.0,0,0,0,1,0,0,0,0,0,0,0,1,1,1,1
32607,2296,2186,449,464,1981,0.0,0,396.2,0.0,0,0,0,1,0,0,0,0,0,0,0,1,1,1,1
32617,2296,2186,451,465,1982,0.0,0,397.1,0.0,0,0,0,1,0,0,0,0,0,0,0,1,1,1,1
32627,2295,2185,449,465,1981,0.0,0,395.9,0.0,0,0,0,1,0,0,0,0,0,0,0,1,1,1,1
32637,2296,2184,449,464,1981,0.0,0,396.2,0.0,0,0,0,1,0,0,0,0,0,0,0,1,1,1,1
32647,2296,2186,450,465,1981,0.0,0,396.3,0.0,0,0,0,1,0,0,0,0,0,0,0,1,1,1,1
32657,2296,2189,450,464,1981,0.0,0,396.3,0.0,0,0,0,1,0,0,0,0,0,0,0,1,1,1,1
32667,2295,2186,448,465,1981,0.0,0,396.3,0.0,0,0,0,1,0,0,0,0,0,0,0,1,1,1,1
32677,2296,2186,450,465,1979,0.0,0,396.9,0.0,0,0,0,1,0,0,0,0,0,0,0,1,1,1,1
32687,2295,2187,450,464,1979,0.0,0,397.0,0.0,0,0,0,1,0,0,0,0,0,0,0,1,1,1,1
32697,2295,2186,447,465,1979,0.0,0,396.2,0.0,0,0,0,1,0,0,0,0,0,0,0,1,1,1,1
32707,2295,2187,449,463,1979,0.0,0,395.8,0.0,0,0,0,1,0,0,0,0,0,0,0,1,1,1,1
32717,2296,2186,447,464,1979,0.0,0,396.3,0.0,0,0,0,1,0,0,0,0,0,0,0,1,1,1,1
32727,2296,2187,453,465,1980,0.0,0,396.3,0.0,0,0,0,1,0,0,0,0,0,0,0,1,1,1,1
32737,2295,2186,447,465,1978,0.0,0,396.1,0.0,0,0,0,1,0,0,0,0,0,0,0,1,1,1,1
32747,2295,2187,451,466,1979,0.0,0,396.7,0.0,0,0,0,1,0,0,0,0,0,0,0,1,1,1,1
32757,2295,2186,449,465,1979,0.0,0,396.3,0.0,0,0,0,1,0,0,0,0,0,0,0,1,1,1,1
32767,2296,2187,449,465,1980,0.0,0,396.9,0.0,0,0,0,1,0,0,0,0,0,0,0,1,1,1,1
32777,2295,2186,450,466,1980,0.0,0,396.4,0.0,0,0,0,1,0,0,0,0,0,0,0,1,1,1,1
32787,2296,2186,449,464,1979,0.0,0,396.4,0.0,0,0,0,1,0,0,0,0,0,0,0,1,1,1,1
32797,2296,2186,449,466,1979,0.0,0,396.8,0.0,0,0,0,1,0,0,0,0,0,0,0,1,1,1,1
32807,2295,2186,448,463,1978,0.0,0,396.4,0.0,0,0,0,1,0,0,0,0,0,0,0,1,1,1,1
32817,2296,2186,449,464,1982,0.0,0,396.9,0.0,0,0,0,1,0,0,0,0,0,0,0,1,1,1,1
32827,2293,2186,450,463,1981,0.0,0,396.4,0.0,0,0,0,1,0,0,0,0,0,0,0,1,1,1,1
32837,2297,2186,449,465,1981,0.0,0,397.0,0.0,0,0,0,1,0,0,0,0,0,0,0,1,1,1,1
32847,2296,2188,449,464,1982,0.0,0,397.0,0.0,0,0,0,1,0,0,0,0,0,0,0,1,1,1,1
32857,2295,2186,449,466,1981,0.0,0,396.1,0.0,0,0,0,1,0,0,0,0,0,0,0,1,1,1,1
32867,2296,2186,451,464,1981,0.0,0,396.4,0.0,0,0,0,1,0,0,0,0,0,0,0,1,1,1,1
32877,2296,2186,450,466,1982,0.0,0,396.8,0.0,0,0,0,1,0,0,0,0,0,0,0,1,1,1,1
32887,2296,2186,449,464,1981,0.0,0,397.0,0.0,0,0,0,1,0,0,0,0,0,0,0,1,1,1,1
32897,2295,2186,449,464,1981,0.0,0,397.0,0.0,0,0,0,1,0,0,0,0,0,0,0,1,1,1,1
32907,2296,2186,449,465,1981,0.0,0,397.0,0.0,0,0,0,1,0,0,0,0,0,0,0,1,1,1,1
32917,2296,2186,449,464,1980,0.0,0,396.4,0.0,0,0,0,1,0,0,0,0,0,0,0,1,1,1,1
32927,2295,2186,447,464,1981,0.0,0,396.5,0.0,0,0,0,1,0,0,0,0,0,0,0,1,1,1,1
32937,2295,2186,448,465,1979,0.0,0,396.4,0.0,0,0,0,1,0,0,0,0,0,0,0,1,1,1,1
32947,2295,2186,448,466,1981,0.0,0,396.4,0.0,0,0,0,1,0,0,0,0,0,0,0,1,1,1,1
32957,2297,2185,449,464,1980,0.0,0,396.5,0.0,0,0,0,1,0,0,0,0,0,0,0,1,1,1,1
32967,2296,2186,450,465,1981,0.0,0,396.5,0.0,0,0,0,1,0,0,0,0,0,0,0,1,1,1,1
32977,2295,2186,449,464,1981,0.0,0,396.2,0.0,0,0,0,1,0,0,0,0,0,0,0,1,1,1,1
32987,2295,2186,449,464,1980,0.0,0,396.1,0.0,0,0,0,1,0,0,0,0,0,0,0,1,1,1,1
32997,2296,2186,449,465,1981,0.0,0,396.3,0.0,0,0,0,1,0,0,0,0,0,0,0,1,1,1,1
33007,2295,2186,449,465,1980,0.0,0,396.5,0.0,0,0,0,1,0,0,0,0,0,0,0,1,1,1,1
33017,2296,2186,448,464,1983,0.0,0,396.1,0.0,0,0,0,1,0,0,0,0,0,0,0,1,1,1,1
33027,2296,2186,451,465,1979,0.0,0,396.1,0.0,0,0,0,1,0,0,0,0,0,0,0,1,1,1,1
33037,2295,2184,449,463,1979,0.0,0,396.4,0.0,0,0,0,1,0,0,0,0,0,0,0,1,1,1,1
33047,2295,2186,450,465,1980,0.0,0,396.0,0.0,0,0,0,1,0,0,0,0,0,0,0,1,1,1,1
33057,2295,2186,451,465,1979,0.0,0,396.4,0.0,0,0,0,1,0,0,0,0,0,0,0,1,1,1,1
33067,2296,2186,449,464,1981,0.0,0,396.5,0.0,0,0,0,1,0,0,0,0,0,0,0,1,1,1,1
33077,2295,2186,450,465,1979,0.0,0,396.1,0.0,0,0,0,1,0,0,0,0,0,0,0,1,1,1,1
33087,2295,2186,449,466,1979,0.0,0,396.1,0.0,0,0,0,1,0,0,0,0,0,0,0,1,1,1,1
33097,2296,2186,450,465,1979,0.0,0,396.8,0.0,0,0,0,1,0,0,0,0,0,0,0,1,1,1,1
33107,2295,2186,448,465,1979,0.0,0,397.0,0.0,0,0,0,1,0,0,0,0,0,0,0,1,1,1,1
33117,2296,2186,449,465,1981,0.0,0,396.7,0.0,0,0,0,1,0,0,0,0,0,0,0,1,1,1,1
33127,2295,2187,450,465,1981,0.0,0,397.0,0.0,0,0,0,1,0,0,0,0,0,0,0,1,1,1,1
33137,2297,2185,449,466,1981,0.0,0,397.0,0.0,0,0,0,1,0,0,0,0,0,0,0,1,1,1,1
33147,2295,2186,449,464,1981,0.0,0,396.1,0.0,0,0,0,1,0,0,0,0,0,0,0,1,1,1,1
33157,2295,2186,450,464,1982,0.0,0,396.5,0.0,0,0,0,1,0,0,0,0,0,0,0,1,1,1,1
33167,2296,2186,449,464,1981,0.0,0,397.0,0.0,0,0,0,1,0,0,0,0,0,0,0,1,1,1,1
33177,2296,2186,448,465,1981,0.0,0,396.1,0.0,0,0,0,1,0,0,0,0,0,0,0,1,1,1,1
33187,2296,2185,448,465,1981,0.0,0,396.5,0.0,0,0,0,1,0,0,0,0,0,0,0,1,1,1,1
33197,2295,2186,450,464,1980,0.0,0,396.4,0.0,0,0,0,1,0,0,0,0,0,0,0,1,1,1,1
33207,2296,2187,448,464,1981,0.0,0,396.4,0.0,0,0,0,1,0,0,0,0,0,0,0,1,1,1,1
33217,2295,2186,449,465,1982,0.0,0,396.7,0.0,0,0,0,1,0,0,0,0,0,0,0,1,1,1,1
33227,2295,2186,449,466,1982,0.0,0,396.4,0.0,0,0,0,1,0,0,0,0,0,0,0,1,1,1,1
33238,2296,2186,448,462,1982,0.0,0,395.9,0.0,0,0,0,1,0,0,0,0,0,0,0,1,1,1,1
33248,2296,2186,449,465,1981,0.0,0,396.3,0.0,0,0,0,1,0,0,0,0,0,0,0,1,1,1,1
33258,2295,2186,455,465,1982,0.0,0,396.3,0.0,0,0,0,1,0,0,0,0,0,0,0,1,1,1,1
33268,2295,2187,450,464,1981,0.0,0,396.0,0.0,0,0,0,1,0,0,0,0,0,0,0,1,1,1,1
33278,2296,2186,448,466,1981,0.0,0,396.0,0.0,0,0,0,1,0,0,0,0,0,0,0,1,1,1,1
33291,2295,2185,450,466,1979,0.0,0,396.0,0.0,0,0,0,1,0,0,0,0,0,0,0,1,1,1,1
33301,2295,2186,449,465,1980,0.0,0,396.4,0.0,0,0,0,1,0,0,0,0,0,0,0,1,1,1,1
33311,2294,2185,449,465,1978,0.0,0,396.5,0.0,0,0,0,1,0,0,0,0,0,0,0,1,1,1,1
33321,2295,2185,450,465,1979,0.0,0,396.7,0.0,0,0,0,1,0,0,0,0,0,0,0,1,1,1,1
33331,2295,2185,449,465,1979,0.0,0,396.9,0.0,0,0,0,1,0,0,0,0,0,0,0,1,1,1,1
33341,2295,2185,449,465,1977,0.0,0,396.4,0.0,0,0,0,1,0,0,0,0,0,0,0,1,1,1,1
33351,2295,2185,449,463,1979,0.0,0,396.4,0.0,0,0,0,1,0,0,0,0,0,0,0,1,1,1,1
33361,2295,2186,450,466,1981,0.0,0,396.4,0.0,0,0,0,1,0,0,0,0,0,0,0,1,1,1,1
33371,2298,2186,449,466,1978,0.0,0,396.7,0.0,0,0,0,1,0,0,0,0,0,0,0,1,1,1,1
33381,2295,2185,450,464,1979,0.0,0,396.8,0.0,0,0,0,1,0,0,0,0,0,0,0,1,1,1,1
33391,2296,2186,450,464,1980,0.0,0,396.8,0.0,0,0,0,1,0,0,0,0,0,0,0,1,1,1,1
33401,2296,2185,448,466,1982,0.0,0,395.9,0.0,0,0,0,1,0,0,0,0,0,0,0,1,1,1,1
33411,2296,2187,449,465,1979,0.0,0,395.9,0.0,0,0,0,1,0,0,0,0,0,0,0,1,1,1,1
33421,2296,2186,450,465,1981,0.0,0,396.5,0.0,0,0,0,1,0,0,0,0,0,0,0,1,1,1,1
33431,2295,2187,449,465,1982,0.0,0,396.7,0.0,0,0,0,1,0,0,0,0,0,0,0,1,1,1,1
33442,2296,2185,449,464,1981,0.0,0,396.5,0.0,0,0,0,1,0,0,0,0,0,0,0,1,1,1,1
33452,2296,2186,448,465,1981,0.0,0,396.2,0.0,0,0,0,1,0,0,0,0,0,0,0,1,1,1,1
33462,2296,2186,448,464,1982,0.0,0,396.4,0.0,0,0,0,1,0,0,0,0,0,0,0,1,1,1,1
33472,2296,2186,451,465,1981,0.0,0,396.4,0.0,0,0,0,1,0,0,0,0,0,0,0,1,1,1,1
33482,2295,2187,449,466,1981,0.0,0,396.4,0.0,0,0,0,1,0,0,0,0,0,0,0,1,1,1,1
33492,2295,2186,448,465,1981,0.0,0,396.2,0.0,0,0,0,1,0,0,0,0,0,0,0,1,1,1,1
33502,2296,2186,446,464,1981,0.0,0,396.0,0.0,0,0,0,1,0,0,0,0,0,0,0,1,1,1,1
33512,2297,2186,449,463,1982,0.0,0,396.7,0.0,0,0,0,1,0,0,0,0,0,0,0,1,1,1,1
33522,2296,2186,450,466,1982,0.0,0,396.0,0.0,0,0,0,1,0,0,0,0,0,0,0,1,1,1,1
33532,2295,2186,449,464,1978,0.0,0,396.0,0.0,0,0,0,1,0,0,0,0,0,0,0,1,1,1,1
33542,2293,2186,449,466,1980,0.0,0,396.4,0.0,0,0,0,1,0,0,0,0,0,0,0,1,1,1,1
33552,2295,2187,450,465,1982,0.0,0,396.5,0.0,0,0,0,1,0,0,0,0,0,0,0,1,1,1,1
33562,2296,2186,450,466,1981,0.0,0,396.5,0.0,0,0,0,1,0,0,0,0,0,0,0,1,1,1,1
33572,2296,2186,449,465,1981,0.0,0,396.2,0.0,0,0,0,1,0,0,0,0,0,0,0,1,1,1,1
33582,2295,2186,450,465,1981,0.0,0,396.7,0.0,0,0,0,1,0,0,0,0,0,0,0,1,1,1,1
33592,2296,2187,449,465,1979,0.0,0,396.7,0.0,0,0,0,1,0,0,0,0,0,0,0,1,1,1,1
33602,2296,2186,450,464,1980,0.0,0,396.4,0.0,0,0,0,1,0,0,0,0,0,0,0,1,1,1,1
33612,2295,2186,450,464,1979,0.0,0,396.3,0.0,0,0,0,1,0,0,0,0,0,0,0,1,1,1,1
33622,2295,2186,450,465,1980,0.0,0,396.4,0.0,0,0,0,1,0,0,0,0,0,0,0,1,1,1,1
33632,2296,2185,450,465,1980,0.0,0,396.8,0.0,0,0,0,1,0,0,0,0,0,0,0,1,1,1,1
33642,2295,2185,450,463,1981,0.0,0,396.4,0.0,0,0,0,1,0,0,0,0,0,0,0,1,1,1,1
33652,2295,2186,445,463,1976,0.0,0,396.5,0.0,0,0,0,1,0,0,0,0,0,0,0,1,1,1,1
33662,2295,2186,450,466,1980,0.0,0,396.5,0.0,0,0,0,1,0,0,0,0,0,0,0,1,1,1,1
33672,2296,2186,449,466,1981,0.0,0,396.8,0.0,0,0,0,1,0,0,0,0,0,0,0,1,1,1,1
33682,2296,2185,448,466,1979,0.0,0,396.5,0.0,0,0,0,1,0,0,0,0,0,0,0,1,1,1,1
33692,2295,2187,446,464,1978,0.0,0,395.8,0.0,0,0,0,1,0,0,0,0,0,0,0,1,1,1,1
33702,2296,2187,449,465,1979,0.0,0,396.8,0.0,0,0,0,1,0,0,0,0,0,0,0,1,1,1,1
33712,2295,2186,450,465,1979,0.0,0,396.8,0.0,0,0,0,1,0,0,0,0,0,0,0,1,1,1,1
33722,2296,2186,450,464,1981,0.0,0,396.8,0.0,0,0,0,1,0,0,0,0,0,0,0,1,1,1,1
33732,2296,2187,450,467,1982,0.0,0,396.4,0.0,0,0,0,1,0,0,0,0,0,0,0,1,1,1,1
33742,2295,2187,449,464,1981,0.0,0,396.2,0.0,0,0,0,1,0,0,0,0,0,0,0,1,1,1,1
33752,2295,2186,450,463,1981,0.0,0,396.4,0.0,0,0,0,1,0,0,0,0,0,0,0,1,1,1,1
33762,2296,2185,448,463,1981,0.0,0,396.7,0.0,0,0,0,1,0,0,0,0,0,0,0,1,1,1,1
33772,2295,2184,449,465,1981,0.0,0,396.9,0.0,0,0,0,1,0,0,0,0,0,0,0,1,1,1,1
33782,2295,2186,451,464,1980,0.0,0,396.9,0.0,0,0,0,1,0,0,0,0,0,0,0,1,1,1,1
33792,2295,2189,450,465,1981,0.0,0,396.3,0.0,0,0,0,1,0,0,0,0,0,0,0,1,1,1,1
33802,2296,2187,449,465,1981,0.0,0,396.4,0.0,0,0,0,1,0,0,0,0,0,0,0,1,1,1,1
33812,2295,2187,450,465,1981,0.0,0,396.8,0.0,0,0,0,1,0,0,0,0,0,0,0,1,1,1,1
33822,2296,2186,451,465,1981,0.0,0,397.0,0.0,0,0,0,1,0,0,0,0,0,0,0,1,1,1,1
33833,2296,2186,449,464,1981,0.0,0,396.7,0.0,0,0,0,1,0,0,0,0,0,0,0,1,1,1,1
33843,2295,2186,451,465,1980,0.0,0,396.7,0.0,0,0,0,1,0,0,0,0,0,0,0,1,1,1,1
33853,2296,2186,452,464,1981,0.0,0,396.7,0.0,0,0,0,1,0,0,0,0,0,0,0,1,1,1,1
33863,2295,2186,448,465,1981,0.0,0,395.9,0.0,0,0,0,1,0,0,0,0,0,0,0,1,1,1,1
33873,2295,2186,449,466,1981,0.0,0,396.1,0.0,0,0,0,1,0,0,0,0,0,0,0,1,1,1,1
33883,2295,2184,448,463,1981,0.0,0,396.2,0.0,0,0,0,1,0,0,0,0,0,0,0,1,1,1,1
33893,2296,2186,450,465,1979,0.0,0,396.4,0.0,0,0,0,1,0,0,0,0,0,0,0,1,1,1,1
33903,2296,2186,451,465,1979,0.0,0,396.4,0.0,0,0,0,1,0,0,0,0,0,0,0,1,1,1,1
33913,2293,2187,449,466,1979,0.0,0,396.4,0.0,0,0,0,1,0,0,0,0,0,0,0,1,1,1,1
33923,2296,2186,450,464,1979,0.0,0,396.1,0.0,0,0,0,1,0,0,0,0,0,0,0,1,1,1,1
33933,2296,2186,449,464,1979,0.0,0,397.0,0.0,0,0,0,1,0,0,0,0,0,0,0,1,1,1,1
33943,2295,2186,448,465,1979,0.0,0,396.2,0.0,0,0,0,1,0,0,0,0,0,0,0,1,1,1,1
33953,2296,2187,442,465,1979,0.0,0,396.2,0.0,0,0,0,1,0,0,0,0,0,0,0,1,1,1,1
33963,2297,2186,451,465,1979,0.0,0,396.2,0.0,0,0,0,1,0,0,0,0,0,0,0,1,1,1,1
33973,2296,2186,449,463,1979,0.0,0,396.3,0.0,0,0,0,1,0,0,0,0,0,0,0,1,1,1,1
33983,2296,2186,451,464,1979,0.0,0,396.2,0.0,0,0,0,1,0,0,0,0,0,0,0,1,1,1,1
33993,2295,2186,449,464,1979,0.0,0,396.8,0.0,0,0,0,1,0,0,0,0,0,0,0,1,1,1,1
34003,2296,2186,450,465,1979,0.0,0,396.5,0.0,0,0,0,1,0,0,0,0,0,0,0,1,1,1,1
34013,2296,2186,450,464,1979,0.0,0,396.1,0.0,0,0,0,1,0,0,0,0,0,0,0,1,1,1,1
34023,2294,2186,449,464,1980,0.0,0,396.1,0.0,0,0,0,1,0,0,0,0,0,0,0,1,1,1,1
34033,2296,2186,450,464,1980,0.0,0,396.3,0.0,0,0,0,1,0,0,0,0,0,0,0,1,1,1,1
34043,2295,2186,450,465,1979,0.0,0,395.8,0.0,0,0,0,1,0,0,0,0,0,0,0,1,1,1,1
34054,2297,2186,449,465,1981,0.0,0,396.1,0.0,0,0,0,1,0,0,0,0,0,0,0,1,1,1,1
34064,2295,2186,448,464,1981,0.0,0,396.2,0.0,0,0,0,1,0,0,0,0,0,0,0,1,1,1,1
34074,2296,2185,449,464,1981,0.0,0,396.2,0.0,0,0,0,1,0,0,0,0,0,0,0,1,1,1,1
34085,2295,2186,449,464,1979,0.0,0,396.8,0.0,0,0,0,1,0,0,0,0,0,0,0,1,1,1,1
34095,2295,2187,451,467,1980,0.0,0,396.8,0.0,0,0,0,1,0,0,0,0,0,0,0,1,1,1,1
34105,2294,2186,450,464,1982,0.0,0,397.0,0.0,0,0,0,1,0,0,0,0,0,0,0,1,1,1,1
34115,2295,2190,451,463,1981,0.0,0,396.2,0.0,0,0,0,1,0,0,0,0,0,0,0,1,1,1,1
34125,2296,2186,453,463,1982,0.0,0,397.3,0.0,0,0,0,1,0,0,0,0,0,0,0,1,1,1,1
34135,2295,2186,449,464,1981,0.0,0,396.3,0.0,0,0,0,1,0,0,0,0,0,0,0,1,1,1,1
34145,2295,2184,449,466,1981,0.0,0,396.2,0.0,0,0,0,1,0,0,0,0,0,0,0,1,1,1,1
34155,2299,2186,450,466,1982,0.0,0,396.2,0.0,0,0,0,1,0,0,0,0,0,0,0,1,1,1,1
34165,2295,2186,449,465,1980,0.0,0,396.1,0.0,0,0,0,1,0,0,0,0,0,0,0,1,1,1,1
34175,2296,2186,450,464,1981,0.0,0,396.1,0.0,0,0,0,1,0,0,0,0,0,0,0,1,1,1,1
34185,2295,2186,449,465,1982,0.0,0,396.0,0.0,0,0,0,1,0,0,0,0,0,0,0,1,1,1,1
34195,2296,2186,449,466,1980,0.0,0,396.4,0.0,0,0,0,1,0,0,0,0,0,0,0,1,1,1,1
34205,2295,2186,449,464,1980,0.0,0,396.4,0.0,0,0,0,1,0,0,0,0,0,0,0,1,1,1,1
34215,2296,2186,450,464,1980,0.0,0,396.4,0.0,0,0,0,1,0,0,0,0,0,0,0,1,1,1,1
34225,2295,2187,449,465,1980,0.0,0,396.7,0.0,0,0,0,1,0,0,0,0,0,0,0,1,1,1,1
34235,2295,2187,451,466,1979,0.0,0,396.5,0.0,0,0,0,1,0,0,0,0,0,0,0,1,1,1,1
34245,2295,2185,449,464,1980,0.0,0,397.2,0.0,0,0,0,1,0,0,0,0,0,0,0,1,1,1,1
34255,2295,2186,450,462,1980,0.0,0,395.9,0.0,0,0,0,1,0,0,0,0,0,0,0,1,1,1,1
34265,2299,2186,450,464,1981,0.0,0,396.5,0.0,0,0,0,1,0,0,0,0,0,0,0,1,1,1,1
34275,2296,2186,450,464,1979,0.0,0,396.5,0.0,0,0,0,1,0,0,0,0,0,0,0,1,1,1,1
34285,2295,2186,450,465,1979,0.0,0,396.5,0.0,0,0,0,1,0,0,0,0,0,0,0,1,1,1,1
34295,2294,2186,448,465,1979,0.0,0,397.1,0.0,0,0,0,1,0,0,0,0,0,0,0,1,1,1,1
34305,2295,2186,449,464,1979,0.0,0,397.1,0.0,0,0,0,1,0,0,0,0,0,0,0,1,1,1,1
34315,2295,2186,450,464,1980,0.0,0,396.1,0.0,0,0,0,1,0,0,0,0,0,0,0,1,1,1,1
34325,2294,2186,449,464,1978,0.0,0,396.1,0.0,0,0,0,1,0,0,0,0,0,0,0,1,1,1,1
34335,2296,2186,449,464,1980,0.0,0,396.1,0.0,0,0,0,1,0,0,0,0,0,0,0,1,1,1,1
34345,2295,2186,449,465,1978,0.0,0,396.1,0.0,0,0,0,1,0,0,0,0,0,0,0,1,1,1,1
34355,2296,2185,449,465,1980,0.0,0,396.5,0.0,0,0,0,1,0,0,0,0,0,0,0,1,1,1,1
34365,2294,2186,448,465,1981,0.0,0,396.1,0.0,0,0,0,1,0,0,0,0,0,0,0,1,1,1,1
34375,2295,2185,450,465,1981,0.0,0,396.1,0.0,0,0,0,1,0,0,0,0,0,0,0,1,1,1,1
34385,2296,2185,450,465,1981,0.0,0,396.1,0.0,0,0,0,1,0,0,0,0,0,0,0,1,1,1,1
34395,2296,2186,450,465,1982,0.0,0,396.1,0.0,0,0,0,1,0,0,0,0,0,0,0,1,1,1,1
34405,2295,2186,451,464,1981,0.0,0,396.7,0.0,0,0,0,1,0,0,0,0,0,0,0,1,1,1,1
34415,2295,2183,449,465,1981,0.0,0,395.9,0.0,0,0,0,1,0,0,0,0,0,0,0,1,1,1,1
34425,2295,2186,450,465,1982,0.0,0,396.2,0.0,0,0,0,1,0,0,0,0,0,0,0,1,1,1,1
34435,2295,2186,448,463,1981,0.0,0,396.7,0.0,0,0,0,1,0,0,0,0,0,0,0,1,1,1,1
34445,2295,2186,448,464,1980,0.0,0,396.9,0.0,0,0,0,1,0,0,0,0,0,0,0,1,1,1,1
34455,2296,2186,450,464,1981,0.0,0,396.9,0.0,0,0,0,1,0,0,0,0,0,0,0,1,1,1,1
34465,2295,2186,447,466,1981,0.0,0,396.3,0.0,0,0,0,1,0,0,0,0,0,0,0,1,1,1,1
34475,2296,2186,449,465,1981,0.0,0,396.4,0.0,0,0,0,1,0,0,0,0,0,0,0,1,1,1,1
34485,2295,2186,450,464,1981,0.0,0,396.7,0.0,0,0,0,1,0,0,0,0,0,0,0,1,1,1,1
34495,2297,2183,448,465,1981,0.0,0,396.0,0.0,0,0,0,1,0,0,0,0,0,0,0,1,1,1,1
34505,2298,2185,449,464,1979,0.0,0,396.7,0.0,0,0,0,1,0,0,0,0,0,0,0,1,1,1,1
34515,2296,2186,448,465,1978,0.0,0,396.7,0.0,0,0,0,1,0,0,0,0,0,0,0,1,1,1,1
34525,2295,2184,449,465,1978,0.0,0,396.4,0.0,0,0,0,1,0,0,0,0,0,0,0,1,1,1,1
34535,2295,2186,448,464,1979,0.0,0,397.2,0.0,0,0,0,1,0,0,0,0,0,0,0,1,1,1,1
34545,2295,2186,450,464,1979,0.0,0,396.9,0.0,0,0,0,1,0,0,0,0,0,0,0,1,1,1,1
34555,2295,2186,450,466,1980,0.0,0,396.0,0.0,0,0,0,1,0,0,0,0,0,0,0,1,1,1,1
34566,2296,2186,449,465,1979,0.0,0,396.4,0.0,0,0,0,1,0,0,0,0,0,0,0,1,1,1,1
34577,2295,2186,447,465,1979,0.0,0,396.2,0.0,0,0,0,1,0,0,0,0,0,0,0,1,1,1,1
34587,2296,2186,450,464,1979,0.0,0,396.2,0.0,0,0,0,1,0,0,0,0,0,0,0,1,1,1,1
34597,2296,2186,449,466,1979,0.0,0,396.7,0.0,0,0,0,1,0,0,0,0,0,0,0,1,1,1,1
34607,2291,2186,449,465,1979,0.0,0,396.7,0.0,0,0,0,1,0,0,0,0,0,0,0,1,1,1,1
34617,2295,2186,450,466,1980,0.0,0,396.5,0.0,0,0,0,1,0,0,0,0,0,0,0,1,1,1,1
34627,2295,2185,449,463,1979,0.0,0,396.5,0.0,0,0,0,1,0,0,0,0,0,0,0,1,1,1,1
34637,2296,2186,449,466,1981,0.0,0,396.3,0.0,0,0,0,1,0,0,0,0,0,0,0,1,1,1,1
34647,2296,2187,450,465,1981,0.0,0,396.3,0.0,0,0,0,1,0,0,0,0,0,0,0,1,1,1,1
34657,2295,2186,450,465,1982,0.0,0,396.5,0.0,0,0,0,1,0,0,0,0,0,0,0,1,1,1,1
34667,2296,2186,449,465,1984,0.0,0,397.1,0.0,0,0,0,1,0,0,0,0,0,0,0,1,1,1,1
34677,2295,2186,449,465,1982,0.0,0,396.8,0.0,0,0,0,1,0,0,0,0,0,0,0,1,1,1,1
34687,2296,2186,449,464,1983,0.0,0,396.8,0.0,0,0,0,1,0,0,0,0,0,0,0,1,1,1,1
34697,2297,2185,449,463,1981,0.0,0,396.5,0.0,0,0,0,1,0,0,0,0,0,0,0,1,1,1,1
34707,2296,2187,449,465,1983,0.0,0,396.5,0.0,0,0,0,1,0,0,0,0,0,0,0,1,1,1,1
34717,2294,2185,448,466,1983,0.0,0,396.1,0.0,0,0,0,1,0,0,0,0,0,0,0,1,1,1,1
34727,2299,2186,449,464,1981,0.0,0,396.3,0.0,0,0,0,1,0,0,0,0,0,0,0,1,1,1,1
34737,2295,2186,449,463,1981,0.0,0,395.9,0.0,0,0,0,1,0,0,0,0,0,0,0,1,1,1,1
34747,2296,2186,449,464,1981,0.0,0,396.3,0.0,0,0,0,1,0,0,0,0,0,0,0,1,1,1,1
34757,2296,2186,451,466,1983,0.0,0,396.3,0.0,0,0,0,1,0,0,0,0,0,0,0,1,1,1,1
34767,2296,2187,448,464,1981,0.0,0,396.3,0.0,0,0,0,1,0,0,0,0,0,0,0,1,1,1,1
34777,2295,2186,448,465,1979,0.0,0,396.3,0.0,0,0,0,1,0,0,0,0,0,0,0,1,1,1,1
34787,2295,2186,449,465,1981,0.0,0,396.7,0.0,0,0,0,1,0,0,0,0,0,0,0,1,1,1,1
34797,2297,2186,447,464,1980,0.0,0,395.9,0.0,0,0,0,1,0,0,0,0,0,0,0,1,1,1,1
34807,2296,2185,450,465,1979,0.0,0,396.8,0.0,0,0,0,1,0,0,0,0,0,0,0,1,1,1,1
34817,2299,2186,449,464,1979,0.0,0,396.7,0.0,0,0,0,1,0,0,0,0,0,0,0,1,1,1,1
34827,2296,2186,447,463,1979,0.0,0,396.7,0.0,0,0,0,1,0,0,0,0,0,0,0,1,1,1,1
34837,2296,2186,450,465,1980,0.0,0,396.4,0.0,0,0,0,1,0,0,0,0,0,0,0,1,1,1,1
34847,2294,2186,448,466,1979,0.0,0,396.3,0.0,0,0,0,1,0,0,0,0,0,0,0,1,1,1,1
34857,2295,2186,450,465,1976,0.0,0,396.3,0.0,0,0,0,1,0,0,0,0,0,0,0,1,1,1,1
34867,2295,2186,448,465,1978,0.0,0,396.5,0.0,0,0,0,1,0,0,0,0,0,0,0,1,1,1,1
34877,2296,2186,449,465,1979,0.0,0,396.1,0.0,0,0,0,1,0,0,0,0,0,0,0,1,1,1,1
34887,2295,2186,449,465,1979,0.0,0,396.1,0.0,0,0,0,1,0,0,0,0,0,0,0,1,1,1,1
34897,2293,2186,449,465,1979,0.0,0,396.1,0.0,0,0,0,1,0,0,0,0,0,0,0,1,1,1,1
34907,2295,2187,449,465,1977,0.0,0,396.3,0.0,0,0,0,1,0,0,0,0,0,0,0,1,1,1,1
34917,2296,2186,449,467,1987,0.0,0,396.4,0.0,0,0,0,1,0,0,0,0,0,0,0,1,1,1,1
34927,2296,2186,449,463,1979,0.0,0,396.4,0.0,0,0,0,1,0,0,0,0,0,0,0,1,1,1,1
34937,2297,2186,449,464,1981,0.0,0,396.3,0.0,0,0,0,1,0,0,0,0,0,0,0,1,1,1,1
34947,2297,2187,446,465,1981,0.0,0,396.3,0.0,0,0,0,1,0,0,0,0,0,0,0,1,1,1,1
34957,2295,2186,449,465,1981,0.0,0,396.1,0.0,0,0,0,1,0,0,0,0,0,0,0,1,1,1,1
34967,2295,2186,449,464,1981,0.0,0,397.0,0.0,0,0,0,1,0,0,0,0,0,0,0,1,1,1,1
34977,2295,2186,449,465,1981,0.0,0,395.9,0.0,0,0,0,1,0,0,0,0,0,0,0,1,1,1,1
34987,2296,2186,450,466,1981,0.0,0,396.7,0.0,0,0,0,1,0,0,0,0,0,0,0,1,1,1,1
34997,2296,2186,449,465,1980,0.0,0,396.4,0.0,0,0,0,1,0,0,0,0,0,0,0,1,1,1,1
35007,2296,2186,449,465,1981,0.0,0,396.4,0.0,0,0,0,1,0,0,0,0,0,0,0,1,1,1,1
35017,2295,2186,449,463,1982,0.0,0,396.0,0.0,0,0,0,1,0,0,0,0,0,0,0,1,1,1,1
35027,2295,2185,449,465,1981,0.0,0,396.4,0.0,0,0,0,1,0,0,0,0,0,0,0,1,1,1,1
35037,2295,2186,451,463,1981,0.0,0,396.8,0.0,0,0,0,1,0,0,0,0,0,0,0,1,1,1,1
35047,2296,2186,450,463,1981,0.0,0,396.5,0.0,0,0,0,1,0,0,0,0,0,0,0,1,1,1,1
35057,2296,2186,449,464,1980,0.0,0,396.7,0.0,0,0,0,1,0,0,0,0,0,0,0,1,1,1,1
35067,2296,2186,449,465,1981,0.0,0,396.7,0.0,0,0,0,1,0,0,0,0,0,0,0,1,1,1,1
35077,2295,2186,449,464,1981,0.0,0,396.1,0.0,0,0,0,1,0,0,0,0,0,0,0,1,1,1,1
35087,2295,2186,449,465,1981,0.0,0,396.7,0.0,0,0,0,1,0,0,0,0,0,0,0,1,1,1,1
35097,2296,2187,450,464,1981,0.0,0,396.0,0.0,0,0,0,1,0,0,0,0,0,0,0,1,1,1,1
35107,2296,2186,449,466,1979,0.0,0,396.5,0.0,0,0,0,1,0,0,0,0,0,0,0,1,1,1,1
35117,2297,2185,449,464,1979,0.0,0,396.4,0.0,0,0,0,1,0,0,0,0,0,0,0,1,1,1,1
35127,2296,2185,449,464,1979,0.0,0,396.4,0.0,0,0,0,1,0,0,0,0,0,0,0,1,1,1,1
35137,2295,2188,449,464,1979,0.0,0,395.8,0.0,0,0,0,1,0,0,0,0,0,0,0,1,1,1,1
35147,2296,2186,450,466,1980,0.0,0,396.4,0.0,0,0,0,1,0,0,0,0,0,0,0,1,1,1,1
35157,2296,2186,450,465,1979,0.0,0,396.2,0.0,0,0,0,1,0,0,0,0,0,0,0,1,1,1,1
35167,2296,2186,449,465,1979,0.0,0,396.0,0.0,0,0,0,1,0,0,0,0,0,0,0,1,1,1,1
35177,2295,2186,449,465,1980,0.0,0,396.0,0.0,0,0,0,1,0,0,0,0,0,0,0,1,1,1,1
35187,2296,2186,449,465,1980,0.0,0,396.0,0.0,0,0,0,1,0,0,0,0,0,0,0,1,1,1,1
35197,2296,2186,449,463,1980,0.0,0,395.9,0.0,0,0,0,1,0,0,0,0,0,0,0,1,1,1,1
35207,2295,2188,449,465,1980,0.0,0,396.4,0.0,0,0,0,1,0,0,0,0,0,0,0,1,1,1,1
35217,2296,2186,449,464,1979,0.0,0,396.9,0.0,0,0,0,1,0,0,0,0,0,0,0,1,1,1,1
35227,2301,2186,448,465,1979,0.0,0,396.0,0.0,0,0,0,1,0,0,0,0,0,0,0,1,1,1,1
35237,2296,2186,450,465,1982,0.0,0,396.8,0.0,0,0,0,1,0,0,0,0,0,0,0,1,1,1,1
35247,2297,2186,450,464,1981,0.0,0,396.8,0.0,0,0,0,1,0,0,0,0,0,0,0,1,1,1,1
35257,2295,2186,451,467,1981,0.0,0,396.3,0.0,0,0,0,1,0,0,0,0,0,0,0,1,1,1,1
35267,2295,2186,452,465,1981,0.0,0,396.4,0.0,0,0,0,1,0,0,0,0,0,0,0,1,1,1,1
35277,2295,2186,449,464,1981,0.0,0,396.3,0.0,0,0,0,1,0,0,0,0,0,0,0,1,1,1,1
35287,2295,2185,448,464,1983,0.0,0,396.4,0.0,0,0,0,1,0,0,0,0,0,0,0,1,1,1,1
35297,2297,2185,448,465,1981,0.0,0,396.1,0.0,0,0,0,1,0,0,0,0,0,0,0,1,1,1,1
35307,2295,2186,448,464,1981,0.0,0,396.1,0.0,0,0,0,1,0,0,0,0,0,0,0,1,1,1,1
35317,2295,2185,448,464,1980,0.0,0,396.5,0.0,0,0,0,1,0,0,0,0,0,0,0,1,1,1,1
35327,2296,2186,449,464,1981,0.0,0,396.1,0.0,0,0,0,1,0,0,0,0,0,0,0,1,1,1,1
35337,2295,2185,450,465,1981,0.0,0,396.8,0.0,0,0,0,1,0,0,0,0,0,0,0,1,1,1,1
35347,2297,2186,450,466,1980,0.0,0,396.5,0.0,0,0,0,1,0,0,0,0,0,0,0,1,1,1,1
35357,2295,2185,449,465,1979,0.0,0,395.9,0.0,0,0,0,1,0,0,0,0,0,0,0,1,1,1,1
35367,2292,2186,449,465,1981,0.0,0,395.9,0.0,0,0,0,1,0,0,0,0,0,0,0,1,1,1,1
35377,2294,2186,449,464,1981,0.0,0,396.2,0.0,0,0,0,1,0,0,0,0,0,0,0,1,1,1,1
35387,2295,2186,448,464,1981,0.0,0,396.2,0.0,0,0,0,1,0,0,0,0,0,0,0,1,1,1,1
35397,2295,2186,449,464,1981,0.0,0,396.2,0.0,0,0,0,1,0,0,0,0,0,0,0,1,1,1,1
35407,2295,2186,451,464,1979,0.0,0,396.1,0.0,0,0,0,1,0,0,0,0,0,0,0,1,1,1,1
35417,2296,2186,449,465,1979,0.0,0,395.9,0.0,0,0,0,1,0,0,0,0,0,0,0,1,1,1,1
35427,2295,2186,449,465,1979,0.0,0,395.9,0.0,0,0,0,1,0,0,0,0,0,0,0,1,1,1,1
35437,2298,2186,450,465,1978,0.0,0,396.2,0.0,0,0,0,1,0,0,0,0,0,0,0,1,1,1,1
35447,2296,2186,450,466,1979,0.0,0,396.2,0.0,0,0,0,1,0,0,0,0,0,0,0,1,1,1,1
35457,2299,2186,450,465,1981,0.0,0,396.0,0.0,0,0,0,1,0,0,0,0,0,0,0,1,1,1,1
35467,2296,2187,447,466,1978,0.0,0,396.5,0.0,0,0,0,1,0,0,0,0,0,0,0,1,1,1,1
35477,2296,2186,449,463,1979,0.0,0,396.8,0.0,0,0,0,1,0,0,0,0,0,0,0,1,1,1,1
35487,2295,2186,449,463,1980,0.0,0,396.8,0.0,0,0,0,1,0,0,0,0,0,0,0,1,1,1,1
35497,2296,2185,449,465,1979,0.0,0,396.7,0.0,0,0,0,1,0,0,0,0,0,0,0,1,1,1,1
35507,2295,2186,449,465,1979,0.0,0,396.7,0.0,0,0,0,1,0,0,0,0,0,0,0,1,1,1,1
35517,2295,2185,448,465,1979,0.0,0,396.7,0.0,0,0,0,1,0,0,0,0,0,0,0,1,1,1,1
35527,2295,2186,451,465,1979,0.0,0,396.9,0.0,0,0,0,1,0,0,0,0,0,0,0,1,1,1,1
35537,2299,2186,449,465,1980,0.0,0,396.5,0.0,0,0,0,1,0,0,0,0,0,0,0,1,1,1,1
35547,2295,2186,449,467,1981,0.0,0,396.5,0.0,0,0,0,1,0,0,0,0,0,0,0,1,1,1,1
35557,2295,2186,448,466,1984,0.0,0,396.7,0.0,0,0,0,1,0,0,0,0,0,0,0,1,1,1,1
35567,2298,2187,449,463,1981,0.0,0,396.5,0.0,0,0,0,1,0,0,0,0,0,0,0,1,1,1,1
35577,2295,2187,450,466,1981,0.0,0,396.7,0.0,0,0,0,1,0,0,0,0,0,0,0,1,1,1,1
35587,2296,2186,449,464,1981,0.0,0,396.3,0.0,0,0,0,1,0,0,0,0,0,0,0,1,1,1,1
35597,2296,2186,450,465,1980,0.0,0,396.5,0.0,0,0,0,1,0,0,0,0,0,0,0,1,1,1,1
35607,2295,2186,450,466,1982,0.0,0,396.5,0.0,0,0,0,1,0,0,0,0,0,0,0,1,1,1,1
35617,2295,2186,450,464,1981,0.0,0,396.2,0.0,0,0,0,1,0,0,0,0,0,0,0,1,1,1,1
35627,2294,2187,449,464,1981,0.0,0,396.0,0.0,0,0,0,1,0,0,0,0,0,0,0,1,1,1,1
35637,2298,2185,448,465,1981,0.0,0,396.4,0.0,0,0,0,1,0,0,0,0,0,0,0,1,1,1,1
35647,2295,2186,448,464,1981,0.0,0,396.4,0.0,0,0,0,1,0,0,0,0,0,0,0,1,1,1,1
35657,2296,2188,449,465,1980,0.0,0,395.8,0.0,0,0,0,1,0,0,0,0,0,0,0,1,1,1,1
35667,2296,2186,449,466,1981,0.0,0,395.8,0.0,0,0,0,1,0,0,0,0,0,0,0,1,1,1,1
35677,2297,2186,450,465,1981,0.0,0,396.7,0.0,0,0,0,1,0,0,0,0,0,0,0,1,1,1,1
35687,2295,2186,449,464,1981,0.0,0,396.1,0.0,0,0,0,1,0,0,0,0,0,0,0,1,1,1,1
35697,2295,2187,451,464,1981,0.0,0,396.2,0.0,0,0,0,1,0,0,0,0,0,0,0,1,1,1,1
35707,2295,2186,449,465,1982,0.0,0,396.1,0.0,0,0,0,1,0,0,0,0,0,0,0,1,1,1,1
35717,2295,2185,449,465,1979,0.0,0,396.0,0.0,0,0,0,1,0,0,0,0,0,0,0,1,1,1,1
35727,2295,2185,450,463,1979,0.0,0,396.0,0.0,0,0,0,1,0,0,0,0,0,0,0,1,1,1,1
35737,2295,2186,449,465,1980,0.0,0,396.1,0.0,0,0,0,1,0,0,0,0,0,0,0,1,1,1,1
35747,2296,2186,450,464,1979,0.0,0,395.6,0.0,0,0,0,1,0,0,0,0,0,0,0,1,1,1,1
35757,2295,2185,449,465,1982,0.0,0,396.9,0.0,0,0,0,1,0,0,0,0,0,0,0,1,1,1,1
35767,2295,2187,450,465,1979,0.0,0,396.5,0.0,0,0,0,1,0,0,0,0,0,0,0,1,1,1,1
35777,2296,2186,449,465,1979,0.0,0,396.8,0.0,0,0,0,1,0,0,0,0,0,0,0,1,1,1,1
35787,2295,2185,450,464,1981,0.0,0,396.8,0.0,0,0,0,1,0,0,0,0,0,0,0,1,1,1,1
35797,2295,2186,450,466,1979,0.0,0,396.7,0.0,0,0,0,1,0,0,0,0,0,0,0,1,1,1,1
35807,2296,2187,446,464,1979,0.0,0,396.9,0.0,0,0,0,1,0,0,0,0,0,0,0,1,1,1,1
35817,2295,2185,451,464,1979,0.0,0,396.0,0.0,0,0,0,1,0,0,0,0,0,0,0,1,1,1,1
35827,2295,2186,448,466,1980,0.0,0,396.3,0.0,0,0,0,1,0,0,0,0,0,0,0,1,1,1,1
35837,2296,2186,450,465,1980,0.0,0,396.3,0.0,0,0,0,1,0,0,0,0,0,0,0,1,1,1,1
35847,2295,2186,451,465,1982,0.0,0,396.3,0.0,0,0,0,1,0,0,0,0,0,0,0,1,1,1,1
35857,2296,2186,450,466,1982,0.0,0,397.3,0.0,0,0,0,1,0,0,0,0,0,0,0,1,1,1,1
35867,2295,2186,449,464,1981,0.0,0,396.4,0.0,0,0,0,1,0,0,0,0,0,0,0,1,1,1,1
35877,2295,2186,448,466,1981,0.0,0,397.0,0.0,0,0,0,1,0,0,0,0,0,0,0,1,1,1,1
35887,2295,2186,448,464,1981,0.0,0,396.5,0.0,0,0,0,1,0,0,0,0,0,0,0,1,1,1,1
35897,2296,2185,448,463,1981,0.0,0,396.9,0.0,0,0,0,1,0,0,0,0,0,0,0,1,1,1,1
35907,2295,2186,450,464,1981,0.0,0,396.9,0.0,0,0,0,1,0,0,0,0,0,0,0,1,1,1,1
35917,2296,2186,447,464,1980,0.0,0,396.5,0.0,0,0,0,1,0,0,0,0,0,0,0,1,1,1,1
35927,2294,2186,450,466,1981,0.0,0,396.8,0.0,0,0,0,1,0,0,0,0,0,0,0,1,1,1,1
35937,2295,2186,449,465,1981,0.0,0,396.7,0.0,0,0,0,1,0,0,0,0,0,0,0,1,1,1,1
35947,2296,2186,446,464,1982,0.0,0,396.7,0.0,0,0,0,1,0,0,0,0,0,0,0,1,1,1,1
35957,2299,2186,450,465,1981,0.0,0,396.3,0.0,0,0,0,1,0,0,0,0,0,0,0,1,1,1,1
35967,2296,2186,450,465,1981,0.0,0,396.3,0.0,0,0,0,1,0,0,0,0,0,0,0,1,1,1,1
35977,2295,2186,450,464,1981,0.0,0,396.3,0.0,0,0,0,1,0,0,0,0,0,0,0,1,1,1,1
35987,2295,2186,449,465,1981,0.0,0,396.7,0.0,0,0,0,1,0,0,0,0,0,0,0,1,1,1,1
35997,2295,2186,447,466,1981,0.0,0,396.1,0.0,0,0,0,1,0,0,0,0,0,0,0,1,1,1,1
36007,2295,2186,450,465,1980,0.0,0,396.9,0.0,0,0,0,1,0,0,0,0,0,0,0,1,1,1,1
36017,2296,2186,448,463,1981,0.0,0,396.4,0.0,0,0,0,1,0,0,0,0,0,0,0,1,1,1,1
36027,2293,2186,449,464,1979,0.0,0,396.4,0.0,0,0,0,1,0,0,0,0,0,0,0,1,1,1,1
36037,2298,2187,451,465,1980,0.0,0,397.1,0.0,0,0,0,1,0,0,0,0,0,0,0,1,1,1,1
36047,2295,2186,448,464,1980,0.0,0,397.1,0.0,0,0,0,1,0,0,0,0,0,0,0,1,1,1,1
36057,2295,2186,450,466,1980,0.0,0,396.2,0.0,0,0,0,1,0,0,0,0,0,0,0,1,1,1,1
36067,2295,2186,449,466,1979,0.0,0,396.4,0.0,0,0,0,1,0,0,0,0,0,0,0,1,1,1,1
36077,2295,2186,448,464,1979,0.0,0,396.2,0.0,0,0,0,1,0,0,0,0,0,0,0,1,1,1,1
36087,2295,2186,450,464,1979,0.0,0,396.2,0.0,0,0,0,1,0,0,0,0,0,0,0,1,1,1,1
36097,2295,2186,452,464,1979,0.0,0,396.3,0.0,0,0,0,1,0,0,0,0,0,0,0,1,1,1,1
36107,2296,2188,449,465,1979,0.0,0,396.4,0.0,0,0,0,1,0,0,0,0,0,0,0,1,1,1,1
36117,2295,2185,449,464,1979,0.0,0,396.3,0.0,0,0,0,1,0,0,0,0,0,0,0,1,1,1,1
36127,2296,2187,449,465,1979,0.0,0,396.5,0.0,0,0,0,1,0,0,0,0,0,0,0,1,1,1,1
36137,2297,2186,450,464,1979,0.0,0,396.1,0.0,0,0,0,1,0,0,0,0,0,0,0,1,1,1,1
36147,2297,2186,451,465,1981,0.0,0,396.1,0.0,0,0,0,1,0,0,0,0,0,0,0,1,1,1,1
36157,2295,2186,450,464,1981,0.0,0,396.3,0.0,0,0,0,1,0,0,0,0,0,0,0,1,1,1,1
36167,2295,2186,450,464,1981,0.0,0,397.0,0.0,0,0,0,1,0,0,0,0,0,0,0,1,1,1,1
36177,2299,2186,450,465,1983,0.0,0,396.5,0.0,0,0,0,1,0,0,0,0,0,0,0,1,1,1,1
36187,2296,2185,450,464,1982,0.0,0,396.3,0.0,0,0,0,1,0,0,0,0,0,0,0,1,1,1,1
36197,2297,2186,450,463,1982,0.0,0,396.3,0.0,0,0,0,1,0,0,0,0,0,0,0,1,1,1,1
36207,2295,2186,447,465,1981,0.0,0,396.2,0.0,0,0,0,1,0,0,0,0,0,0,0,1,1,1,1
36217,2295,2185,450,464,1981,0.0,0,396.4,0.0,0,0,0,1,0,0,0,0,0,0,0,1,1,1,1
36227,2296,2188,449,465,1982,0.0,0,396.9,0.0,0,0,0,1,0,0,0,0,0,0,0,1,1,1,1
36237,2299,2186,450,464,1981,0.0,0,396.4,0.0,0,0,0,1,0,0,0,0,0,0,0,1,1,1,1
36247,2295,2187,449,465,1981,0.0,0,396.3,0.0,0,0,0,1,0,0,0,0,0,0,0,1,1,1,1
36257,2297,2186,449,464,1983,0.0,0,396.9,0.0,0,0,0,1,0,0,0,0,0,0,0,1,1,1,1
36267,2296,2186,451,464,1980,0.0,0,396.9,0.0,0,0,0,1,0,0,0,0,0,0,0,1,1,1,1
36277,2294,2186,449,466,1981,0.0,0,396.4,0.0,0,0,0,1,0,0,0,0,0,0,0,1,1,1,1
36287,2295,2186,449,463,1980,0.0,0,396.0,0.0,0,0,0,1,0,0,0,0,0,0,0,1,1,1,1
36297,2296,2186,449,465,1981,0.0,0,396.0,0.0,0,0,0,1,0,0,0,0,0,0,0,1,1,1,1
36307,2295,2188,450,466,1980,0.0,0,396.7,0.0,0,0,0,1,0,0,0,0,0,0,0,1,1,1,1
36317,2296,2185,451,466,1979,0.0,0,396.1,0.0,0,0,0,1,0,0,0,0,0,0,0,1,1,1,1
36327,2295,2186,449,463,1979,0.0,0,396.1,0.0,0,0,0,1,0,0,0,0,0,0,0,1,1,1,1
36337,2295,2185,447,464,1979,0.0,0,396.8,0.0,0,0,0,1,0,0,0,0,0,0,0,1,1,1,1
36347,2295,2186,448,465,1980,0.0,0,396.0,0.0,0,0,0,1,0,0,0,0,0,0,0,1,1,1,1
36357,2295,2185,450,464,1979,0.0,0,396.5,0.0,0,0,0,1,0,0,0,0,0,0,0,1,1,1,1
36367,2295,2187,451,466,1979,0.0,0,396.5,0.0,0,0,0,1,0,0,0,0,0,0,0,1,1,1,1
36377,2296,2186,449,462,1978,0.0,0,396.3,0.0,0,0,0,1,0,0,0,0,0,0,0,1,1,1,1
36387,2296,2185,450,464,1979,0.0,0,396.3,0.0,0,0,0,1,0,0,0,0,0,0,0,1,1,1,1
36397,2295,2186,449,465,1979,0.0,0,397.1,0.0,0,0,0,1,0,0,0,0,0,0,0,1,1,1,1
36407,2295,2186,449,464,1979,0.0,0,396.2,0.0,0,0,0,1,0,0,0,0,0,0,0,1,1,1,1
36417,2295,2186,449,465,1978,0.0,0,396.1,0.0,0,0,0,1,0,0,0,0,0,0,0,1,1,1,1
36427,2295,2186,451,465,1979,0.0,0,396.9,0.0,0,0,0,1,0,0,0,0,0,0,0,1,1,1,1
36437,2297,2186,450,464,1979,0.0,0,396.2,0.0,0,0,0,1,0,0,0,0,0,0,0,1,1,1,1
36447,2295,2186,449,465,1979,0.0,0,396.2,0.0,0,0,0,1,0,0,0,0,0,0,0,1,1,1,1
36457,2293,2186,450,466,1981,0.0,0,396.0,0.0,0,0,0,1,0,0,0,0,0,0,0,1,1,1,1
36467,2296,2186,450,464,1981,0.0,0,396.7,0.0,0,0,0,1,0,0,0,0,0,0,0,1,1,1,1
36477,2295,2185,451,465,1981,0.0,0,396.4,0.0,0,0,0,1,0,0,0,0,0,0,0,1,1,1,1
36487,2295,2186,450,465,1979,0.0,0,395.9,0.0,0,0,0,1,0,0,0,0,0,0,0,1,1,1,1
36497,2296,2186,449,465,1980,0.0,0,396.4,0.0,0,0,0,1,0,0,0,0,0,0,0,1,1,1,1
36507,2295,2187,448,467,1981,0.0,0,396.4,0.0,0,0,0,1,0,0,0,0,0,0,0,1,1,1,1
36517,2296,2186,450,464,1983,0.0,0,396.1,0.0,0,0,0,1,0,0,0,0,0,0,0,1,1,1,1
36527,2297,2185,451,465,1981,0.0,0,396.5,0.0,0,0,0,1,0,0,0,0,0,0,0,1,1,1,1
36537,2296,2186,449,465,1981,0.0,0,396.8,0.0,0,0,0,1,0,0,0,0,0,0,0,1,1,1,1
36547,2296,2186,449,465,1981,0.0,0,396.4,0.0,0,0,0,1,0,0,0,0,0,0,0,1,1,1,1
36557,2297,2185,449,465,1980,0.0,0,396.7,0.0,0,0,0,1,0,0,0,0,0,0,0,1,1,1,1
36567,2295,2187,449,464,1979,0.0,0,396.7,0.0,0,0,0,1,0,0,0,0,0,0,0,1,1,1,1
36577,2296,2186,452,464,1981,0.0,0,396.7,0.0,0,0,0,1,0,0,0,0,0,0,0,1,1,1,1
36587,2295,2186,450,465,1981,0.0,0,396.7,0.0,0,0,0,1,0,0,0,0,0,0,0,1,1,1,1
36597,2295,2187,450,465,1981,0.0,0,396.3,0.0,0,0,0,1,0,0,0,0,0,0,0,1,1,1,1
36607,2296,2186,448,465,1981,0.0,0,396.2,0.0,0,0,0,1,0,0,0,0,0,0,0,1,1,1,1
36617,2297,2186,450,464,1981,0.0,0,396.8,0.0,0,0,0,1,0,0,0,0,0,0,0,1,1,1,1
36627,2298,2186,450,466,1978,0.0,0,396.8,0.0,0,0,0,1,0,0,0,0,0,0,0,1,1,1,1
36637,2296,2186,450,465,1979,0.0,0,396.7,0.0,0,0,0,1,0,0,0,0,0,0,0,1,1,1,1
36647,2296,2186,449,465,1980,0.0,0,397.0,0.0,0,0,0,1,0,0,0,0,0,0,0,1,1,1,1
36657,2295,2186,451,464,1979,0.0,0,396.4,0.0,0,0,0,1,0,0,0,0,0,0,0,1,1,1,1
36667,2296,2186,450,465,1979,0.0,0,396.9,0.0,0,0,0,1,0,0,0,0,0,0,0,1,1,1,1
36677,2298,2186,450,465,1979,0.0,0,396.7,0.0,0,0,0,1,0,0,0,0,0,0,0,1,1,1,1
36687,2296,2186,448,463,1980,0.0,0,396.7,0.0,0,0,0,1,0,0,0,0,0,0,0,1,1,1,1
36697,2295,2187,448,466,1978,0.0,0,396.9,0.0,0,0,0,1,0,0,0,0,0,0,0,1,1,1,1
36707,2295,2185,449,465,1979,0.0,0,396.9,0.0,0,0,0,1,0,0,0,0,0,0,0,1,1,1,1
36717,2295,2185,448,466,1979,0.0,0,396.3,0.0,0,0,0,1,0,0,0,0,0,0,0,1,1,1,1
36727,2296,2186,449,466,1980,0.0,0,396.5,0.0,0,0,0,1,0,0,0,0,0,0,0,1,1,1,1
36737,2297,2185,449,464,1979,0.0,0,396.8,0.0,0,0,0,1,0,0,0,0,0,0,0,1,1,1,1
36747,2299,2186,449,463,1979,0.0,0,396.8,0.0,0,0,0,1,0,0,0,0,0,0,0,1,1,1,1
36757,2296,2186,449,465,1982,0.0,0,396.4,0.0,0,0,0,1,0,0,0,0,0,0,0,1,1,1,1
36767,2295,2186,452,464,1980,0.0,0,396.2,0.0,0,0,0,1,0,0,0,0,0,0,0,1,1,1,1
36777,2296,2186,453,465,1982,0.0,0,396.4,0.0,0,0,0,1,0,0,0,0,0,0,0,1,1,1,1
36787,2295,2186,450,464,1983,0.0,0,397.1,0.0,0,0,0,1,0,0,0,0,0,0,0,1,1,1,1
36797,2296,2186,448,464,1981,0.0,0,396.0,0.0,0,0,0,1,0,0,0,0,0,0,0,1,1,1,1
36807,2296,2186,449,464,1979,0.0,0,396.0,0.0,0,0,0,1,0,0,0,0,0,0,0,1,1,1,1
36817,2296,2186,448,464,1981,0.0,0,395.8,0.0,0,0,0,1,0,0,0,0,0,0,0,1,1,1,1
36827,2296,2186,451,465,1980,0.0,0,396.3,0.0,0,0,0,1,0,0,0,0,0,0,0,1,1,1,1
36837,2295,2186,449,464,1981,0.0,0,397.3,0.0,0,0,0,1,0,0,0,0,0,0,0,1,1,1,1
36847,2296,2186,449,464,1981,0.0,0,396.5,0.0,0,0,0,1,0,0,0,0,0,0,0,1,1,1,1
36857,2297,2186,449,464,1981,0.0,0,396.8,0.0,0,0,0,1,0,0,0,0,0,0,0,1,1,1,1
36867,2295,2186,450,466,1984,0.0,0,396.8,0.0,0,0,0,1,0,0,0,0,0,0,0,1,1,1,1
36877,2295,2186,450,466,1980,0.0,0,396.4,0.0,0,0,0,1,0,0,0,0,0,0,0,1,1,1,1
36887,2295,2186,449,463,1981,0.0,0,397.1,0.0,0,0,0,1,0,0,0,0,0,0,0,1,1,1,1
36897,2297,2187,450,465,1981,0.0,0,397.3,0.0,0,0,0,1,0,0,0,0,0,0,0,1,1,1,1
36907,2296,2185,448,464,1980,0.0,0,396.7,0.0,0,0,0,1,0,0,0,0,0,0,0,1,1,1,1
36917,2295,2186,448,462,1980,0.0,0,396.2,0.0,0,0,0,1,0,0,0,0,0,0,0,1,1,1,1
36927,2295,2189,450,465,1980,0.0,0,396.2,0.0,0,0,0,1,0,0,0,0,0,0,0,1,1,1,1
36937,2294,2186,451,465,1980,0.0,0,397.0,0.0,0,0,0,1,0,0,0,0,0,0,0,1,1,1,1
36947,2296,2186,450,464,1980,0.0,0,396.4,0.0,0,0,0,1,0,0,0,0,0,0,0,1,1,1,1
36957,2295,2186,449,466,1980,0.0,0,396.4,0.0,0,0,0,1,0,0,0,0,0,0,0,1,1,1,1
36967,2296,2186,450,465,1980,0.0,0,396.9,0.0,0,0,0,1,0,0,0,0,0,0,0,1,1,1,1
36977,2295,2186,448,465,1979,0.0,0,396.7,0.0,0,0,0,1,0,0,0,0,0,0,0,1,1,1,1
36987,2306,2186,450,465,1979,0.0,0,396.7,0.0,0,0,0,1,0,0,0,0,0,0,0,1,1,1,1
36997,2296,2187,449,464,1980,0.0,0,396.3,0.0,0,0,0,1,0,0,0,0,0,0,0,1,1,1,1
37007,2296,2186,450,465,1980,0.0,0,396.7,0.0,0,0,0,1,0,0,0,0,0,0,0,1,1,1,1
37017,2296,2186,449,465,1979,0.0,0,396.4,0.0,0,0,0,1,0,0,0,0,0,0,0,1,1,1,1
37027,2295,2189,449,465,1979,0.0,0,396.8,0.0,0,0,0,1,0,0,0,0,0,0,0,1,1,1,1
37037,2299,2186,449,464,1979,0.0,0,396.3,0.0,0,0,0,1,0,0,0,0,0,0,0,1,1,1,1
37047,2297,2186,452,465,1980,0.0,0,396.3,0.0,0,0,0,1,0,0,0,0,0,0,0,1,1,1,1
37057,2296,2186,450,464,1982,0.0,0,396.3,0.0,0,0,0,1,0,0,0,0,0,0,0,1,1,1,1
37067,2295,2186,450,465,1981,0.0,0,396.9,0.0,0,0,0,1,0,0,0,0,0,0,0,1,1,1,1
37077,2298,2186,448,466,1980,0.0,0,396.8,0.0,0,0,0,1,0,0,0,0,0,0,0,1,1,1,1
37087,2296,2186,449,465,1982,0.0,0,396.7,0.0,0,0,0,1,0,0,0,0,0,0,0,1,1,1,1
37097,2297,2186,450,464,1981,0.0,0,396.3,0.0,0,0,0,1,0,0,0,0,0,0,0,1,1,1,1
37107,2295,2186,450,466,1982,0.0,0,396.3,0.0,0,0,0,1,0,0,0,0,0,0,0,1,1,1,1
37117,2295,2186,450,462,1982,0.0,0,396.9,0.0,0,0,0,1,0,0,0,0,0,0,0,1,1,1,1
37127,2295,2186,450,465,1981,0.0,0,396.3,0.0,0,0,0,1,0,0,0,0,0,0,0,1,1,1,1
37137,2296,2186,450,463,1981,0.0,0,396.4,0.0,0,0,0,1,0,0,0,0,0,0,0,1,1,1,1
37147,2295,2187,449,463,1981,0.0,0,396.9,0.0,0,0,0,1,0,0,0,0,0,0,0,1,1,1,1
37157,2296,2185,449,464,1981,0.0,0,396.4,0.0,0,0,0,1,0,0,0,0,0,0,0,1,1,1,1
37167,2296,2186,449,464,1981,0.0,0,396.4,0.0,0,0,0,1,0,0,0,0,0,0,0,1,1,1,1
37177,2296,2187,450,467,1981,0.0,0,396.4,0.0,0,0,0,1,0,0,0,0,0,0,0,1,1,1,1
37187,2295,2186,450,464,1981,0.0,0,396.8,0.0,0,0,0,1,0,0,0,0,0,0,0,1,1,1,1
37197,2295,2186,449,467,1980,0.0,0,396.7,0.0,0,0,0,1,0,0,0,0,0,0,0,1,1,1,1
37207,2296,2186,450,465,1981,0.0,0,396.7,0.0,0,0,0,1,0,0,0,0,0,0,0,1,1,1,1
37218,2297,2186,449,463,1982,0.0,0,396.4,0.0,0,0,0,1,0,0,0,0,0,0,0,1,1,1,1
37228,2295,2185,449,463,1979,0.0,0,396.4,0.0,0,0,0,1,0,0,0,0,0,0,0,1,1,1,1
37238,2295,2186,451,464,1979,0.0,0,396.4,0.0,0,0,0,1,0,0,0,0,0,0,0,1,1,1,1
37248,2296,2186,450,465,1980,0.0,0,396.2,0.0,0,0,0,1,0,0,0,0,0,0,0,1,1,1,1
37258,2295,2186,449,464,1979,0.0,0,396.7,0.0,0,0,0,1,0,0,0,0,0,0,0,1,1,1,1
37268,2295,2186,450,466,1980,0.0,0,396.3,0.0,0,0,0,1,0,0,0,0,0,0,0,1,1,1,1
37278,2296,2185,449,463,1979,0.0,0,396.8,0.0,0,0,0,1,0,0,0,0,0,0,0,1,1,1,1
37288,2296,2185,449,465,1978,0.0,0,396.4,0.0,0,0,0,1,0,0,0,0,0,0,0,1,1,1,1
37298,2295,2185,448,464,1980,0.0,0,396.4,0.0,0,0,0,1,0,0,0,0,0,0,0,1,1,1,1
37308,2296,2186,449,466,1980,0.0,0,396.4,0.0,0,0,0,1,0,0,0,0,0,0,0,1,1,1,1
37318,2296,2186,448,464,1979,0.0,0,396.4,0.0,0,0,0,1,0,0,0,0,0,0,0,1,1,1,1
37328,2295,2185,447,464,1979,0.0,0,396.4,0.0,0,0,0,1,0,0,0,0,0,0,0,1,1,1,1
37338,2295,2185,450,465,1979,0.0,0,396.4,0.0,0,0,0,1,0,0,0,0,0,0,0,1,1,1,1
37348,2295,2185,451,465,1980,0.0,0,396.4,0.0,0,0,0,1,0,0,0,0,0,0,0,1,1,1,1
37358,2295,2186,449,465,1978,0.0,0,395.8,0.0,0,0,0,1,0,0,0,0,0,0,0,1,1,1,1
37368,2295,2186,450,465,1981,0.0,0,396.8,0.0,0,0,0,1,0,0,0,0,0,0,0,1,1,1,1
37378,2295,2185,449,465,1981,0.0,0,396.0,0.0,0,0,0,1,0,0,0,0,0,0,0,1,1,1,1
37388,2295,2186,450,465,1981,0.0,0,396.1,0.0,0,0,0,1,0,0,0,0,0,0,0,1,1,1,1
37398,2296,2186,449,463,1982,0.0,0,396.5,0.0,0,0,0,1,0,0,0,0,0,0,0,1,1,1,1
37408,2296,2186,450,465,1981,0.0,0,396.5,0.0,0,0,0,1,0,0,0,0,0,0,0,1,1,1,1
37418,2295,2187,450,465,1980,0.0,0,396.5,0.0,0,0,0,1,0,0,0,0,0,0,0,1,1,1,1
37428,2295,2186,449,465,1981,0.0,0,396.1,0.0,0,0,0,1,0,0,0,0,0,0,0,1,1,1,1
37438,2296,2186,450,465,1982,0.0,0,396.7,0.0,0,0,0,1,0,0,0,0,0,0,0,1,1,1,1
37448,2295,2185,450,466,1981,0.0,0,396.5,0.0,0,0,0,1,0,0,0,0,0,0,0,1,1,1,1
37458,2293,2186,449,464,1981,0.0,0,396.5,0.0,0,0,0,1,0,0,0,0,0,0,0,1,1,1,1
37468,2296,2186,450,463,1981,0.0,0,396.5,0.0,0,0,0,1,0,0,0,0,0,0,0,1,1,1,1
37478,2295,2187,448,465,1981,0.0,0,396.3,0.0,0,0,0,1,0,0,0,0,0,0,0,1,1,1,1
37488,2296,2186,449,465,1982,0.0,0,396.9,0.0,0,0,0,1,0,0,0,0,0,0,0,1,1,1,1
37498,2295,2187,449,465,1981,0.0,0,396.5,0.0,0,0,0,1,0,0,0,0,0,0,0,1,1,1,1
37508,2296,2186,450,464,1981,0.0,0,396.4,0.0,0,0,0,1,0,0,0,0,0,0,0,1,1,1,1
37518,2295,2186,449,464,1981,0.0,0,396.8,0.0,0,0,0,1,0,0,0,0,0,0,0,1,1,1,1
37529,2296,2187,449,465,1980,0.0,0,396.5,0.0,0,0,0,1,0,0,0,0,0,0,0,1,1,1,1
37539,2296,2183,449,464,1979,0.0,0,396.5,0.0,0,0,0,1,0,0,0,0,0,0,0,1,1,1,1
37549,2295,2187,449,464,1979,0.0,0,396.1,0.0,0,0,0,1,0,0,0,0,0,0,0,1,1,1,1
37559,2296,2186,448,467,1979,0.0,0,396.5,0.0,0,0,0,1,0,0,0,0,0,0,0,1,1,1,1
37569,2296,2187,450,466,1979,0.0,0,396.4,0.0,0,0,0,1,0,0,0,0,0,0,0,1,1,1,1
37579,2295,2187,450,464,1979,0.0,0,396.2,0.0,0,0,0,1,0,0,0,0,0,0,0,1,1,1,1
37589,2296,2186,449,464,1978,0.0,0,395.8,0.0,0,0,0,1,0,0,0,0,0,0,0,1,1,1,1
37599,2295,2187,450,463,1977,0.0,0,395.8,0.0,0,0,0,1,0,0,0,0,0,0,0,1,1,1,1
37609,2295,2186,450,465,1980,0.0,0,396.3,0.0,0,0,0,1,0,0,0,0,0,0,0,1,1,1,1
37619,2296,2189,450,465,1979,0.0,0,396.7,0.0,0,0,0,1,0,0,0,0,0,0,0,1,1,1,1
37629,2295,2186,449,465,1980,0.0,0,396.2,0.0,0,0,0,1,0,0,0,0,0,0,0,1,1,1,1
37639,2296,2186,449,463,1981,0.0,0,396.3,0.0,0,0,0,1,0,0,0,0,0,0,0,1,1,1,1
37649,2296,2186,449,465,1979,0.0,0,395.7,0.0,0,0,0,1,0,0,0,0,0,0,0,1,1,1,1
37659,2293,2186,449,464,1979,0.0,0,395.7,0.0,0,0,0,1,0,0,0,0,0,0,0,1,1,1,1
37669,2296,2186,449,464,1981,0.0,0,396.3,0.0,0,0,0,1,0,0,0,0,0,0,0,1,1,1,1
37679,2295,2186,447,465,1981,0.0,0,396.9,0.0,0,0,0,1,0,0,0,0,0,0,0,1,1,1,1
37689,2296,2185,450,464,1981,0.0,0,395.9,0.0,0,0,0,1,0,0,0,0,0,0,0,1,1,1,1
37699,2295,2188,449,464,1981,0.0,0,396.8,0.0,0,0,0,1,0,0,0,0,0,0,0,1,1,1,1
37709,2296,2186,448,463,1981,0.0,0,395.8,0.0,0,0,0,1,0,0,0,0,0,0,0,1,1,1,1
37719,2296,2187,450,464,1981,0.0,0,395.8,0.0,0,0,0,1,0,0,0,0,0,0,0,1,1,1,1
37729,2295,2187,449,465,1982,0.0,0,397.1,0.0,0,0,0,1,0,0,0,0,0,0,0,1,1,1,1
37739,2295,2186,449,464,1981,0.0,0,396.5,0.0,0,0,0,1,0,0,0,0,0,0,0,1,1,1,1
37749,2296,2186,450,464,1983,0.0,0,396.1,0.0,0,0,0,1,0,0,0,0,0,0,0,1,1,1,1
37759,2298,2186,449,465,1980,0.0,0,396.3,0.0,0,0,0,1,0,0,0,0,0,0,0,1,1,1,1
37769,2297,2186,449,465,1981,0.0,0,396.2,0.0,0,0,0,1,0,0,0,0,0,0,0,1,1,1,1
37779,2296,2186,449,464,1981,0.0,0,396.2,0.0,0,0,0,1,0,0,0,0,0,0,0,1,1,1,1
37789,2296,2184,450,465,1983,0.0,0,396.9,0.0,0,0,0,1,0,0,0,0,0,0,0,1,1,1,1
37799,2293,2185,448,466,1981,0.0,0,396.2,0.0,0,0,0,1,0,0,0,0,0,0,0,1,1,1,1
37809,2295,2186,449,466,1982,0.0,0,396.4,0.0,0,0,0,1,0,0,0,0,0,0,0,1,1,1,1
37819,2296,2185,450,463,1981,0.0,0,395.9,0.0,0,0,0,1,0,0,0,0,0,0,0,1,1,1,1
37829,2297,2186,447,465,1981,0.0,0,396.7,0.0,0,0,0,1,0,0,0,0,0,0,0,1,1,1,1
37839,2297,2186,450,463,1978,0.0,0,396.4,0.0,0,0,0,1,0,0,0,0,0,0,0,1,1,1,1
37849,2296,2186,449,466,1979,0.0,0,396.4,0.0,0,0,0,1,0,0,0,0,0,0,0,1,1,1,1
37859,2296,2186,449,464,1979,0.0,0,396.4,0.0,0,0,0,1,0,0,0,0,0,0,0,1,1,1,1
37869,2295,2187,449,464,1979,0.0,0,396.1,0.0,0,0,0,1,0,0,0,0,0,0,0,1,1,1,1
37879,2295,2186,449,466,1980,0.0,0,396.0,0.0,0,0,0,1,0,0,0,0,0,0,0,1,1,1,1
37889,2296,2186,449,463,1977,0.0,0,396.7,0.0,0,0,0,1,0,0,0,0,0,0,0,1,1,1,1
37899,2294,2185,449,465,1980,0.0,0,396.3,0.0,0,0,0,1,0,0,0,0,0,0,0,1,1,1,1
37909,2296,2190,449,464,1979,0.0,0,396.4,0.0,0,0,0,1,0,0,0,0,0,0,0,1,1,1,1
37919,2294,2186,449,465,1981,0.0,0,396.4,0.0,0,0,0,1,0,0,0,0,0,0,0,1,1,1,1
37930,2296,2186,449,465,1979,0.0,0,396.4,0.0,0,0,0,1,0,0,0,0,0,0,0,1,1,1,1
37940,2295,2186,449,466,1979,0.0,0,396.4,0.0,0,0,0,1,0,0,0,0,0,0,0,1,1,1,1
37950,2295,2188,449,464,1978,0.0,0,396.7,0.0,0,0,0,1,0,0,0,0,0,0,0,1,1,1,1
37960,2298,2186,449,461,1979,0.0,0,396.3,0.0,0,0,0,1,0,0,0,0,0,0,0,1,1,1,1
37970,2297,2185,449,464,1981,0.0,0,396.4,0.0,0,0,0,1,0,0,0,0,0,0,0,1,1,1,1
37980,2296,2186,450,465,1981,0.0,0,396.4,0.0,0,0,0,1,0,0,0,0,0,0,0,1,1,1,1
37990,2297,2186,449,464,1981,0.0,0,395.9,0.0,0,0,0,1,0,0,0,0,0,0,0,1,1,1,1
38000,2296,2186,448,465,1981,0.0,0,396.1,0.0,0,0,0,1,0,0,0,0,0,0,0,1,1,1,1
38010,2296,2189,449,465,1982,0.0,0,395.8,0.0,0,0,0,1,0,0,0,0,0,0,0,1,1,1,1
38020,2295,2184,448,464,1981,0.0,0,396.4,0.0,0,0,0,1,0,0,0,0,0,0,0,1,1,1,1
38030,2295,2187,448,466,1981,0.0,0,397.0,0.0,0,0,0,1,0,0,0,0,0,0,0,1,1,1,1
38040,2295,2186,450,465,1981,0.0,0,396.3,0.0,0,0,0,1,0,0,0,0,0,0,0,1,1,1,1
38050,2296,2186,450,465,1981,0.0,0,396.3,0.0,0,0,0,1,0,0,0,0,0,0,0,1,1,1,1
38060,2295,2186,450,465,1978,0.0,0,396.5,0.0,0,0,0,1,0,0,0,0,0,0,0,1,1,1,1
38070,2295,2186,449,465,1981,0.0,0,396.1,0.0,0,0,0,1,0,0,0,0,0,0,0,1,1,1,1
38080,2296,2186,449,467,1981,0.0,0,396.4,0.0,0,0,0,1,0,0,0,0,0,0,0,1,1,1,1
38090,2295,2186,449,467,1981,0.0,0,396.3,0.0,0,0,0,1,0,0,0,0,0,0,0,1,1,1,1
38100,2295,2186,449,465,1981,0.0,0,396.0,0.0,0,0,0,1,0,0,0,0,0,0,0,1,1,1,1
38111,2295,2186,450,463,1980,0.0,0,396.4,0.0,0,0,0,1,0,0,0,0,0,0,0,1,1,1,1
38121,2296,2186,450,465,1982,0.0,0,396.4,0.0,0,0,0,1,0,0,0,0,0,0,0,1,1,1,1
38131,2295,2184,449,465,1980,0.0,0,396.3,0.0,0,0,0,1,0,0,0,0,0,0,0,1,1,1,1
38141,2295,2186,449,463,1979,0.0,0,396.1,0.0,0,0,0,1,0,0,0,0,0,0,0,1,1,1,1
38151,2296,2186,449,466,1979,0.0,0,395.9,0.0,0,0,0,1,0,0,0,0,0,0,0,1,1,1,1
38161,2296,2186,451,465,1980,0.0,0,396.5,0.0,0,0,0,1,0,0,0,0,0,0,0,1,1,1,1
38171,2297,2186,449,465,1979,0.0,0,396.0,0.0,0,0,0,1,0,0,0,0,0,0,0,1,1,1,1
38181,2294,2187,448,465,1980,0.0,0,396.0,0.0,0,0,0,1,0,0,0,0,0,0,0,1,1,1,1
38191,2296,2186,449,449,1980,0.0,0,396.2,0.0,0,0,0,1,0,0,0,0,0,0,0,1,1,1,1
38201,2295,2186,451,464,1981,0.0,0,396.7,0.0,0,0,0,1,0,0,0,0,0,0,0,1,1,1,1
38211,2296,2187,450,466,1980,0.0,0,396.1,0.0,0,0,0,1,0,0,0,0,0,0,0,1,1,1,1
38221,2296,2185,449,465,1981,0.0,0,396.5,0.0,0,0,0,1,0,0,0,0,0,0,0,1,1,1,1
38231,2296,2186,448,465,1979,0.0,0,396.5,0.0,0,0,0,1,0,0,0,0,0,0,0,1,1,1,1
38241,2293,2186,449,464,1979,0.0,0,396.5,0.0,0,0,0,1,0,0,0,0,0,0,0,1,1,1,1
38251,2296,2186,451,466,1982,0.0,0,396.0,0.0,0,0,0,1,0,0,0,0,0,0,0,1,1,1,1
38261,2295,2185,449,463,1978,0.0,0,397.2,0.0,0,0,0,1,0,0,0,0,0,0,0,1,1,1,1
38271,2295,2186,449,465,1984,0.0,0,396.7,0.0,0,0,0,1,0,0,0,0,0,0,0,1,1,1,1
38283,2295,2186,450,464,1981,0.0,0,396.8,0.0,0,0,0,1,0,0,0,0,0,0,0,1,1,1,1
38293,2295,2185,450,465,1980,0.0,0,396.5,0.0,0,0,0,1,0,0,0,0,0,0,0,1,1,1,1
38303,2295,2185,451,465,1981,0.0,0,396.7,0.0,0,0,0,1,0,0,0,0,0,0,0,1,1,1,1
38313,2295,2185,449,464,1981,0.0,0,396.7,0.0,0,0,0,1,0,0,0,0,0,0,0,1,1,1,1
38323,2295,2185,449,465,1980,0.0,0,396.2,0.0,0,0,0,1,0,0,0,0,0,0,0,1,1,1,1
38333,2295,2186,451,465,1982,0.0,0,396.4,0.0,0,0,0,1,0,0,0,0,0,0,0,1,1,1,1
38343,2295,2185,449,463,1981,0.0,0,395.9,0.0,0,0,0,1,0,0,0,0,0,0,0,1,1,1,1
38353,2295,2185,449,464,1982,0.0,0,396.3,0.0,0,0,0,1,0,0,0,0,0,0,0,1,1,1,1
38363,2297,2186,449,464,1981,0.0,0,396.4,0.0,0,0,0,1,0,0,0,0,0,0,0,1,1,1,1
38373,2295,2184,450,465,1981,0.0,0,396.4,0.0,0,0,0,1,0,0,0,0,0,0,0,1,1,1,1
38383,2298,2185,448,465,1981,0.0,0,396.1,0.0,0,0,0,1,0,0,0,0,0,0,0,1,1,1,1
38393,2296,2187,450,465,1981,0.0,0,396.1,0.0,0,0,0,1,0,0,0,0,0,0,0,1,1,1,1
38403,2295,2183,451,465,1983,0.0,0,396.1,0.0,0,0,0,1,0,0,0,0,0,0,0,1,1,1,1
38413,2296,2186,450,462,1981,0.0,0,395.8,0.0,0,0,0,1,0,0,0,0,0,0,0,1,1,1,1
38423,2297,2185,449,464,1981,0.0,0,396.5,0.0,0,0,0,1,0,0,0,0,0,0,0,1,1,1,1
38433,2295,2185,450,466,1981,0.0,0,396.5,0.0,0,0,0,1,0,0,0,0,0,0,0,1,1,1,1
38443,2295,2185,450,464,1979,0.0,0,396.1,0.0,0,0,0,1,0,0,0,0,0,0,0,1,1,1,1
38453,2295,2186,451,466,1979,0.0,0,396.3,0.0,0,0,0,1,0,0,0,0,0,0,0,1,1,1,1
38463,2296,2186,450,465,1979,0.0,0,396.7,0.0,0,0,0,1,0,0,0,0,0,0,0,1,1,1,1
38473,2295,2186,450,463,1980,0.0,0,396.2,0.0,0,0,0,1,0,0,0,0,0,0,0,1,1,1,1
38483,2297,2188,448,464,1977,0.0,0,397.0,0.0,0,0,0,1,0,0,0,0,0,0,0,1,1,1,1
38493,2297,2186,451,465,1979,0.0,0,397.0,0.0,0,0,0,1,0,0,0,0,0,0,0,1,1,1,1
38503,2295,2186,450,465,1980,0.0,0,396.3,0.0,0,0,0,1,0,0,0,0,0,0,0,1,1,1,1
38513,2296,2186,449,465,1979,0.0,0,396.4,0.0,0,0,0,1,0,0,0,0,0,0,0,1,1,1,1
38523,2292,2186,451,463,1979,0.0,0,396.2,0.0,0,0,0,1,0,0,0,0,0,0,0,1,1,1,1
38533,2295,2186,450,465,1979,0.0,0,396.3,0.0,0,0,0,1,0,0,0,0,0,0,0,1,1,1,1
38543,2295,2186,448,464,1979,0.0,0,396.3,0.0,0,0,0,1,0,0,0,0,0,0,0,1,1,1,1
38553,2296,2189,450,465,1980,0.0,0,396.3,0.0,0,0,0,1,0,0,0,0,0,0,0,1,1,1,1
38563,2296,2186,450,464,1979,0.0,0,396.3,0.0,0,0,0,1,0,0,0,0,0,0,0,1,1,1,1
38573,2296,2187,449,464,1981,0.0,0,396.1,0.0,0,0,0,1,0,0,0,0,0,0,0,1,1,1,1
38583,2298,2187,452,465,1982,0.0,0,396.3,0.0,0,0,0,1,0,0,0,0,0,0,0,1,1,1,1
38593,2295,2186,450,464,1981,0.0,0,396.1,0.0,0,0,0,1,0,0,0,0,0,0,0,1,1,1,1
38603,2297,2188,448,464,1981,0.0,0,397.1,0.0,0,0,0,1,0,0,0,0,0,0,0,1,1,1,1
38613,2296,2186,451,464,1981,0.0,0,397.1,0.0,0,0,0,1,0,0,0,0,0,0,0,1,1,1,1
38623,2295,2187,449,464,1980,0.0,0,396.0,0.0,0,0,0,1,0,0,0,0,0,0,0,1,1,1,1
38633,2296,2187,449,464,1981,0.0,0,396.5,0.0,0,0,0,1,0,0,0,0,0,0,0,1,1,1,1
38643,2295,2186,450,464,1981,0.0,0,396.3,0.0,0,0,0,1,0,0,0,0,0,0,0,1,1,1,1
38653,2295,2186,448,465,1981,0.0,0,396.1,0.0,0,0,0,1,0,0,0,0,0,0,0,1,1,1,1
38663,2296,2186,449,465,1981,0.0,0,395.9,0.0,0,0,0,1,0,0,0,0,0,0,0,1,1,1,1
38673,2295,2187,448,465,1981,0.0,0,395.9,0.0,0,0,0,1,0,0,0,0,0,0,0,1,1,1,1
38683,2296,2186,450,463,1981,0.0,0,396.3,0.0,0,0,0,1,0,0,0,0,0,0,0,1,1,1,1
38693,2297,2185,450,465,1981,0.0,0,396.2,0.0,0,0,0,1,0,0,0,0,0,0,0,1,1,1,1
38703,2294,2186,448,463,1981,0.0,0,396.5,0.0,0,0,0,1,0,0,0,0,0,0,0,1,1,1,1
38713,2295,2186,449,465,1981,0.0,0,396.1,0.0,0,0,0,1,0,0,0,0,0,0,0,1,1,1,1
38723,2296,2186,449,462,1980,0.0,0,396.7,0.0,0,0,0,1,0,0,0,0,0,0,0,1,1,1,1
38733,2296,2186,452,464,1982,0.0,0,396.7,0.0,0,0,0,1,0,0,0,0,0,0,0,1,1,1,1
38743,2295,2187,449,462,1979,0.0,0,396.4,0.0,0,0,0,1,0,0,0,0,0,0,0,1,1,1,1
38753,2295,2182,449,465,1979,0.0,0,396.9,0.0,0,0,0,1,0,0,0,0,0,0,0,1,1,1,1
38763,2296,2186,449,463,1979,0.0,0,396.3,0.0,0,0,0,1,0,0,0,0,0,0,0,1,1,1,1
38773,2295,2186,448,465,1980,0.0,0,396.2,0.0,0,0,0,1,0,0,0,0,0,0,0,1,1,1,1
38783,2297,2186,450,464,1979,0.0,0,396.9,0.0,0,0,0,1,0,0,0,0,0,0,0,1,1,1,1
38793,2295,2187,448,464,1980,0.0,0,396.9,0.0,0,0,0,1,0,0,0,0,0,0,0,1,1,1,1
38803,2297,2187,450,465,1978,0.0,0,397.2,0.0,0,0,0,1,0,0,0,0,0,0,0,1,1,1,1
38813,2295,2186,450,463,1979,0.0,0,396.1,0.0,0,0,0,1,0,0,0,0,0,0,0,1,1,1,1
38823,2296,2186,450,465,1979,0.0,0,396.4,0.0,0,0,0,1,0,0,0,0,0,0,0,1,1,1,1
38833,2295,2186,451,466,1979,0.0,0,396.5,0.0,0,0,0,1,0,0,0,0,0,0,0,1,1,1,1
38843,2295,2184,449,465,1980,0.0,0,396.8,0.0,0,0,0,1,0,0,0,0,0,0,0,1,1,1,1
38853,2295,2187,450,465,1979,0.0,0,396.8,0.0,0,0,0,1,0,0,0,0,0,0,0,1,1,1,1
38863,2296,2185,449,463,1979,0.0,0,395.8,0.0,0,0,0,1,0,0,0,0,0,0,0,1,1,1,1
38873,2296,2184,450,466,1979,0.0,0,396.8,0.0,0,0,0,1,0,0,0,0,0,0,0,1,1,1,1
38883,2296,2186,450,464,1981,0.0,0,396.5,0.0,0,0,0,1,0,0,0,0,0,0,0,1,1,1,1
38893,2295,2186,451,464,1983,0.0,0,397.0,0.0,0,0,0,1,0,0,0,0,0,0,0,1,1,1,1
38903,2296,2186,449,465,1981,0.0,0,396.5,0.0,0,0,0,1,0,0,0,0,0,0,0,1,1,1,1
38913,2296,2186,450,464,1982,0.0,0,396.5,0.0,0,0,0,1,0,0,0,0,0,0,0,1,1,1,1
38923,2297,2185,449,465,1981,0.0,0,396.7,0.0,0,0,0,1,0,0,0,0,0,0,0,1,1,1,1
38933,2299,2186,449,466,1981,0.0,0,397.0,0.0,0,0,0,1,0,0,0,0,0,0,0,1,1,1,1
38943,2295,2186,450,465,1981,0.0,0,396.8,0.0,0,0,0,1,0,0,0,0,0,0,0,1,1,1,1
38953,2295,2186,450,464,1981,0.0,0,396.0,0.0,0,0,0,1,0,0,0,0,0,0,0,1,1,1,1
38963,2297,2186,449,465,1981,0.0,0,396.3,0.0,0,0,0,1,0,0,0,0,0,0,0,1,1,1,1
38973,2295,2189,449,465,1983,0.0,0,396.3,0.0,0,0,0,1,0,0,0,0,0,0,0,1,1,1,1
38983,2296,2186,448,463,1982,0.0,0,396.5,0.0,0,0,0,1,0,0,0,0,0,0,0,1,1,1,1
38993,2295,2186,449,462,1982,0.0,0,396.1,0.0,0,0,0,1,0,0,0,0,0,0,0,1,1,1,1
39003,2295,2186,450,466,1981,0.0,0,396.3,0.0,0,0,0,1,0,0,0,0,0,0,0,1,1,1,1
39013,2295,2184,450,464,1981,0.0,0,396.9,0.0,0,0,0,1,0,0,0,0,0,0,0,1,1,1,1
39023,2295,2186,451,463,1981,0.0,0,397.1,0.0,0,0,0,1,0,0,0,0,0,0,0,1,1,1,1
39033,2296,2187,450,464,1981,0.0,0,397.1,0.0,0,0,0,1,0,0,0,0,0,0,0,1,1,1,1
39043,2296,2186,449,464,1981,0.0,0,396.4,0.0,0,0,0,1,0,0,0,0,0,0,0,1,1,1,1
39053,2295,2186,450,466,1979,0.0,0,396.1,0.0,0,0,0,1,0,0,0,0,0,0,0,1,1,1,1
39063,2296,2186,449,465,1979,0.0,0,396.5,0.0,0,0,0,1,0,0,0,0,0,0,0,1,1,1,1
39073,2294,2186,448,465,1979,0.0,0,396.8,0.0,0,0,0,1,0,0,0,0,0,0,0,1,1,1,1
39083,2296,2185,448,464,1979,0.0,0,396.4,0.0,0,0,0,1,0,0,0,0,0,0,0,1,1,1,1
39093,2296,2186,449,465,1979,0.0,0,396.4,0.0,0,0,0,1,0,0,0,0,0,0,0,1,1,1,1
39103,2295,2186,449,464,1979,0.0,0,396.5,0.0,0,0,0,1,0,0,0,0,0,0,0,1,1,1,1
39113,2296,2186,449,463,1980,0.0,0,396.8,0.0,0,0,0,1,0,0,0,0,0,0,0,1,1,1,1
39123,2296,2186,450,465,1979,0.0,0,396.0,0.0,0,0,0,1,0,0,0,0,0,0,0,1,1,1,1
39133,2296,2186,448,464,1979,0.0,0,396.8,0.0,0,0,0,1,0,0,0,0,0,0,0,1,1,1,1
39143,2296,2186,449,465,1979,0.0,0,396.7,0.0,0,0,0,1,0,0,0,0,0,0,0,1,1,1,1
39153,2295,2186,449,466,1979,0.0,0,396.7,0.0,0,0,0,1,0,0,0,0,0,0,0,1,1,1,1
39163,2295,2187,451,465,1978,0.0,0,396.5,0.0,0,0,0,1,0,0,0,0,0,0,0,1,1,1,1
39173,2297,2186,450,466,1979,0.0,0,396.3,0.0,0,0,0,1,0,0,0,0,0,0,0,1,1,1,1
39183,2296,2186,450,465,1982,0.0,0,396.1,0.0,0,0,0,1,0,0,0,0,0,0,0,1,1,1,1
39193,2296,2189,450,465,1981,0.0,0,396.5,0.0,0,0,0,1,0,0,0,0,0,0,0,1,1,1,1
39203,2297,2184,449,465,1981,0.0,0,396.0,0.0,0,0,0,1,0,0,0,0,0,0,0,1,1,1,1
39213,2295,2187,449,464,1983,0.0,0,396.0,0.0,0,0,0,1,0,0,0,0,0,0,0,1,1,1,1
39223,2296,2186,449,464,1981,0.0,0,397.1,0.0,0,0,0,1,0,0,0,0,0,0,0,1,1,1,1
39233,2295,2186,449,464,1981,0.0,0,396.2,0.0,0,0,0,1,0,0,0,0,0,0,0,1,1,1,1
39243,2295,2186,450,465,1980,0.0,0,396.4,0.0,0,0,0,1,0,0,0,0,0,0,0,1,1,1,1
39253,2295,2186,450,465,1981,0.0,0,396.4,0.0,0,0,0,1,0,0,0,0,0,0,0,1,1,1,1
39263,2297,2186,449,464,1982,0.0,0,396.7,0.0,0,0,0,1,0,0,0,0,0,0,0,1,1,1,1
39273,2296,2190,450,465,1982,0.0,0,396.7,0.0,0,0,0,1,0,0,0,0,0,0,0,1,1,1,1
39283,2294,2185,449,465,1980,0.0,0,397.4,0.0,0,0,0,1,0,0,0,0,0,0,0,1,1,1,1
39293,2295,2185,449,464,1979,0.0,0,396.2,0.0,0,0,0,1,0,0,0,0,0,0,0,1,1,1,1
39303,2294,2186,449,465,1981,0.0,0,396.4,0.0,0,0,0,1,0,0,0,0,0,0,0,1,1,1,1
39313,2295,2185,450,465,1981,0.0,0,396.9,0.0,0,0,0,1,0,0,0,0,0,0,0,1,1,1,1
39323,2295,2185,449,464,1981,0.0,0,396.3,0.0,0,0,0,1,0,0,0,0,0,0,0,1,1,1,1
39333,2296,2186,449,466,1982,0.0,0,396.3,0.0,0,0,0,1,0,0,0,0,0,0,0,1,1,1,1
39343,2295,2186,450,465,1981,0.0,0,396.5,0.0,0,0,0,1,0,0,0,0,0,0,0,1,1,1,1
39353,2295,2186,449,463,1978,0.0,0,396.0,0.0,0,0,0,1,0,0,0,0,0,0,0,1,1,1,1
39363,2294,2186,450,464,1978,0.0,0,396.3,0.0,0,0,0,1,0,0,0,0,0,0,0,1,1,1,1
39373,2295,2185,450,463,1979,0.0,0,396.3,0.0,0,0,0,1,0,0,0,0,0,0,0,1,1,1,1
39383,2296,2186,449,464,1978,0.0,0,396.8,0.0,0,0,0,1,0,0,0,0,0,0,0,1,1,1,1
39393,2296,2186,451,465,1979,0.0,0,396.8,0.0,0,0,0,1,0,0,0,0,0,0,0,1,1,1,1
39403,2296,2186,449,465,1979,0.0,0,396.8,0.0,0,0,0,1,0,0,0,0,0,0,0,1,1,1,1
39413,2295,2186,450,464,1979,0.0,0,396.4,0.0,0,0,0,1,0,0,0,0,0,0,0,1,1,1,1
39423,2293,2186,449,465,1979,0.0,0,396.7,0.0,0,0,0,1,0,0,0,0,0,0,0,1,1,1,1
39433,2296,2186,449,465,1980,0.0,0,396.4,0.0,0,0,0,1,0,0,0,0,0,0,0,1,1,1,1
39443,2297,2186,449,465,1979,0.0,0,396.5,0.0,0,0,0,1,0,0,0,0,0,0,0,1,1,1,1
39453,2296,2187,449,465,1980,0.0,0,396.5,0.0,0,0,0,1,0,0,0,0,0,0,0,1,1,1,1
39463,2296,2184,451,465,1979,0.0,0,396.5,0.0,0,0,0,1,0,0,0,0,0,0,0,1,1,1,1
39473,2296,2186,450,466,1980,0.0,0,396.4,0.0,0,0,0,1,0,0,0,0,0,0,0,1,1,1,1
39483,2296,2186,453,466,1982,0.0,0,396.5,0.0,0,0,0,1,0,0,0,0,0,0,0,1,1,1,1
39493,2296,2186,448,465,1981,0.0,0,395.9,0.0,0,0,0,1,0,0,0,0,0,0,0,1,1,1,1
39503,2293,2186,447,465,1981,0.0,0,396.4,0.0,0,0,0,1,0,0,0,0,0,0,0,1,1,1,1
39513,2295,2186,448,465,1981,0.0,0,396.4,0.0,0,0,0,1,0,0,0,0,0,0,0,1,1,1,1
39523,2295,2186,450,464,1982,0.0,0,397.0,0.0,0,0,0,1,0,0,0,0,0,0,0,1,1,1,1
39533,2295,2187,449,464,1981,0.0,0,396.3,0.0,0,0,0,1,0,0,0,0,0,0,0,1,1,1,1
39543,2296,2186,448,465,1980,0.0,0,396.7,0.0,0,0,0,1,0,0,0,0,0,0,0,1,1,1,1
39553,2295,2187,450,464,1981,0.0,0,397.1,0.0,0,0,0,1,0,0,0,0,0,0,0,1,1,1,1
39563,2295,2186,448,465,1981,0.0,0,397.1,0.0,0,0,0,1,0,0,0,0,0,0,0,1,1,1,1
39573,2295,2185,448,465,1981,0.0,0,396.7,0.0,0,0,0,1,0,0,0,0,0,0,0,1,1,1,1
39583,2295,2186,450,465,1981,0.0,0,397.1,0.0,0,0,0,1,0,0,0,0,0,0,0,1,1,1,1
39593,2296,2186,450,466,1981,0.0,0,396.8,0.0,0,0,0,1,0,0,0,0,0,0,0,1,1,1,1
39603,2295,2187,450,464,1981,0.0,0,396.5,0.0,0,0,0,1,0,0,0,0,0,0,0,1,1,1,1
39613,2295,2183,450,465,1981,0.0,0,396.0,0.0,0,0,0,1,0,0,0,0,0,0,0,1,1,1,1
39623,2297,2186,449,466,1981,0.0,0,396.1,0.0,0,0,0,1,0,0,0,0,0,0,0,1,1,1,1
39633,2295,2186,450,465,1981,0.0,0,396.1,0.0,0,0,0,1,0,0,0,0,0,0,0,1,1,1,1
39643,2295,2186,449,465,1981,0.0,0,397.0,0.0,0,0,0,1,0,0,0,0,0,0,0,1,1,1,1
39653,2295,2186,451,465,1980,0.0,0,395.8,0.0,0,0,0,1,0,0,0,0,0,0,0,1,1,1,1
39663,2296,2186,450,464,1979,0.0,0,396.5,0.0,0,0,0,1,0,0,0,0,0,0,0,1,1,1,1
39673,2295,2186,450,465,1980,0.0,0,396.3,0.0,0,0,0,1,0,0,0,0,0,0,0,1,1,1,1
39683,2295,2186,449,463,1979,0.0,0,396.1,0.0,0,0,0,1,0,0,0,0,0,0,0,1,1,1,1
39693,2295,2185,451,465,1979,0.0,0,396.1,0.0,0,0,0,1,0,0,0,0,0,0,0,1,1,1,1
39703,2296,2186,449,465,1979,0.0,0,396.7,0.0,0,0,0,1,0,0,0,0,0,0,0,1,1,1,1
39713,2296,2186,450,466,1979,0.0,0,396.7,0.0,0,0,0,1,0,0,0,0,0,0,0,1,1,1,1
39723,2295,2186,449,465,1978,0.0,0,396.2,0.0,0,0,0,1,0,0,0,0,0,0,0,1,1,1,1
39733,2295,2185,449,466,1979,0.0,0,396.3,0.0,0,0,0,1,0,0,0,0,0,0,0,1,1,1,1
39743,2297,2186,450,464,1979,0.0,0,397.0,0.0,0,0,0,1,0,0,0,0,0,0,0,1,1,1,1
39753,2296,2186,449,465,1980,0.0,0,397.0,0.0,0,0,0,1,0,0,0,0,0,0,0,1,1,1,1
39763,2296,2186,449,464,1980,0.0,0,396.8,0.0,0,0,0,1,0,0,0,0,0,0,0,1,1,1,1
39773,2296,2186,449,465,1980,0.0,0,396.5,0.0,0,0,0,1,0,0,0,0,0,0,0,1,1,1,1
39783,2296,2185,451,465,1979,0.0,0,396.1,0.0,0,0,0,1,0,0,0,0,0,0,0,1,1,1,1
39793,2294,2186,448,465,1981,0.0,0,397.2,0.0,0,0,0,1,0,0,0,0,0,0,0,1,1,1,1
39803,2296,2185,450,464,1981,0.0,0,396.5,0.0,0,0,0,1,0,0,0,0,0,0,0,1,1,1,1
39813,2298,2186,450,467,1981,0.0,0,396.5,0.0,0,0,0,1,0,0,0,0,0,0,0,1,1,1,1
39823,2295,2186,452,464,1981,0.0,0,396.5,0.0,0,0,0,1,0,0,0,0,0,0,0,1,1,1,1
39833,2298,2186,450,465,1981,0.0,0,396.3,0.0,0,0,0,1,0,0,0,0,0,0,0,1,1,1,1
39843,2295,2186,451,466,1981,0.0,0,396.4,0.0,0,0,0,1,0,0,0,0,0,0,0,1,1,1,1
39853,2295,2186,449,464,1981,0.0,0,396.8,0.0,0,0,0,1,0,0,0,0,0,0,0,1,1,1,1
39863,2297,2186,449,464,1981,0.0,0,396.9,0.0,0,0,0,1,0,0,0,0,0,0,0,1,1,1,1
39873,2295,2183,450,464,1981,0.0,0,396.9,0.0,0,0,0,1,0,0,0,0,0,0,0,1,1,1,1
39883,2295,2186,451,462,1982,0.0,0,396.4,0.0,0,0,0,1,0,0,0,0,0,0,0,1,1,1,1
39893,2295,2186,449,465,1981,0.0,0,396.5,0.0,0,0,0,1,0,0,0,0,0,0,0,1,1,1,1
39903,2295,2186,449,466,1981,0.0,0,396.7,0.0,0,0,0,1,0,0,0,0,0,0,0,1,1,1,1
39913,2295,2187,451,466,1973,0.0,0,396.7,0.0,0,0,0,1,0,0,0,0,0,0,0,1,1,1,1
39923,2296,2185,450,466,1981,0.0,0,396.4,0.0,0,0,0,1,0,0,0,0,0,0,0,1,1,1,1
39933,2296,2186,448,466,1981,0.0,0,396.4,0.0,0,0,0,1,0,0,0,0,0,0,0,1,1,1,1
39943,2295,2185,449,464,1982,0.0,0,396.8,0.0,0,0,0,1,0,0,0,0,0,0,0,1,1,1,1
39953,2296,2186,450,465,1981,0.0,0,396.4,0.0,0,0,0,1,0,0,0,0,0,0,0,1,1,1,1
39963,2295,2186,450,465,1979,0.0,0,397.0,0.0,0,0,0,1,0,0,0,0,0,0,0,1,1,1,1
39973,2295,2186,450,464,1979,0.0,0,396.2,0.0,0,0,0,1,0,0,0,0,0,0,0,1,1,1,1
39983,2297,2186,450,464,1979,0.0,0,396.4,0.0,0,0,0,1,0,0,0,0,0,0,0,1,1,1,1
39993,2295,2186,449,465,1979,0.0,0,396.4,0.0,0,0,0,1,0,0,0,0,0,0,0,1,1,1,1
40003,2295,2185,450,464,1981,0.0,0,396.8,0.0,0,0,0,1,0,0,0,0,0,0,0,1,1,1,1
40013,2295,2186,451,465,1978,0.0,0,396.3,0.0,0,0,0,1,0,0,0,0,0,0,0,1,1,1,1
40023,2295,2186,449,464,1982,0.0,0,396.1,0.0,0,0,0,1,0,0,0,0,0,0,0,1,1,1,1
40033,2295,2186,450,465,1979,0.0,0,396.1,0.0,0,0,0,1,0,0,0,0,0,0,0,1,1,1,1
40043,2295,2187,449,465,1981,0.0,0,396.7,0.0,0,0,0,1,0,0,0,0,0,0,0,1,1,1,1
40053,2296,2185,450,465,1979,0.0,0,396.7,0.0,0,0,0,1,0,0,0,0,0,0,0,1,1,1,1
40063,2295,2185,449,465,1979,0.0,0,396.2,0.0,0,0,0,1,0,0,0,0,0,0,0,1,1,1,1
40073,2295,2187,450,465,1979,0.0,0,396.9,0.0,0,0,0,1,0,0,0,0,0,0,0,1,1,1,1
40083,2295,2186,449,466,1979,0.0,0,397.0,0.0,0,0,0,1,0,0,0,0,0,0,0,1,1,1,1
40093,2296,2186,449,463,1981,0.0,0,396.4,0.0,0,0,0,1,0,0,0,0,0,0,0,1,1,1,1
40103,2296,2185,449,464,1980,0.0,0,396.8,0.0,0,0,0,1,0,0,0,0,0,0,0,1,1,1,1
40113,2295,2186,449,464,1981,0.0,0,396.8,0.0,0,0,0,1,0,0,0,0,0,0,0,1,1,1,1
40123,2295,2185,449,464,1981,0.0,0,396.8,0.0,0,0,0,1,0,0,0,0,0,0,0,1,1,1,1
40133,2295,2185,449,463,1981,0.0,0,396.2,0.0,0,0,0,1,0,0,0,0,0,0,0,1,1,1,1
40143,2296,2186,450,463,1981,0.0,0,397.4,0.0,0,0,0,1,0,0,0,0,0,0,0,1,1,1,1
40153,2295,2186,450,464,1982,0.0,0,396.4,0.0,0,0,0,1,0,0,0,0,0,0,0,1,1,1,1
40163,2296,2186,450,464,1980,0.0,0,396.2,0.0,0,0,0,1,0,0,0,0,0,0,0,1,1,1,1
40173,2296,2186,450,465,1981,0.0,0,396.2,0.0,0,0,0,1,0,0,0,0,0,0,0,1,1,1,1
40183,2295,2186,450,465,1982,0.0,0,396.9,0.0,0,0,0,1,0,0,0,0,0,0,0,1,1,1,1
40193,2296,2185,449,463,1981,0.0,0,396.2,0.0,0,0,0,1,0,0,0,0,0,0,0,1,1,1,1
40203,2295,2185,450,465,1981,0.0,0,395.5,0.0,0,0,0,1,0,0,0,0,0,0,0,1,1,1,1
40213,2294,2186,449,465,1982,0.0,0,396.7,0.0,0,0,0,1,0,0,0,0,0,0,0,1,1,1,1
40223,2297,2185,449,463,1981,0.0,0,396.1,0.0,0,0,0,1,0,0,0,0,0,0,0,1,1,1,1
40233,2296,2185,449,464,1981,0.0,0,396.1,0.0,0,0,0,1,0,0,0,0,0,0,0,1,1,1,1
40243,2295,2186,448,464,1979,0.0,0,396.2,0.0,0,0,0,1,0,0,0,0,0,0,0,1,1,1,1
40253,2297,2186,450,464,1981,0.0,0,396.5,0.0,0,0,0,1,0,0,0,0,0,0,0,1,1,1,1
40263,2295,2186,449,465,1981,0.0,0,396.8,0.0,0,0,0,1,0,0,0,0,0,0,0,1,1,1,1
40273,2296,2186,450,463,1980,0.0,0,396.9,0.0,0,0,0,1,0,0,0,0,0,0,0,1,1,1,1
40283,2295,2186,450,464,1979,0.0,0,396.8,0.0,0,0,0,1,0,0,0,0,0,0,0,1,1,1,1
40293,2296,2186,449,462,1980,0.0,0,396.8,0.0,0,0,0,1,0,0,0,0,0,0,0,1,1,1,1
40303,2295,2200,451,465,1979,0.0,0,396.8,0.0,0,0,0,1,0,0,0,0,0,0,0,1,1,1,1
40313,2298,2186,449,465,1978,0.0,0,396.7,0.0,0,0,0,1,0,0,0,0,0,0,0,1,1,1,1
40323,2294,2186,449,465,1979,0.0,0,396.1,0.0,0,0,0,1,0,0,0,0,0,0,0,1,1,1,1
40333,2295,2185,450,465,1979,0.0,0,396.5,0.0,0,0,0,1,0,0,0,0,0,0,0,1,1,1,1
40343,2295,2185,449,463,1979,0.0,0,397.1,0.0,0,0,0,1,0,0,0,0,0,0,0,1,1,1,1
40353,2296,2186,450,465,1982,0.0,0,397.1,0.0,0,0,0,1,0,0,0,0,0,0,0,1,1,1,1
40363,2296,2185,450,465,1978,0.0,0,396.2,0.0,0,0,0,1,0,0,0,0,0,0,0,1,1,1,1
40373,2296,2186,449,465,1979,0.0,0,396.3,0.0,0,0,0,1,0,0,0,0,0,0,0,1,1,1,1
40383,2295,2186,448,464,1978,0.0,0,397.1,0.0,0,0,0,1,0,0,0,0,0,0,0,1,1,1,1
40393,2295,2186,450,465,1979,0.0,0,396.2,0.0,0,0,0,1,0,0,0,0,0,0,0,1,1,1,1
40403,2296,2186,450,465,1981,0.0,0,396.7,0.0,0,0,0,1,0,0,0,0,0,0,0,1,1,1,1
40413,2297,2186,449,465,1982,0.0,0,396.7,0.0,0,0,0,1,0,0,0,0,0,0,0,1,1,1,1
40423,2295,2185,449,465,1981,0.0,0,397.0,0.0,0,0,0,1,0,0,0,0,0,0,0,1,1,1,1
40433,2295,2187,450,465,1982,0.0,0,396.8,0.0,0,0,0,1,0,0,0,0,0,0,0,1,1,1,1
40443,2296,2186,450,464,1981,0.0,0,397.0,0.0,0,0,0,1,0,0,0,0,0,0,0,1,1,1,1
40453,2295,2186,449,464,1980,0.0,0,396.8,0.0,0,0,0,1,0,0,0,0,0,0,0,1,1,1,1
40463,2297,2185,447,465,1981,0.0,0,397.2,0.0,0,0,0,1,0,0,0,0,0,0,0,1,1,1,1
40473,2296,2184,449,465,1981,0.0,0,397.2,0.0,0,0,0,1,0,0,0,0,0,0,0,1,1,1,1
40483,2295,2186,451,464,1981,0.0,0,396.3,0.0,0,0,0,1,0,0,0,0,0,0,0,1,1,1,1
40493,2298,2186,450,463,1982,0.0,0,396.0,0.0,0,0,0,1,0,0,0,0,0,0,0,1,1,1,1
40503,2300,2186,449,466,1982,0.0,0,396.4,0.0,0,0,0,1,0,0,0,0,0,0,0,1,1,1,1
40513,2295,2186,450,467,1980,0.0,0,396.1,0.0,0,0,0,1,0,0,0,0,0,0,0,1,1,1,1
40523,2296,2186,450,464,1981,0.0,0,396.9,0.0,0,0,0,1,0,0,0,0,0,0,0,1,1,1,1
40533,2296,2186,451,465,1982,0.0,0,396.9,0.0,0,0,0,1,0,0,0,0,0,0,0,1,1,1,1
40543,2292,2185,447,464,1981,0.0,0,396.5,0.0,0,0,0,1,0,0,0,0,0,0,0,1,1,1,1
40553,2295,2187,450,464,1982,0.0,0,396.5,0.0,0,0,0,1,0,0,0,0,0,0,0,1,1,1,1
40563,2296,2187,449,464,1980,0.0,0,397.0,0.0,0,0,0,1,0,0,0,0,0,0,0,1,1,1,1
40573,2296,2186,449,465,1979,0.0,0,396.1,0.0,0,0,0,1,0,0,0,0,0,0,0,1,1,1,1
40584,2298,2187,450,464,1979,0.0,0,396.3,0.0,0,0,0,1,0,0,0,0,0,0,0,1,1,1,1
40594,2296,2186,449,464,1979,0.0,0,396.3,0.0,0,0,0,1,0,0,0,0,0,0,0,1,1,1,1
40604,2295,2193,449,465,1973,0.0,0,396.8,0.0,0,0,0,1,0,0,0,0,0,0,0,1,1,0,1
40614,2299,2192,450,465,1972,0.0,0,396.7,0.0,0,0,0,1,0,0,0,0,0,0,0,1,1,0,1
40624,2296,2196,449,464,1972,0.0,0,395.1,0.0,0,0,0,1,0,0,0,0,0,0,0,1,1,0,1
40634,2294,2193,450,464,1971,0.0,0,392.9,0.0,0,0,0,1,0,0,0,0,0,0,0,1,1,0,1
40644,2295,2193,449,466,1972,0.0,0,390.3,0.0,0,0,0,1,0,0,0,0,0,0,0,1,1,0,1
40684,2297,2196,452,465,1972,0.0,0,390.3,0.0,0,0,0,1,0,0,0,1,0,0,0,1,1,0,1
40694,2295,2193,449,464,1972,0.0,0,383.1,0.0,0,0,0,1,0,0,0,1,0,0,0,1,1,0,1
40704,2295,2194,447,464,1973,0.0,0,380.5,0.0,0,0,0,1,0,0,0,1,0,0,0,1,1,0,1
40714,2296,2192,451,464,1974,0.0,0,378.3,0.0,0,0,0,1,0,0,0,1,0,0,0,1,1,0,1
40724,2294,2193,450,465,1972,0.0,0,378.3,0.0,0,0,0,1,0,0,0,1,0,0,0,1,1,0,1
40734,2295,2193,452,465,1973,0.0,0,376.8,0.0,0,0,0,1,0,0,0,1,0,0,0,1,1,0,1
40744,2295,2193,449,465,1974,0.0,0,374.6,0.0,0,0,0,1,0,0,0,1,0,0,0,1,1,0,1
40754,2296,2193,451,464,1973,0.0,0,372.5,0.0,0,0,0,1,0,0,0,1,0,0,0,1,1,0,1
40764,2296,2193,453,464,1973,0.0,0,370.5,0.0,0,0,0,1,0,0,0,1,0,0,0,1,1,0,1
40775,2297,2193,449,464,1973,0.0,0,368.7,0.0,0,0,0,1,0,0,0,1,0,0,0,1,1,0,1
40785,2296,2193,451,466,1973,0.0,0,368.7,0.0,0,0,0,1,0,0,0,1,0,0,0,1,1,0,1
40795,2295,2193,449,465,1974,0.0,0,366.5,0.0,0,0,0,1,0,0,0,1,0,0,0,1,1,0,1
40805,2292,2192,449,464,1974,0.0,0,365.2,0.0,0,0,0,1,0,0,0,1,0,0,0,1,1,0,1
40815,2295,2192,449,465,1974,0.0,0,362.5,0.0,0,0,0,1,0,0,0,1,0,0,0,1,1,0,1
40825,2296,2193,448,467,1974,0.0,0,360.5,0.0,0,0,0,1,0,0,0,1,0,0,0,1,1,0,1
40835,2296,2193,450,464,1975,0.0,0,358.9,0.0,0,0,0,1,0,0,0,1,0,0,0,1,1,0,1
40845,2295,2193,450,466,1974,0.0,0,358.9,0.0,0,0,0,1,0,0,0,1,0,0,0,1,1,0,1
40855,2296,2192,451,465,1974,0.0,0,356.8,0.0,0,0,0,1,0,0,0,1,0,0,0,1,1,0,1
40865,2295,2193,450,466,1975,0.0,0,354.8,0.0,0,0,0,1,0,0,0,1,0,0,0,1,1,0,1
40875,2295,2192,449,464,1972,0.0,0,352.9,0.0,0,0,0,1,0,0,0,1,0,0,0,1,1,0,1
40885,2295,2193,450,464,1973,0.0,0,351.4,0.0,0,0,0,1,0,0,0,1,0,0,0,1,1,0,1
40895,2295,2192,449,464,1972,0.0,0,349.6,0.0,0,0,0,1,0,0,0,1,0,0,0,1,1,0,1
40905,2296,2193,450,467,1971,0.0,0,349.6,0.0,0,0,0,1,0,0,0,1,0,0,0,1,1,0,1
40915,2296,2193,449,464,1973,0.0,0,347.8,0.0,0,0,0,1,0,0,0,1,0,0,0,1,1,0,1
40925,2296,2192,450,465,1972,0.0,0,345.2,0.0,0,0,0,1,0,0,0,1,0,0,0,1,1,0,1
40935,2297,2193,447,463,1975,0.0,0,343.7,0.0,0,0,0,1,0,0,0,1,0,0,0,1,1,0,1
40945,2294,2193,449,464,1973,0.0,0,342.1,0.0,0,0,0,1,0,0,0,1,0,0,0,1,1,0,1
40955,2296,2191,446,465,1973,0.0,0,340.1,0.0,0,0,0,1,0,0,0,1,0,0,0,1,1,0,1
40965,2295,2192,450,466,1973,0.0,0,340.1,0.0,0,0,0,1,0,0,0,1,0,0,0,0,1,0,1
40975,2294,2193,449,465,1972,0.0,0,338.6,0.0,0,0,0,1,0,0,0,1,0,0,0,0,1,0,1
40985,2295,2193,449,464,1973,0.0,0,336.8,0.0,0,0,0,1,0,0,0,1,0,0,0,0,1,0,1
40995,2295,2193,449,465,1973,0.0,0,335.1,0.0,0,0,0,1,0,0,0,1,0,0,0,0,1,0,1
41005,2296,2193,450,467,1974,0.0,0,333.0,0.0,0,0,0,1,0,0,0,1,0,0,0,0,1,0,1
41015,2296,2193,448,465,1974,0.0,0,331.2,0.0,0,0,0,1,0,0,0,1,0,0,0,0,1,0,1
41025,2295,2192,450,465,1973,0.0,0,331.2,0.0,0,0,0,1,0,0,0,1,0,0,0,0,1,0,1
41035,2295,2192,447,465,1974,0.0,0,329.6,0.0,0,0,0,1,0,0,0,1,0,0,0,0,1,0,1
41045,2296,2193,450,465,1974,0.0,0,327.6,0.0,0,0,0,1,0,0,0,1,0,0,0,0,1,0,1
41055,2295,2193,450,464,1974,0.0,0,325.6,0.0,0,0,0,1,0,0,0,1,0,0,0,0,1,0,1
41065,2295,2193,450,466,1974,0.0,0,324.4,0.0,0,0,0,1,0,0,0,1,0,0,0,0,1,0,1
41075,2299,2193,449,464,1974,0.0,0,322.8,0.0,0,0,0,1,0,0,0,1,0,0,0,0,1,0,1
41085,2297,2193,449,465,1975,0.0,0,322.8,0.0,0,0,0,1,0,0,0,1,0,0,0,0,1,0,1
41095,2296,2193,451,462,1974,0.0,0,320.9,0.0,0,0,0,1,0,0,0,1,0,0,0,0,1,0,1
41105,2295,2194,448,463,1974,0.0,0,318.5,0.0,0,0,0,1,0,0,0,1,0,0,0,0,1,0,1
41115,2295,2192,450,464,1974,0.0,0,317.8,0.0,0,0,0,1,0,0,0,1,0,0,0,0,1,0,1
41125,2295,2193,449,465,1973,0.0,0,316.1,0.0,0,0,0,1,0,0,0,1,0,0,0,0,1,0,1
41135,2296,2193,447,464,1974,0.0,0,313.5,0.0,0,0,0,1,0,0,0,1,0,0,0,0,1,0,1
41145,2297,2193,449,465,1974,0.0,0,313.5,0.0,0,0,0,1,0,0,0,1,0,0,0,0,1,0,1
41155,2296,2193,450,465,1974,0.0,0,312.8,0.0,0,0,0,1,0,0,0,1,0,0,0,0,1,0,1
41165,2296,2193,448,465,1974,0.0,0,310.4,0.0,0,0,0,1,0,0,0,1,0,0,0,0,1,0,1
41175,2295,2193,448,465,1972,0.0,0,309.2,0.0,0,0,0,1,0,0,0,1,0,0,0,0,1,0,1
41185,2295,2193,450,464,1971,0.0,0,307.5,0.0,0,0,0,1,0,0,0,1,0,0,0,0,1,0,1
41195,2296,2192,450,465,1972,0.0,0,305.8,0.0,0,0,0,1,0,0,0,1,0,0,0,0,1,0,1
41205,2295,2192,449,465,1971,0.0,0,305.8,0.0,0,0,0,1,0,0,0,1,0,0,0,0,1,0,1
41215,2296,2193,451,465,1972,0.0,0,304.6,0.0,0,0,0,1,0,0,0,1,0,0,0,0,1,0,1
41225,2295,2192,451,465,1972,0.0,0,302.6,0.0,0,0,0,1,0,0,0,1,0,0,0,0,1,0,1
41235,2295,2192,449,465,1971,0.0,0,300.9,0.0,0,0,0,1,0,0,0,1,0,0,0,0,1,0,1
41245,2296,2193,449,466,1972,0.0,0,299.7,0.0,0,0,0,1,0,0,0,1,0,0,0,0,1,0,1
41255,2296,2193,449,464,1972,0.0,0,297.6,0.0,0,0,0,1,0,0,0,1,0,0,0,0,1,0,1
41265,2295,2193,450,464,1973,0.0,0,297.6,0.0,0,0,0,1,0,0,0,1,0,0,0,0,1,0,1
41275,2295,2194,449,464,1972,0.0,0,296.0,0.0,0,0,0,1,0,0,0,1,0,0,0,0,1,0,1
41285,2298,2192,450,464,1972,0.0,0,294.8,0.0,0,0,0,1,0,0,0,1,0,0,0,0,1,0,1
41296,2295,2192,448,464,1972,0.0,0,293.0,0.0,0,0,0,1,0,0,0,1,0,0,0,0,1,0,1
41306,2295,2192,450,465,1974,0.0,0,291.4,0.0,0,0,0,1,0,0,0,1,0,0,0,0,1,0,1
41316,2295,2192,449,465,1974,0.0,0,290.0,0.0,0,0,0,1,0,0,0,1,0,0,0,0,1,0,1
41326,2295,2193,449,465,1974,0.0,0,288.6,0.0,0,0,0,1,0,0,0,1,0,0,0,0,1,0,1
41336,2295,2192,450,464,1974,0.0,0,288.6,0.0,0,0,0,1,0,0,0,1,0,0,0,0,1,0,1
41346,2296,2192,450,465,1973,0.0,0,287.0,0.0,0,0,0,1,0,0,0,1,0,0,0,0,1,0,1
41356,2295,2193,448,466,1975,0.0,0,285.2,0.0,0,0,0,1,0,0,0,1,0,0,0,0,1,0,1
41366,2295,2192,448,465,1974,0.0,0,283.8,0.0,0,0,0,1,0,0,0,1,0,0,0,0,1,0,1
41376,2295,2191,449,464,1974,0.0,0,282.3,0.0,0,0,0,1,0,0,0,1,0,0,0,0,1,0,1
41386,2295,2192,449,464,1974,0.0,0,282.3,0.0,0,0,0,1,0,0,0,1,0,0,0,0,1,0,1
41396,2296,2193,447,466,1974,0.0,0,280.9,0.0,0,0,0,1,0,0,0,1,0,0,0,0,1,0,1
41406,2295,2193,449,462,1974,0.0,0,279.5,0.0,0,0,0,1,0,0,0,1,0,0,0,0,1,0,1
41416,2295,2192,450,465,1974,0.0,0,277.9,0.0,0,0,0,1,0,0,0,1,0,0,0,0,1,0,1
41426,2295,2190,448,465,1974,0.0,0,276.5,0.0,0,0,0,1,0,0,0,1,0,0,0,0,1,0,1
41436,2295,2192,448,464,1974,0.0,0,275.5,0.0,0,0,0,1,0,0,0,1,0,0,0,0,1,0,1
41446,2295,2193,450,465,1975,0.0,0,275.5,0.0,0,0,0,1,0,0,0,1,0,0,0,0,1,0,1
41456,2295,2193,450,465,1974,0.0,0,273.6,0.0,0,0,0,1,0,0,0,1,0,0,0,0,1,0,1
41466,2295,2193,450,464,1975,0.0,0,272.4,0.0,0,0,0,1,0,0,0,1,0,0,0,0,1,0,1
41476,2295,2193,449,464,1972,0.0,0,270.3,0.0,0,0,0,1,0,0,0,1,0,0,0,0,1,0,1
41486,2298,2193,449,465,1972,0.0,0,269.3,0.0,0,0,0,1,0,0,0,1,0,0,0,0,1,0,1
41496,2294,2192,449,465,1973,0.0,0,267.8,0.0,0,0,0,1,0,0,0,1,0,0,0,0,1,0,1
41506,2295,2192,449,465,1973,0.0,0,267.8,0.0,0,0,0,1,0,0,0,1,0,0,0,0,1,0,1
41516,2295,2192,450,465,1973,0.0,0,266.6,0.0,0,0,0,1,0,0,0,1,0,0,0,0,1,0,1
41526,2295,2193,450,465,1972,0.0,0,264.8,0.0,0,0,0,1,0,0,0,1,0,0,0,0,1,0,1
41536,2295,2193,449,465,1972,0.0,0,263.3,0.0,0,0,0,1,0,0,0,1,0,0,0,0,1,0,1
41546,2295,2193,450,462,1973,0.0,0,262.1,0.0,0,0,0,1,0,0,0,1,0,0,0,0,1,0,1
41556,2296,2192,449,465,1972,0.0,0,260.8,0.0,0,0,0,1,0,0,0,1,0,0,0,0,1,0,1
41567,2296,2193,450,465,1972,0.0,0,259.4,0.0,0,0,0,1,0,0,0,1,0,0,0,0,1,0,1
41577,2296,2193,451,466,1973,0.0,0,259.4,0.0,0,0,0,1,0,0,0,1,0,0,0,0,1,0,1
41587,2296,2192,448,466,1972,0.0,0,258.1,0.0,0,0,0,1,0,0,0,1,0,0,0,0,1,0,1
41597,2295,2193,451,465,1972,0.0,0,256.5,0.0,0,0,0,1,0,0,0,1,0,0,0,0,1,0,1
41607,2295,2193,450,466,1973,0.0,0,255.1,0.0,0,0,0,1,0,0,0,1,0,0,0,0,1,0,1
41617,2295,2194,450,465,1973,0.0,0,253.9,0.0,0,0,0,1,0,0,0,1,0,0,0,0,1,0,1
41627,2296,2193,448,465,1977,0.0,0,252.2,0.0,0,0,0,1,0,0,0,1,0,0,0,0,1,0,1
41637,2293,2193,450,462,1974,0.0,0,252.2,0.0,0,0,0,1,0,0,0,1,0,0,0,0,1,0,1
41647,2295,2192,449,465,1974,0.0,0,251.2,0.0,0,0,0,1,0,0,0,1,0,0,0,0,1,0,1
41657,2296,2193,450,464,1974,0.0,0,249.6,0.0,0,0,0,1,0,0,0,1,0,0,0,0,1,0,1
41667,2296,2193,450,463,1974,0.0,0,248.6,0.0,0,0,0,1,0,0,0,1,0,0,0,0,1,0,1
41677,2294,2194,453,466,1974,0.0,0,247.2,0.0,0,0,0,1,0,0,0,1,0,0,0,0,1,0,1
41687,2295,2193,447,465,1975,0.0,0,245.4,0.0,0,0,0,1,0,0,0,1,0,0,0,0,1,0,1
41697,2297,2193,451,464,1974,0.0,0,245.4,0.0,0,0,0,1,0,0,0,1,0,0,0,0,1,0,1
41707,2296,2193,450,464,1977,0.0,0,244.7,0.0,0,0,0,1,0,0,0,1,0,0,0,0,1,0,1
41717,2296,2193,451,466,1974,0.0,0,242.9,0.0,0,0,0,1,0,0,0,1,0,0,0,0,1,0,1
41727,2295,2193,451,465,1974,0.0,0,241.9,0.0,0,0,0,1,0,0,0,1,0,0,0,0,1,0,1
41737,2296,2193,448,465,1973,0.0,0,240.4,0.0,0,0,0,1,0,0,0,1,0,0,0,0,1,0,1
41747,2297,2193,449,464,1974,0.0,0,239.1,0.0,0,0,0,1,0,0,0,1,0,0,0,0,1,0,1
41757,2296,2193,450,464,1974,0.0,0,239.1,0.0,0,0,0,1,0,0,0,1,0,0,0,0,1,0,1
41767,2296,2193,450,464,1974,0.0,0,238.1,0.0,0,0,0,1,0,0,0,1,0,0,0,0,1,0,1
41777,2296,2194,450,466,1972,0.0,0,236.8,0.0,0,0,0,1,0,0,0,1,0,0,0,0,1,0,1
41787,2296,2193,453,465,1972,0.0,0,235.5,0.0,0,0,0,1,0,0,0,1,0,0,0,0,1,0,1
41797,2295,2193,449,465,1972,0.0,0,234.5,0.0,0,0,0,1,0,0,0,1,0,0,0,0,1,0,1
41808,2295,2192,449,464,1973,0.0,0,233.1,0.0,0,0,0,1,0,0,0,1,0,0,0,0,1,0,1
41818,2296,2193,448,465,1973,0.0,0,233.1,0.0,0,0,0,1,0,0,0,1,0,0,0,0,1,0,1
41828,2295,2193,449,464,1973,0.0,0,231.8,0.0,0,0,0,1,0,0,0,1,0,0,0,0,1,0,1
41838,2295,2192,450,464,1972,0.0,0,230.3,0.0,0,0,0,1,0,0,0,1,0,0,0,0,1,0,1
41848,2294,2192,450,465,1972,0.0,0,229.2,0.0,0,0,0,1,0,0,0,1,0,0,0,0,1,0,1
41858,2298,2193,449,466,1972,0.0,0,228.3,0.0,0,0,0,1,0,0,0,1,0,0,0,0,1,0,1
41868,2297,2192,449,465,1972,0.0,0,226.6,0.0,0,0,0,1,0,0,0,1,0,0,0,0,1,0,1
41878,2295,2193,450,466,1973,0.0,0,225.8,0.0,0,0,0,1,0,0,0,1,0,0,0,0,1,0,1
41888,2295,2195,452,464,1972,0.0,0,225.8,0.0,0,0,0,1,0,0,0,1,0,0,0,0,1,0,1
41898,2295,2192,449,465,1973,0.0,0,224.2,0.0,0,0,0,1,0,0,0,1,0,0,0,0,1,0,1
41908,2295,2192,451,464,1973,0.0,0,222.9,0.0,0,0,0,1,0,0,0,1,0,0,0,0,1,0,1
41918,2294,2193,450,464,1974,0.0,0,221.9,0.0,0,0,0,1,0,0,0,1,0,0,0,0,1,0,1
41928,2295,2192,449,464,1974,0.0,0,220.5,0.0,0,0,0,1,0,0,0,1,0,0,0,0,1,0,1
41939,2295,2193,449,463,1974,0.0,0,219.5,0.0,0,0,0,1,0,0,0,1,0,0,0,0,1,0,1
41949,2296,2193,449,466,1974,0.0,0,219.5,0.0,0,0,0,1,0,0,0,1,0,0,0,0,1,0,1
41959,2295,2193,449,465,1974,0.0,0,218.4,0.0,0,0,0,1,0,0,0,1,0,0,0,0,1,0,1
41969,2295,2193,450,462,1974,0.0,0,217.0,0.0,0,0,0,1,0,0,0,1,0,0,0,0,1,0,1
41979,2294,2193,449,465,1975,0.0,0,216.4,0.0,0,0,0,1,0,0,0,1,0,0,0,0,1,0,1
41989,2295,2193,450,465,1974,0.0,0,214.7,0.0,0,0,0,1,0,0,0,1,0,0,0,0,1,0,1
41999,2295,2193,449,464,1975,0.0,0,213.7,0.0,0,0,0,1,0,0,0,1,0,0,0,0,1,0,1
42009,2295,2193,450,465,1975,0.0,0,213.7,0.0,0,0,0,1,0,0,0,1,0,0,0,0,1,0,1
42019,2295,2192,449,466,1974,0.0,0,212.2,0.0,0,0,0,1,0,0,0,1,0,0,0,0,1,0,1
42029,2295,2190,450,465,1975,0.0,0,210.7,0.0,0,0,0,1,0,0,0,1,0,0,0,0,1,0,1
42039,2296,2192,450,464,1975,0.0,0,210.1,0.0,0,0,0,1,0,0,0,1,0,0,0,0,1,0,1
42049,2294,2193,449,465,1974,0.0,0,209.0,0.0,0,0,0,1,0,0,0,1,0,0,0,0,1,0,1
42059,2296,2194,450,463,1975,0.0,0,207.7,0.0,0,0,0,1,0,0,0,1,0,0,0,0,1,0,1
42069,2296,2194,449,463,1974,0.0,0,207.7,0.0,0,0,0,1,0,0,0,1,0,0,0,0,1,0,1
42079,2296,2193,450,466,1972,0.0,0,206.9,0.0,0,0,0,1,0,0,0,1,0,0,0,0,1,0,1
42089,2296,2193,451,465,1973,0.0,0,205.5,0.0,0,0,0,1,0,0,0,1,0,0,0,0,1,0,1
42099,2295,2193,450,464,1972,0.0,0,204.3,0.0,0,0,0,1,0,0,0,1,0,0,0,0,1,0,1
42109,2297,2193,450,465,1973,0.0,0,203.0,0.0,0,0,0,1,0,0,0,1,0,0,0,0,1,0,1
42119,2296,2193,449,463,1972,0.0,0,201.8,0.0,0,0,0,1,0,0,0,1,0,0,0,0,1,0,1
42129,2295,2193,450,465,1972,0.0,0,201.8,0.0,0,0,0,1,0,0,0,1,0,0,0,0,1,0,1
42139,2296,2194,449,466,1972,0.0,0,200.9,0.0,0,0,0,1,0,0,0,1,0,0,0,0,1,0,1
42149,2295,2194,451,465,1973,0.0,0,199.7,0.0,0,0,0,1,0,0,0,1,0,0,0,0,1,0,1
42159,2296,2193,449,463,1973,0.0,0,198.8,0.0,0,0,0,1,0,0,0,1,0,0,0,0,1,0,1
42169,2295,2194,450,466,1972,0.0,0,197.7,0.0,0,0,0,1,0,0,0,1,0,0,0,0,1,0,1
42179,2297,2193,449,468,1972,0.0,0,196.2,0.0,0,0,0,1,0,0,0,1,0,0,0,0,1,0,1
42189,2295,2193,447,464,1978,0.0,0,196.2,0.0,0,0,0,1,0,0,0,1,0,0,0,0,1,0,1
42199,2296,2194,449,464,1972,0.0,0,195.7,0.0,0,0,0,1,0,0,0,1,0,0,0,0,1,0,1
42209,2296,2192,449,465,1972,0.0,0,194.6,0.0,0,0,0,1,0,0,0,1,0,0,0,0,1,0,1
42219,2295,2191,449,464,1974,0.0,0,193.5,0.0,0,0,0,1,0,0,0,1,0,0,0,0,1,0,1
42229,2295,2190,450,465,1974,0.0,0,191.9,0.0,0,0,0,1,0,0,0,1,0,0,0,0,1,0,1
42239,2295,2193,449,465,1975,0.0,0,191.0,0.0,0,0,0,1,0,0,0,1,0,0,0,0,1,0,1
42249,2296,2194,450,464,1974,0.0,0,191.0,0.0,0,0,0,1,0,0,0,1,0,0,0,0,1,0,1
42259,2295,2193,449,466,1975,0.0,0,189.9,0.0,0,0,0,1,0,0,0,1,0,0,0,0,1,0,1
42269,2293,2193,450,465,1975,0.0,0,189.1,0.0,0,0,0,1,0,0,0,1,0,0,0,0,1,0,1
42279,2295,2193,450,464,1975,0.0,0,187.9,0.0,0,0,0,1,0,0,0,1,0,0,0,0,1,0,1
42289,2294,2193,450,465,1975,0.0,0,186.8,0.0,0,0,0,1,0,0,0,1,0,0,0,0,1,0,1
42299,2295,2193,449,464,1974,0.0,0,185.7,0.0,0,0,0,1,0,0,0,1,0,0,0,0,1,0,1
42309,2294,2192,450,466,1975,0.0,0,185.7,0.0,0,0,0,1,0,0,0,1,0,0,0,0,1,0,1
42319,2295,2193,450,466,1975,0.0,0,184.8,0.0,0,0,0,1,0,0,0,1,0,0,0,0,1,0,1
42329,2295,2192,448,465,1975,0.0,0,183.6,0.0,0,0,0,1,0,0,0,1,0,0,0,0,1,0,1
42339,2295,2192,448,464,1974,0.0,0,182.8,0.0,0,0,0,1,0,0,0,1,0,0,0,0,1,0,1
42349,2295,2192,449,465,1974,0.0,0,181.5,0.0,0,0,0,1,0,0,0,1,0,0,0,0,1,0,1
42359,2295,2192,449,465,1974,0.0,0,180.3,0.0,0,0,0,1,0,0,0,1,0,0,0,0,1,0,1
42369,2296,2192,449,465,1975,0.0,0,180.3,0.0,0,0,0,1,0,0,0,1,0,0,0,0,1,0,1
42379,2295,2193,451,465,1975,0.0,0,179.7,0.0,0,0,0,1,0,0,0,1,0,0,0,0,1,0,1
42389,2295,2192,451,464,1973,0.0,0,178.7,0.0,0,0,0,1,0,0,0,1,0,0,0,0,1,0,1
42399,2294,2193,449,466,1974,0.0,0,178.0,0.0,0,0,0,1,0,0,0,1,0,0,0,0,1,0,1
42409,2295,2193,450,463,1974,0.0,0,176.6,0.0,0,0,0,1,0,0,0,1,0,0,0,0,1,0,1
42419,2296,2192,448,464,1973,0.0,0,175.4,0.0,0,0,0,1,0,0,0,1,0,0,0,0,1,0,1
42429,2295,2193,449,465,1973,0.0,0,175.4,0.0,0,0,0,1,0,0,0,1,0,0,0,0,1,0,1
42439,2295,2194,450,464,1973,0.0,0,174.9,0.0,0,0,0,1,0,0,0,1,0,0,0,0,1,0,1
42449,2295,2193,450,465,1973,0.0,0,173.9,0.0,0,0,0,1,0,0,0,1,0,0,0,0,1,0,1
42459,2295,2193,450,466,1973,0.0,0,172.7,0.0,0,0,0,1,0,0,0,1,0,0,0,0,1,0,1
42469,2296,2193,450,465,1974,0.0,0,171.8,0.0,0,0,0,1,0,0,0,1,0,0,0,0,1,0,1
42479,2296,2192,448,465,1973,0.0,0,170.4,0.0,0,0,0,1,0,0,0,1,0,0,0,0,1,0,1
42489,2295,2193,449,467,1974,0.0,0,170.4,0.0,0,0,0,1,0,0,0,1,0,0,0,0,1,0,1
42499,2296,2193,449,465,1974,0.0,0,169.7,0.0,0,0,0,1,0,0,0,1,0,0,0,0,1,0,1
42509,2294,2193,448,465,1973,0.0,0,168.8,0.0,0,0,0,1,0,0,0,1,0,0,0,0,1,0,1
42520,2295,2192,449,465,1975,0.0,0,168.1,0.0,0,0,0,1,0,0,0,1,0,0,0,0,1,0,1
42530,2293,2193,450,465,1974,0.0,0,166.9,0.0,0,0,0,1,0,0,0,1,0,0,0,0,1,0,1
42540,2293,2193,449,463,1976,0.0,0,165.8,0.0,0,0,0,1,0,0,0,1,0,0,0,0,1,0,1
42550,2296,2193,451,465,1976,0.0,0,165.1,0.0,0,0,0,1,0,0,0,1,0,0,0,0,1,0,1
42560,2295,2192,450,466,1974,0.0,0,165.1,0.0,0,0,0,1,0,0,0,1,0,0,0,0,1,0,1
42570,2296,2193,448,463,1975,0.0,0,164.3,0.0,0,0,0,1,0,0,0,1,0,0,0,0,1,0,1
42580,2295,2193,450,464,1975,0.0,0,162.9,0.0,0,0,0,1,0,0,0,1,0,0,0,0,1,0,1
42590,2296,2193,450,463,1975,0.0,0,162.2,0.0,0,0,0,1,0,0,0,1,0,0,0,0,1,0,1
42600,2296,2194,449,465,1975,0.0,0,161.1,0.0,0,0,0,1,0,0,0,1,0,0,0,0,1,0,1
42611,2299,2193,449,464,1975,0.0,0,160.3,0.0,0,0,0,1,0,0,0,1,0,0,0,0,1,0,1
42621,2296,2193,450,465,1974,0.0,0,160.3,0.0,0,0,0,1,0,0,0,1,0,0,0,0,1,0,1
42631,2296,2193,450,464,1976,0.0,0,159.6,0.0,0,0,0,1,0,0,0,1,0,0,0,0,1,0,1
42641,2296,2192,450,464,1975,0.0,0,158.5,0.0,0,0,0,1,0,0,0,1,0,0,0,0,1,0,1
42651,2296,2193,450,464,1975,0.0,0,157.7,0.0,0,0,0,1,0,0,0,1,0,0,0,0,1,0,1
42661,2295,2193,451,465,1974,0.0,0,156.7,0.0,0,0,0,1,0,0,0,1,0,0,0,0,1,0,1
42671,2296,2192,449,464,1972,0.0,0,155.4,0.0,0,0,0,1,0,0,0,1,0,0,0,0,1,0,1
42681,2295,2193,450,465,1975,0.0,0,155.4,0.0,0,0,0,1,0,0,0,1,0,0,0,0,1,0,1
42691,2296,2193,447,466,1974,0.0,0,155.0,0.0,0,0,0,1,0,0,0,1,0,0,0,0,1,0,1
42701,2297,2192,449,465,1974,0.0,0,153.7,0.0,0,0,0,1,0,0,0,1,0,0,0,0,1,0,1
42711,2295,2193,449,465,1974,0.0,0,153.0,0.0,0,0,0,1,0,0,0,1,0,0,0,0,1,0,1
42721,2296,2193,451,465,1973,0.0,0,152.2,0.0,0,0,0,1,0,0,0,1,0,0,0,0,1,0,1
42731,2297,2193,449,464,1973,0.0,0,151.0,0.0,0,0,0,1,0,0,0,1,0,0,0,0,1,0,1
42741,2296,2193,451,466,1973,0.0,0,151.0,0.0,0,0,0,1,0,0,0,1,0,0,0,0,1,0,1
42751,2295,2193,450,464,1974,0.0,0,150.0,0.0,0,0,0,1,0,0,0,1,0,0,0,0,1,0,1
42761,2296,2193,448,463,1974,0.0,0,149.3,0.0,0,0,0,1,0,0,0,1,0,0,0,0,1,0,1
42771,2295,2193,450,465,1973,0.0,0,148.8,0.0,0,0,0,1,0,0,0,1,0,0,0,0,1,0,1
42781,2296,2178,447,464,1973,0.0,0,147.9,0.0,0,0,0,1,0,0,0,1,0,0,0,0,1,0,1
42791,2297,2192,449,463,1973,0.0,0,147.0,0.0,0,0,0,1,0,0,0,1,0,0,0,0,1,0,1
42801,2296,2193,452,465,1972,0.0,0,147.0,0.0,0,0,0,1,0,0,0,1,0,0,0,0,1,0,1
42811,2295,2193,450,466,1974,0.0,0,146.3,0.0,0,0,0,1,0,0,0,1,0,0,0,0,1,0,1
42821,2295,2193,451,464,1976,0.0,0,145.2,0.0,0,0,0,1,0,0,0,1,0,0,0,0,1,0,1
42831,2296,2193,448,464,1976,0.0,0,144.4,0.0,0,0,0,1,0,0,0,1,0,0,0,0,1,0,1
42841,2296,2192,449,464,1975,0.0,0,143.5,0.0,0,0,0,1,0,0,0,1,0,0,0,0,1,0,1
42851,2296,2192,449,464,1975,0.0,0,142.7,0.0,0,0,0,1,0,0,0,1,0,0,0,0,1,0,1
42861,2299,2196,450,464,1976,0.0,0,142.7,0.0,0,0,0,1,0,0,0,1,0,0,0,0,1,0,1
42871,2295,2193,449,464,1976,0.0,0,141.9,0.0,0,0,0,1,0,0,0,1,0,0,0,0,1,0,1
42881,2295,2193,448,467,1976,0.0,0,140.7,0.0,0,0,0,1,0,0,0,1,0,0,0,0,1,0,1
42891,2295,2192,449,466,1975,0.0,0,140.3,0.0,0,0,0,1,0,0,0,1,0,0,0,0,1,0,1
42901,2296,2193,449,464,1977,0.0,0,139.4,0.0,0,0,0,1,0,0,0,1,0,0,0,0,1,0,1
42911,2297,2192,449,465,1976,0.0,0,138.4,0.0,0,0,0,1,0,0,0,1,0,0,0,0,1,0,1
42921,2295,2193,451,465,1976,0.0,0,138.4,0.0,0,0,0,1,0,0,0,1,0,0,0,0,1,0,1
42931,2296,2193,451,463,1977,0.0,0,137.9,0.0,0,0,0,1,0,0,0,1,0,0,0,0,1,0,1
42941,2295,2193,450,465,1976,0.0,0,137.1,0.0,0,0,0,1,0,0,0,1,0,0,0,0,1,0,1
42951,2296,2190,451,466,1976,0.0,0,136.1,0.0,0,0,0,1,0,0,0,1,0,0,0,0,1,0,1
42961,2295,2193,450,464,1972,0.0,0,135.4,0.0,0,0,0,1,0,0,0,1,0,0,0,0,1,0,1
42971,2297,2192,449,463,1975,0.0,0,134.4,0.0,0,0,0,1,0,0,0,1,0,0,0,0,1,0,1
42981,2295,2193,449,466,1975,0.0,0,134.4,0.0,0,0,0,1,0,0,0,1,0,0,0,0,1,0,1
42991,2296,2192,451,465,1974,0.0,0,133.7,0.0,0,0,0,1,0,0,0,1,0,0,0,0,1,0,1
43001,2291,2192,449,465,1974,0.0,0,132.5,0.0,0,0,0,1,0,0,0,1,0,0,0,0,1,0,1
43011,2296,2194,449,465,1973,0.0,0,132.3,0.0,0,0,0,1,0,0,0,1,0,0,0,0,1,0,1
43021,2295,2193,449,465,1973,0.0,0,131.0,0.0,0,0,0,1,0,0,0,1,0,0,0,0,1,0,1
43031,2296,2193,450,464,1974,0.0,0,130.2,0.0,0,0,0,1,0,0,0,1,0,0,0,0,1,0,1
43041,2295,2193,450,465,1973,0.0,0,130.2,0.0,0,0,0,1,0,0,0,1,0,0,0,0,1,0,1
43051,2295,2195,449,464,1975,0.0,0,129.5,0.0,0,0,0,1,0,0,0,1,0,0,0,0,1,0,1
43061,2295,2192,449,463,1972,0.0,0,128.9,0.0,0,0,0,1,0,0,0,1,0,0,0,0,1,0,1
43071,2295,2193,450,463,1973,0.0,0,127.9,0.0,0,0,0,1,0,0,0,1,0,0,0,0,1,0,1
43081,2295,2193,451,462,1974,0.0,0,127.0,0.0,0,0,0,1,0,0,0,1,0,0,0,0,1,0,1
43091,2298,2193,450,462,1973,0.0,0,126.5,0.0,0,0,0,1,0,0,0,1,0,0,0,0,1,0,1
43101,2314,2193,450,464,1971,0.0,0,126.5,0.0,0,0,0,1,0,0,0,1,0,0,0,0,1,0,1
43111,2296,2191,449,464,1973,0.0,0,125.7,0.0,0,0,0,1,0,0,0,1,0,0,0,0,1,0,1
43121,2296,2193,449,468,1974,0.0,0,124.8,0.0,0,0,0,1,0,0,0,1,0,0,0,0,1,0,1
43132,2295,2190,448,465,1974,0.0,0,124.2,0.0,0,0,0,1,0,0,0,1,0,0,0,0,1,0,1
43142,2295,2193,449,464,1975,0.0,0,123.3,0.0,0,0,0,1,0,0,0,1,0,0,0,0,1,0,1
43152,2297,2193,447,464,1975,0.0,0,122.7,0.0,0,0,0,1,0,0,0,1,0,0,0,0,1,0,1
43162,2295,2192,448,464,1974,0.0,0,121.8,0.0,0,0,0,1,0,0,0,1,0,0,0,0,1,0,1
43172,2299,2190,449,463,1975,0.0,0,121.8,0.0,0,0,0,1,0,0,0,1,0,0,0,0,1,0,1
43182,2295,2193,449,466,1975,0.0,0,121.5,0.0,0,0,0,1,0,0,0,1,0,0,0,0,1,0,1
43192,2296,2192,451,464,1974,0.0,0,120.3,0.0,0,0,0,1,0,0,0,1,0,0,0,0,1,0,1
43202,2296,2193,450,465,1975,0.0,0,119.8,0.0,0,0,0,1,0,0,0,1,0,0,0,0,1,0,1
43212,2295,2193,449,465,1975,0.0,0,118.8,0.0,0,0,0,1,0,0,0,1,0,0,0,0,1,0,1
43222,2297,2193,450,466,1975,0.0,0,118.3,0.0,0,0,0,1,0,0,0,1,0,0,0,0,1,0,1
43232,2296,2193,449,465,1975,0.0,0,118.3,0.0,0,0,0,1,0,0,0,1,0,0,0,0,1,0,1
43242,2295,2192,450,465,1974,0.0,0,117.8,0.0,0,0,0,1,0,0,0,1,0,0,0,0,1,0,1
43252,2296,2193,449,464,1975,0.0,0,116.8,0.0,0,0,0,1,0,0,0,1,0,0,0,0,1,0,1
43262,2295,2193,449,466,1977,0.0,0,115.8,0.0,0,0,0,1,0,0,0,1,0,0,0,0,1,0,1
43272,2295,2193,449,464,1975,0.0,0,115.1,0.0,0,0,0,1,0,0,0,1,0,0,0,0,1,0,1
43282,2296,2192,451,464,1974,0.0,0,115.1,0.0,0,0,0,1,0,0,0,1,0,0,0,0,1,0,1
43292,2295,2194,449,465,1977,0.0,0,114.4,0.0,0,0,0,1,0,0,0,1,0,0,0,0,1,0,1
43302,2294,2193,449,463,1973,0.0,0,113.5,0.0,0,0,0,1,0,0,0,1,0,0,0,0,1,0,1
43312,2295,2193,450,464,1973,0.0,0,113.1,0.0,0,0,0,1,0,0,0,1,0,0,0,0,1,0,1
43322,2294,2190,449,464,1974,0.0,0,112.7,0.0,0,0,0,1,0,0,0,1,0,0,0,0,1,0,1
43332,2295,2192,449,466,1973,0.0,0,111.6,0.0,0,0,0,1,0,0,0,1,0,0,0,0,1,0,1
43342,2295,2193,450,465,1973,0.0,0,111.6,0.0,0,0,0,1,0,0,0,1,0,0,0,0,1,0,1
43352,2295,2193,449,464,1973,0.0,0,110.9,0.0,0,0,0,1,0,0,0,1,0,0,0,0,1,0,1
43362,2295,2192,449,464,1974,0.0,0,110.3,0.0,0,0,0,1,0,0,0,1,0,0,0,0,1,0,1
43372,2295,2191,450,465,1973,0.0,0,109.4,0.0,0,0,0,1,0,0,0,1,0,0,0,0,1,0,1
43382,2294,2193,450,463,1973,0.0,0,108.7,0.0,0,0,0,1,0,0,0,1,0,0,0,0,1,0,1
43392,2295,2192,448,465,1974,0.0,0,108.1,0.0,0,0,0,1,0,0,0,1,0,0,0,0,1,0,1
43402,2295,2193,450,465,1973,0.0,0,107.3,0.0,0,0,0,1,0,0,0,1,0,0,0,0,1,0,1
43412,2295,2193,449,466,1973,0.0,0,107.3,0.0,0,0,0,1,0,0,0,1,0,0,0,0,1,0,1
43422,2295,2193,450,465,1974,0.0,0,106.6,0.0,0,0,0,1,0,0,0,1,0,0,0,0,1,0,1
43432,2294,2193,449,465,1975,0.0,0,106.2,0.0,0,0,0,1,0,0,0,1,0,0,0,0,1,0,1
43442,2295,2193,450,464,1975,0.0,0,105.3,0.0,0,0,0,1,0,0,0,1,0,0,0,0,1,0,1
43452,2295,2194,450,465,1975,0.0,0,105.3,0.0,0,0,0,1,0,0,0,1,0,0,0,0,1,0,1
43462,2296,2193,450,464,1975,0.0,0,105.3,0.0,0,0,0,1,0,0,0,1,0,0,0,0,1,0,1
43472,2297,2193,451,464,1975,0.0,0,104.1,0.0,0,0,0,1,0,0,0,1,0,0,0,0,1,0,1
43482,2295,2192,450,466,1974,0.0,0,103.2,0.0,0,0,0,1,0,0,0,1,0,0,0,0,1,0,1
43492,2295,2192,449,463,1975,0.0,0,103.0,0.0,0,0,0,1,0,0,0,1,0,0,0,0,1,0,1
43502,2295,2193,449,465,1975,0.0,0,102.0,0.0,0,0,0,1,0,0,0,1,0,0,0,0,1,0,1
43512,2295,2192,449,463,1976,0.0,0,102.0,0.0,0,0,0,1,0,0,0,1,0,0,0,0,1,0,1
43523,2295,2193,451,464,1975,0.0,0,100.6,0.0,0,0,0,1,0,0,0,1,0,0,0,0,1,0,1
43533,2294,2191,450,464,1975,0.0,0,100.6,0.0,0,0,0,1,0,0,0,1,0,0,0,0,1,0,1
43543,2294,2192,449,465,1975,0.0,0,99.9,0.0,0,0,0,1,0,0,0,1,0,0,0,0,1,0,1
43553,2296,2194,449,464,1975,0.0,0,99.2,0.0,0,0,0,1,0,0,0,1,0,0,0,0,1,0,1
43563,2295,2193,451,464,1974,0.0,0,98.9,0.0,0,0,0,1,0,0,0,1,0,0,0,0,1,0,1
43573,2295,2192,449,465,1975,0.0,0,97.8,0.0,0,0,0,1,0,0,0,1,0,0,0,0,1,0,1
43583,2296,2191,449,467,1975,0.0,0,97.3,0.0,0,0,0,1,0,0,0,1,0,0,0,0,1,0,1
43593,2296,2193,449,465,1975,0.0,0,97.3,0.0,0,0,0,1,0,0,0,1,0,0,0,0,1,0,1
43603,2295,2193,449,464,1971,0.0,0,96.7,0.0,0,0,0,1,0,0,0,1,0,0,0,0,1,0,1
43613,2295,2193,447,465,1972,0.0,0,95.8,0.0,0,0,0,1,0,0,0,1,0,0,0,0,1,0,1
43623,2295,2193,449,464,1973,0.0,0,95.4,0.0,0,0,0,1,0,0,0,1,0,0,0,0,1,0,1
43633,2296,2193,450,464,1973,0.0,0,94.6,0.0,0,0,0,1,0,0,0,1,0,0,0,0,1,0,1
43643,2295,2193,449,465,1973,0.0,0,93.9,0.0,0,0,0,1,0,0,0,1,0,0,0,0,1,0,1
43653,2296,2193,449,465,1976,0.0,0,93.9,0.0,0,0,0,1,0,0,0,1,0,0,0,0,1,0,1
43663,2296,2192,449,464,1972,0.0,0,93.5,0.0,0,0,0,1,0,0,0,1,0,0,0,0,1,0,1
43673,2295,2193,450,464,1973,0.0,0,92.8,0.0,0,0,0,1,0,0,0,1,0,0,0,0,1,0,1
43683,2292,2193,450,464,1973,0.0,0,91.9,0.0,0,0,0,1,0,0,0,1,0,0,0,0,1,0,1
43693,2295,2194,450,465,1972,0.0,0,91.5,0.0,0,0,0,1,0,0,0,1,0,0,0,0,1,0,1
43703,2297,2192,449,463,1973,0.0,0,90.6,0.0,0,0,0,1,0,0,0,1,0,0,0,0,1,0,1
43713,2296,2194,451,463,1973,0.0,0,90.6,0.0,0,0,0,1,0,0,0,1,0,0,0,0,1,0,1
43723,2296,2193,450,467,1973,0.0,0,90.3,0.0,0,0,0,1,0,0,0,1,0,0,0,0,1,0,1
43733,2295,2193,448,465,1975,0.0,0,89.5,0.0,0,0,0,1,0,0,0,1,0,0,0,0,1,0,1
43743,2296,2194,450,464,1975,0.0,0,88.7,0.0,0,0,0,1,0,0,0,1,0,0,0,0,1,0,1
43753,2295,2193,450,464,1975,0.0,0,88.1,0.0,0,0,0,1,0,0,0,1,0,0,0,0,1,0,1
43763,2295,2193,449,464,1974,0.0,0,88.0,0.0,0,0,0,1,0,0,0,1,0,0,0,0,1,0,1
43773,2296,2193,450,463,1976,0.0,0,88.0,0.0,0,0,0,1,0,0,0,1,0,0,0,0,1,0,1
43783,2295,2193,448,464,1974,0.0,0,87.1,0.0,0,0,0,1,0,0,0,1,0,0,0,0,1,0,1
43793,2295,2194,449,464,1975,0.0,0,86.3,0.0,0,0,0,1,0,0,0,1,0,0,0,0,1,0,1
43803,2295,2192,450,462,1975,0.0,0,85.8,0.0,0,0,0,1,0,0,0,1,0,0,0,0,1,0,1
43813,2295,2193,450,465,1975,0.0,0,85.4,0.0,0,0,0,1,0,0,0,1,0,0,0,0,1,0,1
43823,2295,2193,449,464,1976,0.0,0,84.3,0.0,0,0,0,1,0,0,0,1,0,0,0,0,1,0,1
43833,2295,2193,449,463,1976,0.0,0,84.3,0.0,0,0,0,1,0,0,0,1,0,0,0,0,1,0,1
43843,2295,2193,449,464,1975,0.0,0,83.9,0.0,0,0,0,1,0,0,0,1,0,0,0,0,1,0,1
43853,2294,2193,449,465,1974,0.0,0,83.3,0.0,0,0,0,1,0,0,0,1,0,0,0,0,1,0,1
43863,2295,2194,450,466,1975,0.0,0,82.7,0.0,0,0,0,1,0,0,0,1,0,0,0,0,1,0,1
43873,2295,2193,448,465,1975,0.0,0,81.9,0.0,0,0,0,1,0,0,0,1,0,0,0,0,1,0,1
43883,2296,2190,450,465,1975,0.0,0,81.4,0.0,0,0,0,1,0,0,0,1,0,0,0,0,1,0,1
43893,2295,2193,450,464,1975,0.0,0,81.4,0.0,0,0,0,1,0,0,0,1,0,0,0,0,1,0,1
43903,2295,2194,450,464,1973,0.0,0,81.0,0.0,0,0,0,1,0,0,0,1,0,0,0,0,1,0,1
43913,2295,2193,448,464,1974,0.0,0,80.5,0.0,0,0,0,1,0,0,0,1,0,0,0,0,1,0,1
43923,2295,2192,448,465,1974,0.0,0,79.8,0.0,0,0,0,1,0,0,0,1,0,0,0,0,1,0,1
43933,2296,2193,450,463,1973,0.0,0,79.0,0.0,0,0,0,1,0,0,0,1,0,0,0,0,1,0,1
43943,2295,2193,450,464,1973,0.0,0,78.1,0.0,0,0,0,1,0,0,0,1,0,0,0,0,1,0,1
43953,2295,2193,450,463,1974,0.0,0,78.1,0.0,0,0,0,1,0,0,0,1,0,0,0,0,1,0,1
43963,2295,2193,450,464,1973,0.0,0,78.0,0.0,0,0,0,1,0,0,0,1,0,0,0,0,1,0,1
43973,2296,2192,450,464,1972,0.0,0,77.4,0.0,0,0,0,1,0,0,0,1,0,0,0,0,1,0,1
43983,2295,2192,450,463,1973,0.0,0,76.7,0.0,0,0,0,1,0,0,0,1,0,0,0,0,1,0,1
43993,2295,2193,450,465,1973,0.0,0,76.0,0.0,0,0,0,1,0,0,0,1,0,0,0,0,1,0,1
44003,2297,2193,449,462,1973,0.0,0,75.8,0.0,0,0,0,1,0,0,0,1,0,0,0,0,1,0,1
44013,2296,2193,451,466,1974,0.0,0,74.9,0.0,0,0,0,1,0,0,0,1,0,0,0,0,1,0,1
44023,2295,2193,451,464,1973,0.0,0,74.9,0.0,0,0,0,1,0,0,0,1,0,0,0,0,1,0,1
44033,2295,2193,449,465,1975,0.0,0,74.4,0.0,0,0,0,1,0,0,0,1,0,0,0,0,1,0,1
44043,2295,2193,449,464,1976,0.0,0,73.8,0.0,0,0,0,1,0,0,0,1,0,0,0,0,1,0,1
44053,2296,2193,450,463,1975,0.0,0,73.0,0.0,0,0,0,1,0,0,0,1,0,0,0,0,1,0,1
44063,2296,2194,450,464,1975,0.0,0,72.7,0.0,0,0,0,1,0,0,0,1,0,0,0,0,1,0,1
44073,2295,2194,450,465,1974,0.0,0,71.8,0.0,0,0,0,1,0,0,0,1,0,0,0,0,1,0,1
44083,2296,2190,450,466,1972,0.0,0,71.8,0.0,0,0,0,1,0,0,0,1,0,0,0,0,1,0,1
44093,2296,2193,451,466,1975,0.0,0,71.4,0.0,0,0,0,1,0,0,0,1,0,0,0,0,1,0,1
44103,2295,2190,449,464,1974,0.0,0,70.7,0.0,0,0,0,1,0,0,0,1,0,0,0,0,1,0,1
44113,2296,2193,450,464,1976,0.0,0,70.1,0.0,0,0,0,1,0,0,0,1,0,0,0,0,1,0,1
44123,2295,2193,450,464,1975,0.0,0,69.8,0.0,0,0,0,1,0,0,0,1,0,0,0,0,1,0,1
44133,2296,2193,449,463,1974,0.0,0,69.2,0.0,0,0,0,1,0,0,0,1,0,0,0,0,1,0,1
44143,2295,2193,449,464,1975,0.0,0,69.2,0.0,0,0,0,1,0,0,0,1,0,0,0,0,1,0,1
44153,2296,2193,450,467,1974,0.0,0,68.8,0.0,0,0,0,1,0,0,0,1,0,0,0,0,1,0,1
44163,2295,2194,449,465,1975,0.0,0,67.9,0.0,0,0,0,1,0,0,0,1,0,0,0,0,1,0,1
44173,2296,2193,449,464,1975,0.0,0,67.5,0.0,0,0,0,1,0,0,0,1,0,0,0,0,1,0,1
44183,2296,2193,450,466,1975,0.0,0,66.7,0.0,0,0,0,1,0,0,0,1,0,0,0,0,1,0,1
44193,2295,2192,449,462,1975,0.0,0,66.2,0.0,0,0,0,1,0,0,0,1,0,0,0,0,1,0,1
44203,2296,2193,451,464,1973,0.0,0,65.8,0.0,0,0,0,1,0,0,0,1,0,0,0,0,1,0,1
44213,2296,2192,450,463,1972,0.0,0,65.2,0.0,0,0,0,1,0,0,0,1,0,0,0,0,1,0,1
44223,2295,2192,450,466,1973,0.0,0,65.2,0.0,0,0,0,1,0,0,0,1,0,0,0,0,1,0,1
44233,2294,2193,450,467,1974,0.0,0,64.9,0.0,0,0,0,1,0,0,0,1,0,0,0,0,1,0,1
44243,2295,2192,451,465,1972,0.0,0,64.2,0.0,0,0,0,1,0,0,0,1,0,0,0,0,1,0,1
44254,2296,2193,449,464,1973,0.0,0,63.9,0.0,0,0,0,1,0,0,0,1,0,0,0,0,1,0,1
44264,2296,2193,449,465,1973,0.0,0,62.8,0.0,0,0,0,1,0,0,0,1,0,0,0,0,1,0,1
44274,2295,2194,449,463,1973,0.0,0,62.4,0.0,0,0,0,1,0,0,0,1,0,0,0,0,1,0,1
44284,2296,2192,448,464,1973,0.0,0,62.4,0.0,0,0,0,1,0,0,0,1,0,0,0,0,1,0,1
44294,2298,2192,448,464,1972,0.0,0,62.4,0.0,0,0,0,1,0,0,0,1,0,0,0,0,1,0,1
44304,2294,2193,450,465,1973,0.0,0,61.2,0.0,0,0,0,1,0,0,0,1,0,0,0,0,1,0,1
44314,2295,2193,448,463,1973,0.0,0,60.4,0.0,0,0,0,1,0,0,0,1,0,0,0,0,1,0,1
44324,2295,2193,449,463,1973,0.0,0,60.0,0.0,0,0,0,1,0,0,0,1,0,0,0,0,1,0,1
44334,2295,2192,449,463,1973,0.0,0,59.6,0.0,0,0,0,1,0,0,0,1,0,0,0,0,1,0,1
44344,2295,2193,449,465,1973,0.0,0,59.6,0.0,0,0,0,1,0,0,0,1,0,0,0,0,1,0,1
44354,2297,2192,451,465,1973,0.0,0,59.3,0.0,0,0,0,1,0,0,0,1,0,0,0,0,1,0,1
44364,2295,2192,450,464,1973,0.0,0,58.7,0.0,0,0,0,1,0,0,0,1,0,0,0,0,1,0,1
44374,2295,2191,450,465,1973,0.0,0,58.4,0.0,0,0,0,1,0,0,0,1,0,0,0,0,1,0,1
44384,2295,2192,450,465,1974,0.0,0,57.9,0.0,0,0,0,1,0,0,0,1,0,0,0,0,1,0,1
44394,2295,2193,448,464,1974,0.0,0,57.7,0.0,0,0,0,1,0,0,0,1,0,0,0,0,1,0,1
44404,2295,2193,450,468,1973,0.0,0,57.7,0.0,0,0,0,1,0,0,0,1,0,0,0,0,1,0,1
44414,2296,2195,449,464,1974,0.0,0,57.5,0.0,0,0,0,1,0,0,0,1,0,0,0,0,1,0,1
44424,2295,2193,449,466,1974,0.0,0,57.0,0.0,0,0,0,1,0,0,0,1,0,0,0,0,1,0,1
44434,2296,2192,451,465,1973,0.0,0,56.8,0.0,0,0,0,1,0,0,0,1,0,0,0,0,1,0,1
44444,2295,2192,453,463,1973,0.0,0,56.5,0.0,0,0,0,1,0,0,0,1,0,0,0,0,1,0,1
44454,2295,2193,449,463,1973,0.0,0,56.0,0.0,0,0,0,1,0,0,0,1,0,0,0,0,1,0,1
44464,2295,2193,448,463,1973,0.0,0,55.5,0.0,0,0,0,1,0,0,0,1,0,0,0,0,1,0,1
44474,2298,2192,450,465,1974,0.0,0,55.5,0.0,0,0,0,1,0,0,0,1,0,0,0,0,1,0,1
44484,2295,2193,450,465,1974,0.0,0,55.3,0.0,0,0,0,1,0,0,0,1,0,0,0,0,1,0,1
44494,2296,2193,449,464,1973,0.0,0,55.0,0.0,0,0,0,1,0,0,0,1,0,0,0,0,1,0,1
44504,2294,2193,451,465,1973,0.0,0,54.7,0.0,0,0,0,1,0,0,0,1,0,0,0,0,1,0,1
44514,2295,2193,447,464,1973,0.0,0,54.2,0.0,0,0,0,1,0,0,0,1,0,0,0,0,1,0,1
44525,2295,2193,448,464,1974,0.0,0,54.1,0.0,0,0,0,1,0,0,0,1,0,0,0,0,1,0,1
44535,2296,2192,450,463,1974,0.0,0,54.1,0.0,0,0,0,1,0,0,0,1,0,0,0,0,1,0,1
44545,2295,2193,450,465,1973,0.0,0,53.6,0.0,0,0,0,1,0,0,0,1,0,0,0,0,1,0,1
44555,2295,2193,449,466,1974,0.0,0,53.2,0.0,0,0,0,1,0,0,0,1,0,0,0,0,1,0,1
44566,2295,2193,448,466,1973,0.0,0,53.0,0.0,0,0,0,1,0,0,0,1,0,0,0,0,1,0,1
44576,2295,2193,450,464,1973,0.0,0,52.8,0.0,0,0,0,1,0,0,0,1,0,0,0,0,1,0,1
44586,2296,2193,450,465,1973,0.0,0,52.3,0.0,0,0,0,1,0,0,0,1,0,0,0,0,1,0,1
44596,2296,2193,449,465,1972,0.0,0,52.0,0.0,0,0,0,1,0,0,0,1,0,0,0,0,1,0,1
44606,2295,2193,448,464,1973,0.0,0,52.0,0.0,0,0,0,1,0,0,0,1,0,0,0,0,1,0,1
44616,2295,2193,448,461,1973,0.0,0,51.6,0.0,0,0,0,1,0,0,0,1,0,0,0,0,1,0,1
44626,2295,2196,447,462,1973,0.0,0,51.4,0.0,0,0,0,1,0,0,0,1,0,0,0,0,1,0,1
44636,2295,2193,451,465,1973,0.0,0,51.3,0.0,0,0,0,1,0,0,0,1,0,0,0,0,1,0,1
44646,2295,2191,450,466,1975,0.0,0,50.7,0.0,0,0,0,1,0,0,0,1,0,0,0,0,1,0,1
44657,2296,2193,449,465,1974,0.0,0,50.5,0.0,0,0,0,1,0,0,0,1,0,0,0,0,1,0,1
44667,2296,2193,449,465,1973,0.0,0,50.5,0.0,0,0,0,1,0,0,0,1,0,0,0,0,1,0,1
44677,2295,2193,448,465,1973,0.0,0,50.2,0.0,0,0,0,1,0,0,0,1,0,0,0,0,1,0,1
44687,2296,2193,449,466,1973,0.0,0,49.7,0.0,0,0,0,1,0,0,0,1,0,0,0,0,1,0,1
44697,2296,2193,449,465,1973,0.0,0,49.6,0.0,0,0,0,1,0,0,0,1,0,0,0,0,1,0,1
44707,2295,2192,450,464,1973,0.0,0,49.2,0.0,0,0,0,1,0,0,0,1,0,0,0,0,1,0,1
44717,2295,2193,449,464,1974,0.0,0,49.2,0.0,0,0,0,1,0,0,0,1,0,0,0,0,1,0,1
44727,2299,2194,449,466,1974,0.0,0,49.2,0.0,0,0,0,1,0,0,0,1,0,0,0,0,1,0,1
44737,2296,2193,451,464,1974,0.0,0,48.5,0.0,0,0,0,1,0,0,0,1,0,0,0,0,1,0,1
44747,2296,2191,453,466,1973,0.0,0,48.2,0.0,0,0,0,1,0,0,0,1,0,0,0,0,1,0,1
44757,2296,2193,449,465,1973,0.0,0,47.9,0.0,0,0,0,1,0,0,0,1,0,0,0,0,1,0,1
44767,2296,2193,449,467,1973,0.0,0,47.8,0.0,0,0,0,1,0,0,0,1,0,0,0,0,1,0,1
44777,2296,2193,450,462,1973,0.0,0,47.5,0.0,0,0,0,1,0,0,0,1,0,0,0,0,1,0,1
44787,2296,2193,450,465,1973,0.0,0,47.5,0.0,0,0,0,1,0,0,0,1,0,0,0,0,1,0,1
44797,2295,2193,448,464,1972,0.0,0,46.9,0.0,0,0,0,1,0,0,0,1,0,0,0,0,1,0,1
44807,2295,2192,448,464,1973,0.0,0,46.7,0.0,0,0,0,1,0,0,0,1,0,0,0,0,1,0,1
44817,2296,2190,449,464,1974,0.0,0,46.5,0.0,0,0,0,1,0,0,0,1,0,0,0,0,1,0,1
44827,2295,2193,448,465,1974,0.0,0,46.0,0.0,0,0,0,1,0,0,0,1,0,0,0,0,1,0,1
44837,2296,2192,450,464,1974,0.0,0,45.8,0.0,0,0,0,1,0,0,0,1,0,0,0,0,1,0,1
44847,2296,2193,450,466,1976,0.0,0,45.8,0.0,0,0,0,1,0,0,0,1,0,0,0,0,1,0,1
44857,2295,2193,451,464,1974,0.0,0,45.5,0.0,0,0,0,1,0,0,0,1,0,0,0,0,1,0,1
44867,2299,2192,449,465,1975,0.0,0,45.3,0.0,0,0,0,1,0,0,0,1,0,0,0,0,1,0,1
44877,2296,2193,452,464,1974,0.0,0,44.9,0.0,0,0,0,1,0,0,0,1,0,0,0,0,1,0,1
44887,2296,2192,449,465,1974,0.0,0,44.6,0.0,0,0,0,1,0,0,0,1,0,0,0,0,1,0,1
44897,2295,2190,450,463,1974,0.0,0,44.2,0.0,0,0,0,1,0,0,0,1,0,0,0,0,1,0,1
44907,2295,2193,450,466,1974,0.0,0,44.2,0.0,0,0,0,1,0,0,0,1,0,0,0,0,1,0,1
44917,2294,2193,449,464,1973,0.0,0,44.0,0.0,0,0,0,1,0,0,0,1,0,0,0,0,1,0,1
44927,2296,2199,449,465,1973,0.0,0,43.7,0.0,0,0,0,1,0,0,0,1,0,0,0,0,1,0,1
44937,2295,2194,449,464,1973,0.0,0,43.6,0.0,0,0,0,1,0,0,0,1,0,0,0,0,1,0,1
44947,2299,2193,450,464,1974,0.0,0,43.2,0.0,0,0,0,1,0,0,0,1,0,0,0,0,1,0,1
44957,2297,2193,449,464,1974,0.0,0,42.9,0.0,0,0,0,1,0,0,0,1,0,0,0,0,1,0,1
44967,2295,2193,451,465,1975,0.0,0,42.9,0.0,0,0,0,1,0,0,0,1,0,0,0,0,1,0,1
44977,2295,2192,450,465,1973,0.0,0,42.6,0.0,0,0,0,1,0,0,0,1,0,0,0,0,1,0,1
44987,2295,2193,448,468,1974,0.0,0,42.2,0.0,0,0,0,1,0,0,0,1,0,0,0,0,1,0,1
44997,2295,2193,449,465,1973,0.0,0,42.1,0.0,0,0,0,1,0,0,0,1,0,0,0,0,1,0,1
45007,2294,2192,450,463,1974,0.0,0,41.7,0.0,0,0,0,1,0,0,0,1,0,0,0,0,1,0,1
45017,2294,2192,450,467,1973,0.0,0,41.3,0.0,0,0,0,1,0,0,0,1,0,0,0,0,1,0,1
45027,2295,2192,451,465,1973,0.0,0,41.3,0.0,0,0,0,1,0,0,0,1,0,0,0,0,1,0,1
45037,2295,2193,449,465,1976,0.0,0,41.2,0.0,0,0,0,1,0,0,0,1,0,0,0,0,1,0,1
45047,2298,2193,450,464,1974,0.0,0,41.1,0.0,0,0,0,1,0,0,0,1,0,0,0,0,1,0,1
45057,2296,2193,451,465,1974,0.0,0,40.6,0.0,0,0,0,1,0,0,0,1,0,0,0,0,1,0,1
45067,2295,2193,448,464,1972,0.0,0,40.4,0.0,0,0,0,1,0,0,0,1,0,0,0,0,1,0,1
45077,2296,2192,450,464,1975,0.0,0,39.9,0.0,0,0,0,1,0,0,0,1,0,0,0,0,1,0,1
45087,2295,2193,450,466,1974,0.0,0,39.9,0.0,0,0,0,1,0,0,0,1,0,0,0,0,1,0,1
45097,2296,2193,449,466,1977,0.0,0,39.6,0.0,0,0,0,1,0,0,0,1,0,0,0,0,1,0,1
45107,2295,2193,450,464,1973,0.0,0,39.5,0.0,0,0,0,1,0,0,0,1,0,0,0,0,1,0,1
45117,2295,2193,450,465,1973,0.0,0,39.0,0.0,0,0,0,1,0,0,0,1,0,0,0,0,1,0,1
45127,2296,2193,451,463,1973,0.0,0,38.9,0.0,0,0,0,1,0,0,0,1,0,0,0,0,1,0,1
45137,2296,2193,447,465,1973,0.0,0,38.5,0.0,0,0,0,1,0,0,0,1,0,0,0,0,1,0,1
45147,2296,2193,447,465,1974,0.0,0,38.5,0.0,0,0,0,1,0,0,0,1,0,0,0,0,1,0,1
45157,2295,2197,451,465,1973,0.0,0,38.2,0.0,0,0,0,1,0,0,0,1,0,0,0,0,1,0,1
45167,2295,2193,450,465,1972,0.0,0,38.2,0.0,0,0,0,1,0,0,0,1,0,0,0,0,1,0,1
45177,2295,2193,465,465,1973,0.0,0,37.7,0.0,0,0,0,1,0,0,0,1,0,0,0,0,1,0,1
45187,2296,2193,453,465,1973,0.0,0,37.3,0.0,0,0,0,1,0,0,0,1,0,0,0,0,1,0,1
45197,2296,2190,450,464,1973,0.0,0,37.0,0.0,0,0,0,1,0,0,0,1,0,0,0,0,1,0,1
45207,2296,2196,450,464,1975,0.0,0,37.0,0.0,0,0,0,1,0,0,0,1,0,0,0,0,1,0,1
45217,2296,2193,450,465,1973,0.0,0,36.8,0.0,0,0,0,1,0,0,0,1,0,0,0,0,1,0,1
45227,2295,2193,450,466,1973,0.0,0,36.7,0.0,0,0,0,1,0,0,0,1,0,0,0,0,1,0,1
45237,2295,2193,449,465,1973,0.0,0,36.1,0.0,0,0,0,1,0,0,0,1,0,0,0,0,1,0,1
45247,2295,2194,450,466,1973,0.0,0,35.9,0.0,0,0,0,1,0,0,0,1,0,0,0,0,1,0,1
45257,2297,2193,449,464,1973,0.0,0,35.6,0.0,0,0,0,1,0,0,0,1,0,0,0,0,1,0,1
45267,2296,2193,449,464,1974,0.0,0,35.6,0.0,0,0,0,1,0,0,0,1,0,0,0,0,1,0,1
45277,2296,2193,450,465,1973,0.0,0,35.5,0.0,0,0,0,1,0,0,0,1,0,0,0,0,1,0,1
45287,2295,2194,450,465,1972,0.0,0,35.2,0.0,0,0,0,1,0,0,0,1,0,0,0,0,1,0,1
45297,2295,2192,449,464,1973,0.0,0,34.8,0.0,0,0,0,1,0,0,0,1,0,0,0,0,1,0,1
45307,2294,2192,449,465,1974,0.0,0,34.4,0.0,0,0,0,1,0,0,0,1,0,0,0,0,1,0,1
45317,2294,2192,450,464,1973,0.0,0,34.6,0.0,0,0,0,1,0,0,0,1,0,0,0,0,1,0,1
45327,2295,2192,450,464,1974,0.0,0,34.6,0.0,0,0,0,1,0,0,0,1,0,0,0,0,1,0,1
45337,2298,2192,449,465,1973,0.0,0,33.9,0.0,0,0,0,1,0,0,0,1,0,0,0,0,1,0,1
45347,2293,2192,449,465,1974,0.0,0,33.7,0.0,0,0,0,1,0,0,0,1,0,0,0,0,1,0,1
45357,2295,2193,450,466,1973,0.0,0,33.5,0.0,0,0,0,1,0,0,0,1,0,0,0,0,1,0,1
45367,2295,2192,449,466,1973,0.0,0,33.2,0.0,0,0,0,1,0,0,0,1,0,0,0,0,1,0,1
45377,2295,2192,448,463,1973,0.0,0,32.7,0.0,0,0,0,1,0,0,0,1,0,0,0,0,1,0,1
45387,2295,2190,449,464,1974,0.0,0,32.7,0.0,0,0,0,1,0,0,0,1,0,0,0,0,1,0,1
45397,2296,2194,450,464,1974,0.0,0,32.5,0.0,0,0,0,1,0,0,0,1,0,0,0,0,1,0,1
45407,2295,2193,449,465,1974,0.0,0,32.2,0.0,0,0,0,1,0,0,0,1,0,0,0,0,1,0,1
45417,2295,2192,449,464,1973,0.0,0,32.1,0.0,0,0,0,1,0,0,0,1,0,0,0,0,1,0,1
45427,2295,2194,450,464,1974,0.0,0,31.9,0.0,0,0,0,1,0,0,0,1,0,0,0,0,1,0,1
45438,2295,2192,447,464,1975,0.0,0,31.4,0.0,0,0,0,1,0,0,0,1,0,0,0,0,1,0,1
45448,2296,2193,451,465,1973,0.0,0,31.4,0.0,0,0,0,1,0,0,0,1,0,0,0,0,1,0,1
45458,2295,2192,451,464,1973,0.0,0,31.3,0.0,0,0,0,1,0,0,0,1,0,0,0,0,1,0,1
45468,2295,2193,450,465,1974,0.0,0,30.9,0.0,0,0,0,1,0,0,0,1,0,0,0,0,1,0,1
45478,2295,2192,448,465,1974,0.0,0,30.7,0.0,0,0,0,1,0,0,0,1,0,0,0,0,1,0,1
45488,2295,2193,449,464,1973,0.0,0,30.5,0.0,0,0,0,1,0,0,0,1,0,0,0,0,1,0,1
45498,2295,2193,448,465,1973,0.0,0,30.3,0.0,0,0,0,1,0,0,0,1,0,0,0,0,1,0,1
45508,2295,2193,450,464,1973,0.0,0,30.3,0.0,0,0,0,1,0,0,0,1,0,0,0,0,1,0,1
45518,2295,2192,451,464,1973,0.0,0,30.0,0.0,0,0,0,1,0,0,0,1,0,0,0,0,1,0,1
45528,2292,2193,449,464,1974,0.0,0,29.3,0.0,0,0,0,1,0,0,0,1,0,0,0,0,1,0,1
45538,2294,2192,451,465,1975,0.0,0,29.3,0.0,0,0,0,1,0,0,0,1,0,0,0,0,1,0,1
45548,2295,2193,450,466,1974,0.0,0,29.1,0.0,0,0,0,1,0,0,0,1,0,0,0,0,1,0,1
45558,2295,2192,449,464,1971,0.0,0,28.7,0.0,0,0,0,1,0,0,0,1,0,0,0,0,1,0,1
45568,2296,2193,446,465,1973,0.0,0,28.4,0.0,0,0,0,1,0,0,0,1,0,0,0,0,1,0,1
45578,2295,2193,451,464,1974,0.0,0,28.4,0.0,0,0,0,1,0,0,0,1,0,0,0,0,1,0,1
45588,2295,2193,448,463,1973,0.0,0,28.4,0.0,0,0,0,1,0,0,0,1,0,0,0,0,1,0,1
45598,2296,2194,450,465,1973,0.0,0,27.9,0.0,0,0,0,1,0,0,0,1,0,0,0,0,1,0,1
45608,2295,2193,449,464,1974,0.0,0,27.5,0.0,0,0,0,1,0,0,0,1,0,0,0,0,1,0,1
45618,2296,2193,449,465,1974,0.0,0,27.3,0.0,0,0,0,1,0,0,0,1,0,0,0,0,1,0,1
45629,2297,2194,449,463,1973,0.0,0,27.1,0.0,0,0,0,1,0,0,0,1,0,0,0,0,1,0,1
45639,2296,2190,449,464,1973,0.0,0,27.1,0.0,0,0,0,1,0,0,0,1,0,0,0,0,1,0,1
45886,2296,2193,448,465,1975,0.0,0,26.8,0.0,0,0,0,1,0,0,0,1,0,0,0,0,1,0,1
45896,2295,2193,450,465,1973,0.0,0,21.9,0.0,0,0,0,1,0,0,0,1,0,0,0,0,1,0,1
45906,2295,2193,449,463,1974,0.0,0,21.5,0.0,0,0,0,1,0,0,0,1,0,0,0,0,1,0,1
45916,2295,2193,450,464,1974,0.0,0,21.5,0.0,0,0,0,1,0,0,0,1,0,0,0,0,1,0,1
45926,2295,2195,450,465,1974,0.0,0,21.5,0.0,0,0,0,1,0,0,0,1,0,0,0,0,1,0,1
45936,2296,2193,450,465,1974,0.0,0,21.3,0.0,0,0,0,1,0,0,0,1,0,0,0,0,1,0,1
45946,2295,2193,450,463,1974,0.0,0,21.3,0.0,0,0,0,1,0,0,0,1,0,0,0,0,1,0,1
45956,2294,2195,451,465,1974,0.0,0,21.0,0.0,0,0,0,1,0,0,0,1,0,0,0,0,1,0,1
45966,2296,2193,448,464,1974,0.0,0,20.9,0.0,0,0,0,1,0,0,0,1,0,0,0,0,1,0,1
45976,2295,2193,451,465,1974,0.0,0,20.9,0.0,0,0,0,1,0,0,0,1,0,0,0,0,1,0,1
45986,2295,2193,450,466,1975,0.0,0,21.0,0.0,0,0,0,1,0,0,0,1,0,0,0,0,1,0,1
45996,2295,2193,450,465,1974,0.0,0,20.7,0.0,0,0,0,1,0,0,0,1,0,0,0,0,1,0,1
46006,2295,2193,449,464,1974,0.0,0,20.8,0.0,0,0,0,1,0,0,0,1,0,0,0,0,1,0,1
46016,2295,2193,449,464,1973,0.0,0,20.8,0.0,0,0,0,1,0,0,0,1,0,0,0,0,1,0,1
46026,2295,2193,449,465,1974,0.0,0,20.4,0.0,0,0,0,1,0,0,0,1,0,0,0,0,1,0,1
46036,2295,2194,450,465,1975,0.0,0,20.4,0.0,0,0,0,1,0,0,0,1,0,0,0,0,1,0,1
46046,2296,2192,450,460,1973,0.0,0,20.5,0.0,0,0,0,1,0,0,0,1,0,0,0,0,1,0,1
46056,2295,2193,449,464,1974,0.0,0,20.4,0.0,0,0,0,1,0,0,0,1,0,0,0,0,1,0,1
46066,2299,2194,449,465,1974,0.0,0,20.2,0.0,0,0,0,1,0,0,0,1,0,0,0,0,1,0,1
46076,2295,2193,450,465,1974,0.0,0,20.2,0.0,0,0,0,1,0,0,0,1,0,0,0,0,1,0,1
46086,2296,2193,449,465,1974,0.0,0,20.0,0.0,0,0,0,1,0,0,0,1,0,0,0,0,1,0,1
46096,2296,2193,450,464,1974,0.0,0,20.2,0.0,0,0,0,1,0,0,0,1,0,0,0,0,1,0,1
46106,2295,2191,449,465,1972,0.0,0,20.2,0.0,0,0,0,1,0,0,0,1,0,0,0,0,1,0,1
46116,2295,2193,449,464,1974,0.0,0,19.8,0.0,0,0,0,1,0,0,0,1,0,0,0,0,1,0,1
46126,2298,2193,448,465,1973,0.0,0,19.8,0.0,0,0,0,1,0,0,0,1,0,0,0,0,1,0,1
46136,2296,2193,449,466,1974,0.0,0,19.5,0.0,0,0,0,1,0,0,0,1,0,0,0,0,1,0,1
46146,2296,2193,448,465,1973,0.0,0,19.6,0.0,0,0,0,1,0,0,0,1,0,0,0,0,1,0,1
46156,2296,2194,450,464,1974,0.0,0,19.4,0.0,0,0,0,1,0,0,0,1,0,0,0,0,1,0,1
46166,2295,2193,453,465,1974,0.0,0,19.4,0.0,0,0,0,1,0,0,0,1,0,0,0,0,1,0,1
46176,2295,2196,449,464,1972,0.0,0,19.3,0.0,0,0,0,1,0,0,0,1,0,0,0,0,1,0,1
46186,2299,2193,451,465,1973,0.0,0,19.2,0.0,0,0,0,1,0,0,0,1,0,0,0,0,1,0,1
46196,2295,2193,447,464,1974,0.0,0,19.2,0.0,0,0,0,1,0,0,0,1,0,0,0,0,1,0,1
46206,2295,2193,448,465,1974,0.0,0,19.1,0.0,0,0,0,1,0,0,0,1,0,0,0,0,1,0,1
46216,2298,2192,449,466,1974,0.0,0,19.1,0.0,0,0,0,1,0,0,0,1,0,0,0,0,1,0,1
46226,2295,2193,449,464,1974,0.0,0,18.9,0.0,0,0,0,1,0,0,0,1,0,0,0,0,1,0,1
46236,2296,2194,450,465,1977,0.0,0,19.0,0.0,0,0,0,1,0,0,0,1,0,0,0,0,1,0,1
46246,2298,2193,448,465,1972,0.0,0,18.7,0.0,0,0,0,1,0,0,0,1,0,0,0,0,1,0,1
46256,2295,2193,449,465,1974,0.0,0,18.5,0.0,0,0,0,1,0,0,0,1,0,0,0,0,1,0,1
46266,2295,2193,450,466,1974,0.0,0,18.7,0.0,0,0,0,1,0,0,0,1,0,0,0,0,1,0,1
46277,2297,2193,448,463,1974,0.0,0,18.4,0.0,0,0,0,1,0,0,0,1,0,0,0,0,1,0,1
46287,2296,2193,450,465,1973,0.0,0,18.4,0.0,0,0,0,1,0,0,0,1,0,0,0,0,1,0,1
46298,2295,2193,449,465,1974,0.0,0,18.5,0.0,0,0,0,1,0,0,0,1,0,0,0,0,1,0,1
46308,2296,2192,450,464,1974,0.0,0,18.5,0.0,0,0,0,1,0,0,0,1,0,0,0,0,1,0,1
46318,2295,2192,450,464,1974,0.0,0,18.0,0.0,0,0,0,1,0,0,0,1,0,0,0,0,1,0,1
46328,2295,2193,450,466,1974,0.0,0,18.1,0.0,0,0,0,1,0,0,0,1,0,0,0,0,1,0,1
46338,2295,2192,448,464,1974,0.0,0,18.3,0.0,0,0,0,1,0,0,0,1,0,0,0,0,1,0,1
46348,2292,2192,450,465,1974,0.0,0,17.7,0.0,0,0,0,1,0,0,0,1,0,0,0,0,1,0,1
46358,2295,2192,449,464,1974,0.0,0,17.7,0.0,0,0,0,1,0,0,0,1,0,0,0,0,1,0,1
46368,2295,2193,449,465,1973,0.0,0,17.8,0.0,0,0,0,1,0,0,0,1,0,0,0,0,1,0,1
46378,2294,2192,448,465,1975,0.0,0,17.7,0.0,0,0,0,1,0,0,0,1,0,0,0,0,1,0,1
46388,2296,2193,449,465,1974,0.0,0,17.6,0.0,0,0,0,1,0,0,0,1,0,0,0,0,1,0,1
46398,2295,2193,449,466,1974,0.0,0,17.5,0.0,0,0,0,1,0,0,0,1,0,0,0,0,1,0,1
46408,2296,2192,449,465,1975,0.0,0,17.5,0.0,0,0,0,1,0,0,0,1,0,0,0,0,1,0,1
46418,2294,2193,449,462,1974,0.0,0,17.4,0.0,0,0,0,1,0,0,0,1,0,0,0,0,1,0,1
46428,2295,2193,449,464,1974,0.0,0,17.2,0.0,0,0,0,1,0,0,0,1,0,0,0,0,1,0,1
46438,2296,2193,451,465,1975,0.0,0,16.9,0.0,0,0,0,1,0,0,0,1,0,0,0,0,1,0,1
46448,2294,2193,449,464,1974,0.0,0,17.2,0.0,0,0,0,1,0,0,0,1,0,0,0,0,1,0,1
46458,2295,2191,449,464,1974,0.0,0,17.1,0.0,0,0,0,1,0,0,0,1,0,0,0,0,1,0,1
46468,2296,2193,449,464,1974,0.0,0,17.1,0.0,0,0,0,1,0,0,0,1,0,0,0,0,1,0,1
46478,2295,2190,449,463,1975,0.0,0,16.8,0.0,0,0,0,1,0,0,0,1,0,0,0,0,1,0,1
46488,2295,2192,449,464,1974,0.0,0,16.7,0.0,0,0,0,1,0,0,0,1,0,0,0,0,1,0,1
46498,2295,2193,449,463,1973,0.0,0,16.6,0.0,0,0,0,1,0,0,0,1,0,0,0,0,1,0,1
46508,2299,2193,450,465,1974,0.0,0,16.6,0.0,0,0,0,1,0,0,0,1,0,0,0,0,1,0,1
46518,2295,2193,450,465,1974,0.0,0,16.6,0.0,0,0,0,1,0,0,0,1,0,0,0,0,1,0,1
46528,2294,2193,449,465,1974,0.0,0,16.3,0.0,0,0,0,1,0,0,0,1,0,0,0,0,1,0,1
46538,2295,2194,449,464,1974,0.0,0,16.3,0.0,0,0,0,1,0,0,0,1,0,0,0,0,1,0,1
46548,2295,2193,450,464,1974,0.0,0,16.3,0.0,0,0,0,1,0,0,0,1,0,0,0,0,1,0,1
46558,2295,2193,451,465,1974,0.0,0,16.3,0.0,0,0,0,1,0,0,0,1,0,0,0,0,1,0,1
46568,2296,2193,448,466,1973,0.0,0,16.3,0.0,0,0,0,1,0,0,0,1,0,0,0,0,1,0,1
46578,2295,2194,450,465,1972,0.0,0,16.2,0.0,0,0,0,1,0,0,0,1,0,0,0,0,1,0,1
46588,2296,2193,451,465,1974,0.0,0,16.0,0.0,0,0,0,1,0,0,0,1,0,0,0,0,1,0,1
46598,2295,2193,450,466,1974,0.0,0,16.0,0.0,0,0,0,1,0,0,0,1,0,0,0,0,1,0,1
46608,2295,2194,450,464,1973,0.0,0,16.0,0.0,0,0,0,1,0,0,0,1,0,0,0,0,1,0,1
46618,2295,2193,451,466,1974,0.0,0,16.0,0.0,0,0,0,1,0,0,0,1,0,0,0,0,1,0,1
46628,2296,2193,450,465,1975,0.0,0,15.9,0.0,0,0,0,1,0,0,0,1,0,0,0,0,1,0,1
46638,2295,2193,451,464,1974,0.0,0,15.6,0.0,0,0,0,1,0,0,0,1,0,0,0,0,1,0,1
46648,2294,2192,450,464,1974,0.0,0,15.6,0.0,0,0,0,1,0,0,0,1,0,0,0,0,1,0,1
46658,2296,2193,451,467,1974,0.0,0,15.7,0.0,0,0,0,1,0,0,0,1,0,0,0,0,1,0,1
46668,2295,2193,449,465,1974,0.0,0,15.6,0.0,0,0,0,1,0,0,0,1,0,0,0,0,1,0,1
46678,2296,2193,450,465,1973,0.0,0,15.5,0.0,0,0,0,1,0,0,0,1,0,0,0,0,1,0,1
46688,2295,2190,450,464,1973,0.0,0,15.1,0.0,0,0,0,1,0,0,0,1,0,0,0,0,1,0,1
46698,2295,2193,450,464,1973,0.0,0,14.9,0.0,0,0,0,1,0,0,0,1,0,0,0,0,1,0,1
46708,2295,2193,449,464,1974,0.0,0,14.9,0.0,0,0,0,1,0,0,0,1,0,0,0,0,1,0,1
46718,2296,2193,449,463,1973,0.0,0,15.0,0.0,0,0,0,1,0,0,0,1,0,0,0,0,1,0,1
46728,2295,2193,449,466,1974,0.0,0,15.6,0.0,0,0,0,1,0,0,0,1,0,0,0,0,1,0,1
46738,2296,2190,451,463,1973,0.0,0,15.0,0.0,0,0,0,1,0,0,0,1,0,0,0,0,1,0,1
46748,2296,2193,451,465,1974,0.0,0,15.1,0.0,0,0,0,1,0,0,0,1,0,0,0,0,1,0,1
46758,2295,2190,450,465,1973,0.0,0,15.1,0.0,0,0,0,1,0,0,0,1,0,0,0,0,1,0,1
46768,2296,2193,448,465,1974,0.0,0,15.1,0.0,0,0,0,1,0,0,0,1,0,0,0,0,1,0,1
46778,2296,2193,449,464,1974,0.0,0,14.8,0.0,0,0,0,1,0,0,0,1,0,0,0,0,1,0,1
46788,2296,2193,450,465,1974,0.0,0,14.8,0.0,0,0,0,1,0,0,0,1,0,0,0,0,1,0,1
46798,2296,2193,449,465,1973,0.0,0,14.6,0.0,0,0,0,1,0,0,0,1,0,0,0,0,1,0,1
46808,2295,2193,450,465,1972,0.0,0,14.5,0.0,0,0,0,1,0,0,0,1,0,0,0,0,1,0,1
46818,2294,2192,451,466,1971,0.0,0,14.7,0.0,0,0,0,1,0,0,0,1,0,0,0,0,1,0,1
46829,2296,2193,449,464,1974,0.0,0,14.6,0.0,0,0,0,1,0,0,0,1,0,0,0,0,1,0,1
46839,2295,2193,448,465,1975,0.0,0,14.6,0.0,0,0,0,1,0,0,0,1,0,0,0,0,1,0,1
46849,2292,2193,449,464,1975,0.0,0,14.3,0.0,0,0,0,1,0,0,0,1,0,0,0,0,1,0,1
46859,2295,2193,449,466,1974,0.0,0,14.4,0.0,0,0,0,1,0,0,0,1,0,0,0,0,1,0,1
46869,2296,2193,450,464,1975,0.0,0,14.3,0.0,0,0,0,1,0,0,0,1,0,0,0,0,1,0,1
46879,2295,2193,449,465,1974,0.0,0,14.5,0.0,0,0,0,1,0,0,0,1,0,0,0,0,1,0,1
46890,2296,2190,449,465,1975,0.0,0,14.4,0.0,0,0,0,1,0,0,0,1,0,0,0,0,1,0,1
46900,2295,2193,448,462,1974,0.0,0,14.4,0.0,0,0,0,1,0,0,0,1,0,0,0,0,1,0,1
46910,2295,2193,449,464,1976,0.0,0,14.1,0.0,0,0,0,1,0,0,0,1,0,0,0,0,1,0,1
46920,2296,2193,450,464,1974,0.0,0,14.1,0.0,0,0,0,1,0,0,0,1,0,0,0,0,1,0,1
46930,2295,2192,449,465,1974,0.0,0,14.1,0.0,0,0,0,1,0,0,0,1,0,0,0,0,1,0,1
46940,2298,2193,449,465,1974,0.0,0,13.8,0.0,0,0,0,1,0,0,0,1,0,0,0,0,1,0,1
46950,2296,2193,447,464,1974,0.0,0,13.9,0.0,0,0,0,1,0,0,0,1,0,0,0,0,1,0,1
46960,2295,2193,450,464,1974,0.0,0,13.9,0.0,0,0,0,1,0,0,0,1,0,0,0,0,1,0,1
46970,2295,2193,450,466,1974,0.0,0,13.9,0.0,0,0,0,1,0,0,0,1,0,0,0,0,1,0,1
46980,2295,2193,450,465,1974,0.0,0,13.7,0.0,0,0,0,1,0,0,0,1,0,0,0,0,1,0,1
46990,2295,2192,451,465,1974,0.0,0,13.7,0.0,0,0,0,1,0,0,0,1,0,0,0,0,1,0,1
47000,2298,2193,449,464,1974,0.0,0,13.6,0.0,0,0,0,1,0,0,0,1,0,0,0,0,1,0,1
47010,2295,2193,449,465,1974,0.0,0,13.6,0.0,0,0,0,1,0,0,0,1,0,0,0,0,1,0,1
47020,2296,2193,449,464,1974,0.0,0,13.4,0.0,0,0,0,1,0,0,0,1,0,0,0,0,1,0,1
47030,2296,2192,451,466,1974,0.0,0,13.4,0.0,0,0,0,1,0,0,0,1,0,0,0,0,1,0,1
47040,2295,2192,449,463,1974,0.0,0,13.2,0.0,0,0,0,1,0,0,0,1,0,0,0,0,1,0,1
47050,2295,2194,448,464,1974,0.0,0,13.3,0.0,0,0,0,1,0,0,0,1,0,0,0,0,1,0,1
47060,2296,2193,450,464,1973,0.0,0,12.9,0.0,0,0,0,1,0,0,0,1,0,0,0,0,1,0,1
47070,2296,2193,449,465,1974,0.0,0,13.1,0.0,0,0,0,1,0,0,0,1,0,0,0,0,1,0,1
47080,2299,2193,450,465,1974,0.0,0,12.9,0.0,0,0,0,1,0,0,0,1,0,0,0,0,1,0,1
47090,2296,2193,449,466,1973,0.0,0,12.9,0.0,0,0,0,1,0,0,0,1,0,0,0,0,1,0,1
47100,2295,2193,450,466,1973,0.0,0,13.2,0.0,0,0,0,1,0,0,0,1,0,0,0,0,1,0,1
47110,2296,2194,450,466,1974,0.0,0,13.0,0.0,0,0,0,1,0,0,0,1,0,0,0,0,1,0,1
47120,2295,2193,449,465,1974,0.0,0,12.9,0.0,0,0,0,1,0,0,0,1,0,0,0,0,1,0,1
47130,2292,2193,450,464,1974,0.0,0,12.8,0.0,0,0,0,1,0,0,0,1,0,0,0,0,1,0,1
47140,2295,2194,450,464,1974,0.0,0,12.8,0.0,0,0,0,1,0,0,0,1,0,0,0,0,1,0,1
47150,2296,2193,450,466,1973,0.0,0,12.6,0.0,0,0,0,1,0,0,0,1,0,0,0,0,1,0,1
47160,2298,2193,449,465,1973,0.0,0,12.6,0.0,0,0,0,1,0,0,0,1,0,0,0,0,1,0,1
47170,2296,2193,449,465,1973,0.0,0,12.5,0.0,0,0,0,1,0,0,0,1,0,0,0,0,1,0,1
47180,2296,2193,450,464,1974,0.0,0,12.5,0.0,0,0,0,1,0,0,0,1,0,0,0,0,1,0,1
47190,2296,2193,450,465,1974,0.0,0,12.5,0.0,0,0,0,1,0,0,0,1,0,0,0,0,1,0,1
47200,2296,2190,449,464,1974,0.0,0,12.5,0.0,0,0,0,1,0,0,0,1,0,0,0,0,1,0,1
47210,2295,2193,449,465,1973,0.0,0,12.5,0.0,0,0,0,1,0,0,0,1,0,0,0,0,1,0,1
47220,2299,2193,451,465,1975,0.0,0,12.4,0.0,0,0,0,1,0,0,0,1,0,0,0,0,1,0,1
47230,2299,2193,449,465,1973,0.0,0,12.4,0.0,0,0,0,1,0,0,0,1,0,0,0,0,1,0,1
47240,2296,2193,450,465,1974,0.0,0,12.2,0.0,0,0,0,1,0,0,0,1,0,0,0,0,1,0,1
47250,2295,2193,450,464,1974,0.0,0,12.2,0.0,0,0,0,1,0,0,0,1,0,0,0,0,1,0,1
47260,2296,2193,448,464,1974,0.0,0,12.2,0.0,0,0,0,1,0,0,0,1,0,0,0,0,1,0,1
47270,2295,2193,449,464,1973,0.0,0,12.2,0.0,0,0,0,1,0,0,0,1,0,0,0,0,1,0,1
47280,2295,2190,451,465,1977,0.0,0,12.3,0.0,0,0,0,1,0,0,0,1,0,0,0,0,1,0,1
47290,2295,2193,451,464,1974,0.0,0,11.9,0.0,0,0,0,1,0,0,0,1,0,0,0,0,1,0,1
47300,2295,2192,450,463,1973,0.0,0,12.1,0.0,0,0,0,1,0,0,0,1,0,0,0,0,1,0,1
47310,2295,2189,450,466,1974,0.0,0,12.1,0.0,0,0,0,1,0,0,0,1,0,0,0,0,1,0,1
47320,2294,2194,449,466,1974,0.0,0,12.1,0.0,0,0,0,1,0,0,0,1,0,0,0,0,1,0,1
47330,2295,2193,449,465,1974,0.0,0,12.1,0.0,0,0,0,1,0,0,0,1,0,0,0,0,1,0,1
47340,2294,2192,449,465,1974,0.0,0,11.7,0.0,0,0,0,1,0,0,0,1,0,0,0,0,1,0,1
47350,2297,2192,449,464,1974,0.0,0,11.7,0.0,0,0,0,1,0,0,0,1,0,0,0,0,1,0,1
47360,2295,2191,449,466,1974,0.0,0,11.6,0.0,0,0,0,1,0,0,0,1,0,0,0,0,1,0,1
47370,2295,2193,450,466,1974,0.0,0,11.7,0.0,0,0,0,1,0,0,0,1,0,0,0,0,1,0,1
47380,2296,2192,450,464,1974,0.0,0,11.3,0.0,0,0,0,1,0,0,0,1,0,0,0,0,1,0,1
47390,2295,2193,450,465,1974,0.0,0,11.3,0.0,0,0,0,1,0,0,0,1,0,0,0,0,1,0,1
47400,2295,2192,450,465,1975,0.0,0,11.5,0.0,0,0,0,1,0,0,0,1,0,0,0,0,1,0,1
47410,2295,2193,450,464,1975,0.0,0,11.2,0.0,0,0,0,1,0,0,0,1,0,0,0,0,1,0,1
47420,2295,2192,448,463,1974,0.0,0,11.1,0.0,0,0,0,1,0,0,0,1,0,0,0,0,1,0,1
47430,2295,2193,450,466,1975,0.0,0,11.2,0.0,0,0,0,1,0,0,0,1,0,0,0,0,1,0,1
47440,2295,2193,450,466,1975,0.0,0,11.3,0.0,0,0,0,1,0,0,0,1,0,0,0,0,1,0,1
47450,2295,2192,450,464,1974,0.0,0,11.3,0.0,0,0,0,1,0,0,0,1,0,0,0,0,1,0,1
47460,2295,2193,451,465,1974,0.0,0,10.9,0.0,0,0,0,1,0,0,0,1,0,0,0,0,1,0,1
47470,2296,2192,450,465,1974,0.0,0,11.1,0.0,0,0,0,1,0,0,0,1,0,0,0,0,1,0,1
47480,2295,2193,449,465,1974,0.0,0,11.2,0.0,0,0,0,1,0,0,0,1,0,0,0,0,1,0,1
47490,2294,2192,452,464,1974,0.0,0,11.2,0.0,0,0,0,1,0,0,0,1,0,0,0,0,1,0,1
47500,2295,2194,446,466,1975,0.0,0,11.2,0.0,0,0,0,1,0,0,0,1,0,0,0,0,1,0,1
47510,2295,2193,450,465,1974,0.0,0,11.2,0.0,0,0,0,1,0,0,0,1,0,0,0,0,1,0,1
47522,2295,2193,450,463,1975,0.0,0,11.0,0.0,0,0,0,1,0,0,0,1,0,0,0,0,1,0,1
47532,2295,2193,450,465,1974,0.0,0,11.0,0.0,0,0,0,1,0,0,0,1,0,0,0,0,1,0,1
47542,2295,2193,448,463,1976,0.0,0,10.8,0.0,0,0,0,1,0,0,0,1,0,0,0,0,1,0,1
47552,2295,2194,449,465,1974,0.0,0,10.4,0.0,0,0,0,1,0,0,0,1,0,0,0,0,1,0,1
47562,2294,2192,449,466,1973,0.0,0,10.7,0.0,0,0,0,1,0,0,0,1,0,0,0,0,1,0,1
47572,2295,2193,450,464,1974,0.0,0,10.7,0.0,0,0,0,1,0,0,0,1,0,0,0,0,1,0,1
47582,2296,2191,450,466,1973,0.0,0,10.7,0.0,0,0,0,1,0,0,0,1,0,0,0,0,1,0,1
47592,2295,2193,449,466,1973,0.0,0,10.7,0.0,0,0,0,1,0,0,0,1,0,0,0,0,1,0,1
47602,2296,2193,451,464,1973,0.0,0,10.5,0.0,0,0,0,1,0,0,0,1,0,0,0,0,1,0,1
47612,2295,2193,449,464,1974,0.0,0,10.4,0.0,0,0,0,1,0,0,0,1,0,0,0,0,1,0,1
47623,2295,2192,448,465,1974,0.0,0,10.4,0.0,0,0,0,1,0,0,0,1,0,0,0,0,1,0,1
47633,2296,2194,449,464,1973,0.0,0,10.4,0.0,0,0,0,1,0,0,0,1,0,0,0,0,1,0,1
47643,2293,2193,450,465,1974,0.0,0,10.4,0.0,0,0,0,1,0,0,0,1,0,0,0,0,1,0,1
47653,2296,2193,450,464,1974,0.0,0,10.4,0.0,0,0,0,1,0,0,0,1,0,0,0,0,1,0,1
47663,2296,2193,449,465,1974,0.0,0,10.2,0.0,0,0,0,1,0,0,0,1,0,0,0,0,1,0,1
47673,2296,2191,450,464,1973,0.0,0,10.3,0.0,0,0,0,1,0,0,0,1,0,0,0,0,1,0,1
47683,2296,2193,449,464,1974,0.0,0,10.3,0.0,0,0,0,1,0,0,0,1,0,0,0,0,1,0,1
47693,2296,2193,449,465,1974,0.0,0,10.3,0.0,0,0,0,1,0,0,0,1,0,0,0,0,1,0,1
47703,2296,2193,450,467,1974,0.0,0,10.3,0.0,0,0,0,1,0,0,0,1,0,0,0,0,1,0,1
47713,2295,2194,449,465,1974,0.0,0,10.1,0.0,0,0,0,1,0,0,0,1,0,0,0,0,1,0,1
47723,2294,2194,448,464,1974,0.0,0,10.1,0.0,0,0,0,1,0,0,0,1,0,0,0,0,1,0,1
47733,2296,2192,450,464,1974,0.0,0,9.8,0.0,0,0,0,1,0,0,0,1,0,0,0,0,1,0,1
47743,2294,2193,450,465,1974,0.0,0,9.8,0.0,0,0,0,1,0,0,0,1,0,0,0,0,1,0,1
47753,2298,2192,449,462,1974,0.0,0,9.9,0.0,0,0,0,1,0,0,0,1,0,0,0,0,1,0,1
47763,2295,2193,449,465,1974,0.0,0,9.9,0.0,0,0,0,1,0,0,0,1,0,0,0,0,1,0,1
47773,2296,2193,450,465,1974,0.0,0,9.7,0.0,0,0,0,1,0,0,0,1,0,0,0,0,1,0,1
47783,2296,2193,450,465,1973,0.0,0,9.8,0.0,0,0,0,1,0,0,0,1,0,0,0,0,1,0,1
47793,2283,2193,448,462,1973,0.0,0,9.5,0.0,0,0,0,1,0,0,0,1,0,0,0,0,1,0,1
47803,2295,2191,449,465,1974,0.0,0,9.5,0.0,0,0,0,1,0,0,0,1,0,0,0,0,1,0,1
47813,2296,2194,449,464,1974,0.0,0,9.5,0.0,0,0,0,1,0,0,0,1,0,0,0,0,1,0,1
47823,2296,2193,451,465,1974,0.0,0,9.5,0.0,0,0,0,1,0,0,0,1,0,0,0,0,1,0,1
47833,2296,2192,449,465,1974,0.0,0,9.6,0.0,0,0,0,1,0,0,0,1,0,0,0,0,1,0,1
47843,2295,2193,449,464,1974,0.0,0,9.6,0.0,0,0,0,1,0,0,0,1,0,0,0,0,1,0,1
47853,2296,2193,450,466,1974,0.0,0,9.5,0.0,0,0,0,1,0,0,0,1,0,0,0,0,1,0,1
47863,2297,2193,449,464,1974,0.0,0,9.6,0.0,0,0,0,1,0,0,0,1,0,0,0,0,1,0,1
47873,2295,2192,448,464,1974,0.0,0,9.4,0.0,0,0,0,1,0,0,0,1,0,0,0,0,1,0,1
47883,2295,2193,450,464,1974,0.0,0,9.4,0.0,0,0,0,1,0,0,0,1,0,0,0,0,1,0,1
47893,2296,2193,450,465,1974,0.0,0,9.4,0.0,0,0,0,1,0,0,0,1,0,0,0,0,1,0,1
47903,2295,2193,446,465,1974,0.0,0,9.1,0.0,0,0,0,1,0,0,0,1,0,0,0,0,1,0,1
47913,2298,2193,448,464,1973,0.0,0,9.1,0.0,0,0,0,1,0,0,0,1,0,0,0,0,1,0,1
47923,2296,2193,450,465,1974,0.0,0,9.2,0.0,0,0,0,1,0,0,0,1,0,0,0,0,1,0,1
47933,2296,2193,448,466,1971,0.0,0,9.3,0.0,0,0,0,1,0,0,0,1,0,0,0,0,1,0,1
47943,2295,2194,450,464,1975,0.0,0,9.3,0.0,0,0,0,1,0,0,0,1,0,0,0,0,1,0,1
47953,2297,2192,449,465,1974,0.0,0,9.4,0.0,0,0,0,1,0,0,0,1,0,0,0,0,1,0,1
47963,2295,2192,450,465,1975,0.0,0,9.2,0.0,0,0,0,1,0,0,0,1,0,0,0,0,1,0,1
47973,2295,2193,449,461,1974,0.0,0,9.2,0.0,0,0,0,1,0,0,0,1,0,0,0,0,1,0,1
47983,2295,2193,450,467,1974,0.0,0,9.1,0.0,0,0,0,1,0,0,0,1,0,0,0,0,1,0,1
47993,2296,2193,452,463,1975,0.0,0,9.1,0.0,0,0,0,1,0,0,0,1,0,0,0,0,1,0,1
48003,2296,2192,449,464,1974,0.0,0,9.1,0.0,0,0,0,1,0,0,0,1,0,0,0,0,1,0,1
48013,2294,2192,449,464,1975,0.0,0,8.9,0.0,0,0,0,1,0,0,0,1,0,0,0,0,1,0,1
48023,2294,2193,450,466,1972,0.0,0,9.1,0.0,0,0,0,1,0,0,0,1,0,0,0,0,1,0,1
48033,2296,2192,450,464,1973,0.0,0,8.9,0.0,0,0,0,1,0,0,0,1,0,0,0,0,1,0,1
48043,2294,2192,450,464,1972,0.0,0,8.7,0.0,0,0,0,1,0,0,0,1,0,0,0,0,1,0,1
48053,2296,2194,449,465,1973,0.0,0,8.7,0.0,0,0,0,1,0,0,0,1,0,0,0,0,1,0,1
48063,2296,2193,449,465,1974,0.0,0,8.7,0.0,0,0,0,1,0,0,0,1,0,0,0,0,1,0,1
48073,2294,2193,449,465,1974,0.0,0,8.7,0.0,0,0,0,1,0,0,0,1,0,0,0,0,1,0,1
48083,2296,2194,450,466,1974,0.0,0,8.7,0.0,0,0,0,1,0,0,0,1,0,0,0,0,1,0,1
48093,2296,2192,449,465,1976,0.0,0,8.6,0.0,0,0,0,1,0,0,0,1,0,0,0,0,1,0,1
48103,2296,2193,448,464,1974,0.0,0,8.7,0.0,0,0,0,1,0,0,0,1,0,0,0,0,1,0,1
48113,2296,2196,449,465,1973,0.0,0,8.2,0.0,0,0,0,1,0,0,0,1,0,0,0,0,1,0,1
48123,2296,2193,449,465,1974,0.0,0,8.2,0.0,0,0,0,1,0,0,0,1,0,0,0,0,1,0,1
48133,2295,2193,448,464,1974,0.0,0,8.5,0.0,0,0,0,1,0,0,0,1,0,0,0,0,1,0,1
48143,2296,2193,447,467,1973,0.0,0,8.5,0.0,0,0,0,1,0,0,0,1,0,0,0,0,1,0,1
48153,2295,2194,450,465,1974,0.0,0,8.4,0.0,0,0,0,1,0,0,0,1,0,0,0,0,1,0,1
48163,2296,2193,449,465,1974,0.0,0,8.3,0.0,0,0,0,1,0,0,0,1,0,0,0,0,1,0,1
48173,2296,2193,449,465,1974,0.0,0,8.4,0.0,0,0,0,1,0,0,0,1,0,0,0,0,1,0,1
48183,2295,2193,450,464,1974,0.0,0,8.4,0.0,0,0,0,1,0,0,0,1,0,0,0,0,1,0,1
48193,2295,2193,449,465,1974,0.0,0,8.2,0.0,0,0,0,1,0,0,0,1,0,0,0,0,1,0,1
48203,2295,2193,449,465,1974,0.0,0,8.3,0.0,0,0,0,1,0,0,0,1,0,0,0,0,1,0,1
48213,2295,2193,451,464,1974,0.0,0,8.4,0.0,0,0,0,1,0,0,0,1,0,0,0,0,1,0,1
48223,2295,2192,448,465,1975,0.0,0,8.2,0.0,0,0,0,1,0,0,0,1,0,0,0,0,1,0,1
48233,2295,2193,450,462,1974,0.0,0,8.2,0.0,0,0,0,1,0,0,0,1,0,0,0,0,1,0,1
48243,2295,2193,449,464,1974,0.0,0,8.2,0.0,0,0,0,1,0,0,0,1,0,0,0,0,1,0,1
48253,2295,2193,451,466,1974,0.0,0,8.1,0.0,0,0,0,1,0,0,0,1,0,0,0,0,1,0,1
48263,2296,2193,449,464,1974,0.0,0,8.1,0.0,0,0,0,1,0,0,0,1,0,0,0,0,1,0,1
48273,2296,2193,449,464,1974,0.0,0,8.1,0.0,0,0,0,1,0,0,0,1,0,0,0,0,1,0,1
48295,2294,2192,449,465,1973,0.0,0,8.1,0.0,0,0,0,1,0,0,0,1,0,0,0,0,1,0,1
48305,2295,2192,449,464,1974,0.0,0,8.2,0.0,0,0,0,1,0,0,0,1,0,0,0,0,1,0,1
48315,2298,2192,449,465,1977,0.0,0,8.2,0.0,0,0,0,1,0,0,0,1,0,0,0,0,1,0,1
48325,2295,2192,449,464,1974,0.0,0,7.8,0.0,0,0,0,1,0,0,0,1,0,0,0,0,1,0,1
48335,2295,2192,450,464,1974,0.0,0,7.8,0.0,0,0,0,1,0,0,0,1,0,0,0,0,1,0,1
48345,2295,2192,449,464,1973,0.0,0,7.8,0.0,0,0,0,1,0,0,0,1,0,0,0,0,1,0,1
48355,2294,2190,448,463,1974,0.0,0,7.6,0.0,0,0,0,1,0,0,0,1,0,0,0,0,1,0,1
48365,2295,2192,447,464,1974,0.0,0,7.8,0.0,0,0,0,1,0,0,0,1,0,0,0,0,1,0,1
48375,2297,2193,449,465,1974,0.0,0,7.8,0.0,0,0,0,1,0,0,0,1,0,0,0,0,1,0,1
48385,2295,2192,450,462,1974,0.0,0,7.6,0.0,0,0,0,1,0,0,0,1,0,0,0,0,1,0,1
48395,2293,2192,450,464,1974,0.0,0,7.6,0.0,0,0,0,1,0,0,0,1,0,0,0,0,1,0,1
48405,2295,2193,449,466,1974,0.0,0,7.7,0.0,0,0,0,1,0,0,0,1,0,0,0,0,1,0,1
48415,2295,2193,448,465,1975,0.0,0,7.4,0.0,0,0,0,1,0,0,0,1,0,0,0,0,1,0,1
48425,2294,2192,450,463,1971,0.0,0,7.6,0.0,0,0,0,1,0,0,0,1,0,0,0,0,1,0,1
48435,2295,2193,449,464,1974,0.0,0,7.6,0.0,0,0,0,1,0,0,0,1,0,0,0,0,1,0,1
48445,2295,2193,449,464,1974,0.0,0,7.4,0.0,0,0,0,1,0,0,0,1,0,0,0,0,1,0,1
48455,2295,2193,449,465,1975,0.0,0,7.4,0.0,0,0,0,1,0,0,0,1,0,0,0,0,1,0,1
48465,2298,2193,448,464,1974,0.0,0,7.4,0.0,0,0,0,1,0,0,0,1,0,0,0,0,1,0,1
48475,2296,2196,450,464,1974,0.0,0,7.3,0.0,0,0,0,1,0,0,0,1,0,0,0,0,1,0,1
48485,2296,2195,449,464,1975,0.0,0,7.3,0.0,0,0,0,1,0,0,0,1,0,0,0,0,1,0,1
48495,2298,2193,448,465,1975,0.0,0,7.3,0.0,0,0,0,1,0,0,0,1,0,0,0,0,1,0,1
48505,2295,2193,449,465,1973,0.0,0,7.5,0.0,0,0,0,1,0,0,0,1,0,0,0,0,1,0,1
48515,2295,2193,449,465,1974,0.0,0,7.3,0.0,0,0,0,1,0,0,0,1,0,0,0,0,1,0,1
48525,2295,2193,450,464,1974,0.0,0,7.0,0.0,0,0,0,1,0,0,0,1,0,0,0,0,1,0,1
48535,2295,2193,450,465,1974,0.0,0,7.2,0.0,0,0,0,1,0,0,0,1,0,0,0,0,1,0,1
48545,2295,2192,450,464,1974,0.0,0,7.2,0.0,0,0,0,1,0,0,0,1,0,0,0,0,1,0,1
48555,2296,2193,449,465,1974,0.0,0,7.2,0.0,0,0,0,1,0,0,0,1,0,0,0,0,1,0,1
48565,2294,2193,450,464,1974,0.0,0,7.2,0.0,0,0,0,1,0,0,0,1,0,0,0,0,1,0,1
48575,2295,2193,448,465,1974,0.0,0,7.3,0.0,0,0,0,1,0,0,0,1,0,0,0,0,1,0,1
48585,2294,2193,450,465,1974,0.0,0,7.0,0.0,0,0,0,1,0,0,0,1,0,0,0,0,1,0,1
48595,2295,2193,451,464,1973,0.0,0,7.4,0.0,0,0,0,1,0,0,0,1,0,0,0,0,1,0,1
48605,2296,2192,449,464,1974,0.0,0,6.8,0.0,0,0,0,1,0,0,0,1,0,0,0,0,1,0,1
48615,2296,2193,449,466,1974,0.0,0,6.8,0.0,0,0,0,1,0,0,0,1,0,0,0,0,1,0,1
48625,2295,2193,450,468,1974,0.0,0,7.2,0.0,0,0,0,1,0,0,0,1,0,0,0,0,1,0,1
48635,2295,2194,450,466,1974,0.0,0,6.8,0.0,0,0,0,1,0,0,0,1,0,0,0,0,1,0,1
48645,2296,2192,447,464,1974,0.0,0,7.0,0.0,0,0,0,1,0,0,0,1,0,0,0,0,1,0,1
48655,2295,2193,449,465,1974,0.0,0,6.9,0.0,0,0,0,1,0,0,0,1,0,0,0,0,1,0,1
48665,2297,2193,449,466,1974,0.0,0,6.5,0.0,0,0,0,1,0,0,0,1,0,0,0,0,1,0,1
48675,2296,2193,450,465,1973,0.0,0,6.5,0.0,0,0,0,1,0,0,0,1,0,0,0,0,1,0,1
48685,2296,2193,449,465,1973,0.0,0,6.6,0.0,0,0,0,1,0,0,0,1,0,0,0,0,1,0,1
48695,2296,2193,450,465,1973,0.0,0,6.8,0.0,0,0,0,1,0,0,0,1,0,0,0,0,1,0,1
48705,2296,2193,451,468,1972,0.0,0,6.8,0.0,0,0,0,1,0,0,0,1,0,0,0,0,1,0,1
48715,2295,2193,449,465,1973,0.0,0,6.7,0.0,0,0,0,1,0,0,0,1,0,0,0,0,1,0,1
48725,2296,2193,449,463,1974,0.0,0,6.6,0.0,0,0,0,1,0,0,0,1,0,0,0,0,1,0,1
48735,2295,2192,449,465,1972,0.0,0,6.6,0.0,0,0,0,1,0,0,0,1,0,0,0,0,1,0,1
48745,2296,2193,450,465,1974,0.0,0,6.8,0.0,0,0,0,1,0,0,0,1,0,0,0,0,1,0,1
48755,2292,2193,448,464,1974,0.0,0,6.5,0.0,0,0,0,1,0,0,0,1,0,0,0,0,1,0,1
48765,2295,2190,449,465,1973,0.0,0,6.6,0.0,0,0,0,1,0,0,0,1,0,0,0,0,1,0,1
48775,2296,2192,448,465,1974,0.0,0,6.3,0.0,0,0,0,1,0,0,0,1,0,0,0,0,1,0,1
48785,2297,2193,450,464,1974,0.0,0,6.5,0.0,0,0,0,1,0,0,0,1,0,0,0,0,1,0,1
48795,2295,2195,448,464,1974,0.0,0,6.5,0.0,0,0,0,1,0,0,0,1,0,0,0,0,1,0,1
48805,2293,2193,449,464,1978,0.0,0,6.4,0.0,0,0,0,1,0,0,0,1,0,0,0,0,1,0,1
48815,2295,2193,449,464,1974,0.0,0,6.4,0.0,0,0,0,1,0,0,0,1,0,0,0,0,1,0,1
48825,2295,2193,450,464,1975,0.0,0,6.2,0.0,0,0,0,1,0,0,0,1,0,0,0,0,1,0,1
48835,2296,2193,449,465,1974,0.0,0,6.4,0.0,0,0,0,1,0,0,0,1,0,0,0,0,1,0,1
48845,2298,2193,449,463,1974,0.0,0,6.2,0.0,0,0,0,1,0,0,0,1,0,0,0,0,1,0,1
48855,2295,2193,449,463,1974,0.0,0,6.2,0.0,0,0,0,1,0,0,0,1,0,0,0,0,1,0,1
48865,2296,2191,451,464,1974,0.0,0,6.3,0.0,0,0,0,1,0,0,0,1,0,0,0,0,1,0,1
48875,2295,2193,450,465,1974,0.0,0,6.1,0.0,0,0,0,1,0,0,0,1,0,0,0,0,1,0,1
48885,2294,2192,449,465,1975,0.0,0,6.2,0.0,0,0,0,1,0,0,0,1,0,0,0,0,1,0,1
48895,2291,2193,448,463,1974,0.0,0,6.1,0.0,0,0,0,1,0,0,0,1,0,0,0,0,1,0,1
48905,2294,2193,449,464,1976,0.0,0,6.1,0.0,0,0,0,1,0,0,0,1,0,0,0,0,1,0,1
48915,2295,2192,450,466,1975,0.0,0,6.1,0.0,0,0,0,1,0,0,0,1,0,0,0,0,1,0,1
48925,2295,2193,451,465,1974,0.0,0,6.4,0.0,0,0,0,1,0,0,0,1,0,0,0,0,1,0,1
48935,2295,2193,448,463,1974,0.0,0,6.1,0.0,0,0,0,1,0,0,0,1,0,0,0,0,1,0,1
48945,2296,2193,450,466,1974,0.0,0,6.2,0.0,0,0,0,1,0,0,0,1,0,0,0,0,1,0,1
48955,2295,2193,449,465,1973,0.0,0,6.2,0.0,0,0,0,1,0,0,0,1,0,0,0,0,1,0,1
48965,2295,2194,450,463,1974,0.0,0,6.1,0.0,0,0,0,1,0,0,0,1,0,0,0,0,1,0,1
48975,2296,2193,449,464,1974,0.0,0,6.1,0.0,0,0,0,1,0,0,0,1,0,0,0,0,1,0,1
48985,2298,2193,451,465,1975,0.0,0,5.9,0.0,0,0,0,1,0,0,0,1,0,0,0,0,1,0,1
48995,2296,2193,449,465,1974,0.0,0,6.2,0.0,0,0,0,1,0,0,0,1,0,0,0,0,1,0,1
49005,2294,2193,449,466,1974,0.0,0,5.8,0.0,0,0,0,1,0,0,0,1,0,0,0,0,1,0,1
49015,2295,2193,447,466,1974,0.0,0,6.1,0.0,0,0,0,1,0,0,0,1,0,0,0,0,1,0,1
49025,2297,2193,449,464,1975,0.0,0,5.8,0.0,0,0,0,1,0,0,0,1,0,0,0,0,1,0,1
49035,2295,2193,450,466,1974,0.0,0,5.8,0.0,0,0,0,1,0,0,0,1,0,0,0,0,1,0,1
49045,2295,2193,446,466,1975,0.0,0,5.9,0.0,0,0,0,1,0,0,0,1,0,0,0,0,1,0,1
49055,2295,2193,449,465,1974,0.0,0,5.9,0.0,0,0,0,1,0,0,0,1,0,0,0,0,1,0,1
49065,2296,2193,449,464,1974,0.0,0,5.8,0.0,0,0,0,1,0,0,0,1,0,0,0,0,1,0,1
49075,2296,2193,449,466,1973,0.0,0,5.8,0.0,0,0,0,1,0,0,0,1,0,0,0,0,1,0,1
49085,2300,2193,448,461,1974,0.0,0,5.9,0.0,0,0,0,1,0,0,0,1,0,0,0,0,1,0,1
49095,2296,2193,450,464,1974,0.0,0,5.9,0.0,0,0,0,1,0,0,0,1,0,0,0,0,1,0,1
49105,2296,2193,449,465,1974,0.0,0,5.9,0.0,0,0,0,1,0,0,0,1,0,0,0,0,1,0,1
49115,2294,2192,450,465,1973,0.0,0,5.7,0.0,0,0,0,1,0,0,0,1,0,0,0,0,1,0,1
49125,2295,2195,450,465,1972,0.0,0,5.9,0.0,0,0,0,1,0,0,0,1,0,0,0,0,1,0,1
49135,2295,2193,451,465,1974,0.0,0,5.9,0.0,0,0,0,1,0,0,0,1,0,0,0,0,1,0,1
49145,2296,2192,449,465,1973,0.0,0,5.8,0.0,0,0,0,1,0,0,0,1,0,0,0,0,1,0,1
49155,2296,2193,451,464,1974,0.0,0,5.8,0.0,0,0,0,1,0,0,0,1,0,0,0,0,1,0,1
49165,2295,2193,449,465,1976,0.0,0,5.6,0.0,0,0,0,1,0,0,0,1,0,0,0,0,1,0,1
49175,2296,2193,448,465,1974,0.0,0,5.6,0.0,0,0,0,1,0,0,0,1,0,0,0,0,1,0,1
49185,2295,2193,450,467,1974,0.0,0,5.7,0.0,0,0,0,1,0,0,0,1,0,0,0,0,1,0,1
49195,2295,2193,452,465,1973,0.0,0,5.7,0.0,0,0,0,1,0,0,0,1,0,0,0,0,1,0,1
49205,2295,2193,449,463,1974,0.0,0,5.6,0.0,0,0,0,1,0,0,0,1,0,0,0,0,1,0,1
49215,2296,2193,449,465,1974,0.0,0,5.6,0.0,0,0,0,1,0,0,0,1,0,0,0,0,1,0,1
49225,2298,2193,449,467,1973,0.0,0,5.5,0.0,0,0,0,1,0,0,0,1,0,0,0,0,1,0,1
49235,2295,2193,450,466,1973,0.0,0,5.6,0.0,0,0,0,1,0,0,0,1,0,0,0,0,1,0,1
49245,2295,2192,449,463,1974,0.0,0,5.5,0.0,0,0,0,1,0,0,0,1,0,0,0,0,1,0,1
49255,2295,2193,449,463,1974,0.0,0,5.4,0.0,0,0,0,1,0,0,0,1,0,0,0,0,1,0,1
49265,2297,2193,448,464,1974,0.0,0,5.5,0.0,0,0,0,1,0,0,0,1,0,0,0,0,1,0,1
49275,2295,2195,449,465,1973,0.0,0,5.5,0.0,0,0,0,1,0,0,0,1,0,0,0,0,1,0,1
49285,2295,2192,450,463,1974,0.0,0,5.2,0.0,0,0,0,1,0,0,0,1,0,0,0,0,1,0,1
49295,2297,2192,449,465,1974,0.0,0,5.4,0.0,0,0,0,1,0,0,0,1,0,0,0,0,1,0,1
49305,2295,2192,450,465,1977,0.0,0,5.7,0.0,0,0,0,1,0,0,0,1,0,0,0,0,1,0,1
49315,2291,2192,447,465,1974,0.0,0,5.4,0.0,0,0,0,1,0,0,0,1,0,0,0,0,1,0,1
49325,2295,2192,450,463,1974,0.0,0,4.9,0.0,0,0,0,1,0,0,0,1,0,0,0,0,1,0,1
49335,2294,2192,450,465,1973,0.0,0,4.9,0.0,0,0,0,1,0,0,0,1,0,0,0,0,1,0,1
49345,2294,2192,450,464,1973,0.0,0,5.2,0.0,0,0,0,1,0,0,0,1,0,0,0,0,1,0,1
49356,2295,2191,448,463,1973,0.0,0,5.4,0.0,0,0,0,1,0,0,0,1,0,0,0,0,1,0,1
49366,2295,2193,449,465,1973,0.0,0,5.1,0.0,0,0,0,1,0,0,0,1,0,0,0,0,1,0,1
49376,2296,2192,450,463,1974,0.0,0,5.2,0.0,0,0,0,1,0,0,0,1,0,0,0,0,1,0,1
49386,2294,2189,448,464,1975,0.0,0,5.2,0.0,0,0,0,1,0,0,0,1,0,0,0,0,1,0,1
49397,2296,2191,451,464,1974,0.0,0,5.0,0.0,0,0,0,1,0,0,0,1,0,0,0,0,1,0,1
49407,2295,2193,450,464,1974,0.0,0,5.0,0.0,0,0,0,1,0,0,0,1,0,0,0,0,1,0,1
49417,2295,2192,449,464,1975,0.0,0,5.2,0.0,0,0,0,1,0,0,0,1,0,0,0,0,1,0,1
49427,2295,2193,451,465,1974,0.0,0,4.9,0.0,0,0,0,1,0,0,0,1,0,0,0,0,1,0,1
49437,2295,2193,449,466,1976,0.0,0,5.1,0.0,0,0,0,1,0,0,0,1,0,0,0,0,1,0,1
49447,2296,2196,450,464,1974,0.0,0,5.0,0.0,0,0,0,1,0,0,0,1,0,0,0,0,1,0,1
49457,2296,2193,448,465,1974,0.0,0,5.0,0.0,0,0,0,1,0,0,0,1,0,0,0,0,1,0,1
49467,2295,2193,451,465,1974,0.0,0,4.9,0.0,0,0,0,1,0,0,0,1,0,0,0,0,1,0,1
49477,2292,2192,449,464,1973,0.0,0,4.9,0.0,0,0,0,1,0,0,0,1,0,0,0,0,1,0,1
49487,2296,2193,451,465,1975,0.0,0,4.9,0.0,0,0,0,1,0,0,0,1,0,0,0,0,1,0,1
49497,2295,2192,449,464,1975,0.0,0,4.8,0.0,0,0,0,1,0,0,0,1,0,0,0,0,1,0,1
49507,2296,2193,451,463,1974,0.0,0,4.8,0.0,0,0,0,1,0,0,0,1,0,0,0,0,1,0,1
49517,2296,2192,449,466,1975,0.0,0,4.9,0.0,0,0,0,1,0,0,0,1,0,0,0,0,1,0,1
49527,2295,2192,449,464,1976,0.0,0,4.9,0.0,0,0,0,1,0,0,0,1,0,0,0,0,1,0,1
49537,2296,2192,450,465,1974,0.0,0,4.8,0.0,0,0,0,1,0,0,0,1,0,0,0,0,1,0,1
49547,2294,2193,451,465,1974,0.0,0,5.0,0.0,0,0,0,1,0,0,0,1,0,0,0,0,1,0,1
49558,2296,2193,449,463,1975,0.0,0,4.9,0.0,0,0,0,1,0,0,0,1,0,0,0,0,1,0,1
49568,2295,2193,449,465,1973,0.0,0,4.7,0.0,0,0,0,1,0,0,0,1,0,0,0,0,1,0,1
49578,2296,2193,448,464,1974,0.0,0,4.8,0.0,0,0,0,1,0,0,0,1,0,0,0,0,1,0,1
49588,2295,2193,448,463,1974,0.0,0,4.8,0.0,0,0,0,1,0,0,0,1,0,0,0,0,1,0,1
49598,2295,2192,449,465,1974,0.0,0,4.8,0.0,0,0,0,1,0,0,0,1,0,0,0,0,1,0,1
49608,2296,2193,449,464,1974,0.0,0,4.5,0.0,0,0,0,1,0,0,0,1,0,0,0,0,1,0,1
49618,2295,2195,449,463,1974,0.0,0,5.0,0.0,0,0,0,1,0,0,0,1,0,0,0,0,1,0,1
49628,2295,2193,449,465,1974,0.0,0,4.6,0.0,0,0,0,1,0,0,0,1,0,0,0,0,1,0,1
49638,2295,2193,450,465,1975,0.0,0,4.6,0.0,0,0,0,1,0,0,0,1,0,0,0,0,1,0,1
49648,2297,2193,451,463,1973,0.0,0,4.6,0.0,0,0,0,1,0,0,0,1,0,0,0,0,1,0,1
49658,2296,2193,448,464,1974,0.0,0,4.8,0.0,0,0,0,1,0,0,0,1,0,0,0,0,1,0,1
49668,2296,2193,450,465,1974,0.0,0,4.6,0.0,0,0,0,1,0,0,0,1,0,0,0,0,1,0,1
49678,2296,2193,449,464,1974,0.0,0,4.5,0.0,0,0,0,1,0,0,0,1,0,0,0,0,1,0,1
49688,2295,2183,448,465,1974,0.0,0,4.5,0.0,0,0,0,1,0,0,0,1,0,0,0,0,1,0,1
49698,2296,2193,449,464,1974,0.0,0,5.0,0.0,0,0,0,1,0,0,0,1,0,0,0,0,1,0,1
49708,2296,2193,450,466,1973,0.0,0,4.6,0.0,0,0,0,1,0,0,0,1,0,0,0,0,1,0,1
49718,2296,2193,450,449,1974,0.0,0,4.6,0.0,0,0,0,1,0,0,0,1,0,0,0,0,1,0,1
49728,2295,2192,450,462,1973,0.0,0,4.2,0.0,0,0,0,1,0,0,0,1,0,0,0,0,1,0,1
49738,2295,2193,449,464,1974,0.0,0,4.4,0.0,0,0,0,1,0,0,0,1,0,0,0,0,1,0,1
49748,2299,2194,450,465,1974,0.0,0,4.9,0.0,0,0,0,1,0,0,0,1,0,0,0,0,1,0,1
49758,2295,2193,451,466,1974,0.0,0,4.4,0.0,0,0,0,1,0,0,0,1,0,0,0,0,1,0,1
49768,2296,2193,450,465,1974,0.0,0,4.4,0.0,0,0,0,1,0,0,0,1,0,0,0,0,1,0,1
49778,2296,2193,450,462,1974,0.0,0,4.2,0.0,0,0,0,1,0,0,0,1,0,0,0,0,1,0,1
49788,2296,2193,448,464,1974,0.0,0,4.1,0.0,0,0,0,1,0,0,0,1,0,0,0,0,1,0,1
49798,2296,2193,447,466,1974,0.0,0,4.4,0.0,0,0,0,1,0,0,0,1,0,0,0,0,1,0,1
49808,2296,2193,449,464,1974,0.0,0,4.2,0.0,0,0,0,1,0,0,0,1,0,0,0,0,1,0,1
49818,2296,2196,449,465,1975,0.0,0,4.4,0.0,0,0,0,1,0,0,0,1,0,0,0,0,1,0,1
49828,2295,2192,449,463,1975,0.0,0,4.4,0.0,0,0,0,1,0,0,0,1,0,0,0,0,1,0,1
49838,2294,2193,450,464,1975,0.0,0,4.2,0.0,0,0,0,1,0,0,0,1,0,0,0,0,1,0,1
49848,2295,2193,449,465,1974,0.0,0,4.2,0.0,0,0,0,1,0,0,0,1,0,0,0,0,1,0,1
49858,2295,2192,450,464,1977,0.0,0,4.4,0.0,0,0,0,1,0,0,0,1,0,0,0,0,1,0,1
49868,2295,2193,449,464,1974,0.0,0,4.3,0.0,0,0,0,1,0,0,0,1,0,0,0,0,1,0,1
49878,2295,2193,450,464,1974,0.0,0,4.3,0.0,0,0,0,1,0,0,0,1,0,0,0,0,1,0,1
49888,2294,2192,449,465,1972,0.0,0,4.3,0.0,0,0,0,1,0,0,0,1,0,0,0,0,1,0,1
49898,2296,2193,450,464,1975,0.0,0,4.2,0.0,0,0,0,1,0,0,0,1,0,0,0,0,1,0,1
49908,2296,2193,449,465,1974,0.0,0,4.3,0.0,0,0,0,1,0,0,0,1,0,0,0,0,1,0,1
49918,2295,2193,450,465,1974,0.0,0,4.3,0.0,0,0,0,1,0,0,0,1,0,0,0,0,1,0,1
49928,2295,2193,449,464,1974,0.0,0,4.2,0.0,0,0,0,1,0,0,0,1,0,0,0,0,1,0,1
49938,2295,2193,450,465,1974,0.0,0,4.3,0.0,0,0,0,1,0,0,0,1,0,0,0,0,1,0,1
49948,2295,2192,449,462,1973,0.0,0,4.0,0.0,0,0,0,1,0,0,0,1,0,0,0,0,1,0,1
49958,2296,2192,449,464,1974,0.0,0,4.0,0.0,0,0,0,1,0,0,0,1,0,0,0,0,1,0,1
49968,2294,2193,449,467,1974,0.0,0,4.0,0.0,0,0,0,1,0,0,0,1,0,0,0,0,1,0,1
49978,2295,2192,450,465,1974,0.0,0,4.2,0.0,0,0,0,1,0,0,0,1,0,0,0,0,1,0,1
49988,2295,2193,451,466,1974,0.0,0,4.2,0.0,0,0,0,1,0,0,0,1,0,0,0,0,1,0,1
49998,2295,2193,450,465,1975,0.0,0,4.1,0.0,0,0,0,1,0,0,0,1,0,0,0,0,1,0,1
50008,2295,2192,447,464,1974,0.0,0,4.1,0.0,0,0,0,1,0,0,0,1,0,0,0,0,1,0,1
50018,2294,2192,450,463,1974,0.0,0,4.0,0.0,0,0,0,1,0,0,0,1,0,0,0,0,1,0,1
50028,2295,2193,450,465,1974,0.0,0,4.0,0.0,0,0,0,1,0,0,0,1,0,0,0,0,1,0,1
50038,2294,2193,449,468,1975,0.0,0,4.1,0.0,0,0,0,1,0,0,0,1,0,0,0,0,1,0,1
50048,2291,2192,449,465,1974,0.0,0,4.0,0.0,0,0,0,1,0,0,0,1,0,0,0,0,1,0,1
50058,2297,2193,449,466,1974,0.0,0,4.1,0.0,0,0,0,1,0,0,0,1,0,0,0,0,1,0,1
50068,2296,2193,449,463,1974,0.0,0,4.0,0.0,0,0,0,1,0,0,0,1,0,0,0,0,1,0,1
50078,2297,2193,449,464,1974,0.0,0,4.1,0.0,0,0,0,1,0,0,0,1,0,0,0,0,1,0,1
50088,2295,2193,449,464,1974,0.0,0,4.1,0.0,0,0,0,1,0,0,0,1,0,0,0,0,1,0,1
50098,2296,2193,449,464,1974,0.0,0,4.2,0.0,0,0,0,1,0,0,0,1,0,0,0,0,1,0,1
50108,2295,2193,450,464,1974,0.0,0,4.2,0.0,0,0,0,1,0,0,0,1,0,0,0,0,1,0,1
50118,2295,2194,450,465,1974,0.0,0,3.8,0.0,0,0,0,1,0,0,0,1,0,0,0,0,1,0,1
50128,2296,2193,450,465,1974,0.0,0,4.0,0.0,0,0,0,1,0,0,0,1,0,0,0,0,1,0,1
50138,2294,2193,450,464,1972,0.0,0,4.1,0.0,0,0,0,1,0,0,0,1,0,0,0,0,1,0,1
50148,2295,2193,447,462,1973,0.0,0,3.7,0.0,0,0,0,1,0,0,0,1,0,0,0,0,1,0,1
50158,2296,2193,450,464,1974,0.0,0,3.7,0.0,0,0,0,1,0,0,0,1,0,0,0,0,1,0,1
50168,2296,2193,449,465,1974,0.0,0,3.8,0.0,0,0,0,1,0,0,0,1,0,0,0,0,1,0,1
50178,2295,2194,450,464,1975,0.0,0,3.7,0.0,0,0,0,1,0,0,0,1,0,0,0,0,1,0,1
50188,2295,2193,448,465,1975,0.0,0,4.0,0.0,0,0,0,1,0,0,0,1,0,0,0,0,1,0,1
50198,2295,2193,449,465,1974,0.0,0,4.0,0.0,0,0,0,1,0,0,0,1,0,0,0,0,1,0,1
50208,2295,2193,450,464,1974,0.0,0,3.9,0.0,0,0,0,1,0,0,0,1,0,0,0,0,1,0,1
50218,2296,2193,448,464,1974,0.0,0,3.9,0.0,0,0,0,1,0,0,0,1,0,0,0,0,1,0,1
50228,2296,2193,449,466,1973,0.0,0,3.7,0.0,0,0,0,1,0,0,0,1,0,0,0,0,1,0,1
50238,2295,2193,449,465,1974,0.0,0,3.7,0.0,0,0,0,1,0,0,0,1,0,0,0,0,1,0,1
50248,2295,2193,449,465,1974,0.0,0,3.9,0.0,0,0,0,1,0,0,0,1,0,0,0,0,1,0,1
50258,2295,2193,450,465,1974,0.0,0,3.8,0.0,0,0,0,1,0,0,0,1,0,0,0,0,1,0,1
50268,2296,2193,450,465,1973,0.0,0,3.9,0.0,0,0,0,1,0,0,0,1,0,0,0,0,1,0,1
50278,2296,2193,448,464,1974,0.0,0,3.7,0.0,0,0,0,1,0,0,0,1,0,0,0,0,1,0,1
50288,2294,2193,452,464,1973,0.0,0,3.7,0.0,0,0,0,1,0,0,0,1,0,0,0,0,1,0,1
50298,2294,2192,449,464,1974,0.0,0,3.7,0.0,0,0,0,1,0,0,0,1,0,0,0,0,1,0,1
50308,2293,2193,449,465,1974,0.0,0,3.8,0.0,0,0,0,1,0,0,0,1,0,0,0,0,1,0,1
50318,2294,2193,449,464,1974,0.0,0,3.5,0.0,0,0,0,1,0,0,0,1,0,0,0,0,1,0,1
50328,2295,2193,449,465,1974,0.0,0,3.7,0.0,0,0,0,1,0,0,0,1,0,0,0,0,1,0,1
50338,2293,2192,449,465,1974,0.0,0,3.5,0.0,0,0,0,1,0,0,0,1,0,0,0,0,1,0,1
50348,2295,2192,449,464,1975,0.0,0,3.7,0.0,0,0,0,1,0,0,0,1,0,0,0,0,1,0,1
50358,2295,2192,450,465,1974,0.0,0,3.7,0.0,0,0,0,1,0,0,0,1,0,0,0,0,1,0,1
50368,2296,2192,449,464,1973,0.0,0,3.7,0.0,0,0,0,1,0,0,0,1,0,0,0,0,1,0,1
50378,2295,2192,452,464,1972,0.0,0,3.7,0.0,0,0,0,1,0,0,0,1,0,0,0,0,1,0,1
50388,2295,2192,451,465,1974,0.0,0,3.3,0.0,0,0,0,1,0,0,0,1,0,0,0,0,1,0,1
50398,2295,2193,450,466,1974,0.0,0,3.5,0.0,0,0,0,1,0,0,0,1,0,0,0,0,1,0,1
50408,2295,2191,448,465,1974,0.0,0,3.5,0.0,0,0,0,1,0,0,0,1,0,0,0,0,1,0,1
50418,2295,2192,450,467,1973,0.0,0,3.5,0.0,0,0,0,1,0,0,0,1,0,0,0,0,1,0,1
50428,2295,2192,450,464,1974,0.0,0,3.5,0.0,0,0,0,1,0,0,0,1,0,0,0,0,1,0,1
50438,2295,2190,452,464,1974,0.0,0,3.3,0.0,0,0,0,1,0,0,0,1,0,0,0,0,1,0,1
50448,2296,2192,451,464,1974,0.0,0,3.3,0.0,0,0,0,1,0,0,0,1,0,0,0,0,1,0,1
50458,2295,2193,451,463,1974,0.0,0,3.4,0.0,0,0,0,1,0,0,0,1,0,0,0,0,1,0,1
50468,2298,2193,451,464,1975,0.0,0,3.4,0.0,0,0,0,1,0,0,0,1,0,0,0,0,1,0,1
50478,2299,2193,449,465,1974,0.0,0,3.2,0.0,0,0,0,1,0,0,0,1,0,0,0,0,1,0,1
50488,2297,2191,450,464,1975,0.0,0,3.2,0.0,0,0,0,1,0,0,0,1,0,0,0,0,1,0,1
50498,2295,2193,450,465,1975,0.0,0,3.2,0.0,0,0,0,1,0,0,0,1,0,0,0,0,1,0,1
50508,2296,2193,449,464,1974,0.0,0,3.3,0.0,0,0,0,1,0,0,0,1,0,0,0,0,1,0,1
50518,2295,2192,447,466,1974,0.0,0,3.3,0.0,0,0,0,1,0,0,0,1,0,0,0,0,1,0,1
50528,2294,2193,449,464,1974,0.0,0,3.3,0.0,0,0,0,1,0,0,0,1,0,0,0,0,1,0,1
50538,2295,2193,453,465,1974,0.0,0,3.3,0.0,0,0,0,1,0,0,0,1,0,0,0,0,1,0,1
50548,2295,2192,450,464,1973,0.0,0,3.3,0.0,0,0,0,1,0,0,0,1,0,0,0,0,1,0,1
50558,2295,2193,450,464,1974,0.0,0,3.3,0.0,0,0,0,1,0,0,0,1,0,0,0,0,1,0,1
50568,2296,2193,450,466,1973,0.0,0,3.5,0.0,0,0,0,1,0,0,0,1,0,0,0,0,1,0,1
50578,2295,2193,449,465,1974,0.0,0,3.2,0.0,0,0,0,1,0,0,0,1,0,0,0,0,1,0,1
50588,2295,2196,450,465,1973,0.0,0,3.2,0.0,0,0,0,1,0,0,0,1,0,0,0,0,1,0,1
50598,2296,2192,449,465,1974,0.0,0,3.1,0.0,0,0,0,1,0,0,0,1,0,0,0,0,1,0,1
50608,2295,2193,449,465,1977,0.0,0,3.1,0.0,0,0,0,1,0,0,0,1,0,0,0,0,1,0,1
50618,2295,2192,450,464,1973,0.0,0,3.4,0.0,0,0,0,1,0,0,0,1,0,0,0,0,1,0,1
50628,2297,2193,449,464,1974,0.0,0,3.3,0.0,0,0,0,1,0,0,0,1,0,0,0,0,1,0,1
50638,2296,2192,449,464,1974,0.0,0,3.1,0.0,0,0,0,1,0,0,0,1,0,0,0,0,1,0,1
50648,2296,2192,450,463,1974,0.0,0,3.1,0.0,0,0,0,1,0,0,0,1,0,0,0,0,1,0,1
50658,2296,2193,449,465,1974,0.0,0,3.1,0.0,0,0,0,1,0,0,0,1,0,0,0,0,1,0,1
50668,2296,2192,448,465,1974,0.0,0,3.1,0.0,0,0,0,1,0,0,0,1,0,0,0,0,1,0,1
50678,2295,2193,450,464,1974,0.0,0,3.1,0.0,0,0,0,1,0,0,0,1,0,0,0,0,1,0,1
50688,2296,2193,450,464,1973,0.0,0,3.1,0.0,0,0,0,1,0,0,0,1,0,0,0,0,1,0,1
50698,2296,2192,450,463,1971,0.0,0,3.3,0.0,0,0,0,1,0,0,0,1,0,0,0,0,1,0,1
50708,2295,2193,450,465,1973,0.0,0,3.2,0.0,0,0,0,1,0,0,0,1,0,0,0,0,1,0,1
50718,2295,2192,450,466,1974,0.0,0,3.2,0.0,0,0,0,1,0,0,0,1,0,0,0,0,1,0,1
50729,2296,2193,449,465,1972,0.0,0,3.7,0.0,0,0,0,1,0,0,0,1,0,0,0,0,1,0,1
50739,2296,2194,450,464,1974,0.0,0,3.7,0.0,0,0,0,1,0,0,0,1,0,0,0,0,1,0,1
50749,2296,2193,449,465,1974,0.0,0,2.9,0.0,0,0,0,1,0,0,0,1,0,0,0,0,1,0,1
50759,2295,2193,451,464,1974,0.0,0,3.0,0.0,0,0,0,1,0,0,0,1,0,0,0,0,1,0,1
50769,2296,2193,450,465,1974,0.0,0,2.9,0.0,0,0,0,1,0,0,0,1,0,0,0,0,1,0,1
50780,2295,2192,451,464,1973,0.0,0,3.1,0.0,0,0,0,1,0,0,0,1,0,0,0,0,1,0,1
50790,2295,2192,450,464,1975,0.0,0,3.1,0.0,0,0,0,1,0,0,0,1,0,0,0,0,1,0,1
50800,2296,2193,449,465,1972,0.0,0,3.1,0.0,0,0,0,1,0,0,0,1,0,0,0,0,1,0,1
50810,2295,2193,451,465,1974,0.0,0,3.1,0.0,0,0,0,1,0,0,0,1,0,0,0,0,1,0,1
50820,2295,2193,447,464,1974,0.0,0,3.1,0.0,0,0,0,1,0,0,0,1,0,0,0,0,1,0,1
50830,2295,2193,450,465,1974,0.0,0,2.9,0.0,0,0,0,1,0,0,0,1,0,0,0,0,1,0,1
50840,2295,2192,450,464,1974,0.0,0,2.9,0.0,0,0,0,1,0,0,0,1,0,0,0,0,1,0,1
50850,2295,2194,449,465,1974,0.0,0,3.0,0.0,0,0,0,1,0,0,0,1,0,0,0,0,1,0,1
50860,2296,2192,450,465,1975,0.0,0,3.0,0.0,0,0,0,1,0,0,0,1,0,0,0,0,1,0,1
50870,2295,2193,448,463,1974,0.0,0,2.9,0.0,0,0,0,1,0,0,0,1,0,0,0,0,1,0,1
50880,2295,2192,450,465,1974,0.0,0,2.8,0.0,0,0,0,1,0,0,0,1,0,0,0,0,1,0,1
50890,2295,2193,450,463,1975,0.0,0,3.1,0.0,0,0,0,1,0,0,0,1,0,0,0,0,1,0,1
50900,2296,2193,446,465,1975,0.0,0,2.7,0.0,0,0,0,1,0,0,0,1,0,0,0,0,1,0,1
50910,2295,2192,450,464,1974,0.0,0,2.9,0.0,0,0,0,1,0,0,0,1,0,0,0,0,1,0,1
50920,2295,2195,445,464,1974,0.0,0,2.9,0.0,0,0,0,1,0,0,0,1,0,0,0,0,1,0,1
50930,2295,2193,450,465,1974,0.0,0,2.9,0.0,0,0,0,1,0,0,0,1,0,0,0,0,1,0,1
50940,2295,2192,450,465,1976,0.0,0,3.0,0.0,0,0,0,1,0,0,0,1,0,0,0,0,1,0,1
50950,2296,2193,449,464,1975,0.0,0,2.8,0.0,0,0,0,1,0,0,0,1,0,0,0,0,1,0,1
50960,2296,2192,450,468,1974,0.0,0,2.9,0.0,0,0,0,1,0,0,0,1,0,0,0,0,1,0,1
50970,2296,2191,449,464,1974,0.0,0,2.9,0.0,0,0,0,1,0,0,0,1,0,0,0,0,1,0,1
50980,2296,2193,449,465,1977,0.0,0,2.9,0.0,0,0,0,1,0,0,0,1,0,0,0,0,1,0,1
50990,2295,2193,450,463,1975,0.0,0,3.0,0.0,0,0,0,1,0,0,0,1,0,0,0,0,1,0,1
51000,2295,2193,451,465,1974,0.0,0,2.8,0.0,0,0,0,1,0,0,0,1,0,0,0,0,1,0,1
51010,2295,2192,450,463,1975,0.0,0,3.1,0.0,0,0,0,1,0,0,0,1,0,0,0,0,1,0,1
51020,2295,2192,449,464,1975,0.0,0,2.9,0.0,0,0,0,1,0,0,0,1,0,0,0,0,1,0,1
51030,2295,2193,449,464,1974,0.0,0,2.8,0.0,0,0,0,1,0,0,0,1,0,0,0,0,1,0,1
51040,2295,2193,449,466,1975,0.0,0,2.8,0.0,0,0,0,1,0,0,0,1,0,0,0,0,1,0,1
51050,2295,2193,449,466,1975,0.0,0,2.8,0.0,0,0,0,1,0,0,0,1,0,0,0,0,1,0,1
51060,2295,2193,449,465,1973,0.0,0,2.7,0.0,0,0,0,1,0,0,0,1,0,0,0,0,1,0,1
51070,2295,2194,449,465,1973,0.0,0,3.0,0.0,0,0,0,1,0,0,0,1,0,0,0,0,1,0,1
51080,2295,2193,450,464,1972,0.0,0,3.0,0.0,0,0,0,1,0,0,0,1,0,0,0,0,1,0,1
51090,2295,2193,447,465,1974,0.0,0,2.7,0.0,0,0,0,1,0,0,0,1,0,0,0,0,1,0,1
51100,2295,2193,449,464,1974,0.0,0,2.7,0.0,0,0,0,1,0,0,0,1,0,0,0,0,1,0,1
51110,2298,2193,450,465,1974,0.0,0,2.7,0.0,0,0,0,1,0,0,0,1,0,0,0,0,1,0,1
51120,2295,2193,451,464,1972,0.0,0,2.9,0.0,0,0,0,1,0,0,0,1,0,0,0,0,1,0,1
51130,2297,2193,449,464,1974,0.0,0,2.8,0.0,0,0,0,1,0,0,0,1,0,0,0,0,1,0,1
51140,2295,2194,449,465,1974,0.0,0,2.7,0.0,0,0,0,1,0,0,0,1,0,0,0,0,1,0,1
51150,2295,2193,450,464,1974,0.0,0,2.6,0.0,0,0,0,1,0,0,0,1,0,0,0,0,1,0,1
51160,2296,2196,450,465,1974,0.0,0,2.7,0.0,0,0,0,1,0,0,0,1,0,0,0,0,1,0,1
51170,2296,2191,450,464,1974,0.0,0,2.7,0.0,0,0,0,1,0,0,0,1,0,0,0,0,1,0,1
51180,2296,2193,450,465,1974,0.0,0,2.7,0.0,0,0,0,1,0,0,0,1,0,0,0,0,1,0,1
51190,2295,2193,451,463,1974,0.0,0,2.7,0.0,0,0,0,1,0,0,0,1,0,0,0,0,1,0,1
51200,2295,2193,450,465,1974,0.0,0,2.7,0.0,0,0,0,1,0,0,0,1,0,0,0,0,1,0,1
51210,2295,2193,449,465,1971,0.0,0,2.7,0.0,0,0,0,1,0,0,0,1,0,0,0,0,1,0,1
51220,2296,2194,449,464,1974,0.0,0,2.5,0.0,0,0,0,1,0,0,0,1,0,0,0,0,1,0,1
51230,2296,2192,449,466,1974,0.0,0,2.5,0.0,0,0,0,1,0,0,0,1,0,0,0,0,1,0,1
51240,2295,2193,450,465,1974,0.0,0,2.7,0.0,0,0,0,1,0,0,0,1,0,0,0,0,1,0,1
51250,2294,2193,446,465,1974,0.0,0,2.9,0.0,0,0,0,1,0,0,0,1,0,0,0,0,1,0,1
51260,2295,2193,451,465,1974,0.0,0,2.5,0.0,0,0,0,1,0,0,0,1,0,0,0,0,1,0,1
51270,2294,2193,450,465,1973,0.0,0,2.8,0.0,0,0,0,1,0,0,0,1,0,0,0,0,1,0,1
51280,2296,2193,449,464,1973,0.0,0,2.8,0.0,0,0,0,1,0,0,0,1,0,0,0,0,1,0,1
51290,2296,2193,449,465,1973,0.0,0,2.8,0.0,0,0,0,1,0,0,0,1,0,0,0,0,1,0,1
51300,2295,2192,448,465,1974,0.0,0,2.7,0.0,0,0,0,1,0,0,0,1,0,0,0,0,1,0,1
51310,2294,2191,449,464,1974,0.0,0,2.7,0.0,0,0,0,1,0,0,0,1,0,0,0,0,1,0,1
51320,2295,2192,450,463,1975,0.0,0,2.5,0.0,0,0,0,1,0,0,0,1,0,0,0,0,1,0,1
51330,2295,2192,448,465,1975,0.0,0,2.6,0.0,0,0,0,1,0,0,0,1,0,0,0,0,1,0,1
51340,2295,2192,450,463,1974,0.0,0,2.6,0.0,0,0,0,1,0,0,0,1,0,0,0,0,1,0,1
51350,2295,2192,451,464,1974,0.0,0,2.6,0.0,0,0,0,1,0,0,0,1,0,0,0,0,1,0,1
51360,2298,2192,449,464,1974,0.0,0,2.6,0.0,0,0,0,1,0,0,0,1,0,0,0,0,1,0,1
51370,2294,2193,450,464,1974,0.0,0,2.5,0.0,0,0,0,1,0,0,0,1,0,0,0,0,1,0,1
51380,2294,2193,450,465,1973,0.0,0,2.5,0.0,0,0,0,1,0,0,0,1,0,0,0,0,1,0,1
51390,2294,2192,449,464,1974,0.0,0,2.5,0.0,0,0,0,1,0,0,0,1,0,0,0,0,1,0,1
51400,2295,2193,450,466,1975,0.0,0,2.5,0.0,0,0,0,1,0,0,0,1,0,0,0,0,1,0,1
51410,2295,2193,449,465,1974,0.0,0,2.5,0.0,0,0,0,1,0,0,0,1,0,0,0,0,1,0,1
51420,2295,2193,449,465,1974,0.0,0,2.6,0.0,0,0,0,1,0,0,0,1,0,0,0,0,1,0,1
51430,2295,2192,449,464,1975,0.0,0,2.6,0.0,0,0,0,1,0,0,0,1,0,0,0,0,1,0,1
51440,2295,2194,449,464,1975,0.0,0,2.2,0.0,0,0,0,1,0,0,0,1,0,0,0,0,1,0,1
51450,2295,2193,449,466,1973,0.0,0,2.2,0.0,0,0,0,1,0,0,0,1,0,0,0,0,1,0,1
51460,2295,2192,450,466,1974,0.0,0,2.5,0.0,0,0,0,1,0,0,0,1,0,0,0,0,1,0,1
51470,2294,2192,450,465,1974,0.0,0,2.5,0.0,0,0,0,1,0,0,0,1,0,0,0,0,1,0,1
51480,2296,2193,451,464,1974,0.0,0,2.6,0.0,0,0,0,1,0,0,0,1,0,0,0,0,1,0,1
51490,2298,2191,452,465,1974,0.0,0,2.2,0.0,0,0,0,1,0,0,0,1,0,0,0,0,1,0,1
51500,2295,2192,450,463,1975,0.0,0,2.3,0.0,0,0,0,1,0,0,0,1,0,0,0,0,1,0,1
51510,2295,2193,448,463,1974,0.0,0,2.5,0.0,0,0,0,1,0,0,0,1,0,0,0,0,1,0,1
51520,2295,2192,449,465,1975,0.0,0,2.5,0.0,0,0,0,1,0,0,0,1,0,0,0,0,1,0,1
51530,2294,2194,450,464,1974,0.0,0,2.3,0.0,0,0,0,1,0,0,0,1,0,0,0,0,1,0,1
51540,2295,2193,450,465,1974,0.0,0,2.3,0.0,0,0,0,1,0,0,0,1,0,0,0,0,1,0,1
51550,2298,2192,450,465,1974,0.0,0,2.5,0.0,0,0,0,1,0,0,0,1,0,0,0,0,1,0,1
51560,2295,2192,449,464,1973,0.0,0,2.1,0.0,0,0,0,1,0,0,0,1,0,0,0,0,1,0,1
51570,2297,2193,449,465,1974,0.0,0,2.2,0.0,0,0,0,1,0,0,0,1,0,0,0,0,1,0,1
51580,2296,2193,449,465,1974,0.0,0,2.2,0.0,0,0,0,1,0,0,0,1,0,0,0,0,1,0,1
51590,2299,2193,450,464,1973,0.0,0,2.2,0.0,0,0,0,1,0,0,0,1,0,0,0,0,1,0,1
51600,2294,2193,448,465,1974,0.0,0,2.6,0.0,0,0,0,1,0,0,0,1,0,0,0,0,1,0,1
51610,2294,2193,450,465,1974,0.0,0,2.3,0.0,0,0,0,1,0,0,0,1,0,0,0,0,1,0,1
51620,2295,2194,449,464,1974,0.0,0,2.2,0.0,0,0,0,1,0,0,0,1,0,0,0,0,1,0,1
51630,2295,2193,451,466,1974,0.0,0,2.1,0.0,0,0,0,1,0,0,0,1,0,0,0,0,1,0,1
51640,2296,2193,450,465,1974,0.0,0,2.1,0.0,0,0,0,1,0,0,0,1,0,0,0,0,1,0,1
51650,2295,2190,450,465,1974,0.0,0,2.2,0.0,0,0,0,1,0,0,0,1,0,0,0,0,1,0,1
51660,2296,2193,449,465,1974,0.0,0,2.2,0.0,0,0,0,1,0,0,0,1,0,0,0,0,1,0,1
51670,2295,2193,450,465,1973,0.0,0,2.3,0.0,0,0,0,1,0,0,0,1,0,0,0,0,1,0,1
51680,2295,2193,450,466,1973,0.0,0,2.1,0.0,0,0,0,1,0,0,0,1,0,0,0,0,1,0,1
51690,2296,2193,450,465,1976,0.0,0,2.2,0.0,0,0,0,1,0,0,0,1,0,0,0,0,1,0,1
51700,2296,2193,450,464,1976,0.0,0,2.0,0.0,0,0,0,1,0,0,0,1,0,0,0,0,1,0,1
51710,2295,2193,453,465,1974,0.0,0,2.0,0.0,0,0,0,1,0,0,0,1,0,0,0,0,1,0,1
51720,2295,2192,449,464,1975,0.0,0,2.1,0.0,0,0,0,1,0,0,0,1,0,0,0,0,1,0,1
51730,2295,2193,449,465,1976,0.0,0,2.0,0.0,0,0,0,1,0,0,0,1,0,0,0,0,1,0,1
51740,2297,2193,450,464,1974,0.0,0,2.1,0.0,0,0,0,1,0,0,0,1,0,0,0,0,1,0,1
51750,2295,2193,450,462,1974,0.0,0,2.1,0.0,0,0,0,1,0,0,0,1,0,0,0,0,1,0,1
51760,2295,2193,449,466,1974,0.0,0,2.1,0.0,0,0,0,1,0,0,0,1,0,0,0,0,1,0,1
51770,2296,2193,450,463,1972,0.0,0,2.0,0.0,0,0,0,1,0,0,0,1,0,0,0,0,1,0,1
51780,2294,2193,452,466,1974,0.0,0,2.2,0.0,0,0,0,1,0,0,0,1,0,0,0,0,1,0,1
51790,2296,2193,449,465,1974,0.0,0,2.2,0.0,0,0,0,1,0,0,0,1,0,0,0,0,1,0,1
51800,2296,2192,450,465,1974,0.0,0,2.1,0.0,0,0,0,1,0,0,0,1,0,0,0,0,1,0,1
51810,2296,2193,449,465,1975,0.0,0,2.0,0.0,0,0,0,1,0,0,0,1,0,0,0,0,1,0,1
51820,2296,2193,450,466,1975,0.0,0,2.0,0.0,0,0,0,1,0,0,0,1,0,0,0,0,1,0,1
51830,2296,2193,450,465,1977,0.0,0,2.0,0.0,0,0,0,1,0,0,0,1,0,0,0,0,1,0,1
51840,2296,2192,450,464,1974,0.0,0,2.0,0.0,0,0,0,1,0,0,0,1,0,0,0,0,1,0,1
51850,2295,2192,449,466,1975,0.0,0,2.1,0.0,0,0,0,1,0,0,0,1,0,0,0,0,1,0,1
51860,2295,2193,448,463,1975,0.0,0,2.0,0.0,0,0,0,1,0,0,0,1,0,0,0,0,1,0,1
51870,2296,2195,449,464,1974,0.0,0,2.0,0.0,0,0,0,1,0,0,0,1,0,0,0,0,1,0,1
51880,2296,2193,450,465,1975,0.0,0,2.1,0.0,0,0,0,1,0,0,0,1,0,0,0,0,1,0,1
51890,2295,2193,449,466,1974,0.0,0,2.1,0.0,0,0,0,1,0,0,0,1,0,0,0,0,1,0,1
51901,2296,2194,451,466,1975,0.0,0,2.2,0.0,0,0,0,1,0,0,0,1,0,0,0,0,1,0,1
51911,2295,2193,450,461,1975,0.0,0,2.1,0.0,0,0,0,1,0,0,0,1,0,0,0,0,1,0,1
51921,2291,2193,448,465,1975,0.0,0,2.1,0.0,0,0,0,1,0,0,0,1,0,0,0,0,1,0,1
51931,2295,2193,450,465,1975,0.0,0,2.0,0.0,0,0,0,1,0,0,0,1,0,0,0,0,1,0,1
51941,2295,2193,449,463,1974,0.0,0,2.0,0.0,0,0,0,1,0,0,0,1,0,0,0,0,1,0,1
51951,2295,2193,448,466,1975,0.0,0,2.0,0.0,0,0,0,1,0,0,0,1,0,0,0,0,1,0,1
51961,2293,2192,451,465,1974,0.0,0,2.0,0.0,0,0,0,1,0,0,0,1,0,0,0,0,1,0,1
51971,2298,2193,449,466,1974,0.0,0,2.1,0.0,0,0,0,1,0,0,0,1,0,0,0,0,1,0,1
51981,2295,2192,450,464,1975,0.0,0,2.0,0.0,0,0,0,1,0,0,0,1,0,0,0,0,1,0,1
51991,2295,2192,449,465,1976,0.0,0,2.0,0.0,0,0,0,1,0,0,0,1,0,0,0,0,1,0,1
52001,2295,2192,449,464,1975,0.0,0,2.1,0.0,0,0,0,1,0,0,0,1,0,0,0,0,1,0,1
52011,2295,2193,449,464,1975,0.0,0,2.1,0.0,0,0,0,1,0,0,0,1,0,0,0,0,1,0,1
52021,2294,2194,448,465,1976,0.0,0,2.0,0.0,0,0,0,1,0,0,0,1,0,0,0,0,1,0,1
52031,2294,2193,449,466,1972,0.0,0,2.0,0.0,0,0,0,1,0,0,0,1,0,0,0,0,1,0,1
52041,2296,2193,450,465,1974,0.0,0,1.8,0.0,0,0,0,1,0,0,0,1,0,0,0,0,1,0,1
52051,2295,2193,450,465,1974,0.0,0,2.2,0.0,0,0,0,1,0,0,0,1,0,0,0,0,1,0,1
52061,2294,2193,450,465,1974,0.0,0,2.2,0.0,0,0,0,1,0,0,0,1,0,0,0,0,1,0,1
52071,2297,2193,449,466,1974,0.0,0,2.2,0.0,0,0,0,1,0,0,0,1,0,0,0,0,1,0,1
52081,2296,2194,450,465,1975,0.0,0,1.7,0.0,0,0,0,1,0,0,0,1,0,0,0,0,1,0,1
52091,2296,2193,450,464,1973,0.0,0,2.0,0.0,0,0,0,1,0,0,0,1,0,0,0,0,1,0,1
52102,2296,2193,449,464,1974,0.0,0,2.0,0.0,0,0,0,1,0,0,0,1,0,0,0,0,1,0,1
52112,2296,2192,446,464,1974,0.0,0,2.1,0.0,0,0,0,1,0,0,0,1,0,0,0,0,1,0,1
52122,2296,2193,450,465,1976,0.0,0,2.2,0.0,0,0,0,1,0,0,0,1,0,0,0,0,1,0,1
52132,2296,2193,451,464,1974,0.0,0,2.0,0.0,0,0,0,1,0,0,0,1,0,0,0,0,1,0,1
52142,2295,2193,449,465,1974,0.0,0,2.0,0.0,0,0,0,1,0,0,0,1,0,0,0,0,1,0,1
52152,2296,2194,450,464,1974,0.0,0,2.0,0.0,0,0,0,1,0,0,0,1,0,0,0,0,1,0,1
52162,2298,2193,450,466,1974,0.0,0,1.8,0.0,0,0,0,1,0,0,0,1,0,0,0,0,1,0,1
52172,2295,2193,449,465,1974,0.0,0,1.8,0.0,0,0,0,1,0,0,0,1,0,0,0,0,1,0,1
52182,2296,2193,449,465,1973,0.0,0,2.0,0.0,0,0,0,1,0,0,0,1,0,0,0,0,1,0,1
52192,2295,2194,449,465,1974,0.0,0,1.5,0.0,0,0,0,1,0,0,0,1,0,0,0,0,1,0,1
52202,2294,2193,450,465,1976,0.0,0,1.5,0.0,0,0,0,1,0,0,0,1,0,0,0,0,1,0,1
52212,2295,2194,449,466,1973,0.0,0,1.8,0.0,0,0,0,1,0,0,0,1,0,0,0,0,1,0,1
52222,2296,2193,451,465,1973,0.0,0,2.1,0.0,0,0,0,1,0,0,0,1,0,0,0,0,1,0,1
52232,2295,2193,449,465,1974,0.0,0,1.7,0.0,0,0,0,1,0,0,0,1,0,0,0,0,1,0,1
52242,2295,2193,450,465,1974,0.0,0,1.8,0.0,0,0,0,1,0,0,0,1,0,0,0,0,1,0,1
52252,2296,2193,449,465,1974,0.0,0,1.8,0.0,0,0,0,1,0,0,0,1,0,0,0,0,1,0,1
52262,2295,2193,449,465,1974,0.0,0,2.0,0.0,0,0,0,1,0,0,0,1,0,0,0,0,1,0,1
52272,2294,2193,445,464,1974,0.0,0,2.0,0.0,0,0,0,1,0,0,0,1,0,0,0,0,1,0,1
52283,2294,2192,450,464,1972,0.0,0,2.0,0.0,0,0,0,1,0,0,0,1,0,0,0,0,1,0,1
52293,2295,2193,449,465,1974,0.0,0,1.8,0.0,0,0,0,1,0,0,0,1,0,0,0,0,1,0,1
52303,2294,2189,450,465,1974,0.0,0,2.0,0.0,0,0,0,1,0,0,0,1,0,0,0,0,1,0,1
52313,2296,2194,449,464,1973,0.0,0,1.8,0.0,0,0,0,1,0,0,0,1,0,0,0,0,1,0,1
52323,2295,2193,449,462,1974,0.0,0,1.8,0.0,0,0,0,1,0,0,0,1,0,0,0,0,1,0,1
52333,2295,2192,449,465,1974,0.0,0,2.0,0.0,0,0,0,1,0,0,0,1,0,0,0,0,1,0,1
52343,2295,2193,452,464,1974,0.0,0,1.7,0.0,0,0,0,1,0,0,0,1,0,0,0,0,1,0,1
52353,2295,2192,449,465,1971,0.0,0,2.1,0.0,0,0,0,1,0,0,0,1,0,0,0,0,1,0,1
52363,2295,2192,449,466,1974,0.0,0,2.0,0.0,0,0,0,1,0,0,0,1,0,0,0,0,1,0,1
52373,2294,2192,449,465,1975,0.0,0,1.8,0.0,0,0,0,1,0,0,0,1,0,0,0,0,1,0,1
52383,2294,2193,449,465,1974,0.0,0,1.8,0.0,0,0,0,1,0,0,0,1,0,0,0,0,1,0,1
52393,2295,2193,450,466,1974,0.0,0,2.0,0.0,0,0,0,1,0,0,0,1,0,0,0,0,1,0,1
52403,2295,2189,450,464,1974,0.0,0,1.8,0.0,0,0,0,1,0,0,0,1,0,0,0,0,1,0,1
52413,2295,2194,450,465,1974,0.0,0,1.8,0.0,0,0,0,1,0,0,0,1,0,0,0,0,1,0,1
52423,2296,2193,450,467,1975,0.0,0,2.0,0.0,0,0,0,1,0,0,0,1,0,0,0,0,1,0,1
52433,2295,2192,449,464,1974,0.0,0,1.8,0.0,0,0,0,1,0,0,0,1,0,0,0,0,1,0,1
52443,2294,2193,450,464,1975,0.0,0,1.8,0.0,0,0,0,1,0,0,0,1,0,0,0,0,1,0,1
52453,2296,2193,449,464,1974,0.0,0,2.0,0.0,0,0,0,1,0,0,0,1,0,0,0,0,1,0,1
52463,2295,2192,449,463,1974,0.0,0,1.8,0.0,0,0,0,1,0,0,0,1,0,0,0,0,1,0,1
52473,2295,2192,449,463,1974,0.0,0,2.0,0.0,0,0,0,1,0,0,0,1,0,0,0,0,1,0,1
52483,2295,2193,449,464,1974,0.0,0,1.8,0.0,0,0,0,1,0,0,0,1,0,0,0,0,1,0,1
52493,2295,2192,449,465,1973,0.0,0,2.0,0.0,0,0,0,1,0,0,0,1,0,0,0,0,1,0,1
52503,2297,2192,450,463,1974,0.0,0,2.0,0.0,0,0,0,1,0,0,0,1,0,0,0,0,1,0,1
52513,2295,2191,451,464,1974,0.0,0,1.7,0.0,0,0,0,1,0,0,0,1,0,0,0,0,1,0,1
52523,2295,2193,450,465,1974,0.0,0,2.0,0.0,0,0,0,1,0,0,0,1,0,0,0,0,1,0,1
52533,2294,2192,450,464,1974,0.0,0,1.7,0.0,0,0,0,1,0,0,0,1,0,0,0,0,1,0,1
52543,2296,2192,450,465,1974,0.0,0,1.8,0.0,0,0,0,1,0,0,0,1,0,0,0,0,1,0,1
52553,2295,2191,449,465,1974,0.0,0,1.7,0.0,0,0,0,1,0,0,0,1,0,0,0,0,1,0,1
52563,2295,2193,448,465,1975,0.0,0,1.7,0.0,0,0,0,1,0,0,0,1,0,0,0,0,1,0,1
52573,2295,2193,449,465,1974,0.0,0,1.6,0.0,0,0,0,1,0,0,0,1,0,0,0,0,1,0,1
52583,2295,2193,451,466,1974,0.0,0,1.5,0.0,0,0,0,1,0,0,0,1,0,0,0,0,1,0,1
52593,2296,2194,450,461,1974,0.0,0,1.7,0.0,0,0,0,1,0,0,0,1,0,0,0,0,1,0,1
52603,2296,2194,450,464,1974,0.0,0,1.5,0.0,0,0,0,1,0,0,0,1,0,0,0,0,1,0,1
52613,2295,2192,449,466,1974,0.0,0,2.0,0.0,0,0,0,1,0,0,0,1,0,0,0,0,1,0,1
52623,2295,2195,449,465,1974,0.0,0,2.0,0.0,0,0,0,1,0,0,0,1,0,0,0,0,1,0,1
52633,2296,2193,450,465,1974,0.0,0,1.8,0.0,0,0,0,1,0,0,0,1,0,0,0,0,1,0,1
52643,2295,2193,450,463,1975,0.0,0,1.6,0.0,0,0,0,1,0,0,0,1,0,0,0,0,1,0,1
52653,2295,2190,448,464,1974,0.0,0,2.0,0.0,0,0,0,1,0,0,0,1,0,0,0,0,1,0,1
52663,2295,2193,449,466,1974,0.0,0,1.6,0.0,0,0,0,1,0,0,0,1,0,0,0,0,1,0,1
52673,2297,2194,450,464,1975,0.0,0,1.6,0.0,0,0,0,1,0,0,0,1,0,0,0,0,1,0,1
52683,2297,2193,448,463,1975,0.0,0,1.6,0.0,0,0,0,1,0,0,0,1,0,0,0,0,1,0,1
52693,2295,2194,450,465,1974,0.0,0,1.7,0.0,0,0,0,1,0,0,0,1,0,0,0,0,1,0,1
52703,2296,2193,449,465,1974,0.0,0,1.6,0.0,0,0,0,1,0,0,0,1,0,0,0,0,1,0,1
52713,2296,2193,448,464,1976,0.0,0,1.6,0.0,0,0,0,1,0,0,0,1,0,0,0,0,1,0,1
52723,2293,2193,450,467,1974,0.0,0,1.7,0.0,0,0,0,1,0,0,0,1,0,0,0,0,1,0,1
52733,2297,2194,450,465,1973,0.0,0,1.7,0.0,0,0,0,1,0,0,0,1,0,0,0,0,1,0,1
52743,2296,2193,450,462,1974,0.0,0,1.7,0.0,0,0,0,1,0,0,0,1,0,0,0,0,1,0,1
52753,2296,2193,450,463,1975,0.0,0,1.6,0.0,0,0,0,1,0,0,0,1,0,0,0,0,1,0,1
52763,2294,2193,449,466,1973,0.0,0,1.6,0.0,0,0,0,1,0,0,0,1,0,0,0,0,1,0,1
52773,2295,2193,449,465,1974,0.0,0,1.8,0.0,0,0,0,1,0,0,0,1,0,0,0,0,1,0,1
52783,2296,2196,449,465,1974,0.0,0,1.8,0.0,0,0,0,1,0,0,0,1,0,0,0,0,1,0,1
52793,2296,2193,448,464,1974,0.0,0,1.7,0.0,0,0,0,1,0,0,0,1,0,0,0,0,1,0,1
52803,2295,2193,446,466,1974,0.0,0,1.7,0.0,0,0,0,1,0,0,0,1,0,0,0,0,1,0,1
52813,2297,2193,449,465,1976,0.0,0,1.7,0.0,0,0,0,1,0,0,0,1,0,0,0,0,1,0,1
52823,2293,2193,450,465,1974,0.0,0,1.6,0.0,0,0,0,1,0,0,0,1,0,0,0,0,1,0,1
52833,2295,2193,450,465,1975,0.0,0,1.6,0.0,0,0,0,1,0,0,0,1,0,0,0,0,1,0,1
52843,2295,2192,449,465,1974,0.0,0,1.6,0.0,0,0,0,1,0,0,0,1,0,0,0,0,1,0,1
52853,2296,2193,450,464,1974,0.0,0,1.8,0.0,0,0,0,1,0,0,0,1,0,0,0,0,1,0,1
52863,2298,2193,449,464,1975,0.0,0,1.8,0.0,0,0,0,1,0,0,0,1,0,0,0,0,1,0,1
52873,2296,2193,450,465,1977,0.0,0,1.6,0.0,0,0,0,1,0,0,0,1,0,0,0,0,1,0,1
52883,2295,2193,449,465,1974,0.0,0,1.5,0.0,0,0,0,1,0,0,0,1,0,0,0,0,1,0,1
52893,2296,2195,449,464,1974,0.0,0,1.4,0.0,0,0,0,1,0,0,0,1,0,0,0,0,1,0,1
52903,2294,2192,449,465,1974,0.0,0,1.4,0.0,0,0,0,1,0,0,0,1,0,0,0,0,1,0,1
52913,2297,2193,448,465,1974,0.0,0,1.7,0.0,0,0,0,1,0,0,0,1,0,0,0,0,1,0,1
52923,2296,2193,451,464,1974,0.0,0,1.7,0.0,0,0,0,1,0,0,0,1,0,0,0,0,1,0,1
52933,2295,2193,449,464,1974,0.0,0,1.7,0.0,0,0,0,1,0,0,0,1,0,0,0,0,1,0,1
52943,2295,2193,450,465,1975,0.0,0,1.6,0.0,0,0,0,1,0,0,0,1,0,0,0,0,1,0,1
52953,2296,2193,449,463,1974,0.0,0,1.4,0.0,0,0,0,1,0,0,0,1,0,0,0,0,1,0,1
52963,2295,2193,449,466,1974,0.0,0,1.5,0.0,0,0,0,1,0,0,0,1,0,0,0,0,1,0,1
52973,2296,2195,450,465,1974,0.0,0,1.5,0.0,0,0,0,1,0,0,0,1,0,0,0,0,1,0,1
52983,2296,2193,450,465,1974,0.0,0,1.5,0.0,0,0,0,1,0,0,0,1,0,0,0,0,1,0,1
52993,2295,2193,448,464,1974,0.0,0,1.5,0.0,0,0,0,1,0,0,0,1,0,0,0,0,1,0,1
53003,2296,2193,449,465,1974,0.0,0,1.7,0.0,0,0,0,1,0,0,0,1,0,0,0,0,1,0,1
53013,2295,2192,450,465,1974,0.0,0,1.5,0.0,0,0,0,1,0,0,0,1,0,0,0,0,1,0,1
53023,2295,2193,450,464,1974,0.0,0,1.5,0.0,0,0,0,1,0,0,0,1,0,0,0,0,1,0,1
53033,2296,2193,451,464,1974,0.0,0,1.5,0.0,0,0,0,1,0,0,0,1,0,0,0,0,1,0,1
53043,2295,2193,448,464,1975,0.0,0,1.5,0.0,0,0,0,1,0,0,0,1,0,0,0,0,1,0,1
53053,2296,2193,449,466,1974,0.0,0,1.6,0.0,0,0,0,1,0,0,0,1,0,0,0,0,1,0,1
53063,2293,2193,448,465,1973,0.0,0,1.6,0.0,0,0,0,1,0,0,0,1,0,0,0,0,1,0,1
53073,2296,2197,447,466,1974,0.0,0,1.7,0.0,0,0,0,1,0,0,0,1,0,0,0,0,1,0,1
53083,2295,2193,452,463,1974,0.0,0,1.6,0.0,0,0,0,1,0,0,0,1,0,0,0,0,1,0,1
53093,2295,2193,450,464,1974,0.0,0,1.4,0.0,0,0,0,1,0,0,0,1,0,0,0,0,1,0,1
53103,2292,2193,449,465,1974,0.0,0,1.4,0.0,0,0,0,1,0,0,0,1,0,0,0,0,1,0,1
53113,2296,2193,449,465,1974,0.0,0,1.5,0.0,0,0,0,1,0,0,0,1,0,0,0,0,1,0,1
53123,2295,2193,449,465,1974,0.0,0,1.6,0.0,0,0,0,1,0,0,0,1,0,0,0,0,1,0,1
53133,2297,2192,450,473,1974,0.0,0,1.6,0.0,0,0,0,1,0,0,0,1,0,0,0,0,1,0,1
53143,2299,2193,450,465,1973,0.0,0,1.5,0.0,0,0,0,1,0,0,0,1,0,0,0,0,1,0,1
53153,2297,2194,450,465,1973,0.0,0,1.5,0.0,0,0,0,1,0,0,0,1,0,0,0,0,1,0,1
53163,2295,2193,451,466,1974,0.0,0,1.5,0.0,0,0,0,1,0,0,0,1,0,0,0,0,1,0,1
53173,2296,2194,447,465,1975,0.0,0,1.6,0.0,0,0,0,1,0,0,0,1,0,0,0,0,1,0,1
53183,2296,2193,450,464,1974,0.0,0,1.5,0.0,0,0,0,1,0,0,0,1,0,0,0,0,1,0,1
53193,2296,2193,451,465,1974,0.0,0,1.6,0.0,0,0,0,1,0,0,0,1,0,0,0,0,1,0,1
53203,2295,2193,449,466,1974,0.0,0,1.5,0.0,0,0,0,1,0,0,0,1,0,0,0,0,1,0,1
53213,2297,2192,449,463,1973,0.0,0,1.6,0.0,0,0,0,1,0,0,0,1,0,0,0,0,1,0,1
53223,2295,2193,449,464,1974,0.0,0,1.6,0.0,0,0,0,1,0,0,0,1,0,0,0,0,1,0,1
53233,2294,2193,448,464,1974,0.0,0,1.7,0.0,0,0,0,1,0,0,0,1,0,0,0,0,1,0,1
53243,2296,2193,450,468,1974,0.0,0,1.6,0.0,0,0,0,1,0,0,0,1,0,0,0,0,1,0,1
53253,2295,2193,450,464,1974,0.0,0,1.1,0.0,0,0,0,1,0,0,0,1,0,0,0,0,1,0,1
53263,2296,2193,449,467,1974,0.0,0,1.5,0.0,0,0,0,1,0,0,0,1,0,0,0,0,1,0,1
53273,2294,2193,450,465,1974,0.0,0,1.3,0.0,0,0,0,1,0,0,0,1,0,0,0,0,1,0,1
53283,2295,2192,449,466,1973,0.0,0,1.3,0.0,0,0,0,1,0,0,0,1,0,0,0,0,1,0,1
53293,2295,2193,449,463,1972,0.0,0,1.5,0.0,0,0,0,1,0,0,0,1,0,0,0,0,1,0,1
53303,2295,2192,450,465,1974,0.0,0,1.6,0.0,0,0,0,1,0,0,0,1,0,0,0,0,1,0,1
53313,2296,2193,450,464,1974,0.0,0,1.4,0.0,0,0,0,1,0,0,0,1,0,0,0,0,1,0,1
53323,2295,2191,449,465,1974,0.0,0,1.5,0.0,0,0,0,1,0,0,0,1,0,0,0,0,1,0,1
53333,2296,2192,448,465,1974,0.0,0,1.7,0.0,0,0,0,1,0,0,0,1,0,0,0,0,1,0,1
53343,2296,2192,446,465,1974,0.0,0,1.7,0.0,0,0,0,1,0,0,0,1,0,0,0,0,1,0,1
53353,2294,2191,450,464,1974,0.0,0,1.6,0.0,0,0,0,1,0,0,0,1,0,0,0,0,1,0,1
53363,2294,2191,450,464,1974,0.0,0,1.5,0.0,0,0,0,1,0,0,0,1,0,0,0,0,1,0,1
53373,2295,2192,452,464,1974,0.0,0,1.4,0.0,0,0,0,1,0,0,0,1,0,0,0,0,1,0,1
53383,2295,2192,449,467,1974,0.0,0,1.5,0.0,0,0,0,1,0,0,0,1,0,0,0,0,1,0,1
53393,2296,2192,449,464,1974,0.0,0,1.6,0.0,0,0,0,1,0,0,0,1,0,0,0,0,1,0,1
53403,2295,2192,449,465,1975,0.0,0,1.6,0.0,0,0,0,1,0,0,0,1,0,0,0,0,1,0,1
53413,2295,2193,448,463,1976,0.0,0,1.3,0.0,0,0,0,1,0,0,0,1,0,0,0,0,1,0,1
53423,2295,2193,449,465,1974,0.0,0,1.4,0.0,0,0,0,1,0,0,0,1,0,0,0,0,1,0,1
53433,2295,2192,448,464,1974,0.0,0,1.5,0.0,0,0,0,1,0,0,0,1,0,0,0,0,1,0,1
53443,2295,2195,451,465,1975,0.0,0,1.4,0.0,0,0,0,1,0,0,0,1,0,0,0,0,1,0,1
53453,2296,2192,449,465,1974,0.0,0,1.5,0.0,0,0,0,1,0,0,0,1,0,0,0,0,1,0,1
53463,2298,2192,449,464,1974,0.0,0,1.5,0.0,0,0,0,1,0,0,0,1,0,0,0,0,1,0,1
53473,2296,2192,448,464,1974,0.0,0,1.4,0.0,0,0,0,1,0,0,0,1,0,0,0,0,1,0,1
53483,2296,2192,450,465,1974,0.0,0,0.6,0.0,0,0,0,1,0,0,0,1,0,0,0,0,1,0,1
53493,2296,2193,450,468,1974,0.0,0,1.5,0.0,0,0,0,1,0,0,0,1,0,0,0,0,1,0,1
53503,2295,2192,449,463,1975,0.0,0,1.4,0.0,0,0,0,1,0,0,0,1,0,0,0,0,1,0,1
53513,2297,2193,449,464,1977,0.0,0,1.6,0.0,0,0,0,1,0,0,0,1,0,0,0,0,1,0,1
53523,2295,2193,451,464,1974,0.0,0,1.6,0.0,0,0,0,1,0,0,0,1,0,0,0,0,1,0,1
53533,2295,2193,450,465,1975,0.0,0,1.5,0.0,0,0,0,1,0,0,0,1,0,0,0,0,1,0,1
53543,2296,2193,449,465,1975,0.0,0,1.3,0.0,0,0,0,1,0,0,0,1,0,0,0,0,1,0,1
53553,2295,2193,449,464,1974,0.0,0,1.3,0.0,0,0,0,1,0,0,0,1,0,0,0,0,1,0,1
53563,2295,2193,449,465,1974,0.0,0,1.3,0.0,0,0,0,1,0,0,0,1,0,0,0,0,1,0,1
53573,2297,2194,450,464,1975,0.0,0,1.3,0.0,0,0,0,1,0,0,0,1,0,0,0,0,1,0,1
53583,2294,2194,450,464,1971,0.0,0,1.3,0.0,0,0,0,1,0,0,0,1,0,0,0,0,1,0,1
53593,2295,2193,447,464,1974,0.0,0,1.2,0.0,0,0,0,1,0,0,0,1,0,0,0,0,1,0,1
53603,2297,2193,449,465,1974,0.0,0,1.5,0.0,0,0,0,1,0,0,0,1,0,0,0,0,1,0,1
53613,2295,2193,450,465,1976,0.0,0,1.3,0.0,0,0,0,1,0,0,0,1,0,0,0,0,1,0,1
53623,2296,2193,450,464,1974,0.0,0,1.3,0.0,0,0,0,1,0,0,0,1,0,0,0,0,1,0,1
53633,2295,2193,447,464,1974,0.0,0,1.3,0.0,0,0,0,1,0,0,0,1,0,0,0,0,1,0,1
53643,2295,2194,449,464,1973,0.0,0,1.3,0.0,0,0,0,1,0,0,0,1,0,0,0,0,1,0,1
53653,2295,2190,449,465,1974,0.0,0,1.1,0.0,0,0,0,1,0,0,0,1,0,0,0,0,1,0,1
53663,2295,2194,449,465,1974,0.0,0,1.4,0.0,0,0,0,1,0,0,0,1,0,0,0,0,1,0,1
53673,2295,2193,449,465,1974,0.0,0,1.2,0.0,0,0,0,1,0,0,0,1,0,0,0,0,1,0,1
53683,2294,2193,449,464,1973,0.0,0,1.3,0.0,0,0,0,1,0,0,0,1,0,0,0,0,1,0,1
53693,2296,2193,447,464,1974,0.0,0,1.5,0.0,0,0,0,1,0,0,0,1,0,0,0,0,1,0,1
53703,2296,2193,449,465,1974,0.0,0,1.5,0.0,0,0,0,1,0,0,0,1,0,0,0,0,1,0,1
53713,2295,2193,448,464,1974,0.0,0,1.3,0.0,0,0,0,1,0,0,0,1,0,0,0,0,1,0,1
53723,2294,2193,452,464,1973,0.0,0,1.2,0.0,0,0,0,1,0,0,0,1,0,0,0,0,1,0,1
53734,2295,2193,449,465,1974,0.0,0,1.5,0.0,0,0,0,1,0,0,0,1,0,0,0,0,1,0,1
53744,2296,2193,449,464,1975,0.0,0,1.2,0.0,0,0,0,1,0,0,0,1,0,0,0,0,1,0,1
53754,2295,2193,450,465,1974,0.0,0,1.4,0.0,0,0,0,1,0,0,0,1,0,0,0,0,1,0,1
53764,2296,2193,451,465,1975,0.0,0,1.3,0.0,0,0,0,1,0,0,0,1,0,0,0,0,1,0,1
53774,2295,2193,449,465,1974,0.0,0,1.3,0.0,0,0,0,1,0,0,0,1,0,0,0,0,1,0,1
53784,2296,2193,449,465,1974,0.0,0,1.2,0.0,0,0,0,1,0,0,0,1,0,0,0,0,1,0,1
53794,2296,2190,451,465,1974,0.0,0,1.2,0.0,0,0,0,1,0,0,0,1,0,0,0,0,1,0,1
53804,2294,2193,449,466,1975,0.0,0,1.3,0.0,0,0,0,1,0,0,0,1,0,0,0,0,1,0,1
53814,2295,2193,448,465,1975,0.0,0,1.4,0.0,0,0,0,1,0,0,0,1,0,0,0,0,1,0,1
53824,2295,2196,448,463,1974,0.0,0,1.4,0.0,0,0,0,1,0,0,0,1,0,0,0,0,1,0,1
53834,2296,2193,452,465,1974,0.0,0,1.4,0.0,0,0,0,1,0,0,0,1,0,0,0,0,1,0,1
53844,2296,2193,449,464,1973,0.0,0,1.3,0.0,0,0,0,1,0,0,0,1,0,0,0,0,1,0,1
53854,2295,2192,449,463,1974,0.0,0,1.2,0.0,0,0,0,1,0,0,0,1,0,0,0,0,1,0,1
53864,2295,2193,447,464,1974,0.0,0,1.3,0.0,0,0,0,1,0,0,0,1,0,0,0,0,1,0,1
53874,2295,2193,448,465,1975,0.0,0,1.2,0.0,0,0,0,1,0,0,0,1,0,0,0,0,1,0,1
53884,2296,2193,450,466,1974,0.0,0,1.1,0.0,0,0,0,1,0,0,0,1,0,0,0,0,1,0,1
53894,2295,2193,450,462,1975,0.0,0,1.1,0.0,0,0,0,1,0,0,0,1,0,0,0,0,1,0,1
53904,2295,2193,450,464,1975,0.0,0,1.4,0.0,0,0,0,1,0,0,0,1,0,0,0,0,1,0,1
53914,2295,2193,451,465,1975,0.0,0,1.4,0.0,0,0,0,1,0,0,0,1,0,0,0,0,1,0,1
53924,2298,2193,449,464,1975,0.0,0,1.0,0.0,0,0,0,1,0,0,0,1,0,0,0,0,1,0,1
53934,2295,2193,449,465,1974,0.0,0,1.3,0.0,0,0,0,1,0,0,0,1,0,0,0,0,1,0,1
53944,2295,2190,451,464,1974,0.0,0,1.3,0.0,0,0,0,1,0,0,0,1,0,0,0,0,1,0,1
53954,2295,2193,449,465,1974,0.0,0,1.3,0.0,0,0,0,1,0,0,0,1,0,0,0,0,1,0,1
53964,2295,2193,450,464,1974,0.0,0,1.1,0.0,0,0,0,1,0,0,0,1,0,0,0,0,1,0,1
53974,2295,2193,448,466,1974,0.0,0,1.2,0.0,0,0,0,1,0,0,0,1,0,0,0,0,1,0,1
53984,2291,2193,449,465,1973,0.0,0,1.3,0.0,0,0,0,1,0,0,0,1,0,0,0,0,1,0,1
53994,2295,2192,453,464,1974,0.0,0,1.1,0.0,0,0,0,1,0,0,0,1,0,0,0,0,1,0,1
54006,2295,2190,448,464,1975,0.0,0,1.1,0.0,0,0,0,1,0,0,0,1,0,0,0,0,1,0,1
54016,2295,2193,448,465,1974,0.0,0,1.2,0.0,0,0,0,1,0,0,0,1,0,0,0,0,1,0,1
54026,2296,2193,450,464,1974,0.0,0,1.2,0.0,0,0,0,1,0,0,0,1,0,0,0,0,1,0,1
54036,2295,2194,450,464,1975,0.0,0,1.3,0.0,0,0,0,1,0,0,0,1,0,0,0,0,1,0,1
54046,2296,2193,450,464,1975,0.0,0,1.3,0.0,0,0,0,1,0,0,0,1,0,0,0,0,1,0,1
54056,2295,2193,448,464,1974,0.0,0,1.4,0.0,0,0,0,1,0,0,0,1,0,0,0,0,1,0,1
54066,2293,2190,448,466,1974,0.0,0,1.2,0.0,0,0,0,1,0,0,0,1,0,0,0,0,1,0,1
54076,2295,2193,448,465,1974,0.0,0,1.2,0.0,0,0,0,1,0,0,0,1,0,0,0,0,1,0,1
54086,2293,2189,450,464,1974,0.0,0,1.2,0.0,0,0,0,1,0,0,0,1,0,0,0,0,1,0,1
54096,2296,2192,449,465,1973,0.0,0,1.3,0.0,0,0,0,1,0,0,0,1,0,0,0,0,1,0,1
54106,2295,2194,449,465,1973,0.0,0,1.4,0.0,0,0,0,1,0,0,0,1,0,0,0,0,1,0,1
54116,2295,2193,449,464,1974,0.0,0,1.5,0.0,0,0,0,1,0,0,0,1,0,0,0,0,1,0,1
54126,2296,2192,449,464,1972,0.0,0,1.3,0.0,0,0,0,1,0,0,0,1,0,0,0,0,1,0,1
54136,2295,2193,449,463,1974,0.0,0,1.3,0.0,0,0,0,1,0,0,0,1,0,0,0,0,1,0,1
54146,2296,2193,449,464,1973,0.0,0,1.3,0.0,0,0,0,1,0,0,0,1,0,0,0,0,1,0,1
54156,2296,2193,450,465,1973,0.0,0,1.5,0.0,0,0,0,1,0,0,0,1,0,0,0,0,1,0,1
54166,2294,2193,449,465,1974,0.0,0,1.5,0.0,0,0,0,1,0,0,0,1,0,0,0,0,1,0,1
54176,2295,2191,449,464,1974,0.0,0,1.2,0.0,0,0,0,1,0,0,0,1,0,0,0,0,1,0,1
54186,2296,2191,449,465,1974,0.0,0,1.0,0.0,0,0,0,1,0,0,0,1,0,0,0,0,1,0,1
54196,2296,2193,451,466,1973,0.0,0,1.0,0.0,0,0,0,1,0,0,0,1,0,0,0,0,1,0,1
54206,2295,2193,450,465,1974,0.0,0,1.1,0.0,0,0,0,1,0,0,0,1,0,0,0,0,1,0,1
54216,2295,2193,449,465,1974,0.0,0,1.2,0.0,0,0,0,1,0,0,0,1,0,0,0,0,1,0,1
54226,2296,2193,450,465,1973,0.0,0,1.4,0.0,0,0,0,1,0,0,0,1,0,0,0,0,1,0,1
54236,2296,2193,450,464,1974,0.0,0,0.9,0.0,0,0,0,1,0,0,0,1,0,0,0,0,1,0,1
54246,2296,2194,449,467,1974,0.0,0,1.4,0.0,0,0,0,1,0,0,0,1,0,0,0,0,1,0,1
54256,2296,2193,449,462,1973,0.0,0,1.4,0.0,0,0,0,1,0,0,0,1,0,0,0,0,1,0,1
54266,2295,2193,450,465,1974,0.0,0,1.3,0.0,0,0,0,1,0,0,0,1,0,0,0,0,1,0,1
54276,2296,2193,450,464,1973,0.0,0,1.2,0.0,0,0,0,1,0,0,0,1,0,0,0,0,1,0,1
54286,2295,2192,450,466,1973,0.0,0,1.2,0.0,0,0,0,1,0,0,0,1,0,0,0,0,1,0,1
54296,2295,2193,451,463,1974,0.0,0,1.2,0.0,0,0,0,1,0,0,0,1,0,0,0,0,1,0,1
54306,2295,2194,449,464,1972,0.0,0,1.1,0.0,0,0,0,1,0,0,0,1,0,0,0,0,1,0,1
54317,2294,2193,448,462,1975,0.0,0,1.2,0.0,0,0,0,1,0,0,0,1,0,0,0,0,1,0,1
54327,2294,2192,450,462,1974,0.0,0,1.2,0.0,0,0,0,1,0,0,0,1,0,0,0,0,1,0,1
54337,2295,2192,449,465,1973,0.0,0,1.1,0.0,0,0,0,1,0,0,0,1,0,0,0,0,1,0,1
54347,2295,2192,450,464,1974,0.0,0,1.3,0.0,0,0,0,1,0,0,0,1,0,0,0,0,1,0,1
54357,2295,2192,451,465,1974,0.0,0,1.4,0.0,0,0,0,1,0,0,0,1,0,0,0,0,1,0,1
54367,2294,2194,450,465,1974,0.0,0,1.1,0.0,0,0,0,1,0,0,0,1,0,0,0,0,1,0,1
54377,2296,2192,449,463,1974,0.0,0,1.4,0.0,0,0,0,1,0,0,0,1,0,0,0,0,1,0,1
54387,2295,2192,449,465,1975,0.0,0,1.4,0.0,0,0,0,1,0,0,0,1,0,0,0,0,1,0,1
54397,2295,2193,449,465,1975,0.0,0,1.4,0.0,0,0,0,1,0,0,0,1,0,0,0,0,1,0,1
54407,2295,2193,447,465,1975,0.0,0,1.1,0.0,0,0,0,1,0,0,0,1,0,0,0,0,1,0,1
54417,2299,2194,450,464,1975,0.0,0,1.2,0.0,0,0,0,1,0,0,0,1,0,0,0,0,1,0,1
54427,2295,2193,450,466,1975,0.0,0,1.3,0.0,0,0,0,1,0,0,0,1,0,0,0,0,1,0,1
54437,2297,2193,449,465,1974,0.0,0,1.3,0.0,0,0,0,1,0,0,0,1,0,0,0,0,1,0,1
54447,2295,2193,450,465,1974,0.0,0,1.3,0.0,0,0,0,1,0,0,0,1,0,0,0,0,1,0,1
54457,2296,2192,451,462,1976,0.0,0,1.2,0.0,0,0,0,1,0,0,0,1,0,0,0,0,1,0,1
54467,2295,2193,450,465,1974,0.0,0,1.2,0.0,0,0,0,1,0,0,0,1,0,0,0,0,1,0,1
54477,2296,2193,449,473,1974,0.0,0,1.0,0.0,0,0,0,1,0,0,0,1,0,0,0,0,1,0,1
54487,2297,2193,451,464,1975,0.0,0,1.2,0.0,0,0,0,1,0,0,0,1,0,0,0,0,1,0,1
54497,2296,2192,450,465,1975,0.0,0,1.3,0.0,0,0,0,1,0,0,0,1,0,0,0,0,1,0,1
54507,2295,2193,449,465,1975,0.0,0,1.3,0.0,0,0,0,1,0,0,0,1,0,0,0,0,1,0,1
54517,2295,2193,451,465,1974,0.0,0,1.3,0.0,0,0,0,1,0,0,0,1,0,0,0,0,1,0,1
54527,2295,2193,450,466,1974,0.0,0,1.2,0.0,0,0,0,1,0,0,0,1,0,0,0,0,1,0,1
54537,2295,2192,452,466,1974,0.0,0,1.2,0.0,0,0,0,1,0,0,0,1,0,0,0,0,1,0,1
54547,2296,2193,450,464,1976,0.0,0,1.1,0.0,0,0,0,1,0,0,0,1,0,0,0,0,1,0,1
54557,2295,2193,450,464,1974,0.0,0,1.1,0.0,0,0,0,1,0,0,0,1,0,0,0,0,1,0,1
54567,2296,2193,450,466,1974,0.0,0,1.2,0.0,0,0,0,1,0,0,0,1,0,0,0,0,1,0,1
54577,2295,2192,450,464,1974,0.0,0,1.1,0.0,0,0,0,1,0,0,0,1,0,0,0,0,1,0,1
54587,2296,2192,449,465,1974,0.0,0,1.2,0.0,0,0,0,1,0,0,0,1,0,0,0,0,1,0,1
54597,2295,2193,448,466,1974,0.0,0,1.2,0.0,0,0,0,1,0,0,0,1,0,0,0,0,1,0,1
54607,2296,2193,451,464,1975,0.0,0,1.2,0.0,0,0,0,1,0,0,0,1,0,0,0,0,1,0,1
54617,2296,2191,449,466,1974,0.0,0,1.1,0.0,0,0,0,1,0,0,0,1,0,0,0,0,1,0,1
54627,2295,2193,449,464,1974,0.0,0,1.1,0.0,0,0,0,1,0,0,0,1,0,0,0,0,1,0,1
54637,2295,2193,450,465,1975,0.0,0,1.1,0.0,0,0,0,1,0,0,0,1,0,0,0,0,1,0,1
54647,2296,2193,450,465,1975,0.0,0,1.1,0.0,0,0,0,1,0,0,0,1,0,0,0,0,1,0,1
54657,2296,2193,449,463,1974,0.0,0,1.1,0.0,0,0,0,1,0,0,0,1,0,0,0,0,1,0,1
54667,2292,2193,448,464,1974,0.0,0,1.4,0.0,0,0,0,1,0,0,0,1,0,0,0,0,1,0,1
54677,2296,2193,449,464,1974,0.0,0,1.0,0.0,0,0,0,1,0,0,0,1,0,0,0,0,1,0,1
54687,2296,2193,450,464,1974,0.0,0,1.0,0.0,0,0,0,1,0,0,0,1,0,0,0,0,1,0,1
54697,2295,2191,448,465,1974,0.0,0,1.0,0.0,0,0,0,1,0,0,0,1,0,0,0,0,1,0,1
54707,2296,2190,450,466,1973,0.0,0,1.0,0.0,0,0,0,1,0,0,0,1,0,0,0,0,1,0,1
54717,2296,2193,451,465,1974,0.0,0,1.2,0.0,0,0,0,1,0,0,0,1,0,0,0,0,1,0,1
54727,2295,2193,450,465,1974,0.0,0,1.2,0.0,0,0,0,1,0,0,0,1,0,0,0,0,1,0,1
54737,2295,2194,449,465,1974,0.0,0,1.2,0.0,0,0,0,1,0,0,0,1,0,0,0,0,1,0,1
54747,2296,2193,450,466,1975,0.0,0,1.2,0.0,0,0,0,1,0,0,0,1,0,0,0,0,1,0,1
54757,2295,2193,449,464,1974,0.0,0,1.1,0.0,0,0,0,1,0,0,0,1,0,0,0,0,1,0,1
54767,2296,2193,450,466,1974,0.0,0,0.9,0.0,0,0,0,1,0,0,0,1,0,0,0,0,1,0,1
54777,2296,2193,450,464,1973,0.0,0,1.1,0.0,0,0,0,1,0,0,0,1,0,0,0,0,1,0,1
54787,2296,2193,450,465,1974,0.0,0,1.0,0.0,0,0,0,1,0,0,0,1,0,0,0,0,1,0,1
54797,2295,2206,450,464,1974,0.0,0,1.0,0.0,0,0,0,1,0,0,0,1,0,0,0,0,1,0,1
54807,2295,2193,448,467,1975,0.0,0,1.0,0.0,0,0,0,1,0,0,0,1,0,0,0,0,1,0,1
54817,2295,2193,450,465,1974,0.0,0,1.1,0.0,0,0,0,1,0,0,0,1,0,0,0,0,1,0,1
54827,2294,2193,450,465,1974,0.0,0,1.1,0.0,0,0,0,1,0,0,0,1,0,0,0,0,1,0,1
54837,2296,2193,450,464,1974,0.0,0,1.2,0.0,0,0,0,1,0,0,0,1,0,0,0,0,1,0,1
54847,2297,2192,449,467,1974,0.0,0,1.0,0.0,0,0,0,1,0,0,0,1,0,0,0,0,1,0,1
54857,2296,2193,450,464,1974,0.0,0,1.0,0.0,0,0,0,1,0,0,0,1,0,0,0,0,1,0,1
54867,2295,2192,449,464,1974,0.0,0,1.0,0.0,0,0,0,1,0,0,0,1,0,0,0,0,1,0,1
54877,2295,2192,451,465,1974,0.0,0,0.9,0.0,0,0,0,1,0,0,0,1,0,0,0,0,1,0,1
54887,2296,2193,447,464,1975,0.0,0,1.1,0.0,0,0,0,1,0,0,0,1,0,0,0,0,1,0,1
54897,2296,2187,451,465,1974,0.0,0,1.3,0.0,0,0,0,1,0,0,0,1,0,0,0,0,1,0,1
54907,2295,2192,450,465,1974,0.0,0,1.1,0.0,0,0,0,1,0,0,0,1,0,0,0,0,1,0,1
54917,2295,2193,449,465,1974,0.0,0,1.3,0.0,0,0,0,1,0,0,0,1,0,0,0,0,1,0,1
54927,2296,2193,449,464,1974,0.0,0,1.3,0.0,0,0,0,1,0,0,0,1,0,0,0,0,1,0,1
54937,2295,2193,450,467,1974,0.0,0,1.2,0.0,0,0,0,1,0,0,0,1,0,0,0,0,1,0,1
54947,2295,2191,450,464,1974,0.0,0,1.1,0.0,0,0,0,1,0,0,0,1,0,0,0,0,1,0,1
54958,2296,2192,452,463,1973,0.0,0,1.2,0.0,0,0,0,1,0,0,0,1,0,0,0,0,1,0,1
54968,2295,2193,449,465,1974,0.0,0,1.0,0.0,0,0,0,1,0,0,0,1,0,0,0,0,1,0,1
54978,2295,2193,449,465,1974,0.0,0,0.9,0.0,0,0,0,1,0,0,0,1,0,0,0,0,1,0,1
54988,2296,2193,448,464,1975,0.0,0,0.9,0.0,0,0,0,1,0,0,0,1,0,0,0,0,1,0,1
54998,2295,2193,451,465,1975,0.0,0,1.2,0.0,0,0,0,1,0,0,0,1,0,0,0,0,1,0,1
55008,2295,2193,449,465,1974,0.0,0,1.2,0.0,0,0,0,1,0,0,0,1,0,0,0,0,1,0,1
55018,2295,2193,450,464,1974,0.0,0,1.4,0.0,0,0,0,1,0,0,0,1,0,0,0,0,1,0,1
55028,2296,2191,450,464,1976,0.0,0,1.1,0.0,0,0,0,1,0,0,0,1,0,0,0,0,1,0,1
55038,2296,2192,449,466,1974,0.0,0,1.2,0.0,0,0,0,1,0,0,0,1,0,0,0,0,1,0,1
55048,2296,2192,449,465,1974,0.0,0,1.2,0.0,0,0,0,1,0,0,0,1,0,0,0,0,1,0,1
55058,2295,2193,452,465,1974,0.0,0,1.0,0.0,0,0,0,1,0,0,0,1,0,0,0,0,1,0,1
55068,2296,2193,450,465,1974,0.0,0,1.2,0.0,0,0,0,1,0,0,0,1,0,0,0,0,1,0,1
55078,2295,2193,450,464,1974,0.0,0,0.9,0.0,0,0,0,1,0,0,0,1,0,0,0,0,1,0,1
55088,2294,2193,451,465,1974,0.0,0,1.3,0.0,0,0,0,1,0,0,0,1,0,0,0,0,1,0,1
55098,2295,2193,450,466,1971,0.0,0,1.1,0.0,0,0,0,1,0,0,0,1,0,0,0,0,1,0,1
55108,2295,2193,450,463,1974,0.0,0,1.1,0.0,0,0,0,1,0,0,0,1,0,0,0,0,1,0,1
55118,2295,2193,449,465,1973,0.0,0,1.1,0.0,0,0,0,1,0,0,0,1,0,0,0,0,1,0,1
55128,2295,2192,450,466,1974,0.0,0,1.2,0.0,0,0,0,1,0,0,0,1,0,0,0,0,1,0,1
55138,2296,2193,450,464,1974,0.0,0,1.2,0.0,0,0,0,1,0,0,0,1,0,0,0,0,1,0,1
55148,2295,2193,449,464,1974,0.0,0,1.0,0.0,0,0,0,1,0,0,0,1,0,0,0,0,1,0,1
55158,2295,2192,449,465,1973,0.0,0,1.1,0.0,0,0,0,1,0,0,0,1,0,0,0,0,1,0,1
55168,2296,2193,449,467,1974,0.0,0,1.1,0.0,0,0,0,1,0,0,0,1,0,0,0,0,1,0,1
55178,2296,2193,449,466,1974,0.0,0,1.2,0.0,0,0,0,1,0,0,0,1,0,0,0,0,1,0,1
55188,2298,2193,449,467,1973,0.0,0,1.4,0.0,0,0,0,1,0,0,0,1,0,0,0,0,1,0,1
55198,2298,2193,450,466,1974,0.0,0,1.2,0.0,0,0,0,1,0,0,0,1,0,0,0,0,1,0,1
55208,2296,2193,450,463,1973,0.0,0,1.1,0.0,0,0,0,1,0,0,0,1,0,0,0,0,1,0,1
55218,2298,2193,445,464,1974,0.0,0,1.1,0.0,0,0,0,1,0,0,0,1,0,0,0,0,1,0,1
55228,2296,2193,451,465,1974,0.0,0,1.0,0.0,0,0,0,1,0,0,0,1,0,0,0,0,1,0,1
55238,2295,2193,449,465,1973,0.0,0,1.0,0.0,0,0,0,1,0,0,0,1,0,0,0,0,1,0,1
55248,2296,2195,449,465,1974,0.0,0,1.0,0.0,0,0,0,1,0,0,0,1,0,0,0,0,1,0,1
55258,2295,2193,449,464,1973,0.0,0,1.1,0.0,0,0,0,1,0,0,0,1,0,0,0,0,1,0,1
55268,2296,2193,449,465,1974,0.0,0,1.2,0.0,0,0,0,1,0,0,0,1,0,0,0,0,1,0,1
55278,2297,2192,451,464,1974,0.0,0,1.1,0.0,0,0,0,1,0,0,0,1,0,0,0,0,1,0,1
55288,2295,2191,450,466,1974,0.0,0,1.1,0.0,0,0,0,1,0,0,0,1,0,0,0,0,1,0,1
55298,2295,2192,450,464,1973,0.0,0,1.1,0.0,0,0,0,1,0,0,0,1,0,0,0,0,1,0,1
55308,2294,2193,450,465,1974,0.0,0,1.1,0.0,0,0,0,1,0,0,0,1,0,0,0,0,1,0,1
55318,2295,2192,450,464,1974,0.0,0,1.1,0.0,0,0,0,1,0,0,0,1,0,0,0,0,1,0,1
55328,2295,2192,450,464,1974,0.0,0,1.1,0.0,0,0,0,1,0,0,0,1,0,0,0,0,1,0,1
55338,2295,2192,451,464,1974,0.0,0,1.0,0.0,0,0,0,1,0,0,0,1,0,0,0,0,1,0,1
55348,2294,2193,448,461,1974,0.0,0,1.0,0.0,0,0,0,1,0,0,0,1,0,0,0,0,1,0,1
55358,2294,2192,451,464,1974,0.0,0,1.3,0.0,0,0,0,1,0,0,0,1,0,0,0,0,1,0,1
55368,2295,2192,448,465,1974,0.0,0,1.0,0.0,0,0,0,1,0,0,0,1,0,0,0,0,1,0,1
55378,2295,2192,450,465,1974,0.0,0,1.2,0.0,0,0,0,1,0,0,0,1,0,0,0,0,1,0,1
55388,2294,2192,450,464,1974,0.0,0,0.9,0.0,0,0,0,1,0,0,0,1,0,0,0,0,1,0,1
55398,2295,2193,449,465,1974,0.0,0,1.0,0.0,0,0,0,1,0,0,0,1,0,0,0,0,1,0,1
55408,2296,2193,450,464,1974,0.0,0,1.0,0.0,0,0,0,1,0,0,0,1,0,0,0,0,1,0,1
55418,2294,2194,450,465,1975,0.0,0,1.1,0.0,0,0,0,1,0,0,0,1,0,0,0,0,1,0,1
55428,2294,2190,449,465,1974,0.0,0,1.3,0.0,0,0,0,1,0,0,0,1,0,0,0,0,1,0,1
55438,2296,2193,449,466,1974,0.0,0,1.3,0.0,0,0,0,1,0,0,0,1,0,0,0,0,1,0,1
55448,2295,2193,450,464,1975,0.0,0,1.1,0.0,0,0,0,1,0,0,0,1,0,0,0,0,1,0,1
55458,2295,2193,448,464,1974,0.0,0,1.0,0.0,0,0,0,1,0,0,0,1,0,0,0,0,1,0,1
55468,2294,2193,451,466,1974,0.0,0,1.0,0.0,0,0,0,1,0,0,0,1,0,0,0,0,1,0,1
55478,2295,2192,449,466,1974,0.0,0,1.4,0.0,0,0,0,1,0,0,0,1,0,0,0,0,1,0,1
55488,2295,2196,449,465,1974,0.0,0,1.1,0.0,0,0,0,1,0,0,0,1,0,0,0,0,1,0,1
55498,2295,2193,450,466,1975,0.0,0,0.6,0.0,0,0,0,1,0,0,0,1,0,0,0,0,1,0,1
55508,2295,2192,451,464,1974,0.0,0,1.1,0.0,0,0,0,1,0,0,0,1,0,0,0,0,1,0,1
55518,2295,2195,450,465,1974,0.0,0,1.2,0.0,0,0,0,1,0,0,0,1,0,0,0,0,1,0,1
55529,2296,2192,449,463,1974,0.0,0,0.8,0.0,0,0,0,1,0,0,0,1,0,0,0,0,1,0,1
55539,2295,2195,449,465,1975,0.0,0,0.8,0.0,0,0,0,1,0,0,0,1,0,0,0,0,1,0,1
55549,2295,2193,449,465,1974,0.0,0,0.9,0.0,0,0,0,1,0,0,0,1,0,0,0,0,1,0,1
55559,2296,2194,447,465,1974,0.0,0,1.0,0.0,0,0,0,1,0,0,0,1,0,0,0,0,1,0,1
55570,2295,2193,449,465,1974,0.0,0,1.1,0.0,0,0,0,1,0,0,0,1,0,0,0,0,1,0,1
55580,2296,2193,450,464,1974,0.0,0,1.1,0.0,0,0,0,1,0,0,0,1,0,0,0,0,1,0,1
55590,2295,2193,450,463,1974,0.0,0,0.8,0.0,0,0,0,1,0,0,0,1,0,0,0,0,1,0,1
55600,2296,2192,450,465,1974,0.0,0,0.9,0.0,0,0,0,1,0,0,0,1,0,0,0,0,1,0,1
55610,2295,2193,451,466,1973,0.0,0,0.9,0.0,0,0,0,1,0,0,0,1,0,0,0,0,1,0,1
55620,2296,2193,450,465,1973,0.0,0,1.0,0.0,0,0,0,1,0,0,0,1,0,0,0,0,1,0,1
55630,2295,2193,449,465,1975,0.0,0,1.1,0.0,0,0,0,1,0,0,0,1,0,0,0,0,1,0,1
55640,2295,2193,449,466,1974,0.0,0,0.8,0.0,0,0,0,1,0,0,0,1,0,0,0,0,1,0,1
55650,2295,2193,449,465,1974,0.0,0,1.0,0.0,0,0,0,1,0,0,0,1,0,0,0,0,1,0,1
55660,2296,2193,450,465,1974,0.0,0,1.2,0.0,0,0,0,1,0,0,0,1,0,0,0,0,1,0,1
55670,2295,2194,447,465,1976,0.0,0,1.2,0.0,0,0,0,1,0,0,0,1,0,0,0,0,1,0,1
55680,2296,2193,450,464,1974,0.0,0,0.9,0.0,0,0,0,1,0,0,0,1,0,0,0,0,1,0,1
55690,2295,2193,451,466,1974,0.0,0,0.9,0.0,0,0,0,1,0,0,0,1,0,0,0,0,1,0,1
55700,2294,2193,450,465,1974,0.0,0,1.0,0.0,0,0,0,1,0,0,0,1,0,0,0,0,1,0,1
55710,2295,2193,451,465,1974,0.0,0,0.8,0.0,0,0,0,1,0,0,0,1,0,0,0,0,1,0,1
55720,2276,2193,451,464,1973,0.0,0,1.0,0.0,0,0,0,1,0,0,0,1,0,0,0,0,1,0,1
55730,2295,2193,450,465,1974,0.0,0,1.0,0.0,0,0,0,1,0,0,0,1,0,0,0,0,1,0,1
55740,2296,2193,448,465,1975,0.0,0,0.9,0.0,0,0,0,1,0,0,0,1,0,0,0,0,1,0,1
55750,2293,2194,450,466,1973,0.0,0,0.8,0.0,0,0,0,1,0,0,0,1,0,0,0,0,1,0,1
55760,2295,2193,448,465,1973,0.0,0,0.9,0.0,0,0,0,1,0,0,0,1,0,0,0,0,1,0,1
55770,2294,2192,449,463,1973,0.0,0,0.9,0.0,0,0,0,1,0,0,0,1,0,0,0,0,1,0,1
55780,2296,2193,450,464,1974,0.0,0,0.9,0.0,0,0,0,1,0,0,0,1,0,0,0,0,1,0,1
55790,2295,2193,450,465,1974,0.0,0,1.1,0.0,0,0,0,1,0,0,0,1,0,0,0,0,1,0,1
55800,2296,2193,450,465,1974,0.0,0,1.1,0.0,0,0,0,1,0,0,0,1,0,0,0,0,1,0,1
55810,2295,2192,449,465,1974,0.0,0,1.1,0.0,0,0,0,1,0,0,0,1,0,0,0,0,1,0,1
55820,2295,2191,449,466,1974,0.0,0,1.0,0.0,0,0,0,1,0,0,0,1,0,0,0,0,1,0,1
55830,2295,2193,450,465,1975,0.0,0,1.2,0.0,0,0,0,1,0,0,0,1,0,0,0,0,1,0,1
55840,2295,2192,449,465,1973,0.0,0,1.2,0.0,0,0,0,1,0,0,0,1,0,0,0,0,1,0,1
55850,2294,2192,449,467,1972,0.0,0,1.0,0.0,0,0,0,1,0,0,0,1,0,0,0,0,1,0,1
55860,2296,2193,457,465,1974,0.0,0,0.9,0.0,0,0,0,1,0,0,0,1,0,0,0,0,1,0,1
55870,2295,2193,450,464,1976,0.0,0,1.0,0.0,0,0,0,1,0,0,0,1,0,0,0,0,1,0,1
55880,2295,2192,449,464,1974,0.0,0,1.0,0.0,0,0,0,1,0,0,0,1,0,0,0,0,1,0,1
55890,2295,2192,449,463,1975,0.0,0,0.8,0.0,0,0,0,1,0,0,0,1,0,0,0,0,1,0,1
55900,2296,2192,450,465,1973,0.0,0,0.8,0.0,0,0,0,1,0,0,0,1,0,0,0,0,1,0,1
55910,2293,2193,449,464,1974,0.0,0,0.9,0.0,0,0,0,1,0,0,0,1,0,0,0,0,1,0,1
55920,2295,2193,450,465,1974,0.0,0,1.0,0.0,0,0,0,1,0,0,0,1,0,0,0,0,1,0,1
55930,2294,2193,448,464,1975,0.0,0,1.0,0.0,0,0,0,1,0,0,0,1,0,0,0,0,1,0,1
55940,2294,2192,449,467,1973,0.0,0,0.8,0.0,0,0,0,1,0,0,0,1,0,0,0,0,1,0,1
55950,2295,2193,450,464,1974,0.0,0,0.8,0.0,0,0,0,1,0,0,0,1,0,0,0,0,1,0,1
55960,2294,2193,449,464,1975,0.0,0,1.1,0.0,0,0,0,1,0,0,0,1,0,0,0,0,1,0,1
55970,2295,2193,449,464,1975,0.0,0,1.1,0.0,0,0,0,1,0,0,0,1,0,0,0,0,1,0,1
55980,2295,2193,449,464,1975,0.0,0,1.1,0.0,0,0,0,1,0,0,0,1,0,0,0,0,1,0,1
55990,2295,2193,449,467,1974,0.0,0,0.9,0.0,0,0,0,1,0,0,0,1,0,0,0,0,1,0,1
56000,2295,2193,447,466,1974,0.0,0,0.9,0.0,0,0,0,1,0,0,0,1,0,0,0,0,1,0,1
56010,2295,2193,448,465,1974,0.0,0,1.0,0.0,0,0,0,1,0,0,0,1,0,0,0,0,1,0,1
56020,2296,2193,450,462,1974,0.0,0,1.0,0.0,0,0,0,1,0,0,0,1,0,0,0,0,1,0,1
56030,2295,2192,449,465,1973,0.0,0,1.0,0.0,0,0,0,1,0,0,0,1,0,0,0,0,1,0,1
56040,2294,2192,449,465,1974,0.0,0,0.8,0.0,0,0,0,1,0,0,0,1,0,0,0,0,1,0,1
56050,2295,2193,451,466,1974,0.0,0,1.1,0.0,0,0,0,1,0,0,0,1,0,0,0,0,1,0,1
56060,2298,2193,450,464,1974,0.0,0,1.1,0.0,0,0,0,1,0,0,0,1,0,0,0,0,1,0,1
56070,2296,2193,449,464,1974,0.0,0,1.0,0.0,0,0,0,1,0,0,0,1,0,0,0,0,1,0,1
56081,2296,2193,448,462,1974,0.0,0,1.0,0.0,0,0,0,1,0,0,0,1,0,0,0,0,1,0,1
56091,2295,2193,450,465,1977,0.0,0,0.9,0.0,0,0,0,1,0,0,0,1,0,0,0,0,1,0,1
56101,2295,2193,450,465,1974,0.0,0,0.9,0.0,0,0,0,1,0,0,0,1,0,0,0,0,1,0,1
56111,2295,2193,451,466,1975,0.0,0,0.9,0.0,0,0,0,1,0,0,0,1,0,0,0,0,1,0,1
56121,2296,2192,448,463,1975,0.0,0,0.6,0.0,0,0,0,1,0,0,0,1,0,0,0,0,1,0,1
56131,2296,2192,449,464,1975,0.0,0,1.1,0.0,0,0,0,1,0,0,0,1,0,0,0,0,1,0,1
56141,2296,2193,450,463,1973,0.0,0,1.1,0.0,0,0,0,1,0,0,0,1,0,0,0,0,1,0,1
56151,2293,2192,449,464,1975,0.0,0,1.1,0.0,0,0,0,1,0,0,0,1,0,0,0,0,1,0,1
56161,2296,2193,451,464,1975,0.0,0,1.1,0.0,0,0,0,1,0,0,0,1,0,0,0,0,1,0,1
56171,2296,2192,450,464,1975,0.0,0,0.5,0.0,0,0,0,1,0,0,0,1,0,0,0,0,1,0,1
56181,2296,2193,450,465,1974,0.0,0,1.1,0.0,0,0,0,1,0,0,0,1,0,0,0,0,1,0,1
56191,2296,2193,448,464,1975,0.0,0,0.8,0.0,0,0,0,1,0,0,0,1,0,0,0,0,1,0,1
56201,2296,2193,449,463,1974,0.0,0,1.0,0.0,0,0,0,1,0,0,0,1,0,0,0,0,1,0,1
56211,2295,2193,450,466,1972,0.0,0,1.0,0.0,0,0,0,1,0,0,0,1,0,0,0,0,1,0,1
56221,2294,2193,451,466,1974,0.0,0,1.1,0.0,0,0,0,1,0,0,0,1,0,0,0,0,1,0,1
56231,2295,2192,449,465,1977,0.0,0,1.0,0.0,0,0,0,1,0,0,0,1,0,0,0,0,1,0,1
56241,2293,2193,450,464,1974,0.0,0,0.9,0.0,0,0,0,1,0,0,0,1,0,0,0,0,1,0,1
56251,2296,2193,450,465,1974,0.0,0,0.9,0.0,0,0,0,1,0,0,0,1,0,0,0,0,1,0,1
56261,2296,2193,451,462,1974,0.0,0,1.0,0.0,0,0,0,1,0,0,0,1,0,0,0,0,1,0,1
56271,2295,2193,448,464,1974,0.0,0,1.0,0.0,0,0,0,1,0,0,0,1,0,0,0,0,1,0,1
56281,2293,2193,450,464,1973,0.0,0,1.0,0.0,0,0,0,1,0,0,0,1,0,0,0,0,1,0,1
56291,2296,2192,449,464,1973,0.0,0,0.9,0.0,0,0,0,1,0,0,0,1,0,0,0,0,1,0,1
56301,2294,2192,449,465,1974,0.0,0,0.8,0.0,0,0,0,1,0,0,0,1,0,0,0,0,1,0,1
56311,2295,2192,451,465,1974,0.0,0,1.2,0.0,0,0,0,1,0,0,0,1,0,0,0,0,1,0,1
56321,2294,2192,449,463,1975,0.0,0,0.9,0.0,0,0,0,1,0,0,0,1,0,0,0,0,1,0,1
56331,2295,2193,450,465,1973,0.0,0,1.0,0.0,0,0,0,1,0,0,0,1,0,0,0,0,1,0,1
56341,2295,2193,450,464,1973,0.0,0,1.0,0.0,0,0,0,1,0,0,0,1,0,0,0,0,1,0,1
56351,2295,2192,450,465,1974,0.0,0,0.9,0.0,0,0,0,1,0,0,0,1,0,0,0,0,1,0,1
56361,2296,2192,448,464,1974,0.0,0,0.9,0.0,0,0,0,1,0,0,0,1,0,0,0,0,1,0,1
56371,2295,2192,450,465,1975,0.0,0,1.0,0.0,0,0,0,1,0,0,0,1,0,0,0,0,1,0,1
56381,2295,2192,450,465,1975,0.0,0,0.8,0.0,0,0,0,1,0,0,0,1,0,0,0,0,1,0,1
56391,2295,2193,449,465,1978,0.0,0,0.9,0.0,0,0,0,1,0,0,0,1,0,0,0,0,1,0,1
56402,2293,2193,449,464,1975,0.0,0,1.0,0.0,0,0,0,1,0,0,0,1,0,0,0,0,1,0,1
56412,2295,2194,450,464,1975,0.0,0,1.0,0.0,0,0,0,1,0,0,0,1,0,0,0,0,1,0,1
56422,2294,2193,449,467,1974,0.0,0,1.0,0.0,0,0,0,1,0,0,0,1,0,0,0,0,1,0,1
56432,2325,2193,450,465,1974,0.0,0,0.8,0.0,0,0,0,1,0,0,0,1,0,0,0,0,1,0,1
56442,2295,2192,450,464,1974,0.0,0,0.8,0.0,0,0,0,1,0,0,0,1,0,0,0,0,1,0,1
56452,2295,2192,450,465,1975,0.0,0,0.9,0.0,0,0,0,1,0,0,0,1,0,0,0,0,1,0,1
56462,2296,2192,450,464,1974,0.0,0,1.0,0.0,0,0,0,1,0,0,0,1,0,0,0,0,1,0,1
56472,2295,2193,450,465,1974,0.0,0,0.8,0.0,0,0,0,1,0,0,0,1,0,0,0,0,1,0,1
56482,2296,2193,450,465,1975,0.0,0,0.8,0.0,0,0,0,1,0,0,0,1,0,0,0,0,1,0,1
56492,2295,2192,451,464,1974,0.0,0,0.9,0.0,0,0,0,1,0,0,0,1,0,0,0,0,1,0,1
56502,2295,2192,450,465,1974,0.0,0,0.9,0.0,0,0,0,1,0,0,0,1,0,0,0,0,1,0,1
56512,2295,2193,448,465,1973,0.0,0,0.8,0.0,0,0,0,1,0,0,0,1,0,0,0,0,1,0,1
56522,2296,2193,451,466,1975,0.0,0,0.8,0.0,0,0,0,1,0,0,0,1,0,0,0,0,1,0,1
56532,2296,2193,449,465,1975,0.0,0,1.0,0.0,0,0,0,1,0,0,0,1,0,0,0,0,1,0,1
56542,2294,2193,448,466,1971,0.0,0,0.8,0.0,0,0,0,1,0,0,0,1,0,0,0,0,1,0,1
56552,2296,2193,447,466,1974,0.0,0,0.8,0.0,0,0,0,1,0,0,0,1,0,0,0,0,1,0,1
56562,2294,2195,449,465,1975,0.0,0,1.0,0.0,0,0,0,1,0,0,0,1,0,0,0,0,1,0,1
56572,2294,2193,449,465,1974,0.0,0,0.8,0.0,0,0,0,1,0,0,0,1,0,0,0,0,1,0,1
56582,2296,2193,450,465,1974,0.0,0,0.9,0.0,0,0,0,1,0,0,0,1,0,0,0,0,1,0,1
56592,2296,2193,451,465,1974,0.0,0,1.2,0.0,0,0,0,1,0,0,0,1,0,0,0,0,1,0,1
56602,2296,2193,450,465,1974,0.0,0,1.1,0.0,0,0,0,1,0,0,0,1,0,0,0,0,1,0,1
56612,2296,2193,450,464,1974,0.0,0,1.1,0.0,0,0,0,1,0,0,0,1,0,0,0,0,1,0,1
56622,2296,2193,449,464,1973,0.0,0,1.0,0.0,0,0,0,1,0,0,0,1,0,0,0,0,1,0,1
56632,2296,2194,449,464,1974,0.0,0,0.9,0.0,0,0,0,1,0,0,0,1,0,0,0,0,1,0,1
56642,2297,2192,449,464,1974,0.0,0,0.9,0.0,0,0,0,1,0,0,0,1,0,0,0,0,1,0,1
56652,2295,2193,449,465,1974,0.0,0,0.8,0.0,0,0,0,1,0,0,0,1,0,0,0,0,1,0,1
56662,2296,2193,449,464,1974,0.0,0,0.8,0.0,0,0,0,1,0,0,0,1,0,0,0,0,1,0,1
56672,2295,2193,450,465,1974,0.0,0,1.0,0.0,0,0,0,1,0,0,0,1,0,0,0,0,1,0,1
56682,2296,2193,459,464,1974,0.0,0,1.0,0.0,0,0,0,1,0,0,0,1,0,0,0,0,1,0,1
56692,2295,2193,449,465,1974,0.0,0,0.9,0.0,0,0,0,1,0,0,0,1,0,0,0,0,1,0,1
56702,2295,2193,450,464,1974,0.0,0,0.8,0.0,0,0,0,1,0,0,0,1,0,0,0,0,1,0,1
56712,2296,2193,450,462,1974,0.0,0,1.0,0.0,0,0,0,1,0,0,0,1,0,0,0,0,1,0,1
56722,2296,2193,449,464,1974,0.0,0,1.0,0.0,0,0,0,1,0,0,0,1,0,0,0,0,1,0,1
56732,2296,2193,449,465,1974,0.0,0,1.2,0.0,0,0,0,1,0,0,0,1,0,0,0,0,1,0,1
56742,2296,2193,450,465,1973,0.0,0,1.0,0.0,0,0,0,1,0,0,0,1,0,0,0,0,1,0,1
56752,2293,2192,450,464,1974,0.0,0,1.0,0.0,0,0,0,1,0,0,0,1,0,0,0,0,1,0,1
56762,2295,2193,449,464,1974,0.0,0,1.2,0.0,0,0,0,1,0,0,0,1,0,0,0,0,1,0,1
56772,2293,2193,451,465,1977,0.0,0,1.0,0.0,0,0,0,1,0,0,0,1,0,0,0,0,1,0,1
56782,2296,2193,449,465,1974,0.0,0,1.0,0.0,0,0,0,1,0,0,0,1,0,0,0,0,1,0,1
56792,2294,2193,448,466,1973,0.0,0,0.6,0.0,0,0,0,1,0,0,0,1,0,0,0,0,1,0,1
56802,2296,2192,450,466,1973,0.0,0,0.8,0.0,0,0,0,1,0,0,0,1,0,0,0,0,1,0,1
56812,2295,2193,449,465,1975,0.0,0,0.6,0.0,0,0,0,1,0,0,0,1,0,0,0,0,1,0,1
56822,2295,2193,450,465,1974,0.0,0,0.6,0.0,0,0,0,1,0,0,0,1,0,0,0,0,1,0,1
56832,2295,2192,449,465,1977,0.0,0,1.0,0.0,0,0,0,1,0,0,0,1,0,0,0,0,1,0,1
56842,2296,2193,450,464,1974,0.0,0,1.0,0.0,0,0,0,1,0,0,0,1,0,0,0,0,1,0,1
56852,2292,2192,450,464,1975,0.0,0,1.0,0.0,0,0,0,1,0,0,0,1,0,0,0,0,1,0,1
56862,2295,2193,449,466,1975,0.0,0,1.0,0.0,0,0,0,1,0,0,0,1,0,0,0,0,1,0,1
56872,2292,2192,452,465,1974,0.0,0,0.9,0.0,0,0,0,1,0,0,0,1,0,0,0,0,1,0,1
56882,2297,2191,451,464,1974,0.0,0,0.6,0.0,0,0,0,1,0,0,0,1,0,0,0,0,1,0,1
56892,2295,2193,449,464,1974,0.0,0,1.0,0.0,0,0,0,1,0,0,0,1,0,0,0,0,1,0,1
56902,2295,2193,450,464,1975,0.0,0,0.9,0.0,0,0,0,1,0,0,0,1,0,0,0,0,1,0,1
56912,2295,2193,450,465,1974,0.0,0,0.9,0.0,0,0,0,1,0,0,0,1,0,0,0,0,1,0,1
56922,2296,2192,452,465,1975,0.0,0,0.9,0.0,0,0,0,1,0,0,0,1,0,0,0,0,1,0,1
56932,2294,2193,450,464,1974,0.0,0,0.9,0.0,0,0,0,1,0,0,0,1,0,0,0,0,1,0,1
56942,2294,2192,450,465,1975,0.0,0,0.8,0.0,0,0,0,1,0,0,0,1,0,0,0,0,1,0,1
56952,2296,2193,448,464,1974,0.0,0,1.1,0.0,0,0,0,1,0,0,0,1,0,0,0,0,1,0,1
56963,2295,2193,449,464,1975,0.0,0,0.9,0.0,0,0,0,1,0,0,0,1,0,0,0,0,1,0,1
56973,2295,2193,449,463,1975,0.0,0,0.9,0.0,0,0,0,1,0,0,0,1,0,0,0,0,1,0,1
56983,2295,2193,451,465,1974,0.0,0,0.9,0.0,0,0,0,1,0,0,0,1,0,0,0,0,1,0,1
56993,2295,2193,450,465,1975,0.0,0,0.9,0.0,0,0,0,1,0,0,0,1,0,0,0,0,1,0,1
57003,2295,2193,449,472,1976,0.0,0,0.8,0.0,0,0,0,1,0,0,0,1,0,0,0,0,1,0,1
57013,2296,2192,448,465,1975,0.0,0,0.8,0.0,0,0,0,1,0,0,0,1,0,0,0,0,1,0,1
57023,2296,2193,448,464,1974,0.0,0,1.1,0.0,0,0,0,1,0,0,0,1,0,0,0,0,1,0,1
57033,2295,2193,449,465,1975,0.0,0,1.1,0.0,0,0,0,1,0,0,0,1,0,0,0,0,1,0,1
57043,2295,2193,451,464,1975,0.0,0,1.0,0.0,0,0,0,1,0,0,0,1,0,0,0,0,1,0,1
57053,2296,2193,449,464,1974,0.0,0,0.8,0.0,0,0,0,1,0,0,0,1,0,0,0,0,1,0,1
57063,2296,2193,450,464,1973,0.0,0,0.8,0.0,0,0,0,1,0,0,0,1,0,0,0,0,1,0,1
57073,2296,2193,450,464,1974,0.0,0,1.1,0.0,0,0,0,1,0,0,0,1,0,0,0,0,1,0,1
57083,2296,2193,450,465,1973,0.0,0,0.9,0.0,0,0,0,1,0,0,0,1,0,0,0,0,1,0,1
57093,2296,2195,449,466,1974,0.0,0,0.9,0.0,0,0,0,1,0,0,0,1,0,0,0,0,1,0,1
57103,2295,2193,449,464,1974,0.0,0,0.9,0.0,0,0,0,1,0,0,0,1,0,0,0,0,1,0,1
57113,2295,2193,450,464,1974,0.0,0,0.9,0.0,0,0,0,1,0,0,0,1,0,0,0,0,1,0,1
57123,2296,2193,449,464,1974,0.0,0,0.9,0.0,0,0,0,1,0,0,0,1,0,0,0,0,1,0,1
57133,2295,2193,450,466,1974,0.0,0,0.6,0.0,0,0,0,1,0,0,0,1,0,0,0,0,1,0,1
57143,2297,2192,449,466,1974,0.0,0,1.0,0.0,0,0,0,1,0,0,0,1,0,0,0,0,1,0,1
57153,2298,2193,449,465,1973,0.0,0,1.0,0.0,0,0,0,1,0,0,0,1,0,0,0,0,1,0,1
57163,2295,2193,450,465,1975,0.0,0,0.9,0.0,0,0,0,1,0,0,0,1,0,0,0,0,1,0,1
57173,2296,2192,450,464,1974,0.0,0,0.8,0.0,0,0,0,1,0,0,0,1,0,0,0,0,1,0,1
57183,2292,2194,451,464,1974,0.0,0,1.0,0.0,0,0,0,1,0,0,0,1,0,0,0,0,1,0,1
57193,2296,2193,449,465,1974,0.0,0,1.0,0.0,0,0,0,1,0,0,0,1,0,0,0,0,1,0,1
57203,2294,2196,448,465,1973,0.0,0,1.1,0.0,0,0,0,1,0,0,0,1,0,0,0,0,1,0,1
57213,2295,2193,451,464,1974,0.0,0,1.1,0.0,0,0,0,1,0,0,0,1,0,0,0,0,1,0,1
57223,2295,2193,452,464,1973,0.0,0,0.5,0.0,0,0,0,1,0,0,0,1,0,0,0,0,1,0,1
57233,2295,2193,449,466,1974,0.0,0,1.0,0.0,0,0,0,1,0,0,0,1,0,0,0,0,1,0,1
57243,2295,2193,449,465,1974,0.0,0,0.9,0.0,0,0,0,1,0,0,0,1,0,0,0,0,1,0,1
57253,2296,2193,450,464,1974,0.0,0,1.0,0.0,0,0,0,1,0,0,0,1,0,0,0,0,1,0,1
57263,2299,2193,449,465,1973,0.0,0,0.9,0.0,0,0,0,1,0,0,0,1,0,0,0,0,1,0,1
57273,2295,2194,449,465,1974,0.0,0,0.9,0.0,0,0,0,1,0,0,0,1,0,0,0,0,1,0,1
57283,2295,2194,450,465,1974,0.0,0,1.0,0.0,0,0,0,1,0,0,0,1,0,0,0,0,1,0,1
57293,2295,2193,449,462,1973,0.0,0,0.9,0.0,0,0,0,1,0,0,0,1,0,0,0,0,1,0,1
57303,2295,2193,448,465,1974,0.0,0,0.9,0.0,0,0,0,1,0,0,0,1,0,0,0,0,1,0,1
57313,2295,2192,450,467,1974,0.0,0,1.0,0.0,0,0,0,1,0,0,0,1,0,0,0,0,1,0,1
57323,2292,2192,448,464,1974,0.0,0,1.1,0.0,0,0,0,1,0,0,0,1,0,0,0,0,1,0,1
57333,2297,2192,451,465,1973,0.0,0,1.1,0.0,0,0,0,1,0,0,0,1,0,0,0,0,1,0,1
57343,2295,2192,448,465,1974,0.0,0,1.0,0.0,0,0,0,1,0,0,0,1,0,0,0,0,1,0,1
57353,2295,2192,449,466,1974,0.0,0,0.9,0.0,0,0,0,1,0,0,0,1,0,0,0,0,1,0,1
57363,2293,2192,450,468,1975,0.0,0,1.0,0.0,0,0,0,1,0,0,0,1,0,0,0,0,1,0,1
57373,2294,2192,448,465,1974,0.0,0,0.8,0.0,0,0,0,1,0,0,0,1,0,0,0,0,1,0,1
57383,2295,2192,449,464,1974,0.0,0,1.1,0.0,0,0,0,1,0,0,0,1,0,0,0,0,1,0,1
57393,2295,2193,451,465,1974,0.0,0,1.1,0.0,0,0,0,1,0,0,0,1,0,0,0,0,1,0,1
57403,2295,2192,449,465,1974,0.0,0,0.8,0.0,0,0,0,1,0,0,0,1,0,0,0,0,1,0,1
57413,2296,2193,449,464,1974,0.0,0,0.9,0.0,0,0,0,1,0,0,0,1,0,0,0,0,1,0,1
57423,2295,2193,451,463,1973,0.0,0,0.8,0.0,0,0,0,1,0,0,0,1,0,0,0,0,1,0,1
57433,2298,2192,450,465,1973,0.0,0,1.0,0.0,0,0,0,1,0,0,0,1,0,0,0,0,1,0,1
57443,2296,2192,449,464,1974,0.0,0,0.9,0.0,0,0,0,1,0,0,0,1,0,0,0,0,1,0,1
57453,2294,2193,450,464,1974,0.0,0,0.9,0.0,0,0,0,1,0,0,0,1,0,0,0,0,1,0,1
57463,2296,2192,450,465,1977,0.0,0,0.9,0.0,0,0,0,1,0,0,0,1,0,0,0,0,1,0,1
57473,2296,2193,450,465,1974,0.0,0,0.8,0.0,0,0,0,1,0,0,0,1,0,0,0,0,1,0,1
57483,2298,2191,450,464,1975,0.0,0,0.9,0.0,0,0,0,1,0,0,0,1,0,0,0,0,1,0,1
57493,2295,2193,450,466,1975,0.0,0,1.0,0.0,0,0,0,1,0,0,0,1,0,0,0,0,1,0,1
57503,2295,2192,448,464,1974,0.0,0,0.8,0.0,0,0,0,1,0,0,0,1,0,0,0,0,1,0,1
57513,2295,2194,449,465,1975,0.0,0,0.8,0.0,0,0,0,1,0,0,0,1,0,0,0,0,1,0,1
57523,2296,2193,450,465,1971,0.0,0,1.0,0.0,0,0,0,1,0,0,0,1,0,0,0,0,1,0,1
57533,2294,2192,449,464,1975,0.0,0,0.8,0.0,0,0,0,1,0,0,0,1,0,0,0,0,1,0,1
57543,2298,2192,449,465,1974,0.0,0,1.0,0.0,0,0,0,1,0,0,0,1,0,0,0,0,1,0,1
57553,2296,2192,446,463,1974,0.0,0,0.8,0.0,0,0,0,1,0,0,0,1,0,0,0,0,1,0,1
57563,2295,2190,449,463,1974,0.0,0,0.9,0.0,0,0,0,1,0,0,0,1,0,0,0,0,1,0,1
57573,2295,2193,448,465,1973,0.0,0,0.9,0.0,0,0,0,1,0,0,0,1,0,0,0,0,1,0,1
57583,2295,2193,450,465,1973,0.0,0,0.9,0.0,0,0,0,1,0,0,0,1,0,0,0,0,1,0,1
57593,2295,2190,449,464,1973,0.0,0,1.0,0.0,0,0,0,1,0,0,0,1,0,0,0,0,1,0,1
57603,2296,2196,451,464,1974,0.0,0,1.0,0.0,0,0,0,1,0,0,0,1,0,0,0,0,1,0,1
57613,2295,2193,449,465,1973,0.0,0,0.9,0.0,0,0,0,1,0,0,0,1,0,0,0,0,1,0,1
57623,2297,2192,450,464,1974,0.0,0,1.0,0.0,0,0,0,1,0,0,0,1,0,0,0,0,1,0,1
57633,2296,2193,450,465,1976,0.0,0,1.0,0.0,0,0,0,1,0,0,0,1,0,0,0,0,1,0,1
57643,2296,2193,449,466,1974,0.0,0,1.2,0.0,0,0,0,1,0,0,0,1,0,0,0,0,1,0,1
57653,2295,2194,447,465,1973,0.0,0,0.6,0.0,0,0,0,1,0,0,0,1,0,0,0,0,1,0,1
57663,2295,2193,450,462,1974,0.0,0,0.9,0.0,0,0,0,1,0,0,0,1,0,0,0,0,1,0,1
57673,2295,2193,451,464,1974,0.0,0,0.8,0.0,0,0,0,1,0,0,0,1,0,0,0,0,1,0,1
57683,2297,2192,450,464,1974,0.0,0,0.9,0.0,0,0,0,1,0,0,0,1,0,0,0,0,1,0,1
57693,2296,2194,450,464,1973,0.0,0,0.9,0.0,0,0,0,1,0,0,0,1,0,0,0,0,1,0,1
57703,2295,2193,448,464,1973,0.0,0,0.9,0.0,0,0,0,1,0,0,0,1,0,0,0,0,1,0,1
57713,2296,2193,450,464,1974,0.0,0,0.5,0.0,0,0,0,1,0,0,0,1,0,0,0,0,1,0,1
57723,2294,2193,449,464,1974,0.0,0,0.9,0.0,0,0,0,1,0,0,0,1,0,0,0,0,1,0,1
57733,2295,2193,448,465,1974,0.0,0,0.6,0.0,0,0,0,1,0,0,0,1,0,0,0,0,1,0,1
57743,2297,2192,449,464,1975,0.0,0,0.4,0.0,0,0,0,1,0,0,0,1,0,0,0,0,1,0,1
57753,2295,2193,450,465,1974,0.0,0,0.4,0.0,0,0,0,1,0,0,0,1,0,0,0,0,1,0,1
57763,2296,2190,450,463,1977,0.0,0,0.5,0.0,0,0,0,1,0,0,0,1,0,0,0,0,1,0,1
57773,2296,2193,449,465,1974,0.0,0,0.9,0.0,0,0,0,1,0,0,0,1,0,0,0,0,1,0,1
57783,2298,2193,449,464,1973,0.0,0,0.9,0.0,0,0,0,1,0,0,0,1,0,0,0,0,1,0,1
57793,2295,2193,450,465,1974,0.0,0,0.8,0.0,0,0,0,1,0,0,0,1,0,0,0,0,1,0,1
57803,2296,2194,449,466,1975,0.0,0,0.8,0.0,0,0,0,1,0,0,0,1,0,0,0,0,1,0,1
57813,2294,2193,448,465,1975,0.0,0,0.8,0.0,0,0,0,1,0,0,0,1,0,0,0,0,1,0,1
57823,2296,2193,449,465,1974,0.0,0,1.0,0.0,0,0,0,1,0,0,0,1,0,0,0,0,1,0,1
57833,2295,2194,450,464,1975,0.0,0,0.8,0.0,0,0,0,1,0,0,0,1,0,0,0,0,1,0,1
57843,2295,2193,448,465,1975,0.0,0,1.1,0.0,0,0,0,1,0,0,0,1,0,0,0,0,1,0,1
57853,2295,2193,450,466,1975,0.0,0,0.8,0.0,0,0,0,1,0,0,0,1,0,0,0,0,1,0,1
57863,2296,2195,449,464,1974,0.0,0,0.9,0.0,0,0,0,1,0,0,0,1,0,0,0,0,1,0,1
57873,2297,2193,450,465,1974,0.0,0,0.9,0.0,0,0,0,1,0,0,0,1,0,0,0,0,1,0,1
57883,2295,2192,450,464,1974,0.0,0,0.8,0.0,0,0,0,1,0,0,0,1,0,0,0,0,1,0,1
57893,2295,2193,449,465,1974,0.0,0,0.6,0.0,0,0,0,1,0,0,0,1,0,0,0,0,1,0,1
57903,2295,2193,449,465,1974,0.0,0,0.9,0.0,0,0,0,1,0,0,0,1,0,0,0,0,1,0,1
57913,2294,2193,449,465,1974,0.0,0,0.8,0.0,0,0,0,1,0,0,0,1,0,0,0,0,1,0,1
57923,2296,2192,451,465,1974,0.0,0,0.9,0.0,0,0,0,1,0,0,0,1,0,0,0,0,1,0,1
57933,2295,2192,450,464,1977,0.0,0,0.9,0.0,0,0,0,1,0,0,0,1,0,0,0,0,1,0,1
57943,2294,2193,449,465,1975,0.0,0,0.6,0.0,0,0,0,1,0,0,0,1,0,0,0,0,1,0,1
57953,2295,2192,448,465,1975,0.0,0,0.8,0.0,0,0,0,1,0,0,0,1,0,0,0,0,1,0,1
57963,2293,2194,449,465,1975,0.0,0,0.9,0.0,0,0,0,1,0,0,0,1,0,0,0,0,1,0,1
57973,2296,2192,449,464,1973,0.0,0,1.0,0.0,0,0,0,1,0,0,0,1,0,0,0,0,1,0,1
57983,2295,2192,449,464,1974,0.0,0,0.8,0.0,0,0,0,1,0,0,0,1,0,0,0,0,1,0,1
57993,2296,2193,449,464,1974,0.0,0,0.8,0.0,0,0,0,1,0,0,0,1,0,0,0,0,1,0,1
58003,2295,2193,450,465,1975,0.0,0,0.8,0.0,0,0,0,1,0,0,0,1,0,0,0,0,1,0,1
58013,2295,2193,450,463,1975,0.0,0,0.6,0.0,0,0,0,1,0,0,0,1,0,0,0,0,1,0,1
58023,2295,2192,449,461,1974,0.0,0,0.6,0.0,0,0,0,1,0,0,0,1,0,0,0,0,1,0,1
58033,2296,2192,450,464,1974,0.0,0,1.0,0.0,0,0,0,1,0,0,0,1,0,0,0,0,1,0,1
58043,2295,2193,449,463,1974,0.0,0,0.9,0.0,0,0,0,1,0,0,0,1,0,0,0,0,1,0,1
58053,2296,2193,451,464,1974,0.0,0,0.9,0.0,0,0,0,1,0,0,0,1,0,0,0,0,1,0,1
58063,2296,2192,449,464,1974,0.0,0,0.9,0.0,0,0,0,1,0,0,0,1,0,0,0,0,1,0,1
58073,2299,2193,449,463,1974,0.0,0,0.8,0.0,0,0,0,1,0,0,0,1,0,0,0,0,1,0,1
58083,2296,2193,451,464,1974,0.0,0,0.8,0.0,0,0,0,1,0,0,0,1,0,0,0,0,1,0,1
58093,2296,2192,449,466,1973,0.0,0,0.8,0.0,0,0,0,1,0,0,0,1,0,0,0,0,1,0,1
58103,2295,2192,449,464,1973,0.0,0,0.6,0.0,0,0,0,1,0,0,0,1,0,0,0,0,1,0,1
58113,2296,2193,450,464,1974,0.0,0,0.6,0.0,0,0,0,1,0,0,0,1,0,0,0,0,1,0,1
58123,2295,2193,450,465,1973,0.0,0,0.8,0.0,0,0,0,1,0,0,0,1,0,0,0,0,1,0,1
58133,2295,2192,450,465,1974,0.0,0,0.8,0.0,0,0,0,1,0,0,0,1,0,0,0,0,1,0,1
58143,2295,2193,450,465,1974,0.0,0,1.1,0.0,0,0,0,1,0,0,0,1,0,0,0,0,1,0,1
58153,2295,2192,449,464,1974,0.0,0,0.8,0.0,0,0,0,1,0,0,0,1,0,0,0,0,1,0,1
58163,2297,2192,447,467,1973,0.0,0,0.9,0.0,0,0,0,1,0,0,0,1,0,0,0,0,1,0,1
58173,2296,2193,450,465,1975,0.0,0,0.9,0.0,0,0,0,1,0,0,0,1,0,0,0,0,1,0,1
58183,2295,2193,451,464,1973,0.0,0,1.0,0.0,0,0,0,1,0,0,0,1,0,0,0,0,1,0,1
58193,2296,2193,448,464,1974,0.0,0,0.8,0.0,0,0,0,1,0,0,0,1,0,0,0,0,1,0,1
58203,2296,2193,449,465,1973,0.0,0,0.8,0.0,0,0,0,1,0,0,0,1,0,0,0,0,1,0,1
58213,2296,2193,449,464,1974,0.0,0,0.8,0.0,0,0,0,1,0,0,0,1,0,0,0,0,1,0,1
58223,2296,2193,450,464,1974,0.0,0,0.9,0.0,0,0,0,1,0,0,0,1,0,0,0,0,1,0,1
58233,2296,2193,450,464,1974,0.0,0,0.9,0.0,0,0,0,1,0,0,0,1,0,0,0,0,1,0,1
58243,2296,2191,449,465,1974,0.0,0,0.8,0.0,0,0,0,1,0,0,0,1,0,0,0,0,1,0,1
58253,2296,2194,450,465,1974,0.0,0,0.8,0.0,0,0,0,1,0,0,0,1,0,0,0,0,1,0,1
58263,2295,2193,450,464,1974,0.0,0,1.0,0.0,0,0,0,1,0,0,0,1,0,0,0,0,1,0,1
58273,2296,2193,450,465,1974,0.0,0,0.8,0.0,0,0,0,1,0,0,0,1,0,0,0,0,1,0,1
58283,2295,2192,449,464,1973,0.0,0,0.8,0.0,0,0,0,1,0,0,0,1,0,0,0,0,1,0,1
58293,2295,2193,450,465,1974,0.0,0,0.8,0.0,0,0,0,1,0,0,0,1,0,0,0,0,1,0,1
58303,2296,2190,450,464,1974,0.0,0,0.9,0.0,0,0,0,1,0,0,0,1,0,0,0,0,1,0,1
58313,2294,2192,450,464,1975,0.0,0,0.6,0.0,0,0,0,1,0,0,0,1,0,0,0,0,1,0,1
58323,2296,2192,448,465,1974,0.0,0,1.0,0.0,0,0,0,1,0,0,0,1,0,0,0,0,1,0,1
58333,2295,2193,449,464,1974,0.0,0,1.0,0.0,0,0,0,1,0,0,0,1,0,0,0,0,1,0,1
58343,2295,2193,449,464,1975,0.0,0,1.0,0.0,0,0,0,1,0,0,0,1,0,0,0,0,1,0,1
58353,2295,2192,451,463,1974,0.0,0,1.0,0.0,0,0,0,1,0,0,0,1,0,0,0,0,1,0,1
58363,2295,2192,449,463,1974,0.0,0,1.2,0.0,0,0,0,1,0,0,0,1,0,0,0,0,1,0,1
58373,2295,2193,452,466,1974,0.0,0,1.0,0.0,0,0,0,1,0,0,0,1,0,0,0,0,1,0,1
58383,2296,2192,448,464,1974,0.0,0,0.9,0.0,0,0,0,1,0,0,0,1,0,0,0,0,1,0,1
58393,2295,2193,449,465,1974,0.0,0,0.8,0.0,0,0,0,1,0,0,0,1,0,0,0,0,1,0,1
58403,2296,2193,451,464,1972,0.0,0,0.9,0.0,0,0,0,1,0,0,0,1,0,0,0,0,1,0,1
58413,2295,2193,449,465,1974,0.0,0,0.9,0.0,0,0,0,1,0,0,0,1,0,0,0,0,1,0,1
58423,2296,2193,450,465,1974,0.0,0,0.9,0.0,0,0,0,1,0,0,0,1,0,0,0,0,1,0,1
58433,2296,2192,450,466,1973,0.0,0,1.0,0.0,0,0,0,1,0,0,0,1,0,0,0,0,1,0,1
58443,2295,2192,448,464,1974,0.0,0,0.6,0.0,0,0,0,1,0,0,0,1,0,0,0,0,1,0,1
58453,2295,2192,450,464,1974,0.0,0,1.0,0.0,0,0,0,1,0,0,0,1,0,0,0,0,1,0,1
58463,2296,2192,451,464,1973,0.0,0,0.9,0.0,0,0,0,1,0,0,0,1,0,0,0,0,1,0,1
58473,2299,2192,449,464,1974,0.0,0,0.9,0.0,0,0,0,1,0,0,0,1,0,0,0,0,1,0,1
58483,2295,2193,449,464,1974,0.0,0,0.4,0.0,0,0,0,1,0,0,0,1,0,0,0,0,1,0,1
58493,2296,2193,450,465,1974,0.0,0,1.0,0.0,0,0,0,1,0,0,0,1,0,0,0,0,1,0,1
58503,2294,2192,451,465,1974,0.0,0,1.0,0.0,0,0,0,1,0,0,0,1,0,0,0,0,1,0,1
58513,2297,2196,448,464,1975,0.0,0,0.8,0.0,0,0,0,1,0,0,0,1,0,0,0,0,1,0,1
58523,2296,2192,450,465,1973,0.0,0,0.8,0.0,0,0,0,1,0,0,0,1,0,0,0,0,1,0,1
58533,2295,2194,448,464,1974,0.0,0,1.0,0.0,0,0,0,1,0,0,0,1,0,0,0,0,1,0,1
58543,2293,2192,449,464,1974,0.0,0,0.9,0.0,0,0,0,1,0,0,0,1,0,0,0,0,1,0,1
58553,2296,2193,449,465,1974,0.0,0,0.9,0.0,0,0,0,1,0,0,0,1,0,0,0,0,1,0,1
58563,2295,2193,449,464,1974,0.0,0,1.0,0.0,0,0,0,1,0,0,0,1,0,0,0,0,1,0,1
58573,2295,2193,449,466,1973,0.0,0,0.6,0.0,0,0,0,1,0,0,0,1,0,0,0,0,1,0,1
58583,2297,2192,450,465,1974,0.0,0,0.8,0.0,0,0,0,1,0,0,0,1,0,0,0,0,1,0,1
58593,2296,2194,450,464,1974,0.0,0,0.8,0.0,0,0,0,1,0,0,0,1,0,0,0,0,1,0,1
58603,2295,2193,450,467,1974,0.0,0,0.6,0.0,0,0,0,1,0,0,0,1,0,0,0,0,1,0,1
58613,2294,2193,449,464,1974,0.0,0,1.0,0.0,0,0,0,1,0,0,0,1,0,0,0,0,1,0,1
58623,2294,2193,448,464,1973,0.0,0,1.0,0.0,0,0,0,1,0,0,0,1,0,0,0,0,1,0,1
58633,2295,2193,450,465,1974,0.0,0,1.1,0.0,0,0,0,1,0,0,0,1,0,0,0,0,1,0,1
58643,2295,2193,449,464,1974,0.0,0,0.9,0.0,0,0,0,1,0,0,0,1,0,0,0,0,1,0,1
58653,2295,2193,448,464,1973,0.0,0,0.9,0.0,0,0,0,1,0,0,0,1,0,0,0,0,1,0,1
58663,2294,2193,450,464,1973,0.0,0,0.6,0.0,0,0,0,1,0,0,0,1,0,0,0,0,1,0,1
58673,2295,2195,449,463,1974,0.0,0,0.8,0.0,0,0,0,1,0,0,0,1,0,0,0,0,1,0,1
58683,2296,2193,449,465,1974,0.0,0,0.5,0.0,0,0,0,1,0,0,0,1,0,0,0,0,1,0,1
58693,2296,2194,452,465,1973,0.0,0,0.9,0.0,0,0,0,1,0,0,0,1,0,0,0,0,1,0,1
58703,2296,2192,450,464,1973,0.0,0,0.8,0.0,0,0,0,1,0,0,0,1,0,0,0,0,1,0,1
58713,2296,2193,447,464,1973,0.0,0,0.8,0.0,0,0,0,1,0,0,0,1,0,0,0,0,1,0,1
58723,2295,2193,450,464,1972,0.0,0,0.9,0.0,0,0,0,1,0,0,0,1,0,0,0,0,1,0,1
58733,2296,2193,450,465,1972,0.0,0,0.8,0.0,0,0,0,1,0,0,0,1,0,0,0,0,1,0,1
58743,2295,2192,451,465,1974,0.0,0,0.9,0.0,0,0,0,1,0,0,0,1,0,0,0,0,1,0,1
58753,2296,2193,448,464,1974,0.0,0,0.6,0.0,0,0,0,1,0,0,0,1,0,0,0,0,1,0,1
58763,2296,2193,449,465,1974,0.0,0,0.6,0.0,0,0,0,1,0,0,0,1,0,0,0,0,1,0,1
58773,2296,2193,449,465,1973,0.0,0,0.6,0.0,0,0,0,1,0,0,0,1,0,0,0,0,1,0,1
58783,2295,2193,449,466,1974,0.0,0,0.8,0.0,0,0,0,1,0,0,0,1,0,0,0,0,1,0,1
58793,2292,2193,449,464,1974,0.0,0,0.5,0.0,0,0,0,1,0,0,0,1,0,0,0,0,1,0,1
58803,2295,2192,449,465,1974,0.0,0,0.9,0.0,0,0,0,1,0,0,0,1,0,0,0,0,1,0,1
58813,2295,2193,450,464,1974,0.0,0,0.5,0.0,0,0,0,1,0,0,0,1,0,0,0,0,1,0,1
58823,2296,2192,449,466,1973,0.0,0,0.6,0.0,0,0,0,1,0,0,0,1,0,0,0,0,1,0,1
58833,2296,2193,450,464,1974,0.0,0,0.6,0.0,0,0,0,1,0,0,0,1,0,0,0,0,1,0,1
58843,2296,2192,449,464,1974,0.0,0,0.6,0.0,0,0,0,1,0,0,0,1,0,0,0,0,1,0,1
58853,2296,2193,450,467,1974,0.0,0,0.8,0.0,0,0,0,1,0,0,0,1,0,0,0,0,1,0,1
58863,2295,2192,451,463,1974,0.0,0,0.9,0.0,0,0,0,1,0,0,0,1,0,0,0,0,1,0,1
58873,2295,2192,451,465,1973,0.0,0,0.8,0.0,0,0,0,1,0,0,0,1,0,0,0,0,1,0,1
58883,2297,2193,450,463,1974,0.0,0,0.8,0.0,0,0,0,1,0,0,0,1,0,0,0,0,1,0,1
58893,2295,2193,450,464,1975,0.0,0,0.8,0.0,0,0,0,1,0,0,0,1,0,0,0,0,1,0,1
58903,2295,2193,448,464,1974,0.0,0,0.6,0.0,0,0,0,1,0,0,0,1,0,0,0,0,1,0,1
58913,2295,2193,450,464,1975,0.0,0,0.8,0.0,0,0,0,1,0,0,0,1,0,0,0,0,1,0,1
58923,2295,2189,450,463,1974,0.0,0,0.5,0.0,0,0,0,1,0,0,0,1,0,0,0,0,1,0,1
58933,2295,2193,450,465,1974,0.0,0,0.5,0.0,0,0,0,1,0,0,0,1,0,0,0,0,1,0,1
58943,2295,2192,450,464,1974,0.0,0,0.9,0.0,0,0,0,1,0,0,0,1,0,0,0,0,1,0,1
58953,2295,2192,450,464,1974,0.0,0,0.9,0.0,0,0,0,1,0,0,0,1,0,0,0,0,1,0,1
58963,2295,2193,447,465,1974,0.0,0,0.9,0.0,0,0,0,1,0,0,0,1,0,0,0,0,1,0,1
58973,2295,2192,450,465,1974,0.0,0,0.6,0.0,0,0,0,1,0,0,0,1,0,0,0,0,1,0,1
58983,2296,2192,451,464,1974,0.0,0,0.5,0.0,0,0,0,1,0,0,0,1,0,0,0,0,1,0,1
58993,2296,2193,449,464,1975,0.0,0,0.6,0.0,0,0,0,1,0,0,0,1,0,0,0,0,1,0,1
59003,2299,2192,449,464,1977,0.0,0,0.4,0.0,0,0,0,1,0,0,0,1,0,0,0,0,1,0,1
59013,2295,2193,449,465,1976,0.0,0,0.4,0.0,0,0,0,1,0,0,0,1,0,0,0,0,1,0,1
59023,2297,2192,450,465,1974,0.0,0,0.8,0.0,0,0,0,1,0,0,0,1,0,0,0,0,1,0,1
59033,2295,2193,451,464,1974,0.0,0,0.5,0.0,0,0,0,1,0,0,0,1,0,0,0,0,1,0,1
59043,2296,2192,450,465,1973,0.0,0,0.6,0.0,0,0,0,1,0,0,0,1,0,0,0,0,1,0,1
59053,2296,2193,450,465,1974,0.0,0,0.9,0.0,0,0,0,1,0,0,0,1,0,0,0,0,1,0,1
59063,2296,2193,448,464,1974,0.0,0,0.8,0.0,0,0,0,1,0,0,0,1,0,0,0,0,1,0,1
59073,2295,2193,450,465,1975,0.0,0,0.8,0.0,0,0,0,1,0,0,0,1,0,0,0,0,1,0,1
59083,2296,2193,449,464,1975,0.0,0,0.6,0.0,0,0,0,1,0,0,0,1,0,0,0,0,1,0,1
59093,2295,2193,450,464,1974,0.0,0,0.8,0.0,0,0,0,1,0,0,0,1,0,0,0,0,1,0,1
59103,2295,2192,450,463,1974,0.0,0,0.8,0.0,0,0,0,1,0,0,0,1,0,0,0,0,1,0,1
59113,2296,2193,451,465,1974,0.0,0,0.8,0.0,0,0,0,1,0,0,0,1,0,0,0,0,1,0,1
59123,2296,2195,448,463,1974,0.0,0,0.6,0.0,0,0,0,1,0,0,0,1,0,0,0,0,1,0,1
59133,2298,2193,449,465,1974,0.0,0,0.6,0.0,0,0,0,1,0,0,0,1,0,0,0,0,1,0,1
59143,2296,2193,451,462,1974,0.0,0,0.5,0.0,0,0,0,1,0,0,0,1,0,0,0,0,1,0,1
59153,2296,2192,450,465,1973,0.0,0,0.9,0.0,0,0,0,1,0,0,0,1,0,0,0,0,1,0,1
59163,2295,2193,450,462,1972,0.0,0,0.8,0.0,0,0,0,1,0,0,0,1,0,0,0,0,1,0,1
59173,2296,2193,450,464,1974,0.0,0,0.8,0.0,0,0,0,1,0,0,0,1,0,0,0,0,1,0,1
59183,2295,2193,448,466,1974,0.0,0,0.9,0.0,0,0,0,1,0,0,0,1,0,0,0,0,1,0,1
59193,2296,2193,450,466,1973,0.0,0,0.9,0.0,0,0,0,1,0,0,0,1,0,0,0,0,1,0,1
59203,2296,2192,449,465,1974,0.0,0,1.1,0.0,0,0,0,1,0,0,0,1,0,0,0,0,1,0,1
59213,2295,2193,451,465,1974,0.0,0,1.0,0.0,0,0,0,1,0,0,0,1,0,0,0,0,1,0,1
59223,2296,2193,450,464,1974,0.0,0,0.9,0.0,0,0,0,1,0,0,0,1,0,0,0,0,1,0,1
59233,2298,2193,447,464,1974,0.0,0,0.9,0.0,0,0,0,1,0,0,0,1,0,0,0,0,1,0,1
59243,2296,2193,451,464,1973,0.0,0,1.1,0.0,0,0,0,1,0,0,0,1,0,0,0,0,1,0,1
59253,2295,2192,449,464,1974,0.0,0,1.1,0.0,0,0,0,1,0,0,0,1,0,0,0,0,1,0,1
59263,2296,2192,451,465,1974,0.0,0,0.9,0.0,0,0,0,1,0,0,0,1,0,0,0,0,1,0,1
59273,2296,2193,449,463,1973,0.0,0,0.8,0.0,0,0,0,1,0,0,0,1,0,0,0,0,1,0,1
59283,2295,2193,449,463,1973,0.0,0,0.6,0.0,0,0,0,1,0,0,0,1,0,0,0,0,1,0,1
59293,2295,2193,450,465,1974,0.0,0,0.6,0.0,0,0,0,1,0,0,0,1,0,0,0,0,1,0,1
59303,2295,2194,449,465,1974,0.0,0,0.6,0.0,0,0,0,1,0,0,0,1,0,0,0,0,1,0,1
59313,2295,2192,449,462,1974,0.0,0,0.6,0.0,0,0,0,1,0,0,0,1,0,0,0,0,1,0,1
59323,2295,2192,451,464,1975,0.0,0,0.9,0.0,0,0,0,1,0,0,0,1,0,0,0,0,1,0,1
59333,2296,2192,450,464,1974,0.0,0,0.9,0.0,0,0,0,1,0,0,0,1,0,0,0,0,1,0,1
59343,2293,2192,451,464,1974,0.0,0,0.6,0.0,0,0,0,1,0,0,0,1,0,0,0,0,1,0,1
59353,2295,2192,450,464,1974,0.0,0,0.9,0.0,0,0,0,1,0,0,0,1,0,0,0,0,1,0,1
59363,2295,2192,453,464,1974,0.0,0,0.8,0.0,0,0,0,1,0,0,0,1,0,0,0,0,1,0,1
59373,2295,2190,449,464,1974,0.0,0,0.8,0.0,0,0,0,1,0,0,0,1,0,0,0,0,1,0,1
59383,2295,2195,451,464,1974,0.0,0,1.0,0.0,0,0,0,1,0,0,0,1,0,0,0,0,1,0,1
59393,2295,2193,450,464,1974,0.0,0,0.8,0.0,0,0,0,1,0,0,0,1,0,0,0,0,1,0,1
59403,2294,2193,449,465,1974,0.0,0,0.9,0.0,0,0,0,1,0,0,0,1,0,0,0,0,1,0,1
59413,2293,2192,450,466,1974,0.0,0,0.6,0.0,0,0,0,1,0,0,0,1,0,0,0,0,1,0,1
59423,2297,2192,449,464,1974,0.0,0,0.9,0.0,0,0,0,1,0,0,0,1,0,0,0,0,1,0,1
59433,2295,2192,450,465,1975,0.0,0,0.9,0.0,0,0,0,1,0,0,0,1,0,0,0,0,1,0,1
59443,2299,2193,447,461,1974,0.0,0,0.9,0.0,0,0,0,1,0,0,0,1,0,0,0,0,1,0,1
59453,2295,2193,449,465,1974,0.0,0,0.6,0.0,0,0,0,1,0,0,0,1,0,0,0,0,1,0,1
59463,2295,2194,449,465,1971,0.0,0,0.8,0.0,0,0,0,1,0,0,0,1,0,0,0,0,1,0,1
59473,2295,2192,449,463,1977,0.0,0,0.6,0.0,0,0,0,1,0,0,0,1,0,0,0,0,1,0,1
59483,2294,2193,449,464,1974,0.0,0,0.9,0.0,0,0,0,1,0,0,0,1,0,0,0,0,1,0,1
59493,2295,2193,450,462,1974,0.0,0,0.9,0.0,0,0,0,1,0,0,0,1,0,0,0,0,1,0,1
59503,2295,2192,449,463,1974,0.0,0,0.9,0.0,0,0,0,1,0,0,0,1,0,0,0,0,1,0,1
59513,2295,2193,450,465,1972,0.0,0,0.8,0.0,0,0,0,1,0,0,0,1,0,0,0,0,1,0,1
59523,2295,2193,449,465,1975,0.0,0,0.8,0.0,0,0,0,1,0,0,0,1,0,0,0,0,1,0,1
59533,2295,2192,450,463,1974,0.0,0,1.1,0.0,0,0,0,1,0,0,0,1,0,0,0,0,1,0,1
59544,2298,2193,450,463,1973,0.0,0,0.8,0.0,0,0,0,1,0,0,0,1,0,0,0,0,1,0,1
59555,2297,2193,449,464,1973,0.0,0,0.6,0.0,0,0,0,1,0,0,0,1,0,0,0,0,1,0,1
59565,2296,2193,450,463,1974,0.0,0,0.6,0.0,0,0,0,1,0,0,0,1,0,0,0,0,1,0,1
59575,2295,2193,448,465,1972,0.0,0,0.6,0.0,0,0,0,1,0,0,0,1,0,0,0,0,1,0,1
59585,2295,2194,449,465,1974,0.0,0,0.9,0.0,0,0,0,1,0,0,0,1,0,0,0,0,1,0,1
59595,2295,2193,450,465,1973,0.0,0,0.8,0.0,0,0,0,1,0,0,0,1,0,0,0,0,1,0,1
59605,2293,2194,449,465,1973,0.0,0,0.9,0.0,0,0,0,1,0,0,0,1,0,0,0,0,1,0,1
59615,2295,2193,449,464,1974,0.0,0,0.5,0.0,0,0,0,1,0,0,0,1,0,0,0,0,1,0,1
59625,2296,2194,450,466,1975,0.0,0,0.5,0.0,0,0,0,1,0,0,0,1,0,0,0,0,1,0,1
59635,2295,2193,447,465,1973,0.0,0,0.5,0.0,0,0,0,1,0,0,0,1,0,0,0,0,1,0,1
59645,2296,2193,449,465,1974,0.0,0,0.6,0.0,0,0,0,1,0,0,0,1,0,0,0,0,1,0,1
59655,2295,2192,451,465,1974,0.0,0,0.8,0.0,0,0,0,1,0,0,0,1,0,0,0,0,1,0,1
59665,2295,2192,450,465,1973,0.0,0,0.6,0.0,0,0,0,1,0,0,0,1,0,0,0,0,1,0,1
59675,2297,2192,449,465,1974,0.0,0,0.8,0.0,0,0,0,1,0,0,0,1,0,0,0,0,1,0,1
59685,2295,2193,452,465,1974,0.0,0,0.8,0.0,0,0,0,1,0,0,0,1,0,0,0,0,1,0,1
59695,2295,2192,449,464,1974,0.0,0,0.8,0.0,0,0,0,1,0,0,0,1,0,0,0,0,1,0,1
59705,2296,2192,450,465,1974,0.0,0,0.8,0.0,0,0,0,1,0,0,0,1,0,0,0,0,1,0,1
59715,2295,2193,450,465,1974,0.0,0,0.8,0.0,0,0,0,1,0,0,0,1,0,0,0,0,1,0,1
59725,2295,2193,449,464,1974,0.0,0,0.8,0.0,0,0,0,1,0,0,0,1,0,0,0,0,1,0,1
59735,2294,2193,449,465,1977,0.0,0,0.8,0.0,0,0,0,1,0,0,0,1,0,0,0,0,1,0,1
59745,2296,2193,450,465,1974,0.0,0,0.8,0.0,0,0,0,1,0,0,0,1,0,0,0,0,1,0,1
59755,2295,2193,449,465,1974,0.0,0,1.1,0.0,0,0,0,1,0,0,0,1,0,0,0,0,1,0,1
59765,2295,2193,450,464,1973,0.0,0,0.5,0.0,0,0,0,1,0,0,0,1,0,0,0,0,1,0,1
59775,2295,2193,449,465,1974,0.0,0,0.8,0.0,0,0,0,1,0,0,0,1,0,0,0,0,1,0,1
59785,2296,2194,450,462,1973,0.0,0,0.8,0.0,0,0,0,1,0,0,0,1,0,0,0,0,1,0,1
59795,2296,2193,450,463,1973,0.0,0,0.8,0.0,0,0,0,1,0,0,0,1,0,0,0,0,1,0,1
59805,2295,2193,450,465,1973,0.0,0,0.8,0.0,0,0,0,1,0,0,0,1,0,0,0,0,1,0,1
59815,2295,2193,449,464,1974,0.0,0,0.9,0.0,0,0,0,1,0,0,0,1,0,0,0,0,1,0,1
59825,2296,2192,449,465,1974,0.0,0,0.8,0.0,0,0,0,1,0,0,0,1,0,0,0,0,1,0,1
59835,2296,2192,449,465,1973,0.0,0,0.8,0.0,0,0,0,1,0,0,0,1,0,0,0,0,1,0,1
59845,2295,2193,450,465,1974,0.0,0,0.5,0.0,0,0,0,1,0,0,0,1,0,0,0,0,1,0,1
59855,2296,2192,450,464,1974,0.0,0,0.9,0.0,0,0,0,1,0,0,0,1,0,0,0,0,1,0,1
59865,2295,2192,450,465,1974,0.0,0,0.9,0.0,0,0,0,1,0,0,0,1,0,0,0,0,1,0,1
59875,2294,2192,448,464,1975,0.0,0,0.6,0.0,0,0,0,1,0,0,0,1,0,0,0,0,1,0,1
59885,2295,2193,449,466,1974,0.0,0,0.6,0.0,0,0,0,1,0,0,0,1,0,0,0,0,1,0,1
59895,2296,2193,450,466,1974,0.0,0,0.5,0.0,0,0,0,1,0,0,0,1,0,0,0,0,1,0,1
59905,2295,2193,450,467,1974,0.0,0,0.9,0.0,0,0,0,1,0,0,0,1,0,0,0,0,1,0,1
59915,2295,2192,448,464,1974,0.0,0,0.4,0.0,0,0,0,1,0,0,0,1,0,0,0,0,1,0,1
59925,2294,2193,449,463,1974,0.0,0,0.4,0.0,0,0,0,1,0,0,0,1,0,0,0,0,1,0,1
59935,2293,2193,450,465,1974,0.0,0,0.6,0.0,0,0,0,1,0,0,0,1,0,0,0,0,1,0,1
59945,2296,2192,449,465,1976,0.0,0,0.8,0.0,0,0,0,1,0,0,0,1,0,0,0,0,1,0,1
59955,2295,2193,450,465,1974,0.0,0,0.8,0.0,0,0,0,1,0,0,0,1,0,0,0,0,1,0,1
59965,2297,2192,449,466,1975,0.0,0,0.6,0.0,0,0,0,1,0,0,0,1,0,0,0,0,1,0,1
59975,2295,2193,449,465,1976,0.0,0,0.9,0.0,0,0,0,1,0,0,0,1,0,0,0,0,1,0,1
59985,2295,2193,449,465,1974,0.0,0,0.9,0.0,0,0,0,1,0,0,0,1,0,0,0,0,1,0,1
59995,2295,2192,451,465,1974,0.0,0,0.8,0.0,0,0,0,1,0,0,0,1,0,0,0,0,1,0,1
60005,2296,2193,449,464,1974,0.0,0,0.6,0.0,0,0,0,1,0,0,0,1,0,0,0,0,1,0,1
60015,2295,2192,449,462,1975,0.0,0,0.9,0.0,0,0,0,1,0,0,0,1,0,0,0,0,1,0,1
60025,2295,2194,450,465,1975,0.0,0,0.8,0.0,0,0,0,1,0,0,0,1,0,0,0,0,1,0,1
60035,2295,2193,450,465,1974,0.0,0,0.6,0.0,0,0,0,1,0,0,0,1,0,0,0,0,1,0,1
60045,2295,2192,450,465,1974,0.0,0,0.6,0.0,0,0,0,1,0,0,0,1,0,0,0,0,1,0,1
60055,2295,2193,450,464,1975,0.0,0,0.6,0.0,0,0,0,1,0,0,0,1,0,0,0,0,1,0,1
60065,2296,2192,450,465,1975,0.0,0,0.8,0.0,0,0,0,1,0,0,0,1,0,0,0,0,1,0,1
60075,2295,2193,450,464,1974,0.0,0,1.0,0.0,0,0,0,1,0,0,0,1,0,0,0,0,1,0,1
60085,2296,2193,449,464,1974,0.0,0,0.6,0.0,0,0,0,1,0,0,0,1,0,0,0,0,1,0,1
60095,2296,2193,448,464,1974,0.0,0,0.8,0.0,0,0,0,1,0,0,0,1,0,0,0,0,1,0,1
60105,2295,2193,449,464,1974,0.0,0,0.8,0.0,0,0,0,1,0,0,0,1,0,0,0,0,1,0,1
60115,2296,2194,451,464,1974,0.0,0,0.8,0.0,0,0,0,1,0,0,0,1,0,0,0,0,1,0,1
60125,2295,2196,449,463,1974,0.0,0,0.6,0.0,0,0,0,1,0,0,0,1,0,0,0,0,1,0,1
60135,2296,2193,450,464,1974,0.0,0,0.8,0.0,0,0,0,1,0,0,0,1,0,0,0,0,1,0,1
60145,2296,2193,449,465,1974,0.0,0,0.3,0.0,0,0,0,1,0,0,0,1,0,0,0,0,1,0,1
60155,2296,2192,452,465,1973,0.0,0,0.3,0.0,0,0,0,1,0,0,0,1,0,0,0,0,1,0,1
60165,2296,2193,449,465,1976,0.0,0,1.2,0.0,0,0,0,1,0,0,0,1,0,0,0,0,1,0,1
60175,2296,2193,450,465,1974,0.0,0,0.8,0.0,0,0,0,1,0,0,0,1,0,0,0,0,1,0,1
60185,2295,2193,450,465,1974,0.0,0,0.6,0.0,0,0,0,1,0,0,0,1,0,0,0,0,1,0,1
60195,2294,2193,450,465,1975,0.0,0,0.8,0.0,0,0,0,1,0,0,0,1,0,0,0,0,1,0,1
60205,2295,2192,450,463,1974,0.0,0,0.6,0.0,0,0,0,1,0,0,0,1,0,0,0,0,1,0,1
60215,2297,2193,449,465,1972,0.0,0,0.8,0.0,0,0,0,1,0,0,0,1,0,0,0,0,1,0,1
60225,2295,2193,450,463,1974,0.0,0,0.8,0.0,0,0,0,1,0,0,0,1,0,0,0,0,1,0,1
60235,2295,2193,449,465,1977,0.0,0,0.9,0.0,0,0,0,1,0,0,0,1,0,0,0,0,1,0,1
60245,2295,2194,449,465,1970,0.0,0,1.0,0.0,0,0,0,1,0,0,0,1,0,0,0,0,1,0,1
60255,2297,2193,449,465,1972,0.0,0,0.8,0.0,0,0,0,1,0,0,0,1,0,0,0,0,1,0,1
60265,2295,2193,449,464,1974,0.0,0,0.8,0.0,0,0,0,1,0,0,0,1,0,0,0,0,1,0,1
60275,2296,2193,449,463,1973,0.0,0,0.6,0.0,0,0,0,1,0,0,0,1,0,0,0,0,1,0,1
60285,2296,2192,450,464,1973,0.0,0,0.6,0.0,0,0,0,1,0,0,0,1,0,0,0,0,1,0,1
60295,2296,2193,449,464,1974,0.0,0,0.6,0.0,0,0,0,1,0,0,0,1,0,0,0,0,1,0,1
60305,2295,2192,450,466,1974,0.0,0,0.9,0.0,0,0,0,1,0,0,0,1,0,0,0,0,1,0,1
60315,2295,2193,449,466,1974,0.0,0,0.9,0.0,0,0,0,1,0,0,0,1,0,0,0,0,1,0,1
60325,2295,2193,449,464,1973,0.0,0,0.6,0.0,0,0,0,1,0,0,0,1,0,0,0,0,1,0,1
60335,2296,2192,449,464,1974,0.0,0,1.1,0.0,0,0,0,1,0,0,0,1,0,0,0,0,1,0,1
60345,2295,2192,449,465,1977,0.0,0,1.1,0.0,0,0,0,1,0,0,0,1,0,0,0,0,1,0,1
60355,2295,2192,449,463,1974,0.0,0,0.9,0.0,0,0,0,1,0,0,0,1,0,0,0,0,1,0,1
60365,2294,2194,451,465,1974,0.0,0,1.0,0.0,0,0,0,1,0,0,0,1,0,0,0,0,1,0,1
60375,2295,2192,449,465,1974,0.0,0,0.6,0.0,0,0,0,1,0,0,0,1,0,0,0,0,1,0,1
60385,2294,2192,449,465,1974,0.0,0,0.8,0.0,0,0,0,1,0,0,0,1,0,0,0,0,1,0,1
60395,2295,2192,449,464,1974,0.0,0,0.9,0.0,0,0,0,1,0,0,0,1,0,0,0,0,1,0,1
60405,2295,2193,449,463,1975,0.0,0,0.9,0.0,0,0,0,1,0,0,0,1,0,0,0,0,1,0,1
60415,2296,2192,449,464,1974,0.0,0,1.1,0.0,0,0,0,1,0,0,0,1,0,0,0,0,1,0,1
60425,2295,2192,450,464,1973,0.0,0,0.4,0.0,0,0,0,1,0,0,0,1,0,0,0,0,1,0,1
60435,2293,2193,450,465,1975,0.0,0,0.9,0.0,0,0,0,1,0,0,0,1,0,0,0,0,1,0,1
60445,2293,2193,450,464,1974,0.0,0,1.0,0.0,0,0,0,1,0,0,0,1,0,0,0,0,1,0,1
60455,2296,2193,449,464,1975,0.0,0,0.8,0.0,0,0,0,1,0,0,0,1,0,0,0,0,1,0,1
60465,2295,2193,450,465,1974,0.0,0,0.8,0.0,0,0,0,1,0,0,0,1,0,0,0,0,1,0,1
60475,2295,2193,452,464,1974,0.0,0,0.9,0.0,0,0,0,1,0,0,0,1,0,0,0,0,1,0,1
60485,2292,2193,450,462,1975,0.0,0,0.8,0.0,0,0,0,1,0,0,0,1,0,0,0,0,1,0,1
60495,2296,2193,449,465,1974,0.0,0,0.8,0.0,0,0,0,1,0,0,0,1,0,0,0,0,1,0,1
60505,2297,2193,450,465,1974,0.0,0,0.6,0.0,0,0,0,1,0,0,0,1,0,0,0,0,1,0,1
60515,2296,2192,448,464,1974,0.0,0,1.0,0.0,0,0,0,1,0,0,0,1,0,0,0,0,1,0,1
60525,2296,2193,449,463,1974,0.0,0,1.0,0.0,0,0,0,1,0,0,0,1,0,0,0,0,1,0,1
60535,2295,2192,450,465,1974,0.0,0,0.6,0.0,0,0,0,1,0,0,0,1,0,0,0,0,1,0,1
60545,2295,2193,449,466,1975,0.0,0,0.6,0.0,0,0,0,1,0,0,0,1,0,0,0,0,1,0,1
60555,2296,2193,448,462,1974,0.0,0,1.4,0.0,0,0,0,1,0,0,0,1,0,0,0,0,1,0,1
60566,2295,2193,451,465,1974,0.0,0,0.8,0.0,0,0,0,1,0,0,0,1,0,0,0,0,1,0,1
60576,2296,2193,450,465,1974,0.0,0,0.5,0.0,0,0,0,1,0,0,0,1,0,0,0,0,1,0,1
60587,2296,2193,448,464,1971,0.0,0,0.8,0.0,0,0,0,1,0,0,0,1,0,0,0,0,1,0,1
60597,2296,2193,449,465,1973,0.0,0,0.8,0.0,0,0,0,1,0,0,0,1,0,0,0,0,1,0,1
60607,2295,2193,449,464,1974,0.0,0,0.6,0.0,0,0,0,1,0,0,0,1,0,0,0,0,1,0,1
60617,2296,2193,449,465,1973,0.0,0,0.8,0.0,0,0,0,1,0,0,0,1,0,0,0,0,1,0,1
60627,2296,2193,449,465,1973,0.0,0,1.0,0.0,0,0,0,1,0,0,0,1,0,0,0,0,1,0,1
60637,2295,2193,447,465,1974,0.0,0,1.0,0.0,0,0,0,1,0,0,0,1,0,0,0,0,1,0,1
60647,2295,2192,448,464,1973,0.0,0,0.6,0.0,0,0,0,1,0,0,0,1,0,0,0,0,1,0,1
60657,2295,2193,449,464,1974,0.0,0,0.6,0.0,0,0,0,1,0,0,0,1,0,0,0,0,1,0,1
60667,2296,2193,449,465,1974,0.0,0,1.0,0.0,0,0,0,1,0,0,0,1,0,0,0,0,1,0,1
60677,2295,2193,449,464,1974,0.0,0,0.6,0.0,0,0,0,1,0,0,0,1,0,0,0,0,1,0,1
60687,2295,2193,450,466,1976,0.0,0,1.0,0.0,0,0,0,1,0,0,0,1,0,0,0,0,1,0,1
60697,2295,2193,448,465,1974,0.0,0,0.8,0.0,0,0,0,1,0,0,0,1,0,0,0,0,1,0,1
60707,2295,2193,449,464,1974,0.0,0,0.5,0.0,0,0,0,1,0,0,0,1,0,0,0,0,1,0,1
60717,2296,2193,450,465,1974,0.0,0,0.5,0.0,0,0,0,1,0,0,0,1,0,0,0,0,1,0,1
60727,2293,2193,448,464,1974,0.0,0,0.6,0.0,0,0,0,1,0,0,0,1,0,0,0,0,1,0,1
60737,2296,2193,451,465,1974,0.0,0,0.6,0.0,0,0,0,1,0,0,0,1,0,0,0,0,1,0,1
60747,2299,2193,450,463,1974,0.0,0,0.9,0.0,0,0,0,1,0,0,0,1,0,0,0,0,1,0,1
60757,2296,2193,450,466,1974,0.0,0,0.8,0.0,0,0,0,1,0,0,0,1,0,0,0,0,1,0,1
60767,2296,2193,450,463,1971,0.0,0,0.6,0.0,0,0,0,1,0,0,0,1,0,0,0,0,1,0,1
60777,2296,2193,450,466,1974,0.0,0,0.6,0.0,0,0,0,1,0,0,0,1,0,0,0,0,1,0,1
60787,2296,2189,450,465,1973,0.0,0,0.8,0.0,0,0,0,1,0,0,0,1,0,0,0,0,1,0,1
60797,2296,2192,450,464,1974,0.0,0,0.6,0.0,0,0,0,1,0,0,0,1,0,0,0,0,1,0,1
60807,2297,2193,451,465,1975,0.0,0,0.9,0.0,0,0,0,1,0,0,0,1,0,0,0,0,1,0,1
60817,2295,2192,448,467,1974,0.0,0,0.6,0.0,0,0,0,1,0,0,0,1,0,0,0,0,1,0,1
60827,2296,2192,449,464,1974,0.0,0,1.0,0.0,0,0,0,1,0,0,0,1,0,0,0,0,1,0,1
60837,2296,2193,449,464,1974,0.0,0,1.0,0.0,0,0,0,1,0,0,0,1,0,0,0,0,1,0,1
60847,2295,2193,448,464,1974,0.0,0,0.8,0.0,0,0,0,1,0,0,0,1,0,0,0,0,1,0,1
60857,2293,2193,450,465,1974,0.0,0,0.6,0.0,0,0,0,1,0,0,0,1,0,0,0,0,1,0,1
60867,2294,2193,449,464,1974,0.0,0,0.6,0.0,0,0,0,1,0,0,0,1,0,0,0,0,1,0,1
60877,2295,2193,453,464,1976,0.0,0,0.8,0.0,0,0,0,1,0,0,0,1,0,0,0,0,1,0,1
60887,2295,2192,448,464,1974,0.0,0,0.8,0.0,0,0,0,1,0,0,0,1,0,0,0,0,1,0,1
60897,2295,2193,449,465,1974,0.0,0,0.8,0.0,0,0,0,1,0,0,0,1,0,0,0,0,1,0,1
60907,2299,2194,448,465,1975,0.0,0,0.6,0.0,0,0,0,1,0,0,0,1,0,0,0,0,1,0,1
60917,2296,2193,447,465,1974,0.0,0,0.6,0.0,0,0,0,1,0,0,0,1,0,0,0,0,1,0,1
60927,2295,2193,447,464,1974,0.0,0,0.6,0.0,0,0,0,1,0,0,0,1,0,0,0,0,1,0,1
60937,2296,2193,450,465,1974,0.0,0,0.8,0.0,0,0,0,1,0,0,0,1,0,0,0,0,1,0,1
60947,2296,2192,449,464,1974,0.0,0,0.8,0.0,0,0,0,1,0,0,0,1,0,0,0,0,1,0,1
60957,2295,2192,449,464,1974,0.0,0,0.8,0.0,0,0,0,1,0,0,0,1,0,0,0,0,1,0,1
60967,2295,2193,450,466,1975,0.0,0,0.8,0.0,0,0,0,1,0,0,0,1,0,0,0,0,1,0,1
60977,2298,2195,450,464,1974,0.0,0,0.8,0.0,0,0,0,1,0,0,0,1,0,0,0,0,1,0,1
60987,2294,2192,450,465,1974,0.0,0,0.8,0.0,0,0,0,1,0,0,0,1,0,0,0,0,1,0,1
60997,2295,2193,450,464,1975,0.0,0,0.8,0.0,0,0,0,1,0,0,0,1,0,0,0,0,1,0,1
61007,2295,2192,449,464,1974,0.0,0,0.5,0.0,0,0,0,1,0,0,0,1,0,0,0,0,1,0,1
61017,2295,2192,450,464,1974,0.0,0,0.5,0.0,0,0,0,1,0,0,0,1,0,0,0,0,1,0,1
61027,2295,2193,449,463,1975,0.0,0,0.8,0.0,0,0,0,1,0,0,0,1,0,0,0,0,1,0,1
61037,2295,2192,448,465,1974,0.0,0,0.5,0.0,0,0,0,1,0,0,0,1,0,0,0,0,1,0,1
61047,2295,2189,451,464,1974,0.0,0,0.8,0.0,0,0,0,1,0,0,0,1,0,0,0,0,1,0,1
61057,2296,2193,450,464,1976,0.0,0,0.5,0.0,0,0,0,1,0,0,0,1,0,0,0,0,1,0,1
61067,2297,2193,449,461,1973,0.0,0,0.9,0.0,0,0,0,1,0,0,0,1,0,0,0,0,1,0,1
61077,2295,2192,450,465,1974,0.0,0,0.9,0.0,0,0,0,1,0,0,0,1,0,0,0,0,1,0,1
61087,2296,2193,453,464,1974,0.0,0,0.6,0.0,0,0,0,1,0,0,0,1,0,0,0,0,1,0,1
61097,2295,2193,449,465,1973,0.0,0,0.5,0.0,0,0,0,1,0,0,0,1,0,0,0,0,1,0,1
61107,2297,2192,449,465,1974,0.0,0,0.8,0.0,0,0,0,1,0,0,0,1,0,0,0,0,1,0,1
61117,2295,2193,448,467,1974,0.0,0,0.8,0.0,0,0,0,1,0,0,0,1,0,0,0,0,1,0,1
61127,2296,2192,448,465,1974,0.0,0,0.5,0.0,0,0,0,1,0,0,0,1,0,0,0,0,1,0,1
61137,2295,2193,449,464,1973,0.0,0,0.5,0.0,0,0,0,1,0,0,0,1,0,0,0,0,1,0,1
61147,2295,2193,449,465,1974,0.0,0,0.6,0.0,0,0,0,1,0,0,0,1,0,0,0,0,1,0,1
61157,2295,2190,451,464,1976,0.0,0,1.1,0.0,0,0,0,1,0,0,0,1,0,0,0,0,1,0,1
61167,2296,2193,450,462,1974,0.0,0,0.6,0.0,0,0,0,1,0,0,0,1,0,0,0,0,1,0,1
61178,2296,2193,449,465,1974,0.0,0,0.6,0.0,0,0,0,1,0,0,0,1,0,0,0,0,1,0,1
61188,2296,2193,452,464,1974,0.0,0,0.8,0.0,0,0,0,1,0,0,0,1,0,0,0,0,1,0,1
61198,2296,2193,449,464,1973,0.0,0,0.8,0.0,0,0,0,1,0,0,0,1,0,0,0,0,1,0,1
61208,2298,2193,451,465,1974,0.0,0,0.5,0.0,0,0,0,1,0,0,0,1,0,0,0,0,1,0,1
61218,2295,2193,449,464,1976,0.0,0,0.6,0.0,0,0,0,1,0,0,0,1,0,0,0,0,1,0,1
61228,2296,2194,450,464,1974,0.0,0,0.5,0.0,0,0,0,1,0,0,0,1,0,0,0,0,1,0,1
61238,2295,2193,450,464,1973,0.0,0,0.8,0.0,0,0,0,1,0,0,0,1,0,0,0,0,1,0,1
61248,2295,2193,450,463,1974,0.0,0,0.9,0.0,0,0,0,1,0,0,0,1,0,0,0,0,1,0,1
61258,2298,2193,449,463,1974,0.0,0,0.9,0.0,0,0,0,1,0,0,0,1,0,0,0,0,1,0,1
61268,2296,2193,449,465,1973,0.0,0,0.5,0.0,0,0,0,1,0,0,0,1,0,0,0,0,1,0,1
61278,2295,2191,449,465,1974,0.0,0,0.9,0.0,0,0,0,1,0,0,0,1,0,0,0,0,1,0,1
61288,2296,2193,450,464,1974,0.0,0,0.9,0.0,0,0,0,1,0,0,0,1,0,0,0,0,1,0,1
61298,2295,2193,449,464,1974,0.0,0,0.8,0.0,0,0,0,1,0,0,0,1,0,0,0,0,1,0,1
61308,2294,2194,449,464,1974,0.0,0,0.8,0.0,0,0,0,1,0,0,0,1,0,0,0,0,1,0,1
61318,2295,2190,450,466,1974,0.0,0,0.6,0.0,0,0,0,1,0,0,0,1,0,0,0,0,1,0,1
61328,2295,2192,451,463,1974,0.0,0,0.6,0.0,0,0,0,1,0,0,0,1,0,0,0,0,1,0,1
61338,2295,2192,451,463,1974,0.0,0,0.8,0.0,0,0,0,1,0,0,0,1,0,0,0,0,1,0,1
61348,2294,2193,449,465,1974,0.0,0,0.9,0.0,0,0,0,1,0,0,0,1,0,0,0,0,1,0,1
61358,2295,2193,450,466,1976,0.0,0,0.6,0.0,0,0,0,1,0,0,0,1,0,0,0,0,1,0,1
61368,2296,2194,450,464,1974,0.0,0,0.8,0.0,0,0,0,1,0,0,0,1,0,0,0,0,1,0,1
61378,2296,2192,449,465,1974,0.0,0,0.8,0.0,0,0,0,1,0,0,0,1,0,0,0,0,1,0,1
61388,2295,2192,450,464,1973,0.0,0,0.8,0.0,0,0,0,1,0,0,0,1,0,0,0,0,1,0,1
61398,2295,2193,449,465,1974,0.0,0,0.6,0.0,0,0,0,1,0,0,0,1,0,0,0,0,1,0,1
61408,2295,2192,450,464,1975,0.0,0,0.6,0.0,0,0,0,1,0,0,0,1,0,0,0,0,1,0,1
61418,2295,2193,449,464,1975,0.0,0,0.8,0.0,0,0,0,1,0,0,0,1,0,0,0,0,1,0,1
61428,2296,2193,451,465,1975,0.0,0,0.8,0.0,0,0,0,1,0,0,0,1,0,0,0,0,1,0,1
61438,2296,2193,451,463,1974,0.0,0,0.6,0.0,0,0,0,1,0,0,0,1,0,0,0,0,1,0,1
61448,2295,2192,447,465,1974,0.0,0,0.6,0.0,0,0,0,1,0,0,0,1,0,0,0,0,1,0,1
61458,2294,2193,447,465,1974,0.0,0,0.8,0.0,0,0,0,1,0,0,0,1,0,0,0,0,1,0,1
61468,2295,2193,447,466,1973,0.0,0,0.6,0.0,0,0,0,1,0,0,0,1,0,0,0,0,1,0,1
61478,2296,2193,451,464,1974,0.0,0,0.6,0.0,0,0,0,1,0,0,0,1,0,0,0,0,1,0,1
61488,2295,2193,450,464,1975,0.0,0,0.8,0.0,0,0,0,1,0,0,0,1,0,0,0,0,1,0,1
61498,2295,2192,450,464,1974,0.0,0,0.8,0.0,0,0,0,1,0,0,0,1,0,0,0,0,1,0,1
61508,2295,2193,451,465,1975,0.0,0,0.9,0.0,0,0,0,1,0,0,0,1,0,0,0,0,1,0,1
61518,2295,2193,448,464,1974,0.0,0,0.6,0.0,0,0,0,1,0,0,0,1,0,0,0,0,1,0,1
61528,2295,2192,450,465,1974,0.0,0,0.6,0.0,0,0,0,1,0,0,0,1,0,0,0,0,1,0,1
61538,2295,2192,453,465,1974,0.0,0,0.9,0.0,0,0,0,1,0,0,0,1,0,0,0,0,1,0,1
61548,2295,2193,449,464,1974,0.0,0,0.6,0.0,0,0,0,1,0,0,0,1,0,0,0,0,1,0,1
61559,2297,2193,449,463,1974,0.0,0,0.9,0.0,0,0,0,1,0,0,0,1,0,0,0,0,1,0,1
61569,2295,2193,450,464,1987,0.0,0,0.9,0.0,0,0,0,1,0,0,0,1,0,0,0,0,1,0,1
61579,2295,2193,450,466,1974,0.0,0,0.9,0.0,0,0,0,1,0,0,0,1,0,0,0,0,1,0,1
61589,2296,2193,451,464,1974,0.0,0,0.8,0.0,0,0,0,1,0,0,0,1,0,0,0,0,1,0,1
61599,2295,2193,450,465,1974,0.0,0,0.6,0.0,0,0,0,1,0,0,0,1,0,0,0,0,1,0,1
61609,2296,2193,450,465,1974,0.0,0,0.8,0.0,0,0,0,1,0,0,0,1,0,0,0,0,1,0,1
61619,2295,2193,451,464,1974,0.0,0,0.8,0.0,0,0,0,1,0,0,0,1,0,0,0,0,1,0,1
61629,2296,2193,449,464,1974,0.0,0,0.8,0.0,0,0,0,1,0,0,0,1,0,0,0,0,1,0,1
61639,2295,2191,449,465,1974,0.0,0,0.6,0.0,0,0,0,1,0,0,0,1,0,0,0,0,1,0,1
61649,2296,2193,452,466,1973,0.0,0,0.8,0.0,0,0,0,1,0,0,0,1,0,0,0,0,1,0,1
61659,2295,2193,448,465,1974,0.0,0,0.9,0.0,0,0,0,1,0,0,0,1,0,0,0,0,1,0,1
61669,2296,2193,450,464,1973,0.0,0,0.9,0.0,0,0,0,1,0,0,0,1,0,0,0,0,1,0,1
61679,2297,2192,448,464,1974,0.0,0,0.6,0.0,0,0,0,1,0,0,0,1,0,0,0,0,1,0,1
61689,2296,2193,448,466,1974,0.0,0,0.6,0.0,0,0,0,1,0,0,0,1,0,0,0,0,1,0,1
61699,2296,2193,450,463,1974,0.0,0,1.0,0.0,0,0,0,1,0,0,0,1,0,0,0,0,1,0,1
61709,2296,2192,450,466,1973,0.0,0,1.0,0.0,0,0,0,1,0,0,0,1,0,0,0,0,1,0,1
61719,2296,2193,451,466,1973,0.0,0,0.6,0.0,0,0,0,1,0,0,0,1,0,0,0,0,1,0,1
61729,2295,2193,450,464,1974,0.0,0,0.8,0.0,0,0,0,1,0,0,0,1,0,0,0,0,1,0,1
61739,2293,2193,450,464,1973,0.0,0,0.6,0.0,0,0,0,1,0,0,0,1,0,0,0,0,1,0,1
61749,2296,2192,449,464,1974,0.0,0,0.6,0.0,0,0,0,1,0,0,0,1,0,0,0,0,1,0,1
61759,2296,2193,450,465,1974,0.0,0,0.9,0.0,0,0,0,1,0,0,0,1,0,0,0,0,1,0,1
61769,2296,2193,451,464,1974,0.0,0,0.8,0.0,0,0,0,1,0,0,0,1,0,0,0,0,1,0,1
61779,2295,2193,450,464,1973,0.0,0,0.6,0.0,0,0,0,1,0,0,0,1,0,0,0,0,1,0,1
61789,2295,2193,446,463,1974,0.0,0,0.8,0.0,0,0,0,1,0,0,0,1,0,0,0,0,1,0,1
61799,2295,2193,449,463,1973,0.0,0,0.8,0.0,0,0,0,1,0,0,0,1,0,0,0,0,1,0,1
61809,2296,2193,450,466,1974,0.0,0,0.8,0.0,0,0,0,1,0,0,0,1,0,0,0,0,1,0,1
61819,2295,2192,448,465,1974,0.0,0,0.6,0.0,0,0,0,1,0,0,0,1,0,0,0,0,1,0,1
61829,2295,2193,448,464,1974,0.0,0,0.6,0.0,0,0,0,1,0,0,0,1,0,0,0,0,1,0,1
61839,2294,2193,451,466,1974,0.0,0,0.6,0.0,0,0,0,1,0,0,0,1,0,0,0,0,1,0,1
61849,2295,2193,450,465,1977,0.0,0,0.8,0.0,0,0,0,1,0,0,0,1,0,0,0,0,1,0,1
61859,2295,2193,449,465,1976,0.0,0,0.8,0.0,0,0,0,1,0,0,0,1,0,0,0,0,1,0,1
61869,2295,2193,448,464,1974,0.0,0,0.8,0.0,0,0,0,1,0,0,0,1,0,0,0,0,1,0,1
61879,2294,2193,450,465,1975,0.0,0,0.8,0.0,0,0,0,1,0,0,0,1,0,0,0,0,1,0,1
61889,2295,2191,450,464,1974,0.0,0,0.8,0.0,0,0,0,1,0,0,0,1,0,0,0,0,1,0,1
61899,2295,2192,450,464,1975,0.0,0,0.6,0.0,0,0,0,1,0,0,0,1,0,0,0,0,1,0,1
61909,2295,2193,449,465,1975,0.0,0,1.0,0.0,0,0,0,1,0,0,0,1,0,0,0,0,1,0,1
61919,2295,2192,450,465,1974,0.0,0,0.6,0.0,0,0,0,1,0,0,0,1,0,0,0,0,1,0,1
61929,2295,2196,450,464,1974,0.0,0,0.6,0.0,0,0,0,1,0,0,0,1,0,0,0,0,1,0,1
61939,2295,2195,449,465,1974,0.0,0,0.5,0.0,0,0,0,1,0,0,0,1,0,0,0,0,1,0,1
61949,2296,2193,450,464,1974,0.0,0,0.8,0.0,0,0,0,1,0,0,0,1,0,0,0,0,1,0,1
61959,2295,2193,446,465,1974,0.0,0,0.8,0.0,0,0,0,1,0,0,0,1,0,0,0,0,1,0,1
61969,2295,2193,449,464,1973,0.0,0,0.8,0.0,0,0,0,1,0,0,0,1,0,0,0,0,1,0,1
61979,2298,2192,449,465,1974,0.0,0,0.6,0.0,0,0,0,1,0,0,0,1,0,0,0,0,1,0,1
61989,2295,2192,447,465,1974,0.0,0,0.6,0.0,0,0,0,1,0,0,0,1,0,0,0,0,1,0,1
61999,2295,2193,449,466,1974,0.0,0,0.8,0.0,0,0,0,1,0,0,0,1,0,0,0,0,1,0,1
62009,2295,2193,449,464,1975,0.0,0,0.6,0.0,0,0,0,1,0,0,0,1,0,0,0,0,1,0,1
62019,2295,2192,450,467,1974,0.0,0,1.0,0.0,0,0,0,1,0,0,0,1,0,0,0,0,1,0,1
62029,2295,2193,449,464,1974,0.0,0,0.6,0.0,0,0,0,1,0,0,0,1,0,0,0,0,1,0,1
62039,2296,2192,447,465,1975,0.0,0,0.4,0.0,0,0,0,1,0,0,0,1,0,0,0,0,1,0,1
62049,2296,2192,451,463,1974,0.0,0,0.4,0.0,0,0,0,1,0,0,0,1,0,0,0,0,1,0,1
62059,2296,2193,449,465,1972,0.0,0,0.8,0.0,0,0,0,1,0,0,0,1,0,0,0,0,1,0,1
62069,2296,2194,451,466,1974,0.0,0,0.8,0.0,0,0,0,1,0,0,0,1,0,0,0,0,1,0,1
62079,2295,2193,450,464,1974,0.0,0,0.5,0.0,0,0,0,1,0,0,0,1,0,0,0,0,1,0,1
62089,2295,2193,449,462,1974,0.0,0,0.6,0.0,0,0,0,1,0,0,0,1,0,0,0,0,1,0,1
62099,2297,2193,449,467,1974,0.0,0,0.8,0.0,0,0,0,1,0,0,0,1,0,0,0,0,1,0,1
62109,2296,2193,450,465,1974,0.0,0,0.8,0.0,0,0,0,1,0,0,0,1,0,0,0,0,1,0,1
62119,2295,2193,449,466,1973,0.0,0,0.8,0.0,0,0,0,1,0,0,0,1,0,0,0,0,1,0,1
62129,2276,2193,449,464,1974,0.0,0,0.4,0.0,0,0,0,1,0,0,0,1,0,0,0,0,1,0,1
62139,2296,2193,451,465,1974,0.0,0,0.8,0.0,0,0,0,1,0,0,0,1,0,0,0,0,1,0,1
62149,2296,2193,451,464,1972,0.0,0,0.8,0.0,0,0,0,1,0,0,0,1,0,0,0,0,1,0,1
62159,2296,2192,449,463,1972,0.0,0,0.6,0.0,0,0,0,1,0,0,0,1,0,0,0,0,1,0,1
62169,2296,2193,450,464,1974,0.0,0,0.6,0.0,0,0,0,1,0,0,0,1,0,0,0,0,1,0,1
62179,2294,2193,449,462,1974,0.0,0,0.6,0.0,0,0,0,1,0,0,0,1,0,0,0,0,1,0,1
62189,2294,2193,451,462,1973,0.0,0,0.6,0.0,0,0,0,1,0,0,0,1,0,0,0,0,1,0,1
62199,2294,2193,450,465,1974,0.0,0,0.9,0.0,0,0,0,1,0,0,0,1,0,0,0,0,1,0,1
62209,2295,2193,449,465,1974,0.0,0,0.8,0.0,0,0,0,1,0,0,0,1,0,0,0,0,1,0,1
62219,2297,2193,449,465,1974,0.0,0,0.9,0.0,0,0,0,1,0,0,0,1,0,0,0,0,1,0,1
62229,2295,2193,449,465,1975,0.0,0,0.9,0.0,0,0,0,1,0,0,0,1,0,0,0,0,1,0,1
62239,2295,2195,449,466,1973,0.0,0,0.6,0.0,0,0,0,1,0,0,0,1,0,0,0,0,1,0,1
62249,2295,2193,450,462,1974,0.0,0,0.5,0.0,0,0,0,1,0,0,0,1,0,0,0,0,1,0,1
62259,2295,2193,449,464,1974,0.0,0,1.0,0.0,0,0,0,1,0,0,0,1,0,0,0,0,1,0,1
62269,2296,2193,449,467,1974,0.0,0,0.8,0.0,0,0,0,1,0,0,0,1,0,0,0,0,1,0,1
62279,2296,2193,449,464,1973,0.0,0,0.6,0.0,0,0,0,1,0,0,0,1,0,0,0,0,1,0,1
62289,2295,2193,451,464,1974,0.0,0,0.6,0.0,0,0,0,1,0,0,0,1,0,0,0,0,1,0,1
62299,2295,2192,449,464,1974,0.0,0,1.0,0.0,0,0,0,1,0,0,0,1,0,0,0,0,1,0,1
62309,2295,2192,450,463,1973,0.0,0,0.8,0.0,0,0,0,1,0,0,0,1,0,0,0,0,1,0,1
62319,2295,2192,449,464,1973,0.0,0,0.5,0.0,0,0,0,1,0,0,0,1,0,0,0,0,1,0,1
62329,2295,2192,450,464,1974,0.0,0,0.8,0.0,0,0,0,1,0,0,0,1,0,0,0,0,1,0,1
62339,2298,2192,444,465,1974,0.0,0,0.9,0.0,0,0,0,1,0,0,0,1,0,0,0,0,1,0,1
62349,2295,2192,449,466,1974,0.0,0,0.9,0.0,0,0,0,1,0,0,0,1,0,0,0,0,1,0,1
62359,2295,2192,451,466,1974,0.0,0,0.8,0.0,0,0,0,1,0,0,0,1,0,0,0,0,1,0,1
62369,2294,2191,451,464,1974,0.0,0,0.8,0.0,0,0,0,1,0,0,0,1,0,0,0,0,1,0,1
62379,2294,2192,452,464,1974,0.0,0,0.6,0.0,0,0,0,1,0,0,0,1,0,0,0,0,1,0,1
62389,2295,2193,450,464,1974,0.0,0,0.6,0.0,0,0,0,1,0,0,0,1,0,0,0,0,1,0,1
62399,2299,2193,448,465,1974,0.0,0,0.6,0.0,0,0,0,1,0,0,0,1,0,0,0,0,1,0,1
62409,2292,2192,450,465,1975,0.0,0,0.8,0.0,0,0,0,1,0,0,0,1,0,0,0,0,1,0,1
62419,2296,2193,450,465,1975,0.0,0,0.8,0.0,0,0,0,1,0,0,0,1,0,0,0,0,1,0,1
62429,2295,2192,450,464,1974,0.0,0,0.8,0.0,0,0,0,1,0,0,0,1,0,0,0,0,1,0,1
62439,2295,2193,450,465,1974,0.0,0,0.8,0.0,0,0,0,1,0,0,0,1,0,0,0,0,1,0,1
62449,2295,2192,450,465,1974,0.0,0,0.6,0.0,0,0,0,1,0,0,0,1,0,0,0,0,1,0,1
62459,2295,2193,450,464,1974,0.0,0,0.5,0.0,0,0,0,1,0,0,0,1,0,0,0,0,1,0,1
62469,2295,2193,450,464,1974,0.0,0,0.6,0.0,0,0,0,1,0,0,0,1,0,0,0,0,1,0,1
62480,2296,2193,448,465,1974,0.0,0,0.8,0.0,0,0,0,1,0,0,0,1,0,0,0,0,1,0,1
62490,2298,2193,449,464,1974,0.0,0,0.8,0.0,0,0,0,1,0,0,0,1,0,0,0,0,1,0,1
62500,2295,2192,449,463,1975,0.0,0,0.8,0.0,0,0,0,1,0,0,0,1,0,0,0,0,1,0,1
62510,2295,2192,449,465,1974,0.0,0,0.5,0.0,0,0,0,1,0,0,0,1,0,0,0,0,1,0,1
62520,2299,2192,449,465,1974,0.0,0,0.6,0.0,0,0,0,1,0,0,0,1,0,0,0,0,1,0,1
62530,2296,2192,449,464,1974,0.0,0,0.8,0.0,0,0,0,1,0,0,0,1,0,0,0,0,1,0,1
62540,2297,2193,451,465,1974,0.0,0,1.0,0.0,0,0,0,1,0,0,0,1,0,0,0,0,1,0,1
62550,2295,2193,449,465,1974,0.0,0,1.0,0.0,0,0,0,1,0,0,0,1,0,0,0,0,1,0,1
62560,2296,2193,449,463,1973,0.0,0,0.9,0.0,0,0,0,1,0,0,0,1,0,0,0,0,1,0,1
62570,2295,2193,449,464,1973,0.0,0,1.0,0.0,0,0,0,1,0,0,0,1,0,0,0,0,1,0,1
62580,2295,2193,449,464,1974,0.0,0,0.9,0.0,0,0,0,1,0,0,0,1,0,0,0,0,1,0,1
62590,2296,2192,448,462,1974,0.0,0,0.5,0.0,0,0,0,1,0,0,0,1,0,0,0,0,1,0,1
62600,2295,2194,448,465,1977,0.0,0,0.9,0.0,0,0,0,1,0,0,0,1,0,0,0,0,1,0,1
62610,2299,2193,450,464,1973,0.0,0,0.6,0.0,0,0,0,1,0,0,0,1,0,0,0,0,1,0,1
62620,2295,2193,449,464,1974,0.0,0,0.6,0.0,0,0,0,1,0,0,0,1,0,0,0,0,1,0,1
62630,2296,2193,451,465,1973,0.0,0,1.0,0.0,0,0,0,1,0,0,0,1,0,0,0,0,1,0,1
62640,2296,2192,450,465,1973,0.0,0,0.9,0.0,0,0,0,1,0,0,0,1,0,0,0,0,1,0,1
62650,2296,2193,450,464,1974,0.0,0,0.8,0.0,0,0,0,1,0,0,0,1,0,0,0,0,1,0,1
62660,2296,2193,449,465,1974,0.0,0,0.8,0.0,0,0,0,1,0,0,0,1,0,0,0,0,1,0,1
62670,2317,2193,450,464,1973,0.0,0,0.6,0.0,0,0,0,1,0,0,0,1,0,0,0,0,1,0,1
62681,2296,2194,449,464,1974,0.0,0,0.9,0.0,0,0,0,1,0,0,0,1,0,0,0,0,1,0,1
62691,2295,2192,450,465,1974,0.0,0,0.9,0.0,0,0,0,1,0,0,0,1,0,0,0,0,1,0,1
62701,2295,2193,449,464,1975,0.0,0,0.9,0.0,0,0,0,1,0,0,0,1,0,0,0,0,1,0,1
62711,2295,2192,452,465,1973,0.0,0,0.9,0.0,0,0,0,1,0,0,0,1,0,0,0,0,1,0,1
62721,2292,2193,449,469,1976,0.0,0,1.0,0.0,0,0,0,1,0,0,0,1,0,0,0,0,1,0,1
62731,2296,2192,450,462,1973,0.0,0,0.9,0.0,0,0,0,1,0,0,0,1,0,0,0,0,1,0,1
62741,2295,2196,449,465,1974,0.0,0,0.8,0.0,0,0,0,1,0,0,0,1,0,0,0,0,1,0,1
62751,2295,2193,450,465,1974,0.0,0,0.8,0.0,0,0,0,1,0,0,0,1,0,0,0,0,1,0,1
62761,2295,2193,450,465,1974,0.0,0,0.9,0.0,0,0,0,1,0,0,0,1,0,0,0,0,1,0,1
62771,2296,2193,450,462,1975,0.0,0,0.8,0.0,0,0,0,1,0,0,0,1,0,0,0,0,1,0,1
62781,2295,2192,451,465,1976,0.0,0,0.6,0.0,0,0,0,1,0,0,0,1,0,0,0,0,1,0,1
62791,2295,2191,449,465,1975,0.0,0,0.6,0.0,0,0,0,1,0,0,0,1,0,0,0,0,1,0,1
62801,2295,2193,449,464,1974,0.0,0,0.6,0.0,0,0,0,1,0,0,0,1,0,0,0,0,1,0,1
62811,2296,2192,450,465,1974,0.0,0,0.6,0.0,0,0,0,1,0,0,0,1,0,0,0,0,1,0,1
62821,2295,2193,449,464,1975,0.0,0,0.6,0.0,0,0,0,1,0,0,0,1,0,0,0,0,1,0,1
62831,2298,2192,451,467,1975,0.0,0,0.6,0.0,0,0,0,1,0,0,0,1,0,0,0,0,1,0,1
62841,2295,2193,450,465,1975,0.0,0,0.6,0.0,0,0,0,1,0,0,0,1,0,0,0,0,1,0,1
62851,2296,2193,451,464,1974,0.0,0,0.9,0.0,0,0,0,1,0,0,0,1,0,0,0,0,1,0,1
62861,2296,2192,451,463,1975,0.0,0,0.9,0.0,0,0,0,1,0,0,0,1,0,0,0,0,1,0,1
62871,2295,2193,449,465,1972,0.0,0,0.9,0.0,0,0,0,1,0,0,0,1,0,0,0,0,1,0,1
62881,2295,2192,449,464,1975,0.0,0,0.3,0.0,0,0,0,1,0,0,0,1,0,0,0,0,1,0,1
62891,2295,2192,450,463,1975,0.0,0,0.6,0.0,0,0,0,1,0,0,0,1,0,0,0,0,1,0,1
62901,2295,2192,449,465,1975,0.0,0,0.9,0.0,0,0,0,1,0,0,0,1,0,0,0,0,1,0,1
62911,2295,2193,450,465,1975,0.0,0,0.9,0.0,0,0,0,1,0,0,0,1,0,0,0,0,1,0,1
62921,2296,2193,450,464,1976,0.0,0,0.9,0.0,0,0,0,1,0,0,0,1,0,0,0,0,1,0,1
62931,2295,2192,449,465,1975,0.0,0,0.9,0.0,0,0,0,1,0,0,0,1,0,0,0,0,1,0,1
62941,2295,2193,450,462,1976,0.0,0,0.9,0.0,0,0,0,1,0,0,0,1,0,0,0,0,1,0,1
62951,2294,2192,450,466,1976,0.0,0,0.9,0.0,0,0,0,1,0,0,0,1,0,0,0,0,1,0,1
62961,2295,2192,451,463,1975,0.0,0,1.1,0.0,0,0,0,1,0,0,0,1,0,0,0,0,1,0,1
62971,2295,2189,449,465,1975,0.0,0,1.0,0.0,0,0,0,1,0,0,0,1,0,0,0,0,1,0,1
62981,2296,2193,449,464,1976,0.0,0,1.0,0.0,0,0,0,1,0,0,0,1,0,0,0,0,1,0,1
62991,2296,2193,449,464,1975,0.0,0,1.0,0.0,0,0,0,1,0,0,0,1,0,0,0,0,1,0,1
63001,2295,2192,449,465,1975,0.0,0,0.9,0.0,0,0,0,1,0,0,0,1,0,0,0,0,1,0,1
63011,2295,2192,450,464,1974,0.0,0,0.8,0.0,0,0,0,1,0,0,0,1,0,0,0,0,1,0,1
63021,2295,2193,450,464,1973,0.0,0,0.6,0.0,0,0,0,1,0,0,0,1,0,0,0,0,1,0,1
63031,2295,2192,453,466,1975,0.0,0,0.8,0.0,0,0,0,1,0,0,0,1,0,0,0,0,1,0,1
63041,2296,2193,449,462,1974,0.0,0,0.9,0.0,0,0,0,1,0,0,0,1,0,0,0,0,1,0,1
63051,2295,2193,450,465,1975,0.0,0,0.9,0.0,0,0,0,1,0,0,0,1,0,0,0,0,1,0,1
63061,2296,2193,449,464,1974,0.0,0,0.8,0.0,0,0,0,1,0,0,0,1,0,0,0,0,1,0,1
63071,2295,2194,451,465,1975,0.0,0,0.8,0.0,0,0,0,1,0,0,0,1,0,0,0,0,1,0,1
63081,2297,2192,450,464,1973,0.0,0,0.5,0.0,0,0,0,1,0,0,0,1,0,0,0,0,1,0,1
63091,2296,2193,451,465,1974,0.0,0,0.9,0.0,0,0,0,1,0,0,0,1,0,0,0,0,1,0,1
63101,2294,2194,450,465,1974,0.0,0,0.9,0.0,0,0,0,1,0,0,0,1,0,0,0,0,1,0,1
63111,2296,2193,448,465,1974,0.0,0,0.9,0.0,0,0,0,1,0,0,0,1,0,0,0,0,1,0,1
63121,2295,2193,449,465,1974,0.0,0,0.5,0.0,0,0,0,1,0,0,0,1,0,0,0,0,1,0,1
63131,2296,2193,450,464,1973,0.0,0,0.9,0.0,0,0,0,1,0,0,0,1,0,0,0,0,1,0,1
63141,2295,2193,449,465,1975,0.0,0,1.0,0.0,0,0,0,1,0,0,0,1,0,0,0,0,1,0,1
63151,2296,2193,450,465,1974,0.0,0,0.8,0.0,0,0,0,1,0,0,0,1,0,0,0,0,1,0,1
63161,2296,2193,449,464,1974,0.0,0,0.6,0.0,0,0,0,1,0,0,0,1,0,0,0,0,1,0,1
63171,2296,2192,450,464,1974,0.0,0,0.6,0.0,0,0,0,1,0,0,0,1,0,0,0,0,1,0,1
63181,2296,2193,449,464,1974,0.0,0,0.8,0.0,0,0,0,1,0,0,0,1,0,0,0,0,1,0,1
63191,2296,2193,450,465,1975,0.0,0,0.5,0.0,0,0,0,1,0,0,0,1,0,0,0,0,1,0,1
63201,2296,2193,449,466,1975,0.0,0,0.8,0.0,0,0,0,1,0,0,0,1,0,0,0,0,1,0,1
63211,2296,2193,449,464,1975,0.0,0,0.8,0.0,0,0,0,1,0,0,0,1,0,0,0,0,1,0,1
63221,2297,2193,450,468,1974,0.0,0,0.6,0.0,0,0,0,1,0,0,0,1,0,0,0,0,1,0,1
63231,2296,2193,451,465,1974,0.0,0,0.6,0.0,0,0,0,1,0,0,0,1,0,0,0,0,1,0,1
63241,2295,2192,449,467,1974,0.0,0,0.5,0.0,0,0,0,1,0,0,0,1,0,0,0,0,1,0,1
63251,2296,2192,445,464,1974,0.0,0,0.6,0.0,0,0,0,1,0,0,0,1,0,0,0,0,1,0,1
63261,2295,2193,449,463,1974,0.0,0,0.8,0.0,0,0,0,1,0,0,0,1,0,0,0,0,1,0,1
63271,2296,2191,450,464,1982,0.0,0,0.8,0.0,0,0,0,1,0,0,0,1,0,0,0,0,1,0,1
63281,2295,2192,449,466,1974,0.0,0,0.8,0.0,0,0,0,1,0,0,0,1,0,0,0,0,1,0,1
63291,2295,2192,449,464,1974,0.0,0,0.8,0.0,0,0,0,1,0,0,0,1,0,0,0,0,1,0,1
63301,2295,2190,451,464,1974,0.0,0,0.6,0.0,0,0,0,1,0,0,0,1,0,0,0,0,1,0,1
63311,2294,2192,449,463,1974,0.0,0,1.0,0.0,0,0,0,1,0,0,0,1,0,0,0,0,1,0,1
63321,2295,2192,449,461,1974,0.0,0,0.5,0.0,0,0,0,1,0,0,0,1,0,0,0,0,1,0,1
63331,2294,2193,450,464,1974,0.0,0,0.9,0.0,0,0,0,1,0,0,0,1,0,0,0,0,1,0,1
63341,2293,2193,449,462,1974,0.0,0,0.8,0.0,0,0,0,1,0,0,0,1,0,0,0,0,1,0,1
63351,2295,2192,450,465,1974,0.0,0,0.8,0.0,0,0,0,1,0,0,0,1,0,0,0,0,1,0,1
63361,2295,2192,449,464,1976,0.0,0,0.6,0.0,0,0,0,1,0,0,0,1,0,0,0,0,1,0,1
63371,2294,2192,450,464,1977,0.0,0,0.8,0.0,0,0,0,1,0,0,0,1,0,0,0,0,1,0,1
63381,2295,2192,450,465,1975,0.0,0,0.8,0.0,0,0,0,1,0,0,0,1,0,0,0,0,1,0,1
63391,2295,2192,449,466,1975,0.0,0,1.0,0.0,0,0,0,1,0,0,0,1,0,0,0,0,1,0,1
63401,2298,2193,450,462,1974,0.0,0,0.5,0.0,0,0,0,1,0,0,0,1,0,0,0,0,1,0,1
63411,2294,2191,449,465,1974,0.0,0,0.5,0.0,0,0,0,1,0,0,0,1,0,0,0,0,1,0,1
63421,2295,2193,451,464,1974,0.0,0,0.9,0.0,0,0,0,1,0,0,0,1,0,0,0,0,1,0,1
63431,2295,2192,450,466,1975,0.0,0,0.9,0.0,0,0,0,1,0,0,0,1,0,0,0,0,1,0,1
63441,2295,2192,450,464,1976,0.0,0,0.8,0.0,0,0,0,1,0,0,0,1,0,0,0,0,1,0,1
63451,2294,2193,449,466,1975,0.0,0,0.9,0.0,0,0,0,1,0,0,0,1,0,0,0,0,1,0,1
63461,2297,2193,451,464,1975,0.0,0,0.5,0.0,0,0,0,1,0,0,0,1,0,0,0,0,1,0,1
63471,2296,2192,449,465,1975,0.0,0,0.5,0.0,0,0,0,1,0,0,0,1,0,0,0,0,1,0,1
63481,2298,2192,448,465,1975,0.0,0,0.9,0.0,0,0,0,1,0,0,0,1,0,0,0,0,1,0,1
63491,2295,2193,449,465,1974,0.0,0,0.8,0.0,0,0,0,1,0,0,0,1,0,0,0,0,1,0,1
63501,2295,2193,449,464,1974,0.0,0,0.6,0.0,0,0,0,1,0,0,0,1,0,0,0,0,1,0,1
63511,2295,2192,450,464,1975,0.0,0,0.8,0.0,0,0,0,1,0,0,0,1,0,0,0,0,1,0,1
63521,2295,2192,450,464,1975,0.0,0,1.0,0.0,0,0,0,1,0,0,0,1,0,0,0,0,1,0,1
63531,2295,2192,449,465,1975,0.0,0,1.0,0.0,0,0,0,1,0,0,0,1,0,0,0,0,1,0,1
63541,2295,2193,449,464,1974,0.0,0,0.9,0.0,0,0,0,1,0,0,0,1,0,0,0,0,1,0,1
63551,2295,2191,450,466,1975,0.0,0,0.6,0.0,0,0,0,1,0,0,0,1,0,0,0,0,1,0,1
63561,2309,2193,449,465,1974,0.0,0,0.6,0.0,0,0,0,1,0,0,0,1,0,0,0,0,1,0,1
63571,2295,2192,451,464,1974,0.0,0,0.8,0.0,0,0,0,1,0,0,0,1,0,0,0,0,1,0,1
63581,2297,2193,450,466,1974,0.0,0,0.9,0.0,0,0,0,1,0,0,0,1,0,0,0,0,1,0,1
63591,2296,2193,450,466,1974,0.0,0,0.9,0.0,0,0,0,1,0,0,0,1,0,0,0,0,1,0,1
63601,2295,2193,450,466,1975,0.0,0,0.8,0.0,0,0,0,1,0,0,0,1,0,0,0,0,1,0,1
63611,2295,2193,449,465,1976,0.0,0,0.8,0.0,0,0,0,1,0,0,0,1,0,0,0,0,1,0,1
63621,2296,2193,448,466,1974,0.0,0,0.5,0.0,0,0,0,1,0,0,0,1,0,0,0,0,1,0,1
63631,2296,2191,450,465,1973,0.0,0,0.8,0.0,0,0,0,1,0,0,0,1,0,0,0,0,1,0,1
63641,2297,2193,450,465,1973,0.0,0,0.9,0.0,0,0,0,1,0,0,0,1,0,0,0,0,1,0,1
63651,2295,2192,450,463,1974,0.0,0,0.9,0.0,0,0,0,1,0,0,0,1,0,0,0,0,1,0,1
63661,2295,2193,449,466,1975,0.0,0,0.5,0.0,0,0,0,1,0,0,0,1,0,0,0,0,1,0,1
63671,2295,2193,450,464,1973,0.0,0,0.9,0.0,0,0,0,1,0,0,0,1,0,0,0,0,1,0,1
63681,2295,2193,450,465,1976,0.0,0,0.5,0.0,0,0,0,1,0,0,0,1,0,0,0,0,1,0,1
63691,2295,2193,450,466,1974,0.0,0,0.9,0.0,0,0,0,1,0,0,0,1,0,0,0,0,1,0,1
63701,2297,2191,449,464,1974,0.0,0,0.5,0.0,0,0,0,1,0,0,0,1,0,0,0,0,1,0,1
63711,2294,2192,448,464,1973,0.0,0,0.5,0.0,0,0,0,1,0,0,0,1,0,0,0,0,1,0,1
63721,2295,2193,449,465,1974,0.0,0,0.8,0.0,0,0,0,1,0,0,0,1,0,0,0,0,1,0,1
63731,2296,2193,449,463,1975,0.0,0,0.5,0.0,0,0,0,1,0,0,0,1,0,0,0,0,1,0,1
63741,2295,2195,451,464,1975,0.0,0,0.8,0.0,0,0,0,1,0,0,0,1,0,0,0,0,1,0,1
63751,2295,2193,450,466,1974,0.0,0,0.5,0.0,0,0,0,1,0,0,0,1,0,0,0,0,1,0,1
63761,2295,2194,449,467,1973,0.0,0,0.6,0.0,0,0,0,1,0,0,0,1,0,0,0,0,1,0,1
63771,2296,2190,450,464,1973,0.0,0,0.6,0.0,0,0,0,1,0,0,0,1,0,0,0,0,1,0,1
63781,2296,2192,451,462,1975,0.0,0,0.9,0.0,0,0,0,1,0,0,0,1,0,0,0,0,1,0,1
63791,2295,2193,450,466,1976,0.0,0,0.5,0.0,0,0,0,1,0,0,0,1,0,0,0,0,1,0,1
63801,2296,2193,451,464,1974,0.0,0,0.5,0.0,0,0,0,1,0,0,0,1,0,0,0,0,1,0,1
63811,2295,2193,451,465,1975,0.0,0,0.6,0.0,0,0,0,1,0,0,0,1,0,0,0,0,1,0,1
63821,2294,2190,449,463,1976,0.0,0,0.6,0.0,0,0,0,1,0,0,0,1,0,0,0,0,1,0,1
63831,2295,2192,448,465,1977,0.0,0,0.6,0.0,0,0,0,1,0,0,0,1,0,0,0,0,1,0,1
63841,2295,2193,449,464,1975,0.0,0,0.9,0.0,0,0,0,1,0,0,0,1,0,0,0,0,1,0,1
63851,2294,2193,449,465,1975,0.0,0,0.8,0.0,0,0,0,1,0,0,0,1,0,0,0,0,1,0,1
63861,2296,2193,447,465,1976,0.0,0,0.8,0.0,0,0,0,1,0,0,0,1,0,0,0,0,1,0,1
63871,2295,2192,450,464,1975,0.0,0,0.8,0.0,0,0,0,1,0,0,0,1,0,0,0,0,1,0,1
63881,2295,2193,450,465,1976,0.0,0,0.8,0.0,0,0,0,1,0,0,0,1,0,0,0,0,1,0,1
63891,2295,2193,451,465,1975,0.0,0,0.8,0.0,0,0,0,1,0,0,0,1,0,0,0,0,1,0,1
63901,2295,2193,448,466,1976,0.0,0,0.9,0.0,0,0,0,1,0,0,0,1,0,0,0,0,1,0,1
63911,2295,2191,448,464,1975,0.0,0,0.8,0.0,0,0,0,1,0,0,0,1,0,0,0,0,1,0,1
63921,2294,2193,448,465,1974,0.0,0,0.6,0.0,0,0,0,1,0,0,0,1,0,0,0,0,1,0,1
63931,2295,2192,447,466,1974,0.0,0,0.9,0.0,0,0,0,1,0,0,0,1,0,0,0,0,1,0,1
63941,2296,2193,447,464,1975,0.0,0,0.4,0.0,0,0,0,1,0,0,0,1,0,0,0,0,1,0,1
63951,2299,2193,449,465,1976,0.0,0,0.4,0.0,0,0,0,1,0,0,0,1,0,0,0,0,1,0,1
63961,2294,2192,449,465,1975,0.0,0,0.9,0.0,0,0,0,1,0,0,0,1,0,0,0,0,1,0,1
63971,2296,2194,450,464,1974,0.0,0,0.8,0.0,0,0,0,1,0,0,0,1,0,0,0,0,1,0,1
63981,2295,2192,449,462,1975,0.0,0,0.6,0.0,0,0,0,1,0,0,0,1,0,0,0,0,1,0,1
63991,2295,2193,450,465,1975,0.0,0,0.6,0.0,0,0,0,1,0,0,0,1,0,0,0,0,1,0,1
64001,2295,2192,449,465,1975,0.0,0,0.8,0.0,0,0,0,1,0,0,0,1,0,0,0,0,1,0,1
64011,2295,2193,451,463,1975,0.0,0,0.8,0.0,0,0,0,1,0,0,0,1,0,0,0,0,1,0,1
64021,2295,2193,447,464,1976,0.0,0,1.0,0.0,0,0,0,1,0,0,0,1,0,0,0,0,1,0,1
64031,2296,2192,450,464,1975,0.0,0,0.8,0.0,0,0,0,1,0,0,0,1,0,0,0,0,1,0,1
64041,2298,2193,449,464,1975,0.0,0,0.5,0.0,0,0,0,1,0,0,0,1,0,0,0,0,1,0,1
64051,2295,2192,449,464,1975,0.0,0,0.8,0.0,0,0,0,1,0,0,0,1,0,0,0,0,1,0,1
64061,2297,2193,449,466,1974,0.0,0,0.6,0.0,0,0,0,1,0,0,0,1,0,0,0,0,1,0,1
64071,2295,2193,449,465,1974,0.0,0,0.6,0.0,0,0,0,1,0,0,0,1,0,0,0,0,1,0,1
64081,2296,2194,449,465,1975,0.0,0,0.8,0.0,0,0,0,1,0,0,0,1,0,0,0,0,1,0,1
64091,2296,2193,449,464,1974,0.0,0,0.5,0.0,0,0,0,1,0,0,0,1,0,0,0,0,1,0,1
64101,2296,2193,449,466,1976,0.0,0,0.5,0.0,0,0,0,1,0,0,0,1,0,0,0,0,1,0,1
64111,2295,2193,450,465,1975,0.0,0,0.9,0.0,0,0,0,1,0,0,0,1,0,0,0,0,1,0,1
64121,2295,2195,449,464,1973,0.0,0,0.9,0.0,0,0,0,1,0,0,0,1,0,0,0,0,1,0,1
64131,2296,2193,449,463,1973,0.0,0,0.9,0.0,0,0,0,1,0,0,0,1,0,0,0,0,1,0,1
64141,2295,2193,449,464,1975,0.0,0,0.5,0.0,0,0,0,1,0,0,0,1,0,0,0,0,1,0,1
64151,2295,2193,449,465,1975,0.0,0,0.6,0.0,0,0,0,1,0,0,0,1,0,0,0,0,1,0,1
64161,2295,2193,451,464,1974,0.0,0,0.5,0.0,0,0,0,1,0,0,0,1,0,0,0,0,1,0,1
64171,2295,2193,450,466,1975,0.0,0,0.9,0.0,0,0,0,1,0,0,0,1,0,0,0,0,1,0,1
64181,2297,2192,450,466,1974,0.0,0,0.4,0.0,0,0,0,1,0,0,0,1,0,0,0,0,1,0,1
64191,2296,2193,450,465,1972,0.0,0,0.4,0.0,0,0,0,1,0,0,0,1,0,0,0,0,1,0,1
64201,2298,2194,449,465,1977,0.0,0,0.6,0.0,0,0,0,1,0,0,0,1,0,0,0,0,1,0,1
64211,2298,2193,450,464,1975,0.0,0,0.6,0.0,0,0,0,1,0,0,0,1,0,0,0,0,1,0,1
64221,2295,2193,447,464,1974,0.0,0,0.8,0.0,0,0,0,1,0,0,0,1,0,0,0,0,1,0,1
64231,2295,2193,450,465,1975,0.0,0,0.9,0.0,0,0,0,1,0,0,0,1,0,0,0,0,1,0,1
64241,2297,2192,447,465,1974,0.0,0,0.8,0.0,0,0,0,1,0,0,0,1,0,0,0,0,1,0,1
64251,2295,2193,450,465,1974,0.0,0,0.8,0.0,0,0,0,1,0,0,0,1,0,0,0,0,1,0,1
64261,2295,2193,449,464,1974,0.0,0,0.2,0.0,0,0,0,1,0,0,0,1,0,0,0,0,1,0,1
64271,2299,2193,449,465,1975,0.0,0,0.9,0.0,0,0,0,1,0,0,0,1,0,0,0,0,1,0,1
64290,2295,2191,449,464,1973,0.0,0,0.5,0.0,0,0,0,1,0,0,0,1,0,0,0,0,1,0,1
64301,2295,2190,449,462,1973,0.0,0,0.9,0.0,0,0,0,1,0,0,0,1,0,0,0,0,1,0,1
64311,2296,2193,450,464,1975,0.0,0,0.9,0.0,0,0,0,1,0,0,0,1,0,0,0,0,1,0,1
64321,2295,2193,450,464,1975,0.0,0,0.6,0.0,0,0,0,1,0,0,0,1,0,0,0,0,1,0,1
64331,2295,2192,450,464,1975,0.0,0,0.5,0.0,0,0,0,1,0,0,0,1,0,0,0,0,1,0,1
64341,2293,2193,450,465,1974,0.0,0,1.1,0.0,0,0,0,1,0,0,0,1,0,0,0,0,1,0,1
64351,2295,2192,450,464,1976,0.0,0,0.9,0.0,0,0,0,1,0,0,0,1,0,0,0,0,1,0,1
64361,2294,2192,450,463,1972,0.0,0,0.5,0.0,0,0,0,1,0,0,0,1,0,0,0,0,1,0,1
64371,2294,2192,448,463,1974,0.0,0,0.5,0.0,0,0,0,1,0,0,0,1,0,0,0,0,1,0,1
64381,2295,2192,449,465,1977,0.0,0,0.8,0.0,0,0,0,1,0,0,0,1,0,0,0,0,1,0,1
64391,2294,2192,449,463,1974,0.0,0,0.8,0.0,0,0,0,1,0,0,0,1,0,0,0,0,1,0,1
64401,2295,2189,451,464,1974,0.0,0,0.9,0.0,0,0,0,1,0,0,0,1,0,0,0,0,1,0,1
64411,2298,2192,450,465,1976,0.0,0,0.8,0.0,0,0,0,1,0,0,0,1,0,0,0,0,1,0,1
64421,2297,2194,449,464,1975,0.0,0,1.0,0.0,0,0,0,1,0,0,0,1,0,0,0,0,1,0,1
64431,2295,2193,449,462,1974,0.0,0,1.0,0.0,0,0,0,1,0,0,0,1,0,0,0,0,1,0,1
64441,2295,2192,450,464,1974,0.0,0,0.9,0.0,0,0,0,1,0,0,0,1,0,0,0,0,1,0,1
64451,2295,2193,449,466,1974,0.0,0,0.9,0.0,0,0,0,1,0,0,0,1,0,0,0,0,1,0,1
64461,2295,2190,450,465,1977,0.0,0,0.9,0.0,0,0,0,1,0,0,0,1,0,0,0,0,1,0,1
64471,2295,2194,451,465,1975,0.0,0,0.8,0.0,0,0,0,1,0,0,0,1,0,0,0,0,1,0,1
64481,2296,2192,449,464,1978,0.0,0,0.8,0.0,0,0,0,1,0,0,0,1,0,0,0,0,1,0,1
64491,2296,2193,449,464,1974,0.0,0,0.8,0.0,0,0,0,1,0,0,0,1,0,0,0,0,1,0,1
64501,2292,2192,450,464,1976,0.0,0,0.9,0.0,0,0,0,1,0,0,0,1,0,0,0,0,1,0,1
64511,2294,2193,449,464,1975,0.0,0,0.8,0.0,0,0,0,1,0,0,0,1,0,0,0,0,1,0,1
64521,2295,2193,451,463,1975,0.0,0,0.8,0.0,0,0,0,1,0,0,0,1,0,0,0,0,1,0,1
64531,2294,2193,449,472,1976,0.0,0,0.8,0.0,0,0,0,1,0,0,0,1,0,0,0,0,1,0,1
64541,2295,2193,449,466,1974,0.0,0,0.8,0.0,0,0,0,1,0,0,0,1,0,0,0,0,1,0,1
64551,2295,2193,450,465,1975,0.0,0,0.8,0.0,0,0,0,1,0,0,0,1,0,0,0,0,1,0,1
64561,2296,2193,450,467,1974,0.0,0,0.6,0.0,0,0,0,1,0,0,0,1,0,0,0,0,1,0,1
64571,2295,2194,450,465,1974,0.0,0,1.1,0.0,0,0,0,1,0,0,0,1,0,0,0,0,1,0,1
64581,2299,2193,452,464,1974,0.0,0,0.8,0.0,0,0,0,1,0,0,0,1,0,0,0,0,1,0,1
64591,2297,2192,452,465,1975,0.0,0,0.6,0.0,0,0,0,1,0,0,0,1,0,0,0,0,1,0,1
64601,2296,2193,450,465,1974,0.0,0,0.6,0.0,0,0,0,1,0,0,0,1,0,0,0,0,1,0,1
64611,2296,2193,451,465,1974,0.0,0,0.6,0.0,0,0,0,1,0,0,0,1,0,0,0,0,1,0,1
64621,2295,2192,450,464,1974,0.0,0,0.5,0.0,0,0,0,1,0,0,0,1,0,0,0,0,1,0,1
64631,2295,2193,448,465,1975,0.0,0,0.8,0.0,0,0,0,1,0,0,0,1,0,0,0,0,1,0,1
64641,2294,2193,450,463,1974,0.0,0,0.8,0.0,0,0,0,1,0,0,0,1,0,0,0,0,1,0,1
64651,2295,2193,449,463,1974,0.0,0,0.6,0.0,0,0,0,1,0,0,0,1,0,0,0,0,1,0,1
64661,2300,2194,448,462,1974,0.0,0,0.8,0.0,0,0,0,1,0,0,0,1,0,0,0,0,1,0,1
64671,2296,2193,449,465,1974,0.0,0,0.8,0.0,0,0,0,1,0,0,0,1,0,0,0,0,1,0,1
64681,2295,2193,448,465,1973,0.0,0,0.9,0.0,0,0,0,1,0,0,0,1,0,0,0,0,1,0,1
64691,2295,2193,450,464,1973,0.0,0,0.8,0.0,0,0,0,1,0,0,0,1,0,0,0,0,1,0,1
64701,2296,2193,449,463,1976,0.0,0,0.8,0.0,0,0,0,1,0,0,0,1,0,0,0,0,1,0,1
64711,2295,2194,450,465,1974,0.0,0,0.8,0.0,0,0,0,1,0,0,0,1,0,0,0,0,1,0,1
64721,2294,2193,449,464,1974,0.0,0,0.6,0.0,0,0,0,1,0,0,0,1,0,0,0,0,1,0,1
64731,2265,2196,448,465,1975,0.0,0,0.6,0.0,0,0,0,1,0,0,0,1,0,0,0,0,1,0,1
64741,2295,2193,450,464,1975,0.0,0,0.6,0.0,0,0,0,1,0,0,0,1,0,0,0,0,1,0,1
64751,2296,2193,449,464,1975,0.0,0,0.6,0.0,0,0,0,1,0,0,0,1,0,0,0,0,1,0,1
64761,2292,2193,449,464,1976,0.0,0,1.0,0.0,0,0,0,1,0,0,0,1,0,0,0,0,1,0,1
64771,2295,2193,449,465,1974,0.0,0,0.6,0.0,0,0,0,1,0,0,0,1,0,0,0,0,1,0,1
64781,2295,2193,450,465,1974,0.0,0,0.4,0.0,0,0,0,1,0,0,0,1,0,0,0,0,1,0,1
64791,2295,2193,450,464,1974,0.0,0,0.4,0.0,0,0,0,1,0,0,0,1,0,0,0,0,1,0,1
64801,2295,2193,449,465,1973,0.0,0,1.0,0.0,0,0,0,1,0,0,0,1,0,0,0,0,1,0,1
64811,2295,2193,448,464,1976,0.0,0,0.8,0.0,0,0,0,1,0,0,0,1,0,0,0,0,1,0,1
64821,2297,2192,449,466,1975,0.0,0,0.8,0.0,0,0,0,1,0,0,0,1,0,0,0,0,1,0,1
64831,2295,2193,449,463,1974,0.0,0,0.6,0.0,0,0,0,1,0,0,0,1,0,0,0,0,1,0,1
64841,2296,2192,450,463,1976,0.0,0,0.6,0.0,0,0,0,1,0,0,0,1,0,0,0,0,1,0,1
64851,2295,2193,451,465,1975,0.0,0,0.6,0.0,0,0,0,1,0,0,0,1,0,0,0,0,1,0,1
64861,2295,2193,450,465,1974,0.0,0,0.8,0.0,0,0,0,1,0,0,0,1,0,0,0,0,1,0,1
64871,2295,2192,449,465,1975,0.0,0,0.9,0.0,0,0,0,1,0,0,0,1,0,0,0,0,1,0,1
64881,2295,2193,450,462,1976,0.0,0,0.5,0.0,0,0,0,1,0,0,0,1,0,0,0,0,1,0,1
64891,2295,2193,451,463,1975,0.0,0,0.5,0.0,0,0,0,1,0,0,0,1,0,0,0,0,1,0,1
64901,2296,2193,450,464,1975,0.0,0,0.5,0.0,0,0,0,1,0,0,0,1,0,0,0,0,1,0,1
64911,2295,2192,449,464,1974,0.0,0,0.5,0.0,0,0,0,1,0,0,0,1,0,0,0,0,1,0,1
64921,2295,2192,451,465,1976,0.0,0,0.6,0.0,0,0,0,1,0,0,0,1,0,0,0,0,1,0,1
64931,2295,2192,449,463,1976,0.0,0,0.8,0.0,0,0,0,1,0,0,0,1,0,0,0,0,1,0,1
64941,2295,2193,446,464,1976,0.0,0,0.9,0.0,0,0,0,1,0,0,0,1,0,0,0,0,1,0,1
64951,2295,2190,449,465,1975,0.0,0,0.5,0.0,0,0,0,1,0,0,0,1,0,0,0,0,1,0,1
64961,2297,2191,449,463,1974,0.0,0,0.6,0.0,0,0,0,1,0,0,0,1,0,0,0,0,1,0,1
64971,2294,2192,449,464,1974,0.0,0,0.6,0.0,0,0,0,1,0,0,0,1,0,0,0,0,1,0,1
64981,2295,2193,452,464,1975,0.0,0,0.2,0.0,0,0,0,1,0,0,0,1,0,0,0,0,1,0,1
64991,2295,2193,450,466,1975,0.0,0,0.6,0.0,0,0,0,1,0,0,0,1,0,0,0,0,1,0,1
65001,2296,2193,451,464,1974,0.0,0,0.4,0.0,0,0,0,1,0,0,0,1,0,0,0,0,1,0,1
65011,2294,2192,449,462,1973,0.0,0,0.8,0.0,0,0,0,1,0,0,0,1,0,0,0,0,1,0,1
65021,2295,2193,450,465,1975,0.0,0,0.8,0.0,0,0,0,1,0,0,0,1,0,0,0,0,1,0,1
65031,2295,2193,450,466,1975,0.0,0,0.8,0.0,0,0,0,1,0,0,0,1,0,0,0,0,1,0,1
65041,2295,2193,450,465,1974,0.0,0,0.8,0.0,0,0,0,1,0,0,0,1,0,0,0,0,1,0,1
65052,2292,2193,448,463,1975,0.0,0,0.6,0.0,0,0,0,1,0,0,0,1,0,0,0,0,1,0,1
65062,2296,2193,449,464,1974,0.0,0,0.8,0.0,0,0,0,1,0,0,0,1,0,0,0,0,1,0,1
65072,2295,2193,450,464,1972,0.0,0,0.6,0.0,0,0,0,1,0,0,0,1,0,0,0,0,1,0,1
65082,2293,2192,450,465,1973,0.0,0,0.8,0.0,0,0,0,1,0,0,0,1,0,0,0,0,1,0,1
65092,2296,2193,449,465,1973,0.0,0,0.8,0.0,0,0,0,1,0,0,0,1,0,0,0,0,1,0,1
65102,2296,2193,449,463,1974,0.0,0,0.6,0.0,0,0,0,1,0,0,0,1,0,0,0,0,1,0,1
65112,2295,2193,450,464,1973,0.0,0,1.0,0.0,0,0,0,1,0,0,0,1,0,0,0,0,1,0,1
65122,2295,2193,448,465,1974,0.0,0,0.6,0.0,0,0,0,1,0,0,0,1,0,0,0,0,1,0,1
65132,2295,2193,451,464,1973,0.0,0,0.6,0.0,0,0,0,1,0,0,0,1,0,0,0,0,1,0,1
65142,2295,2193,449,465,1973,0.0,0,0.8,0.0,0,0,0,1,0,0,0,1,0,0,0,0,1,0,1
65152,2296,2193,448,465,1974,0.0,0,0.8,0.0,0,0,0,1,0,0,0,1,0,0,0,0,1,0,1
65162,2296,2193,450,462,1973,0.0,0,0.9,0.0,0,0,0,1,0,0,0,1,0,0,0,0,1,0,1
65172,2295,2192,449,465,1975,0.0,0,0.5,0.0,0,0,0,1,0,0,0,1,0,0,0,0,1,0,1
65182,2296,2193,450,465,1974,0.0,0,0.9,0.0,0,0,0,1,0,0,0,1,0,0,0,0,1,0,1
65192,2296,2193,450,467,1974,0.0,0,0.6,0.0,0,0,0,1,0,0,0,1,0,0,0,0,1,0,1
65202,2295,2190,450,464,1974,0.0,0,0.6,0.0,0,0,0,1,0,0,0,1,0,0,0,0,1,0,1
65212,2296,2193,451,466,1974,0.0,0,0.6,0.0,0,0,0,1,0,0,0,1,0,0,0,0,1,0,1
65222,2296,2192,449,464,1975,0.0,0,0.8,0.0,0,0,0,1,0,0,0,1,0,0,0,0,1,0,1
65232,2295,2193,451,464,1974,0.0,0,0.8,0.0,0,0,0,1,0,0,0,1,0,0,0,0,1,0,1
65242,2292,2194,452,464,1974,0.0,0,0.8,0.0,0,0,0,1,0,0,0,1,0,0,0,0,1,0,1
65252,2295,2192,449,464,1974,0.0,0,0.6,0.0,0,0,0,1,0,0,0,1,0,0,0,0,1,0,1
65262,2296,2193,450,464,1974,0.0,0,0.9,0.0,0,0,0,1,0,0,0,1,0,0,0,0,1,0,1
65273,2296,2192,448,464,1974,0.0,0,0.5,0.0,0,0,0,1,0,0,0,1,0,0,0,0,1,0,1
65283,2295,2193,449,465,1973,0.0,0,0.5,0.0,0,0,0,1,0,0,0,1,0,0,0,0,1,0,1
65293,2294,2192,450,463,1973,0.0,0,0.8,0.0,0,0,0,1,0,0,0,1,0,0,0,0,1,0,1
65303,2294,2192,450,465,1974,0.0,0,0.9,0.0,0,0,0,1,0,0,0,1,0,0,0,0,1,0,1
65313,2295,2192,449,464,1974,0.0,0,0.8,0.0,0,0,0,1,0,0,0,1,0,0,0,0,1,0,1
65323,2295,2193,452,464,1975,0.0,0,0.5,0.0,0,0,0,1,0,0,0,1,0,0,0,0,1,0,1
65333,2294,2192,449,464,1975,0.0,0,1.0,0.0,0,0,0,1,0,0,0,1,0,0,0,0,1,0,1
65343,2295,2193,449,465,1974,0.0,0,1.0,0.0,0,0,0,1,0,0,0,1,0,0,0,0,1,0,1
65353,2298,2192,450,466,1974,0.0,0,0.5,0.0,0,0,0,1,0,0,0,1,0,0,0,0,1,0,1
65363,2294,2192,450,464,1974,0.0,0,1.0,0.0,0,0,0,1,0,0,0,1,0,0,0,0,1,0,1
65373,2295,2194,448,464,1974,0.0,0,0.8,0.0,0,0,0,1,0,0,0,1,0,0,0,0,1,0,1
65383,2295,2191,449,464,1974,0.0,0,0.9,0.0,0,0,0,1,0,0,0,1,0,0,0,0,1,0,1
65393,2296,2194,449,464,1974,0.0,0,1.0,0.0,0,0,0,1,0,0,0,1,0,0,0,0,1,0,1
65403,2295,2193,449,465,1975,0.0,0,1.0,0.0,0,0,0,1,0,0,0,1,0,0,0,0,1,0,1
65413,2295,2190,450,463,1974,0.0,0,0.6,0.0,0,0,0,1,0,0,0,1,0,0,0,0,1,0,1
65423,2295,2192,451,465,1974,0.0,0,0.6,0.0,0,0,0,1,0,0,0,1,0,0,0,0,1,0,1
65433,2295,2192,450,464,1971,0.0,0,0.8,0.0,0,0,0,1,0,0,0,1,0,0,0,0,1,0,1
65443,2295,2192,449,463,1975,0.0,0,0.9,0.0,0,0,0,1,0,0,0,1,0,0,0,0,1,0,1
65453,2295,2193,450,466,1975,0.0,0,0.9,0.0,0,0,0,1,0,0,0,1,0,0,0,0,1,0,1
65463,2295,2193,450,464,1975,0.0,0,0.9,0.0,0,0,0,1,0,0,0,1,0,0,0,0,1,0,1
65473,2295,2192,448,464,1973,0.0,0,0.5,0.0,0,0,0,1,0,0,0,1,0,0,0,0,1,0,1
65483,2295,2193,450,466,1973,0.0,0,0.8,0.0,0,0,0,1,0,0,0,1,0,0,0,0,1,0,1
65493,2295,2192,449,465,1974,0.0,0,0.9,0.0,0,0,0,1,0,0,0,1,0,0,0,0,1,0,1
65503,2295,2193,449,465,1975,0.0,0,0.6,0.0,0,0,0,1,0,0,0,1,0,0,0,0,1,0,1
65513,2296,2193,450,465,1974,0.0,0,1.0,0.0,0,0,0,1,0,0,0,1,0,0,0,0,1,0,1
65523,2295,2193,452,465,1974,0.0,0,1.0,0.0,0,0,0,1,0,0,0,1,0,0,0,0,1,0,1
65533,2294,2193,447,465,1976,0.0,0,0.8,0.0,0,0,0,1,0,0,0,1,0,0,0,0,1,0,1
65543,2294,2192,450,463,1974,0.0,0,0.9,0.0,0,0,0,1,0,0,0,1,0,0,0,0,1,0,1
65553,2295,2192,449,462,1973,0.0,0,0.8,0.0,0,0,0,1,0,0,0,1,0,0,0,0,1,0,1
65563,2294,2193,449,465,1974,0.0,0,0.9,0.0,0,0,0,1,0,0,0,1,0,0,0,0,1,0,1
65573,2298,2193,450,463,1977,0.0,0,0.9,0.0,0,0,0,1,0,0,0,1,0,0,0,0,1,0,1
65583,2296,2193,450,464,1973,0.0,0,0.9,0.0,0,0,0,1,0,0,0,1,0,0,0,0,1,0,1
65593,2296,2193,448,465,1972,0.0,0,0.8,0.0,0,0,0,1,0,0,0,1,0,0,0,0,1,0,1
65603,2294,2193,449,464,1974,0.0,0,0.8,0.0,0,0,0,1,0,0,0,1,0,0,0,0,1,0,1
65613,2296,2193,447,465,1974,0.0,0,0.5,0.0,0,0,0,1,0,0,0,1,0,0,0,0,1,0,1
65623,2297,2193,450,464,1973,0.0,0,0.8,0.0,0,0,0,1,0,0,0,1,0,0,0,0,1,0,1
65633,2299,2193,449,464,1976,0.0,0,0.9,0.0,0,0,0,1,0,0,0,1,0,0,0,0,1,0,1
65643,2295,2193,450,464,1977,0.0,0,0.9,0.0,0,0,0,1,0,0,0,1,0,0,0,0,1,0,1
65653,2295,2194,450,465,1973,0.0,0,0.8,0.0,0,0,0,1,0,0,0,1,0,0,0,0,1,0,1
65663,2295,2193,450,465,1974,0.0,0,0.8,0.0,0,0,0,1,0,0,0,1,0,0,0,0,1,0,1
65673,2296,2193,450,465,1974,0.0,0,1.0,0.0,0,0,0,1,0,0,0,1,0,0,0,0,1,0,1
65683,2295,2193,450,465,1974,0.0,0,0.5,0.0,0,0,0,1,0,0,0,1,0,0,0,0,1,0,1
65693,2296,2193,454,465,1973,0.0,0,0.8,0.0,0,0,0,1,0,0,0,1,0,0,0,0,1,0,1
65703,2295,2192,449,466,1973,0.0,0,0.8,0.0,0,0,0,1,0,0,0,1,0,0,0,0,1,0,1
65713,2295,2193,450,465,1974,0.0,0,0.9,0.0,0,0,0,1,0,0,0,1,0,0,0,0,1,0,1
65723,2296,2192,451,462,1974,0.0,0,0.8,0.0,0,0,0,1,0,0,0,1,0,0,0,0,1,0,1
65733,2295,2193,449,465,1975,0.0,0,0.8,0.0,0,0,0,1,0,0,0,1,0,0,0,0,1,0,1
65743,2295,2193,448,465,1974,0.0,0,0.8,0.0,0,0,0,1,0,0,0,1,0,0,0,0,1,0,1
65753,2296,2193,451,464,1974,0.0,0,0.5,0.0,0,0,0,1,0,0,0,1,0,0,0,0,1,0,1
65763,2296,2193,449,464,1972,0.0,0,0.5,0.0,0,0,0,1,0,0,0,1,0,0,0,0,1,0,1
65773,2295,2192,450,465,1973,0.0,0,0.9,0.0,0,0,0,1,0,0,0,1,0,0,0,0,1,0,1
65783,2295,2194,450,464,1974,0.0,0,0.9,0.0,0,0,0,1,0,0,0,1,0,0,0,0,1,0,1
65793,2295,2194,450,465,1974,0.0,0,0.9,0.0,0,0,0,1,0,0,0,1,0,0,0,0,1,0,1
65803,2296,2193,449,465,1974,0.0,0,1.1,0.0,0,0,0,1,0,0,0,1,0,0,0,0,1,0,1
65813,2296,2191,450,464,1974,0.0,0,0.6,0.0,0,0,0,1,0,0,0,1,0,0,0,0,1,0,1
65823,2299,2193,450,465,1975,0.0,0,0.6,0.0,0,0,0,1,0,0,0,1,0,0,0,0,1,0,1
65833,2295,2192,450,466,1974,0.0,0,1.0,0.0,0,0,0,1,0,0,0,1,0,0,0,0,1,0,1
65843,2295,2193,449,464,1975,0.0,0,0.8,0.0,0,0,0,1,0,0,0,1,0,0,0,0,1,0,1
65853,2298,2193,449,464,1975,0.0,0,0.4,0.0,0,0,0,1,0,0,0,1,0,0,0,0,1,0,1
65863,2295,2193,449,465,1975,0.0,0,0.5,0.0,0,0,0,1,0,0,0,1,0,0,0,0,1,0,1
65873,2295,2193,449,465,1974,0.0,0,0.9,0.0,0,0,0,1,0,0,0,1,0,0,0,0,1,0,1
65883,2295,2192,451,464,1975,0.0,0,0.9,0.0,0,0,0,1,0,0,0,1,0,0,0,0,1,0,1
65893,2295,2196,450,465,1975,0.0,0,0.9,0.0,0,0,0,1,0,0,0,1,0,0,0,0,1,0,1
65903,2294,2192,440,464,1973,0.0,0,0.8,0.0,0,0,0,1,0,0,0,1,0,0,0,0,1,0,1
65913,2295,2192,450,464,1974,0.0,0,0.5,0.0,0,0,0,1,0,0,0,1,0,0,0,0,1,0,1
65923,2295,2193,450,464,1973,0.0,0,0.9,0.0,0,0,0,1,0,0,0,1,0,0,0,0,1,0,1
65933,2296,2192,449,462,1974,0.0,0,0.6,0.0,0,0,0,1,0,0,0,1,0,0,0,0,1,0,1
65943,2295,2192,439,464,1974,0.0,0,0.6,0.0,0,0,0,1,0,0,0,1,0,0,0,0,1,0,1
65953,2295,2193,449,464,1975,0.0,0,0.6,0.0,0,0,0,1,0,0,0,1,0,0,0,0,1,0,1
65963,2294,2192,450,464,1974,0.0,0,0.8,0.0,0,0,0,1,0,0,0,1,0,0,0,0,1,0,1
65973,2295,2192,450,465,1974,0.0,0,0.9,0.0,0,0,0,1,0,0,0,1,0,0,0,0,1,0,1
65983,2295,2193,449,464,1974,0.0,0,0.6,0.0,0,0,0,1,0,0,0,1,0,0,0,0,1,0,1
65993,2295,2192,449,464,1974,0.0,0,0.5,0.0,0,0,0,1,0,0,0,1,0,0,0,0,1,0,1
66003,2297,2192,449,464,1975,0.0,0,0.5,0.0,0,0,0,1,0,0,0,1,0,0,0,0,1,0,1
66013,2295,2193,449,465,1974,0.0,0,0.8,0.0,0,0,0,1,0,0,0,1,0,0,0,0,1,0,1
66023,2296,2193,452,465,1976,0.0,0,0.9,0.0,0,0,0,1,0,0,0,1,0,0,0,0,1,0,1
66033,2295,2193,449,464,1975,0.0,0,0.9,0.0,0,0,0,1,0,0,0,1,0,0,0,0,1,0,1
66043,2294,2192,450,464,1975,0.0,0,0.8,0.0,0,0,0,1,0,0,0,1,0,0,0,0,1,0,1
66053,2296,2194,452,465,1974,0.0,0,0.8,0.0,0,0,0,1,0,0,0,1,0,0,0,0,1,0,1
66063,2296,2194,450,466,1974,0.0,0,0.8,0.0,0,0,0,1,0,0,0,1,0,0,0,0,1,0,1
66073,2298,2193,449,465,1973,0.0,0,0.6,0.0,0,0,0,1,0,0,0,1,0,0,0,0,1,0,1
66083,2296,2193,450,463,1972,0.0,0,0.9,0.0,0,0,0,1,0,0,0,1,0,0,0,0,1,0,1
66093,2295,2193,449,464,1974,0.0,0,0.8,0.0,0,0,0,1,0,0,0,1,0,0,0,0,1,0,1
66103,2296,2193,450,463,1974,0.0,0,0.6,0.0,0,0,0,1,0,0,0,1,0,0,0,0,1,0,1
66113,2296,2193,447,465,1975,0.0,0,0.5,0.0,0,0,0,1,0,0,0,1,0,0,0,0,1,0,1
66123,2295,2193,449,464,1974,0.0,0,0.5,0.0,0,0,0,1,0,0,0,1,0,0,0,0,1,0,1
66133,2295,2193,452,465,1974,0.0,0,0.9,0.0,0,0,0,1,0,0,0,1,0,0,0,0,1,0,1
66143,2295,2193,448,465,1974,0.0,0,0.5,0.0,0,0,0,1,0,0,0,1,0,0,0,0,1,0,1
66153,2295,2194,450,464,1974,0.0,0,0.6,0.0,0,0,0,1,0,0,0,1,0,0,0,0,1,0,1
66163,2299,2193,450,464,1974,0.0,0,0.8,0.0,0,0,0,1,0,0,0,1,0,0,0,0,1,0,1
66173,2297,2193,451,466,1974,0.0,0,0.8,0.0,0,0,0,1,0,0,0,1,0,0,0,0,1,0,1
66183,2294,2193,450,465,1974,0.0,0,0.8,0.0,0,0,0,1,0,0,0,1,0,0,0,0,1,0,1
66193,2295,2193,449,463,1974,0.0,0,0.5,0.0,0,0,0,1,0,0,0,1,0,0,0,0,1,0,1
66203,2295,2193,450,464,1974,0.0,0,0.8,0.0,0,0,0,1,0,0,0,1,0,0,0,0,1,0,1
66213,2294,2192,450,464,1973,0.0,0,0.8,0.0,0,0,0,1,0,0,0,1,0,0,0,0,1,0,1
66223,2296,2193,450,464,1974,0.0,0,0.4,0.0,0,0,0,1,0,0,0,1,0,0,0,0,1,0,1
66233,2295,2193,449,465,1974,0.0,0,0.6,0.0,0,0,0,1,0,0,0,1,0,0,0,0,1,0,1
66243,2297,2194,451,463,1973,0.0,0,0.6,0.0,0,0,0,1,0,0,0,1,0,0,0,0,1,0,1
66253,2296,2193,449,464,1974,0.0,0,0.6,0.0,0,0,0,1,0,0,0,1,0,0,0,0,1,0,1
66263,2296,2192,449,464,1974,0.0,0,0.5,0.0,0,0,0,1,0,0,0,1,0,0,0,0,1,0,1
66274,2295,2192,449,465,1974,0.0,0,0.8,0.0,0,0,0,1,0,0,0,1,0,0,0,0,1,0,1
66284,2294,2193,450,464,1974,0.0,0,0.8,0.0,0,0,0,1,0,0,0,1,0,0,0,0,1,0,1
66294,2295,2192,449,465,1973,0.0,0,0.9,0.0,0,0,0,1,0,0,0,1,0,0,0,0,1,0,1
66304,2295,2193,448,464,1974,0.0,0,0.8,0.0,0,0,0,1,0,0,0,1,0,0,0,0,1,0,1
66314,2294,2193,449,463,1972,0.0,0,0.8,0.0,0,0,0,1,0,0,0,1,0,0,0,0,1,0,1
66324,2295,2192,450,464,1974,0.0,0,0.8,0.0,0,0,0,1,0,0,0,1,0,0,0,0,1,0,1
66334,2295,2192,449,466,1974,0.0,0,0.8,0.0,0,0,0,1,0,0,0,1,0,0,0,0,1,0,1
66344,2294,2192,451,465,1974,0.0,0,0.8,0.0,0,0,0,1,0,0,0,1,0,0,0,0,1,0,1
66354,2293,2192,448,465,1974,0.0,0,1.2,0.0,0,0,0,1,0,0,0,1,0,0,0,0,1,0,1
66364,2294,2192,449,464,1974,0.0,0,1.2,0.0,0,0,0,1,0,0,0,1,0,0,0,0,1,0,1
66374,2295,2192,450,464,1974,0.0,0,0.8,0.0,0,0,0,1,0,0,0,1,0,0,0,0,1,0,1
66384,2295,2192,448,465,1974,0.0,0,0.8,0.0,0,0,0,1,0,0,0,1,0,0,0,0,1,0,1
66394,2295,2192,450,464,1974,0.0,0,0.8,0.0,0,0,0,1,0,0,0,1,0,0,0,0,1,0,1
66404,2295,2193,451,465,1975,0.0,0,0.8,0.0,0,0,0,1,0,0,0,1,0,0,0,0,1,0,1
66414,2295,2191,448,465,1974,0.0,0,0.6,0.0,0,0,0,1,0,0,0,1,0,0,0,0,1,0,1
66424,2296,2193,449,466,1975,0.0,0,0.6,0.0,0,0,0,1,0,0,0,1,0,0,0,0,1,0,1
66434,2295,2193,452,466,1974,0.0,0,0.8,0.0,0,0,0,1,0,0,0,1,0,0,0,0,1,0,1
66444,2295,2193,449,464,1974,0.0,0,0.6,0.0,0,0,0,1,0,0,0,1,0,0,0,0,1,0,1
66454,2295,2193,450,465,1974,0.0,0,0.8,0.0,0,0,0,1,0,0,0,1,0,0,0,0,1,0,1
66464,2295,2196,447,465,1974,0.0,0,0.8,0.0,0,0,0,1,0,0,0,1,0,0,0,0,1,0,1
66474,2296,2193,450,466,1975,0.0,0,0.8,0.0,0,0,0,1,0,0,0,1,0,0,0,0,1,0,1
66484,2295,2193,449,466,1975,0.0,0,0.8,0.0,0,0,0,1,0,0,0,1,0,0,0,0,1,0,1
66494,2295,2193,451,464,1973,0.0,0,0.8,0.0,0,0,0,1,0,0,0,1,0,0,0,0,1,0,1
66504,2295,2193,450,464,1974,0.0,0,0.6,0.0,0,0,0,1,0,0,0,1,0,0,0,0,1,0,1
66514,2295,2192,450,465,1974,0.0,0,0.9,0.0,0,0,0,1,0,0,0,1,0,0,0,0,1,0,1
66524,2293,2192,449,464,1974,0.0,0,1.0,0.0,0,0,0,1,0,0,0,1,0,0,0,0,1,0,1
66534,2298,2192,450,465,1975,0.0,0,0.9,0.0,0,0,0,1,0,0,0,1,0,0,0,0,1,0,1
66544,2295,2193,450,462,1974,0.0,0,0.9,0.0,0,0,0,1,0,0,0,1,0,0,0,0,1,0,1
66554,2295,2196,447,464,1973,0.0,0,0.9,0.0,0,0,0,1,0,0,0,1,0,0,0,0,1,0,1
66564,2295,2193,451,464,1974,0.0,0,0.8,0.0,0,0,0,1,0,0,0,1,0,0,0,0,1,0,1
66574,2296,2192,448,465,1974,0.0,0,0.6,0.0,0,0,0,1,0,0,0,1,0,0,0,0,1,0,1
66584,2295,2191,449,464,1974,0.0,0,0.6,0.0,0,0,0,1,0,0,0,1,0,0,0,0,1,0,1
66594,2292,2193,450,464,1974,0.0,0,0.6,0.0,0,0,0,1,0,0,0,1,0,0,0,0,1,0,1
66604,2295,2193,449,464,1974,0.0,0,0.6,0.0,0,0,0,1,0,0,0,1,0,0,0,0,1,0,1
66614,2296,2193,450,465,1974,0.0,0,0.8,0.0,0,0,0,1,0,0,0,1,0,0,0,0,1,0,1
66624,2295,2192,449,465,1973,0.0,0,0.9,0.0,0,0,0,1,0,0,0,1,0,0,0,0,1,0,1
66634,2295,2193,451,464,1973,0.0,0,0.9,0.0,0,0,0,1,0,0,0,1,0,0,0,0,1,0,1
66644,2295,2189,449,464,1973,0.0,0,0.8,0.0,0,0,0,1,0,0,0,1,0,0,0,0,1,0,1
66654,2295,2194,450,464,1974,0.0,0,0.6,0.0,0,0,0,1,0,0,0,1,0,0,0,0,1,0,1
66664,2296,2193,450,464,1974,0.0,0,0.6,0.0,0,0,0,1,0,0,0,1,0,0,0,0,1,0,1
66674,2296,2193,450,465,1974,0.0,0,0.9,0.0,0,0,0,1,0,0,0,1,0,0,0,0,1,0,1
66684,2295,2193,449,465,1973,0.0,0,0.9,0.0,0,0,0,1,0,0,0,1,0,0,0,0,1,0,1
66694,2296,2193,450,465,1973,0.0,0,0.3,0.0,0,0,0,1,0,0,0,1,0,0,0,0,1,0,1
66704,2295,2193,451,463,1974,0.0,0,0.9,0.0,0,0,0,1,0,0,0,1,0,0,0,0,1,0,1
66714,2296,2193,450,465,1974,0.0,0,0.8,0.0,0,0,0,1,0,0,0,1,0,0,0,0,1,0,1
66724,2293,2193,449,465,1974,0.0,0,0.9,0.0,0,0,0,1,0,0,0,1,0,0,0,0,1,0,1
66734,2298,2193,448,466,1974,0.0,0,0.9,0.0,0,0,0,1,0,0,0,1,0,0,0,0,1,0,1
66744,2294,2192,448,464,1974,0.0,0,0.6,0.0,0,0,0,1,0,0,0,1,0,0,0,0,1,0,1
66754,2296,2193,450,465,1974,0.0,0,0.6,0.0,0,0,0,1,0,0,0,1,0,0,0,0,1,0,1
66764,2295,2193,449,465,1973,0.0,0,0.8,0.0,0,0,0,1,0,0,0,1,0,0,0,0,1,0,1
66774,2295,2193,449,462,1972,0.0,0,0.6,0.0,0,0,0,1,0,0,0,1,0,0,0,0,1,0,1
66784,2296,2192,449,464,1974,0.0,0,0.6,0.0,0,0,0,1,0,0,0,1,0,0,0,0,1,0,1
66794,2295,2192,451,465,1974,0.0,0,0.8,0.0,0,0,0,1,0,0,0,1,0,0,0,0,1,0,1
66804,2295,2193,451,463,1973,0.0,0,0.8,0.0,0,0,0,1,0,0,0,1,0,0,0,0,1,0,1
66814,2295,2193,449,464,1974,0.0,0,0.9,0.0,0,0,0,1,0,0,0,1,0,0,0,0,1,0,1
66824,2295,2193,449,464,1975,0.0,0,0.8,0.0,0,0,0,1,0,0,0,1,0,0,0,0,1,0,1
66834,2298,2192,450,465,1975,0.0,0,0.9,0.0,0,0,0,1,0,0,0,1,0,0,0,0,1,0,1
66844,2294,2192,449,463,1974,0.0,0,0.9,0.0,0,0,0,1,0,0,0,1,0,0,0,0,1,0,1
66854,2295,2193,449,467,1974,0.0,0,0.5,0.0,0,0,0,1,0,0,0,1,0,0,0,0,1,0,1
66864,2295,2193,448,464,1975,0.0,0,0.9,0.0,0,0,0,1,0,0,0,1,0,0,0,0,1,0,1
66874,2295,2192,451,466,1974,0.0,0,0.6,0.0,0,0,0,1,0,0,0,1,0,0,0,0,1,0,1
66884,2295,2192,449,465,1974,0.0,0,0.6,0.0,0,0,0,1,0,0,0,1,0,0,0,0,1,0,1
66894,2295,2193,447,464,1975,0.0,0,0.8,0.0,0,0,0,1,0,0,0,1,0,0,0,0,1,0,1
66904,2296,2193,451,465,1974,0.0,0,0.5,0.0,0,0,0,1,0,0,0,1,0,0,0,0,1,0,1
66914,2295,2192,450,465,1975,0.0,0,0.5,0.0,0,0,0,1,0,0,0,1,0,0,0,0,1,0,1
66924,2295,2193,449,473,1974,0.0,0,0.4,0.0,0,0,0,1,0,0,0,1,0,0,0,0,1,0,1
66934,2295,2192,448,465,1974,0.0,0,0.6,0.0,0,0,0,1,0,0,0,1,0,0,0,0,1,0,1
66944,2295,2192,450,467,1974,0.0,0,0.8,0.0,0,0,0,1,0,0,0,1,0,0,0,0,1,0,1
66954,2295,2193,451,465,1974,0.0,0,0.8,0.0,0,0,0,1,0,0,0,1,0,0,0,0,1,0,1
66964,2295,2192,450,464,1974,0.0,0,0.8,0.0,0,0,0,1,0,0,0,1,0,0,0,0,1,0,1
66974,2295,2192,450,464,1974,0.0,0,0.6,0.0,0,0,0,1,0,0,0,1,0,0,0,0,1,0,1
66984,2294,2193,452,465,1974,0.0,0,0.8,0.0,0,0,0,1,0,0,0,1,0,0,0,0,1,0,1
66994,2295,2192,450,465,1974,0.0,0,0.8,0.0,0,0,0,1,0,0,0,1,0,0,0,0,1,0,1
67004,2295,2191,450,462,1974,0.0,0,0.9,0.0,0,0,0,1,0,0,0,1,0,0,0,0,1,0,1
67014,2295,2193,449,465,1974,0.0,0,0.6,0.0,0,0,0,1,0,0,0,1,0,0,0,0,1,0,1
67024,2295,2193,450,462,1975,0.0,0,0.6,0.0,0,0,0,1,0,0,0,1,0,0,0,0,1,0,1
67034,2294,2192,448,466,1974,0.0,0,0.6,0.0,0,0,0,1,0,0,0,1,0,0,0,0,1,0,1
67044,2295,2192,449,465,1975,0.0,0,0.9,0.0,0,0,0,1,0,0,0,1,0,0,0,0,1,0,1
67054,2298,2193,450,464,1974,0.0,0,0.6,0.0,0,0,0,1,0,0,0,1,0,0,0,0,1,0,1
67064,2296,2192,449,465,1974,0.0,0,1.1,0.0,0,0,0,1,0,0,0,1,0,0,0,0,1,0,1
67074,2296,2193,449,464,1973,0.0,0,0.6,0.0,0,0,0,1,0,0,0,1,0,0,0,0,1,0,1
67084,2297,2193,451,464,1974,0.0,0,1.0,0.0,0,0,0,1,0,0,0,1,0,0,0,0,1,0,1
67094,2295,2193,449,465,1974,0.0,0,1.0,0.0,0,0,0,1,0,0,0,1,0,0,0,0,1,0,1
67104,2296,2193,450,464,1974,0.0,0,0.8,0.0,0,0,0,1,0,0,0,1,0,0,0,0,1,0,1
67114,2295,2193,447,467,1973,0.0,0,0.5,0.0,0,0,0,1,0,0,0,1,0,0,0,0,1,0,1
67124,2295,2193,450,463,1974,0.0,0,0.5,0.0,0,0,0,1,0,0,0,1,0,0,0,0,1,0,1
67134,2295,2192,450,462,1974,0.0,0,0.9,0.0,0,0,0,1,0,0,0,1,0,0,0,0,1,0,1
67144,2296,2193,448,466,1974,0.0,0,0.9,0.0,0,0,0,1,0,0,0,1,0,0,0,0,1,0,1
67154,2295,2193,451,464,1974,0.0,0,0.6,0.0,0,0,0,1,0,0,0,1,0,0,0,0,1,0,1
67164,2295,2193,450,465,1974,0.0,0,0.9,0.0,0,0,0,1,0,0,0,1,0,0,0,0,1,0,1
67174,2295,2192,449,464,1974,0.0,0,0.6,0.0,0,0,0,1,0,0,0,1,0,0,0,0,1,0,1
67184,2296,2193,449,464,1974,0.0,0,0.4,0.0,0,0,0,1,0,0,0,1,0,0,0,0,1,0,1
67195,2296,2191,449,463,1974,0.0,0,0.8,0.0,0,0,0,1,0,0,0,1,0,0,0,0,1,0,1
67205,2296,2192,450,465,1973,0.0,0,0.8,0.0,0,0,0,1,0,0,0,1,0,0,0,0,1,0,1
67215,2296,2190,449,465,1974,0.0,0,0.8,0.0,0,0,0,1,0,0,0,1,0,0,0,0,1,0,1
67225,2295,2193,449,464,1974,0.0,0,0.5,0.0,0,0,0,1,0,0,0,1,0,0,0,0,1,0,1
67235,2296,2192,448,464,1973,0.0,0,0.9,0.0,0,0,0,1,0,0,0,1,0,0,0,0,1,0,1
67245,2295,2193,450,465,1974,0.0,0,0.6,0.0,0,0,0,1,0,0,0,1,0,0,0,0,1,0,1
67255,2296,2193,451,465,1973,0.0,0,0.6,0.0,0,0,0,1,0,0,0,1,0,0,0,0,1,0,1
67265,2294,2193,449,465,1973,0.0,0,0.9,0.0,0,0,0,1,0,0,0,1,0,0,0,0,1,0,1
67275,2296,2192,449,464,1974,0.0,0,0.9,0.0,0,0,0,1,0,0,0,1,0,0,0,0,1,0,1
67285,2295,2192,448,466,1974,0.0,0,0.6,0.0,0,0,0,1,0,0,0,1,0,0,0,0,1,0,1
67295,2294,2193,449,465,1973,0.0,0,0.6,0.0,0,0,0,1,0,0,0,1,0,0,0,0,1,0,1
67305,2298,2192,451,465,1974,0.0,0,0.6,0.0,0,0,0,1,0,0,0,1,0,0,0,0,1,0,1
67315,2296,2192,450,464,1974,0.0,0,0.5,0.0,0,0,0,1,0,0,0,1,0,0,0,0,1,0,1
67325,2294,2194,447,464,1974,0.0,0,0.8,0.0,0,0,0,1,0,0,0,1,0,0,0,0,1,0,1
67335,2295,2191,449,465,1973,0.0,0,0.8,0.0,0,0,0,1,0,0,0,1,0,0,0,0,1,0,1
67345,2295,2190,448,465,1973,0.0,0,0.5,0.0,0,0,0,1,0,0,0,1,0,0,0,0,1,0,1
67355,2295,2192,449,464,1974,0.0,0,0.5,0.0,0,0,0,1,0,0,0,1,0,0,0,0,1,0,1
67365,2295,2192,449,465,1974,0.0,0,0.8,0.0,0,0,0,1,0,0,0,1,0,0,0,0,1,0,1
67375,2295,2192,450,465,1974,0.0,0,0.5,0.0,0,0,0,1,0,0,0,1,0,0,0,0,1,0,1
67385,2296,2192,450,464,1974,0.0,0,0.6,0.0,0,0,0,1,0,0,0,1,0,0,0,0,1,0,1
67395,2295,2193,449,465,1975,0.0,0,0.6,0.0,0,0,0,1,0,0,0,1,0,0,0,0,1,0,1
67405,2296,2193,450,465,1967,0.0,0,0.9,0.0,0,0,0,1,0,0,0,1,0,0,0,0,1,0,1
67415,2295,2192,451,465,1976,0.0,0,0.6,0.0,0,0,0,1,0,0,0,1,0,0,0,0,1,0,1
67425,2295,2192,445,464,1974,0.0,0,1.0,0.0,0,0,0,1,0,0,0,1,0,0,0,0,1,0,1
67435,2295,2193,449,465,1974,0.0,0,0.9,0.0,0,0,0,1,0,0,0,1,0,0,0,0,1,0,1
67445,2294,2192,449,463,1974,0.0,0,0.6,0.0,0,0,0,1,0,0,0,1,0,0,0,0,1,0,1
67455,2296,2193,451,465,1975,0.0,0,0.6,0.0,0,0,0,1,0,0,0,1,0,0,0,0,1,0,1
67465,2295,2177,450,464,1974,0.0,0,0.8,0.0,0,0,0,1,0,0,0,1,0,0,0,0,1,0,1
67475,2294,2193,450,465,1975,0.0,0,0.8,0.0,0,0,0,1,0,0,0,1,0,0,0,0,1,0,1
67485,2296,2192,447,463,1974,0.0,0,0.9,0.0,0,0,0,1,0,0,0,1,0,0,0,0,1,0,1
67495,2295,2192,450,464,1974,0.0,0,0.9,0.0,0,0,0,1,0,0,0,1,0,0,0,0,1,0,1
67506,2295,2192,449,463,1974,0.0,0,0.8,0.0,0,0,0,1,0,0,0,1,0,0,0,0,1,0,1
67516,2295,2192,451,465,1974,0.0,0,0.8,0.0,0,0,0,1,0,0,0,1,0,0,0,0,1,0,1
67526,2295,2192,450,464,1974,0.0,0,0.9,0.0,0,0,0,1,0,0,0,1,0,0,0,0,1,0,1
67536,2295,2193,447,463,1974,0.0,0,1.0,0.0,0,0,0,1,0,0,0,1,0,0,0,0,1,0,1
67546,2296,2195,449,464,1974,0.0,0,0.6,0.0,0,0,0,1,0,0,0,1,0,0,0,0,1,0,1
67556,2294,2194,449,465,1974,0.0,0,0.8,0.0,0,0,0,1,0,0,0,1,0,0,0,0,1,0,1
67566,2296,2193,450,466,1974,0.0,0,0.8,0.0,0,0,0,1,0,0,0,1,0,0,0,0,1,0,1
67576,2296,2193,449,465,1972,0.0,0,0.8,0.0,0,0,0,1,0,0,0,1,0,0,0,0,1,0,1
67586,2295,2192,450,464,1974,0.0,0,0.3,0.0,0,0,0,1,0,0,0,1,0,0,0,0,1,0,1
67596,2293,2193,451,466,1973,0.0,0,0.9,0.0,0,0,0,1,0,0,0,1,0,0,0,0,1,0,1
67606,2295,2193,450,464,1973,0.0,0,0.9,0.0,0,0,0,1,0,0,0,1,0,0,0,0,1,0,1
67616,2295,2193,450,464,1974,0.0,0,1.0,0.0,0,0,0,1,0,0,0,1,0,0,0,0,1,0,1
67626,2295,2193,453,464,1974,0.0,0,1.2,0.0,0,0,0,1,0,0,0,1,0,0,0,0,1,0,1
67636,2295,2193,450,464,1974,0.0,0,1.2,0.0,0,0,0,1,0,0,0,1,0,0,0,0,1,0,1
67646,2295,2196,449,465,1974,0.0,0,0.8,0.0,0,0,0,1,0,0,0,1,0,0,0,0,1,0,1
67656,2295,2193,451,465,1974,0.0,0,1.0,0.0,0,0,0,1,0,0,0,1,0,0,0,0,1,0,1
67666,2296,2193,449,464,1974,0.0,0,1.0,0.0,0,0,0,1,0,0,0,1,0,0,0,0,1,0,1
67676,2296,2193,450,462,1972,0.0,0,0.8,0.0,0,0,0,1,0,0,0,1,0,0,0,0,1,0,1
67686,2295,2193,450,464,1974,0.0,0,0.8,0.0,0,0,0,1,0,0,0,1,0,0,0,0,1,0,1
67696,2296,2193,450,464,1974,0.0,0,0.8,0.0,0,0,0,1,0,0,0,1,0,0,0,0,1,0,1
67706,2296,2193,450,465,1974,0.0,0,0.8,0.0,0,0,0,1,0,0,0,1,0,0,0,0,1,0,1
67716,2295,2193,452,464,1974,0.0,0,0.6,0.0,0,0,0,1,0,0,0,1,0,0,0,0,1,0,1
67726,2296,2193,448,466,1973,0.0,0,0.8,0.0,0,0,0,1,0,0,0,1,0,0,0,0,1,0,1
67736,2296,2193,450,462,1974,0.0,0,0.9,0.0,0,0,0,1,0,0,0,1,0,0,0,0,1,0,1
67746,2296,2193,450,465,1974,0.0,0,0.8,0.0,0,0,0,1,0,0,0,1,0,0,0,0,1,0,1
67756,2281,2193,448,464,1975,0.0,0,0.6,0.0,0,0,0,1,0,0,0,1,0,0,0,0,1,0,1
67766,2294,2193,449,465,1974,0.0,0,0.6,0.0,0,0,0,1,0,0,0,1,0,0,0,0,1,0,1
67776,2296,2192,450,465,1974,0.0,0,0.9,0.0,0,0,0,1,0,0,0,1,0,0,0,0,1,0,1
67786,2295,2193,450,463,1974,0.0,0,0.8,0.0,0,0,0,1,0,0,0,1,0,0,0,0,1,0,1
67796,2296,2193,449,465,1974,0.0,0,0.8,0.0,0,0,0,1,0,0,0,1,0,0,0,0,1,0,1
67806,2296,2192,450,463,1974,0.0,0,0.6,0.0,0,0,0,1,0,0,0,1,0,0,0,0,1,0,1
67816,2296,2192,448,463,1974,0.0,0,0.6,0.0,0,0,0,1,0,0,0,1,0,0,0,0,1,0,1
67826,2295,2192,450,464,1973,0.0,0,0.8,0.0,0,0,0,1,0,0,0,1,0,0,0,0,1,0,1
67836,2296,2195,449,454,1975,0.0,0,0.9,0.0,0,0,0,1,0,0,0,1,0,0,0,0,1,0,1
67846,2295,2193,449,464,1974,0.0,0,0.4,0.0,0,0,0,1,0,0,0,1,0,0,0,0,1,0,1
67856,2295,2192,450,463,1974,0.0,0,0.9,0.0,0,0,0,1,0,0,0,1,0,0,0,0,1,0,1
67866,2295,2193,448,463,1974,0.0,0,0.5,0.0,0,0,0,1,0,0,0,1,0,0,0,0,1,0,1
67876,2296,2193,449,465,1975,0.0,0,0.6,0.0,0,0,0,1,0,0,0,1,0,0,0,0,1,0,1
67886,2295,2193,451,465,1975,0.0,0,0.6,0.0,0,0,0,1,0,0,0,1,0,0,0,0,1,0,1
67896,2294,2192,450,465,1974,0.0,0,0.9,0.0,0,0,0,1,0,0,0,1,0,0,0,0,1,0,1
67906,2296,2192,449,464,1975,0.0,0,0.5,0.0,0,0,0,1,0,0,0,1,0,0,0,0,1,0,1
67916,2296,2193,449,464,1975,0.0,0,0.6,0.0,0,0,0,1,0,0,0,1,0,0,0,0,1,0,1
67926,2295,2193,450,465,1975,0.0,0,0.6,0.0,0,0,0,1,0,0,0,1,0,0,0,0,1,0,1
67936,2295,2192,449,466,1975,0.0,0,0.6,0.0,0,0,0,1,0,0,0,1,0,0,0,0,1,0,1
67946,2292,2192,450,466,1975,0.0,0,0.8,0.0,0,0,0,1,0,0,0,1,0,0,0,0,1,0,1
67956,2295,2193,448,464,1973,0.0,0,0.6,0.0,0,0,0,1,0,0,0,1,0,0,0,0,1,0,1
67966,2295,2193,446,464,1975,0.0,0,0.6,0.0,0,0,0,1,0,0,0,1,0,0,0,0,1,0,1
67976,2297,2192,450,465,1974,0.0,0,0.5,0.0,0,0,0,1,0,0,0,1,0,0,0,0,1,0,1
67986,2295,2193,449,465,1974,0.0,0,0.6,0.0,0,0,0,1,0,0,0,1,0,0,0,0,1,0,1
67996,2295,2193,450,464,1974,0.0,0,0.6,0.0,0,0,0,1,0,0,0,1,0,0,0,0,1,0,1
68006,2295,2192,449,466,1974,0.0,0,0.9,0.0,0,0,0,1,0,0,0,1,0,0,0,0,1,0,1
68016,2292,2193,450,464,1975,0.0,0,0.9,0.0,0,0,0,1,0,0,0,1,0,0,0,0,1,0,1
68026,2295,2192,450,462,1975,0.0,0,1.0,0.0,0,0,0,1,0,0,0,1,0,0,0,0,1,0,1
68036,2295,2192,447,465,1976,0.0,0,0.8,0.0,0,0,0,1,0,0,0,1,0,0,0,0,1,0,1
68046,2296,2192,450,468,1974,0.0,0,0.3,0.0,0,0,0,1,0,0,0,1,0,0,0,0,1,0,1
68056,2295,2193,448,463,1973,0.0,0,0.5,0.0,0,0,0,1,0,0,0,1,0,0,0,0,1,0,1
68066,2296,2192,447,464,1974,0.0,0,0.5,0.0,0,0,0,1,0,0,0,1,0,0,0,0,1,0,1
68076,2296,2193,450,465,1974,0.0,0,0.8,0.0,0,0,0,1,0,0,0,1,0,0,0,0,1,0,1
68086,2295,2193,449,466,1974,0.0,0,0.8,0.0,0,0,0,1,0,0,0,1,0,0,0,0,1,0,1
68096,2295,2193,450,463,1974,0.0,0,0.8,0.0,0,0,0,1,0,0,0,1,0,0,0,0,1,0,1
68106,2295,2193,450,464,1974,0.0,0,0.9,0.0,0,0,0,1,0,0,0,1,0,0,0,0,1,0,1
68116,2296,2193,450,466,1973,0.0,0,0.9,0.0,0,0,0,1,0,0,0,1,0,0,0,0,1,0,1
68126,2295,2193,450,464,1973,0.0,0,0.9,0.0,0,0,0,1,0,0,0,1,0,0,0,0,1,0,1
68136,2295,2193,451,465,1974,0.0,0,0.5,0.0,0,0,0,1,0,0,0,1,0,0,0,0,1,0,1
68146,2296,2193,450,464,1974,0.0,0,0.6,0.0,0,0,0,1,0,0,0,1,0,0,0,0,1,0,1
68156,2295,2194,449,464,1974,0.0,0,0.5,0.0,0,0,0,1,0,0,0,1,0,0,0,0,1,0,1
68166,2296,2193,449,465,1973,0.0,0,0.6,0.0,0,0,0,1,0,0,0,1,0,0,0,0,1,0,1
68176,2296,2194,449,461,1973,0.0,0,0.6,0.0,0,0,0,1,0,0,0,1,0,0,0,0,1,0,1
68186,2296,2192,451,465,1974,0.0,0,0.6,0.0,0,0,0,1,0,0,0,1,0,0,0,0,1,0,1
68196,2295,2193,451,465,1974,0.0,0,0.8,0.0,0,0,0,1,0,0,0,1,0,0,0,0,1,0,1
68206,2295,2193,450,464,1973,0.0,0,0.5,0.0,0,0,0,1,0,0,0,1,0,0,0,0,1,0,1
68216,2296,2193,449,465,1973,0.0,0,0.8,0.0,0,0,0,1,0,0,0,1,0,0,0,0,1,0,1
68226,2296,2192,449,465,1975,0.0,0,0.8,0.0,0,0,0,1,0,0,0,1,0,0,0,0,1,0,1
68236,2296,2193,449,465,1974,0.0,0,0.5,0.0,0,0,0,1,0,0,0,1,0,0,0,0,1,0,1
68246,2295,2193,449,465,1975,0.0,0,0.5,0.0,0,0,0,1,0,0,0,1,0,0,0,0,1,0,1
68256,2295,2193,449,464,1973,0.0,0,0.1,0.0,0,0,0,1,0,0,0,1,0,0,0,0,1,0,1
68266,2295,2193,449,464,1973,0.0,0,0.5,0.0,0,0,0,1,0,0,0,1,0,0,0,0,1,0,1
68276,2294,2192,449,464,1972,0.0,0,0.8,0.0,0,0,0,1,0,0,0,1,0,0,0,0,1,0,1
68286,2295,2192,449,464,1973,0.0,0,0.9,0.0,0,0,0,1,0,0,0,1,0,0,0,0,1,0,1
68297,2296,2192,452,466,1973,0.0,0,0.4,0.0,0,0,0,1,0,0,0,1,0,0,0,0,1,0,1
68307,2295,2191,448,465,1974,0.0,0,0.4,0.0,0,0,0,1,0,0,0,1,0,0,0,0,1,0,1
68317,2295,2192,450,465,1974,0.0,0,0.6,0.0,0,0,0,1,0,0,0,1,0,0,0,0,1,0,1
68327,2295,2192,450,465,1974,0.0,0,0.6,0.0,0,0,0,1,0,0,0,1,0,0,0,0,1,0,1
68337,2295,2192,447,465,1974,0.0,0,0.5,0.0,0,0,0,1,0,0,0,1,0,0,0,0,1,0,1
68347,2293,2191,450,464,1974,0.0,0,0.6,0.0,0,0,0,1,0,0,0,1,0,0,0,0,1,0,1
68357,2296,2192,449,464,1974,0.0,0,0.8,0.0,0,0,0,1,0,0,0,1,0,0,0,0,1,0,1
68367,2294,2192,449,464,1974,0.0,0,0.8,0.0,0,0,0,1,0,0,0,1,0,0,0,0,1,0,1
68377,2295,2192,449,464,1974,0.0,0,0.4,0.0,0,0,0,1,0,0,0,1,0,0,0,0,1,0,1
68387,2295,2192,450,465,1974,0.0,0,0.6,0.0,0,0,0,1,0,0,0,1,0,0,0,0,1,0,1
68397,2294,2192,450,464,1974,0.0,0,0.6,0.0,0,0,0,1,0,0,0,1,0,0,0,0,1,0,1
68407,2295,2193,452,465,1974,0.0,0,0.6,0.0,0,0,0,1,0,0,0,1,0,0,0,0,1,0,1
68417,2295,2192,449,464,1975,0.0,0,0.9,0.0,0,0,0,1,0,0,0,1,0,0,0,0,1,0,1
68427,2295,2193,451,465,1974,0.0,0,0.9,0.0,0,0,0,1,0,0,0,1,0,0,0,0,1,0,1
68437,2294,2193,449,465,1974,0.0,0,0.6,0.0,0,0,0,1,0,0,0,1,0,0,0,0,1,0,1
68447,2298,2192,449,465,1974,0.0,0,0.6,0.0,0,0,0,1,0,0,0,1,0,0,0,0,1,0,1
68457,2295,2190,450,465,1974,0.0,0,0.8,0.0,0,0,0,1,0,0,0,1,0,0,0,0,1,0,1
68467,2295,2191,449,464,1972,0.0,0,0.9,0.0,0,0,0,1,0,0,0,1,0,0,0,0,1,0,1
68477,2295,2192,449,464,1975,0.0,0,1.0,0.0,0,0,0,1,0,0,0,1,0,0,0,0,1,0,1
68487,2294,2193,449,465,1975,0.0,0,1.0,0.0,0,0,0,1,0,0,0,1,0,0,0,0,1,0,1
68497,2296,2192,450,464,1975,0.0,0,0.6,0.0,0,0,0,1,0,0,0,1,0,0,0,0,1,0,1
68507,2297,2192,450,464,1975,0.0,0,0.6,0.0,0,0,0,1,0,0,0,1,0,0,0,0,1,0,1
68517,2296,2193,449,465,1974,0.0,0,0.6,0.0,0,0,0,1,0,0,0,1,0,0,0,0,1,0,1
68527,2295,2192,450,464,1974,0.0,0,1.0,0.0,0,0,0,1,0,0,0,1,0,0,0,0,1,0,1
68537,2294,2192,449,464,1974,0.0,0,0.5,0.0,0,0,0,1,0,0,0,1,0,0,0,0,1,0,1
68547,2295,2192,450,465,1974,0.0,0,0.5,0.0,0,0,0,1,0,0,0,1,0,0,0,0,1,0,1
68557,2296,2193,450,464,1974,0.0,0,0.6,0.0,0,0,0,1,0,0,0,1,0,0,0,0,1,0,1
68567,2295,2193,449,465,1974,0.0,0,0.8,0.0,0,0,0,1,0,0,0,1,0,0,0,0,1,0,1
68577,2295,2193,450,465,1974,0.0,0,0.8,0.0,0,0,0,1,0,0,0,1,0,0,0,0,1,0,1
68587,2295,2194,449,464,1973,0.0,0,0.8,0.0,0,0,0,1,0,0,0,1,0,0,0,0,1,0,1
68597,2296,2193,449,464,1974,0.0,0,0.8,0.0,0,0,0,1,0,0,0,1,0,0,0,0,1,0,1
68607,2296,2193,448,465,1973,0.0,0,0.9,0.0,0,0,0,1,0,0,0,1,0,0,0,0,1,0,1
68617,2296,2193,450,464,1974,0.0,0,0.4,0.0,0,0,0,1,0,0,0,1,0,0,0,0,1,0,1
68627,2298,2193,449,465,1971,0.0,0,0.4,0.0,0,0,0,1,0,0,0,1,0,0,0,0,1,0,1
68637,2295,2193,449,465,1974,0.0,0,0.8,0.0,0,0,0,1,0,0,0,1,0,0,0,0,1,0,1
68647,2294,2193,449,464,1974,0.0,0,0.6,0.0,0,0,0,1,0,0,0,1,0,0,0,0,1,0,1
68657,2295,2192,450,465,1974,0.0,0,0.8,0.0,0,0,0,1,0,0,0,1,0,0,0,0,1,0,1
68667,2295,2192,449,465,1973,0.0,0,0.8,0.0,0,0,0,1,0,0,0,1,0,0,0,0,1,0,1
68678,2295,2193,449,464,1974,0.0,0,0.6,0.0,0,0,0,1,0,0,0,1,0,0,0,0,1,0,1
68688,2295,2193,449,465,1975,0.0,0,0.6,0.0,0,0,0,1,0,0,0,1,0,0,0,0,1,0,1
68698,2297,2193,449,465,1974,0.0,0,0.5,0.0,0,0,0,1,0,0,0,1,0,0,0,0,1,0,1
68708,2294,2193,450,464,1973,0.0,0,0.6,0.0,0,0,0,1,0,0,0,1,0,0,0,0,1,0,1
68718,2295,2194,449,466,1973,0.0,0,0.6,0.0,0,0,0,1,0,0,0,1,0,0,0,0,1,0,1
68728,2295,2193,451,465,1974,0.0,0,0.3,0.0,0,0,0,1,0,0,0,1,0,0,0,0,1,0,1
68738,2294,2193,446,464,1973,0.0,0,0.6,0.0,0,0,0,1,0,0,0,1,0,0,0,0,1,0,1
68748,2295,2194,450,464,1974,0.0,0,0.6,0.0,0,0,0,1,0,0,0,1,0,0,0,0,1,0,1
68758,2294,2192,449,464,1973,0.0,0,0.5,0.0,0,0,0,1,0,0,0,1,0,0,0,0,1,0,1
68768,2295,2193,451,463,1974,0.0,0,0.5,0.0,0,0,0,1,0,0,0,1,0,0,0,0,1,0,1
68778,2296,2190,450,465,1971,0.0,0,0.8,0.0,0,0,0,1,0,0,0,1,0,0,0,0,1,0,1
68788,2296,2193,449,463,1974,0.0,0,0.8,0.0,0,0,0,1,0,0,0,1,0,0,0,0,1,0,1
68798,2296,2194,450,464,1976,0.0,0,0.9,0.0,0,0,0,1,0,0,0,1,0,0,0,0,1,0,1
68808,2295,2192,450,464,1975,0.0,0,0.5,0.0,0,0,0,1,0,0,0,1,0,0,0,0,1,0,1
68818,2296,2192,448,464,1975,0.0,0,0.6,0.0,0,0,0,1,0,0,0,1,0,0,0,0,1,0,1
68828,2295,2192,450,464,1974,0.0,0,0.6,0.0,0,0,0,1,0,0,0,1,0,0,0,0,1,0,1
68838,2295,2192,447,465,1974,0.0,0,1.0,0.0,0,0,0,1,0,0,0,1,0,0,0,0,1,0,1
68848,2296,2192,451,464,1974,0.0,0,0.5,0.0,0,0,0,1,0,0,0,1,0,0,0,0,1,0,1
68858,2295,2192,449,468,1974,0.0,0,0.6,0.0,0,0,0,1,0,0,0,1,0,0,0,0,1,0,1
68868,2296,2192,451,465,1974,0.0,0,0.8,0.0,0,0,0,1,0,0,0,1,0,0,0,0,1,0,1
68879,2296,2192,449,464,1975,0.0,0,0.6,0.0,0,0,0,1,0,0,0,1,0,0,0,0,1,0,1
68889,2294,2192,449,464,1974,0.0,0,0.6,0.0,0,0,0,1,0,0,0,1,0,0,0,0,1,0,1
68899,2295,2192,449,465,1974,0.0,0,0.8,0.0,0,0,0,1,0,0,0,1,0,0,0,0,1,0,1
68909,2295,2193,449,466,1974,0.0,0,0.8,0.0,0,0,0,1,0,0,0,1,0,0,0,0,1,0,1
68919,2295,2192,451,465,1975,0.0,0,0.8,0.0,0,0,0,1,0,0,0,1,0,0,0,0,1,0,1
68930,2296,2193,449,464,1974,0.0,0,0.9,0.0,0,0,0,1,0,0,0,1,0,0,0,0,1,0,1
68940,2295,2193,449,465,1974,0.0,0,0.5,0.0,0,0,0,1,0,0,0,1,0,0,0,0,1,0,1
68950,2295,2193,448,466,1975,0.0,0,0.5,0.0,0,0,0,1,0,0,0,1,0,0,0,0,1,0,1
68960,2295,2193,449,465,1974,0.0,0,0.8,0.0,0,0,0,1,0,0,0,1,0,0,0,0,1,0,1
68970,2296,2193,449,464,1975,0.0,0,0.6,0.0,0,0,0,1,0,0,0,1,0,0,0,0,1,0,1
68980,2295,2193,450,464,1977,0.0,0,0.5,0.0,0,0,0,1,0,0,0,1,0,0,0,0,1,0,1
68990,2295,2192,448,464,1974,0.0,0,0.8,0.0,0,0,0,1,0,0,0,1,0,0,0,0,1,0,1
69000,2295,2192,450,464,1972,0.0,0,0.6,0.0,0,0,0,1,0,0,0,1,0,0,0,0,1,0,1
69012,2294,2192,449,464,1975,0.0,0,0.6,0.0,0,0,0,1,0,0,0,1,0,0,0,0,1,0,1
69022,2295,2192,450,464,1974,0.0,0,0.6,0.0,0,0,0,1,0,0,0,1,0,0,0,0,1,0,1
69032,2295,2192,450,465,1975,0.0,0,0.6,0.0,0,0,0,1,0,0,0,1,0,0,0,0,1,0,1
69042,2295,2193,450,465,1974,0.0,0,1.0,0.0,0,0,0,1,0,0,0,1,0,0,0,0,1,0,1
69052,2295,2193,449,463,1973,0.0,0,0.6,0.0,0,0,0,1,0,0,0,1,0,0,0,0,1,0,1
69062,2296,2195,450,465,1973,0.0,0,0.6,0.0,0,0,0,1,0,0,0,1,0,0,0,0,1,0,1
69072,2296,2192,449,463,1974,0.0,0,0.6,0.0,0,0,0,1,0,0,0,1,0,0,0,0,1,0,1
69082,2296,2193,451,467,1973,0.0,0,0.5,0.0,0,0,0,1,0,0,0,1,0,0,0,0,1,0,1
69092,2294,2192,450,465,1974,0.0,0,0.5,0.0,0,0,0,1,0,0,0,1,0,0,0,0,1,0,1
69102,2297,2193,450,464,1974,0.0,0,0.5,0.0,0,0,0,1,0,0,0,1,0,0,0,0,1,0,1
69112,2296,2193,450,464,1974,0.0,0,0.6,0.0,0,0,0,1,0,0,0,1,0,0,0,0,1,0,1
69122,2296,2192,449,465,1974,0.0,0,0.9,0.0,0,0,0,1,0,0,0,1,0,0,0,0,1,0,1
69132,2296,2193,449,465,1974,0.0,0,0.9,0.0,0,0,0,1,0,0,0,1,0,0,0,0,1,0,1
69142,2295,2193,448,465,1974,0.0,0,0.9,0.0,0,0,0,1,0,0,0,1,0,0,0,0,1,0,1
69152,2295,2193,449,463,1974,0.0,0,0.5,0.0,0,0,0,1,0,0,0,1,0,0,0,0,1,0,1
69162,2295,2192,450,464,1973,0.0,0,0.6,0.0,0,0,0,1,0,0,0,1,0,0,0,0,1,0,1
69172,2295,2193,449,465,1974,0.0,0,0.9,0.0,0,0,0,1,0,0,0,1,0,0,0,0,1,0,1
69182,2295,2194,449,463,1974,0.0,0,0.6,0.0,0,0,0,1,0,0,0,1,0,0,0,0,1,0,1
69192,2295,2193,448,464,1973,0.0,0,0.6,0.0,0,0,0,1,0,0,0,1,0,0,0,0,1,0,1
69202,2296,2192,449,465,1974,0.0,0,0.8,0.0,0,0,0,1,0,0,0,1,0,0,0,0,1,0,1
69212,2295,2192,449,465,1973,0.0,0,0.8,0.0,0,0,0,1,0,0,0,1,0,0,0,0,1,0,1
69222,2295,2193,448,464,1973,0.0,0,0.6,0.0,0,0,0,1,0,0,0,1,0,0,0,0,1,0,1
69232,2295,2193,449,464,1974,0.0,0,0.6,0.0,0,0,0,1,0,0,0,1,0,0,0,0,1,0,1
69242,2295,2193,449,466,1973,0.0,0,0.5,0.0,0,0,0,1,0,0,0,1,0,0,0,0,1,0,1
69252,2295,2193,450,465,1974,0.0,0,0.5,0.0,0,0,0,1,0,0,0,1,0,0,0,0,1,0,1
69262,2296,2193,450,464,1974,0.0,0,0.5,0.0,0,0,0,1,0,0,0,1,0,0,0,0,1,0,1
69272,2295,2193,448,464,1974,0.0,0,0.8,0.0,0,0,0,1,0,0,0,1,0,0,0,0,1,0,1
69284,2294,2192,449,464,1971,0.0,0,0.6,0.0,0,0,0,1,0,0,0,1,0,0,0,0,1,0,1
69294,2295,2192,450,464,1973,0.0,0,0.6,0.0,0,0,0,1,0,0,0,1,0,0,0,0,1,0,1
69304,2295,2192,450,464,1974,0.0,0,0.6,0.0,0,0,0,1,0,0,0,1,0,0,0,0,1,0,1
69314,2296,2192,450,464,1974,0.0,0,0.5,0.0,0,0,0,1,0,0,0,1,0,0,0,0,1,0,1
69324,2294,2192,450,465,1974,0.0,0,0.6,0.0,0,0,0,1,0,0,0,1,0,0,0,0,1,0,1
69334,2295,2191,449,465,1976,0.0,0,0.6,0.0,0,0,0,1,0,0,0,1,0,0,0,0,1,0,1
69344,2296,2192,450,465,1974,0.0,0,0.8,0.0,0,0,0,1,0,0,0,1,0,0,0,0,1,0,1
69354,2294,2192,450,465,1972,0.0,0,0.8,0.0,0,0,0,1,0,0,0,1,0,0,0,0,1,0,1
69364,2295,2195,449,463,1974,0.0,0,0.8,0.0,0,0,0,1,0,0,0,1,0,0,0,0,1,0,1
69374,2295,2192,449,466,1974,0.0,0,0.4,0.0,0,0,0,1,0,0,0,1,0,0,0,0,1,0,1
69384,2295,2191,448,462,1974,0.0,0,0.5,0.0,0,0,0,1,0,0,0,1,0,0,0,0,1,0,1
69394,2314,2193,450,464,1974,0.0,0,0.5,0.0,0,0,0,1,0,0,0,1,0,0,0,0,1,0,1
69404,2295,2193,450,464,1974,0.0,0,0.5,0.0,0,0,0,1,0,0,0,1,0,0,0,0,1,0,1
69414,2295,2193,450,466,1974,0.0,0,0.6,0.0,0,0,0,1,0,0,0,1,0,0,0,0,1,0,1
69424,2295,2192,449,465,1975,0.0,0,1.0,0.0,0,0,0,1,0,0,0,1,0,0,0,0,1,0,1
69434,2294,2193,451,466,1974,0.0,0,0.8,0.0,0,0,0,1,0,0,0,1,0,0,0,0,1,0,1
69444,2295,2192,451,462,1975,0.0,0,0.6,0.0,0,0,0,1,0,0,0,1,0,0,0,0,1,0,1
69454,2296,2192,450,465,1974,0.0,0,0.9,0.0,0,0,0,1,0,0,0,1,0,0,0,0,1,0,1
69464,2295,2192,450,464,1974,0.0,0,0.9,0.0,0,0,0,1,0,0,0,1,0,0,0,0,1,0,1
69474,2295,2193,449,464,1974,0.0,0,0.6,0.0,0,0,0,1,0,0,0,1,0,0,0,0,1,0,1
69484,2295,2192,450,465,1974,0.0,0,0.4,0.0,0,0,0,1,0,0,0,1,0,0,0,0,1,0,1
69494,2295,2192,449,464,1974,0.0,0,0.6,0.0,0,0,0,1,0,0,0,1,0,0,0,0,1,0,1
69504,2295,2192,451,463,1974,0.0,0,0.9,0.0,0,0,0,1,0,0,0,1,0,0,0,0,1,0,1
69514,2296,2192,450,464,1975,0.0,0,0.8,0.0,0,0,0,1,0,0,0,1,0,0,0,0,1,0,1
69524,2295,2193,449,464,1974,0.0,0,0.8,0.0,0,0,0,1,0,0,0,1,0,0,0,0,1,0,1
69534,2296,2193,449,464,1974,0.0,0,0.8,0.0,0,0,0,1,0,0,0,1,0,0,0,0,1,0,1
69544,2295,2195,450,465,1974,0.0,0,0.9,0.0,0,0,0,1,0,0,0,1,0,0,0,0,1,0,1
69554,2296,2192,450,463,1975,0.0,0,1.0,0.0,0,0,0,1,0,0,0,1,0,0,0,0,1,0,1
69564,2296,2193,450,463,1974,0.0,0,1.0,0.0,0,0,0,1,0,0,0,1,0,0,0,0,1,0,1
69574,2295,2192,449,463,1974,0.0,0,1.0,0.0,0,0,0,1,0,0,0,1,0,0,0,0,1,0,1
69584,2295,2192,450,465,1975,0.0,0,1.0,0.0,0,0,0,1,0,0,0,1,0,0,0,0,1,0,1
69594,2295,2193,450,464,1973,0.0,0,0.8,0.0,0,0,0,1,0,0,0,1,0,0,0,0,1,0,1
69604,2292,2193,450,465,1974,0.0,0,0.4,0.0,0,0,0,1,0,0,0,1,0,0,0,0,1,0,1
69614,2296,2195,451,465,1974,0.0,0,0.9,0.0,0,0,0,1,0,0,0,1,0,0,0,0,1,0,1
69624,2295,2193,450,464,1974,0.0,0,0.6,0.0,0,0,0,1,0,0,0,1,0,0,0,0,1,0,1
69634,2296,2194,448,466,1973,0.0,0,0.5,0.0,0,0,0,1,0,0,0,1,0,0,0,0,1,0,1
69644,2293,2192,450,465,1974,0.0,0,0.5,0.0,0,0,0,1,0,0,0,1,0,0,0,0,1,0,1
69654,2296,2193,447,462,1973,0.0,0,0.8,0.0,0,0,0,1,0,0,0,1,0,0,0,0,1,0,1
69664,2296,2192,450,465,1974,0.0,0,0.6,0.0,0,0,0,1,0,0,0,1,0,0,0,0,1,0,1
69674,2295,2193,448,465,1974,0.0,0,1.0,0.0,0,0,0,1,0,0,0,1,0,0,0,0,1,0,1
69684,2295,2190,450,466,1960,0.0,0,0.9,0.0,0,0,0,1,0,0,0,1,0,0,0,0,1,0,1
69694,2294,2192,448,464,1974,0.0,0,0.9,0.0,0,0,0,1,0,0,0,1,0,0,0,0,1,0,1
69704,2295,2193,451,465,1974,0.0,0,0.9,0.0,0,0,0,1,0,0,0,1,0,0,0,0,1,0,1
69714,2295,2193,449,465,1973,0.0,0,0.9,0.0,0,0,0,1,0,0,0,1,0,0,0,0,1,0,1
69724,2295,2194,450,465,1975,0.0,0,0.6,0.0,0,0,0,1,0,0,0,1,0,0,0,0,1,0,1
69734,2295,2193,449,464,1973,0.0,0,0.9,0.0,0,0,0,1,0,0,0,1,0,0,0,0,1,0,1
69744,2296,2193,449,465,1975,0.0,0,0.6,0.0,0,0,0,1,0,0,0,1,0,0,0,0,1,0,1
69754,2296,2192,450,466,1973,0.0,0,0.6,0.0,0,0,0,1,0,0,0,1,0,0,0,0,1,0,1
69764,2295,2192,451,463,1976,0.0,0,0.6,0.0,0,0,0,1,0,0,0,1,0,0,0,0,1,0,1
69774,2294,2193,451,465,1974,0.0,0,0.8,0.0,0,0,0,1,0,0,0,1,0,0,0,0,1,0,1
69784,2295,2193,450,464,1974,0.0,0,0.4,0.0,0,0,0,1,0,0,0,1,0,0,0,0,1,0,1
69794,2295,2192,449,465,1974,0.0,0,0.5,0.0,0,0,0,1,0,0,0,1,0,0,0,0,1,0,1
69804,2296,2192,449,464,1975,0.0,0,0.8,0.0,0,0,0,1,0,0,0,1,0,0,0,0,1,0,1
69814,2296,2192,450,467,1974,0.0,0,0.8,0.0,0,0,0,1,0,0,0,1,0,0,0,0,1,0,1
69824,2295,2191,450,464,1974,0.0,0,0.8,0.0,0,0,0,1,0,0,0,1,0,0,0,0,1,0,1
69834,2295,2193,449,465,1974,0.0,0,1.0,0.0,0,0,0,1,0,0,0,1,0,0,0,0,1,0,1
69844,2296,2193,448,465,1974,0.0,0,0.6,0.0,0,0,0,1,0,0,0,1,0,0,0,0,1,0,1
69854,2295,2193,451,464,1974,0.0,0,1.0,0.0,0,0,0,1,0,0,0,1,0,0,0,0,1,0,1
69864,2295,2193,450,464,1974,0.0,0,0.6,0.0,0,0,0,1,0,0,0,1,0,0,0,0,1,0,1
69874,2296,2191,449,464,1974,0.0,0,0.4,0.0,0,0,0,1,0,0,0,1,0,0,0,0,1,0,1
69884,2294,2192,450,463,1974,0.0,0,0.4,0.0,0,0,0,1,0,0,0,1,0,0,0,0,1,0,1
69894,2294,2193,450,464,1975,0.0,0,0.6,0.0,0,0,0,1,0,0,0,1,0,0,0,0,1,0,1
69904,2296,2192,448,465,1974,0.0,0,0.6,0.0,0,0,0,1,0,0,0,1,0,0,0,0,1,0,1
69914,2296,2192,450,462,1974,0.0,0,0.5,0.0,0,0,0,1,0,0,0,1,0,0,0,0,1,0,1
69924,2294,2193,450,464,1974,0.0,0,1.0,0.0,0,0,0,1,0,0,0,1,0,0,0,0,1,0,1
69934,2297,2192,449,465,1974,0.0,0,0.3,0.0,0,0,0,1,0,0,0,1,0,0,0,0,1,0,1
69944,2294,2192,450,464,1974,0.0,0,0.3,0.0,0,0,0,1,0,0,0,1,0,0,0,0,1,0,1
69954,2295,2193,450,463,1974,0.0,0,0.8,0.0,0,0,0,1,0,0,0,1,0,0,0,0,1,0,1
69964,2295,2193,450,464,1975,0.0,0,0.8,0.0,0,0,0,1,0,0,0,1,0,0,0,0,1,0,1
69974,2295,2193,449,464,1974,0.0,0,0.8,0.0,0,0,0,1,0,0,0,1,0,0,0,0,1,0,1
69984,2295,2193,450,464,1975,0.0,0,0.8,0.0,0,0,0,1,0,0,0,1,0,0,0,0,1,0,1
69994,2294,2193,449,465,1974,0.0,0,0.8,0.0,0,0,0,1,0,0,0,1,0,0,0,0,1,0,1
70004,2295,2193,450,466,1974,0.0,0,0.8,0.0,0,0,0,1,0,0,0,1,0,0,0,0,1,0,1
70014,2295,2192,450,466,1974,0.0,0,0.3,0.0,0,0,0,1,0,0,0,1,0,0,0,0,1,0,1
70024,2295,2192,449,464,1975,0.0,0,1.0,0.0,0,0,0,1,0,0,0,1,0,0,0,0,1,0,1
70034,2295,2192,449,463,1974,0.0,0,0.6,0.0,0,0,0,1,0,0,0,1,0,0,0,0,1,0,1
70044,2295,2193,450,463,1974,0.0,0,1.0,0.0,0,0,0,1,0,0,0,1,0,0,0,0,1,0,1
70054,2295,2193,448,464,1973,0.0,0,0.8,0.0,0,0,0,1,0,0,0,1,0,0,0,0,1,0,1
70064,2296,2193,448,462,1973,0.0,0,0.8,0.0,0,0,0,1,0,0,0,1,0,0,0,0,1,0,1
70074,2295,2193,450,463,1973,0.0,0,0.9,0.0,0,0,0,1,0,0,0,1,0,0,0,0,1,0,1
70084,2294,2193,450,464,1974,0.0,0,0.6,0.0,0,0,0,1,0,0,0,1,0,0,0,0,1,0,1
70094,2295,2193,452,463,1974,0.0,0,0.9,0.0,0,0,0,1,0,0,0,1,0,0,0,0,1,0,1
70104,2296,2193,451,465,1973,0.0,0,0.3,0.0,0,0,0,1,0,0,0,1,0,0,0,0,1,0,1
70114,2295,2194,451,462,1973,0.0,0,0.3,0.0,0,0,0,1,0,0,0,1,0,0,0,0,1,0,1
70124,2295,2192,450,465,1973,0.0,0,0.8,0.0,0,0,0,1,0,0,0,1,0,0,0,0,1,0,1
70134,2294,2192,450,466,1975,0.0,0,0.8,0.0,0,0,0,1,0,0,0,1,0,0,0,0,1,0,1
70144,2295,2193,449,465,1974,0.0,0,0.5,0.0,0,0,0,1,0,0,0,1,0,0,0,0,1,0,1
70155,2296,2193,449,464,1974,0.0,0,0.8,0.0,0,0,0,1,0,0,0,1,0,0,0,0,1,0,1
70165,2296,2193,450,465,1974,0.0,0,0.8,0.0,0,0,0,1,0,0,0,1,0,0,0,0,1,0,1
70175,2295,2192,449,464,1973,0.0,0,0.6,0.0,0,0,0,1,0,0,0,1,0,0,0,0,1,0,1
70185,2296,2191,449,463,1974,0.0,0,0.6,0.0,0,0,0,1,0,0,0,1,0,0,0,0,1,0,1
70195,2296,2193,449,467,1974,0.0,0,0.5,0.0,0,0,0,1,0,0,0,1,0,0,0,0,1,0,1
70205,2295,2193,451,465,1974,0.0,0,0.6,0.0,0,0,0,1,0,0,0,1,0,0,0,0,1,0,1
70215,2295,2193,451,465,1974,0.0,0,0.6,0.0,0,0,0,1,0,0,0,1,0,0,0,0,1,0,1
70225,2294,2193,448,465,1973,0.0,0,0.8,0.0,0,0,0,1,0,0,0,1,0,0,0,0,1,0,1
70235,2295,2193,450,466,1974,0.0,0,0.5,0.0,0,0,0,1,0,0,0,1,0,0,0,0,1,0,1
70245,2294,2193,450,463,1974,0.0,0,0.5,0.0,0,0,0,1,0,0,0,1,0,0,0,0,1,0,1
70255,2295,2192,449,463,1974,0.0,0,0.6,0.0,0,0,0,1,0,0,0,1,0,0,0,0,1,0,1
70265,2296,2193,449,467,1974,0.0,0,0.5,0.0,0,0,0,1,0,0,0,1,0,0,0,0,1,0,1
70275,2295,2193,448,462,1974,0.0,0,0.6,0.0,0,0,0,1,0,0,0,1,0,0,0,0,1,0,1
70285,2298,2193,448,466,1973,0.0,0,0.5,0.0,0,0,0,1,0,0,0,1,0,0,0,0,1,0,1
70295,2298,2193,450,463,1974,0.0,0,0.5,0.0,0,0,0,1,0,0,0,1,0,0,0,0,1,0,1
70305,2295,2192,449,466,1974,0.0,0,0.5,0.0,0,0,0,1,0,0,0,1,0,0,0,0,1,0,1
70315,2292,2193,449,465,1974,0.0,0,0.8,0.0,0,0,0,1,0,0,0,1,0,0,0,0,1,0,1
70325,2295,2192,450,464,1974,0.0,0,0.6,0.0,0,0,0,1,0,0,0,1,0,0,0,0,1,0,1
70335,2294,2192,450,463,1974,0.0,0,0.8,0.0,0,0,0,1,0,0,0,1,0,0,0,0,1,0,1
70345,2294,2191,450,465,1972,0.0,0,0.8,0.0,0,0,0,1,0,0,0,1,0,0,0,0,1,0,1
70355,2295,2194,449,464,1974,0.0,0,0.8,0.0,0,0,0,1,0,0,0,1,0,0,0,0,1,0,1
70365,2295,2192,450,463,1974,0.0,0,0.8,0.0,0,0,0,1,0,0,0,1,0,0,0,0,1,0,1
70375,2296,2192,449,464,1974,0.0,0,1.0,0.0,0,0,0,1,0,0,0,1,0,0,0,0,1,0,1
70385,2294,2191,450,464,1974,0.0,0,0.5,0.0,0,0,0,1,0,0,0,1,0,0,0,0,1,0,1
70395,2295,2193,448,465,1974,0.0,0,0.6,0.0,0,0,0,1,0,0,0,1,0,0,0,0,1,0,1
70405,2295,2192,449,465,1974,0.0,0,0.9,0.0,0,0,0,1,0,0,0,1,0,0,0,0,1,0,1
70415,2296,2193,452,463,1974,0.0,0,0.8,0.0,0,0,0,1,0,0,0,1,0,0,0,0,1,0,1
70425,2296,2193,450,464,1975,0.0,0,0.8,0.0,0,0,0,1,0,0,0,1,0,0,0,0,1,0,1
70435,2295,2193,450,465,1974,0.0,0,0.5,0.0,0,0,0,1,0,0,0,1,0,0,0,0,1,0,1
70445,2296,2193,449,463,1974,0.0,0,0.9,0.0,0,0,0,1,0,0,0,1,0,0,0,0,1,0,1
70455,2295,2192,450,464,1972,0.0,0,0.8,0.0,0,0,0,1,0,0,0,1,0,0,0,0,1,0,1
70465,2295,2192,450,464,1974,0.0,0,0.8,0.0,0,0,0,1,0,0,0,1,0,0,0,0,1,0,1
70475,2295,2193,449,463,1978,0.0,0,0.6,0.0,0,0,0,1,0,0,0,1,0,0,0,0,1,0,1
70485,2295,2193,453,464,1974,0.0,0,0.6,0.0,0,0,0,1,0,0,0,1,0,0,0,0,1,0,1
70495,2296,2192,448,461,1975,0.0,0,0.5,0.0,0,0,0,1,0,0,0,1,0,0,0,0,1,0,1
70505,2296,2192,449,465,1974,0.0,0,0.9,0.0,0,0,0,1,0,0,0,1,0,0,0,0,1,0,1
70515,2295,2192,449,464,1974,0.0,0,0.9,0.0,0,0,0,1,0,0,0,1,0,0,0,0,1,0,1
70525,2295,2195,449,464,1974,0.0,0,0.9,0.0,0,0,0,1,0,0,0,1,0,0,0,0,1,0,1
70535,2296,2189,448,463,1974,0.0,0,0.6,0.0,0,0,0,1,0,0,0,1,0,0,0,0,1,0,1
70545,2295,2193,450,466,1974,0.0,0,0.6,0.0,0,0,0,1,0,0,0,1,0,0,0,0,1,0,1
70555,2299,2193,450,465,1974,0.0,0,0.8,0.0,0,0,0,1,0,0,0,1,0,0,0,0,1,0,1
70565,2295,2193,449,464,1976,0.0,0,0.6,0.0,0,0,0,1,0,0,0,1,0,0,0,0,1,0,1
70575,2295,2193,450,463,1974,0.0,0,0.6,0.0,0,0,0,1,0,0,0,1,0,0,0,0,1,0,1
70585,2295,2193,448,465,1974,0.0,0,0.9,0.0,0,0,0,1,0,0,0,1,0,0,0,0,1,0,1
70595,2297,2193,449,464,1974,0.0,0,0.6,0.0,0,0,0,1,0,0,0,1,0,0,0,0,1,0,1
70605,2295,2193,450,466,1973,0.0,0,0.6,0.0,0,0,0,1,0,0,0,1,0,0,0,0,1,0,1
70615,2296,2193,451,464,1973,0.0,0,0.8,0.0,0,0,0,1,0,0,0,1,0,0,0,0,1,0,1
70625,2294,2193,450,465,1974,0.0,0,0.6,0.0,0,0,0,1,0,0,0,1,0,0,0,0,1,0,1
70635,2296,2196,450,464,1973,0.0,0,0.8,0.0,0,0,0,1,0,0,0,1,0,0,0,0,1,0,1
70645,2296,2193,450,466,1974,0.0,0,0.9,0.0,0,0,0,1,0,0,0,1,0,0,0,0,1,0,1
70655,2296,2193,449,464,1973,0.0,0,0.8,0.0,0,0,0,1,0,0,0,1,0,0,0,0,1,0,1
70665,2296,2193,451,465,1974,0.0,0,0.8,0.0,0,0,0,1,0,0,0,1,0,0,0,0,1,0,1
70675,2295,2192,450,464,1974,0.0,0,0.8,0.0,0,0,0,1,0,0,0,1,0,0,0,0,1,0,1
70685,2295,2193,451,464,1974,0.0,0,0.9,0.0,0,0,0,1,0,0,0,1,0,0,0,0,1,0,1
70695,2296,2193,450,465,1974,0.0,0,1.0,0.0,0,0,0,1,0,0,0,1,0,0,0,0,1,0,1
70705,2295,2193,450,465,1974,0.0,0,0.9,0.0,0,0,0,1,0,0,0,1,0,0,0,0,1,0,1
70715,2296,2193,450,465,1974,0.0,0,0.9,0.0,0,0,0,1,0,0,0,1,0,0,0,0,1,0,1
70725,2296,2193,446,463,1973,0.0,0,0.9,0.0,0,0,0,1,0,0,0,1,0,0,0,0,1,0,1
70735,2295,2191,449,464,1974,0.0,0,0.6,0.0,0,0,0,1,0,0,0,1,0,0,0,0,1,0,1
70745,2295,2193,448,464,1975,0.0,0,1.1,0.0,0,0,0,1,0,0,0,1,0,0,0,0,1,0,1
70755,2295,2193,450,465,1974,0.0,0,0.8,0.0,0,0,0,1,0,0,0,1,0,0,0,0,1,0,1
70765,2295,2193,450,464,1975,0.0,0,0.8,0.0,0,0,0,1,0,0,0,1,0,0,0,0,1,0,1
70775,2296,2193,450,465,1973,0.0,0,0.8,0.0,0,0,0,1,0,0,0,1,0,0,0,0,1,0,1
70785,2295,2194,448,466,1974,0.0,0,0.8,0.0,0,0,0,1,0,0,0,1,0,0,0,0,1,0,1
70795,2295,2193,451,464,1974,0.0,0,0.8,0.0,0,0,0,1,0,0,0,1,0,0,0,0,1,0,1
70805,2295,2194,450,464,1973,0.0,0,0.8,0.0,0,0,0,1,0,0,0,1,0,0,0,0,1,0,1
70815,2295,2192,449,464,1974,0.0,0,0.6,0.0,0,0,0,1,0,0,0,1,0,0,0,0,1,0,1
70825,2295,2193,450,465,1975,0.0,0,0.9,0.0,0,0,0,1,0,0,0,1,0,0,0,0,1,0,1
70835,2296,2193,449,465,1975,0.0,0,0.8,0.0,0,0,0,1,0,0,0,1,0,0,0,0,1,0,1
70845,2295,2192,449,466,1974,0.0,0,0.8,0.0,0,0,0,1,0,0,0,1,0,0,0,0,1,0,1
70855,2295,2192,450,464,1975,0.0,0,0.8,0.0,0,0,0,1,0,0,0,1,0,0,0,0,1,0,1
70865,2295,2193,450,465,1975,0.0,0,0.9,0.0,0,0,0,1,0,0,0,1,0,0,0,0,1,0,1
70875,2295,2193,450,464,1974,0.0,0,0.8,0.0,0,0,0,1,0,0,0,1,0,0,0,0,1,0,1
70885,2296,2193,450,466,1974,0.0,0,0.8,0.0,0,0,0,1,0,0,0,1,0,0,0,0,1,0,1
70895,2294,2192,449,464,1973,0.0,0,0.9,0.0,0,0,0,1,0,0,0,1,0,0,0,0,1,0,1
70905,2295,2192,446,464,1974,0.0,0,0.9,0.0,0,0,0,1,0,0,0,1,0,0,0,0,1,0,1
70915,2295,2192,451,463,1975,0.0,0,0.9,0.0,0,0,0,1,0,0,0,1,0,0,0,0,1,0,1
70925,2293,2192,450,465,1974,0.0,0,0.9,0.0,0,0,0,1,0,0,0,1,0,0,0,0,1,0,1
70935,2295,2208,448,464,1974,0.0,0,0.8,0.0,0,0,0,1,0,0,0,1,0,0,0,0,1,0,1
70945,2295,2193,448,465,1975,0.0,0,0.9,0.0,0,0,0,1,0,0,0,1,0,0,0,0,1,0,1
70955,2296,2193,450,461,1973,0.0,0,0.6,0.0,0,0,0,1,0,0,0,1,0,0,0,0,1,0,1
70965,2297,2192,451,464,1974,0.0,0,0.6,0.0,0,0,0,1,0,0,0,1,0,0,0,0,1,0,1
70975,2295,2192,450,465,1974,0.0,0,1.0,0.0,0,0,0,1,0,0,0,1,0,0,0,0,1,0,1
70985,2299,2192,449,465,1974,0.0,0,0.8,0.0,0,0,0,1,0,0,0,1,0,0,0,0,1,0,1
70995,2295,2193,449,462,1975,0.0,0,1.0,0.0,0,0,0,1,0,0,0,1,0,0,0,0,1,0,1
71005,2295,2193,449,464,1975,0.0,0,0.4,0.0,0,0,0,1,0,0,0,1,0,0,0,0,1,0,1
71015,2296,2192,449,464,1974,0.0,0,0.9,0.0,0,0,0,1,0,0,0,1,0,0,0,0,1,0,1
71025,2295,2192,449,467,1974,0.0,0,0.9,0.0,0,0,0,1,0,0,0,1,0,0,0,0,1,0,1
71035,2294,2192,449,464,1975,0.0,0,0.8,0.0,0,0,0,1,0,0,0,1,0,0,0,0,1,0,1
71045,2296,2192,450,464,1974,0.0,0,0.9,0.0,0,0,0,1,0,0,0,1,0,0,0,0,1,0,1
71055,2296,2193,449,463,1974,0.0,0,0.8,0.0,0,0,0,1,0,0,0,1,0,0,0,0,1,0,1
71065,2296,2192,450,465,1973,0.0,0,0.8,0.0,0,0,0,1,0,0,0,1,0,0,0,0,1,0,1
71075,2296,2193,450,465,1974,0.0,0,0.9,0.0,0,0,0,1,0,0,0,1,0,0,0,0,1,0,1
71085,2296,2192,449,464,1973,0.0,0,0.9,0.0,0,0,0,1,0,0,0,1,0,0,0,0,1,0,1
71095,2295,2193,450,464,1974,0.0,0,0.8,0.0,0,0,0,1,0,0,0,1,0,0,0,0,1,0,1
71105,2295,2193,450,465,1974,0.0,0,0.8,0.0,0,0,0,1,0,0,0,1,0,0,0,0,1,0,1
71115,2296,2192,452,464,1971,0.0,0,0.8,0.0,0,0,0,1,0,0,0,1,0,0,0,0,1,0,1
71125,2299,2193,450,465,1974,0.0,0,0.8,0.0,0,0,0,1,0,0,0,1,0,0,0,0,1,0,1
71135,2295,2193,450,464,1975,0.0,0,0.6,0.0,0,0,0,1,0,0,0,1,0,0,0,0,1,0,1
71145,2296,2193,450,465,1974,0.0,0,0.6,0.0,0,0,0,1,0,0,0,1,0,0,0,0,1,0,1
71155,2295,2193,452,464,1973,0.0,0,0.6,0.0,0,0,0,1,0,0,0,1,0,0,0,0,1,0,1
71165,2295,2193,449,464,1974,0.0,0,0.9,0.0,0,0,0,1,0,0,0,1,0,0,0,0,1,0,1
71175,2295,2191,450,464,1974,0.0,0,0.8,0.0,0,0,0,1,0,0,0,1,0,0,0,0,1,0,1
71185,2294,2192,449,465,1973,0.0,0,1.0,0.0,0,0,0,1,0,0,0,1,0,0,0,0,1,0,1
71195,2295,2193,451,464,1974,0.0,0,0.9,0.0,0,0,0,1,0,0,0,1,0,0,0,0,1,0,1
71205,2296,2193,444,465,1973,0.0,0,0.9,0.0,0,0,0,1,0,0,0,1,0,0,0,0,1,0,1
71215,2295,2193,451,465,1974,0.0,0,0.9,0.0,0,0,0,1,0,0,0,1,0,0,0,0,1,0,1
71225,2295,2192,449,465,1974,0.0,0,0.6,0.0,0,0,0,1,0,0,0,1,0,0,0,0,1,0,1
71235,2296,2193,450,465,1974,0.0,0,0.8,0.0,0,0,0,1,0,0,0,1,0,0,0,0,1,0,1
71245,2296,2193,450,465,1973,0.0,0,0.6,0.0,0,0,0,1,0,0,0,1,0,0,0,0,1,0,1
71255,2296,2192,451,464,1972,0.0,0,0.8,0.0,0,0,0,1,0,0,0,1,0,0,0,0,1,0,1
71265,2295,2193,448,464,1974,0.0,0,0.8,0.0,0,0,0,1,0,0,0,1,0,0,0,0,1,0,1
71275,2296,2193,450,464,1975,0.0,0,0.8,0.0,0,0,0,1,0,0,0,1,0,0,0,0,1,0,1
71285,2295,2192,449,464,1973,0.0,0,0.8,0.0,0,0,0,1,0,0,0,1,0,0,0,0,1,0,1
71295,2295,2192,450,464,1974,0.0,0,0.6,0.0,0,0,0,1,0,0,0,1,0,0,0,0,1,0,1
71305,2294,2192,449,462,1974,0.0,0,0.5,0.0,0,0,0,1,0,0,0,1,0,0,0,0,1,0,1
71315,2296,2191,450,462,1974,0.0,0,0.8,0.0,0,0,0,1,0,0,0,1,0,0,0,0,1,0,1
71325,2295,2192,449,463,1974,0.0,0,0.8,0.0,0,0,0,1,0,0,0,1,0,0,0,0,1,0,1
71335,2294,2192,450,466,1973,0.0,0,0.6,0.0,0,0,0,1,0,0,0,1,0,0,0,0,1,0,1
71345,2295,2192,450,465,1975,0.0,0,0.5,0.0,0,0,0,1,0,0,0,1,0,0,0,0,1,0,1
71355,2295,2194,450,465,1974,0.0,0,0.9,0.0,0,0,0,1,0,0,0,1,0,0,0,0,1,0,1
71365,2294,2192,450,464,1976,0.0,0,0.5,0.0,0,0,0,1,0,0,0,1,0,0,0,0,1,0,1
71375,2295,2191,448,463,1977,0.0,0,0.5,0.0,0,0,0,1,0,0,0,1,0,0,0,0,1,0,1
71385,2294,2193,450,464,1974,0.0,0,0.8,0.0,0,0,0,1,0,0,0,1,0,0,0,0,1,0,1
71395,2295,2193,453,464,1975,0.0,0,0.5,0.0,0,0,0,1,0,0,0,1,0,0,0,0,1,0,1
71405,2295,2193,449,465,1974,0.0,0,0.8,0.0,0,0,0,1,0,0,0,1,0,0,0,0,1,0,1
71415,2295,2191,450,464,1974,0.0,0,0.6,0.0,0,0,0,1,0,0,0,1,0,0,0,0,1,0,1
71425,2295,2190,450,465,1975,0.0,0,0.5,0.0,0,0,0,1,0,0,0,1,0,0,0,0,1,0,1
71435,2296,2192,448,464,1974,0.0,0,0.6,0.0,0,0,0,1,0,0,0,1,0,0,0,0,1,0,1
71445,2296,2193,450,465,1974,0.0,0,0.6,0.0,0,0,0,1,0,0,0,1,0,0,0,0,1,0,1
71455,2295,2193,450,464,1974,0.0,0,0.8,0.0,0,0,0,1,0,0,0,1,0,0,0,0,1,0,1
71465,2295,2193,449,465,1974,0.0,0,0.8,0.0,0,0,0,1,0,0,0,1,0,0,0,0,1,0,1
71475,2294,2192,450,461,1974,0.0,0,0.9,0.0,0,0,0,1,0,0,0,1,0,0,0,0,1,0,1
71485,2295,2193,450,464,1974,0.0,0,0.9,0.0,0,0,0,1,0,0,0,1,0,0,0,0,1,0,1
71495,2296,2192,450,465,1975,0.0,0,0.6,0.0,0,0,0,1,0,0,0,1,0,0,0,0,1,0,1
71505,2296,2193,448,465,1974,0.0,0,0.6,0.0,0,0,0,1,0,0,0,1,0,0,0,0,1,0,1
71515,2295,2191,447,464,1974,0.0,0,0.8,0.0,0,0,0,1,0,0,0,1,0,0,0,0,1,0,1
71525,2295,2193,449,466,1974,0.0,0,0.8,0.0,0,0,0,1,0,0,0,1,0,0,0,0,1,0,1
71535,2295,2192,450,465,1974,0.0,0,0.9,0.0,0,0,0,1,0,0,0,1,0,0,0,0,1,0,1
71545,2295,2193,449,465,1975,0.0,0,0.8,0.0,0,0,0,1,0,0,0,1,0,0,0,0,1,0,1
71555,2296,2192,449,463,1973,0.0,0,0.9,0.0,0,0,0,1,0,0,0,1,0,0,0,0,1,0,1
71565,2298,2192,450,466,1974,0.0,0,0.9,0.0,0,0,0,1,0,0,0,1,0,0,0,0,1,0,1
71575,2296,2192,448,465,1974,0.0,0,0.9,0.0,0,0,0,1,0,0,0,1,0,0,0,0,1,0,1
71585,2296,2193,450,465,1976,0.0,0,0.9,0.0,0,0,0,1,0,0,0,1,0,0,0,0,1,0,1
71595,2295,2193,449,463,1974,0.0,0,0.6,0.0,0,0,0,1,0,0,0,1,0,0,0,0,1,0,1
71605,2293,2193,449,465,1973,0.0,0,0.6,0.0,0,0,0,1,0,0,0,1,0,0,0,0,1,0,1
71615,2296,2193,450,464,1974,0.0,0,0.8,0.0,0,0,0,1,0,0,0,1,0,0,0,0,1,0,1
71625,2296,2193,450,464,1973,0.0,0,0.8,0.0,0,0,0,1,0,0,0,1,0,0,0,0,1,0,1
71635,2295,2193,450,465,1974,0.0,0,0.8,0.0,0,0,0,1,0,0,0,1,0,0,0,0,1,0,1
71645,2296,2194,449,465,1973,0.0,0,0.8,0.0,0,0,0,1,0,0,0,1,0,0,0,0,1,0,1
71655,2294,2193,448,465,1974,0.0,0,0.8,0.0,0,0,0,1,0,0,0,1,0,0,0,0,1,0,1
71665,2295,2192,449,464,1973,0.0,0,0.6,0.0,0,0,0,1,0,0,0,1,0,0,0,0,1,0,1
71675,2296,2194,448,464,1974,0.0,0,0.9,0.0,0,0,0,1,0,0,0,1,0,0,0,0,1,0,1
71685,2295,2194,449,464,1973,0.0,0,0.9,0.0,0,0,0,1,0,0,0,1,0,0,0,0,1,0,1
71695,2295,2192,450,463,1973,0.0,0,1.0,0.0,0,0,0,1,0,0,0,1,0,0,0,0,1,0,1
71705,2295,2193,449,465,1974,0.0,0,0.6,0.0,0,0,0,1,0,0,0,1,0,0,0,0,1,0,1
71715,2298,2193,449,464,1974,0.0,0,0.6,0.0,0,0,0,1,0,0,0,1,0,0,0,0,1,0,1
71725,2295,2193,451,464,1974,0.0,0,0.8,0.0,0,0,0,1,0,0,0,1,0,0,0,0,1,0,1
71735,2297,2192,448,464,1974,0.0,0,0.6,0.0,0,0,0,1,0,0,0,1,0,0,0,0,1,0,1
71745,2295,2193,450,466,1974,0.0,0,0.6,0.0,0,0,0,1,0,0,0,1,0,0,0,0,1,0,1
71755,2295,2193,454,464,1973,0.0,0,0.8,0.0,0,0,0,1,0,0,0,1,0,0,0,0,1,0,1
71765,2295,2192,448,462,1973,0.0,0,0.6,0.0,0,0,0,1,0,0,0,1,0,0,0,0,1,0,1
71775,2298,2193,450,464,1974,0.0,0,0.8,0.0,0,0,0,1,0,0,0,1,0,0,0,0,1,0,1
71786,2296,2193,448,464,1973,0.0,0,0.8,0.0,0,0,0,1,0,0,0,1,0,0,0,0,1,0,1
71796,2295,2192,450,463,1971,0.0,0,0.8,0.0,0,0,0,1,0,0,0,1,0,0,0,0,1,0,1
71806,2295,2191,450,464,1974,0.0,0,0.6,0.0,0,0,0,1,0,0,0,1,0,0,0,0,1,0,1
71816,2295,2193,450,465,1974,0.0,0,0.6,0.0,0,0,0,1,0,0,0,1,0,0,0,0,1,0,1
71826,2295,2192,449,464,1974,0.0,0,0.5,0.0,0,0,0,1,0,0,0,1,0,0,0,0,1,0,1
71836,2295,2192,450,463,1975,0.0,0,0.8,0.0,0,0,0,1,0,0,0,1,0,0,0,0,1,0,1
71846,2295,2193,449,465,1973,0.0,0,1.0,0.0,0,0,0,1,0,0,0,1,0,0,0,0,1,0,1
71856,2295,2192,449,465,1975,0.0,0,0.5,0.0,0,0,0,1,0,0,0,1,0,0,0,0,1,0,1
71867,2297,2192,449,463,1973,0.0,0,0.6,0.0,0,0,0,1,0,0,0,1,0,0,0,0,1,0,1
71877,2295,2192,449,464,1975,0.0,0,0.6,0.0,0,0,0,1,0,0,0,1,0,0,0,0,1,0,1
71887,2295,2192,450,464,1974,0.0,0,1.0,0.0,0,0,0,1,0,0,0,1,0,0,0,0,1,0,1
71897,2295,2193,447,464,1974,0.0,0,0.9,0.0,0,0,0,1,0,0,0,1,0,0,0,0,1,0,1
71907,2295,2193,450,463,1973,0.0,0,0.5,0.0,0,0,0,1,0,0,0,1,0,0,0,0,1,0,1
71917,2295,2193,449,465,1974,0.0,0,0.9,0.0,0,0,0,1,0,0,0,1,0,0,0,0,1,0,1
71927,2296,2192,446,464,1974,0.0,0,0.9,0.0,0,0,0,1,0,0,0,1,0,0,0,0,1,0,1
71937,2295,2193,450,464,1974,0.0,0,0.9,0.0,0,0,0,1,0,0,0,1,0,0,0,0,1,0,1
71947,2298,2192,451,466,1975,0.0,0,0.8,0.0,0,0,0,1,0,0,0,1,0,0,0,0,1,0,1
71957,2295,2192,449,465,1974,0.0,0,0.6,0.0,0,0,0,1,0,0,0,1,0,0,0,0,1,0,1
71967,2295,2192,450,464,1973,0.0,0,0.5,0.0,0,0,0,1,0,0,0,1,0,0,0,0,1,0,1
71977,2295,2195,449,464,1974,0.0,0,0.8,0.0,0,0,0,1,0,0,0,1,0,0,0,0,1,0,1
71987,2294,2195,449,463,1975,0.0,0,0.8,0.0,0,0,0,1,0,0,0,1,0,0,0,0,1,0,1
71997,2296,2193,451,466,1974,0.0,0,0.8,0.0,0,0,0,1,0,0,0,1,0,0,0,0,1,0,1
72007,2295,2192,450,463,1974,0.0,0,0.8,0.0,0,0,0,1,0,0,0,1,0,0,0,0,1,0,1
72017,2294,2192,446,465,1974,0.0,0,0.6,0.0,0,0,0,1,0,0,0,1,0,0,0,0,1,0,1
72027,2295,2192,449,464,1975,0.0,0,0.9,0.0,0,0,0,1,0,0,0,1,0,0,0,0,1,0,1
72037,2295,2192,451,464,1974,0.0,0,0.9,0.0,0,0,0,1,0,0,0,1,0,0,0,0,1,0,1
72047,2295,2192,450,463,1974,0.0,0,1.0,0.0,0,0,0,1,0,0,0,1,0,0,0,0,1,0,1
72057,2296,2192,449,464,1975,0.0,0,1.0,0.0,0,0,0,1,0,0,0,1,0,0,0,0,1,0,1
72067,2295,2193,449,466,1974,0.0,0,1.0,0.0,0,0,0,1,0,0,0,1,0,0,0,0,1,0,1
72077,2294,2193,449,464,1974,0.0,0,0.5,0.0,0,0,0,1,0,0,0,1,0,0,0,0,1,0,1
72088,2296,2193,450,464,1974,0.0,0,0.6,0.0,0,0,0,1,0,0,0,1,0,0,0,0,1,0,1
72098,2295,2193,449,463,1974,0.0,0,0.8,0.0,0,0,0,1,0,0,0,1,0,0,0,0,1,0,1
72108,2295,2192,449,464,1972,0.0,0,0.8,0.0,0,0,0,1,0,0,0,1,0,0,0,0,1,0,1
72118,2295,2193,450,465,1974,0.0,0,0.8,0.0,0,0,0,1,0,0,0,1,0,0,0,0,1,0,1
72128,2293,2193,449,464,1974,0.0,0,0.8,0.0,0,0,0,1,0,0,0,1,0,0,0,0,1,0,1
72138,2295,2193,449,464,1974,0.0,0,0.6,0.0,0,0,0,1,0,0,0,1,0,0,0,0,1,0,1
72148,2296,2192,450,464,1973,0.0,0,0.5,0.0,0,0,0,1,0,0,0,1,0,0,0,0,1,0,1
72158,2295,2193,450,465,1974,0.0,0,0.8,0.0,0,0,0,1,0,0,0,1,0,0,0,0,1,0,1
72168,2295,2192,448,463,1974,0.0,0,0.5,0.0,0,0,0,1,0,0,0,1,0,0,0,0,1,0,1
72178,2295,2192,450,463,1973,0.0,0,0.5,0.0,0,0,0,1,0,0,0,1,0,0,0,0,1,0,1
72188,2295,2193,450,465,1973,0.0,0,1.0,0.0,0,0,0,1,0,0,0,1,0,0,0,0,1,0,1
72198,2295,2193,451,465,1974,0.0,0,0.5,0.0,0,0,0,1,0,0,0,1,0,0,0,0,1,0,1
72208,2295,2193,449,464,1975,0.0,0,0.6,0.0,0,0,0,1,0,0,0,1,0,0,0,0,1,0,1
72218,2296,2193,451,464,1974,0.0,0,0.5,0.0,0,0,0,1,0,0,0,1,0,0,0,0,1,0,1
72228,2294,2193,449,464,1974,0.0,0,0.8,0.0,0,0,0,1,0,0,0,1,0,0,0,0,1,0,1
72239,2296,2191,450,464,1974,0.0,0,0.6,0.0,0,0,0,1,0,0,0,1,0,0,0,0,1,0,1
72249,2295,2195,449,464,1974,0.0,0,0.6,0.0,0,0,0,1,0,0,0,1,0,0,0,0,1,0,1
72259,2295,2192,450,462,1973,0.0,0,0.9,0.0,0,0,0,1,0,0,0,1,0,0,0,0,1,0,1
72269,2296,2192,449,463,1974,0.0,0,0.6,0.0,0,0,0,1,0,0,0,1,0,0,0,0,1,0,1
72279,2295,2193,448,465,1973,0.0,0,0.8,0.0,0,0,0,1,0,0,0,1,0,0,0,0,1,0,1
72289,2295,2195,450,464,1976,0.0,0,0.8,0.0,0,0,0,1,0,0,0,1,0,0,0,0,1,0,1
72299,2294,2192,450,464,1973,0.0,0,0.8,0.0,0,0,0,1,0,0,0,1,0,0,0,0,1,0,1
72309,2295,2192,449,464,1974,0.0,0,0.8,0.0,0,0,0,1,0,0,0,1,0,0,0,0,1,0,1
72319,2295,2192,450,465,1974,0.0,0,0.5,0.0,0,0,0,1,0,0,0,1,0,0,0,0,1,0,1
72329,2295,2191,450,465,1974,0.0,0,0.9,0.0,0,0,0,1,0,0,0,1,0,0,0,0,1,0,1
72339,2295,2191,446,464,1974,0.0,0,0.5,0.0,0,0,0,1,0,0,0,1,0,0,0,0,1,0,1
72349,2294,2192,449,464,1973,0.0,0,0.5,0.0,0,0,0,1,0,0,0,1,0,0,0,0,1,0,1
72359,2295,2191,448,465,1973,0.0,0,0.9,0.0,0,0,0,1,0,0,0,1,0,0,0,0,1,0,1
72369,2294,2192,449,465,1974,0.0,0,0.9,0.0,0,0,0,1,0,0,0,1,0,0,0,0,1,0,1
72379,2295,2192,450,465,1974,0.0,0,0.6,0.0,0,0,0,1,0,0,0,1,0,0,0,0,1,0,1
72389,2298,2191,450,464,1974,0.0,0,0.8,0.0,0,0,0,1,0,0,0,1,0,0,0,0,1,0,1
72399,2295,2193,449,463,1974,0.0,0,0.8,0.0,0,0,0,1,0,0,0,1,0,0,0,0,1,0,1
72409,2295,2193,450,465,1974,0.0,0,0.9,0.0,0,0,0,1,0,0,0,1,0,0,0,0,1,0,1
72419,2296,2190,449,465,1974,0.0,0,0.8,0.0,0,0,0,1,0,0,0,1,0,0,0,0,1,0,1
72429,2295,2192,450,465,1975,0.0,0,0.8,0.0,0,0,0,1,0,0,0,1,0,0,0,0,1,0,1
72439,2295,2193,451,467,1974,0.0,0,0.8,0.0,0,0,0,1,0,0,0,1,0,0,0,0,1,0,1
72449,2295,2193,450,464,1974,0.0,0,0.8,0.0,0,0,0,1,0,0,0,1,0,0,0,0,1,0,1
72459,2295,2193,448,466,1974,0.0,0,0.8,0.0,0,0,0,1,0,0,0,1,0,0,0,0,1,0,1
72469,2295,2193,451,466,1975,0.0,0,0.5,0.0,0,0,0,1,0,0,0,1,0,0,0,0,1,0,1
72479,2296,2193,451,465,1974,0.0,0,0.5,0.0,0,0,0,1,0,0,0,1,0,0,0,0,1,0,1
72489,2295,2193,453,464,1974,0.0,0,0.5,0.0,0,0,0,1,0,0,0,1,0,0,0,0,1,0,1
72499,2295,2192,450,465,1974,0.0,0,0.5,0.0,0,0,0,1,0,0,0,1,0,0,0,0,1,0,1
72509,2295,2193,451,466,1972,0.0,0,0.6,0.0,0,0,0,1,0,0,0,1,0,0,0,0,1,0,1
72519,2295,2192,448,465,1974,0.0,0,0.8,0.0,0,0,0,1,0,0,0,1,0,0,0,0,1,0,1
72529,2295,2192,448,464,1974,0.0,0,0.8,0.0,0,0,0,1,0,0,0,1,0,0,0,0,1,0,1
72539,2295,2193,449,464,1974,0.0,0,0.8,0.0,0,0,0,1,0,0,0,1,0,0,0,0,1,0,1
72549,2295,2192,449,464,1974,0.0,0,0.8,0.0,0,0,0,1,0,0,0,1,0,0,0,0,1,0,1
72559,2296,2194,449,464,1974,0.0,0,0.6,0.0,0,0,0,1,0,0,0,1,0,0,0,0,1,0,1
72569,2296,2192,449,464,1974,0.0,0,0.8,0.0,0,0,0,1,0,0,0,1,0,0,0,0,1,0,1
72579,2296,2192,450,465,1974,0.0,0,0.8,0.0,0,0,0,1,0,0,0,1,0,0,0,0,1,0,1
72589,2295,2193,448,466,1972,0.0,0,0.8,0.0,0,0,0,1,0,0,0,1,0,0,0,0,1,0,1
72599,2295,2193,450,462,1974,0.0,0,0.6,0.0,0,0,0,1,0,0,0,1,0,0,0,0,1,0,1
72609,2297,2193,450,464,1973,0.0,0,0.6,0.0,0,0,0,1,0,0,0,1,0,0,0,0,1,0,1
72619,2295,2193,449,465,1974,0.0,0,0.8,0.0,0,0,0,1,0,0,0,1,0,0,0,0,1,0,1
72629,2296,2193,448,465,1973,0.0,0,0.8,0.0,0,0,0,1,0,0,0,1,0,0,0,0,1,0,1
72639,2296,2193,452,465,1974,0.0,0,0.6,0.0,0,0,0,1,0,0,0,1,0,0,0,0,1,0,1
72649,2296,2197,450,465,1974,0.0,0,0.8,0.0,0,0,0,1,0,0,0,1,0,0,0,0,1,0,1
72659,2295,2196,449,464,1974,0.0,0,0.8,0.0,0,0,0,1,0,0,0,1,0,0,0,0,1,0,1
72669,2295,2193,450,464,1974,0.0,0,0.8,0.0,0,0,0,1,0,0,0,1,0,0,0,0,1,0,1
72679,2294,2193,449,464,1973,0.0,0,0.6,0.0,0,0,0,1,0,0,0,1,0,0,0,0,1,0,1
72689,2295,2193,450,462,1973,0.0,0,0.8,0.0,0,0,0,1,0,0,0,1,0,0,0,0,1,0,1
72699,2295,2192,450,464,1973,0.0,0,0.9,0.0,0,0,0,1,0,0,0,1,0,0,0,0,1,0,1
72709,2296,2192,451,464,1973,0.0,0,0.9,0.0,0,0,0,1,0,0,0,1,0,0,0,0,1,0,1
72719,2296,2192,449,465,1974,0.0,0,0.6,0.0,0,0,0,1,0,0,0,1,0,0,0,0,1,0,1
72729,2296,2193,449,466,1974,0.0,0,0.6,0.0,0,0,0,1,0,0,0,1,0,0,0,0,1,0,1
72739,2293,2193,448,465,1974,0.0,0,0.8,0.0,0,0,0,1,0,0,0,1,0,0,0,0,1,0,1
72749,2296,2192,451,466,1974,0.0,0,0.6,0.0,0,0,0,1,0,0,0,1,0,0,0,0,1,0,1
72759,2295,2193,450,465,1974,0.0,0,0.5,0.0,0,0,0,1,0,0,0,1,0,0,0,0,1,0,1
72769,2296,2193,450,465,1973,0.0,0,0.9,0.0,0,0,0,1,0,0,0,1,0,0,0,0,1,0,1
72779,2295,2193,448,465,1974,0.0,0,0.9,0.0,0,0,0,1,0,0,0,1,0,0,0,0,1,0,1
72789,2295,2192,448,466,1974,0.0,0,0.9,0.0,0,0,0,1,0,0,0,1,0,0,0,0,1,0,1
72799,2295,2192,448,464,1973,0.0,0,0.8,0.0,0,0,0,1,0,0,0,1,0,0,0,0,1,0,1
72809,2298,2193,449,464,1974,0.0,0,0.6,0.0,0,0,0,1,0,0,0,1,0,0,0,0,1,0,1
72819,2295,2194,449,466,1974,0.0,0,0.9,0.0,0,0,0,1,0,0,0,1,0,0,0,0,1,0,1
72829,2295,2193,449,466,1974,0.0,0,0.9,0.0,0,0,0,1,0,0,0,1,0,0,0,0,1,0,1
72839,2295,2192,449,464,1974,0.0,0,1.0,0.0,0,0,0,1,0,0,0,1,0,0,0,0,1,0,1
72849,2295,2192,449,463,1974,0.0,0,1.0,0.0,0,0,0,1,0,0,0,1,0,0,0,0,1,0,1
72859,2295,2193,449,464,1974,0.0,0,0.6,0.0,0,0,0,1,0,0,0,1,0,0,0,0,1,0,1
72869,2295,2192,450,463,1974,0.0,0,0.8,0.0,0,0,0,1,0,0,0,1,0,0,0,0,1,0,1
72879,2295,2193,449,465,1974,0.0,0,0.9,0.0,0,0,0,1,0,0,0,1,0,0,0,0,1,0,1
72889,2294,2192,450,464,1975,0.0,0,0.4,0.0,0,0,0,1,0,0,0,1,0,0,0,0,1,0,1
72899,2295,2192,448,465,1974,0.0,0,0.6,0.0,0,0,0,1,0,0,0,1,0,0,0,0,1,0,1
72909,2294,2192,449,464,1974,0.0,0,0.6,0.0,0,0,0,1,0,0,0,1,0,0,0,0,1,0,1
72919,2295,2193,448,464,1974,0.0,0,0.9,0.0,0,0,0,1,0,0,0,1,0,0,0,0,1,0,1
72929,2295,2192,449,464,1975,0.0,0,1.4,0.0,0,0,0,1,0,0,0,1,0,0,0,0,1,0,1
72939,2295,2192,451,465,1972,0.0,0,0.6,0.0,0,0,0,1,0,0,0,1,0,0,0,0,1,0,1
72949,2295,2193,450,464,1975,0.0,0,0.9,0.0,0,0,0,1,0,0,0,1,0,0,0,0,1,0,1
72959,2295,2191,449,463,1975,0.0,0,0.4,0.0,0,0,0,1,0,0,0,1,0,0,0,0,1,0,1
72969,2295,2193,449,464,1974,0.0,0,0.4,0.0,0,0,0,1,0,0,0,1,0,0,0,0,1,0,1
72979,2294,2194,449,464,1975,0.0,0,0.8,0.0,0,0,0,1,0,0,0,1,0,0,0,0,1,0,1
72989,2296,2194,450,465,1974,0.0,0,0.9,0.0,0,0,0,1,0,0,0,1,0,0,0,0,1,0,1
72999,2294,2193,450,464,1975,0.0,0,0.8,0.0,0,0,0,1,0,0,0,1,0,0,0,0,1,0,1
73009,2294,2193,448,464,1976,0.0,0,0.8,0.0,0,0,0,1,0,0,0,1,0,0,0,0,1,0,1
73019,2295,2192,450,465,1974,0.0,0,0.8,0.0,0,0,0,1,0,0,0,1,0,0,0,0,1,0,1
73029,2295,2192,450,463,1975,0.0,0,0.8,0.0,0,0,0,1,0,0,0,1,0,0,0,0,1,0,1
73039,2295,2192,449,464,1974,0.0,0,0.9,0.0,0,0,0,1,0,0,0,1,0,0,0,0,1,0,1
73049,2296,2193,450,464,1975,0.0,0,0.9,0.0,0,0,0,1,0,0,0,1,0,0,0,0,1,0,1
73059,2296,2193,450,465,1974,0.0,0,1.0,0.0,0,0,0,1,0,0,0,1,0,0,0,0,1,0,1
73069,2295,2193,452,466,1974,0.0,0,0.6,0.0,0,0,0,1,0,0,0,1,0,0,0,0,1,0,1
73079,2296,2193,450,464,1974,0.0,0,0.8,0.0,0,0,0,1,0,0,0,1,0,0,0,0,1,0,1
73089,2296,2194,450,465,1974,0.0,0,0.8,0.0,0,0,0,1,0,0,0,1,0,0,0,0,1,0,1
73099,2296,2193,449,463,1974,0.0,0,0.6,0.0,0,0,0,1,0,0,0,1,0,0,0,0,1,0,1
73109,2295,2193,450,463,1974,0.0,0,0.4,0.0,0,0,0,1,0,0,0,1,0,0,0,0,1,0,1
73119,2296,2193,447,465,1973,0.0,0,0.9,0.0,0,0,0,1,0,0,0,1,0,0,0,0,1,0,1
73129,2295,2192,450,464,1974,0.0,0,0.8,0.0,0,0,0,1,0,0,0,1,0,0,0,0,1,0,1
73139,2296,2193,449,465,1974,0.0,0,0.8,0.0,0,0,0,1,0,0,0,1,0,0,0,0,1,0,1
73149,2295,2193,451,461,1973,0.0,0,0.8,0.0,0,0,0,1,0,0,0,1,0,0,0,0,1,0,1
73159,2296,2193,450,465,1974,0.0,0,0.6,0.0,0,0,0,1,0,0,0,1,0,0,0,0,1,0,1
73169,2295,2193,450,465,1974,0.0,0,0.6,0.0,0,0,0,1,0,0,0,1,0,0,0,0,1,0,1
73179,2296,2193,449,466,1973,0.0,0,0.6,0.0,0,0,0,1,0,0,0,1,0,0,0,0,1,0,1
73189,2296,2193,450,464,1974,0.0,0,0.6,0.0,0,0,0,1,0,0,0,1,0,0,0,0,1,0,1
73199,2296,2193,450,464,1973,0.0,0,0.6,0.0,0,0,0,1,0,0,0,1,0,0,0,0,1,0,1
73209,2296,2193,450,464,1973,0.0,0,0.6,0.0,0,0,0,1,0,0,0,1,0,0,0,0,1,0,1
73219,2296,2192,451,464,1973,0.0,0,0.8,0.0,0,0,0,1,0,0,0,1,0,0,0,0,1,0,1
73229,2296,2191,450,466,1973,0.0,0,0.8,0.0,0,0,0,1,0,0,0,1,0,0,0,0,1,0,1
73239,2295,2196,450,465,1973,0.0,0,0.6,0.0,0,0,0,1,0,0,0,1,0,0,0,0,1,0,1
73249,2295,2193,450,465,1973,0.0,0,0.8,0.0,0,0,0,1,0,0,0,1,0,0,0,0,1,0,1
73259,2296,2192,450,464,1974,0.0,0,0.5,0.0,0,0,0,1,0,0,0,1,0,0,0,0,1,0,1
73269,2295,2193,452,464,1973,0.0,0,0.5,0.0,0,0,0,1,0,0,0,1,0,0,0,0,1,0,1
73279,2295,2193,449,464,1974,0.0,0,0.8,0.0,0,0,0,1,0,0,0,1,0,0,0,0,1,0,1
73289,2299,2192,450,470,1974,0.0,0,0.5,0.0,0,0,0,1,0,0,0,1,0,0,0,0,1,0,1
73299,2294,2192,449,465,1973,0.0,0,0.6,0.0,0,0,0,1,0,0,0,1,0,0,0,0,1,0,1
73309,2295,2192,450,466,1986,0.0,0,0.8,0.0,0,0,0,1,0,0,0,1,0,0,0,0,1,0,1
73319,2294,2192,449,465,1975,0.0,0,0.8,0.0,0,0,0,1,0,0,0,1,0,0,0,0,1,0,1
73329,2295,2192,449,466,1974,0.0,0,0.8,0.0,0,0,0,1,0,0,0,1,0,0,0,0,1,0,1
73339,2295,2192,448,464,1974,0.0,0,0.5,0.0,0,0,0,1,0,0,0,1,0,0,0,0,1,0,1
73349,2295,2191,448,464,1974,0.0,0,0.6,0.0,0,0,0,1,0,0,0,1,0,0,0,0,1,0,1
73359,2295,2193,451,464,1974,0.0,0,0.4,0.0,0,0,0,1,0,0,0,1,0,0,0,0,1,0,1
73369,2294,2193,450,465,1974,0.0,0,0.5,0.0,0,0,0,1,0,0,0,1,0,0,0,0,1,0,1
73379,2295,2190,449,463,1974,0.0,0,0.8,0.0,0,0,0,1,0,0,0,1,0,0,0,0,1,0,1
73389,2295,2193,449,465,1974,0.0,0,0.8,0.0,0,0,0,1,0,0,0,1,0,0,0,0,1,0,1
73399,2295,2192,449,464,1975,0.0,0,0.5,0.0,0,0,0,1,0,0,0,1,0,0,0,0,1,0,1
73409,2295,2191,450,465,1974,0.0,0,0.8,0.0,0,0,0,1,0,0,0,1,0,0,0,0,1,0,1
73419,2296,2193,449,464,1974,0.0,0,0.5,0.0,0,0,0,1,0,0,0,1,0,0,0,0,1,0,1
73429,2293,2193,451,465,1974,0.0,0,0.6,0.0,0,0,0,1,0,0,0,1,0,0,0,0,1,0,1
73439,2296,2191,449,465,1974,0.0,0,0.8,0.0,0,0,0,1,0,0,0,1,0,0,0,0,1,0,1
73449,2295,2193,449,464,1973,0.0,0,0.8,0.0,0,0,0,1,0,0,0,1,0,0,0,0,1,0,1
73459,2296,2192,449,465,1975,0.0,0,0.8,0.0,0,0,0,1,0,0,0,1,0,0,0,0,1,0,1
73469,2294,2193,450,464,1974,0.0,0,0.9,0.0,0,0,0,1,0,0,0,1,0,0,0,0,1,0,1
73479,2294,2193,450,466,1974,0.0,0,1.0,0.0,0,0,0,1,0,0,0,1,0,0,0,0,1,0,1
73489,2295,2192,449,462,1974,0.0,0,0.8,0.0,0,0,0,1,0,0,0,1,0,0,0,0,1,0,1
73499,2296,2192,449,464,1974,0.0,0,0.5,0.0,0,0,0,1,0,0,0,1,0,0,0,0,1,0,1
73509,2295,2193,449,464,1974,0.0,0,0.5,0.0,0,0,0,1,0,0,0,1,0,0,0,0,1,0,1
73519,2296,2193,448,463,1974,0.0,0,0.8,0.0,0,0,0,1,0,0,0,1,0,0,0,0,1,0,1
73529,2295,2192,450,462,1974,0.0,0,0.8,0.0,0,0,0,1,0,0,0,1,0,0,0,0,1,0,1
73539,2294,2192,449,465,1974,0.0,0,0.5,0.0,0,0,0,1,0,0,0,1,0,0,0,0,1,0,1
73549,2295,2192,451,464,1974,0.0,0,0.5,0.0,0,0,0,1,0,0,0,1,0,0,0,0,1,0,1
73559,2296,2193,449,463,1974,0.0,0,0.9,0.0,0,0,0,1,0,0,0,1,0,0,0,0,1,0,1
73569,2297,2193,451,465,1974,0.0,0,0.9,0.0,0,0,0,1,0,0,0,1,0,0,0,0,1,0,1
73579,2295,2193,451,464,1974,0.0,0,0.6,0.0,0,0,0,1,0,0,0,1,0,0,0,0,1,0,1
73589,2296,2192,451,464,1973,0.0,0,0.8,0.0,0,0,0,1,0,0,0,1,0,0,0,0,1,0,1
73599,2298,2193,450,465,1974,0.0,0,0.8,0.0,0,0,0,1,0,0,0,1,0,0,0,0,1,0,1
73609,2296,2192,451,463,1974,0.0,0,1.0,0.0,0,0,0,1,0,0,0,1,0,0,0,0,1,0,1
73619,2294,2190,448,464,1974,0.0,0,0.5,0.0,0,0,0,1,0,0,0,1,0,0,0,0,1,0,1
73629,2294,2194,450,464,1974,0.0,0,0.5,0.0,0,0,0,1,0,0,0,1,0,0,0,0,1,0,1
73639,2296,2192,450,465,1973,0.0,0,0.8,0.0,0,0,0,1,0,0,0,1,0,0,0,0,1,0,1
73649,2295,2193,451,465,1974,0.0,0,0.9,0.0,0,0,0,1,0,0,0,1,0,0,0,0,1,0,1
73659,2295,2193,449,464,1974,0.0,0,0.6,0.0,0,0,0,1,0,0,0,1,0,0,0,0,1,0,1
73669,2295,2193,449,465,1974,0.0,0,0.6,0.0,0,0,0,1,0,0,0,1,0,0,0,0,1,0,1
73679,2297,2193,449,463,1974,0.0,0,0.8,0.0,0,0,0,1,0,0,0,1,0,0,0,0,1,0,1
73689,2295,2193,449,464,1973,0.0,0,0.8,0.0,0,0,0,1,0,0,0,1,0,0,0,0,1,0,1
73699,2296,2193,448,464,1974,0.0,0,0.5,0.0,0,0,0,1,0,0,0,1,0,0,0,0,1,0,1
73709,2296,2193,450,465,1974,0.0,0,0.4,0.0,0,0,0,1,0,0,0,1,0,0,0,0,1,0,1
73719,2296,2192,451,464,1974,0.0,0,0.6,0.0,0,0,0,1,0,0,0,1,0,0,0,0,1,0,1
73729,2296,2193,450,464,1974,0.0,0,0.8,0.0,0,0,0,1,0,0,0,1,0,0,0,0,1,0,1
73739,2296,2193,448,465,1973,0.0,0,0.9,0.0,0,0,0,1,0,0,0,1,0,0,0,0,1,0,1
73749,2295,2193,450,464,1974,0.0,0,0.9,0.0,0,0,0,1,0,0,0,1,0,0,0,0,1,0,1
73759,2295,2193,450,463,1974,0.0,0,0.6,0.0,0,0,0,1,0,0,0,1,0,0,0,0,1,0,1
73769,2295,2192,448,465,1974,0.0,0,0.6,0.0,0,0,0,1,0,0,0,1,0,0,0,0,1,0,1
73779,2292,2193,450,466,1974,0.0,0,0.9,0.0,0,0,0,1,0,0,0,1,0,0,0,0,1,0,1
73789,2295,2194,449,465,1974,0.0,0,0.6,0.0,0,0,0,1,0,0,0,1,0,0,0,0,1,0,1
73799,2296,2193,449,465,1973,0.0,0,0.9,0.0,0,0,0,1,0,0,0,1,0,0,0,0,1,0,1
73809,2295,2192,449,465,1974,0.0,0,0.9,0.0,0,0,0,1,0,0,0,1,0,0,0,0,1,0,1
73819,2295,2192,449,464,1975,0.0,0,0.8,0.0,0,0,0,1,0,0,0,1,0,0,0,0,1,0,1
73829,2295,2196,450,465,1974,0.0,0,0.6,0.0,0,0,0,1,0,0,0,1,0,0,0,0,1,0,1
73839,2295,2193,449,465,1974,0.0,0,0.8,0.0,0,0,0,1,0,0,0,1,0,0,0,0,1,0,1
73849,2295,2191,450,463,1974,0.0,0,0.9,0.0,0,0,0,1,0,0,0,1,0,0,0,0,1,0,1
73859,2294,2189,449,462,1974,0.0,0,0.8,0.0,0,0,0,1,0,0,0,1,0,0,0,0,1,0,1
73869,2295,2193,450,464,1974,0.0,0,0.8,0.0,0,0,0,1,0,0,0,1,0,0,0,0,1,0,1
73879,2297,2193,448,466,1974,0.0,0,1.0,0.0,0,0,0,1,0,0,0,1,0,0,0,0,1,0,1
73889,2295,2193,451,465,1974,0.0,0,1.0,0.0,0,0,0,1,0,0,0,1,0,0,0,0,1,0,1
73899,2295,2193,449,463,1974,0.0,0,0.5,0.0,0,0,0,1,0,0,0,1,0,0,0,0,1,0,1
73909,2295,2192,449,464,1974,0.0,0,0.3,0.0,0,0,0,1,0,0,0,1,0,0,0,0,1,0,1
73919,2295,2192,450,465,1975,0.0,0,0.5,0.0,0,0,0,1,0,0,0,1,0,0,0,0,1,0,1
73929,2296,2193,449,465,1974,0.0,0,0.5,0.0,0,0,0,1,0,0,0,1,0,0,0,0,1,0,1
73939,2295,2192,449,464,1974,0.0,0,0.5,0.0,0,0,0,1,0,0,0,1,0,0,0,0,1,0,1
73949,2295,2192,449,467,1973,0.0,0,0.6,0.0,0,0,0,1,0,0,0,1,0,0,0,0,1,0,1
73959,2295,2193,450,465,1974,0.0,0,0.9,0.0,0,0,0,1,0,0,0,1,0,0,0,0,1,0,1
73969,2295,2195,451,465,1974,0.0,0,0.8,0.0,0,0,0,1,0,0,0,1,0,0,0,0,1,0,1
73979,2296,2192,449,464,1971,0.0,0,1.3,0.0,0,0,0,1,0,0,0,1,0,0,0,0,1,0,1
73989,2295,2192,450,465,1974,0.0,0,1.3,0.0,0,0,0,1,0,0,0,1,0,0,0,0,1,0,1
73999,2295,2192,449,465,1974,0.0,0,1.0,0.0,0,0,0,1,0,0,0,1,0,0,0,0,1,0,1
74009,2295,2190,449,465,1972,0.0,0,0.9,0.0,0,0,0,1,0,0,0,1,0,0,0,0,1,0,1
74019,2298,2192,450,465,1974,0.0,0,0.8,0.0,0,0,0,1,0,0,0,1,0,0,0,0,1,0,1
74029,2295,2192,449,465,1974,0.0,0,0.8,0.0,0,0,0,1,0,0,0,1,0,0,0,0,1,0,1
74039,2295,2192,448,464,1974,0.0,0,0.9,0.0,0,0,0,1,0,0,0,1,0,0,0,0,1,0,1
74049,2295,2192,450,463,1974,0.0,0,0.9,0.0,0,0,0,1,0,0,0,1,0,0,0,0,1,0,1
74059,2296,2192,450,465,1974,0.0,0,0.8,0.0,0,0,0,1,0,0,0,1,0,0,0,0,1,0,1
74069,2293,2193,448,465,1974,0.0,0,0.6,0.0,0,0,0,1,0,0,0,1,0,0,0,0,1,0,1
74079,2296,2192,452,464,1973,0.0,0,1.0,0.0,0,0,0,1,0,0,0,1,0,0,0,0,1,0,1
74089,2296,2193,449,464,1974,0.0,0,0.5,0.0,0,0,0,1,0,0,0,1,0,0,0,0,1,0,1
74099,2297,2192,450,464,1974,0.0,0,0.8,0.0,0,0,0,1,0,0,0,1,0,0,0,0,1,0,1
74109,2296,2193,450,464,1974,0.0,0,0.8,0.0,0,0,0,1,0,0,0,1,0,0,0,0,1,0,1
74119,2295,2193,450,464,1974,0.0,0,0.8,0.0,0,0,0,1,0,0,0,1,0,0,0,0,1,0,1
74130,2296,2193,450,463,1974,0.0,0,0.8,0.0,0,0,0,1,0,0,0,1,0,0,0,0,1,0,1
74140,2296,2192,451,464,1974,0.0,0,0.8,0.0,0,0,0,1,0,0,0,1,0,0,0,0,1,0,1
74150,2295,2193,449,463,1973,0.0,0,0.8,0.0,0,0,0,1,0,0,0,1,0,0,0,0,1,0,1
74160,2296,2193,450,465,1974,0.0,0,0.6,0.0,0,0,0,1,0,0,0,1,0,0,0,0,1,0,1
74170,2294,2193,449,462,1974,0.0,0,0.5,0.0,0,0,0,1,0,0,0,1,0,0,0,0,1,0,1
74180,2295,2193,450,465,1974,0.0,0,0.5,0.0,0,0,0,1,0,0,0,1,0,0,0,0,1,0,1
74190,2295,2193,450,464,1974,0.0,0,0.6,0.0,0,0,0,1,0,0,0,1,0,0,0,0,1,0,1
74200,2298,2196,449,465,1974,0.0,0,0.9,0.0,0,0,0,1,0,0,0,1,0,0,0,0,1,0,1
74210,2297,2193,451,465,1974,0.0,0,1.0,0.0,0,0,0,1,0,0,0,1,0,0,0,0,1,0,1
74220,2295,2192,449,463,1974,0.0,0,0.8,0.0,0,0,0,1,0,0,0,1,0,0,0,0,1,0,1
74230,2295,2193,449,466,1974,0.0,0,0.8,0.0,0,0,0,1,0,0,0,1,0,0,0,0,1,0,1
74240,2297,2193,450,465,1973,0.0,0,0.5,0.0,0,0,0,1,0,0,0,1,0,0,0,0,1,0,1
74250,2295,2193,441,464,1973,0.0,0,1.0,0.0,0,0,0,1,0,0,0,1,0,0,0,0,1,0,1
74260,2295,2193,448,463,1974,0.0,0,0.9,0.0,0,0,0,1,0,0,0,1,0,0,0,0,1,0,1
74270,2295,2193,449,467,1974,0.0,0,0.8,0.0,0,0,0,1,0,0,0,1,0,0,0,0,1,0,1
74280,2295,2192,449,465,1974,0.0,0,0.8,0.0,0,0,0,1,0,0,0,1,0,0,0,0,1,0,1
74290,2295,2193,450,465,1974,0.0,0,0.8,0.0,0,0,0,1,0,0,0,1,0,0,0,0,1,0,1
74300,2294,2192,450,462,1974,0.0,0,0.6,0.0,0,0,0,1,0,0,0,1,0,0,0,0,1,0,1
74310,2295,2192,447,466,1974,0.0,0,0.5,0.0,0,0,0,1,0,0,0,1,0,0,0,0,1,0,1
74320,2294,2192,449,465,1973,0.0,0,0.9,0.0,0,0,0,1,0,0,0,1,0,0,0,0,1,0,1
74330,2295,2192,449,464,1975,0.0,0,0.6,0.0,0,0,0,1,0,0,0,1,0,0,0,0,1,0,1
74340,2294,2192,450,464,1974,0.0,0,0.6,0.0,0,0,0,1,0,0,0,1,0,0,0,0,1,0,1
74350,2298,2192,450,465,1974,0.0,0,0.6,0.0,0,0,0,1,0,0,0,1,0,0,0,0,1,0,1
74360,2295,2192,451,465,1975,0.0,0,0.6,0.0,0,0,0,1,0,0,0,1,0,0,0,0,1,0,1
74370,2295,2192,449,462,1974,0.0,0,0.8,0.0,0,0,0,1,0,0,0,1,0,0,0,0,1,0,1
74380,2295,2192,450,464,1974,0.0,0,0.8,0.0,0,0,0,1,0,0,0,1,0,0,0,0,1,0,1
74390,2295,2192,450,464,1973,0.0,0,0.9,0.0,0,0,0,1,0,0,0,1,0,0,0,0,1,0,1
74400,2295,2192,449,463,1975,0.0,0,0.6,0.0,0,0,0,1,0,0,0,1,0,0,0,0,1,0,1
74410,2295,2192,449,464,1974,0.0,0,0.6,0.0,0,0,0,1,0,0,0,1,0,0,0,0,1,0,1
74420,2296,2192,449,464,1977,0.0,0,0.5,0.0,0,0,0,1,0,0,0,1,0,0,0,0,1,0,1
74430,2295,2193,449,464,1975,0.0,0,0.6,0.0,0,0,0,1,0,0,0,1,0,0,0,0,1,0,1
74440,2293,2192,449,463,1975,0.0,0,0.5,0.0,0,0,0,1,0,0,0,1,0,0,0,0,1,0,1
74450,2295,2193,447,462,1975,0.0,0,1.0,0.0,0,0,0,1,0,0,0,1,0,0,0,0,1,0,1
74460,2293,2192,449,464,1974,0.0,0,0.8,0.0,0,0,0,1,0,0,0,1,0,0,0,0,1,0,1
74470,2295,2192,449,464,1974,0.0,0,0.8,0.0,0,0,0,1,0,0,0,1,0,0,0,0,1,0,1
74480,2295,2192,450,465,1974,0.0,0,0.5,0.0,0,0,0,1,0,0,0,1,0,0,0,0,1,0,1
74490,2296,2193,449,465,1974,0.0,0,0.6,0.0,0,0,0,1,0,0,0,1,0,0,0,0,1,0,1
74500,2294,2193,450,465,1974,0.0,0,0.9,0.0,0,0,0,1,0,0,0,1,0,0,0,0,1,0,1
74510,2294,2193,450,463,1974,0.0,0,0.8,0.0,0,0,0,1,0,0,0,1,0,0,0,0,1,0,1
74520,2295,2194,450,464,1975,0.0,0,0.8,0.0,0,0,0,1,0,0,0,1,0,0,0,0,1,0,1
74530,2296,2190,447,464,1974,0.0,0,0.8,0.0,0,0,0,1,0,0,0,1,0,0,0,0,1,0,1
74540,2296,2193,451,463,1972,0.0,0,0.6,0.0,0,0,0,1,0,0,0,1,0,0,0,0,1,0,1
74550,2295,2192,448,464,1976,0.0,0,0.6,0.0,0,0,0,1,0,0,0,1,0,0,0,0,1,0,1
74560,2295,2193,446,464,1974,0.0,0,0.5,0.0,0,0,0,1,0,0,0,1,0,0,0,0,1,0,1
74570,2295,2193,450,465,1974,0.0,0,0.6,0.0,0,0,0,1,0,0,0,1,0,0,0,0,1,0,1
74580,2296,2193,451,464,1974,0.0,0,0.6,0.0,0,0,0,1,0,0,0,1,0,0,0,0,1,0,1
74591,2297,2194,449,465,1974,0.0,0,0.9,0.0,0,0,0,1,0,0,0,1,0,0,0,0,1,0,1
74601,2295,2193,449,463,1974,0.0,0,0.9,0.0,0,0,0,1,0,0,0,1,0,0,0,0,1,0,1
74611,2295,2192,452,465,1973,0.0,0,0.5,0.0,0,0,0,1,0,0,0,1,0,0,0,0,1,0,1
74621,2296,2193,448,466,1975,0.0,0,0.8,0.0,0,0,0,1,0,0,0,1,0,0,0,0,1,0,1
74631,2295,2192,448,464,1974,0.0,0,0.6,0.0,0,0,0,1,0,0,0,1,0,0,0,0,1,0,1
74642,2296,2193,449,464,1972,0.0,0,0.9,0.0,0,0,0,1,0,0,0,1,0,0,0,0,1,0,1
74652,2294,2193,450,466,1974,0.0,0,1.0,0.0,0,0,0,1,0,0,0,1,0,0,0,0,1,0,1
74662,2296,2193,449,465,1974,0.0,0,1.0,0.0,0,0,0,1,0,0,0,1,0,0,0,0,1,0,1
74672,2295,2193,449,465,1974,0.0,0,1.0,0.0,0,0,0,1,0,0,0,1,0,0,0,0,1,0,1
74682,2296,2193,450,464,1974,0.0,0,0.9,0.0,0,0,0,1,0,0,0,1,0,0,0,0,1,0,1
74692,2296,2193,451,462,1974,0.0,0,0.9,0.0,0,0,0,1,0,0,0,1,0,0,0,0,1,0,1
74702,2295,2193,447,465,1974,0.0,0,0.8,0.0,0,0,0,1,0,0,0,1,0,0,0,0,1,0,1
74712,2295,2192,451,464,1974,0.0,0,0.4,0.0,0,0,0,1,0,0,0,1,0,0,0,0,1,0,1
74722,2295,2194,449,463,1974,0.0,0,0.8,0.0,0,0,0,1,0,0,0,1,0,0,0,0,1,0,1
74732,2295,2192,449,466,1974,0.0,0,0.8,0.0,0,0,0,1,0,0,0,1,0,0,0,0,1,0,1
74742,2296,2192,449,465,1973,0.0,0,0.8,0.0,0,0,0,1,0,0,0,1,0,0,0,0,1,0,1
74752,2295,2192,450,464,1974,0.0,0,0.8,0.0,0,0,0,1,0,0,0,1,0,0,0,0,1,0,1
74762,2295,2193,450,464,1974,0.0,0,0.6,0.0,0,0,0,1,0,0,0,1,0,0,0,0,1,0,1
74772,2294,2193,449,464,1974,0.0,0,0.9,0.0,0,0,0,1,0,0,0,1,0,0,0,0,1,0,1
74782,2295,2193,449,463,1973,0.0,0,0.6,0.0,0,0,0,1,0,0,0,1,0,0,0,0,1,0,1
74792,2295,2191,450,466,1973,0.0,0,0.6,0.0,0,0,0,1,0,0,0,1,0,0,0,0,1,0,1
74802,2295,2193,449,465,1974,0.0,0,0.6,0.0,0,0,0,1,0,0,0,1,0,0,0,0,1,0,1
74812,2295,2193,451,464,1975,0.0,0,0.8,0.0,0,0,0,1,0,0,0,1,0,0,0,0,1,0,1
74822,2295,2192,450,465,1975,0.0,0,0.8,0.0,0,0,0,1,0,0,0,1,0,0,0,0,1,0,1
74832,2295,2192,450,464,1974,0.0,0,0.9,0.0,0,0,0,1,0,0,0,1,0,0,0,0,1,0,1
74842,2295,2193,449,465,1974,0.0,0,0.5,0.0,0,0,0,1,0,0,0,1,0,0,0,0,1,0,1
74852,2296,2193,450,465,1975,0.0,0,0.5,0.0,0,0,0,1,0,0,0,1,0,0,0,0,1,0,1
74862,2295,2193,448,465,1975,0.0,0,0.5,0.0,0,0,0,1,0,0,0,1,0,0,0,0,1,0,1
74872,2295,2191,450,465,1973,0.0,0,0.5,0.0,0,0,0,1,0,0,0,1,0,0,0,0,1,0,1
74882,2295,2192,452,465,1974,0.0,0,0.4,0.0,0,0,0,1,0,0,0,1,0,0,0,0,1,0,1
74892,2295,2193,450,464,1974,0.0,0,0.4,0.0,0,0,0,1,0,0,0,1,0,0,0,0,1,0,1
74902,2296,2192,448,464,1974,0.0,0,0.6,0.0,0,0,0,1,0,0,0,1,0,0,0,0,1,0,1
74912,2297,2192,450,462,1974,0.0,0,0.6,0.0,0,0,0,1,0,0,0,1,0,0,0,0,1,0,1
74922,2295,2192,449,466,1974,0.0,0,0.6,0.0,0,0,0,1,0,0,0,1,0,0,0,0,1,0,1
74932,2295,2193,449,464,1975,0.0,0,0.8,0.0,0,0,0,1,0,0,0,1,0,0,0,0,1,0,1
74943,2296,2192,450,465,1975,0.0,0,0.3,0.0,0,0,0,1,0,0,0,1,0,0,0,0,1,0,1
74953,2296,2192,449,465,1974,0.0,0,0.6,0.0,0,0,0,1,0,0,0,1,0,0,0,0,1,0,1
74963,2295,2193,451,465,1975,0.0,0,0.9,0.0,0,0,0,1,0,0,0,1,0,0,0,0,1,0,1
74973,2296,2193,449,464,1975,0.0,0,0.8,0.0,0,0,0,1,0,0,0,1,0,0,0,0,1,0,1
74983,2295,2192,449,465,1974,0.0,0,0.6,0.0,0,0,0,1,0,0,0,1,0,0,0,0,1,0,1
74993,2294,2176,451,464,1974,0.0,0,0.6,0.0,0,0,0,1,0,0,0,1,0,0,0,0,1,0,1
75003,2295,2192,451,463,1975,0.0,0,0.6,0.0,0,0,0,1,0,0,0,1,0,0,0,0,1,0,1
75013,2295,2193,448,464,1975,0.0,0,0.8,0.0,0,0,0,1,0,0,0,1,0,0,0,0,1,0,1
75023,2295,2192,449,465,1974,0.0,0,1.3,0.0,0,0,0,1,0,0,0,1,0,0,0,0,1,0,1
75033,2296,2193,449,464,1974,0.0,0,0.6,0.0,0,0,0,1,0,0,0,1,0,0,0,0,1,0,1
75043,2296,2192,450,461,1974,0.0,0,0.6,0.0,0,0,0,1,0,0,0,1,0,0,0,0,1,0,1
75053,2295,2192,446,463,1974,0.0,0,0.9,0.0,0,0,0,1,0,0,0,1,0,0,0,0,1,0,1
75063,2295,2193,450,465,1974,0.0,0,0.9,0.0,0,0,0,1,0,0,0,1,0,0,0,0,1,0,1
75073,2295,2195,448,464,1974,0.0,0,0.6,0.0,0,0,0,1,0,0,0,1,0,0,0,0,1,0,1
75083,2295,2193,450,465,1971,0.0,0,0.8,0.0,0,0,0,1,0,0,0,1,0,0,0,0,1,0,1
75093,2296,2193,449,464,1974,0.0,0,0.5,0.0,0,0,0,1,0,0,0,1,0,0,0,0,1,0,1
75103,2296,2192,452,465,1973,0.0,0,0.5,0.0,0,0,0,1,0,0,0,1,0,0,0,0,1,0,1
75113,2297,2193,453,463,1973,0.0,0,0.6,0.0,0,0,0,1,0,0,0,1,0,0,0,0,1,0,1
75123,2295,2193,451,464,1973,0.0,0,0.6,0.0,0,0,0,1,0,0,0,1,0,0,0,0,1,0,1
75133,2295,2190,449,464,1974,0.0,0,0.9,0.0,0,0,0,1,0,0,0,1,0,0,0,0,1,0,1
75143,2295,2192,449,466,1974,0.0,0,0.6,0.0,0,0,0,1,0,0,0,1,0,0,0,0,1,0,1
75153,2295,2193,449,464,1973,0.0,0,0.6,0.0,0,0,0,1,0,0,0,1,0,0,0,0,1,0,1
75163,2294,2193,449,465,1974,0.0,0,0.6,0.0,0,0,0,1,0,0,0,1,0,0,0,0,1,0,1
75173,2296,2193,449,463,1977,0.0,0,0.8,0.0,0,0,0,1,0,0,0,1,0,0,0,0,1,0,1
75183,2296,2195,448,465,1974,0.0,0,0.8,0.0,0,0,0,1,0,0,0,1,0,0,0,0,1,0,1
75193,2295,2193,449,464,1974,0.0,0,0.6,0.0,0,0,0,1,0,0,0,1,0,0,0,0,1,0,1
75203,2296,2193,452,465,1974,0.0,0,0.9,0.0,0,0,0,1,0,0,0,1,0,0,0,0,1,0,1
75213,2294,2193,449,466,1974,0.0,0,0.9,0.0,0,0,0,1,0,0,0,1,0,0,0,0,1,0,1
75223,2296,2193,451,464,1974,0.0,0,0.8,0.0,0,0,0,1,0,0,0,1,0,0,0,0,1,0,1
75233,2296,2193,450,462,1974,0.0,0,0.5,0.0,0,0,0,1,0,0,0,1,0,0,0,0,1,0,1
75243,2295,2193,450,465,1974,0.0,0,0.5,0.0,0,0,0,1,0,0,0,1,0,0,0,0,1,0,1
75253,2295,2193,447,464,1974,0.0,0,0.6,0.0,0,0,0,1,0,0,0,1,0,0,0,0,1,0,1
75263,2295,2191,451,465,1974,0.0,0,0.8,0.0,0,0,0,1,0,0,0,1,0,0,0,0,1,0,1
75273,2296,2193,450,465,1974,0.0,0,0.2,0.0,0,0,0,1,0,0,0,1,0,0,0,0,1,0,1
75285,2296,2192,447,464,1974,0.0,0,0.5,0.0,0,0,0,1,0,0,0,1,0,0,0,0,1,0,1
75295,2295,2192,450,464,1973,0.0,0,0.8,0.0,0,0,0,1,0,0,0,1,0,0,0,0,1,0,1
75305,2295,2193,449,463,1974,0.0,0,0.6,0.0,0,0,0,1,0,0,0,1,0,0,0,0,1,0,1
75315,2295,2192,451,465,1974,0.0,0,0.6,0.0,0,0,0,1,0,0,0,1,0,0,0,0,1,0,1
75325,2294,2191,448,464,1977,0.0,0,0.8,0.0,0,0,0,1,0,0,0,1,0,0,0,0,1,0,1
75335,2293,2192,449,464,1975,0.0,0,0.8,0.0,0,0,0,1,0,0,0,1,0,0,0,0,1,0,1
75346,2295,2192,446,464,1974,0.0,0,0.6,0.0,0,0,0,1,0,0,0,1,0,0,0,0,1,0,1
75356,2295,2191,450,463,1974,0.0,0,0.8,0.0,0,0,0,1,0,0,0,1,0,0,0,0,1,0,1
75366,2295,2192,449,464,1974,0.0,0,0.8,0.0,0,0,0,1,0,0,0,1,0,0,0,0,1,0,1
75376,2294,2176,450,465,1975,0.0,0,0.8,0.0,0,0,0,1,0,0,0,1,0,0,0,0,1,0,1
75386,2295,2192,451,464,1973,0.0,0,0.5,0.0,0,0,0,1,0,0,0,1,0,0,0,0,1,0,1
75396,2295,2192,451,466,1974,0.0,0,0.9,0.0,0,0,0,1,0,0,0,1,0,0,0,0,1,0,1
75406,2295,2192,450,464,1973,0.0,0,0.6,0.0,0,0,0,1,0,0,0,1,0,0,0,0,1,0,1
75416,2295,2192,449,465,1973,0.0,0,0.6,0.0,0,0,0,1,0,0,0,1,0,0,0,0,1,0,1
75426,2295,2192,448,465,1974,0.0,0,0.8,0.0,0,0,0,1,0,0,0,1,0,0,0,0,1,0,1
75436,2295,2190,450,464,1975,0.0,0,0.8,0.0,0,0,0,1,0,0,0,1,0,0,0,0,1,0,1
75446,2295,2193,449,465,1974,0.0,0,0.3,0.0,0,0,0,1,0,0,0,1,0,0,0,0,1,0,1
75456,2295,2193,450,466,1974,0.0,0,0.6,0.0,0,0,0,1,0,0,0,1,0,0,0,0,1,0,1
75466,2294,2193,449,464,1974,0.0,0,0.4,0.0,0,0,0,1,0,0,0,1,0,0,0,0,1,0,1
75476,2295,2193,449,464,1974,0.0,0,0.5,0.0,0,0,0,1,0,0,0,1,0,0,0,0,1,0,1
75486,2295,2193,452,463,1975,0.0,0,0.5,0.0,0,0,0,1,0,0,0,1,0,0,0,0,1,0,1
75497,2296,2192,450,462,1974,0.0,0,0.8,0.0,0,0,0,1,0,0,0,1,0,0,0,0,1,0,1
75507,2297,2192,450,463,1973,0.0,0,0.8,0.0,0,0,0,1,0,0,0,1,0,0,0,0,1,0,1
75517,2295,2193,449,465,1977,0.0,0,0.6,0.0,0,0,0,1,0,0,0,1,0,0,0,0,1,0,1
75527,2295,2193,450,464,1974,0.0,0,0.8,0.0,0,0,0,1,0,0,0,1,0,0,0,0,1,0,1
75537,2296,2193,451,464,1974,0.0,0,0.8,0.0,0,0,0,1,0,0,0,1,0,0,0,0,1,0,1
75547,2295,2193,447,463,1974,0.0,0,0.5,0.0,0,0,0,1,0,0,0,1,0,0,0,0,1,0,1
75557,2296,2193,449,465,1974,0.0,0,0.6,0.0,0,0,0,1,0,0,0,1,0,0,0,0,1,0,1
75567,2295,2194,449,462,1974,0.0,0,0.6,0.0,0,0,0,1,0,0,0,1,0,0,0,0,1,0,1
75577,2295,2193,450,465,1973,0.0,0,0.6,0.0,0,0,0,1,0,0,0,1,0,0,0,0,1,0,1
75587,2295,2192,449,465,1974,0.0,0,0.6,0.0,0,0,0,1,0,0,0,1,0,0,0,0,1,0,1
75597,2295,2194,449,464,1974,0.0,0,0.8,0.0,0,0,0,1,0,0,0,1,0,0,0,0,1,0,1
75607,2294,2193,451,463,1973,0.0,0,0.9,0.0,0,0,0,1,0,0,0,1,0,0,0,0,1,0,1
75617,2297,2193,449,464,1973,0.0,0,0.6,0.0,0,0,0,1,0,0,0,1,0,0,0,0,1,0,1
75627,2296,2193,450,463,1974,0.0,0,0.6,0.0,0,0,0,1,0,0,0,1,0,0,0,0,1,0,1
75637,2295,2193,449,464,1974,0.0,0,0.6,0.0,0,0,0,1,0,0,0,1,0,0,0,0,1,0,1
75647,2294,2193,448,465,1974,0.0,0,0.6,0.0,0,0,0,1,0,0,0,1,0,0,0,0,1,0,1
75657,2295,2193,450,465,1974,0.0,0,1.0,0.0,0,0,0,1,0,0,0,1,0,0,0,0,1,0,1
75667,2295,2193,450,465,1974,0.0,0,0.5,0.0,0,0,0,1,0,0,0,1,0,0,0,0,1,0,1
75677,2294,2193,450,464,1974,0.0,0,0.6,0.0,0,0,0,1,0,0,0,1,0,0,0,0,1,0,1
75687,2296,2193,449,463,1974,0.0,0,0.6,0.0,0,0,0,1,0,0,0,1,0,0,0,0,1,0,1
75697,2295,2193,449,464,1974,0.0,0,0.8,0.0,0,0,0,1,0,0,0,1,0,0,0,0,1,0,1
75707,2295,2193,449,467,1974,0.0,0,0.9,0.0,0,0,0,1,0,0,0,1,0,0,0,0,1,0,1
75717,2296,2193,449,463,1974,0.0,0,0.9,0.0,0,0,0,1,0,0,0,1,0,0,0,0,1,0,1
75727,2296,2193,452,465,1974,0.0,0,0.4,0.0,0,0,0,1,0,0,0,1,0,0,0,0,1,0,1
75737,2295,2193,448,464,1973,0.0,0,0.9,0.0,0,0,0,1,0,0,0,1,0,0,0,0,1,0,1
75747,2295,2193,451,464,1974,0.0,0,0.9,0.0,0,0,0,1,0,0,0,1,0,0,0,0,1,0,1
75757,2295,2191,449,464,1974,0.0,0,0.6,0.0,0,0,0,1,0,0,0,1,0,0,0,0,1,0,1
75767,2295,2193,451,464,1974,0.0,0,0.9,0.0,0,0,0,1,0,0,0,1,0,0,0,0,1,0,1
75777,2295,2193,447,464,1973,0.0,0,1.0,0.0,0,0,0,1,0,0,0,1,0,0,0,0,1,0,1
75787,2295,2193,447,464,1971,0.0,0,0.8,0.0,0,0,0,1,0,0,0,1,0,0,0,0,1,0,1
75797,2296,2193,449,463,1973,0.0,0,0.8,0.0,0,0,0,1,0,0,0,1,0,0,0,0,1,0,1
75807,2295,2193,449,464,1974,0.0,0,0.8,0.0,0,0,0,1,0,0,0,1,0,0,0,0,1,0,1
75817,2295,2192,450,465,1973,0.0,0,0.8,0.0,0,0,0,1,0,0,0,1,0,0,0,0,1,0,1
75827,2296,2192,451,464,1974,0.0,0,0.6,0.0,0,0,0,1,0,0,0,1,0,0,0,0,1,0,1
75837,2295,2193,450,466,1974,0.0,0,0.9,0.0,0,0,0,1,0,0,0,1,0,0,0,0,1,0,1
75847,2294,2192,450,465,1974,0.0,0,0.9,0.0,0,0,0,1,0,0,0,1,0,0,0,0,1,0,1
75857,2295,2194,449,464,1975,0.0,0,0.8,0.0,0,0,0,1,0,0,0,1,0,0,0,0,1,0,1
75867,2296,2193,451,465,1974,0.0,0,0.8,0.0,0,0,0,1,0,0,0,1,0,0,0,0,1,0,1
75877,2295,2192,450,464,1974,0.0,0,1.0,0.0,0,0,0,1,0,0,0,1,0,0,0,0,1,0,1
75887,2295,2192,450,464,1975,0.0,0,1.0,0.0,0,0,0,1,0,0,0,1,0,0,0,0,1,0,1
75897,2295,2192,450,465,1975,0.0,0,0.8,0.0,0,0,0,1,0,0,0,1,0,0,0,0,1,0,1
75907,2298,2192,450,465,1974,0.0,0,0.6,0.0,0,0,0,1,0,0,0,1,0,0,0,0,1,0,1
75917,2297,2194,450,464,1975,0.0,0,0.8,0.0,0,0,0,1,0,0,0,1,0,0,0,0,1,0,1
75927,2295,2192,450,464,1974,0.0,0,0.8,0.0,0,0,0,1,0,0,0,1,0,0,0,0,1,0,1
75937,2296,2193,450,464,1975,0.0,0,0.8,0.0,0,0,0,1,0,0,0,1,0,0,0,0,1,0,1
75947,2296,2193,449,464,1974,0.0,0,0.8,0.0,0,0,0,1,0,0,0,1,0,0,0,0,1,0,1
75958,2298,2193,449,464,1974,0.0,0,0.6,0.0,0,0,0,1,0,0,0,1,0,0,0,0,1,0,1
75968,2295,2192,449,466,1974,0.0,0,1.1,0.0,0,0,0,1,0,0,0,1,0,0,0,0,1,0,1
75978,2295,2196,449,464,1974,0.0,0,0.6,0.0,0,0,0,1,0,0,0,1,0,0,0,0,1,0,1
75988,2295,2195,452,464,1974,0.0,0,0.8,0.0,0,0,0,1,0,0,0,1,0,0,0,0,1,0,1
75998,2296,2193,449,463,1974,0.0,0,0.8,0.0,0,0,0,1,0,0,0,1,0,0,0,0,1,0,1
76008,2295,2192,450,464,1975,0.0,0,0.6,0.0,0,0,0,1,0,0,0,1,0,0,0,0,1,0,1
76018,2294,2193,450,466,1974,0.0,0,0.6,0.0,0,0,0,1,0,0,0,1,0,0,0,0,1,0,1
76028,2294,2193,448,464,1975,0.0,0,0.9,0.0,0,0,0,1,0,0,0,1,0,0,0,0,1,0,1
76038,2296,2192,451,464,1974,0.0,0,0.4,0.0,0,0,0,1,0,0,0,1,0,0,0,0,1,0,1
76048,2295,2193,450,464,1974,0.0,0,0.4,0.0,0,0,0,1,0,0,0,1,0,0,0,0,1,0,1
76058,2295,2193,450,464,1974,0.0,0,0.9,0.0,0,0,0,1,0,0,0,1,0,0,0,0,1,0,1
76068,2296,2192,449,465,1974,0.0,0,0.8,0.0,0,0,0,1,0,0,0,1,0,0,0,0,1,0,1
76078,2295,2193,450,464,1965,0.0,0,0.8,0.0,0,0,0,1,0,0,0,1,0,0,0,0,1,0,1
76088,2295,2193,450,464,1974,0.0,0,0.9,0.0,0,0,0,1,0,0,0,1,0,0,0,0,1,0,1
76098,2296,2193,450,465,1974,0.0,0,0.8,0.0,0,0,0,1,0,0,0,1,0,0,0,0,1,0,1
76108,2296,2193,447,465,1974,0.0,0,0.8,0.0,0,0,0,1,0,0,0,1,0,0,0,0,1,0,1
76118,2295,2193,450,465,1974,0.0,0,0.4,0.0,0,0,0,1,0,0,0,1,0,0,0,0,1,0,1
76128,2295,2193,451,465,1974,0.0,0,0.8,0.0,0,0,0,1,0,0,0,1,0,0,0,0,1,0,1
76138,2295,2192,449,464,1974,0.0,0,0.6,0.0,0,0,0,1,0,0,0,1,0,0,0,0,1,0,1
76148,2295,2196,450,462,1973,0.0,0,0.5,0.0,0,0,0,1,0,0,0,1,0,0,0,0,1,0,1
76158,2295,2193,448,464,1976,0.0,0,0.8,0.0,0,0,0,1,0,0,0,1,0,0,0,0,1,0,1
76168,2295,2193,449,465,1974,0.0,0,0.8,0.0,0,0,0,1,0,0,0,1,0,0,0,0,1,0,1
76178,2295,2187,450,464,1974,0.0,0,0.4,0.0,0,0,0,1,0,0,0,1,0,0,0,0,1,0,1
76188,2295,2191,448,465,1975,0.0,0,0.5,0.0,0,0,0,1,0,0,0,1,0,0,0,0,1,0,1
76198,2295,2194,449,463,1974,0.0,0,0.5,0.0,0,0,0,1,0,0,0,1,0,0,0,0,1,0,1
76208,2295,2190,449,462,1974,0.0,0,0.9,0.0,0,0,0,1,0,0,0,1,0,0,0,0,1,0,1
76218,2295,2193,450,464,1973,0.0,0,0.6,0.0,0,0,0,1,0,0,0,1,0,0,0,0,1,0,1
76229,2297,2193,451,464,1974,0.0,0,0.8,0.0,0,0,0,1,0,0,0,1,0,0,0,0,1,0,1
76239,2295,2193,452,463,1973,0.0,0,0.8,0.0,0,0,0,1,0,0,0,1,0,0,0,0,1,0,1
76249,2295,2193,450,465,1973,0.0,0,0.6,0.0,0,0,0,1,0,0,0,1,0,0,0,0,1,0,1
76259,2295,2193,449,464,1974,0.0,0,0.8,0.0,0,0,0,1,0,0,0,1,0,0,0,0,1,0,1
76269,2296,2190,449,464,1974,0.0,0,0.6,0.0,0,0,0,1,0,0,0,1,0,0,0,0,1,0,1
76279,2295,2192,450,465,1973,0.0,0,0.8,0.0,0,0,0,1,0,0,0,1,0,0,0,0,1,0,1
76289,2296,2193,449,465,1973,0.0,0,0.5,0.0,0,0,0,1,0,0,0,1,0,0,0,0,1,0,1
76299,2295,2193,449,463,1974,0.0,0,0.5,0.0,0,0,0,1,0,0,0,1,0,0,0,0,1,0,1
76309,2295,2192,448,464,1974,0.0,0,0.8,0.0,0,0,0,1,0,0,0,1,0,0,0,0,1,0,1
76319,2294,2192,451,465,1974,0.0,0,0.8,0.0,0,0,0,1,0,0,0,1,0,0,0,0,1,0,1
76329,2294,2192,450,465,1974,0.0,0,0.6,0.0,0,0,0,1,0,0,0,1,0,0,0,0,1,0,1
76339,2295,2192,450,464,1974,0.0,0,0.8,0.0,0,0,0,1,0,0,0,1,0,0,0,0,1,0,1
76349,2294,2193,449,464,1974,0.0,0,0.8,0.0,0,0,0,1,0,0,0,1,0,0,0,0,1,0,1
76359,2295,2192,450,465,1974,0.0,0,0.8,0.0,0,0,0,1,0,0,0,1,0,0,0,0,1,0,1
76370,2295,2191,450,464,1974,0.0,0,0.6,0.0,0,0,0,1,0,0,0,1,0,0,0,0,1,0,1
76380,2295,2192,448,465,1972,0.0,0,0.9,0.0,0,0,0,1,0,0,0,1,0,0,0,0,1,0,1
76390,2293,2193,450,464,1974,0.0,0,0.8,0.0,0,0,0,1,0,0,0,1,0,0,0,0,1,0,1
76400,2294,2192,449,464,1975,0.0,0,0.8,0.0,0,0,0,1,0,0,0,1,0,0,0,0,1,0,1
76410,2295,2193,450,464,1975,0.0,0,0.8,0.0,0,0,0,1,0,0,0,1,0,0,0,0,1,0,1
76420,2295,2193,450,464,1974,0.0,0,0.8,0.0,0,0,0,1,0,0,0,1,0,0,0,0,1,0,1
76430,2294,2193,450,463,1974,0.0,0,0.4,0.0,0,0,0,1,0,0,0,1,0,0,0,0,1,0,1
76440,2296,2192,450,463,1974,0.0,0,0.8,0.0,0,0,0,1,0,0,0,1,0,0,0,0,1,0,1
76450,2295,2193,450,464,1975,0.0,0,0.5,0.0,0,0,0,1,0,0,0,1,0,0,0,0,1,0,1
76460,2298,2192,449,465,1973,0.0,0,0.8,0.0,0,0,0,1,0,0,0,1,0,0,0,0,1,0,1
76470,2298,2193,449,466,1974,0.0,0,0.5,0.0,0,0,0,1,0,0,0,1,0,0,0,0,1,0,1
76481,2299,2193,450,464,1976,0.0,0,0.6,0.0,0,0,0,1,0,0,0,1,0,0,0,0,1,0,1
76491,2295,2193,450,462,1974,0.0,0,0.6,0.0,0,0,0,1,0,0,0,1,0,0,0,0,1,0,1
76501,2298,2192,450,465,1973,0.0,0,0.5,0.0,0,0,0,1,0,0,0,1,0,0,0,0,1,0,1
76511,2294,2193,450,464,1976,0.0,0,0.6,0.0,0,0,0,1,0,0,0,1,0,0,0,0,1,0,1
76521,2295,2192,449,465,1975,0.0,0,0.8,0.0,0,0,0,1,0,0,0,1,0,0,0,0,1,0,1
76531,2295,2193,450,463,1976,0.0,0,0.8,0.0,0,0,0,1,0,0,0,1,0,0,0,0,1,0,1
76541,2299,2192,447,465,1974,0.0,0,0.6,0.0,0,0,0,1,0,0,0,1,0,0,0,0,1,0,1
76551,2295,2192,449,465,1976,0.0,0,0.6,0.0,0,0,0,1,0,0,0,1,0,0,0,0,1,0,1
76561,2295,2193,450,465,1975,0.0,0,0.8,0.0,0,0,0,1,0,0,0,1,0,0,0,0,1,0,1
76571,2294,2193,450,464,1976,0.0,0,0.5,0.0,0,0,0,1,0,0,0,1,0,0,0,0,1,0,1
76581,2295,2193,449,465,1974,0.0,0,0.8,0.0,0,0,0,1,0,0,0,1,0,0,0,0,1,0,1
76591,2295,2193,448,465,1976,0.0,0,0.8,0.0,0,0,0,1,0,0,0,1,0,0,0,0,1,0,1
76601,2297,2193,449,464,1973,0.0,0,0.6,0.0,0,0,0,1,0,0,0,1,0,0,0,0,1,0,1
76611,2295,2192,451,466,1974,0.0,0,0.6,0.0,0,0,0,1,0,0,0,1,0,0,0,0,1,0,1
76621,2294,2193,450,464,1975,0.0,0,0.8,0.0,0,0,0,1,0,0,0,1,0,0,0,0,1,0,1
76631,2295,2192,450,465,1975,0.0,0,0.5,0.0,0,0,0,1,0,0,0,1,0,0,0,0,1,0,1
76641,2296,2193,449,464,1974,0.0,0,0.5,0.0,0,0,0,1,0,0,0,1,0,0,0,0,1,0,1
76651,2296,2192,450,464,1972,0.0,0,0.8,0.0,0,0,0,1,0,0,0,1,0,0,0,0,1,0,1
76661,2297,2193,449,463,1975,0.0,0,1.1,0.0,0,0,0,1,0,0,0,1,0,0,0,0,1,0,1
76671,2296,2193,449,465,1975,0.0,0,1.1,0.0,0,0,0,1,0,0,0,1,0,0,0,0,1,0,1
76681,2294,2194,450,463,1975,0.0,0,1.1,0.0,0,0,0,1,0,0,0,1,0,0,0,0,1,0,1
76691,2294,2193,450,464,1976,0.0,0,0.9,0.0,0,0,0,1,0,0,0,1,0,0,0,0,1,0,1
76701,2296,2193,450,464,1974,0.0,0,0.9,0.0,0,0,0,1,0,0,0,1,0,0,0,0,1,0,1
76711,2294,2193,449,465,1974,0.0,0,0.5,0.0,0,0,0,1,0,0,0,1,0,0,0,0,1,0,1
76721,2296,2192,450,464,1974,0.0,0,0.8,0.0,0,0,0,1,0,0,0,1,0,0,0,0,1,0,1
76731,2296,2193,449,464,1974,0.0,0,0.8,0.0,0,0,0,1,0,0,0,1,0,0,0,0,1,0,1
76741,2295,2193,449,465,1974,0.0,0,0.9,0.0,0,0,0,1,0,0,0,1,0,0,0,0,1,0,1
76751,2295,2193,449,465,1975,0.0,0,1.0,0.0,0,0,0,1,0,0,0,1,0,0,0,0,1,0,1
76761,2295,2192,450,464,1974,0.0,0,0.6,0.0,0,0,0,1,0,0,0,1,0,0,0,0,1,0,1
76771,2296,2193,449,464,1975,0.0,0,0.9,0.0,0,0,0,1,0,0,0,1,0,0,0,0,1,0,1
76781,2297,2192,449,464,1975,0.0,0,1.0,0.0,0,0,0,1,0,0,0,1,0,0,0,0,1,0,1
76791,2296,2193,448,463,1974,0.0,0,1.0,0.0,0,0,0,1,0,0,0,1,0,0,0,0,1,0,1
76801,2296,2193,450,464,1975,0.0,0,0.9,0.0,0,0,0,1,0,0,0,1,0,0,0,0,1,0,1
76811,2294,2192,449,464,1975,0.0,0,0.6,0.0,0,0,0,1,0,0,0,1,0,0,0,0,1,0,1
76821,2295,2193,450,462,1976,0.0,0,0.9,0.0,0,0,0,1,0,0,0,1,0,0,0,0,1,0,1
76831,2295,2195,449,464,1975,0.0,0,0.5,0.0,0,0,0,1,0,0,0,1,0,0,0,0,1,0,1
76841,2296,2192,448,464,1974,0.0,0,0.8,0.0,0,0,0,1,0,0,0,1,0,0,0,0,1,0,1
76851,2295,2192,451,465,1974,0.0,0,0.8,0.0,0,0,0,1,0,0,0,1,0,0,0,0,1,0,1
76861,2295,2192,448,464,1975,0.0,0,0.5,0.0,0,0,0,1,0,0,0,1,0,0,0,0,1,0,1
76871,2295,2192,450,463,1975,0.0,0,0.8,0.0,0,0,0,1,0,0,0,1,0,0,0,0,1,0,1
76881,2296,2192,449,464,1976,0.0,0,0.6,0.0,0,0,0,1,0,0,0,1,0,0,0,0,1,0,1
76891,2295,2193,450,465,1975,0.0,0,0.8,0.0,0,0,0,1,0,0,0,1,0,0,0,0,1,0,1
76901,2296,2193,451,464,1974,0.0,0,0.9,0.0,0,0,0,1,0,0,0,1,0,0,0,0,1,0,1
76911,2295,2193,450,466,1974,0.0,0,0.9,0.0,0,0,0,1,0,0,0,1,0,0,0,0,1,0,1
76921,2295,2193,449,464,1974,0.0,0,0.9,0.0,0,0,0,1,0,0,0,1,0,0,0,0,1,0,1
76931,2295,2192,446,464,1975,0.0,0,1.0,0.0,0,0,0,1,0,0,0,1,0,0,0,0,1,0,1
76941,2295,2193,448,464,1975,0.0,0,1.0,0.0,0,0,0,1,0,0,0,1,0,0,0,0,1,0,1
76951,2295,2192,449,462,1976,0.0,0,0.6,0.0,0,0,0,1,0,0,0,1,0,0,0,0,1,0,1
76961,2295,2192,450,466,1973,0.0,0,0.6,0.0,0,0,0,1,0,0,0,1,0,0,0,0,1,0,1
76971,2294,2193,450,465,1975,0.0,0,0.6,0.0,0,0,0,1,0,0,0,1,0,0,0,0,1,0,1
76981,2295,2193,450,464,1975,0.0,0,0.6,0.0,0,0,0,1,0,0,0,1,0,0,0,0,1,0,1
76991,2294,2192,450,464,1975,0.0,0,0.1,0.0,0,0,0,1,0,0,0,1,0,0,0,0,1,0,1
77001,2295,2193,450,464,1976,0.0,0,1.0,0.0,0,0,0,1,0,0,0,1,0,0,0,0,1,0,1
77011,2295,2193,450,464,1976,0.0,0,0.9,0.0,0,0,0,1,0,0,0,1,0,0,0,0,1,0,1
77021,2297,2193,448,463,1975,0.0,0,0.6,0.0,0,0,0,1,0,0,0,1,0,0,0,0,1,0,1
77031,2297,2193,448,462,1973,0.0,0,0.6,0.0,0,0,0,1,0,0,0,1,0,0,0,0,1,0,1
77041,2295,2193,448,463,1975,0.0,0,0.9,0.0,0,0,0,1,0,0,0,1,0,0,0,0,1,0,1
77051,2295,2193,450,461,1975,0.0,0,0.8,0.0,0,0,0,1,0,0,0,1,0,0,0,0,1,0,1
77061,2296,2193,451,464,1973,0.0,0,0.6,0.0,0,0,0,1,0,0,0,1,0,0,0,0,1,0,1
77071,2296,2193,451,466,1973,0.0,0,0.9,0.0,0,0,0,1,0,0,0,1,0,0,0,0,1,0,1
77081,2296,2192,448,462,1975,0.0,0,0.6,0.0,0,0,0,1,0,0,0,1,0,0,0,0,1,0,1
77091,2296,2192,450,465,1974,0.0,0,0.6,0.0,0,0,0,1,0,0,0,1,0,0,0,0,1,0,1
77101,2296,2194,448,465,1975,0.0,0,0.9,0.0,0,0,0,1,0,0,0,1,0,0,0,0,1,0,1
77111,2296,2194,451,462,1975,0.0,0,0.8,0.0,0,0,0,1,0,0,0,1,0,0,0,0,1,0,1
77121,2293,2193,450,465,1975,0.0,0,0.6,0.0,0,0,0,1,0,0,0,1,0,0,0,0,1,0,1
77131,2296,2193,451,464,1975,0.0,0,0.5,0.0,0,0,0,1,0,0,0,1,0,0,0,0,1,0,1
77141,2298,2194,448,464,1974,0.0,0,0.8,0.0,0,0,0,1,0,0,0,1,0,0,0,0,1,0,1
77151,2295,2189,449,466,1974,0.0,0,0.8,0.0,0,0,0,1,0,0,0,1,0,0,0,0,1,0,1
77161,2296,2193,448,464,1976,0.0,0,0.5,0.0,0,0,0,1,0,0,0,1,0,0,0,0,1,0,1
77171,2294,2193,449,465,1964,0.0,0,0.6,0.0,0,0,0,1,0,0,0,1,0,0,0,0,1,0,1
77182,2295,2193,450,465,1974,0.0,0,0.9,0.0,0,0,0,1,0,0,0,1,0,0,0,0,1,0,1
77192,2295,2193,450,464,1974,0.0,0,0.8,0.0,0,0,0,1,0,0,0,1,0,0,0,0,1,0,1
77202,2295,2193,450,465,1974,0.0,0,0.5,0.0,0,0,0,1,0,0,0,1,0,0,0,0,1,0,1
77212,2295,2192,450,465,1974,0.0,0,0.5,0.0,0,0,0,1,0,0,0,1,0,0,0,0,1,0,1
77222,2296,2193,450,464,1974,0.0,0,0.9,0.0,0,0,0,1,0,0,0,1,0,0,0,0,1,0,1
77232,2295,2193,450,464,1974,0.0,0,0.6,0.0,0,0,0,1,0,0,0,1,0,0,0,0,1,0,1
77242,2296,2193,449,465,1974,0.0,0,0.6,0.0,0,0,0,1,0,0,0,1,0,0,0,0,1,0,1
77252,2295,2192,452,464,1974,0.0,0,0.8,0.0,0,0,0,1,0,0,0,1,0,0,0,0,1,0,1
77262,2295,2193,450,466,1974,0.0,0,0.9,0.0,0,0,0,1,0,0,0,1,0,0,0,0,1,0,1
77272,2295,2193,450,463,1974,0.0,0,0.6,0.0,0,0,0,1,0,0,0,1,0,0,0,0,1,0,1
77282,2296,2192,449,465,1973,0.0,0,0.6,0.0,0,0,0,1,0,0,0,1,0,0,0,0,1,0,1
77292,2295,2192,449,465,1974,0.0,0,0.8,0.0,0,0,0,1,0,0,0,1,0,0,0,0,1,0,1
77302,2295,2189,448,464,1974,0.0,0,0.8,0.0,0,0,0,1,0,0,0,1,0,0,0,0,1,0,1
77312,2294,2191,449,464,1972,0.0,0,0.6,0.0,0,0,0,1,0,0,0,1,0,0,0,0,1,0,1
77322,2294,2192,450,465,1974,0.0,0,0.6,0.0,0,0,0,1,0,0,0,1,0,0,0,0,1,0,1
77332,2294,2192,448,465,1974,0.0,0,0.6,0.0,0,0,0,1,0,0,0,1,0,0,0,0,1,0,1
77342,2295,2191,449,465,1974,0.0,0,0.8,0.0,0,0,0,1,0,0,0,1,0,0,0,0,1,0,1
77352,2294,2193,450,465,1974,0.0,0,0.9,0.0,0,0,0,1,0,0,0,1,0,0,0,0,1,0,1
77362,2295,2192,451,463,1974,0.0,0,0.5,0.0,0,0,0,1,0,0,0,1,0,0,0,0,1,0,1
77372,2294,2192,450,465,1974,0.0,0,0.9,0.0,0,0,0,1,0,0,0,1,0,0,0,0,1,0,1
77382,2294,2191,451,464,1974,0.0,0,0.5,0.0,0,0,0,1,0,0,0,1,0,0,0,0,1,0,1
77392,2296,2193,450,465,1974,0.0,0,0.8,0.0,0,0,0,1,0,0,0,1,0,0,0,0,1,0,1
77402,2293,2193,449,465,1975,0.0,0,0.8,0.0,0,0,0,1,0,0,0,1,0,0,0,0,1,0,1
77412,2295,2192,449,464,1975,0.0,0,0.6,0.0,0,0,0,1,0,0,0,1,0,0,0,0,1,0,1
77422,2297,2193,449,465,1975,0.0,0,0.5,0.0,0,0,0,1,0,0,0,1,0,0,0,0,1,0,1
77432,2295,2193,449,465,1975,0.0,0,0.6,0.0,0,0,0,1,0,0,0,1,0,0,0,0,1,0,1
77442,2296,2193,450,466,1973,0.0,0,0.6,0.0,0,0,0,1,0,0,0,1,0,0,0,0,1,0,1
77452,2296,2193,450,465,1975,0.0,0,0.5,0.0,0,0,0,1,0,0,0,1,0,0,0,0,1,0,1
77462,2295,2192,449,464,1974,0.0,0,0.5,0.0,0,0,0,1,0,0,0,1,0,0,0,0,1,0,1
77472,2295,2192,449,464,1974,0.0,0,0.9,0.0,0,0,0,1,0,0,0,1,0,0,0,0,1,0,1
77482,2294,2193,449,465,1975,0.0,0,0.5,0.0,0,0,0,1,0,0,0,1,0,0,0,0,1,0,1
77492,2295,2193,451,464,1974,0.0,0,0.5,0.0,0,0,0,1,0,0,0,1,0,0,0,0,1,0,1
77502,2295,2192,450,462,1974,0.0,0,0.5,0.0,0,0,0,1,0,0,0,1,0,0,0,0,1,0,1
77513,2295,2192,450,466,1974,0.0,0,0.8,0.0,0,0,0,1,0,0,0,1,0,0,0,0,1,0,1
77523,2295,2193,449,465,1974,0.0,0,0.8,0.0,0,0,0,1,0,0,0,1,0,0,0,0,1,0,1
77533,2295,2193,450,464,1974,0.0,0,0.5,0.0,0,0,0,1,0,0,0,1,0,0,0,0,1,0,1
77543,2295,2193,450,465,1974,0.0,0,0.8,0.0,0,0,0,1,0,0,0,1,0,0,0,0,1,0,1
77553,2295,2193,450,464,1974,0.0,0,0.5,0.0,0,0,0,1,0,0,0,1,0,0,0,0,1,0,1
77563,2295,2192,448,464,1974,0.0,0,0.6,0.0,0,0,0,1,0,0,0,1,0,0,0,0,1,0,1
77573,2296,2197,450,465,1974,0.0,0,0.6,0.0,0,0,0,1,0,0,0,1,0,0,0,0,1,0,1
77583,2295,2193,450,464,1974,0.0,0,0.6,0.0,0,0,0,1,0,0,0,1,0,0,0,0,1,0,1
77593,2295,2193,449,464,1974,0.0,0,0.8,0.0,0,0,0,1,0,0,0,1,0,0,0,0,1,0,1
77603,2296,2191,450,463,1974,0.0,0,0.9,0.0,0,0,0,1,0,0,0,1,0,0,0,0,1,0,1
77613,2296,2190,450,464,1974,0.0,0,0.8,0.0,0,0,0,1,0,0,0,1,0,0,0,0,1,0,1
77623,2296,2193,451,464,1974,0.0,0,0.9,0.0,0,0,0,1,0,0,0,1,0,0,0,0,1,0,1
77633,2296,2192,451,463,1974,0.0,0,0.6,0.0,0,0,0,1,0,0,0,1,0,0,0,0,1,0,1
77643,2296,2193,448,463,1974,0.0,0,0.6,0.0,0,0,0,1,0,0,0,1,0,0,0,0,1,0,1
77653,2295,2193,451,463,1974,0.0,0,0.6,0.0,0,0,0,1,0,0,0,1,0,0,0,0,1,0,1
77663,2295,2193,449,464,1974,0.0,0,0.6,0.0,0,0,0,1,0,0,0,1,0,0,0,0,1,0,1
77673,2295,2193,447,464,1974,0.0,0,0.9,0.0,0,0,0,1,0,0,0,1,0,0,0,0,1,0,1
77683,2295,2192,449,463,1974,0.0,0,0.6,0.0,0,0,0,1,0,0,0,1,0,0,0,0,1,0,1
77693,2297,2193,449,463,1975,0.0,0,1.0,0.0,0,0,0,1,0,0,0,1,0,0,0,0,1,0,1
77703,2296,2193,450,465,1974,0.0,0,1.0,0.0,0,0,0,1,0,0,0,1,0,0,0,0,1,0,1
77713,2296,2196,450,465,1974,0.0,0,0.8,0.0,0,0,0,1,0,0,0,1,0,0,0,0,1,0,1
77723,2296,2193,450,464,1974,0.0,0,0.4,0.0,0,0,0,1,0,0,0,1,0,0,0,0,1,0,1
77733,2296,2192,451,465,1973,0.0,0,0.6,0.0,0,0,0,1,0,0,0,1,0,0,0,0,1,0,1
77743,2296,2193,449,465,1973,0.0,0,0.8,0.0,0,0,0,1,0,0,0,1,0,0,0,0,1,0,1
77753,2295,2193,451,465,1973,0.0,0,0.8,0.0,0,0,0,1,0,0,0,1,0,0,0,0,1,0,1
77763,2295,2193,448,465,1974,0.0,0,0.8,0.0,0,0,0,1,0,0,0,1,0,0,0,0,1,0,1
77773,2296,2193,449,466,1974,0.0,0,1.0,0.0,0,0,0,1,0,0,0,1,0,0,0,0,1,0,1
77783,2296,2193,451,465,1974,0.0,0,0.9,0.0,0,0,0,1,0,0,0,1,0,0,0,0,1,0,1
77793,2294,2193,451,467,1974,0.0,0,0.8,0.0,0,0,0,1,0,0,0,1,0,0,0,0,1,0,1
77803,2295,2193,450,464,1974,0.0,0,0.8,0.0,0,0,0,1,0,0,0,1,0,0,0,0,1,0,1
77813,2296,2192,448,462,1974,0.0,0,0.6,0.0,0,0,0,1,0,0,0,1,0,0,0,0,1,0,1
77823,2298,2192,449,467,1974,0.0,0,0.6,0.0,0,0,0,1,0,0,0,1,0,0,0,0,1,0,1
77833,2295,2193,447,465,1974,0.0,0,1.0,0.0,0,0,0,1,0,0,0,1,0,0,0,0,1,0,1
77843,2295,2192,449,464,1975,0.0,0,1.0,0.0,0,0,0,1,0,0,0,1,0,0,0,0,1,0,1
77853,2294,2193,449,464,1974,0.0,0,0.8,0.0,0,0,0,1,0,0,0,1,0,0,0,0,1,0,1
77863,2295,2193,449,462,1975,0.0,0,0.8,0.0,0,0,0,1,0,0,0,1,0,0,0,0,1,0,1
77873,2296,2192,450,463,1974,0.0,0,0.9,0.0,0,0,0,1,0,0,0,1,0,0,0,0,1,0,1
77883,2295,2193,450,465,1974,0.0,0,0.9,0.0,0,0,0,1,0,0,0,1,0,0,0,0,1,0,1
77893,2295,2193,450,463,1975,0.0,0,0.6,0.0,0,0,0,1,0,0,0,1,0,0,0,0,1,0,1
77903,2295,2193,450,463,1975,0.0,0,0.6,0.0,0,0,0,1,0,0,0,1,0,0,0,0,1,0,1
77913,2293,2192,450,464,1975,0.0,0,0.8,0.0,0,0,0,1,0,0,0,1,0,0,0,0,1,0,1
77923,2295,2193,449,465,1974,0.0,0,0.8,0.0,0,0,0,1,0,0,0,1,0,0,0,0,1,0,1
77933,2296,2192,451,464,1974,0.0,0,0.6,0.0,0,0,0,1,0,0,0,1,0,0,0,0,1,0,1
77943,2295,2193,449,464,1974,0.0,0,0.6,0.0,0,0,0,1,0,0,0,1,0,0,0,0,1,0,1
77953,2275,2192,450,464,1974,0.0,0,0.9,0.0,0,0,0,1,0,0,0,1,0,0,0,0,1,0,1
77963,2295,2193,450,463,1974,0.0,0,0.8,0.0,0,0,0,1,0,0,0,1,0,0,0,0,1,0,1
77973,2295,2192,450,464,1973,0.0,0,0.8,0.0,0,0,0,1,0,0,0,1,0,0,0,0,1,0,1
77983,2295,2192,448,462,1974,0.0,0,0.8,0.0,0,0,0,1,0,0,0,1,0,0,0,0,1,0,1
77993,2295,2193,450,462,1974,0.0,0,0.8,0.0,0,0,0,1,0,0,0,1,0,0,0,0,1,0,1
78003,2295,2193,451,464,1977,0.0,0,0.8,0.0,0,0,0,1,0,0,0,1,0,0,0,0,1,0,1
78013,2295,2192,448,464,1974,0.0,0,0.9,0.0,0,0,0,1,0,0,0,1,0,0,0,0,1,0,1
78023,2298,2192,450,464,1974,0.0,0,0.9,0.0,0,0,0,1,0,0,0,1,0,0,0,0,1,0,1
78033,2295,2194,449,464,1975,0.0,0,0.8,0.0,0,0,0,1,0,0,0,1,0,0,0,0,1,0,1
78043,2295,2195,448,464,1975,0.0,0,0.8,0.0,0,0,0,1,0,0,0,1,0,0,0,0,1,0,1
78053,2291,2193,450,465,1974,0.0,0,0.8,0.0,0,0,0,1,0,0,0,1,0,0,0,0,1,0,1
78063,2296,2192,447,465,1974,0.0,0,0.8,0.0,0,0,0,1,0,0,0,1,0,0,0,0,1,0,1
78073,2295,2193,451,464,1974,0.0,0,0.8,0.0,0,0,0,1,0,0,0,1,0,0,0,0,1,0,1
78083,2295,2193,450,464,1974,0.0,0,0.9,0.0,0,0,0,1,0,0,0,1,0,0,0,0,1,0,1
78093,2293,2193,449,463,1973,0.0,0,0.8,0.0,0,0,0,1,0,0,0,1,0,0,0,0,1,0,1
78103,2295,2192,450,465,1974,0.0,0,0.6,0.0,0,0,0,1,0,0,0,1,0,0,0,0,1,0,1
78113,2297,2193,450,463,1974,0.0,0,0.6,0.0,0,0,0,1,0,0,0,1,0,0,0,0,1,0,1
78123,2296,2192,450,463,1974,0.0,0,0.6,0.0,0,0,0,1,0,0,0,1,0,0,0,0,1,0,1
78133,2294,2193,450,465,1974,0.0,0,0.6,0.0,0,0,0,1,0,0,0,1,0,0,0,0,1,0,1
78143,2293,2193,450,465,1974,0.0,0,0.6,0.0,0,0,0,1,0,0,0,1,0,0,0,0,1,0,1
78153,2295,2193,450,466,1973,0.0,0,0.8,0.0,0,0,0,1,0,0,0,1,0,0,0,0,1,0,1
78163,2295,2193,449,464,1974,0.0,0,0.9,0.0,0,0,0,1,0,0,0,1,0,0,0,0,1,0,1
78173,2296,2193,449,464,1973,0.0,0,0.8,0.0,0,0,0,1,0,0,0,1,0,0,0,0,1,0,1
78183,2295,2193,450,465,1974,0.0,0,0.8,0.0,0,0,0,1,0,0,0,1,0,0,0,0,1,0,1
78193,2295,2194,449,464,1974,0.0,0,0.8,0.0,0,0,0,1,0,0,0,1,0,0,0,0,1,0,1
78203,2295,2193,449,465,1974,0.0,0,0.5,0.0,0,0,0,1,0,0,0,1,0,0,0,0,1,0,1
78213,2296,2193,451,465,1974,0.0,0,0.8,0.0,0,0,0,1,0,0,0,1,0,0,0,0,1,0,1
78223,2296,2193,450,465,1973,0.0,0,0.6,0.0,0,0,0,1,0,0,0,1,0,0,0,0,1,0,1
78233,2296,2194,450,462,1973,0.0,0,0.6,0.0,0,0,0,1,0,0,0,1,0,0,0,0,1,0,1
78243,2299,2192,449,465,1973,0.0,0,0.6,0.0,0,0,0,1,0,0,0,1,0,0,0,0,1,0,1
78253,2296,2193,450,464,1974,0.0,0,0.9,0.0,0,0,0,1,0,0,0,1,0,0,0,0,1,0,1
78263,2296,2193,449,464,1974,0.0,0,0.6,0.0,0,0,0,1,0,0,0,1,0,0,0,0,1,0,1
78273,2296,2190,450,464,1973,0.0,0,0.8,0.0,0,0,0,1,0,0,0,1,0,0,0,0,1,0,1
78283,2295,2192,449,464,1974,0.0,0,0.6,0.0,0,0,0,1,0,0,0,1,0,0,0,0,1,0,1
78293,2296,2192,448,464,1974,0.0,0,0.5,0.0,0,0,0,1,0,0,0,1,0,0,0,0,1,0,1
78303,2295,2192,448,464,1975,0.0,0,0.5,0.0,0,0,0,1,0,0,0,1,0,0,0,0,1,0,1
78313,2295,2191,448,464,1974,0.0,0,0.6,0.0,0,0,0,1,0,0,0,1,0,0,0,0,1,0,1
78323,2294,2192,449,463,1975,0.0,0,0.6,0.0,0,0,0,1,0,0,0,1,0,0,0,0,1,0,1
78333,2295,2192,450,465,1974,0.0,0,0.6,0.0,0,0,0,1,0,0,0,1,0,0,0,0,1,0,1
78343,2295,2192,449,465,1974,0.0,0,0.8,0.0,0,0,0,1,0,0,0,1,0,0,0,0,1,0,1
78353,2294,2192,449,467,1974,0.0,0,0.5,0.0,0,0,0,1,0,0,0,1,0,0,0,0,1,0,1
78363,2295,2192,449,465,1974,0.0,0,0.5,0.0,0,0,0,1,0,0,0,1,0,0,0,0,1,0,1
78373,2294,2192,449,465,1974,0.0,0,0.6,0.0,0,0,0,1,0,0,0,1,0,0,0,0,1,0,1
78383,2298,2192,449,464,1974,0.0,0,0.5,0.0,0,0,0,1,0,0,0,1,0,0,0,0,1,0,1
78393,2295,2192,448,465,1973,0.0,0,0.6,0.0,0,0,0,1,0,0,0,1,0,0,0,0,1,0,1
78403,2295,2192,449,464,1975,0.0,0,0.9,0.0,0,0,0,1,0,0,0,1,0,0,0,0,1,0,1
78413,2294,2193,449,463,1973,0.0,0,0.6,0.0,0,0,0,1,0,0,0,1,0,0,0,0,1,0,1
78423,2296,2193,449,466,1974,0.0,0,0.6,0.0,0,0,0,1,0,0,0,1,0,0,0,0,1,0,1
78433,2295,2192,449,465,1974,0.0,0,0.8,0.0,0,0,0,1,0,0,0,1,0,0,0,0,1,0,1
78443,2295,2193,448,465,1975,0.0,0,0.5,0.0,0,0,0,1,0,0,0,1,0,0,0,0,1,0,1
78453,2299,2192,449,465,1975,0.0,0,0.6,0.0,0,0,0,1,0,0,0,1,0,0,0,0,1,0,1
78463,2294,2193,450,464,1976,0.0,0,0.9,0.0,0,0,0,1,0,0,0,1,0,0,0,0,1,0,1
78473,2294,2194,450,464,1973,0.0,0,0.9,0.0,0,0,0,1,0,0,0,1,0,0,0,0,1,0,1
78483,2295,2193,449,464,1978,0.0,0,0.9,0.0,0,0,0,1,0,0,0,1,0,0,0,0,1,0,1
78493,2298,2193,450,466,1976,0.0,0,0.8,0.0,0,0,0,1,0,0,0,1,0,0,0,0,1,0,1
78503,2295,2190,453,465,1975,0.0,0,0.4,0.0,0,0,0,1,0,0,0,1,0,0,0,0,1,0,1
78513,2294,2192,450,465,1974,0.0,0,0.5,0.0,0,0,0,1,0,0,0,1,0,0,0,0,1,0,1
78523,2293,2192,451,464,1975,0.0,0,0.6,0.0,0,0,0,1,0,0,0,1,0,0,0,0,1,0,1
78533,2296,2195,450,465,1974,0.0,0,0.6,0.0,0,0,0,1,0,0,0,1,0,0,0,0,1,0,1
78543,2296,2193,449,463,1974,0.0,0,0.6,0.0,0,0,0,1,0,0,0,1,0,0,0,0,1,0,1
78553,2295,2193,451,465,1973,0.0,0,0.9,0.0,0,0,0,1,0,0,0,1,0,0,0,0,1,0,1
78563,2295,2193,449,465,1974,0.0,0,0.5,0.0,0,0,0,1,0,0,0,1,0,0,0,0,1,0,1
78573,2299,2193,450,464,1975,0.0,0,1.5,0.0,0,0,0,1,0,0,0,1,0,0,0,0,1,0,1
78583,2295,2193,450,464,1974,0.0,0,0.6,0.0,0,0,0,1,0,0,0,1,0,0,0,0,1,0,1
78593,2296,2193,448,464,1973,0.0,0,0.8,0.0,0,0,0,1,0,0,0,1,0,0,0,0,1,0,1
78603,2295,2193,449,465,1974,0.0,0,0.8,0.0,0,0,0,1,0,0,0,1,0,0,0,0,1,0,1
78613,2291,2193,449,463,1974,0.0,0,0.4,0.0,0,0,0,1,0,0,0,1,0,0,0,0,1,0,1
78623,2295,2193,446,464,1974,0.0,0,0.5,0.0,0,0,0,1,0,0,0,1,0,0,0,0,1,0,1
78633,2295,2192,449,465,1974,0.0,0,0.5,0.0,0,0,0,1,0,0,0,1,0,0,0,0,1,0,1
78643,2296,2193,450,465,1973,0.0,0,0.6,0.0,0,0,0,1,0,0,0,1,0,0,0,0,1,0,1
78653,2296,2193,449,466,1973,0.0,0,0.4,0.0,0,0,0,1,0,0,0,1,0,0,0,0,1,0,1
78663,2296,2195,450,465,1974,0.0,0,0.4,0.0,0,0,0,1,0,0,0,1,0,0,0,0,1,0,1
78673,2296,2194,451,464,1974,0.0,0,0.5,0.0,0,0,0,1,0,0,0,1,0,0,0,0,1,0,1
78683,2297,2193,448,465,1974,0.0,0,0.6,0.0,0,0,0,1,0,0,0,1,0,0,0,0,1,0,1
78693,2295,2192,450,464,1975,0.0,0,0.6,0.0,0,0,0,1,0,0,0,1,0,0,0,0,1,0,1
78703,2295,2193,449,465,1976,0.0,0,0.6,0.0,0,0,0,1,0,0,0,1,0,0,0,0,1,0,1
78713,2297,2192,447,464,1974,0.0,0,0.8,0.0,0,0,0,1,0,0,0,1,0,0,0,0,1,0,1
78723,2295,2193,450,465,1974,0.0,0,0.8,0.0,0,0,0,1,0,0,0,1,0,0,0,0,1,0,1
78733,2295,2192,449,465,1974,0.0,0,0.8,0.0,0,0,0,1,0,0,0,1,0,0,0,0,1,0,1
78743,2295,2193,450,465,1974,0.0,0,0.8,0.0,0,0,0,1,0,0,0,1,0,0,0,0,1,0,1
78753,2292,2193,452,463,1973,0.0,0,0.8,0.0,0,0,0,1,0,0,0,1,0,0,0,0,1,0,1
78763,2295,2193,449,465,1974,0.0,0,0.8,0.0,0,0,0,1,0,0,0,1,0,0,0,0,1,0,1
78773,2295,2192,449,464,1974,0.0,0,0.4,0.0,0,0,0,1,0,0,0,1,0,0,0,0,1,0,1
78783,2296,2193,449,466,1974,0.0,0,0.4,0.0,0,0,0,1,0,0,0,1,0,0,0,0,1,0,1
78793,2295,2193,451,465,1974,0.0,0,0.8,0.0,0,0,0,1,0,0,0,1,0,0,0,0,1,0,1
78803,2295,2192,449,464,1974,0.0,0,0.8,0.0,0,0,0,1,0,0,0,1,0,0,0,0,1,0,1
78813,2295,2193,450,464,1974,0.0,0,0.8,0.0,0,0,0,1,0,0,0,1,0,0,0,0,1,0,1
78823,2295,2192,452,464,1975,0.0,0,0.9,0.0,0,0,0,1,0,0,0,1,0,0,0,0,1,0,1
78833,2296,2193,448,464,1974,0.0,0,0.9,0.0,0,0,0,1,0,0,0,1,0,0,0,0,1,0,1
78843,2324,2192,448,464,1975,0.0,0,0.9,0.0,0,0,0,1,0,0,0,1,0,0,0,0,1,0,1
78853,2295,2192,449,463,1975,0.0,0,1.0,0.0,0,0,0,1,0,0,0,1,0,0,0,0,1,0,1
78863,2296,2192,449,464,1974,0.0,0,1.2,0.0,0,0,0,1,0,0,0,1,0,0,0,0,1,0,1
78873,2295,2192,449,465,1974,0.0,0,0.9,0.0,0,0,0,1,0,0,0,1,0,0,0,0,1,0,1
78883,2294,2193,449,464,1975,0.0,0,0.9,0.0,0,0,0,1,0,0,0,1,0,0,0,0,1,0,1
78893,2296,2193,449,465,1975,0.0,0,0.6,0.0,0,0,0,1,0,0,0,1,0,0,0,0,1,0,1
78903,2295,2193,450,465,1975,0.0,0,0.6,0.0,0,0,0,1,0,0,0,1,0,0,0,0,1,0,1
78913,2294,2192,449,465,1974,0.0,0,0.8,0.0,0,0,0,1,0,0,0,1,0,0,0,0,1,0,1
78923,2295,2192,451,464,1974,0.0,0,0.6,0.0,0,0,0,1,0,0,0,1,0,0,0,0,1,0,1
78933,2295,2193,450,465,1974,0.0,0,1.4,0.0,0,0,0,1,0,0,0,1,0,0,0,0,1,0,1
78943,2294,2192,453,464,1974,0.0,0,1.0,0.0,0,0,0,1,0,0,0,1,0,0,0,0,1,0,1
78953,2296,2192,450,465,1976,0.0,0,0.9,0.0,0,0,0,1,0,0,0,1,0,0,0,0,1,0,1
78963,2295,2192,449,465,1974,0.0,0,0.9,0.0,0,0,0,1,0,0,0,1,0,0,0,0,1,0,1
78973,2295,2194,447,465,1974,0.0,0,0.9,0.0,0,0,0,1,0,0,0,1,0,0,0,0,1,0,1
78983,2295,2193,452,465,1974,0.0,0,0.6,0.0,0,0,0,1,0,0,0,1,0,0,0,0,1,0,1
78993,2295,2193,450,464,1974,0.0,0,0.9,0.0,0,0,0,1,0,0,0,1,0,0,0,0,1,0,1
79003,2295,2192,450,463,1974,0.0,0,0.8,0.0,0,0,0,1,0,0,0,1,0,0,0,0,1,0,1
79013,2295,2191,450,465,1974,0.0,0,1.0,0.0,0,0,0,1,0,0,0,1,0,0,0,0,1,0,1
79023,2295,2192,449,466,1974,0.0,0,1.0,0.0,0,0,0,1,0,0,0,1,0,0,0,0,1,0,1
79033,2295,2192,448,464,1975,0.0,0,0.9,0.0,0,0,0,1,0,0,0,1,0,0,0,0,1,0,1
79043,2295,2192,450,466,1974,0.0,0,0.8,0.0,0,0,0,1,0,0,0,1,0,0,0,0,1,0,1
79053,2295,2193,450,462,1974,0.0,0,0.8,0.0,0,0,0,1,0,0,0,1,0,0,0,0,1,0,1
79063,2295,2192,453,465,1974,0.0,0,0.8,0.0,0,0,0,1,0,0,0,1,0,0,0,0,1,0,1
79073,2297,2193,450,466,1974,0.0,0,0.8,0.0,0,0,0,1,0,0,0,1,0,0,0,0,1,0,1
79083,2296,2193,450,464,1974,0.0,0,0.8,0.0,0,0,0,1,0,0,0,1,0,0,0,0,1,0,1
79093,2294,2193,448,465,1974,0.0,0,0.6,0.0,0,0,0,1,0,0,0,1,0,0,0,0,1,0,1
79103,2295,2192,446,465,1974,0.0,0,0.8,0.0,0,0,0,1,0,0,0,1,0,0,0,0,1,0,1
79113,2296,2193,449,464,1974,0.0,0,0.8,0.0,0,0,0,1,0,0,0,1,0,0,0,0,1,0,1
79123,2295,2196,449,463,1973,0.0,0,1.0,0.0,0,0,0,1,0,0,0,1,0,0,0,0,1,0,1
79133,2295,2193,450,465,1974,0.0,0,1.1,0.0,0,0,0,1,0,0,0,1,0,0,0,0,1,0,1
79143,2296,2193,450,466,1974,0.0,0,1.1,0.0,0,0,0,1,0,0,0,1,0,0,0,0,1,0,1
79153,2295,2193,449,465,1974,0.0,0,1.0,0.0,0,0,0,1,0,0,0,1,0,0,0,0,1,0,1
79163,2295,2193,453,465,1974,0.0,0,0.6,0.0,0,0,0,1,0,0,0,1,0,0,0,0,1,0,1
79173,2296,2193,449,463,1974,0.0,0,1.0,0.0,0,0,0,1,0,0,0,1,0,0,0,0,1,0,1
79183,2295,2193,449,465,1974,0.0,0,1.0,0.0,0,0,0,1,0,0,0,1,0,0,0,0,1,0,1
79193,2297,2193,448,463,1975,0.0,0,0.8,0.0,0,0,0,1,0,0,0,1,0,0,0,0,1,0,1
79203,2296,2193,450,465,1973,0.0,0,0.8,0.0,0,0,0,1,0,0,0,1,0,0,0,0,1,0,1
79213,2295,2196,449,465,1974,0.0,0,0.6,0.0,0,0,0,1,0,0,0,1,0,0,0,0,1,0,1
79223,2294,2193,449,465,1974,0.0,0,0.8,0.0,0,0,0,1,0,0,0,1,0,0,0,0,1,0,1
79233,2295,2193,449,465,1974,0.0,0,0.9,0.0,0,0,0,1,0,0,0,1,0,0,0,0,1,0,1
79243,2295,2193,451,465,1972,0.0,0,0.6,0.0,0,0,0,1,0,0,0,1,0,0,0,0,1,0,1
79253,2297,2192,449,465,1975,0.0,0,0.8,0.0,0,0,0,1,0,0,0,1,0,0,0,0,1,0,1
79263,2296,2192,455,466,1974,0.0,0,0.8,0.0,0,0,0,1,0,0,0,1,0,0,0,0,1,0,1
79273,2295,2192,450,464,1973,0.0,0,0.9,0.0,0,0,0,1,0,0,0,1,0,0,0,0,1,0,1
79293,2295,2192,449,464,1973,0.0,0,0.9,0.0,0,0,0,1,0,0,0,1,0,0,0,0,1,0,1
79303,2295,2192,450,467,1974,0.0,0,0.4,0.0,0,0,0,1,0,0,0,1,0,0,0,0,1,0,1
79313,2295,2192,450,464,1974,0.0,0,0.6,0.0,0,0,0,1,0,0,0,1,0,0,0,0,1,0,1
79323,2293,2192,448,464,1974,0.0,0,0.6,0.0,0,0,0,1,0,0,0,1,0,0,0,0,1,0,1
79333,2294,2192,450,463,1974,0.0,0,0.8,0.0,0,0,0,1,0,0,0,1,0,0,0,0,1,0,1
79343,2294,2192,450,464,1975,0.0,0,0.8,0.0,0,0,0,1,0,0,0,1,0,0,0,0,1,0,1
79353,2292,2192,450,465,1974,0.0,0,0.5,0.0,0,0,0,1,0,0,0,1,0,0,0,0,1,0,1
79363,2295,2192,449,463,1974,0.0,0,0.9,0.0,0,0,0,1,0,0,0,1,0,0,0,0,1,0,1
79373,2294,2192,449,464,1974,0.0,0,0.8,0.0,0,0,0,1,0,0,0,1,0,0,0,0,1,0,1
79383,2295,2192,449,464,1972,0.0,0,0.8,0.0,0,0,0,1,0,0,0,1,0,0,0,0,1,0,1
79393,2295,2192,450,464,1974,0.0,0,1.0,0.0,0,0,0,1,0,0,0,1,0,0,0,0,1,0,1
79403,2295,2193,450,465,1974,0.0,0,0.5,0.0,0,0,0,1,0,0,0,1,0,0,0,0,1,0,1
79413,2295,2193,447,465,1974,0.0,0,0.5,0.0,0,0,0,1,0,0,0,1,0,0,0,0,1,0,1
79423,2295,2192,447,464,1974,0.0,0,0.8,0.0,0,0,0,1,0,0,0,1,0,0,0,0,1,0,1
79433,2296,2193,450,464,1974,0.0,0,0.8,0.0,0,0,0,1,0,0,0,1,0,0,0,0,1,0,1
79443,2295,2193,450,464,1975,0.0,0,0.8,0.0,0,0,0,1,0,0,0,1,0,0,0,0,1,0,1
79453,2295,2192,449,464,1974,0.0,0,0.6,0.0,0,0,0,1,0,0,0,1,0,0,0,0,1,0,1
79463,2296,2193,450,464,1974,0.0,0,0.6,0.0,0,0,0,1,0,0,0,1,0,0,0,0,1,0,1
79473,2295,2193,449,465,1977,0.0,0,0.8,0.0,0,0,0,1,0,0,0,1,0,0,0,0,1,0,1
79483,2295,2193,450,464,1975,0.0,0,0.9,0.0,0,0,0,1,0,0,0,1,0,0,0,0,1,0,1
79493,2297,2193,449,467,1961,0.0,0,0.8,0.0,0,0,0,1,0,0,0,1,0,0,0,0,1,0,1
79503,2296,2193,451,465,1973,0.0,0,0.8,0.0,0,0,0,1,0,0,0,1,0,0,0,0,1,0,1
79513,2295,2193,450,465,1974,0.0,0,0.6,0.0,0,0,0,1,0,0,0,1,0,0,0,0,1,0,1
79523,2294,2192,448,464,1975,0.0,0,0.5,0.0,0,0,0,1,0,0,0,1,0,0,0,0,1,0,1
79533,2296,2193,449,464,1973,0.0,0,0.5,0.0,0,0,0,1,0,0,0,1,0,0,0,0,1,0,1
79543,2294,2192,449,463,1974,0.0,0,0.6,0.0,0,0,0,1,0,0,0,1,0,0,0,0,1,0,1
79553,2294,2193,449,464,1974,0.0,0,0.9,0.0,0,0,0,1,0,0,0,1,0,0,0,0,1,0,1
79563,2296,2192,452,465,1972,0.0,0,0.9,0.0,0,0,0,1,0,0,0,1,0,0,0,0,1,0,1
79573,2293,2193,450,465,1973,0.0,0,0.6,0.0,0,0,0,1,0,0,0,1,0,0,0,0,1,0,1
79583,2295,2193,448,464,1974,0.0,0,0.9,0.0,0,0,0,1,0,0,0,1,0,0,0,0,1,0,1
79593,2296,2193,450,465,1974,0.0,0,0.8,0.0,0,0,0,1,0,0,0,1,0,0,0,0,1,0,1
79603,2295,2192,449,463,1974,0.0,0,0.6,0.0,0,0,0,1,0,0,0,1,0,0,0,0,1,0,1
79613,2294,2193,448,465,1974,0.0,0,0.9,0.0,0,0,0,1,0,0,0,1,0,0,0,0,1,0,1
79623,2296,2193,449,464,1974,0.0,0,0.9,0.0,0,0,0,1,0,0,0,1,0,0,0,0,1,0,1
79633,2296,2192,450,464,1974,0.0,0,0.6,0.0,0,0,0,1,0,0,0,1,0,0,0,0,1,0,1
79643,2296,2193,450,466,1973,0.0,0,0.9,0.0,0,0,0,1,0,0,0,1,0,0,0,0,1,0,1
79653,2295,2192,449,464,1973,0.0,0,0.8,0.0,0,0,0,1,0,0,0,1,0,0,0,0,1,0,1
79663,2296,2193,450,465,1974,0.0,0,0.6,0.0,0,0,0,1,0,0,0,1,0,0,0,0,1,0,1
79673,2297,2193,448,464,1974,0.0,0,0.8,0.0,0,0,0,1,0,0,0,1,0,0,0,0,1,0,1
79683,2295,2193,450,467,1974,0.0,0,0.8,0.0,0,0,0,1,0,0,0,1,0,0,0,0,1,0,1
79693,2295,2192,448,465,1974,0.0,0,0.6,0.0,0,0,0,1,0,0,0,1,0,0,0,0,1,0,1
79703,2293,2193,448,464,1975,0.0,0,0.6,0.0,0,0,0,1,0,0,0,1,0,0,0,0,1,0,1
79713,2295,2192,450,465,1976,0.0,0,0.8,0.0,0,0,0,1,0,0,0,1,0,0,0,0,1,0,1
79723,2296,2193,450,464,1974,0.0,0,0.6,0.0,0,0,0,1,0,0,0,1,0,0,0,0,1,0,1
79733,2296,2193,449,464,1976,0.0,0,0.9,0.0,0,0,0,1,0,0,0,1,0,0,0,0,1,0,1
79743,2295,2192,450,465,1974,0.0,0,0.9,0.0,0,0,0,1,0,0,0,1,0,0,0,0,1,0,1
79753,2296,2192,450,464,1974,0.0,0,0.9,0.0,0,0,0,1,0,0,0,1,0,0,0,0,1,0,1
79763,2295,2193,451,465,1973,0.0,0,0.6,0.0,0,0,0,1,0,0,0,1,0,0,0,0,1,0,1
79773,2295,2194,449,465,1974,0.0,0,0.8,0.0,0,0,0,1,0,0,0,1,0,0,0,0,1,0,1
79783,2294,2193,450,464,1974,0.0,0,1.0,0.0,0,0,0,1,0,0,0,1,0,0,0,0,1,0,1
79793,2296,2192,449,464,1974,0.0,0,0.9,0.0,0,0,0,1,0,0,0,1,0,0,0,0,1,0,1
79803,2295,2193,450,464,1974,0.0,0,0.9,0.0,0,0,0,1,0,0,0,1,0,0,0,0,1,0,1
79813,2294,2193,449,466,1975,0.0,0,0.8,0.0,0,0,0,1,0,0,0,1,0,0,0,0,1,0,1
79823,2293,2193,449,465,1975,0.0,0,0.8,0.0,0,0,0,1,0,0,0,1,0,0,0,0,1,0,1
79833,2293,2193,449,465,1974,0.0,0,0.5,0.0,0,0,0,1,0,0,0,1,0,0,0,0,1,0,1
79843,2294,2192,449,465,1974,0.0,0,1.0,0.0,0,0,0,1,0,0,0,1,0,0,0,0,1,0,1
79853,2296,2192,449,463,1974,0.0,0,0.6,0.0,0,0,0,1,0,0,0,1,0,0,0,0,1,0,1
79863,2296,2193,449,465,1974,0.0,0,0.6,0.0,0,0,0,1,0,0,0,1,0,0,0,0,1,0,1
79873,2294,2192,449,464,1974,0.0,0,0.4,0.0,0,0,0,1,0,0,0,1,0,0,0,0,1,0,1
79883,2294,2192,449,465,1975,0.0,0,0.9,0.0,0,0,0,1,0,0,0,1,0,0,0,0,1,0,1
79893,2295,2195,450,464,1974,0.0,0,0.6,0.0,0,0,0,1,0,0,0,1,0,0,0,0,1,0,1
79903,2295,2192,449,462,1974,0.0,0,0.8,0.0,0,0,0,1,0,0,0,1,0,0,0,0,1,0,1
79913,2295,2192,449,464,1974,0.0,0,0.5,0.0,0,0,0,1,0,0,0,1,0,0,0,0,1,0,1
79923,2293,2193,450,464,1974,0.0,0,0.5,0.0,0,0,0,1,0,0,0,1,0,0,0,0,1,0,1
79933,2296,2192,451,464,1974,0.0,0,0.6,0.0,0,0,0,1,0,0,0,1,0,0,0,0,1,0,1
79943,2294,2192,450,465,1974,0.0,0,0.8,0.0,0,0,0,1,0,0,0,1,0,0,0,0,1,0,1
79953,2295,2191,449,463,1974,0.0,0,0.8,0.0,0,0,0,1,0,0,0,1,0,0,0,0,1,0,1
79963,2295,2193,450,464,1975,0.0,0,0.8,0.0,0,0,0,1,0,0,0,1,0,0,0,0,1,0,1
79973,2296,2193,451,463,1973,0.0,0,0.8,0.0,0,0,0,1,0,0,0,1,0,0,0,0,1,0,1
79983,2296,2192,450,466,1975,0.0,0,0.8,0.0,0,0,0,1,0,0,0,1,0,0,0,0,1,0,1
79993,2295,2193,449,464,1974,0.0,0,0.4,0.0,0,0,0,1,0,0,0,1,0,0,0,0,1,0,1
80003,2295,2193,450,465,1975,0.0,0,0.6,0.0,0,0,0,1,0,0,0,1,0,0,0,0,1,0,1
80013,2294,2193,448,465,1974,0.0,0,1.0,0.0,0,0,0,1,0,0,0,1,0,0,0,0,1,0,1
80023,2291,2192,449,464,1974,0.0,0,1.0,0.0,0,0,0,1,0,0,0,1,0,0,0,0,1,0,1
80033,2296,2193,449,464,1974,0.0,0,0.6,0.0,0,0,0,1,0,0,0,1,0,0,0,0,1,0,1
80043,2295,2192,450,463,1975,0.0,0,0.6,0.0,0,0,0,1,0,0,0,1,0,0,0,0,1,0,1
80053,2295,2193,450,464,1974,0.0,0,0.6,0.0,0,0,0,1,0,0,0,1,0,0,0,0,1,0,1
80063,2296,2193,449,464,1973,0.0,0,0.6,0.0,0,0,0,1,0,0,0,1,0,0,0,0,1,0,1
80073,2296,2193,449,465,1974,0.0,0,0.6,0.0,0,0,0,1,0,0,0,1,0,0,0,0,1,0,1
80083,2295,2192,450,464,1974,0.0,0,0.6,0.0,0,0,0,1,0,0,0,1,0,0,0,0,1,0,1
80093,2296,2192,450,464,1974,0.0,0,0.8,0.0,0,0,0,1,0,0,0,1,0,0,0,0,1,0,1
80103,2296,2193,450,466,1974,0.0,0,0.8,0.0,0,0,0,1,0,0,0,1,0,0,0,0,1,0,1
80113,2295,2193,449,464,1973,0.0,0,0.6,0.0,0,0,0,1,0,0,0,1,0,0,0,0,1,0,1
80123,2296,2193,450,464,1974,0.0,0,0.8,0.0,0,0,0,1,0,0,0,1,0,0,0,0,1,0,1
80133,2295,2193,451,465,1974,0.0,0,0.9,0.0,0,0,0,1,0,0,0,1,0,0,0,0,1,0,1
80143,2295,2193,450,463,1974,0.0,0,0.9,0.0,0,0,0,1,0,0,0,1,0,0,0,0,1,0,1
80153,2298,2193,449,464,1973,0.0,0,0.5,0.0,0,0,0,1,0,0,0,1,0,0,0,0,1,0,1
80163,2295,2194,450,463,1973,0.0,0,0.5,0.0,0,0,0,1,0,0,0,1,0,0,0,0,1,0,1
80173,2294,2193,448,466,1974,0.0,0,0.5,0.0,0,0,0,1,0,0,0,1,0,0,0,0,1,0,1
80183,2295,2193,449,465,1974,0.0,0,0.8,0.0,0,0,0,1,0,0,0,1,0,0,0,0,1,0,1
80193,2295,2193,449,464,1974,0.0,0,0.9,0.0,0,0,0,1,0,0,0,1,0,0,0,0,1,0,1
80203,2296,2193,451,463,1974,0.0,0,0.9,0.0,0,0,0,1,0,0,0,1,0,0,0,0,1,0,1
80213,2295,2192,449,465,1974,0.0,0,1.1,0.0,0,0,0,1,0,0,0,1,0,0,0,0,1,0,1
80223,2300,2193,450,465,1974,0.0,0,1.1,0.0,0,0,0,1,0,0,0,1,0,0,0,0,1,0,1
80233,2296,2192,450,465,1974,0.0,0,0.8,0.0,0,0,0,1,0,0,0,1,0,0,0,0,1,0,1
80243,2295,2194,449,463,1975,0.0,0,0.8,0.0,0,0,0,1,0,0,0,1,0,0,0,0,1,0,1
80253,2295,2193,450,464,1974,0.0,0,1.1,0.0,0,0,0,1,0,0,0,1,0,0,0,0,1,0,1
80263,2295,2193,449,465,1975,0.0,0,0.5,0.0,0,0,0,1,0,0,0,1,0,0,0,0,1,0,1
80273,2294,2192,450,463,1974,0.0,0,0.6,0.0,0,0,0,1,0,0,0,1,0,0,0,0,1,0,1
80283,2295,2192,450,464,1974,0.0,0,0.6,0.0,0,0,0,1,0,0,0,1,0,0,0,0,1,0,1
80293,2293,2192,449,464,1973,0.0,0,0.8,0.0,0,0,0,1,0,0,0,1,0,0,0,0,1,0,1
80303,2295,2192,450,465,1974,0.0,0,0.9,0.0,0,0,0,1,0,0,0,1,0,0,0,0,1,0,1
80313,2295,2192,451,465,1974,0.0,0,0.6,0.0,0,0,0,1,0,0,0,1,0,0,0,0,1,0,1
80323,2294,2191,449,464,1974,0.0,0,0.6,0.0,0,0,0,1,0,0,0,1,0,0,0,0,1,0,1
80333,2296,2193,450,463,1973,0.0,0,0.6,0.0,0,0,0,1,0,0,0,1,0,0,0,0,1,0,1
80343,2295,2192,450,464,1974,0.0,0,0.6,0.0,0,0,0,1,0,0,0,1,0,0,0,0,1,0,1
80353,2293,2191,450,465,1971,0.0,0,0.8,0.0,0,0,0,1,0,0,0,1,0,0,0,0,1,0,1
80363,2294,2192,451,464,1971,0.0,0,0.5,0.0,0,0,0,1,0,0,0,1,0,0,0,0,1,0,1
80373,2294,2191,449,465,1974,0.0,0,0.6,0.0,0,0,0,1,0,0,0,1,0,0,0,0,1,0,1
80383,2295,2193,450,466,1974,0.0,0,0.9,0.0,0,0,0,1,0,0,0,1,0,0,0,0,1,0,1
80393,2299,2192,450,464,1974,0.0,0,0.6,0.0,0,0,0,1,0,0,0,1,0,0,0,0,1,0,1
80403,2295,2192,450,464,1975,0.0,0,0.6,0.0,0,0,0,1,0,0,0,1,0,0,0,0,1,0,1
80413,2295,2192,450,465,1974,0.0,0,0.8,0.0,0,0,0,1,0,0,0,1,0,0,0,0,1,0,1
80423,2295,2192,451,465,1975,0.0,0,0.8,0.0,0,0,0,1,0,0,0,1,0,0,0,0,1,0,1
80433,2295,2192,449,464,1975,0.0,0,0.8,0.0,0,0,0,1,0,0,0,1,0,0,0,0,1,0,1
80443,2296,2190,451,464,1973,0.0,0,0.8,0.0,0,0,0,1,0,0,0,1,0,0,0,0,1,0,1
80453,2294,2193,452,463,1973,0.0,0,0.8,0.0,0,0,0,1,0,0,0,1,0,0,0,0,1,0,1
80463,2295,2192,450,466,1974,0.0,0,0.8,0.0,0,0,0,1,0,0,0,1,0,0,0,0,1,0,1
80473,2295,2191,450,465,1974,0.0,0,0.9,0.0,0,0,0,1,0,0,0,1,0,0,0,0,1,0,1
80483,2295,2193,448,465,1974,0.0,0,0.8,0.0,0,0,0,1,0,0,0,1,0,0,0,0,1,0,1
80493,2295,2192,449,465,1974,0.0,0,1.0,0.0,0,0,0,1,0,0,0,1,0,0,0,0,1,0,1
80503,2296,2192,447,465,1974,0.0,0,0.5,0.0,0,0,0,1,0,0,0,1,0,0,0,0,1,0,1
80513,2296,2192,447,464,1974,0.0,0,0.6,0.0,0,0,0,1,0,0,0,1,0,0,0,0,1,0,1
80523,2295,2194,448,464,1974,0.0,0,0.6,0.0,0,0,0,1,0,0,0,1,0,0,0,0,1,0,1
80533,2295,2192,448,465,1975,0.0,0,0.6,0.0,0,0,0,1,0,0,0,1,0,0,0,0,1,0,1
80543,2295,2193,449,466,1974,0.0,0,0.6,0.0,0,0,0,1,0,0,0,1,0,0,0,0,1,0,1
80553,2295,2193,449,464,1974,0.0,0,0.6,0.0,0,0,0,1,0,0,0,1,0,0,0,0,1,0,1
80563,2295,2193,449,465,1974,0.0,0,0.6,0.0,0,0,0,1,0,0,0,1,0,0,0,0,1,0,1
80573,2296,2193,449,464,1973,0.0,0,0.8,0.0,0,0,0,1,0,0,0,1,0,0,0,0,1,0,1
80583,2295,2193,450,465,1974,0.0,0,0.8,0.0,0,0,0,1,0,0,0,1,0,0,0,0,1,0,1
80593,2295,2193,449,463,1973,0.0,0,0.8,0.0,0,0,0,1,0,0,0,1,0,0,0,0,1,0,1
80603,2296,2193,449,462,1974,0.0,0,0.6,0.0,0,0,0,1,0,0,0,1,0,0,0,0,1,0,1
80613,2295,2193,450,465,1974,0.0,0,0.8,0.0,0,0,0,1,0,0,0,1,0,0,0,0,1,0,1
80623,2295,2193,450,466,1974,0.0,0,0.6,0.0,0,0,0,1,0,0,0,1,0,0,0,0,1,0,1
80633,2295,2194,448,466,1973,0.0,0,0.6,0.0,0,0,0,1,0,0,0,1,0,0,0,0,1,0,1
80643,2296,2193,451,464,1974,0.0,0,0.6,0.0,0,0,0,1,0,0,0,1,0,0,0,0,1,0,1
80653,2295,2190,449,465,1973,0.0,0,0.6,0.0,0,0,0,1,0,0,0,1,0,0,0,0,1,0,1
80663,2296,2193,446,464,1974,0.0,0,0.9,0.0,0,0,0,1,0,0,0,1,0,0,0,0,1,0,1
80673,2295,2193,450,463,1974,0.0,0,0.9,0.0,0,0,0,1,0,0,0,1,0,0,0,0,1,0,1
80683,2295,2191,449,464,1974,0.0,0,0.9,0.0,0,0,0,1,0,0,0,1,0,0,0,0,1,0,1
80693,2295,2193,450,464,1974,0.0,0,0.8,0.0,0,0,0,1,0,0,0,1,0,0,0,0,1,0,1
80703,2295,2193,450,465,1975,0.0,0,0.8,0.0,0,0,0,1,0,0,0,1,0,0,0,0,1,0,1
80713,2295,2193,449,462,1974,0.0,0,0.6,0.0,0,0,0,1,0,0,0,1,0,0,0,0,1,0,1
80723,2296,2193,450,463,1974,0.0,0,1.0,0.0,0,0,0,1,0,0,0,1,0,0,0,0,1,0,1
80733,2294,2194,449,464,1973,0.0,0,0.9,0.0,0,0,0,1,0,0,0,1,0,0,0,0,1,0,1
80743,2299,2193,450,465,1974,0.0,0,0.5,0.0,0,0,0,1,0,0,0,1,0,0,0,0,1,0,1
80753,2299,2191,449,463,1973,0.0,0,0.6,0.0,0,0,0,1,0,0,0,1,0,0,0,0,1,0,1
80763,2296,2193,449,465,1974,0.0,0,0.6,0.0,0,0,0,1,0,0,0,1,0,0,0,0,1,0,1
80773,2296,2193,450,465,1974,0.0,0,0.9,0.0,0,0,0,1,0,0,0,1,0,0,0,0,1,0,1
80783,2295,2192,451,465,1972,0.0,0,0.9,0.0,0,0,0,1,0,0,0,1,0,0,0,0,1,0,1
80793,2295,2193,448,465,1972,0.0,0,0.9,0.0,0,0,0,1,0,0,0,1,0,0,0,0,1,0,1
80803,2295,2193,450,464,1977,0.0,0,1.0,0.0,0,0,0,1,0,0,0,1,0,0,0,0,1,0,1
80813,2295,2192,449,463,1974,0.0,0,0.9,0.0,0,0,0,1,0,0,0,1,0,0,0,0,1,0,1
80823,2295,2193,447,464,1973,0.0,0,0.9,0.0,0,0,0,1,0,0,0,1,0,0,0,0,1,0,1
80833,2292,2193,450,465,1973,0.0,0,0.8,0.0,0,0,0,1,0,0,0,1,0,0,0,0,1,0,1
80843,2295,2192,449,464,1974,0.0,0,0.9,0.0,0,0,0,1,0,0,0,1,0,0,0,0,1,0,1
80853,2296,2192,451,463,1974,0.0,0,0.8,0.0,0,0,0,1,0,0,0,1,0,0,0,0,1,0,1
80863,2295,2194,449,465,1977,0.0,0,0.9,0.0,0,0,0,1,0,0,0,1,0,0,0,0,1,0,1
80873,2294,2193,449,465,1974,0.0,0,1.0,0.0,0,0,0,1,0,0,0,1,0,0,0,0,1,0,1
80883,2307,2193,449,463,1974,0.0,0,1.0,0.0,0,0,0,1,0,0,0,1,0,0,0,0,1,0,1
80893,2295,2192,449,463,1974,0.0,0,0.8,0.0,0,0,0,1,0,0,0,1,0,0,0,0,1,0,1
80903,2295,2195,450,466,1974,0.0,0,0.6,0.0,0,0,0,1,0,0,0,1,0,0,0,0,1,0,1
80913,2295,2192,448,465,1974,0.0,0,0.6,0.0,0,0,0,1,0,0,0,1,0,0,0,0,1,0,1
80923,2295,2192,450,465,1974,0.0,0,0.8,0.0,0,0,0,1,0,0,0,1,0,0,0,0,1,0,1
80933,2295,2193,449,464,1974,0.0,0,0.6,0.0,0,0,0,1,0,0,0,1,0,0,0,0,1,0,1
80943,2294,2193,450,465,1975,0.0,0,0.5,0.0,0,0,0,1,0,0,0,1,0,0,0,0,1,0,1
80953,2295,2192,449,464,1975,0.0,0,0.5,0.0,0,0,0,1,0,0,0,1,0,0,0,0,1,0,1
80963,2295,2192,448,465,1974,0.0,0,0.6,0.0,0,0,0,1,0,0,0,1,0,0,0,0,1,0,1
80973,2295,2193,449,464,1974,0.0,0,0.8,0.0,0,0,0,1,0,0,0,1,0,0,0,0,1,0,1
80983,2295,2193,451,464,1974,0.0,0,0.6,0.0,0,0,0,1,0,0,0,1,0,0,0,0,1,0,1
80993,2295,2192,449,466,1974,0.0,0,0.8,0.0,0,0,0,1,0,0,0,1,0,0,0,0,1,0,1
81003,2295,2192,451,464,1975,0.0,0,0.8,0.0,0,0,0,1,0,0,0,1,0,0,0,0,1,0,1
81013,2291,2193,452,466,1974,0.0,0,0.9,0.0,0,0,0,1,0,0,0,1,0,0,0,0,1,0,1
81023,2296,2193,450,464,1974,0.0,0,0.6,0.0,0,0,0,1,0,0,0,1,0,0,0,0,1,0,1
81033,2295,2192,450,466,1975,0.0,0,0.6,0.0,0,0,0,1,0,0,0,1,0,0,0,0,1,0,1
81043,2296,2192,450,464,1974,0.0,0,0.9,0.0,0,0,0,1,0,0,0,1,0,0,0,0,1,0,1
81053,2295,2193,449,464,1974,0.0,0,0.5,0.0,0,0,0,1,0,0,0,1,0,0,0,0,1,0,1
81063,2296,2193,450,465,1974,0.0,0,0.5,0.0,0,0,0,1,0,0,0,1,0,0,0,0,1,0,1
81073,2296,2193,452,464,1973,0.0,0,0.5,0.0,0,0,0,1,0,0,0,1,0,0,0,0,1,0,1
81083,2295,2191,449,464,1973,0.0,0,0.8,0.0,0,0,0,1,0,0,0,1,0,0,0,0,1,0,1
81093,2292,2193,448,464,1974,0.0,0,0.6,0.0,0,0,0,1,0,0,0,1,0,0,0,0,1,0,1
81103,2295,2192,448,464,1974,0.0,0,0.8,0.0,0,0,0,1,0,0,0,1,0,0,0,0,1,0,1
81113,2294,2192,449,465,1974,0.0,0,0.6,0.0,0,0,0,1,0,0,0,1,0,0,0,0,1,0,1
81123,2295,2192,449,466,1973,0.0,0,0.6,0.0,0,0,0,1,0,0,0,1,0,0,0,0,1,0,1
81133,2296,2192,449,464,1976,0.0,0,0.8,0.0,0,0,0,1,0,0,0,1,0,0,0,0,1,0,1
81143,2295,2192,449,464,1974,0.0,0,0.9,0.0,0,0,0,1,0,0,0,1,0,0,0,0,1,0,1
81153,2296,2193,448,464,1973,0.0,0,0.9,0.0,0,0,0,1,0,0,0,1,0,0,0,0,1,0,1
81163,2295,2193,451,466,1973,0.0,0,0.8,0.0,0,0,0,1,0,0,0,1,0,0,0,0,1,0,1
81173,2294,2193,449,464,1973,0.0,0,0.5,0.0,0,0,0,1,0,0,0,1,0,0,0,0,1,0,1
81183,2295,2193,449,465,1974,0.0,0,1.0,0.0,0,0,0,1,0,0,0,1,0,0,0,0,1,0,1
81193,2295,2193,448,463,1974,0.0,0,0.8,0.0,0,0,0,1,0,0,0,1,0,0,0,0,1,0,1
81203,2297,2192,449,464,1971,0.0,0,1.0,0.0,0,0,0,1,0,0,0,1,0,0,0,0,1,0,1
81213,2296,2193,449,464,1973,0.0,0,1.0,0.0,0,0,0,1,0,0,0,1,0,0,0,0,1,0,1
81223,2295,2193,451,465,1973,0.0,0,0.9,0.0,0,0,0,1,0,0,0,1,0,0,0,0,1,0,1
81233,2295,2193,449,465,1974,0.0,0,0.9,0.0,0,0,0,1,0,0,0,1,0,0,0,0,1,0,1
81243,2296,2190,451,463,1974,0.0,0,0.8,0.0,0,0,0,1,0,0,0,1,0,0,0,0,1,0,1
81253,2295,2193,449,465,1974,0.0,0,0.8,0.0,0,0,0,1,0,0,0,1,0,0,0,0,1,0,1
81263,2297,2193,449,465,1974,0.0,0,0.4,0.0,0,0,0,1,0,0,0,1,0,0,0,0,1,0,1
81273,2297,2193,450,464,1973,0.0,0,0.4,0.0,0,0,0,1,0,0,0,1,0,0,0,0,1,0,1
81283,2294,2192,447,464,1974,0.0,0,0.6,0.0,0,0,0,1,0,0,0,1,0,0,0,0,1,0,1
81293,2298,2193,448,464,1974,0.0,0,0.8,0.0,0,0,0,1,0,0,0,1,0,0,0,0,1,0,1
81303,2294,2192,449,464,1974,0.0,0,0.8,0.0,0,0,0,1,0,0,0,1,0,0,0,0,1,0,1
81313,2294,2192,449,465,1974,0.0,0,0.9,0.0,0,0,0,1,0,0,0,1,0,0,0,0,1,0,1
81323,2295,2192,448,462,1974,0.0,0,0.6,0.0,0,0,0,1,0,0,0,1,0,0,0,0,1,0,1
81333,2295,2193,450,465,1974,0.0,0,0.6,0.0,0,0,0,1,0,0,0,1,0,0,0,0,1,0,1
81343,2294,2195,450,464,1974,0.0,0,0.8,0.0,0,0,0,1,0,0,0,1,0,0,0,0,1,0,1
81353,2295,2192,450,464,1974,0.0,0,0.6,0.0,0,0,0,1,0,0,0,1,0,0,0,0,1,0,1
81363,2294,2191,450,464,1974,0.0,0,0.4,0.0,0,0,0,1,0,0,0,1,0,0,0,0,1,0,1
81373,2293,2192,450,465,1974,0.0,0,0.9,0.0,0,0,0,1,0,0,0,1,0,0,0,0,1,0,1
81383,2295,2193,449,465,1973,0.0,0,0.8,0.0,0,0,0,1,0,0,0,1,0,0,0,0,1,0,1
81393,2295,2192,449,462,1975,0.0,0,0.8,0.0,0,0,0,1,0,0,0,1,0,0,0,0,1,0,1
81403,2296,2192,449,465,1974,0.0,0,0.6,0.0,0,0,0,1,0,0,0,1,0,0,0,0,1,0,1
81413,2295,2192,449,466,1975,0.0,0,0.5,0.0,0,0,0,1,0,0,0,1,0,0,0,0,1,0,1
81423,2294,2192,449,464,1974,0.0,0,0.5,0.0,0,0,0,1,0,0,0,1,0,0,0,0,1,0,1
81433,2298,2192,449,463,1974,0.0,0,0.8,0.0,0,0,0,1,0,0,0,1,0,0,0,0,1,0,1
81443,2294,2192,449,464,1977,0.0,0,0.4,0.0,0,0,0,1,0,0,0,1,0,0,0,0,1,0,1
81453,2295,2192,448,464,1975,0.0,0,0.4,0.0,0,0,0,1,0,0,0,1,0,0,0,0,1,0,1
81463,2294,2192,450,464,1974,0.0,0,0.8,0.0,0,0,0,1,0,0,0,1,0,0,0,0,1,0,1
81473,2295,2193,449,464,1975,0.0,0,0.8,0.0,0,0,0,1,0,0,0,1,0,0,0,0,1,0,1
81483,2295,2192,449,465,1974,0.0,0,0.8,0.0,0,0,0,1,0,0,0,1,0,0,0,0,1,0,1
81493,2295,2193,450,465,1974,0.0,0,0.5,0.0,0,0,0,1,0,0,0,1,0,0,0,0,1,0,1
81503,2295,2192,449,462,1975,0.0,0,0.8,0.0,0,0,0,1,0,0,0,1,0,0,0,0,1,0,1
81513,2295,2192,450,464,1975,0.0,0,0.8,0.0,0,0,0,1,0,0,0,1,0,0,0,0,1,0,1
81523,2293,2193,450,466,1974,0.0,0,0.5,0.0,0,0,0,1,0,0,0,1,0,0,0,0,1,0,1
81533,2296,2193,449,465,1975,0.0,0,0.8,0.0,0,0,0,1,0,0,0,1,0,0,0,0,1,0,1
81543,2296,2192,448,466,1973,0.0,0,0.6,0.0,0,0,0,1,0,0,0,1,0,0,0,0,1,0,1
81553,2295,2190,449,464,1974,0.0,0,0.9,0.0,0,0,0,1,0,0,0,1,0,0,0,0,1,0,1
81563,2296,2193,449,464,1973,0.0,0,0.9,0.0,0,0,0,1,0,0,0,1,0,0,0,0,1,0,1
81573,2296,2192,449,463,1976,0.0,0,0.6,0.0,0,0,0,1,0,0,0,1,0,0,0,0,1,0,1
81583,2294,2193,449,464,1974,0.0,0,0.8,0.0,0,0,0,1,0,0,0,1,0,0,0,0,1,0,1
81593,2296,2192,450,464,1973,0.0,0,0.8,0.0,0,0,0,1,0,0,0,1,0,0,0,0,1,0,1
81603,2295,2193,452,464,1973,0.0,0,0.8,0.0,0,0,0,1,0,0,0,1,0,0,0,0,1,0,1
81613,2296,2193,449,464,1974,0.0,0,0.8,0.0,0,0,0,1,0,0,0,1,0,0,0,0,1,0,1
81623,2295,2193,449,463,1974,0.0,0,0.6,0.0,0,0,0,1,0,0,0,1,0,0,0,0,1,0,1
81633,2296,2193,449,465,1974,0.0,0,0.6,0.0,0,0,0,1,0,0,0,1,0,0,0,0,1,0,1
81643,2295,2192,451,464,1975,0.0,0,0.8,0.0,0,0,0,1,0,0,0,1,0,0,0,0,1,0,1
81653,2296,2193,449,465,1974,0.0,0,0.4,0.0,0,0,0,1,0,0,0,1,0,0,0,0,1,0,1
81663,2295,2192,450,462,1973,0.0,0,0.6,0.0,0,0,0,1,0,0,0,1,0,0,0,0,1,0,1
81673,2292,2192,451,465,1973,0.0,0,0.6,0.0,0,0,0,1,0,0,0,1,0,0,0,0,1,0,1
81683,2296,2193,448,463,1973,0.0,0,0.8,0.0,0,0,0,1,0,0,0,1,0,0,0,0,1,0,1
81693,2295,2193,449,465,1974,0.0,0,0.8,0.0,0,0,0,1,0,0,0,1,0,0,0,0,1,0,1
81703,2295,2192,450,464,1973,0.0,0,0.8,0.0,0,0,0,1,0,0,0,1,0,0,0,0,1,0,1
81713,2294,2193,450,464,1974,0.0,0,0.8,0.0,0,0,0,1,0,0,0,1,0,0,0,0,1,0,1
81723,2295,2192,448,464,1973,0.0,0,0.6,0.0,0,0,0,1,0,0,0,1,0,0,0,0,1,0,1
81733,2295,2192,448,464,1977,0.0,0,0.6,0.0,0,0,0,1,0,0,0,1,0,0,0,0,1,0,1
81743,2296,2192,449,464,1974,0.0,0,0.8,0.0,0,0,0,1,0,0,0,1,0,0,0,0,1,0,1
81753,2296,2193,450,464,1974,0.0,0,0.8,0.0,0,0,0,1,0,0,0,1,0,0,0,0,1,0,1
81763,2295,2193,448,463,1974,0.0,0,0.5,0.0,0,0,0,1,0,0,0,1,0,0,0,0,1,0,1
81773,2295,2193,449,464,1974,0.0,0,0.8,0.0,0,0,0,1,0,0,0,1,0,0,0,0,1,0,1
81783,2295,2193,451,465,1974,0.0,0,0.8,0.0,0,0,0,1,0,0,0,1,0,0,0,0,1,0,1
81793,2295,2192,449,463,1974,0.0,0,0.8,0.0,0,0,0,1,0,0,0,1,0,0,0,0,1,0,1
81803,2294,2192,450,465,1973,0.0,0,0.9,0.0,0,0,0,1,0,0,0,1,0,0,0,0,1,0,1
81813,2295,2193,449,464,1975,0.0,0,0.9,0.0,0,0,0,1,0,0,0,1,0,0,0,0,1,0,1
81823,2295,2192,448,464,1974,0.0,0,0.9,0.0,0,0,0,1,0,0,0,1,0,0,0,0,1,0,1
81833,2295,2193,449,466,1971,0.0,0,0.9,0.0,0,0,0,1,0,0,0,1,0,0,0,0,1,0,1
81843,2294,2192,450,465,1974,0.0,0,0.6,0.0,0,0,0,1,0,0,0,1,0,0,0,0,1,0,1
81853,2295,2192,451,466,1974,0.0,0,0.9,0.0,0,0,0,1,0,0,0,1,0,0,0,0,1,0,1
81863,2295,2193,450,466,1975,0.0,0,0.9,0.0,0,0,0,1,0,0,0,1,0,0,0,0,1,0,1
81873,2295,2192,451,464,1974,0.0,0,0.9,0.0,0,0,0,1,0,0,0,1,0,0,0,0,1,0,1
81883,2295,2192,450,464,1974,0.0,0,0.4,0.0,0,0,0,1,0,0,0,1,0,0,0,0,1,0,1
81893,2296,2192,449,464,1972,0.0,0,1.0,0.0,0,0,0,1,0,0,0,1,0,0,0,0,1,0,1
81903,2294,2192,450,464,1974,0.0,0,0.8,0.0,0,0,0,1,0,0,0,1,0,0,0,0,1,0,1
81913,2294,2193,450,463,1974,0.0,0,0.8,0.0,0,0,0,1,0,0,0,1,0,0,0,0,1,0,1
81923,2296,2192,450,460,1974,0.0,0,0.5,0.0,0,0,0,1,0,0,0,1,0,0,0,0,1,0,1
81933,2295,2192,449,465,1974,0.0,0,0.5,0.0,0,0,0,1,0,0,0,1,0,0,0,0,1,0,1
81943,2295,2193,450,466,1974,0.0,0,0.8,0.0,0,0,0,1,0,0,0,1,0,0,0,0,1,0,1
81953,2296,2192,450,464,1974,0.0,0,0.8,0.0,0,0,0,1,0,0,0,1,0,0,0,0,1,0,1
81963,2294,2192,448,463,1975,0.0,0,0.6,0.0,0,0,0,1,0,0,0,1,0,0,0,0,1,0,1
81973,2295,2192,447,464,1974,0.0,0,0.6,0.0,0,0,0,1,0,0,0,1,0,0,0,0,1,0,1
81983,2296,2192,458,465,1973,0.0,0,0.8,0.0,0,0,0,1,0,0,0,1,0,0,0,0,1,0,1
81993,2295,2193,450,464,1975,0.0,0,0.8,0.0,0,0,0,1,0,0,0,1,0,0,0,0,1,0,1
82003,2296,2192,450,464,1975,0.0,0,0.5,0.0,0,0,0,1,0,0,0,1,0,0,0,0,1,0,1
82013,2297,2193,449,465,1975,0.0,0,0.8,0.0,0,0,0,1,0,0,0,1,0,0,0,0,1,0,1
82023,2295,2193,450,464,1973,0.0,0,0.8,0.0,0,0,0,1,0,0,0,1,0,0,0,0,1,0,1
82033,2295,2192,450,466,1974,0.0,0,0.2,0.0,0,0,0,1,0,0,0,1,0,0,0,0,1,0,1
82043,2296,2192,449,464,1974,0.0,0,0.9,0.0,0,0,0,1,0,0,0,1,0,0,0,0,1,0,1
82053,2295,2193,449,463,1973,0.0,0,0.9,0.0,0,0,0,1,0,0,0,1,0,0,0,0,1,0,1
82063,2295,2193,449,464,1974,0.0,0,0.8,0.0,0,0,0,1,0,0,0,1,0,0,0,0,1,0,1
82073,2295,2193,450,466,1974,0.0,0,0.8,0.0,0,0,0,1,0,0,0,1,0,0,0,0,1,0,1
82083,2295,2192,449,464,1974,0.0,0,0.8,0.0,0,0,0,1,0,0,0,1,0,0,0,0,1,0,1
82093,2295,2193,451,467,1974,0.0,0,0.8,0.0,0,0,0,1,0,0,0,1,0,0,0,0,1,0,1
82103,2296,2192,449,462,1973,0.0,0,0.9,0.0,0,0,0,1,0,0,0,1,0,0,0,0,1,0,1
82113,2296,2193,449,465,1974,0.0,0,0.9,0.0,0,0,0,1,0,0,0,1,0,0,0,0,1,0,1
82123,2295,2193,449,464,1974,0.0,0,0.8,0.0,0,0,0,1,0,0,0,1,0,0,0,0,1,0,1
82133,2296,2192,449,463,1974,0.0,0,0.8,0.0,0,0,0,1,0,0,0,1,0,0,0,0,1,0,1
82143,2294,2193,450,464,1975,0.0,0,1.0,0.0,0,0,0,1,0,0,0,1,0,0,0,0,1,0,1
82153,2296,2193,450,464,1973,0.0,0,0.9,0.0,0,0,0,1,0,0,0,1,0,0,0,0,1,0,1
82163,2296,2192,449,464,1973,0.0,0,0.6,0.0,0,0,0,1,0,0,0,1,0,0,0,0,1,0,1
82173,2295,2192,449,465,1974,0.0,0,0.6,0.0,0,0,0,1,0,0,0,1,0,0,0,0,1,0,1
82183,2295,2193,448,464,1974,0.0,0,1.0,0.0,0,0,0,1,0,0,0,1,0,0,0,0,1,0,1
82193,2295,2192,451,465,1974,0.0,0,0.8,0.0,0,0,0,1,0,0,0,1,0,0,0,0,1,0,1
82203,2295,2192,449,465,1974,0.0,0,0.8,0.0,0,0,0,1,0,0,0,1,0,0,0,0,1,0,1
82213,2298,2193,450,464,1974,0.0,0,0.9,0.0,0,0,0,1,0,0,0,1,0,0,0,0,1,0,1
82223,2296,2193,451,465,1973,0.0,0,0.6,0.0,0,0,0,1,0,0,0,1,0,0,0,0,1,0,1
82233,2296,2192,450,466,1973,0.0,0,0.6,0.0,0,0,0,1,0,0,0,1,0,0,0,0,1,0,1
82243,2295,2193,449,463,1977,0.0,0,0.9,0.0,0,0,0,1,0,0,0,1,0,0,0,0,1,0,1
82253,2298,2193,449,465,1974,0.0,0,0.6,0.0,0,0,0,1,0,0,0,1,0,0,0,0,1,0,1
82263,2295,2193,450,465,1974,0.0,0,0.9,0.0,0,0,0,1,0,0,0,1,0,0,0,0,1,0,1
82273,2295,2190,450,465,1974,0.0,0,0.9,0.0,0,0,0,1,0,0,0,1,0,0,0,0,1,0,1
82283,2294,2193,448,465,1974,0.0,0,0.9,0.0,0,0,0,1,0,0,0,1,0,0,0,0,1,0,1
82293,2295,2193,450,465,1974,0.0,0,0.9,0.0,0,0,0,1,0,0,0,1,0,0,0,0,1,0,1
82303,2295,2192,448,463,1973,0.0,0,0.8,0.0,0,0,0,1,0,0,0,1,0,0,0,0,1,0,1
82313,2294,2191,450,466,1973,0.0,0,0.8,0.0,0,0,0,1,0,0,0,1,0,0,0,0,1,0,1
82323,2295,2192,448,465,1974,0.0,0,0.8,0.0,0,0,0,1,0,0,0,1,0,0,0,0,1,0,1
82333,2295,2192,450,465,1974,0.0,0,0.8,0.0,0,0,0,1,0,0,0,1,0,0,0,0,1,0,1
82343,2296,2192,449,464,1974,0.0,0,0.6,0.0,0,0,0,1,0,0,0,1,0,0,0,0,1,0,1
82353,2295,2195,450,463,1974,0.0,0,0.6,0.0,0,0,0,1,0,0,0,1,0,0,0,0,1,0,1
82363,2295,2192,449,465,1974,0.0,0,0.8,0.0,0,0,0,1,0,0,0,1,0,0,0,0,1,0,1
82373,2294,2192,450,465,1974,0.0,0,0.9,0.0,0,0,0,1,0,0,0,1,0,0,0,0,1,0,1
82383,2294,2192,449,465,1974,0.0,0,0.8,0.0,0,0,0,1,0,0,0,1,0,0,0,0,1,0,1
82393,2294,2192,448,465,1973,0.0,0,0.8,0.0,0,0,0,1,0,0,0,1,0,0,0,0,1,0,1
82403,2295,2192,449,462,1974,0.0,0,0.9,0.0,0,0,0,1,0,0,0,1,0,0,0,0,1,0,1
82413,2295,2192,450,465,1974,0.0,0,0.9,0.0,0,0,0,1,0,0,0,1,0,0,0,0,1,0,1
82423,2294,2193,452,465,1974,0.0,0,0.8,0.0,0,0,0,1,0,0,0,1,0,0,0,0,1,0,1
82433,2296,2192,450,465,1975,0.0,0,1.0,0.0,0,0,0,1,0,0,0,1,0,0,0,0,1,0,1
82443,2295,2192,449,465,1975,0.0,0,0.9,0.0,0,0,0,1,0,0,0,1,0,0,0,0,1,0,1
82453,2295,2196,449,465,1972,0.0,0,0.6,0.0,0,0,0,1,0,0,0,1,0,0,0,0,1,0,1
82463,2296,2194,450,464,1975,0.0,0,0.6,0.0,0,0,0,1,0,0,0,1,0,0,0,0,1,0,1
82473,2296,2193,451,464,1978,0.0,0,0.6,0.0,0,0,0,1,0,0,0,1,0,0,0,0,1,0,1
82483,2294,2193,447,464,1974,0.0,0,0.6,0.0,0,0,0,1,0,0,0,1,0,0,0,0,1,0,1
82493,2295,2193,450,465,1975,0.0,0,0.6,0.0,0,0,0,1,0,0,0,1,0,0,0,0,1,0,1
82503,2294,2191,448,464,1975,0.0,0,0.8,0.0,0,0,0,1,0,0,0,1,0,0,0,0,1,0,1
82513,2296,2192,449,464,1974,0.0,0,0.8,0.0,0,0,0,1,0,0,0,1,0,0,0,0,1,0,1
82523,2295,2193,448,465,1974,0.0,0,0.8,0.0,0,0,0,1,0,0,0,1,0,0,0,0,1,0,1
82533,2296,2192,450,468,1974,0.0,0,0.8,0.0,0,0,0,1,0,0,0,1,0,0,0,0,1,0,1
82543,2294,2192,451,464,1974,0.0,0,0.6,0.0,0,0,0,1,0,0,0,1,0,0,0,0,1,0,1
82553,2295,2193,449,464,1973,0.0,0,0.6,0.0,0,0,0,1,0,0,0,1,0,0,0,0,1,0,1
82563,2296,2192,451,464,1975,0.0,0,0.6,0.0,0,0,0,1,0,0,0,1,0,0,0,0,1,0,1
82573,2296,2192,450,465,1973,0.0,0,0.6,0.0,0,0,0,1,0,0,0,1,0,0,0,0,1,0,1
82583,2296,2192,449,464,1974,0.0,0,0.9,0.0,0,0,0,1,0,0,0,1,0,0,0,0,1,0,1
82593,2296,2193,449,462,1974,0.0,0,0.9,0.0,0,0,0,1,0,0,0,1,0,0,0,0,1,0,1
82603,2296,2192,450,464,1973,0.0,0,0.6,0.0,0,0,0,1,0,0,0,1,0,0,0,0,1,0,1
82613,2294,2193,449,465,1974,0.0,0,0.6,0.0,0,0,0,1,0,0,0,1,0,0,0,0,1,0,1
82623,2295,2195,447,465,1974,0.0,0,0.6,0.0,0,0,0,1,0,0,0,1,0,0,0,0,1,0,1
82633,2296,2193,449,464,1974,0.0,0,0.9,0.0,0,0,0,1,0,0,0,1,0,0,0,0,1,0,1
82643,2295,2192,448,463,1974,0.0,0,0.9,0.0,0,0,0,1,0,0,0,1,0,0,0,0,1,0,1
82653,2296,2195,450,465,1974,0.0,0,0.9,0.0,0,0,0,1,0,0,0,1,0,0,0,0,1,0,1
82663,2295,2194,448,465,1974,0.0,0,0.5,0.0,0,0,0,1,0,0,0,1,0,0,0,0,1,0,1
82673,2298,2193,450,463,1973,0.0,0,0.6,0.0,0,0,0,1,0,0,0,1,0,0,0,0,1,0,1
82684,2295,2193,450,464,1974,0.0,0,0.5,0.0,0,0,0,1,0,0,0,1,0,0,0,0,1,0,1
82694,2295,2193,448,464,1974,0.0,0,0.8,0.0,0,0,0,1,0,0,0,1,0,0,0,0,1,0,1
82704,2296,2193,448,465,1973,0.0,0,0.3,0.0,0,0,0,1,0,0,0,1,0,0,0,0,1,0,1
82714,2295,2192,449,465,1974,0.0,0,0.8,0.0,0,0,0,1,0,0,0,1,0,0,0,0,1,0,1
82724,2296,2193,450,465,1973,0.0,0,0.8,0.0,0,0,0,1,0,0,0,1,0,0,0,0,1,0,1
82734,2295,2193,449,465,1976,0.0,0,0.6,0.0,0,0,0,1,0,0,0,1,0,0,0,0,1,0,1
82744,2295,2192,450,463,1973,0.0,0,0.8,0.0,0,0,0,1,0,0,0,1,0,0,0,0,1,0,1
82754,2296,2196,451,466,1973,0.0,0,0.5,0.0,0,0,0,1,0,0,0,1,0,0,0,0,1,0,1
82764,2297,2193,448,463,1973,0.0,0,0.9,0.0,0,0,0,1,0,0,0,1,0,0,0,0,1,0,1
82774,2296,2193,450,466,1973,0.0,0,0.9,0.0,0,0,0,1,0,0,0,1,0,0,0,0,1,0,1
82784,2296,2193,448,464,1973,0.0,0,0.6,0.0,0,0,0,1,0,0,0,1,0,0,0,0,1,0,1
82794,2296,2193,450,464,1974,0.0,0,0.9,0.0,0,0,0,1,0,0,0,1,0,0,0,0,1,0,1
82804,2295,2193,452,464,1975,0.0,0,0.5,0.0,0,0,0,1,0,0,0,1,0,0,0,0,1,0,1
82814,2295,2192,450,464,1974,0.0,0,1.0,0.0,0,0,0,1,0,0,0,1,0,0,0,0,1,0,1
82824,2295,2192,449,465,1974,0.0,0,0.9,0.0,0,0,0,1,0,0,0,1,0,0,0,0,1,0,1
82834,2295,2193,451,464,1974,0.0,0,0.9,0.0,0,0,0,1,0,0,0,1,0,0,0,0,1,0,1
82844,2295,2192,448,463,1975,0.0,0,0.9,0.0,0,0,0,1,0,0,0,1,0,0,0,0,1,0,1
82854,2295,2192,451,463,1974,0.0,0,0.9,0.0,0,0,0,1,0,0,0,1,0,0,0,0,1,0,1
82864,2295,2192,450,464,1974,0.0,0,0.9,0.0,0,0,0,1,0,0,0,1,0,0,0,0,1,0,1
82874,2295,2192,450,464,1975,0.0,0,1.0,0.0,0,0,0,1,0,0,0,1,0,0,0,0,1,0,1
82884,2295,2193,450,464,1975,0.0,0,0.5,0.0,0,0,0,1,0,0,0,1,0,0,0,0,1,0,1
82894,2295,2193,449,462,1974,0.0,0,0.5,0.0,0,0,0,1,0,0,0,1,0,0,0,0,1,0,1
82904,2295,2192,451,465,1974,0.0,0,0.8,0.0,0,0,0,1,0,0,0,1,0,0,0,0,1,0,1
82914,2295,2192,449,465,1974,0.0,0,1.0,0.0,0,0,0,1,0,0,0,1,0,0,0,0,1,0,1
82924,2295,2192,450,462,1975,0.0,0,0.5,0.0,0,0,0,1,0,0,0,1,0,0,0,0,1,0,1
82934,2294,2193,450,465,1975,0.0,0,0.8,0.0,0,0,0,1,0,0,0,1,0,0,0,0,1,0,1
82944,2296,2192,453,464,1974,0.0,0,0.6,0.0,0,0,0,1,0,0,0,1,0,0,0,0,1,0,1
82954,2290,2193,450,465,1975,0.0,0,0.6,0.0,0,0,0,1,0,0,0,1,0,0,0,0,1,0,1
82964,2295,2191,450,464,1974,0.0,0,0.6,0.0,0,0,0,1,0,0,0,1,0,0,0,0,1,0,1
82974,2295,2193,450,464,1974,0.0,0,0.6,0.0,0,0,0,1,0,0,0,1,0,0,0,0,1,0,1
82984,2295,2193,450,463,1972,0.0,0,0.6,0.0,0,0,0,1,0,0,0,1,0,0,0,0,1,0,1
82994,2294,2193,450,463,1974,0.0,0,0.6,0.0,0,0,0,1,0,0,0,1,0,0,0,0,1,0,1
83004,2295,2193,449,464,1974,0.0,0,1.0,0.0,0,0,0,1,0,0,0,1,0,0,0,0,1,0,1
83015,2295,2192,449,464,1974,0.0,0,0.8,0.0,0,0,0,1,0,0,0,1,0,0,0,0,1,0,1
83025,2295,2192,448,464,1974,0.0,0,0.8,0.0,0,0,0,1,0,0,0,1,0,0,0,0,1,0,1
83035,2295,2192,450,464,1974,0.0,0,0.6,0.0,0,0,0,1,0,0,0,1,0,0,0,0,1,0,1
83045,2295,2193,450,466,1974,0.0,0,0.9,0.0,0,0,0,1,0,0,0,1,0,0,0,0,1,0,1
83055,2295,2192,450,465,1974,0.0,0,0.8,0.0,0,0,0,1,0,0,0,1,0,0,0,0,1,0,1
83065,2295,2190,450,466,1974,0.0,0,0.8,0.0,0,0,0,1,0,0,0,1,0,0,0,0,1,0,1
83075,2296,2193,450,465,1973,0.0,0,0.5,0.0,0,0,0,1,0,0,0,1,0,0,0,0,1,0,1
83085,2296,2192,450,463,1974,0.0,0,0.5,0.0,0,0,0,1,0,0,0,1,0,0,0,0,1,0,1
83095,2295,2193,446,462,1973,0.0,0,0.8,0.0,0,0,0,1,0,0,0,1,0,0,0,0,1,0,1
83105,2295,2192,450,464,1974,0.0,0,0.9,0.0,0,0,0,1,0,0,0,1,0,0,0,0,1,0,1
83115,2295,2193,450,464,1972,0.0,0,0.9,0.0,0,0,0,1,0,0,0,1,0,0,0,0,1,0,1
83125,2295,2193,450,464,1974,0.0,0,0.8,0.0,0,0,0,1,0,0,0,1,0,0,0,0,1,0,1
83135,2296,2193,450,465,1972,0.0,0,0.8,0.0,0,0,0,1,0,0,0,1,0,0,0,0,1,0,1
83145,2292,2193,449,465,1974,0.0,0,0.8,0.0,0,0,0,1,0,0,0,1,0,0,0,0,1,0,1
83155,2296,2193,450,465,1974,0.0,0,0.5,0.0,0,0,0,1,0,0,0,1,0,0,0,0,1,0,1
83165,2295,2193,450,463,1973,0.0,0,0.8,0.0,0,0,0,1,0,0,0,1,0,0,0,0,1,0,1
83175,2295,2193,450,464,1973,0.0,0,0.8,0.0,0,0,0,1,0,0,0,1,0,0,0,0,1,0,1
83185,2295,2193,450,464,1973,0.0,0,0.8,0.0,0,0,0,1,0,0,0,1,0,0,0,0,1,0,1
83195,2297,2191,450,464,1974,0.0,0,1.0,0.0,0,0,0,1,0,0,0,1,0,0,0,0,1,0,1
83205,2296,2193,451,467,1974,0.0,0,1.0,0.0,0,0,0,1,0,0,0,1,0,0,0,0,1,0,1
83215,2295,2191,450,465,1974,0.0,0,0.8,0.0,0,0,0,1,0,0,0,1,0,0,0,0,1,0,1
83225,2295,2193,448,465,1973,0.0,0,0.8,0.0,0,0,0,1,0,0,0,1,0,0,0,0,1,0,1
83235,2294,2192,449,464,1974,0.0,0,0.8,0.0,0,0,0,1,0,0,0,1,0,0,0,0,1,0,1
83245,2296,2193,451,462,1974,0.0,0,0.6,0.0,0,0,0,1,0,0,0,1,0,0,0,0,1,0,1
83255,2296,2193,449,465,1974,0.0,0,0.9,0.0,0,0,0,1,0,0,0,1,0,0,0,0,1,0,1
83265,2295,2193,450,465,1974,0.0,0,0.9,0.0,0,0,0,1,0,0,0,1,0,0,0,0,1,0,1
83275,2295,2193,449,464,1973,0.0,0,0.9,0.0,0,0,0,1,0,0,0,1,0,0,0,0,1,0,1
83285,2295,2192,449,463,1973,0.0,0,0.9,0.0,0,0,0,1,0,0,0,1,0,0,0,0,1,0,1
83296,2296,2192,447,464,1974,0.0,0,0.6,0.0,0,0,0,1,0,0,0,1,0,0,0,0,1,0,1
83306,2295,2192,450,465,1974,0.0,0,0.9,0.0,0,0,0,1,0,0,0,1,0,0,0,0,1,0,1
83316,2294,2192,449,465,1974,0.0,0,0.8,0.0,0,0,0,1,0,0,0,1,0,0,0,0,1,0,1
83326,2295,2192,450,465,1974,0.0,0,0.6,0.0,0,0,0,1,0,0,0,1,0,0,0,0,1,0,1
83336,2295,2192,450,464,1974,0.0,0,0.6,0.0,0,0,0,1,0,0,0,1,0,0,0,0,1,0,1
83346,2294,2192,450,464,1973,0.0,0,0.9,0.0,0,0,0,1,0,0,0,1,0,0,0,0,1,0,1
83356,2295,2189,450,464,1974,0.0,0,0.8,0.0,0,0,0,1,0,0,0,1,0,0,0,0,1,0,1
83366,2295,2192,449,465,1974,0.0,0,0.8,0.0,0,0,0,1,0,0,0,1,0,0,0,0,1,0,1
83376,2294,2192,449,465,1973,0.0,0,0.5,0.0,0,0,0,1,0,0,0,1,0,0,0,0,1,0,1
83386,2295,2192,449,463,1975,0.0,0,0.5,0.0,0,0,0,1,0,0,0,1,0,0,0,0,1,0,1
83396,2295,2193,450,465,1974,0.0,0,0.5,0.0,0,0,0,1,0,0,0,1,0,0,0,0,1,0,1
83406,2295,2192,449,466,1974,0.0,0,0.6,0.0,0,0,0,1,0,0,0,1,0,0,0,0,1,0,1
83416,2295,2192,450,461,1973,0.0,0,0.9,0.0,0,0,0,1,0,0,0,1,0,0,0,0,1,0,1
83426,2294,2192,448,464,1975,0.0,0,0.9,0.0,0,0,0,1,0,0,0,1,0,0,0,0,1,0,1
83436,2295,2193,449,465,1974,0.0,0,0.8,0.0,0,0,0,1,0,0,0,1,0,0,0,0,1,0,1
83446,2295,2193,448,464,1975,0.0,0,0.6,0.0,0,0,0,1,0,0,0,1,0,0,0,0,1,0,1
83456,2296,2192,450,463,1974,0.0,0,0.6,0.0,0,0,0,1,0,0,0,1,0,0,0,0,1,0,1
83466,2297,2192,448,465,1974,0.0,0,0.6,0.0,0,0,0,1,0,0,0,1,0,0,0,0,1,0,1
83476,2295,2192,448,463,1975,0.0,0,0.8,0.0,0,0,0,1,0,0,0,1,0,0,0,0,1,0,1
83486,2295,2192,449,465,1974,0.0,0,0.5,0.0,0,0,0,1,0,0,0,1,0,0,0,0,1,0,1
83496,2296,2192,450,465,1974,0.0,0,0.8,0.0,0,0,0,1,0,0,0,1,0,0,0,0,1,0,1
83506,2296,2193,450,465,1975,0.0,0,0.8,0.0,0,0,0,1,0,0,0,1,0,0,0,0,1,0,1
83516,2295,2192,450,464,1974,0.0,0,0.8,0.0,0,0,0,1,0,0,0,1,0,0,0,0,1,0,1
83526,2295,2193,449,465,1974,0.0,0,0.6,0.0,0,0,0,1,0,0,0,1,0,0,0,0,1,0,1
83536,2295,2190,447,464,1975,0.0,0,0.6,0.0,0,0,0,1,0,0,0,1,0,0,0,0,1,0,1
83546,2295,2193,453,464,1975,0.0,0,0.6,0.0,0,0,0,1,0,0,0,1,0,0,0,0,1,0,1
83556,2296,2192,449,464,1974,0.0,0,0.9,0.0,0,0,0,1,0,0,0,1,0,0,0,0,1,0,1
83566,2296,2193,449,466,1973,0.0,0,0.8,0.0,0,0,0,1,0,0,0,1,0,0,0,0,1,0,1
83576,2293,2193,449,465,1973,0.0,0,0.8,0.0,0,0,0,1,0,0,0,1,0,0,0,0,1,0,1
83586,2296,2193,450,463,1973,0.0,0,1.0,0.0,0,0,0,1,0,0,0,1,0,0,0,0,1,0,1
83596,2296,2192,449,465,1974,0.0,0,0.8,0.0,0,0,0,1,0,0,0,1,0,0,0,0,1,0,1
83606,2295,2193,448,465,1981,0.0,0,0.8,0.0,0,0,0,1,0,0,0,1,0,0,0,0,1,0,1
83616,2297,2192,448,464,1975,0.0,0,0.5,0.0,0,0,0,1,0,0,0,1,0,0,0,0,1,0,1
83626,2295,2193,450,465,1974,0.0,0,0.8,0.0,0,0,0,1,0,0,0,1,0,0,0,0,1,0,1
83636,2296,2193,450,466,1974,0.0,0,0.8,0.0,0,0,0,1,0,0,0,1,0,0,0,0,1,0,1
83646,2296,2192,450,464,1973,0.0,0,0.8,0.0,0,0,0,1,0,0,0,1,0,0,0,0,1,0,1
83656,2295,2192,453,464,1974,0.0,0,1.0,0.0,0,0,0,1,0,0,0,1,0,0,0,0,1,0,1
83666,2296,2192,449,463,1974,0.0,0,0.6,0.0,0,0,0,1,0,0,0,1,0,0,0,0,1,0,1
83676,2297,2193,450,462,1973,0.0,0,0.9,0.0,0,0,0,1,0,0,0,1,0,0,0,0,1,0,1
83686,2296,2193,450,463,1973,0.0,0,0.9,0.0,0,0,0,1,0,0,0,1,0,0,0,0,1,0,1
83696,2296,2193,449,465,1972,0.0,0,0.3,0.0,0,0,0,1,0,0,0,1,0,0,0,0,1,0,1
83706,2295,2192,449,464,1976,0.0,0,0.6,0.0,0,0,0,1,0,0,0,1,0,0,0,0,1,0,1
83716,2295,2193,449,465,1974,0.0,0,0.9,0.0,0,0,0,1,0,0,0,1,0,0,0,0,1,0,1
83726,2297,2193,449,465,1974,0.0,0,0.8,0.0,0,0,0,1,0,0,0,1,0,0,0,0,1,0,1
83736,2295,2193,450,464,1974,0.0,0,0.8,0.0,0,0,0,1,0,0,0,1,0,0,0,0,1,0,1
83746,2297,2193,450,464,1971,0.0,0,0.5,0.0,0,0,0,1,0,0,0,1,0,0,0,0,1,0,1
83756,2296,2193,450,465,1973,0.0,0,0.5,0.0,0,0,0,1,0,0,0,1,0,0,0,0,1,0,1
83766,2296,2193,450,465,1973,0.0,0,0.6,0.0,0,0,0,1,0,0,0,1,0,0,0,0,1,0,1
83776,2295,2190,450,465,1974,0.0,0,0.8,0.0,0,0,0,1,0,0,0,1,0,0,0,0,1,0,1
83786,2295,2193,450,464,1974,0.0,0,0.8,0.0,0,0,0,1,0,0,0,1,0,0,0,0,1,0,1
83796,2296,2193,448,464,1973,0.0,0,0.8,0.0,0,0,0,1,0,0,0,1,0,0,0,0,1,0,1
83806,2295,2192,449,465,1974,0.0,0,0.8,0.0,0,0,0,1,0,0,0,1,0,0,0,0,1,0,1
83816,2295,2193,449,464,1975,0.0,0,0.6,0.0,0,0,0,1,0,0,0,1,0,0,0,0,1,0,1
83826,2294,2192,450,464,1974,0.0,0,0.6,0.0,0,0,0,1,0,0,0,1,0,0,0,0,1,0,1
83836,2295,2192,450,464,1974,0.0,0,0.6,0.0,0,0,0,1,0,0,0,1,0,0,0,0,1,0,1
83846,2296,2190,450,463,1975,0.0,0,1.0,0.0,0,0,0,1,0,0,0,1,0,0,0,0,1,0,1
83856,2295,2192,450,464,1974,0.0,0,0.6,0.0,0,0,0,1,0,0,0,1,0,0,0,0,1,0,1
83866,2295,2193,450,466,1975,0.0,0,0.6,0.0,0,0,0,1,0,0,0,1,0,0,0,0,1,0,1
83876,2295,2192,450,464,1975,0.0,0,0.9,0.0,0,0,0,1,0,0,0,1,0,0,0,0,1,0,1
83886,2295,2192,447,464,1974,0.0,0,1.1,0.0,0,0,0,1,0,0,0,1,0,0,0,0,1,0,1
83896,2295,2193,449,464,1973,0.0,0,0.8,0.0,0,0,0,1,0,0,0,1,0,0,0,0,1,0,1
83906,2295,2191,450,463,1974,0.0,0,0.8,0.0,0,0,0,1,0,0,0,1,0,0,0,0,1,0,1
83916,2293,2192,450,465,1973,0.0,0,1.0,0.0,0,0,0,1,0,0,0,1,0,0,0,0,1,0,1
83926,2296,2192,450,463,1974,0.0,0,0.6,0.0,0,0,0,1,0,0,0,1,0,0,0,0,1,0,1
83936,2295,2192,449,465,1975,0.0,0,0.6,0.0,0,0,0,1,0,0,0,1,0,0,0,0,1,0,1
83946,2295,2193,450,465,1974,0.0,0,0.8,0.0,0,0,0,1,0,0,0,1,0,0,0,0,1,0,1
83956,2295,2199,450,463,1974,0.0,0,1.1,0.0,0,0,0,1,0,0,0,1,0,0,0,0,1,0,1
83966,2291,2190,450,465,1974,0.0,0,0.8,0.0,0,0,0,1,0,0,0,1,0,0,0,0,1,0,1
83976,2295,2196,451,463,1975,0.0,0,1.1,0.0,0,0,0,1,0,0,0,1,0,0,0,0,1,0,1
83986,2296,2192,450,464,1974,0.0,0,1.1,0.0,0,0,0,1,0,0,0,1,0,0,0,0,1,0,1
83996,2295,2192,452,464,1975,0.0,0,0.6,0.0,0,0,0,1,0,0,0,1,0,0,0,0,1,0,1
84006,2295,2193,449,464,1975,0.0,0,0.8,0.0,0,0,0,1,0,0,0,1,0,0,0,0,1,0,1
84016,2295,2192,451,465,1974,0.0,0,0.8,0.0,0,0,0,1,0,0,0,1,0,0,0,0,1,0,1
84026,2295,2192,449,465,1974,0.0,0,0.9,0.0,0,0,0,1,0,0,0,1,0,0,0,0,1,0,1
84036,2294,2192,450,465,1974,0.0,0,0.8,0.0,0,0,0,1,0,0,0,1,0,0,0,0,1,0,1
84046,2295,2192,449,465,1974,0.0,0,0.6,0.0,0,0,0,1,0,0,0,1,0,0,0,0,1,0,1
84056,2295,2193,449,464,1974,0.0,0,0.6,0.0,0,0,0,1,0,0,0,1,0,0,0,0,1,0,1
84066,2295,2193,449,463,1974,0.0,0,0.8,0.0,0,0,0,1,0,0,0,1,0,0,0,0,1,0,1
84076,2295,2193,448,465,1974,0.0,0,0.6,0.0,0,0,0,1,0,0,0,1,0,0,0,0,1,0,1
84086,2298,2192,449,464,1974,0.0,0,0.9,0.0,0,0,0,1,0,0,0,1,0,0,0,0,1,0,1
84096,2295,2193,451,463,1973,0.0,0,0.8,0.0,0,0,0,1,0,0,0,1,0,0,0,0,1,0,1
84106,2295,2193,449,464,1974,0.0,0,0.8,0.0,0,0,0,1,0,0,0,1,0,0,0,0,1,0,1
84116,2296,2193,450,464,1973,0.0,0,0.8,0.0,0,0,0,1,0,0,0,1,0,0,0,0,1,0,1
84126,2295,2193,448,466,1974,0.0,0,1.0,0.0,0,0,0,1,0,0,0,1,0,0,0,0,1,0,1
84136,2298,2193,450,465,1974,0.0,0,0.8,0.0,0,0,0,1,0,0,0,1,0,0,0,0,1,0,1
84146,2296,2193,449,463,1974,0.0,0,0.9,0.0,0,0,0,1,0,0,0,1,0,0,0,0,1,0,1
84156,2294,2193,451,465,1974,0.0,0,0.8,0.0,0,0,0,1,0,0,0,1,0,0,0,0,1,0,1
84166,2296,2194,450,464,1974,0.0,0,0.6,0.0,0,0,0,1,0,0,0,1,0,0,0,0,1,0,1
84176,2295,2192,442,464,1974,0.0,0,0.6,0.0,0,0,0,1,0,0,0,1,0,0,0,0,1,0,1
84186,2295,2193,450,464,1975,0.0,0,0.6,0.0,0,0,0,1,0,0,0,1,0,0,0,0,1,0,1
84196,2296,2193,449,465,1974,0.0,0,1.0,0.0,0,0,0,1,0,0,0,1,0,0,0,0,1,0,1
84206,2295,2193,449,465,1974,0.0,0,0.8,0.0,0,0,0,1,0,0,0,1,0,0,0,0,1,0,1
84216,2296,2192,448,464,1973,0.0,0,0.8,0.0,0,0,0,1,0,0,0,1,0,0,0,0,1,0,1
84226,2296,2193,450,465,1974,0.0,0,0.6,0.0,0,0,0,1,0,0,0,1,0,0,0,0,1,0,1
84236,2295,2192,450,465,1974,0.0,0,0.6,0.0,0,0,0,1,0,0,0,1,0,0,0,0,1,0,1
84246,2296,2192,449,464,1974,0.0,0,0.8,0.0,0,0,0,1,0,0,0,1,0,0,0,0,1,0,1
84256,2294,2193,449,464,1974,0.0,0,0.9,0.0,0,0,0,1,0,0,0,1,0,0,0,0,1,0,1
84266,2295,2193,450,465,1974,0.0,0,0.8,0.0,0,0,0,1,0,0,0,1,0,0,0,0,1,0,1
84276,2295,2190,449,465,1974,0.0,0,0.6,0.0,0,0,0,1,0,0,0,1,0,0,0,0,1,0,1
84287,2295,2192,449,465,1973,0.0,0,1.0,0.0,0,0,0,1,0,0,0,1,0,0,0,0,1,0,1
84297,2295,2192,450,466,1973,0.0,0,1.0,0.0,0,0,0,1,0,0,0,1,0,0,0,0,1,0,1
84307,2295,2192,449,463,1974,0.0,0,0.3,0.0,0,0,0,1,0,0,0,1,0,0,0,0,1,0,1
84317,2294,2191,448,465,1974,0.0,0,0.9,0.0,0,0,0,1,0,0,0,1,0,0,0,0,1,0,1
84327,2295,2192,450,465,1975,0.0,0,0.8,0.0,0,0,0,1,0,0,0,1,0,0,0,0,1,0,1
84337,2295,2192,451,464,1974,0.0,0,0.9,0.0,0,0,0,1,0,0,0,1,0,0,0,0,1,0,1
84347,2295,2192,450,465,1975,0.0,0,0.8,0.0,0,0,0,1,0,0,0,1,0,0,0,0,1,0,1
84357,2295,2193,450,463,1974,0.0,0,0.8,0.0,0,0,0,1,0,0,0,1,0,0,0,0,1,0,1
84367,2294,2192,450,465,1974,0.0,0,0.5,0.0,0,0,0,1,0,0,0,1,0,0,0,0,1,0,1
84377,2293,2192,449,464,1973,0.0,0,0.5,0.0,0,0,0,1,0,0,0,1,0,0,0,0,1,0,1
84387,2296,2193,452,465,1975,0.0,0,0.6,0.0,0,0,0,1,0,0,0,1,0,0,0,0,1,0,1
84397,2296,2193,450,465,1974,0.0,0,0.6,0.0,0,0,0,1,0,0,0,1,0,0,0,0,1,0,1
84407,2296,2192,449,464,1974,0.0,0,0.4,0.0,0,0,0,1,0,0,0,1,0,0,0,0,1,0,1
84417,2295,2191,449,463,1974,0.0,0,0.4,0.0,0,0,0,1,0,0,0,1,0,0,0,0,1,0,1
84427,2295,2192,451,465,1974,0.0,0,1.0,0.0,0,0,0,1,0,0,0,1,0,0,0,0,1,0,1
84437,2296,2193,448,465,1974,0.0,0,0.6,0.0,0,0,0,1,0,0,0,1,0,0,0,0,1,0,1
84447,2295,2192,449,466,1974,0.0,0,0.6,0.0,0,0,0,1,0,0,0,1,0,0,0,0,1,0,1
84457,2295,2192,449,465,1975,0.0,0,0.8,0.0,0,0,0,1,0,0,0,1,0,0,0,0,1,0,1
84467,2295,2193,450,465,1975,0.0,0,0.8,0.0,0,0,0,1,0,0,0,1,0,0,0,0,1,0,1
84477,2296,2193,451,465,1974,0.0,0,0.8,0.0,0,0,0,1,0,0,0,1,0,0,0,0,1,0,1
84487,2295,2192,450,465,1974,0.0,0,0.6,0.0,0,0,0,1,0,0,0,1,0,0,0,0,1,0,1
84497,2298,2192,450,465,1974,0.0,0,0.8,0.0,0,0,0,1,0,0,0,1,0,0,0,0,1,0,1
84507,2296,2192,449,461,1975,0.0,0,0.4,0.0,0,0,0,1,0,0,0,1,0,0,0,0,1,0,1
84517,2295,2193,451,464,1974,0.0,0,0.9,0.0,0,0,0,1,0,0,0,1,0,0,0,0,1,0,1
84527,2294,2194,452,463,1975,0.0,0,0.6,0.0,0,0,0,1,0,0,0,1,0,0,0,0,1,0,1
84537,2295,2192,449,464,1974,0.0,0,0.6,0.0,0,0,0,1,0,0,0,1,0,0,0,0,1,0,1
84547,2295,2193,449,463,1975,0.0,0,0.8,0.0,0,0,0,1,0,0,0,1,0,0,0,0,1,0,1
84557,2296,2193,451,465,1974,0.0,0,0.6,0.0,0,0,0,1,0,0,0,1,0,0,0,0,1,0,1
84567,2295,2193,446,465,1974,0.0,0,0.5,0.0,0,0,0,1,0,0,0,1,0,0,0,0,1,0,1
84577,2296,2193,447,466,1973,0.0,0,0.6,0.0,0,0,0,1,0,0,0,1,0,0,0,0,1,0,1
84587,2297,2193,449,463,1973,0.0,0,0.8,0.0,0,0,0,1,0,0,0,1,0,0,0,0,1,0,1
84597,2295,2193,449,465,1974,0.0,0,0.8,0.0,0,0,0,1,0,0,0,1,0,0,0,0,1,0,1
84607,2291,2192,450,465,1974,0.0,0,0.6,0.0,0,0,0,1,0,0,0,1,0,0,0,0,1,0,1
84617,2296,2193,448,465,1974,0.0,0,0.8,0.0,0,0,0,1,0,0,0,1,0,0,0,0,1,0,1
84627,2295,2192,451,464,1970,0.0,0,0.6,0.0,0,0,0,1,0,0,0,1,0,0,0,0,1,0,1
84637,2295,2193,451,463,1974,0.0,0,0.6,0.0,0,0,0,1,0,0,0,1,0,0,0,0,1,0,1
84647,2295,2194,449,464,1974,0.0,0,0.6,0.0,0,0,0,1,0,0,0,1,0,0,0,0,1,0,1
84657,2295,2193,450,464,1976,0.0,0,0.6,0.0,0,0,0,1,0,0,0,1,0,0,0,0,1,0,1
84667,2295,2192,450,467,1974,0.0,0,0.5,0.0,0,0,0,1,0,0,0,1,0,0,0,0,1,0,1
84677,2296,2193,450,465,1974,0.0,0,0.5,0.0,0,0,0,1,0,0,0,1,0,0,0,0,1,0,1
84687,2295,2192,451,465,1973,0.0,0,0.5,0.0,0,0,0,1,0,0,0,1,0,0,0,0,1,0,1
84697,2296,2193,451,463,1974,0.0,0,0.8,0.0,0,0,0,1,0,0,0,1,0,0,0,0,1,0,1
84707,2297,2192,447,463,1974,0.0,0,0.6,0.0,0,0,0,1,0,0,0,1,0,0,0,0,1,0,1
84717,2296,2193,451,465,1974,0.0,0,0.6,0.0,0,0,0,1,0,0,0,1,0,0,0,0,1,0,1
84727,2295,2192,450,464,1974,0.0,0,0.6,0.0,0,0,0,1,0,0,0,1,0,0,0,0,1,0,1
84737,2293,2193,450,465,1975,0.0,0,0.8,0.0,0,0,0,1,0,0,0,1,0,0,0,0,1,0,1
84747,2295,2193,449,464,1975,0.0,0,0.1,0.0,0,0,0,1,0,0,0,1,0,0,0,0,1,0,1
84757,2295,2192,450,464,1972,0.0,0,0.8,0.0,0,0,0,1,0,0,0,1,0,0,0,0,1,0,1
84767,2297,2193,449,465,1973,0.0,0,0.6,0.0,0,0,0,1,0,0,0,1,0,0,0,0,1,0,1
84777,2296,2193,450,464,1974,0.0,0,0.6,0.0,0,0,0,1,0,0,0,1,0,0,0,0,1,0,1
84787,2295,2193,449,466,1974,0.0,0,0.6,0.0,0,0,0,1,0,0,0,1,0,0,0,0,1,0,1
84797,2295,2193,450,464,1974,0.0,0,0.9,0.0,0,0,0,1,0,0,0,1,0,0,0,0,1,0,1
84807,2295,2192,449,464,1974,0.0,0,0.9,0.0,0,0,0,1,0,0,0,1,0,0,0,0,1,0,1
84817,2296,2193,449,463,1974,0.0,0,0.9,0.0,0,0,0,1,0,0,0,1,0,0,0,0,1,0,1
84827,2296,2192,450,464,1974,0.0,0,0.8,0.0,0,0,0,1,0,0,0,1,0,0,0,0,1,0,1
84837,2294,2193,449,464,1975,0.0,0,0.8,0.0,0,0,0,1,0,0,0,1,0,0,0,0,1,0,1
84847,2295,2194,448,464,1973,0.0,0,0.6,0.0,0,0,0,1,0,0,0,1,0,0,0,0,1,0,1
84857,2295,2192,450,465,1972,0.0,0,0.8,0.0,0,0,0,1,0,0,0,1,0,0,0,0,1,0,1
84867,2295,2192,451,464,1974,0.0,0,0.9,0.0,0,0,0,1,0,0,0,1,0,0,0,0,1,0,1
84877,2295,2192,450,464,1974,0.0,0,1.0,0.0,0,0,0,1,0,0,0,1,0,0,0,0,1,0,1
84887,2296,2193,448,464,1975,0.0,0,0.8,0.0,0,0,0,1,0,0,0,1,0,0,0,0,1,0,1
84897,2295,2193,450,464,1975,0.0,0,0.8,0.0,0,0,0,1,0,0,0,1,0,0,0,0,1,0,1
84907,2295,2192,450,465,1974,0.0,0,0.6,0.0,0,0,0,1,0,0,0,1,0,0,0,0,1,0,1
84917,2295,2193,449,464,1974,0.0,0,0.6,0.0,0,0,0,1,0,0,0,1,0,0,0,0,1,0,1
84927,2296,2192,450,465,1975,0.0,0,0.9,0.0,0,0,0,1,0,0,0,1,0,0,0,0,1,0,1
84937,2295,2193,450,464,1975,0.0,0,0.9,0.0,0,0,0,1,0,0,0,1,0,0,0,0,1,0,1
84947,2296,2192,450,465,1974,0.0,0,0.6,0.0,0,0,0,1,0,0,0,1,0,0,0,0,1,0,1
84957,2295,2193,448,465,1974,0.0,0,0.6,0.0,0,0,0,1,0,0,0,1,0,0,0,0,1,0,1
84967,2295,2192,450,463,1974,0.0,0,1.0,0.0,0,0,0,1,0,0,0,1,0,0,0,0,1,0,1
84977,2295,2192,451,464,1975,0.0,0,1.0,0.0,0,0,0,1,0,0,0,1,0,0,0,0,1,0,1
84987,2295,2192,450,467,1977,0.0,0,0.6,0.0,0,0,0,1,0,0,0,1,0,0,0,0,1,0,1
84997,2296,2192,449,464,1975,0.0,0,0.5,0.0,0,0,0,1,0,0,0,1,0,0,0,0,1,0,1
85007,2296,2192,449,465,1974,0.0,0,0.8,0.0,0,0,0,1,0,0,0,1,0,0,0,0,1,0,1
85017,2295,2192,451,465,1975,0.0,0,0.8,0.0,0,0,0,1,0,0,0,1,0,0,0,0,1,0,1
85027,2295,2192,448,465,1975,0.0,0,0.9,0.0,0,0,0,1,0,0,0,1,0,0,0,0,1,0,1
85037,2295,2193,450,464,1974,0.0,0,1.0,0.0,0,0,0,1,0,0,0,1,0,0,0,0,1,0,1
85047,2295,2192,450,465,1975,0.0,0,0.8,0.0,0,0,0,1,0,0,0,1,0,0,0,0,1,0,1
85057,2296,2190,450,464,1973,0.0,0,0.9,0.0,0,0,0,1,0,0,0,1,0,0,0,0,1,0,1
85067,2297,2193,450,464,1974,0.0,0,0.8,0.0,0,0,0,1,0,0,0,1,0,0,0,0,1,0,1
85077,2296,2193,450,465,1973,0.0,0,0.8,0.0,0,0,0,1,0,0,0,1,0,0,0,0,1,0,1
85087,2299,2192,448,465,1974,0.0,0,0.6,0.0,0,0,0,1,0,0,0,1,0,0,0,0,1,0,1
85097,2295,2193,449,464,1974,0.0,0,0.6,0.0,0,0,0,1,0,0,0,1,0,0,0,0,1,0,1
85107,2295,2192,450,464,1974,0.0,0,0.8,0.0,0,0,0,1,0,0,0,1,0,0,0,0,1,0,1
85117,2295,2193,450,464,1974,0.0,0,0.9,0.0,0,0,0,1,0,0,0,1,0,0,0,0,1,0,1
85127,2295,2193,448,463,1974,0.0,0,0.9,0.0,0,0,0,1,0,0,0,1,0,0,0,0,1,0,1
85137,2298,2193,450,464,1974,0.0,0,0.9,0.0,0,0,0,1,0,0,0,1,0,0,0,0,1,0,1
85147,2295,2192,450,463,1972,0.0,0,0.8,0.0,0,0,0,1,0,0,0,1,0,0,0,0,1,0,1
85157,2293,2193,449,465,1974,0.0,0,0.6,0.0,0,0,0,1,0,0,0,1,0,0,0,0,1,0,1
85167,2295,2193,449,465,1974,0.0,0,0.8,0.0,0,0,0,1,0,0,0,1,0,0,0,0,1,0,1
85177,2295,2192,449,465,1974,0.0,0,0.6,0.0,0,0,0,1,0,0,0,1,0,0,0,0,1,0,1
85187,2300,2192,448,464,1974,0.0,0,0.9,0.0,0,0,0,1,0,0,0,1,0,0,0,0,1,0,1
85197,2298,2193,449,464,1974,0.0,0,0.9,0.0,0,0,0,1,0,0,0,1,0,0,0,0,1,0,1
85207,2294,2193,448,465,1974,0.0,0,0.6,0.0,0,0,0,1,0,0,0,1,0,0,0,0,1,0,1
85217,2296,2193,453,465,1973,0.0,0,0.8,0.0,0,0,0,1,0,0,0,1,0,0,0,0,1,0,1
85227,2295,2194,449,465,1974,0.0,0,1.0,0.0,0,0,0,1,0,0,0,1,0,0,0,0,1,0,1
85237,2296,2193,450,464,1973,0.0,0,0.9,0.0,0,0,0,1,0,0,0,1,0,0,0,0,1,0,1
85247,2297,2193,450,464,1974,0.0,0,0.9,0.0,0,0,0,1,0,0,0,1,0,0,0,0,1,0,1
85257,2296,2193,448,464,1973,0.0,0,0.9,0.0,0,0,0,1,0,0,0,1,0,0,0,0,1,0,1
85267,2295,2193,449,465,1974,0.0,0,0.9,0.0,0,0,0,1,0,0,0,1,0,0,0,0,1,0,1
85277,2295,2192,449,463,1973,0.0,0,0.9,0.0,0,0,0,1,0,0,0,1,0,0,0,0,1,0,1
85287,2296,2191,448,466,1973,0.0,0,0.8,0.0,0,0,0,1,0,0,0,1,0,0,0,0,1,0,1
85297,2295,2192,450,465,1973,0.0,0,0.8,0.0,0,0,0,1,0,0,0,1,0,0,0,0,1,0,1
85307,2296,2192,447,464,1974,0.0,0,0.9,0.0,0,0,0,1,0,0,0,1,0,0,0,0,1,0,1
85317,2295,2191,449,465,1974,0.0,0,0.9,0.0,0,0,0,1,0,0,0,1,0,0,0,0,1,0,1
85327,2297,2193,450,466,1975,0.0,0,0.6,0.0,0,0,0,1,0,0,0,1,0,0,0,0,1,0,1
85337,2294,2193,450,463,1974,0.0,0,0.8,0.0,0,0,0,1,0,0,0,1,0,0,0,0,1,0,1
85347,2294,2192,449,465,1974,0.0,0,0.6,0.0,0,0,0,1,0,0,0,1,0,0,0,0,1,0,1
85357,2294,2192,451,464,1974,0.0,0,0.6,0.0,0,0,0,1,0,0,0,1,0,0,0,0,1,0,1
85367,2295,2192,449,465,1974,0.0,0,0.6,0.0,0,0,0,1,0,0,0,1,0,0,0,0,1,0,1
85377,2295,2192,451,465,1975,0.0,0,0.6,0.0,0,0,0,1,0,0,0,1,0,0,0,0,1,0,1
85387,2294,2206,450,463,1975,0.0,0,0.4,0.0,0,0,0,1,0,0,0,1,0,0,0,0,1,0,1
85397,2295,2193,449,465,1975,0.0,0,0.3,0.0,0,0,0,1,0,0,0,1,0,0,0,0,1,0,1
85407,2297,2193,449,464,1975,0.0,0,0.8,0.0,0,0,0,1,0,0,0,1,0,0,0,0,1,0,1
85417,2296,2193,452,464,1974,0.0,0,0.6,0.0,0,0,0,1,0,0,0,1,0,0,0,0,1,0,1
85427,2295,2192,449,464,1975,0.0,0,0.6,0.0,0,0,0,1,0,0,0,1,0,0,0,0,1,0,1
85437,2295,2193,449,466,1975,0.0,0,0.6,0.0,0,0,0,1,0,0,0,1,0,0,0,0,1,0,1
85447,2295,2194,449,464,1975,0.0,0,0.4,0.0,0,0,0,1,0,0,0,1,0,0,0,0,1,0,1
85457,2295,2192,452,464,1974,0.0,0,0.4,0.0,0,0,0,1,0,0,0,1,0,0,0,0,1,0,1
85467,2297,2192,449,463,1973,0.0,0,0.6,0.0,0,0,0,1,0,0,0,1,0,0,0,0,1,0,1
85477,2295,2192,449,463,1978,0.0,0,0.5,0.0,0,0,0,1,0,0,0,1,0,0,0,0,1,0,1
85487,2296,2192,452,462,1975,0.0,0,0.8,0.0,0,0,0,1,0,0,0,1,0,0,0,0,1,0,1
85497,2295,2194,448,465,1975,0.0,0,0.8,0.0,0,0,0,1,0,0,0,1,0,0,0,0,1,0,1
85507,2294,2193,448,465,1975,0.0,0,1.1,0.0,0,0,0,1,0,0,0,1,0,0,0,0,1,0,1
85517,2295,2192,450,466,1977,0.0,0,0.8,0.0,0,0,0,1,0,0,0,1,0,0,0,0,1,0,1
85527,2295,2195,449,465,1974,0.0,0,0.6,0.0,0,0,0,1,0,0,0,1,0,0,0,0,1,0,1
85537,2295,2193,449,465,1975,0.0,0,0.5,0.0,0,0,0,1,0,0,0,1,0,0,0,0,1,0,1
85547,2296,2192,449,465,1974,0.0,0,0.6,0.0,0,0,0,1,0,0,0,1,0,0,0,0,1,0,1
85557,2296,2193,450,464,1974,0.0,0,0.6,0.0,0,0,0,1,0,0,0,1,0,0,0,0,1,0,1
85567,2294,2193,447,466,1973,0.0,0,0.8,0.0,0,0,0,1,0,0,0,1,0,0,0,0,1,0,1
85577,2295,2192,449,465,1974,0.0,0,0.6,0.0,0,0,0,1,0,0,0,1,0,0,0,0,1,0,1
85587,2295,2193,450,465,1974,0.0,0,0.5,0.0,0,0,0,1,0,0,0,1,0,0,0,0,1,0,1
85597,2295,2192,450,464,1974,0.0,0,0.8,0.0,0,0,0,1,0,0,0,1,0,0,0,0,1,0,1
85607,2295,2192,449,463,1973,0.0,0,0.5,0.0,0,0,0,1,0,0,0,1,0,0,0,0,1,0,1
85617,2296,2193,449,463,1974,0.0,0,0.5,0.0,0,0,0,1,0,0,0,1,0,0,0,0,1,0,1
85627,2295,2194,450,464,1974,0.0,0,0.6,0.0,0,0,0,1,0,0,0,1,0,0,0,0,1,0,1
85637,2296,2193,457,465,1974,0.0,0,0.6,0.0,0,0,0,1,0,0,0,1,0,0,0,0,1,0,1
85647,2295,2193,450,465,1974,0.0,0,0.8,0.0,0,0,0,1,0,0,0,1,0,0,0,0,1,0,1
85657,2295,2193,449,465,1974,0.0,0,0.9,0.0,0,0,0,1,0,0,0,1,0,0,0,0,1,0,1
85667,2294,2192,448,462,1974,0.0,0,0.8,0.0,0,0,0,1,0,0,0,1,0,0,0,0,1,0,1
85677,2296,2193,449,465,1974,0.0,0,0.8,0.0,0,0,0,1,0,0,0,1,0,0,0,0,1,0,1
85687,2295,2192,451,464,1974,0.0,0,0.8,0.0,0,0,0,1,0,0,0,1,0,0,0,0,1,0,1
85697,2295,2193,450,465,1974,0.0,0,0.8,0.0,0,0,0,1,0,0,0,1,0,0,0,0,1,0,1
85707,2296,2193,450,465,1974,0.0,0,0.8,0.0,0,0,0,1,0,0,0,1,0,0,0,0,1,0,1
85717,2296,2192,449,464,1975,0.0,0,0.9,0.0,0,0,0,1,0,0,0,1,0,0,0,0,1,0,1
85727,2296,2192,449,463,1974,0.0,0,0.8,0.0,0,0,0,1,0,0,0,1,0,0,0,0,1,0,1
85737,2296,2193,454,465,1974,0.0,0,0.8,0.0,0,0,0,1,0,0,0,1,0,0,0,0,1,0,1
85747,2297,2192,450,464,1974,0.0,0,0.6,0.0,0,0,0,1,0,0,0,1,0,0,0,0,1,0,1
85757,2296,2193,450,464,1974,0.0,0,0.9,0.0,0,0,0,1,0,0,0,1,0,0,0,0,1,0,1
85767,2296,2192,449,464,1972,0.0,0,0.9,0.0,0,0,0,1,0,0,0,1,0,0,0,0,1,0,1
85777,2295,2193,451,464,1974,0.0,0,0.6,0.0,0,0,0,1,0,0,0,1,0,0,0,0,1,0,1
85787,2297,2192,449,465,1974,0.0,0,0.8,0.0,0,0,0,1,0,0,0,1,0,0,0,0,1,0,1
85797,2295,2192,449,462,1974,0.0,0,0.8,0.0,0,0,0,1,0,0,0,1,0,0,0,0,1,0,1
85807,2295,2193,449,464,1975,0.0,0,0.8,0.0,0,0,0,1,0,0,0,1,0,0,0,0,1,0,1
85817,2296,2192,449,465,1974,0.0,0,0.8,0.0,0,0,0,1,0,0,0,1,0,0,0,0,1,0,1
85827,2295,2193,452,464,1975,0.0,0,0.8,0.0,0,0,0,1,0,0,0,1,0,0,0,0,1,0,1
85837,2295,2193,449,463,1974,0.0,0,0.6,0.0,0,0,0,1,0,0,0,1,0,0,0,0,1,0,1
85847,2297,2192,450,465,1975,0.0,0,0.6,0.0,0,0,0,1,0,0,0,1,0,0,0,0,1,0,1
85857,2298,2191,446,464,1974,0.0,0,0.6,0.0,0,0,0,1,0,0,0,1,0,0,0,0,1,0,1
85867,2296,2193,450,464,1975,0.0,0,0.8,0.0,0,0,0,1,0,0,0,1,0,0,0,0,1,0,1
85877,2296,2192,450,464,1974,0.0,0,0.8,0.0,0,0,0,1,0,0,0,1,0,0,0,0,1,0,1
85887,2295,2192,451,465,1975,0.0,0,0.6,0.0,0,0,0,1,0,0,0,1,0,0,0,0,1,0,1
85897,2295,2192,447,460,1974,0.0,0,0.6,0.0,0,0,0,1,0,0,0,1,0,0,0,0,1,0,1
85907,2296,2193,449,464,1974,0.0,0,0.5,0.0,0,0,0,1,0,0,0,1,0,0,0,0,1,0,1
85917,2295,2192,449,466,1975,0.0,0,0.5,0.0,0,0,0,1,0,0,0,1,0,0,0,0,1,0,1
85927,2295,2192,449,465,1974,0.0,0,0.8,0.0,0,0,0,1,0,0,0,1,0,0,0,0,1,0,1
85937,2295,2192,449,465,1974,0.0,0,0.8,0.0,0,0,0,1,0,0,0,1,0,0,0,0,1,0,1
85947,2295,2193,450,463,1974,0.0,0,0.6,0.0,0,0,0,1,0,0,0,1,0,0,0,0,1,0,1
85957,2295,2193,450,465,1974,0.0,0,0.9,0.0,0,0,0,1,0,0,0,1,0,0,0,0,1,0,1
85967,2296,2192,449,463,1974,0.0,0,1.0,0.0,0,0,0,1,0,0,0,1,0,0,0,0,1,0,1
85977,2295,2192,449,464,1974,0.0,0,1.0,0.0,0,0,0,1,0,0,0,1,0,0,0,0,1,0,1
85987,2295,2192,449,466,1974,0.0,0,0.5,0.0,0,0,0,1,0,0,0,1,0,0,0,0,1,0,1
85997,2295,2192,450,465,1974,0.0,0,0.8,0.0,0,0,0,1,0,0,0,1,0,0,0,0,1,0,1
86007,2295,2191,449,462,1974,0.0,0,0.6,0.0,0,0,0,1,0,0,0,1,0,0,0,0,1,0,1
86017,2295,2192,450,464,1974,0.0,0,0.5,0.0,0,0,0,1,0,0,0,1,0,0,0,0,1,0,1
86027,2295,2192,451,465,1974,0.0,0,0.9,0.0,0,0,0,1,0,0,0,1,0,0,0,0,1,0,1
86037,2295,2193,449,465,1974,0.0,0,0.9,0.0,0,0,0,1,0,0,0,1,0,0,0,0,1,0,1
86047,2295,2192,450,466,1974,0.0,0,0.5,0.0,0,0,0,1,0,0,0,1,0,0,0,0,1,0,1
86057,2294,2192,448,465,1974,0.0,0,0.8,0.0,0,0,0,1,0,0,0,1,0,0,0,0,1,0,1
86067,2297,2193,449,465,1973,0.0,0,0.6,0.0,0,0,0,1,0,0,0,1,0,0,0,0,1,0,1
86077,2296,2192,449,465,1974,0.0,0,0.9,0.0,0,0,0,1,0,0,0,1,0,0,0,0,1,0,1
86087,2296,2192,451,463,1974,0.0,0,0.8,0.0,0,0,0,1,0,0,0,1,0,0,0,0,1,0,1
86097,2295,2192,450,464,1974,0.0,0,0.8,0.0,0,0,0,1,0,0,0,1,0,0,0,0,1,0,1
86107,2296,2193,449,466,1976,0.0,0,0.9,0.0,0,0,0,1,0,0,0,1,0,0,0,0,1,0,1
86117,2296,2190,450,463,1974,0.0,0,0.8,0.0,0,0,0,1,0,0,0,1,0,0,0,0,1,0,1
86127,2295,2192,451,466,1974,0.0,0,0.8,0.0,0,0,0,1,0,0,0,1,0,0,0,0,1,0,1
86137,2296,2192,449,466,1973,0.0,0,0.4,0.0,0,0,0,1,0,0,0,1,0,0,0,0,1,0,1
86147,2299,2192,449,464,1974,0.0,0,0.6,0.0,0,0,0,1,0,0,0,1,0,0,0,0,1,0,1
86157,2295,2191,449,466,1974,0.0,0,0.6,0.0,0,0,0,1,0,0,0,1,0,0,0,0,1,0,1
86167,2295,2193,450,464,1974,0.0,0,0.9,0.0,0,0,0,1,0,0,0,1,0,0,0,0,1,0,1
86177,2299,2193,449,465,1976,0.0,0,0.8,0.0,0,0,0,1,0,0,0,1,0,0,0,0,1,0,1
86187,2296,2194,450,467,1967,0.0,0,0.8,0.0,0,0,0,1,0,0,0,1,0,0,0,0,1,0,1
86197,2296,2194,451,465,1972,0.0,0,0.6,0.0,0,0,0,1,0,0,0,1,0,0,0,0,1,0,1
86207,2298,2193,450,464,1974,0.0,0,0.9,0.0,0,0,0,1,0,0,0,1,0,0,0,0,1,0,1
86217,2296,2193,450,462,1974,0.0,0,0.9,0.0,0,0,0,1,0,0,0,1,0,0,0,0,1,0,1
86227,2296,2193,448,464,1973,0.0,0,0.5,0.0,0,0,0,1,0,0,0,1,0,0,0,0,1,0,1
86237,2295,2194,448,464,1973,0.0,0,0.9,0.0,0,0,0,1,0,0,0,1,0,0,0,0,1,0,1
86247,2295,2193,449,463,1974,0.0,0,0.6,0.0,0,0,0,1,0,0,0,1,0,0,0,0,1,0,1
86258,2296,2193,449,464,1977,0.0,0,0.8,0.0,0,0,0,1,0,0,0,1,0,0,0,0,1,0,1
86268,2292,2193,448,464,1974,0.0,0,0.8,0.0,0,0,0,1,0,0,0,1,0,0,0,0,1,0,1
86278,2296,2193,450,466,1973,0.0,0,0.9,0.0,0,0,0,1,0,0,0,1,0,0,0,0,1,0,1
86288,2294,2192,450,464,1974,0.0,0,0.9,0.0,0,0,0,1,0,0,0,1,0,0,0,0,1,0,1
86298,2295,2192,448,465,1974,0.0,0,0.6,0.0,0,0,0,1,0,0,0,1,0,0,0,0,1,0,1
86308,2295,2192,448,466,1974,0.0,0,0.8,0.0,0,0,0,1,0,0,0,1,0,0,0,0,1,0,1
86318,2297,2192,450,462,1974,0.0,0,1.0,0.0,0,0,0,1,0,0,0,1,0,0,0,0,1,0,1
86328,2294,2192,450,464,1974,0.0,0,0.8,0.0,0,0,0,1,0,0,0,1,0,0,0,0,1,0,1
86338,2295,2193,450,463,1975,0.0,0,0.8,0.0,0,0,0,1,0,0,0,1,0,0,0,0,1,0,1
86348,2294,2192,450,464,1974,0.0,0,0.6,0.0,0,0,0,1,0,0,0,1,0,0,0,0,1,0,1
86358,2294,2191,450,464,1974,0.0,0,0.9,0.0,0,0,0,1,0,0,0,1,0,0,0,0,1,0,1
86368,2294,2191,450,464,1974,0.0,0,0.9,0.0,0,0,0,1,0,0,0,1,0,0,0,0,1,0,1
86378,2293,2192,450,464,1974,0.0,0,1.0,0.0,0,0,0,1,0,0,0,1,0,0,0,0,1,0,1
86388,2296,2192,449,464,1974,0.0,0,0.8,0.0,0,0,0,1,0,0,0,1,0,0,0,0,1,0,1
86398,2295,2193,451,466,1974,0.0,0,0.8,0.0,0,0,0,1,0,0,0,1,0,0,0,0,1,0,1
86408,2295,2192,449,464,1974,0.0,0,1.0,0.0,0,0,0,1,0,0,0,1,0,0,0,0,1,0,1
86418,2295,2193,449,466,1974,0.0,0,1.0,0.0,0,0,0,1,0,0,0,1,0,0,0,0,1,0,1
86428,2295,2193,450,463,1974,0.0,0,0.5,0.0,0,0,0,1,0,0,0,1,0,0,0,0,1,0,1
86438,2295,2192,449,464,1975,0.0,0,0.8,0.0,0,0,0,1,0,0,0,1,0,0,0,0,1,0,1
86448,2295,2193,450,465,1974,0.0,0,0.8,0.0,0,0,0,1,0,0,0,1,0,0,0,0,1,0,1
86458,2295,2193,448,465,1975,0.0,0,0.8,0.0,0,0,0,1,0,0,0,1,0,0,0,0,1,0,1
86468,2296,2193,451,465,1975,0.0,0,0.6,0.0,0,0,0,1,0,0,0,1,0,0,0,0,1,0,1
86478,2294,2191,450,465,1974,0.0,0,1.0,0.0,0,0,0,1,0,0,0,1,0,0,0,0,1,0,1
86488,2296,2193,450,464,1974,0.0,0,0.6,0.0,0,0,0,1,0,0,0,1,0,0,0,0,1,0,1
86498,2295,2192,448,463,1978,0.0,0,0.4,0.0,0,0,0,1,0,0,0,1,0,0,0,0,1,0,1
86508,2294,2193,450,464,1974,0.0,0,0.6,0.0,0,0,0,1,0,0,0,1,0,0,0,0,1,0,1
86518,2296,2193,450,465,1974,0.0,0,0.9,0.0,0,0,0,1,0,0,0,1,0,0,0,0,1,0,1
86528,2295,2192,450,464,1972,0.0,0,0.9,0.0,0,0,0,1,0,0,0,1,0,0,0,0,1,0,1
86538,2295,2192,452,465,1974,0.0,0,0.8,0.0,0,0,0,1,0,0,0,1,0,0,0,0,1,0,1
86548,2296,2192,449,464,1974,0.0,0,1.0,0.0,0,0,0,1,0,0,0,1,0,0,0,0,1,0,1
86558,2296,2193,445,464,1974,0.0,0,0.8,0.0,0,0,0,1,0,0,0,1,0,0,0,0,1,0,1
86568,2296,2193,449,464,1972,0.0,0,0.9,0.0,0,0,0,1,0,0,0,1,0,0,0,0,1,0,1
86578,2295,2193,450,464,1973,0.0,0,0.9,0.0,0,0,0,1,0,0,0,1,0,0,0,0,1,0,1
86588,2295,2192,448,464,1973,0.0,0,0.6,0.0,0,0,0,1,0,0,0,1,0,0,0,0,1,0,1
86598,2295,2193,449,465,1973,0.0,0,0.8,0.0,0,0,0,1,0,0,0,1,0,0,0,0,1,0,1
86608,2295,2193,450,463,1973,0.0,0,0.8,0.0,0,0,0,1,0,0,0,1,0,0,0,0,1,0,1
86618,2296,2192,450,465,1974,0.0,0,0.9,0.0,0,0,0,1,0,0,0,1,0,0,0,0,1,0,1
86628,2295,2196,450,464,1972,0.0,0,0.6,0.0,0,0,0,1,0,0,0,1,0,0,0,0,1,0,1
86638,2298,2192,450,464,1973,0.0,0,0.8,0.0,0,0,0,1,0,0,0,1,0,0,0,0,1,0,1
86648,2295,2193,450,466,1974,0.0,0,0.8,0.0,0,0,0,1,0,0,0,1,0,0,0,0,1,0,1
86658,2295,2192,448,463,1975,0.0,0,0.8,0.0,0,0,0,1,0,0,0,1,0,0,0,0,1,0,1
86668,2294,2192,452,463,1973,0.0,0,0.9,0.0,0,0,0,1,0,0,0,1,0,0,0,0,1,0,1
86678,2296,2193,453,466,1973,0.0,0,0.4,0.0,0,0,0,1,0,0,0,1,0,0,0,0,1,0,1
86688,2295,2194,450,464,1973,0.0,0,0.5,0.0,0,0,0,1,0,0,0,1,0,0,0,0,1,0,1
86698,2295,2193,450,465,1976,0.0,0,0.5,0.0,0,0,0,1,0,0,0,1,0,0,0,0,1,0,1
86708,2296,2193,452,465,1974,0.0,0,0.6,0.0,0,0,0,1,0,0,0,1,0,0,0,0,1,0,1
86718,2295,2196,451,463,1974,0.0,0,0.8,0.0,0,0,0,1,0,0,0,1,0,0,0,0,1,0,1
86728,2294,2193,448,465,1974,0.0,0,0.8,0.0,0,0,0,1,0,0,0,1,0,0,0,0,1,0,1
86738,2295,2193,449,465,1974,0.0,0,0.9,0.0,0,0,0,1,0,0,0,1,0,0,0,0,1,0,1
86748,2295,2194,450,463,1974,0.0,0,0.8,0.0,0,0,0,1,0,0,0,1,0,0,0,0,1,0,1
86758,2296,2192,450,464,1976,0.0,0,0.8,0.0,0,0,0,1,0,0,0,1,0,0,0,0,1,0,1
86768,2297,2192,449,464,1973,0.0,0,0.6,0.0,0,0,0,1,0,0,0,1,0,0,0,0,1,0,1
86778,2296,2192,450,464,1974,0.0,0,0.6,0.0,0,0,0,1,0,0,0,1,0,0,0,0,1,0,1
86788,2296,2193,450,463,1974,0.0,0,0.6,0.0,0,0,0,1,0,0,0,1,0,0,0,0,1,0,1
86798,2296,2192,451,465,1973,0.0,0,0.6,0.0,0,0,0,1,0,0,0,1,0,0,0,0,1,0,1
86808,2296,2195,449,463,1975,0.0,0,0.6,0.0,0,0,0,1,0,0,0,1,0,0,0,0,1,0,1
86818,2295,2192,449,464,1974,0.0,0,0.6,0.0,0,0,0,1,0,0,0,1,0,0,0,0,1,0,1
86828,2295,2193,450,466,1975,0.0,0,0.6,0.0,0,0,0,1,0,0,0,1,0,0,0,0,1,0,1
86838,2295,2192,451,464,1974,0.0,0,0.8,0.0,0,0,0,1,0,0,0,1,0,0,0,0,1,0,1
86848,2295,2192,450,466,1975,0.0,0,0.6,0.0,0,0,0,1,0,0,0,1,0,0,0,0,1,0,1
86858,2295,2192,450,465,1974,0.0,0,0.5,0.0,0,0,0,1,0,0,0,1,0,0,0,0,1,0,1
86868,2295,2192,448,464,1975,0.0,0,0.6,0.0,0,0,0,1,0,0,0,1,0,0,0,0,1,0,1
86878,2297,2193,447,464,1975,0.0,0,0.6,0.0,0,0,0,1,0,0,0,1,0,0,0,0,1,0,1
86888,2295,2192,450,465,1975,0.0,0,0.5,0.0,0,0,0,1,0,0,0,1,0,0,0,0,1,0,1
86898,2295,2191,450,465,1973,0.0,0,0.9,0.0,0,0,0,1,0,0,0,1,0,0,0,0,1,0,1
86908,2295,2192,450,465,1973,0.0,0,0.8,0.0,0,0,0,1,0,0,0,1,0,0,0,0,1,0,1
86918,2295,2192,452,462,1975,0.0,0,0.6,0.0,0,0,0,1,0,0,0,1,0,0,0,0,1,0,1
86928,2296,2193,449,464,1975,0.0,0,0.8,0.0,0,0,0,1,0,0,0,1,0,0,0,0,1,0,1
86938,2295,2192,451,466,1975,0.0,0,0.8,0.0,0,0,0,1,0,0,0,1,0,0,0,0,1,0,1
86948,2295,2192,449,461,1975,0.0,0,1.1,0.0,0,0,0,1,0,0,0,1,0,0,0,0,1,0,1
86958,2296,2193,448,462,1974,0.0,0,0.6,0.0,0,0,0,1,0,0,0,1,0,0,0,0,1,0,1
86968,2295,2194,448,462,1974,0.0,0,0.6,0.0,0,0,0,1,0,0,0,1,0,0,0,0,1,0,1
86978,2296,2193,448,464,1977,0.0,0,0.8,0.0,0,0,0,1,0,0,0,1,0,0,0,0,1,0,1
86988,2295,2193,448,465,1974,0.0,0,0.4,0.0,0,0,0,1,0,0,0,1,0,0,0,0,1,0,1
86998,2295,2193,449,465,1975,0.0,0,0.4,0.0,0,0,0,1,0,0,0,1,0,0,0,0,1,0,1
87008,2294,2193,449,462,1974,0.0,0,0.8,0.0,0,0,0,1,0,0,0,1,0,0,0,0,1,0,1
87018,2295,2192,450,465,1974,0.0,0,0.8,0.0,0,0,0,1,0,0,0,1,0,0,0,0,1,0,1
87028,2295,2193,449,465,1974,0.0,0,0.6,0.0,0,0,0,1,0,0,0,1,0,0,0,0,1,0,1
87038,2296,2192,449,464,1974,0.0,0,0.5,0.0,0,0,0,1,0,0,0,1,0,0,0,0,1,0,1
87048,2295,2192,451,465,1974,0.0,0,0.9,0.0,0,0,0,1,0,0,0,1,0,0,0,0,1,0,1
87058,2296,2192,451,463,1974,0.0,0,0.9,0.0,0,0,0,1,0,0,0,1,0,0,0,0,1,0,1
87068,2296,2193,450,464,1974,0.0,0,0.8,0.0,0,0,0,1,0,0,0,1,0,0,0,0,1,0,1
87078,2295,2193,446,464,1974,0.0,0,0.6,0.0,0,0,0,1,0,0,0,1,0,0,0,0,1,0,1
87088,2295,2193,449,464,1974,0.0,0,0.9,0.0,0,0,0,1,0,0,0,1,0,0,0,0,1,0,1
87098,2294,2192,450,464,1974,0.0,0,0.9,0.0,0,0,0,1,0,0,0,1,0,0,0,0,1,0,1
87108,2295,2193,449,464,1971,0.0,0,0.9,0.0,0,0,0,1,0,0,0,1,0,0,0,0,1,0,1
87118,2294,2193,449,465,1974,0.0,0,0.8,0.0,0,0,0,1,0,0,0,1,0,0,0,0,1,0,1
87128,2296,2192,449,464,1974,0.0,0,0.9,0.0,0,0,0,1,0,0,0,1,0,0,0,0,1,0,1
87138,2296,2192,452,465,1974,0.0,0,0.9,0.0,0,0,0,1,0,0,0,1,0,0,0,0,1,0,1
87148,2295,2191,449,464,1974,0.0,0,0.9,0.0,0,0,0,1,0,0,0,1,0,0,0,0,1,0,1
87158,2295,2192,450,464,1974,0.0,0,0.5,0.0,0,0,0,1,0,0,0,1,0,0,0,0,1,0,1
87168,2294,2192,450,462,1973,0.0,0,0.8,0.0,0,0,0,1,0,0,0,1,0,0,0,0,1,0,1
87178,2295,2192,449,463,1973,0.0,0,1.0,0.0,0,0,0,1,0,0,0,1,0,0,0,0,1,0,1
87188,2297,2192,449,464,1974,0.0,0,0.6,0.0,0,0,0,1,0,0,0,1,0,0,0,0,1,0,1
87198,2296,2192,449,464,1974,0.0,0,0.6,0.0,0,0,0,1,0,0,0,1,0,0,0,0,1,0,1
87208,2296,2192,450,464,1973,0.0,0,0.5,0.0,0,0,0,1,0,0,0,1,0,0,0,0,1,0,1
87218,2293,2193,450,465,1974,0.0,0,0.5,0.0,0,0,0,1,0,0,0,1,0,0,0,0,1,0,1
87228,2295,2192,450,465,1974,0.0,0,0.6,0.0,0,0,0,1,0,0,0,1,0,0,0,0,1,0,1
87238,2295,2196,449,466,1974,0.0,0,0.5,0.0,0,0,0,1,0,0,0,1,0,0,0,0,1,0,1
87248,2296,2193,450,464,1973,0.0,0,0.5,0.0,0,0,0,1,0,0,0,1,0,0,0,0,1,0,1
87258,2295,2192,450,464,1974,0.0,0,0.5,0.0,0,0,0,1,0,0,0,1,0,0,0,0,1,0,1
87268,2295,2193,451,464,1974,0.0,0,0.6,0.0,0,0,0,1,0,0,0,1,0,0,0,0,1,0,1
87278,2295,2192,454,464,1973,0.0,0,0.6,0.0,0,0,0,1,0,0,0,1,0,0,0,0,1,0,1
87288,2295,2191,449,463,1974,0.0,0,0.6,0.0,0,0,0,1,0,0,0,1,0,0,0,0,1,0,1
87298,2294,2192,450,466,1973,0.0,0,0.8,0.0,0,0,0,1,0,0,0,1,0,0,0,0,1,0,1
87308,2294,2192,450,465,1973,0.0,0,0.8,0.0,0,0,0,1,0,0,0,1,0,0,0,0,1,0,1
87318,2294,2192,450,463,1974,0.0,0,0.5,0.0,0,0,0,1,0,0,0,1,0,0,0,0,1,0,1
87328,2295,2192,449,464,1974,0.0,0,0.9,0.0,0,0,0,1,0,0,0,1,0,0,0,0,1,0,1
87338,2294,2192,451,464,1974,0.0,0,0.9,0.0,0,0,0,1,0,0,0,1,0,0,0,0,1,0,1
87348,2296,2193,450,464,1973,0.0,0,0.8,0.0,0,0,0,1,0,0,0,1,0,0,0,0,1,0,1
87358,2295,2192,448,465,1974,0.0,0,0.9,0.0,0,0,0,1,0,0,0,1,0,0,0,0,1,0,1
87368,2294,2192,449,465,1974,0.0,0,0.9,0.0,0,0,0,1,0,0,0,1,0,0,0,0,1,0,1
87378,2296,2192,449,464,1974,0.0,0,0.8,0.0,0,0,0,1,0,0,0,1,0,0,0,0,1,0,1
87388,2295,2193,452,465,1974,0.0,0,0.8,0.0,0,0,0,1,0,0,0,1,0,0,0,0,1,0,1
87398,2295,2193,450,465,1975,0.0,0,1.0,0.0,0,0,0,1,0,0,0,1,0,0,0,0,1,0,1
87408,2295,2193,450,464,1975,0.0,0,0.9,0.0,0,0,0,1,0,0,0,1,0,0,0,0,1,0,1
87418,2298,2192,449,467,1975,0.0,0,0.6,0.0,0,0,0,1,0,0,0,1,0,0,0,0,1,0,1
87428,2296,2194,450,465,1976,0.0,0,0.8,0.0,0,0,0,1,0,0,0,1,0,0,0,0,1,0,1
87438,2296,2189,449,465,1975,0.0,0,0.6,0.0,0,0,0,1,0,0,0,1,0,0,0,0,1,0,1
87448,2298,2192,450,465,1975,0.0,0,0.6,0.0,0,0,0,1,0,0,0,1,0,0,0,0,1,0,1
87458,2296,2192,450,464,1974,0.0,0,0.8,0.0,0,0,0,1,0,0,0,1,0,0,0,0,1,0,1
87468,2295,2193,449,465,1974,0.0,0,0.8,0.0,0,0,0,1,0,0,0,1,0,0,0,0,1,0,1
87478,2296,2192,450,465,1974,0.0,0,0.8,0.0,0,0,0,1,0,0,0,1,0,0,0,0,1,0,1
87488,2294,2193,448,465,1974,0.0,0,0.6,0.0,0,0,0,1,0,0,0,1,0,0,0,0,1,0,1
87498,2294,2192,451,466,1972,0.0,0,0.6,0.0,0,0,0,1,0,0,0,1,0,0,0,0,1,0,1
87508,2295,2194,449,466,1974,0.0,0,0.6,0.0,0,0,0,1,0,0,0,1,0,0,0,0,1,0,1
87518,2295,2193,449,464,1974,0.0,0,0.6,0.0,0,0,0,1,0,0,0,1,0,0,0,0,1,0,1
87528,2294,2192,449,464,1974,0.0,0,0.5,0.0,0,0,0,1,0,0,0,1,0,0,0,0,1,0,1
87538,2295,2193,450,465,1975,0.0,0,0.5,0.0,0,0,0,1,0,0,0,1,0,0,0,0,1,0,1
87548,2295,2193,448,464,1975,0.0,0,0.6,0.0,0,0,0,1,0,0,0,1,0,0,0,0,1,0,1
87558,2295,2193,450,465,1974,0.0,0,0.6,0.0,0,0,0,1,0,0,0,1,0,0,0,0,1,0,1
87568,2296,2193,451,464,1977,0.0,0,0.6,0.0,0,0,0,1,0,0,0,1,0,0,0,0,1,0,1
87578,2295,2192,449,465,1974,0.0,0,0.6,0.0,0,0,0,1,0,0,0,1,0,0,0,0,1,0,1
87588,2296,2193,450,464,1974,0.0,0,0.8,0.0,0,0,0,1,0,0,0,1,0,0,0,0,1,0,1
87598,2295,2193,450,465,1975,0.0,0,0.6,0.0,0,0,0,1,0,0,0,1,0,0,0,0,1,0,1
87608,2296,2192,450,464,1974,0.0,0,0.6,0.0,0,0,0,1,0,0,0,1,0,0,0,0,1,0,1
87618,2295,2195,450,465,1973,0.0,0,0.6,0.0,0,0,0,1,0,0,0,1,0,0,0,0,1,0,1
87628,2297,2192,451,466,1973,0.0,0,0.6,0.0,0,0,0,1,0,0,0,1,0,0,0,0,1,0,1
87638,2297,2193,450,465,1974,0.0,0,0.6,0.0,0,0,0,1,0,0,0,1,0,0,0,0,1,0,1
87648,2296,2193,450,462,1973,0.0,0,0.8,0.0,0,0,0,1,0,0,0,1,0,0,0,0,1,0,1
87658,2296,2192,448,464,1974,0.0,0,0.5,0.0,0,0,0,1,0,0,0,1,0,0,0,0,1,0,1
87668,2295,2193,450,464,1976,0.0,0,0.9,0.0,0,0,0,1,0,0,0,1,0,0,0,0,1,0,1
87678,2298,2193,450,464,1974,0.0,0,0.8,0.0,0,0,0,1,0,0,0,1,0,0,0,0,1,0,1
87688,2296,2193,451,462,1974,0.0,0,0.8,0.0,0,0,0,1,0,0,0,1,0,0,0,0,1,0,1
87698,2295,2192,449,465,1974,0.0,0,0.6,0.0,0,0,0,1,0,0,0,1,0,0,0,0,1,0,1
87708,2295,2194,450,464,1974,0.0,0,1.1,0.0,0,0,0,1,0,0,0,1,0,0,0,0,1,0,1
87718,2295,2193,451,465,1973,0.0,0,0.6,0.0,0,0,0,1,0,0,0,1,0,0,0,0,1,0,1
87728,2295,2193,450,465,1973,0.0,0,0.9,0.0,0,0,0,1,0,0,0,1,0,0,0,0,1,0,1
87738,2295,2193,449,465,1974,0.0,0,0.6,0.0,0,0,0,1,0,0,0,1,0,0,0,0,1,0,1
87748,2296,2194,450,464,1973,0.0,0,0.6,0.0,0,0,0,1,0,0,0,1,0,0,0,0,1,0,1
87758,2296,2194,450,465,1975,0.0,0,0.6,0.0,0,0,0,1,0,0,0,1,0,0,0,0,1,0,1
87768,2295,2193,450,464,1974,0.0,0,0.9,0.0,0,0,0,1,0,0,0,1,0,0,0,0,1,0,1
87778,2295,2193,449,463,1973,0.0,0,0.6,0.0,0,0,0,1,0,0,0,1,0,0,0,0,1,0,1
87788,2295,2193,450,464,1974,0.0,0,0.8,0.0,0,0,0,1,0,0,0,1,0,0,0,0,1,0,1
87798,2295,2192,447,465,1974,0.0,0,1.0,0.0,0,0,0,1,0,0,0,1,0,0,0,0,1,0,1
87808,2295,2193,449,465,1973,0.0,0,1.0,0.0,0,0,0,1,0,0,0,1,0,0,0,0,1,0,1
87818,2294,2192,450,464,1974,0.0,0,0.6,0.0,0,0,0,1,0,0,0,1,0,0,0,0,1,0,1
87828,2295,2192,450,464,1974,0.0,0,0.6,0.0,0,0,0,1,0,0,0,1,0,0,0,0,1,0,1
87838,2295,2192,449,465,1975,0.0,0,0.8,0.0,0,0,0,1,0,0,0,1,0,0,0,0,1,0,1
87848,2295,2193,450,461,1974,0.0,0,0.5,0.0,0,0,0,1,0,0,0,1,0,0,0,0,1,0,1
87858,2295,2192,450,465,1975,0.0,0,0.9,0.0,0,0,0,1,0,0,0,1,0,0,0,0,1,0,1
87868,2296,2192,451,465,1974,0.0,0,0.5,0.0,0,0,0,1,0,0,0,1,0,0,0,0,1,0,1
87878,2295,2192,452,465,1974,0.0,0,0.5,0.0,0,0,0,1,0,0,0,1,0,0,0,0,1,0,1
87888,2294,2192,449,465,1974,0.0,0,0.8,0.0,0,0,0,1,0,0,0,1,0,0,0,0,1,0,1
87898,2294,2192,450,465,1974,0.0,0,0.6,0.0,0,0,0,1,0,0,0,1,0,0,0,0,1,0,1
87908,2295,2192,452,465,1974,0.0,0,0.6,0.0,0,0,0,1,0,0,0,1,0,0,0,0,1,0,1
87918,2295,2192,448,464,1976,0.0,0,0.5,0.0,0,0,0,1,0,0,0,1,0,0,0,0,1,0,1
87928,2295,2193,450,464,1974,0.0,0,0.5,0.0,0,0,0,1,0,0,0,1,0,0,0,0,1,0,1
87938,2296,2192,450,464,1974,0.0,0,0.6,0.0,0,0,0,1,0,0,0,1,0,0,0,0,1,0,1
87948,2295,2192,449,465,1974,0.0,0,0.9,0.0,0,0,0,1,0,0,0,1,0,0,0,0,1,0,1
87958,2294,2193,449,465,1975,0.0,0,0.8,0.0,0,0,0,1,0,0,0,1,0,0,0,0,1,0,1
87968,2295,2194,449,465,1975,0.0,0,0.6,0.0,0,0,0,1,0,0,0,1,0,0,0,0,1,0,1
87978,2295,2193,449,463,1974,0.0,0,0.4,0.0,0,0,0,1,0,0,0,1,0,0,0,0,1,0,1
87988,2296,2192,449,462,1974,0.0,0,0.4,0.0,0,0,0,1,0,0,0,1,0,0,0,0,1,0,1
87998,2295,2192,450,464,1976,0.0,0,0.5,0.0,0,0,0,1,0,0,0,1,0,0,0,0,1,0,1
88008,2296,2193,448,463,1974,0.0,0,0.5,0.0,0,0,0,1,0,0,0,1,0,0,0,0,1,0,1
88018,2294,2192,449,464,1974,0.0,0,0.6,0.0,0,0,0,1,0,0,0,1,0,0,0,0,1,0,1
88028,2295,2192,451,464,1975,0.0,0,1.0,0.0,0,0,0,1,0,0,0,1,0,0,0,0,1,0,1
88038,2293,2192,449,463,1975,0.0,0,0.5,0.0,0,0,0,1,0,0,0,1,0,0,0,0,1,0,1
88048,2295,2193,449,465,1975,0.0,0,0.5,0.0,0,0,0,1,0,0,0,1,0,0,0,0,1,0,1
88058,2294,2193,449,462,1974,0.0,0,0.6,0.0,0,0,0,1,0,0,0,1,0,0,0,0,1,0,1
88068,2298,2193,449,465,1974,0.0,0,0.9,0.0,0,0,0,1,0,0,0,1,0,0,0,0,1,0,1
88078,2297,2193,449,466,1977,0.0,0,0.6,0.0,0,0,0,1,0,0,0,1,0,0,0,0,1,0,1
88088,2296,2193,448,465,1974,0.0,0,0.9,0.0,0,0,0,1,0,0,0,1,0,0,0,0,1,0,1
88098,2295,2193,450,464,1974,0.0,0,0.6,0.0,0,0,0,1,0,0,0,1,0,0,0,0,1,0,1
88109,2295,2193,449,465,1974,0.0,0,0.8,0.0,0,0,0,1,0,0,0,1,0,0,0,0,1,0,1
88119,2295,2192,450,465,1974,0.0,0,0.8,0.0,0,0,0,1,0,0,0,1,0,0,0,0,1,0,1
88129,2296,2193,451,466,1976,0.0,0,0.6,0.0,0,0,0,1,0,0,0,1,0,0,0,0,1,0,1
88139,2296,2194,449,461,1974,0.0,0,0.8,0.0,0,0,0,1,0,0,0,1,0,0,0,0,1,0,1
88149,2296,2193,450,465,1974,0.0,0,1.0,0.0,0,0,0,1,0,0,0,1,0,0,0,0,1,0,1
88159,2295,2192,448,461,1973,0.0,0,0.6,0.0,0,0,0,1,0,0,0,1,0,0,0,0,1,0,1
88169,2297,2192,448,464,1974,0.0,0,0.9,0.0,0,0,0,1,0,0,0,1,0,0,0,0,1,0,1
88179,2295,2193,450,464,1974,0.0,0,0.9,0.0,0,0,0,1,0,0,0,1,0,0,0,0,1,0,1
88189,2296,2192,449,464,1974,0.0,0,0.6,0.0,0,0,0,1,0,0,0,1,0,0,0,0,1,0,1
88199,2297,2193,450,464,1976,0.0,0,0.8,0.0,0,0,0,1,0,0,0,1,0,0,0,0,1,0,1
88209,2296,2193,450,465,1976,0.0,0,0.8,0.0,0,0,0,1,0,0,0,1,0,0,0,0,1,0,1
88219,2296,2193,450,466,1974,0.0,0,0.8,0.0,0,0,0,1,0,0,0,1,0,0,0,0,1,0,1
88229,2295,2192,448,464,1973,0.0,0,0.6,0.0,0,0,0,1,0,0,0,1,0,0,0,0,1,0,1
88239,2295,2193,451,468,1974,0.0,0,0.6,0.0,0,0,0,1,0,0,0,1,0,0,0,0,1,0,1
88249,2295,2193,450,466,1974,0.0,0,0.8,0.0,0,0,0,1,0,0,0,1,0,0,0,0,1,0,1
88259,2296,2192,449,465,1974,0.0,0,0.9,0.0,0,0,0,1,0,0,0,1,0,0,0,0,1,0,1
88269,2295,2193,451,464,1973,0.0,0,0.9,0.0,0,0,0,1,0,0,0,1,0,0,0,0,1,0,1
88279,2296,2192,449,465,1974,0.0,0,1.0,0.0,0,0,0,1,0,0,0,1,0,0,0,0,1,0,1
88289,2297,2192,449,464,1974,0.0,0,0.9,0.0,0,0,0,1,0,0,0,1,0,0,0,0,1,0,1
88299,2295,2192,449,465,1974,0.0,0,0.9,0.0,0,0,0,1,0,0,0,1,0,0,0,0,1,0,1
88309,2296,2192,450,464,1974,0.0,0,0.6,0.0,0,0,0,1,0,0,0,1,0,0,0,0,1,0,1
88319,2295,2195,450,465,1975,0.0,0,0.8,0.0,0,0,0,1,0,0,0,1,0,0,0,0,1,0,1
88329,2295,2192,450,463,1974,0.0,0,0.5,0.0,0,0,0,1,0,0,0,1,0,0,0,0,1,0,1
88339,2293,2192,449,463,1975,0.0,0,0.8,0.0,0,0,0,1,0,0,0,1,0,0,0,0,1,0,1
88349,2294,2192,448,465,1974,0.0,0,0.8,0.0,0,0,0,1,0,0,0,1,0,0,0,0,1,0,1
88359,2294,2192,449,466,1975,0.0,0,0.8,0.0,0,0,0,1,0,0,0,1,0,0,0,0,1,0,1
88369,2295,2192,450,464,1974,0.0,0,0.6,0.0,0,0,0,1,0,0,0,1,0,0,0,0,1,0,1
88379,2295,2193,450,464,1974,0.0,0,0.9,0.0,0,0,0,1,0,0,0,1,0,0,0,0,1,0,1
88390,2294,2192,450,463,1974,0.0,0,0.8,0.0,0,0,0,1,0,0,0,1,0,0,0,0,1,0,1
88400,2296,2193,450,466,1974,0.0,0,1.1,0.0,0,0,0,1,0,0,0,1,0,0,0,0,1,0,1
88410,2298,2192,449,464,1975,0.0,0,0.4,0.0,0,0,0,1,0,0,0,1,0,0,0,0,1,0,1
88420,2295,2192,450,464,1975,0.0,0,0.8,0.0,0,0,0,1,0,0,0,1,0,0,0,0,1,0,1
88430,2295,2193,450,466,1974,0.0,0,0.8,0.0,0,0,0,1,0,0,0,1,0,0,0,0,1,0,1
88440,2295,2192,449,464,1974,0.0,0,0.8,0.0,0,0,0,1,0,0,0,1,0,0,0,0,1,0,1
88450,2295,2192,449,465,1974,0.0,0,0.8,0.0,0,0,0,1,0,0,0,1,0,0,0,0,1,0,1
88460,2295,2192,450,465,1974,0.0,0,0.6,0.0,0,0,0,1,0,0,0,1,0,0,0,0,1,0,1
88470,2294,2192,449,464,1974,0.0,0,0.6,0.0,0,0,0,1,0,0,0,1,0,0,0,0,1,0,1
88480,2296,2193,449,463,1974,0.0,0,0.9,0.0,0,0,0,1,0,0,0,1,0,0,0,0,1,0,1
88490,2295,2193,449,465,1975,0.0,0,0.9,0.0,0,0,0,1,0,0,0,1,0,0,0,0,1,0,1
88500,2294,2192,448,465,1975,0.0,0,0.8,0.0,0,0,0,1,0,0,0,1,0,0,0,0,1,0,1
88510,2298,2191,452,463,1974,0.0,0,0.9,0.0,0,0,0,1,0,0,0,1,0,0,0,0,1,0,1
88520,2295,2191,448,463,1974,0.0,0,0.9,0.0,0,0,0,1,0,0,0,1,0,0,0,0,1,0,1
88530,2295,2192,450,464,1974,0.0,0,0.5,0.0,0,0,0,1,0,0,0,1,0,0,0,0,1,0,1
88540,2295,2192,449,465,1974,0.0,0,0.5,0.0,0,0,0,1,0,0,0,1,0,0,0,0,1,0,1
88550,2295,2192,450,465,1974,0.0,0,0.5,0.0,0,0,0,1,0,0,0,1,0,0,0,0,1,0,1
88560,2295,2192,448,465,1975,0.0,0,0.6,0.0,0,0,0,1,0,0,0,1,0,0,0,0,1,0,1
88570,2294,2192,449,465,1973,0.0,0,0.5,0.0,0,0,0,1,0,0,0,1,0,0,0,0,1,0,1
88580,2295,2192,450,463,1974,0.0,0,0.5,0.0,0,0,0,1,0,0,0,1,0,0,0,0,1,0,1
88590,2295,2192,450,466,1974,0.0,0,0.5,0.0,0,0,0,1,0,0,0,1,0,0,0,0,1,0,1
88600,2296,2193,449,464,1974,0.0,0,0.5,0.0,0,0,0,1,0,0,0,1,0,0,0,0,1,0,1
88610,2295,2192,451,465,1974,0.0,0,0.5,0.0,0,0,0,1,0,0,0,1,0,0,0,0,1,0,1
88620,2295,2192,449,465,1974,0.0,0,0.8,0.0,0,0,0,1,0,0,0,1,0,0,0,0,1,0,1
88630,2294,2193,450,465,1974,0.0,0,0.8,0.0,0,0,0,1,0,0,0,1,0,0,0,0,1,0,1
88640,2296,2193,450,463,1973,0.0,0,0.8,0.0,0,0,0,1,0,0,0,1,0,0,0,0,1,0,1
88650,2295,2192,449,462,1973,0.0,0,0.8,0.0,0,0,0,1,0,0,0,1,0,0,0,0,1,0,1
88660,2297,2193,449,464,1974,0.0,0,0.9,0.0,0,0,0,1,0,0,0,1,0,0,0,0,1,0,1
88670,2295,2193,448,462,1974,0.0,0,0.9,0.0,0,0,0,1,0,0,0,1,0,0,0,0,1,0,1
88680,2295,2193,450,465,1974,0.0,0,0.5,0.0,0,0,0,1,0,0,0,1,0,0,0,0,1,0,1
88690,2296,2192,449,465,1975,0.0,0,0.9,0.0,0,0,0,1,0,0,0,1,0,0,0,0,1,0,1
88700,2296,2192,450,463,1977,0.0,0,0.6,0.0,0,0,0,1,0,0,0,1,0,0,0,0,1,0,1
88710,2296,2192,451,463,1974,0.0,0,0.6,0.0,0,0,0,1,0,0,0,1,0,0,0,0,1,0,1
88720,2296,2193,450,464,1975,0.0,0,0.8,0.0,0,0,0,1,0,0,0,1,0,0,0,0,1,0,1
88730,2295,2193,451,465,1974,0.0,0,0.8,0.0,0,0,0,1,0,0,0,1,0,0,0,0,1,0,1
88740,2296,2193,449,464,1972,0.0,0,0.8,0.0,0,0,0,1,0,0,0,1,0,0,0,0,1,0,1
88750,2295,2193,451,464,1974,0.0,0,0.3,0.0,0,0,0,1,0,0,0,1,0,0,0,0,1,0,1
88760,2295,2193,449,462,1975,0.0,0,0.8,0.0,0,0,0,1,0,0,0,1,0,0,0,0,1,0,1
88770,2295,2192,450,463,1974,0.0,0,0.8,0.0,0,0,0,1,0,0,0,1,0,0,0,0,1,0,1
88780,2295,2192,450,464,1974,0.0,0,0.8,0.0,0,0,0,1,0,0,0,1,0,0,0,0,1,0,1
88790,2296,2193,452,465,1974,0.0,0,0.8,0.0,0,0,0,1,0,0,0,1,0,0,0,0,1,0,1
88801,2296,2193,449,465,1974,0.0,0,0.8,0.0,0,0,0,1,0,0,0,1,0,0,0,0,1,0,1
88811,2296,2192,449,465,1976,0.0,0,0.6,0.0,0,0,0,1,0,0,0,1,0,0,0,0,1,0,1
88821,2295,2189,449,464,1976,0.0,0,0.9,0.0,0,0,0,1,0,0,0,1,0,0,0,0,1,0,1
88831,2295,2193,449,462,1976,0.0,0,0.9,0.0,0,0,0,1,0,0,0,1,0,0,0,0,1,0,1
88841,2296,2192,450,464,1974,0.0,0,0.5,0.0,0,0,0,1,0,0,0,1,0,0,0,0,1,0,1
88851,2295,2192,450,464,1978,0.0,0,0.5,0.0,0,0,0,1,0,0,0,1,0,0,0,0,1,0,1
88861,2295,2192,446,464,1974,0.0,0,0.9,0.0,0,0,0,1,0,0,0,1,0,0,0,0,1,0,1
88871,2295,2193,450,466,1975,0.0,0,0.5,0.0,0,0,0,1,0,0,0,1,0,0,0,0,1,0,1
88881,2296,2192,450,464,1976,0.0,0,0.5,0.0,0,0,0,1,0,0,0,1,0,0,0,0,1,0,1
88891,2297,2192,451,465,1979,0.0,0,0.9,0.0,0,0,0,1,0,0,0,1,0,0,0,0,1,0,1
88901,2296,2192,447,463,1974,0.0,0,0.9,0.0,0,0,0,1,0,0,0,1,0,0,0,0,1,0,1
88911,2294,2193,448,464,1974,0.0,0,0.8,0.0,0,0,0,1,0,0,0,1,0,0,0,0,1,0,1
88921,2293,2193,451,464,1975,0.0,0,0.8,0.0,0,0,0,1,0,0,0,1,0,0,0,0,1,0,1
88931,2295,2192,449,465,1975,0.0,0,0.8,0.0,0,0,0,1,0,0,0,1,0,0,0,0,1,0,1
88941,2295,2193,450,464,1975,0.0,0,0.8,0.0,0,0,0,1,0,0,0,1,0,0,0,0,1,0,1
88951,2298,2192,449,463,1975,0.0,0,0.6,0.0,0,0,0,1,0,0,0,1,0,0,0,0,1,0,1
88961,2297,2193,449,463,1974,0.0,0,0.8,0.0,0,0,0,1,0,0,0,1,0,0,0,0,1,0,1
88971,2295,2192,450,464,1974,0.0,0,0.8,0.0,0,0,0,1,0,0,0,1,0,0,0,0,1,0,1
88981,2291,2193,454,465,1976,0.0,0,0.8,0.0,0,0,0,1,0,0,0,1,0,0,0,0,1,0,1
88991,2295,2192,450,465,1975,0.0,0,0.9,0.0,0,0,0,1,0,0,0,1,0,0,0,0,1,0,1
89002,2296,2194,449,464,1974,0.0,0,0.8,0.0,0,0,0,1,0,0,0,1,0,0,0,0,1,0,1
89012,2295,2190,451,464,1976,0.0,0,0.9,0.0,0,0,0,1,0,0,0,1,0,0,0,0,1,0,1
89022,2296,2193,450,464,1975,0.0,0,0.8,0.0,0,0,0,1,0,0,0,1,0,0,0,0,1,0,1
89032,2296,2192,449,464,1974,0.0,0,0.8,0.0,0,0,0,1,0,0,0,1,0,0,0,0,1,0,1
89042,2295,2192,449,463,1974,0.0,0,0.8,0.0,0,0,0,1,0,0,0,1,0,0,0,0,1,0,1
89052,2297,2192,449,465,1973,0.0,0,0.5,0.0,0,0,0,1,0,0,0,1,0,0,0,0,1,0,1
89062,2297,2192,450,464,1974,0.0,0,0.8,0.0,0,0,0,1,0,0,0,1,0,0,0,0,1,0,1
89072,2296,2193,449,465,1974,0.0,0,0.9,0.0,0,0,0,1,0,0,0,1,0,0,0,0,1,0,1
89082,2297,2192,450,466,1974,0.0,0,1.0,0.0,0,0,0,1,0,0,0,1,0,0,0,0,1,0,1
89092,2295,2192,444,464,1974,0.0,0,0.8,0.0,0,0,0,1,0,0,0,1,0,0,0,0,1,0,1
89102,2295,2193,449,464,1974,0.0,0,0.8,0.0,0,0,0,1,0,0,0,1,0,0,0,0,1,0,1
89112,2295,2193,448,463,1974,0.0,0,0.8,0.0,0,0,0,1,0,0,0,1,0,0,0,0,1,0,1
89122,2295,2193,449,464,1973,0.0,0,0.9,0.0,0,0,0,1,0,0,0,1,0,0,0,0,1,0,1
89132,2296,2193,450,464,1974,0.0,0,0.8,0.0,0,0,0,1,0,0,0,1,0,0,0,0,1,0,1
89142,2295,2192,449,463,1974,0.0,0,0.8,0.0,0,0,0,1,0,0,0,1,0,0,0,0,1,0,1
89152,2295,2193,449,465,1973,0.0,0,0.5,0.0,0,0,0,1,0,0,0,1,0,0,0,0,1,0,1
89162,2295,2193,450,463,1975,0.0,0,0.5,0.0,0,0,0,1,0,0,0,1,0,0,0,0,1,0,1
89172,2295,2192,449,462,1973,0.0,0,0.9,0.0,0,0,0,1,0,0,0,1,0,0,0,0,1,0,1
89182,2295,2193,449,464,1975,0.0,0,0.9,0.0,0,0,0,1,0,0,0,1,0,0,0,0,1,0,1
89192,2296,2193,449,463,1974,0.0,0,0.5,0.0,0,0,0,1,0,0,0,1,0,0,0,0,1,0,1
89202,2294,2193,451,464,1974,0.0,0,0.5,0.0,0,0,0,1,0,0,0,1,0,0,0,0,1,0,1
89212,2295,2193,451,464,1974,0.0,0,0.5,0.0,0,0,0,1,0,0,0,1,0,0,0,0,1,0,1
89222,2295,2193,450,466,1974,0.0,0,0.5,0.0,0,0,0,1,0,0,0,1,0,0,0,0,1,0,1
89232,2296,2193,450,465,1974,0.0,0,0.9,0.0,0,0,0,1,0,0,0,1,0,0,0,0,1,0,1
89242,2296,2192,450,464,1974,0.0,0,0.9,0.0,0,0,0,1,0,0,0,1,0,0,0,0,1,0,1
89252,2295,2192,449,465,1974,0.0,0,0.8,0.0,0,0,0,1,0,0,0,1,0,0,0,0,1,0,1
89262,2294,2193,449,465,1974,0.0,0,0.9,0.0,0,0,0,1,0,0,0,1,0,0,0,0,1,0,1
89272,2294,2193,449,464,1974,0.0,0,0.9,0.0,0,0,0,1,0,0,0,1,0,0,0,0,1,0,1
89283,2295,2192,447,464,1974,0.0,0,0.9,0.0,0,0,0,1,0,0,0,1,0,0,0,0,1,0,1
89293,2295,2192,450,467,1974,0.0,0,0.9,0.0,0,0,0,1,0,0,0,1,0,0,0,0,1,0,1
89303,2297,2192,448,465,1974,0.0,0,0.8,0.0,0,0,0,1,0,0,0,1,0,0,0,0,1,0,1
89313,2292,2193,450,465,1974,0.0,0,0.9,0.0,0,0,0,1,0,0,0,1,0,0,0,0,1,0,1
89323,2295,2192,451,464,1974,0.0,0,1.0,0.0,0,0,0,1,0,0,0,1,0,0,0,0,1,0,1
89333,2294,2192,449,465,1974,0.0,0,0.8,0.0,0,0,0,1,0,0,0,1,0,0,0,0,1,0,1
89343,2295,2191,449,463,1974,0.0,0,0.8,0.0,0,0,0,1,0,0,0,1,0,0,0,0,1,0,1
89353,2294,2192,448,465,1974,0.0,0,0.6,0.0,0,0,0,1,0,0,0,1,0,0,0,0,1,0,1
89363,2295,2192,448,463,1975,0.0,0,0.8,0.0,0,0,0,1,0,0,0,1,0,0,0,0,1,0,1
89373,2294,2192,449,467,1974,0.0,0,0.6,0.0,0,0,0,1,0,0,0,1,0,0,0,0,1,0,1
89383,2295,2192,448,465,1974,0.0,0,0.9,0.0,0,0,0,1,0,0,0,1,0,0,0,0,1,0,1
89393,2295,2192,450,465,1974,0.0,0,0.6,0.0,0,0,0,1,0,0,0,1,0,0,0,0,1,0,1
89403,2295,2193,449,463,1974,0.0,0,0.6,0.0,0,0,0,1,0,0,0,1,0,0,0,0,1,0,1
89413,2295,2192,449,464,1974,0.0,0,0.8,0.0,0,0,0,1,0,0,0,1,0,0,0,0,1,0,1
89423,2295,2192,450,464,1975,0.0,0,0.6,0.0,0,0,0,1,0,0,0,1,0,0,0,0,1,0,1
89433,2295,2192,449,465,1975,0.0,0,0.8,0.0,0,0,0,1,0,0,0,1,0,0,0,0,1,0,1
89443,2295,2192,450,464,1975,0.0,0,0.8,0.0,0,0,0,1,0,0,0,1,0,0,0,0,1,0,1
89453,2295,2194,450,465,1978,0.0,0,0.8,0.0,0,0,0,1,0,0,0,1,0,0,0,0,1,0,1
89463,2295,2192,449,463,1974,0.0,0,0.8,0.0,0,0,0,1,0,0,0,1,0,0,0,0,1,0,1
89473,2297,2193,451,466,1975,0.0,0,0.6,0.0,0,0,0,1,0,0,0,1,0,0,0,0,1,0,1
89483,2295,2193,450,463,1975,0.0,0,0.8,0.0,0,0,0,1,0,0,0,1,0,0,0,0,1,0,1
89493,2295,2192,451,464,1975,0.0,0,0.8,0.0,0,0,0,1,0,0,0,1,0,0,0,0,1,0,1
89503,2295,2191,450,464,1974,0.0,0,0.9,0.0,0,0,0,1,0,0,0,1,0,0,0,0,1,0,1
89513,2296,2191,449,465,1974,0.0,0,0.9,0.0,0,0,0,1,0,0,0,1,0,0,0,0,1,0,1
89523,2296,2192,451,463,1974,0.0,0,0.5,0.0,0,0,0,1,0,0,0,1,0,0,0,0,1,0,1
89533,2292,2192,450,465,1974,0.0,0,0.3,0.0,0,0,0,1,0,0,0,1,0,0,0,0,1,0,1
89543,2295,2192,450,464,1975,0.0,0,0.6,0.0,0,0,0,1,0,0,0,1,0,0,0,0,1,0,1
89553,2296,2193,449,464,1974,0.0,0,0.9,0.0,0,0,0,1,0,0,0,1,0,0,0,0,1,0,1
89563,2295,2193,448,464,1974,0.0,0,0.6,0.0,0,0,0,1,0,0,0,1,0,0,0,0,1,0,1
89573,2297,2194,454,466,1974,0.0,0,0.6,0.0,0,0,0,1,0,0,0,1,0,0,0,0,1,0,1
89583,2292,2192,449,464,1974,0.0,0,0.6,0.0,0,0,0,1,0,0,0,1,0,0,0,0,1,0,1
89593,2296,2193,451,464,1974,0.0,0,0.5,0.0,0,0,0,1,0,0,0,1,0,0,0,0,1,0,1
89603,2295,2193,449,463,1973,0.0,0,0.8,0.0,0,0,0,1,0,0,0,1,0,0,0,0,1,0,1
89613,2296,2194,451,464,1974,0.0,0,0.8,0.0,0,0,0,1,0,0,0,1,0,0,0,0,1,0,1
89623,2296,2193,449,464,1973,0.0,0,0.6,0.0,0,0,0,1,0,0,0,1,0,0,0,0,1,0,1
89633,2298,2193,450,463,1974,0.0,0,0.8,0.0,0,0,0,1,0,0,0,1,0,0,0,0,1,0,1
89643,2296,2194,450,465,1974,0.0,0,0.8,0.0,0,0,0,1,0,0,0,1,0,0,0,0,1,0,1
89653,2295,2193,448,464,1974,0.0,0,0.6,0.0,0,0,0,1,0,0,0,1,0,0,0,0,1,0,1
89663,2295,2192,449,466,1974,0.0,0,0.9,0.0,0,0,0,1,0,0,0,1,0,0,0,0,1,0,1
89673,2295,2192,451,464,1973,0.0,0,0.5,0.0,0,0,0,1,0,0,0,1,0,0,0,0,1,0,1
89683,2294,2193,450,464,1974,0.0,0,0.9,0.0,0,0,0,1,0,0,0,1,0,0,0,0,1,0,1
89693,2296,2192,450,466,1974,0.0,0,0.5,0.0,0,0,0,1,0,0,0,1,0,0,0,0,1,0,1
89703,2296,2193,450,464,1974,0.0,0,0.5,0.0,0,0,0,1,0,0,0,1,0,0,0,0,1,0,1
89713,2295,2193,449,464,1974,0.0,0,0.6,0.0,0,0,0,1,0,0,0,1,0,0,0,0,1,0,1
89723,2293,2193,451,464,1974,0.0,0,0.4,0.0,0,0,0,1,0,0,0,1,0,0,0,0,1,0,1
89733,2295,2192,450,463,1974,0.0,0,0.8,0.0,0,0,0,1,0,0,0,1,0,0,0,0,1,0,1
89743,2295,2193,449,464,1974,0.0,0,0.6,0.0,0,0,0,1,0,0,0,1,0,0,0,0,1,0,1
89753,2296,2193,450,465,1974,0.0,0,0.8,0.0,0,0,0,1,0,0,0,1,0,0,0,0,1,0,1
89763,2295,2193,449,464,1974,0.0,0,0.8,0.0,0,0,0,1,0,0,0,1,0,0,0,0,1,0,1
89773,2295,2192,450,465,1974,0.0,0,0.8,0.0,0,0,0,1,0,0,0,1,0,0,0,0,1,0,1
89783,2295,2192,450,465,1974,0.0,0,0.5,0.0,0,0,0,1,0,0,0,1,0,0,0,0,1,0,1
89793,2295,2193,451,462,1975,0.0,0,0.6,0.0,0,0,0,1,0,0,0,1,0,0,0,0,1,0,1
89803,2294,2192,451,464,1974,0.0,0,0.5,0.0,0,0,0,1,0,0,0,1,0,0,0,0,1,0,1
89813,2296,2191,450,465,1974,0.0,0,0.8,0.0,0,0,0,1,0,0,0,1,0,0,0,0,1,0,1
89823,2296,2193,449,464,1974,0.0,0,0.8,0.0,0,0,0,1,0,0,0,1,0,0,0,0,1,0,1
89833,2298,2192,450,463,1974,0.0,0,0.5,0.0,0,0,0,1,0,0,0,1,0,0,0,0,1,0,1
89843,2295,2193,450,465,1975,0.0,0,0.6,0.0,0,0,0,1,0,0,0,1,0,0,0,0,1,0,1
89853,2295,2193,449,464,1975,0.0,0,0.8,0.0,0,0,0,1,0,0,0,1,0,0,0,0,1,0,1
89863,2298,2193,449,464,1974,0.0,0,0.8,0.0,0,0,0,1,0,0,0,1,0,0,0,0,1,0,1
89873,2296,2193,448,463,1975,0.0,0,0.5,0.0,0,0,0,1,0,0,0,1,0,0,0,0,1,0,1
89883,2295,2192,450,465,1975,0.0,0,0.5,0.0,0,0,0,1,0,0,0,1,0,0,0,0,1,0,1
89893,2295,2192,448,464,1974,0.0,0,0.8,0.0,0,0,0,1,0,0,0,1,0,0,0,0,1,0,1
89903,2295,2192,450,464,1975,0.0,0,0.9,0.0,0,0,0,1,0,0,0,1,0,0,0,0,1,0,1
89913,2295,2192,450,465,1974,0.0,0,0.9,0.0,0,0,0,1,0,0,0,1,0,0,0,0,1,0,1
89923,2297,2192,447,464,1975,0.0,0,0.6,0.0,0,0,0,1,0,0,0,1,0,0,0,0,1,0,1
89933,2296,2193,449,463,1975,0.0,0,0.6,0.0,0,0,0,1,0,0,0,1,0,0,0,0,1,0,1
89943,2296,2192,449,462,1975,0.0,0,0.6,0.0,0,0,0,1,0,0,0,1,0,0,0,0,1,0,1
89953,2296,2193,450,464,1975,0.0,0,0.9,0.0,0,0,0,1,0,0,0,1,0,0,0,0,1,0,1
89963,2295,2191,449,464,1974,0.0,0,0.8,0.0,0,0,0,1,0,0,0,1,0,0,0,0,1,0,1
89973,2295,2195,450,464,1974,0.0,0,0.8,0.0,0,0,0,1,0,0,0,1,0,0,0,0,1,0,1
89983,2294,2192,449,464,1974,0.0,0,0.8,0.0,0,0,0,1,0,0,0,1,0,0,0,0,1,0,1
89993,2296,2192,450,465,1975,0.0,0,0.6,0.0,0,0,0,1,0,0,0,1,0,0,0,0,1,0,1
90003,2295,2192,450,464,1975,0.0,0,0.6,0.0,0,0,0,1,0,0,0,1,0,0,0,0,1,0,1
90013,2295,2193,450,465,1975,0.0,0,0.9,0.0,0,0,0,1,0,0,0,1,0,0,0,0,1,0,1
90023,2296,2193,449,463,1974,0.0,0,0.6,0.0,0,0,0,1,0,0,0,1,0,0,0,0,1,0,1
90033,2294,2193,450,465,1973,0.0,0,0.8,0.0,0,0,0,1,0,0,0,1,0,0,0,0,1,0,1
90043,2295,2193,449,464,1974,0.0,0,0.9,0.0,0,0,0,1,0,0,0,1,0,0,0,0,1,0,1
90053,2297,2192,451,463,1974,0.0,0,1.0,0.0,0,0,0,1,0,0,0,1,0,0,0,0,1,0,1
90063,2295,2193,449,466,1974,0.0,0,1.0,0.0,0,0,0,1,0,0,0,1,0,0,0,0,1,0,1
90073,2295,2192,450,463,1973,0.0,0,0.5,0.0,0,0,0,1,0,0,0,1,0,0,0,0,1,0,1
90083,2295,2193,449,465,1974,0.0,0,0.9,0.0,0,0,0,1,0,0,0,1,0,0,0,0,1,0,1
90093,2296,2192,450,462,1974,0.0,0,1.0,0.0,0,0,0,1,0,0,0,1,0,0,0,0,1,0,1
90103,2296,2192,449,465,1974,0.0,0,0.9,0.0,0,0,0,1,0,0,0,1,0,0,0,0,1,0,1
90113,2296,2192,449,462,1974,0.0,0,0.8,0.0,0,0,0,1,0,0,0,1,0,0,0,0,1,0,1
90123,2295,2193,449,465,1974,0.0,0,0.8,0.0,0,0,0,1,0,0,0,1,0,0,0,0,1,0,1
90133,2295,2193,451,464,1974,0.0,0,0.9,0.0,0,0,0,1,0,0,0,1,0,0,0,0,1,0,1
90143,2295,2194,452,464,1974,0.0,0,0.8,0.0,0,0,0,1,0,0,0,1,0,0,0,0,1,0,1
90153,2296,2193,450,466,1974,0.0,0,0.5,0.0,0,0,0,1,0,0,0,1,0,0,0,0,1,0,1
90163,2295,2193,450,466,1974,0.0,0,0.8,0.0,0,0,0,1,0,0,0,1,0,0,0,0,1,0,1
90173,2296,2192,449,463,1973,0.0,0,0.9,0.0,0,0,0,1,0,0,0,1,0,0,0,0,1,0,1
90183,2297,2192,449,464,1973,0.0,0,0.9,0.0,0,0,0,1,0,0,0,1,0,0,0,0,1,0,1
90193,2296,2192,450,463,1973,0.0,0,0.6,0.0,0,0,0,1,0,0,0,1,0,0,0,0,1,0,1
90203,2295,2193,449,465,1974,0.0,0,0.8,0.0,0,0,0,1,0,0,0,1,0,0,0,0,1,0,1
90213,2295,2193,450,465,1974,0.0,0,0.8,0.0,0,0,0,1,0,0,0,1,0,0,0,0,1,0,1
90223,2296,2193,449,464,1974,0.0,0,0.6,0.0,0,0,0,1,0,0,0,1,0,0,0,0,1,0,1
90233,2296,2192,450,463,1974,0.0,0,1.0,0.0,0,0,0,1,0,0,0,1,0,0,0,0,1,0,1
90243,2295,2192,448,464,1973,0.0,0,1.0,0.0,0,0,0,1,0,0,0,1,0,0,0,0,1,0,1
90253,2295,2193,449,464,1974,0.0,0,0.9,0.0,0,0,0,1,0,0,0,1,0,0,0,0,1,0,1
90263,2295,2192,450,463,1973,0.0,0,0.6,0.0,0,0,0,1,0,0,0,1,0,0,0,0,1,0,1
90273,2295,2192,450,464,1974,0.0,0,0.6,0.0,0,0,0,1,0,0,0,1,0,0,0,0,1,0,1
90283,2294,2192,449,464,1973,0.0,0,1.0,0.0,0,0,0,1,0,0,0,1,0,0,0,0,1,0,1
90293,2296,2192,448,462,1974,0.0,0,0.5,0.0,0,0,0,1,0,0,0,1,0,0,0,0,1,0,1
90303,2294,2194,450,463,1974,0.0,0,0.5,0.0,0,0,0,1,0,0,0,1,0,0,0,0,1,0,1
90313,2294,2192,449,464,1974,0.0,0,0.8,0.0,0,0,0,1,0,0,0,1,0,0,0,0,1,0,1
90323,2294,2192,449,465,1974,0.0,0,0.8,0.0,0,0,0,1,0,0,0,1,0,0,0,0,1,0,1
90333,2295,2192,452,465,1973,0.0,0,1.0,0.0,0,0,0,1,0,0,0,1,0,0,0,0,1,0,1
90343,2294,2192,451,461,1972,0.0,0,0.9,0.0,0,0,0,1,0,0,0,1,0,0,0,0,1,0,1
90353,2297,2195,449,465,1974,0.0,0,0.5,0.0,0,0,0,1,0,0,0,1,0,0,0,0,1,0,1
90363,2294,2192,449,465,1976,0.0,0,0.5,0.0,0,0,0,1,0,0,0,1,0,0,0,0,1,0,1
90373,2294,2192,449,466,1974,0.0,0,0.9,0.0,0,0,0,1,0,0,0,1,0,0,0,0,1,0,1
90383,2294,2192,447,464,1974,0.0,0,0.9,0.0,0,0,0,1,0,0,0,1,0,0,0,0,1,0,1
90393,2295,2193,449,465,1974,0.0,0,0.6,0.0,0,0,0,1,0,0,0,1,0,0,0,0,1,0,1
90403,2295,2191,453,464,1973,0.0,0,0.8,0.0,0,0,0,1,0,0,0,1,0,0,0,0,1,0,1
90413,2295,2192,447,464,1974,0.0,0,0.6,0.0,0,0,0,1,0,0,0,1,0,0,0,0,1,0,1
90423,2295,2193,449,464,1974,0.0,0,0.6,0.0,0,0,0,1,0,0,0,1,0,0,0,0,1,0,1
90433,2295,2193,450,464,1974,0.0,0,0.9,0.0,0,0,0,1,0,0,0,1,0,0,0,0,1,0,1
90443,2294,2193,448,464,1974,0.0,0,0.5,0.0,0,0,0,1,0,0,0,1,0,0,0,0,1,0,1
90453,2294,2193,449,466,1974,0.0,0,0.8,0.0,0,0,0,1,0,0,0,1,0,0,0,0,1,0,1
90463,2299,2193,450,467,1977,0.0,0,0.6,0.0,0,0,0,1,0,0,0,1,0,0,0,0,1,0,1
90473,2296,2192,449,465,1975,0.0,0,0.8,0.0,0,0,0,1,0,0,0,1,0,0,0,0,1,0,1
90483,2295,2192,451,465,1974,0.0,0,0.8,0.0,0,0,0,1,0,0,0,1,0,0,0,0,1,0,1
90493,2294,2194,449,464,1974,0.0,0,1.0,0.0,0,0,0,1,0,0,0,1,0,0,0,0,1,0,1
90503,2295,2193,448,465,1975,0.0,0,0.6,0.0,0,0,0,1,0,0,0,1,0,0,0,0,1,0,1
90513,2295,2192,449,465,1974,0.0,0,0.8,0.0,0,0,0,1,0,0,0,1,0,0,0,0,1,0,1
90523,2295,2192,445,464,1975,0.0,0,0.9,0.0,0,0,0,1,0,0,0,1,0,0,0,0,1,0,1
90533,2296,2192,449,463,1975,0.0,0,0.8,0.0,0,0,0,1,0,0,0,1,0,0,0,0,1,0,1
90543,2296,2192,449,464,1974,0.0,0,0.8,0.0,0,0,0,1,0,0,0,1,0,0,0,0,1,0,1
90553,2295,2192,448,465,1973,0.0,0,0.8,0.0,0,0,0,1,0,0,0,1,0,0,0,0,1,0,1
90563,2297,2193,450,464,1974,0.0,0,0.8,0.0,0,0,0,1,0,0,0,1,0,0,0,0,1,0,1
90573,2296,2193,449,465,1973,0.0,0,0.8,0.0,0,0,0,1,0,0,0,1,0,0,0,0,1,0,1
90583,2296,2192,451,462,1973,0.0,0,0.8,0.0,0,0,0,1,0,0,0,1,0,0,0,0,1,0,1
90593,2296,2192,449,465,1974,0.0,0,0.9,0.0,0,0,0,1,0,0,0,1,0,0,0,0,1,0,1
90603,2296,2193,449,463,1974,0.0,0,0.9,0.0,0,0,0,1,0,0,0,1,0,0,0,0,1,0,1
90613,2296,2193,449,465,1974,0.0,0,0.5,0.0,0,0,0,1,0,0,0,1,0,0,0,0,1,0,1
90623,2296,2193,450,463,1974,0.0,0,0.9,0.0,0,0,0,1,0,0,0,1,0,0,0,0,1,0,1
90634,2297,2192,450,464,1974,0.0,0,0.6,0.0,0,0,0,1,0,0,0,1,0,0,0,0,1,0,1
90644,2296,2192,449,464,1974,0.0,0,0.8,0.0,0,0,0,1,0,0,0,1,0,0,0,0,1,0,1
90654,2297,2193,450,464,1974,0.0,0,0.6,0.0,0,0,0,1,0,0,0,1,0,0,0,0,1,0,1
90664,2296,2195,449,464,1974,0.0,0,0.6,0.0,0,0,0,1,0,0,0,1,0,0,0,0,1,0,1
90674,2296,2193,450,466,1975,0.0,0,0.8,0.0,0,0,0,1,0,0,0,1,0,0,0,0,1,0,1
90684,2295,2191,451,464,1974,0.0,0,0.8,0.0,0,0,0,1,0,0,0,1,0,0,0,0,1,0,1
90694,2295,2193,449,464,1973,0.0,0,0.5,0.0,0,0,0,1,0,0,0,1,0,0,0,0,1,0,1
90704,2296,2192,449,462,1973,0.0,0,0.6,0.0,0,0,0,1,0,0,0,1,0,0,0,0,1,0,1
90714,2295,2193,449,464,1974,0.0,0,0.8,0.0,0,0,0,1,0,0,0,1,0,0,0,0,1,0,1
90724,2296,2193,450,463,1974,0.0,0,0.6,0.0,0,0,0,1,0,0,0,1,0,0,0,0,1,0,1
90734,2295,2192,450,463,1974,0.0,0,0.6,0.0,0,0,0,1,0,0,0,1,0,0,0,0,1,0,1
90744,2295,2196,448,464,1974,0.0,0,0.4,0.0,0,0,0,1,0,0,0,1,0,0,0,0,1,0,1
90754,2295,2193,450,464,1974,0.0,0,0.8,0.0,0,0,0,1,0,0,0,1,0,0,0,0,1,0,1
90764,2295,2192,450,465,1974,0.0,0,0.8,0.0,0,0,0,1,0,0,0,1,0,0,0,0,1,0,1
90774,2295,2193,449,466,1974,0.0,0,0.6,0.0,0,0,0,1,0,0,0,1,0,0,0,0,1,0,1
90784,2296,2193,447,463,1975,0.0,0,0.6,0.0,0,0,0,1,0,0,0,1,0,0,0,0,1,0,1
90794,2295,2193,450,464,1974,0.0,0,0.6,0.0,0,0,0,1,0,0,0,1,0,0,0,0,1,0,1
90804,2295,2191,449,465,1975,0.0,0,0.8,0.0,0,0,0,1,0,0,0,1,0,0,0,0,1,0,1
90814,2295,2193,448,464,1974,0.0,0,0.8,0.0,0,0,0,1,0,0,0,1,0,0,0,0,1,0,1
90824,2296,2193,449,463,1974,0.0,0,0.8,0.0,0,0,0,1,0,0,0,1,0,0,0,0,1,0,1
90834,2295,2191,450,462,1975,0.0,0,0.8,0.0,0,0,0,1,0,0,0,1,0,0,0,0,1,0,1
90844,2295,2192,448,464,1974,0.0,0,0.4,0.0,0,0,0,1,0,0,0,1,0,0,0,0,1,0,1
90854,2295,2193,449,465,1974,0.0,0,0.4,0.0,0,0,0,1,0,0,0,1,0,0,0,0,1,0,1
90864,2295,2192,449,464,1974,0.0,0,0.6,0.0,0,0,0,1,0,0,0,1,0,0,0,0,1,0,1
90874,2295,2192,449,465,1974,0.0,0,0.6,0.0,0,0,0,1,0,0,0,1,0,0,0,0,1,0,1
90884,2296,2193,450,464,1974,0.0,0,1.0,0.0,0,0,0,1,0,0,0,1,0,0,0,0,1,0,1
90894,2295,2192,450,465,1974,0.0,0,0.5,0.0,0,0,0,1,0,0,0,1,0,0,0,0,1,0,1
90904,2294,2192,449,464,1974,0.0,0,0.5,0.0,0,0,0,1,0,0,0,1,0,0,0,0,1,0,1
90914,2295,2192,449,464,1974,0.0,0,0.8,0.0,0,0,0,1,0,0,0,1,0,0,0,0,1,0,1
90924,2295,2193,449,464,1974,0.0,0,0.8,0.0,0,0,0,1,0,0,0,1,0,0,0,0,1,0,1
90934,2295,2191,452,463,1974,0.0,0,0.8,0.0,0,0,0,1,0,0,0,1,0,0,0,0,1,0,1
90944,2292,2192,449,462,1974,0.0,0,0.5,0.0,0,0,0,1,0,0,0,1,0,0,0,0,1,0,1
90955,2294,2193,448,463,1974,0.0,0,1.0,0.0,0,0,0,1,0,0,0,1,0,0,0,0,1,0,1
90965,2296,2192,449,465,1974,0.0,0,0.2,0.0,0,0,0,1,0,0,0,1,0,0,0,0,1,0,1
90975,2296,2193,450,464,1975,0.0,0,0.2,0.0,0,0,0,1,0,0,0,1,0,0,0,0,1,0,1
90985,2299,2192,450,467,1974,0.0,0,0.8,0.0,0,0,0,1,0,0,0,1,0,0,0,0,1,0,1
90995,2295,2193,453,464,1974,0.0,0,0.6,0.0,0,0,0,1,0,0,0,1,0,0,0,0,1,0,1
91005,2295,2192,449,463,1976,0.0,0,0.8,0.0,0,0,0,1,0,0,0,1,0,0,0,0,1,0,1
91015,2296,2192,450,464,1975,0.0,0,0.8,0.0,0,0,0,1,0,0,0,1,0,0,0,0,1,0,1
91025,2296,2192,449,464,1975,0.0,0,0.9,0.0,0,0,0,1,0,0,0,1,0,0,0,0,1,0,1
91035,2296,2193,451,465,1974,0.0,0,0.9,0.0,0,0,0,1,0,0,0,1,0,0,0,0,1,0,1
91045,2294,2193,449,464,1974,0.0,0,0.9,0.0,0,0,0,1,0,0,0,1,0,0,0,0,1,0,1
91055,2296,2193,450,465,1974,0.0,0,0.6,0.0,0,0,0,1,0,0,0,1,0,0,0,0,1,0,1
91065,2296,2194,450,464,1973,0.0,0,0.6,0.0,0,0,0,1,0,0,0,1,0,0,0,0,1,0,1
91075,2295,2193,449,464,1974,0.0,0,0.8,0.0,0,0,0,1,0,0,0,1,0,0,0,0,1,0,1
91085,2296,2192,450,462,1973,0.0,0,0.9,0.0,0,0,0,1,0,0,0,1,0,0,0,0,1,0,1
91095,2296,2193,449,465,1973,0.0,0,0.9,0.0,0,0,0,1,0,0,0,1,0,0,0,0,1,0,1
91105,2298,2191,449,464,1974,0.0,0,0.8,0.0,0,0,0,1,0,0,0,1,0,0,0,0,1,0,1
91115,2293,2193,451,464,1973,0.0,0,0.6,0.0,0,0,0,1,0,0,0,1,0,0,0,0,1,0,1
91125,2293,2193,447,465,1974,0.0,0,0.6,0.0,0,0,0,1,0,0,0,1,0,0,0,0,1,0,1
91135,2296,2193,447,463,1974,0.0,0,0.8,0.0,0,0,0,1,0,0,0,1,0,0,0,0,1,0,1
91145,2296,2193,448,464,1971,0.0,0,0.8,0.0,0,0,0,1,0,0,0,1,0,0,0,0,1,0,1
91155,2295,2193,450,464,1975,0.0,0,0.5,0.0,0,0,0,1,0,0,0,1,0,0,0,0,1,0,1
91165,2295,2193,450,465,1974,0.0,0,1.0,0.0,0,0,0,1,0,0,0,1,0,0,0,0,1,0,1
91175,2296,2192,450,462,1972,0.0,0,0.9,0.0,0,0,0,1,0,0,0,1,0,0,0,0,1,0,1
91185,2295,2193,450,464,1974,0.0,0,0.9,0.0,0,0,0,1,0,0,0,1,0,0,0,0,1,0,1
91195,2295,2192,450,464,1974,0.0,0,0.6,0.0,0,0,0,1,0,0,0,1,0,0,0,0,1,0,1
91205,2296,2193,448,463,1974,0.0,0,0.9,0.0,0,0,0,1,0,0,0,1,0,0,0,0,1,0,1
91215,2296,2192,450,464,1974,0.0,0,0.9,0.0,0,0,0,1,0,0,0,1,0,0,0,0,1,0,1
91225,2295,2193,449,464,1974,0.0,0,1.0,0.0,0,0,0,1,0,0,0,1,0,0,0,0,1,0,1
91235,2295,2193,448,463,1974,0.0,0,0.8,0.0,0,0,0,1,0,0,0,1,0,0,0,0,1,0,1
91245,2296,2192,449,464,1974,0.0,0,0.6,0.0,0,0,0,1,0,0,0,1,0,0,0,0,1,0,1
91255,2295,2193,449,464,1974,0.0,0,1.0,0.0,0,0,0,1,0,0,0,1,0,0,0,0,1,0,1
91265,2297,2192,449,464,1973,0.0,0,0.8,0.0,0,0,0,1,0,0,0,1,0,0,0,0,1,0,1
91275,2296,2192,449,466,1974,0.0,0,0.8,0.0,0,0,0,1,0,0,0,1,0,0,0,0,1,0,1
91285,2296,2192,451,463,1973,0.0,0,0.8,0.0,0,0,0,1,0,0,0,1,0,0,0,0,1,0,1
91295,2295,2195,449,465,1977,0.0,0,0.8,0.0,0,0,0,1,0,0,0,1,0,0,0,0,1,0,1
91305,2295,2192,450,465,1972,0.0,0,0.8,0.0,0,0,0,1,0,0,0,1,0,0,0,0,1,0,1
91315,2295,2193,450,464,1973,0.0,0,0.6,0.0,0,0,0,1,0,0,0,1,0,0,0,0,1,0,1
91325,2294,2192,449,464,1974,0.0,0,0.6,0.0,0,0,0,1,0,0,0,1,0,0,0,0,1,0,1
91335,2295,2192,449,463,1974,0.0,0,0.6,0.0,0,0,0,1,0,0,0,1,0,0,0,0,1,0,1
91345,2295,2192,450,462,1974,0.0,0,1.0,0.0,0,0,0,1,0,0,0,1,0,0,0,0,1,0,1
91355,2295,2192,449,467,1974,0.0,0,0.6,0.0,0,0,0,1,0,0,0,1,0,0,0,0,1,0,1
91365,2294,2192,449,465,1974,0.0,0,0.9,0.0,0,0,0,1,0,0,0,1,0,0,0,0,1,0,1
91375,2295,2192,450,464,1974,0.0,0,0.8,0.0,0,0,0,1,0,0,0,1,0,0,0,0,1,0,1
91385,2295,2193,449,463,1974,0.0,0,0.5,0.0,0,0,0,1,0,0,0,1,0,0,0,0,1,0,1
91395,2295,2192,450,464,1975,0.0,0,0.5,0.0,0,0,0,1,0,0,0,1,0,0,0,0,1,0,1
91405,2294,2192,449,465,1973,0.0,0,0.9,0.0,0,0,0,1,0,0,0,1,0,0,0,0,1,0,1
91415,2293,2193,449,465,1974,0.0,0,1.0,0.0,0,0,0,1,0,0,0,1,0,0,0,0,1,0,1
91425,2295,2193,449,464,1974,0.0,0,1.0,0.0,0,0,0,1,0,0,0,1,0,0,0,0,1,0,1
91435,2294,2192,450,465,1975,0.0,0,0.9,0.0,0,0,0,1,0,0,0,1,0,0,0,0,1,0,1
91445,2294,2191,449,465,1974,0.0,0,0.9,0.0,0,0,0,1,0,0,0,1,0,0,0,0,1,0,1
91455,2295,2193,449,465,1977,0.0,0,0.9,0.0,0,0,0,1,0,0,0,1,0,0,0,0,1,0,1
91465,2295,2192,452,464,1977,0.0,0,0.6,0.0,0,0,0,1,0,0,0,1,0,0,0,0,1,0,1
91475,2295,2192,451,464,1975,0.0,0,0.9,0.0,0,0,0,1,0,0,0,1,0,0,0,0,1,0,1
91485,2295,2193,449,464,1974,0.0,0,0.9,0.0,0,0,0,1,0,0,0,1,0,0,0,0,1,0,1
91495,2296,2192,450,464,1975,0.0,0,0.9,0.0,0,0,0,1,0,0,0,1,0,0,0,0,1,0,1
91506,2294,2192,450,463,1973,0.0,0,0.9,0.0,0,0,0,1,0,0,0,1,0,0,0,0,1,0,1
91516,2295,2192,452,465,1975,0.0,0,0.8,0.0,0,0,0,1,0,0,0,1,0,0,0,0,1,0,1
91526,2295,2193,450,464,1975,0.0,0,0.8,0.0,0,0,0,1,0,0,0,1,0,0,0,0,1,0,1
91536,2296,2192,450,464,1974,0.0,0,0.6,0.0,0,0,0,1,0,0,0,1,0,0,0,0,1,0,1
91546,2295,2192,449,464,1973,0.0,0,0.9,0.0,0,0,0,1,0,0,0,1,0,0,0,0,1,0,1
91556,2295,2192,447,466,1974,0.0,0,0.6,0.0,0,0,0,1,0,0,0,1,0,0,0,0,1,0,1
91566,2295,2193,450,465,1974,0.0,0,0.6,0.0,0,0,0,1,0,0,0,1,0,0,0,0,1,0,1
91576,2294,2193,449,465,1975,0.0,0,0.6,0.0,0,0,0,1,0,0,0,1,0,0,0,0,1,0,1
91586,2295,2193,450,464,1974,0.0,0,0.8,0.0,0,0,0,1,0,0,0,1,0,0,0,0,1,0,1
91596,2295,2191,448,464,1974,0.0,0,0.6,0.0,0,0,0,1,0,0,0,1,0,0,0,0,1,0,1
91606,2295,2192,449,464,1974,0.0,0,0.8,0.0,0,0,0,1,0,0,0,1,0,0,0,0,1,0,1
91616,2295,2193,448,463,1975,0.0,0,0.2,0.0,0,0,0,1,0,0,0,1,0,0,0,0,1,0,1
91626,2298,2193,449,465,1974,0.0,0,0.3,0.0,0,0,0,1,0,0,0,1,0,0,0,0,1,0,1
91637,2297,2194,449,465,1974,0.0,0,0.8,0.0,0,0,0,1,0,0,0,1,0,0,0,0,1,0,1
91647,2299,2192,449,463,1974,0.0,0,0.8,0.0,0,0,0,1,0,0,0,1,0,0,0,0,1,0,1
91657,2296,2193,449,465,1973,0.0,0,1.0,0.0,0,0,0,1,0,0,0,1,0,0,0,0,1,0,1
91667,2295,2193,450,464,1974,0.0,0,0.8,0.0,0,0,0,1,0,0,0,1,0,0,0,0,1,0,1
91677,2296,2192,449,465,1974,0.0,0,0.8,0.0,0,0,0,1,0,0,0,1,0,0,0,0,1,0,1
91687,2296,2193,450,464,1973,0.0,0,0.6,0.0,0,0,0,1,0,0,0,1,0,0,0,0,1,0,1
91697,2296,2192,449,464,1974,0.0,0,0.5,0.0,0,0,0,1,0,0,0,1,0,0,0,0,1,0,1
91707,2296,2193,450,466,1974,0.0,0,0.5,0.0,0,0,0,1,0,0,0,1,0,0,0,0,1,0,1
91717,2295,2193,449,464,1974,0.0,0,0.6,0.0,0,0,0,1,0,0,0,1,0,0,0,0,1,0,1
91727,2295,2192,450,464,1974,0.0,0,0.9,0.0,0,0,0,1,0,0,0,1,0,0,0,0,1,0,1
91737,2295,2192,451,463,1974,0.0,0,0.6,0.0,0,0,0,1,0,0,0,1,0,0,0,0,1,0,1
91747,2296,2193,449,465,1974,0.0,0,0.6,0.0,0,0,0,1,0,0,0,1,0,0,0,0,1,0,1
91758,2297,2192,450,464,1974,0.0,0,0.8,0.0,0,0,0,1,0,0,0,1,0,0,0,0,1,0,1
91768,2296,2192,448,463,1974,0.0,0,0.8,0.0,0,0,0,1,0,0,0,1,0,0,0,0,1,0,1
91778,2296,2195,450,465,1974,0.0,0,0.6,0.0,0,0,0,1,0,0,0,1,0,0,0,0,1,0,1
91788,2296,2193,450,464,1974,0.0,0,0.6,0.0,0,0,0,1,0,0,0,1,0,0,0,0,1,0,1
91798,2296,2192,450,464,1973,0.0,0,1.0,0.0,0,0,0,1,0,0,0,1,0,0,0,0,1,0,1
91808,2295,2193,450,464,1973,0.0,0,0.9,0.0,0,0,0,1,0,0,0,1,0,0,0,0,1,0,1
91818,2296,2195,449,464,1974,0.0,0,0.8,0.0,0,0,0,1,0,0,0,1,0,0,0,0,1,0,1
91828,2295,2192,450,464,1974,0.0,0,0.8,0.0,0,0,0,1,0,0,0,1,0,0,0,0,1,0,1
91838,2295,2192,449,465,1976,0.0,0,0.8,0.0,0,0,0,1,0,0,0,1,0,0,0,0,1,0,1
91848,2295,2192,450,464,1974,0.0,0,0.8,0.0,0,0,0,1,0,0,0,1,0,0,0,0,1,0,1
91858,2296,2192,448,465,1975,0.0,0,0.9,0.0,0,0,0,1,0,0,0,1,0,0,0,0,1,0,1
91868,2295,2193,448,465,1975,0.0,0,0.5,0.0,0,0,0,1,0,0,0,1,0,0,0,0,1,0,1
91878,2295,2192,450,463,1974,0.0,0,0.9,0.0,0,0,0,1,0,0,0,1,0,0,0,0,1,0,1
91888,2293,2187,449,464,1974,0.0,0,0.9,0.0,0,0,0,1,0,0,0,1,0,0,0,0,1,0,1
91898,2295,2192,450,464,1974,0.0,0,0.8,0.0,0,0,0,1,0,0,0,1,0,0,0,0,1,0,1
91908,2295,2192,449,464,1974,0.0,0,0.6,0.0,0,0,0,1,0,0,0,1,0,0,0,0,1,0,1
91918,2295,2192,450,463,1974,0.0,0,0.9,0.0,0,0,0,1,0,0,0,1,0,0,0,0,1,0,1
91928,2296,2193,451,465,1974,0.0,0,0.8,0.0,0,0,0,1,0,0,0,1,0,0,0,0,1,0,1
91938,2296,2192,450,466,1974,0.0,0,0.6,0.0,0,0,0,1,0,0,0,1,0,0,0,0,1,0,1
91948,2294,2192,449,465,1975,0.0,0,0.6,0.0,0,0,0,1,0,0,0,1,0,0,0,0,1,0,1
91958,2295,2193,448,463,1974,0.0,0,0.9,0.0,0,0,0,1,0,0,0,1,0,0,0,0,1,0,1
91968,2295,2193,450,465,1975,0.0,0,1.0,0.0,0,0,0,1,0,0,0,1,0,0,0,0,1,0,1
91978,2295,2192,450,464,1974,0.0,0,0.8,0.0,0,0,0,1,0,0,0,1,0,0,0,0,1,0,1
91988,2295,2193,449,464,1975,0.0,0,0.9,0.0,0,0,0,1,0,0,0,1,0,0,0,0,1,0,1
91998,2295,2193,449,463,1972,0.0,0,0.9,0.0,0,0,0,1,0,0,0,1,0,0,0,0,1,0,1
92009,2297,2192,450,464,1974,0.0,0,0.5,0.0,0,0,0,1,0,0,0,1,0,0,0,0,1,0,1
92019,2295,2192,450,464,1974,0.0,0,0.5,0.0,0,0,0,1,0,0,0,1,0,0,0,0,1,0,1
92029,2295,2192,448,461,1974,0.0,0,0.6,0.0,0,0,0,1,0,0,0,1,0,0,0,0,1,0,1
92039,2297,2191,450,463,1974,0.0,0,0.8,0.0,0,0,0,1,0,0,0,1,0,0,0,0,1,0,1
92049,2295,2192,449,464,1975,0.0,0,0.8,0.0,0,0,0,1,0,0,0,1,0,0,0,0,1,0,1
92059,2296,2193,452,463,1973,0.0,0,0.5,0.0,0,0,0,1,0,0,0,1,0,0,0,0,1,0,1
92069,2292,2191,448,463,1973,0.0,0,0.6,0.0,0,0,0,1,0,0,0,1,0,0,0,0,1,0,1
92079,2295,2193,449,465,1974,0.0,0,0.6,0.0,0,0,0,1,0,0,0,1,0,0,0,0,1,0,1
92089,2295,2194,447,464,1974,0.0,0,0.6,0.0,0,0,0,1,0,0,0,1,0,0,0,0,1,0,1
92099,2295,2193,450,466,1974,0.0,0,0.9,0.0,0,0,0,1,0,0,0,1,0,0,0,0,1,0,1
92109,2296,2192,451,464,1976,0.0,0,0.9,0.0,0,0,0,1,0,0,0,1,0,0,0,0,1,0,1
92119,2294,2195,450,464,1974,0.0,0,0.6,0.0,0,0,0,1,0,0,0,1,0,0,0,0,1,0,1
92129,2297,2193,452,464,1974,0.0,0,0.8,0.0,0,0,0,1,0,0,0,1,0,0,0,0,1,0,1
92139,2296,2191,448,465,1974,0.0,0,0.8,0.0,0,0,0,1,0,0,0,1,0,0,0,0,1,0,1
92149,2297,2192,450,464,1974,0.0,0,0.9,0.0,0,0,0,1,0,0,0,1,0,0,0,0,1,0,1
92159,2295,2193,449,465,1974,0.0,0,0.8,0.0,0,0,0,1,0,0,0,1,0,0,0,0,1,0,1
92169,2295,2193,450,463,1974,0.0,0,1.0,0.0,0,0,0,1,0,0,0,1,0,0,0,0,1,0,1
92179,2296,2192,451,463,1974,0.0,0,0.6,0.0,0,0,0,1,0,0,0,1,0,0,0,0,1,0,1
92189,2295,2192,448,462,1974,0.0,0,0.9,0.0,0,0,0,1,0,0,0,1,0,0,0,0,1,0,1
92199,2296,2192,448,462,1974,0.0,0,0.9,0.0,0,0,0,1,0,0,0,1,0,0,0,0,1,0,1
92209,2295,2192,450,463,1974,0.0,0,0.8,0.0,0,0,0,1,0,0,0,1,0,0,0,0,1,0,1
92219,2296,2192,451,464,1974,0.0,0,0.9,0.0,0,0,0,1,0,0,0,1,0,0,0,0,1,0,1
92229,2295,2193,449,464,1976,0.0,0,0.6,0.0,0,0,0,1,0,0,0,1,0,0,0,0,1,0,1
92239,2296,2193,449,464,1974,0.0,0,1.0,0.0,0,0,0,1,0,0,0,1,0,0,0,0,1,0,1
92249,2296,2193,450,464,1973,0.0,0,1.0,0.0,0,0,0,1,0,0,0,1,0,0,0,0,1,0,1
92259,2295,2194,451,464,1974,0.0,0,1.0,0.0,0,0,0,1,0,0,0,1,0,0,0,0,1,0,1
92269,2295,2190,449,465,1973,0.0,0,0.5,0.0,0,0,0,1,0,0,0,1,0,0,0,0,1,0,1
92279,2295,2193,449,466,1974,0.0,0,0.6,0.0,0,0,0,1,0,0,0,1,0,0,0,0,1,0,1
92289,2295,2192,449,465,1974,0.0,0,0.6,0.0,0,0,0,1,0,0,0,1,0,0,0,0,1,0,1
92299,2294,2192,450,464,1977,0.0,0,0.5,0.0,0,0,0,1,0,0,0,1,0,0,0,0,1,0,1
92309,2296,2191,450,463,1973,0.0,0,0.8,0.0,0,0,0,1,0,0,0,1,0,0,0,0,1,0,1
92319,2295,2192,447,463,1974,0.0,0,0.8,0.0,0,0,0,1,0,0,0,1,0,0,0,0,1,0,1
92329,2295,2192,450,462,1974,0.0,0,0.6,0.0,0,0,0,1,0,0,0,1,0,0,0,0,1,0,1
92339,2297,2191,450,463,1974,0.0,0,0.8,0.0,0,0,0,1,0,0,0,1,0,0,0,0,1,0,1
92349,2294,2191,449,464,1974,0.0,0,0.6,0.0,0,0,0,1,0,0,0,1,0,0,0,0,1,0,1
92359,2295,2192,451,462,1974,0.0,0,0.8,0.0,0,0,0,1,0,0,0,1,0,0,0,0,1,0,1
92369,2296,2192,450,463,1974,0.0,0,1.0,0.0,0,0,0,1,0,0,0,1,0,0,0,0,1,0,1
92379,2295,2192,449,464,1974,0.0,0,1.0,0.0,0,0,0,1,0,0,0,1,0,0,0,0,1,0,1
92389,2295,2192,452,464,1974,0.0,0,0.6,0.0,0,0,0,1,0,0,0,1,0,0,0,0,1,0,1
92399,2295,2194,449,464,1975,0.0,0,0.9,0.0,0,0,0,1,0,0,0,1,0,0,0,0,1,0,1
92409,2294,2192,450,465,1974,0.0,0,0.9,0.0,0,0,0,1,0,0,0,1,0,0,0,0,1,0,1
92419,2295,2193,449,464,1974,0.0,0,0.8,0.0,0,0,0,1,0,0,0,1,0,0,0,0,1,0,1
92429,2296,2196,449,463,1974,0.0,0,1.0,0.0,0,0,0,1,0,0,0,1,0,0,0,0,1,0,1
92439,2295,2192,450,465,1975,0.0,0,1.0,0.0,0,0,0,1,0,0,0,1,0,0,0,0,1,0,1
92449,2295,2193,451,464,1974,0.0,0,0.9,0.0,0,0,0,1,0,0,0,1,0,0,0,0,1,0,1
92459,2297,2192,449,465,1974,0.0,0,0.9,0.0,0,0,0,1,0,0,0,1,0,0,0,0,1,0,1
92469,2299,2192,449,463,1975,0.0,0,0.9,0.0,0,0,0,1,0,0,0,1,0,0,0,0,1,0,1
92479,2295,2192,451,464,1974,0.0,0,1.2,0.0,0,0,0,1,0,0,0,1,0,0,0,0,1,0,1
92489,2295,2192,449,464,1975,0.0,0,0.8,0.0,0,0,0,1,0,0,0,1,0,0,0,0,1,0,1
92499,2295,2193,448,464,1974,0.0,0,0.8,0.0,0,0,0,1,0,0,0,1,0,0,0,0,1,0,1
92509,2295,2193,451,464,1975,0.0,0,0.8,0.0,0,0,0,1,0,0,0,1,0,0,0,0,1,0,1
92519,2295,2192,449,465,1974,0.0,0,0.9,0.0,0,0,0,1,0,0,0,1,0,0,0,0,1,0,1
92529,2295,2192,450,462,1974,0.0,0,0.8,0.0,0,0,0,1,0,0,0,1,0,0,0,0,1,0,1
92539,2294,2193,449,464,1975,0.0,0,0.9,0.0,0,0,0,1,0,0,0,1,0,0,0,0,1,0,1
92549,2296,2192,449,464,1974,0.0,0,1.0,0.0,0,0,0,1,0,0,0,1,0,0,0,0,1,0,1
92559,2295,2192,451,466,1974,0.0,0,1.0,0.0,0,0,0,1,0,0,0,1,0,0,0,0,1,0,1
92569,2296,2193,449,465,1974,0.0,0,0.6,0.0,0,0,0,1,0,0,0,1,0,0,0,0,1,0,1
92579,2295,2193,448,465,1974,0.0,0,0.8,0.0,0,0,0,1,0,0,0,1,0,0,0,0,1,0,1
92589,2295,2193,448,465,1973,0.0,0,0.8,0.0,0,0,0,1,0,0,0,1,0,0,0,0,1,0,1
92599,2299,2193,449,464,1974,0.0,0,0.8,0.0,0,0,0,1,0,0,0,1,0,0,0,0,1,0,1
92609,2297,2189,448,461,1973,0.0,0,0.5,0.0,0,0,0,1,0,0,0,1,0,0,0,0,1,0,1
92619,2295,2193,450,464,1974,0.0,0,0.5,0.0,0,0,0,1,0,0,0,1,0,0,0,0,1,0,1
92629,2295,2193,450,466,1973,0.0,0,0.8,0.0,0,0,0,1,0,0,0,1,0,0,0,0,1,0,1
92639,2296,2194,449,465,1974,0.0,0,0.8,0.0,0,0,0,1,0,0,0,1,0,0,0,0,1,0,1
92649,2295,2193,448,465,1973,0.0,0,0.8,0.0,0,0,0,1,0,0,0,1,0,0,0,0,1,0,1
92659,2296,2192,450,464,1975,0.0,0,0.6,0.0,0,0,0,1,0,0,0,1,0,0,0,0,1,0,1
92669,2297,2193,449,465,1974,0.0,0,0.9,0.0,0,0,0,1,0,0,0,1,0,0,0,0,1,0,1
92679,2296,2193,450,465,1974,0.0,0,0.9,0.0,0,0,0,1,0,0,0,1,0,0,0,0,1,0,1
92689,2293,2193,448,464,1973,0.0,0,0.6,0.0,0,0,0,1,0,0,0,1,0,0,0,0,1,0,1
92699,2295,2192,451,465,1974,0.0,0,0.6,0.0,0,0,0,1,0,0,0,1,0,0,0,0,1,0,1
92709,2295,2193,449,463,1976,0.0,0,0.6,0.0,0,0,0,1,0,0,0,1,0,0,0,0,1,0,1
92719,2295,2192,449,463,1974,0.0,0,0.9,0.0,0,0,0,1,0,0,0,1,0,0,0,0,1,0,1
92729,2296,2190,451,464,1974,0.0,0,0.9,0.0,0,0,0,1,0,0,0,1,0,0,0,0,1,0,1
92739,2296,2193,450,465,1974,0.0,0,0.9,0.0,0,0,0,1,0,0,0,1,0,0,0,0,1,0,1
92749,2296,2193,451,463,1974,0.0,0,0.4,0.0,0,0,0,1,0,0,0,1,0,0,0,0,1,0,1
92759,2296,2193,451,465,1974,0.0,0,0.8,0.0,0,0,0,1,0,0,0,1,0,0,0,0,1,0,1
92769,2296,2193,451,463,1974,0.0,0,0.6,0.0,0,0,0,1,0,0,0,1,0,0,0,0,1,0,1
92779,2296,2192,449,464,1974,0.0,0,0.8,0.0,0,0,0,1,0,0,0,1,0,0,0,0,1,0,1
92789,2297,2192,451,464,1975,0.0,0,1.2,0.0,0,0,0,1,0,0,0,1,0,0,0,0,1,0,1
92799,2294,2192,449,463,1973,0.0,0,1.2,0.0,0,0,0,1,0,0,0,1,0,0,0,0,1,0,1
92809,2295,2193,450,464,1974,0.0,0,0.9,0.0,0,0,0,1,0,0,0,1,0,0,0,0,1,0,1
92819,2298,2193,449,465,1975,0.0,0,0.8,0.0,0,0,0,1,0,0,0,1,0,0,0,0,1,0,1
92829,2295,2192,450,464,1975,0.0,0,0.5,0.0,0,0,0,1,0,0,0,1,0,0,0,0,1,0,1
92839,2296,2193,447,465,1975,0.0,0,0.6,0.0,0,0,0,1,0,0,0,1,0,0,0,0,1,0,1
92849,2294,2192,450,461,1974,0.0,0,0.9,0.0,0,0,0,1,0,0,0,1,0,0,0,0,1,0,1
92859,2295,2193,447,464,1975,0.0,0,0.9,0.0,0,0,0,1,0,0,0,1,0,0,0,0,1,0,1
92869,2295,2192,449,464,1974,0.0,0,0.6,0.0,0,0,0,1,0,0,0,1,0,0,0,0,1,0,1
92879,2295,2192,449,463,1975,0.0,0,0.8,0.0,0,0,0,1,0,0,0,1,0,0,0,0,1,0,1
92889,2295,2192,449,464,1974,0.0,0,0.2,0.0,0,0,0,1,0,0,0,1,0,0,0,0,1,0,1
92899,2295,2192,449,465,1975,0.0,0,0.6,0.0,0,0,0,1,0,0,0,1,0,0,0,0,1,0,1
92909,2298,2192,448,463,1974,0.0,0,1.0,0.0,0,0,0,1,0,0,0,1,0,0,0,0,1,0,1
92919,2295,2192,449,463,1975,0.0,0,1.0,0.0,0,0,0,1,0,0,0,1,0,0,0,0,1,0,1
92929,2296,2192,450,465,1975,0.0,0,0.6,0.0,0,0,0,1,0,0,0,1,0,0,0,0,1,0,1
92939,2295,2192,450,465,1974,0.0,0,1.0,0.0,0,0,0,1,0,0,0,1,0,0,0,0,1,0,1
92949,2296,2192,451,464,1974,0.0,0,0.6,0.0,0,0,0,1,0,0,0,1,0,0,0,0,1,0,1
92959,2295,2193,450,464,1974,0.0,0,0.8,0.0,0,0,0,1,0,0,0,1,0,0,0,0,1,0,1
92969,2296,2191,449,464,1974,0.0,0,0.9,0.0,0,0,0,1,0,0,0,1,0,0,0,0,1,0,1
92979,2296,2193,449,465,1976,0.0,0,0.9,0.0,0,0,0,1,0,0,0,1,0,0,0,0,1,0,1
92989,2295,2193,448,464,1975,0.0,0,0.5,0.0,0,0,0,1,0,0,0,1,0,0,0,0,1,0,1
92999,2295,2192,450,466,1974,0.0,0,0.8,0.0,0,0,0,1,0,0,0,1,0,0,0,0,1,0,1
93009,2294,2192,450,465,1975,0.0,0,0.9,0.0,0,0,0,1,0,0,0,1,0,0,0,0,1,0,1
93019,2296,2192,449,464,1974,0.0,0,0.6,0.0,0,0,0,1,0,0,0,1,0,0,0,0,1,0,1
93029,2295,2192,450,465,1975,0.0,0,0.6,0.0,0,0,0,1,0,0,0,1,0,0,0,0,1,0,1
93039,2295,2193,450,464,1974,0.0,0,0.6,0.0,0,0,0,1,0,0,0,1,0,0,0,0,1,0,1
93049,2296,2191,451,464,1974,0.0,0,0.6,0.0,0,0,0,1,0,0,0,1,0,0,0,0,1,0,1
93059,2296,2193,450,465,1973,0.0,0,0.6,0.0,0,0,0,1,0,0,0,1,0,0,0,0,1,0,1
93069,2295,2193,450,464,1974,0.0,0,0.8,0.0,0,0,0,1,0,0,0,1,0,0,0,0,1,0,1
93079,2295,2193,450,465,1973,0.0,0,0.6,0.0,0,0,0,1,0,0,0,1,0,0,0,0,1,0,1
93089,2297,2193,450,464,1974,0.0,0,0.4,0.0,0,0,0,1,0,0,0,1,0,0,0,0,1,0,1
93099,2296,2193,449,464,1974,0.0,0,0.4,0.0,0,0,0,1,0,0,0,1,0,0,0,0,1,0,1
93109,2295,2193,450,464,1975,0.0,0,0.5,0.0,0,0,0,1,0,0,0,1,0,0,0,0,1,0,1
93119,2295,2193,450,463,1974,0.0,0,1.0,0.0,0,0,0,1,0,0,0,1,0,0,0,0,1,0,1
93129,2294,2193,449,465,1974,0.0,0,0.6,0.0,0,0,0,1,0,0,0,1,0,0,0,0,1,0,1
93139,2296,2193,451,466,1973,0.0,0,1.0,0.0,0,0,0,1,0,0,0,1,0,0,0,0,1,0,1
93149,2297,2193,449,463,1974,0.0,0,0.8,0.0,0,0,0,1,0,0,0,1,0,0,0,0,1,0,1
93159,2295,2193,449,462,1973,0.0,0,0.8,0.0,0,0,0,1,0,0,0,1,0,0,0,0,1,0,1
93169,2296,2193,450,464,1972,0.0,0,0.6,0.0,0,0,0,1,0,0,0,1,0,0,0,0,1,0,1
93179,2296,2193,448,464,1974,0.0,0,0.6,0.0,0,0,0,1,0,0,0,1,0,0,0,0,1,0,1
93189,2296,2193,448,464,1974,0.0,0,0.6,0.0,0,0,0,1,0,0,0,1,0,0,0,0,1,0,1
93199,2295,2192,451,465,1974,0.0,0,0.6,0.0,0,0,0,1,0,0,0,1,0,0,0,0,1,0,1
93209,2296,2192,449,464,1974,0.0,0,0.9,0.0,0,0,0,1,0,0,0,1,0,0,0,0,1,0,1
93219,2298,2194,450,464,1973,0.0,0,0.9,0.0,0,0,0,1,0,0,0,1,0,0,0,0,1,0,1
93229,2296,2193,449,465,1974,0.0,0,0.8,0.0,0,0,0,1,0,0,0,1,0,0,0,0,1,0,1
93239,2295,2192,449,465,1974,0.0,0,0.6,0.0,0,0,0,1,0,0,0,1,0,0,0,0,1,0,1
93249,2296,2193,451,466,1973,0.0,0,0.8,0.0,0,0,0,1,0,0,0,1,0,0,0,0,1,0,1
93259,2295,2193,449,465,1973,0.0,0,0.8,0.0,0,0,0,1,0,0,0,1,0,0,0,0,1,0,1
93269,2295,2192,449,464,1974,0.0,0,0.6,0.0,0,0,0,1,0,0,0,1,0,0,0,0,1,0,1
93279,2294,2195,450,465,1974,0.0,0,0.9,0.0,0,0,0,1,0,0,0,1,0,0,0,0,1,0,1
93289,2295,2192,450,465,1972,0.0,0,0.6,0.0,0,0,0,1,0,0,0,1,0,0,0,0,1,0,1
93299,2296,2192,450,464,1974,0.0,0,0.6,0.0,0,0,0,1,0,0,0,1,0,0,0,0,1,0,1
93309,2294,2192,450,462,1975,0.0,0,0.5,0.0,0,0,0,1,0,0,0,1,0,0,0,0,1,0,1
93319,2297,2192,449,463,1974,0.0,0,0.5,0.0,0,0,0,1,0,0,0,1,0,0,0,0,1,0,1
93329,2293,2192,447,465,1974,0.0,0,0.4,0.0,0,0,0,1,0,0,0,1,0,0,0,0,1,0,1
93339,2292,2191,450,466,1974,0.0,0,1.0,0.0,0,0,0,1,0,0,0,1,0,0,0,0,1,0,1
93349,2295,2192,450,465,1977,0.0,0,0.9,0.0,0,0,0,1,0,0,0,1,0,0,0,0,1,0,1
93359,2294,2192,450,464,1974,0.0,0,0.9,0.0,0,0,0,1,0,0,0,1,0,0,0,0,1,0,1
93369,2295,2191,450,462,1974,0.0,0,0.8,0.0,0,0,0,1,0,0,0,1,0,0,0,0,1,0,1
93379,2295,2192,449,465,1974,0.0,0,0.6,0.0,0,0,0,1,0,0,0,1,0,0,0,0,1,0,1
93389,2294,2193,450,463,1974,0.0,0,0.8,0.0,0,0,0,1,0,0,0,1,0,0,0,0,1,0,1
93399,2295,2192,450,468,1974,0.0,0,0.8,0.0,0,0,0,1,0,0,0,1,0,0,0,0,1,0,1
93409,2295,2192,449,464,1975,0.0,0,0.8,0.0,0,0,0,1,0,0,0,1,0,0,0,0,1,0,1
93419,2295,2192,449,465,1975,0.0,0,0.6,0.0,0,0,0,1,0,0,0,1,0,0,0,0,1,0,1
93429,2295,2192,449,464,1974,0.0,0,0.9,0.0,0,0,0,1,0,0,0,1,0,0,0,0,1,0,1
93439,2295,2192,450,464,1975,0.0,0,0.5,0.0,0,0,0,1,0,0,0,1,0,0,0,0,1,0,1
93449,2295,2192,449,464,1974,0.0,0,0.8,0.0,0,0,0,1,0,0,0,1,0,0,0,0,1,0,1
93459,2295,2192,448,465,1974,0.0,0,0.6,0.0,0,0,0,1,0,0,0,1,0,0,0,0,1,0,1
93469,2295,2192,450,462,1976,0.0,0,0.6,0.0,0,0,0,1,0,0,0,1,0,0,0,0,1,0,1
93479,2296,2192,448,463,1974,0.0,0,0.9,0.0,0,0,0,1,0,0,0,1,0,0,0,0,1,0,1
93489,2295,2192,448,464,1974,0.0,0,0.9,0.0,0,0,0,1,0,0,0,1,0,0,0,0,1,0,1
93499,2295,2192,449,465,1974,0.0,0,0.9,0.0,0,0,0,1,0,0,0,1,0,0,0,0,1,0,1
93509,2294,2193,449,466,1975,0.0,0,0.8,0.0,0,0,0,1,0,0,0,1,0,0,0,0,1,0,1
93519,2296,2193,448,466,1974,0.0,0,1.0,0.0,0,0,0,1,0,0,0,1,0,0,0,0,1,0,1
93529,2295,2193,448,463,1975,0.0,0,1.0,0.0,0,0,0,1,0,0,0,1,0,0,0,0,1,0,1
93539,2295,2192,448,464,1974,0.0,0,0.6,0.0,0,0,0,1,0,0,0,1,0,0,0,0,1,0,1
93549,2295,2192,449,464,1974,0.0,0,0.6,0.0,0,0,0,1,0,0,0,1,0,0,0,0,1,0,1
93559,2296,2192,450,463,1974,0.0,0,0.9,0.0,0,0,0,1,0,0,0,1,0,0,0,0,1,0,1
93569,2295,2192,449,465,1973,0.0,0,0.6,0.0,0,0,0,1,0,0,0,1,0,0,0,0,1,0,1
93579,2296,2193,450,464,1972,0.0,0,0.9,0.0,0,0,0,1,0,0,0,1,0,0,0,0,1,0,1
93589,2296,2193,449,463,1974,0.0,0,0.6,0.0,0,0,0,1,0,0,0,1,0,0,0,0,1,0,1
93600,2292,2192,450,464,1974,0.0,0,0.5,0.0,0,0,0,1,0,0,0,1,0,0,0,0,1,0,1
93610,2296,2193,451,464,1974,0.0,0,0.5,0.0,0,0,0,1,0,0,0,1,0,0,0,0,1,0,1
93620,2297,2193,449,464,1974,0.0,0,0.8,0.0,0,0,0,1,0,0,0,1,0,0,0,0,1,0,1
93630,2295,2194,448,465,1974,0.0,0,0.5,0.0,0,0,0,1,0,0,0,1,0,0,0,0,1,0,1
93640,2296,2193,449,462,1974,0.0,0,0.4,0.0,0,0,0,1,0,0,0,1,0,0,0,0,1,0,1
93650,2295,2193,452,466,1974,0.0,0,1.0,0.0,0,0,0,1,0,0,0,1,0,0,0,0,1,0,1
93660,2296,2193,450,464,1974,0.0,0,0.5,0.0,0,0,0,1,0,0,0,1,0,0,0,0,1,0,1
93670,2295,2193,450,465,1974,0.0,0,0.4,0.0,0,0,0,1,0,0,0,1,0,0,0,0,1,0,1
93680,2295,2193,450,464,1974,0.0,0,0.4,0.0,0,0,0,1,0,0,0,1,0,0,0,0,1,0,1
93690,2296,2192,449,463,1973,0.0,0,0.6,0.0,0,0,0,1,0,0,0,1,0,0,0,0,1,0,1
93700,2295,2191,449,464,1974,0.0,0,0.3,0.0,0,0,0,1,0,0,0,1,0,0,0,0,1,0,1
93710,2295,2192,449,465,1974,0.0,0,0.8,0.0,0,0,0,1,0,0,0,1,0,0,0,0,1,0,1
93720,2296,2193,449,465,1974,0.0,0,0.5,0.0,0,0,0,1,0,0,0,1,0,0,0,0,1,0,1
93730,2296,2193,450,465,1974,0.0,0,0.5,0.0,0,0,0,1,0,0,0,1,0,0,0,0,1,0,1
93740,2296,2192,451,464,1974,0.0,0,0.6,0.0,0,0,0,1,0,0,0,1,0,0,0,0,1,0,1
93750,2295,2194,449,465,1973,0.0,0,0.8,0.0,0,0,0,1,0,0,0,1,0,0,0,0,1,0,1
93760,2296,2198,451,464,1973,0.0,0,0.8,0.0,0,0,0,1,0,0,0,1,0,0,0,0,1,0,1
93770,2297,2192,449,467,1974,0.0,0,0.8,0.0,0,0,0,1,0,0,0,1,0,0,0,0,1,0,1
93780,2292,2193,449,464,1973,0.0,0,1.0,0.0,0,0,0,1,0,0,0,1,0,0,0,0,1,0,1
93790,2295,2193,449,465,1975,0.0,0,1.0,0.0,0,0,0,1,0,0,0,1,0,0,0,0,1,0,1
93800,2295,2193,449,464,1974,0.0,0,0.8,0.0,0,0,0,1,0,0,0,1,0,0,0,0,1,0,1
93810,2295,2192,449,464,1974,0.0,0,0.8,0.0,0,0,0,1,0,0,0,1,0,0,0,0,1,0,1
93820,2298,2193,447,465,1974,0.0,0,1.0,0.0,0,0,0,1,0,0,0,1,0,0,0,0,1,0,1
93830,2295,2192,450,464,1974,0.0,0,1.0,0.0,0,0,0,1,0,0,0,1,0,0,0,0,1,0,1
93840,2295,2193,448,465,1975,0.0,0,0.9,0.0,0,0,0,1,0,0,0,1,0,0,0,0,1,0,1
93850,2295,2192,450,465,1974,0.0,0,0.9,0.0,0,0,0,1,0,0,0,1,0,0,0,0,1,0,1
93860,2296,2192,450,463,1974,0.0,0,0.6,0.0,0,0,0,1,0,0,0,1,0,0,0,0,1,0,1
93870,2295,2192,448,464,1974,0.0,0,0.6,0.0,0,0,0,1,0,0,0,1,0,0,0,0,1,0,1
93880,2295,2189,449,464,1974,0.0,0,0.8,0.0,0,0,0,1,0,0,0,1,0,0,0,0,1,0,1
93890,2295,2193,450,465,1975,0.0,0,0.6,0.0,0,0,0,1,0,0,0,1,0,0,0,0,1,0,1
93900,2295,2193,450,464,1975,0.0,0,0.5,0.0,0,0,0,1,0,0,0,1,0,0,0,0,1,0,1
93911,2295,2194,449,463,1975,0.0,0,1.0,0.0,0,0,0,1,0,0,0,1,0,0,0,0,1,0,1
93921,2296,2192,451,467,1974,0.0,0,1.0,0.0,0,0,0,1,0,0,0,1,0,0,0,0,1,0,1
93931,2295,2193,449,464,1975,0.0,0,1.0,0.0,0,0,0,1,0,0,0,1,0,0,0,0,1,0,1
93941,2296,2192,449,464,1975,0.0,0,0.9,0.0,0,0,0,1,0,0,0,1,0,0,0,0,1,0,1
93951,2295,2193,450,465,1975,0.0,0,0.6,0.0,0,0,0,1,0,0,0,1,0,0,0,0,1,0,1
93961,2295,2192,449,466,1975,0.0,0,0.6,0.0,0,0,0,1,0,0,0,1,0,0,0,0,1,0,1
93972,2295,2193,449,464,1975,0.0,0,0.8,0.0,0,0,0,1,0,0,0,1,0,0,0,0,1,0,1
93982,2295,2192,449,464,1974,0.0,0,0.8,0.0,0,0,0,1,0,0,0,1,0,0,0,0,1,0,1
93992,2294,2193,449,464,1974,0.0,0,0.6,0.0,0,0,0,1,0,0,0,1,0,0,0,0,1,0,1
94002,2295,2193,451,463,1974,0.0,0,0.5,0.0,0,0,0,1,0,0,0,1,0,0,0,0,1,0,1
94012,2295,2193,450,465,1974,0.0,0,0.6,0.0,0,0,0,1,0,0,0,1,0,0,0,0,1,0,1
94022,2295,2192,449,465,1973,0.0,0,0.6,0.0,0,0,0,1,0,0,0,1,0,0,0,0,1,0,1
94032,2295,2193,449,464,1974,0.0,0,0.8,0.0,0,0,0,1,0,0,0,1,0,0,0,0,1,0,1
94042,2296,2193,450,464,1977,0.0,0,0.8,0.0,0,0,0,1,0,0,0,1,0,0,0,0,1,0,1
94052,2295,2192,450,462,1974,0.0,0,0.8,0.0,0,0,0,1,0,0,0,1,0,0,0,0,1,0,1
94062,2295,2193,448,461,1973,0.0,0,0.8,0.0,0,0,0,1,0,0,0,1,0,0,0,0,1,0,1
94072,2298,2193,450,463,1974,0.0,0,0.6,0.0,0,0,0,1,0,0,0,1,0,0,0,0,1,0,1
94082,2296,2192,450,463,1974,0.0,0,0.6,0.0,0,0,0,1,0,0,0,1,0,0,0,0,1,0,1
94092,2294,2193,450,466,1974,0.0,0,0.8,0.0,0,0,0,1,0,0,0,1,0,0,0,0,1,0,1
94102,2296,2195,449,465,1974,0.0,0,0.6,0.0,0,0,0,1,0,0,0,1,0,0,0,0,1,0,1
94112,2296,2193,450,465,1974,0.0,0,0.6,0.0,0,0,0,1,0,0,0,1,0,0,0,0,1,0,1
94122,2295,2193,449,465,1974,0.0,0,0.9,0.0,0,0,0,1,0,0,0,1,0,0,0,0,1,0,1
94132,2295,2193,450,464,1974,0.0,0,0.8,0.0,0,0,0,1,0,0,0,1,0,0,0,0,1,0,1
94142,2298,2192,450,464,1974,0.0,0,0.9,0.0,0,0,0,1,0,0,0,1,0,0,0,0,1,0,1
94152,2296,2193,449,465,1973,0.0,0,0.9,0.0,0,0,0,1,0,0,0,1,0,0,0,0,1,0,1
94162,2298,2193,460,464,1974,0.0,0,0.9,0.0,0,0,0,1,0,0,0,1,0,0,0,0,1,0,1
94172,2295,2192,449,465,1972,0.0,0,0.8,0.0,0,0,0,1,0,0,0,1,0,0,0,0,1,0,1
94182,2292,2193,450,465,1974,0.0,0,0.8,0.0,0,0,0,1,0,0,0,1,0,0,0,0,1,0,1
94192,2294,2193,449,466,1974,0.0,0,0.6,0.0,0,0,0,1,0,0,0,1,0,0,0,0,1,0,1
94202,2295,2192,452,463,1974,0.0,0,0.9,0.0,0,0,0,1,0,0,0,1,0,0,0,0,1,0,1
94212,2295,2192,450,464,1974,0.0,0,1.0,0.0,0,0,0,1,0,0,0,1,0,0,0,0,1,0,1
94222,2296,2193,449,465,1974,0.0,0,1.0,0.0,0,0,0,1,0,0,0,1,0,0,0,0,1,0,1
94232,2296,2190,451,465,1974,0.0,0,0.8,0.0,0,0,0,1,0,0,0,1,0,0,0,0,1,0,1
94242,2296,2192,450,464,1973,0.0,0,0.6,0.0,0,0,0,1,0,0,0,1,0,0,0,0,1,0,1
94252,2295,2192,450,464,1974,0.0,0,0.8,0.0,0,0,0,1,0,0,0,1,0,0,0,0,1,0,1
94262,2294,2193,450,464,1974,0.0,0,0.6,0.0,0,0,0,1,0,0,0,1,0,0,0,0,1,0,1
94272,2295,2192,450,463,1973,0.0,0,0.8,0.0,0,0,0,1,0,0,0,1,0,0,0,0,1,0,1
94282,2293,2194,449,463,1973,0.0,0,0.8,0.0,0,0,0,1,0,0,0,1,0,0,0,0,1,0,1
94292,2295,2192,450,465,1973,0.0,0,0.9,0.0,0,0,0,1,0,0,0,1,0,0,0,0,1,0,1
94302,2295,2192,449,463,1974,0.0,0,0.9,0.0,0,0,0,1,0,0,0,1,0,0,0,0,1,0,1
94312,2295,2193,446,464,1974,0.0,0,0.8,0.0,0,0,0,1,0,0,0,1,0,0,0,0,1,0,1
94322,2294,2190,450,465,1974,0.0,0,0.8,0.0,0,0,0,1,0,0,0,1,0,0,0,0,1,0,1
94332,2294,2192,449,464,1974,0.0,0,0.8,0.0,0,0,0,1,0,0,0,1,0,0,0,0,1,0,1
94342,2295,2194,450,465,1975,0.0,0,0.6,0.0,0,0,0,1,0,0,0,1,0,0,0,0,1,0,1
94352,2295,2192,449,467,1974,0.0,0,0.6,0.0,0,0,0,1,0,0,0,1,0,0,0,0,1,0,1
94362,2294,2192,449,464,1974,0.0,0,0.6,0.0,0,0,0,1,0,0,0,1,0,0,0,0,1,0,1
94372,2295,2191,450,465,1974,0.0,0,0.8,0.0,0,0,0,1,0,0,0,1,0,0,0,0,1,0,1
94382,2294,2192,449,463,1974,0.0,0,0.8,0.0,0,0,0,1,0,0,0,1,0,0,0,0,1,0,1
94392,2295,2192,449,465,1975,0.0,0,0.8,0.0,0,0,0,1,0,0,0,1,0,0,0,0,1,0,1
94403,2293,2192,452,464,1975,0.0,0,0.8,0.0,0,0,0,1,0,0,0,1,0,0,0,0,1,0,1
94413,2295,2192,450,465,1975,0.0,0,0.6,0.0,0,0,0,1,0,0,0,1,0,0,0,0,1,0,1
94423,2295,2192,449,462,1975,0.0,0,0.8,0.0,0,0,0,1,0,0,0,1,0,0,0,0,1,0,1
94433,2296,2192,451,464,1974,0.0,0,1.1,0.0,0,0,0,1,0,0,0,1,0,0,0,0,1,0,1
94443,2292,2193,450,463,1975,0.0,0,0.8,0.0,0,0,0,1,0,0,0,1,0,0,0,0,1,0,1
94453,2295,2193,450,464,1974,0.0,0,1.0,0.0,0,0,0,1,0,0,0,1,0,0,0,0,1,0,1
94463,2296,2192,449,465,1975,0.0,0,0.8,0.0,0,0,0,1,0,0,0,1,0,0,0,0,1,0,1
94473,2295,2193,450,466,1975,0.0,0,0.8,0.0,0,0,0,1,0,0,0,1,0,0,0,0,1,0,1
94483,2295,2193,450,464,1974,0.0,0,0.8,0.0,0,0,0,1,0,0,0,1,0,0,0,0,1,0,1
94493,2294,2192,450,465,1974,0.0,0,0.9,0.0,0,0,0,1,0,0,0,1,0,0,0,0,1,0,1
94506,2295,2192,449,465,1974,0.0,0,0.9,0.0,0,0,0,1,0,0,0,1,0,0,0,0,1,0,1
94516,2296,2192,450,463,1974,0.0,0,0.8,0.0,0,0,0,1,0,0,0,1,0,0,0,0,1,0,1
94526,2295,2192,448,464,1975,0.0,0,0.8,0.0,0,0,0,1,0,0,0,1,0,0,0,0,1,0,1
94536,2295,2192,449,464,1972,0.0,0,0.6,0.0,0,0,0,1,0,0,0,1,0,0,0,0,1,0,1
94546,2295,2192,450,465,1974,0.0,0,0.6,0.0,0,0,0,1,0,0,0,1,0,0,0,0,1,0,1
94556,2295,2193,449,463,1975,0.0,0,0.6,0.0,0,0,0,1,0,0,0,1,0,0,0,0,1,0,1
94566,2295,2194,450,464,1974,0.0,0,0.6,0.0,0,0,0,1,0,0,0,1,0,0,0,0,1,0,1
94576,2295,2192,450,465,1974,0.0,0,0.8,0.0,0,0,0,1,0,0,0,1,0,0,0,0,1,0,1
94586,2296,2193,450,466,1974,0.0,0,0.8,0.0,0,0,0,1,0,0,0,1,0,0,0,0,1,0,1
94596,2293,2192,449,465,1974,0.0,0,0.9,0.0,0,0,0,1,0,0,0,1,0,0,0,0,1,0,1
94606,2295,2192,449,464,1974,0.0,0,0.9,0.0,0,0,0,1,0,0,0,1,0,0,0,0,1,0,1
94616,2295,2193,450,464,1974,0.0,0,0.8,0.0,0,0,0,1,0,0,0,1,0,0,0,0,1,0,1
94626,2296,2192,450,464,1974,0.0,0,0.8,0.0,0,0,0,1,0,0,0,1,0,0,0,0,1,0,1
94636,2296,2192,449,463,1974,0.0,0,0.8,0.0,0,0,0,1,0,0,0,1,0,0,0,0,1,0,1
94646,2295,2192,451,463,1973,0.0,0,0.6,0.0,0,0,0,1,0,0,0,1,0,0,0,0,1,0,1
94656,2295,2192,450,464,1973,0.0,0,0.5,0.0,0,0,0,1,0,0,0,1,0,0,0,0,1,0,1
94666,2296,2192,450,463,1974,0.0,0,0.5,0.0,0,0,0,1,0,0,0,1,0,0,0,0,1,0,1
94676,2294,2192,451,464,1974,0.0,0,0.5,0.0,0,0,0,1,0,0,0,1,0,0,0,0,1,0,1
94686,2296,2192,451,462,1972,0.0,0,1.0,0.0,0,0,0,1,0,0,0,1,0,0,0,0,1,0,1
94696,2295,2192,447,464,1976,0.0,0,0.6,0.0,0,0,0,1,0,0,0,1,0,0,0,0,1,0,1
94706,2296,2193,449,465,1974,0.0,0,0.6,0.0,0,0,0,1,0,0,0,1,0,0,0,0,1,0,1
94716,2295,2193,450,463,1974,0.0,0,0.6,0.0,0,0,0,1,0,0,0,1,0,0,0,0,1,0,1
94726,2296,2192,450,467,1974,0.0,0,0.6,0.0,0,0,0,1,0,0,0,1,0,0,0,0,1,0,1
94736,2296,2193,448,464,1974,0.0,0,0.8,0.0,0,0,0,1,0,0,0,1,0,0,0,0,1,0,1
94746,2295,2193,450,466,1974,0.0,0,0.6,0.0,0,0,0,1,0,0,0,1,0,0,0,0,1,0,1
94756,2296,2192,449,465,1974,0.0,0,0.8,0.0,0,0,0,1,0,0,0,1,0,0,0,0,1,0,1
94766,2296,2192,449,464,1974,0.0,0,0.8,0.0,0,0,0,1,0,0,0,1,0,0,0,0,1,0,1
94776,2295,2193,451,464,1974,0.0,0,0.9,0.0,0,0,0,1,0,0,0,1,0,0,0,0,1,0,1
94786,2296,2192,450,464,1974,0.0,0,0.9,0.0,0,0,0,1,0,0,0,1,0,0,0,0,1,0,1
94796,2296,2193,450,462,1974,0.0,0,1.1,0.0,0,0,0,1,0,0,0,1,0,0,0,0,1,0,1
94806,2295,2193,450,464,1974,0.0,0,0.8,0.0,0,0,0,1,0,0,0,1,0,0,0,0,1,0,1
94816,2294,2192,450,464,1974,0.0,0,0.6,0.0,0,0,0,1,0,0,0,1,0,0,0,0,1,0,1
94826,2295,2192,450,465,1974,0.0,0,0.9,0.0,0,0,0,1,0,0,0,1,0,0,0,0,1,0,1
94836,2295,2192,449,465,1974,0.0,0,0.8,0.0,0,0,0,1,0,0,0,1,0,0,0,0,1,0,1
94846,2294,2193,450,464,1974,0.0,0,0.8,0.0,0,0,0,1,0,0,0,1,0,0,0,0,1,0,1
94856,2295,2196,449,464,1974,0.0,0,0.6,0.0,0,0,0,1,0,0,0,1,0,0,0,0,1,0,1
94866,2295,2192,449,464,1974,0.0,0,0.4,0.0,0,0,0,1,0,0,0,1,0,0,0,0,1,0,1
94876,2295,2192,449,463,1974,0.0,0,0.6,0.0,0,0,0,1,0,0,0,1,0,0,0,0,1,0,1
94886,2295,2193,450,465,1974,0.0,0,0.8,0.0,0,0,0,1,0,0,0,1,0,0,0,0,1,0,1
94896,2296,2193,448,466,1975,0.0,0,0.6,0.0,0,0,0,1,0,0,0,1,0,0,0,0,1,0,1
94906,2295,2193,450,465,1975,0.0,0,0.6,0.0,0,0,0,1,0,0,0,1,0,0,0,0,1,0,1
94916,2295,2192,450,464,1975,0.0,0,0.6,0.0,0,0,0,1,0,0,0,1,0,0,0,0,1,0,1
94926,2295,2192,449,464,1975,0.0,0,0.6,0.0,0,0,0,1,0,0,0,1,0,0,0,0,1,0,1
94936,2297,2192,450,463,1975,0.0,0,1.3,0.0,0,0,0,1,0,0,0,1,0,0,0,0,1,0,1
94946,2295,2193,450,465,1974,0.0,0,0.8,0.0,0,0,0,1,0,0,0,1,0,0,0,0,1,0,1
94956,2295,2192,451,462,1974,0.0,0,0.8,0.0,0,0,0,1,0,0,0,1,0,0,0,0,1,0,1
94966,2297,2192,449,464,1976,0.0,0,0.8,0.0,0,0,0,1,0,0,0,1,0,0,0,0,1,0,1
94976,2295,2190,450,463,1976,0.0,0,0.9,0.0,0,0,0,1,0,0,0,1,0,0,0,0,1,0,1
94986,2294,2193,451,465,1974,0.0,0,0.6,0.0,0,0,0,1,0,0,0,1,0,0,0,0,1,0,1
94996,2296,2192,449,465,1974,0.0,0,0.8,0.0,0,0,0,1,0,0,0,1,0,0,0,0,1,0,1
95006,2295,2192,449,466,1974,0.0,0,0.6,0.0,0,0,0,1,0,0,0,1,0,0,0,0,1,0,1
95017,2295,2193,449,464,1975,0.0,0,0.8,0.0,0,0,0,1,0,0,0,1,0,0,0,0,1,0,1
95027,2296,2190,449,467,1974,0.0,0,0.8,0.0,0,0,0,1,0,0,0,1,0,0,0,0,1,0,1
95037,2296,2192,452,465,1974,0.0,0,0.8,0.0,0,0,0,1,0,0,0,1,0,0,0,0,1,0,1
95047,2294,2192,448,464,1975,0.0,0,0.8,0.0,0,0,0,1,0,0,0,1,0,0,0,0,1,0,1
95057,2296,2192,448,465,1974,0.0,0,0.6,0.0,0,0,0,1,0,0,0,1,0,0,0,0,1,0,1
95067,2296,2193,450,465,1974,0.0,0,0.8,0.0,0,0,0,1,0,0,0,1,0,0,0,0,1,0,1
95077,2296,2193,450,464,1973,0.0,0,0.6,0.0,0,0,0,1,0,0,0,1,0,0,0,0,1,0,1
95087,2295,2192,449,460,1974,0.0,0,0.9,0.0,0,0,0,1,0,0,0,1,0,0,0,0,1,0,1
95097,2295,2193,451,464,1977,0.0,0,0.9,0.0,0,0,0,1,0,0,0,1,0,0,0,0,1,0,1
95107,2298,2192,448,462,1974,0.0,0,0.8,0.0,0,0,0,1,0,0,0,1,0,0,0,0,1,0,1
95117,2294,2193,450,465,1975,0.0,0,0.9,0.0,0,0,0,1,0,0,0,1,0,0,0,0,1,0,1
95127,2295,2194,450,463,1975,0.0,0,0.8,0.0,0,0,0,1,0,0,0,1,0,0,0,0,1,0,1
95137,2295,2193,450,465,1974,0.0,0,0.9,0.0,0,0,0,1,0,0,0,1,0,0,0,0,1,0,1
95147,2296,2193,449,464,1974,0.0,0,0.9,0.0,0,0,0,1,0,0,0,1,0,0,0,0,1,0,1
95157,2296,2194,450,464,1974,0.0,0,0.9,0.0,0,0,0,1,0,0,0,1,0,0,0,0,1,0,1
95167,2297,2193,450,465,1974,0.0,0,1.0,0.0,0,0,0,1,0,0,0,1,0,0,0,0,1,0,1
95177,2295,2196,450,463,1974,0.0,0,0.4,0.0,0,0,0,1,0,0,0,1,0,0,0,0,1,0,1
95187,2296,2193,450,463,1974,0.0,0,0.6,0.0,0,0,0,1,0,0,0,1,0,0,0,0,1,0,1
95197,2295,2193,450,463,1973,0.0,0,1.0,0.0,0,0,0,1,0,0,0,1,0,0,0,0,1,0,1
95207,2296,2193,448,461,1974,0.0,0,0.9,0.0,0,0,0,1,0,0,0,1,0,0,0,0,1,0,1
95217,2295,2194,450,465,1976,0.0,0,0.9,0.0,0,0,0,1,0,0,0,1,0,0,0,0,1,0,1
95227,2295,2193,449,464,1975,0.0,0,0.8,0.0,0,0,0,1,0,0,0,1,0,0,0,0,1,0,1
95237,2295,2192,449,464,1974,0.0,0,0.8,0.0,0,0,0,1,0,0,0,1,0,0,0,0,1,0,1
95247,2295,2194,450,465,1975,0.0,0,0.6,0.0,0,0,0,1,0,0,0,1,0,0,0,0,1,0,1
95257,2295,2193,451,463,1974,0.0,0,0.8,0.0,0,0,0,1,0,0,0,1,0,0,0,0,1,0,1
95267,2297,2193,449,465,1973,0.0,0,0.6,0.0,0,0,0,1,0,0,0,1,0,0,0,0,1,0,1
95277,2296,2193,449,464,1974,0.0,0,0.6,0.0,0,0,0,1,0,0,0,1,0,0,0,0,1,0,1
