t_ms,accel_x_g,accel_y_g,accel_z_g,gyro_x_dps,gyro_y_dps,gyro_z_dps,imu_temp_c
3289,0.1534,-0.2195,0.8668,-6.21,7.94,-0.03,21.23
3300,0.1508,-0.2178,0.8654,-6.11,7.79,-0.05,21.22
3310,0.1517,-0.2128,0.8633,-5.86,7.6,-0.08,21.24
3320,0.1512,-0.2114,0.8674,-5.83,7.56,-0.08,21.23
3330,0.1538,-0.2117,0.8662,-5.94,7.5,-0.11,21.24
3340,0.1562,-0.2103,0.869,-6.14,7.68,-0.11,21.23
3350,0.1584,-0.2124,0.8646,-6.2,7.94,-0.12,21.23
3360,0.1562,-0.2128,0.8665,-6.27,8.11,0.0,21.24
3370,0.1536,-0.2163,0.8715,-6.26,8.03,-0.02,21.21
3380,0.1508,-0.2194,0.8674,-6.32,7.79,-0.05,21.24
3390,0.1533,-0.2213,0.8669,-6.29,7.48,-0.03,21.24
3400,0.1591,-0.2228,0.8702,-6.26,7.59,-0.09,21.22
3410,0.1595,-0.2222,0.8674,-6.11,7.97,0.0,21.24
3420,0.1559,-0.2238,0.8707,-6.08,8.05,0.02,21.24
3430,0.1536,-0.2205,0.8676,-6.12,7.88,-0.06,21.25
3440,0.1519,-0.2192,0.8683,-6.14,7.5,-0.09,21.25
3450,0.1522,-0.2203,0.8641,-6.32,7.25,-0.15,21.23
3460,0.1549,-0.2189,0.8588,-6.23,7.59,-0.08,21.25
3470,0.1555,-0.219,0.8622,-6.2,7.95,0.02,21.25
3480,0.1519,-0.2173,0.8617,-6.06,8.12,0.02,21.23
3490,0.1536,-0.2137,0.8619,-6.05,7.82,-0.05,21.24
3500,0.1527,-0.2155,0.8673,-5.92,7.44,-0.11,21.22
3510,0.1545,-0.2169,0.8701,-5.89,7.31,-0.08,21.23
3520,0.1603,-0.2146,0.8663,-6.18,7.57,-0.09,21.21
3530,0.1572,-0.2166,0.868,-6.23,7.95,0.02,21.24
3540,0.158,-0.2195,0.8665,-6.27,8.21,-0.02,21.22
3550,0.153,-0.2177,0.8674,-6.14,8.12,-0.03,21.25
3560,0.1552,-0.22,0.8673,-6.18,7.73,-0.06,21.27
3570,0.1561,-0.2185,0.8643,-6.11,7.45,-0.11,21.22
3580,0.1578,-0.2205,0.8647,-6.17,7.54,-0.12,21.26
3590,0.158,-0.222,0.8647,-6.27,7.95,0.0,21.26
3600,0.1537,-0.2224,0.8647,-6.08,8.12,-0.03,21.25
3610,0.1547,-0.2188,0.8677,-6.02,8.02,0.0,21.25
3620,0.1501,-0.2206,0.8682,-5.92,7.71,-0.03,21.27
3630,0.1543,-0.2178,0.8707,-5.92,7.39,-0.02,21.28
3640,0.1569,-0.2179,0.8668,-6.08,7.47,-0.08,21.24
3650,0.1566,-0.2161,0.8673,-6.32,7.79,0.0,21.24
3660,0.1512,-0.2183,0.8705,-6.24,8.05,0.0,21.27
3670,0.1536,-0.2179,0.8645,-6.14,8.08,0.03,21.26
3680,0.1539,-0.2191,0.868,-6.05,7.77,-0.02,21.27
3690,0.1549,-0.2179,0.8645,-5.98,7.45,-0.06,21.27
3700,0.1567,-0.2184,0.8656,-5.94,7.45,-0.02,21.26
3710,0.1554,-0.2151,0.865,-6.11,7.76,-0.02,21.25
3720,0.1542,-0.2164,0.8677,-6.17,7.97,-0.05,21.27
3730,0.1517,-0.2157,0.8684,-6.18,7.95,0.02,21.27
3740,0.1532,-0.2156,0.8683,-6.06,7.76,-0.08,21.24
3750,0.1509,-0.2174,0.8624,-5.98,7.4,-0.17,21.24
3760,0.1556,-0.2142,0.8702,-5.98,7.37,-0.11,21.26
3770,0.1564,-0.2131,0.8691,-6.0,7.76,-0.12,21.27
3780,0.1576,-0.213,0.8679,-6.27,8.05,-0.03,21.28
3790,0.1547,-0.2174,0.8669,-6.26,7.97,0.03,21.25
3800,0.1528,-0.2179,0.8636,-6.18,7.66,-0.09,21.29
3810,0.1508,-0.2179,0.8663,-6.14,7.5,-0.11,21.26
3820,0.1548,-0.217,0.8654,-6.18,7.53,-0.14,21.27
3830,0.156,-0.2179,0.8649,-6.08,7.79,0.02,21.28
3840,0.1514,-0.2167,0.8696,-6.17,7.97,0.06,21.27
3850,0.153,-0.2152,0.8715,-6.17,8.05,0.09,21.26
3860,0.1527,-0.2163,0.8655,-6.08,7.79,0.11,21.24
3870,0.1523,-0.2183,0.8663,-6.21,7.63,-0.08,21.27
3880,0.1555,-0.2211,0.8646,-6.2,7.65,-0.06,21.28
3890,0.1571,-0.2162,0.8673,-6.09,7.65,0.02,21.27
3900,0.157,-0.2147,0.8649,-5.95,7.76,-0.11,21.27
3910,0.1533,-0.2152,0.8646,-6.02,7.8,-0.08,21.29
3920,0.1548,-0.2152,0.8672,-5.92,7.73,-0.05,21.28
3930,0.1556,-0.2136,0.8687,-6.03,7.59,-0.05,21.27
3940,0.1583,-0.2142,0.8676,-6.18,7.62,-0.02,21.24
3950,0.1571,-0.2133,0.8704,-6.34,7.66,-0.05,21.28
3960,0.1556,-0.2131,0.8713,-6.27,7.74,-0.08,21.28
3970,0.1569,-0.2148,0.8672,-6.14,7.83,-0.11,21.27
3980,0.1588,-0.2134,0.8687,-6.21,7.79,-0.14,21.29
3990,0.1552,-0.2184,0.8665,-6.2,7.71,-0.11,21.29
4000,0.1543,-0.2194,0.8727,-6.21,7.66,-0.11,21.27
4010,0.1565,-0.218,0.8699,-6.29,7.76,-0.14,21.27
4020,0.1569,-0.2212,0.8646,-6.26,7.86,-0.12,21.3
4030,0.1555,-0.2217,0.8638,-6.21,7.83,-0.05,21.3
4040,0.1501,-0.2245,0.8672,-6.18,7.86,-0.15,21.29
4050,0.1499,-0.2189,0.8656,-6.06,7.89,-0.09,21.29
4060,0.1525,-0.2205,0.8676,-6.14,7.73,-0.12,21.3
4070,0.1547,-0.2205,0.8667,-6.17,7.71,-0.09,21.29
4080,0.1543,-0.2216,0.8627,-6.21,7.74,-0.08,21.29
4090,0.1566,-0.2206,0.8654,-6.11,7.74,-0.08,21.29
4100,0.1569,-0.218,0.8641,-6.06,7.68,-0.06,21.29
4110,0.1549,-0.2219,0.866,-6.03,7.71,-0.09,21.27
4120,0.155,-0.2169,0.8673,-6.02,7.69,-0.08,21.26
4130,0.1569,-0.2178,0.8668,-6.02,7.77,0.02,21.28
4140,0.1548,-0.2198,0.8672,-6.14,7.74,-0.06,21.28
4150,0.155,-0.2189,0.8645,-6.17,7.82,-0.05,21.29
4160,0.1517,-0.2175,0.8634,-6.14,7.79,0.0,21.28
4170,0.1537,-0.2168,0.8643,-6.02,7.85,0.02,21.3
4180,0.1534,-0.2178,0.8674,-5.94,7.82,-0.02,21.29
4190,0.1521,-0.219,0.8687,-5.97,7.73,-0.02,21.28
4200,0.1549,-0.218,0.8663,-6.09,7.76,-0.03,21.27
4210,0.1542,-0.2168,0.8683,-6.08,7.77,-0.03,21.28
4220,0.1547,-0.2162,0.8678,-6.15,7.76,-0.11,21.27
4230,0.1543,-0.2175,0.8665,-6.23,7.79,-0.08,21.27
4240,0.1548,-0.2167,0.8633,-6.21,7.65,-0.09,21.29
4250,0.1555,-0.2189,0.8657,-5.95,7.66,-0.14,21.29
4260,0.1565,-0.2156,0.8619,-5.97,7.71,-0.14,21.26
4270,0.1578,-0.2157,0.8708,-6.08,7.82,-0.06,21.32
4280,0.1561,-0.2162,0.8687,-6.06,7.85,-0.08,21.32
4291,0.1556,-0.2168,0.8677,-6.23,7.73,-0.09,21.27
4301,0.1565,-0.2186,0.8696,-6.26,7.65,-0.06,21.27
4311,0.1531,-0.2172,0.8735,-6.15,7.66,-0.11,21.28
4321,0.1584,-0.2157,0.8615,-6.06,7.77,-0.08,21.31
4331,0.1538,-0.2186,0.8704,-6.08,7.89,-0.08,21.27
4341,0.1567,-0.2189,0.8654,-6.11,7.94,-0.03,21.27
4351,0.1556,-0.2183,0.8682,-6.24,7.77,-0.03,21.3
4361,0.1494,-0.2192,0.8698,-6.31,7.83,-0.14,21.31
4371,0.1555,-0.2201,0.866,-6.24,7.69,-0.08,21.32
4381,0.1538,-0.2222,0.8622,-6.17,7.63,-0.08,21.3
4391,0.1545,-0.2189,0.8649,-6.05,7.71,-0.05,21.3
4401,0.1542,-0.2203,0.8649,-6.09,7.73,-0.06,21.32
4411,0.1572,-0.2166,0.8651,-6.0,7.6,-0.02,21.31
4421,0.1545,-0.2151,0.8672,-5.98,7.63,0.0,21.31
4431,0.1559,-0.2167,0.8661,-6.09,7.68,-0.09,21.31
4441,0.1512,-0.2188,0.8663,-6.17,7.71,-0.12,21.3
4451,0.1516,-0.2156,0.8651,-6.18,7.73,-0.12,21.31
4461,0.1559,-0.2183,0.8704,-6.06,7.71,-0.08,21.32
4471,0.1543,-0.2164,0.8679,-6.17,7.77,-0.14,21.31
4481,0.1555,-0.2202,0.8678,-6.09,7.82,-0.06,21.31
4491,0.1561,-0.219,0.8679,-6.31,7.83,-0.05,21.3
4501,0.1565,-0.2241,0.8643,-6.17,7.85,-0.05,21.32
4511,0.151,-0.22,0.8671,-6.17,7.8,-0.03,21.31
4521,0.1497,-0.2166,0.8674,-6.06,7.71,-0.06,21.31
4531,0.1504,-0.2157,0.8662,-6.08,7.73,0.03,21.32
4541,0.1527,-0.2167,0.8685,-6.12,7.65,-0.03,21.31
4551,0.1534,-0.2173,0.8677,-6.2,7.76,-0.03,21.31
4561,0.1543,-0.22,0.8654,-6.26,7.83,-0.02,21.32
4571,0.1541,-0.2205,0.8678,-6.31,7.83,-0.05,21.33
4581,0.1559,-0.2191,0.8688,-6.14,7.89,-0.03,21.33
4591,0.1561,-0.2214,0.8728,-6.06,7.76,-0.08,21.32
4601,0.1555,-0.2168,0.8669,-6.05,7.65,-0.03,21.33
4611,0.1552,-0.2184,0.8676,-6.06,7.63,-0.03,21.32
4621,0.157,-0.2172,0.8669,-6.06,7.68,0.03,21.34
4631,0.1554,-0.2211,0.8646,-6.21,7.69,0.03,21.32
4641,0.1547,-0.2194,0.8649,-6.24,7.83,-0.08,21.32
4651,0.1543,-0.2202,0.8671,-6.15,7.77,-0.06,21.3
4661,0.1567,-0.2197,0.87,-6.02,7.66,-0.05,21.33
4671,0.1555,-0.218,0.8691,-5.98,7.74,-0.05,21.32
4681,0.1571,-0.2168,0.8657,-5.97,7.8,0.0,21.32
4691,0.1558,-0.2175,0.8651,-6.11,7.74,-0.09,21.31
4701,0.1542,-0.2133,0.8684,-6.12,7.79,-0.03,21.32
4711,0.1544,-0.2147,0.8698,-6.12,7.77,-0.08,21.33
4721,0.155,-0.2126,0.8638,-6.08,7.8,-0.08,21.33
4731,0.1528,-0.2178,0.8645,-6.06,7.73,0.03,21.33
4741,0.1531,-0.2137,0.8634,-6.06,7.76,-0.02,21.3
4751,0.1548,-0.2137,0.8662,-6.02,7.76,-0.12,21.34
4761,0.1543,-0.2137,0.8707,-6.15,7.74,-0.08,21.32
4771,0.1561,-0.2161,0.8727,-6.37,7.79,-0.02,21.32
4781,0.1573,-0.2198,0.8673,-6.26,7.85,-0.06,21.32
4791,0.1556,-0.2184,0.8674,-6.2,7.77,-0.02,21.32
4801,0.1533,-0.2195,0.8682,-6.15,7.77,-0.09,21.32
4811,0.153,-0.2202,0.8693,-6.09,7.76,-0.06,21.34
4821,0.156,-0.2197,0.8635,-6.02,7.66,-0.05,21.33
4831,0.1531,-0.2173,0.8672,-6.06,7.77,-0.08,21.37
4841,0.1549,-0.2167,0.8699,-6.15,7.77,-0.03,21.32
4851,0.1542,-0.218,0.8683,-6.03,7.68,-0.11,21.32
4861,0.1559,-0.2175,0.8708,-6.05,7.68,-0.03,21.32
4871,0.1548,-0.2164,0.8679,-6.12,7.71,-0.08,21.33
4881,0.1544,-0.2157,0.868,-6.18,7.69,-0.06,21.33
4891,0.155,-0.2163,0.8657,-6.24,7.77,-0.03,21.33
4901,0.1531,-0.2177,0.8638,-6.18,7.73,-0.05,21.35
4911,0.1539,-0.2184,0.8663,-6.14,7.68,0.03,21.31
4921,0.1553,-0.2178,0.8674,-6.09,7.57,-0.03,21.33
4931,0.1558,-0.2147,0.8674,-6.09,7.63,-0.05,21.32
4941,0.1547,-0.2175,0.87,-6.08,7.69,-0.11,21.34
4951,0.1554,-0.2186,0.8676,-6.09,7.76,-0.06,21.3
4961,0.1549,-0.2192,0.8679,-6.2,7.83,-0.05,21.33
4971,0.1525,-0.2178,0.8635,-6.15,7.79,-0.06,21.31
4981,0.1525,-0.2208,0.866,-6.23,7.82,-0.03,21.32
4991,0.1545,-0.2177,0.8657,-6.12,7.79,-0.08,21.32
5001,0.1554,-0.217,0.8646,-6.09,7.74,-0.11,21.33
5011,0.1552,-0.2151,0.8665,-5.98,7.68,0.02,21.33
5021,0.1553,-0.2134,0.8702,-6.06,7.69,-0.06,21.34
5031,0.1542,-0.2158,0.868,-6.18,7.68,-0.02,21.33
5041,0.1584,-0.2191,0.8677,-6.34,7.76,-0.08,21.34
5051,0.1554,-0.2169,0.8654,-6.34,7.89,-0.03,21.33
5061,0.1562,-0.2209,0.8644,-6.32,7.88,-0.09,21.33
5071,0.155,-0.2177,0.8622,-6.18,7.82,-0.03,21.33
5081,0.1538,-0.2162,0.8666,-6.03,7.69,-0.06,21.32
5091,0.1553,-0.2181,0.8662,-5.94,7.62,-0.09,21.36
5101,0.1566,-0.2172,0.8701,-6.02,7.71,-0.05,21.34
5111,0.153,-0.2201,0.871,-6.23,7.83,-0.09,21.31
5121,0.1555,-0.22,0.8669,-6.37,7.82,-0.11,21.34
5131,0.1547,-0.2208,0.8656,-6.29,7.8,-0.12,21.34
5141,0.1532,-0.2206,0.8588,-6.2,7.79,-0.09,21.33
5151,0.1547,-0.219,0.8647,-6.0,7.77,-0.08,21.32
5161,0.1506,-0.218,0.8641,-5.89,7.85,-0.05,21.35
5171,0.1539,-0.2159,0.8678,-5.97,7.74,-0.03,21.35
5181,0.1525,-0.2141,0.8701,-6.11,7.71,-0.08,21.34
5191,0.1544,-0.2159,0.8739,-6.24,7.66,-0.11,21.36
5201,0.1541,-0.2155,0.8625,-6.37,7.74,-0.09,21.38
5211,0.1559,-0.218,0.8652,-6.2,7.83,-0.05,21.37
5221,0.1555,-0.2191,0.8663,-6.09,7.83,-0.05,21.34
5231,0.1553,-0.2219,0.8668,-6.0,7.8,-0.05,21.32
5241,0.1543,-0.2183,0.8654,-6.08,7.74,-0.03,21.36
5251,0.1517,-0.2175,0.8694,-6.14,7.69,-0.14,21.33
5261,0.1536,-0.217,0.8683,-6.14,7.79,-0.05,21.35
5271,0.1526,-0.2168,0.8633,-6.18,7.85,-0.06,21.34
5281,0.1572,-0.2211,0.8669,-6.26,7.91,-0.09,21.34
5291,0.1558,-0.2208,0.8658,-6.15,7.79,-0.05,21.35
5301,0.1561,-0.222,0.8667,-6.0,7.79,-0.03,21.35
5311,0.1538,-0.2173,0.8672,-6.09,7.73,-0.05,21.35
5321,0.1533,-0.2192,0.8661,-6.03,7.69,-0.03,21.36
5331,0.1542,-0.2191,0.8702,-6.15,7.74,-0.03,21.35
5341,0.1543,-0.2169,0.8689,-6.05,7.79,-0.11,21.33
5351,0.1539,-0.2186,0.8666,-6.18,7.68,-0.06,21.37
5361,0.1566,-0.22,0.866,-6.12,7.65,-0.12,21.37
5371,0.1544,-0.2168,0.8649,-6.12,7.63,-0.06,21.36
5381,0.1559,-0.2158,0.8655,-6.06,7.79,-0.11,21.34
5391,0.158,-0.2168,0.8677,-6.06,7.91,-0.05,21.34
5401,0.1559,-0.2184,0.8683,-6.08,7.95,-0.08,21.37
5411,0.1548,-0.2156,0.8712,-6.18,7.76,-0.03,21.36
5421,0.1554,-0.2169,0.8711,-6.18,7.6,-0.08,21.35
5431,0.1526,-0.2163,0.866,-6.09,7.69,-0.06,21.36
5441,0.1536,-0.2159,0.8656,-6.14,7.8,-0.12,21.36
5451,0.1573,-0.219,0.864,-6.09,7.71,-0.03,21.35
5461,0.1526,-0.2172,0.8702,-6.05,7.85,0.0,21.33
5471,0.1533,-0.2173,0.8652,-6.12,7.86,-0.05,21.37
5481,0.1523,-0.2218,0.8687,-6.09,7.73,-0.09,21.33
5491,0.156,-0.2205,0.8662,-6.26,7.63,-0.05,21.37
5501,0.1552,-0.2185,0.8704,-6.26,7.69,-0.08,21.33
5511,0.155,-0.218,0.8699,-6.2,7.83,-0.06,21.36
5521,0.1552,-0.2201,0.8661,-6.09,7.91,-0.06,21.36
5531,0.1541,-0.2183,0.8683,-6.05,7.88,-0.09,21.37
5541,0.152,-0.2174,0.8707,-5.98,7.73,-0.06,21.34
5551,0.1511,-0.2172,0.8705,-6.14,7.63,-0.11,21.35
5561,0.1531,-0.2144,0.8685,-6.29,7.68,-0.08,21.36
5571,0.1548,-0.2155,0.8652,-6.21,7.8,-0.05,21.34
5581,0.1545,-0.2181,0.8615,-6.18,7.95,-0.06,21.37
5591,0.1553,-0.2179,0.8643,-6.11,7.94,-0.08,21.36
5601,0.1537,-0.2173,0.868,-6.06,7.76,-0.08,21.34
5611,0.1541,-0.2203,0.8701,-6.08,7.69,-0.08,21.35
5621,0.156,-0.2179,0.8687,-6.09,7.6,0.02,21.36
5631,0.157,-0.2185,0.8667,-6.2,7.73,-0.09,21.35
5641,0.1541,-0.22,0.8674,-6.24,7.86,0.03,21.37
5651,0.1547,-0.2201,0.8698,-6.23,7.89,-0.02,21.39
5661,0.1553,-0.2184,0.8654,-6.15,7.74,-0.08,21.37
5671,0.1525,-0.2196,0.8656,-6.06,7.6,-0.03,21.38
5681,0.1541,-0.2179,0.8671,-6.03,7.6,-0.06,21.38
5691,0.157,-0.2177,0.8676,-6.09,7.65,-0.06,21.38
5701,0.1549,-0.2157,0.8651,-6.14,7.74,-0.05,21.38
5711,0.1541,-0.215,0.8679,-6.14,7.74,-0.03,21.36
5721,0.1539,-0.2148,0.8663,-6.17,7.69,-0.05,21.35
5731,0.1534,-0.2137,0.8673,-6.18,7.6,-0.09,21.38
5741,0.1541,-0.2179,0.8618,-6.08,7.68,-0.08,21.36
5751,0.155,-0.2167,0.8678,-6.05,7.83,-0.03,21.36
5761,0.1542,-0.2183,0.8651,-6.2,7.97,0.02,21.37
5771,0.153,-0.2206,0.8656,-6.24,7.92,0.02,21.37
5781,0.1543,-0.2198,0.8668,-6.23,7.73,-0.08,21.37
5791,0.153,-0.2224,0.8629,-6.15,7.56,-0.12,21.35
5801,0.1566,-0.2185,0.8657,-6.02,7.63,0.0,21.38
5811,0.1542,-0.2202,0.8663,-6.03,7.76,-0.14,21.39
5821,0.1565,-0.2155,0.8655,-6.09,7.92,-0.06,21.37
5831,0.1545,-0.2203,0.8694,-6.15,7.91,-0.08,21.37
5841,0.1555,-0.2205,0.8644,-6.15,7.76,-0.06,21.37
5851,0.1572,-0.2202,0.8667,-6.14,7.62,-0.11,21.37
5861,0.1583,-0.217,0.8657,-6.12,7.63,-0.15,21.37
5871,0.1575,-0.219,0.8676,-6.11,7.85,-0.03,21.36
5881,0.1522,-0.2179,0.8668,-6.02,7.91,-0.06,21.37
5891,0.1548,-0.2181,0.8665,-6.05,7.82,-0.09,21.38
5901,0.155,-0.2167,0.8684,-6.14,7.65,-0.03,21.36
5911,0.152,-0.2179,0.8685,-6.15,7.66,-0.03,21.37
5921,0.1511,-0.2201,0.8647,-6.18,7.8,-0.05,21.37
5931,0.1541,-0.2177,0.8639,-6.23,7.86,-0.06,21.38
5941,0.1548,-0.2147,0.8661,-6.11,7.89,-0.06,21.37
5951,0.153,-0.219,0.8694,-6.14,7.8,-0.03,21.4
5961,0.1576,-0.2189,0.8682,-6.14,7.6,0.03,21.38
5971,0.1553,-0.22,0.8683,-6.12,7.51,-0.08,21.41
5981,0.1565,-0.218,0.8656,-6.2,7.63,-0.06,21.39
5991,0.1573,-0.2169,0.8647,-6.12,7.83,-0.03,21.38
6001,0.1545,-0.2184,0.8688,-6.15,7.91,-0.05,21.38
6011,0.1545,-0.2162,0.8676,-6.11,7.85,-0.08,21.4
6021,0.1533,-0.2162,0.8668,-6.06,7.68,-0.02,21.38
6031,0.1555,-0.2155,0.8698,-6.17,7.63,-0.06,21.4
6041,0.1539,-0.2175,0.8707,-6.23,7.66,-0.12,21.4
6051,0.1539,-0.2179,0.8713,-6.21,7.73,-0.17,21.39
6061,0.1562,-0.2169,0.8687,-6.2,7.8,-0.02,21.39
6071,0.1547,-0.2185,0.864,-6.06,7.83,-0.06,21.4
6081,0.1541,-0.2164,0.864,-6.03,7.83,-0.02,21.41
6091,0.1556,-0.2178,0.866,-6.11,7.74,-0.06,21.4
6101,0.1533,-0.2184,0.8623,-6.18,7.73,-0.14,21.4
6111,0.155,-0.2174,0.869,-6.32,7.82,-0.09,21.39
6121,0.1532,-0.2203,0.868,-6.2,7.83,-0.09,21.4
6131,0.156,-0.2222,0.8667,-6.12,7.86,-0.09,21.39
6141,0.1532,-0.2207,0.8651,-6.02,7.85,-0.03,21.38
6151,0.1541,-0.2173,0.8719,-6.14,7.71,-0.06,21.41
6161,0.1545,-0.2168,0.8662,-6.2,7.62,-0.05,21.39
6171,0.156,-0.2164,0.868,-6.2,7.73,-0.06,21.39
6181,0.153,-0.2183,0.8623,-6.21,7.89,-0.11,21.39
6191,0.1564,-0.2184,0.8629,-6.05,7.94,0.03,21.39
6201,0.153,-0.2234,0.8641,-6.17,7.91,-0.03,21.4
6211,0.1484,-0.2126,0.8661,-6.14,7.8,-0.03,21.4
6221,0.1544,-0.2162,0.8678,-5.97,7.45,-0.08,21.38
6231,0.1536,-0.2095,0.8645,-5.98,7.39,-0.15,21.39
6241,0.1552,-0.2164,0.8678,-6.12,7.68,-0.02,21.38
6251,0.1577,-0.2172,0.8687,-6.44,8.11,-0.08,21.39
6261,0.1553,-0.2195,0.8617,-6.47,8.17,0.02,21.39
6271,0.1566,-0.2214,0.8624,-6.27,7.91,-0.06,21.39
6281,0.1566,-0.2189,0.8657,-5.98,7.51,-0.05,21.37
6291,0.1564,-0.2137,0.868,-5.85,7.4,-0.09,21.39
6301,0.1548,-0.2147,0.8698,-5.97,7.68,0.05,21.39
6311,0.1541,-0.2189,0.8649,-6.24,7.92,-0.05,21.39
6321,0.151,-0.2141,0.8622,-6.34,7.98,0.0,21.4
6331,0.1531,-0.2172,0.8654,-6.32,7.82,-0.11,21.38
6341,0.1519,-0.22,0.8667,-6.14,7.57,-0.09,21.39
6351,0.157,-0.2181,0.8657,-6.05,7.59,-0.12,21.4
6361,0.1591,-0.2185,0.8705,-6.09,7.74,-0.05,21.4
6371,0.1586,-0.2203,0.8721,-6.14,7.92,-0.06,21.39
6381,0.1571,-0.2188,0.8723,-6.35,7.97,-0.06,21.39
6391,0.1523,-0.2192,0.8666,-6.24,7.8,0.0,21.41
6401,0.1533,-0.2208,0.8695,-6.17,7.73,-0.02,21.38
6411,0.1556,-0.2188,0.869,-5.95,7.62,-0.06,21.4
6421,0.153,-0.2184,0.8665,-5.97,7.74,-0.02,21.38
6431,0.1547,-0.2189,0.8661,-6.09,7.82,-0.03,21.4
6445,0.1519,-0.219,0.866,-5.94,7.79,-0.99,21.4
6455,0.1531,-0.2196,0.8667,-6.18,7.89,-0.15,21.39
6465,0.157,-0.2174,0.8652,-6.21,7.68,-0.06,21.39
6475,0.1562,-0.219,0.8634,-6.03,7.59,0.0,21.4
6485,0.1552,-0.2174,0.8676,-6.03,7.6,-0.08,21.4
6495,0.1575,-0.2152,0.8641,-6.03,7.68,-0.03,21.4
6505,0.156,-0.2181,0.8711,-6.06,7.85,-0.03,21.41
6515,0.1552,-0.2157,0.8671,-6.24,7.8,0.02,21.43
6525,0.1544,-0.2159,0.8657,-6.24,7.83,0.0,21.41
6535,0.1541,-0.2189,0.8662,-6.24,7.68,-0.11,21.39
6545,0.1552,-0.2173,0.8645,-6.2,7.68,-0.12,21.4
6555,0.1548,-0.2163,0.8682,-6.08,7.69,-0.08,21.4
6565,0.158,-0.2166,0.8658,-6.11,7.76,-0.09,21.39
6575,0.1531,-0.2177,0.8679,-6.08,7.79,0.05,21.4
6585,0.1525,-0.2174,0.8679,-6.12,7.73,-0.08,21.38
6595,0.1542,-0.2158,0.8673,-6.26,7.73,-0.12,21.42
6605,0.1543,-0.2189,0.8688,-6.35,7.68,-0.09,21.41
6615,0.1564,-0.2181,0.8601,-6.15,7.86,-0.05,21.41
6625,0.1542,-0.2181,0.8663,-6.17,7.85,-0.05,21.39
6635,0.1541,-0.2195,0.8694,-6.06,7.85,-0.09,21.41
6645,0.1531,-0.2207,0.8688,-6.05,7.76,0.05,21.4
6655,0.1553,-0.2186,0.8685,-6.17,7.69,-0.06,21.41
6665,0.1572,-0.2191,0.8663,-6.23,7.69,-0.12,21.4
6675,0.1571,-0.2206,0.8657,-6.23,7.82,-0.05,21.4
6685,0.1581,-0.2234,0.8698,-6.06,7.88,-0.09,21.38
6695,0.1527,-0.219,0.8661,-6.11,7.85,-0.03,21.4
6705,0.1552,-0.2195,0.8683,-6.2,7.88,0.02,21.41
6715,0.1544,-0.2192,0.8657,-6.17,7.76,0.02,21.4
6725,0.151,-0.2179,0.8638,-6.15,7.69,-0.06,21.41
6735,0.1547,-0.2195,0.8662,-6.17,7.69,-0.05,21.41
6745,0.1553,-0.2192,0.8644,-6.03,7.71,-0.12,21.43
6755,0.1554,-0.2174,0.8674,-6.0,7.8,-0.09,21.44
6765,0.1543,-0.2162,0.8665,-6.03,7.79,-0.02,21.41
6775,0.1569,-0.2164,0.8691,-6.12,7.73,-0.03,21.4
6785,0.1542,-0.2184,0.8702,-6.2,7.79,0.03,21.41
6795,0.1549,-0.2192,0.865,-6.31,7.85,-0.05,21.39
6805,0.1564,-0.219,0.8655,-6.32,7.85,-0.03,21.42
6815,0.1537,-0.2175,0.8658,-6.2,7.82,-0.03,21.42
6825,0.1526,-0.2185,0.864,-6.09,7.68,-0.02,21.44
6835,0.156,-0.2169,0.8649,-6.06,7.71,-0.08,21.4
6845,0.1559,-0.2152,0.8651,-6.06,7.68,-0.03,21.4
6855,0.1512,-0.2156,0.8683,-6.14,7.85,-0.03,21.41
6865,0.1558,-0.2164,0.8662,-6.21,7.89,-0.08,21.42
6875,0.1567,-0.219,0.8663,-6.35,7.83,-0.12,21.41
6885,0.1583,-0.2202,0.8655,-6.24,7.8,-0.09,21.43
6895,0.1604,-0.2203,0.8641,-6.17,7.79,-0.05,21.4
6905,0.157,-0.219,0.8672,-6.02,7.77,0.0,21.41
6915,0.1571,-0.2219,0.8735,-5.98,7.8,-0.02,21.44
6925,0.1581,-0.2202,0.8694,-5.97,7.71,-0.02,21.42
6935,0.1549,-0.2156,0.8712,-6.09,7.65,-0.18,21.42
6945,0.1533,-0.2172,0.8657,-6.15,7.66,-0.14,21.41
6955,0.1528,-0.2184,0.8679,-6.18,7.69,-0.12,21.42
6965,0.1578,-0.2196,0.8643,-6.15,7.83,-0.09,21.42
6975,0.1539,-0.2179,0.8729,-6.05,7.8,-0.11,21.42
6985,0.1539,-0.2169,0.8679,-6.06,7.74,-0.09,21.42
6995,0.1531,-0.2183,0.8718,-6.08,7.63,-0.08,21.42
7005,0.1525,-0.217,0.865,-5.97,7.56,-0.02,21.39
7015,0.152,-0.2148,0.868,-6.05,7.59,-0.09,21.42
7025,0.1554,-0.2162,0.8677,-6.09,7.77,-0.08,21.4
7035,0.1525,-0.2158,0.8656,-6.18,7.77,-0.09,21.45
7045,0.1527,-0.217,0.8695,-6.05,7.97,0.02,21.41
7055,0.152,-0.2152,0.8733,-6.14,7.91,-0.06,21.43
7065,0.1521,-0.2183,0.8687,-6.26,7.74,-0.08,21.43
7075,0.1543,-0.2192,0.864,-6.26,7.73,-0.14,21.41
7085,0.1512,-0.2192,0.8671,-6.23,7.73,0.0,21.44
7095,0.1554,-0.219,0.8646,-6.18,7.73,0.03,21.4
7105,0.1559,-0.2179,0.8649,-6.15,7.88,0.0,21.43
7115,0.1533,-0.2155,0.8668,-6.08,7.82,0.0,21.42
7125,0.1545,-0.215,0.8615,-6.15,7.71,0.0,21.44
7135,0.1561,-0.2175,0.8661,-6.27,7.74,0.0,21.42
7145,0.1566,-0.2161,0.8658,-6.31,7.77,-0.03,21.44
7155,0.1592,-0.2174,0.8657,-6.26,7.83,-0.05,21.42
7165,0.1555,-0.2169,0.8597,-6.2,7.83,-0.06,21.43
7175,0.1564,-0.2195,0.8655,-6.05,7.74,-0.09,21.42
7185,0.1549,-0.2216,0.868,-6.0,7.63,-0.03,21.44
7195,0.1548,-0.2188,0.8683,-6.0,7.59,-0.05,21.42
7205,0.1554,-0.2188,0.8705,-6.11,7.59,-0.02,21.44
7215,0.1567,-0.2159,0.8682,-6.18,7.77,-0.08,21.43
7225,0.1548,-0.2189,0.8693,-6.26,7.82,-0.05,21.43
7235,0.1547,-0.2162,0.8676,-6.09,7.86,-0.05,21.43
7245,0.1541,-0.2202,0.87,-6.06,7.76,0.0,21.43
7255,0.1581,-0.22,0.8726,-6.15,7.74,-0.06,21.42
7265,0.1572,-0.2183,0.8724,-6.18,7.63,-0.03,21.42
7275,0.1581,-0.2202,0.871,-6.18,7.77,-0.11,21.42
7285,0.1559,-0.2162,0.8656,-6.2,7.85,-0.02,21.43
7295,0.1566,-0.2185,0.8705,-6.12,7.92,-0.06,21.44
7305,0.1528,-0.2185,0.8669,-6.17,7.85,-0.08,21.44
7315,0.1541,-0.2168,0.8712,-6.17,7.77,-0.09,21.41
7325,0.153,-0.2185,0.8677,-6.14,7.65,-0.06,21.42
7335,0.1539,-0.2217,0.8671,-6.15,7.65,-0.05,21.42
7345,0.1531,-0.2162,0.8671,-6.2,7.76,-0.11,21.41
7355,0.1564,-0.2168,0.8661,-6.2,7.82,-0.05,21.43
7365,0.1511,-0.2186,0.8596,-6.21,7.83,-0.08,21.43
7375,0.1543,-0.2197,0.8639,-6.26,7.74,-0.11,21.42
7385,0.1534,-0.2212,0.8646,-6.27,7.66,-0.03,21.42
7395,0.1553,-0.2219,0.861,-6.17,7.68,-0.08,21.4
7405,0.1547,-0.219,0.8685,-6.14,7.66,-0.08,21.42
7415,0.1571,-0.2164,0.8623,-6.05,7.76,-0.05,21.42
7425,0.1556,-0.2146,0.8674,-6.06,7.74,-0.11,21.43
7435,0.1519,-0.2162,0.8661,-6.2,7.69,-0.03,21.43
7445,0.1548,-0.2167,0.8621,-6.29,7.63,-0.12,21.44
7455,0.1514,-0.2166,0.8607,-6.26,7.77,-0.08,21.43
7465,0.1533,-0.2205,0.8661,-6.09,7.86,0.02,21.44
7475,0.155,-0.2173,0.8678,-6.18,7.91,-0.03,21.44
7485,0.1542,-0.2172,0.8662,-6.15,7.73,-0.06,21.44
7495,0.1541,-0.2144,0.8654,-6.08,7.69,-0.03,21.43
7505,0.1572,-0.2169,0.8671,-6.14,7.53,-0.02,21.43
7515,0.1562,-0.2179,0.868,-6.35,7.71,-0.08,21.46
7525,0.157,-0.2201,0.866,-6.27,7.83,-0.06,21.43
7535,0.1573,-0.2229,0.8687,-6.05,7.91,-0.05,21.42
7545,0.1588,-0.2238,0.8668,-6.09,7.82,-0.11,21.43
7555,0.1562,-0.2207,0.8727,-6.05,7.77,-0.12,21.42
7565,0.1575,-0.222,0.8724,-5.97,7.69,-0.06,21.43
7575,0.1537,-0.2194,0.8698,-5.92,7.65,-0.08,21.43
7585,0.1561,-0.2188,0.8723,-6.17,7.77,-0.05,21.43
7595,0.1534,-0.2166,0.87,-6.17,7.77,-0.02,21.44
7605,0.1519,-0.2157,0.8693,-6.0,7.73,-0.06,21.43
7615,0.152,-0.2174,0.8687,-6.03,7.65,-0.15,21.44
7625,0.1541,-0.2128,0.8649,-6.09,7.65,-0.14,21.44
7635,0.1572,-0.214,0.8662,-6.02,7.65,-0.03,21.42
7645,0.1565,-0.2144,0.8693,-6.24,7.76,-0.14,21.43
7655,0.1519,-0.2135,0.8656,-6.31,7.76,-0.06,21.41
7665,0.1539,-0.2124,0.8588,-6.26,7.66,-0.05,21.43
7675,0.1515,-0.2126,0.865,-6.06,7.79,-0.05,21.45
7685,0.1497,-0.2142,0.8589,-6.15,7.85,-0.06,21.43
7695,0.1497,-0.2147,0.8645,-6.06,7.91,-0.11,21.44
7705,0.1525,-0.218,0.8638,-6.17,7.91,-0.11,21.43
7715,0.1527,-0.2183,0.8661,-6.32,7.85,-0.06,21.43
7725,0.1562,-0.2195,0.866,-6.35,7.76,-0.05,21.43
7735,0.1565,-0.2209,0.8604,-6.27,7.73,0.02,21.43
7745,0.1564,-0.2179,0.8613,-6.21,7.8,0.0,21.43
7755,0.1541,-0.2161,0.8625,-6.08,7.79,-0.05,21.44
7765,0.1522,-0.2197,0.8647,-6.11,7.74,0.03,21.43
7775,0.1528,-0.2181,0.8665,-6.2,7.66,-0.08,21.44
7785,0.155,-0.2163,0.864,-6.24,7.76,-0.08,21.44
7795,0.1561,-0.2163,0.8698,-6.2,7.91,0.0,21.44
7805,0.1572,-0.2192,0.8693,-6.08,7.94,-0.05,21.45
7815,0.1554,-0.2169,0.8705,-6.2,7.8,-0.02,21.44
7825,0.1559,-0.2189,0.8713,-6.17,7.6,-0.03,21.44
7835,0.155,-0.2181,0.8717,-6.12,7.51,-0.12,21.44
7845,0.156,-0.219,0.8683,-6.11,7.6,-0.11,21.44
7855,0.1553,-0.2174,0.8713,-6.12,7.68,-0.06,21.44
7865,0.1542,-0.2179,0.8694,-6.14,7.95,-0.05,21.43
7875,0.1558,-0.2175,0.8706,-6.06,7.82,-0.02,21.46
7885,0.1528,-0.2188,0.8721,-6.14,7.82,-0.03,21.43
7895,0.1537,-0.2211,0.8741,-6.29,7.8,-0.05,21.44
7905,0.1548,-0.2222,0.8666,-6.44,7.89,-0.09,21.44
7915,0.155,-0.2224,0.8678,-6.32,7.82,-0.05,21.44
7925,0.1554,-0.2223,0.8646,-6.15,7.74,-0.05,21.43
7935,0.1562,-0.2184,0.8655,-6.0,7.65,-0.14,21.44
7945,0.1554,-0.2178,0.8662,-5.83,7.69,-0.03,21.45
7955,0.1578,-0.2159,0.8699,-5.91,7.74,0.0,21.44
7965,0.1594,-0.2137,0.8665,-6.23,7.8,0.02,21.46
7975,0.1573,-0.2202,0.8601,-6.46,7.79,-0.11,21.45
7985,0.1593,-0.2214,0.866,-6.52,7.88,-0.2,21.45
7995,0.1569,-0.2203,0.8568,-6.24,7.74,-0.06,21.45
8005,0.1567,-0.2181,0.8542,-6.03,7.74,-0.02,21.46
8015,0.155,-0.2206,0.8591,-5.83,7.73,0.02,21.47
8025,0.1528,-0.2141,0.8643,-5.85,7.71,0.03,21.42
8035,0.152,-0.2139,0.8698,-5.98,7.73,-0.05,21.42
8045,0.1532,-0.2131,0.8677,-6.17,7.69,-0.14,21.47
8055,0.1547,-0.219,0.8718,-6.34,7.73,-0.14,21.46
8065,0.1539,-0.2206,0.8636,-6.5,7.82,-0.06,21.45
8075,0.1541,-0.2216,0.8589,-6.32,7.98,-0.05,21.45
8085,0.153,-0.2211,0.8663,-6.08,7.8,-0.05,21.46
8095,0.151,-0.2203,0.8661,-5.83,7.71,0.0,21.44
8105,0.152,-0.2184,0.8723,-5.94,7.56,0.02,21.45
8115,0.1526,-0.214,0.87,-5.91,7.6,-0.03,21.46
8125,0.1575,-0.2141,0.8718,-6.12,7.82,-0.03,21.46
8135,0.1543,-0.2157,0.8667,-6.32,7.97,0.0,21.46
8145,0.155,-0.2177,0.8676,-6.38,8.03,-0.05,21.48
8155,0.1569,-0.2198,0.8685,-6.18,7.91,-0.03,21.45
8165,0.1465,-0.2284,0.8734,-6.03,8.11,-0.09,21.47
8175,0.1079,-0.2178,0.9064,-6.14,10.03,-0.27,21.45
8185,0.1765,-0.2214,0.8496,-6.12,7.83,-0.38,21.45
8195,0.1746,-0.2168,0.8547,-6.02,7.34,-0.03,21.48
8205,0.1553,-0.214,0.8738,-6.11,7.79,0.0,21.47
8215,0.1467,-0.219,0.8806,-6.12,7.83,0.06,21.46
8225,0.1498,-0.2197,0.8761,-6.15,7.6,-0.08,21.44
8235,0.1588,-0.2219,0.8683,-6.21,7.57,-0.2,21.46
8245,0.1616,-0.2172,0.8618,-6.2,7.36,-0.09,21.45
8255,0.1715,-0.2203,0.8542,-6.2,7.45,-0.09,21.45
8265,0.1549,-0.2185,0.863,-6.12,7.8,-0.06,21.47
8276,0.1562,-0.2142,0.869,-5.95,7.85,-0.05,21.46
8286,0.1541,-0.2166,0.8673,-5.98,7.76,-0.02,21.48
8296,0.1512,-0.2202,0.8693,-6.08,7.73,-0.05,21.47
8306,0.1541,-0.2205,0.868,-6.15,7.63,-0.09,21.44
8316,0.1567,-0.2214,0.8618,-6.24,7.69,-0.15,21.47
8326,0.1575,-0.219,0.8613,-6.14,7.74,-0.06,21.46
8336,0.1562,-0.2145,0.8657,-5.92,7.8,-0.05,21.46
8346,0.1542,-0.215,0.8655,-5.83,7.76,-0.03,21.46
8356,0.1516,-0.2141,0.8687,-5.94,7.69,-0.06,21.49
8366,0.1542,-0.2144,0.8721,-6.0,7.76,-0.12,21.47
8376,0.1528,-0.2137,0.866,-6.18,7.57,-0.08,21.47
8386,0.1519,-0.2124,0.8666,-6.32,7.71,-0.09,21.47
8396,0.1521,-0.2119,0.8663,-6.38,7.71,-0.12,21.46
8406,0.1558,-0.2169,0.864,-6.24,7.94,-0.09,21.46
8416,0.1544,-0.2161,0.8621,-6.08,7.89,-0.02,21.46
8426,0.1473,-0.2189,0.8662,-6.03,7.89,-0.03,21.46
8436,0.1493,-0.2169,0.8704,-6.08,7.82,-0.03,21.47
8446,0.1499,-0.2179,0.8712,-6.38,7.69,-0.08,21.45
8456,0.1492,-0.2184,0.8639,-6.34,7.66,0.0,21.46
8466,0.1517,-0.225,0.8661,-6.21,7.82,-0.08,21.48
8476,0.1531,-0.2185,0.8607,-6.17,7.92,-0.05,21.46
8486,0.1542,-0.2211,0.8669,-6.08,7.88,-0.03,21.48
8496,0.1544,-0.2188,0.8693,-6.06,7.73,0.02,21.49
8506,0.1554,-0.2207,0.8678,-6.24,7.76,-0.06,21.48
8516,0.1558,-0.2218,0.869,-6.34,7.69,-0.06,21.46
8526,0.1599,-0.2196,0.8665,-6.38,7.77,0.03,21.46
8536,0.1544,-0.2207,0.8633,-6.32,7.88,-0.11,21.47
8546,0.1561,-0.2194,0.8657,-6.11,7.82,0.0,21.48
8556,0.1561,-0.2179,0.8673,-6.03,7.68,0.02,21.47
8566,0.1573,-0.2179,0.8689,-6.02,7.69,-0.03,21.46
8576,0.1556,-0.2152,0.8671,-6.05,7.71,0.03,21.45
8586,0.1514,-0.2168,0.8679,-6.18,7.82,-0.02,21.46
8596,0.1532,-0.213,0.8701,-6.31,7.91,0.02,21.48
8606,0.1517,-0.2159,0.8693,-6.29,7.94,-0.02,21.47
8616,0.1526,-0.2168,0.8691,-6.29,7.83,0.05,21.46
8626,0.1493,-0.2191,0.8666,-6.27,7.76,-0.06,21.45
8636,0.1519,-0.2223,0.8652,-6.4,7.76,0.0,21.47
8646,0.155,-0.2225,0.864,-6.37,7.86,-0.02,21.47
8656,0.157,-0.2264,0.8591,-6.2,7.92,-0.08,21.49
8666,0.1558,-0.2274,0.8643,-6.24,7.8,0.03,21.47
8676,0.1587,-0.2181,0.8644,-5.91,7.42,0.08,21.45
8686,0.1567,-0.2185,0.8711,-5.53,7.3,0.02,21.45
8696,0.1591,-0.2219,0.8751,-5.76,8.03,0.0,21.47
8706,0.1537,-0.2167,0.8752,-6.21,8.53,0.11,21.49
8716,0.1481,-0.2202,0.8745,-6.35,8.24,0.02,21.47
8726,0.1455,-0.2233,0.8748,-6.26,7.77,0.02,21.48
8736,0.1458,-0.2112,0.8657,-6.26,7.59,0.03,21.45
8746,0.1522,-0.2059,0.8628,-5.69,7.53,0.0,21.47
8756,0.1547,-0.2065,0.8636,-5.65,7.73,0.0,21.46
8766,0.1512,-0.2054,0.8698,-6.24,8.09,-0.08,21.47
8776,0.1493,-0.207,0.861,-6.67,7.91,-0.12,21.47
8786,0.1548,-0.2122,0.8562,-6.67,7.45,-0.17,21.46
8796,0.161,-0.2177,0.8533,-6.53,7.36,-0.27,21.44
8806,0.1632,-0.2186,0.8505,-6.37,7.6,-0.15,21.47
8816,0.1637,-0.2212,0.8613,-5.86,7.86,-0.08,21.51
8826,0.1641,-0.2231,0.8683,-5.98,8.08,-0.05,21.46
8836,0.1602,-0.2251,0.875,-6.17,7.91,-0.12,21.49
8846,0.162,-0.2228,0.8715,-6.17,7.48,-0.2,21.45
8856,0.1638,-0.2208,0.8733,-6.2,7.3,-0.2,21.47
8866,0.1609,-0.2206,0.8706,-6.15,7.65,0.0,21.48
8876,0.1573,-0.2131,0.8685,-5.89,8.05,0.06,21.49
8886,0.1494,-0.2094,0.8757,-5.76,8.11,0.06,21.48
8896,0.1475,-0.2081,0.8755,-5.95,7.89,-0.03,21.47
8906,0.1459,-0.2069,0.8724,-6.27,7.6,-0.12,21.49
8916,0.1492,-0.2131,0.8693,-6.43,7.44,-0.18,21.46
8926,0.1506,-0.2141,0.8623,-6.64,7.69,-0.21,21.49
8936,0.1504,-0.2159,0.858,-6.5,7.94,-0.12,21.47
8946,0.1511,-0.222,0.8552,-6.14,7.89,-0.09,21.48
8956,0.1525,-0.2197,0.8612,-5.95,7.65,-0.14,21.47
8966,0.1565,-0.22,0.8634,-5.98,7.36,-0.2,21.47
8976,0.158,-0.2207,0.8669,-6.08,7.39,-0.2,21.45
8986,0.1582,-0.2164,0.8691,-6.23,7.54,-0.15,21.45
8996,0.1575,-0.2196,0.8716,-6.32,7.79,-0.14,21.47
9006,0.1548,-0.2205,0.8687,-6.37,7.85,-0.06,21.48
9016,0.1544,-0.2189,0.871,-6.18,7.82,-0.06,21.5
9026,0.1567,-0.2192,0.8728,-6.11,7.74,-0.05,21.5
9036,0.1515,-0.2186,0.8693,-6.18,7.83,0.0,21.48
9046,0.1533,-0.2184,0.8676,-6.37,7.92,-0.02,21.47
9056,0.1506,-0.22,0.863,-6.49,8.05,-0.02,21.45
9066,0.1508,-0.2195,0.8645,-6.41,7.95,0.0,21.48
9076,0.1481,-0.2211,0.8572,-6.17,7.83,-0.05,21.49
9086,0.1497,-0.22,0.8602,-6.02,7.68,-0.06,21.45
9096,0.1521,-0.2203,0.8657,-6.02,7.69,-0.03,21.49
9106,0.1545,-0.2213,0.8623,-6.03,7.83,-0.05,21.47
9116,0.1541,-0.2185,0.8689,-6.08,7.82,0.05,21.49
9126,0.1516,-0.2219,0.8654,-6.17,7.79,0.02,21.46
9136,0.1539,-0.2209,0.866,-6.17,7.66,0.0,21.49
9146,0.1581,-0.2217,0.8655,-6.08,7.63,-0.09,21.48
9156,0.1575,-0.2216,0.866,-5.97,7.63,0.03,21.45
9166,0.1571,-0.2197,0.8657,-6.05,7.77,0.02,21.44
9176,0.1567,-0.218,0.8687,-6.03,7.85,0.05,21.48
9186,0.1567,-0.214,0.8696,-6.03,7.76,0.08,21.52
9196,0.1558,-0.2102,0.8687,-6.11,7.65,0.03,21.47
9206,0.1553,-0.2108,0.8712,-6.17,7.63,-0.14,21.47
9216,0.1541,-0.214,0.8696,-6.15,7.59,-0.05,21.51
9226,0.1593,-0.2123,0.8673,-6.15,7.66,-0.05,21.49
9236,0.1573,-0.2172,0.8735,-6.15,7.86,-0.09,21.48
9246,0.1577,-0.2191,0.8706,-6.05,8.05,-0.12,21.51
9256,0.1555,-0.2214,0.8694,-6.21,7.94,-0.05,21.48
9266,0.1584,-0.2198,0.8678,-6.38,7.76,-0.06,21.49
9276,0.1571,-0.2216,0.8619,-6.35,7.63,-0.18,21.51
9286,0.1562,-0.2236,0.8612,-6.26,7.65,-0.02,21.49
9296,0.1556,-0.2207,0.8608,-5.94,7.79,-0.05,21.48
9306,0.1519,-0.2169,0.8625,-5.79,7.95,0.08,21.47
9316,0.1505,-0.2156,0.8688,-5.85,7.97,0.02,21.49
9326,0.1467,-0.2146,0.8727,-6.12,7.77,-0.09,21.49
9336,0.1492,-0.2136,0.871,-6.26,7.59,-0.08,21.48
9346,0.1525,-0.2144,0.8668,-6.43,7.63,-0.12,21.49
9356,0.1526,-0.2186,0.8599,-6.4,7.74,-0.14,21.5
9366,0.155,-0.219,0.8599,-6.21,7.89,-0.05,21.47
9376,0.1531,-0.2186,0.8621,-6.05,7.89,0.02,21.49
9386,0.153,-0.2191,0.8683,-5.97,7.57,-0.06,21.49
9396,0.1561,-0.2216,0.8643,-5.98,7.48,-0.12,21.47
9406,0.1569,-0.2168,0.8646,-6.17,7.47,-0.18,21.49
9416,0.1545,-0.2151,0.8623,-6.15,7.62,-0.05,21.49
9426,0.1567,-0.2129,0.864,-6.08,7.94,-0.05,21.49
9436,0.1516,-0.2109,0.8658,-6.08,7.91,-0.05,21.47
9446,0.1538,-0.2109,0.8685,-5.92,7.88,-0.05,21.49
9456,0.1523,-0.2175,0.8674,-6.18,7.74,-0.06,21.48
9466,0.1555,-0.2186,0.8673,-6.55,7.63,-0.14,21.49
9476,0.1559,-0.2233,0.8676,-6.47,7.73,-0.11,21.49
9486,0.1558,-0.2222,0.8622,-6.32,7.95,0.02,21.48
9496,0.155,-0.2195,0.8676,-6.02,8.02,0.0,21.48
9506,0.1556,-0.2175,0.8647,-5.83,7.88,-0.03,21.47
9516,0.1527,-0.2179,0.8733,-5.94,7.6,-0.06,21.51
9526,0.1548,-0.2161,0.8696,-6.23,7.47,-0.09,21.47
9536,0.1553,-0.2163,0.8722,-6.38,7.59,-0.11,21.5
9546,0.1547,-0.2184,0.8693,-6.49,7.89,-0.12,21.47
9556,0.157,-0.2186,0.87,-6.4,7.97,-0.09,21.49
9566,0.1549,-0.2166,0.8656,-6.08,7.77,0.0,21.49
9576,0.1547,-0.2172,0.8654,-5.95,7.6,-0.06,21.5
9586,0.1571,-0.215,0.8621,-5.98,7.48,-0.06,21.48
9596,0.1592,-0.2168,0.8606,-6.24,7.69,-0.02,21.47
9606,0.158,-0.2164,0.8679,-6.41,7.97,-0.11,21.49
9616,0.1555,-0.2184,0.8618,-6.34,8.03,-0.05,21.49
9626,0.1512,-0.2212,0.8646,-6.32,7.97,-0.08,21.48
9636,0.1519,-0.2214,0.8619,-6.12,7.69,-0.09,21.48
9646,0.1543,-0.2217,0.8669,-6.14,7.69,0.0,21.47
9656,0.156,-0.2224,0.8691,-6.09,7.79,-0.08,21.49
9666,0.1543,-0.2225,0.8652,-6.12,8.02,0.03,21.49
9676,0.1533,-0.2183,0.8658,-6.15,8.0,0.06,21.47
9686,0.1522,-0.2216,0.8698,-6.15,7.82,0.03,21.49
9696,0.1528,-0.2163,0.8649,-6.03,7.65,-0.06,21.48
9706,0.1522,-0.2163,0.8662,-6.02,7.5,-0.09,21.49
9716,0.155,-0.2148,0.8713,-6.05,7.63,-0.08,21.49
9726,0.1554,-0.2133,0.8691,-6.23,7.74,-0.06,21.48
9736,0.1554,-0.2168,0.8708,-6.15,7.85,-0.08,21.5
9746,0.1534,-0.2151,0.8668,-6.21,7.86,-0.09,21.48
9756,0.1562,-0.2179,0.8645,-6.26,7.65,-0.06,21.49
9766,0.1572,-0.2194,0.8677,-6.24,7.65,-0.12,21.47
9776,0.1577,-0.2188,0.8673,-6.18,7.69,-0.08,21.5
9786,0.1598,-0.2201,0.8683,-6.06,7.82,0.0,21.49
9796,0.1562,-0.2222,0.8673,-6.06,7.8,-0.03,21.5
9806,0.155,-0.2161,0.8677,-6.06,7.83,-0.08,21.5
9816,0.1559,-0.2179,0.8713,-6.12,7.68,-0.05,21.49
9826,0.1562,-0.2202,0.8677,-6.24,7.66,-0.09,21.49
9836,0.157,-0.2172,0.8679,-6.27,7.71,-0.03,21.49
9846,0.1553,-0.2188,0.868,-6.23,7.89,-0.05,21.48
9856,0.1569,-0.2184,0.8656,-6.23,8.0,0.08,21.51
9866,0.1498,-0.2212,0.8679,-6.2,7.91,0.03,21.51
9876,0.1527,-0.2208,0.8634,-6.17,7.73,-0.06,21.49
9886,0.1514,-0.2175,0.8645,-6.11,7.71,-0.06,21.52
9896,0.1494,-0.2196,0.8655,-6.14,7.71,-0.11,21.51
9906,0.1532,-0.218,0.8647,-6.09,7.83,0.02,21.52
9916,0.1516,-0.2158,0.8663,-6.06,7.83,-0.05,21.51
9926,0.152,-0.2173,0.8705,-6.11,7.74,-0.06,21.49
9936,0.1511,-0.2211,0.8674,-6.11,7.62,0.02,21.52
9946,0.1531,-0.2186,0.8673,-6.09,7.63,0.02,21.49
9956,0.1572,-0.2159,0.8672,-6.17,7.76,-0.02,21.51
9966,0.1554,-0.215,0.8669,-6.14,7.86,0.0,21.5
9976,0.1526,-0.2181,0.8704,-6.15,7.91,-0.06,21.5
9986,0.1521,-0.2178,0.8677,-6.11,7.86,0.06,21.53
9996,0.1527,-0.2103,0.8669,-6.23,7.74,-0.03,21.52
10006,0.1505,-0.2142,0.8632,-6.21,7.57,-0.03,21.55
10016,0.1521,-0.2108,0.8661,-6.11,7.66,-0.02,21.5
10026,0.1512,-0.2114,0.866,-6.03,7.73,-0.05,21.5
10036,0.153,-0.2112,0.8678,-6.15,7.76,-0.06,21.48
10046,0.1591,-0.2139,0.8658,-6.23,7.76,-0.09,21.47
10056,0.1569,-0.2181,0.8694,-6.4,7.66,-0.09,21.53
10066,0.1589,-0.2227,0.8688,-6.38,7.76,-0.12,21.49
10076,0.1614,-0.2228,0.8641,-6.32,7.89,-0.17,21.48
10086,0.1566,-0.2249,0.869,-6.26,7.94,-0.09,21.51
10096,0.1581,-0.2238,0.8701,-6.08,7.94,-0.06,21.49
10106,0.1573,-0.2249,0.8716,-6.09,7.79,0.0,21.51
10116,0.1559,-0.2233,0.8715,-6.09,7.65,-0.09,21.5
10126,0.1569,-0.2212,0.866,-6.15,7.65,-0.09,21.51
10136,0.1545,-0.2191,0.8683,-6.18,7.68,-0.09,21.5
10146,0.1554,-0.2177,0.8613,-6.32,7.73,-0.03,21.51
10156,0.15,-0.2153,0.8593,-6.29,7.71,-0.05,21.49
10166,0.15,-0.2137,0.8633,-6.12,7.65,-0.08,21.51
10176,0.1519,-0.2151,0.8611,-6.21,7.71,-0.06,21.49
10186,0.1526,-0.2162,0.869,-6.2,7.82,-0.05,21.49
10196,0.1517,-0.2177,0.8663,-6.08,7.88,-0.08,21.5
10206,0.1532,-0.2214,0.8699,-6.11,7.85,-0.11,21.51
10216,0.1514,-0.2235,0.871,-6.18,7.66,-0.09,21.51
10226,0.1555,-0.2211,0.8693,-6.09,7.51,-0.03,21.54
10236,0.1553,-0.2246,0.8683,-5.98,7.63,-0.08,21.51
10246,0.1578,-0.2188,0.8713,-5.97,7.86,-0.02,21.52
10256,0.1527,-0.2198,0.8724,-6.09,7.94,-0.03,21.51
10266,0.1538,-0.2168,0.8713,-6.15,7.86,-0.03,21.52
10276,0.1537,-0.218,0.8678,-6.21,7.66,-0.06,21.51
10286,0.1549,-0.2161,0.8586,-6.18,7.5,-0.12,21.51
10301,0.1548,-0.2174,0.8639,-6.09,7.76,-0.06,21.52
10311,0.1571,-0.2157,0.8634,-6.09,7.89,-0.02,21.52
10321,0.1527,-0.2195,0.8639,-6.02,7.94,0.05,21.51
10331,0.1553,-0.2142,0.8677,-6.0,7.88,-0.02,21.5
10341,0.152,-0.2178,0.8707,-6.09,7.59,-0.02,21.54
10351,0.1542,-0.2185,0.8665,-6.15,7.6,-0.12,21.51
10361,0.1562,-0.2185,0.8673,-6.14,7.91,-0.09,21.5
10371,0.1572,-0.2227,0.8674,-6.23,8.05,-0.05,21.51
10381,0.1582,-0.222,0.866,-6.32,7.91,-0.11,21.52
10391,0.1565,-0.2251,0.866,-6.14,7.8,-0.03,21.52
10401,0.1561,-0.2225,0.8695,-6.08,7.76,-0.06,21.54
10411,0.1559,-0.2225,0.8689,-5.95,7.73,-0.03,21.53
10421,0.1555,-0.2191,0.8712,-5.94,7.76,0.03,21.52
10431,0.1538,-0.2135,0.8685,-6.08,7.74,-0.03,21.49
10441,0.1515,-0.215,0.8678,-6.02,7.6,-0.08,21.52
10451,0.1562,-0.2123,0.8657,-6.03,7.6,-0.11,21.53
10461,0.1522,-0.2124,0.8656,-6.14,7.63,-0.06,21.52
10471,0.1565,-0.2133,0.8635,-6.12,7.89,-0.05,21.53
10481,0.1548,-0.2141,0.8651,-6.15,8.11,-0.11,21.51
10491,0.1556,-0.2158,0.8704,-6.03,7.95,0.02,21.54
10501,0.1537,-0.2203,0.8683,-6.12,7.76,-0.09,21.52
10511,0.1547,-0.2184,0.8628,-6.17,7.5,-0.11,21.53
10521,0.1566,-0.2175,0.8643,-6.11,7.39,-0.12,21.49
10531,0.1577,-0.2173,0.8619,-6.17,7.74,-0.12,21.51
10541,0.153,-0.2158,0.8673,-6.14,8.11,0.0,21.51
10551,0.1532,-0.2169,0.8672,-6.09,8.06,-0.08,21.54
10561,0.1544,-0.2162,0.87,-6.14,7.83,-0.05,21.52
10571,0.152,-0.2167,0.8668,-6.31,7.57,-0.14,21.51
10581,0.1499,-0.2175,0.8689,-6.23,7.57,-0.06,21.51
10591,0.1517,-0.2133,0.8668,-6.23,7.66,0.02,21.49
10601,0.1526,-0.2178,0.8604,-6.14,7.85,-0.03,21.52
10611,0.1503,-0.2145,0.8635,-6.0,7.79,-0.03,21.52
10621,0.1528,-0.2146,0.8654,-6.03,7.6,-0.12,21.54
10631,0.1556,-0.2092,0.8669,-6.2,7.45,-0.11,21.51
10641,0.1598,-0.2146,0.8674,-6.38,7.6,-0.18,21.55
10651,0.162,-0.2167,0.8638,-6.47,7.85,-0.08,21.54
10661,0.1602,-0.22,0.8652,-6.4,8.05,-0.12,21.51
10671,0.1605,-0.228,0.8656,-6.29,8.03,-0.09,21.52
10681,0.1603,-0.2305,0.869,-6.17,7.77,-0.12,21.51
10691,0.1602,-0.2286,0.8676,-5.89,7.6,-0.09,21.52
10701,0.1613,-0.2264,0.8727,-5.77,7.51,-0.12,21.54
10711,0.1572,-0.2222,0.8732,-5.97,7.77,-0.03,21.53
10721,0.1547,-0.2184,0.8722,-6.03,7.95,0.08,21.49
10731,0.1512,-0.2175,0.8734,-6.02,8.0,-0.03,21.52
10741,0.1481,-0.2146,0.8727,-6.06,7.91,-0.03,21.53
10751,0.1497,-0.2134,0.8717,-5.95,7.68,-0.08,21.51
10761,0.1487,-0.2114,0.8685,-6.08,7.56,-0.12,21.54
10771,0.1503,-0.2141,0.868,-6.15,7.69,-0.09,21.53
10781,0.1522,-0.2146,0.8625,-6.29,7.79,-0.11,21.52
10791,0.1504,-0.2175,0.866,-6.15,7.97,-0.11,21.53
10801,0.146,-0.2192,0.8624,-6.27,7.82,-0.02,21.52
10811,0.151,-0.2195,0.858,-6.26,7.66,-0.02,21.52
10821,0.1504,-0.2195,0.8625,-6.08,7.57,0.0,21.52
10831,0.1525,-0.2185,0.8621,-5.97,7.77,0.0,21.52
10841,0.1493,-0.2177,0.8666,-6.17,7.98,-0.03,21.55
10851,0.1504,-0.2146,0.8694,-6.09,7.86,-0.03,21.54
10861,0.1488,-0.2145,0.868,-6.18,7.66,-0.05,21.53
10871,0.1505,-0.2144,0.8669,-6.27,7.44,-0.09,21.52
10881,0.1573,-0.2157,0.8676,-6.17,7.62,-0.06,21.53
10891,0.1575,-0.2172,0.8649,-6.23,7.74,-0.12,21.53
10901,0.1567,-0.2218,0.8667,-6.27,7.95,-0.03,21.51
10911,0.1562,-0.2185,0.8668,-6.34,7.91,-0.03,21.53
10921,0.157,-0.2183,0.8635,-6.23,7.77,-0.05,21.53
10931,0.157,-0.2186,0.8651,-6.14,7.59,-0.12,21.55
10941,0.1569,-0.2201,0.8634,-6.12,7.71,-0.09,21.53
10951,0.1595,-0.2196,0.8622,-5.97,7.8,-0.02,21.52
10961,0.1536,-0.2166,0.871,-5.86,7.79,-0.03,21.51
10971,0.1533,-0.2201,0.8723,-6.05,7.86,-0.03,21.52
10981,0.1519,-0.2166,0.8733,-6.18,7.74,-0.06,21.51
10991,0.1533,-0.218,0.8774,-6.2,7.73,-0.02,21.52
11001,0.1552,-0.2181,0.8662,-6.34,7.69,-0.11,21.54
11011,0.1548,-0.2194,0.868,-6.21,7.88,-0.05,21.55
11021,0.155,-0.2229,0.8663,-6.06,7.95,0.02,21.54
11031,0.1543,-0.2244,0.8724,-5.95,7.82,-0.03,21.53
11041,0.1539,-0.2192,0.8674,-6.09,7.74,-0.11,21.53
11051,0.1538,-0.2161,0.871,-6.17,7.65,-0.06,21.53
11061,0.1556,-0.2169,0.8641,-6.23,7.65,-0.02,21.53
11071,0.1531,-0.2163,0.869,-6.18,7.92,-0.02,21.52
11081,0.1558,-0.2136,0.8597,-6.12,7.95,-0.03,21.52
11091,0.1537,-0.2158,0.8689,-5.98,7.98,0.03,21.53
11101,0.1508,-0.2177,0.8674,-6.03,7.77,-0.03,21.52
11111,0.1505,-0.2174,0.8651,-6.02,7.65,-0.09,21.5
11121,0.1522,-0.2145,0.8682,-6.26,7.62,-0.06,21.53
11131,0.1553,-0.2141,0.8628,-6.29,7.73,-0.08,21.55
11141,0.1543,-0.2158,0.8615,-6.32,7.92,-0.08,21.52
11151,0.1543,-0.218,0.8606,-6.17,7.95,0.03,21.54
11161,0.1555,-0.2173,0.8583,-6.14,7.88,-0.05,21.52
11171,0.1537,-0.217,0.8684,-6.14,7.71,-0.08,21.53
11181,0.1527,-0.2173,0.866,-6.18,7.65,-0.08,21.52
11191,0.1558,-0.2174,0.8625,-6.18,7.69,-0.11,21.54
11201,0.1571,-0.217,0.8644,-6.29,7.82,-0.08,21.54
11211,0.1584,-0.2217,0.8644,-6.17,7.92,0.0,21.54
11221,0.1581,-0.2208,0.8641,-6.14,7.83,-0.06,21.53
11231,0.1528,-0.2206,0.8654,-6.11,7.68,-0.02,21.52
11241,0.1536,-0.2197,0.866,-6.09,7.56,-0.08,21.53
11251,0.1577,-0.2174,0.8624,-6.06,7.63,-0.08,21.54
11261,0.1562,-0.2178,0.8656,-6.09,7.85,0.0,21.54
11271,0.1517,-0.2192,0.8723,-6.05,7.94,-0.06,21.52
11281,0.1516,-0.2159,0.8751,-6.06,7.88,-0.09,21.52
11291,0.1522,-0.217,0.8708,-6.12,7.68,-0.05,21.53
11301,0.153,-0.2159,0.8673,-6.31,7.5,-0.12,21.52
11311,0.1561,-0.217,0.8656,-6.31,7.63,-0.06,21.52
11321,0.1575,-0.2186,0.8674,-6.31,7.91,0.02,21.53
11331,0.1572,-0.2178,0.8665,-6.18,8.08,-0.03,21.53
11341,0.1525,-0.2212,0.8704,-6.08,7.94,0.05,21.51
11351,0.1539,-0.2179,0.8726,-5.97,7.68,-0.02,21.57
11361,0.1533,-0.22,0.8766,-6.06,7.57,-0.15,21.56
11371,0.1565,-0.2178,0.8718,-6.15,7.62,-0.08,21.53
11381,0.1558,-0.2191,0.8712,-6.24,7.83,-0.08,21.52
11391,0.1558,-0.217,0.8652,-6.34,7.92,-0.09,21.52
11401,0.1522,-0.2198,0.8645,-6.21,7.88,-0.03,21.54
11411,0.1493,-0.219,0.8638,-6.08,7.66,-0.11,21.54
11421,0.1505,-0.2173,0.8673,-6.0,7.57,-0.11,21.55
11431,0.1539,-0.218,0.8643,-5.98,7.63,-0.15,21.54
11441,0.1538,-0.2162,0.8677,-6.11,7.82,-0.03,21.54
11451,0.1544,-0.2169,0.8663,-6.23,7.88,-0.02,21.55
11461,0.1521,-0.2155,0.865,-6.34,7.92,-0.14,21.54
11471,0.1549,-0.214,0.8644,-6.27,7.77,-0.05,21.54
11481,0.1558,-0.2178,0.8689,-6.18,7.71,0.03,21.53
11491,0.1534,-0.2178,0.865,-6.03,7.77,-0.03,21.53
11501,0.1521,-0.2178,0.8722,-6.12,7.86,0.0,21.54
11511,0.1549,-0.2133,0.8663,-6.11,7.88,0.0,21.52
11521,0.1528,-0.2173,0.8644,-6.24,7.82,-0.06,21.52
11531,0.1533,-0.2164,0.8665,-6.29,7.69,-0.05,21.52
11541,0.1547,-0.2178,0.8657,-6.2,7.74,-0.05,21.52
11551,0.1556,-0.2167,0.8635,-6.18,7.88,-0.08,21.52
11561,0.1562,-0.2189,0.8706,-6.02,7.85,0.02,21.54
11571,0.1565,-0.218,0.8713,-6.12,7.86,-0.02,21.53
11581,0.1521,-0.2192,0.8682,-6.15,7.73,0.0,21.53
11591,0.1532,-0.2189,0.8715,-6.26,7.71,-0.02,21.53
11601,0.1544,-0.2186,0.8707,-6.26,7.69,-0.06,21.54
11611,0.1567,-0.218,0.8645,-6.27,7.74,-0.05,21.54
11621,0.1572,-0.2167,0.8679,-6.18,7.73,-0.06,21.57
11631,0.1556,-0.2188,0.8668,-6.23,7.71,-0.08,21.52
11641,0.1544,-0.2191,0.8678,-6.09,7.79,-0.11,21.53
11651,0.1548,-0.218,0.8661,-6.05,7.77,-0.08,21.53
11661,0.1549,-0.2177,0.8727,-6.05,7.68,-0.03,21.54
11671,0.1567,-0.2181,0.8766,-6.15,7.66,-0.08,21.56
11681,0.1572,-0.2157,0.8695,-6.23,7.69,-0.08,21.55
11691,0.1562,-0.2169,0.8669,-6.2,7.77,-0.09,21.53
11701,0.1552,-0.2179,0.8643,-6.23,7.92,-0.02,21.55
11711,0.1566,-0.2179,0.8632,-6.23,7.95,-0.03,21.53
11721,0.1537,-0.2146,0.8652,-6.15,7.76,-0.06,21.55
11731,0.1523,-0.2202,0.8654,-6.17,7.73,-0.02,21.54
11741,0.1528,-0.2172,0.8663,-6.08,7.71,-0.12,21.54
11751,0.1528,-0.215,0.8668,-6.21,7.74,-0.14,21.55
11761,0.1541,-0.217,0.864,-6.2,7.8,-0.12,21.56
11771,0.1552,-0.2205,0.866,-6.2,7.79,-0.05,21.56
11781,0.1547,-0.2156,0.8676,-6.15,7.82,-0.02,21.53
11791,0.1539,-0.2206,0.8658,-6.18,7.73,0.0,21.55
11801,0.1561,-0.217,0.8678,-6.23,7.65,-0.08,21.54
11811,0.1566,-0.2161,0.8615,-6.14,7.65,-0.09,21.54
11821,0.1569,-0.2178,0.8645,-6.11,7.79,-0.09,21.55
11831,0.1578,-0.2167,0.8679,-6.08,7.82,-0.05,21.54
11841,0.1565,-0.2147,0.8674,-6.05,7.82,0.03,21.55
11851,0.1532,-0.2163,0.8669,-6.05,7.74,-0.03,21.53
11861,0.1562,-0.2162,0.8673,-6.02,7.77,-0.06,21.53
11871,0.1554,-0.2152,0.87,-6.18,7.74,-0.09,21.57
11881,0.1517,-0.2179,0.8682,-6.17,7.82,-0.08,21.54
11891,0.1558,-0.2163,0.8674,-6.27,7.82,-0.02,21.54
11901,0.1497,-0.2144,0.8689,-6.23,7.92,-0.03,21.54
11911,0.1495,-0.2158,0.8696,-6.23,7.97,-0.06,21.55
11921,0.1476,-0.2164,0.8728,-6.21,7.86,0.02,21.52
11931,0.1508,-0.219,0.8733,-6.18,7.79,-0.12,21.54
11941,0.1501,-0.2208,0.8693,-6.27,7.68,-0.08,21.54
11951,0.1528,-0.2191,0.8654,-6.29,7.65,-0.17,21.55
11961,0.1517,-0.2209,0.8671,-6.2,7.68,-0.17,21.56
11971,0.1544,-0.2217,0.8636,-6.09,7.68,-0.05,21.55
11981,0.1555,-0.2233,0.8611,-6.05,7.68,-0.09,21.55
11991,0.1562,-0.2228,0.8622,-5.89,7.57,-0.05,21.58
12001,0.1636,-0.2211,0.8734,-5.83,7.59,-0.06,21.55
12011,0.165,-0.2211,0.8746,-5.77,7.6,-0.08,21.52
12021,0.1626,-0.2201,0.8828,-5.94,7.73,-0.02,21.52
12031,0.1632,-0.2158,0.881,-6.34,7.86,0.02,21.56
12041,0.156,-0.214,0.8699,-6.75,8.08,0.03,21.54
12051,0.1489,-0.2161,0.8618,-6.85,8.09,-0.02,21.56
12061,0.1456,-0.2136,0.8503,-6.6,8.03,-0.08,21.56
12071,0.1455,-0.2125,0.8523,-6.05,7.82,-0.03,21.57
12081,0.1477,-0.2168,0.8533,-5.74,7.62,-0.08,21.57
12091,0.153,-0.2183,0.8635,-5.68,7.39,-0.08,21.55
12101,0.1558,-0.2136,0.8699,-5.94,7.4,-0.12,21.53
12111,0.1556,-0.2155,0.8655,-6.31,7.62,-0.12,21.54
12121,0.1572,-0.215,0.8655,-6.5,7.97,-0.05,21.54
12131,0.1571,-0.2183,0.8616,-6.4,8.14,0.05,21.56
12141,0.1512,-0.2214,0.8705,-6.09,8.11,0.02,21.55
12151,0.152,-0.2231,0.8735,-5.97,7.77,0.02,21.55
12161,0.1538,-0.2194,0.8728,-5.88,7.6,-0.11,21.55
12171,0.1576,-0.2207,0.8773,-6.17,7.51,-0.15,21.56
12181,0.1571,-0.223,0.8757,-6.46,7.69,-0.12,21.55
12191,0.1558,-0.2229,0.8667,-6.61,7.95,0.02,21.57
12201,0.1539,-0.2177,0.8617,-6.43,7.98,-0.06,21.57
12211,0.1555,-0.2173,0.8586,-6.23,7.88,-0.06,21.55
12221,0.1528,-0.2197,0.8572,-5.92,7.66,-0.02,21.55
12231,0.1514,-0.2175,0.8612,-5.79,7.56,-0.03,21.55
12241,0.1527,-0.2173,0.863,-5.91,7.59,-0.06,21.55
12251,0.1539,-0.2128,0.8706,-6.11,7.69,-0.05,21.56
12261,0.1543,-0.2134,0.8693,-6.2,7.74,-0.02,21.56
12271,0.1561,-0.2146,0.8719,-6.21,7.8,-0.05,21.57
12281,0.1572,-0.217,0.8744,-6.09,7.74,-0.03,21.56
12291,0.1533,-0.2159,0.8751,-6.15,7.76,0.0,21.54
12301,0.156,-0.2164,0.8718,-6.26,7.86,-0.03,21.54
12311,0.1553,-0.2144,0.874,-6.21,7.86,-0.05,21.55
12321,0.1562,-0.2177,0.8691,-6.4,7.89,-0.05,21.55
12331,0.1549,-0.2178,0.8651,-6.46,7.79,-0.08,21.55
12341,0.1565,-0.2206,0.8607,-6.29,7.69,-0.09,21.53
12351,0.1553,-0.2168,0.8616,-6.17,7.77,-0.05,21.54
12361,0.1569,-0.2183,0.8595,-6.06,7.71,-0.08,21.55
12371,0.1539,-0.2177,0.8597,-6.09,7.8,-0.06,21.57
12381,0.1553,-0.2169,0.8684,-6.12,7.74,-0.05,21.56
12391,0.1544,-0.2178,0.8678,-6.14,7.68,-0.06,21.56
12401,0.156,-0.2177,0.8682,-6.14,7.63,-0.06,21.53
12411,0.1558,-0.2195,0.8668,-6.15,7.77,-0.08,21.54
12421,0.1541,-0.2162,0.8677,-6.12,7.73,-0.08,21.56
12431,0.1542,-0.2184,0.8683,-6.06,7.77,0.02,21.57
12441,0.1532,-0.2189,0.8663,-6.21,7.8,0.05,21.56
12451,0.1541,-0.2173,0.8691,-6.11,7.83,-0.03,21.57
12461,0.1538,-0.2157,0.8688,-6.37,7.73,-0.08,21.55
12471,0.1548,-0.2168,0.8647,-6.27,7.73,-0.08,21.54
12481,0.1539,-0.2173,0.8641,-6.27,7.69,-0.06,21.54
12491,0.1519,-0.2172,0.8621,-6.18,7.76,-0.02,21.57
12501,0.1537,-0.2196,0.8625,-6.14,7.88,-0.06,21.56
12511,0.1541,-0.2189,0.8646,-6.03,7.77,-0.05,21.59
12521,0.155,-0.217,0.8682,-6.05,7.74,-0.08,21.55
12531,0.1542,-0.2195,0.8677,-6.14,7.66,-0.09,21.54
12541,0.1544,-0.2181,0.8671,-6.26,7.66,-0.08,21.55
12551,0.1558,-0.2188,0.8679,-6.18,7.71,-0.11,21.57
12561,0.1572,-0.2185,0.8694,-6.15,7.83,-0.12,21.56
12571,0.1561,-0.2186,0.8723,-6.12,7.76,-0.02,21.55
12581,0.1541,-0.2189,0.8707,-6.17,7.76,-0.09,21.56
12591,0.157,-0.2174,0.8683,-6.23,7.73,-0.03,21.55
12601,0.1572,-0.2185,0.8691,-6.23,7.74,-0.06,21.54
12611,0.1592,-0.2197,0.865,-6.15,7.83,-0.05,21.57
12621,0.1528,-0.2178,0.869,-6.2,7.97,-0.11,21.55
12631,0.155,-0.2173,0.866,-6.14,7.94,-0.03,21.56
12641,0.1519,-0.2206,0.8689,-6.12,7.88,-0.06,21.55
12651,0.153,-0.2151,0.8693,-6.17,7.76,-0.06,21.56
12661,0.1523,-0.2185,0.8673,-6.14,7.66,-0.05,21.54
12671,0.1523,-0.2179,0.8688,-6.29,7.73,-0.11,21.54
12681,0.1572,-0.2163,0.8687,-6.23,7.8,-0.08,21.54
12691,0.1548,-0.2211,0.8619,-6.18,7.8,-0.11,21.58
12701,0.1544,-0.2191,0.8654,-6.15,7.79,-0.06,21.55
12711,0.1531,-0.2205,0.8665,-6.17,7.69,-0.12,21.56
12721,0.1536,-0.2153,0.8688,-6.09,7.66,-0.14,21.54
12731,0.1562,-0.2178,0.8665,-6.09,7.71,-0.08,21.56
12741,0.1533,-0.2179,0.8683,-6.12,7.8,-0.06,21.58
12751,0.153,-0.2168,0.8622,-6.06,7.83,0.05,21.57
12761,0.1509,-0.2158,0.8662,-6.17,7.8,0.05,21.55
12771,0.1514,-0.217,0.8684,-6.09,7.71,-0.11,21.56
12781,0.1532,-0.2191,0.8705,-6.09,7.74,-0.09,21.57
12791,0.1525,-0.2173,0.8682,-6.12,7.74,-0.08,21.54
12801,0.1553,-0.2175,0.8663,-6.18,7.74,-0.05,21.54
12811,0.1554,-0.2173,0.8721,-6.12,7.83,-0.05,21.55
12821,0.1547,-0.2178,0.8666,-6.26,7.77,-0.05,21.59
12831,0.1554,-0.2194,0.8673,-6.08,7.77,-0.02,21.56
12841,0.1532,-0.219,0.8654,-6.18,7.79,0.02,21.57
12851,0.1547,-0.2202,0.8655,-6.08,7.8,-0.09,21.56
12861,0.156,-0.2166,0.865,-6.11,7.76,-0.05,21.54
12871,0.1562,-0.2185,0.8695,-6.14,7.76,-0.08,21.55
12881,0.1547,-0.2164,0.8661,-6.14,7.74,-0.08,21.59
12891,0.1575,-0.2174,0.8711,-6.2,7.77,0.03,21.6
12901,0.1554,-0.2175,0.8695,-6.24,7.79,-0.11,21.57
12911,0.1554,-0.2191,0.868,-6.2,7.85,-0.08,21.57
12921,0.1545,-0.2185,0.8666,-6.14,7.79,-0.05,21.57
12931,0.1508,-0.2169,0.8683,-6.12,7.8,-0.08,21.59
12941,0.156,-0.2208,0.8701,-6.14,7.74,-0.02,21.56
12951,0.1521,-0.2174,0.8696,-6.17,7.74,-0.06,21.6
12961,0.1534,-0.2164,0.8685,-6.15,7.63,-0.03,21.58
12971,0.1547,-0.2161,0.865,-6.2,7.74,-0.08,21.57
12981,0.1536,-0.2197,0.8644,-6.09,7.76,-0.09,21.57
12991,0.1537,-0.218,0.8672,-6.21,7.76,-0.11,21.55
13001,0.1542,-0.2183,0.8658,-6.15,7.76,-0.11,21.57
13011,0.1534,-0.217,0.8671,-6.21,7.8,0.0,21.58
13021,0.1542,-0.2183,0.8667,-6.2,7.77,-0.05,21.54
13031,0.1534,-0.2192,0.8689,-6.15,7.76,-0.11,21.56
13041,0.1558,-0.2152,0.8657,-6.21,7.74,0.0,21.57
13051,0.1545,-0.2201,0.8715,-6.17,7.65,-0.06,21.61
13061,0.1539,-0.2191,0.8669,-6.12,7.77,-0.03,21.57
13071,0.1539,-0.2181,0.8712,-6.12,7.76,-0.11,21.59
13081,0.1562,-0.2184,0.8621,-6.17,7.71,-0.06,21.58
13091,0.1514,-0.2196,0.8633,-6.24,7.77,-0.09,21.57
13101,0.1537,-0.2186,0.8713,-6.14,7.74,0.02,21.55
13111,0.1536,-0.217,0.8646,-6.23,7.71,-0.05,21.55
13121,0.1567,-0.2167,0.863,-6.08,7.68,-0.02,21.57
13131,0.157,-0.2177,0.8666,-6.23,7.74,-0.02,21.55
13141,0.1536,-0.2186,0.8679,-6.27,7.77,-0.08,21.56
13151,0.1541,-0.2201,0.8654,-6.08,7.76,-0.06,21.59
13161,0.1536,-0.2188,0.8705,-6.14,7.74,-0.06,21.57
13171,0.153,-0.2185,0.8678,-6.17,7.74,-0.08,21.55
13181,0.1528,-0.2178,0.8682,-6.2,7.68,-0.08,21.56
13191,0.1545,-0.22,0.8695,-6.2,7.79,-0.03,21.53
13201,0.1547,-0.2185,0.8706,-6.21,7.82,-0.08,21.56
13211,0.1514,-0.218,0.863,-6.12,7.82,-0.06,21.57
13221,0.1553,-0.2168,0.8644,-6.23,7.8,-0.11,21.57
13231,0.1534,-0.218,0.8656,-6.15,7.69,-0.09,21.55
13241,0.1561,-0.2162,0.8624,-6.18,7.68,-0.02,21.56
13251,0.1522,-0.2222,0.864,-6.15,7.73,0.03,21.57
13261,0.1555,-0.2174,0.8663,-6.23,7.77,-0.05,21.58
13271,0.1549,-0.2159,0.8695,-6.2,7.76,-0.05,21.57
13281,0.1547,-0.2201,0.8662,-6.17,7.76,-0.03,21.54
13291,0.1539,-0.2175,0.8687,-6.15,7.74,-0.08,21.58
13301,0.1527,-0.2194,0.864,-6.12,7.68,-0.05,21.59
13311,0.1549,-0.2168,0.8689,-6.17,7.77,-0.08,21.58
13321,0.1558,-0.2163,0.8696,-6.08,7.73,-0.11,21.58
13331,0.1561,-0.2183,0.8661,-6.2,7.73,-0.02,21.57
13341,0.1558,-0.2173,0.8657,-6.15,7.73,-0.05,21.56
13351,0.1531,-0.2167,0.8699,-6.12,7.71,-0.03,21.57
13361,0.1508,-0.2183,0.8669,-6.14,7.73,-0.05,21.56
13371,0.153,-0.2183,0.8691,-6.12,7.83,0.05,21.57
13381,0.1545,-0.2148,0.8673,-6.18,7.74,-0.03,21.56
13391,0.1575,-0.2151,0.8657,-6.17,7.82,-0.06,21.57
13401,0.1553,-0.2177,0.8683,-6.23,7.83,-0.09,21.57
13411,0.1521,-0.217,0.8641,-6.14,7.77,-0.03,21.55
13421,0.155,-0.2158,0.8646,-6.18,7.73,-0.06,21.56
13431,0.1538,-0.2178,0.8672,-6.17,7.8,-0.12,21.57
13441,0.1544,-0.2142,0.8694,-6.12,7.79,-0.05,21.57
13451,0.1572,-0.2164,0.8663,-6.12,7.79,0.05,21.57
13461,0.1548,-0.2145,0.8677,-6.17,7.77,0.0,21.56
13471,0.1532,-0.2167,0.8671,-6.2,7.74,-0.09,21.55
13481,0.1554,-0.2169,0.8639,-6.18,7.71,-0.09,21.58
13491,0.1552,-0.2201,0.8654,-6.23,7.68,-0.05,21.56
13501,0.1515,-0.2179,0.865,-6.15,7.74,0.0,21.57
13511,0.1549,-0.2158,0.8677,-6.08,7.66,-0.09,21.56
13521,0.1565,-0.2169,0.8689,-6.08,7.65,-0.03,21.56
13531,0.1543,-0.2156,0.8677,-6.24,7.66,-0.05,21.59
13541,0.1528,-0.2157,0.8699,-6.18,7.79,-0.06,21.57
13551,0.1549,-0.2206,0.866,-6.24,7.83,-0.02,21.57
13561,0.1545,-0.2189,0.8655,-6.17,7.83,0.0,21.57
13571,0.1519,-0.2163,0.8621,-6.15,7.74,-0.03,21.57
13581,0.1547,-0.2179,0.8655,-6.12,7.73,0.0,21.58
13591,0.1526,-0.2188,0.8677,-6.08,7.79,-0.11,21.56
13601,0.1559,-0.2181,0.8689,-6.15,7.79,-0.05,21.56
13611,0.1542,-0.2162,0.8684,-6.17,7.8,-0.11,21.57
13621,0.1542,-0.2168,0.8716,-6.2,7.85,-0.05,21.57
13631,0.1527,-0.2202,0.866,-6.2,7.77,-0.02,21.55
13641,0.1531,-0.2192,0.8663,-6.17,7.63,-0.06,21.57
13651,0.1566,-0.2161,0.8668,-6.12,7.68,-0.06,21.56
13661,0.1536,-0.2169,0.8665,-5.98,7.76,-0.05,21.57
13671,0.1562,-0.2164,0.8678,-6.12,7.79,-0.06,21.61
13681,0.1576,-0.2174,0.8668,-6.11,7.76,-0.03,21.59
13691,0.1538,-0.2189,0.8696,-6.11,7.77,-0.12,21.56
13701,0.1526,-0.2172,0.8699,-6.06,7.77,-0.08,21.57
13711,0.1539,-0.2177,0.8676,-6.18,7.77,-0.08,21.57
13721,0.1542,-0.2173,0.8683,-6.15,7.85,-0.06,21.58
13731,0.1544,-0.2161,0.8724,-6.15,7.83,-0.02,21.58
13741,0.1536,-0.2186,0.8663,-6.15,7.8,-0.05,21.57
13751,0.1532,-0.2189,0.863,-6.23,7.76,-0.03,21.59
13761,0.1544,-0.2179,0.8649,-6.15,7.63,-0.14,21.59
13771,0.1555,-0.2189,0.8671,-6.18,7.66,-0.09,21.59
13781,0.1531,-0.2191,0.871,-6.17,7.79,-0.03,21.57
13791,0.1544,-0.2175,0.8691,-6.21,7.74,-0.06,21.59
13801,0.1548,-0.2174,0.8647,-6.23,7.77,-0.14,21.57
13811,0.1555,-0.2135,0.8672,-6.14,7.79,-0.05,21.55
13821,0.1548,-0.2163,0.8682,-6.26,7.76,-0.08,21.59
13831,0.1533,-0.2167,0.8665,-6.24,7.76,-0.06,21.58
13841,0.1543,-0.2156,0.866,-6.15,7.86,-0.11,21.58
13851,0.1542,-0.2152,0.8649,-6.17,7.74,-0.12,21.58
13861,0.1558,-0.219,0.8652,-6.15,7.77,-0.09,21.57
13871,0.1537,-0.2173,0.8708,-6.12,7.77,-0.02,21.58
13881,0.1554,-0.2191,0.8711,-6.2,7.74,-0.06,21.59
13891,0.1553,-0.2202,0.8666,-6.2,7.77,-0.03,21.59
13901,0.1554,-0.2195,0.8656,-6.2,7.8,-0.03,21.58
13911,0.1581,-0.2181,0.8629,-6.18,7.8,-0.03,21.59
13921,0.1533,-0.2205,0.8676,-6.14,7.8,-0.05,21.58
13931,0.155,-0.2157,0.8715,-6.12,7.68,-0.15,21.6
13941,0.1578,-0.2184,0.8647,-6.08,7.69,-0.05,21.6
13951,0.1561,-0.2163,0.8641,-6.21,7.71,-0.09,21.59
13961,0.1553,-0.217,0.8672,-6.14,7.76,-0.08,21.55
13971,0.1567,-0.2172,0.87,-6.09,7.82,-0.11,21.57
13981,0.1548,-0.2228,0.8713,-6.2,7.76,-0.05,21.56
13991,0.1543,-0.2159,0.8687,-6.23,7.76,-0.06,21.6
14001,0.1512,-0.2174,0.8671,-6.17,7.82,-0.05,21.59
14011,0.1549,-0.2169,0.8657,-6.24,7.77,-0.05,21.59
14021,0.1575,-0.2188,0.8685,-6.11,7.76,-0.05,21.59
14031,0.1539,-0.2181,0.8695,-6.11,7.74,-0.03,21.59
14041,0.1558,-0.2208,0.8707,-6.12,7.73,-0.03,21.59
14051,0.1525,-0.2188,0.8689,-6.18,7.73,-0.06,21.55
14061,0.1537,-0.2188,0.865,-6.2,7.74,-0.05,21.58
14071,0.1558,-0.2169,0.8665,-6.24,7.8,-0.09,21.59
14081,0.1526,-0.2177,0.868,-6.18,7.83,0.0,21.57
14091,0.1553,-0.2166,0.8677,-6.2,7.82,-0.09,21.59
14101,0.1555,-0.2177,0.8672,-6.15,7.77,-0.06,21.59
14111,0.1536,-0.2144,0.8679,-6.09,7.69,-0.05,21.57
14121,0.1552,-0.2178,0.8677,-6.12,7.73,-0.12,21.57
14131,0.1537,-0.2175,0.8645,-6.17,7.69,-0.05,21.62
14141,0.155,-0.219,0.8701,-6.14,7.76,0.0,21.59
14151,0.1538,-0.2168,0.8689,-6.24,7.69,0.02,21.58
14161,0.1559,-0.2207,0.8683,-6.26,7.79,-0.05,21.61
14171,0.1561,-0.2169,0.8667,-6.18,7.73,-0.09,21.58
14181,0.1541,-0.2147,0.8651,-6.12,7.66,0.0,21.58
14191,0.1528,-0.2185,0.8667,-6.15,7.74,-0.03,21.59
14201,0.1547,-0.218,0.8674,-6.18,7.8,-0.02,21.57
14211,0.153,-0.2183,0.8673,-6.23,7.79,-0.05,21.58
14221,0.1543,-0.2184,0.8698,-6.11,7.8,-0.05,21.58
14231,0.1528,-0.2151,0.8678,-6.12,7.69,-0.08,21.6
14241,0.1547,-0.2177,0.8658,-6.15,7.73,-0.05,21.59
14251,0.1548,-0.2194,0.8663,-6.09,7.71,-0.11,21.6
14261,0.1525,-0.2168,0.8693,-6.21,7.8,-0.14,21.58
14271,0.1523,-0.2155,0.8673,-6.2,7.82,-0.11,21.6
14281,0.1541,-0.2161,0.8677,-6.12,7.83,-0.03,21.58
14292,0.1545,-0.2152,0.873,-6.17,7.73,-0.14,21.59
14302,0.1554,-0.2169,0.8672,-6.15,7.69,-0.12,21.6
14312,0.1548,-0.2161,0.8641,-6.12,7.68,-0.03,21.6
14322,0.1559,-0.2168,0.8647,-6.17,7.71,-0.06,21.58
14332,0.1555,-0.218,0.8672,-6.15,7.85,0.02,21.6
14342,0.1538,-0.2197,0.8677,-6.2,7.82,-0.03,21.59
14352,0.1559,-0.2164,0.8667,-6.17,7.76,-0.08,21.57
14362,0.1522,-0.2155,0.8687,-6.18,7.77,-0.05,21.58
14372,0.1544,-0.2168,0.8693,-6.12,7.77,0.0,21.61
14382,0.157,-0.2201,0.8687,-6.03,7.71,0.0,21.59
14392,0.1558,-0.219,0.8666,-6.14,7.83,-0.05,21.6
14402,0.1517,-0.2185,0.8677,-6.17,7.8,-0.03,21.61
14412,0.1541,-0.2168,0.8701,-6.29,7.66,-0.09,21.58
14422,0.1543,-0.2196,0.863,-6.17,7.65,-0.09,21.58
14432,0.155,-0.2205,0.8625,-6.24,7.63,-0.06,21.6
14442,0.156,-0.2179,0.8683,-6.18,7.74,0.0,21.56
14452,0.1536,-0.2161,0.8652,-6.09,7.77,-0.03,21.59
14462,0.1541,-0.2174,0.8698,-6.12,7.8,-0.08,21.59
14472,0.1552,-0.2159,0.8636,-6.12,7.8,-0.06,21.57
14482,0.1541,-0.2184,0.8687,-6.15,7.8,0.0,21.59
14492,0.156,-0.213,0.8645,-6.17,7.73,-0.14,21.56
14502,0.1554,-0.217,0.8624,-6.12,7.68,-0.02,21.62
14512,0.1522,-0.2166,0.8656,-6.2,7.74,-0.02,21.58
14522,0.1542,-0.2175,0.8671,-6.17,7.82,-0.05,21.58
14532,0.1536,-0.2161,0.8654,-6.17,7.77,-0.06,21.57
14542,0.1544,-0.2213,0.8708,-6.09,7.73,-0.06,21.6
14552,0.1543,-0.2158,0.8702,-6.21,7.76,-0.05,21.6
14562,0.1549,-0.2173,0.8655,-6.26,7.8,-0.02,21.58
14572,0.1548,-0.2166,0.8649,-6.17,7.82,-0.05,21.59
14582,0.1523,-0.2173,0.8667,-6.17,7.79,-0.08,21.61
14593,0.1523,-0.2175,0.8718,-6.11,7.71,-0.05,21.59
14603,0.1528,-0.2179,0.864,-6.05,7.74,-0.05,21.6
14613,0.1549,-0.2192,0.8676,-6.08,7.74,-0.09,21.58
14623,0.1553,-0.2188,0.869,-6.17,7.77,-0.02,21.59
14633,0.1548,-0.2167,0.869,-6.23,7.77,-0.11,21.58
14643,0.1565,-0.2181,0.8668,-6.2,7.85,-0.08,21.57
14653,0.1547,-0.2169,0.8621,-6.18,7.85,-0.03,21.59
14663,0.1548,-0.2166,0.8639,-6.11,7.79,-0.09,21.6
14673,0.1566,-0.2166,0.8683,-6.11,7.66,-0.08,21.58
14683,0.1555,-0.2188,0.8668,-6.18,7.76,-0.06,21.6
14693,0.1539,-0.2137,0.8674,-6.26,7.76,-0.08,21.59
14703,0.1534,-0.2203,0.8641,-6.2,7.8,-0.03,21.59
14713,0.1549,-0.2172,0.868,-6.2,7.8,-0.03,21.58
14723,0.1544,-0.2188,0.8689,-6.14,7.8,-0.09,21.59
14733,0.1549,-0.2178,0.865,-6.11,7.71,-0.08,21.58
14743,0.1548,-0.2178,0.8649,-6.06,7.69,-0.09,21.59
14753,0.1577,-0.2164,0.8694,-6.17,7.73,-0.11,21.59
14763,0.1536,-0.2201,0.8649,-6.21,7.74,0.0,21.59
14773,0.1552,-0.2164,0.8662,-6.2,7.82,-0.06,21.59
14783,0.1533,-0.2139,0.8672,-6.17,7.85,0.0,21.59
14793,0.1536,-0.2178,0.8649,-6.18,7.77,-0.09,21.59
14803,0.1554,-0.2196,0.868,-6.09,7.71,-0.06,21.6
14813,0.1564,-0.2212,0.8708,-6.11,7.73,0.03,21.59
14823,0.157,-0.2174,0.8696,-6.15,7.68,-0.05,21.57
14833,0.1547,-0.2205,0.8695,-6.18,7.85,-0.06,21.57
14843,0.1549,-0.2181,0.8696,-6.27,7.82,-0.12,21.59
14853,0.1554,-0.2192,0.8685,-6.17,7.79,-0.06,21.6
14863,0.1566,-0.2148,0.8634,-6.14,7.68,-0.06,21.57
14873,0.1536,-0.2151,0.8657,-6.08,7.71,-0.06,21.6
14883,0.1555,-0.2183,0.8649,-6.09,7.8,-0.08,21.57
14893,0.156,-0.2189,0.8711,-6.14,7.74,0.0,21.59
14903,0.1562,-0.2146,0.8691,-6.15,7.82,-0.03,21.56
14913,0.1558,-0.218,0.8629,-6.23,7.76,-0.05,21.57
14923,0.153,-0.2192,0.869,-6.17,7.77,-0.05,21.56
14933,0.1547,-0.2185,0.8698,-6.15,7.74,-0.06,21.59
14943,0.1553,-0.2155,0.869,-6.17,7.77,-0.08,21.57
14953,0.1558,-0.2174,0.8651,-6.21,7.79,-0.05,21.59
14963,0.1542,-0.2175,0.8646,-6.23,7.8,0.0,21.6
14973,0.1561,-0.2184,0.8722,-6.34,7.74,-0.06,21.58
14983,0.1526,-0.2181,0.8683,-6.12,7.73,-0.09,21.58
14993,0.1552,-0.219,0.8682,-6.12,7.76,-0.05,21.59
15003,0.1517,-0.2166,0.8682,-6.14,7.77,0.0,21.59
15013,0.1561,-0.2181,0.8641,-6.23,7.76,-0.03,21.59
15023,0.1495,-0.2181,0.8677,-6.15,7.85,-0.05,21.59
15033,0.155,-0.2178,0.8693,-6.24,7.71,0.03,21.57
15043,0.1545,-0.2188,0.8705,-6.27,7.77,-0.02,21.6
15053,0.1539,-0.2201,0.8685,-6.15,7.73,-0.08,21.59
15063,0.1564,-0.2216,0.8701,-6.11,7.76,-0.08,21.59
15073,0.1532,-0.2153,0.871,-6.06,7.79,-0.11,21.58
15083,0.1552,-0.2172,0.8685,-6.09,7.79,-0.05,21.58
15093,0.1543,-0.2166,0.8694,-6.18,7.76,0.0,21.59
15103,0.1548,-0.2194,0.8712,-6.2,7.77,-0.03,21.59
15113,0.1552,-0.219,0.866,-6.21,7.69,-0.06,21.59
15123,0.1537,-0.2192,0.8649,-6.14,7.79,-0.06,21.57
15133,0.1562,-0.2196,0.8669,-6.11,7.77,-0.06,21.61
15143,0.1562,-0.2191,0.8647,-6.12,7.77,-0.06,21.59
15153,0.1556,-0.2202,0.8639,-5.95,7.77,-0.06,21.59
15163,0.1537,-0.2174,0.8694,-6.14,7.79,-0.03,21.6
15173,0.1539,-0.2172,0.8673,-6.12,7.76,0.02,21.59
15183,0.1543,-0.2175,0.8643,-6.18,7.79,0.0,21.58
15193,0.1517,-0.2175,0.864,-6.27,7.8,-0.06,21.58
15203,0.1552,-0.2167,0.87,-6.14,7.86,-0.08,21.6
15213,0.1542,-0.2152,0.8694,-6.14,7.76,-0.09,21.59
15223,0.1562,-0.217,0.8689,-6.12,7.8,-0.02,21.59
15233,0.1549,-0.2162,0.8706,-6.17,7.77,0.02,21.61
15243,0.1578,-0.2178,0.8688,-6.2,7.8,0.0,21.6
15253,0.1549,-0.2205,0.8634,-6.27,7.73,-0.08,21.6
15263,0.1531,-0.217,0.8645,-6.32,7.74,0.0,21.58
15273,0.1526,-0.2177,0.8619,-6.2,7.77,-0.12,21.59
15283,0.1527,-0.2206,0.8647,-6.18,7.79,-0.02,21.58
15293,0.1537,-0.2188,0.8698,-6.06,7.89,-0.02,21.6
15303,0.1538,-0.2208,0.8661,-6.05,7.83,0.05,21.59
15313,0.155,-0.2196,0.8698,-6.17,7.74,-0.05,21.58
15323,0.1544,-0.2153,0.8705,-6.15,7.71,-0.03,21.59
15333,0.1561,-0.2183,0.8643,-6.24,7.6,-0.09,21.62
15343,0.1549,-0.2173,0.8667,-6.2,7.71,-0.08,21.62
15353,0.1539,-0.2162,0.8658,-6.14,7.74,-0.08,21.6
15363,0.1561,-0.2177,0.8691,-6.12,7.76,-0.05,21.6
15373,0.1527,-0.2183,0.8718,-6.18,7.71,-0.11,21.6
15383,0.1544,-0.2155,0.8657,-6.2,7.73,-0.06,21.59
15393,0.1548,-0.2124,0.8634,-6.14,7.73,0.02,21.6
15403,0.1504,-0.2156,0.8673,-6.21,7.82,-0.02,21.59
15413,0.1548,-0.2155,0.8696,-6.2,7.86,-0.05,21.6
15423,0.1556,-0.2135,0.8665,-6.26,7.88,0.0,21.62
15433,0.1544,-0.2167,0.8674,-6.18,7.74,-0.05,21.58
15443,0.1534,-0.2169,0.8718,-6.17,7.79,-0.03,21.61
15453,0.1554,-0.218,0.8702,-6.18,7.79,-0.12,21.61
15463,0.1547,-0.2208,0.8668,-6.2,7.76,-0.09,21.61
15473,0.1592,-0.2173,0.8658,-6.24,7.76,-0.06,21.63
15483,0.1543,-0.2169,0.8632,-6.27,7.76,-0.03,21.57
15493,0.1538,-0.2173,0.8645,-6.17,7.74,-0.12,21.59
15503,0.1539,-0.2188,0.8649,-6.15,7.69,-0.08,21.61
15513,0.1548,-0.2208,0.8677,-6.14,7.74,-0.08,21.59
15523,0.1549,-0.217,0.869,-6.09,7.88,-0.06,21.61
15533,0.1578,-0.2173,0.868,-6.15,7.79,-0.06,21.59
15543,0.1545,-0.217,0.8656,-6.11,7.79,-0.11,21.59
15553,0.1522,-0.218,0.8661,-6.11,7.71,-0.14,21.6
15563,0.1531,-0.2177,0.8678,-6.17,7.71,-0.11,21.59
15573,0.1543,-0.2164,0.8638,-6.09,7.77,-0.03,21.61
15583,0.1562,-0.2173,0.8673,-6.12,7.85,-0.06,21.61
15593,0.155,-0.2198,0.8656,-6.18,7.82,-0.05,21.57
15603,0.1564,-0.2192,0.865,-6.15,7.8,-0.06,21.59
15613,0.1547,-0.2172,0.8666,-6.11,7.76,0.0,21.59
15623,0.1531,-0.22,0.8655,-6.15,7.73,-0.06,21.61
15633,0.1555,-0.2164,0.8668,-6.09,7.79,-0.09,21.59
15643,0.1573,-0.2191,0.8695,-6.08,7.77,0.0,21.6
15653,0.1561,-0.2175,0.8673,-6.21,7.74,-0.09,21.57
15663,0.1547,-0.2147,0.8685,-6.17,7.77,-0.05,21.61
15673,0.1514,-0.2179,0.8683,-6.15,7.82,-0.08,21.6
15683,0.155,-0.219,0.8665,-6.17,7.76,0.02,21.62
15693,0.1567,-0.2198,0.8676,-6.15,7.82,-0.08,21.61
15703,0.1571,-0.2159,0.8634,-6.14,7.74,0.09,21.6
15713,0.153,-0.2189,0.8662,-6.12,7.77,-0.05,21.59
15723,0.1534,-0.2188,0.8676,-6.06,7.76,-0.12,21.59
15733,0.1562,-0.2181,0.865,-6.14,7.77,-0.08,21.6
15743,0.1541,-0.22,0.8632,-6.23,7.82,-0.02,21.59
15753,0.1553,-0.2217,0.8639,-6.2,7.92,0.0,21.63
15763,0.1541,-0.2174,0.8691,-6.15,7.8,-0.11,21.61
15773,0.1556,-0.2166,0.8621,-6.21,7.77,-0.11,21.63
15783,0.1542,-0.2191,0.8663,-6.17,7.71,-0.05,21.62
15793,0.1548,-0.2173,0.8673,-6.12,7.71,-0.14,21.59
15803,0.1525,-0.2148,0.8679,-6.14,7.73,-0.12,21.62
15813,0.152,-0.2166,0.8685,-6.09,7.8,-0.08,21.6
15823,0.1541,-0.2152,0.8677,-6.14,7.77,-0.03,21.61
15833,0.1534,-0.215,0.8685,-6.14,7.77,-0.06,21.59
15843,0.1544,-0.2174,0.8668,-6.12,7.68,-0.03,21.57
15853,0.1569,-0.2164,0.8678,-6.12,7.76,-0.02,21.57
15863,0.1559,-0.2168,0.8674,-6.14,7.82,0.03,21.62
15873,0.1593,-0.2191,0.8705,-6.18,7.83,-0.02,21.59
15883,0.1555,-0.218,0.8662,-6.27,7.79,-0.03,21.62
15893,0.155,-0.219,0.8682,-6.17,7.76,0.02,21.62
15903,0.1571,-0.2184,0.8646,-6.12,7.68,0.0,21.59
15913,0.1516,-0.2159,0.8682,-6.12,7.82,-0.09,21.59
15923,0.1538,-0.2157,0.8674,-6.11,7.77,-0.08,21.61
15933,0.1545,-0.2183,0.8689,-6.2,7.83,-0.03,21.58
15943,0.1525,-0.2192,0.8657,-6.17,7.86,-0.06,21.62
15953,0.15,-0.22,0.8665,-6.21,7.77,-0.05,21.6
15963,0.1538,-0.2191,0.8665,-6.17,7.68,-0.12,21.57
15973,0.1582,-0.2192,0.8669,-6.23,7.73,-0.05,21.58
15983,0.1553,-0.2185,0.869,-6.14,7.82,-0.08,21.59
15993,0.1533,-0.2166,0.8671,-6.21,7.79,-0.06,21.59
16003,0.1561,-0.2201,0.8658,-6.15,7.83,-0.09,21.62
16013,0.1526,-0.2162,0.8689,-6.2,7.83,-0.06,21.61
16023,0.1542,-0.2194,0.8663,-6.21,7.68,-0.09,21.62
16033,0.1544,-0.2196,0.8687,-6.17,7.74,-0.05,21.59
16043,0.1541,-0.2169,0.8695,-6.17,7.77,0.05,21.59
16053,0.1534,-0.2168,0.8636,-6.2,7.83,-0.08,21.62
16063,0.1531,-0.2153,0.866,-6.26,7.76,-0.06,21.6
16073,0.1527,-0.2177,0.8657,-6.17,7.66,-0.14,21.59
16083,0.1534,-0.2198,0.8718,-6.12,7.82,-0.11,21.61
16093,0.155,-0.2207,0.8685,-6.14,7.77,-0.12,21.6
16103,0.155,-0.2218,0.8701,-6.11,7.8,-0.02,21.61
16113,0.155,-0.2196,0.8682,-6.17,7.83,0.0,21.59
16123,0.1545,-0.2194,0.8673,-6.14,7.82,-0.05,21.6
16133,0.1565,-0.2208,0.8667,-6.14,7.69,-0.08,21.61
16143,0.1549,-0.2191,0.8718,-6.15,7.74,-0.05,21.62
16153,0.1565,-0.2168,0.8715,-6.24,7.76,-0.08,21.62
16163,0.1545,-0.2181,0.8682,-6.11,7.77,-0.03,21.62
16173,0.1531,-0.2164,0.8694,-6.21,7.79,-0.05,21.6
16183,0.1525,-0.2156,0.8673,-6.15,7.79,-0.08,21.6
16193,0.1556,-0.2201,0.8649,-6.26,7.74,-0.09,21.59
16203,0.1567,-0.2183,0.8666,-6.21,7.74,-0.03,21.61
16213,0.1561,-0.2169,0.8656,-6.18,7.79,0.03,21.6
16223,0.1509,-0.2167,0.8673,-6.2,7.88,-0.05,21.6
16233,0.157,-0.2208,0.8654,-6.15,7.79,-0.14,21.59
16243,0.1549,-0.2189,0.8672,-6.17,7.74,0.0,21.59
16253,0.1556,-0.2194,0.8683,-6.14,7.68,-0.08,21.59
16263,0.1547,-0.2172,0.8662,-6.09,7.74,-0.12,21.59
16273,0.1542,-0.2158,0.865,-6.24,7.74,-0.12,21.6
16283,0.1545,-0.2179,0.8665,-6.12,7.76,-0.09,21.62
16293,0.1523,-0.2152,0.8689,-6.09,7.76,-0.06,21.6
16303,0.1561,-0.2156,0.8661,-6.2,7.69,-0.02,21.59
16313,0.1553,-0.215,0.869,-6.18,7.77,0.02,21.61
16323,0.1548,-0.2167,0.8684,-6.15,7.83,-0.05,21.6
16333,0.1516,-0.2186,0.8683,-6.24,7.8,0.02,21.59
16343,0.1522,-0.2188,0.8671,-6.27,7.77,-0.08,21.63
16353,0.1569,-0.2158,0.8647,-6.14,7.73,-0.12,21.62
16363,0.155,-0.2177,0.8647,-6.09,7.79,0.0,21.62
16373,0.1554,-0.2188,0.8668,-6.15,7.76,-0.06,21.61
16383,0.1536,-0.2183,0.8663,-6.24,7.77,-0.11,21.61
16393,0.1583,-0.217,0.8682,-6.17,7.82,-0.11,21.62
16403,0.1561,-0.219,0.8638,-6.18,7.74,0.03,21.61
16413,0.1528,-0.2158,0.8663,-6.2,7.73,-0.05,21.6
16423,0.1539,-0.2173,0.8688,-6.18,7.71,-0.03,21.6
16433,0.1558,-0.2152,0.8695,-6.11,7.68,-0.03,21.62
16443,0.1554,-0.2166,0.8661,-6.15,7.79,-0.05,21.62
16453,0.1554,-0.2177,0.866,-6.15,7.77,-0.08,21.61
16463,0.1547,-0.2198,0.8672,-6.23,7.82,-0.08,21.6
16473,0.1526,-0.2185,0.8662,-6.23,7.82,-0.11,21.62
16483,0.1541,-0.2172,0.8682,-6.18,7.83,-0.02,21.61
16493,0.1555,-0.2195,0.8657,-6.05,7.83,-0.06,21.61
16503,0.1538,-0.2195,0.8683,-6.08,7.77,-0.05,21.59
16513,0.1548,-0.2177,0.8701,-6.14,7.63,-0.06,21.62
16523,0.1517,-0.2146,0.8656,-6.05,7.6,-0.09,21.59
16533,0.1554,-0.2157,0.8623,-6.17,7.66,-0.06,21.65
16543,0.1515,-0.2183,0.8661,-6.14,7.8,-0.08,21.62
16553,0.1542,-0.2175,0.8649,-6.14,7.88,0.03,21.62
16563,0.1534,-0.2136,0.8663,-6.15,7.73,-0.05,21.64
16573,0.1532,-0.2134,0.8656,-6.24,7.6,-0.05,21.64
16583,0.1522,-0.2142,0.8652,-6.18,7.65,-0.08,21.65
16593,0.1526,-0.2194,0.8634,-6.26,7.73,-0.09,21.65
16603,0.1521,-0.2163,0.8685,-6.26,7.8,-0.03,21.63
16613,0.1537,-0.2156,0.8644,-6.29,7.88,-0.08,21.61
16623,0.1538,-0.2175,0.8669,-6.31,7.76,-0.08,21.6
16633,0.1527,-0.2192,0.8656,-6.27,7.66,-0.05,21.62
16643,0.156,-0.2194,0.8695,-6.14,7.57,-0.03,21.62
16653,0.1562,-0.2164,0.8663,-6.09,7.65,-0.05,21.62
16663,0.1598,-0.2183,0.8684,-6.03,7.83,-0.02,21.64
16673,0.1595,-0.2211,0.8724,-6.14,7.88,-0.06,21.62
16683,0.1573,-0.2203,0.8708,-6.2,7.77,-0.05,21.63
16693,0.1562,-0.2202,0.8684,-6.2,7.71,-0.02,21.62
16703,0.1545,-0.217,0.8613,-6.08,7.71,-0.09,21.62
16713,0.1561,-0.2216,0.8663,-6.03,7.74,-0.05,21.63
16723,0.1537,-0.2157,0.8665,-5.98,7.89,-0.12,21.64
16733,0.1512,-0.2162,0.8668,-6.03,7.95,0.02,21.64
16743,0.1522,-0.2153,0.864,-6.18,7.86,0.02,21.62
16753,0.1516,-0.2167,0.8687,-6.21,7.69,-0.08,21.62
16763,0.1499,-0.2185,0.8656,-6.32,7.66,-0.08,21.63
16773,0.1532,-0.2177,0.8636,-6.38,7.73,-0.06,21.61
16783,0.152,-0.2175,0.8644,-6.34,7.76,0.0,21.64
16793,0.1534,-0.2166,0.8613,-6.08,7.79,0.03,21.62
16803,0.1476,-0.2169,0.8635,-6.02,8.05,0.0,21.65
16813,0.1501,-0.2151,0.8667,-6.02,7.92,-0.06,21.64
16823,0.1503,-0.2188,0.8698,-6.21,7.56,-0.12,21.63
16833,0.1543,-0.2174,0.8665,-6.35,7.34,-0.2,21.63
16843,0.1608,-0.2217,0.8617,-6.38,7.45,-0.11,21.64
16853,0.1571,-0.2242,0.8605,-6.31,7.86,0.0,21.62
16863,0.157,-0.2208,0.8638,-6.2,8.31,0.05,21.62
16873,0.1542,-0.2245,0.8695,-6.17,8.2,0.09,21.64
16883,0.152,-0.2189,0.8671,-6.12,7.71,0.02,21.62
16893,0.1528,-0.22,0.8673,-6.02,7.44,-0.08,21.62
16903,0.1532,-0.2145,0.8651,-5.94,7.4,-0.08,21.62
16913,0.1584,-0.212,0.8627,-6.09,7.69,0.0,21.62
16923,0.1553,-0.2095,0.8689,-6.11,7.91,-0.02,21.64
16933,0.1533,-0.2081,0.8671,-6.18,7.86,0.0,21.63
16943,0.1537,-0.2057,0.8666,-6.21,7.65,-0.21,21.63
16953,0.158,-0.2103,0.8702,-6.2,7.54,-0.18,21.61
16963,0.1593,-0.2129,0.8682,-6.37,7.69,-0.11,21.64
16973,0.1567,-0.2164,0.8639,-6.47,7.92,-0.12,21.65
16983,0.1572,-0.2209,0.8688,-6.29,7.98,-0.06,21.65
16993,0.1547,-0.2202,0.8688,-6.23,7.89,-0.12,21.62
17003,0.1567,-0.2224,0.8667,-6.08,7.63,-0.05,21.64
17013,0.1569,-0.2189,0.8684,-6.11,7.47,-0.05,21.64
17023,0.1576,-0.2195,0.8684,-6.24,7.63,0.0,21.65
17033,0.156,-0.2157,0.8718,-6.29,7.89,0.02,21.62
17043,0.1542,-0.2161,0.8687,-6.4,8.06,-0.02,21.64
17053,0.1532,-0.2174,0.8716,-6.35,7.98,-0.09,21.64
17063,0.1531,-0.2191,0.8691,-6.32,7.77,-0.08,21.59
17073,0.1516,-0.2201,0.8669,-6.31,7.59,-0.11,21.63
17083,0.1541,-0.2184,0.8655,-6.31,7.66,-0.08,21.6
17093,0.1556,-0.2241,0.8654,-6.4,7.82,0.02,21.62
17103,0.1525,-0.2255,0.8612,-6.32,8.03,-0.02,21.61
17113,0.1545,-0.2247,0.8632,-6.08,8.02,0.06,21.61
17123,0.1526,-0.2196,0.8669,-5.94,7.83,0.0,21.63
17133,0.1539,-0.2186,0.8682,-5.94,7.53,0.03,21.63
17143,0.1549,-0.2136,0.8667,-6.14,7.5,-0.05,21.62
17153,0.1561,-0.2157,0.8651,-6.24,7.51,-0.05,21.61
17163,0.153,-0.2151,0.8607,-6.34,7.8,-0.05,21.6
17173,0.1562,-0.2144,0.863,-6.26,7.91,-0.03,21.63
17183,0.1571,-0.2186,0.8662,-6.18,7.92,-0.02,21.64
17193,0.1556,-0.2202,0.8654,-6.11,7.85,0.0,21.62
17203,0.1553,-0.2209,0.8695,-6.14,7.65,-0.08,21.61
17213,0.1609,-0.2201,0.8632,-6.17,7.57,-0.06,21.62
17223,0.1586,-0.2205,0.8656,-6.32,7.63,-0.08,21.63
17233,0.156,-0.2203,0.8652,-6.2,7.85,-0.06,21.63
17243,0.1565,-0.2196,0.8658,-6.05,7.76,-0.06,21.62
17253,0.1562,-0.2186,0.8676,-5.97,7.65,-0.08,21.61
17263,0.1583,-0.2156,0.8673,-5.98,7.54,-0.11,21.62
17273,0.1573,-0.2174,0.8689,-6.11,7.62,-0.15,21.63
17283,0.1595,-0.2163,0.8682,-6.27,7.77,-0.06,21.62
17293,0.1584,-0.2196,0.8667,-6.23,7.86,-0.14,21.61
17303,0.1543,-0.2211,0.8644,-6.23,7.92,-0.11,21.62
17313,0.1572,-0.2183,0.8668,-6.09,7.71,-0.11,21.65
17323,0.1553,-0.218,0.873,-6.03,7.44,-0.18,21.62
17333,0.1564,-0.2141,0.8651,-6.0,7.47,-0.03,21.62
17343,0.1548,-0.2159,0.8688,-6.05,7.76,-0.08,21.62
17353,0.1536,-0.2124,0.8699,-6.14,8.09,-0.02,21.63
17363,0.153,-0.2152,0.8711,-6.34,8.09,-0.02,21.62
17373,0.1477,-0.2185,0.8713,-6.37,7.92,0.03,21.61
17383,0.1531,-0.2175,0.8685,-6.2,7.59,-0.11,21.61
17393,0.152,-0.2227,0.8676,-6.23,7.54,-0.09,21.62
17403,0.1541,-0.2234,0.8643,-6.17,7.73,-0.11,21.63
17413,0.1503,-0.2185,0.8612,-6.12,7.97,-0.09,21.62
17423,0.1506,-0.2189,0.866,-6.03,7.82,-0.03,21.62
17433,0.1521,-0.2178,0.8683,-6.02,7.69,-0.06,21.62
17443,0.1538,-0.2136,0.8669,-6.06,7.51,-0.03,21.65
17453,0.153,-0.2173,0.8655,-6.09,7.51,-0.05,21.62
17463,0.1553,-0.215,0.8611,-6.18,7.71,-0.09,21.61
17473,0.1558,-0.2153,0.8625,-6.37,7.98,0.02,21.61
17483,0.1536,-0.2157,0.8662,-6.24,8.02,0.06,21.62
17493,0.1539,-0.2158,0.864,-6.21,7.79,-0.02,21.63
17503,0.1522,-0.2151,0.8663,-6.08,7.63,-0.05,21.64
17513,0.1565,-0.2131,0.8706,-6.11,7.66,0.0,21.64
17523,0.1567,-0.2141,0.8704,-6.27,7.85,0.02,21.64
17533,0.1527,-0.2163,0.8683,-6.35,8.06,0.02,21.62
17543,0.1542,-0.2184,0.8652,-6.27,8.02,-0.05,21.65
17553,0.1534,-0.2227,0.869,-6.24,7.83,0.0,21.64
17563,0.1525,-0.2181,0.8656,-6.18,7.59,-0.06,21.64
17573,0.1548,-0.2242,0.8634,-6.11,7.65,-0.11,21.63
17583,0.1541,-0.2192,0.8689,-6.09,7.82,-0.08,21.63
17593,0.1566,-0.2185,0.8708,-6.12,7.88,-0.05,21.65
17603,0.1552,-0.2139,0.8691,-6.08,7.88,-0.03,21.63
17613,0.1555,-0.2168,0.8682,-6.11,7.73,-0.08,21.61
17623,0.1549,-0.2191,0.8665,-6.18,7.6,-0.08,21.63
17633,0.1564,-0.2156,0.8649,-6.24,7.63,-0.17,21.64
17643,0.1567,-0.2148,0.8682,-6.31,7.74,-0.11,21.65
17653,0.1567,-0.2177,0.8625,-6.17,7.79,-0.02,21.62
17663,0.1569,-0.2216,0.8655,-6.08,7.97,0.02,21.64
17673,0.1554,-0.2166,0.8689,-5.98,7.91,-0.03,21.62
17683,0.155,-0.2189,0.8717,-6.08,7.83,-0.12,21.65
17693,0.1526,-0.2175,0.8715,-6.24,7.76,-0.09,21.62
17703,0.152,-0.2178,0.869,-6.34,7.63,-0.08,21.65
17713,0.152,-0.2156,0.8616,-6.32,7.76,-0.06,21.62
17723,0.15,-0.2191,0.8599,-6.24,7.83,-0.05,21.61
17733,0.1505,-0.2188,0.861,-6.12,7.86,0.0,21.63
17743,0.1453,-0.2207,0.8617,-6.09,7.76,0.02,21.66
17753,0.1522,-0.22,0.8618,-6.12,7.62,-0.05,21.62
17763,0.1537,-0.2186,0.8665,-6.15,7.54,-0.12,21.63
17773,0.1587,-0.2185,0.8666,-6.27,7.56,-0.08,21.61
17783,0.1559,-0.2175,0.8673,-6.2,7.73,-0.06,21.62
17793,0.1573,-0.2172,0.8663,-6.14,7.77,-0.05,21.63
17803,0.1564,-0.2188,0.8663,-6.02,7.74,-0.09,21.63
17813,0.1531,-0.2147,0.8698,-6.05,7.66,-0.02,21.65
17823,0.1553,-0.215,0.8698,-6.09,7.54,-0.08,21.64
17833,0.157,-0.2179,0.869,-6.34,7.66,0.02,21.64
17843,0.1573,-0.2163,0.8647,-6.21,7.94,-0.08,21.64
17853,0.1554,-0.2186,0.8621,-6.2,7.98,-0.03,21.63
17863,0.1522,-0.2202,0.8613,-6.11,7.88,-0.05,21.63
17873,0.1527,-0.2178,0.8677,-6.09,7.69,-0.03,21.63
17883,0.151,-0.2153,0.8702,-6.15,7.56,-0.09,21.66
17893,0.1544,-0.2178,0.8666,-6.24,7.68,-0.14,21.64
17903,0.1562,-0.2197,0.8663,-6.37,7.89,-0.06,21.64
17913,0.1509,-0.2191,0.8662,-6.29,8.05,-0.03,21.64
17923,0.1523,-0.2208,0.8633,-6.15,8.02,0.0,21.64
17933,0.1532,-0.2198,0.8647,-6.03,7.8,-0.06,21.65
17943,0.1542,-0.2162,0.8711,-5.94,7.6,-0.03,21.65
17953,0.1569,-0.2185,0.8718,-6.06,7.56,-0.06,21.64
17963,0.1582,-0.2183,0.8698,-6.17,7.71,-0.12,21.64
17973,0.157,-0.2172,0.8694,-6.34,7.94,-0.06,21.63
17983,0.153,-0.2166,0.8669,-6.23,7.95,-0.02,21.65
17993,0.1523,-0.217,0.8662,-6.18,7.85,0.02,21.61
18003,0.1527,-0.2181,0.8662,-6.08,7.68,0.02,21.66
18013,0.1552,-0.2166,0.8643,-6.05,7.57,0.0,21.64
18023,0.1558,-0.2184,0.8608,-6.14,7.65,0.0,21.64
18033,0.1536,-0.2177,0.8644,-6.24,7.79,-0.06,21.65
18043,0.1517,-0.2157,0.8665,-6.17,7.86,-0.02,21.64
18053,0.1533,-0.2166,0.8666,-6.2,7.79,-0.09,21.64
18063,0.1545,-0.2161,0.8672,-6.11,7.62,-0.14,21.66
18073,0.1578,-0.2173,0.8657,-6.17,7.57,-0.09,21.63
18083,0.1561,-0.2151,0.8654,-6.29,7.68,-0.05,21.6
18093,0.1534,-0.2175,0.8636,-6.24,7.91,0.03,21.64
18103,0.1534,-0.2163,0.8616,-6.23,8.05,0.06,21.64
18113,0.1519,-0.2164,0.8628,-6.12,7.95,-0.03,21.65
18123,0.1531,-0.2144,0.8676,-6.14,7.69,-0.05,21.66
18133,0.1589,-0.2133,0.8722,-6.11,7.57,-0.09,21.67
18143,0.1561,-0.2151,0.8698,-6.26,7.71,-0.08,21.64
18153,0.155,-0.2161,0.8655,-6.29,7.92,-0.08,21.66
18163,0.1556,-0.2186,0.8666,-6.31,8.0,-0.06,21.65
18173,0.1539,-0.2213,0.8674,-6.35,7.89,-0.06,21.66
18183,0.1539,-0.2229,0.8683,-6.24,7.65,-0.09,21.63
18193,0.1572,-0.2194,0.8649,-6.09,7.56,-0.15,21.66
18203,0.1549,-0.2224,0.8669,-6.02,7.66,-0.08,21.65
18213,0.1581,-0.2184,0.8717,-6.09,7.82,-0.09,21.67
18223,0.1577,-0.2203,0.8704,-6.02,7.97,-0.09,21.65
18233,0.1509,-0.2153,0.8687,-6.12,7.77,-0.02,21.65
18243,0.1554,-0.2181,0.8674,-6.09,7.65,-0.02,21.64
18253,0.1536,-0.2178,0.8647,-6.06,7.5,-0.06,21.67
18263,0.1531,-0.2124,0.8665,-6.14,7.63,-0.11,21.67
18273,0.1569,-0.2164,0.866,-6.15,7.88,-0.09,21.65
18283,0.1541,-0.2178,0.8695,-6.14,7.88,-0.03,21.65
18293,0.1562,-0.2179,0.8673,-6.14,7.79,0.0,21.68
18303,0.1552,-0.2202,0.8679,-6.18,7.65,0.02,21.64
18313,0.1575,-0.2177,0.8694,-6.27,7.63,-0.06,21.64
18323,0.1581,-0.2179,0.8621,-6.15,7.8,-0.08,21.67
18333,0.1556,-0.2183,0.8676,-6.05,7.91,0.0,21.64
18343,0.1505,-0.2205,0.865,-6.03,7.89,0.03,21.66
18353,0.1537,-0.2191,0.8665,-6.12,7.8,0.02,21.64
18363,0.1515,-0.2201,0.8641,-6.12,7.63,-0.15,21.65
18373,0.1519,-0.2169,0.8656,-6.38,7.6,-0.05,21.66
18383,0.1549,-0.2188,0.8655,-6.27,7.77,0.03,21.65
18393,0.1534,-0.2166,0.8674,-6.12,7.92,-0.08,21.67
18403,0.1539,-0.2169,0.8737,-6.12,7.86,-0.05,21.64
18413,0.1527,-0.2164,0.8673,-6.09,7.8,-0.03,21.63
18423,0.1539,-0.2159,0.8674,-6.15,7.65,-0.06,21.64
18433,0.1531,-0.2174,0.8691,-6.23,7.6,-0.05,21.62
18443,0.1538,-0.2177,0.8682,-6.24,7.63,-0.08,21.63
18453,0.1547,-0.2163,0.8661,-6.17,7.79,-0.06,21.64
18463,0.1534,-0.2172,0.868,-6.11,7.86,-0.06,21.65
18473,0.155,-0.2167,0.8696,-6.12,7.77,-0.05,21.65
18483,0.1522,-0.2177,0.869,-6.14,7.68,-0.08,21.64
18493,0.1565,-0.2177,0.8694,-6.23,7.62,-0.12,21.66
18503,0.1561,-0.2177,0.8735,-6.2,7.66,-0.14,21.68
18513,0.1545,-0.2188,0.868,-6.26,7.86,-0.09,21.68
18523,0.1547,-0.2181,0.8621,-6.26,7.86,0.0,21.66
18533,0.155,-0.2177,0.8663,-6.14,7.8,-0.02,21.67
18543,0.155,-0.2227,0.8634,-6.09,7.74,-0.08,21.64
18553,0.1521,-0.2178,0.8671,-6.15,7.79,-0.11,21.66
18563,0.1553,-0.2175,0.8706,-6.21,7.74,-0.11,21.65
18573,0.1541,-0.2196,0.8673,-6.24,7.86,-0.05,21.65
18583,0.1517,-0.2197,0.8679,-6.21,7.88,-0.02,21.69
18593,0.1541,-0.2208,0.8695,-6.2,7.8,-0.09,21.64
18603,0.1541,-0.2194,0.8655,-6.15,7.63,-0.09,21.67
18613,0.1545,-0.2208,0.8689,-6.0,7.71,-0.05,21.65
18623,0.1562,-0.2191,0.8669,-6.08,7.79,-0.02,21.66
18633,0.1537,-0.2185,0.8655,-6.08,7.8,-0.02,21.63
18643,0.1526,-0.2163,0.8657,-6.2,7.89,0.06,21.64
18653,0.1514,-0.2178,0.8698,-6.32,7.73,0.0,21.65
18663,0.1538,-0.2159,0.8658,-6.29,7.6,-0.05,21.67
18673,0.1567,-0.2174,0.8683,-6.15,7.68,-0.09,21.65
18683,0.1572,-0.2168,0.8658,-6.09,7.89,-0.05,21.67
18693,0.157,-0.2168,0.8663,-6.12,7.91,0.02,21.66
18703,0.1564,-0.2189,0.8696,-6.14,7.8,-0.03,21.67
18713,0.1522,-0.2189,0.8696,-6.27,7.74,0.03,21.67
18723,0.1526,-0.2205,0.8651,-6.24,7.63,-0.03,21.64
18733,0.1538,-0.2191,0.8671,-6.29,7.76,-0.11,21.65
18743,0.1531,-0.222,0.8632,-6.34,7.83,-0.05,21.67
18753,0.1542,-0.2188,0.8636,-6.14,7.89,-0.05,21.67
18763,0.155,-0.2178,0.8688,-6.06,7.76,-0.09,21.66
18774,0.1523,-0.2177,0.8694,-6.0,7.68,0.03,21.66
18784,0.1547,-0.2181,0.8737,-6.15,7.66,-0.05,21.67
18794,0.1544,-0.2167,0.8691,-6.23,7.66,-0.06,21.64
18804,0.1565,-0.2168,0.8617,-6.2,7.79,-0.02,21.64
18814,0.1554,-0.2153,0.8657,-6.12,7.83,-0.05,21.65
18824,0.1583,-0.2188,0.8641,-6.17,7.86,-0.05,21.66
18834,0.155,-0.2201,0.8687,-6.02,7.76,-0.09,21.66
18844,0.1545,-0.2214,0.8657,-6.17,7.73,-0.08,21.64
18854,0.1531,-0.2178,0.8644,-6.12,7.62,-0.08,21.66
18864,0.1515,-0.2178,0.8634,-6.18,7.68,-0.02,21.66
18874,0.1544,-0.2194,0.8624,-6.09,7.82,-0.08,21.68
18884,0.1553,-0.2179,0.8674,-6.14,7.82,0.0,21.65
18894,0.1544,-0.2201,0.8693,-6.08,7.74,-0.03,21.68
18904,0.155,-0.219,0.868,-6.17,7.68,-0.18,21.67
18914,0.1561,-0.2159,0.8668,-6.21,7.62,-0.12,21.67
18924,0.1569,-0.2175,0.8669,-6.24,7.73,-0.03,21.66
18934,0.1562,-0.2177,0.8594,-6.17,7.86,-0.12,21.66
18944,0.1545,-0.22,0.8649,-6.14,7.85,-0.03,21.68
18954,0.1558,-0.2188,0.8688,-6.14,7.77,-0.09,21.66
18964,0.1547,-0.2191,0.8694,-6.11,7.74,-0.12,21.65
18974,0.1552,-0.2157,0.8639,-6.12,7.77,-0.06,21.65
18984,0.156,-0.2198,0.8682,-6.12,7.76,-0.05,21.63
18994,0.1549,-0.2178,0.8666,-6.24,7.92,-0.06,21.68
19004,0.1548,-0.2161,0.8632,-6.23,7.92,-0.02,21.67
19014,0.1509,-0.2162,0.8669,-6.18,7.85,-0.02,21.64
19024,0.1541,-0.2184,0.8676,-6.17,7.68,-0.08,21.64
19034,0.1556,-0.2189,0.8656,-6.17,7.59,-0.11,21.64
19044,0.1566,-0.2195,0.8665,-6.12,7.63,-0.03,21.65
19054,0.156,-0.22,0.8688,-6.17,7.83,-0.06,21.67
19064,0.1527,-0.2192,0.8682,-6.11,7.86,-0.02,21.68
19074,0.1545,-0.2172,0.8674,-6.09,7.85,0.02,21.67
19084,0.1578,-0.2202,0.8645,-6.09,7.77,-0.05,21.66
19094,0.1534,-0.2161,0.8683,-6.17,7.74,-0.02,21.64
19104,0.1572,-0.2172,0.8654,-6.23,7.76,-0.05,21.64
19114,0.1552,-0.2191,0.8647,-6.17,7.76,-0.02,21.65
19124,0.1562,-0.2178,0.8607,-6.09,7.85,-0.02,21.66
19134,0.1527,-0.2172,0.8638,-6.02,7.8,-0.11,21.69
19144,0.1525,-0.2202,0.8691,-6.09,7.77,-0.02,21.66
19154,0.157,-0.2159,0.8704,-6.14,7.69,-0.09,21.68
19164,0.152,-0.2189,0.8666,-6.14,7.65,-0.12,21.64
19174,0.1523,-0.2166,0.868,-6.15,7.63,-0.12,21.65
19184,0.1537,-0.2203,0.865,-6.2,7.77,-0.09,21.64
19194,0.1538,-0.217,0.8643,-6.12,7.77,0.02,21.65
19204,0.1534,-0.2157,0.8689,-6.11,7.82,0.03,21.65
19214,0.1559,-0.2175,0.8712,-6.21,7.82,-0.03,21.64
19224,0.1541,-0.2157,0.8656,-6.18,7.73,-0.11,21.64
19234,0.1526,-0.2179,0.8605,-6.24,7.82,-0.05,21.67
19244,0.155,-0.2175,0.8644,-6.21,7.82,-0.06,21.67
19254,0.1586,-0.2163,0.8676,-6.18,7.88,-0.02,21.68
19264,0.1522,-0.2148,0.8629,-6.09,7.86,-0.03,21.64
19274,0.1539,-0.2161,0.8656,-6.17,7.8,0.0,21.65
19284,0.1516,-0.219,0.8671,-6.23,7.74,-0.05,21.63
19300,0.1564,-0.2175,0.8663,-6.23,7.73,-0.03,21.65
19310,0.1553,-0.2185,0.8701,-6.14,7.76,-0.02,21.67
19320,0.1555,-0.2174,0.871,-6.05,7.82,-0.05,21.68
19330,0.1534,-0.2178,0.8679,-6.15,7.63,-0.08,21.64
19340,0.155,-0.2183,0.87,-6.08,7.62,-0.09,21.67
19350,0.1547,-0.2137,0.8667,-6.02,7.59,-0.12,21.65
19360,0.1576,-0.2139,0.8683,-6.24,7.73,-0.08,21.64
19370,0.157,-0.2155,0.8661,-6.24,7.76,-0.12,21.66
19380,0.1571,-0.2144,0.8699,-6.18,7.83,-0.11,21.63
19390,0.1525,-0.2144,0.868,-6.2,7.74,-0.06,21.64
19400,0.1541,-0.2126,0.8684,-6.23,7.62,-0.17,21.66
19410,0.1558,-0.2158,0.8651,-6.14,7.53,-0.09,21.64
19420,0.1586,-0.215,0.8615,-6.29,7.76,-0.17,21.66
19430,0.1566,-0.2186,0.8663,-6.24,7.94,-0.09,21.67
19440,0.1583,-0.2179,0.8706,-6.37,7.98,-0.05,21.65
19450,0.1526,-0.2235,0.8676,-6.27,7.86,-0.08,21.67
19460,0.1525,-0.2242,0.8645,-6.32,7.6,-0.14,21.67
19470,0.1555,-0.2217,0.8616,-6.24,7.59,-0.12,21.68
19480,0.1565,-0.2234,0.8628,-6.06,7.74,-0.11,21.68
19490,0.1532,-0.2217,0.8665,-6.03,7.95,0.03,21.67
19500,0.1517,-0.2209,0.8698,-5.92,7.98,0.02,21.67
19510,0.1516,-0.217,0.8704,-6.08,7.83,-0.05,21.65
19520,0.149,-0.2158,0.8684,-6.15,7.54,-0.12,21.67
19530,0.1573,-0.2188,0.8658,-6.2,7.36,-0.17,21.64
19540,0.1566,-0.2196,0.8613,-6.23,7.65,-0.14,21.68
19550,0.1553,-0.2168,0.861,-6.17,7.97,0.05,21.67
19560,0.1526,-0.2178,0.8643,-6.18,8.31,0.05,21.65
19570,0.15,-0.2175,0.8632,-6.15,8.05,-0.05,21.63
19580,0.1525,-0.2172,0.8685,-6.18,7.57,-0.11,21.65
19590,0.1533,-0.2169,0.8641,-6.0,7.3,-0.11,21.65
19600,0.1552,-0.215,0.8645,-6.02,7.36,-0.06,21.68
19610,0.1538,-0.2112,0.8701,-6.09,7.76,0.0,21.65
19620,0.1566,-0.2133,0.8682,-6.15,8.02,-0.05,21.67
19630,0.1523,-0.2169,0.8729,-6.2,7.91,-0.05,21.69
19640,0.1539,-0.2164,0.8707,-6.26,7.63,-0.12,21.68
19650,0.1567,-0.2183,0.8707,-6.4,7.39,-0.24,21.69
19660,0.1541,-0.2166,0.8674,-6.44,7.6,-0.08,21.67
19670,0.1581,-0.217,0.8628,-6.37,7.88,-0.06,21.66
19680,0.1581,-0.2169,0.8651,-6.21,7.98,-0.05,21.67
19690,0.1565,-0.2183,0.8658,-6.15,7.92,0.0,21.66
19700,0.1565,-0.2162,0.8667,-6.08,7.63,-0.17,21.66
19710,0.1565,-0.2195,0.8701,-6.18,7.47,-0.12,21.67
19720,0.1558,-0.2185,0.8652,-6.35,7.69,-0.09,21.67
19730,0.1534,-0.2208,0.8636,-6.43,7.94,-0.05,21.66
19740,0.1548,-0.2224,0.8668,-6.34,7.95,-0.02,21.66
19750,0.1533,-0.2246,0.8669,-6.05,7.86,0.0,21.67
19760,0.1543,-0.2231,0.8685,-5.98,7.73,-0.02,21.68
19770,0.1515,-0.2207,0.8691,-5.94,7.56,-0.05,21.67
19780,0.1548,-0.2181,0.8694,-6.03,7.59,-0.09,21.66
19790,0.1538,-0.2207,0.8677,-6.24,7.68,-0.11,21.68
19800,0.1562,-0.218,0.8649,-6.26,7.91,-0.06,21.68
19810,0.155,-0.2175,0.8646,-6.32,7.97,-0.08,21.67
19820,0.157,-0.2183,0.8658,-6.11,7.89,-0.08,21.67
19830,0.1543,-0.2172,0.8662,-6.0,7.71,-0.12,21.67
19840,0.1547,-0.2167,0.8663,-6.12,7.6,-0.11,21.66
19850,0.1542,-0.2198,0.8651,-6.08,7.69,-0.08,21.66
19860,0.1565,-0.2178,0.8673,-6.23,7.79,-0.08,21.68
19870,0.155,-0.2195,0.8646,-6.2,7.89,-0.02,21.66
19880,0.1545,-0.2181,0.8693,-6.21,7.82,-0.02,21.67
19890,0.1521,-0.2179,0.8699,-6.11,7.69,0.0,21.64
19900,0.1544,-0.219,0.8674,-6.18,7.6,-0.03,21.66
19910,0.153,-0.2157,0.8666,-6.24,7.6,-0.03,21.67
19920,0.1559,-0.2164,0.8683,-6.29,7.82,-0.03,21.69
19930,0.1533,-0.2157,0.8623,-6.2,7.91,0.03,21.67
19940,0.1548,-0.2172,0.8655,-6.15,7.8,-0.08,21.68
19950,0.1554,-0.2157,0.8682,-6.11,7.73,-0.08,21.66
19960,0.1569,-0.2194,0.8638,-6.06,7.71,-0.17,21.67
19970,0.1554,-0.2158,0.8667,-6.03,7.66,-0.12,21.68
19980,0.1567,-0.2164,0.8673,-6.23,7.89,-0.12,21.69
19990,0.155,-0.2169,0.8678,-6.21,8.0,-0.03,21.66
20000,0.1539,-0.2178,0.8726,-6.29,8.0,-0.06,21.67
20010,0.1556,-0.2197,0.8685,-6.23,7.83,0.0,21.67
20020,0.151,-0.2206,0.8723,-6.15,7.68,-0.12,21.68
20030,0.156,-0.2189,0.8679,-6.11,7.65,-0.11,21.68
20040,0.1556,-0.2174,0.8674,-6.15,7.77,-0.06,21.66
20050,0.1553,-0.2181,0.8694,-6.24,7.83,-0.08,21.68
20060,0.153,-0.2162,0.8663,-6.34,7.94,-0.14,21.67
20070,0.1542,-0.2185,0.8625,-6.29,7.76,-0.12,21.68
20080,0.1528,-0.2192,0.8657,-6.23,7.63,-0.05,21.68
20090,0.1549,-0.2185,0.8633,-6.12,7.57,-0.09,21.7
20100,0.1552,-0.2168,0.8682,-5.91,7.57,-0.05,21.67
20110,0.1565,-0.2183,0.8674,-5.97,7.77,0.02,21.69
20120,0.1558,-0.2164,0.8722,-6.06,7.85,0.0,21.67
20130,0.1534,-0.2147,0.8679,-6.21,7.82,0.02,21.67
20140,0.1549,-0.2124,0.868,-6.29,7.74,-0.05,21.65
20150,0.1538,-0.2198,0.8632,-6.41,7.76,-0.02,21.64
20160,0.1538,-0.2188,0.8635,-6.32,7.85,0.03,21.67
20170,0.1578,-0.2207,0.8641,-6.18,7.92,-0.08,21.67
20180,0.1539,-0.2214,0.8678,-6.17,7.91,-0.05,21.68
20190,0.152,-0.2203,0.8658,-6.09,7.79,-0.06,21.69
20200,0.1536,-0.2169,0.8689,-6.03,7.62,0.03,21.67
20210,0.1564,-0.2184,0.8702,-6.14,7.71,-0.12,21.69
20220,0.158,-0.2164,0.8667,-6.24,7.73,-0.06,21.7
20230,0.1541,-0.2203,0.8677,-6.23,7.82,-0.09,21.68
20240,0.1528,-0.2188,0.8632,-6.24,7.83,-0.09,21.69
20250,0.1537,-0.2186,0.8624,-6.27,7.76,-0.08,21.66
20260,0.1538,-0.218,0.8667,-6.06,7.71,-0.11,21.69
20270,0.1582,-0.2197,0.8724,-6.0,7.85,-0.02,21.67
20280,0.1533,-0.2183,0.8733,-6.06,7.82,0.02,21.68
20290,0.1538,-0.218,0.8738,-6.09,7.8,-0.08,21.67
20300,0.1516,-0.2173,0.8636,-6.29,7.66,-0.09,21.67
20310,0.1525,-0.2166,0.866,-6.26,7.73,-0.06,21.68
20320,0.1532,-0.2166,0.8643,-6.15,7.77,-0.02,21.68
20330,0.1562,-0.2175,0.8677,-6.06,7.92,-0.02,21.68
20340,0.1511,-0.2174,0.8717,-6.08,8.02,-0.05,21.69
20350,0.1525,-0.2169,0.875,-6.11,7.92,0.0,21.69
20360,0.1533,-0.2185,0.8729,-6.18,7.76,-0.15,21.68
20370,0.1544,-0.218,0.868,-6.31,7.63,-0.05,21.67
20380,0.1521,-0.2203,0.8617,-6.32,7.59,-0.12,21.69
20390,0.1545,-0.2188,0.8629,-6.11,7.71,-0.05,21.66
20400,0.1543,-0.2152,0.8658,-6.0,7.76,-0.03,21.67
20410,0.1536,-0.2152,0.8641,-6.0,7.83,-0.11,21.67
20420,0.1533,-0.2148,0.8693,-6.09,7.76,-0.02,21.66
20430,0.1508,-0.2151,0.8707,-6.24,7.59,-0.03,21.68
20440,0.1547,-0.2139,0.8684,-6.29,7.69,-0.15,21.67
20450,0.1575,-0.2166,0.866,-6.43,7.73,-0.05,21.66
20460,0.1545,-0.2186,0.8623,-6.27,7.85,-0.06,21.67
20470,0.1545,-0.2179,0.8625,-6.15,7.85,-0.02,21.67
20480,0.1516,-0.2173,0.8646,-6.11,7.73,-0.09,21.68
20490,0.1545,-0.2163,0.8638,-6.09,7.57,-0.08,21.69
20500,0.1547,-0.2162,0.8633,-6.17,7.71,-0.09,21.68
20510,0.1519,-0.2146,0.8677,-6.38,7.85,0.0,21.68
20520,0.1525,-0.2189,0.8644,-6.4,7.97,-0.02,21.69
20530,0.1508,-0.2219,0.8691,-6.38,8.08,-0.02,21.67
20540,0.1552,-0.222,0.8671,-6.24,7.86,0.05,21.69
20550,0.1552,-0.2227,0.8628,-6.26,7.71,-0.03,21.67
20560,0.1562,-0.2214,0.8639,-6.09,7.6,-0.08,21.67
20570,0.1541,-0.2223,0.8666,-6.05,7.77,0.03,21.69
20580,0.1558,-0.2195,0.8678,-6.08,8.0,0.06,21.67
20590,0.1541,-0.2212,0.8724,-6.17,7.91,0.08,21.67
20600,0.1553,-0.2244,0.8708,-6.14,7.76,0.02,21.67
20610,0.1548,-0.2207,0.8721,-6.21,7.62,-0.12,21.68
20620,0.1567,-0.2172,0.87,-6.2,7.68,-0.05,21.68
20630,0.1528,-0.2174,0.8661,-6.14,7.77,-0.03,21.69
20640,0.1543,-0.2178,0.8621,-6.03,7.85,-0.06,21.68
20650,0.1531,-0.2174,0.8702,-6.0,7.94,0.0,21.69
20660,0.151,-0.2155,0.8735,-6.03,7.88,-0.08,21.68
20670,0.1544,-0.2186,0.8712,-6.17,7.68,-0.14,21.69
20680,0.1567,-0.2162,0.8667,-6.14,7.5,-0.15,21.7
20690,0.1566,-0.2183,0.8654,-6.34,7.6,-0.09,21.67
20700,0.1541,-0.2195,0.8617,-6.17,7.86,-0.08,21.68
20710,0.1566,-0.2198,0.8667,-6.09,7.92,-0.06,21.68
20720,0.151,-0.2159,0.8717,-5.91,7.89,-0.11,21.69
20730,0.1525,-0.2173,0.8684,-6.11,7.68,-0.05,21.7
20740,0.1528,-0.217,0.8679,-6.17,7.56,-0.17,21.69
20750,0.157,-0.2157,0.8652,-6.27,7.51,-0.09,21.68
20760,0.1565,-0.2177,0.8623,-6.23,7.68,-0.05,21.65
20770,0.1567,-0.2186,0.8649,-6.2,7.88,-0.08,21.68
20780,0.1565,-0.2185,0.8658,-6.08,7.83,-0.06,21.7
20790,0.1552,-0.2173,0.8701,-6.02,7.74,-0.03,21.68
20800,0.1532,-0.2198,0.8702,-6.06,7.56,-0.12,21.68
20810,0.1581,-0.2175,0.8698,-6.23,7.68,-0.08,21.67
20820,0.1569,-0.2184,0.8657,-6.35,7.85,-0.09,21.68
20830,0.1544,-0.2188,0.8635,-6.24,7.89,-0.05,21.71
20840,0.153,-0.219,0.8628,-6.12,7.92,-0.11,21.68
20850,0.1542,-0.2161,0.8668,-6.0,7.79,-0.05,21.69
20860,0.153,-0.2163,0.8717,-6.02,7.66,-0.09,21.67
20870,0.1567,-0.2177,0.8706,-6.15,7.66,-0.14,21.7
20880,0.1581,-0.2191,0.8729,-6.24,7.71,-0.11,21.68
20890,0.1564,-0.2175,0.8689,-6.4,7.74,-0.06,21.66
20900,0.1516,-0.2228,0.8635,-6.2,7.86,-0.11,21.69
20911,0.1544,-0.2191,0.8651,-6.06,7.73,-0.08,21.67
20921,0.1522,-0.2158,0.8676,-5.91,7.71,-0.06,21.69
20931,0.1547,-0.2136,0.8708,-6.02,7.71,-0.02,21.68
20941,0.1543,-0.2135,0.8717,-6.09,7.69,-0.05,21.68
20951,0.1564,-0.2147,0.8701,-6.27,7.86,-0.08,21.69
20961,0.1577,-0.2168,0.8695,-6.38,7.91,-0.05,21.68
20971,0.1583,-0.2153,0.8688,-6.35,7.76,-0.12,21.68
20981,0.1564,-0.2217,0.8644,-6.23,7.74,-0.08,21.68
20991,0.1555,-0.2209,0.8643,-6.05,7.71,-0.02,21.65
21001,0.1552,-0.2216,0.8652,-5.92,7.71,0.05,21.67
21011,0.155,-0.2179,0.8683,-5.91,7.79,0.03,21.67
21021,0.1536,-0.214,0.8687,-6.12,7.8,-0.03,21.66
21031,0.1528,-0.2142,0.8655,-6.23,7.79,0.02,21.69
21041,0.1545,-0.2151,0.8625,-6.31,7.77,-0.08,21.67
21051,0.1523,-0.2183,0.8643,-6.29,7.76,-0.05,21.7
21061,0.1519,-0.2194,0.866,-6.12,7.77,0.0,21.65
21071,0.1532,-0.2179,0.8655,-6.05,7.82,0.03,21.69
21081,0.1544,-0.2197,0.8665,-5.98,7.79,0.02,21.68
21091,0.1562,-0.2151,0.8676,-6.15,7.77,-0.02,21.67
21101,0.1532,-0.2173,0.8662,-6.24,7.74,-0.05,21.68
21111,0.1571,-0.2206,0.8645,-6.35,7.73,-0.06,21.69
21121,0.156,-0.2177,0.8662,-6.31,7.8,-0.11,21.69
21131,0.1541,-0.2181,0.8678,-6.32,7.92,-0.03,21.67
21141,0.1549,-0.219,0.8682,-6.18,7.89,-0.15,21.68
21151,0.1571,-0.2212,0.8698,-6.23,7.74,-0.08,21.69
21161,0.1545,-0.2203,0.8713,-6.18,7.69,-0.08,21.69
21171,0.1576,-0.218,0.8689,-6.15,7.63,-0.11,21.69
21181,0.1573,-0.2205,0.8689,-6.24,7.82,-0.09,21.71
21191,0.156,-0.2178,0.865,-6.2,7.86,-0.08,21.71
21201,0.1549,-0.2169,0.8679,-6.12,7.86,0.03,21.69
21211,0.1525,-0.2162,0.8693,-6.18,7.73,-0.08,21.68
21221,0.1542,-0.2161,0.8699,-6.15,7.6,-0.05,21.68
21231,0.155,-0.2151,0.8721,-6.18,7.66,-0.12,21.69
21241,0.1575,-0.217,0.8695,-6.26,7.69,-0.12,21.69
21251,0.157,-0.2201,0.8656,-6.09,7.85,-0.05,21.7
21261,0.1571,-0.2166,0.8656,-6.08,7.89,-0.08,21.67
21271,0.1565,-0.2175,0.8695,-6.12,7.73,-0.03,21.66
21281,0.1542,-0.2198,0.8673,-6.08,7.68,-0.12,21.68
21292,0.1549,-0.2177,0.8694,-6.09,7.66,-0.09,21.69
21302,0.1558,-0.2172,0.8695,-6.24,7.76,-0.06,21.7
21312,0.1565,-0.2169,0.8667,-6.2,7.83,-0.05,21.69
21322,0.1511,-0.2185,0.8685,-6.09,7.79,-0.09,21.72
21332,0.1514,-0.2191,0.8651,-6.09,7.76,-0.09,21.71
21342,0.1536,-0.22,0.8651,-6.26,7.66,-0.11,21.71
21352,0.1559,-0.2185,0.8683,-6.11,7.69,-0.12,21.71
21362,0.1552,-0.2159,0.8689,-6.09,7.79,-0.08,21.69
21372,0.1544,-0.2162,0.8696,-6.12,7.88,-0.02,21.7
21382,0.1541,-0.2178,0.8672,-6.18,7.85,-0.08,21.7
21392,0.1526,-0.2206,0.8693,-6.15,7.65,-0.05,21.69
21402,0.1527,-0.217,0.8666,-6.06,7.57,0.02,21.71
21412,0.1516,-0.218,0.8647,-6.09,7.57,-0.03,21.69
21422,0.1552,-0.2159,0.8696,-6.12,7.73,-0.05,21.69
21432,0.1526,-0.2198,0.8699,-6.26,7.85,-0.02,21.69
21442,0.1556,-0.2174,0.8657,-6.27,7.86,-0.08,21.71
21452,0.153,-0.2195,0.8638,-6.24,7.8,-0.09,21.69
21462,0.1534,-0.2145,0.8651,-6.21,7.71,-0.06,21.71
21472,0.1541,-0.2166,0.8666,-6.12,7.69,-0.11,21.71
21482,0.157,-0.2175,0.8715,-6.15,7.74,-0.08,21.7
21492,0.1567,-0.214,0.8646,-6.11,7.82,-0.09,21.67
21502,0.1515,-0.2164,0.8663,-6.21,7.8,-0.05,21.72
21512,0.1528,-0.2152,0.8687,-6.15,7.8,-0.09,21.7
21522,0.1562,-0.2194,0.8711,-6.27,7.79,-0.06,21.69
21532,0.1553,-0.2175,0.8722,-6.17,7.76,0.0,21.68
21542,0.1537,-0.2161,0.8676,-6.29,7.79,-0.08,21.68
21552,0.155,-0.2159,0.8698,-6.2,7.69,-0.06,21.7
21562,0.1544,-0.2181,0.8616,-6.26,7.69,-0.12,21.71
21572,0.1528,-0.2186,0.8682,-6.18,7.77,-0.11,21.7
21582,0.1581,-0.2183,0.8671,-6.14,7.86,-0.08,21.68
21592,0.1558,-0.2167,0.8615,-6.12,7.79,-0.03,21.69
21602,0.1542,-0.2141,0.8673,-6.05,7.82,-0.05,21.7
21612,0.1527,-0.2163,0.8657,-6.09,7.63,-0.11,21.72
21623,0.1539,-0.213,0.8665,-6.26,7.6,0.02,21.71
21633,0.1545,-0.2169,0.8665,-6.35,7.76,-0.08,21.72
21643,0.1552,-0.2192,0.8655,-6.34,7.82,-0.06,21.71
21653,0.1565,-0.223,0.8644,-6.31,7.89,-0.08,21.69
21663,0.155,-0.2197,0.8645,-6.11,7.83,-0.03,21.69
21673,0.1533,-0.2191,0.8672,-5.98,7.65,-0.05,21.69
21683,0.153,-0.2147,0.8674,-6.11,7.62,-0.11,21.69
21693,0.1527,-0.2147,0.8671,-6.14,7.66,-0.03,21.69
21703,0.1541,-0.2174,0.8654,-6.27,7.86,-0.06,21.71
21713,0.1555,-0.2162,0.868,-6.34,7.89,-0.12,21.68
21723,0.1542,-0.2197,0.8622,-6.24,7.85,-0.06,21.67
21733,0.1506,-0.223,0.865,-6.27,7.76,-0.06,21.69
21743,0.153,-0.2227,0.8654,-6.2,7.69,-0.11,21.68
21753,0.1536,-0.2181,0.8628,-6.09,7.66,-0.12,21.7
21763,0.1558,-0.223,0.8674,-6.17,7.71,-0.18,21.71
21773,0.1531,-0.2177,0.8683,-6.12,7.79,0.02,21.69
21783,0.1538,-0.2191,0.8712,-6.12,7.85,-0.02,21.7
21793,0.1537,-0.2159,0.8719,-6.09,7.73,-0.09,21.71
21803,0.1554,-0.2186,0.8671,-6.12,7.71,-0.06,21.69
21813,0.155,-0.2175,0.8671,-6.31,7.65,-0.02,21.69
21823,0.1549,-0.2192,0.8666,-6.31,7.82,-0.06,21.7
21833,0.1531,-0.2197,0.8672,-6.31,7.86,-0.05,21.68
21843,0.1544,-0.2192,0.8633,-6.15,7.86,-0.05,21.7
21853,0.1564,-0.2236,0.8651,-6.12,7.88,-0.05,21.7
21863,0.1559,-0.2209,0.8629,-6.03,7.86,0.0,21.7
21873,0.1547,-0.2186,0.8656,-6.0,7.76,0.03,21.72
21883,0.1537,-0.2183,0.8694,-6.15,7.74,0.02,21.69
21893,0.1565,-0.2205,0.87,-6.17,7.73,0.02,21.7
21903,0.1573,-0.2197,0.8643,-6.29,7.77,-0.02,21.69
21913,0.1555,-0.2156,0.8669,-6.21,7.82,0.02,21.69
21923,0.1545,-0.2201,0.8638,-6.17,7.79,-0.09,21.72
21933,0.1522,-0.2175,0.8624,-5.94,7.71,0.02,21.7
21943,0.1534,-0.2169,0.8695,-5.92,7.79,0.0,21.7
21953,0.1572,-0.217,0.8705,-6.09,7.79,-0.02,21.68
21963,0.1576,-0.2153,0.8716,-6.29,7.86,-0.03,21.68
21973,0.1484,-0.2174,0.8672,-6.44,7.89,-0.03,21.72
21983,0.1525,-0.2166,0.8688,-6.35,7.91,0.0,21.71
21993,0.1525,-0.2177,0.8656,-6.11,7.88,0.02,21.7
22003,0.1569,-0.2188,0.8679,-6.0,7.8,-0.03,21.69
22013,0.1532,-0.2158,0.8704,-6.12,7.83,-0.06,21.72
22023,0.1531,-0.2196,0.8694,-6.27,7.77,-0.06,21.71
22033,0.1512,-0.2159,0.8683,-6.43,7.77,-0.08,21.7
22043,0.1538,-0.2188,0.8635,-6.37,7.77,-0.05,21.7
22053,0.1572,-0.2222,0.8641,-6.26,7.76,-0.11,21.71
22063,0.1589,-0.2234,0.8634,-6.09,7.82,-0.03,21.71
22073,0.1582,-0.22,0.8678,-5.95,7.83,0.03,21.74
22083,0.1566,-0.2179,0.8702,-5.86,7.66,-0.05,21.69
22093,0.1562,-0.2156,0.8708,-6.08,7.54,-0.03,21.67
22103,0.158,-0.2158,0.8729,-6.29,7.6,-0.18,21.69
22113,0.1566,-0.2147,0.8715,-6.35,7.54,-0.18,21.7
22123,0.1539,-0.2158,0.8705,-6.14,7.66,-0.14,21.68
22133,0.1545,-0.2158,0.8673,-6.06,7.73,-0.12,21.7
22143,0.1539,-0.2181,0.8696,-6.02,7.71,-0.08,21.72
22153,0.1536,-0.2189,0.8781,-6.18,7.88,-0.03,21.7
22163,0.1503,-0.2195,0.8679,-6.37,7.88,-0.12,21.69
22173,0.1508,-0.2172,0.8619,-6.46,7.71,-0.17,21.71
22183,0.1517,-0.2184,0.8617,-6.37,7.53,-0.15,21.7
22193,0.1538,-0.2156,0.8647,-6.27,7.51,-0.14,21.71
22203,0.1522,-0.2178,0.859,-6.08,7.68,-0.06,21.7
22213,0.1514,-0.2179,0.8611,-6.08,7.77,-0.11,21.69
22223,0.1499,-0.2156,0.8668,-6.23,7.73,-0.09,21.71
22233,0.1542,-0.2177,0.8676,-6.52,7.71,-0.03,21.71
22243,0.1559,-0.2236,0.8679,-6.52,7.68,-0.03,21.69
22253,0.1573,-0.2255,0.8632,-6.43,7.85,-0.02,21.7
22263,0.1573,-0.2227,0.8635,-6.21,7.85,0.05,21.73
22273,0.1531,-0.2228,0.8639,-5.98,7.8,0.05,21.72
22283,0.1539,-0.2206,0.869,-5.94,7.62,-0.05,21.7
22293,0.156,-0.2201,0.8708,-5.92,7.56,-0.05,21.7
22303,0.1541,-0.218,0.8713,-6.09,7.63,-0.03,21.72
22313,0.1543,-0.2175,0.8672,-6.32,7.82,-0.02,21.72
22323,0.1552,-0.2188,0.8663,-6.35,8.03,-0.08,21.73
22333,0.1556,-0.2202,0.8668,-6.31,7.89,-0.05,21.7
22343,0.1554,-0.2201,0.8634,-6.17,7.73,-0.09,21.72
22353,0.1586,-0.2225,0.8666,-6.05,7.57,-0.05,21.73
22363,0.1581,-0.2186,0.8661,-6.02,7.66,-0.08,21.7
22373,0.1565,-0.2177,0.8712,-6.06,7.69,-0.03,21.71
22383,0.1537,-0.2157,0.8708,-6.05,7.83,0.03,21.71
22393,0.1561,-0.2178,0.8724,-6.09,7.85,-0.02,21.69
22403,0.1558,-0.2178,0.8716,-6.09,7.73,0.02,21.72
22413,0.1543,-0.2174,0.8701,-6.15,7.71,0.02,21.72
22423,0.1539,-0.2159,0.8699,-6.23,7.77,-0.05,21.69
22433,0.1528,-0.2167,0.8669,-6.2,7.68,0.0,21.71
22443,0.1542,-0.2166,0.8654,-6.21,7.69,-0.03,21.72
22453,0.1532,-0.2179,0.866,-6.06,7.85,-0.11,21.71
22463,0.1543,-0.2141,0.8733,-6.02,7.69,-0.06,21.72
22473,0.1522,-0.214,0.8701,-6.11,7.71,-0.05,21.7
22483,0.1527,-0.2125,0.8673,-6.15,7.76,-0.14,21.72
22493,0.1516,-0.2157,0.8666,-6.26,7.77,-0.05,21.68
22503,0.1492,-0.2145,0.8634,-6.34,7.83,0.0,21.69
22513,0.151,-0.2139,0.8605,-6.37,7.91,0.02,21.72
22523,0.1503,-0.213,0.86,-6.27,7.92,-0.05,21.7
22533,0.1461,-0.213,0.8612,-6.31,7.86,-0.06,21.7
22543,0.1503,-0.2098,0.861,-6.43,7.79,-0.02,21.72
22553,0.1517,-0.2163,0.8669,-6.38,7.86,0.03,21.71
22563,0.1532,-0.2174,0.8632,-6.4,7.98,0.05,21.71
22573,0.1575,-0.2225,0.8663,-6.46,8.08,0.05,21.69
22583,0.1554,-0.2261,0.8622,-6.27,7.98,0.03,21.69
22593,0.1583,-0.2273,0.8663,-6.26,7.85,-0.02,21.7
22603,0.153,-0.2239,0.865,-6.2,7.63,-0.03,21.7
22613,0.1556,-0.2224,0.869,-6.14,7.65,-0.03,21.71
22623,0.1583,-0.2222,0.8663,-6.06,7.76,0.02,21.71
22633,0.1587,-0.2201,0.8722,-5.97,7.83,0.08,21.72
22643,0.1567,-0.2211,0.87,-6.03,7.88,-0.03,21.72
22653,0.1589,-0.2172,0.8745,-6.08,7.85,-0.05,21.72
22663,0.1588,-0.2159,0.8695,-6.18,7.76,-0.06,21.72
22673,0.1608,-0.2153,0.8722,-6.2,7.68,-0.06,21.74
22683,0.1594,-0.2139,0.8685,-6.18,7.73,-0.06,21.74
22693,0.1578,-0.2195,0.8705,-6.2,7.82,0.03,21.74
22703,0.1555,-0.2194,0.8696,-6.06,7.92,0.0,21.72
22713,0.1552,-0.2189,0.8717,-5.92,7.98,0.02,21.69
22723,0.1541,-0.2189,0.8744,-5.95,7.97,-0.09,21.69
22733,0.1584,-0.2218,0.877,-6.44,7.73,-0.12,21.72
22743,0.1562,-0.22,0.8693,-5.91,7.71,0.12,21.72
22753,0.151,-0.2211,0.8746,-6.12,8.67,0.15,21.73
22763,0.1421,-0.2133,0.8657,-6.58,8.37,-0.03,21.74
22773,0.1476,-0.2225,0.8673,-6.4,7.27,-0.17,21.73
22783,0.155,-0.2227,0.8649,-5.85,7.11,-0.09,21.7
22793,0.1539,-0.2178,0.8621,-5.71,7.54,-0.06,21.71
22803,0.157,-0.2184,0.8678,-5.74,7.98,0.0,21.73
22813,0.152,-0.2117,0.8674,-5.92,8.21,0.08,21.71
22823,0.1472,-0.2122,0.8655,-6.44,7.71,-0.11,21.7
22833,0.1526,-0.2092,0.8586,-6.52,6.93,-0.38,21.74
22843,0.1576,-0.207,0.8489,-6.43,6.41,-0.4,21.73
22853,0.1689,-0.2139,0.8501,-6.06,7.11,-0.17,21.71
22863,0.1652,-0.212,0.8518,-6.05,8.49,-0.06,21.71
22873,0.1562,-0.2161,0.866,-6.03,9.1,0.17,21.71
22883,0.1506,-0.2185,0.8723,-6.17,8.5,0.12,21.7
22893,0.1472,-0.2201,0.8732,-6.46,7.69,-0.06,21.69
22903,0.1494,-0.2191,0.8712,-6.55,7.24,-0.12,21.7
22913,0.1537,-0.2251,0.8633,-6.4,7.44,-0.03,21.7
22923,0.1547,-0.2202,0.8669,-6.18,8.23,0.11,21.7
22933,0.1492,-0.2197,0.8733,-5.83,8.64,0.12,21.71
22943,0.1436,-0.215,0.8766,-5.65,8.12,0.05,21.7
22953,0.1479,-0.2148,0.8777,-6.0,7.31,-0.15,21.69
22963,0.1536,-0.2136,0.8748,-6.49,6.87,-0.26,21.72
22973,0.1622,-0.2157,0.8647,-6.67,7.13,-0.26,21.7
22983,0.1655,-0.2216,0.8608,-6.53,7.86,-0.17,21.7
22993,0.16,-0.2239,0.8608,-6.31,8.26,-0.08,21.7
23003,0.1566,-0.223,0.8683,-5.79,7.95,-0.12,21.7
23013,0.1593,-0.2218,0.8756,-5.62,7.21,-0.14,21.69
23023,0.162,-0.2136,0.8765,-5.71,6.9,-0.24,21.7
23033,0.1627,-0.2153,0.8784,-6.21,7.36,-0.06,21.7
23043,0.1633,-0.2145,0.8751,-6.46,8.2,0.03,21.69
23053,0.1567,-0.2131,0.8716,-6.44,8.6,0.12,21.7
23063,0.1505,-0.2152,0.8707,-6.18,8.24,0.0,21.71
23073,0.1487,-0.2141,0.8743,-6.14,7.66,-0.02,21.7
23083,0.1477,-0.2146,0.8711,-6.15,7.3,-0.12,21.7
23093,0.1515,-0.2145,0.8676,-6.38,7.53,-0.17,21.69
23103,0.1514,-0.2195,0.8583,-6.49,8.12,-0.06,21.7
23113,0.1494,-0.2205,0.8618,-6.43,8.31,-0.06,21.73
23123,0.1473,-0.2235,0.8594,-6.46,7.88,-0.08,21.72
23133,0.1505,-0.2223,0.8555,-6.12,7.47,-0.14,21.7
23143,0.1584,-0.2212,0.8544,-6.0,7.22,-0.17,21.7
23153,0.1552,-0.2217,0.8597,-5.82,7.53,-0.14,21.72
23163,0.1558,-0.2197,0.8611,-5.8,8.0,0.05,21.72
23173,0.1538,-0.2159,0.8691,-5.97,8.11,0.05,21.71
23183,0.1495,-0.2151,0.8722,-5.97,7.94,0.03,21.7
23193,0.1506,-0.2161,0.8707,-6.0,7.47,-0.03,21.71
23203,0.1543,-0.208,0.8661,-6.17,7.39,-0.05,21.72
23213,0.1536,-0.2112,0.8691,-6.23,7.68,-0.03,21.73
23223,0.1545,-0.2113,0.8702,-6.35,8.09,-0.02,21.71
23233,0.153,-0.2162,0.8666,-6.46,8.29,0.02,21.7
23243,0.1537,-0.2205,0.869,-6.55,8.06,0.0,21.72
23253,0.1571,-0.2211,0.8657,-6.38,7.68,-0.09,21.72
23263,0.1576,-0.2224,0.8616,-6.23,7.51,-0.09,21.72
23273,0.1598,-0.2231,0.8695,-6.11,7.62,-0.09,21.74
23283,0.1599,-0.2238,0.8684,-6.06,7.86,0.05,21.74
23293,0.1548,-0.2251,0.8755,-6.0,8.05,0.02,21.72
23303,0.1534,-0.22,0.8711,-6.11,7.8,0.02,21.74
23313,0.1549,-0.2197,0.877,-6.11,7.56,-0.12,21.72
23323,0.1564,-0.2216,0.8761,-6.18,7.47,-0.18,21.73
23333,0.1588,-0.2201,0.8734,-6.23,7.65,-0.12,21.71
23343,0.1598,-0.2217,0.8727,-6.31,7.85,-0.09,21.72
23353,0.1572,-0.2205,0.868,-6.17,7.97,-0.05,21.72
23363,0.1499,-0.2194,0.8704,-6.15,7.74,-0.05,21.72
23373,0.1539,-0.2161,0.8673,-6.23,7.56,-0.14,21.73
23383,0.1542,-0.2169,0.8632,-6.14,7.45,-0.12,21.73
23393,0.1528,-0.2152,0.8612,-6.08,7.57,-0.15,21.71
23403,0.1541,-0.2195,0.8644,-6.02,7.88,-0.11,21.72
23413,0.1547,-0.2184,0.8575,-6.11,7.95,0.0,21.75
23423,0.1538,-0.2188,0.8638,-6.14,7.91,-0.03,21.75
23433,0.1539,-0.2216,0.8672,-6.18,7.73,-0.11,21.74
23443,0.1542,-0.2224,0.8641,-6.12,7.57,-0.14,21.7
23453,0.1541,-0.2202,0.8651,-6.15,7.77,-0.06,21.7
23463,0.153,-0.2175,0.8628,-6.05,7.92,-0.03,21.71
23473,0.1514,-0.2195,0.8685,-5.85,7.88,-0.02,21.7
23483,0.1504,-0.2148,0.8646,-5.95,7.69,0.02,21.72
23493,0.151,-0.2118,0.8711,-6.05,7.73,-0.08,21.72
23503,0.152,-0.2129,0.8679,-6.26,7.77,0.0,21.71
23513,0.1522,-0.2175,0.8658,-6.31,7.97,0.03,21.73
23523,0.1503,-0.2201,0.8663,-6.41,8.08,0.06,21.71
23533,0.1499,-0.2233,0.8644,-6.23,8.02,0.08,21.72
23543,0.1495,-0.2195,0.866,-5.95,7.83,0.08,21.71
23553,0.1519,-0.2152,0.8666,-5.86,7.71,-0.02,21.72
23563,0.1498,-0.215,0.8689,-6.03,7.6,-0.02,21.68
23573,0.1511,-0.2136,0.869,-6.14,7.57,0.0,21.72
23583,0.1512,-0.2141,0.8699,-6.23,7.73,0.02,21.72
23593,0.1556,-0.2129,0.8721,-6.34,7.82,-0.12,21.74
23603,0.1558,-0.2162,0.8711,-6.29,7.77,-0.12,21.72
23613,0.1538,-0.2177,0.8674,-6.37,7.79,-0.18,21.69
23623,0.1556,-0.2225,0.8676,-6.32,7.77,-0.11,21.71
23633,0.1591,-0.2235,0.8689,-6.21,7.79,-0.06,21.73
23643,0.1597,-0.2249,0.8708,-6.11,7.68,-0.14,21.72
23653,0.1599,-0.2245,0.8683,-6.11,7.65,-0.05,21.74
23663,0.1586,-0.2216,0.8668,-5.98,7.71,0.05,21.73
23673,0.1587,-0.2178,0.8634,-5.82,7.82,0.0,21.73
23683,0.1512,-0.2145,0.8658,-6.0,7.94,0.0,21.74
23693,0.1497,-0.2092,0.8652,-6.11,7.83,-0.03,21.72
23703,0.1522,-0.2084,0.866,-6.11,7.69,-0.09,21.72
23713,0.1541,-0.2113,0.866,-6.23,7.68,-0.15,21.71
23723,0.1517,-0.2046,0.8634,-6.17,7.83,-0.06,21.72
23733,0.1544,-0.2091,0.8679,-6.05,7.83,-0.15,21.73
23743,0.1548,-0.2104,0.8691,-6.17,7.71,-0.23,21.71
23753,0.1586,-0.2146,0.8613,-6.43,7.54,-0.29,21.74
23763,0.1626,-0.2188,0.8611,-6.46,7.42,-0.23,21.73
23773,0.167,-0.223,0.8584,-6.52,7.62,-0.24,21.72
23783,0.1663,-0.2279,0.859,-6.23,8.03,-0.06,21.71
23793,0.1626,-0.2284,0.8612,-6.12,8.4,0.14,21.7
23803,0.1543,-0.2306,0.8668,-5.97,8.27,0.06,21.69
23813,0.1486,-0.2255,0.8741,-5.79,7.94,0.06,21.7
23823,0.1466,-0.2191,0.8728,-5.79,7.54,0.05,21.7
23833,0.1481,-0.2131,0.8733,-5.79,7.5,0.05,21.72
23843,0.1454,-0.2061,0.8784,-5.89,7.79,0.03,21.73
23853,0.144,-0.2023,0.8733,-6.02,8.0,0.02,21.72
23863,0.1442,-0.2081,0.8752,-6.24,7.94,-0.06,21.73
23873,0.1479,-0.2108,0.8713,-6.56,7.71,-0.15,21.72
23883,0.1543,-0.2159,0.8649,-6.72,7.59,-0.2,21.69
23893,0.1564,-0.223,0.8623,-6.78,7.62,-0.17,21.73
23903,0.1602,-0.228,0.8553,-6.47,7.88,-0.18,21.74
23913,0.166,-0.2316,0.8572,-6.2,7.98,-0.08,21.72
23923,0.1616,-0.2307,0.861,-5.71,7.82,-0.02,21.71
23933,0.1597,-0.2246,0.8712,-5.53,7.59,-0.02,21.74
23943,0.1594,-0.2183,0.8752,-5.51,7.48,0.03,21.69
23953,0.1578,-0.2158,0.8755,-5.86,7.57,0.03,21.71
23963,0.1552,-0.2151,0.8727,-6.32,7.89,0.05,21.74
23973,0.1523,-0.2133,0.869,-6.5,8.12,0.02,21.72
23983,0.149,-0.2152,0.8682,-6.35,8.06,0.0,21.73
23993,0.1484,-0.2158,0.8666,-5.98,7.92,-0.05,21.7
24003,0.1487,-0.2134,0.8688,-5.95,7.62,0.03,21.72
24013,0.1484,-0.2107,0.8644,-6.03,7.53,-0.08,21.73
24023,0.15,-0.2103,0.866,-6.17,7.54,-0.14,21.73
24033,0.1497,-0.2136,0.8612,-6.4,7.65,-0.12,21.68
24043,0.1525,-0.2146,0.8588,-6.35,7.79,-0.09,21.74
24053,0.1558,-0.2178,0.8593,-6.14,7.88,-0.09,21.74
24063,0.1576,-0.2186,0.8645,-6.11,7.89,-0.12,21.73
24073,0.1555,-0.2181,0.8663,-6.06,7.89,-0.03,21.72
24083,0.1536,-0.2202,0.8707,-6.17,7.76,-0.06,21.74
24093,0.1547,-0.2212,0.8676,-6.21,7.74,-0.05,21.72
24103,0.1564,-0.2201,0.87,-6.26,7.73,-0.06,21.72
24113,0.1567,-0.2168,0.8706,-6.21,7.83,0.03,21.71
24123,0.1555,-0.2158,0.8651,-6.03,7.88,0.0,21.73
24133,0.1547,-0.219,0.8724,-6.06,7.86,0.0,21.73
24143,0.1541,-0.2186,0.8722,-6.24,7.83,0.02,21.73
24153,0.1569,-0.2167,0.8665,-6.37,7.83,-0.06,21.74
24163,0.1575,-0.2172,0.8652,-6.4,7.83,-0.05,21.77
24173,0.1561,-0.2152,0.8649,-6.37,7.88,-0.06,21.74
24183,0.1541,-0.2183,0.8646,-6.17,7.86,0.03,21.74
24193,0.1516,-0.2192,0.865,-6.02,7.73,0.02,21.74
24203,0.1545,-0.2152,0.87,-5.91,7.44,-0.14,21.73
24213,0.1545,-0.2156,0.8694,-6.02,7.44,-0.14,21.72
24223,0.1565,-0.2137,0.8684,-6.23,7.66,-0.15,21.74
24233,0.1562,-0.2157,0.8688,-6.27,7.89,-0.09,21.74
24243,0.1531,-0.2162,0.8688,-6.34,7.92,-0.02,21.77
24253,0.1547,-0.2153,0.8717,-6.18,7.88,-0.11,21.72
24263,0.1571,-0.2169,0.8683,-6.34,7.68,-0.09,21.73
24273,0.1547,-0.2172,0.8639,-6.23,7.63,-0.14,21.73
24283,0.1561,-0.2203,0.8672,-6.31,7.62,-0.11,21.75
24293,0.1548,-0.2206,0.8628,-6.34,7.88,-0.09,21.73
24303,0.1531,-0.2174,0.8622,-6.2,7.88,-0.06,21.75
24313,0.1517,-0.217,0.864,-6.09,7.85,-0.05,21.73
24323,0.1537,-0.2167,0.8667,-6.09,7.74,-0.08,21.72
24333,0.1525,-0.2144,0.8654,-6.18,7.71,-0.12,21.75
24343,0.1544,-0.2156,0.8632,-6.23,7.73,-0.08,21.74
24353,0.1537,-0.2156,0.8622,-6.34,7.8,-0.09,21.73
24363,0.1531,-0.2194,0.8634,-6.44,7.89,-0.08,21.74
24373,0.1541,-0.2201,0.8619,-6.15,7.8,-0.02,21.77
24383,0.155,-0.2213,0.8635,-6.05,7.68,-0.09,21.72
24393,0.1532,-0.2222,0.8671,-6.17,7.54,-0.12,21.72
24403,0.1552,-0.2219,0.8651,-6.14,7.66,-0.08,21.73
24413,0.1564,-0.2196,0.8712,-6.17,7.77,-0.03,21.72
24423,0.1565,-0.2166,0.8683,-6.27,7.83,-0.08,21.74
24433,0.1559,-0.2194,0.8691,-6.21,7.79,0.0,21.74
24443,0.1532,-0.2201,0.8701,-6.09,7.68,-0.02,21.72
24453,0.1565,-0.2155,0.8652,-6.11,7.63,-0.06,21.7
24463,0.1555,-0.2177,0.8672,-6.12,7.76,0.0,21.74
24473,0.1565,-0.2203,0.8704,-6.17,7.83,-0.02,21.75
24483,0.1554,-0.2177,0.8668,-6.15,7.86,0.0,21.76
24493,0.1533,-0.2179,0.8683,-6.14,7.82,0.0,21.72
24503,0.1542,-0.2191,0.8657,-6.14,7.73,-0.06,21.73
24513,0.1539,-0.2186,0.8699,-6.14,7.69,-0.06,21.73
24523,0.1536,-0.2186,0.8643,-6.18,7.74,-0.05,21.74
24533,0.1555,-0.2181,0.8678,-6.11,7.8,-0.08,21.74
24543,0.155,-0.2185,0.8658,-6.14,7.79,-0.05,21.74
24553,0.1543,-0.2157,0.8625,-6.26,7.85,0.0,21.73
24563,0.1544,-0.219,0.865,-6.21,7.79,-0.06,21.73
24573,0.1549,-0.2174,0.8636,-6.11,7.71,-0.14,21.74
24583,0.1549,-0.2181,0.8622,-6.11,7.74,-0.05,21.74
24593,0.1532,-0.2167,0.8652,-6.03,7.73,-0.02,21.76
24603,0.155,-0.2184,0.8661,-6.08,7.73,0.0,21.74
24613,0.1541,-0.2145,0.866,-6.09,7.83,-0.02,21.74
24623,0.1528,-0.2145,0.8623,-6.14,7.79,-0.12,21.75
24633,0.1536,-0.2152,0.8672,-6.11,7.76,-0.05,21.75
24643,0.1533,-0.2131,0.8658,-6.32,7.77,-0.08,21.74
24653,0.1549,-0.2139,0.8635,-6.17,7.85,-0.03,21.75
24663,0.152,-0.2146,0.8657,-6.18,7.86,-0.06,21.75
24673,0.1528,-0.2177,0.8632,-6.08,7.85,-0.06,21.73
24683,0.1549,-0.2181,0.8658,-6.23,7.76,-0.09,21.73
24693,0.1531,-0.2181,0.8641,-6.18,7.73,-0.09,21.73
24703,0.1561,-0.2166,0.8698,-6.11,7.71,-0.14,21.77
24713,0.1553,-0.2183,0.8638,-6.26,7.77,-0.06,21.74
24723,0.153,-0.2145,0.8671,-6.24,7.79,-0.06,21.74
24733,0.1569,-0.2197,0.8689,-6.11,7.65,0.05,21.73
24743,0.1569,-0.2208,0.864,-6.09,7.76,-0.14,21.73
24753,0.1534,-0.2168,0.8695,-6.12,7.73,-0.05,21.74
24763,0.1553,-0.2174,0.8679,-6.15,7.73,-0.05,21.72
24773,0.1548,-0.2181,0.8683,-6.14,7.77,-0.11,21.74
24783,0.158,-0.2175,0.8687,-6.26,7.74,-0.11,21.76
24793,0.1566,-0.2194,0.873,-6.2,7.71,0.0,21.73
24803,0.1554,-0.2163,0.8691,-6.2,7.76,-0.15,21.74
24813,0.153,-0.2183,0.8678,-6.11,7.76,-0.06,21.74
24823,0.1553,-0.2188,0.8657,-6.15,7.77,0.02,21.76
24833,0.155,-0.2194,0.8674,-6.17,7.8,-0.08,21.75
24843,0.155,-0.2164,0.8666,-6.14,7.77,-0.06,21.76
24853,0.1567,-0.2167,0.8656,-6.15,7.76,-0.06,21.74
24863,0.1547,-0.2159,0.8657,-6.11,7.65,-0.08,21.73
24873,0.1553,-0.2157,0.865,-6.11,7.73,-0.09,21.73
24883,0.1559,-0.2163,0.8685,-6.06,7.77,-0.03,21.73
24893,0.1538,-0.2157,0.8689,-6.08,7.83,-0.08,21.75
24903,0.153,-0.2185,0.8652,-6.15,7.77,-0.17,21.74
24913,0.152,-0.2159,0.8645,-6.18,7.79,-0.11,21.75
24923,0.1489,-0.2175,0.8634,-6.21,7.82,-0.18,21.75
24933,0.1526,-0.2158,0.8658,-6.24,7.8,-0.09,21.73
24943,0.1545,-0.2179,0.8644,-6.32,7.8,-0.08,21.75
24953,0.153,-0.2159,0.864,-6.24,7.83,0.03,21.74
24963,0.1526,-0.2184,0.8671,-6.15,7.88,-0.02,21.74
24973,0.1558,-0.2175,0.8687,-6.17,7.79,-0.03,21.74
24983,0.155,-0.2172,0.8682,-6.12,7.73,-0.12,21.75
24993,0.1537,-0.2194,0.8671,-6.27,7.77,0.0,21.76
25003,0.1561,-0.2173,0.864,-6.31,7.76,0.0,21.74
25013,0.1533,-0.217,0.8673,-6.2,7.79,0.0,21.74
25023,0.155,-0.2169,0.8688,-6.18,7.76,-0.02,21.74
25033,0.1558,-0.2203,0.8658,-6.27,7.76,-0.05,21.76
25043,0.1544,-0.2166,0.8691,-6.23,7.74,-0.11,21.72
25053,0.1541,-0.2166,0.8712,-6.17,7.69,-0.12,21.74
25063,0.1558,-0.2178,0.8674,-6.17,7.8,-0.08,21.73
25073,0.1567,-0.2181,0.865,-6.15,7.83,-0.08,21.74
25083,0.1548,-0.2163,0.8712,-6.11,7.85,-0.08,21.75
25093,0.1552,-0.2185,0.8711,-6.14,7.8,-0.06,21.75
25103,0.1566,-0.2189,0.87,-6.06,7.74,-0.06,21.74
25113,0.1561,-0.215,0.8695,-6.23,7.71,-0.12,21.74
25123,0.1552,-0.2166,0.865,-6.18,7.71,-0.09,21.73
25133,0.1554,-0.2183,0.8688,-6.23,7.82,-0.06,21.74
25143,0.1559,-0.2164,0.865,-6.18,7.8,-0.03,21.75
25153,0.1545,-0.2173,0.8677,-6.09,7.74,-0.06,21.74
25163,0.1528,-0.217,0.8668,-6.09,7.69,-0.06,21.72
25173,0.1528,-0.2181,0.8668,-6.06,7.76,-0.12,21.72
25183,0.156,-0.2172,0.8682,-6.17,7.77,-0.12,21.75
25193,0.1549,-0.2172,0.8636,-6.21,7.85,-0.11,21.74
25203,0.1545,-0.2206,0.8691,-6.24,7.77,-0.14,21.7
25213,0.1521,-0.2157,0.8645,-6.23,7.8,-0.03,21.74
25223,0.153,-0.2163,0.8673,-6.08,7.76,0.0,21.75
25233,0.1537,-0.2166,0.8635,-6.12,7.71,-0.05,21.76
25243,0.1528,-0.214,0.864,-6.2,7.76,-0.06,21.75
25253,0.1536,-0.2145,0.8672,-6.18,7.76,-0.05,21.74
25263,0.152,-0.218,0.8633,-6.23,7.74,0.0,21.77
25273,0.153,-0.2168,0.8665,-6.18,7.77,0.03,21.74
25283,0.1523,-0.2164,0.8683,-6.15,7.77,-0.05,21.73
25293,0.1564,-0.2185,0.8705,-6.18,7.73,-0.14,21.77
25303,0.1583,-0.2195,0.8672,-6.24,7.71,-0.03,21.77
25313,0.1578,-0.2163,0.8668,-6.26,7.77,0.08,21.76
25323,0.1573,-0.218,0.8665,-6.2,7.8,-0.03,21.74
25333,0.1548,-0.219,0.8647,-6.18,7.85,-0.03,21.75
25343,0.1538,-0.2163,0.8687,-6.14,7.76,-0.03,21.73
25353,0.1573,-0.2186,0.8691,-6.14,7.76,-0.06,21.76
25363,0.1536,-0.2159,0.8669,-6.15,7.82,-0.15,21.74
25373,0.1545,-0.2163,0.87,-6.26,7.8,-0.05,21.74
25383,0.1533,-0.2192,0.87,-6.26,7.86,-0.08,21.74
25393,0.1541,-0.2169,0.8661,-6.24,7.88,0.02,21.76
25403,0.1543,-0.2173,0.8696,-6.11,7.74,-0.02,21.76
25413,0.1552,-0.218,0.868,-6.12,7.73,-0.03,21.76
25423,0.1562,-0.2186,0.8687,-6.05,7.68,-0.06,21.76
25433,0.1554,-0.2197,0.8699,-6.18,7.74,-0.11,21.72
25443,0.1564,-0.2188,0.8684,-6.24,7.83,0.0,21.75
25453,0.1572,-0.2191,0.8698,-6.23,7.85,0.03,21.75
25463,0.1539,-0.2188,0.8715,-6.18,7.8,-0.06,21.74
25473,0.1567,-0.218,0.868,-6.17,7.76,-0.11,21.74
25483,0.1522,-0.2175,0.8674,-6.12,7.79,-0.08,21.76
25493,0.155,-0.2185,0.8652,-6.03,7.79,-0.08,21.77
25503,0.1577,-0.2162,0.8656,-6.06,7.85,0.0,21.75
25513,0.1505,-0.2173,0.8669,-6.12,7.74,-0.05,21.75
25523,0.1527,-0.2137,0.8672,-6.17,7.68,-0.05,21.75
25533,0.153,-0.2166,0.8652,-6.24,7.66,-0.09,21.74
25543,0.152,-0.2167,0.8679,-6.18,7.76,-0.09,21.78
25553,0.1522,-0.2179,0.8656,-6.18,7.82,-0.03,21.76
25563,0.1555,-0.2177,0.8667,-6.09,7.86,-0.02,21.77
25573,0.1576,-0.219,0.866,-6.06,7.79,-0.02,21.75
25583,0.1552,-0.2188,0.8645,-6.11,7.73,-0.08,21.72
25593,0.1545,-0.2184,0.8717,-6.15,7.69,-0.03,21.74
25603,0.1565,-0.2164,0.8671,-6.17,7.76,-0.11,21.75
25613,0.155,-0.2185,0.8658,-6.14,7.8,-0.09,21.76
25623,0.1543,-0.2186,0.8685,-6.23,7.91,-0.05,21.77
25633,0.1564,-0.2173,0.8678,-6.18,7.77,-0.05,21.77
25643,0.1552,-0.2188,0.8634,-6.21,7.73,-0.05,21.75
25653,0.1532,-0.2183,0.8663,-6.11,7.68,-0.12,21.72
25663,0.1575,-0.2163,0.8706,-6.14,7.76,-0.09,21.73
25673,0.1542,-0.2185,0.8687,-6.26,7.8,-0.03,21.78
25683,0.1567,-0.2178,0.8724,-6.21,7.86,0.02,21.77
25693,0.1561,-0.2186,0.8687,-6.12,7.86,-0.05,21.77
25703,0.1538,-0.2194,0.8738,-6.26,7.79,-0.08,21.77
25713,0.1549,-0.2197,0.8662,-6.21,7.71,-0.15,21.75
25723,0.1548,-0.2184,0.8687,-6.26,7.73,-0.09,21.75
25733,0.1567,-0.2198,0.8744,-6.23,7.82,-0.11,21.76
25743,0.1523,-0.2169,0.8693,-6.17,7.83,-0.03,21.74
25753,0.1549,-0.2194,0.869,-6.15,7.83,-0.11,21.73
25763,0.1537,-0.2166,0.8706,-6.17,7.71,-0.03,21.76
25773,0.1545,-0.217,0.8625,-6.17,7.63,-0.06,21.74
25783,0.1555,-0.2186,0.8636,-6.18,7.68,-0.06,21.74
25793,0.1548,-0.2192,0.8656,-6.17,7.8,-0.02,21.74
25803,0.1519,-0.2172,0.8685,-6.09,7.86,0.02,21.74
25813,0.1544,-0.2167,0.8669,-6.11,7.77,0.05,21.74
25823,0.1521,-0.2172,0.8663,-6.26,7.77,-0.12,21.74
25833,0.1569,-0.2191,0.8666,-6.15,7.68,-0.09,21.74
25843,0.1554,-0.2169,0.8668,-6.12,7.77,-0.11,21.76
25853,0.1558,-0.2184,0.8622,-6.14,7.83,-0.02,21.75
25863,0.1561,-0.218,0.8651,-6.06,7.79,-0.03,21.73
25873,0.1555,-0.2178,0.8644,-6.15,7.86,-0.06,21.76
25883,0.1567,-0.2189,0.8672,-6.11,7.71,-0.06,21.76
25893,0.1559,-0.2161,0.8684,-6.15,7.69,-0.05,21.74
25903,0.156,-0.2168,0.8685,-6.2,7.76,-0.02,21.75
25913,0.1571,-0.2163,0.8608,-6.23,7.71,-0.02,21.73
25923,0.1562,-0.2167,0.8672,-6.21,7.82,-0.05,21.74
25933,0.1561,-0.2183,0.8695,-6.2,7.74,-0.03,21.74
25943,0.1532,-0.2152,0.8685,-6.24,7.79,-0.03,21.77
25953,0.1538,-0.2189,0.8685,-6.11,7.73,-0.09,21.79
25963,0.155,-0.2189,0.8695,-6.26,7.73,-0.05,21.76
25973,0.1541,-0.2148,0.8702,-6.21,7.79,-0.11,21.76
25983,0.1543,-0.2191,0.8674,-6.18,7.74,-0.02,21.77
25993,0.1548,-0.2203,0.8669,-6.17,7.73,-0.03,21.75
26003,0.1539,-0.2174,0.8693,-6.26,7.71,-0.09,21.75
26013,0.1534,-0.2172,0.865,-6.17,7.77,-0.17,21.73
26023,0.1558,-0.219,0.8705,-6.18,7.74,0.0,21.74
26033,0.1537,-0.2174,0.8672,-6.21,7.83,0.02,21.77
26043,0.156,-0.2177,0.8676,-6.2,7.77,-0.06,21.77
26053,0.1554,-0.2174,0.8693,-6.14,7.8,-0.06,21.76
26063,0.1552,-0.2197,0.8684,-6.17,7.77,-0.02,21.76
26073,0.1534,-0.2178,0.8717,-6.14,7.8,-0.06,21.76
26083,0.1534,-0.2173,0.8668,-6.2,7.73,-0.11,21.72
26093,0.1538,-0.2162,0.8665,-6.18,7.73,-0.05,21.74
26103,0.1556,-0.217,0.8641,-6.2,7.8,-0.05,21.75
26113,0.1527,-0.2172,0.87,-6.11,7.76,0.02,21.74
26123,0.1543,-0.215,0.8672,-6.17,7.82,-0.08,21.78
26133,0.1537,-0.2177,0.8644,-6.26,7.74,-0.05,21.77
26143,0.1542,-0.2172,0.8638,-6.23,7.69,-0.11,21.77
26153,0.1539,-0.2159,0.8655,-6.23,7.82,-0.05,21.78
26163,0.1552,-0.22,0.8683,-6.12,7.77,-0.05,21.75
26173,0.1542,-0.2162,0.8661,-6.06,7.79,-0.03,21.77
26183,0.1512,-0.2155,0.8641,-6.17,7.73,-0.05,21.76
26193,0.1541,-0.2135,0.8666,-6.14,7.76,-0.05,21.75
26203,0.1528,-0.2145,0.8658,-6.12,7.76,-0.08,21.77
26213,0.153,-0.2174,0.8677,-6.24,7.83,-0.09,21.78
26223,0.1532,-0.2192,0.8685,-6.23,7.82,-0.03,21.76
26233,0.1509,-0.2183,0.8721,-6.23,7.77,-0.05,21.76
26243,0.156,-0.2168,0.8672,-6.15,7.82,-0.05,21.76
26253,0.1545,-0.2192,0.8654,-6.2,7.68,-0.09,21.75
26263,0.1548,-0.2175,0.8656,-6.03,7.88,-0.06,21.76
26273,0.156,-0.2168,0.8687,-6.23,7.8,-0.09,21.75
26283,0.1523,-0.2179,0.8676,-6.18,7.76,-0.12,21.76
26293,0.152,-0.2188,0.8701,-6.15,7.8,-0.09,21.77
26303,0.1555,-0.2177,0.8678,-6.18,7.69,-0.08,21.75
26313,0.1537,-0.2194,0.8685,-6.12,7.66,-0.17,21.77
26323,0.155,-0.2168,0.8673,-6.29,7.76,-0.03,21.76
26333,0.1577,-0.2189,0.8683,-6.23,7.76,-0.14,21.76
26343,0.1548,-0.2189,0.8677,-6.26,7.89,-0.12,21.76
26353,0.1548,-0.2168,0.8699,-6.21,7.85,-0.09,21.77
26363,0.155,-0.2192,0.866,-6.12,7.76,-0.11,21.77
26373,0.1528,-0.2207,0.8678,-6.05,7.66,-0.06,21.76
26383,0.1536,-0.218,0.8658,-6.18,7.73,-0.05,21.77
26393,0.1544,-0.2196,0.8669,-6.17,7.77,-0.02,21.78
26403,0.1542,-0.2142,0.8676,-6.26,7.88,-0.08,21.75
26413,0.1531,-0.2196,0.8665,-6.26,7.8,-0.02,21.74
26423,0.1533,-0.2195,0.8693,-6.23,7.68,-0.12,21.75
26433,0.1542,-0.2179,0.8645,-6.24,7.74,-0.11,21.75
26443,0.1556,-0.2191,0.8633,-6.15,7.77,-0.12,21.77
26453,0.1556,-0.2195,0.8678,-6.11,7.86,0.03,21.76
26463,0.1538,-0.217,0.864,-6.17,7.82,0.05,21.77
26473,0.153,-0.2188,0.8665,-6.2,7.74,-0.09,21.76
26483,0.1539,-0.2194,0.8658,-6.24,7.79,-0.12,21.76
26493,0.1503,-0.2189,0.865,-6.23,7.76,-0.06,21.77
26503,0.1538,-0.218,0.8683,-6.17,7.76,0.0,21.75
26513,0.1548,-0.2201,0.8676,-6.09,7.8,-0.11,21.78
26523,0.1543,-0.2186,0.8647,-6.08,7.86,-0.08,21.78
26533,0.1526,-0.218,0.8702,-6.17,7.82,-0.08,21.79
26543,0.1553,-0.2178,0.8698,-6.15,7.74,-0.17,21.77
26553,0.157,-0.2203,0.8669,-6.17,7.71,-0.12,21.77
26563,0.1538,-0.2191,0.8663,-6.23,7.71,-0.05,21.78
26573,0.1542,-0.2174,0.8688,-6.23,7.82,0.0,21.75
26583,0.1552,-0.2181,0.8661,-6.15,7.8,-0.05,21.76
26593,0.1567,-0.2173,0.8673,-6.17,7.77,-0.09,21.76
26603,0.1558,-0.2183,0.8682,-6.17,7.79,-0.11,21.77
26613,0.1554,-0.2158,0.8676,-6.2,7.76,-0.06,21.77
26623,0.1519,-0.2151,0.869,-6.18,7.82,-0.14,21.77
26633,0.1545,-0.2172,0.866,-6.11,7.74,-0.05,21.76
26643,0.1571,-0.2205,0.8672,-6.2,7.71,-0.08,21.74
26653,0.1532,-0.2209,0.8716,-6.14,7.8,-0.12,21.78
26663,0.1552,-0.2173,0.8702,-6.12,7.79,-0.02,21.77
26673,0.1564,-0.2172,0.866,-6.09,7.8,-0.09,21.77
26683,0.1549,-0.2174,0.8667,-6.32,7.82,-0.02,21.76
26693,0.1571,-0.2177,0.8667,-6.24,7.76,-0.11,21.75
26703,0.1544,-0.2177,0.8633,-6.17,7.76,-0.06,21.76
26713,0.1536,-0.2181,0.8643,-6.17,7.79,-0.06,21.76
26723,0.1536,-0.2179,0.8655,-6.24,7.77,-0.09,21.77
26733,0.1528,-0.2174,0.8666,-6.14,7.76,0.02,21.75
26743,0.155,-0.2191,0.8693,-6.18,7.77,-0.06,21.75
26753,0.1525,-0.2177,0.8651,-6.17,7.79,-0.08,21.76
26763,0.1553,-0.2186,0.8616,-6.09,7.77,-0.06,21.78
26773,0.156,-0.2177,0.8673,-6.24,7.8,-0.08,21.76
26783,0.1526,-0.2189,0.8682,-6.31,7.76,-0.05,21.77
26793,0.1517,-0.2152,0.8646,-6.18,7.79,-0.02,21.78
26803,0.1537,-0.2188,0.869,-6.17,7.77,0.02,21.76
26813,0.1564,-0.2169,0.8689,-6.15,7.8,-0.02,21.79
26823,0.1561,-0.2169,0.8644,-6.11,7.76,-0.11,21.77
26833,0.1547,-0.219,0.8677,-6.18,7.76,-0.03,21.8
26843,0.1552,-0.2174,0.8722,-6.11,7.74,-0.08,21.77
26853,0.1543,-0.2173,0.8683,-6.21,7.79,-0.05,21.75
26863,0.1538,-0.2212,0.8666,-6.21,7.77,-0.03,21.77
26873,0.1572,-0.218,0.8704,-6.23,7.77,-0.08,21.77
26883,0.153,-0.2142,0.8672,-6.2,7.71,-0.05,21.76
26893,0.1553,-0.2181,0.8657,-6.18,7.71,-0.05,21.79
26903,0.1542,-0.2184,0.8733,-6.15,7.76,-0.05,21.77
26913,0.1548,-0.2192,0.8665,-6.17,7.77,-0.08,21.78
26923,0.1545,-0.218,0.8646,-6.09,7.8,0.02,21.78
26933,0.156,-0.2213,0.8723,-6.14,7.79,-0.09,21.77
26943,0.1553,-0.2175,0.8661,-6.18,7.85,-0.05,21.78
26953,0.1539,-0.2172,0.8667,-6.2,7.8,-0.06,21.79
26963,0.1526,-0.2194,0.8663,-6.11,7.77,-0.11,21.77
26973,0.1514,-0.2157,0.8636,-6.11,7.69,-0.03,21.78
26983,0.1556,-0.214,0.863,-6.09,7.82,0.0,21.78
26993,0.1541,-0.2183,0.8665,-6.12,7.88,0.0,21.77
27003,0.1559,-0.2189,0.8674,-6.17,7.82,-0.15,21.76
27013,0.151,-0.2142,0.8699,-6.2,7.76,-0.14,21.79
27023,0.1558,-0.2177,0.865,-6.27,7.66,-0.14,21.78
27033,0.1567,-0.2195,0.8647,-6.26,7.74,-0.2,21.77
27043,0.1553,-0.2159,0.8608,-6.18,7.82,-0.11,21.77
27053,0.153,-0.2173,0.8635,-6.08,7.85,-0.14,21.76
27063,0.1519,-0.2164,0.8683,-6.12,7.69,-0.03,21.78
27073,0.1538,-0.2179,0.8676,-6.12,7.71,-0.06,21.74
27083,0.155,-0.2122,0.866,-6.24,7.77,-0.11,21.76
27093,0.1559,-0.2174,0.8661,-6.24,7.76,-0.09,21.76
27103,0.1531,-0.218,0.8635,-6.27,7.91,-0.08,21.76
27113,0.1545,-0.2178,0.8668,-6.12,7.91,-0.06,21.77
27123,0.1547,-0.2173,0.8671,-6.11,7.82,-0.08,21.77
27133,0.1544,-0.2167,0.8679,-6.11,7.69,-0.08,21.78
27143,0.1553,-0.219,0.8665,-6.15,7.71,-0.02,21.77
27153,0.1562,-0.2166,0.8685,-6.21,7.69,-0.09,21.8
27163,0.1522,-0.2166,0.873,-6.14,7.79,-0.06,21.79
27173,0.1552,-0.2188,0.87,-6.11,7.82,-0.02,21.78
27183,0.1555,-0.2207,0.8666,-6.18,7.79,-0.14,21.75
27193,0.1573,-0.2192,0.8645,-6.23,7.66,-0.05,21.78
27203,0.1581,-0.2208,0.8658,-6.11,7.73,-0.09,21.78
27213,0.1537,-0.2141,0.8672,-6.17,7.73,-0.11,21.77
27223,0.1556,-0.2174,0.8656,-6.18,7.82,0.0,21.77
27233,0.1548,-0.217,0.8698,-6.17,7.8,-0.02,21.76
27243,0.1552,-0.2185,0.8678,-6.26,7.76,-0.05,21.78
27253,0.1571,-0.2179,0.8665,-6.21,7.73,-0.05,21.82
27263,0.1542,-0.2192,0.8658,-6.23,7.74,-0.05,21.8
27273,0.157,-0.2167,0.8662,-6.14,7.77,-0.11,21.77
27283,0.1547,-0.2144,0.8666,-6.17,7.82,0.02,21.79
27301,0.1514,-0.22,0.8665,-6.14,7.74,-0.08,21.78
27311,0.1472,-0.2194,0.8657,-6.15,7.74,-0.03,21.8
27321,0.1541,-0.2195,0.8668,-6.29,7.73,-0.06,21.81
27331,0.1549,-0.2184,0.866,-6.14,7.85,-0.05,21.76
27341,0.1525,-0.2145,0.8646,-6.14,7.86,-0.06,21.79
27351,0.1517,-0.2189,0.8668,-6.11,7.8,-0.02,21.77
27361,0.1536,-0.2178,0.8707,-6.14,7.76,-0.06,21.78
27371,0.1542,-0.2173,0.8673,-6.17,7.77,-0.02,21.78
27381,0.1559,-0.2163,0.8655,-6.15,7.69,-0.03,21.8
27391,0.1544,-0.2161,0.8632,-6.29,7.77,-0.08,21.79
27401,0.1539,-0.2169,0.8661,-6.11,7.77,-0.03,21.77
27411,0.1517,-0.2173,0.8662,-6.18,7.86,-0.02,21.76
27421,0.151,-0.2184,0.8695,-6.17,7.8,-0.09,21.8
27431,0.1505,-0.2155,0.8667,-6.12,7.77,-0.14,21.81
27441,0.1534,-0.2158,0.8663,-6.21,7.73,-0.06,21.79
27451,0.1532,-0.2177,0.866,-6.17,7.77,-0.06,21.79
27461,0.1554,-0.2153,0.8685,-6.21,7.73,-0.09,21.8
27471,0.1537,-0.2211,0.8667,-6.23,7.79,-0.02,21.79
27481,0.1534,-0.2194,0.8662,-6.2,7.77,-0.05,21.76
27491,0.1545,-0.2196,0.8682,-6.12,7.89,-0.02,21.79
27501,0.1543,-0.2194,0.868,-6.15,7.77,0.0,21.77
27511,0.1543,-0.2147,0.8647,-6.12,7.77,0.02,21.77
27521,0.155,-0.2185,0.869,-6.06,7.73,-0.08,21.8
27531,0.1555,-0.2208,0.8713,-6.2,7.73,-0.08,21.79
27541,0.156,-0.2163,0.8713,-6.24,7.74,-0.03,21.79
27551,0.155,-0.2195,0.8695,-6.14,7.79,0.0,21.8
27561,0.1562,-0.217,0.8688,-6.17,7.8,-0.02,21.8
27571,0.1565,-0.2168,0.8672,-6.26,7.71,-0.05,21.78
27581,0.1573,-0.2177,0.8662,-6.24,7.71,-0.06,21.77
27591,0.1556,-0.2181,0.8629,-6.29,7.74,-0.03,21.79
27601,0.1554,-0.2184,0.8652,-6.24,7.85,-0.02,21.79
27611,0.1521,-0.2153,0.8683,-6.12,7.94,0.02,21.79
27621,0.1542,-0.2192,0.8666,-6.06,7.92,-0.11,21.79
27631,0.1493,-0.2164,0.8663,-6.17,7.74,-0.02,21.81
27641,0.1545,-0.2184,0.864,-6.17,7.59,-0.06,21.78
27651,0.1556,-0.2188,0.8671,-6.11,7.68,-0.08,21.77
27661,0.1548,-0.2189,0.8632,-6.18,7.79,-0.02,21.79
27671,0.1554,-0.2155,0.8649,-6.11,7.86,-0.06,21.77
27681,0.1538,-0.219,0.8661,-6.08,7.8,-0.05,21.8
27691,0.1534,-0.2155,0.87,-6.11,7.77,-0.05,21.79
27701,0.1539,-0.2156,0.8695,-6.17,7.68,-0.02,21.81
27711,0.1575,-0.2195,0.8672,-6.18,7.62,-0.08,21.79
27721,0.1544,-0.2191,0.8632,-6.18,7.77,-0.06,21.78
27731,0.1553,-0.2181,0.8644,-6.18,7.83,0.02,21.76
27741,0.1564,-0.2172,0.8672,-6.23,7.92,-0.05,21.77
27751,0.1549,-0.2186,0.8698,-6.2,7.86,-0.03,21.79
27761,0.1536,-0.2192,0.8665,-6.21,7.77,-0.05,21.8
27771,0.155,-0.2202,0.868,-6.17,7.68,-0.02,21.78
27781,0.1559,-0.2205,0.8673,-6.24,7.69,-0.02,21.78
27791,0.1534,-0.2156,0.8645,-6.26,7.85,-0.08,21.81
27801,0.1541,-0.2164,0.8624,-6.2,7.85,-0.03,21.79
27811,0.1525,-0.218,0.8668,-6.17,7.8,-0.02,21.77
27821,0.1541,-0.218,0.8721,-6.06,7.66,-0.09,21.78
27831,0.1541,-0.2203,0.8732,-6.18,7.62,0.05,21.78
27841,0.1523,-0.2156,0.8663,-6.18,7.68,-0.02,21.78
27851,0.1558,-0.2162,0.8671,-6.23,7.85,-0.03,21.76
27861,0.1528,-0.217,0.8672,-6.23,7.86,-0.09,21.78
27871,0.1538,-0.2152,0.8698,-6.27,7.8,-0.02,21.79
27881,0.1538,-0.2178,0.8646,-6.2,7.69,-0.08,21.79
27891,0.1531,-0.2175,0.8678,-6.11,7.73,-0.11,21.81
27901,0.1531,-0.218,0.8647,-6.09,7.66,-0.03,21.78
27911,0.1538,-0.2167,0.8667,-6.06,7.76,-0.12,21.79
27921,0.155,-0.2172,0.8669,-6.17,7.66,-0.06,21.79
27931,0.1587,-0.217,0.8682,-6.23,7.79,-0.06,21.78
27941,0.1554,-0.2189,0.868,-6.24,7.83,-0.02,21.78
27951,0.1556,-0.2202,0.8645,-6.26,7.76,-0.06,21.77
27961,0.1542,-0.2174,0.8639,-6.15,7.69,-0.11,21.76
27971,0.1548,-0.2186,0.8644,-6.18,7.77,-0.08,21.79
27981,0.1565,-0.2145,0.8654,-6.14,7.76,-0.09,21.78
27991,0.1531,-0.2157,0.8656,-6.18,7.85,-0.06,21.76
28001,0.1532,-0.2191,0.8658,-6.24,7.86,0.0,21.8
28011,0.1536,-0.2168,0.8657,-6.17,7.79,-0.08,21.78
28021,0.1533,-0.2183,0.865,-6.18,7.76,-0.09,21.77
28031,0.1564,-0.2179,0.8654,-6.17,7.83,-0.09,21.79
28041,0.1562,-0.2184,0.8698,-6.21,7.76,-0.06,21.78
28051,0.1512,-0.2159,0.8689,-6.2,7.83,-0.02,21.78
28061,0.1556,-0.217,0.8662,-6.21,7.76,-0.03,21.79
28071,0.155,-0.2202,0.8647,-6.23,7.73,0.03,21.79
28081,0.1537,-0.2172,0.8678,-6.21,7.69,-0.06,21.78
28091,0.1548,-0.2206,0.8698,-6.11,7.63,-0.15,21.79
28101,0.1556,-0.2207,0.8652,-6.14,7.73,-0.08,21.8
28111,0.1581,-0.2205,0.8679,-6.11,7.68,0.0,21.76
28121,0.156,-0.2162,0.8685,-6.23,7.8,-0.03,21.8
28131,0.1534,-0.2158,0.8691,-6.15,7.79,-0.08,21.77
28141,0.1566,-0.2152,0.8658,-6.09,7.74,-0.05,21.78
28151,0.1539,-0.2189,0.8665,-6.17,7.77,-0.03,21.79
28161,0.1573,-0.2173,0.8636,-6.15,7.71,0.03,21.78
28171,0.1549,-0.2167,0.868,-6.2,7.71,-0.06,21.77
28181,0.1548,-0.2175,0.8671,-6.08,7.76,-0.02,21.79
28191,0.1541,-0.2201,0.8685,-6.14,7.77,-0.05,21.79
28201,0.1548,-0.2205,0.8704,-6.14,7.8,-0.06,21.8
28211,0.1559,-0.2169,0.873,-6.17,7.74,-0.09,21.78
28221,0.1542,-0.2183,0.8634,-6.17,7.76,-0.03,21.77
28231,0.1534,-0.2173,0.8667,-6.12,7.83,-0.08,21.79
28241,0.1522,-0.2181,0.8665,-6.17,7.79,-0.08,21.79
28252,0.1537,-0.2183,0.8669,-6.17,7.69,-0.03,21.78
28262,0.1562,-0.2177,0.8654,-6.18,7.71,-0.05,21.78
28272,0.1559,-0.2169,0.8702,-6.2,7.77,-0.03,21.79
28282,0.1589,-0.2144,0.8633,-6.11,7.82,-0.02,21.79
28292,0.1541,-0.2167,0.8694,-6.18,7.85,0.0,21.78
28302,0.1545,-0.2183,0.8666,-6.21,7.83,0.05,21.79
28312,0.1516,-0.215,0.8647,-6.23,7.83,-0.03,21.79
28322,0.1519,-0.2184,0.8674,-6.08,7.8,-0.06,21.77
28332,0.1527,-0.2184,0.8708,-6.14,7.77,-0.06,21.8
28342,0.1521,-0.2157,0.8657,-6.18,7.71,-0.06,21.79
28352,0.1512,-0.2139,0.8639,-6.24,7.69,-0.06,21.8
28362,0.1566,-0.2168,0.8689,-6.21,7.71,-0.08,21.79
28372,0.1528,-0.2184,0.8667,-6.18,7.77,-0.03,21.8
28382,0.1539,-0.2189,0.87,-6.2,7.79,-0.11,21.77
28392,0.1532,-0.2175,0.8643,-6.26,7.79,-0.03,21.81
28402,0.1553,-0.2208,0.8651,-6.21,7.76,-0.08,21.77
28412,0.1545,-0.2186,0.8649,-6.18,7.73,-0.06,21.79
28422,0.1564,-0.2172,0.8677,-6.12,7.74,0.0,21.79
28432,0.156,-0.2178,0.8651,-6.09,7.8,-0.11,21.79
28442,0.1528,-0.2196,0.8704,-6.17,7.79,-0.05,21.8
28452,0.1565,-0.2169,0.8671,-6.2,7.71,-0.12,21.81
28462,0.1555,-0.2206,0.8679,-6.23,7.79,-0.06,21.8
28472,0.1564,-0.2186,0.865,-6.15,7.76,-0.08,21.8
28482,0.1564,-0.2168,0.8651,-6.17,7.79,-0.08,21.77
28492,0.1514,-0.2202,0.8658,-6.14,7.8,-0.09,21.8
28502,0.1542,-0.2173,0.8673,-6.12,7.86,0.02,21.79
28512,0.1552,-0.2175,0.8669,-6.2,7.74,-0.03,21.8
28522,0.1541,-0.2178,0.8661,-6.14,7.74,-0.02,21.79
28532,0.1521,-0.218,0.868,-6.2,7.76,-0.09,21.8
28542,0.1531,-0.2184,0.8658,-6.18,7.77,-0.06,21.81
28553,0.1534,-0.2172,0.871,-6.18,7.79,0.02,21.79
28563,0.1517,-0.2196,0.8706,-6.23,7.79,-0.02,21.78
28573,0.1548,-0.2179,0.8656,-6.11,7.77,-0.06,21.78
28583,0.1561,-0.2186,0.8652,-6.11,7.79,-0.02,21.77
28593,0.1567,-0.2192,0.8647,-6.18,7.79,-0.03,21.78
28603,0.1576,-0.2184,0.8672,-6.11,7.79,0.05,21.78
28613,0.1571,-0.2174,0.8674,-6.05,7.79,-0.09,21.81
28623,0.1542,-0.2198,0.8678,-6.09,7.8,-0.03,21.8
28633,0.1545,-0.2168,0.8685,-6.15,7.85,-0.11,21.79
28643,0.1521,-0.2163,0.8691,-6.2,7.8,-0.12,21.77
28653,0.1534,-0.2174,0.8673,-6.15,7.83,-0.05,21.8
28663,0.1552,-0.2179,0.8691,-6.08,7.8,-0.05,21.78
28673,0.1509,-0.2183,0.8708,-6.14,7.79,-0.09,21.8
28683,0.1523,-0.2169,0.8674,-6.15,7.77,-0.06,21.8
28693,0.1565,-0.2158,0.8657,-6.12,7.68,-0.08,21.79
28703,0.1555,-0.2178,0.8649,-6.15,7.74,-0.11,21.79
28713,0.1544,-0.2144,0.8667,-6.21,7.8,-0.05,21.8
28723,0.1526,-0.2167,0.8706,-6.2,7.83,-0.09,21.82
28733,0.1583,-0.2201,0.8662,-6.18,7.79,-0.06,21.8
28743,0.1572,-0.2197,0.8719,-6.09,7.73,-0.09,21.78
28753,0.1562,-0.2188,0.8695,-6.11,7.68,0.0,21.81
28763,0.1554,-0.2173,0.8676,-6.17,7.66,-0.12,21.8
28773,0.1576,-0.2166,0.8684,-6.27,7.82,-0.09,21.78
28783,0.1539,-0.2175,0.8676,-6.24,7.8,0.03,21.78
28793,0.153,-0.2173,0.8676,-6.18,7.82,-0.11,21.78
28803,0.156,-0.2194,0.8685,-6.17,7.83,-0.03,21.79
28813,0.1539,-0.2178,0.8701,-6.23,7.69,-0.02,21.77
28823,0.152,-0.2198,0.8705,-6.24,7.68,-0.05,21.8
28833,0.1541,-0.2156,0.8654,-6.26,7.88,-0.05,21.79
28843,0.1537,-0.2202,0.8656,-6.27,7.83,0.06,21.79
28853,0.1538,-0.2208,0.8625,-6.15,7.86,-0.03,21.8
28863,0.1567,-0.2161,0.8597,-6.21,7.76,-0.08,21.81
28873,0.153,-0.2168,0.8658,-6.05,7.77,-0.08,21.79
28883,0.1537,-0.2162,0.868,-6.08,7.66,-0.09,21.79
28893,0.1561,-0.2191,0.8677,-6.17,7.77,-0.08,21.79
28903,0.1539,-0.2156,0.8684,-6.32,7.8,-0.11,21.8
28913,0.1533,-0.2178,0.8654,-6.24,7.86,-0.06,21.82
28923,0.1561,-0.2194,0.8643,-6.2,7.8,-0.08,21.79
28933,0.1545,-0.2181,0.8658,-6.12,7.77,-0.09,21.81
28943,0.1527,-0.2188,0.8632,-6.09,7.69,-0.14,21.81
28953,0.1536,-0.2191,0.8668,-6.15,7.74,-0.09,21.8
28963,0.1564,-0.2159,0.8668,-6.17,7.74,-0.05,21.8
28973,0.1526,-0.2181,0.8699,-6.2,7.77,-0.05,21.79
28983,0.1543,-0.2183,0.8695,-6.23,7.77,0.05,21.78
28993,0.1538,-0.2153,0.8672,-6.24,7.74,-0.02,21.81
29003,0.1538,-0.2181,0.8643,-6.11,7.77,-0.05,21.79
29013,0.1532,-0.2179,0.8665,-6.2,7.77,-0.06,21.8
29023,0.1534,-0.2203,0.8665,-6.17,7.73,-0.09,21.79
29033,0.1566,-0.2189,0.8668,-6.23,7.79,-0.08,21.78
29043,0.1567,-0.2183,0.8717,-6.2,7.74,0.02,21.8
29053,0.1521,-0.2162,0.8639,-6.23,7.8,-0.11,21.8
29063,0.1541,-0.218,0.8669,-6.14,7.8,-0.12,21.81
29073,0.156,-0.2166,0.8671,-6.23,7.83,-0.08,21.81
29083,0.1525,-0.2179,0.87,-6.11,7.74,-0.05,21.81
29093,0.1548,-0.2179,0.8682,-6.12,7.77,-0.02,21.82
29103,0.1543,-0.2198,0.8678,-6.26,7.71,-0.06,21.81
29113,0.1549,-0.2189,0.8676,-6.37,7.76,-0.02,21.8
29123,0.1555,-0.2155,0.8646,-6.15,7.74,-0.02,21.8
29133,0.1571,-0.2192,0.8679,-6.15,7.74,-0.05,21.8
29143,0.1533,-0.2175,0.8661,-6.09,7.79,-0.06,21.8
29153,0.1542,-0.2192,0.8683,-6.17,7.74,-0.06,21.79
29163,0.1558,-0.217,0.8646,-6.12,7.73,-0.06,21.81
29173,0.1523,-0.2173,0.8672,-6.23,7.71,-0.12,21.81
29183,0.1532,-0.2168,0.8649,-6.2,7.8,-0.05,21.81
29193,0.1516,-0.2206,0.8679,-6.23,7.85,-0.02,21.82
29203,0.1536,-0.2201,0.8672,-6.18,7.8,-0.11,21.79
29213,0.1559,-0.219,0.8678,-6.08,7.73,0.02,21.79
29223,0.1537,-0.2179,0.866,-6.09,7.63,-0.03,21.79
29233,0.1533,-0.2162,0.8696,-6.11,7.71,-0.09,21.82
29243,0.1555,-0.2184,0.8719,-6.14,7.8,-0.05,21.81
29253,0.155,-0.2162,0.8671,-6.18,7.8,-0.06,21.79
29263,0.1526,-0.215,0.8656,-6.17,7.88,-0.11,21.76
29273,0.1539,-0.2162,0.8665,-6.17,7.77,-0.03,21.77
29283,0.1545,-0.2175,0.8708,-6.15,7.66,-0.09,21.81
29293,0.1539,-0.2148,0.8684,-6.14,7.74,-0.06,21.79
29303,0.1552,-0.2157,0.8673,-6.24,7.74,-0.12,21.79
29313,0.1541,-0.2196,0.8688,-6.18,7.85,0.02,21.78
29323,0.155,-0.2189,0.8698,-6.24,7.82,-0.03,21.81
29333,0.1543,-0.2192,0.8665,-6.18,7.77,0.02,21.8
29343,0.1531,-0.2174,0.8677,-6.11,7.76,-0.03,21.82
29353,0.1531,-0.2184,0.8644,-6.12,7.68,0.0,21.81
29363,0.1527,-0.2185,0.8718,-6.17,7.73,-0.06,21.81
29373,0.1553,-0.2178,0.87,-6.21,7.77,-0.08,21.8
29383,0.1516,-0.2205,0.8689,-6.15,7.76,-0.02,21.82
29393,0.1511,-0.2169,0.8662,-6.21,7.8,0.05,21.82
29403,0.1527,-0.2174,0.8693,-6.17,7.79,0.02,21.81
29413,0.1533,-0.2183,0.873,-6.12,7.76,-0.05,21.81
29423,0.1549,-0.218,0.8698,-6.15,7.71,-0.09,21.79
29433,0.1545,-0.2159,0.8652,-6.2,7.79,-0.05,21.81
29443,0.1558,-0.2158,0.8689,-6.15,7.74,-0.05,21.82
29453,0.155,-0.2178,0.864,-6.23,7.79,-0.05,21.82
29463,0.155,-0.2173,0.8636,-6.2,7.77,0.0,21.81
29473,0.1549,-0.218,0.8684,-6.2,7.73,-0.05,21.81
29483,0.1552,-0.2174,0.8693,-6.2,7.74,-0.08,21.8
29493,0.1544,-0.2173,0.8673,-6.2,7.77,-0.03,21.82
29503,0.1534,-0.2164,0.8732,-6.21,7.8,-0.06,21.82
29513,0.1562,-0.2156,0.8685,-6.23,7.77,-0.03,21.79
29523,0.1555,-0.2178,0.8671,-6.18,7.85,0.0,21.8
29533,0.1515,-0.2198,0.8616,-6.2,7.77,-0.11,21.79
29543,0.1547,-0.215,0.8644,-6.15,7.71,-0.12,21.82
29553,0.1541,-0.2181,0.8665,-6.18,7.69,-0.15,21.8
29563,0.1534,-0.2156,0.8633,-6.14,7.85,-0.09,21.8
29573,0.1542,-0.2205,0.8702,-6.09,7.88,-0.14,21.79
29583,0.1536,-0.2179,0.868,-6.11,7.74,-0.02,21.79
29593,0.1558,-0.217,0.8687,-6.14,7.69,-0.11,21.8
29603,0.1532,-0.2195,0.8688,-6.12,7.62,-0.12,21.79
29613,0.1543,-0.219,0.8662,-6.18,7.69,-0.02,21.82
29623,0.156,-0.2185,0.8668,-6.2,7.82,-0.06,21.81
29633,0.1549,-0.2203,0.8717,-6.14,7.8,-0.05,21.81
29643,0.1531,-0.2146,0.8702,-6.17,7.73,-0.02,21.81
29653,0.1539,-0.2159,0.8636,-6.17,7.73,-0.02,21.81
29663,0.1533,-0.218,0.8673,-6.12,7.79,-0.02,21.81
29673,0.1594,-0.2173,0.8674,-6.17,7.83,-0.06,21.8
29683,0.153,-0.2178,0.8671,-6.18,7.8,-0.08,21.81
29693,0.1562,-0.2167,0.8673,-6.18,7.79,-0.03,21.81
29703,0.1547,-0.2168,0.8667,-6.23,7.79,-0.08,21.82
29713,0.1512,-0.217,0.8684,-6.23,7.74,0.0,21.81
29723,0.156,-0.218,0.8682,-6.2,7.71,-0.09,21.8
29733,0.1566,-0.2181,0.8682,-6.17,7.82,0.05,21.82
29743,0.1545,-0.2177,0.8687,-6.2,7.85,-0.02,21.81
29753,0.1573,-0.2198,0.8713,-6.15,7.76,-0.03,21.84
29763,0.1547,-0.2214,0.8647,-6.17,7.69,-0.02,21.81
29773,0.156,-0.2192,0.8665,-6.2,7.76,-0.05,21.81
29783,0.1562,-0.2246,0.8636,-6.14,7.8,-0.08,21.82
29793,0.1548,-0.2185,0.8644,-6.06,7.82,-0.06,21.81
29803,0.1531,-0.2195,0.8658,-5.97,7.94,0.03,21.8
29813,0.1543,-0.217,0.8677,-5.97,7.82,0.05,21.81
29823,0.1506,-0.2183,0.8701,-6.06,7.63,0.03,21.82
29833,0.1523,-0.215,0.8701,-6.17,7.57,-0.08,21.79
29843,0.1527,-0.2147,0.8617,-6.18,7.62,-0.06,21.81
29853,0.1544,-0.2128,0.8661,-6.2,7.73,-0.02,21.81
29863,0.1548,-0.2125,0.8665,-6.12,7.89,-0.06,21.81
29873,0.153,-0.2131,0.8717,-6.05,7.82,-0.08,21.81
29883,0.1547,-0.2141,0.8676,-6.15,7.79,-0.14,21.8
29893,0.1558,-0.2188,0.8678,-6.35,7.71,-0.06,21.81
29903,0.1577,-0.2175,0.8677,-6.41,7.73,-0.11,21.79
29913,0.1547,-0.2186,0.8649,-6.27,7.79,-0.11,21.79
29923,0.1534,-0.215,0.8674,-6.21,7.94,-0.02,21.82
29933,0.1553,-0.2161,0.8688,-6.0,7.85,0.02,21.82
29943,0.1534,-0.2188,0.8716,-6.11,7.8,-0.09,21.8
29953,0.152,-0.2166,0.8695,-6.18,7.63,-0.12,21.82
29963,0.1531,-0.2142,0.866,-6.31,7.77,-0.08,21.82
29973,0.1538,-0.2177,0.8687,-6.41,7.83,-0.02,21.82
29983,0.1548,-0.2201,0.8613,-6.44,7.88,-0.12,21.83
29993,0.1537,-0.2203,0.8645,-6.23,7.94,-0.09,21.81
30003,0.1558,-0.2192,0.8658,-6.21,7.8,-0.03,21.79
30013,0.1538,-0.2211,0.8656,-6.02,7.68,0.05,21.8
30023,0.156,-0.2186,0.8671,-6.11,7.74,-0.09,21.82
30033,0.1547,-0.2202,0.8749,-6.18,7.73,-0.05,21.8
30043,0.1573,-0.2185,0.8727,-6.23,7.82,-0.02,21.8
30053,0.1554,-0.2159,0.8673,-6.26,7.8,-0.11,21.83
30063,0.1562,-0.2175,0.8678,-6.17,7.71,-0.08,21.82
30073,0.156,-0.2183,0.8669,-6.12,7.71,-0.12,21.82
30083,0.1569,-0.2162,0.8682,-6.12,7.79,-0.02,21.82
30093,0.1545,-0.2166,0.8693,-6.24,7.86,-0.06,21.82
30103,0.1526,-0.2185,0.869,-6.21,7.77,-0.06,21.83
30113,0.1511,-0.2167,0.8695,-6.27,7.73,-0.06,21.79
30123,0.1565,-0.2173,0.8661,-6.27,7.66,-0.08,21.81
30133,0.1539,-0.219,0.8684,-6.12,7.68,-0.05,21.82
30143,0.1545,-0.2198,0.8658,-6.06,7.79,-0.11,21.82
30153,0.1571,-0.2169,0.871,-6.2,7.83,-0.02,21.82
30163,0.1527,-0.2188,0.8668,-6.17,7.91,-0.03,21.8
30173,0.151,-0.218,0.8735,-6.26,7.82,-0.05,21.83
30183,0.1514,-0.2181,0.8684,-6.23,7.68,-0.02,21.83
30193,0.1516,-0.2192,0.8655,-6.29,7.68,0.0,21.83
30203,0.1523,-0.2172,0.8667,-6.11,7.8,-0.15,21.81
30213,0.153,-0.2206,0.8656,-6.08,7.8,-0.03,21.81
30223,0.1571,-0.2198,0.866,-6.06,7.79,-0.06,21.8
30233,0.1578,-0.2194,0.8699,-6.15,7.68,-0.11,21.81
30243,0.1544,-0.2168,0.8663,-6.15,7.63,-0.06,21.82
30253,0.1575,-0.2191,0.865,-6.31,7.73,-0.08,21.82
30263,0.1552,-0.2191,0.8649,-6.2,7.79,-0.11,21.82
30273,0.1544,-0.2183,0.863,-6.12,7.86,-0.05,21.81
30283,0.1558,-0.2174,0.8643,-6.09,7.73,0.0,21.82
30293,0.1526,-0.2179,0.866,-6.18,7.69,-0.05,21.81
30303,0.1554,-0.2206,0.869,-6.09,7.62,-0.05,21.83
30313,0.1616,-0.2207,0.87,-6.18,7.76,-0.09,21.8
30323,0.1613,-0.2223,0.8655,-6.09,7.83,-0.05,21.8
30333,0.1602,-0.2209,0.8689,-6.05,7.86,-0.03,21.83
30343,0.1544,-0.2185,0.871,-6.03,7.79,-0.02,21.81
30353,0.1558,-0.2191,0.8702,-5.92,7.74,0.06,21.79
30363,0.1544,-0.2177,0.8706,-6.06,7.65,-0.05,21.82
30373,0.1543,-0.214,0.8691,-6.05,7.62,-0.15,21.82
30383,0.1545,-0.2124,0.865,-6.31,7.69,-0.08,21.8
30393,0.1501,-0.2145,0.8639,-6.34,7.91,-0.11,21.81
30403,0.151,-0.2144,0.8651,-6.32,8.06,0.02,21.81
30413,0.1489,-0.2168,0.8623,-6.02,8.02,0.02,21.82
30423,0.1482,-0.219,0.87,-6.06,7.85,0.03,21.8
30433,0.1479,-0.2148,0.8678,-6.11,7.71,-0.05,21.82
30443,0.1499,-0.2118,0.8712,-6.08,7.59,-0.06,21.83
30453,0.1525,-0.214,0.8699,-6.15,7.68,-0.09,21.82
30463,0.1522,-0.2135,0.8678,-6.31,7.83,-0.03,21.79
30473,0.1517,-0.2164,0.8671,-6.43,7.91,-0.09,21.82
30483,0.1506,-0.2163,0.8658,-6.32,7.8,-0.08,21.82
30493,0.1527,-0.2178,0.8693,-6.37,7.8,-0.06,21.82
30503,0.1528,-0.2177,0.8662,-6.24,7.76,-0.09,21.81
30513,0.1541,-0.2175,0.8651,-6.17,7.68,-0.09,21.79
30523,0.1595,-0.2197,0.8647,-6.21,7.76,-0.09,21.82
30533,0.1584,-0.2178,0.8635,-6.27,7.85,-0.02,21.82
30543,0.1586,-0.2163,0.8687,-6.34,7.79,-0.08,21.8
30553,0.1572,-0.2169,0.863,-6.18,7.63,-0.09,21.79
30563,0.1583,-0.2196,0.8666,-6.14,7.66,-0.03,21.82
30573,0.1549,-0.2191,0.8667,-6.09,7.66,-0.02,21.84
30583,0.1545,-0.2148,0.8691,-6.2,7.79,0.02,21.82
30594,0.1564,-0.2172,0.8679,-6.34,7.86,-0.02,21.81
30604,0.1527,-0.2174,0.8684,-6.27,7.74,-0.05,21.82
30614,0.1534,-0.2151,0.8666,-6.37,7.74,-0.06,21.81
30624,0.1566,-0.2203,0.8646,-6.32,7.76,-0.03,21.81
30634,0.1516,-0.2166,0.8704,-6.2,7.74,-0.05,21.82
30644,0.1541,-0.2194,0.869,-6.26,7.79,-0.02,21.82
30654,0.1553,-0.2174,0.8693,-6.17,7.74,-0.08,21.81
30664,0.1548,-0.2157,0.8701,-6.23,7.73,-0.06,21.81
30674,0.1556,-0.2167,0.8699,-6.18,7.71,-0.09,21.8
30685,0.1561,-0.2183,0.8721,-6.31,7.66,-0.09,21.82
30695,0.1553,-0.2201,0.8722,-6.34,7.82,-0.11,21.8
30705,0.1558,-0.2192,0.8721,-6.34,7.89,-0.06,21.83
30715,0.1527,-0.2216,0.8693,-6.23,7.85,-0.08,21.82
30725,0.1541,-0.217,0.8644,-6.14,7.77,-0.03,21.81
30735,0.1544,-0.2196,0.8639,-6.21,7.66,-0.11,21.81
30745,0.1528,-0.2198,0.8633,-6.27,7.77,-0.02,21.82
30755,0.1539,-0.2181,0.8622,-6.29,7.92,-0.08,21.8
30765,0.1523,-0.2181,0.8671,-6.32,7.91,-0.09,21.82
30775,0.1539,-0.2209,0.8646,-6.08,7.74,-0.08,21.81
30785,0.1537,-0.2206,0.8694,-6.17,7.62,-0.12,21.85
30795,0.1543,-0.2201,0.8676,-6.21,7.62,-0.14,21.84
30805,0.1543,-0.2191,0.8657,-6.27,7.76,-0.11,21.81
30815,0.1534,-0.2214,0.8644,-6.18,7.89,-0.03,21.82
30825,0.153,-0.2224,0.8649,-6.12,7.97,-0.08,21.82
30835,0.1505,-0.2194,0.8655,-6.06,7.8,-0.09,21.83
30845,0.1516,-0.2183,0.864,-5.94,7.59,-0.05,21.82
30855,0.1553,-0.2153,0.8694,-6.11,7.51,-0.06,21.81
30865,0.1547,-0.2147,0.8711,-6.21,7.77,-0.02,21.82
30875,0.1555,-0.2161,0.8685,-6.37,7.92,-0.08,21.81
30885,0.1537,-0.2168,0.8676,-6.35,7.95,-0.06,21.81
30895,0.155,-0.2164,0.8688,-6.34,7.82,-0.06,21.81
30905,0.153,-0.2191,0.8661,-6.17,7.73,-0.08,21.8
30915,0.1527,-0.217,0.8627,-6.03,7.76,-0.08,21.79
30925,0.1534,-0.2205,0.8647,-6.05,7.73,-0.09,21.8
30935,0.1538,-0.217,0.8708,-6.11,7.89,0.0,21.83
30945,0.1545,-0.2178,0.8699,-6.11,7.85,0.0,21.83
30955,0.1555,-0.2155,0.8702,-6.09,7.8,-0.05,21.84
30965,0.155,-0.2156,0.8739,-6.14,7.77,0.02,21.8
30975,0.1533,-0.2162,0.8702,-6.21,7.76,-0.11,21.83
30985,0.1549,-0.2177,0.869,-6.31,7.85,0.0,21.86
30995,0.1517,-0.2156,0.8684,-6.29,7.85,-0.12,21.84
31005,0.1525,-0.2178,0.8632,-6.35,7.8,-0.08,21.82
31015,0.1521,-0.2164,0.8672,-6.32,7.88,-0.08,21.83
31025,0.1531,-0.2164,0.8666,-6.18,7.83,-0.06,21.82
31035,0.1543,-0.2188,0.8636,-6.2,7.85,-0.05,21.82
31045,0.157,-0.2178,0.8673,-6.29,7.79,0.0,21.83
31055,0.156,-0.2181,0.8625,-6.35,7.79,-0.03,21.81
31065,0.1527,-0.2186,0.8628,-6.31,7.79,-0.05,21.82
31075,0.1545,-0.2183,0.865,-6.23,7.8,-0.09,21.84
31085,0.1548,-0.218,0.8678,-6.26,7.76,-0.02,21.82
31095,0.1542,-0.2163,0.865,-6.12,7.8,-0.05,21.82
31105,0.1561,-0.2202,0.8677,-6.18,7.89,0.05,21.82
31115,0.1548,-0.2169,0.8676,-6.21,7.91,0.06,21.83
31125,0.1528,-0.2196,0.8702,-6.35,7.85,-0.03,21.83
31135,0.1511,-0.222,0.8678,-6.32,7.83,-0.06,21.81
31145,0.1531,-0.222,0.8651,-6.35,7.77,0.0,21.83
31155,0.1514,-0.2218,0.8652,-6.14,7.77,0.02,21.82
31165,0.1516,-0.2207,0.8655,-6.09,7.86,-0.02,21.84
31175,0.1521,-0.2209,0.8673,-6.11,7.82,-0.06,21.81
31185,0.1499,-0.2212,0.8673,-6.06,7.74,0.05,21.81
31195,0.153,-0.2197,0.8641,-6.23,7.63,-0.06,21.84
31205,0.1527,-0.2183,0.8661,-6.34,7.74,-0.06,21.83
31215,0.1521,-0.2213,0.8656,-6.15,7.85,-0.06,21.82
31225,0.1515,-0.218,0.8647,-6.32,7.89,-0.05,21.82
31235,0.1549,-0.2211,0.8685,-6.06,7.57,-0.11,21.82
31245,0.1575,-0.2164,0.8671,-5.57,7.66,0.08,21.82
31255,0.1555,-0.2169,0.8833,-5.74,7.98,0.06,21.83
31265,0.151,-0.2158,0.8777,-6.21,7.92,-0.11,21.84
31275,0.1534,-0.2157,0.8655,-6.53,7.33,-0.15,21.82
31285,0.1589,-0.2224,0.8665,-6.38,7.54,-0.05,21.82
31295,0.1627,-0.2264,0.8673,-6.09,8.18,0.12,21.82
31305,0.1541,-0.2255,0.8717,-5.98,8.72,0.18,21.83
31315,0.1475,-0.231,0.8704,-5.97,8.44,0.08,21.83
31325,0.1459,-0.2301,0.8761,-6.09,7.94,0.0,21.82
31335,0.1486,-0.2263,0.8723,-5.94,7.51,0.06,21.81
31345,0.1506,-0.2209,0.8694,-5.8,7.53,0.11,21.81
31355,0.1481,-0.2137,0.8639,-5.82,7.83,0.11,21.83
31365,0.1479,-0.2111,0.8683,-5.71,8.08,0.11,21.82
31375,0.1418,-0.2068,0.8716,-5.79,7.95,-0.03,21.82
31385,0.1465,-0.2085,0.8738,-5.95,7.71,0.05,21.82
31395,0.1506,-0.2091,0.869,-6.37,7.44,-0.14,21.79
31405,0.1533,-0.2072,0.864,-6.44,7.65,-0.15,21.83
31415,0.1558,-0.2097,0.86,-6.43,7.92,-0.09,21.84
31425,0.1578,-0.2095,0.8604,-6.24,7.85,-0.11,21.82
31435,0.1613,-0.2111,0.8579,-5.88,7.51,-0.11,21.82
31445,0.1649,-0.2159,0.8652,-5.79,7.36,-0.18,21.83
31455,0.1656,-0.2114,0.8645,-5.94,7.37,-0.15,21.8
31465,0.1715,-0.2125,0.8708,-6.08,7.56,-0.06,21.82
31475,0.1713,-0.2123,0.8661,-6.37,7.94,-0.02,21.83
31485,0.1688,-0.2126,0.8671,-6.66,8.14,-0.06,21.82
31495,0.1637,-0.2183,0.8682,-6.5,8.09,-0.03,21.83
31505,0.1591,-0.2146,0.8671,-6.41,7.94,-0.05,21.84
31515,0.1588,-0.2166,0.8634,-6.24,7.71,0.05,21.82
31525,0.1558,-0.2147,0.8629,-6.17,7.71,-0.02,21.84
31535,0.1572,-0.2108,0.8662,-6.17,7.69,-0.17,21.8
31545,0.1515,-0.213,0.8708,-6.23,7.82,-0.02,21.84
31555,0.1523,-0.2162,0.8726,-6.37,7.82,-0.09,21.8
31565,0.1538,-0.2185,0.8688,-6.52,7.74,-0.11,21.85
31575,0.1521,-0.2197,0.8688,-6.53,7.76,-0.18,21.83
31585,0.1512,-0.2349,0.8665,-6.95,7.71,-0.27,21.82
31595,0.1464,-0.2343,0.8545,-7.4,7.11,-0.34,21.8
31605,0.1593,-0.2279,0.8383,-6.5,6.73,-0.11,21.84
31615,0.1699,-0.2224,0.864,-4.7,7.95,0.15,21.82
31625,0.1553,-0.2009,0.894,-3.95,9.36,0.34,21.82
31635,0.1351,-0.2007,0.9164,-4.81,8.44,0.05,21.8
31645,0.1348,-0.208,0.9136,-6.85,6.41,-0.38,21.82
31655,0.1459,-0.2142,0.8759,-8.66,5.56,-0.76,21.81
31665,0.1638,-0.229,0.8425,-8.44,6.58,-0.56,21.79
31675,0.1691,-0.2305,0.8314,-6.84,8.87,-0.02,21.83
31685,0.1578,-0.2251,0.8495,-5.34,10.4,0.44,21.81
31695,0.1399,-0.2241,0.8746,-4.58,9.48,0.38,21.83
31705,0.1378,-0.2185,0.8894,-5.13,7.01,-0.18,21.86
31715,0.1508,-0.2145,0.8785,-6.5,5.19,-0.52,21.82
31725,0.1659,-0.2191,0.8571,-7.54,5.63,-0.53,21.84
31735,0.1708,-0.2217,0.8334,-7.54,8.0,-0.11,21.84
31745,0.1631,-0.2274,0.839,-6.58,9.95,0.26,21.81
31755,0.1476,-0.2297,0.856,-5.27,9.83,0.29,21.84
31765,0.1436,-0.226,0.8776,-4.64,7.85,0.0,21.81
31775,0.1479,-0.2192,0.8867,-5.25,5.94,-0.23,21.82
31785,0.1631,-0.214,0.8777,-6.52,5.94,-0.34,21.83
31795,0.166,-0.2164,0.8651,-7.39,7.51,-0.14,21.83
31805,0.16,-0.224,0.855,-7.33,9.33,0.15,21.82
31815,0.1484,-0.2288,0.8553,-6.31,9.48,0.26,21.82
31825,0.1373,-0.2238,0.8643,-5.11,8.2,0.17,21.85
31835,0.1428,-0.2202,0.8774,-4.73,6.46,-0.06,21.84
31845,0.151,-0.2113,0.882,-5.42,6.18,-0.21,21.82
31855,0.1605,-0.2102,0.8748,-6.7,7.5,-0.03,21.82
31865,0.1552,-0.2166,0.8655,-7.44,9.13,0.12,21.84
31875,0.1478,-0.2198,0.8589,-7.05,9.5,0.18,21.84
31885,0.141,-0.2238,0.8651,-6.02,8.35,0.03,21.83
31895,0.1458,-0.2205,0.8696,-5.1,6.73,-0.15,21.82
31905,0.1545,-0.2139,0.8807,-5.07,6.12,-0.24,21.83
31915,0.1641,-0.2125,0.8816,-5.83,6.98,-0.14,21.81
31925,0.1633,-0.212,0.8712,-6.73,8.4,-0.02,21.82
31935,0.1577,-0.2148,0.8688,-7.02,9.08,0.03,21.85
31945,0.152,-0.2207,0.8665,-6.63,8.47,0.02,21.82
31955,0.1514,-0.2145,0.8623,-5.97,7.24,-0.15,21.82
31965,0.1547,-0.214,0.8666,-5.62,6.63,-0.26,21.82
31975,0.1603,-0.2131,0.8682,-5.71,6.87,-0.2,21.83
31985,0.1591,-0.2091,0.8695,-6.24,7.94,-0.03,21.83
31995,0.1566,-0.2084,0.8643,-6.66,8.67,0.14,21.79
32005,0.1494,-0.2166,0.8621,-6.64,8.44,0.0,21.83
32015,0.1509,-0.2169,0.8613,-6.38,7.62,-0.14,21.82
32025,0.1545,-0.2192,0.8608,-6.06,6.98,-0.18,21.81
32035,0.1539,-0.2192,0.8658,-5.95,7.18,-0.17,21.84
32045,0.1646,-0.2184,0.8602,-5.94,7.68,-0.14,21.82
32055,0.1549,-0.2166,0.8607,-6.44,8.06,0.08,21.84
32065,0.1492,-0.2192,0.8696,-6.6,8.08,0.02,21.81
32075,0.149,-0.2202,0.8676,-6.47,7.51,-0.15,21.84
32085,0.1598,-0.2198,0.8607,-6.24,7.13,-0.23,21.84
32095,0.1619,-0.2216,0.8567,-6.18,7.22,-0.11,21.82
32105,0.1587,-0.2177,0.8673,-6.08,7.85,-0.08,21.83
32115,0.1566,-0.2188,0.8702,-6.15,8.43,-0.02,21.85
32125,0.1555,-0.2216,0.8719,-6.32,8.18,-0.02,21.84
32135,0.1522,-0.2188,0.8777,-6.26,7.51,-0.12,21.84
32145,0.1575,-0.2212,0.8679,-6.41,7.05,-0.21,21.82
32155,0.1558,-0.2202,0.8654,-6.31,7.1,-0.18,21.82
32165,0.163,-0.2196,0.8665,-6.24,7.77,-0.08,21.8
32175,0.1598,-0.2191,0.8666,-6.26,8.37,0.08,21.83
32185,0.1523,-0.2213,0.8713,-6.26,8.43,0.05,21.83
32195,0.1488,-0.222,0.8746,-6.4,7.89,-0.09,21.83
32205,0.149,-0.2255,0.8688,-6.58,7.36,-0.06,21.83
32215,0.1503,-0.223,0.8638,-6.46,7.4,-0.17,21.83
32225,0.1526,-0.2236,0.8612,-6.2,7.63,-0.05,21.84
32235,0.1488,-0.2222,0.8657,-5.94,8.05,0.08,21.82
32245,0.1497,-0.22,0.8726,-5.68,7.98,0.03,21.83
32255,0.149,-0.2224,0.8748,-5.79,7.45,-0.06,21.87
32265,0.1499,-0.2223,0.8749,-5.98,6.96,-0.17,21.82
32275,0.16,-0.2177,0.8667,-6.34,6.99,-0.17,21.84
32285,0.1654,-0.2174,0.8634,-6.31,7.63,-0.2,21.83
32295,0.1622,-0.2205,0.8623,-6.06,8.12,0.02,21.85
32305,0.1603,-0.2112,0.8612,-5.95,8.2,0.03,21.84
32315,0.1587,-0.2162,0.8693,-6.09,7.85,-0.12,21.84
32325,0.1591,-0.2142,0.8656,-6.29,7.25,-0.12,21.86
32335,0.1611,-0.2139,0.8632,-6.29,7.47,-0.06,21.84
32345,0.1624,-0.2145,0.8616,-6.38,8.23,-0.02,21.84
32355,0.1514,-0.2229,0.8613,-6.53,8.58,-0.05,21.85
32365,0.1514,-0.2156,0.8541,-6.63,7.71,-0.02,21.82
32375,0.1577,-0.2203,0.8573,-5.76,7.21,0.09,21.81
32385,0.1588,-0.2137,0.87,-5.22,7.95,0.02,21.84
32395,0.1516,-0.2056,0.8776,-5.48,8.06,-0.05,21.83
32405,0.1506,-0.2196,0.8828,-6.18,7.63,-0.14,21.8
32415,0.1544,-0.2202,0.8767,-6.84,7.63,-0.11,21.84
32425,0.1543,-0.2218,0.8634,-6.9,7.76,-0.18,21.83
32435,0.1581,-0.2272,0.8599,-6.23,7.79,-0.06,21.82
32445,0.1521,-0.2178,0.8645,-5.6,8.12,0.12,21.83
32455,0.1511,-0.2148,0.8812,-5.47,8.15,0.08,21.84
32465,0.1461,-0.2125,0.8864,-5.65,7.97,-0.08,21.84
32475,0.1492,-0.2069,0.8835,-6.27,7.53,-0.08,21.85
32485,0.153,-0.2157,0.8788,-6.84,7.37,-0.12,21.86
32495,0.1566,-0.2169,0.8666,-7.27,7.76,-0.21,21.82
32505,0.1528,-0.2224,0.849,-6.95,7.98,-0.12,21.86
32515,0.1584,-0.2301,0.8525,-6.17,8.15,-0.06,21.85
32525,0.153,-0.2209,0.8568,-5.59,7.91,-0.06,21.82
32535,0.1539,-0.2189,0.8667,-5.4,7.42,-0.09,21.82
32545,0.156,-0.2106,0.871,-5.63,7.18,-0.08,21.83
32555,0.1567,-0.2084,0.8745,-6.02,7.44,-0.14,21.84
32565,0.1544,-0.2113,0.8677,-6.53,7.88,-0.05,21.82
32575,0.152,-0.2123,0.8691,-6.52,8.11,-0.08,21.82
32585,0.1549,-0.2134,0.8691,-6.41,8.06,-0.05,21.84
32595,0.1523,-0.2202,0.8726,-6.08,7.86,-0.08,21.84
32605,0.156,-0.2213,0.8722,-6.12,7.79,-0.06,21.82
32615,0.1576,-0.2211,0.8677,-6.5,7.82,-0.05,21.84
32625,0.1572,-0.2245,0.8655,-6.66,8.03,0.0,21.83
32635,0.1527,-0.226,0.8589,-6.63,7.98,0.02,21.84
32645,0.1544,-0.2253,0.8586,-6.26,7.76,-0.02,21.84
32655,0.151,-0.2203,0.8578,-5.98,7.53,-0.06,21.84
32665,0.1531,-0.217,0.8611,-5.76,7.4,-0.09,21.82
32675,0.1542,-0.2188,0.8636,-5.85,7.65,-0.09,21.84
32685,0.1521,-0.2177,0.8717,-6.09,8.03,-0.02,21.82
32695,0.152,-0.2223,0.8754,-6.26,8.12,0.0,21.83
32705,0.1519,-0.2256,0.8723,-6.52,7.95,-0.06,21.82
32715,0.1556,-0.2249,0.8719,-6.41,7.69,-0.11,21.86
32725,0.156,-0.2227,0.8646,-5.97,7.45,-0.15,21.84
32735,0.1553,-0.2205,0.8696,-5.73,7.47,-0.05,21.84
32745,0.1583,-0.2155,0.8741,-5.65,7.63,0.0,21.84
32755,0.1561,-0.213,0.8739,-6.03,7.71,-0.03,21.85
32765,0.155,-0.2133,0.8715,-6.37,7.86,-0.02,21.83
32775,0.1566,-0.2124,0.8723,-6.58,7.74,-0.08,21.82
32785,0.1587,-0.217,0.86,-6.53,7.91,-0.11,21.84
32795,0.1584,-0.2217,0.8591,-6.4,8.05,-0.06,21.84
32805,0.1573,-0.222,0.864,-6.24,8.0,-0.08,21.84
32815,0.1559,-0.225,0.8646,-5.98,7.95,0.0,21.84
32825,0.1541,-0.2255,0.8693,-6.0,7.65,-0.09,21.87
32835,0.1555,-0.2209,0.8719,-5.95,7.4,-0.12,21.87
32845,0.1567,-0.2205,0.8649,-6.03,7.4,-0.09,21.87
32855,0.1559,-0.2179,0.866,-6.09,7.69,-0.08,21.84
32865,0.156,-0.2196,0.8695,-6.14,8.09,0.03,21.85
32875,0.1509,-0.2161,0.8726,-6.06,8.12,0.03,21.87
32885,0.1514,-0.2191,0.8711,-6.2,7.97,-0.08,21.87
32895,0.1536,-0.2202,0.8705,-6.35,7.66,-0.11,21.83
32905,0.1536,-0.2191,0.8647,-6.35,7.5,-0.08,21.85
32915,0.1523,-0.2192,0.8579,-6.21,7.62,-0.06,21.84
32925,0.1543,-0.2189,0.8572,-5.98,7.85,0.0,21.84
32935,0.1543,-0.215,0.8605,-5.79,7.92,-0.02,21.83
32945,0.1514,-0.2135,0.8635,-5.76,7.8,0.05,21.84
32955,0.1523,-0.2113,0.8676,-5.86,7.63,-0.03,21.85
32965,0.156,-0.2103,0.8708,-6.2,7.65,-0.06,21.84
32975,0.1548,-0.2159,0.8707,-6.31,7.77,-0.06,21.84
32985,0.1558,-0.2183,0.8671,-6.47,7.94,0.02,21.85
32995,0.151,-0.2214,0.8663,-6.41,7.86,0.0,21.85
33005,0.1534,-0.2225,0.8679,-6.14,7.76,-0.02,21.88
33015,0.1537,-0.2211,0.8655,-6.09,7.62,-0.05,21.85
33025,0.1541,-0.2195,0.8685,-5.92,7.54,-0.02,21.86
33035,0.153,-0.2178,0.8717,-6.15,7.69,-0.02,21.85
33045,0.1536,-0.2164,0.8698,-6.29,7.85,-0.08,21.85
33055,0.1541,-0.2141,0.8745,-6.34,7.88,0.0,21.85
33065,0.1533,-0.2157,0.8716,-6.32,7.88,-0.05,21.85
33075,0.15,-0.2184,0.8667,-6.17,7.71,-0.06,21.86
33085,0.1512,-0.2169,0.8699,-6.2,7.63,-0.06,21.84
33095,0.1511,-0.2174,0.8716,-6.12,7.76,-0.03,21.86
33105,0.1553,-0.2172,0.8698,-6.14,7.92,0.02,21.86
33115,0.1523,-0.2216,0.8685,-6.26,7.92,0.03,21.86
33125,0.1525,-0.222,0.8685,-6.24,7.76,-0.06,21.86
33135,0.1543,-0.2222,0.8649,-6.24,7.69,-0.08,21.87
33145,0.1534,-0.2218,0.8625,-6.21,7.69,-0.11,21.85
33155,0.1553,-0.2194,0.866,-6.05,7.82,0.0,21.85
33165,0.1542,-0.2198,0.8708,-6.14,7.92,-0.05,21.85
33175,0.1543,-0.2197,0.865,-6.18,7.94,-0.08,21.83
33185,0.1519,-0.2216,0.864,-6.21,7.77,-0.08,21.86
33195,0.1555,-0.2169,0.8589,-6.23,7.63,-0.09,21.84
33205,0.1552,-0.2192,0.8633,-6.18,7.62,-0.12,21.84
33215,0.1566,-0.2186,0.86,-6.05,7.83,-0.05,21.85
33225,0.156,-0.2208,0.8636,-6.0,7.91,-0.06,21.85
33235,0.1562,-0.2191,0.8656,-6.08,7.98,0.02,21.83
33245,0.1539,-0.2189,0.8696,-6.15,7.86,-0.09,21.85
33255,0.1533,-0.2153,0.8695,-6.26,7.79,-0.06,21.87
33265,0.1543,-0.218,0.8644,-6.23,7.73,-0.06,21.84
33275,0.1534,-0.2183,0.8652,-6.2,7.82,0.02,21.85
33285,0.1533,-0.2208,0.864,-6.14,7.88,-0.02,21.84
33295,0.1516,-0.2191,0.8678,-6.06,7.97,-0.09,21.86
33305,0.155,-0.2175,0.8721,-6.06,7.73,-0.05,21.86
33315,0.1555,-0.2194,0.8708,-6.12,7.62,-0.02,21.87
33325,0.1588,-0.2159,0.8663,-6.31,7.63,-0.02,21.85
33335,0.1556,-0.2173,0.8638,-6.32,7.68,-0.06,21.86
33345,0.1554,-0.2157,0.8617,-6.11,7.74,-0.12,21.85
33355,0.1573,-0.2185,0.8634,-6.14,7.77,-0.14,21.84
33365,0.1577,-0.2164,0.8668,-6.06,7.74,-0.08,21.83
33375,0.1567,-0.2178,0.8695,-6.0,7.77,-0.12,21.85
33385,0.1584,-0.2191,0.8671,-6.15,7.85,-0.02,21.86
33395,0.1556,-0.2184,0.875,-6.27,7.89,0.0,21.85
33405,0.1547,-0.2197,0.8674,-6.29,7.76,0.0,21.85
33415,0.1549,-0.2207,0.8691,-6.17,7.71,-0.05,21.86
33425,0.1523,-0.2209,0.8679,-6.08,7.71,-0.02,21.85
33435,0.1542,-0.2158,0.8646,-6.05,7.69,-0.08,21.86
33445,0.1527,-0.2151,0.8687,-6.09,7.69,-0.05,21.87
33455,0.1539,-0.2146,0.8673,-6.21,7.88,-0.08,21.84
33465,0.1532,-0.2158,0.8665,-6.32,7.92,-0.05,21.86
33475,0.1522,-0.2191,0.8644,-6.27,7.82,-0.11,21.87
33485,0.1519,-0.2227,0.8639,-6.24,7.76,-0.05,21.87
33495,0.1538,-0.2197,0.8644,-6.24,7.69,-0.08,21.86
33505,0.1539,-0.2217,0.863,-6.09,7.69,-0.08,21.84
33515,0.1581,-0.22,0.8639,-5.98,7.74,-0.08,21.85
33525,0.1547,-0.2166,0.8646,-5.92,7.71,-0.06,21.87
33535,0.1542,-0.2188,0.8676,-6.06,7.65,-0.06,21.86
33545,0.156,-0.2158,0.8705,-6.06,7.76,-0.09,21.88
33555,0.1537,-0.2147,0.8638,-6.18,7.77,-0.08,21.87
33565,0.1538,-0.2157,0.8612,-6.26,7.86,-0.05,21.84
33575,0.1545,-0.2167,0.8651,-6.37,7.95,-0.14,21.85
33585,0.1519,-0.2162,0.8663,-6.26,7.88,-0.06,21.84
33595,0.1544,-0.2186,0.8666,-6.14,7.79,-0.05,21.87
33605,0.1545,-0.2162,0.8666,-6.09,7.71,0.0,21.84
33615,0.1534,-0.2175,0.8699,-6.24,7.71,-0.11,21.84
33625,0.156,-0.2194,0.8698,-6.2,7.79,-0.05,21.82
33635,0.1541,-0.217,0.8651,-6.2,7.8,-0.09,21.84
33645,0.153,-0.2213,0.8656,-6.2,7.89,0.02,21.85
33655,0.1555,-0.2162,0.8704,-6.15,7.88,-0.02,21.83
33665,0.1566,-0.2222,0.8701,-6.23,7.8,0.02,21.87
33675,0.1562,-0.2191,0.8706,-6.17,7.69,-0.02,21.84
33685,0.1575,-0.2195,0.8671,-6.09,7.71,-0.06,21.85
33695,0.1562,-0.2194,0.8698,-6.12,7.85,-0.08,21.84
33705,0.1536,-0.2195,0.8644,-6.18,7.89,-0.02,21.84
33715,0.1539,-0.2188,0.871,-6.15,7.83,0.02,21.85
33725,0.1555,-0.2202,0.8672,-6.18,7.79,-0.09,21.85
33735,0.1575,-0.2184,0.8668,-6.17,7.83,-0.05,21.87
33745,0.1522,-0.2192,0.8682,-6.14,7.77,-0.06,21.84
33755,0.1525,-0.2211,0.869,-6.12,7.83,-0.05,21.84
33765,0.1544,-0.22,0.8662,-6.12,7.83,0.0,21.84
33775,0.1519,-0.2197,0.8668,-6.12,7.69,-0.06,21.84
33785,0.1531,-0.2178,0.8688,-6.09,7.66,-0.03,21.84
33795,0.1525,-0.2195,0.8657,-6.11,7.65,-0.03,21.84
33805,0.1549,-0.2184,0.8705,-6.09,7.74,-0.05,21.85
33815,0.1558,-0.2145,0.8663,-6.14,7.76,-0.09,21.84
33825,0.1542,-0.2158,0.8667,-6.09,7.8,-0.02,21.85
33835,0.1523,-0.2156,0.8671,-6.18,7.8,-0.09,21.84
33845,0.1544,-0.2194,0.863,-6.2,7.83,-0.05,21.84
33855,0.1539,-0.2192,0.8655,-6.15,7.8,-0.05,21.82
33865,0.1514,-0.2153,0.8661,-6.12,7.8,-0.03,21.83
33875,0.1522,-0.2175,0.8657,-6.05,7.77,0.0,21.84
33885,0.1517,-0.2157,0.8684,-6.21,7.77,-0.12,21.86
33895,0.1534,-0.2164,0.8711,-6.11,7.71,-0.11,21.86
33905,0.1534,-0.2189,0.8679,-6.21,7.77,-0.09,21.85
33915,0.1543,-0.219,0.8727,-6.27,7.79,-0.08,21.84
33925,0.1532,-0.2172,0.8683,-6.2,7.69,0.03,21.85
33935,0.155,-0.2197,0.8671,-6.24,7.77,-0.03,21.84
33945,0.1553,-0.2169,0.8623,-6.2,7.79,-0.11,21.87
33955,0.1536,-0.2151,0.871,-6.14,7.73,-0.02,21.84
33965,0.1552,-0.2148,0.8667,-6.08,7.82,-0.02,21.83
33975,0.1549,-0.2185,0.8737,-6.08,7.82,-0.03,21.84
33985,0.1537,-0.2185,0.8701,-6.09,7.76,-0.08,21.86
33995,0.1547,-0.2164,0.8723,-6.24,7.73,0.02,21.85
34005,0.1559,-0.2208,0.8707,-6.2,7.71,-0.06,21.85
34015,0.1554,-0.219,0.8689,-6.27,7.76,-0.08,21.84
34025,0.1539,-0.2179,0.8674,-6.21,7.85,-0.15,21.87
34035,0.1549,-0.2158,0.8627,-6.18,7.8,0.02,21.86
34045,0.1523,-0.2183,0.8698,-6.18,7.77,-0.08,21.89
34055,0.1539,-0.2158,0.8647,-6.12,7.86,-0.11,21.85
34065,0.1544,-0.2167,0.8665,-6.12,7.79,-0.05,21.87
34075,0.1549,-0.2155,0.8694,-6.24,7.69,-0.08,21.85
34085,0.152,-0.2147,0.8676,-6.11,7.71,-0.09,21.86
34095,0.1538,-0.219,0.8667,-6.23,7.79,-0.06,21.85
34105,0.1564,-0.2168,0.8668,-6.23,7.88,-0.02,21.85
34115,0.1559,-0.2188,0.8661,-6.12,7.86,-0.11,21.87
34125,0.1537,-0.2208,0.8669,-6.23,7.91,-0.02,21.85
34135,0.1515,-0.217,0.8645,-6.21,7.8,0.02,21.85
34145,0.1526,-0.218,0.8687,-6.23,7.76,-0.02,21.84
34155,0.1544,-0.2179,0.866,-6.26,7.77,0.02,21.85
34165,0.1544,-0.2175,0.8643,-6.31,7.79,-0.11,21.85
34175,0.1549,-0.2175,0.8652,-6.2,7.77,-0.05,21.86
34185,0.1533,-0.2184,0.8673,-6.12,7.79,0.0,21.87
34195,0.1543,-0.2218,0.8685,-6.14,7.79,-0.11,21.86
34205,0.1543,-0.2206,0.869,-6.2,7.82,-0.09,21.86
34215,0.1515,-0.2213,0.8657,-6.21,7.74,-0.12,21.86
34225,0.1561,-0.2192,0.8672,-6.26,7.71,-0.05,21.84
34235,0.1549,-0.2166,0.8707,-6.18,7.79,-0.02,21.87
34245,0.1569,-0.2185,0.8671,-6.09,7.77,-0.03,21.84
34255,0.155,-0.2178,0.8706,-6.17,7.79,-0.02,21.87
34265,0.1554,-0.2174,0.87,-6.15,7.65,-0.09,21.88
34275,0.1536,-0.219,0.8667,-6.17,7.63,-0.12,21.85
34285,0.1586,-0.2188,0.8691,-6.23,7.79,-0.05,21.85
34302,0.1549,-0.218,0.8671,-6.18,7.79,-0.03,21.85
34312,0.1578,-0.2202,0.8687,-6.17,7.74,-0.12,21.85
34322,0.1521,-0.2186,0.8667,-6.18,7.69,-0.03,21.87
34332,0.1542,-0.2208,0.8668,-6.14,7.69,-0.11,21.85
34342,0.1547,-0.2188,0.8685,-6.23,7.74,-0.05,21.85
34352,0.1542,-0.2206,0.8676,-6.23,7.85,-0.11,21.87
34362,0.1543,-0.2189,0.8679,-6.24,7.83,-0.03,21.89
34372,0.1543,-0.2174,0.8671,-6.15,7.74,-0.11,21.87
34382,0.1514,-0.218,0.8667,-6.21,7.77,-0.08,21.87
34392,0.1556,-0.2205,0.8668,-6.17,7.66,-0.12,21.88
34402,0.1556,-0.218,0.8679,-6.18,7.71,-0.11,21.87
34412,0.1515,-0.2188,0.8693,-6.2,7.82,-0.12,21.88
34422,0.1509,-0.2175,0.8665,-6.24,7.95,-0.05,21.87
34432,0.155,-0.2211,0.8621,-6.24,7.77,0.0,21.87
34442,0.1581,-0.2186,0.8639,-6.2,7.59,0.0,21.89
34452,0.155,-0.2158,0.8666,-6.14,7.66,-0.06,21.86
34462,0.1553,-0.2156,0.8665,-6.03,7.77,0.03,21.85
34472,0.1602,-0.2163,0.8706,-6.14,7.86,0.0,21.84
34482,0.1534,-0.2184,0.87,-6.23,7.89,0.03,21.88
34492,0.1523,-0.2179,0.8688,-6.24,7.85,-0.03,21.84
34502,0.1533,-0.2185,0.8696,-6.23,7.69,-0.06,21.84
34512,0.1541,-0.2181,0.8635,-6.23,7.74,-0.08,21.86
34522,0.1504,-0.2183,0.864,-6.09,7.8,-0.05,21.87
34532,0.1548,-0.2195,0.8691,-6.15,7.83,-0.03,21.85
34542,0.1552,-0.2156,0.8756,-6.2,7.85,-0.02,21.86
34552,0.1556,-0.2158,0.871,-6.24,7.82,-0.03,21.85
34562,0.1528,-0.2207,0.8708,-6.26,7.79,-0.08,21.89
34572,0.1575,-0.22,0.8693,-6.21,7.79,-0.06,21.87
34582,0.1545,-0.2169,0.8702,-6.17,7.79,-0.08,21.86
34592,0.1548,-0.2203,0.8715,-6.06,7.83,-0.05,21.88
34602,0.1522,-0.2169,0.8698,-6.2,7.79,-0.06,21.86
34612,0.1523,-0.2191,0.8668,-6.24,7.8,-0.14,21.89
34622,0.1521,-0.2197,0.8729,-6.18,7.65,-0.05,21.86
34632,0.1537,-0.2168,0.8684,-6.12,7.73,0.0,21.87
34642,0.1532,-0.2178,0.871,-6.14,7.82,-0.08,21.87
34652,0.1516,-0.2197,0.8693,-6.15,7.89,0.0,21.87
34662,0.1528,-0.2198,0.8665,-6.18,7.83,-0.05,21.88
34672,0.1539,-0.2178,0.8683,-6.17,7.79,-0.05,21.85
34682,0.1525,-0.219,0.8666,-6.12,7.69,-0.03,21.84
34692,0.1542,-0.2158,0.8638,-6.35,7.73,-0.02,21.89
34702,0.1558,-0.2173,0.8658,-6.26,7.74,-0.08,21.88
34712,0.1544,-0.2194,0.8665,-6.12,7.79,0.02,21.84
34722,0.1537,-0.2195,0.8673,-6.12,7.86,0.03,21.87
34732,0.1531,-0.2186,0.8677,-6.14,7.79,-0.06,21.87
34742,0.155,-0.2135,0.8683,-6.15,7.77,-0.05,21.87
34752,0.1534,-0.2194,0.8638,-6.23,7.74,-0.02,21.86
34762,0.1561,-0.2175,0.8652,-6.15,7.73,-0.03,21.87
34772,0.1538,-0.2184,0.8628,-6.14,7.76,-0.08,21.88
34782,0.1531,-0.2211,0.8695,-6.09,7.76,-0.05,21.87
34792,0.1581,-0.2142,0.8677,-6.06,7.8,-0.03,21.85
34802,0.156,-0.2181,0.8733,-6.06,7.83,0.02,21.87
34812,0.155,-0.2175,0.8701,-6.21,7.8,-0.06,21.87
34822,0.1521,-0.218,0.8711,-6.29,7.77,-0.02,21.85
34832,0.1527,-0.2173,0.8666,-6.31,7.79,-0.05,21.9
34842,0.1508,-0.2181,0.8674,-6.23,7.8,-0.03,21.87
34852,0.156,-0.2206,0.8633,-6.14,7.82,-0.06,21.87
34862,0.1521,-0.2191,0.8676,-6.05,7.76,-0.08,21.87
34872,0.1548,-0.2188,0.8666,-6.08,7.66,-0.11,21.86
34882,0.155,-0.2195,0.8677,-6.2,7.79,-0.12,21.88
34892,0.1539,-0.2181,0.8707,-6.21,7.74,-0.11,21.87
34902,0.1537,-0.2197,0.8663,-6.21,7.65,-0.09,21.88
34912,0.1543,-0.2186,0.8695,-6.15,7.69,-0.06,21.87
34922,0.1553,-0.2196,0.8613,-6.21,7.69,-0.09,21.87
34932,0.1525,-0.2184,0.8708,-6.12,7.69,-0.08,21.87
34942,0.1536,-0.2178,0.8683,-6.24,7.83,-0.11,21.86
34952,0.1558,-0.2189,0.8641,-6.24,7.74,-0.12,21.86
34962,0.1556,-0.215,0.8663,-6.29,7.76,-0.05,21.86
34972,0.1556,-0.2147,0.8646,-6.23,7.69,-0.05,21.86
34982,0.1517,-0.2159,0.8656,-6.11,7.74,-0.02,21.87
34992,0.1542,-0.2147,0.8658,-6.17,7.79,0.02,21.87
35002,0.1527,-0.2192,0.868,-6.14,7.74,0.03,21.87
35012,0.1542,-0.2196,0.8721,-6.2,7.79,-0.09,21.88
35022,0.1517,-0.2194,0.8651,-6.23,7.77,-0.05,21.84
35032,0.1531,-0.2196,0.8651,-6.24,7.73,0.02,21.88
35042,0.1538,-0.2192,0.8629,-6.2,7.77,0.03,21.87
35052,0.1532,-0.2156,0.8654,-6.12,7.69,-0.06,21.87
35062,0.1514,-0.2159,0.8684,-6.12,7.8,-0.05,21.88
35072,0.1515,-0.2192,0.8693,-6.12,7.77,-0.03,21.89
35083,0.1545,-0.2177,0.8662,-6.23,7.69,-0.08,21.88
35093,0.1562,-0.2169,0.8671,-6.31,7.68,-0.11,21.85
35103,0.1534,-0.2203,0.8619,-6.27,7.71,-0.09,21.87
35113,0.1537,-0.2192,0.8632,-6.26,7.8,-0.11,21.85
35123,0.1544,-0.218,0.866,-6.08,7.79,0.03,21.87
35133,0.1548,-0.2178,0.864,-5.97,7.83,-0.06,21.87
35143,0.1542,-0.2145,0.8711,-6.09,7.66,-0.03,21.87
35153,0.1536,-0.2163,0.8711,-6.18,7.63,-0.08,21.88
35163,0.1501,-0.2181,0.8669,-6.26,7.73,-0.15,21.87
35173,0.1554,-0.218,0.8669,-6.31,7.89,-0.06,21.87
35183,0.1528,-0.2179,0.8668,-6.18,7.91,0.02,21.87
35193,0.1509,-0.2174,0.8708,-6.17,7.83,0.0,21.87
35203,0.1538,-0.2166,0.8711,-6.14,7.73,-0.15,21.85
35213,0.1534,-0.2188,0.8729,-6.24,7.68,-0.12,21.87
35223,0.156,-0.2167,0.8705,-6.31,7.71,-0.11,21.87
35233,0.1576,-0.2184,0.8662,-6.35,7.86,-0.02,21.89
35243,0.1576,-0.218,0.8665,-6.24,7.94,-0.02,21.89
35253,0.1539,-0.22,0.8657,-6.15,7.91,0.03,21.87
35263,0.1536,-0.2216,0.8685,-6.03,7.8,-0.03,21.89
35273,0.155,-0.2164,0.8702,-6.06,7.65,-0.02,21.89
35283,0.1537,-0.2186,0.8683,-6.09,7.66,-0.02,21.88
35293,0.1564,-0.2185,0.8679,-6.21,7.68,-0.03,21.86
35303,0.155,-0.2174,0.8644,-6.21,7.91,-0.05,21.87
35313,0.1528,-0.2189,0.8657,-6.15,7.83,-0.09,21.89
35323,0.151,-0.2172,0.8663,-6.09,7.79,-0.08,21.88
35333,0.1522,-0.2147,0.866,-6.08,7.71,-0.08,21.87
35343,0.1562,-0.2162,0.8671,-6.09,7.63,-0.06,21.87
35353,0.1539,-0.2175,0.865,-6.21,7.8,-0.08,21.9
35363,0.155,-0.2145,0.869,-6.26,7.82,-0.02,21.87
35373,0.1532,-0.2158,0.8698,-6.21,7.82,0.0,21.88
35383,0.1543,-0.2185,0.8693,-6.23,7.82,-0.02,21.89
35393,0.1528,-0.2166,0.8671,-6.14,7.74,-0.03,21.88
35403,0.1555,-0.2186,0.8662,-6.09,7.66,-0.06,21.88
35413,0.1527,-0.2185,0.8645,-6.18,7.79,-0.02,21.88
35423,0.1532,-0.2159,0.8717,-6.14,7.79,-0.03,21.89
35433,0.1559,-0.2168,0.8695,-6.21,7.85,-0.06,21.87
35443,0.1536,-0.2201,0.8671,-6.26,7.79,-0.02,21.88
35453,0.1558,-0.2162,0.8673,-6.29,7.71,-0.12,21.86
35463,0.1523,-0.2175,0.8658,-6.23,7.69,-0.14,21.88
35473,0.1543,-0.2152,0.8695,-6.23,7.68,-0.03,21.87
35483,0.1543,-0.2158,0.8688,-6.21,7.79,-0.11,21.88
35493,0.1517,-0.2179,0.8672,-6.12,7.88,-0.02,21.87
35503,0.1532,-0.2188,0.8695,-6.21,7.76,-0.05,21.88
35513,0.1539,-0.2209,0.8678,-6.23,7.8,-0.09,21.87
35523,0.1564,-0.2191,0.8699,-6.2,7.68,-0.11,21.88
35533,0.1542,-0.2201,0.8668,-6.21,7.69,-0.06,21.86
35543,0.1526,-0.2208,0.868,-6.29,7.71,-0.06,21.89
35553,0.1541,-0.22,0.8666,-6.27,7.73,-0.05,21.87
35563,0.1542,-0.2194,0.8601,-6.27,7.77,-0.05,21.87
35573,0.1547,-0.218,0.8658,-6.11,7.73,-0.03,21.9
35583,0.1543,-0.2181,0.8684,-6.03,7.83,-0.02,21.88
35593,0.1537,-0.2164,0.8708,-6.03,7.8,-0.05,21.88
35603,0.1552,-0.217,0.868,-6.21,7.77,-0.05,21.86
35613,0.1515,-0.2153,0.8673,-6.27,7.79,-0.09,21.87
35623,0.1539,-0.2192,0.8674,-6.34,7.79,-0.05,21.89
35633,0.1521,-0.2174,0.8676,-6.26,7.77,-0.06,21.89
35643,0.1561,-0.2184,0.8661,-6.18,7.8,-0.06,21.87
35653,0.1545,-0.2211,0.8665,-6.12,7.82,-0.03,21.89
35663,0.1547,-0.2174,0.8671,-6.14,7.83,-0.03,21.89
35673,0.1531,-0.2191,0.8696,-6.23,7.82,-0.14,21.89
35683,0.1543,-0.2202,0.8673,-6.27,7.76,-0.08,21.87
35693,0.1533,-0.2208,0.8654,-6.2,7.74,-0.08,21.89
35703,0.1528,-0.2174,0.8657,-6.24,7.86,-0.06,21.87
35713,0.157,-0.22,0.864,-6.12,7.83,0.03,21.89
35723,0.1541,-0.2209,0.868,-6.17,7.83,0.03,21.88
35733,0.1539,-0.2153,0.8718,-6.09,7.82,-0.03,21.87
35743,0.1547,-0.2156,0.8721,-6.18,7.71,0.0,21.9
35753,0.1517,-0.2192,0.8661,-6.15,7.71,0.0,21.88
35763,0.155,-0.2205,0.8671,-6.26,7.88,-0.09,21.88
35773,0.158,-0.2167,0.8674,-6.31,7.83,-0.08,21.89
35783,0.1548,-0.2184,0.8662,-6.18,7.86,-0.08,21.89
35793,0.1531,-0.2168,0.8684,-6.12,7.85,-0.02,21.89
35803,0.1538,-0.2203,0.8661,-6.15,7.76,-0.05,21.88
35813,0.1569,-0.2162,0.8665,-6.11,7.62,-0.05,21.88
35823,0.1564,-0.2189,0.8683,-6.2,7.79,-0.03,21.87
35833,0.1522,-0.219,0.8647,-6.18,7.89,-0.03,21.87
35843,0.1545,-0.218,0.8666,-6.24,7.89,-0.03,21.89
35853,0.1506,-0.2194,0.8673,-6.2,7.88,0.0,21.9
35863,0.1505,-0.2195,0.87,-6.03,7.73,0.0,21.86
35873,0.1542,-0.2166,0.8661,-6.06,7.59,-0.14,21.84
35883,0.1536,-0.2189,0.8699,-6.14,7.62,-0.12,21.88
35893,0.1541,-0.2155,0.8655,-6.27,7.76,-0.05,21.88
35903,0.1554,-0.218,0.8649,-6.31,7.79,-0.05,21.85
35913,0.1543,-0.219,0.8666,-6.15,7.79,-0.02,21.87
35923,0.1516,-0.2156,0.8679,-6.15,7.63,-0.14,21.87
35933,0.1573,-0.2189,0.8683,-6.03,7.65,-0.12,21.85
35943,0.1561,-0.215,0.8705,-6.03,7.65,-0.08,21.88
35953,0.1576,-0.2166,0.8669,-6.17,7.76,-0.08,21.89
35963,0.1534,-0.2184,0.8676,-6.37,7.79,-0.02,21.89
35973,0.1545,-0.2168,0.8671,-6.26,7.86,-0.12,21.89
35983,0.1539,-0.2173,0.8595,-6.15,7.76,-0.12,21.9
35993,0.1542,-0.2166,0.8632,-6.08,7.73,-0.06,21.89
36027,0.1501,-0.2172,0.8806,-6.27,8.09,-0.14,21.88
36037,0.1503,-0.2162,0.8713,-6.31,7.98,-0.14,21.87
36047,0.1547,-0.2185,0.8623,-6.21,7.69,-0.03,21.88
36057,0.1587,-0.2223,0.8612,-6.12,7.34,-0.02,21.89
36067,0.1594,-0.2212,0.8649,-6.0,7.54,-0.11,21.88
36077,0.1583,-0.2207,0.8674,-5.91,7.76,-0.14,21.91
36087,0.1483,-0.2148,0.8774,-6.15,8.0,0.0,21.89
36097,0.1567,-0.2147,0.8711,-6.24,7.79,-0.06,21.87
36107,0.1615,-0.2161,0.8687,-6.27,7.47,0.05,21.89
36117,0.1567,-0.2195,0.8723,-6.26,7.66,0.02,21.88
36127,0.1526,-0.2181,0.8683,-6.14,7.95,-0.08,21.87
36137,0.1525,-0.2179,0.8678,-6.23,7.95,-0.11,21.85
36147,0.1591,-0.217,0.8656,-6.26,7.89,0.0,21.88
36157,0.1531,-0.2203,0.8669,-6.27,7.66,-0.02,21.88
36167,0.1548,-0.2169,0.8618,-6.24,7.74,0.0,21.86
36177,0.1573,-0.218,0.8573,-6.15,7.62,-0.06,21.85
36187,0.1472,-0.2172,0.8633,-6.06,7.95,-0.03,21.88
36197,0.156,-0.217,0.8667,-5.97,7.79,-0.03,21.87
36207,0.15,-0.2185,0.8683,-6.09,7.62,-0.09,21.87
36217,0.1418,-0.2195,0.8771,-6.2,7.94,-0.08,21.88
36227,0.1578,-0.219,0.8772,-6.21,7.76,-0.06,21.85
36237,0.1647,-0.2211,0.8629,-6.41,7.65,-0.18,21.86
36247,0.158,-0.217,0.8633,-6.31,7.82,0.0,21.88
36257,0.1608,-0.2189,0.861,-6.34,7.74,-0.09,21.86
36267,0.1464,-0.2146,0.8636,-6.21,7.82,-0.06,21.87
36277,0.1487,-0.2173,0.8651,-6.14,7.57,-0.03,21.87
36287,0.1646,-0.22,0.8678,-5.97,7.65,-0.05,21.89
36297,0.1652,-0.2209,0.8718,-5.8,7.82,-0.05,21.9
36307,0.1674,-0.2194,0.8748,-5.69,8.09,0.03,21.87
36317,0.1531,-0.2158,0.8876,-6.06,8.4,0.02,21.87
36327,0.1473,-0.2145,0.885,-6.78,8.15,-0.09,21.87
36337,0.1414,-0.2158,0.8663,-7.24,7.88,-0.11,21.88
36347,0.1467,-0.2178,0.8496,-7.11,7.66,-0.18,21.87
36357,0.158,-0.2218,0.8293,-6.4,7.39,-0.12,21.88
36368,0.1593,-0.2257,0.8435,-5.53,7.74,-0.03,21.88
36378,0.1582,-0.2231,0.8622,-5.15,7.76,-0.06,21.86
36388,0.1659,-0.222,0.8691,-5.36,7.3,-0.03,21.89
36398,0.1606,-0.2207,0.8781,-5.95,7.24,-0.02,21.89
36408,0.1632,-0.2211,0.8712,-6.52,7.39,-0.09,21.89
36418,0.1639,-0.2201,0.8612,-6.72,7.6,0.0,21.89
36428,0.1615,-0.2195,0.8636,-6.4,7.85,0.05,21.92
36438,0.1565,-0.219,0.8687,-6.02,8.11,0.03,21.85
36448,0.1543,-0.2175,0.8688,-5.8,7.94,-0.03,21.89
36458,0.1561,-0.2166,0.8688,-6.03,7.25,0.05,21.88
36468,0.1592,-0.2156,0.863,-6.31,7.1,-0.06,21.88
36478,0.1447,-0.2139,0.87,-6.7,8.06,-0.15,21.87
36488,0.1545,-0.2114,0.854,-6.73,8.06,-0.12,21.87
36498,0.1418,-0.2173,0.8588,-6.31,8.35,-0.06,21.88
36508,0.1593,-0.2177,0.8552,-5.76,7.69,-0.05,21.89
36518,0.163,-0.2146,0.8582,-5.54,7.01,0.02,21.9
36528,0.1558,-0.2153,0.8732,-5.8,7.24,0.0,21.89
36538,0.1538,-0.2164,0.8733,-6.32,7.82,-0.11,21.88
36548,0.1545,-0.2208,0.8707,-6.6,8.17,0.0,21.89
36558,0.1569,-0.2238,0.8623,-6.66,8.06,-0.08,21.9
36568,0.1538,-0.2233,0.8662,-6.35,7.71,-0.11,21.88
36578,0.1636,-0.2206,0.8621,-6.03,7.01,-0.15,21.9
36588,0.1641,-0.2257,0.8632,-5.95,6.92,-0.11,21.88
36598,0.1565,-0.2205,0.871,-6.21,7.66,-0.08,21.89
36608,0.1566,-0.2201,0.8673,-6.37,8.31,-0.05,21.89
36619,0.1534,-0.222,0.8627,-6.49,8.27,0.0,21.88
36629,0.1511,-0.2234,0.8568,-6.34,7.73,0.02,21.88
36639,0.1497,-0.2225,0.858,-6.06,7.37,-0.12,21.88
36649,0.1443,-0.2197,0.8689,-5.86,7.56,-0.11,21.89
36659,0.152,-0.2178,0.8716,-5.82,7.92,-0.06,21.88
36669,0.1594,-0.2172,0.8682,-5.97,7.92,-0.02,21.88
36679,0.1543,-0.2144,0.871,-6.27,7.82,-0.02,21.89
36689,0.1545,-0.2181,0.8716,-6.35,7.57,-0.03,21.88
36699,0.1505,-0.2207,0.8722,-6.26,7.47,-0.09,21.89
36709,0.1542,-0.2207,0.8727,-6.27,7.53,-0.05,21.88
36719,0.1621,-0.218,0.8608,-6.02,7.62,-0.02,21.87
36729,0.1637,-0.2191,0.8622,-6.03,7.83,-0.03,21.89
36739,0.1611,-0.2172,0.8636,-6.15,7.94,0.03,21.9
36749,0.1555,-0.2177,0.866,-6.08,7.69,-0.05,21.87
36759,0.1489,-0.2146,0.8696,-6.2,7.66,-0.06,21.86
36769,0.1549,-0.2157,0.8649,-6.14,7.92,-0.12,21.88
36779,0.1616,-0.2155,0.8575,-6.11,7.62,-0.02,21.85
36789,0.1577,-0.2184,0.861,-6.09,7.68,0.0,21.87
36799,0.1488,-0.2156,0.8749,-6.05,7.89,-0.11,21.88
36809,0.1384,-0.2184,0.8816,-6.05,8.14,-0.09,21.88
36819,0.1484,-0.2179,0.8699,-6.24,7.98,-0.15,21.87
36829,0.1643,-0.2158,0.8622,-6.31,7.48,-0.11,21.89
36839,0.165,-0.2206,0.8606,-6.4,7.25,0.03,21.87
36849,0.1554,-0.2175,0.8713,-6.2,7.74,-0.09,21.89
36859,0.1423,-0.2173,0.8749,-6.11,8.27,0.06,21.9
36869,0.1445,-0.2184,0.8732,-6.05,8.23,-0.08,21.89
36879,0.1606,-0.2181,0.8623,-5.98,7.4,-0.03,21.88
36889,0.158,-0.2139,0.8594,-6.21,7.15,-0.08,21.88
36899,0.1487,-0.2156,0.8705,-6.21,7.56,0.0,21.89
36909,0.1451,-0.2158,0.8698,-6.37,8.2,-0.14,21.89
36919,0.1469,-0.2167,0.8698,-6.26,8.2,0.0,21.88
36929,0.1504,-0.2175,0.8674,-6.09,7.88,-0.03,21.89
36939,0.1445,-0.2168,0.8759,-6.05,7.85,-0.08,21.9
36949,0.1493,-0.2174,0.8807,-6.15,7.68,-0.06,21.92
36959,0.1571,-0.2201,0.8657,-6.27,7.66,-0.08,21.88
36969,0.1619,-0.2152,0.8632,-6.32,7.71,-0.06,21.88
36979,0.1558,-0.2179,0.8657,-6.32,7.97,-0.05,21.89
36989,0.1571,-0.2185,0.8647,-6.27,8.06,0.03,21.91
36999,0.1543,-0.2198,0.8666,-6.09,7.69,-0.02,21.91
37009,0.152,-0.2183,0.8721,-6.12,7.57,-0.14,21.89
37019,0.1552,-0.2207,0.8705,-6.09,7.56,-0.02,21.87
37029,0.1521,-0.2191,0.8672,-6.24,7.86,-0.02,21.88
37039,0.1512,-0.2211,0.8683,-6.29,8.03,-0.03,21.9
37049,0.1484,-0.2185,0.866,-6.31,7.85,0.03,21.91
37059,0.1558,-0.2169,0.8667,-6.2,7.66,-0.08,21.89
37069,0.1573,-0.2189,0.8629,-5.95,7.44,-0.08,21.89
37079,0.149,-0.2169,0.8754,-6.09,7.74,0.03,21.89
37089,0.1625,-0.2156,0.8657,-6.21,7.86,-0.05,21.89
37099,0.1671,-0.2186,0.8561,-6.23,7.57,0.03,21.89
37109,0.1578,-0.2191,0.8673,-6.29,7.6,-0.02,21.9
37119,0.1549,-0.2205,0.8656,-6.26,7.65,-0.08,21.91
37129,0.1542,-0.223,0.8649,-6.2,7.45,-0.08,21.91
37139,0.1494,-0.2239,0.8739,-6.08,7.82,-0.06,21.9
37149,0.1512,-0.2216,0.8683,-6.06,8.11,-0.18,21.9
37159,0.166,-0.22,0.8578,-6.02,7.63,-0.02,21.87
37169,0.1658,-0.2191,0.8595,-6.03,7.51,0.02,21.88
37180,0.161,-0.218,0.8577,-6.08,7.73,0.02,21.88
37190,0.162,-0.2151,0.8534,-6.15,7.51,-0.09,21.9
37200,0.1536,-0.2167,0.8699,-6.2,7.53,-0.06,21.89
37210,0.1387,-0.2205,0.8755,-6.27,8.02,-0.14,21.91
37220,0.1445,-0.222,0.8645,-6.35,8.17,-0.03,21.89
37230,0.1523,-0.2177,0.86,-6.18,7.88,-0.05,21.91
37240,0.1538,-0.2161,0.864,-6.02,7.79,-0.05,21.89
37250,0.1628,-0.2142,0.8594,-5.85,7.48,0.02,21.87
37260,0.146,-0.2108,0.8745,-5.95,7.57,-0.06,21.9
37270,0.1434,-0.2141,0.8877,-6.23,8.0,-0.12,21.86
37280,0.1569,-0.2158,0.868,-6.52,7.65,-0.17,21.89
37290,0.1475,-0.2214,0.8669,-6.6,8.09,-0.12,21.89
37300,0.1555,-0.2227,0.8616,-6.5,7.79,-0.02,21.88
37310,0.1495,-0.2229,0.8621,-6.31,8.15,-0.02,21.88
37320,0.1499,-0.2194,0.8674,-6.06,8.02,-0.03,21.88
37330,0.1572,-0.2198,0.8658,-5.94,7.74,-0.03,21.89
37340,0.1591,-0.2201,0.8665,-6.09,7.62,-0.05,21.9
37350,0.1545,-0.2206,0.8649,-6.27,7.65,-0.05,21.87
37360,0.158,-0.2219,0.8646,-6.38,7.76,-0.06,21.9
37370,0.1637,-0.2208,0.8538,-6.38,7.71,0.02,21.9
37381,0.1628,-0.2208,0.8552,-6.03,7.89,0.09,21.88
37391,0.1637,-0.2167,0.8615,-5.83,7.36,0.06,21.9
37401,0.1515,-0.2141,0.8726,-5.76,7.53,0.05,21.89
37411,0.144,-0.2123,0.8773,-6.09,7.63,-0.09,21.88
37421,0.146,-0.2139,0.8776,-6.31,7.51,-0.08,21.89
37431,0.1587,-0.2147,0.8649,-6.47,7.57,-0.18,21.87
37441,0.1589,-0.2161,0.8582,-6.37,7.73,0.02,21.89
37451,0.1571,-0.2179,0.8636,-6.21,7.77,0.0,21.89
37462,0.156,-0.2169,0.8668,-6.06,7.82,-0.03,21.89
37472,0.1555,-0.2196,0.8677,-6.09,7.63,-0.06,21.9
37482,0.1578,-0.2186,0.8751,-6.26,7.62,-0.11,21.89
37492,0.1583,-0.2213,0.8658,-6.38,7.71,-0.09,21.91
37502,0.1582,-0.219,0.8645,-6.15,7.86,-0.08,21.88
37512,0.1558,-0.2203,0.866,-6.15,7.98,-0.06,21.91
37522,0.1553,-0.2213,0.8649,-6.0,7.82,-0.06,21.89
37532,0.1532,-0.2167,0.8671,-6.06,7.66,-0.15,21.9
37542,0.1528,-0.2153,0.8671,-6.18,7.63,-0.12,21.91
37552,0.1506,-0.2173,0.8685,-6.35,7.76,-0.09,21.89
37562,0.1537,-0.2155,0.8672,-6.37,7.85,-0.06,21.87
37572,0.1541,-0.215,0.8628,-6.49,7.97,-0.06,21.87
37582,0.1519,-0.2185,0.8661,-6.23,7.83,0.0,21.91
37592,0.153,-0.2212,0.8663,-6.06,7.74,-0.06,21.9
37602,0.1494,-0.2175,0.8669,-6.14,7.82,-0.11,21.88
37612,0.1569,-0.2184,0.8676,-6.15,7.54,-0.03,21.9
37622,0.1628,-0.2168,0.8635,-6.38,7.65,-0.03,21.89
37632,0.1483,-0.2196,0.8722,-6.32,8.17,-0.05,21.89
37642,0.1561,-0.2205,0.8673,-6.26,8.02,0.05,21.91
37652,0.1515,-0.2219,0.8625,-6.15,7.86,0.02,21.89
37663,0.1483,-0.2212,0.8701,-6.05,7.62,-0.08,21.91
37673,0.1548,-0.2216,0.8698,-6.11,7.68,0.0,21.9
37683,0.1543,-0.2202,0.87,-6.26,7.88,0.0,21.89
37693,0.1538,-0.2169,0.8662,-6.24,8.0,0.03,21.91
37703,0.157,-0.2202,0.8613,-6.26,7.92,-0.03,21.89
37713,0.152,-0.2181,0.8655,-6.2,7.79,0.05,21.89
37723,0.1489,-0.2188,0.8741,-6.09,7.6,-0.05,21.9
37733,0.1456,-0.2202,0.8708,-6.17,7.62,-0.14,21.89
37743,0.1519,-0.2133,0.864,-6.17,7.73,0.03,21.89
37753,0.155,-0.2192,0.87,-6.21,7.86,0.0,21.88
37763,0.1553,-0.2185,0.8732,-6.15,7.77,-0.02,21.87
37773,0.1562,-0.2161,0.8668,-6.14,7.66,-0.08,21.89
37783,0.155,-0.22,0.8668,-6.17,7.68,-0.12,21.89
37793,0.1549,-0.2157,0.87,-6.08,7.71,-0.05,21.9
37803,0.1553,-0.2168,0.8667,-6.23,7.89,-0.06,21.9
37813,0.1542,-0.2183,0.8682,-6.15,7.91,-0.03,21.88
37823,0.1542,-0.2164,0.8656,-6.21,7.94,-0.06,21.87
37833,0.1572,-0.2202,0.8652,-6.15,7.77,-0.03,21.88
37843,0.152,-0.2177,0.865,-6.15,7.69,-0.09,21.88
37853,0.1536,-0.2189,0.8668,-6.17,7.8,-0.06,21.9
37863,0.1556,-0.2174,0.8658,-6.21,7.79,-0.08,21.91
37873,0.1555,-0.2185,0.8649,-6.06,7.8,0.02,21.88
37883,0.1527,-0.2207,0.8682,-6.11,7.8,-0.14,21.9
37893,0.1531,-0.2173,0.8711,-6.14,7.77,-0.18,21.9
37903,0.156,-0.2175,0.8656,-6.17,7.71,-0.11,21.88
37913,0.155,-0.2164,0.8612,-6.14,7.77,-0.08,21.89
37923,0.1558,-0.2152,0.8636,-6.18,7.71,-0.02,21.88
37933,0.155,-0.2163,0.865,-6.15,7.85,-0.02,21.88
37943,0.1511,-0.2168,0.868,-6.21,7.82,-0.06,21.89
37953,0.1565,-0.2189,0.8668,-6.15,7.8,-0.08,21.89
37963,0.1552,-0.218,0.8707,-6.15,7.74,-0.08,21.87
37973,0.1549,-0.2166,0.8643,-6.14,7.76,-0.02,21.88
37983,0.157,-0.2194,0.8685,-6.24,7.88,-0.05,21.9
37993,0.1533,-0.2197,0.8672,-6.26,7.91,-0.06,21.88
38003,0.1559,-0.2164,0.8667,-6.32,7.85,-0.08,21.9
38013,0.1588,-0.2175,0.8687,-6.29,7.66,-0.08,21.9
38023,0.1553,-0.2181,0.8676,-6.26,7.59,-0.09,21.88
38033,0.1567,-0.2207,0.8676,-6.23,7.71,-0.09,21.89
38043,0.1536,-0.2192,0.8698,-6.2,7.86,-0.05,21.89
38053,0.1544,-0.2191,0.8689,-6.17,7.92,-0.08,21.89
38063,0.1578,-0.2194,0.8676,-6.12,7.79,-0.03,21.89
38073,0.1566,-0.2206,0.8688,-6.14,7.65,-0.06,21.89
38083,0.1572,-0.2205,0.8668,-6.12,7.8,-0.05,21.9
38093,0.1522,-0.2202,0.8607,-6.11,7.8,-0.09,21.89
38103,0.1517,-0.217,0.8669,-6.12,7.8,-0.02,21.9
38113,0.1537,-0.2131,0.8669,-6.03,7.71,-0.06,21.92
38123,0.1552,-0.2144,0.871,-6.08,7.68,-0.11,21.91
38133,0.1541,-0.213,0.8678,-6.11,7.65,-0.12,21.89
38143,0.1494,-0.2111,0.8704,-6.31,7.65,-0.08,21.89
38153,0.1573,-0.2148,0.8661,-6.32,7.83,-0.09,21.89
38163,0.1541,-0.2174,0.8627,-6.35,7.83,-0.11,21.89
38173,0.156,-0.2166,0.8644,-6.37,7.69,-0.08,21.93
38183,0.1549,-0.2159,0.8652,-6.18,7.76,-0.02,21.93
38193,0.1541,-0.2175,0.8663,-6.14,7.57,-0.09,21.91
38203,0.156,-0.2157,0.865,-6.17,7.6,-0.12,21.9
38213,0.1566,-0.2135,0.8661,-6.11,7.68,-0.02,21.9
38223,0.1559,-0.2136,0.8613,-6.18,7.8,-0.09,21.89
38233,0.1537,-0.2177,0.8688,-6.18,7.82,-0.05,21.89
38243,0.1549,-0.2177,0.8738,-6.31,7.76,-0.08,21.9
38253,0.1544,-0.2194,0.8727,-6.26,7.76,-0.09,21.9
38263,0.1566,-0.2191,0.8723,-6.43,7.79,-0.14,21.9
38273,0.152,-0.2208,0.8704,-6.41,7.79,-0.09,21.89
38283,0.153,-0.2224,0.8687,-6.49,7.86,-0.06,21.93
38293,0.1528,-0.2192,0.8655,-6.2,7.86,-0.06,21.92
38303,0.1549,-0.2159,0.865,-6.08,7.85,-0.11,21.91
38313,0.1548,-0.2166,0.8647,-6.0,7.73,-0.12,21.9
38323,0.1539,-0.2181,0.8683,-6.03,7.62,-0.11,21.89
38333,0.1534,-0.2197,0.8674,-6.23,7.76,-0.03,21.94
38343,0.1554,-0.2198,0.8663,-6.34,7.86,-0.09,21.92
38353,0.1565,-0.2227,0.8716,-6.35,7.77,-0.2,21.9
38363,0.1539,-0.2229,0.8645,-6.37,7.82,-0.08,21.9
38373,0.1497,-0.2228,0.869,-6.18,7.74,-0.05,21.88
38383,0.1561,-0.2194,0.8699,-6.12,7.66,-0.05,21.9
38393,0.1539,-0.2231,0.8683,-6.12,7.63,-0.05,21.9
38403,0.1552,-0.2219,0.8694,-6.15,7.68,-0.11,21.87
38413,0.1571,-0.2203,0.8649,-6.12,7.82,-0.06,21.9
38423,0.1522,-0.217,0.8658,-6.27,7.82,0.05,21.91
38433,0.1521,-0.218,0.8629,-6.23,7.85,-0.11,21.89
38443,0.1521,-0.2172,0.8655,-6.2,7.76,-0.02,21.91
38453,0.1537,-0.2194,0.8611,-6.14,7.69,0.02,21.92
38463,0.1564,-0.2192,0.8589,-6.12,7.68,-0.02,21.91
38473,0.1548,-0.2205,0.8629,-5.98,7.85,-0.02,21.92
38483,0.1549,-0.2177,0.869,-6.08,7.88,-0.06,21.9
38493,0.1532,-0.2197,0.869,-6.0,7.86,-0.03,21.92
38503,0.1561,-0.2167,0.8705,-5.94,7.73,-0.06,21.9
38513,0.1558,-0.2169,0.8733,-6.06,7.68,-0.05,21.89
38523,0.1575,-0.217,0.8688,-6.14,7.63,-0.15,21.92
38533,0.155,-0.2175,0.8676,-6.35,7.69,0.0,21.9
38543,0.1559,-0.2175,0.8665,-6.31,7.77,0.0,21.9
38553,0.1565,-0.2128,0.8644,-6.2,7.82,-0.09,21.91
38563,0.155,-0.2168,0.8635,-6.14,7.83,-0.03,21.9
38573,0.1548,-0.2174,0.8718,-6.0,7.71,-0.09,21.9
38583,0.1519,-0.2163,0.8687,-6.12,7.77,0.0,21.9
38593,0.1558,-0.2177,0.8704,-6.24,7.76,-0.02,21.93
38603,0.1536,-0.2173,0.8655,-6.52,7.79,-0.03,21.92
38613,0.1565,-0.2223,0.8624,-6.32,7.73,-0.08,21.89
38623,0.155,-0.2207,0.8656,-6.09,7.94,-0.08,21.89
38633,0.1554,-0.2247,0.8743,-5.8,8.0,0.02,21.91
38643,0.1503,-0.2217,0.8771,-5.91,7.73,-0.02,21.92
38653,0.1512,-0.2179,0.8772,-6.05,7.45,-0.08,21.92
38663,0.1573,-0.2156,0.8711,-6.46,7.37,-0.18,21.91
38673,0.1605,-0.2168,0.8615,-6.66,7.6,-0.12,21.93
38683,0.1544,-0.2191,0.8588,-6.52,7.89,0.0,21.92
38693,0.1561,-0.2205,0.8593,-6.24,8.24,0.06,21.89
38703,0.1511,-0.2179,0.8634,-5.97,8.12,0.03,21.88
38713,0.157,-0.2186,0.8716,-5.79,7.85,0.09,21.92
38723,0.1552,-0.2203,0.8724,-6.0,7.44,-0.05,21.9
38733,0.1539,-0.2174,0.8632,-6.31,7.45,-0.06,21.89
38744,0.1576,-0.217,0.8563,-6.47,7.59,0.0,21.91
38754,0.1554,-0.2191,0.859,-6.34,8.0,-0.05,21.91
38764,0.1492,-0.2214,0.8661,-6.06,8.09,-0.02,21.92
38774,0.1495,-0.2209,0.8694,-5.71,7.92,-0.06,21.9
38784,0.1515,-0.2196,0.8748,-5.6,7.68,-0.03,21.89
38794,0.1555,-0.2136,0.8784,-5.91,7.45,-0.12,21.9
38804,0.1558,-0.2155,0.8732,-6.44,7.37,-0.11,21.9
38814,0.1581,-0.2139,0.8651,-6.72,7.68,-0.02,21.91
38824,0.1541,-0.2185,0.8594,-6.66,8.02,-0.02,21.88
38834,0.155,-0.214,0.8586,-6.14,8.11,0.09,21.92
38844,0.1519,-0.2115,0.8624,-5.69,7.94,0.0,21.92
38854,0.1516,-0.213,0.8658,-5.76,7.6,-0.05,21.89
38864,0.1555,-0.213,0.8684,-6.03,7.45,-0.11,21.91
38874,0.1599,-0.2164,0.8673,-6.5,7.54,-0.09,21.89
38884,0.1615,-0.2174,0.8641,-6.73,7.76,-0.23,21.91
38894,0.1561,-0.2211,0.8622,-6.6,7.94,-0.02,21.92
38904,0.155,-0.2228,0.8625,-6.2,7.91,0.02,21.9
38914,0.1536,-0.2208,0.8616,-5.97,7.76,-0.08,21.91
38924,0.1528,-0.2189,0.8691,-5.82,7.65,-0.09,21.9
38934,0.1519,-0.2172,0.8779,-5.85,7.68,-0.11,21.92
38944,0.1556,-0.2186,0.8781,-6.0,7.79,-0.08,21.92
38954,0.1539,-0.2164,0.8719,-6.21,7.85,-0.05,21.91
38964,0.1508,-0.2164,0.8733,-6.49,7.8,-0.15,21.91
38974,0.1534,-0.215,0.8673,-6.52,7.69,-0.05,21.92
38984,0.1519,-0.2167,0.8644,-6.27,7.71,-0.12,21.92
38994,0.1538,-0.2157,0.8674,-6.14,7.86,-0.09,21.92
39004,0.1531,-0.2155,0.8689,-6.14,7.95,-0.03,21.92
39014,0.1528,-0.2169,0.8695,-6.17,7.88,0.06,21.91
39024,0.1544,-0.2203,0.8647,-6.41,7.69,-0.11,21.92
39034,0.1555,-0.2186,0.8613,-6.49,7.62,-0.12,21.9
39044,0.1576,-0.2148,0.8579,-6.41,7.69,-0.08,21.89
39054,0.1566,-0.222,0.8557,-6.23,7.94,-0.09,21.89
39064,0.1554,-0.2235,0.8584,-5.92,8.0,0.03,21.92
39074,0.1526,-0.2191,0.8698,-5.85,7.77,-0.03,21.93
39084,0.1532,-0.2216,0.8734,-5.97,7.5,-0.12,21.91
39094,0.1532,-0.2151,0.8771,-6.08,7.48,-0.08,21.93
39104,0.1544,-0.2159,0.8719,-6.24,7.54,-0.12,21.91
39114,0.1503,-0.215,0.871,-6.35,7.79,-0.11,21.93
39124,0.1492,-0.2191,0.8644,-6.46,7.8,-0.05,21.92
39134,0.1499,-0.2157,0.864,-6.37,7.86,-0.03,21.92
39144,0.1487,-0.2156,0.8628,-5.97,7.86,-0.03,21.94
39154,0.151,-0.2169,0.8676,-5.74,7.83,-0.11,21.93
39164,0.1498,-0.2113,0.8748,-5.89,7.66,-0.02,21.9
39174,0.1549,-0.2161,0.8718,-6.17,7.57,-0.08,21.94
39184,0.1573,-0.2136,0.8702,-6.6,7.6,-0.14,21.92
39194,0.1582,-0.219,0.8645,-6.55,7.71,-0.06,21.92
39204,0.1597,-0.2178,0.8604,-6.41,7.92,-0.05,21.92
39214,0.1583,-0.2208,0.8585,-6.17,8.09,0.0,21.93
39224,0.1575,-0.2231,0.8655,-5.94,8.03,0.02,21.93
39235,0.155,-0.2198,0.8733,-5.97,7.77,0.02,21.95
39245,0.1575,-0.2191,0.8722,-6.06,7.6,-0.05,21.92
39255,0.1547,-0.2189,0.869,-6.21,7.48,-0.03,21.93
39265,0.1578,-0.2158,0.868,-6.27,7.57,-0.05,21.9
39275,0.1565,-0.2125,0.8694,-6.26,7.85,0.0,21.92
39285,0.155,-0.218,0.8678,-6.29,7.91,-0.09,21.89
39295,0.1522,-0.2152,0.8666,-6.41,7.88,-0.14,21.93
39305,0.1542,-0.219,0.8611,-6.27,7.73,-0.02,21.92
39315,0.1519,-0.2185,0.8618,-6.23,7.65,0.0,21.94
39325,0.1565,-0.2159,0.8634,-6.11,7.56,-0.06,21.91
39335,0.1552,-0.2213,0.8665,-6.17,7.63,-0.05,21.92
39345,0.1538,-0.2183,0.8695,-6.09,7.73,-0.05,21.94
39356,0.1552,-0.2201,0.8655,-6.12,7.74,-0.02,21.93
39367,0.1555,-0.2133,0.8679,-6.17,7.63,-0.09,21.91
39377,0.1547,-0.2179,0.8721,-6.26,7.69,-0.08,21.92
39387,0.1541,-0.2189,0.8694,-6.32,7.89,-0.09,21.94
39397,0.1599,-0.2167,0.8645,-6.37,8.0,-0.03,21.9
39407,0.1545,-0.2201,0.8672,-6.31,8.0,-0.03,21.94
39417,0.1521,-0.2188,0.8646,-6.18,7.8,-0.03,21.92
39427,0.1527,-0.2178,0.8615,-6.23,7.54,-0.11,21.94
39437,0.155,-0.2201,0.8649,-6.15,7.5,-0.06,21.9
39447,0.1564,-0.2189,0.8645,-6.21,7.71,-0.12,21.94
39457,0.1549,-0.2191,0.8687,-6.08,7.83,0.02,21.91
39467,0.1548,-0.218,0.8696,-6.17,7.95,-0.05,21.92
39477,0.1542,-0.2183,0.8718,-6.09,7.83,0.0,21.94
39487,0.1553,-0.2158,0.8718,-6.14,7.71,-0.08,21.92
39497,0.1514,-0.2146,0.8685,-6.2,7.63,0.0,21.92
39507,0.1558,-0.2194,0.8649,-6.35,7.69,-0.05,21.92
39517,0.1554,-0.2174,0.8661,-6.32,7.83,0.0,21.93
39527,0.1523,-0.2175,0.866,-6.21,7.94,-0.05,21.94
39537,0.1552,-0.2178,0.8656,-6.15,7.77,0.02,21.92
39547,0.1493,-0.2181,0.8696,-5.98,7.73,-0.03,21.9
39557,0.1564,-0.2196,0.8722,-6.17,7.56,-0.03,21.92
39567,0.1586,-0.2184,0.8702,-6.15,7.66,-0.09,21.94
39577,0.158,-0.2207,0.8647,-6.35,7.77,-0.08,21.94
39587,0.158,-0.2201,0.8612,-6.31,7.83,0.02,21.93
39597,0.1575,-0.2203,0.8665,-6.23,7.83,-0.02,21.92
39607,0.1566,-0.2197,0.8673,-6.06,7.71,-0.06,21.93
39617,0.1566,-0.218,0.8657,-6.09,7.63,-0.02,21.94
39627,0.1575,-0.2177,0.8665,-6.14,7.69,-0.09,21.94
39637,0.1554,-0.2169,0.8702,-6.14,7.82,-0.02,21.9
39647,0.1571,-0.2173,0.865,-6.12,7.88,-0.08,21.93
39657,0.156,-0.2189,0.8658,-6.14,7.8,-0.03,21.92
39667,0.1512,-0.2168,0.8676,-6.12,7.74,-0.11,21.92
39677,0.1503,-0.219,0.8716,-6.17,7.66,-0.06,21.96
39687,0.1534,-0.2152,0.866,-6.15,7.74,-0.08,21.92
39697,0.1547,-0.2174,0.8691,-6.2,7.85,0.03,21.9
39707,0.1521,-0.2159,0.8665,-6.21,7.89,-0.06,21.91
39717,0.1533,-0.2181,0.8717,-6.15,7.76,-0.02,21.93
39727,0.1531,-0.2189,0.8672,-6.23,7.69,-0.09,21.92
39737,0.1528,-0.2183,0.8627,-6.18,7.56,-0.06,21.92
39747,0.1588,-0.2185,0.8647,-6.15,7.69,-0.11,21.92
39757,0.156,-0.2197,0.8636,-6.21,7.76,-0.03,21.94
39767,0.156,-0.2201,0.8669,-6.15,7.73,-0.03,21.93
39777,0.15,-0.2168,0.8694,-6.09,7.8,-0.05,21.94
39787,0.1519,-0.2166,0.8688,-6.11,7.77,-0.08,21.95
39797,0.1549,-0.2201,0.8708,-6.2,7.6,-0.12,21.92
39807,0.1571,-0.217,0.8691,-6.21,7.54,-0.11,21.94
39817,0.1558,-0.2202,0.8658,-6.27,7.68,-0.05,21.94
39827,0.1536,-0.2188,0.8695,-6.32,7.8,-0.12,21.93
39837,0.1567,-0.2161,0.866,-6.27,7.92,-0.09,21.92
39847,0.1556,-0.2167,0.8674,-6.15,7.88,-0.11,21.93
39857,0.1537,-0.2178,0.8696,-6.14,7.66,-0.12,21.94
39867,0.1545,-0.2197,0.8741,-6.17,7.56,-0.11,21.94
39877,0.1544,-0.2208,0.8729,-6.35,7.6,-0.09,21.91
39887,0.1552,-0.2203,0.8673,-6.29,7.69,-0.14,21.94
39897,0.1545,-0.2174,0.8644,-6.31,7.82,-0.02,21.93
39907,0.1573,-0.2181,0.8646,-6.15,7.83,0.02,21.92
39917,0.155,-0.2188,0.8668,-6.0,7.79,-0.12,21.93
39927,0.1561,-0.2168,0.8716,-6.06,7.62,-0.09,21.92
39937,0.1569,-0.2184,0.8716,-6.17,7.6,-0.03,21.95
39947,0.1542,-0.2151,0.8706,-6.27,7.79,-0.03,21.92
39957,0.1542,-0.2161,0.8636,-6.4,7.89,-0.09,21.94
39967,0.1549,-0.2196,0.8645,-6.4,7.88,-0.05,21.94
39977,0.1532,-0.2203,0.859,-6.29,7.8,-0.06,21.91
39987,0.1538,-0.2173,0.8646,-6.05,7.69,-0.06,21.93
39997,0.1531,-0.2146,0.8689,-5.97,7.62,-0.11,21.93
40007,0.152,-0.2144,0.8663,-6.09,7.54,-0.11,21.93
40017,0.1559,-0.2173,0.869,-6.29,7.6,-0.12,21.91
40027,0.1536,-0.2162,0.8665,-6.34,7.8,-0.05,21.92
40037,0.1558,-0.2196,0.8672,-6.21,7.91,-0.02,21.92
40047,0.1566,-0.2189,0.8687,-6.18,7.82,-0.09,21.93
40057,0.1556,-0.2189,0.8694,-6.17,7.71,-0.06,21.93
40067,0.1545,-0.218,0.8716,-6.23,7.65,-0.05,21.94
40077,0.1517,-0.217,0.8676,-6.21,7.69,-0.05,21.93
40087,0.151,-0.213,0.8708,-6.21,7.77,-0.09,21.94
40097,0.1497,-0.2186,0.8691,-6.2,7.71,-0.14,21.94
40107,0.1576,-0.2217,0.864,-6.2,7.77,-0.17,21.94
40117,0.1548,-0.2229,0.8628,-6.29,7.82,-0.06,21.94
40127,0.1593,-0.2228,0.8623,-6.29,7.86,0.02,21.94
40137,0.1542,-0.2196,0.8655,-6.15,7.86,-0.03,21.96
40147,0.1536,-0.218,0.8673,-6.14,7.79,-0.06,21.94
40157,0.1547,-0.2175,0.8671,-6.09,7.69,0.03,21.93
40167,0.1539,-0.2156,0.8669,-6.11,7.85,-0.03,21.95
40177,0.1508,-0.2173,0.8682,-6.35,7.85,-0.09,21.95
40187,0.1525,-0.2181,0.868,-6.31,7.8,-0.06,21.96
40197,0.155,-0.2192,0.8652,-6.32,7.69,-0.02,21.96
40207,0.1549,-0.2174,0.8647,-6.05,7.76,0.0,21.95
40217,0.1541,-0.2192,0.8663,-6.06,7.74,-0.05,21.94
40227,0.1569,-0.2161,0.8687,-6.12,7.76,-0.06,21.94
40237,0.1541,-0.2169,0.8702,-6.23,7.8,-0.05,21.94
40247,0.1555,-0.2146,0.8696,-6.29,7.77,-0.05,21.95
40257,0.1578,-0.2185,0.8688,-6.2,7.74,-0.03,21.92
40267,0.1543,-0.2158,0.8682,-6.23,7.66,0.0,21.95
40277,0.1549,-0.2155,0.8668,-6.11,7.68,0.0,21.95
40287,0.1543,-0.2158,0.8658,-6.09,7.76,-0.08,21.94
40297,0.1564,-0.2177,0.8702,-6.12,7.71,-0.09,21.94
40307,0.1592,-0.2184,0.8682,-6.06,7.82,-0.03,21.97
40317,0.1593,-0.2179,0.8672,-6.31,7.77,-0.06,21.96
40327,0.1544,-0.2183,0.8689,-6.18,7.83,0.03,21.96
40337,0.1516,-0.2174,0.8654,-6.17,7.76,-0.09,21.97
40347,0.155,-0.214,0.8683,-6.15,7.73,-0.17,21.95
40357,0.1519,-0.2186,0.8671,-6.08,7.76,-0.08,21.95
40367,0.155,-0.2175,0.8702,-6.32,7.69,-0.15,21.96
40377,0.1566,-0.2188,0.8607,-6.29,7.8,-0.06,21.9
40387,0.15,-0.2194,0.864,-6.35,7.86,-0.09,21.96
40397,0.1565,-0.222,0.865,-6.17,7.97,-0.03,21.94
40407,0.1517,-0.22,0.868,-6.06,7.83,0.0,21.96
40417,0.1521,-0.2223,0.8674,-5.85,7.69,0.0,21.96
40427,0.1562,-0.2207,0.8718,-6.03,7.59,-0.05,21.95
40437,0.1543,-0.2194,0.8691,-6.17,7.6,-0.05,21.97
40447,0.1536,-0.2146,0.8738,-6.21,7.76,-0.05,21.93
40457,0.152,-0.213,0.8712,-6.2,7.91,-0.08,21.94
40467,0.1544,-0.2175,0.8693,-6.21,7.89,0.0,21.96
40477,0.1523,-0.2159,0.8707,-6.21,7.69,0.0,21.95
40487,0.1552,-0.2161,0.8695,-6.2,7.68,-0.03,21.96
40497,0.1571,-0.2164,0.8667,-6.24,7.57,-0.08,21.97
40507,0.1567,-0.2145,0.8682,-6.21,7.76,-0.09,21.93
40517,0.1559,-0.2207,0.8638,-6.14,7.8,-0.06,21.93
40527,0.1538,-0.2175,0.8657,-6.15,7.85,0.02,21.96
40537,0.1578,-0.2167,0.868,-6.05,7.83,0.02,21.96
40547,0.1558,-0.2194,0.8669,-6.18,7.73,-0.03,21.96
40557,0.1565,-0.2175,0.8688,-6.24,7.74,0.0,21.93
40567,0.1537,-0.2196,0.8646,-6.21,7.77,-0.08,21.95
40577,0.1552,-0.2206,0.8628,-6.2,7.83,-0.06,21.95
40587,0.1539,-0.2195,0.8694,-6.11,7.89,0.0,21.94
40597,0.1536,-0.219,0.8672,-6.03,7.74,-0.03,21.97
40607,0.1519,-0.218,0.8691,-6.03,7.71,-0.05,21.96
40617,0.1552,-0.2208,0.8689,-6.15,7.63,-0.08,21.96
40627,0.1549,-0.2177,0.8695,-6.31,7.56,-0.06,21.96
40637,0.1543,-0.2158,0.8668,-6.26,7.68,-0.12,21.95
40647,0.155,-0.2174,0.865,-6.2,7.82,-0.03,21.94
40657,0.1547,-0.2185,0.865,-6.0,7.86,-0.02,21.93
40667,0.1544,-0.2175,0.8654,-6.03,7.8,-0.02,21.96
40677,0.1572,-0.2161,0.8673,-6.0,7.65,-0.09,21.95
40687,0.1539,-0.2153,0.8661,-6.21,7.66,-0.08,21.96
40697,0.1555,-0.2168,0.8641,-6.27,7.65,-0.05,21.95
40707,0.1576,-0.2167,0.868,-6.37,7.82,-0.03,21.95
40717,0.1564,-0.2151,0.8651,-6.26,7.91,-0.05,21.95
40727,0.1532,-0.2166,0.8672,-6.12,7.92,-0.02,21.97
40737,0.1514,-0.2178,0.8668,-6.11,7.82,-0.03,21.95
40747,0.152,-0.2181,0.8663,-6.11,7.68,-0.17,21.96
40757,0.1566,-0.2174,0.8683,-6.31,7.6,-0.09,21.96
40767,0.1575,-0.2189,0.869,-6.37,7.73,-0.12,21.95
40777,0.1536,-0.2224,0.8678,-6.37,7.88,-0.15,21.93
40787,0.1565,-0.2188,0.8625,-6.15,7.86,-0.11,21.96
40797,0.1549,-0.2194,0.8669,-6.18,7.8,-0.15,21.95
40807,0.1537,-0.2144,0.8691,-6.14,7.69,-0.14,21.96
40817,0.1578,-0.2219,0.8684,-6.32,7.6,-0.09,21.95
40827,0.1544,-0.2195,0.8661,-6.27,7.63,-0.11,21.96
40837,0.1501,-0.2188,0.8641,-6.26,7.91,-0.06,21.95
40847,0.1515,-0.2205,0.8702,-6.27,8.03,-0.02,21.94
40857,0.1521,-0.2191,0.8662,-6.03,7.74,-0.02,21.96
40867,0.155,-0.2191,0.8676,-6.09,7.56,0.03,21.97
40877,0.1543,-0.2212,0.8666,-6.14,7.63,-0.05,21.95
40887,0.1537,-0.2203,0.8676,-6.31,7.82,-0.11,21.95
40897,0.1558,-0.2186,0.8691,-6.34,7.94,0.05,21.97
40907,0.1566,-0.2208,0.8661,-6.23,7.85,0.0,21.94
40917,0.1556,-0.2189,0.8666,-6.12,7.76,-0.06,21.96
40927,0.1533,-0.2146,0.8634,-5.94,7.71,-0.06,21.95
40937,0.1556,-0.2161,0.8701,-5.97,7.6,-0.08,21.96
40947,0.1528,-0.2172,0.8684,-6.17,7.66,-0.08,21.94
40958,0.1527,-0.2197,0.8689,-6.27,7.79,0.06,21.94
40968,0.1525,-0.2202,0.8715,-6.2,8.11,0.03,21.95
40979,0.1515,-0.214,0.8597,-6.15,7.94,-0.06,21.95
41002,0.1573,-0.2163,0.8668,-6.2,7.56,0.05,21.97
41012,0.1643,-0.222,0.864,-5.98,7.68,-0.17,21.98
41022,0.1663,-0.2119,0.8591,-6.05,8.17,-0.31,21.96
41032,0.1599,-0.2241,0.8661,-5.66,8.32,-0.09,21.95
41045,0.1592,-0.2189,0.8766,-6.64,7.63,-0.05,21.97
41055,0.155,-0.2107,0.8303,-7.27,7.45,-0.44,21.95
41065,0.1859,-0.2139,0.8326,-6.85,7.04,-0.23,21.96
41075,0.176,-0.2285,0.8572,-5.85,6.9,0.14,21.97
41085,0.1548,-0.2169,0.8833,-4.49,7.94,0.21,21.96
41096,0.1564,-0.2186,0.8975,-4.85,7.82,0.05,21.94
41106,0.155,-0.2188,0.8889,-6.27,7.53,-0.06,21.96
41116,0.1577,-0.2125,0.8475,-8.14,6.6,-0.18,21.97
41126,0.165,-0.2271,0.8253,-8.34,6.98,-0.29,21.97
41145,0.1562,-0.2279,0.8451,-4.4,9.18,0.26,21.95
41155,0.1555,-0.2271,0.895,-3.28,8.92,0.37,21.98
41166,0.1346,-0.205,0.9272,-4.44,7.45,-0.06,21.94
41176,0.1415,-0.2061,0.8989,-6.95,5.88,-0.24,21.96
41186,0.1642,-0.2244,0.8562,-9.18,6.12,-0.69,21.98
41196,0.0657,-0.2776,0.7811,-9.16,9.37,0.76,21.99
41206,0.3102,-0.1387,0.6306,-4.82,8.4,0.76,21.97
41227,0.3149,-0.1958,0.8115,-4.41,6.61,-0.4,21.96
41237,-0.0629,-0.2025,1.0603,-6.21,9.68,-0.32,21.95
41247,0.1583,-0.2457,0.8475,-6.82,5.5,-0.23,21.95
41257,0.3018,-0.2443,0.7239,-6.38,2.85,0.02,21.97
41267,0.1742,-0.2021,0.8665,-6.67,8.02,-0.05,21.99
41280,0.1201,-0.2021,0.8865,-5.85,12.96,0.15,21.95
41293,0.1753,-0.2198,0.8435,-5.97,8.17,0.08,21.96
41303,0.1649,-0.2103,0.8784,-5.56,5.3,-0.35,21.95
41313,0.1711,-0.2146,0.8595,-5.05,4.85,-0.17,21.97
41324,0.177,-0.2223,0.8821,-6.61,7.3,-0.12,21.96
41336,0.0854,-0.2106,0.8749,-7.79,11.74,-0.12,21.97
41346,0.1586,-0.223,0.8385,-7.08,9.33,0.37,21.97
41356,0.0817,-0.2157,0.9281,-5.59,8.96,0.02,21.97
41366,0.0962,-0.2092,0.9429,-4.18,9.28,-0.61,21.97
41376,0.1907,-0.2168,0.8842,-5.24,6.56,-0.14,21.95
41386,0.1582,-0.2388,0.8702,-6.66,6.29,0.43,21.94
41396,0.1646,-0.2102,0.8228,-6.92,10.12,0.31,21.97
41406,0.2174,-0.2253,0.8162,-6.95,9.86,-0.17,21.96
41420,0.1714,-0.2036,0.8607,-5.53,8.12,-0.38,21.96
41432,0.1747,-0.2222,0.9052,-5.07,6.66,-0.56,21.97
41442,0.191,-0.2323,0.848,-6.29,4.66,0.06,21.97
41452,0.126,-0.1929,0.8679,-6.24,8.95,-0.29,21.94
41463,0.1913,-0.1832,0.8691,-6.27,9.08,-0.41,21.98
41473,0.1539,-0.207,0.9055,-6.27,10.26,-0.06,21.98
41483,0.2197,-0.2217,0.8184,-6.63,4.58,0.24,21.96
41493,0.0984,-0.2357,0.8655,-6.73,6.6,-0.2,21.97
41515,0.2015,-0.2054,0.8489,-4.69,8.2,0.08,21.95
41527,0.0582,-0.239,0.9581,-5.15,11.82,0.06,21.95
41538,0.0708,-0.2102,0.9338,-5.65,10.47,0.21,21.99
41548,0.1976,-0.2388,0.8446,-6.96,5.27,-0.24,21.98
41558,0.0947,-0.2417,0.8872,-7.31,6.73,-0.26,21.96
41568,0.0914,-0.2343,0.8768,-6.78,7.33,0.32,21.97
41579,0.0957,-0.2242,0.8984,-5.53,8.72,0.43,21.95
41593,0.0698,-0.2133,0.875,-6.27,9.54,0.17,21.97
41603,0.0957,-0.192,0.8816,-6.37,9.86,-0.4,21.96
41613,0.2205,-0.2118,0.8317,-6.31,4.98,-0.09,21.97
41624,0.2379,-0.213,0.7537,-6.73,6.58,-0.32,21.97
41639,0.0822,-0.2601,0.8483,-6.64,10.53,0.02,21.96
41651,0.199,-0.2467,0.7885,-6.11,5.6,0.75,21.97
41661,0.0394,-0.2407,0.9098,-5.45,10.66,-0.23,21.97
41671,0.0929,-0.2266,0.8674,-6.06,8.69,-0.14,21.96
41690,0.0944,-0.178,0.9673,-6.17,8.5,-0.47,21.97
41701,0.1763,-0.2189,0.8748,-5.48,7.31,0.5,21.98
41713,0.1443,-0.2523,0.8854,-6.09,10.53,0.11,21.97
41723,0.1321,-0.2345,0.8822,-5.69,9.45,0.29,21.96
41733,0.2668,-0.2209,0.7629,-6.24,3.77,0.12,21.97
41744,0.2258,-0.2391,0.796,-6.02,6.03,0.0,21.98
41763,0.1418,-0.2478,0.8878,-7.48,6.63,0.09,21.95
41773,0.1321,-0.2319,0.8499,-6.82,4.92,0.76,21.99
41783,0.0984,-0.1772,0.8591,-6.24,8.64,-0.24,21.98
41795,0.1204,-0.2108,0.866,-4.46,9.01,-0.32,21.98
41810,0.0929,-0.2152,0.837,-7.11,9.33,-0.85,21.97
41820,0.1544,-0.2148,0.8425,-6.11,11.71,-0.69,21.97
41835,0.1309,-0.2557,0.8993,-4.58,14.44,-0.35,21.97
41845,0.2148,-0.252,0.8617,-5.24,9.45,-0.21,21.98
41857,0.0376,-0.1996,0.9906,-6.37,9.34,0.09,21.99
41869,0.201,-0.2244,0.8102,-7.79,3.66,-0.15,21.99
41881,0.0748,-0.1553,0.9235,-7.02,10.02,-0.58,21.98
41895,0.0994,-0.1997,0.9403,-5.24,11.83,0.05,21.97
41906,0.1047,-0.2281,0.9343,-4.09,8.81,0.05,21.97
41916,0.2329,-0.2356,0.8492,-5.97,4.98,0.03,21.96
41929,0.1417,-0.2281,0.9108,-6.47,2.05,-0.27,21.97
41941,0.2997,-0.275,0.7091,-7.92,3.04,0.0,21.98
41953,0.1975,-0.1694,0.8456,-6.79,5.11,0.6,21.96
41964,-0.0029,-0.1958,0.9875,-5.98,9.83,0.11,21.96
41975,0.0155,-0.2262,0.9761,-4.72,11.62,-0.4,21.97
41988,0.3258,-0.2635,0.733,-5.91,3.57,-0.56,21.99
41999,0.1866,-0.1833,0.8459,-6.34,7.01,-0.53,22.0
42009,0.188,-0.2051,0.8574,-5.27,11.8,-0.08,21.98
42019,0.1877,-0.212,0.8402,-6.11,12.52,-0.17,21.98
42030,0.0575,-0.189,1.0096,-7.73,9.68,0.56,21.97
42040,0.178,-0.2344,0.8424,-6.98,5.07,0.12,21.98
42052,0.1987,-0.2167,0.8826,-7.47,5.56,-0.34,21.97
42062,0.0201,-0.2644,0.9282,-5.92,11.3,-0.24,21.98
42075,0.3019,-0.2028,0.8253,-5.3,5.74,0.37,21.97
42085,0.2119,-0.1896,0.8914,-5.54,4.92,0.52,21.98
42095,0.1738,-0.2423,0.8346,-5.69,5.18,0.09,21.99
42107,0.2301,-0.2032,0.8506,-7.54,7.01,-0.9,21.98
42121,0.4348,-0.2435,0.6678,-6.52,-2.11,0.61,21.98
42131,0.052,-0.2223,0.9562,-6.32,6.63,-0.15,21.97
42141,-0.1954,-0.1967,1.0884,-5.24,22.34,-1.02,21.99
42152,-0.0945,-0.2029,1.0775,-4.87,19.56,-0.44,21.99
42162,0.4904,-0.2167,0.6139,-4.27,2.11,0.27,21.97
42172,-0.1411,-0.2244,1.1428,-6.46,11.08,-0.55,21.97
42182,0.2986,-0.2283,0.7595,-7.88,2.87,0.06,21.97
42192,0.1366,-0.1827,0.8625,-8.32,4.23,0.35,21.98
42203,0.2467,-0.2001,0.7582,-5.79,8.72,-0.11,21.97
42216,0.1616,-0.267,0.8223,-4.2,8.41,-0.15,21.97
42226,0.1289,-0.2284,0.9233,-5.28,10.58,-0.84,21.98
42236,0.2659,-0.2384,0.7378,-5.33,2.96,-0.53,21.98
42247,0.1313,-0.1665,0.8804,-7.24,6.0,-0.09,21.98
42260,0.1964,-0.1808,0.808,-7.94,8.61,-0.03,21.99
42271,0.1862,-0.1724,0.7598,-6.32,6.61,0.26,22.02
42282,0.099,-0.2101,0.8734,-5.36,6.26,0.03,21.99
42292,0.093,-0.1855,0.9299,-6.02,10.72,-0.06,21.99
42303,0.2034,-0.2158,0.8378,-4.98,8.85,-0.29,21.98
42315,-0.101,-0.2219,1.0525,-6.14,16.81,-0.38,21.97
42325,0.2056,-0.229,0.8358,-7.44,11.57,0.15,21.99
42335,0.3918,-0.2172,0.6667,-6.58,0.52,0.72,21.98
42347,0.238,-0.2267,0.7927,-6.46,11.92,-0.4,21.99
42358,0.2767,-0.2115,0.7305,-5.19,10.15,-0.15,22.0
42371,0.1173,-0.2024,0.8313,-5.6,4.92,0.26,21.98
42383,0.0242,-0.1859,0.9277,-5.76,14.12,-0.09,21.98
42397,0.0765,-0.1196,0.7938,-6.37,11.97,0.31,21.98
42407,0.011,-0.1796,1.0116,-5.13,16.12,-1.05,21.98
42417,0.3373,-0.2434,0.8839,-6.5,5.57,-0.11,21.97
42427,0.1262,-0.1948,0.8245,-7.31,1.13,0.85,21.97
42440,0.1011,-0.2432,0.8516,-6.95,9.86,-0.26,22.0
42450,0.1229,-0.1587,0.827,-7.08,11.69,-0.41,21.98
42460,0.3665,-0.1871,0.8208,-6.73,6.06,0.08,21.98
42470,-0.0154,-0.2576,1.0254,-6.08,3.65,0.73,21.97
42481,-0.0518,-0.1874,1.071,-7.59,8.15,-1.05,22.01
42491,0.03,-0.1847,0.8964,-7.4,9.45,-0.03,21.99
42503,0.004,-0.1587,0.9016,-5.74,9.85,0.17,21.99
42515,0.2242,-0.2239,0.7463,-5.22,7.18,0.21,21.97
42525,0.1449,-0.2498,0.9191,-6.47,7.89,-0.23,21.98
42536,0.1144,-0.3328,0.9636,-8.47,6.9,-0.44,21.95
42548,0.0762,-0.2007,0.9979,-7.37,5.82,-0.26,21.98
42558,0.1661,-0.199,0.7639,-6.44,1.86,1.04,21.96
42568,0.0587,-0.1848,0.9691,-3.71,14.08,-1.11,21.98
42581,0.3408,-0.1985,0.7299,-4.32,4.0,0.53,21.97
42591,-0.0681,-0.222,1.1862,-8.0,10.14,0.05,21.97
42603,0.3412,-0.3602,0.7627,-6.98,-1.18,0.79,22.0
42614,0.1046,-0.2103,0.7389,-7.31,6.24,0.93,21.97
42626,-0.0892,-0.2443,0.8613,-6.2,8.76,0.49,21.98
42636,0.4147,-0.2281,0.6974,-3.21,4.79,0.4,21.98
42648,0.3253,-0.1696,0.8749,-6.35,11.83,-1.07,21.97
42658,0.3649,-0.2358,0.8378,-8.29,2.41,-0.63,21.99
42671,-0.0474,-0.2711,1.0254,-7.45,11.36,-0.53,21.98
42681,0.0546,-0.2017,0.772,-5.85,9.86,0.64,21.98
42691,0.1868,-0.2218,0.8615,-2.7,10.15,0.0,21.98
42701,0.0293,-0.2772,1.1007,-6.66,10.43,-1.1,21.99
42711,0.0995,-0.2394,0.9617,-9.13,9.37,-0.89,21.96
42721,0.084,-0.1614,0.7914,-6.85,9.69,-0.14,21.99
42731,0.1238,-0.1143,1.0575,-6.23,17.66,-0.81,22.0
42745,0.0455,-0.2124,0.9948,-2.64,19.57,-0.58,21.97
42755,0.1935,-0.2806,0.9518,-6.24,2.53,0.12,21.99
42765,0.0995,-0.1802,0.8041,-6.78,5.51,0.02,22.0
42775,0.1121,-0.1465,0.9053,-4.31,9.04,-0.61,21.99
42786,0.2623,-0.1665,0.8047,-5.51,9.11,-0.81,21.97
42796,0.2145,-0.2385,0.9446,-8.2,5.3,-0.95,21.99
42806,0.1335,-0.1814,0.7855,-8.6,8.46,0.84,21.97
42816,0.2394,-0.198,0.736,-4.0,10.5,0.14,21.97
42826,0.3593,-0.1548,0.8625,-4.02,7.19,-1.1,21.97
42837,0.2211,-0.2573,0.963,-7.37,1.34,0.26,21.99
42848,0.2517,-0.2747,0.697,-8.15,2.08,-0.43,21.99
42858,0.2925,-0.2383,0.6918,-4.67,2.44,0.73,22.0
42868,0.1785,-0.213,0.9037,-7.08,15.66,-1.13,21.97
42878,0.072,-0.1442,0.9767,-7.37,18.18,-1.36,21.96
42888,0.4658,-0.213,0.5674,-6.21,-1.3,0.95,21.99
42900,0.0929,-0.1732,0.7964,-5.62,11.15,0.27,22.02
42910,0.4832,-0.2482,0.6538,-4.05,-0.32,0.55,21.99
42922,-0.0216,-0.181,1.0892,-6.96,19.44,-1.34,21.99
42936,0.3447,-0.1599,0.8097,-4.11,8.2,-0.06,21.99
42948,0.17,-0.2465,0.9807,-6.9,11.01,-0.67,21.99
42958,0.2762,-0.2889,0.7064,-7.66,-0.02,0.46,21.98
42973,0.1644,-0.3156,0.8822,-6.38,4.87,-0.24,21.99
42985,0.0704,-0.2192,0.899,-5.63,4.82,0.99,21.99
42995,0.1431,-0.1653,0.9052,-5.1,12.15,-0.99,21.99
43005,0.2715,-0.1189,0.8168,-5.13,5.11,-0.47,21.99
43018,0.1307,-0.165,0.9263,-5.13,11.15,-0.84,21.99
43033,0.2552,-0.231,0.892,-6.15,4.98,-1.39,21.99
43043,0.0176,-0.1313,1.0134,-8.09,8.53,0.12,22.01
43053,0.2196,-0.2009,0.7842,-6.58,6.05,-0.37,21.97
43067,0.1353,-0.1326,0.8411,-6.41,8.96,0.43,21.99
43077,0.1097,-0.145,1.0902,-4.69,11.05,-0.7,21.98
43088,0.1326,-0.2582,0.9172,-5.27,2.84,1.05,21.99
43099,0.1731,-0.2617,0.7762,-6.92,3.11,-0.85,21.98
43109,-0.0173,-0.1805,0.8975,-7.82,11.95,-0.17,21.99
43119,0.3264,-0.2631,0.7075,-5.11,7.68,-0.08,21.99
43130,0.2848,-0.183,0.8612,-5.82,5.22,0.26,21.99
43140,0.23,-0.3185,0.9182,-6.31,0.84,0.58,22.0
43150,0.0469,-0.2371,0.7379,-5.94,6.61,0.67,21.98
43160,0.2291,-0.2137,0.8173,-4.35,10.34,-0.56,21.96
43172,0.1652,-0.2393,0.9824,-5.73,12.21,-1.92,22.0
43182,0.2667,-0.1283,0.9536,-8.96,7.28,0.23,21.99
43192,-0.0392,-0.2117,0.962,-6.35,15.6,0.27,21.98
43202,0.2903,-0.1947,0.7556,-5.51,11.04,0.21,21.99
43212,0.1698,-0.2479,0.8772,-5.83,3.05,0.46,22.0
43222,0.0117,-0.2396,0.9906,-5.33,11.76,-0.03,21.99
43234,0.1975,-0.2772,0.8569,-5.59,3.53,0.14,21.97
43246,0.0966,-0.2399,0.9413,-7.34,6.06,0.17,21.99
43256,0.1377,-0.1908,0.7572,-7.1,5.57,0.85,21.98
43266,0.0112,-0.2511,1.0061,-5.39,15.54,-0.9,21.98
43276,0.5367,-0.2732,0.6276,-5.53,-4.7,1.3,21.99
43286,-0.1396,-0.2122,1.0245,-7.13,8.09,0.34,21.99
43302,0.2087,-0.2008,0.7606,-5.63,4.23,-0.73,22.0
43312,0.174,-0.2031,0.8145,-6.37,10.15,-0.03,21.98
43322,0.1475,-0.2001,0.896,-7.13,7.53,0.49,21.99
43332,0.0514,-0.2103,0.9508,-8.35,7.57,0.15,22.01
43343,-0.0007,-0.2406,0.9935,-5.92,11.36,-0.24,21.97
43353,0.2955,-0.3177,0.7456,-4.55,-0.5,0.41,21.97
43363,0.2068,-0.1538,0.7614,-5.6,4.46,-0.18,21.98
43373,0.2065,-0.229,0.7151,-5.28,3.31,0.26,21.99
43383,0.0337,-0.1808,0.9198,-6.61,11.65,-0.44,21.99
43393,0.2797,-0.2574,0.8063,-6.84,4.56,0.6,21.99
43403,0.0812,-0.2375,0.9414,-6.78,10.37,-0.84,22.0
43423,0.3679,-0.1537,0.6121,-5.08,1.89,0.73,22.0
43433,0.0137,-0.1903,1.1416,-3.57,7.73,0.44,22.0
43451,-0.0051,-0.1715,0.8575,-5.15,8.12,0.76,21.99
43461,0.3381,-0.1285,0.9172,-5.04,13.1,-1.83,21.98
43473,0.2078,-0.2534,0.9817,-6.4,2.53,0.31,21.99
43483,0.238,-0.265,0.7542,-8.56,2.89,0.82,22.02
43493,0.2351,-0.2255,0.6721,-4.81,3.83,0.82,22.0
43505,-0.0886,-0.1375,0.9421,-3.57,10.08,-0.21,22.0
43515,0.0214,-0.2119,1.1284,-6.55,17.88,-1.27,21.99
43530,-0.1304,-0.1033,1.1609,-5.73,21.79,-1.3,22.01
43540,0.3683,-0.2919,0.8992,-6.7,5.42,0.05,21.99
43555,0.1421,-0.2152,1.0156,-6.49,12.4,-1.45,22.0
43565,0.3833,-0.2756,0.6014,-5.89,-1.21,1.37,22.01
43577,0.0826,-0.229,0.8796,-9.08,9.3,0.05,22.0
43588,0.3127,-0.202,0.6984,-7.19,6.92,0.18,22.02
43598,0.3557,-0.2911,0.7008,-5.59,-1.1,1.4,22.03
43610,0.2897,-0.2787,0.7517,-5.98,8.58,0.24,21.99
43620,0.1548,-0.2651,0.9446,-6.09,8.27,-0.21,22.02
43630,0.1234,-0.1638,0.9048,-6.08,5.63,-0.56,22.01
43640,0.0348,-0.0974,0.954,-6.67,13.11,-1.04,22.0
43650,0.2517,-0.2545,0.9073,-5.56,5.44,0.81,22.01
43660,0.1985,-0.2904,0.8661,-8.37,4.81,-0.41,22.0
43670,0.3921,-0.1737,0.6178,-6.72,0.87,1.4,21.99
43680,-0.0691,-0.2346,0.9418,-5.21,10.41,-0.12,22.01
43690,0.2051,-0.2295,0.9351,-6.05,11.27,-0.6,22.01
43700,0.4465,-0.3092,0.6558,-6.56,-6.38,0.37,22.01
43710,0.0359,-0.2314,0.759,-6.11,4.2,0.63,22.01
43720,-0.0776,-0.2041,1.0487,-5.21,17.28,-1.15,21.99
43731,0.2292,-0.1693,0.9839,-4.75,2.32,-0.44,22.0
43745,0.1376,-0.1476,1.0916,-6.76,20.2,-1.56,22.0
43755,0.4772,-0.2078,0.5945,-6.4,-5.76,0.93,22.01
43765,-0.0553,-0.2002,0.9944,-5.08,7.76,0.03,22.0
43775,-0.0114,-0.1915,1.0278,-5.54,13.91,-0.31,22.02
43785,0.0342,-0.1848,0.9778,-7.79,14.53,-0.21,22.03
43795,0.3737,-0.2284,0.6639,-5.36,0.9,1.27,21.98
43805,0.0022,-0.2051,0.9766,-4.66,9.76,0.38,21.99
43815,0.1088,-0.2168,1.0868,-6.34,16.12,-1.13,21.98
43825,0.3529,-0.2295,0.6835,-8.67,-2.82,0.92,22.01
43835,0.2363,-0.2429,0.6564,-6.55,0.5,1.05,22.01
43845,0.1832,-0.2562,0.824,-5.48,9.16,-0.7,22.02
43855,0.2186,-0.2839,0.947,-6.85,10.03,-0.34,22.02
43865,0.0638,-0.1964,0.7766,-6.53,8.35,1.07,22.0
43878,0.1003,-0.2075,0.7745,-5.47,8.99,0.99,22.0
43889,0.3059,-0.197,0.6304,-5.24,6.67,0.11,22.0
43901,0.1727,-0.1003,0.9784,-5.01,16.73,-0.84,22.01
43912,0.347,-0.3016,0.7617,-7.48,10.99,-0.35,22.02
43923,0.0431,-0.2834,1.072,-8.27,8.14,0.2,22.0
43935,0.3254,-0.2911,0.751,-6.35,0.37,0.49,21.98
43945,-0.0105,-0.1812,0.9227,-2.82,10.15,0.75,22.01
43955,0.1742,-0.1592,0.9387,-4.46,9.91,-1.82,21.98
43965,0.0634,-0.1917,0.9061,-6.6,8.05,0.17,21.98
43975,0.0891,-0.2388,0.9037,-7.34,9.33,0.35,21.99
43985,0.0193,-0.2706,1.0239,-6.47,10.55,0.17,22.0
43995,0.0287,-0.2533,1.0403,-6.03,13.1,0.35,21.98
44005,0.2542,-0.2238,0.7573,-5.86,7.73,-0.26,21.99
44015,0.1208,-0.1466,0.8444,-3.82,9.1,-0.15,21.98
44025,0.0398,-0.1608,0.9872,-6.11,9.34,-1.07,22.0
44035,-0.0513,-0.1539,1.0114,-7.15,13.51,0.18,21.99
44045,0.4331,-0.2306,0.7295,-6.12,3.02,0.12,22.0
44056,0.1299,-0.2731,0.908,-7.37,11.85,-0.32,21.99
44066,0.222,-0.2024,0.8779,-8.2,6.03,0.61,22.0
44077,0.252,-0.2192,0.5908,-5.57,5.83,0.92,21.99
44088,0.0234,-0.161,0.9613,-4.52,14.92,-0.38,22.0
44098,0.1752,-0.2408,0.9658,-4.95,3.42,0.35,22.0
44108,0.1692,-0.2672,0.923,-8.32,3.6,-0.5,21.99
44118,0.0536,-0.2006,0.8136,-8.12,8.87,0.0,22.0
44129,0.125,-0.2083,0.7209,-5.85,7.21,0.64,21.99
44139,0.1228,-0.171,0.9148,-3.74,16.72,-0.38,22.01
44149,0.4001,-0.2413,0.8203,-3.37,1.77,-0.44,22.0
44160,0.218,-0.2524,0.8745,-6.18,-1.71,0.03,22.0
44170,-0.0088,-0.1255,0.9332,-6.12,9.92,-0.21,22.01
44180,0.1987,-0.1346,0.9113,-5.4,11.62,-0.35,22.0
44190,0.1506,-0.2095,1.0599,-7.94,10.44,-0.2,22.01
44202,0.0342,-0.2173,1.0531,-7.74,9.73,-0.27,21.99
44214,0.2344,-0.225,0.7163,-7.63,1.59,-0.02,22.02
44224,0.2738,-0.1599,0.5942,-5.59,0.81,0.08,22.0
44234,0.4397,-0.2858,0.6007,-1.39,0.08,1.02,21.99
44244,0.0972,-0.2227,1.1438,-5.79,8.67,-0.96,22.0
44254,0.0664,-0.2152,0.9259,-7.56,5.83,0.17,22.0
44264,0.2291,-0.2382,0.8636,-6.37,10.99,0.38,22.0
44274,0.256,-0.2732,0.8616,-8.18,3.91,-0.58,22.0
44285,0.2323,-0.212,0.7737,-8.67,1.89,-0.23,21.99
44295,-0.0477,-0.1647,0.9437,-5.94,13.77,0.38,21.99
44306,0.0154,-0.1746,0.9263,-3.68,11.19,0.6,21.99
44318,0.2003,-0.1917,0.8317,-4.11,8.9,-0.18,22.0
44328,0.2313,-0.1871,0.8579,-5.86,1.47,0.24,22.0
44338,0.0886,-0.2709,0.9357,-5.76,7.28,-1.27,21.99
44348,0.1176,-0.1626,0.8458,-7.39,10.95,-0.66,22.01
44358,0.1128,-0.1249,0.8461,-5.3,17.54,-0.7,22.01
44368,0.3948,-0.2067,0.7479,-3.83,4.84,1.01,22.01
44378,0.2769,-0.3438,0.8975,-6.64,1.63,0.79,21.97
44389,0.1572,-0.2513,0.7284,-6.56,6.93,0.76,22.0
44400,0.1781,-0.1996,0.663,-2.93,10.37,0.24,22.0
44410,0.1835,-0.194,0.9576,-4.26,12.63,-1.21,21.98
44420,0.2484,-0.2148,0.8639,-8.34,6.47,-0.2,21.98
44430,0.0728,-0.2275,0.8273,-7.66,8.31,1.02,21.99
44440,0.1113,-0.2549,0.8855,-6.37,10.76,-0.12,21.98
44454,0.1106,-0.1505,0.8505,-5.82,9.04,-0.06,22.03
44464,0.1023,-0.191,1.0609,-4.58,10.89,-0.24,21.99
44474,0.1331,-0.177,0.9382,-4.76,3.71,-0.56,22.0
44486,0.3519,-0.2675,0.605,-5.97,1.08,-0.38,21.99
44497,0.2274,-0.1475,0.7399,-6.15,6.29,-0.67,21.99
44510,0.1874,-0.199,0.7266,-7.34,7.1,-0.67,22.0
44522,0.0951,-0.106,0.866,-7.63,13.59,-0.5,22.0
44534,0.0669,-0.2467,0.7478,-4.87,8.29,0.37,21.99
44546,-0.0613,-0.158,1.0288,-2.73,16.98,-0.49,21.99
44557,0.1747,-0.1874,0.9231,-3.28,10.4,0.0,21.99
44570,0.326,-0.2072,0.882,-5.83,5.33,-0.52,21.99
44582,0.2386,-0.2866,0.9225,-7.63,6.34,-0.47,21.99
44594,0.2443,-0.1829,0.9255,-7.6,3.3,0.21,21.99
44606,0.2542,-0.2872,0.8086,-7.11,0.27,0.67,21.99
44618,0.1692,-0.1733,0.7886,-7.44,3.08,0.4,22.01
44630,0.2673,-0.2344,0.5889,-5.5,0.0,1.18,22.01
44640,0.3033,-0.3031,0.6343,-5.13,1.56,0.66,21.98
44652,0.2209,-0.1464,0.8541,-6.15,10.66,-0.17,21.99
44662,0.0758,-0.2175,1.0669,-6.43,10.87,-0.55,21.99
44672,0.0294,-0.1627,0.9165,-5.31,8.46,1.11,21.98
44682,0.2191,-0.1608,0.8633,-4.75,8.2,-0.34,22.0
44692,0.38,-0.2458,0.7345,-4.87,1.68,0.03,22.0
44704,0.1583,-0.2504,1.0034,-7.83,11.08,-1.31,21.98
44716,0.226,-0.2728,0.8671,-9.13,4.4,-0.63,22.0
44726,0.0835,-0.1953,0.7777,-6.7,8.44,0.79,21.99
44738,0.046,-0.1775,0.8291,-4.03,7.57,0.53,21.98
44748,0.2468,-0.194,0.9253,-2.41,9.86,-0.63,21.99
44758,0.1742,-0.2123,0.9387,-6.7,3.89,-0.23,22.02
44768,0.0427,-0.2037,0.9255,-7.59,7.85,0.56,22.0
44778,0.0316,-0.1031,0.9823,-5.94,12.67,-0.52,21.99
44788,0.2018,-0.1926,0.9362,-6.93,10.44,-0.58,22.01
44802,0.2054,-0.2037,0.8132,-6.32,11.01,-0.2,21.99
44813,0.2979,-0.2783,0.7767,-6.08,2.72,0.44,21.99
44823,0.1337,-0.2965,0.8562,-6.17,5.45,-0.34,21.98
44835,0.1038,-0.1909,0.8846,-6.73,5.47,0.64,21.98
44846,0.235,-0.2419,0.7228,-6.7,7.21,0.55,21.99
44856,0.1785,-0.2172,0.8472,-5.42,7.27,-0.27,21.99
44866,0.1185,-0.2209,0.9436,-8.4,12.21,-0.55,21.99
44876,0.3883,-0.2756,0.5831,-6.31,0.9,1.37,22.01
44886,0.2764,-0.2313,0.7421,-5.53,1.94,0.47,21.98
44896,0.1951,-0.269,0.9009,-5.48,4.63,-0.52,21.99
44906,-0.0349,-0.285,1.0236,-7.42,9.16,-1.34,22.0
44916,0.0726,-0.167,0.8644,-7.02,14.85,0.08,22.0
44926,0.1975,-0.1449,0.8722,-4.47,8.6,-0.27,21.99
44936,0.1079,-0.2374,1.082,-5.4,11.88,-1.21,22.0
44946,0.1282,-0.2258,0.8087,-6.98,6.21,0.67,22.01
44959,0.225,-0.2928,0.668,-6.37,2.9,0.27,22.0
44970,0.0404,-0.2079,0.8193,-5.97,7.86,-0.02,21.98
44983,-0.1379,-0.1462,1.0258,-6.43,18.96,-0.9,21.99
44993,0.2703,-0.2577,0.6959,-4.98,1.71,0.61,22.01
45005,0.5208,-0.1897,0.6536,-6.43,1.42,0.72,22.0
45015,0.0565,-0.2524,0.9993,-7.18,2.35,0.78,22.02
45026,0.3021,-0.2672,0.7616,-6.17,0.98,0.4,22.02
45036,0.1788,-0.2273,0.8625,-5.5,5.37,-0.18,22.0
45046,0.1346,-0.1587,0.8767,-7.4,14.58,-1.36,21.99
45056,0.1228,-0.1809,0.9297,-5.73,12.38,-0.31,22.0
45066,0.2598,-0.2212,0.7675,-5.63,5.59,0.6,22.01
45077,-0.1139,-0.1802,1.1445,-5.59,14.27,-0.56,22.0
45087,0.2538,-0.2046,0.8068,-6.12,8.64,-0.12,22.0
45102,0.2433,-0.2161,0.7195,-7.34,-1.39,0.61,22.0
45112,-0.0911,-0.1672,1.0431,-7.37,11.08,0.27,22.01
45124,0.38,-0.261,0.6405,-4.6,2.85,0.67,21.99
45137,-0.0374,-0.1943,1.0422,-5.15,13.13,-0.09,22.02
45148,0.189,-0.2238,0.8793,-5.27,6.5,-0.64,22.0
45163,0.1554,-0.1677,0.8665,-4.75,8.92,-0.34,21.99
45173,0.1985,-0.2128,0.943,-7.48,4.99,-0.11,22.01
45187,-0.0011,-0.1896,0.9578,-5.27,13.28,0.12,22.0
45200,0.177,-0.2292,0.8553,-5.08,12.69,-0.08,22.01
45211,0.2267,-0.2463,0.9697,-5.24,6.9,-0.35,22.0
45221,0.1294,-0.1936,0.9209,-7.05,4.41,-0.37,21.99
45233,0.2141,-0.1869,0.8018,-7.95,2.73,0.03,22.03
45243,0.0884,-0.2167,0.9448,-6.78,9.77,-0.02,22.01
45253,0.2338,-0.2155,0.837,-5.77,10.26,-0.46,22.01
45264,0.2788,-0.2263,0.8282,-5.05,4.43,-0.35,22.02
45274,0.0248,-0.2123,0.9572,-6.85,9.62,-0.08,22.0
45284,0.1937,-0.2097,0.7319,-4.66,9.04,0.67,22.01
45294,0.2203,-0.1763,0.7838,-5.4,5.56,0.09,22.0
45307,0.1791,-0.1407,0.9242,-6.15,13.27,-0.69,21.99
45319,0.0996,-0.2274,1.0068,-5.47,14.56,-0.6,21.99
45331,0.1412,-0.2797,1.0449,-6.6,8.58,-0.41,22.02
45342,0.2926,-0.2941,0.6862,-6.99,0.35,0.55,22.0
45355,0.0951,-0.2137,0.7644,-7.48,3.83,0.34,21.99
45365,0.0751,-0.1848,0.8079,-4.89,10.0,-0.12,21.98
45377,0.2083,-0.2405,0.776,-6.03,7.73,0.21,21.99
45387,0.1757,-0.1677,0.98,-8.05,8.98,-0.29,21.98
45398,0.053,-0.231,0.9852,-6.4,11.54,-0.37,21.97
45410,0.0986,-0.266,0.886,-7.15,12.03,-0.6,22.01
45420,0.0549,-0.1506,0.9237,-6.64,11.95,-0.53,22.0
45430,0.2382,-0.2168,0.8214,-4.89,4.98,0.7,21.99
45440,0.1583,-0.243,0.9524,-6.6,6.7,-0.47,22.02
45450,0.0476,-0.2809,0.9894,-7.69,9.5,-0.64,22.0
45460,0.3009,-0.1838,0.6968,-6.87,5.57,0.79,21.98
45470,0.2277,-0.1969,0.7748,-4.64,1.24,0.44,22.0
45480,-0.035,-0.2136,1.0625,-5.73,12.85,-0.41,22.01
45490,0.1381,-0.2554,0.849,-7.21,9.05,-0.26,22.0
45500,0.2083,-0.2769,0.7924,-5.73,5.45,-0.05,21.99
45510,0.1544,-0.2073,0.799,-6.52,7.71,-0.47,21.97
45521,0.248,-0.2101,0.8264,-6.41,6.85,0.14,21.99
45531,0.2083,-0.2284,0.9623,-4.43,7.25,0.41,22.02
45543,0.2736,-0.2716,0.8967,-5.85,5.62,0.0,21.98
45554,0.2567,-0.1681,0.8121,-6.26,7.13,-0.79,22.01
45564,0.1222,-0.182,0.834,-6.23,2.7,0.23,22.01
45574,-0.0225,-0.1553,1.0754,-6.49,17.48,-0.9,22.01
45584,0.2539,-0.1655,0.8184,-7.18,7.97,-0.15,22.0
45596,0.0273,-0.2186,1.028,-7.28,10.73,0.27,21.99
45606,0.1714,-0.2565,0.8475,-5.83,8.08,0.56,22.02
45618,0.1285,-0.2236,0.8922,-5.44,7.63,0.06,22.0
45628,0.2148,-0.217,0.8196,-4.9,5.39,-0.26,22.0
45639,0.2457,-0.2616,0.7542,-7.04,3.63,-0.03,22.01
45649,0.2186,-0.175,0.8955,-8.67,7.8,-0.44,22.01
45662,-0.0741,-0.1852,1.0208,-5.98,12.66,-0.26,21.98
45672,0.1165,-0.1627,0.9559,-5.8,12.84,-0.5,22.0
45682,0.2563,-0.1749,0.8115,-5.86,1.68,0.2,22.01
45692,0.0707,-0.1675,1.0046,-5.86,6.27,0.14,22.01
45704,0.0424,-0.2151,0.9696,-6.55,11.59,-0.56,22.03
45714,0.3505,-0.2761,0.6644,-7.31,1.66,0.46,22.0
45725,0.2896,-0.2133,0.7664,-5.6,3.4,0.78,21.99
45739,0.2118,-0.2433,0.8607,-5.57,5.01,0.66,22.03
45749,0.0266,-0.2306,0.9214,-4.9,8.0,-0.09,22.01
45761,0.222,-0.2247,0.8022,-4.95,-0.27,0.2,22.02
45774,0.1248,-0.1866,0.949,-6.85,15.79,-1.04,21.99
45788,0.259,-0.2283,0.8229,-7.16,6.46,0.11,22.02
45801,0.1578,-0.2166,0.9537,-5.74,8.84,0.29,22.0
45813,0.2521,-0.1873,0.845,-6.4,6.63,-0.31,22.01
45826,0.3612,-0.265,0.769,-5.63,-0.17,0.49,22.02
45836,-0.0118,-0.2311,0.9761,-7.48,9.92,-0.58,22.0
45849,0.3479,-0.3219,0.6841,-7.36,1.63,0.64,21.99
45859,0.1244,-0.2025,0.7321,-5.16,6.66,0.21,22.02
45871,0.3096,-0.2612,0.6862,-4.84,3.48,0.47,22.02
45881,0.2142,-0.1453,0.886,-5.79,4.27,-0.15,22.0
45896,0.2699,-0.1996,0.8635,-5.44,4.58,0.14,22.01
45906,0.1377,-0.2472,0.8973,-6.29,3.66,0.02,22.0
45917,0.0529,-0.2502,0.9569,-7.53,11.07,-0.17,22.02
45930,0.2848,-0.2001,0.8251,-6.5,7.01,-0.06,22.02
45942,0.1222,-0.2539,0.8395,-5.79,11.8,-0.31,21.99
45953,0.1788,-0.1766,0.8306,-5.05,9.98,-0.18,22.0
45968,0.1206,-0.194,0.9401,-7.02,6.52,-0.18,22.01
45980,0.0502,-0.1847,0.8965,-7.54,9.65,-0.05,21.99
45990,0.2173,-0.1948,0.8235,-6.6,9.5,-0.17,22.0
46000,0.2419,-0.2178,0.7762,-6.32,8.46,0.24,21.99
46011,0.2408,-0.2452,0.7689,-5.79,9.71,-0.09,22.01
46021,0.1581,-0.2651,0.7877,-5.66,3.69,0.38,22.01
46033,0.1143,-0.1522,0.9095,-6.93,8.14,-0.23,22.01
46044,0.1951,-0.2411,0.7623,-7.63,6.31,-0.02,22.01
46054,0.1428,-0.2001,0.8059,-7.65,7.34,-0.03,21.99
46070,-0.0796,-0.1927,1.0006,-6.26,12.38,-0.05,22.01
46082,0.1588,-0.2416,0.8264,-4.96,6.79,0.26,21.99
46092,-0.0409,-0.2478,0.9478,-5.1,11.37,-0.61,22.01
46102,0.1135,-0.2323,0.9297,-6.32,12.47,-1.05,21.99
46112,0.4182,-0.2335,0.6755,-8.66,-0.29,0.17,22.02
46123,0.3308,-0.2117,0.6425,-7.88,5.04,0.23,22.02
46133,0.139,-0.1932,0.8927,-7.31,6.56,0.2,22.01
46143,0.1613,-0.2272,0.8939,-6.38,5.91,0.38,22.01
46153,0.1161,-0.2299,0.9352,-4.99,6.29,-0.05,22.02
46165,0.1554,-0.2095,0.8041,-5.85,2.14,-0.17,22.02
46175,0.1263,-0.2368,0.861,-6.95,7.13,-0.7,22.01
46185,0.1129,-0.2789,0.8633,-7.6,10.55,0.15,22.02
46195,0.1061,-0.1633,0.8754,-7.36,9.45,0.4,22.02
46205,0.1476,-0.1669,0.8918,-5.94,8.61,0.06,22.0
46215,0.2532,-0.2438,0.8503,-4.67,7.08,0.0,22.01
46225,0.233,-0.2609,0.8489,-3.89,4.27,0.5,22.0
46235,0.1404,-0.2378,0.8472,-4.7,6.23,0.08,22.01
46245,0.1713,-0.1823,0.8246,-6.78,8.66,-0.55,22.02
46261,0.1901,-0.2583,0.7268,-7.24,8.6,0.11,21.99
46271,0.075,-0.1919,0.8643,-6.5,12.78,-0.38,22.01
46281,0.0634,-0.1901,0.9907,-5.4,10.96,-0.56,21.99
46291,0.053,-0.2333,0.9504,-4.44,10.84,0.12,21.98
46301,0.186,-0.1259,0.8625,-4.56,4.23,-0.49,22.02
46311,0.0443,-0.1646,1.0201,-6.64,10.12,-0.92,22.01
46321,0.0784,-0.2195,0.9775,-7.62,11.57,-0.35,22.0
46331,0.1617,-0.2367,0.8486,-7.66,10.27,0.27,22.02
46344,0.1516,-0.2173,0.8965,-7.68,4.55,0.32,22.0
46354,0.0129,-0.243,0.965,-6.03,7.74,-0.14,21.99
46364,0.0719,-0.199,1.0062,-4.92,11.65,-0.69,22.03
46374,0.2273,-0.2202,0.8822,-5.13,7.19,-0.43,22.03
46384,0.1833,-0.215,0.8967,-6.14,8.26,-0.49,21.99
46395,0.1534,-0.2189,0.9233,-6.64,8.52,0.08,21.99
46405,0.2347,-0.193,0.8025,-7.47,6.61,0.2,22.03
46415,0.2395,-0.2207,0.7537,-6.29,4.32,0.73,21.98
46425,0.0907,-0.2233,0.8953,-5.13,7.28,0.31,22.02
46439,0.2843,-0.2113,0.7432,-5.48,-1.3,0.78,22.03
46449,0.1135,-0.1987,0.9491,-5.73,12.99,-0.35,22.03
46459,0.338,-0.1958,0.7542,-5.6,3.24,0.41,22.0
46469,0.1677,-0.2061,0.9056,-5.39,5.71,-0.02,22.01
46479,0.0753,-0.1809,0.9873,-5.91,10.75,-0.43,22.0
46489,0.1125,-0.2003,0.9314,-7.05,8.17,-0.09,22.01
46499,0.162,-0.2346,0.8566,-6.96,6.7,0.31,22.0
46509,0.1721,-0.2585,0.8303,-5.85,7.69,0.11,22.01
46519,0.1935,-0.2067,0.8378,-5.65,8.23,-0.43,21.99
46529,0.2229,-0.2493,0.7936,-7.25,6.82,-0.41,22.03
46548,0.1932,-0.2759,0.7872,-6.72,6.46,0.14,22.01
46558,0.1743,-0.2097,0.8971,-6.56,7.97,-0.34,22.01
46568,0.2581,-0.2035,0.8099,-5.89,4.41,-0.03,22.01
46578,0.1219,-0.2264,0.8781,-5.5,5.94,0.34,22.0
46589,0.1096,-0.1875,0.9028,-6.35,7.85,-0.03,22.03
46599,0.1766,-0.2235,0.8475,-6.29,6.84,0.17,22.01
46611,0.1597,-0.2267,0.8513,-6.41,5.1,0.4,22.01
46621,0.1586,-0.2063,0.8264,-6.11,8.27,0.12,21.99
46631,0.1271,-0.2085,0.8881,-5.91,7.97,-0.34,22.03
46645,0.1237,-0.2111,0.8665,-5.56,8.0,0.03,22.01
46655,0.1666,-0.2523,0.8485,-5.31,4.95,0.27,22.02
46665,0.1171,-0.1843,0.8927,-6.17,11.24,-0.32,22.01
46675,0.2144,-0.2118,0.8513,-5.69,6.63,-0.34,22.02
46685,0.1344,-0.2065,0.9065,-5.88,6.66,-0.17,21.99
46695,0.1102,-0.1974,0.9075,-6.31,9.01,0.12,22.01
46706,0.0757,-0.2256,0.9291,-6.27,8.17,-0.21,22.02
46718,0.1959,-0.201,0.8571,-6.14,6.12,-0.15,22.01
46728,0.078,-0.1917,0.9855,-6.32,9.36,-0.26,21.99
46738,0.1163,-0.2319,0.9762,-7.27,9.73,-0.53,22.03
46748,0.1844,-0.2274,0.8253,-6.81,8.11,0.11,22.0
46765,0.1571,-0.2101,0.9506,-6.53,8.14,-0.06,22.01
46775,0.1476,-0.2026,0.9208,-5.48,8.08,0.11,22.01
46785,0.1237,-0.2314,0.9031,-5.44,7.85,0.15,22.01
46795,0.1245,-0.2449,0.9072,-5.44,6.9,0.31,22.02
46805,0.0553,-0.2047,0.9532,-5.73,11.04,-0.52,22.04
46815,0.1586,-0.1866,0.876,-6.61,10.64,-0.49,22.01
46825,0.2386,-0.1622,0.8331,-7.02,5.18,-0.02,22.02
46835,0.1143,-0.2007,0.928,-7.1,4.79,0.27,22.01
46845,0.0995,-0.2535,0.9019,-5.94,8.43,0.06,22.01
46855,0.1586,-0.1669,0.8707,-5.22,10.56,0.02,22.03
46865,0.2745,-0.1812,0.7976,-5.66,5.48,0.05,22.03
46884,0.0845,-0.225,0.9581,-6.81,9.86,0.02,22.0
46894,0.2063,-0.2386,0.8088,-6.17,5.39,-0.14,22.02
46904,0.0568,-0.2157,0.9186,-6.52,9.79,-0.31,22.01
46914,0.0874,-0.1647,0.9066,-5.65,10.35,-0.43,22.01
46924,0.1716,-0.182,0.8754,-6.31,9.59,-0.73,22.03
46935,0.1333,-0.2065,0.9006,-6.02,11.97,-0.34,22.01
46945,0.311,-0.2328,0.7225,-5.91,2.37,0.85,22.02
46955,0.0879,-0.214,0.8893,-6.26,7.13,0.41,22.02
46965,0.1005,-0.2247,0.903,-6.56,10.29,-0.55,22.03
46975,0.2246,-0.2565,0.8086,-6.47,6.5,0.11,22.02
46985,0.2606,-0.2426,0.7566,-7.13,3.51,0.26,22.01
47005,0.0469,-0.2225,0.9407,-5.37,13.33,-0.46,22.02
47015,0.2201,-0.2087,0.828,-6.5,8.23,-0.11,22.0
47025,0.2188,-0.2247,0.792,-6.56,4.84,0.18,22.03
47035,0.1107,-0.2244,0.8588,-6.02,7.18,-0.02,22.0
47045,0.1298,-0.2349,0.8904,-6.43,8.76,-0.49,22.02
47055,0.1895,-0.2515,0.8199,-5.85,6.27,0.32,22.0
47067,0.1367,-0.2449,0.8511,-5.47,7.25,0.34,22.04
47077,0.0857,-0.2021,0.9122,-5.53,11.6,-0.55,22.03
47087,0.1642,-0.212,0.8977,-6.18,10.43,-0.61,22.03
47097,0.0857,-0.2014,0.9855,-6.44,10.84,-0.78,22.03
47112,0.0566,-0.2258,0.9719,-5.88,11.95,-0.53,22.0
47122,0.2423,-0.2164,0.8136,-6.11,5.27,0.09,22.03
47132,0.0901,-0.2042,0.9109,-6.34,7.69,-0.2,22.02
47142,0.0986,-0.2246,0.9227,-6.14,9.68,-0.34,21.99
47152,0.1783,-0.2327,0.8621,-6.26,7.51,-0.2,22.01
47162,0.158,-0.2269,0.8713,-6.31,7.48,-0.05,22.01
47172,0.1085,-0.235,0.8154,-6.66,7.11,0.23,22.02
47182,0.0284,-0.1865,0.9047,-6.18,12.55,-0.41,22.0
47192,0.201,-0.1801,0.8181,-5.76,9.21,-0.78,22.02
47202,0.2006,-0.2319,0.8931,-5.08,6.27,-0.2,22.02
47212,0.0896,-0.2334,0.9806,-4.93,8.66,0.31,22.04
47232,0.1545,-0.2375,0.9524,-6.49,8.81,-0.26,22.03
47242,0.2255,-0.2096,0.8756,-7.13,6.47,0.21,22.01
47252,0.1777,-0.2079,0.8781,-7.69,6.7,0.2,22.01
47262,0.1328,-0.2136,0.8607,-7.83,8.81,-0.09,22.04
47272,0.1382,-0.1962,0.8097,-7.68,9.44,0.15,22.02
47283,0.1271,-0.219,0.8175,-6.56,9.19,0.18,22.0
47293,0.1301,-0.2267,0.84,-5.63,7.47,-0.06,22.02
47303,0.1595,-0.2137,0.8167,-5.22,6.43,-0.09,22.01
47313,0.1644,-0.2249,0.8438,-4.75,6.34,-0.14,21.99
47323,0.1544,-0.2098,0.8806,-4.99,7.95,-0.29,22.03
47333,0.1497,-0.2053,0.8939,-6.11,8.82,-0.24,21.99
47343,0.1559,-0.2201,0.8845,-6.73,8.09,-0.05,22.02
47353,0.2069,-0.2229,0.8727,-6.98,6.18,-0.08,22.02
47363,0.2092,-0.2544,0.8411,-7.02,4.55,-0.46,22.03
47373,0.0427,-0.2225,0.9685,-6.98,8.73,0.0,22.02
47388,0.1064,-0.2136,0.9855,-5.97,7.91,-0.17,22.0
47398,0.0851,-0.2136,0.9248,-7.02,9.15,0.27,22.02
47408,0.1827,-0.2341,0.8016,-6.53,6.99,0.09,22.02
47418,0.1918,-0.2256,0.8192,-6.09,6.7,-0.43,22.01
47428,0.1302,-0.2177,0.8774,-6.67,7.42,-0.2,22.02
47439,0.1464,-0.2148,0.8571,-5.79,6.66,0.27,22.01
47449,0.1199,-0.2106,0.8741,-5.62,8.63,0.12,22.0
47459,0.13,-0.1996,0.8721,-5.82,9.63,-0.09,22.02
47469,0.1661,-0.2126,0.8787,-6.0,8.11,-0.09,22.03
47479,0.1588,-0.2261,0.8846,-6.37,6.46,-0.08,22.03
47489,0.1542,-0.2297,0.8644,-6.9,6.92,-0.12,22.01
47499,0.1479,-0.2227,0.8569,-6.5,8.02,-0.2,22.03
47509,0.1627,-0.2297,0.8732,-5.83,8.27,-0.23,22.01
47519,0.1614,-0.2224,0.8721,-5.69,7.62,-0.15,22.02
47529,0.1626,-0.2229,0.8705,-5.62,7.18,0.15,22.02
47539,0.1641,-0.224,0.8719,-5.89,7.21,-0.03,22.02
47549,0.1575,-0.2163,0.8665,-6.56,7.63,-0.08,22.03
47559,0.156,-0.2134,0.8647,-6.85,8.34,0.02,22.02
47569,0.1617,-0.2164,0.8538,-6.72,8.29,0.02,22.04
47579,0.1572,-0.2129,0.8568,-6.24,8.09,0.03,22.03
47589,0.1527,-0.2148,0.865,-6.0,7.8,0.0,22.02
47599,0.1539,-0.2166,0.8674,-5.91,7.48,0.05,21.99
47615,0.1549,-0.213,0.8783,-6.35,7.71,0.02,22.01
47625,0.1572,-0.2139,0.8666,-6.58,7.83,-0.03,22.04
47635,0.1569,-0.2223,0.8568,-6.53,7.95,0.05,22.01
47645,0.1538,-0.2228,0.8625,-6.34,8.06,-0.02,21.99
47655,0.156,-0.2194,0.8666,-6.14,7.82,-0.03,22.02
47666,0.1501,-0.2223,0.8687,-6.26,7.89,-0.08,22.02
47679,0.1448,-0.2117,0.8695,-5.91,8.46,0.03,22.03
47690,0.1522,-0.2124,0.8627,-6.38,7.36,-0.17,22.04
47700,0.1569,-0.2163,0.8555,-6.82,6.73,-0.34,22.01
47710,0.1564,-0.2212,0.854,-6.64,7.18,-0.17,22.03
47720,0.1655,-0.2266,0.8538,-5.86,8.29,0.18,22.03
47730,0.1615,-0.2228,0.8627,-5.47,8.93,0.17,22.02
47740,0.1459,-0.213,0.8745,-5.56,8.23,-0.02,22.03
47751,0.1469,-0.2157,0.8818,-5.91,6.99,-0.09,22.03
47761,0.153,-0.2134,0.8761,-6.27,6.89,-0.23,22.01
47771,0.1582,-0.2194,0.8702,-6.61,7.59,-0.2,22.02
47781,0.1512,-0.2158,0.8597,-6.72,8.34,0.05,22.05
47791,0.1597,-0.225,0.8574,-6.44,8.44,0.06,22.02
47801,0.1519,-0.2223,0.8604,-5.92,8.14,-0.06,22.0
47811,0.151,-0.2183,0.8774,-5.51,7.47,-0.21,22.02
47821,0.1564,-0.2174,0.8779,-5.71,6.89,-0.14,22.02
47831,0.1599,-0.2167,0.8727,-6.27,7.16,-0.15,22.02
47841,0.1569,-0.2151,0.864,-6.69,7.98,0.02,22.03
47851,0.1582,-0.22,0.8616,-6.66,8.58,0.05,22.02
47861,0.1565,-0.2185,0.8662,-6.23,8.27,-0.05,22.02
47871,0.1498,-0.2197,0.8662,-5.69,7.54,-0.02,22.04
47881,0.1543,-0.2162,0.8696,-5.53,7.1,-0.03,22.02
47891,0.1605,-0.2114,0.8748,-5.85,7.24,-0.18,22.04
47901,0.1609,-0.2092,0.8694,-6.49,7.79,-0.08,22.04
47911,0.1565,-0.2136,0.8646,-6.7,8.24,0.09,22.03
47921,0.1545,-0.217,0.8622,-6.58,8.29,0.03,22.03
47931,0.153,-0.2201,0.8558,-6.21,7.88,0.09,22.03
47941,0.1566,-0.2158,0.859,-5.79,7.3,0.03,22.03
47951,0.1542,-0.2191,0.8719,-5.73,7.36,-0.06,22.04
47961,0.1547,-0.2126,0.8743,-5.92,7.69,0.0,22.04
47971,0.1547,-0.2134,0.8772,-6.32,8.17,0.0,22.02
47981,0.1526,-0.2161,0.8726,-6.56,8.26,-0.03,22.04
47991,0.1503,-0.2166,0.8687,-6.55,8.02,-0.08,22.02
48003,0.1509,-0.2169,0.8605,-6.24,7.6,-0.09,22.04
48013,0.1572,-0.2219,0.8617,-5.97,7.47,-0.08,22.02
48023,0.1578,-0.2207,0.8634,-5.82,7.57,-0.06,22.03
48033,0.1567,-0.2184,0.8661,-5.92,7.76,-0.08,22.03
48043,0.1503,-0.2179,0.874,-6.11,8.03,-0.06,22.05
48053,0.1528,-0.2163,0.8738,-6.23,7.86,-0.08,22.03
48063,0.1517,-0.2161,0.8716,-6.29,7.6,-0.05,22.02
48073,0.1545,-0.2181,0.865,-6.09,7.59,-0.09,22.02
48083,0.1584,-0.2198,0.8693,-6.02,7.65,-0.06,22.03
48093,0.1576,-0.2146,0.866,-6.09,7.8,-0.08,22.02
48103,0.1543,-0.2179,0.8759,-6.23,8.0,-0.06,22.04
48113,0.15,-0.2197,0.8698,-6.29,7.95,-0.03,22.03
48123,0.1549,-0.2191,0.8689,-6.34,7.6,-0.11,22.03
48133,0.1561,-0.219,0.8678,-6.31,7.51,-0.11,22.02
48143,0.1548,-0.2212,0.8644,-6.17,7.76,-0.05,22.03
48153,0.1569,-0.218,0.8632,-6.21,7.89,-0.06,22.0
48163,0.1534,-0.2169,0.8658,-6.11,8.09,0.02,22.03
48173,0.1545,-0.2175,0.8607,-6.17,7.85,0.03,22.01
48183,0.1602,-0.2161,0.8612,-6.23,7.44,-0.09,22.04
48193,0.151,-0.2196,0.8639,-6.18,7.45,-0.03,22.03
48203,0.1528,-0.2175,0.8673,-6.2,7.77,0.0,22.02
48213,0.1559,-0.2167,0.8647,-6.06,7.76,-0.08,22.04
48223,0.1542,-0.2144,0.8677,-6.15,7.94,0.03,22.03
48233,0.1552,-0.2186,0.8683,-6.27,7.8,0.0,22.05
48243,0.1564,-0.2123,0.8624,-6.38,7.65,-0.06,22.02
48253,0.1564,-0.2175,0.8582,-6.38,7.71,-0.12,22.02
48263,0.1556,-0.2194,0.8575,-6.27,7.74,-0.12,22.03
48273,0.1501,-0.2189,0.8656,-6.11,7.88,-0.06,22.03
48283,0.1493,-0.2186,0.8663,-6.06,7.94,-0.11,22.04
48293,0.1459,-0.2173,0.8719,-6.03,7.85,-0.06,22.03
48303,0.1556,-0.2179,0.861,-6.03,7.45,-0.05,22.02
48313,0.1569,-0.217,0.8629,-6.11,7.39,-0.05,22.04
48323,0.1522,-0.2185,0.8691,-6.18,7.76,-0.09,22.03
48333,0.1484,-0.2209,0.8745,-6.12,8.12,-0.09,22.04
48343,0.1538,-0.2222,0.8765,-6.06,8.02,-0.03,22.03
48353,0.1559,-0.2205,0.8761,-6.08,7.83,-0.05,22.04
48363,0.1548,-0.2201,0.8745,-6.17,7.59,-0.11,22.06
48373,0.1534,-0.218,0.874,-6.29,7.62,-0.11,22.05
48383,0.1543,-0.2225,0.8695,-6.31,7.91,-0.02,22.04
48393,0.1493,-0.2196,0.8724,-6.24,8.06,-0.05,22.01
48403,0.1521,-0.2175,0.8696,-6.09,7.91,-0.02,22.03
48413,0.155,-0.2164,0.8726,-5.92,7.59,-0.09,22.05
48423,0.1555,-0.2153,0.8679,-5.92,7.53,-0.12,22.01
48433,0.16,-0.2128,0.8721,-6.08,7.51,-0.11,22.05
48443,0.1604,-0.2133,0.8689,-6.21,7.74,-0.08,22.02
48453,0.1519,-0.2141,0.8678,-6.47,8.08,-0.09,22.03
48463,0.1512,-0.2157,0.8685,-6.52,8.14,-0.05,22.02
48473,0.1571,-0.2175,0.8607,-6.37,7.83,-0.08,22.05
48483,0.1528,-0.217,0.8601,-6.14,7.57,-0.03,22.04
48493,0.155,-0.2172,0.8643,-6.11,7.57,-0.06,22.05
48503,0.1539,-0.2155,0.8644,-6.18,7.77,-0.06,22.03
48513,0.1523,-0.2157,0.8625,-6.2,8.0,0.05,22.05
48523,0.1515,-0.2164,0.8644,-6.24,8.05,-0.02,22.03
48533,0.1508,-0.2161,0.8651,-6.29,7.86,-0.06,22.03
48543,0.1478,-0.2177,0.866,-6.2,7.68,-0.06,22.03
48553,0.1536,-0.2173,0.865,-6.18,7.57,-0.05,22.01
48563,0.1573,-0.2186,0.8612,-6.17,7.53,-0.12,22.03
48573,0.1609,-0.2158,0.8662,-6.2,7.68,-0.12,22.05
48583,0.151,-0.218,0.8715,-6.12,7.89,-0.08,22.04
48593,0.1476,-0.2145,0.8743,-6.14,7.89,-0.12,22.04
48603,0.1504,-0.2185,0.8669,-6.24,7.77,-0.14,22.04
48613,0.1522,-0.2175,0.8711,-6.14,7.69,-0.14,22.02
48623,0.1543,-0.2196,0.8661,-6.2,7.91,-0.06,22.01
48633,0.1591,-0.2189,0.8665,-6.21,7.91,0.03,22.03
48643,0.1549,-0.2177,0.8691,-6.14,7.89,-0.12,22.03
48653,0.1542,-0.2185,0.8741,-6.11,7.76,-0.05,22.03
48663,0.1553,-0.2203,0.876,-6.09,7.54,-0.11,22.04
48673,0.156,-0.2189,0.8745,-6.18,7.48,-0.11,22.03
48683,0.155,-0.22,0.8776,-6.23,7.79,-0.06,22.0
48693,0.1487,-0.2192,0.8744,-6.23,7.98,-0.05,21.99
48703,0.1549,-0.2208,0.8691,-6.29,7.94,-0.08,22.04
48713,0.1617,-0.2202,0.8632,-6.17,7.68,-0.06,22.03
48723,0.1595,-0.2175,0.8605,-6.29,7.5,-0.03,22.04
48733,0.1583,-0.2198,0.8621,-6.17,7.36,-0.08,22.04
48743,0.1511,-0.2186,0.8682,-6.05,7.76,-0.05,22.04
48753,0.1527,-0.2162,0.8682,-6.05,8.0,-0.06,22.04
48763,0.161,-0.2185,0.8685,-6.18,7.92,-0.11,22.04
48773,0.1608,-0.2169,0.8615,-6.31,7.6,-0.11,22.03
48783,0.1531,-0.2191,0.864,-6.29,7.71,-0.11,22.03
48793,0.1501,-0.22,0.8641,-6.38,7.8,-0.02,22.04
48803,0.1547,-0.2205,0.8616,-6.29,7.82,0.06,22.05
48813,0.1517,-0.2197,0.8601,-6.2,7.97,0.02,22.02
48823,0.1477,-0.2183,0.8635,-6.15,8.0,-0.08,22.05
48833,0.1501,-0.2159,0.8656,-6.11,7.6,-0.08,22.03
48843,0.1508,-0.2158,0.8634,-6.14,7.56,-0.14,22.04
48853,0.1525,-0.2163,0.8668,-6.0,7.62,-0.03,22.04
48863,0.1556,-0.2135,0.8669,-6.09,7.82,-0.05,22.02
48873,0.1559,-0.2185,0.8667,-6.21,7.94,-0.11,22.01
48883,0.1577,-0.2198,0.8641,-6.26,7.82,0.02,22.01
48893,0.1532,-0.2181,0.8694,-6.12,7.77,-0.06,22.02
48903,0.1477,-0.2161,0.8784,-6.18,8.06,-0.15,22.02
48913,0.1558,-0.2203,0.8763,-6.15,7.85,-0.03,22.02
48923,0.1541,-0.2236,0.8726,-6.23,7.51,0.09,22.02
48933,0.1575,-0.2135,0.8652,-6.17,7.77,0.03,22.03
48943,0.1522,-0.2119,0.8728,-6.29,8.18,-0.11,22.06
48953,0.1495,-0.2234,0.8794,-6.26,7.82,-0.06,22.04
48963,0.1547,-0.2172,0.8713,-6.24,7.4,-0.02,22.04
48973,0.1576,-0.2146,0.8669,-6.18,7.74,-0.14,22.03
48983,0.1566,-0.2158,0.869,-6.23,7.86,-0.15,22.04
48993,0.1564,-0.2214,0.8735,-6.2,7.63,0.0,22.06
49003,0.1538,-0.2168,0.869,-6.21,7.59,-0.02,22.02
49013,0.1523,-0.2172,0.8644,-6.12,7.77,0.0,22.04
49023,0.1555,-0.2123,0.8669,-6.12,7.73,-0.06,22.01
49033,0.1606,-0.2131,0.8612,-6.21,7.59,-0.05,22.04
49043,0.158,-0.2162,0.8628,-6.32,7.62,-0.09,22.04
49053,0.1562,-0.2173,0.8589,-6.4,7.89,-0.06,22.03
49063,0.1521,-0.2162,0.8623,-6.37,8.05,-0.06,22.05
49073,0.1481,-0.2161,0.8673,-6.34,8.0,-0.08,22.04
49083,0.1532,-0.2137,0.8635,-6.14,7.73,-0.08,22.04
49093,0.1534,-0.2157,0.8617,-6.15,7.68,-0.09,22.04
49103,0.1531,-0.2167,0.8632,-6.2,7.74,-0.08,22.03
49113,0.1569,-0.2183,0.8629,-6.12,7.74,-0.06,22.05
49123,0.1538,-0.2183,0.8641,-6.2,7.83,-0.12,22.02
49133,0.1514,-0.2186,0.8688,-6.21,7.82,-0.05,22.05
49143,0.1519,-0.2177,0.8688,-6.11,7.82,-0.05,22.05
49153,0.1571,-0.2172,0.8624,-6.15,7.74,-0.06,22.04
49163,0.1597,-0.2166,0.8619,-6.17,7.68,-0.02,22.05
49173,0.1554,-0.2184,0.8663,-6.18,7.69,-0.05,22.07
49183,0.1523,-0.2195,0.8706,-6.17,7.91,-0.03,22.03
49193,0.1509,-0.2211,0.8749,-6.18,8.03,-0.09,22.03
49203,0.1532,-0.2201,0.8696,-6.03,7.86,-0.06,22.05
49213,0.1554,-0.2175,0.8689,-6.14,7.51,-0.09,22.04
49223,0.1561,-0.2169,0.8723,-6.09,7.73,-0.02,22.05
49233,0.1573,-0.2192,0.8732,-6.17,7.85,-0.06,22.01
49243,0.1583,-0.2188,0.8722,-6.15,7.79,0.0,22.03
49253,0.1499,-0.2164,0.8729,-6.21,7.94,-0.06,22.05
49263,0.1522,-0.2196,0.87,-6.21,7.8,-0.05,22.05
49273,0.1549,-0.2179,0.8688,-6.08,7.63,-0.06,22.04
49283,0.1572,-0.2173,0.8625,-6.21,7.56,-0.12,22.07
49293,0.1556,-0.2178,0.8639,-6.37,7.71,-0.08,22.05
49303,0.157,-0.2206,0.8639,-6.32,7.85,-0.02,22.06
49313,0.1556,-0.2195,0.8685,-6.31,7.74,-0.02,22.04
49323,0.1532,-0.2203,0.8668,-6.27,7.8,0.0,22.08
49333,0.1569,-0.2177,0.8599,-6.15,7.65,0.0,22.07
49343,0.157,-0.2197,0.8608,-6.09,7.63,-0.09,22.05
49353,0.156,-0.2179,0.8641,-6.15,7.68,-0.02,22.04
49363,0.1547,-0.2188,0.865,-6.15,7.77,-0.02,22.05
49373,0.1525,-0.2148,0.8644,-6.11,7.89,-0.11,22.04
49383,0.1499,-0.2145,0.8698,-6.12,7.98,-0.02,22.05
49393,0.1569,-0.2184,0.8602,-6.17,7.68,-0.09,22.05
49403,0.1542,-0.2166,0.8657,-6.12,7.65,-0.06,22.06
49413,0.1511,-0.2113,0.8666,-6.09,7.76,-0.02,22.04
49423,0.1533,-0.214,0.8644,-6.09,7.82,-0.03,22.04
49433,0.1547,-0.2201,0.8693,-6.24,7.82,-0.05,22.06
49443,0.1488,-0.2195,0.8719,-6.11,7.92,-0.08,22.01
49453,0.1561,-0.214,0.8651,-6.21,7.85,-0.14,22.02
49463,0.1626,-0.2179,0.871,-6.35,7.8,-0.15,22.04
49473,0.1541,-0.2185,0.877,-6.12,7.44,-0.09,22.05
49483,0.1559,-0.2206,0.8716,-6.14,7.6,0.05,22.03
49493,0.1506,-0.2145,0.8711,-6.15,8.12,-0.08,22.04
49503,0.1555,-0.2163,0.8662,-6.09,7.83,0.0,22.03
49513,0.1632,-0.2209,0.8661,-6.17,7.39,-0.03,22.04
49523,0.1576,-0.2157,0.8702,-6.18,7.56,-0.05,22.05
49533,0.1503,-0.2134,0.8781,-6.29,7.89,0.0,22.03
49543,0.1531,-0.2202,0.8722,-6.15,7.91,-0.05,22.05
49553,0.1589,-0.2163,0.8687,-6.37,7.79,-0.12,22.06
49563,0.1589,-0.2148,0.8684,-6.35,7.71,-0.05,22.05
49573,0.1553,-0.2157,0.8712,-6.21,7.66,-0.02,22.05
49583,0.1443,-0.2148,0.8745,-6.17,7.89,0.03,22.03
49595,0.1631,-0.2156,0.8582,-6.27,7.51,-0.05,22.06
49605,0.1497,-0.2151,0.866,-6.31,7.79,-0.14,22.05
49615,0.1465,-0.2185,0.8757,-6.21,8.09,0.0,22.04
49625,0.1523,-0.2147,0.8696,-6.27,8.06,-0.06,22.03
49635,0.1462,-0.2141,0.8674,-6.17,7.85,0.0,22.05
49645,0.155,-0.2164,0.8687,-6.12,7.83,-0.08,22.05
49656,0.1526,-0.2195,0.8693,-6.34,7.92,-0.2,22.03
49667,0.1492,-0.2156,0.8696,-6.55,7.91,-0.15,22.05
49677,0.1556,-0.2166,0.8657,-6.37,7.71,0.05,22.05
49687,0.1512,-0.2217,0.8708,-6.21,8.09,-0.09,22.06
49701,0.1473,-0.2106,0.866,-6.47,7.66,-0.12,22.06
49711,0.1472,-0.2191,0.8823,-6.29,7.91,-0.06,22.05
49721,0.1488,-0.2112,0.8698,-6.53,8.03,-0.12,22.07
49731,0.1621,-0.217,0.8632,-6.26,7.86,0.09,22.03
49741,0.1578,-0.2146,0.8672,-5.86,7.94,0.02,22.05
49751,0.1538,-0.2183,0.8888,-6.38,7.47,-0.05,22.05
49762,0.1549,-0.223,0.8434,-6.95,6.76,0.02,22.02
49773,0.1411,-0.2216,0.8552,-6.43,7.33,0.17,22.04
49785,0.1652,-0.2255,0.8608,-5.6,7.74,0.26,22.04
49796,0.1632,-0.2192,0.8718,-5.24,8.02,-0.15,22.06
49806,0.1564,-0.2163,0.8826,-6.08,7.68,-0.02,22.04
49816,0.1573,-0.2192,0.8896,-6.43,7.69,-0.05,22.05
49826,0.1598,-0.2206,0.8739,-6.96,7.4,-0.43,22.06
49836,0.1316,-0.2094,0.8541,-7.21,7.89,-0.14,22.04
49846,0.1536,-0.218,0.8503,-6.32,7.85,0.14,22.02
49856,0.1526,-0.2262,0.8778,-5.28,8.38,-0.14,22.04
49866,0.1567,-0.2173,0.8829,-4.9,8.0,0.12,22.03
49876,0.157,-0.2134,0.9034,-5.25,7.69,0.14,22.04
49886,0.1604,-0.2158,0.8992,-6.55,7.24,-0.31,22.06
49896,0.1482,-0.209,0.8606,-7.8,7.11,-0.18,22.04
49906,0.1575,-0.2184,0.8396,-7.6,7.82,-0.02,22.05
49916,0.165,-0.2213,0.8312,-6.85,8.53,-0.06,22.03
49926,0.1528,-0.2203,0.8444,-5.31,8.43,0.24,22.06
49936,0.146,-0.2214,0.8746,-4.6,7.57,0.26,22.07
49946,0.1433,-0.2114,0.8936,-5.13,7.44,-0.27,22.04
49957,0.142,-0.2092,0.8868,-6.31,7.18,-0.29,22.07
49967,0.1571,-0.2157,0.8691,-7.39,7.8,-0.17,22.05
49978,0.1554,-0.2169,0.8553,-7.73,8.7,-0.15,22.05
49988,0.1814,-0.2142,0.8531,-6.52,8.5,-0.03,22.04
49999,0.2844,-0.2177,0.8007,-5.05,5.79,-0.23,22.06
50009,0.1798,-0.2211,0.8683,-4.44,3.02,0.21,22.05
50019,-0.0414,-0.2294,1.0353,-6.15,11.21,-0.26,22.05
50029,0.1738,-0.2327,0.8317,-6.93,9.47,-0.24,22.05
50039,0.2775,-0.2161,0.7631,-6.9,5.73,-0.18,22.05
50049,0.1589,-0.2206,0.8496,-6.93,7.6,-0.14,22.06
50059,0.0804,-0.2103,0.9082,-6.46,9.76,-0.03,22.07
50074,0.1305,-0.2128,0.8857,-5.18,6.98,-0.03,22.03
50087,0.1436,-0.2153,0.9058,-5.76,8.03,-0.24,22.05
50099,0.1462,-0.2197,0.8809,-6.79,7.53,-0.21,22.04
50110,0.1819,-0.2179,0.8401,-6.87,7.47,0.06,22.05
50122,0.1759,-0.2301,0.8499,-6.53,8.26,-0.03,22.05
50136,0.1627,-0.2281,0.8584,-5.44,7.36,0.0,22.07
50147,0.1591,-0.2205,0.876,-5.07,7.16,-0.29,22.07
50159,0.1655,-0.2157,0.8927,-5.48,7.45,-0.17,22.05
50172,0.1609,-0.2206,0.8909,-6.66,8.78,-0.15,22.02
50187,0.0751,-0.2252,0.9122,-8.41,9.33,-0.96,22.05
50209,0.1444,-0.2366,0.8781,-6.85,5.01,0.24,22.05
50219,0.1909,-0.2528,0.8258,-6.02,8.84,0.15,22.07
50233,0.1572,-0.2343,0.8154,-6.02,6.61,0.44,22.06
50243,0.2594,-0.2036,0.7726,-5.02,7.01,-0.21,22.04
50253,0.1934,-0.1898,0.8434,-5.57,5.97,-0.35,22.04
50266,0.1071,-0.1832,0.8831,-5.34,9.37,-0.18,22.02
50276,0.1262,-0.1873,0.9407,-6.05,9.13,-0.35,22.06
50286,0.0719,-0.204,0.9763,-6.66,9.28,-0.03,22.07
50296,0.1826,-0.1962,0.845,-6.29,7.94,0.49,22.07
50306,0.1735,-0.2444,0.7966,-6.02,4.69,0.53,22.05
50316,0.0809,-0.22,0.896,-6.96,8.0,-0.43,22.05
50339,0.1671,-0.2908,0.813,-6.2,7.05,0.38,22.05
50349,0.0105,-0.1797,0.9219,-8.44,11.98,-0.52,22.03
50362,0.3098,-0.2531,0.6587,-5.5,1.85,0.89,22.05
50372,0.2677,-0.2073,0.8123,-3.5,2.5,-0.21,22.05
50382,-0.0238,-0.2698,1.0356,-4.56,9.73,0.14,22.06
50392,0.3577,-0.2195,0.8201,-5.21,2.52,0.21,22.05
50402,0.2849,-0.2808,0.7634,-6.56,-1.54,-0.11,22.05
50412,0.0461,-0.233,0.9515,-9.27,9.71,-0.35,22.04
50422,0.124,-0.2496,0.827,-8.6,10.53,-0.03,22.03
50433,0.026,-0.2327,0.9764,-5.77,16.29,-0.18,22.03
50443,0.0043,-0.1975,1.0725,-4.2,15.27,0.12,22.04
50453,0.2242,-0.2371,0.8407,-2.92,3.07,0.61,22.06
50466,0.0234,-0.2031,1.0769,-6.21,5.88,-0.29,22.04
50476,0.2185,-0.2124,0.8679,-7.85,6.93,-0.76,22.04
50486,0.1871,-0.2173,0.7931,-8.38,8.2,-0.41,22.07
50497,0.1757,-0.2493,0.8165,-8.81,7.69,0.37,22.05
50507,0.0922,-0.2013,0.9438,-6.2,12.93,-0.06,22.05
50517,0.1228,-0.2463,0.8573,-5.79,9.95,-0.46,22.04
50528,0.1615,-0.2051,0.8661,-3.83,7.31,-0.11,22.04
50538,0.0848,-0.2214,0.9227,-5.34,6.24,-0.58,22.05
50548,0.1774,-0.2346,0.8561,-5.97,11.59,-0.2,22.04
50559,0.1,-0.2123,0.975,-6.08,16.37,-0.24,22.06
50569,0.1274,-0.1766,0.9362,-7.86,12.82,0.31,22.07
50580,0.2239,-0.2581,0.7749,-7.69,8.89,0.34,22.08
50591,0.2186,-0.2513,0.7708,-6.21,7.74,-1.07,22.07
50601,0.3081,-0.2516,0.7266,-4.82,2.15,-0.49,22.06
50611,0.1714,-0.2048,0.8362,-4.44,7.4,0.08,22.05
50621,0.155,-0.2227,0.8726,-3.8,9.05,0.21,22.03
50631,-0.0477,-0.1771,1.1222,-5.21,15.36,-0.14,22.04
50641,0.1245,-0.2169,0.9451,-7.65,9.68,-0.27,22.04
50653,0.0321,-0.2471,0.9087,-7.94,7.36,-0.24,22.05
50664,0.0679,-0.2504,0.8457,-7.88,8.4,-0.23,22.06
50674,0.1462,-0.2344,0.7902,-5.97,14.14,-0.27,22.03
50686,0.0718,-0.1868,0.9808,-4.56,12.08,0.44,22.06
50696,0.0551,-0.2303,0.9822,-4.55,11.53,0.11,22.07
50708,0.3248,-0.1643,0.767,-6.27,2.7,0.35,22.06
50718,0.1016,-0.2101,0.9286,-7.27,0.17,-0.11,22.04
50728,0.4065,-0.2682,0.7201,-7.85,9.56,-0.92,22.06
50738,0.4799,-0.2665,0.5254,-7.3,-2.21,0.82,22.06
50748,-0.0936,-0.1863,0.9955,-6.23,14.82,0.2,22.06
50758,0.0177,-0.2,1.056,-4.47,17.13,-0.49,22.05
50769,0.0795,-0.2419,0.9734,-5.27,13.31,-0.47,22.06
50784,0.0544,-0.2031,0.9354,-5.51,8.23,-0.41,22.06
50794,0.1471,-0.2195,0.85,-7.86,4.09,-0.11,22.06
50807,0.2902,-0.2223,0.762,-7.86,6.17,0.72,22.06
50817,0.2408,-0.2578,0.7811,-7.54,5.89,0.35,22.05
50827,0.1611,-0.2306,0.7709,-5.5,5.42,0.31,22.05
50837,-0.01,-0.1969,1.0229,-4.4,10.73,-0.35,22.05
50847,0.4042,-0.1968,0.7529,-4.56,1.13,-0.31,22.06
50857,0.3054,-0.2546,0.7905,-5.21,-6.09,0.35,22.05
50867,-0.0516,-0.225,0.9452,-7.85,10.18,-0.11,22.05
50877,0.1227,-0.177,0.8834,-7.62,11.04,0.05,22.04
50888,0.1364,-0.2067,0.7871,-6.26,6.64,0.66,22.06
50899,-0.0951,-0.2185,1.0769,-6.15,14.56,-0.18,22.04
50909,0.1927,-0.1688,0.8229,-4.76,8.56,0.0,22.04
50919,0.2522,-0.1581,0.8743,-4.92,4.58,-0.4,22.04
50929,0.2549,-0.2114,0.843,-5.85,3.34,0.31,22.06
50940,0.2812,-0.2454,0.6982,-6.87,2.41,0.67,22.07
50950,0.136,-0.2242,0.8643,-7.65,9.18,0.08,22.06
50961,0.0607,-0.209,0.9757,-6.52,14.44,-0.17,22.04
50972,0.1621,-0.2145,0.9342,-6.15,6.49,0.27,22.07
50983,0.2679,-0.2922,0.7277,-4.85,4.61,0.44,22.06
50993,0.1134,-0.2714,0.8481,-5.15,8.73,-0.38,22.05
51003,0.1312,-0.2072,0.8947,-5.79,11.85,-0.95,22.07
51013,0.163,-0.2389,0.8522,-6.53,9.11,-0.11,22.05
51024,0.1409,-0.1746,0.975,-6.46,8.67,0.11,22.08
51034,0.1161,-0.2655,0.8895,-5.95,11.13,0.15,22.07
51047,0.2073,-0.2463,0.7308,-5.8,2.92,0.31,22.06
51060,0.0571,-0.2357,0.9642,-5.01,8.75,0.0,22.04
51070,0.2651,-0.2766,0.8256,-7.4,6.35,-0.35,22.04
51080,0.2821,-0.2548,0.7098,-6.99,2.44,0.27,22.05
51090,0.0223,-0.2128,0.9391,-6.46,13.56,-0.08,22.07
51100,0.2869,-0.2682,0.764,-6.24,2.69,0.26,22.06
51110,0.1191,-0.2736,0.8486,-5.89,8.11,0.17,22.05
51120,0.09,-0.2212,0.9282,-6.41,12.38,-0.46,22.07
51130,0.3993,-0.2516,0.6824,-6.34,4.61,-0.02,22.04
51141,0.093,-0.1711,0.9526,-7.47,12.63,-0.53,22.06
51154,0.202,-0.2324,0.7784,-6.35,11.31,-0.21,22.05
51167,0.2164,-0.2644,0.7761,-5.3,3.39,0.34,22.08
51179,0.296,-0.1788,0.7971,-6.47,0.64,0.26,22.06
51189,-0.1608,-0.1682,1.1377,-5.98,11.19,-0.24,22.06
51200,-0.1293,-0.1851,1.1361,-7.66,11.8,-0.61,22.04
51210,0.0804,-0.1838,1.0057,-8.96,11.79,-0.41,22.07
51220,0.2686,-0.2369,0.7136,-6.38,3.85,0.98,22.06
51230,0.0984,-0.2413,0.8855,-4.14,9.62,-0.17,22.07
51241,0.0505,-0.2186,0.9783,-5.18,9.44,-0.35,22.07
51253,0.0146,-0.1888,1.0654,-5.88,6.43,-0.15,22.06
51263,0.1311,-0.1782,0.9221,-7.3,6.73,0.2,22.07
51274,0.304,-0.3048,0.6678,-8.09,3.3,0.31,22.07
51284,0.2394,-0.2694,0.7228,-5.98,6.76,0.56,22.04
51302,0.239,-0.2139,0.8243,-6.14,6.7,0.56,22.06
51312,0.1609,-0.2408,0.808,-6.08,3.21,0.6,22.06
51323,0.0856,-0.2988,0.8854,-5.88,7.82,0.15,22.09
51333,0.3168,-0.2937,0.6859,-6.49,6.67,-0.35,22.05
51347,0.1195,-0.2076,0.9094,-7.13,7.8,-0.14,22.06
51363,-0.0017,-0.1683,1.0079,-5.85,11.28,-0.61,22.06
51376,0.3445,-0.233,0.6556,-4.99,3.76,0.32,22.05
51386,0.1697,-0.2361,0.8529,-6.18,3.31,0.34,22.06
51396,0.2245,-0.2678,0.7697,-5.79,4.06,-0.21,22.07
51409,0.0612,-0.2405,0.9176,-6.98,9.98,0.09,22.05
51419,0.1469,-0.2195,0.8575,-5.82,10.08,0.06,22.06
51431,0.0845,-0.1786,0.9393,-5.77,12.96,-0.44,22.07
51441,0.1418,-0.1874,0.9225,-6.11,8.58,0.18,22.04
51454,0.1852,-0.3003,0.7806,-5.07,5.53,0.18,22.06
51465,0.1207,-0.2039,0.9247,-6.93,8.34,-0.34,22.06
51475,0.2084,-0.2008,0.8447,-6.69,7.34,0.09,22.06
51485,0.139,-0.1957,0.8324,-5.18,6.37,0.12,22.08
51495,-0.0529,-0.191,1.0684,-6.15,15.73,-0.64,22.08
51505,0.0936,-0.1952,0.958,-6.12,13.83,-0.27,22.06
51515,0.1852,-0.194,0.9003,-6.08,7.53,0.37,22.06
51525,0.0928,-0.2487,0.864,-5.92,5.88,0.14,22.07
51535,0.0472,-0.2438,0.9327,-7.65,10.2,-0.58,22.06
51545,0.2458,-0.2252,0.7654,-7.42,3.85,0.24,22.04
51555,0.0944,-0.1899,0.9226,-7.04,8.5,-0.02,22.04
51565,0.2765,-0.2074,0.7487,-5.73,4.09,0.35,22.04
51577,0.0918,-0.1569,0.8838,-5.85,13.4,-0.9,22.05
51587,0.1469,-0.2083,0.8926,-5.92,7.34,-0.38,22.07
51599,0.1151,-0.2166,0.8907,-7.51,8.44,-0.66,22.04
51609,0.1904,-0.2194,0.8215,-7.18,7.57,-0.02,22.05
51620,0.1439,-0.2488,0.8295,-6.14,7.65,0.23,22.04
51630,0.0245,-0.2297,0.9462,-5.1,10.4,-0.17,22.07
51640,0.2878,-0.2324,0.7153,-5.53,4.75,0.0,22.08
51653,0.1145,-0.2257,0.9135,-5.74,8.44,-0.24,22.05
51663,0.3442,-0.2838,0.6979,-6.79,0.81,0.08,22.07
51675,0.1498,-0.1971,0.8658,-7.13,12.41,-0.53,22.06
51687,0.1449,-0.2081,0.8905,-6.08,9.22,-0.12,22.07
51700,0.1844,-0.235,0.8348,-5.36,6.6,0.31,22.09
51710,0.1312,-0.1711,0.8599,-5.19,8.23,-0.23,22.06
51722,0.2449,-0.2881,0.7268,-5.04,4.41,-0.2,22.06
51732,0.1504,-0.2366,0.8839,-7.01,9.45,-0.41,22.06
51742,0.3215,-0.3035,0.6471,-7.48,3.25,0.46,22.05
51756,0.239,-0.2551,0.7557,-6.26,9.01,0.34,22.06
51767,0.0995,-0.1874,0.9125,-5.6,11.79,-0.24,22.07
51777,0.225,-0.1919,0.8337,-5.05,8.47,-0.67,22.07
51790,0.1661,-0.2094,0.7982,-5.5,4.08,-0.08,22.05
51800,0.0922,-0.2518,0.8856,-7.89,5.68,0.06,22.04
51810,0.1617,-0.2788,0.7761,-8.69,9.07,0.08,22.06
51820,0.2537,-0.2485,0.7528,-5.68,0.93,1.02,22.07
51837,0.1774,-0.2382,0.8398,-5.21,2.4,0.53,22.06
51848,0.179,-0.2039,0.8925,-4.49,3.91,0.09,22.07
51858,-0.0818,-0.2365,1.0465,-4.49,13.62,-0.72,22.07
51868,0.085,-0.2068,0.972,-6.58,14.78,-0.38,22.08
51878,0.4498,-0.2905,0.551,-7.04,-0.35,0.85,22.05
51888,0.194,-0.2808,0.7101,-6.52,2.98,0.41,22.06
51898,0.0723,-0.2529,0.8712,-6.79,10.81,-0.43,22.03
51908,0.2024,-0.2329,0.7493,-6.75,7.39,-0.09,22.08
51918,0.2078,-0.2389,0.8125,-6.03,7.22,-0.06,22.04
51932,0.2218,-0.2751,0.8011,-5.57,6.85,0.27,22.04
51942,0.1986,-0.2289,0.7815,-6.9,7.82,0.12,22.09
51952,0.215,-0.2175,0.8151,-7.91,0.73,0.47,22.07
51963,0.3425,-0.2311,0.6666,-6.72,-2.47,0.69,22.07
51973,0.0385,-0.2197,0.9481,-5.97,7.62,-0.17,22.07
51983,0.0649,-0.2013,0.9928,-5.3,10.35,-0.4,22.05
51993,0.1368,-0.2065,0.921,-6.34,6.92,-0.35,22.09
52004,0.1201,-0.1929,0.9165,-6.98,7.86,-0.02,22.08
52015,0.1218,-0.2109,0.9193,-6.95,9.19,-0.35,22.06
52027,0.0874,-0.2152,0.9297,-6.98,9.56,-0.87,22.07
52037,0.0414,-0.1969,1.033,-7.04,12.15,-0.53,22.08
52047,0.1176,-0.2219,0.9263,-5.66,10.43,0.12,22.07
52057,0.2341,-0.2296,0.7489,-3.86,6.4,0.2,22.07
52067,0.1455,-0.2109,0.8982,-4.89,8.0,0.0,22.06
52077,0.1714,-0.2474,0.8193,-6.35,6.63,0.17,22.07
52087,0.1177,-0.2019,0.8799,-6.81,8.63,0.09,22.06
52097,0.1605,-0.1724,0.9028,-7.63,9.33,-0.81,22.09
52107,0.2072,-0.2548,0.8198,-6.85,6.72,0.08,22.05
52117,0.1543,-0.2615,0.8595,-5.59,8.4,0.29,22.07
52135,0.1371,-0.2534,0.8516,-3.66,8.29,0.64,22.06
52145,0.1346,-0.2186,0.9144,-4.85,9.37,0.14,22.05
52155,0.1849,-0.2329,0.8124,-5.79,6.37,0.08,22.07
52165,0.1976,-0.2047,0.8306,-7.24,7.66,-0.18,22.05
52175,0.2371,-0.1976,0.8352,-8.15,4.49,-0.17,22.05
52185,0.1249,-0.2279,0.8877,-7.4,5.11,0.12,22.08
52195,0.0258,-0.2493,0.9786,-7.02,11.42,-0.76,22.05
52205,0.0568,-0.2415,0.9114,-5.62,11.68,-0.05,22.07
52219,0.2124,-0.1995,0.8706,-5.91,8.27,-0.11,22.09
52229,0.3336,-0.1948,0.7572,-5.25,0.4,0.29,22.06
52239,-0.0142,-0.2273,0.9882,-5.98,7.54,0.4,22.05
52249,-0.0211,-0.1824,0.9888,-6.99,16.5,-0.31,22.05
52259,0.286,-0.2257,0.7317,-6.44,7.85,0.2,22.07
52269,0.3271,-0.2228,0.7285,-6.4,1.28,0.2,22.06
52280,0.1899,-0.2308,0.8408,-6.0,10.44,-0.46,22.08
52290,0.3413,-0.2169,0.7209,-5.57,3.57,-0.12,22.07
52300,-0.0386,-0.1886,1.0219,-6.34,14.79,-0.76,22.06
52314,-0.0107,-0.2247,0.9498,-5.24,13.39,-0.15,22.07
52324,0.2446,-0.1981,0.7667,-5.34,5.91,0.0,22.05
52334,0.2054,-0.2247,0.8844,-5.74,6.61,-0.17,22.05
52344,0.2006,-0.2122,0.8477,-7.02,4.24,0.26,22.08
52354,0.0936,-0.222,0.8408,-7.3,7.39,0.27,22.09
52365,0.0431,-0.217,0.9098,-6.27,10.76,-0.27,22.07
52375,0.1459,-0.1951,0.932,-6.46,10.92,-0.72,22.07
52385,0.219,-0.2432,0.842,-7.13,5.91,0.15,22.08
52395,0.1897,-0.2317,0.8147,-5.77,3.62,0.67,22.07
52405,0.1099,-0.197,0.87,-5.24,7.86,-0.29,22.06
52422,0.119,-0.2191,0.8759,-6.63,6.7,0.27,22.07
52432,0.213,-0.235,0.8395,-6.03,6.63,-0.03,22.06
52442,0.1392,-0.1949,0.901,-6.32,7.02,0.08,22.07
52452,0.0795,-0.2563,0.8828,-6.53,9.56,-0.21,22.08
52462,0.172,-0.2122,0.8513,-6.73,9.79,-0.41,22.07
52472,0.1616,-0.2159,0.8679,-6.46,9.83,-0.08,22.06
52482,0.223,-0.271,0.7833,-5.6,4.35,0.24,22.08
52492,0.0247,-0.2067,0.9242,-6.08,12.53,-0.32,22.06
52502,0.1603,-0.1953,0.8577,-5.88,12.47,-0.43,22.06
52512,0.233,-0.2037,0.8193,-6.75,6.37,-0.32,22.08
52530,0.1764,-0.2469,0.7566,-5.6,6.6,0.7,22.07
52540,0.1681,-0.1881,0.9027,-4.76,8.38,-0.47,22.07
52550,0.1427,-0.1846,0.9808,-5.98,8.92,-0.76,22.05
52560,0.1467,-0.2158,0.9222,-6.75,7.86,-0.02,22.08
52570,0.1824,-0.2084,0.8375,-6.81,6.29,0.35,22.07
52581,0.1755,-0.2434,0.8049,-6.31,6.61,0.5,22.05
52591,0.1509,-0.174,0.8713,-6.38,7.22,-0.2,22.07
52601,0.0197,-0.1729,1.0212,-7.15,10.7,-0.55,22.05
52611,0.1421,-0.2402,0.8956,-5.08,9.13,0.15,22.06
52621,0.1995,-0.2047,0.8394,-4.96,7.18,0.06,22.07
52631,0.1482,-0.1908,0.8683,-5.36,8.27,0.06,22.04
52651,0.176,-0.2355,0.8816,-6.82,8.12,-0.44,22.09
52661,0.1644,-0.2401,0.8639,-7.36,7.51,-0.03,22.1
52671,0.1459,-0.2307,0.8497,-6.53,9.05,-0.05,22.06
52681,0.2386,-0.2618,0.7716,-5.76,7.1,-0.34,22.07
52691,0.1514,-0.2089,0.8477,-6.14,7.83,0.06,22.08
52702,0.1862,-0.2271,0.8175,-6.31,5.94,0.06,22.09
52712,0.2378,-0.2323,0.7943,-6.37,4.75,0.15,22.07
52722,0.2268,-0.23,0.7773,-6.79,5.42,0.11,22.06
52732,0.1591,-0.2052,0.848,-6.81,9.19,-0.09,22.06
52742,0.1637,-0.1753,0.8948,-5.82,9.25,-0.35,22.07
52758,0.2715,-0.2529,0.714,-6.37,3.6,0.43,22.07
52768,0.0739,-0.2234,0.9247,-5.5,12.12,-0.73,22.06
52778,0.1837,-0.212,0.8563,-6.64,9.57,-0.41,22.05
52788,0.1865,-0.2178,0.8571,-6.5,6.76,0.23,22.08
52798,0.161,-0.2239,0.8617,-5.85,7.77,0.08,22.08
52809,0.1729,-0.1956,0.8678,-6.11,8.49,-0.18,22.07
52819,0.0858,-0.2196,0.9213,-5.68,10.17,0.18,22.07
52829,0.1892,-0.2046,0.8204,-6.06,9.51,0.09,22.09
52839,0.2909,-0.2352,0.775,-5.65,4.35,-0.08,22.07
52849,0.1329,-0.2233,0.9337,-6.5,6.58,-0.31,22.05
52859,0.0039,-0.1873,0.9968,-7.31,11.33,0.09,22.11
52869,0.1995,-0.2598,0.7914,-6.78,7.8,-0.05,22.07
52879,0.2264,-0.2214,0.7853,-6.17,5.63,0.09,22.07
52889,0.1244,-0.2262,0.9015,-6.12,8.46,-0.29,22.09
52902,0.0898,-0.2249,0.9348,-5.63,10.44,-0.47,22.08
52912,0.2085,-0.2322,0.8263,-5.89,4.63,0.38,22.05
52922,0.104,-0.1881,0.8988,-5.83,8.5,-0.09,22.06
52932,0.1123,-0.2255,0.9248,-6.82,9.39,-0.6,22.08
52942,0.1338,-0.209,0.8809,-7.18,7.59,0.11,22.08
52953,0.1616,-0.2224,0.8425,-6.61,7.54,0.21,22.06
52964,0.229,-0.2311,0.801,-5.94,6.58,0.15,22.08
52974,0.1938,-0.2411,0.8049,-5.47,7.11,0.18,22.09
52984,0.1461,-0.214,0.8893,-6.29,8.84,-0.29,22.08
52994,0.1353,-0.2264,0.8898,-5.98,7.4,-0.15,22.09
53004,0.1271,-0.2052,0.8804,-6.08,7.82,-0.05,22.08
53014,0.1677,-0.2277,0.8439,-6.24,7.4,0.09,22.06
53035,0.1187,-0.2054,0.8915,-6.02,8.79,0.11,22.09
53045,0.1709,-0.2177,0.8638,-6.15,7.53,-0.11,22.07
53055,0.1345,-0.1877,0.8596,-5.16,5.07,0.67,22.08
53065,0.1149,-0.176,0.8566,-5.4,6.05,-0.35,22.08
53075,0.0762,-0.1896,0.9591,-5.68,8.18,-0.49,22.07
53085,0.2676,-0.23,0.8264,-7.31,6.67,0.26,22.09
53095,0.2698,-0.2292,0.7838,-7.07,5.6,0.66,22.06
53105,0.241,-0.2325,0.7727,-6.12,3.31,0.24,22.07
53115,0.1,-0.2291,0.8921,-5.71,7.57,-0.44,22.08
53125,0.0693,-0.2081,0.9353,-5.76,10.26,-0.31,22.09
53135,0.1904,-0.2076,0.8535,-5.24,8.18,-0.03,22.08
53145,0.2089,-0.2205,0.8311,-5.92,6.55,0.32,22.1
53155,0.1414,-0.209,0.8806,-6.81,8.47,0.09,22.1
53165,0.1267,-0.2272,0.897,-6.92,9.16,-0.26,22.06
53178,0.1376,-0.2258,0.8839,-6.47,7.74,-0.32,22.08
53188,0.1742,-0.2222,0.8564,-6.27,7.1,-0.08,22.06
53198,0.1705,-0.2258,0.8551,-5.79,6.99,0.02,22.1
53208,0.1589,-0.2163,0.8647,-5.8,7.82,0.0,22.07
53218,0.1404,-0.2119,0.8733,-6.02,8.55,0.03,22.08
53228,0.1442,-0.2126,0.8827,-6.03,8.23,-0.08,22.09
53238,0.1552,-0.2111,0.8682,-6.27,7.44,-0.14,22.08
53248,0.1577,-0.2173,0.8617,-6.69,7.42,-0.09,22.09
53258,0.1482,-0.2136,0.8676,-6.69,8.23,-0.06,22.09
53268,0.1538,-0.2223,0.8625,-6.31,8.11,-0.06,22.09
53278,0.1553,-0.2244,0.8632,-6.05,7.71,-0.02,22.07
53289,0.1604,-0.2218,0.8682,-5.95,7.54,0.0,22.08
53299,0.1587,-0.2213,0.8625,-6.15,7.51,-0.05,22.09
53309,0.16,-0.219,0.8632,-6.31,7.8,-0.02,22.06
53319,0.1553,-0.2172,0.8673,-6.5,7.97,-0.14,22.08
53329,0.1528,-0.222,0.8666,-6.4,8.03,-0.09,22.08
53339,0.1517,-0.218,0.8575,-6.17,7.63,0.0,22.08
53359,0.1569,-0.2188,0.8685,-5.85,7.71,-0.08,22.09
53369,0.1548,-0.2162,0.8754,-5.97,7.69,0.03,22.08
53379,0.1548,-0.2195,0.8749,-6.21,7.8,0.0,22.09
53389,0.153,-0.2156,0.865,-6.27,7.77,-0.06,22.09
53399,0.1554,-0.2148,0.8643,-6.27,7.79,-0.09,22.08
53409,0.1565,-0.2161,0.8683,-6.21,7.71,-0.14,22.09
53419,0.1553,-0.2169,0.8672,-6.08,7.74,-0.06,22.09
53429,0.1488,-0.2173,0.8691,-6.18,7.88,-0.05,22.06
53439,0.1549,-0.2173,0.8688,-6.2,7.88,-0.08,22.08
53449,0.1602,-0.2175,0.8685,-6.17,7.8,-0.03,22.06
53459,0.1564,-0.2192,0.8669,-6.24,7.8,-0.06,22.09
53469,0.1504,-0.2178,0.866,-6.31,7.76,-0.02,22.09
53479,0.1576,-0.2217,0.8674,-6.4,7.62,-0.08,22.07
53489,0.1508,-0.2195,0.8687,-6.18,7.83,-0.02,22.07
53499,0.1472,-0.2164,0.8734,-6.03,7.89,0.0,22.08
53509,0.1516,-0.2158,0.8687,-6.05,7.95,0.0,22.06
53519,0.1544,-0.2148,0.8641,-6.32,7.74,-0.09,22.08
53529,0.1525,-0.2173,0.8667,-6.41,7.5,-0.11,22.08
53540,0.1552,-0.2151,0.8656,-6.46,7.66,-0.09,22.07
53551,0.1603,-0.2194,0.8602,-6.18,7.62,-0.03,22.06
53561,0.1539,-0.2194,0.8676,-6.09,7.94,-0.06,22.08
53571,0.1545,-0.219,0.8651,-6.05,7.91,0.03,22.05
53581,0.158,-0.2168,0.8644,-6.09,7.69,-0.06,22.06
53591,0.1553,-0.2153,0.8656,-6.18,7.63,-0.02,22.09
53601,0.1533,-0.2208,0.8682,-6.2,7.82,0.0,22.09
53611,0.1552,-0.2177,0.8708,-6.12,8.05,0.08,22.08
53621,0.1584,-0.218,0.8627,-6.24,8.11,-0.02,22.07
53631,0.1545,-0.2173,0.863,-6.06,7.77,-0.03,22.08
53641,0.1569,-0.219,0.8704,-6.08,7.53,-0.09,22.07
53651,0.1522,-0.2151,0.871,-6.14,7.8,-0.11,22.09
53661,0.1538,-0.2175,0.8716,-6.14,7.83,-0.09,22.07
53671,0.1572,-0.2191,0.8694,-6.2,7.74,-0.03,22.09
53681,0.1538,-0.2168,0.8705,-6.26,7.89,-0.02,22.07
53691,0.1539,-0.2169,0.8661,-6.2,7.66,-0.11,22.05
53701,0.1561,-0.2148,0.8668,-6.18,7.48,-0.15,22.08
53711,0.1566,-0.2144,0.8647,-6.14,7.37,-0.06,22.08
53721,0.1548,-0.2135,0.8658,-6.11,7.69,-0.03,22.08
53732,0.1519,-0.212,0.8646,-6.09,7.85,-0.08,22.07
53742,0.1542,-0.2119,0.8646,-6.24,7.85,-0.11,22.07
53752,0.1499,-0.2166,0.8661,-6.43,7.79,-0.06,22.09
53762,0.1464,-0.2181,0.8715,-6.46,7.74,-0.05,22.07
53772,0.1539,-0.2197,0.8678,-6.46,7.76,-0.15,22.07
53782,0.1584,-0.222,0.864,-6.31,7.79,-0.15,22.07
53792,0.1537,-0.2188,0.8604,-6.31,7.76,-0.05,22.08
53802,0.1476,-0.2247,0.864,-6.2,7.86,-0.05,22.06
53812,0.1514,-0.2244,0.8661,-6.23,7.94,-0.05,22.08
53822,0.1602,-0.2228,0.8663,-6.21,7.6,-0.06,22.07
53832,0.1627,-0.2241,0.8573,-6.37,7.5,-0.03,22.06
53842,0.1584,-0.2229,0.8602,-6.21,7.73,0.02,22.09
53852,0.151,-0.2214,0.8689,-6.08,8.02,-0.02,22.09
53862,0.1531,-0.223,0.8755,-6.0,8.03,0.05,22.08
53872,0.1504,-0.219,0.8724,-5.91,7.77,0.0,22.1
53882,0.1522,-0.2205,0.8724,-6.02,7.68,-0.09,22.09
53892,0.1548,-0.2164,0.8679,-6.2,7.39,-0.05,22.09
53902,0.156,-0.2162,0.8641,-6.27,7.69,-0.09,22.09
53912,0.1526,-0.2167,0.8693,-6.24,8.06,-0.02,22.07
53922,0.1517,-0.2203,0.8634,-6.06,7.91,-0.06,22.07
53932,0.1564,-0.2178,0.8716,-5.98,7.77,0.0,22.07
53942,0.1489,-0.2196,0.8763,-6.06,7.73,-0.08,22.09
53952,0.1527,-0.2135,0.8685,-6.09,7.71,-0.06,22.08
53962,0.1578,-0.2147,0.8719,-6.18,7.8,0.0,22.07
53972,0.152,-0.2152,0.871,-6.32,7.98,-0.06,22.11
53982,0.1567,-0.2153,0.8663,-6.31,7.88,-0.06,22.09
53992,0.1598,-0.2228,0.8652,-6.27,7.65,-0.02,22.09
54002,0.1515,-0.2233,0.8644,-6.23,7.77,-0.08,22.09
54012,0.1478,-0.2161,0.8678,-6.15,7.82,-0.09,22.08
54022,0.1549,-0.2196,0.8651,-6.09,7.8,-0.11,22.08
54032,0.1604,-0.2166,0.8649,-6.08,7.6,-0.08,22.07
54042,0.1583,-0.2175,0.8655,-6.14,7.59,-0.09,22.07
54052,0.1462,-0.2137,0.8698,-6.17,7.82,-0.14,22.08
54062,0.1472,-0.2155,0.87,-6.2,7.95,-0.06,22.07
54072,0.1511,-0.219,0.8708,-6.21,7.79,-0.02,22.09
54082,0.1554,-0.2152,0.8683,-6.26,7.79,0.0,22.08
54092,0.1565,-0.2195,0.8722,-6.15,7.8,-0.09,22.09
54102,0.1586,-0.2175,0.8669,-6.2,7.6,-0.09,22.08
54112,0.1552,-0.2203,0.8665,-6.2,7.66,-0.08,22.1
54122,0.1542,-0.2188,0.8658,-6.17,7.73,-0.09,22.09
54132,0.1615,-0.2181,0.86,-6.2,7.69,-0.11,22.1
54142,0.1632,-0.2167,0.8604,-6.18,7.63,0.09,22.08
54152,0.1577,-0.217,0.8682,-6.06,7.95,0.0,22.08
54163,0.1558,-0.2162,0.8661,-6.03,7.88,-0.02,22.07
54173,0.1469,-0.2169,0.8739,-6.17,8.0,-0.03,22.1
54183,0.1549,-0.2195,0.8716,-6.26,7.83,0.0,22.09
54193,0.1603,-0.215,0.8668,-6.34,7.69,-0.02,22.07
54203,0.1531,-0.2129,0.8738,-6.32,7.86,0.05,22.09
54213,0.1495,-0.2197,0.8733,-6.27,8.02,-0.03,22.09
54223,0.1564,-0.2192,0.8668,-6.27,7.69,0.03,22.09
54233,0.1567,-0.2201,0.8676,-6.32,7.57,-0.05,22.08
54243,0.1545,-0.2236,0.8665,-6.27,7.59,-0.03,22.09
54253,0.1521,-0.22,0.8641,-6.18,7.76,-0.06,22.1
54263,0.1592,-0.2174,0.8641,-6.11,7.79,-0.08,22.09
54273,0.1531,-0.2156,0.8629,-6.05,7.83,-0.02,22.09
54283,0.1537,-0.2118,0.8619,-5.94,7.89,0.02,22.1
54293,0.1489,-0.2153,0.8733,-6.0,7.98,-0.12,22.08
54303,0.147,-0.2158,0.8746,-6.17,7.88,-0.12,22.1
54313,0.1514,-0.2172,0.8723,-6.27,7.63,-0.14,22.11
54323,0.1569,-0.2163,0.8643,-6.44,7.44,-0.17,22.09
54333,0.1582,-0.2214,0.8578,-6.52,7.45,-0.17,22.09
54343,0.1575,-0.2264,0.8566,-6.31,7.66,-0.11,22.08
54353,0.1542,-0.2231,0.8622,-5.86,7.82,-0.08,22.1
54363,0.155,-0.2183,0.8662,-5.71,7.77,0.03,22.09
54373,0.1543,-0.2156,0.8712,-5.63,7.5,-0.02,22.11
54383,0.1542,-0.2104,0.8698,-5.97,7.45,-0.03,22.11
54393,0.1514,-0.2102,0.8773,-6.21,7.47,-0.12,22.11
54403,0.1587,-0.2118,0.8657,-6.44,7.74,-0.11,22.11
54413,0.1503,-0.2102,0.8717,-6.67,8.17,-0.03,22.1
54423,0.1543,-0.2124,0.8635,-6.49,8.09,-0.09,22.1
54433,0.1525,-0.2151,0.8646,-6.35,8.02,-0.06,22.06
54443,0.1508,-0.2153,0.8622,-6.08,7.95,0.02,22.08
54453,0.1494,-0.22,0.8718,-6.11,7.89,0.02,22.08
54463,0.1526,-0.2172,0.8772,-6.31,7.91,0.0,22.09
54473,0.1534,-0.2163,0.8719,-6.46,7.94,-0.05,22.08
54483,0.1537,-0.2247,0.8683,-6.55,7.79,-0.08,22.09
54493,0.1541,-0.2278,0.8612,-6.61,7.77,-0.08,22.09
54503,0.1514,-0.2289,0.859,-6.49,7.8,-0.08,22.09
54513,0.1499,-0.2288,0.8606,-6.11,7.77,-0.06,22.1
54523,0.1527,-0.2258,0.8661,-5.71,7.79,-0.02,22.09
54533,0.1488,-0.2222,0.8698,-5.57,7.51,-0.06,22.09
54543,0.1531,-0.2163,0.8722,-5.65,7.22,-0.08,22.1
54553,0.1581,-0.2137,0.8778,-5.79,7.25,-0.17,22.09
54563,0.1571,-0.2106,0.8728,-6.2,7.68,-0.18,22.09
54573,0.1599,-0.2097,0.8706,-6.23,7.82,0.08,22.09
54583,0.1604,-0.2095,0.863,-6.38,7.89,-0.02,22.1
54593,0.1469,-0.214,0.8536,-6.76,7.76,-0.12,22.07
54603,0.1459,-0.2122,0.8419,-7.05,7.31,-0.09,22.09
54613,0.1598,-0.2142,0.8372,-6.08,7.36,-0.06,22.11
54623,0.1625,-0.2103,0.8541,-4.69,7.83,0.08,22.1
54633,0.1669,-0.2167,0.8898,-3.95,8.32,0.12,22.1
54643,0.1688,-0.2194,0.9254,-4.75,8.49,0.17,22.1
54653,0.1572,-0.2166,0.9364,-6.44,8.14,0.03,22.08
54663,0.1549,-0.2189,0.9093,-8.21,7.79,-0.23,22.1
54673,0.1528,-0.2233,0.8593,-9.13,7.82,-0.17,22.09
54683,0.1476,-0.2186,0.8232,-8.53,7.95,-0.14,22.1
54693,0.1438,-0.2251,0.8134,-6.75,8.32,0.06,22.1
54703,0.1439,-0.2261,0.8197,-4.92,8.69,0.14,22.1
54713,0.1476,-0.2169,0.8478,-3.98,8.21,0.09,22.09
54723,0.1453,-0.2188,0.8728,-4.41,6.87,-0.09,22.09
54733,0.1462,-0.2155,0.8843,-5.65,6.27,-0.31,22.1
54743,0.1523,-0.2155,0.8826,-6.72,6.82,-0.4,22.1
54753,0.1602,-0.2186,0.8678,-7.04,7.74,-0.18,22.07
54763,0.1685,-0.2205,0.8597,-6.32,8.34,0.03,22.09
54773,0.1644,-0.2225,0.8735,-5.54,8.47,0.12,22.06
54783,0.1525,-0.2164,0.8857,-5.28,7.91,-0.02,22.09
54793,0.1543,-0.2125,0.8877,-5.76,7.21,-0.05,22.12
54803,0.1577,-0.2083,0.8818,-6.75,6.99,-0.15,22.1
54813,0.158,-0.2103,0.8658,-7.31,7.63,-0.18,22.09
54823,0.1578,-0.2159,0.8539,-7.11,8.53,-0.02,22.09
54833,0.1549,-0.2195,0.8556,-6.26,8.84,0.15,22.1
54843,0.1484,-0.2218,0.866,-5.53,8.18,0.17,22.09
54853,0.1447,-0.2177,0.8719,-5.54,7.34,0.05,22.09
54863,0.1466,-0.2146,0.8704,-6.2,7.13,-0.14,22.09
54873,0.1516,-0.2169,0.8629,-6.85,7.53,-0.05,22.1
54883,0.1464,-0.2156,0.8567,-6.82,8.47,-0.03,22.08
54893,0.1495,-0.2183,0.8583,-6.34,8.46,-0.02,22.08
54903,0.1428,-0.222,0.8699,-5.73,7.89,0.05,22.1
54913,0.1458,-0.2195,0.8766,-5.44,7.02,-0.18,22.1
54923,0.1544,-0.2189,0.8831,-5.62,6.75,-0.27,22.09
54933,0.1682,-0.2181,0.8765,-6.05,6.87,-0.23,22.08
54944,0.173,-0.2153,0.8698,-6.64,8.0,0.0,22.07
54954,0.1635,-0.2153,0.8669,-6.72,8.72,0.08,22.09
54964,0.1505,-0.214,0.8658,-6.43,8.66,0.11,22.08
54974,0.1481,-0.2133,0.8671,-6.15,7.89,-0.06,22.1
54984,0.1523,-0.2124,0.8658,-5.95,7.16,-0.06,22.1
54994,0.1578,-0.2155,0.8663,-6.2,7.13,-0.03,22.09
55004,0.1536,-0.2157,0.8699,-6.41,7.86,-0.08,22.1
55014,0.1492,-0.2186,0.8689,-6.78,8.43,0.08,22.08
55024,0.1495,-0.2161,0.8624,-6.53,8.09,-0.08,22.09
55034,0.153,-0.2197,0.8624,-6.26,7.63,-0.11,22.1
55044,0.1575,-0.2205,0.8698,-5.8,7.33,-0.18,22.1
55054,0.1627,-0.2235,0.8715,-5.94,7.56,-0.11,22.11
55064,0.162,-0.2253,0.8777,-6.26,8.11,0.05,22.09
55075,0.1536,-0.2291,0.8715,-6.6,8.34,-0.08,22.1
55085,0.146,-0.2283,0.8684,-6.6,7.95,0.05,22.11
55095,0.1549,-0.2219,0.866,-6.08,7.59,0.0,22.09
55105,0.1582,-0.2201,0.8615,-5.73,7.4,-0.06,22.08
55115,0.1509,-0.2095,0.8655,-5.68,7.5,0.02,22.08
55125,0.1498,-0.2107,0.8739,-6.09,7.76,-0.06,22.08
55135,0.152,-0.2147,0.8712,-6.46,8.09,-0.11,22.07
55145,0.155,-0.2142,0.8645,-6.55,8.2,-0.03,22.08
55155,0.1556,-0.2131,0.8625,-6.37,7.95,-0.09,22.1
55165,0.1478,-0.2169,0.8662,-6.27,7.79,-0.06,22.09
55175,0.1453,-0.2194,0.8662,-6.31,7.68,-0.09,22.09
55185,0.1541,-0.2231,0.8652,-6.34,7.62,-0.09,22.08
55195,0.1655,-0.2233,0.8635,-6.26,7.65,-0.02,22.1
55205,0.1556,-0.2192,0.8667,-6.08,7.89,0.0,22.08
55215,0.1514,-0.2216,0.8735,-6.08,7.95,0.02,22.09
55225,0.1561,-0.2206,0.8722,-6.05,7.79,-0.08,22.09
55235,0.158,-0.2168,0.8671,-6.24,7.51,-0.05,22.11
55245,0.1606,-0.2159,0.8673,-6.26,7.45,-0.03,22.12
55255,0.1555,-0.2184,0.8644,-6.29,7.77,-0.06,22.08
55265,0.1517,-0.2178,0.863,-6.37,8.15,-0.03,22.09
55275,0.1537,-0.219,0.8635,-6.26,8.14,-0.02,22.11
55285,0.1505,-0.2196,0.8657,-6.24,7.91,-0.06,22.1
55296,0.1497,-0.2194,0.8677,-6.14,7.51,-0.05,22.13
55306,0.1571,-0.2194,0.8673,-6.02,7.51,0.02,22.11
55316,0.1511,-0.2188,0.8723,-6.05,7.69,-0.06,22.12
55326,0.1519,-0.2205,0.8749,-6.12,7.92,0.05,22.09
55336,0.1594,-0.2196,0.8679,-6.2,7.92,0.06,22.12
55346,0.1582,-0.217,0.8645,-6.15,7.62,0.0,22.09
55356,0.1489,-0.2188,0.8673,-6.06,7.5,0.06,22.09
55366,0.1466,-0.2156,0.8782,-6.06,7.74,-0.02,22.11
55376,0.151,-0.2145,0.8737,-6.17,7.97,-0.08,22.09
55386,0.1567,-0.2137,0.8676,-6.4,7.66,-0.06,22.08
55396,0.1544,-0.215,0.8622,-6.64,7.51,-0.09,22.12
55406,0.1489,-0.2173,0.8624,-6.61,7.89,-0.08,22.11
55416,0.1512,-0.2183,0.8641,-6.21,7.88,0.0,22.11
55426,0.1528,-0.2198,0.8656,-6.2,7.68,-0.05,22.11
55436,0.1519,-0.2162,0.869,-6.09,7.79,0.0,22.11
55446,0.1576,-0.2184,0.8672,-6.17,7.6,-0.08,22.1
55456,0.1602,-0.2173,0.8639,-6.21,7.59,-0.11,22.11
55466,0.1595,-0.2213,0.8651,-6.2,7.57,0.0,22.09
55476,0.1592,-0.2195,0.8683,-6.05,7.69,-0.05,22.1
55486,0.158,-0.2201,0.8693,-6.08,7.88,-0.05,22.11
55496,0.1531,-0.2198,0.8722,-6.09,7.88,-0.09,22.1
55506,0.1554,-0.2188,0.8763,-6.34,7.85,-0.02,22.1
55516,0.1553,-0.2157,0.8663,-6.32,7.88,-0.05,22.11
55526,0.1522,-0.2139,0.8625,-6.32,7.85,0.0,22.1
55536,0.1554,-0.2179,0.8619,-6.35,7.79,-0.09,22.11
55546,0.1571,-0.2181,0.8641,-6.2,7.86,-0.06,22.11
55556,0.1522,-0.2174,0.8622,-6.12,7.94,0.02,22.12
55566,0.1537,-0.2167,0.8623,-6.03,7.63,-0.05,22.1
55576,0.1528,-0.2157,0.8665,-6.09,7.54,-0.09,22.12
55586,0.1566,-0.2122,0.8669,-6.05,7.6,-0.08,22.09
55596,0.1588,-0.2152,0.8666,-6.06,7.71,-0.12,22.1
55606,0.1584,-0.2185,0.871,-6.21,7.91,-0.08,22.1
55616,0.1533,-0.2208,0.8755,-6.4,8.14,-0.05,22.09
55626,0.1526,-0.2242,0.8694,-6.47,7.89,-0.09,22.11
55636,0.1549,-0.2241,0.8663,-6.29,7.66,-0.12,22.11
55646,0.156,-0.223,0.8617,-6.15,7.69,0.0,22.11
55656,0.1523,-0.2173,0.8689,-5.88,7.76,0.0,22.12
55666,0.1549,-0.2148,0.8665,-6.0,7.82,0.0,22.1
55676,0.1566,-0.2151,0.864,-6.17,7.86,-0.08,22.1
55686,0.1552,-0.2174,0.8706,-6.44,7.77,-0.03,22.1
55696,0.1544,-0.2185,0.863,-6.52,7.53,-0.17,22.11
55706,0.1472,-0.219,0.8647,-6.26,7.73,-0.11,22.11
55716,0.145,-0.2201,0.8718,-6.11,8.08,-0.06,22.11
55726,0.1538,-0.219,0.8717,-6.06,8.11,-0.05,22.11
55736,0.1576,-0.2185,0.8676,-6.06,7.76,-0.08,22.1
55746,0.1533,-0.2158,0.8656,-6.08,7.33,-0.06,22.11
55756,0.152,-0.2163,0.8706,-6.15,7.45,-0.17,22.09
55766,0.1567,-0.2131,0.868,-6.27,7.62,-0.12,22.1
55776,0.1592,-0.2172,0.8578,-6.27,7.62,-0.06,22.09
55786,0.1538,-0.2137,0.8641,-6.12,7.91,-0.08,22.11
55796,0.1508,-0.2168,0.8687,-6.21,8.08,-0.02,22.1
55806,0.1553,-0.2181,0.866,-6.24,7.71,-0.14,22.11
55816,0.161,-0.219,0.8649,-6.4,7.68,-0.08,22.09
55826,0.1615,-0.2183,0.8661,-6.41,7.79,-0.17,22.1
55836,0.1569,-0.2212,0.8688,-6.17,8.03,-0.14,22.12
55846,0.158,-0.2223,0.8673,-5.98,7.94,-0.05,22.13
55857,0.1475,-0.2201,0.8756,-5.88,7.77,-0.06,22.12
55867,0.1533,-0.2197,0.8721,-6.02,7.59,-0.03,22.1
55877,0.1565,-0.2158,0.8695,-6.14,7.56,-0.06,22.1
55887,0.157,-0.2179,0.8713,-6.23,7.79,-0.03,22.11
55897,0.153,-0.2145,0.8676,-6.2,8.06,-0.02,22.12
55907,0.1514,-0.2147,0.8716,-6.11,8.09,-0.02,22.1
55917,0.1473,-0.2194,0.8732,-6.14,7.91,-0.08,22.12
55927,0.1466,-0.2175,0.8719,-6.2,7.59,-0.15,22.12
55937,0.1519,-0.2155,0.8661,-6.26,7.59,-0.11,22.09
55947,0.1541,-0.2163,0.8677,-6.38,7.74,-0.05,22.11
55957,0.1562,-0.2188,0.8644,-6.34,7.77,0.0,22.11
55967,0.1527,-0.2208,0.8647,-6.18,7.88,0.0,22.08
55977,0.1543,-0.2228,0.8712,-5.97,7.83,-0.08,22.11
55987,0.1537,-0.2206,0.8733,-5.92,7.85,-0.11,22.14
55997,0.1595,-0.2191,0.8708,-6.08,7.57,-0.12,22.1
56007,0.1636,-0.2205,0.8704,-6.23,7.36,-0.11,22.13
56017,0.155,-0.2174,0.8723,-6.4,7.57,-0.12,22.08
56027,0.1504,-0.2189,0.8732,-6.34,8.05,-0.11,22.11
56037,0.1538,-0.217,0.865,-6.21,7.98,-0.14,22.11
56047,0.1511,-0.2122,0.8628,-5.94,7.76,-0.06,22.09
56057,0.1567,-0.2119,0.8606,-6.05,7.54,-0.06,22.09
56067,0.1537,-0.2123,0.8669,-6.17,7.65,-0.08,22.12
56077,0.1549,-0.2123,0.863,-6.41,7.8,-0.08,22.11
56087,0.1519,-0.2164,0.8679,-6.6,7.91,-0.14,22.11
56097,0.1548,-0.2172,0.8591,-6.58,7.86,-0.11,22.11
56107,0.1538,-0.2185,0.8613,-6.29,7.86,-0.03,22.11
56117,0.1543,-0.2214,0.8593,-6.02,7.91,-0.05,22.09
56127,0.1586,-0.2205,0.8629,-6.0,7.85,0.0,22.09
56137,0.1586,-0.2216,0.8698,-6.05,7.74,0.03,22.12
56147,0.1506,-0.218,0.8761,-6.27,7.8,-0.14,22.1
56157,0.1488,-0.2201,0.8721,-6.29,7.8,-0.03,22.11
56167,0.1539,-0.2203,0.8684,-6.24,7.82,-0.09,22.1
56177,0.1541,-0.2191,0.8677,-6.11,7.8,-0.15,22.12
56187,0.1473,-0.2195,0.8689,-6.21,7.69,-0.03,22.13
56197,0.1493,-0.2194,0.8645,-6.11,7.82,-0.03,22.11
56207,0.1534,-0.2195,0.8704,-6.14,7.85,-0.08,22.11
56217,0.1553,-0.2213,0.8698,-6.0,7.73,0.03,22.12
56227,0.1576,-0.2157,0.8666,-6.05,7.62,-0.08,22.13
56237,0.1555,-0.2162,0.8658,-6.26,7.69,-0.08,22.13
56247,0.1562,-0.223,0.8673,-6.27,7.62,-0.14,22.11
56257,0.1562,-0.2183,0.8665,-6.29,7.6,-0.06,22.12
56267,0.1573,-0.2186,0.8644,-6.2,7.57,-0.05,22.11
56277,0.1544,-0.2177,0.8676,-6.17,7.82,0.0,22.1
56287,0.1499,-0.2169,0.8696,-6.08,8.05,-0.08,22.11
56297,0.1567,-0.2172,0.8652,-6.06,7.86,-0.02,22.12
56307,0.1615,-0.2178,0.8683,-6.21,7.54,-0.03,22.13
56317,0.1575,-0.2168,0.8672,-6.27,7.42,-0.09,22.11
56327,0.1595,-0.2197,0.8567,-6.35,7.34,-0.12,22.12
56337,0.1581,-0.2208,0.8608,-6.47,7.63,-0.11,22.12
56347,0.1533,-0.2186,0.8679,-6.24,8.15,-0.02,22.11
56357,0.1559,-0.2198,0.8673,-6.18,8.2,-0.02,22.14
56367,0.1542,-0.2198,0.8597,-6.14,7.77,-0.09,22.12
56377,0.1555,-0.2189,0.8622,-6.09,7.48,-0.06,22.11
56387,0.1538,-0.2152,0.8663,-6.2,7.51,-0.14,22.12
56397,0.1494,-0.2183,0.8682,-6.24,7.8,-0.09,22.12
56407,0.1534,-0.2201,0.8707,-6.26,8.05,0.08,22.11
56417,0.1521,-0.218,0.8647,-6.2,7.91,0.02,22.11
56427,0.1578,-0.2189,0.865,-6.08,7.6,-0.11,22.1
56437,0.1528,-0.2218,0.8728,-6.18,7.54,-0.11,22.12
56447,0.1492,-0.2188,0.875,-6.18,7.76,-0.03,22.13
56457,0.1584,-0.2198,0.8652,-6.21,7.92,0.02,22.1
56467,0.1588,-0.2192,0.8649,-6.23,7.92,0.03,22.1
56477,0.1522,-0.2167,0.8712,-6.18,7.92,0.06,22.09
56487,0.1516,-0.2189,0.8728,-6.12,7.85,0.02,22.12
56497,0.1504,-0.2207,0.8708,-6.17,7.63,-0.17,22.12
56507,0.1521,-0.2174,0.8723,-6.09,7.71,-0.03,22.13
56517,0.1559,-0.2172,0.8682,-6.27,7.74,-0.05,22.11
56527,0.1508,-0.2191,0.8667,-6.27,7.94,0.02,22.1
56537,0.1553,-0.2183,0.8672,-6.26,7.8,0.0,22.12
56547,0.1527,-0.2198,0.8693,-6.08,7.63,-0.11,22.13
56557,0.1501,-0.2164,0.8702,-6.05,7.65,-0.15,22.1
56567,0.1527,-0.2161,0.8724,-6.24,7.77,-0.17,22.13
56577,0.1583,-0.2159,0.8658,-6.24,7.65,-0.15,22.11
56587,0.1631,-0.2145,0.8586,-6.21,7.66,-0.03,22.12
56597,0.1555,-0.217,0.8657,-6.12,7.82,-0.05,22.09
56607,0.1548,-0.2134,0.8687,-6.11,7.92,-0.08,22.11
56617,0.1578,-0.2173,0.8671,-6.02,7.73,-0.08,22.11
56627,0.1582,-0.2147,0.8663,-6.17,7.53,-0.05,22.1
56637,0.1545,-0.2181,0.8654,-6.27,7.63,-0.06,22.12
56647,0.1525,-0.2192,0.8679,-6.4,7.86,-0.06,22.09
56657,0.1522,-0.2174,0.8622,-6.47,8.03,-0.05,22.11
56667,0.1544,-0.2207,0.8571,-6.18,7.86,0.03,22.12
56677,0.1541,-0.2213,0.8633,-6.09,7.85,0.05,22.09
56687,0.1515,-0.2172,0.8617,-6.11,7.56,0.02,22.13
56697,0.1511,-0.2172,0.8698,-6.26,7.62,-0.08,22.11
56707,0.1544,-0.2163,0.8676,-6.26,7.73,-0.02,22.11
56717,0.1499,-0.2153,0.8687,-6.34,7.95,-0.08,22.11
56727,0.1553,-0.2194,0.8641,-6.26,7.95,-0.03,22.15
56737,0.155,-0.2205,0.8658,-6.2,7.77,-0.06,22.1
56747,0.151,-0.2198,0.864,-6.17,7.83,-0.06,22.1
56757,0.1561,-0.2209,0.8695,-6.21,7.6,-0.06,22.11
56767,0.1543,-0.2183,0.8625,-6.26,7.6,-0.05,22.14
56777,0.1539,-0.2183,0.8649,-6.23,7.76,-0.12,22.13
56787,0.1559,-0.219,0.8687,-6.24,8.0,-0.08,22.11
56797,0.1576,-0.2202,0.87,-6.11,7.92,-0.06,22.14
56807,0.1561,-0.2203,0.8695,-5.97,7.77,0.06,22.13
56817,0.1562,-0.2179,0.8706,-6.0,7.65,-0.05,22.12
56827,0.1503,-0.2169,0.8671,-6.21,7.51,-0.09,22.1
56837,0.1545,-0.2179,0.8668,-6.31,7.62,-0.09,22.12
56847,0.1539,-0.2177,0.8687,-6.34,7.83,-0.06,22.11
56857,0.1537,-0.2147,0.8641,-6.26,7.88,-0.11,22.14
56867,0.1586,-0.2183,0.8649,-6.14,7.63,-0.02,22.13
56877,0.1572,-0.2162,0.8658,-6.02,7.33,-0.14,22.12
56887,0.1567,-0.2192,0.8673,-6.18,7.47,-0.09,22.14
56897,0.1499,-0.2163,0.8717,-6.21,7.83,-0.17,22.12
56907,0.1542,-0.2151,0.8717,-6.37,7.88,-0.17,22.14
56917,0.162,-0.2172,0.8638,-6.35,7.68,-0.06,22.13
56927,0.1631,-0.2201,0.8578,-6.29,7.54,-0.09,22.12
56937,0.158,-0.2186,0.8622,-6.2,7.47,-0.06,22.14
56947,0.1517,-0.2164,0.8662,-6.03,7.54,-0.09,22.14
56957,0.1481,-0.2198,0.8749,-6.18,7.95,-0.11,22.15
56967,0.152,-0.2197,0.875,-6.26,8.09,-0.08,22.14
56977,0.1558,-0.2227,0.8663,-6.41,7.98,0.0,22.14
56987,0.1526,-0.223,0.8635,-6.52,7.77,0.03,22.1
56997,0.1472,-0.2236,0.8666,-6.31,7.74,-0.05,22.11
57007,0.1494,-0.2189,0.8652,-6.12,7.69,-0.06,22.12
57017,0.1567,-0.2197,0.8683,-5.85,7.73,0.02,22.12
57027,0.1544,-0.2208,0.8694,-5.85,7.92,0.06,22.14
57037,0.1519,-0.2203,0.8781,-5.85,8.23,0.08,22.13
57047,0.1478,-0.2169,0.88,-6.08,8.23,0.05,22.12
57057,0.1505,-0.218,0.8704,-6.27,7.77,0.03,22.12
57067,0.158,-0.2192,0.8629,-6.35,7.42,0.05,22.11
57077,0.152,-0.2175,0.8643,-6.29,7.63,-0.02,22.11
57087,0.1511,-0.218,0.8716,-6.09,7.98,-0.03,22.14
57097,0.155,-0.2189,0.8689,-5.83,7.97,0.08,22.13
57107,0.1542,-0.2124,0.8729,-5.91,7.85,0.06,22.12
57117,0.1538,-0.2142,0.8706,-6.2,7.76,0.0,22.13
57127,0.1534,-0.2126,0.8693,-6.38,7.69,-0.08,22.12
57137,0.1562,-0.219,0.8652,-6.41,7.79,-0.17,22.12
57147,0.1622,-0.2163,0.8607,-6.26,7.8,-0.12,22.12
57157,0.1573,-0.2195,0.8647,-6.09,7.86,-0.03,22.13
57167,0.1566,-0.2202,0.8661,-5.98,7.95,0.0,22.1
57177,0.1577,-0.219,0.8679,-5.98,7.74,-0.05,22.13
57187,0.1635,-0.2152,0.8638,-6.06,7.37,-0.05,22.11
57197,0.1587,-0.2139,0.8691,-6.27,7.51,-0.03,22.14
57207,0.157,-0.2158,0.868,-6.43,7.88,-0.11,22.11
57217,0.158,-0.2134,0.8641,-6.29,8.09,-0.08,22.13
57227,0.1589,-0.2166,0.8658,-6.2,7.86,0.05,22.09
57237,0.1543,-0.2144,0.8721,-6.17,7.8,-0.03,22.11
57247,0.1509,-0.214,0.871,-6.29,7.65,-0.09,22.1
57257,0.1495,-0.2212,0.8704,-6.34,7.63,-0.11,22.12
57267,0.156,-0.2201,0.8612,-6.56,7.69,-0.09,22.12
57277,0.1556,-0.2189,0.8616,-6.46,7.94,-0.06,22.14
57287,0.1541,-0.2211,0.8621,-6.32,8.02,0.02,22.12
57297,0.155,-0.2206,0.8619,-6.12,7.76,-0.06,22.11
57307,0.1512,-0.2202,0.8688,-6.06,7.59,-0.02,22.13
57317,0.1488,-0.2158,0.8733,-6.12,7.62,-0.14,22.12
57327,0.1515,-0.2197,0.8739,-6.29,7.69,-0.15,22.13
57337,0.1525,-0.2218,0.8711,-6.5,7.88,0.03,22.09
57347,0.1559,-0.2223,0.8655,-6.43,8.05,-0.09,22.12
57357,0.1581,-0.2208,0.8658,-6.18,7.85,-0.08,22.13
57367,0.1565,-0.2223,0.8705,-6.08,7.62,-0.09,22.12
57377,0.1542,-0.2244,0.8695,-5.97,7.54,-0.03,22.12
57388,0.1604,-0.2218,0.8771,-6.15,7.66,-0.03,22.14
57398,0.1505,-0.2236,0.8746,-6.24,7.97,-0.02,22.11
57408,0.1533,-0.2222,0.8721,-6.34,7.89,0.02,22.13
57418,0.1582,-0.2192,0.8689,-6.12,7.77,-0.05,22.16
57428,0.1566,-0.2194,0.8672,-6.05,7.63,-0.05,22.14
57438,0.1508,-0.217,0.8662,-5.97,7.48,0.0,22.13
57448,0.1503,-0.2139,0.8751,-6.11,7.65,-0.05,22.12
57459,0.1576,-0.2112,0.8633,-6.24,7.51,-0.11,22.11
57469,0.1521,-0.2091,0.863,-6.4,7.77,-0.08,22.09
57479,0.1571,-0.214,0.8636,-6.32,7.85,-0.12,22.13
57489,0.1545,-0.2164,0.8677,-6.4,7.68,-0.06,22.11
57499,0.152,-0.2272,0.8698,-6.5,7.73,-0.11,22.13
57509,0.1556,-0.2252,0.8551,-6.78,7.5,-0.14,22.13
57519,0.1593,-0.2286,0.8546,-6.47,7.4,-0.09,22.13
57529,0.1622,-0.2224,0.8591,-5.69,7.86,0.08,22.13
57539,0.1514,-0.2108,0.8713,-5.3,8.5,0.23,22.13
57549,0.1477,-0.2078,0.8826,-5.4,8.32,0.11,22.12
57559,0.1415,-0.2078,0.8894,-6.06,7.73,0.02,22.12
57569,0.1481,-0.2059,0.8802,-6.7,7.05,-0.2,22.11
57579,0.1586,-0.2134,0.864,-7.19,7.11,-0.29,22.11
57590,0.1642,-0.2128,0.8512,-6.96,8.15,-0.11,22.14
57600,0.16,-0.2174,0.8508,-6.41,8.63,0.14,22.12
57610,0.1542,-0.2263,0.8656,-5.85,8.63,0.09,22.14
57620,0.1488,-0.2245,0.8671,-5.77,7.95,-0.05,22.15
57630,0.1531,-0.2234,0.8744,-6.06,7.13,-0.12,22.12
57640,0.1633,-0.225,0.8643,-6.37,6.99,-0.17,22.14
57650,0.1663,-0.2234,0.8563,-6.56,7.39,-0.21,22.12
57660,0.1636,-0.2225,0.8536,-6.29,8.02,0.06,22.12
57670,0.1436,-0.2229,0.8722,-5.91,8.38,0.08,22.12
57680,0.1395,-0.2181,0.879,-5.73,8.17,-0.11,22.11
57690,0.1498,-0.2164,0.8813,-5.74,7.24,-0.12,22.13
57700,0.1619,-0.2126,0.8748,-6.29,6.93,-0.12,22.11
57710,0.156,-0.2163,0.871,-6.73,7.54,-0.11,22.14
57720,0.1636,-0.2186,0.8654,-6.82,8.26,0.02,22.12
57730,0.1487,-0.2195,0.8656,-6.61,8.67,-0.02,22.12
57740,0.1484,-0.2269,0.8668,-6.18,8.06,0.0,22.11
57750,0.152,-0.2216,0.8635,-5.76,7.21,-0.03,22.12
57760,0.1521,-0.2194,0.871,-5.65,7.15,-0.09,22.12
57770,0.1509,-0.2166,0.8744,-5.94,7.79,-0.02,22.12
57781,0.1515,-0.2155,0.8748,-6.11,8.32,0.05,22.13
57791,0.1483,-0.2123,0.869,-6.35,8.37,0.05,22.12
57801,0.1493,-0.2135,0.8721,-6.37,7.79,0.0,22.12
57811,0.1458,-0.2136,0.8695,-6.2,7.36,-0.18,22.13
57821,0.1542,-0.219,0.864,-6.11,7.28,-0.15,22.15
57831,0.1626,-0.2172,0.8585,-6.18,7.57,-0.15,22.14
57841,0.1621,-0.222,0.8651,-6.32,8.08,0.03,22.13
57851,0.1511,-0.2196,0.8654,-6.34,8.32,0.05,22.12
57861,0.1503,-0.2207,0.865,-6.34,8.03,-0.09,22.14
57871,0.1592,-0.2214,0.8622,-6.12,7.42,-0.06,22.16
57881,0.1632,-0.2212,0.8622,-6.02,7.19,-0.05,22.12
57891,0.1533,-0.2224,0.8695,-5.98,7.76,0.0,22.13
57901,0.1499,-0.2186,0.8728,-6.03,8.31,0.05,22.12
57911,0.1542,-0.2192,0.8719,-6.18,8.23,0.03,22.14
57921,0.1497,-0.2246,0.8738,-6.31,7.73,-0.03,22.13
57931,0.1489,-0.2224,0.8682,-6.32,7.34,-0.09,22.12
57941,0.1549,-0.2238,0.8687,-6.24,7.57,-0.12,22.13
57951,0.1531,-0.2223,0.8638,-6.06,7.76,-0.03,22.12
57961,0.1594,-0.2212,0.8651,-5.92,7.88,0.06,22.12
57971,0.1553,-0.2169,0.8669,-5.88,7.86,0.03,22.12
57981,0.1494,-0.2166,0.8706,-5.94,7.59,-0.05,22.14
57991,0.1492,-0.2189,0.8717,-6.12,7.42,-0.12,22.14
58001,0.1506,-0.2124,0.8694,-6.32,7.47,-0.09,22.12
58011,0.1566,-0.2137,0.8624,-6.32,7.73,-0.06,22.14
58021,0.1637,-0.2148,0.8556,-6.26,7.85,-0.03,22.15
58031,0.1549,-0.2172,0.8658,-6.09,7.97,-0.03,22.14
58041,0.1526,-0.2147,0.8713,-6.03,7.8,-0.06,22.16
58051,0.1532,-0.2158,0.8699,-6.12,7.62,-0.08,22.12
58061,0.1544,-0.2202,0.8693,-6.32,7.53,-0.14,22.16
58071,0.1561,-0.2194,0.8629,-6.44,7.63,-0.08,22.14
58081,0.1562,-0.22,0.8606,-6.37,7.79,0.0,22.14
58091,0.1536,-0.2164,0.8649,-6.0,8.14,0.05,22.12
58101,0.1519,-0.2141,0.8726,-5.71,7.91,0.03,22.14
58111,0.15,-0.2084,0.8726,-5.68,7.6,-0.03,22.14
58121,0.1466,-0.2063,0.8788,-6.0,7.44,-0.14,22.14
58131,0.1514,-0.2092,0.8778,-6.55,7.48,-0.12,22.17
58141,0.1561,-0.2124,0.8673,-6.81,7.65,-0.12,22.14
58151,0.1531,-0.2185,0.8607,-6.87,7.89,-0.06,22.15
58161,0.1509,-0.2211,0.8627,-6.5,8.21,-0.05,22.14
58171,0.157,-0.2242,0.8656,-6.18,8.11,-0.15,22.12
58181,0.1595,-0.2261,0.8649,-6.0,7.63,-0.15,22.13
58191,0.1611,-0.2242,0.8693,-6.06,7.45,-0.08,22.14
58201,0.1604,-0.2227,0.87,-6.12,7.62,-0.12,22.13
58211,0.15,-0.222,0.8663,-6.29,7.76,-0.14,22.15
58221,0.1571,-0.2219,0.8638,-6.34,7.68,-0.03,22.16
58231,0.1561,-0.2229,0.869,-6.24,7.86,-0.09,22.13
58241,0.1533,-0.224,0.8661,-6.06,7.73,-0.06,22.15
58251,0.1493,-0.2189,0.8689,-5.92,7.82,-0.05,22.12
58261,0.1575,-0.2174,0.8726,-6.03,7.77,-0.08,22.16
58271,0.1519,-0.2139,0.87,-6.24,7.66,-0.12,22.15
58281,0.1498,-0.2139,0.8729,-6.27,7.73,-0.02,22.14
58291,0.1537,-0.2142,0.8687,-6.26,7.85,-0.08,22.13
58301,0.1505,-0.2146,0.8684,-6.26,7.79,-0.23,22.13
58311,0.1576,-0.2137,0.8636,-6.18,7.57,-0.11,22.14
58321,0.16,-0.2172,0.866,-6.18,7.74,-0.08,22.15
58331,0.1515,-0.2183,0.8674,-6.27,8.05,-0.12,22.14
58341,0.1544,-0.2216,0.8646,-6.32,8.12,-0.08,22.14
58351,0.1572,-0.2217,0.8644,-6.26,7.97,-0.02,22.12
58361,0.1572,-0.2216,0.868,-6.26,7.66,-0.02,22.12
58371,0.1519,-0.2196,0.8683,-6.21,7.59,-0.06,22.15
58381,0.1508,-0.2209,0.8704,-6.11,7.88,-0.02,22.15
58391,0.1493,-0.219,0.8671,-6.12,7.89,-0.12,22.14
58401,0.1564,-0.2203,0.8694,-6.14,7.73,-0.05,22.13
58411,0.1602,-0.2219,0.864,-6.2,7.57,-0.05,22.17
58421,0.1511,-0.2186,0.8716,-6.27,7.69,-0.08,22.15
58431,0.1493,-0.2203,0.8674,-6.24,7.74,0.0,22.15
58441,0.1526,-0.2212,0.8628,-6.26,7.8,-0.08,22.15
58451,0.1541,-0.2158,0.8579,-6.27,7.85,-0.03,22.15
58461,0.1525,-0.2185,0.8597,-6.05,7.77,0.0,22.17
58471,0.1515,-0.2178,0.8685,-5.88,7.79,-0.03,22.16
58481,0.1523,-0.2161,0.8727,-5.86,7.77,-0.03,22.15
58491,0.1584,-0.2169,0.8744,-6.02,7.77,0.02,22.15
58501,0.1614,-0.2174,0.8745,-6.09,7.73,-0.03,22.13
58511,0.1545,-0.2135,0.8676,-6.26,7.83,-0.03,22.14
58521,0.158,-0.2174,0.8665,-6.43,7.83,-0.09,22.14
58531,0.1567,-0.2189,0.8662,-6.37,7.8,-0.08,22.14
58541,0.1564,-0.2186,0.8619,-6.24,7.91,-0.11,22.16
58551,0.1584,-0.2184,0.8701,-5.98,7.98,-0.02,22.14
58561,0.1539,-0.2196,0.8649,-6.03,7.73,-0.02,22.13
58571,0.1538,-0.218,0.8639,-6.17,7.65,-0.06,22.17
58581,0.1566,-0.2201,0.8701,-6.35,7.68,-0.03,22.15
58591,0.1504,-0.2206,0.8677,-6.21,7.86,0.0,22.16
58601,0.1532,-0.22,0.8674,-6.14,7.95,0.0,22.15
58611,0.1537,-0.2185,0.8656,-5.88,7.88,-0.09,22.14
58621,0.1499,-0.2129,0.8689,-5.79,7.71,0.0,22.14
58631,0.1469,-0.2141,0.8767,-5.92,7.34,-0.15,22.14
58641,0.1538,-0.2142,0.8727,-6.14,7.37,-0.24,22.13
58651,0.1536,-0.2161,0.8726,-6.4,7.66,-0.14,22.12
58661,0.1578,-0.2151,0.8641,-6.46,8.08,-0.11,22.14
58671,0.1544,-0.2179,0.8632,-6.44,8.23,-0.05,22.15
58681,0.1548,-0.2216,0.8644,-6.15,8.06,0.05,22.14
58691,0.1527,-0.2177,0.8678,-6.12,7.68,-0.06,22.15
58701,0.1509,-0.2207,0.8685,-6.09,7.5,-0.06,22.16
58711,0.1543,-0.2206,0.871,-6.27,7.57,-0.09,22.14
58721,0.1538,-0.2178,0.864,-6.37,7.8,-0.06,22.12
58731,0.1543,-0.215,0.8618,-6.31,7.97,0.05,22.16
58741,0.1559,-0.2172,0.8667,-6.17,8.17,-0.02,22.13
58751,0.1508,-0.2167,0.8706,-6.12,8.03,-0.03,22.14
58761,0.1594,-0.2186,0.8657,-6.17,7.4,0.0,22.16
58771,0.1608,-0.2177,0.8641,-6.41,7.3,-0.12,22.16
58781,0.1541,-0.2197,0.8679,-6.58,7.57,-0.12,22.14
58791,0.1565,-0.2194,0.8623,-6.43,8.05,-0.09,22.15
58801,0.1577,-0.2229,0.8628,-6.14,7.98,-0.03,22.15
58811,0.1512,-0.2231,0.8613,-5.95,7.95,0.08,22.14
58821,0.155,-0.2216,0.8704,-5.89,7.83,-0.03,22.15
58831,0.1599,-0.2197,0.873,-6.03,7.45,-0.06,22.17
58841,0.1556,-0.2205,0.8669,-6.21,7.54,0.02,22.16
58851,0.1521,-0.2178,0.8691,-6.41,8.0,-0.02,22.14
58861,0.1532,-0.2191,0.8693,-6.32,8.11,-0.03,22.13
58871,0.1562,-0.2208,0.8666,-6.12,7.92,-0.05,22.14
58881,0.1538,-0.2206,0.8717,-5.91,7.63,-0.08,22.17
58891,0.1547,-0.2178,0.868,-5.92,7.47,-0.15,22.15
58901,0.1521,-0.2133,0.8728,-6.12,7.65,-0.14,22.17
58911,0.1594,-0.2146,0.8684,-6.34,7.85,-0.18,22.16
58921,0.1611,-0.2162,0.8647,-6.26,7.83,-0.14,22.16
58931,0.1527,-0.2166,0.8651,-6.2,7.97,0.05,22.16
58941,0.1501,-0.2153,0.8678,-6.03,7.76,-0.09,22.16
58951,0.1538,-0.217,0.869,-5.97,7.5,-0.09,22.14
58961,0.1543,-0.2151,0.8683,-6.09,7.36,-0.15,22.15
58971,0.1569,-0.2135,0.8691,-6.26,7.68,-0.08,22.15
58981,0.1571,-0.2183,0.8677,-6.44,8.0,-0.14,22.12
58991,0.155,-0.2209,0.864,-6.47,8.11,-0.12,22.14
59001,0.1531,-0.2229,0.8604,-6.35,7.98,-0.03,22.14
59011,0.1475,-0.2252,0.8662,-6.11,7.82,-0.06,22.14
59021,0.15,-0.2169,0.8662,-5.94,7.63,-0.08,22.14
59031,0.1567,-0.2175,0.8649,-6.06,7.6,-0.08,22.12
59042,0.15,-0.2157,0.8661,-6.21,7.8,-0.05,22.12
59052,0.151,-0.2151,0.866,-6.26,8.02,-0.02,22.16
59062,0.1553,-0.2153,0.8665,-6.23,7.89,-0.08,22.16
59072,0.1542,-0.2162,0.8656,-6.12,7.66,-0.06,22.13
59082,0.1509,-0.2183,0.8724,-6.14,7.6,-0.08,22.16
59092,0.1516,-0.2162,0.8702,-6.21,7.73,-0.08,22.14
59102,0.1549,-0.2177,0.8682,-6.26,7.91,-0.02,22.14
59112,0.1549,-0.2174,0.8672,-6.31,7.98,0.08,22.16
59122,0.1547,-0.2195,0.8635,-6.27,7.88,-0.03,22.16
59132,0.1544,-0.2185,0.8701,-6.17,7.62,-0.03,22.15
59142,0.1588,-0.2152,0.8744,-6.05,7.51,-0.05,22.15
59152,0.1509,-0.2137,0.871,-6.18,7.65,-0.09,22.16
59162,0.1512,-0.214,0.8737,-6.21,7.89,0.03,22.17
59172,0.1526,-0.2147,0.873,-6.34,8.02,-0.09,22.14
59182,0.1516,-0.2189,0.8667,-6.43,7.92,-0.06,22.15
59192,0.1545,-0.2184,0.8716,-6.35,7.76,-0.06,22.17
59202,0.1578,-0.2206,0.8684,-6.31,7.62,-0.09,22.14
59212,0.1555,-0.2185,0.8674,-6.18,7.63,-0.14,22.14
59222,0.1532,-0.2189,0.8682,-6.11,7.76,-0.05,22.16
59232,0.1525,-0.22,0.8743,-6.14,7.86,-0.15,22.15
59242,0.1576,-0.2206,0.861,-6.27,7.66,-0.12,22.15
59252,0.1569,-0.2184,0.8635,-6.31,7.65,-0.09,22.16
59262,0.1527,-0.2175,0.8646,-6.35,7.71,-0.17,22.14
59272,0.1571,-0.2229,0.8645,-6.29,7.82,-0.11,22.16
59282,0.1622,-0.222,0.8604,-6.21,7.71,-0.12,22.14
59293,0.1586,-0.2217,0.8593,-6.15,7.8,-0.02,22.14
59308,0.1525,-0.2224,0.8647,-6.17,7.59,-0.06,22.14
59318,0.1565,-0.2207,0.8661,-6.31,7.76,-0.06,22.17
59329,0.1547,-0.2238,0.8668,-6.26,7.98,-0.05,22.15
59339,0.1537,-0.2234,0.8652,-6.11,8.02,0.08,22.16
59349,0.156,-0.2231,0.8688,-5.95,7.94,0.08,22.14
59359,0.1536,-0.2236,0.8688,-6.03,7.66,0.03,22.13
59369,0.1516,-0.2219,0.8706,-6.12,7.63,-0.03,22.15
59379,0.1505,-0.2184,0.8635,-6.18,7.79,-0.14,22.17
59389,0.1543,-0.2169,0.8694,-6.21,7.86,0.0,22.15
59399,0.158,-0.2161,0.8663,-5.97,7.83,0.03,22.14
59409,0.1564,-0.2173,0.8657,-6.05,7.74,0.0,22.16
59419,0.1528,-0.2178,0.8663,-6.02,7.66,0.03,22.16
59429,0.1537,-0.2179,0.8673,-6.09,7.77,-0.09,22.16
59439,0.1589,-0.2196,0.8663,-6.23,7.66,-0.09,22.17
59449,0.1592,-0.2184,0.8649,-6.12,7.63,-0.03,22.15
59459,0.1555,-0.2167,0.8682,-6.14,7.97,0.03,22.14
59469,0.1505,-0.2162,0.8705,-6.06,8.08,0.0,22.16
59479,0.1537,-0.2166,0.8761,-6.0,7.92,-0.02,22.16
59489,0.1528,-0.2142,0.8741,-6.02,7.68,-0.06,22.17
59499,0.1552,-0.2152,0.8756,-6.09,7.65,-0.06,22.15
59509,0.1548,-0.2168,0.8695,-6.43,7.8,-0.15,22.16
59519,0.1511,-0.2139,0.8651,-6.63,7.73,-0.17,22.16
59529,0.1541,-0.2197,0.858,-6.47,7.69,-0.14,22.17
59539,0.1572,-0.2194,0.8621,-6.29,7.74,-0.08,22.14
59549,0.1508,-0.218,0.863,-5.95,7.85,-0.02,22.15
59560,0.1525,-0.2175,0.8677,-5.86,7.94,-0.05,22.17
59570,0.1466,-0.2177,0.8771,-5.97,8.02,0.02,22.15
59582,0.1534,-0.2135,0.8749,-6.14,7.74,-0.09,22.14
59593,0.1432,-0.2146,0.8839,-6.47,7.76,-0.35,22.17
59604,0.1721,-0.2214,0.8585,-6.47,7.51,0.06,22.12
59614,0.1624,-0.2186,0.8494,-6.35,7.98,-0.02,22.15
59636,0.1945,-0.2379,0.8798,-5.98,6.79,0.29,22.16
59646,0.1078,-0.1843,0.8268,-7.19,5.36,0.38,22.16
59670,0.146,-0.2805,0.9227,-6.9,10.89,-0.64,22.18
59680,0.2048,-0.2966,0.8379,-3.73,10.15,1.13,22.16
59690,0.2014,-0.2357,0.7365,-2.67,6.52,0.96,22.16
59700,0.151,-0.1581,0.8625,-8.75,9.37,-1.27,22.17
59716,0.14,-0.3203,0.8215,-8.29,5.27,-0.64,22.15
59727,0.2798,-0.1733,0.9167,-3.83,3.86,0.49,22.16
59737,-0.0261,-0.1838,1.1193,-4.53,16.72,-0.08,22.16
59750,0.2474,-0.24,0.6742,-6.0,8.49,0.4,22.14
59760,0.3009,-0.3147,0.5253,-8.37,0.93,0.31,22.16
59770,0.2562,-0.2959,0.656,-8.17,-0.7,-0.61,22.19
59787,0.0253,-0.1875,1.1008,-2.24,13.62,-0.55,22.18
59797,0.3326,-0.3036,0.8489,-2.76,3.92,1.16,22.17
59808,0.2573,-0.2767,0.7832,-6.92,3.6,0.78,22.17
59818,0.2792,-0.2233,0.6659,-7.71,2.09,-0.12,22.17
59828,0.1379,-0.2477,0.9221,-8.63,5.02,-1.44,22.15
59838,0.0452,-0.2266,0.9418,-8.64,10.23,-0.7,22.17
59849,-0.0565,-0.2279,1.0481,-5.54,14.75,0.37,22.16
59859,0.2472,-0.2637,0.726,-1.71,10.44,1.04,22.15
59869,0.0375,-0.2185,1.0752,-4.11,14.37,-0.08,22.17
59879,0.1991,-0.1494,0.8701,-6.31,5.07,0.75,22.14
59889,0.1437,-0.2281,0.9077,-7.88,2.72,-0.89,22.15
59899,0.2025,-0.2589,0.7952,-8.55,4.18,-0.23,22.16
59910,0.1886,-0.1758,0.8107,-8.4,11.76,-0.6,22.14
59923,0.1688,-0.2242,0.777,-5.01,7.74,0.9,22.16
59933,0.3289,-0.2896,0.7115,-4.2,2.75,0.81,22.17
59945,0.3391,-0.2218,0.8413,-2.0,5.92,-0.75,22.17
59956,0.1506,-0.2339,0.9387,-4.84,6.02,-0.82,22.15
59967,0.2219,-0.1715,0.598,-8.02,2.58,0.9,22.18
59977,0.2283,-0.2556,0.8307,-10.76,5.98,-1.6,22.16
59987,0.1885,-0.2665,0.8365,-11.21,7.62,0.93,22.15
59997,0.2164,-0.245,0.6344,-3.89,8.21,1.54,22.14
60007,0.2012,-0.2312,0.837,-0.49,9.24,0.12,22.14
60017,0.1349,-0.2249,1.024,-2.93,5.77,-1.33,22.17
60031,0.0621,-0.2271,1.1053,-7.05,6.99,-1.44,22.16
60041,0.3016,-0.25,0.6643,-9.62,0.29,-0.26,22.14
60056,0.2816,-0.2666,0.7454,-7.6,6.61,1.05,22.16
60066,0.1116,-0.1888,0.8759,-5.53,10.23,1.08,22.15
60076,0.0336,-0.1718,0.9364,-4.43,11.79,0.52,22.16
60089,0.1541,-0.2489,0.8062,-3.88,7.08,-1.1,22.15
60099,0.2039,-0.2034,0.8676,-4.64,5.16,-0.32,22.15
60110,0.1128,-0.1726,0.9823,-7.31,5.8,-0.47,22.16
60122,0.3741,-0.2784,0.6075,-7.83,2.23,1.19,22.17
60135,0.0068,-0.2443,0.9778,-7.45,12.82,0.61,22.18
60145,0.1315,-0.23,0.8811,-5.57,7.19,-0.61,22.17
60156,0.0518,-0.2595,0.8611,-4.89,8.7,-1.24,22.16
60166,0.3816,-0.2085,0.6956,-2.92,-3.5,0.06,22.16
60176,0.2347,-0.1713,0.8038,-6.03,0.58,0.27,22.17
60186,-0.0476,-0.179,1.0391,-7.22,12.63,0.49,22.16
60198,0.2871,-0.2488,0.8192,-6.72,7.54,-0.29,22.17
60208,0.1892,-0.2357,0.7549,-7.48,1.68,0.85,22.14
60218,-0.1097,-0.2158,0.9896,-5.68,11.94,-0.58,22.17
60228,0.2332,-0.2159,0.8071,-4.84,9.08,-1.45,22.19
60238,0.4491,-0.2377,0.6454,-5.22,-2.09,0.98,22.17
60248,0.0947,-0.2206,0.8182,-4.32,3.95,0.99,22.18
60258,-0.0629,-0.1611,1.1254,-6.92,19.08,-1.1,22.19
60270,-0.0305,-0.2148,1.0101,-7.79,9.5,-0.17,22.16
60280,0.0232,-0.2404,0.9764,-7.63,12.99,-0.23,22.19
60290,0.2313,-0.2021,0.8053,-7.16,5.86,0.05,22.17
60300,0.3186,-0.1787,0.7155,-4.52,1.79,0.31,22.17
60310,0.0531,-0.2194,0.99,-5.31,7.34,-0.78,22.15
60320,0.1504,-0.2123,0.943,-6.32,12.76,-0.43,22.16
60330,0.1008,-0.1628,0.8917,-6.53,12.75,-0.27,22.18
60340,0.1576,-0.2577,0.8915,-6.4,6.61,-0.02,22.17
60350,0.223,-0.281,0.7932,-7.31,7.36,-0.34,22.15
60360,0.1808,-0.2072,0.7549,-6.17,8.9,0.47,22.16
60370,0.1884,-0.1696,0.8672,-4.92,6.23,-0.34,22.14
60380,-0.1217,-0.1746,1.2057,-5.08,12.98,-1.08,22.16
60392,0.1793,-0.2401,0.8274,-7.18,1.54,-0.56,22.18
60403,0.0048,-0.2115,0.9181,-7.07,10.63,-0.37,22.17
60413,0.2485,-0.2213,0.7147,-6.0,11.33,0.06,22.15
60423,0.2552,-0.2253,0.825,-5.85,4.18,0.37,22.16
60435,0.28,-0.2444,0.8665,-5.08,4.41,0.35,22.17
60445,0.1876,-0.2798,0.8373,-6.73,0.44,0.69,22.18
60455,0.1399,-0.2628,0.8075,-5.31,6.02,-0.14,22.15
60465,0.2491,-0.2148,0.7673,-6.46,10.35,-0.32,22.16
60475,0.3274,-0.2548,0.661,-6.72,-0.03,0.32,22.17
60485,0.0656,-0.2146,0.9172,-7.28,11.56,0.26,22.17
60497,0.0803,-0.2412,0.8558,-6.66,7.69,0.03,22.14
60508,-0.0763,-0.2253,1.0153,-5.92,11.57,-0.15,22.19
60518,0.2306,-0.2529,0.8132,-5.5,12.98,-0.6,22.17
60530,0.2545,-0.2213,0.8073,-5.48,11.3,-0.14,22.16
60540,0.2382,-0.2524,0.8472,-7.31,8.06,0.12,22.15
60550,0.2936,-0.2355,0.7601,-6.78,2.23,0.6,22.17
60560,0.0676,-0.1368,0.9631,-7.4,14.92,-0.12,22.17
60571,-0.1029,-0.2311,1.0306,-5.88,15.22,-0.15,22.18
60585,0.203,-0.1306,0.8667,-5.94,7.08,0.15,22.18
60595,0.2686,-0.1903,0.8408,-5.33,4.38,0.35,22.18
60607,0.074,-0.2302,0.9812,-5.74,8.08,0.0,22.21
60622,-0.0618,-0.1705,1.0579,-6.27,10.81,-0.47,22.18
60632,0.3928,-0.2661,0.7571,-6.49,2.26,0.34,22.17
60645,0.384,-0.2562,0.8101,-5.82,2.05,0.29,22.18
60655,0.067,-0.2114,0.9221,-5.69,4.78,0.37,22.18
60665,0.2483,-0.2002,0.7598,-5.98,9.63,-0.63,22.18
60677,0.0513,-0.1907,0.9379,-6.6,14.08,-0.72,22.17
60690,0.1234,-0.1715,0.8862,-6.93,9.79,-0.21,22.16
60701,0.119,-0.2158,0.877,-6.92,6.41,0.18,22.17
60715,0.162,-0.2164,0.8768,-6.03,9.95,-0.11,22.17
60727,0.1111,-0.2073,0.9331,-5.94,9.82,-0.6,22.17
60740,0.2532,-0.2416,0.7855,-7.27,4.44,-0.03,22.16
60753,0.2518,-0.205,0.7964,-6.98,2.96,0.14,22.17
60764,0.1632,-0.2017,0.8186,-6.87,5.1,0.23,22.17
60774,0.2657,-0.2572,0.7573,-5.66,5.69,0.44,22.18
60785,0.3292,-0.2067,0.7692,-5.01,3.24,0.12,22.19
60800,0.2802,-0.2128,0.7717,-5.36,2.12,-0.37,22.18
60812,0.2505,-0.1804,0.8242,-7.24,7.51,-0.46,22.2
60824,0.1332,-0.2933,0.7933,-7.37,11.3,-0.21,22.19
60834,0.2057,-0.2607,0.7866,-6.53,10.46,-0.08,22.16
60844,0.2145,-0.2523,0.7584,-6.02,5.25,0.29,22.18
60854,0.0305,-0.1898,1.0088,-5.59,11.31,-0.49,22.17
60864,0.1654,-0.2118,0.8274,-5.54,6.14,-0.08,22.17
60874,0.0532,-0.2484,0.9758,-6.44,12.34,-0.55,22.18
60884,0.3177,-0.1907,0.7388,-5.89,10.9,-0.02,22.16
60894,0.2306,-0.2291,0.853,-6.08,4.08,0.55,22.2
60904,0.0172,-0.1914,1.0262,-7.82,12.05,-0.26,22.19
60926,0.0634,-0.1979,0.9468,-6.87,5.82,-0.21,22.18
60936,0.1093,-0.1942,0.8987,-6.43,4.75,-0.15,22.18
60946,0.1494,-0.2188,0.9624,-7.08,10.98,-0.23,22.17
60956,0.1405,-0.2006,0.8599,-5.54,8.85,0.61,22.17
60966,0.1105,-0.1781,0.9198,-5.02,10.92,-0.64,22.16
60976,0.0928,-0.2266,0.9967,-6.05,10.99,-0.43,22.17
60987,0.1113,-0.2188,0.9812,-6.02,6.73,0.06,22.13
60997,0.1508,-0.2058,0.8502,-6.08,5.66,0.46,22.17
61009,0.2029,-0.2395,0.8101,-5.98,6.66,0.56,22.15
61019,0.1064,-0.1945,0.8678,-6.03,10.44,-0.12,22.16
61029,0.0779,-0.174,0.922,-7.01,5.88,0.0,22.18
61039,0.0635,-0.2118,0.9454,-6.79,7.05,-0.43,22.16
61049,0.1108,-0.2053,0.944,-5.6,9.19,-0.29,22.17
61061,0.208,-0.2495,0.7579,-5.59,5.13,-0.09,22.18
61071,0.0968,-0.2317,0.9078,-6.0,9.82,-0.03,22.17
61083,0.1654,-0.1886,0.8867,-5.8,8.46,0.31,22.16
61093,0.1445,-0.1764,0.9144,-7.27,7.33,-0.06,22.16
61103,0.1681,-0.2274,0.879,-7.02,5.92,-0.27,22.19
61117,0.2531,-0.2631,0.7612,-5.83,3.76,-0.17,22.18
61127,0.1266,-0.222,0.8423,-6.24,7.5,0.2,22.18
61137,0.0703,-0.1877,0.9396,-6.47,10.05,-0.03,22.18
61147,0.2256,-0.2271,0.7347,-5.6,6.24,-0.09,22.17
61157,0.183,-0.2142,0.8621,-5.83,6.37,0.03,22.17
61167,0.0989,-0.1931,0.9491,-7.07,7.94,-0.89,22.15
61177,0.2129,-0.2611,0.8234,-6.66,6.82,0.08,22.19
61187,0.2064,-0.2433,0.8469,-6.18,6.69,-0.05,22.19
61201,0.1829,-0.204,0.851,-5.92,6.78,-0.11,22.18
61211,0.1168,-0.2081,0.9629,-5.51,9.21,0.34,22.17
61221,0.1908,-0.2056,0.8495,-5.37,5.39,0.29,22.17
61231,0.1224,-0.1735,0.9227,-5.77,8.0,-0.63,22.19
61241,0.0851,-0.172,0.9828,-7.02,9.42,-0.7,22.18
61252,0.0991,-0.1998,0.9418,-8.0,9.04,-0.32,22.16
61263,0.2214,-0.2164,0.7997,-7.18,4.34,0.37,22.19
61284,0.0883,-0.1981,0.8851,-5.83,7.57,-0.03,22.15
61294,0.192,-0.2551,0.8596,-5.56,7.92,-0.27,22.16
61304,0.1946,-0.2582,0.8125,-5.57,5.77,0.41,22.19
61314,0.0929,-0.2354,0.9041,-6.08,11.36,-0.47,22.17
61324,0.2638,-0.1799,0.7908,-6.31,8.49,-0.21,22.16
61334,0.2344,-0.236,0.7975,-6.84,3.82,0.38,22.17
61345,0.2119,-0.2599,0.7898,-6.89,4.5,0.43,22.2
61355,0.1003,-0.2334,0.8701,-5.86,9.31,-0.18,22.19
61365,0.1365,-0.2262,0.8958,-5.5,10.41,-0.52,22.17
61375,0.2139,-0.2106,0.856,-5.8,8.95,-0.38,22.17
61393,0.194,-0.2518,0.8051,-5.04,8.23,-0.02,22.17
61403,0.283,-0.1967,0.8013,-5.01,7.92,-0.34,22.18
61413,0.2087,-0.1848,0.8772,-7.02,5.19,0.0,22.16
61423,0.1935,-0.2317,0.8257,-7.66,5.3,0.38,22.19
61433,0.1021,-0.238,0.8767,-5.98,7.77,0.14,22.19
61443,0.1064,-0.2142,0.9124,-5.6,11.15,-0.46,22.19
61453,0.1975,-0.2007,0.8328,-5.45,9.51,-0.32,22.15
61463,0.24,-0.188,0.7822,-5.45,4.55,0.08,22.17
61473,0.1337,-0.2419,0.8933,-5.57,6.7,-0.02,22.17
61483,0.136,-0.2201,0.8893,-6.76,6.89,-0.02,22.16
61500,0.2072,-0.197,0.8203,-5.94,6.2,-0.02,22.18
61510,0.111,-0.2183,0.9003,-6.56,7.86,0.02,22.16
61520,0.1333,-0.2212,0.8737,-5.88,10.26,-0.09,22.19
61530,0.1974,-0.2211,0.8285,-6.31,9.57,-0.41,22.18
61540,0.2059,-0.2097,0.8622,-6.58,6.67,0.12,22.2
61551,0.1366,-0.2301,0.8829,-7.31,7.62,-0.18,22.18
61562,0.1373,-0.2446,0.8386,-6.9,7.13,0.18,22.19
61572,0.2067,-0.2655,0.7681,-5.74,6.46,0.24,22.18
61582,0.1307,-0.1931,0.885,-6.03,9.07,-0.5,22.17
61592,0.1554,-0.2211,0.8895,-5.76,8.23,0.05,22.17
61609,0.1783,-0.1913,0.8575,-5.68,8.87,-0.5,22.17
61619,0.1698,-0.1835,0.8871,-7.53,6.17,-0.37,22.18
61629,0.1827,-0.2529,0.8464,-7.45,4.35,0.61,22.18
61639,0.0983,-0.2504,0.881,-6.0,8.82,0.15,22.18
61649,0.1708,-0.202,0.8585,-5.69,10.9,-0.27,22.18
61660,0.1266,-0.21,0.9156,-5.56,9.88,-0.21,22.17
61670,0.2328,-0.1895,0.8398,-6.06,5.56,-0.29,22.18
61681,0.2283,-0.2017,0.8304,-6.67,5.04,-0.14,22.17
61691,0.1436,-0.2518,0.9012,-6.09,6.35,0.08,22.16
61701,0.1161,-0.2299,0.8951,-6.14,8.23,0.29,22.19
61716,0.1942,-0.2399,0.8457,-6.0,7.37,0.08,22.17
61726,0.151,-0.2394,0.8279,-6.98,6.64,-0.17,22.17
61736,0.2482,-0.2411,0.7462,-6.4,4.24,0.2,22.18
61746,0.093,-0.2344,0.8774,-5.37,8.0,-0.2,22.18
61756,0.099,-0.199,0.947,-6.24,13.16,-0.72,22.17
61767,0.1211,-0.2004,0.9254,-6.32,8.38,-0.35,22.17
61778,0.0787,-0.2273,0.9286,-6.46,9.27,-0.05,22.17
61789,0.127,-0.1941,0.9,-6.37,8.49,-0.21,22.19
61799,0.1825,-0.1974,0.8672,-5.91,8.09,-0.52,22.18
61809,0.1655,-0.2362,0.899,-6.29,5.79,0.15,22.18
61819,0.1418,-0.2301,0.8601,-6.47,6.82,0.31,22.17
61829,0.125,-0.2495,0.8584,-6.46,9.37,-0.41,22.18
61849,0.2009,-0.2412,0.818,-6.63,5.86,0.14,22.19
61859,0.171,-0.2062,0.8199,-6.06,6.89,0.05,22.2
61869,0.1232,-0.2164,0.8992,-5.25,8.98,-0.49,22.17
61879,0.1007,-0.2513,0.9379,-6.41,8.89,-0.41,22.18
61889,0.2072,-0.2277,0.804,-7.13,7.05,0.31,22.19
61899,0.2135,-0.257,0.7778,-6.55,8.23,0.02,22.19
61909,0.1077,-0.2233,0.8904,-6.69,9.37,-0.41,22.17
61920,0.1022,-0.2206,0.908,-7.39,8.44,-0.47,22.21
61930,0.132,-0.2032,0.8787,-6.11,6.84,-0.21,22.19
61940,0.1355,-0.2134,0.8794,-5.44,7.24,0.05,22.19
61950,0.1244,-0.2301,0.8932,-5.36,7.77,-0.12,22.2
61960,0.098,-0.2159,0.9264,-5.92,9.79,0.09,22.18
61977,0.0785,-0.2048,0.9333,-6.49,11.4,-0.49,22.18
61987,0.1722,-0.2141,0.8413,-7.44,5.63,-0.12,22.19
61997,0.0752,-0.2245,0.9136,-7.45,8.47,0.23,22.18
62007,0.1212,-0.2676,0.886,-5.98,9.63,-0.24,22.17
62017,0.2151,-0.2303,0.7855,-4.93,7.89,-0.05,22.18
62028,0.0833,-0.1954,0.926,-5.24,11.82,-0.35,22.21
62038,0.2458,-0.2185,0.8083,-5.98,6.44,-0.26,22.17
62048,0.1359,-0.2057,0.8915,-6.41,5.5,0.24,22.18
62058,0.1356,-0.222,0.8737,-6.53,7.44,-0.09,22.2
62068,0.1659,-0.2083,0.8318,-6.21,7.57,-0.02,22.18
62078,0.1909,-0.2107,0.8191,-5.79,7.04,0.17,22.18
62098,0.1588,-0.2224,0.8662,-6.4,7.28,0.11,22.18
62109,0.1519,-0.2207,0.8601,-6.5,7.48,-0.14,22.19
62121,0.1692,-0.2262,0.8444,-6.37,6.64,-0.02,22.17
62131,0.137,-0.212,0.8636,-6.31,8.2,0.0,22.18
62141,0.1825,-0.2134,0.8411,-5.89,8.06,0.03,22.16
62151,0.1967,-0.2228,0.8422,-5.76,6.96,-0.02,22.19
62161,0.168,-0.2229,0.8827,-5.86,6.79,0.03,22.17
62171,0.1394,-0.2231,0.8634,-6.84,6.85,0.15,22.17
62181,0.1318,-0.2352,0.8617,-6.63,6.78,0.05,22.17
62192,0.1382,-0.223,0.8497,-6.52,6.99,-0.21,22.21
62202,0.1611,-0.2061,0.8392,-6.6,8.38,-0.23,22.22
62212,0.1774,-0.2119,0.8503,-6.29,8.03,-0.08,22.18
62222,0.1531,-0.2197,0.8713,-5.8,7.07,0.14,22.17
62238,0.16,-0.214,0.8794,-5.62,7.68,-0.12,22.19
62248,0.1682,-0.218,0.8727,-6.08,6.7,-0.05,22.2
62258,0.1454,-0.2108,0.8752,-6.87,7.77,0.02,22.2
62268,0.1591,-0.2152,0.866,-6.98,8.47,-0.11,22.17
62278,0.1654,-0.2269,0.847,-6.7,7.79,0.03,22.21
62289,0.1564,-0.2256,0.8518,-6.11,7.57,0.11,22.17
62300,0.1588,-0.226,0.8583,-5.66,7.08,0.09,22.2
62311,0.1538,-0.2125,0.8656,-5.65,7.54,-0.14,22.23
62321,0.1595,-0.2184,0.8812,-6.12,7.79,-0.24,22.2
62331,0.1589,-0.2186,0.8677,-6.53,7.56,-0.03,22.19
62341,0.1578,-0.2169,0.8605,-6.46,7.88,0.05,22.19
62351,0.1473,-0.2174,0.8625,-6.35,8.15,-0.06,22.23
62361,0.1445,-0.2177,0.8628,-6.26,8.2,-0.12,22.19
62371,0.1549,-0.219,0.8613,-5.98,7.45,-0.03,22.22
62382,0.1604,-0.2247,0.8771,-5.8,7.53,-0.15,22.17
62395,0.1595,-0.2123,0.8716,-6.08,7.83,-0.09,22.19
62405,0.1528,-0.2144,0.8716,-6.37,7.89,0.0,22.18
62415,0.1614,-0.2234,0.8718,-6.4,7.66,-0.06,22.2
62425,0.1522,-0.2146,0.8676,-6.47,7.63,-0.17,22.19
62435,0.151,-0.217,0.856,-6.2,7.82,-0.06,22.19
62445,0.1571,-0.2234,0.8634,-5.94,7.74,-0.06,22.21
62456,0.1589,-0.2183,0.8662,-6.11,7.89,-0.15,22.19
62466,0.1548,-0.2173,0.8683,-6.17,7.68,-0.02,22.2
62476,0.1534,-0.2159,0.8671,-6.21,7.95,-0.09,22.19
62486,0.1588,-0.2179,0.8674,-6.23,7.83,-0.17,22.19
62496,0.1537,-0.2206,0.8669,-6.31,7.69,-0.15,22.2
62506,0.1567,-0.2184,0.8646,-6.27,7.65,-0.05,22.19
62517,0.1561,-0.2167,0.8651,-6.14,7.71,0.02,22.18
62527,0.1541,-0.218,0.8678,-5.98,7.86,-0.05,22.18
62537,0.156,-0.2126,0.8688,-5.97,7.8,0.03,22.2
62547,0.1514,-0.2136,0.8749,-6.06,7.59,-0.08,22.22
62557,0.1536,-0.2151,0.8702,-6.4,7.65,-0.05,22.2
62567,0.1558,-0.2189,0.8604,-6.55,7.66,-0.03,22.21
62577,0.155,-0.2203,0.8596,-6.34,7.77,-0.03,22.18
62588,0.1541,-0.2183,0.8588,-6.23,7.98,-0.03,22.19
62598,0.1544,-0.2186,0.8667,-5.98,7.8,-0.06,22.18
62608,0.1542,-0.2163,0.8676,-6.02,7.66,-0.05,22.2
62618,0.1542,-0.2162,0.8722,-6.06,7.54,-0.05,22.18
62628,0.1562,-0.217,0.8711,-6.21,7.63,-0.12,22.16
62638,0.1525,-0.2173,0.8677,-6.38,7.85,-0.09,22.17
62648,0.1567,-0.2174,0.8693,-6.37,7.92,-0.03,22.2
62658,0.1532,-0.2198,0.8676,-6.26,7.8,-0.03,22.2
62668,0.1523,-0.2174,0.8665,-6.2,7.73,0.0,22.19
62678,0.156,-0.2205,0.8676,-6.15,7.74,-0.08,22.19
62688,0.1559,-0.2186,0.8694,-6.09,7.71,-0.02,22.2
62698,0.1534,-0.2185,0.8669,-6.23,7.8,-0.09,22.2
62708,0.1544,-0.2222,0.8685,-6.24,7.8,-0.08,22.18
62718,0.1567,-0.2203,0.8687,-6.29,7.79,-0.06,22.18
62728,0.1555,-0.2206,0.8654,-6.2,7.77,0.02,22.2
62738,0.1537,-0.2185,0.8672,-6.24,7.82,-0.03,22.19
62748,0.1564,-0.2169,0.8655,-6.11,7.89,-0.08,22.2
62758,0.1537,-0.2181,0.8689,-6.11,7.71,-0.06,22.18
62768,0.1556,-0.2209,0.8716,-6.12,7.76,-0.03,22.2
62779,0.1572,-0.2191,0.8687,-6.2,7.8,-0.05,22.2
62789,0.1523,-0.2201,0.8679,-6.26,7.76,-0.08,22.18
62799,0.1542,-0.2186,0.8645,-6.31,7.76,-0.06,22.19
62809,0.1558,-0.2184,0.8702,-6.2,7.68,-0.08,22.2
62819,0.1517,-0.2178,0.8663,-6.14,7.85,-0.02,22.19
62829,0.155,-0.2183,0.8641,-6.14,7.88,-0.06,22.2
62839,0.1534,-0.2191,0.8674,-6.21,7.76,-0.03,22.17
62849,0.1564,-0.2168,0.8667,-6.18,7.8,0.0,22.19
62859,0.1527,-0.2172,0.8678,-6.2,7.79,0.03,22.19
62869,0.1554,-0.2163,0.8657,-6.27,7.83,-0.02,22.2
62879,0.1527,-0.2178,0.8625,-6.32,7.8,-0.03,22.18
62889,0.1547,-0.2161,0.8636,-6.23,7.77,-0.03,22.19
62899,0.1541,-0.2192,0.8682,-6.2,7.79,-0.05,22.19
62909,0.1538,-0.217,0.8643,-6.06,7.73,-0.08,22.19
62919,0.1539,-0.2167,0.8682,-6.08,7.69,-0.05,22.22
62929,0.1559,-0.2156,0.8662,-6.18,7.69,0.0,22.21
62939,0.1559,-0.2175,0.8656,-6.18,7.77,-0.09,22.21
62949,0.1548,-0.2162,0.8683,-6.26,7.85,0.02,22.19
62959,0.1552,-0.2175,0.8661,-6.31,7.83,-0.02,22.18
62969,0.1552,-0.2175,0.8625,-6.23,7.82,-0.08,22.2
62979,0.1543,-0.2198,0.8651,-6.06,7.82,-0.06,22.21
62989,0.1522,-0.2184,0.8679,-6.02,7.73,-0.05,22.19
62999,0.1536,-0.2173,0.8728,-6.05,7.83,-0.08,22.19
63009,0.1544,-0.2144,0.8674,-6.23,7.8,-0.05,22.18
63019,0.1533,-0.2147,0.8682,-6.34,7.86,-0.02,22.2
63029,0.1558,-0.2188,0.8661,-6.24,7.8,-0.05,22.21
63039,0.1566,-0.2183,0.8571,-6.27,7.74,-0.06,22.19
63049,0.1555,-0.2189,0.8674,-6.2,7.77,-0.06,22.19
63059,0.1511,-0.2192,0.8729,-6.08,7.85,-0.05,22.19
63069,0.1541,-0.2209,0.8716,-6.14,7.8,-0.09,22.2
63079,0.1516,-0.2196,0.8663,-6.21,7.79,-0.08,22.18
63089,0.1553,-0.2195,0.8679,-6.21,7.71,-0.08,22.2
63099,0.1497,-0.2195,0.8678,-6.27,7.79,-0.12,22.2
63109,0.1516,-0.2173,0.8699,-6.2,7.89,-0.08,22.19
63119,0.153,-0.2178,0.8729,-6.08,7.8,0.06,22.23
63129,0.155,-0.2156,0.8708,-6.11,7.71,-0.03,22.21
63139,0.1554,-0.2178,0.8699,-6.24,7.66,-0.02,22.22
63149,0.1544,-0.2177,0.8684,-6.38,7.85,0.02,22.2
63159,0.1531,-0.218,0.8652,-6.29,7.88,-0.06,22.19
63169,0.1539,-0.2194,0.8646,-6.24,7.82,-0.12,22.19
63179,0.1523,-0.2198,0.8651,-6.23,7.82,-0.02,22.21
63189,0.15,-0.2205,0.8722,-6.14,7.82,-0.11,22.18
63199,0.1526,-0.2172,0.8712,-6.11,7.74,-0.11,22.21
63209,0.1539,-0.2181,0.8691,-6.17,7.69,-0.08,22.2
63219,0.1571,-0.2179,0.8705,-6.26,7.65,-0.02,22.21
63229,0.157,-0.2174,0.8673,-6.27,7.83,-0.05,22.19
63239,0.1589,-0.2189,0.8656,-6.35,7.73,-0.05,22.19
63249,0.1556,-0.2207,0.8667,-6.29,7.77,-0.05,22.18
63259,0.1562,-0.2217,0.8651,-6.08,7.82,0.05,22.19
63269,0.156,-0.2203,0.8683,-6.03,7.97,-0.03,22.2
63279,0.1583,-0.2183,0.8668,-5.94,7.85,0.05,22.2
63289,0.1512,-0.2159,0.8702,-6.21,7.63,0.05,22.21
63300,0.1543,-0.2158,0.8683,-6.26,7.62,-0.08,22.2
63310,0.1512,-0.2164,0.869,-6.29,7.73,-0.08,22.22
63320,0.1537,-0.2164,0.8665,-6.32,7.86,-0.14,22.21
63331,0.1549,-0.2196,0.8672,-6.31,7.95,-0.06,22.2
63341,0.1512,-0.2212,0.863,-6.17,7.91,-0.05,22.2
63351,0.1504,-0.2213,0.8671,-6.03,7.74,-0.03,22.21
63361,0.1537,-0.2181,0.8667,-6.11,7.57,-0.08,22.19
63371,0.1533,-0.2206,0.8702,-6.18,7.54,-0.11,22.2
63381,0.1534,-0.2175,0.8729,-6.2,7.68,-0.06,22.21
63391,0.1547,-0.2178,0.8694,-6.14,7.88,-0.05,22.22
63401,0.1525,-0.2188,0.8705,-6.18,8.0,-0.08,22.2
63411,0.1528,-0.2181,0.8701,-6.17,7.88,-0.08,22.18
63421,0.1517,-0.2202,0.8666,-6.26,7.68,-0.06,22.2
63431,0.157,-0.2183,0.8662,-6.32,7.66,-0.03,22.18
63441,0.1558,-0.2178,0.8665,-6.29,7.8,-0.06,22.2
63451,0.1523,-0.2174,0.8671,-6.29,7.88,-0.05,22.22
63461,0.1554,-0.219,0.8645,-6.17,7.88,0.03,22.21
63471,0.1523,-0.2179,0.8647,-6.14,7.8,-0.05,22.22
63481,0.1517,-0.2173,0.8657,-6.05,7.66,-0.12,22.21
63491,0.1542,-0.2172,0.8693,-6.15,7.68,-0.08,22.19
63501,0.1543,-0.2207,0.8684,-6.2,7.76,-0.15,22.18
63511,0.155,-0.2177,0.8667,-6.18,7.86,-0.05,22.2
63521,0.1527,-0.22,0.8652,-6.23,7.83,-0.08,22.19
63531,0.1526,-0.2196,0.8696,-6.31,7.74,-0.08,22.2
63541,0.1512,-0.2185,0.8663,-6.12,7.59,-0.14,22.2
63551,0.1569,-0.2167,0.8654,-6.23,7.6,-0.14,22.22
63561,0.1594,-0.2161,0.8672,-6.09,7.74,-0.03,22.21
63571,0.1561,-0.2155,0.865,-6.18,7.89,-0.03,22.21
63581,0.1565,-0.2157,0.8658,-6.2,7.95,0.08,22.2
63591,0.1572,-0.2157,0.8695,-6.27,7.88,-0.08,22.21
63601,0.1533,-0.2173,0.8684,-6.27,7.69,-0.02,22.21
63611,0.1561,-0.2173,0.8661,-6.21,7.73,0.0,22.21
63621,0.1564,-0.2168,0.8663,-6.26,7.79,-0.06,22.2
63631,0.1566,-0.2148,0.8687,-6.32,7.89,0.03,22.19
63641,0.1558,-0.2208,0.8645,-6.31,7.76,-0.02,22.19
63651,0.153,-0.2213,0.8667,-6.15,7.77,-0.03,22.22
63661,0.1519,-0.2185,0.8684,-6.15,7.92,-0.08,22.2
63671,0.1545,-0.217,0.8683,-6.11,7.8,-0.11,22.22
63681,0.1564,-0.2203,0.8639,-6.12,7.66,-0.05,22.2
63691,0.1566,-0.2195,0.87,-6.18,7.74,-0.05,22.2
63701,0.1544,-0.2181,0.8671,-6.32,7.83,-0.14,22.2
63711,0.1561,-0.2198,0.8688,-6.29,7.73,-0.05,22.18
63721,0.1534,-0.219,0.8628,-6.32,7.82,-0.11,22.2
63731,0.155,-0.2213,0.8661,-6.24,7.8,-0.05,22.21
63741,0.1587,-0.2191,0.8704,-6.08,7.92,-0.02,22.22
63751,0.1533,-0.2185,0.8658,-6.14,7.79,0.03,22.22
63761,0.155,-0.2181,0.8678,-6.12,7.65,0.0,22.21
63771,0.1556,-0.2169,0.8625,-6.21,7.69,-0.08,22.19
63781,0.1552,-0.22,0.8663,-6.18,7.71,-0.05,22.2
63791,0.1536,-0.2174,0.8678,-6.21,7.69,-0.12,22.22
63801,0.1541,-0.2184,0.8649,-6.21,7.88,0.0,22.22
63811,0.156,-0.2161,0.8687,-6.15,7.92,-0.08,22.23
63821,0.153,-0.2157,0.8701,-6.2,7.86,-0.08,22.21
63831,0.1545,-0.2213,0.8683,-6.24,7.68,-0.03,22.19
63841,0.1554,-0.2197,0.8654,-6.35,7.77,-0.08,22.2
63851,0.1587,-0.2198,0.8646,-6.23,7.73,-0.09,22.22
63861,0.1544,-0.22,0.8636,-6.26,7.89,-0.12,22.21
63871,0.1534,-0.2175,0.8662,-6.15,7.71,-0.15,22.19
63881,0.155,-0.2181,0.8646,-6.2,7.69,-0.12,22.2
63891,0.1558,-0.218,0.861,-6.14,7.56,-0.09,22.22
63901,0.1534,-0.218,0.869,-6.18,7.74,-0.09,22.2
63911,0.1521,-0.2192,0.8701,-6.31,7.85,-0.08,22.18
63921,0.1532,-0.2196,0.8657,-6.34,7.97,-0.11,22.19
63931,0.1533,-0.2163,0.8633,-6.14,7.97,-0.02,22.19
63941,0.1552,-0.2186,0.8658,-6.09,7.86,0.02,22.19
63951,0.1503,-0.2172,0.8719,-6.03,7.71,-0.05,22.21
63961,0.1525,-0.2175,0.8679,-6.15,7.6,-0.11,22.22
63971,0.1561,-0.2174,0.8668,-6.15,7.62,-0.05,22.2
63981,0.1561,-0.2189,0.8663,-6.27,7.69,-0.11,22.21
63991,0.1533,-0.2169,0.8651,-6.31,7.86,-0.12,22.2
64001,0.1531,-0.2173,0.8618,-6.26,7.83,-0.03,22.22
64011,0.1541,-0.2168,0.8678,-6.18,7.86,0.0,22.19
64021,0.1565,-0.2197,0.8669,-6.18,7.65,0.02,22.2
64031,0.1562,-0.2191,0.8639,-6.21,7.65,-0.06,22.21
64041,0.1554,-0.2174,0.8687,-6.2,7.77,-0.11,22.19
64051,0.1501,-0.2196,0.8687,-6.26,7.86,-0.08,22.19
64061,0.1522,-0.2208,0.8687,-6.2,7.79,-0.08,22.21
64071,0.1536,-0.2195,0.8654,-6.21,7.71,-0.05,22.21
64081,0.1525,-0.2181,0.8689,-6.17,7.88,-0.12,22.18
64091,0.1528,-0.2169,0.8698,-6.14,7.92,-0.06,22.22
64101,0.1554,-0.22,0.8698,-6.11,7.74,-0.06,22.21
64111,0.1586,-0.2201,0.8678,-6.18,7.66,-0.14,22.2
64121,0.1512,-0.2179,0.8693,-6.26,7.68,-0.05,22.2
64131,0.1497,-0.2189,0.8707,-6.23,7.76,-0.11,22.19
64141,0.1521,-0.2169,0.8676,-6.18,7.85,-0.06,22.22
64151,0.1528,-0.2183,0.8699,-6.15,7.83,0.0,22.2
64161,0.155,-0.2157,0.8672,-6.21,7.79,-0.03,22.22
64171,0.1564,-0.2178,0.8698,-6.31,7.8,-0.05,22.21
64181,0.1545,-0.2168,0.8687,-6.31,7.77,-0.03,22.21
64191,0.1531,-0.2194,0.8658,-6.21,7.85,-0.15,22.19
64201,0.1538,-0.2195,0.8668,-6.31,7.83,0.03,22.21
64211,0.1537,-0.218,0.8663,-6.15,7.88,0.02,22.21
64221,0.1541,-0.2168,0.8716,-6.05,7.79,0.0,22.2
64231,0.1525,-0.217,0.8679,-6.06,7.83,-0.08,22.21
64241,0.1545,-0.2185,0.8713,-6.23,7.8,-0.06,22.22
64251,0.1549,-0.2183,0.8688,-6.34,7.8,0.02,22.22
64261,0.1503,-0.2194,0.8669,-6.35,7.69,-0.11,22.21
64271,0.1559,-0.2212,0.8651,-6.29,7.68,-0.09,22.21
64281,0.1564,-0.2213,0.8655,-6.18,7.8,0.0,22.21
64291,0.1538,-0.22,0.8663,-6.08,7.79,-0.11,22.19
64301,0.1512,-0.2189,0.8652,-6.12,7.77,-0.03,22.21
64311,0.1555,-0.2201,0.8678,-6.14,7.6,-0.08,22.24
64321,0.1571,-0.2189,0.866,-6.2,7.66,-0.05,22.21
64331,0.1559,-0.2169,0.8658,-6.08,7.71,0.0,22.22
64341,0.1542,-0.2177,0.8682,-6.17,7.79,-0.09,22.22
64351,0.1528,-0.2131,0.8694,-6.12,7.83,-0.14,22.2
64361,0.1575,-0.218,0.8666,-6.18,7.77,-0.09,22.22
64371,0.1572,-0.2181,0.8657,-6.24,7.68,-0.11,22.19
64381,0.1587,-0.2188,0.8636,-6.23,7.76,-0.15,22.19
64391,0.1533,-0.218,0.8656,-6.18,7.86,-0.06,22.2
64401,0.153,-0.2181,0.8682,-6.17,7.89,-0.06,22.18
64411,0.1559,-0.2184,0.8652,-6.15,7.86,0.0,22.22
64421,0.1536,-0.2186,0.8668,-6.2,7.71,-0.06,22.23
64431,0.1549,-0.217,0.8652,-6.21,7.6,-0.03,22.22
64441,0.1523,-0.2181,0.8645,-6.21,7.74,-0.06,22.22
64451,0.1528,-0.2194,0.8708,-6.27,7.88,-0.11,22.24
64461,0.1527,-0.2191,0.8682,-6.21,7.97,-0.02,22.2
64471,0.1539,-0.217,0.8682,-6.14,8.03,-0.05,22.22
64481,0.1547,-0.2205,0.8705,-6.15,7.8,-0.12,22.24
64491,0.1515,-0.2218,0.8693,-6.18,7.63,-0.05,22.21
64501,0.1549,-0.2198,0.8688,-6.31,7.59,-0.08,22.21
64511,0.1577,-0.219,0.8658,-6.2,7.74,-0.06,22.22
64521,0.1552,-0.218,0.8689,-6.05,7.83,-0.11,22.21
64531,0.1527,-0.2217,0.8712,-6.06,7.89,-0.11,22.19
64541,0.1534,-0.2175,0.8702,-6.0,7.76,-0.06,22.21
64551,0.1571,-0.2161,0.8685,-6.08,7.6,-0.08,22.2
64561,0.1566,-0.2142,0.8689,-6.26,7.5,-0.18,22.23
64571,0.1522,-0.2155,0.8672,-6.15,7.69,-0.05,22.21
64581,0.1538,-0.2153,0.8655,-6.23,7.95,0.0,22.19
64591,0.1527,-0.2155,0.8639,-6.11,7.92,-0.02,22.22
64601,0.1552,-0.2155,0.8687,-6.18,7.77,-0.17,22.21
64611,0.1509,-0.2152,0.8699,-6.23,7.59,-0.05,22.22
64621,0.1508,-0.2185,0.873,-6.27,7.83,-0.14,22.23
64631,0.1553,-0.222,0.8711,-6.44,8.02,-0.11,22.22
64641,0.1549,-0.2251,0.8641,-6.5,8.2,0.0,22.22
64651,0.1541,-0.2264,0.8654,-6.31,7.97,0.03,22.22
64661,0.1521,-0.2234,0.8683,-6.14,7.71,-0.05,22.23
64671,0.1531,-0.2178,0.866,-5.91,7.44,-0.12,22.21
64681,0.1548,-0.217,0.8694,-5.85,7.47,-0.06,22.22
64691,0.1537,-0.2181,0.8668,-6.14,7.68,-0.08,22.19
64701,0.1541,-0.215,0.873,-6.32,8.02,0.06,22.23
64711,0.1548,-0.2168,0.8723,-6.24,8.09,-0.05,22.19
64721,0.1554,-0.219,0.8685,-6.27,7.82,-0.08,22.21
64731,0.1541,-0.2174,0.8699,-6.17,7.51,-0.03,22.22
64741,0.1562,-0.2186,0.8658,-6.15,7.57,-0.02,22.22
64751,0.1569,-0.2174,0.864,-6.17,7.71,-0.14,22.22
64761,0.1564,-0.2129,0.8691,-6.12,7.82,0.0,22.24
64772,0.1543,-0.2157,0.8684,-6.08,7.89,-0.08,22.2
64783,0.1514,-0.2145,0.8726,-6.26,7.82,-0.11,22.22
64793,0.1572,-0.2191,0.8735,-6.32,7.71,-0.08,22.21
64803,0.1592,-0.2164,0.8673,-6.4,7.68,-0.15,22.22
64813,0.158,-0.2213,0.866,-6.41,7.82,-0.09,22.2
64823,0.1592,-0.2236,0.8651,-6.34,7.94,0.0,22.24
64833,0.1545,-0.2229,0.863,-6.2,7.98,0.02,22.21
64843,0.1545,-0.222,0.8628,-6.14,7.79,-0.05,22.21
64853,0.1538,-0.2186,0.8654,-6.03,7.5,0.05,22.21
64863,0.1537,-0.2179,0.8693,-5.98,7.47,-0.05,22.23
64873,0.1543,-0.2168,0.8651,-6.14,7.71,-0.11,22.21
64883,0.1577,-0.2185,0.8668,-6.21,7.95,-0.11,22.22
64893,0.1553,-0.22,0.8656,-6.23,7.91,-0.05,22.2
64903,0.1478,-0.219,0.8671,-6.27,7.85,-0.11,22.19
64913,0.152,-0.2174,0.8704,-6.14,7.79,-0.06,22.22
64923,0.1531,-0.2181,0.8668,-6.2,7.63,-0.05,22.23
64933,0.1544,-0.2183,0.8657,-6.21,7.65,0.05,22.24
64943,0.1555,-0.2156,0.8655,-6.18,7.69,-0.14,22.22
64953,0.1533,-0.2159,0.865,-6.31,7.91,-0.05,22.21
64963,0.1511,-0.2161,0.8683,-6.32,7.94,0.02,22.22
64973,0.1552,-0.2206,0.8654,-6.24,7.88,-0.08,22.23
64983,0.1548,-0.2196,0.8674,-6.21,7.74,-0.02,22.21
64993,0.1541,-0.2183,0.8691,-6.24,7.76,-0.09,22.26
65003,0.1545,-0.2178,0.8691,-6.27,7.92,-0.03,22.2
65013,0.1523,-0.2177,0.8676,-6.23,7.8,-0.05,22.22
65023,0.1555,-0.2178,0.8685,-6.23,7.79,-0.03,22.21
65033,0.1522,-0.2192,0.8665,-6.11,7.82,-0.09,22.19
65043,0.1562,-0.2157,0.8638,-6.17,7.79,-0.09,22.21
65053,0.1577,-0.2172,0.8632,-6.06,7.74,-0.11,22.2
65063,0.1548,-0.2198,0.8679,-6.18,7.8,-0.06,22.22
65073,0.1533,-0.2194,0.8702,-6.29,7.89,-0.03,22.21
65083,0.1554,-0.219,0.8665,-6.38,7.82,-0.06,22.23
65093,0.1541,-0.2197,0.8655,-6.29,7.74,-0.02,22.2
65103,0.1533,-0.2222,0.8629,-6.11,7.8,-0.06,22.24
65113,0.156,-0.2189,0.868,-6.03,7.85,-0.05,22.2
65123,0.1552,-0.2178,0.8691,-5.95,7.76,-0.05,22.22
65133,0.1537,-0.2175,0.868,-6.11,7.76,-0.08,22.24
65143,0.156,-0.2168,0.8655,-6.18,7.68,-0.06,22.22
65153,0.1536,-0.2133,0.8676,-6.26,7.69,-0.12,22.24
65163,0.155,-0.2167,0.87,-6.34,7.82,-0.08,22.21
65173,0.1532,-0.2156,0.868,-6.27,7.95,-0.08,22.23
65183,0.1525,-0.2175,0.8629,-6.17,7.82,-0.02,22.22
65193,0.1542,-0.2164,0.8671,-6.18,7.71,-0.05,22.24
65203,0.156,-0.2151,0.8634,-6.24,7.62,-0.03,22.21
65213,0.1553,-0.2151,0.8678,-6.24,7.54,-0.08,22.24
65223,0.1552,-0.2139,0.8636,-6.37,7.82,-0.03,22.24
65233,0.1575,-0.2134,0.8619,-6.31,7.97,-0.06,22.23
65243,0.1552,-0.2186,0.8665,-6.27,8.06,-0.15,22.22
65253,0.149,-0.2223,0.8719,-6.27,8.02,-0.11,22.2
65263,0.1511,-0.2229,0.8716,-6.37,7.85,-0.12,22.21
65273,0.1537,-0.2218,0.8695,-6.35,7.69,-0.06,22.23
65283,0.1577,-0.2247,0.8691,-6.37,7.66,-0.11,22.22
65293,0.1552,-0.2249,0.8705,-6.31,7.76,-0.05,22.21
65303,0.1538,-0.223,0.8678,-6.12,7.86,0.0,22.24
65313,0.1531,-0.2203,0.8718,-5.98,7.86,-0.05,22.24
65323,0.1525,-0.2189,0.8713,-6.0,7.74,-0.06,22.22
65333,0.1528,-0.2179,0.8726,-6.15,7.54,-0.03,22.22
65343,0.155,-0.2196,0.8693,-6.29,7.51,-0.05,22.23
65353,0.1572,-0.2181,0.8667,-6.29,7.82,-0.06,22.22
65363,0.1522,-0.2162,0.8644,-6.2,7.89,-0.06,22.23
65373,0.1572,-0.2131,0.8646,-6.05,7.83,-0.06,22.24
65383,0.1571,-0.2153,0.8687,-5.91,7.6,-0.02,22.24
65393,0.1526,-0.2136,0.8723,-5.97,7.62,-0.09,22.23
65403,0.1561,-0.2141,0.874,-6.26,7.8,-0.14,22.21
65413,0.1594,-0.2153,0.8673,-6.49,7.85,-0.09,22.22
65423,0.1595,-0.2166,0.8605,-6.64,7.85,0.0,22.23
65433,0.151,-0.218,0.8606,-6.38,8.05,-0.09,22.22
65443,0.1544,-0.2223,0.8612,-6.05,7.94,0.02,22.22
65453,0.158,-0.2207,0.8636,-5.88,7.57,-0.09,22.23
65463,0.1536,-0.2244,0.8667,-5.95,7.51,-0.06,22.21
65473,0.1555,-0.219,0.8705,-6.09,7.71,-0.03,22.24
65483,0.1555,-0.2152,0.8718,-6.24,7.88,-0.11,22.22
65493,0.1561,-0.2178,0.8645,-6.4,7.82,-0.12,22.2
65503,0.1552,-0.218,0.8628,-6.35,7.73,-0.12,22.22
65513,0.1597,-0.2175,0.8643,-6.08,7.76,-0.05,22.24
65523,0.155,-0.2174,0.8677,-6.05,7.94,-0.09,22.24
65533,0.1556,-0.2173,0.8694,-6.18,7.88,-0.05,22.22
65543,0.1536,-0.2186,0.8627,-6.38,7.83,0.02,22.25
65553,0.1525,-0.2177,0.8625,-6.41,7.73,0.0,22.22
65563,0.1531,-0.2163,0.8607,-6.21,7.85,-0.11,22.24
65573,0.1547,-0.2172,0.8632,-6.09,7.8,-0.03,22.21
65583,0.1512,-0.2181,0.8685,-5.98,7.8,-0.02,22.22
65593,0.1556,-0.2211,0.8706,-6.12,7.91,-0.05,22.23
65603,0.1533,-0.2195,0.8678,-6.46,7.91,-0.02,22.23
65613,0.1525,-0.2206,0.87,-6.49,7.77,-0.09,22.22
65623,0.1512,-0.2216,0.8685,-6.43,7.77,-0.03,22.23
65633,0.1552,-0.2229,0.8723,-6.2,7.85,-0.06,22.23
65643,0.1555,-0.2186,0.8674,-6.0,7.88,-0.06,22.24
65653,0.1533,-0.2169,0.8696,-6.03,7.73,0.0,22.23
65663,0.1554,-0.2201,0.8685,-6.2,7.59,-0.06,22.21
65673,0.1565,-0.2173,0.8693,-6.26,7.6,-0.11,22.22
65683,0.1531,-0.2145,0.8669,-6.29,7.8,-0.03,22.2
65693,0.1555,-0.2146,0.8641,-6.17,7.89,0.0,22.24
65703,0.1548,-0.2166,0.8627,-6.15,7.91,0.0,22.2
65713,0.1514,-0.2177,0.8701,-6.11,7.86,-0.02,22.22
65723,0.1539,-0.217,0.8682,-6.14,7.73,-0.02,22.23
65733,0.1553,-0.2139,0.8678,-6.23,7.74,-0.09,22.24
65743,0.1569,-0.2155,0.871,-6.31,7.85,0.02,22.2
65753,0.1567,-0.2162,0.8678,-6.44,7.86,0.02,22.23
65763,0.1504,-0.2153,0.8687,-6.29,7.94,-0.09,22.23
65773,0.1506,-0.2177,0.8661,-6.17,7.83,-0.08,22.22
65783,0.1556,-0.2196,0.8671,-6.09,7.65,0.0,22.23
65793,0.1545,-0.2158,0.8647,-6.08,7.63,-0.05,22.24
65803,0.1553,-0.2192,0.8671,-6.34,7.74,-0.09,22.22
65813,0.155,-0.219,0.8671,-6.38,7.89,-0.12,22.23
65823,0.1562,-0.223,0.8647,-6.35,7.89,0.0,22.26
65833,0.1571,-0.2186,0.8643,-6.2,7.86,-0.05,22.23
65843,0.1541,-0.2192,0.8665,-6.06,7.79,-0.06,22.22
65853,0.1527,-0.2217,0.8713,-6.17,7.74,0.03,22.23
65863,0.1538,-0.2209,0.8716,-6.21,7.8,-0.02,22.19
65873,0.1552,-0.2157,0.8682,-6.29,7.86,-0.08,22.23
65883,0.1517,-0.2175,0.8678,-6.31,7.88,-0.08,22.24
65893,0.1566,-0.2194,0.8699,-6.21,7.83,-0.11,22.24
65903,0.1526,-0.2184,0.8644,-6.15,7.76,-0.09,22.22
65913,0.1525,-0.2164,0.8723,-6.11,7.74,-0.09,22.21
65923,0.1543,-0.2186,0.8707,-6.18,7.85,-0.08,22.23
65933,0.1528,-0.218,0.8694,-6.21,7.86,-0.09,22.23
65943,0.1554,-0.2214,0.8688,-6.23,7.8,-0.06,22.26
65953,0.1541,-0.2208,0.8671,-6.21,7.82,-0.09,22.21
65963,0.1545,-0.2183,0.8704,-6.21,7.85,-0.03,22.21
65973,0.1509,-0.2189,0.874,-6.12,7.69,0.02,22.24
65983,0.1515,-0.2151,0.8719,-6.11,7.82,0.05,22.24
65993,0.1533,-0.2194,0.8682,-6.17,7.82,-0.05,22.22
66003,0.155,-0.219,0.8689,-6.31,7.91,-0.09,22.24
66013,0.1576,-0.2184,0.8661,-6.23,7.83,-0.02,22.24
66023,0.1571,-0.2208,0.8662,-6.18,7.76,-0.11,22.24
66033,0.1509,-0.2196,0.8662,-6.09,7.77,0.0,22.24
66043,0.1538,-0.2198,0.8689,-6.03,7.76,0.05,22.23
66053,0.1538,-0.2184,0.8667,-6.09,7.86,0.03,22.24
66063,0.1501,-0.2147,0.8655,-6.18,7.88,-0.02,22.23
66073,0.1527,-0.2146,0.8665,-6.21,7.89,-0.05,22.25
66083,0.1553,-0.2158,0.8691,-6.27,7.89,-0.08,22.22
66093,0.1506,-0.2167,0.8691,-6.27,7.88,-0.06,22.24
66103,0.1526,-0.2185,0.8629,-6.17,7.8,0.02,22.25
66113,0.1549,-0.2189,0.8679,-6.2,7.82,-0.08,22.23
66123,0.1515,-0.217,0.8668,-6.21,7.79,-0.11,22.24
66133,0.1543,-0.2164,0.8683,-6.17,7.71,-0.05,22.24
66143,0.156,-0.2153,0.8691,-6.24,7.79,-0.05,22.24
66153,0.1577,-0.2173,0.8706,-6.31,7.86,-0.03,22.25
66163,0.1562,-0.2173,0.8655,-6.23,7.89,-0.05,22.23
66173,0.1537,-0.2189,0.8698,-6.17,7.77,-0.03,22.24
66183,0.1528,-0.2186,0.8678,-6.23,7.76,0.02,22.23
66193,0.1516,-0.2152,0.8678,-6.31,7.76,-0.08,22.22
66203,0.1561,-0.2183,0.8671,-6.29,7.71,-0.09,22.23
66213,0.1543,-0.2163,0.8661,-6.29,7.74,-0.09,22.23
66223,0.1519,-0.2216,0.8646,-6.24,7.92,-0.11,22.22
66233,0.1522,-0.2197,0.8665,-6.15,7.89,-0.11,22.24
66243,0.1552,-0.2205,0.8722,-6.12,7.86,-0.08,22.24
66253,0.1541,-0.218,0.8704,-6.17,7.82,-0.03,22.24
66263,0.1539,-0.2228,0.8699,-6.21,7.66,0.02,22.24
66273,0.1547,-0.2202,0.8684,-6.31,7.74,-0.06,22.25
66283,0.1548,-0.2183,0.8629,-6.27,7.68,0.02,22.24
66293,0.1527,-0.2184,0.8632,-6.11,7.66,0.03,22.25
66303,0.1552,-0.219,0.8654,-6.05,7.71,-0.05,22.27
66313,0.157,-0.2186,0.8708,-5.95,7.6,-0.14,22.23
66323,0.1554,-0.2189,0.8704,-6.15,7.57,-0.11,22.27
66333,0.1565,-0.2196,0.8696,-6.21,7.8,-0.06,22.25
66359,0.1547,-0.2139,0.8622,-6.21,7.73,-0.02,22.25
66369,0.1532,-0.2156,0.8651,-6.14,7.53,-0.09,22.21
66379,0.1548,-0.2164,0.8646,-6.15,7.56,-0.12,22.22
66389,0.1538,-0.2147,0.8693,-6.14,7.8,-0.08,22.21
66399,0.152,-0.2111,0.8644,-6.2,8.03,-0.09,22.24
66409,0.1533,-0.2172,0.8674,-6.31,8.05,0.03,22.23
66419,0.1522,-0.2169,0.8677,-6.4,7.88,-0.06,22.24
66429,0.1537,-0.219,0.8666,-6.41,7.71,-0.09,22.25
66439,0.1559,-0.224,0.8634,-6.35,7.6,-0.02,22.26
66449,0.1589,-0.2251,0.8669,-6.31,7.69,-0.05,22.25
66459,0.1575,-0.223,0.8627,-6.18,7.86,-0.02,22.24
66469,0.1528,-0.2212,0.8667,-6.08,7.98,0.03,22.26
66479,0.1505,-0.2212,0.8674,-6.09,7.88,0.0,22.23
66489,0.1525,-0.2197,0.8661,-6.03,7.66,-0.03,22.24
66499,0.1543,-0.2194,0.8694,-6.23,7.57,-0.05,22.26
66509,0.1547,-0.2173,0.8727,-6.34,7.73,-0.15,22.25
66519,0.1549,-0.2183,0.8687,-6.29,7.86,-0.09,22.26
66529,0.1567,-0.2173,0.8658,-6.27,7.91,-0.09,22.25
66539,0.1536,-0.2174,0.8672,-6.24,7.92,-0.12,22.25
66549,0.1553,-0.2192,0.8679,-6.12,7.71,-0.08,22.25
66559,0.1564,-0.2166,0.8647,-6.2,7.54,-0.08,22.24
66569,0.1567,-0.2184,0.8668,-6.17,7.65,-0.12,22.23
66579,0.1554,-0.2177,0.8652,-6.2,7.83,-0.08,22.23
66589,0.1549,-0.2188,0.8671,-6.31,8.02,0.0,22.24
66599,0.1533,-0.2184,0.8676,-6.17,8.06,-0.03,22.26
66609,0.1532,-0.2194,0.8712,-6.12,7.83,-0.08,22.24
66619,0.1538,-0.2173,0.8701,-6.11,7.73,-0.05,22.24
66629,0.1526,-0.2144,0.8716,-6.2,7.63,-0.11,22.23
66639,0.1575,-0.2179,0.8644,-6.37,7.73,-0.12,22.22
66649,0.1547,-0.2177,0.8679,-6.38,7.88,-0.03,22.25
66659,0.153,-0.218,0.8627,-6.32,7.89,-0.06,22.24
66669,0.1527,-0.2159,0.8629,-6.18,7.83,-0.08,22.25
66679,0.1532,-0.215,0.8597,-6.2,7.73,-0.08,22.25
66689,0.1521,-0.2131,0.8569,-6.18,7.68,-0.17,22.24
66699,0.1512,-0.2158,0.8593,-6.17,7.6,-0.14,22.24
66709,0.1565,-0.2203,0.8655,-5.91,7.63,-0.12,22.23
66719,0.1663,-0.2192,0.8779,-5.59,7.85,0.03,22.24
66729,0.161,-0.2222,0.89,-5.53,7.94,0.06,22.24
66739,0.161,-0.223,0.8975,-6.34,7.91,-0.03,22.24
66749,0.1573,-0.2189,0.8818,-7.08,7.77,-0.06,22.24
66759,0.1558,-0.2177,0.8586,-7.34,7.79,-0.08,22.24
66769,0.1527,-0.2184,0.8472,-6.9,8.14,-0.08,22.22
66779,0.1471,-0.2152,0.8477,-6.14,8.26,0.08,22.23
66789,0.1417,-0.2137,0.8524,-5.59,8.08,0.12,22.25
66799,0.1401,-0.2166,0.8636,-5.54,7.62,-0.06,22.24
66809,0.1447,-0.2159,0.8706,-5.98,7.1,-0.2,22.23
66819,0.1532,-0.2194,0.8699,-6.17,6.89,-0.24,22.24
66829,0.1611,-0.215,0.8657,-6.26,7.36,-0.09,22.23
66839,0.1602,-0.2157,0.865,-6.11,7.98,0.03,22.23
66849,0.1594,-0.2178,0.8729,-5.92,8.31,0.02,22.24
66859,0.1545,-0.2164,0.8793,-5.95,8.08,0.06,22.24
66869,0.15,-0.2107,0.8799,-6.03,7.56,-0.08,22.26
66879,0.1599,-0.2175,0.875,-6.4,7.19,-0.2,22.25
66889,0.1652,-0.2213,0.8644,-6.82,7.57,-0.11,22.25
66899,0.1575,-0.2239,0.8632,-6.87,8.34,0.05,22.24
66909,0.1545,-0.2222,0.859,-6.58,8.67,0.09,22.24
66919,0.1483,-0.2175,0.8562,-5.89,8.14,0.02,22.22
66929,0.1466,-0.2163,0.8645,-5.5,7.33,-0.06,22.24
66939,0.1503,-0.2128,0.8695,-5.57,6.99,-0.14,22.26
66949,0.1562,-0.214,0.8693,-6.17,7.56,-0.12,22.26
66959,0.1552,-0.2162,0.8668,-6.84,8.23,-0.05,22.22
66969,0.1522,-0.2188,0.8616,-6.75,8.41,0.0,22.24
66979,0.1473,-0.2201,0.861,-6.4,8.03,-0.03,22.24
66989,0.1493,-0.2184,0.8636,-5.69,7.36,-0.18,22.24
66999,0.1555,-0.2162,0.868,-5.45,6.96,-0.14,22.23
67009,0.1559,-0.2131,0.8718,-5.89,7.31,-0.11,22.23
67019,0.1584,-0.214,0.8735,-6.38,7.82,-0.17,22.23
67029,0.1577,-0.22,0.8668,-6.61,8.15,-0.14,22.25
67039,0.1559,-0.2208,0.8674,-6.5,8.03,-0.11,22.24
67049,0.157,-0.2194,0.8649,-6.27,7.63,-0.09,22.24
67059,0.1554,-0.2197,0.8644,-6.02,7.54,-0.05,22.26
67069,0.156,-0.2201,0.8641,-6.05,7.68,-0.05,22.25
67079,0.1548,-0.2167,0.8673,-6.15,7.95,-0.05,22.24
67089,0.1545,-0.2198,0.8713,-6.27,8.14,-0.09,22.25
67099,0.1503,-0.2179,0.8685,-6.31,7.95,-0.02,22.25
67109,0.151,-0.2174,0.8674,-6.18,7.68,-0.02,22.25
67119,0.1545,-0.2179,0.8708,-6.06,7.48,-0.14,22.24
67129,0.1553,-0.2189,0.873,-5.97,7.54,-0.12,22.22
67139,0.1556,-0.2177,0.8739,-6.09,7.8,-0.05,22.25
67149,0.1552,-0.2185,0.8713,-6.26,8.0,0.0,22.22
67159,0.1534,-0.2141,0.8677,-6.43,8.0,0.0,22.24
67169,0.1489,-0.2163,0.8673,-6.34,7.86,-0.06,22.23
67179,0.1521,-0.2172,0.8627,-6.27,7.65,-0.03,22.26
67189,0.1532,-0.2196,0.8682,-6.14,7.66,-0.09,22.24
67199,0.1534,-0.2169,0.8615,-5.92,7.82,-0.08,22.27
67209,0.1527,-0.2177,0.8655,-6.02,7.88,0.0,22.25
67219,0.1515,-0.22,0.868,-6.11,7.94,-0.05,22.25
67229,0.1543,-0.2211,0.8701,-6.34,7.82,-0.12,22.25
67239,0.1573,-0.2241,0.8656,-6.27,7.65,-0.12,22.25
67249,0.1561,-0.2185,0.8622,-6.17,7.66,-0.09,22.24
67259,0.1564,-0.2217,0.8695,-6.06,7.85,-0.11,22.24
67269,0.1561,-0.2197,0.8702,-6.02,7.83,-0.05,22.26
67279,0.1548,-0.2155,0.8682,-6.27,7.94,-0.03,22.26
67289,0.1561,-0.2272,0.8671,-6.32,7.54,-0.06,22.21
67328,0.1449,-0.2183,0.8723,-5.85,7.44,0.21,22.25
67339,0.15,-0.2039,0.8695,-5.97,8.05,0.09,22.25
67349,0.1572,-0.2147,0.874,-6.24,8.43,-0.35,22.24
67359,0.1544,-0.2313,0.8837,-6.31,7.28,-0.11,22.26
67369,0.1536,-0.2188,0.8702,-6.29,7.07,0.12,22.22
67379,0.1517,-0.2053,0.863,-6.41,8.4,-0.23,22.23
67389,0.153,-0.2189,0.8644,-6.24,8.2,-0.24,22.24
67399,0.1482,-0.2206,0.8763,-6.18,7.34,0.11,22.23
67409,0.1481,-0.2144,0.8689,-6.17,7.69,0.0,22.25
67419,0.1479,-0.2135,0.8685,-6.02,8.0,-0.21,22.22
67429,0.1498,-0.2159,0.8752,-6.02,7.76,-0.05,22.25
67439,0.155,-0.215,0.8767,-6.18,7.77,-0.02,22.24
67449,0.1536,-0.2144,0.8651,-6.26,7.89,-0.03,22.26
67459,0.1525,-0.2142,0.869,-6.26,8.0,-0.05,22.24
67469,0.1536,-0.2177,0.868,-6.29,7.95,-0.06,22.24
67479,0.1514,-0.217,0.8651,-6.24,7.79,-0.06,22.23
67489,0.1515,-0.2163,0.8672,-6.2,7.74,-0.08,22.24
67499,0.1511,-0.2206,0.8651,-6.14,7.74,0.06,22.24
67509,0.1504,-0.2174,0.8645,-6.23,7.86,-0.03,22.24
67519,0.1555,-0.2134,0.8679,-6.11,8.02,-0.09,22.24
67529,0.1522,-0.2167,0.8673,-6.17,7.88,-0.17,22.25
67539,0.1539,-0.2202,0.8722,-6.29,7.71,-0.11,22.23
67549,0.1538,-0.2211,0.8651,-6.12,7.54,-0.02,22.24
67559,0.1559,-0.2113,0.8621,-6.21,7.86,-0.06,22.24
67569,0.1531,-0.2174,0.8651,-6.11,7.91,-0.15,22.26
67579,0.1552,-0.2225,0.8673,-6.21,7.73,-0.09,22.24
67589,0.1547,-0.2128,0.8657,-6.18,7.77,0.0,22.23
67599,0.1564,-0.2198,0.8721,-6.12,8.03,-0.11,22.24
67609,0.1583,-0.2169,0.8696,-6.27,7.89,-0.23,22.25
67619,0.1558,-0.2214,0.8679,-6.27,7.57,0.02,22.22
67629,0.1559,-0.2178,0.8618,-6.6,7.92,-0.11,22.23
67639,0.1571,-0.2158,0.8656,-6.23,7.94,-0.17,22.23
67649,0.1547,-0.222,0.8683,-5.91,7.74,-0.02,22.23
67659,0.153,-0.2178,0.8682,-6.11,7.56,-0.08,22.27
67669,0.1548,-0.2112,0.8719,-5.95,7.51,-0.08,22.27
67679,0.157,-0.2139,0.8776,-6.27,7.77,-0.11,22.28
67689,0.156,-0.2196,0.8757,-6.35,7.86,0.03,22.25
67699,0.155,-0.2183,0.8776,-6.17,7.88,0.11,22.24
67709,0.1558,-0.2163,0.8688,-6.46,8.11,-0.14,22.24
67719,0.1536,-0.2192,0.8687,-6.61,7.83,0.0,22.25
67729,0.1533,-0.2216,0.8649,-6.58,7.57,-0.12,22.25
67739,0.1567,-0.2218,0.8604,-6.27,7.56,-0.03,22.24
67749,0.1545,-0.2224,0.8601,-6.32,7.91,0.0,22.26
67759,0.1572,-0.2225,0.8593,-6.27,7.91,-0.06,22.25
67769,0.152,-0.2185,0.8597,-6.17,7.77,-0.03,22.24
67779,0.1538,-0.2181,0.859,-6.03,7.65,-0.05,22.24
67789,0.1539,-0.2177,0.8655,-6.06,7.73,-0.17,22.25
67799,0.1553,-0.2179,0.866,-6.11,7.63,-0.09,22.26
67809,0.1567,-0.2167,0.8654,-6.26,7.77,-0.06,22.23
67819,0.1544,-0.2163,0.8655,-6.34,7.95,-0.03,22.26
67829,0.1556,-0.2183,0.8726,-6.27,8.12,0.02,22.23
67839,0.1534,-0.2225,0.8678,-6.26,7.97,-0.05,22.24
67849,0.1515,-0.2205,0.869,-6.31,7.8,-0.08,22.26
67859,0.1536,-0.2198,0.8693,-6.12,7.68,-0.12,22.25
67869,0.156,-0.2213,0.874,-6.21,7.76,-0.11,22.27
67879,0.1543,-0.2216,0.8694,-6.26,7.88,-0.06,22.27
67889,0.153,-0.2228,0.8702,-6.27,7.91,-0.11,22.25
67899,0.1526,-0.2241,0.8696,-6.23,7.83,-0.03,22.26
67909,0.1554,-0.2222,0.8713,-6.29,7.77,-0.02,22.27
67919,0.1572,-0.2224,0.8683,-6.29,7.73,-0.03,22.24
67929,0.1548,-0.2228,0.8708,-6.09,7.89,0.03,22.26
67939,0.1536,-0.2184,0.866,-6.14,7.92,0.05,22.26
67949,0.1506,-0.2174,0.8634,-6.06,7.76,-0.06,22.26
67959,0.1525,-0.2186,0.8634,-6.11,7.68,0.02,22.24
67969,0.1528,-0.2191,0.8688,-6.18,7.63,-0.03,22.26
67979,0.1552,-0.2175,0.8618,-6.2,7.62,-0.03,22.27
67989,0.1531,-0.2175,0.8657,-6.21,7.73,-0.08,22.27
67999,0.1545,-0.2177,0.8611,-6.26,7.85,0.0,22.27
68009,0.1561,-0.2141,0.8634,-6.2,7.85,0.05,22.26
68019,0.1556,-0.212,0.8652,-6.17,7.8,-0.06,22.25
68029,0.1549,-0.2144,0.8654,-6.2,7.74,-0.12,22.25
68039,0.1553,-0.2122,0.8627,-6.29,7.85,-0.05,22.25
68049,0.1501,-0.2169,0.8652,-6.38,7.82,0.03,22.24
68059,0.1541,-0.2159,0.863,-6.23,7.79,-0.02,22.26
68069,0.1515,-0.2152,0.8635,-6.18,7.86,-0.06,22.27
68079,0.1542,-0.2156,0.8677,-6.03,7.88,0.06,22.24
68089,0.1525,-0.2163,0.8698,-6.06,7.76,-0.06,22.27
68099,0.1523,-0.215,0.8739,-6.12,7.73,-0.05,22.25
68109,0.157,-0.215,0.8677,-6.31,7.83,-0.06,22.26
68119,0.1545,-0.2175,0.8685,-6.21,7.71,-0.08,22.26
68129,0.1565,-0.2196,0.8724,-6.37,7.74,-0.11,22.27
68139,0.1522,-0.2203,0.8669,-6.27,7.82,-0.08,22.27
68149,0.1531,-0.2223,0.863,-6.14,7.91,-0.03,22.28
68159,0.1541,-0.2205,0.8695,-6.08,7.88,-0.03,22.25
68169,0.1543,-0.2203,0.8707,-6.11,7.85,-0.08,22.26
68179,0.1522,-0.2184,0.8715,-6.09,7.69,-0.08,22.26
68189,0.1533,-0.2185,0.8688,-6.17,7.68,-0.11,22.25
68199,0.1537,-0.2235,0.8674,-6.26,7.69,-0.05,22.27
68209,0.1537,-0.2195,0.8655,-6.23,7.85,-0.09,22.26
68219,0.155,-0.2202,0.8713,-6.18,7.89,0.02,22.28
68229,0.1527,-0.2129,0.8597,-6.23,7.89,-0.09,22.25
68239,0.1543,-0.2172,0.8716,-6.27,7.79,-0.14,22.24
68249,0.1541,-0.2197,0.8652,-6.5,7.65,-0.11,22.25
68259,0.1537,-0.2175,0.8655,-6.26,7.76,0.03,22.26
68269,0.1575,-0.2188,0.8668,-6.2,7.97,-0.08,22.26
68279,0.1542,-0.2218,0.866,-6.24,7.83,-0.03,22.26
68289,0.1519,-0.2191,0.8651,-6.08,7.54,0.02,22.26
68299,0.1569,-0.219,0.8678,-6.18,7.74,0.02,22.26
68309,0.1564,-0.2198,0.8667,-6.29,7.83,-0.08,22.24
68319,0.1541,-0.2172,0.8641,-6.18,7.83,0.0,22.24
68329,0.156,-0.2172,0.8669,-6.11,7.88,0.02,22.26
68339,0.1522,-0.2177,0.8704,-6.06,7.83,-0.05,22.27
68349,0.1526,-0.2196,0.8711,-6.17,7.56,-0.11,22.28
68359,0.1562,-0.2178,0.8663,-6.15,7.44,-0.14,22.25
68369,0.1589,-0.2178,0.865,-6.08,7.73,-0.06,22.25
68379,0.1561,-0.2191,0.8702,-6.09,8.18,0.03,22.24
68389,0.1539,-0.2152,0.8733,-6.23,8.35,0.03,22.26
68399,0.149,-0.2144,0.8765,-6.18,8.0,0.0,22.28
68409,0.1461,-0.22,0.8762,-6.38,7.59,-0.08,22.27
68419,0.1504,-0.2144,0.8652,-6.6,7.4,-0.21,22.27
68429,0.1511,-0.2174,0.8586,-6.61,7.44,-0.12,22.28
68439,0.1523,-0.2197,0.859,-6.41,7.8,-0.14,22.26
68449,0.1549,-0.2173,0.8561,-6.27,8.02,-0.05,22.26
68459,0.1561,-0.2159,0.8617,-5.91,7.98,0.0,22.26
68469,0.1575,-0.2179,0.8723,-5.44,7.6,0.0,22.27
68479,0.1553,-0.2188,0.8826,-5.69,7.36,-0.12,22.25
68489,0.1611,-0.2174,0.8777,-6.41,7.27,-0.24,22.23
68499,0.1599,-0.2183,0.8644,-6.92,7.37,-0.14,22.25
68509,0.1603,-0.2235,0.8512,-7.1,7.92,-0.11,22.27
68519,0.1587,-0.2234,0.8518,-6.31,8.6,0.08,22.26
68529,0.1522,-0.2227,0.8718,-5.24,8.67,0.17,22.27
68539,0.1472,-0.217,0.8904,-4.82,8.17,0.06,22.27
68549,0.1405,-0.2111,0.8995,-5.79,7.34,-0.11,22.25
68559,0.1459,-0.2112,0.8857,-7.07,6.78,-0.34,22.25
68569,0.1504,-0.2139,0.8589,-7.71,7.08,-0.35,22.28
68579,0.155,-0.2192,0.8417,-7.34,7.88,-0.09,22.27
68589,0.1582,-0.2156,0.8374,-6.18,8.38,-0.03,22.23
68599,0.1586,-0.2184,0.8492,-4.96,8.26,0.11,22.25
68609,0.1542,-0.2124,0.871,-4.85,7.74,0.0,22.24
68619,0.1599,-0.2113,0.8823,-5.8,7.08,-0.09,22.26
68629,0.1641,-0.2169,0.8859,-6.47,7.18,-0.12,22.25
68639,0.1675,-0.2192,0.8734,-7.11,7.85,-0.05,22.26
68649,0.16,-0.2229,0.869,-7.08,8.5,-0.02,22.24
68659,0.1511,-0.2251,0.8621,-6.4,8.56,0.06,22.26
68669,0.1439,-0.2244,0.8708,-5.89,8.09,0.02,22.27
68679,0.1466,-0.2201,0.8761,-5.59,7.31,-0.09,22.26
68689,0.15,-0.2152,0.8735,-6.06,7.15,-0.12,22.25
68699,0.1527,-0.2164,0.8717,-6.58,7.71,-0.12,22.26
68709,0.1523,-0.2183,0.8627,-7.01,8.32,-0.06,22.26
68719,0.1477,-0.2207,0.8561,-6.82,8.4,-0.06,22.26
68729,0.1465,-0.224,0.8575,-6.24,7.85,-0.08,22.25
68739,0.1497,-0.2236,0.8617,-5.56,7.21,-0.21,22.26
68749,0.1558,-0.219,0.8665,-5.33,6.93,-0.11,22.23
68759,0.1616,-0.2192,0.8746,-5.68,7.5,0.05,22.24
68769,0.1605,-0.2162,0.8748,-6.2,8.18,0.05,22.25
68779,0.1549,-0.2197,0.8762,-6.63,8.56,0.05,22.27
68789,0.1514,-0.2235,0.8683,-6.63,8.03,-0.05,22.3
68799,0.1531,-0.222,0.8643,-6.38,7.45,-0.15,22.28
68809,0.1595,-0.2203,0.8572,-5.94,7.1,-0.12,22.26
68819,0.1613,-0.2188,0.8578,-5.83,7.39,-0.14,22.27
68829,0.1584,-0.2167,0.8629,-6.03,7.98,0.06,22.25
68839,0.156,-0.2174,0.8708,-6.15,8.23,0.08,22.26
68849,0.1515,-0.2133,0.8618,-6.12,7.92,-0.03,22.25
68859,0.1543,-0.2156,0.8654,-6.02,7.53,-0.09,22.25
68869,0.1526,-0.213,0.8683,-6.14,7.42,-0.11,22.24
68879,0.1543,-0.2148,0.8662,-6.14,7.69,-0.08,22.24
68889,0.1592,-0.2141,0.8695,-6.17,7.94,-0.02,22.25
68899,0.1519,-0.2181,0.8691,-6.26,8.09,-0.02,22.27
68909,0.1471,-0.2169,0.8722,-6.34,7.85,-0.06,22.26
68919,0.1541,-0.2177,0.8698,-6.37,7.42,-0.14,22.26
68929,0.1613,-0.2157,0.8599,-6.27,7.24,-0.11,22.27
68939,0.1569,-0.2158,0.8633,-6.12,7.62,-0.08,22.26
68949,0.1522,-0.2112,0.8702,-5.98,8.14,0.12,22.28
68959,0.1493,-0.2124,0.8695,-6.2,8.15,-0.02,22.28
68969,0.1508,-0.2156,0.8696,-6.46,7.8,-0.09,22.25
68979,0.1511,-0.2184,0.869,-6.56,7.56,-0.17,22.23
68989,0.1523,-0.2224,0.8684,-6.49,7.65,-0.15,22.24
68999,0.1522,-0.2249,0.8663,-6.38,8.14,-0.06,22.24
69009,0.1492,-0.2261,0.8715,-6.29,8.31,0.0,22.26
69019,0.1519,-0.2258,0.8702,-6.17,7.94,-0.03,22.26
69029,0.1536,-0.2235,0.8722,-6.06,7.37,-0.14,22.24
69039,0.1556,-0.2224,0.8694,-6.02,7.15,-0.12,22.26
69049,0.1588,-0.2177,0.8687,-5.91,7.39,-0.03,22.26
69059,0.1614,-0.2153,0.869,-5.97,7.98,-0.02,22.27
69069,0.1526,-0.2148,0.8661,-6.08,8.11,-0.03,22.23
69079,0.1505,-0.2156,0.8724,-6.31,8.06,0.03,22.23
69089,0.1525,-0.2142,0.8656,-6.37,7.76,-0.08,22.27
69099,0.1523,-0.217,0.8632,-6.35,7.57,-0.23,22.29
69109,0.1597,-0.2178,0.8622,-6.29,7.68,-0.06,22.28
69119,0.16,-0.2174,0.8596,-6.18,7.94,-0.02,22.24
69129,0.1567,-0.2183,0.8689,-5.94,8.14,0.06,22.25
69139,0.1519,-0.2169,0.8673,-5.83,8.06,0.0,22.27
69149,0.1552,-0.2177,0.8724,-5.92,7.63,0.02,22.27
69159,0.1521,-0.2169,0.8766,-6.14,7.48,-0.03,22.29
69169,0.1565,-0.2167,0.8661,-6.44,7.68,-0.08,22.26
69179,0.1537,-0.2203,0.8634,-6.38,8.05,-0.05,22.27
69189,0.1505,-0.2185,0.8668,-6.34,8.11,-0.05,22.27
69199,0.1506,-0.2177,0.8644,-6.06,7.88,-0.08,22.27
69209,0.1505,-0.2168,0.8735,-5.97,7.69,-0.14,22.24
69219,0.1508,-0.217,0.8694,-6.03,7.39,-0.17,22.25
69229,0.1562,-0.2153,0.8694,-6.24,7.39,-0.24,22.27
69239,0.1589,-0.2168,0.8634,-6.47,7.71,-0.15,22.26
69249,0.1555,-0.2185,0.8652,-6.38,8.03,-0.11,22.26
69259,0.153,-0.2167,0.8645,-6.24,7.95,-0.02,22.27
69269,0.1559,-0.2161,0.8699,-6.05,7.76,-0.09,22.29
69279,0.1545,-0.2192,0.8708,-6.23,7.54,-0.05,22.27
69289,0.1577,-0.218,0.8684,-6.34,7.53,-0.05,22.26
69299,0.1577,-0.2207,0.8639,-6.44,7.82,-0.05,22.26
69309,0.1542,-0.2219,0.8671,-6.47,8.02,-0.09,22.25
69319,0.1549,-0.2168,0.8688,-6.34,8.05,-0.06,22.24
69329,0.1503,-0.2188,0.8634,-6.15,7.77,-0.05,22.26
69339,0.1531,-0.2192,0.8623,-6.08,7.51,-0.09,22.27
69349,0.1545,-0.2164,0.866,-6.06,7.44,-0.03,22.28
69359,0.1553,-0.2185,0.868,-6.2,7.73,-0.11,22.27
69369,0.1559,-0.2177,0.8679,-6.37,7.92,-0.08,22.28
69379,0.1539,-0.2183,0.8644,-6.35,7.95,-0.03,22.27
69389,0.1539,-0.2162,0.8652,-6.14,7.8,-0.08,22.28
69399,0.1515,-0.2161,0.87,-5.98,7.5,-0.06,22.27
69409,0.153,-0.2145,0.8651,-6.02,7.33,-0.18,22.27
69419,0.1587,-0.2109,0.8682,-6.14,7.4,-0.12,22.26
69429,0.1595,-0.214,0.8661,-6.35,7.71,-0.06,22.27
69439,0.1573,-0.2145,0.8641,-6.38,8.09,-0.09,22.27
69449,0.1521,-0.2144,0.8627,-6.41,8.17,-0.11,22.29
69459,0.1523,-0.2192,0.8652,-6.21,7.92,-0.03,22.26
69469,0.1499,-0.219,0.8684,-6.21,7.71,-0.12,22.28
69479,0.1527,-0.2178,0.8695,-6.12,7.54,-0.09,22.27
69489,0.1538,-0.2166,0.8689,-6.26,7.53,-0.14,22.26
69499,0.1545,-0.2161,0.8655,-6.38,7.74,-0.12,22.29
69509,0.152,-0.2186,0.8661,-6.44,7.95,-0.09,22.27
69519,0.153,-0.2194,0.8679,-6.44,8.0,-0.06,22.27
69529,0.1537,-0.2223,0.8661,-6.29,7.91,-0.02,22.28
69539,0.1516,-0.226,0.8704,-6.12,7.79,-0.05,22.27
69549,0.156,-0.2246,0.8706,-6.09,7.56,-0.05,22.26
69559,0.1558,-0.2229,0.8666,-6.14,7.59,-0.12,22.27
69569,0.157,-0.2197,0.8682,-6.27,7.65,-0.05,22.26
69579,0.1592,-0.2192,0.8701,-6.21,7.73,-0.08,22.27
69589,0.1564,-0.2167,0.8673,-6.17,7.92,0.02,22.28
69599,0.155,-0.2195,0.8667,-6.18,7.85,-0.05,22.28
69609,0.1543,-0.2175,0.8677,-6.26,7.85,-0.05,22.27
69619,0.1519,-0.2192,0.8665,-6.21,7.66,-0.06,22.28
69629,0.1536,-0.2181,0.8682,-6.24,7.71,-0.06,22.27
69639,0.151,-0.2188,0.8658,-6.23,7.85,0.03,22.27
69649,0.1527,-0.2201,0.8638,-6.14,7.85,0.02,22.27
69659,0.1519,-0.2152,0.868,-6.15,7.79,-0.02,22.24
69669,0.1519,-0.2188,0.8677,-6.27,7.66,-0.08,22.27
69679,0.1538,-0.2164,0.865,-6.26,7.65,-0.06,22.25
69689,0.1583,-0.2192,0.8679,-6.4,7.68,-0.03,22.27
69699,0.1528,-0.2191,0.8658,-6.26,7.86,-0.05,22.27
69709,0.1575,-0.2211,0.866,-6.29,7.94,0.0,22.27
69719,0.1539,-0.2249,0.8654,-6.24,7.94,0.03,22.27
69729,0.1558,-0.2246,0.8658,-6.11,7.82,-0.05,22.26
69739,0.1554,-0.2225,0.8665,-6.09,7.76,0.0,22.28
69749,0.1548,-0.2207,0.8647,-6.02,7.82,-0.02,22.29
69759,0.1562,-0.2191,0.8668,-6.09,7.83,-0.06,22.26
69769,0.1552,-0.2223,0.8646,-6.09,7.89,-0.03,22.25
69779,0.1497,-0.2214,0.8684,-6.05,7.88,-0.02,22.26
69789,0.1503,-0.2174,0.868,-6.08,7.73,0.0,22.27
69799,0.1516,-0.2183,0.8677,-6.03,7.63,-0.09,22.27
69809,0.1572,-0.2179,0.8634,-6.12,7.69,-0.05,22.29
69819,0.1576,-0.2203,0.861,-6.12,7.69,-0.06,22.28
69829,0.1595,-0.2175,0.8667,-6.09,7.82,0.05,22.27
69839,0.1531,-0.217,0.8718,-6.15,7.95,-0.08,22.27
69849,0.1543,-0.2173,0.8683,-6.06,7.71,0.02,22.26
69859,0.1559,-0.2144,0.8691,-6.05,7.63,-0.05,22.27
69869,0.1152,-0.1986,0.8994,-6.2,8.79,-0.09,22.25
69879,0.1343,-0.2104,0.8899,-6.09,9.16,-0.12,22.24
69889,0.1705,-0.2201,0.8636,-5.86,7.24,0.17,22.27
69899,0.1654,-0.2081,0.8573,-5.91,6.9,0.23,22.27
69909,0.1497,-0.2126,0.873,-6.12,8.09,-0.32,22.3
69919,0.147,-0.2162,0.8798,-6.66,8.41,-0.31,22.29
69929,0.1556,-0.2218,0.8617,-6.99,7.79,-0.08,22.28
69939,0.1572,-0.2216,0.853,-6.49,7.66,-0.03,22.29
69949,0.1571,-0.2197,0.8549,-5.89,7.98,-0.02,22.27
69959,0.1572,-0.2181,0.8717,-5.6,7.82,-0.09,22.28
69969,0.1505,-0.2141,0.8755,-5.83,7.44,-0.08,22.28
69979,0.1526,-0.2146,0.874,-6.24,7.42,-0.09,22.28
69989,0.1556,-0.2175,0.8691,-6.61,7.83,-0.11,22.27
69999,0.1573,-0.2173,0.865,-6.58,7.98,-0.08,22.26
70009,0.1537,-0.2203,0.8641,-6.18,7.92,-0.08,22.26
70019,0.1488,-0.2209,0.8674,-6.03,8.0,-0.05,22.26
70029,0.1521,-0.2184,0.8716,-5.89,7.82,-0.02,22.26
70039,0.1531,-0.2198,0.8695,-6.11,7.48,-0.02,22.29
70049,0.1578,-0.2195,0.87,-6.35,7.54,-0.11,22.27
70059,0.1541,-0.2188,0.86,-6.49,7.69,-0.05,22.29
70069,0.1542,-0.2228,0.8668,-6.34,7.97,-0.03,22.27
70079,0.1543,-0.2231,0.8651,-6.05,7.95,0.06,22.29
70089,0.1516,-0.2236,0.8654,-6.05,7.82,-0.02,22.31
70099,0.153,-0.2225,0.8682,-5.98,7.42,-0.12,22.24
70109,0.1556,-0.2219,0.8676,-5.94,7.42,-0.08,22.24
70119,0.1561,-0.2202,0.869,-6.03,7.74,-0.02,22.27
70129,0.1528,-0.217,0.871,-6.18,8.08,-0.05,22.27
70139,0.1522,-0.2156,0.8676,-6.14,7.91,-0.06,22.26
70149,0.15,-0.2147,0.8649,-6.05,7.47,-0.14,22.27
70159,0.1547,-0.2098,0.8707,-5.89,7.33,-0.15,22.29
70169,0.1554,-0.2112,0.8699,-5.97,7.51,-0.06,22.3
70179,0.1522,-0.2137,0.8717,-6.27,7.98,-0.02,22.26
70189,0.1537,-0.2167,0.8672,-6.5,8.27,0.02,22.27
70199,0.1537,-0.2194,0.8704,-6.61,8.14,-0.05,22.27
70209,0.1539,-0.2202,0.8655,-6.52,7.71,-0.06,22.26
70219,0.153,-0.2202,0.8649,-6.31,7.54,-0.09,22.27
70229,0.1547,-0.2175,0.8596,-6.14,7.63,0.02,22.27
70239,0.157,-0.219,0.8582,-6.06,7.89,0.02,22.27
70249,0.1542,-0.2228,0.866,-6.11,8.06,-0.02,22.27
70259,0.1543,-0.22,0.8682,-6.18,8.06,0.02,22.29
70269,0.1515,-0.2206,0.8674,-6.12,7.91,-0.02,22.27
70279,0.1541,-0.2202,0.8735,-6.15,7.69,-0.15,22.27
70289,0.1541,-0.2206,0.8724,-6.21,7.63,-0.06,22.29
70299,0.156,-0.2169,0.8656,-6.18,7.77,-0.11,22.28
70309,0.1543,-0.218,0.869,-6.12,7.85,-0.06,22.29
70319,0.1528,-0.217,0.8683,-6.12,7.8,0.05,22.28
70329,0.1538,-0.2208,0.8688,-6.29,7.74,-0.03,22.29
70339,0.1554,-0.2167,0.8654,-6.31,7.71,-0.02,22.29
70349,0.1556,-0.2196,0.8656,-6.35,7.6,-0.03,22.27
70359,0.1531,-0.2197,0.8654,-6.23,7.86,-0.06,22.25
70369,0.1553,-0.2198,0.8627,-6.14,7.83,-0.06,22.28
70379,0.158,-0.2173,0.8608,-5.95,7.79,0.0,22.28
70389,0.1564,-0.2169,0.8687,-5.97,7.82,-0.05,22.27
70399,0.1537,-0.2178,0.8698,-6.24,7.77,-0.08,22.28
70409,0.1293,-0.2102,0.9061,-5.95,8.32,-0.06,22.28
70419,0.1296,-0.2393,0.9481,-5.65,10.02,-0.55,22.26
70430,0.1802,-0.2438,0.8672,-6.0,7.37,-0.23,22.27
70440,0.1598,-0.219,0.871,-6.4,7.37,0.06,22.28
70450,0.1595,-0.2156,0.8656,-6.64,7.51,0.03,22.27
70460,0.1588,-0.2126,0.8564,-6.5,8.03,-0.12,22.28
70470,0.1638,-0.219,0.8503,-6.17,7.37,-0.18,22.27
70480,0.1581,-0.2158,0.8668,-6.08,7.27,0.08,22.28
70490,0.1521,-0.2177,0.8695,-6.14,7.77,0.03,22.29
70500,0.1523,-0.2169,0.8683,-6.21,8.14,0.0,22.29
70510,0.1566,-0.2197,0.8723,-6.21,8.0,-0.05,22.25
70520,0.155,-0.2211,0.868,-6.21,7.73,-0.12,22.27
70530,0.1556,-0.2195,0.8669,-6.24,7.53,-0.09,22.27
70540,0.1547,-0.2197,0.8654,-6.12,7.62,-0.03,22.29
70550,0.155,-0.2202,0.8693,-6.31,7.89,-0.08,22.27
70560,0.1498,-0.2151,0.869,-6.26,8.08,0.08,22.29
70570,0.1594,-0.22,0.858,-6.2,7.6,-0.08,22.3
70580,0.1527,-0.22,0.8679,-6.12,7.73,-0.12,22.29
70590,0.1504,-0.2166,0.8657,-6.18,7.8,-0.06,22.28
70600,0.156,-0.2175,0.8633,-6.24,7.74,-0.05,22.28
70610,0.1554,-0.2178,0.8595,-6.41,7.82,-0.03,22.25
70620,0.1512,-0.2197,0.8621,-6.35,7.85,-0.03,22.28
70630,0.1528,-0.219,0.8618,-6.29,7.73,-0.08,22.3
70640,0.1519,-0.2223,0.8646,-6.24,7.63,-0.09,22.29
70650,0.1532,-0.2194,0.8669,-6.09,7.71,0.0,22.25
70660,0.1558,-0.2218,0.869,-6.11,7.76,-0.09,22.26
70670,0.1536,-0.2208,0.8685,-6.15,7.65,-0.14,22.27
70680,0.152,-0.2207,0.8683,-6.23,7.6,0.0,22.28
70690,0.1561,-0.2174,0.868,-6.17,7.66,-0.06,22.29
70700,0.1543,-0.2148,0.8652,-6.18,7.66,-0.03,22.28
70710,0.1533,-0.2201,0.8641,-6.34,7.77,-0.05,22.28
70720,0.1569,-0.2214,0.8708,-6.34,8.05,-0.02,22.31
70730,0.1522,-0.2239,0.8704,-6.27,8.14,-0.06,22.27
70740,0.1521,-0.22,0.8707,-6.34,8.0,-0.02,22.29
70750,0.1536,-0.2231,0.8684,-6.18,7.65,-0.05,22.29
70760,0.1569,-0.2245,0.8683,-6.06,7.48,-0.05,22.27
70770,0.1582,-0.2157,0.8708,-5.98,7.65,0.02,22.29
70780,0.1581,-0.2178,0.8679,-5.92,7.82,0.05,22.28
70790,0.1541,-0.2155,0.8713,-5.97,7.83,0.06,22.27
70800,0.1533,-0.2153,0.8665,-6.2,7.71,-0.02,22.29
70810,0.1523,-0.217,0.8655,-6.29,7.63,-0.15,22.3
70820,0.1556,-0.2147,0.8617,-6.38,7.66,-0.09,22.29
70830,0.1588,-0.2156,0.8658,-6.26,7.83,-0.09,22.28
70840,0.155,-0.2162,0.8668,-6.27,7.98,-0.03,22.28
70850,0.155,-0.218,0.8644,-6.2,8.03,0.02,22.29
70860,0.1544,-0.2195,0.8658,-6.17,7.8,0.03,22.27
70870,0.1556,-0.2184,0.8687,-6.21,7.68,-0.06,22.29
70880,0.1526,-0.218,0.8645,-6.24,7.68,-0.06,22.28
70890,0.1554,-0.22,0.8646,-6.2,7.8,-0.09,22.27
70900,0.153,-0.2184,0.8677,-6.2,7.94,0.03,22.31
70910,0.1534,-0.2201,0.8717,-6.14,8.0,0.06,22.29
70921,0.1537,-0.219,0.8715,-6.21,7.83,-0.05,22.29
70931,0.1521,-0.2203,0.8717,-6.29,7.68,-0.06,22.3
70941,0.1523,-0.2206,0.8666,-6.31,7.65,-0.09,22.32
70951,0.153,-0.2219,0.8654,-6.26,7.69,-0.14,22.28
70961,0.1542,-0.218,0.8586,-6.03,7.79,-0.02,22.29
70971,0.1552,-0.2174,0.8658,-5.91,7.83,-0.05,22.27
70981,0.1509,-0.2133,0.8693,-5.85,7.76,-0.08,22.27
70991,0.1537,-0.2163,0.87,-6.05,7.62,-0.03,22.27
71001,0.1527,-0.2153,0.8746,-6.18,7.73,-0.08,22.27
71011,0.1555,-0.2139,0.8691,-6.49,7.77,-0.08,22.25
71021,0.1552,-0.2158,0.8682,-6.52,7.82,-0.05,22.28
71031,0.1576,-0.2184,0.8683,-6.41,7.85,-0.03,22.26
71042,0.1549,-0.2223,0.8641,-6.17,7.77,-0.11,22.27
71052,0.1544,-0.2166,0.8668,-6.02,7.65,-0.08,22.28
71062,0.1562,-0.2169,0.8701,-6.0,7.63,-0.11,22.27
71072,0.1575,-0.2183,0.8674,-6.15,7.65,-0.17,22.29
71082,0.1566,-0.2148,0.8688,-6.37,7.68,-0.09,22.3
71092,0.1549,-0.2159,0.865,-6.46,7.91,-0.05,22.3
71102,0.155,-0.2183,0.8625,-6.34,7.94,-0.11,22.27
71113,0.1549,-0.2192,0.865,-6.31,7.92,0.03,22.29
71123,0.1556,-0.2169,0.8694,-6.24,7.8,-0.03,22.3
71133,0.1575,-0.2208,0.8643,-6.23,7.73,-0.06,22.32
71143,0.1587,-0.2207,0.8652,-6.17,7.76,0.02,22.31
71153,0.1589,-0.2216,0.8654,-6.26,7.89,0.02,22.33
71163,0.155,-0.2183,0.8656,-6.31,7.98,-0.03,22.25
71173,0.1549,-0.2209,0.8622,-6.32,8.0,-0.02,22.29
71183,0.1514,-0.2183,0.8643,-6.23,7.8,0.03,22.27
71193,0.1504,-0.2191,0.864,-6.12,7.79,0.0,22.29
71203,0.1531,-0.2202,0.8678,-6.08,7.71,-0.02,22.3
71213,0.1498,-0.2209,0.869,-6.11,7.74,-0.12,22.26
71223,0.1499,-0.22,0.8677,-6.23,7.68,-0.14,22.29
71233,0.1522,-0.2197,0.8684,-6.21,7.56,-0.06,22.29
71243,0.1531,-0.222,0.8661,-6.17,7.66,-0.05,22.28
71253,0.1544,-0.2203,0.8651,-6.18,7.66,-0.15,22.28
71263,0.1528,-0.2183,0.8693,-6.11,7.69,-0.05,22.27
71273,0.1544,-0.218,0.865,-6.2,7.73,-0.06,22.28
71283,0.1527,-0.2161,0.866,-6.23,7.66,-0.05,22.26
71293,0.1531,-0.2166,0.8644,-6.2,7.59,-0.11,22.28
71303,0.1538,-0.2179,0.8584,-6.11,7.62,-0.15,22.28
71313,0.1545,-0.2175,0.8661,-6.08,7.6,-0.11,22.31
71323,0.1628,-0.2162,0.877,-5.88,7.74,-0.05,22.29
71333,0.1625,-0.2152,0.8801,-5.8,7.91,-0.03,22.29
71343,0.1609,-0.215,0.8792,-5.97,7.88,-0.03,22.29
71353,0.1599,-0.2153,0.8839,-6.47,7.83,-0.09,22.27
71363,0.1564,-0.2153,0.8754,-7.07,7.74,-0.14,22.27
71373,0.1545,-0.2151,0.8578,-7.08,7.91,-0.02,22.3
71383,0.1548,-0.2159,0.8486,-6.76,8.12,0.02,22.3
71393,0.1516,-0.219,0.8495,-6.15,8.24,0.08,22.31
71403,0.1494,-0.2203,0.8567,-5.77,8.09,0.03,22.3
71413,0.1475,-0.2175,0.8655,-5.66,7.69,-0.05,22.29
71423,0.1515,-0.2183,0.87,-5.92,7.33,-0.15,22.29
71433,0.1505,-0.2212,0.869,-6.29,7.24,-0.09,22.29
71443,0.1548,-0.223,0.8645,-6.55,7.39,-0.14,22.31
71453,0.1521,-0.2228,0.8632,-6.41,7.83,-0.06,22.29
71463,0.1492,-0.2212,0.8679,-6.11,7.88,-0.06,22.31
71473,0.152,-0.2194,0.8656,-5.86,7.73,-0.15,22.29
71483,0.1549,-0.2168,0.8716,-5.79,7.56,-0.11,22.3
71493,0.1562,-0.2167,0.8776,-6.05,7.47,-0.02,22.29
71503,0.155,-0.2166,0.8782,-6.4,7.57,-0.11,22.3
71513,0.1581,-0.2185,0.8691,-6.66,7.83,-0.08,22.27
71523,0.1537,-0.2168,0.8634,-6.78,7.98,0.0,22.27
71533,0.156,-0.2177,0.8588,-6.58,8.12,0.0,22.3
71543,0.1511,-0.2198,0.8542,-6.09,7.82,0.09,22.29
71553,0.1515,-0.2172,0.8568,-5.8,7.8,0.08,22.28
71563,0.1501,-0.2147,0.8617,-5.85,7.77,-0.02,22.27
71573,0.1508,-0.219,0.87,-6.18,7.83,-0.06,22.28
71583,0.1531,-0.2188,0.8694,-6.29,7.82,-0.08,22.28
71593,0.1555,-0.2234,0.8726,-6.46,7.82,-0.06,22.27
71603,0.1558,-0.2217,0.873,-6.35,7.82,-0.11,22.29
71613,0.1528,-0.2217,0.8712,-6.18,7.74,-0.05,22.32
71623,0.1588,-0.2246,0.8754,-6.15,7.71,0.03,22.3
71633,0.157,-0.2234,0.8738,-6.18,7.8,-0.03,22.29
71643,0.1584,-0.2192,0.8711,-6.24,7.79,-0.09,22.29
71653,0.1549,-0.2196,0.8706,-6.31,7.79,-0.03,22.27
71663,0.1548,-0.2178,0.8694,-6.24,7.73,-0.14,22.29
71673,0.1539,-0.2163,0.8658,-6.29,7.82,-0.05,22.29
71683,0.1543,-0.2196,0.8668,-6.2,7.86,0.06,22.3
71693,0.1556,-0.2216,0.8716,-6.12,7.89,-0.03,22.31
71703,0.1562,-0.218,0.87,-6.11,7.85,0.02,22.32
71713,0.1548,-0.2181,0.8658,-6.23,7.76,-0.05,22.31
71723,0.1527,-0.2194,0.8707,-6.35,7.8,-0.09,22.29
71733,0.1544,-0.2183,0.8643,-6.31,7.76,-0.11,22.29
71743,0.1528,-0.2185,0.8644,-6.26,7.79,-0.12,22.27
71753,0.1547,-0.2179,0.8636,-6.14,7.82,-0.12,22.29
71763,0.1533,-0.2167,0.8621,-6.08,7.76,-0.09,22.29
71773,0.1554,-0.2183,0.8643,-6.12,7.63,-0.05,22.28
71783,0.1536,-0.2189,0.8669,-6.2,7.63,-0.06,22.27
71793,0.1544,-0.2166,0.8641,-6.24,7.71,-0.02,22.29
71803,0.1566,-0.2174,0.861,-6.26,7.8,-0.02,22.29
71813,0.1532,-0.214,0.8634,-6.14,7.85,0.03,22.29
71823,0.1515,-0.215,0.8673,-6.21,7.95,-0.02,22.31
71833,0.1484,-0.217,0.8667,-6.21,7.92,-0.12,22.28
71843,0.1521,-0.2168,0.8672,-6.24,7.76,-0.03,22.28
71853,0.1515,-0.2205,0.861,-6.26,7.63,-0.05,22.29
71863,0.1552,-0.2225,0.8607,-6.37,7.71,-0.14,22.31
71873,0.1541,-0.2223,0.8635,-6.14,7.85,-0.11,22.3
71883,0.1531,-0.2228,0.8674,-6.06,7.85,-0.11,22.31
71893,0.155,-0.2196,0.8689,-5.91,7.82,0.02,22.29
71903,0.1554,-0.22,0.8751,-6.05,7.71,-0.09,22.3
71913,0.1542,-0.2194,0.8726,-6.12,7.68,-0.06,22.29
71923,0.1553,-0.2178,0.868,-6.37,7.66,-0.12,22.29
71933,0.1549,-0.2175,0.8669,-6.38,7.8,-0.14,22.28
71943,0.1567,-0.2203,0.8666,-6.34,7.83,-0.03,22.3
71953,0.1542,-0.2198,0.866,-6.21,7.82,-0.02,22.32
71963,0.1543,-0.2183,0.8745,-6.0,7.69,-0.09,22.29
71973,0.1548,-0.2167,0.8702,-6.03,7.59,-0.09,22.26
71983,0.1573,-0.2172,0.8713,-6.14,7.65,-0.14,22.3
71993,0.1564,-0.2166,0.8713,-6.4,7.66,-0.11,22.29
72003,0.158,-0.2212,0.8694,-6.38,7.86,-0.02,22.29
72013,0.1556,-0.2174,0.8668,-6.34,7.89,-0.06,22.3
72023,0.1547,-0.2198,0.8655,-6.2,7.89,0.0,22.28
72033,0.1543,-0.2174,0.8658,-6.23,7.73,-0.11,22.29
72043,0.1542,-0.215,0.8662,-6.21,7.73,-0.05,22.3
72053,0.1552,-0.2167,0.8644,-6.27,7.79,-0.09,22.29
72063,0.1558,-0.2181,0.8639,-6.34,7.79,-0.05,22.27
72073,0.1556,-0.2155,0.8656,-6.31,7.91,-0.03,22.3
72083,0.1559,-0.2201,0.8584,-6.24,7.91,0.05,22.27
72093,0.1534,-0.2177,0.8604,-6.21,7.8,-0.08,22.29
72103,0.1545,-0.2198,0.8605,-6.14,7.68,-0.12,22.27
72113,0.155,-0.2194,0.8624,-6.11,7.66,-0.05,22.29
72123,0.1545,-0.2158,0.8655,-6.09,7.92,-0.11,22.29
72133,0.1542,-0.2183,0.8601,-6.15,7.86,-0.03,22.29
72143,0.1534,-0.2172,0.8662,-6.17,7.79,0.02,22.29
72153,0.152,-0.2172,0.8682,-6.12,7.79,-0.05,22.31
72163,0.1544,-0.2163,0.8666,-6.2,7.71,-0.08,22.32
72173,0.1558,-0.2174,0.8672,-6.2,7.77,-0.06,22.3
72183,0.152,-0.2192,0.8701,-6.12,7.85,-0.03,22.28
72193,0.1515,-0.2172,0.8694,-6.2,7.8,-0.03,22.33
72203,0.1552,-0.2185,0.8699,-6.18,7.74,-0.09,22.32
72213,0.1589,-0.2186,0.8651,-6.23,7.6,-0.09,22.31
72223,0.1544,-0.2194,0.8691,-6.12,7.74,-0.12,22.31
72233,0.1553,-0.2179,0.8691,-6.06,7.79,-0.05,22.31
72243,0.1553,-0.2175,0.8751,-6.03,7.89,-0.02,22.28
72253,0.1516,-0.2183,0.8768,-6.23,7.82,-0.05,22.32
72263,0.1534,-0.2185,0.8771,-6.29,7.76,-0.17,22.28
72273,0.1523,-0.2206,0.8743,-6.34,7.63,-0.09,22.3
72283,0.1517,-0.2191,0.8685,-6.32,7.71,-0.02,22.29
72293,0.1533,-0.2172,0.8683,-6.31,7.79,-0.05,22.31
72303,0.153,-0.2207,0.8658,-6.15,7.89,-0.12,22.3
72313,0.1538,-0.2189,0.8647,-6.06,7.71,-0.08,22.29
72323,0.1544,-0.2161,0.868,-6.17,7.62,-0.05,22.28
72333,0.1552,-0.2144,0.8691,-6.14,7.59,0.02,22.28
72343,0.1562,-0.2158,0.8685,-6.18,7.71,-0.03,22.28
72353,0.1533,-0.2148,0.8678,-6.26,7.91,0.02,22.31
72363,0.1531,-0.218,0.8647,-6.4,7.95,-0.03,22.29
72373,0.1532,-0.2169,0.8617,-6.34,7.85,-0.09,22.29
72383,0.1536,-0.2178,0.8632,-6.24,7.71,-0.08,22.29
72393,0.1543,-0.2151,0.8635,-6.15,7.68,-0.09,22.29
72403,0.1549,-0.2162,0.8602,-6.11,7.76,-0.02,22.29
72413,0.1569,-0.2163,0.8628,-6.14,7.91,0.05,22.27
72423,0.1548,-0.2137,0.866,-6.15,8.0,0.02,22.29
72433,0.1545,-0.2172,0.8693,-6.26,7.8,-0.06,22.29
72443,0.1528,-0.2169,0.8644,-6.29,7.76,-0.02,22.29
72453,0.153,-0.215,0.8636,-6.29,7.77,-0.06,22.31
72463,0.1552,-0.2174,0.8657,-6.31,7.76,-0.06,22.28
72473,0.1553,-0.2206,0.8711,-6.26,7.85,0.0,22.29
72483,0.1542,-0.2157,0.8658,-6.2,7.85,-0.08,22.3
72493,0.1576,-0.2201,0.8699,-6.06,7.88,-0.09,22.29
72503,0.1527,-0.2191,0.8708,-6.11,7.74,-0.02,22.3
72513,0.1543,-0.2203,0.8674,-6.27,7.74,-0.09,22.3
72523,0.1543,-0.2194,0.8652,-6.29,7.82,-0.06,22.31
72533,0.1576,-0.2203,0.8655,-6.29,7.88,-0.03,22.31
72543,0.1544,-0.2213,0.8723,-6.2,7.85,-0.05,22.3
72553,0.1494,-0.2211,0.8778,-6.06,7.82,-0.09,22.32
72563,0.1511,-0.2196,0.874,-6.03,7.74,-0.15,22.29
72573,0.1539,-0.2207,0.8694,-6.2,7.57,-0.17,22.31
72583,0.1552,-0.2191,0.8696,-6.26,7.56,-0.03,22.3
72593,0.155,-0.2219,0.8655,-6.34,7.79,-0.03,22.3
72603,0.1547,-0.2191,0.8662,-6.29,7.91,-0.08,22.3
72613,0.1547,-0.222,0.8643,-6.17,7.85,-0.02,22.28
72623,0.1548,-0.2202,0.8674,-6.17,7.74,-0.08,22.3
72633,0.1564,-0.2185,0.8689,-6.08,7.62,-0.05,22.31
72643,0.1531,-0.2183,0.8693,-6.11,7.66,-0.08,22.29
72653,0.1554,-0.2188,0.8666,-6.21,7.71,-0.05,22.31
72663,0.1533,-0.2169,0.8651,-6.34,7.86,-0.09,22.32
72673,0.1528,-0.217,0.8667,-6.37,7.85,0.02,22.32
72683,0.1528,-0.2205,0.8665,-6.21,7.83,-0.05,22.32
72693,0.1549,-0.2196,0.8665,-6.14,7.69,-0.09,22.31
72703,0.1552,-0.2169,0.8682,-6.15,7.71,-0.06,22.29
72713,0.1549,-0.2163,0.8656,-6.2,7.76,-0.05,22.31
72723,0.1548,-0.2184,0.8679,-6.31,7.83,-0.12,22.32
72733,0.1566,-0.2167,0.8615,-6.38,7.74,-0.03,22.32
72743,0.1515,-0.2157,0.8655,-6.26,7.73,-0.09,22.3
72753,0.1545,-0.2155,0.8635,-6.14,7.74,-0.03,22.32
72763,0.1548,-0.2161,0.8656,-6.03,7.76,-0.03,22.32
72773,0.1548,-0.2184,0.8689,-6.08,7.76,-0.03,22.3
72783,0.1565,-0.2164,0.8694,-6.14,7.82,-0.03,22.31
72793,0.1536,-0.2162,0.8752,-6.34,7.73,-0.12,22.3
72803,0.1549,-0.2192,0.8652,-6.35,7.77,-0.05,22.34
72813,0.1556,-0.2183,0.8698,-6.29,7.82,0.02,22.29
72823,0.1543,-0.2196,0.87,-6.15,7.83,0.03,22.29
72833,0.1547,-0.2173,0.8696,-5.95,7.89,-0.09,22.3
72843,0.1536,-0.2234,0.8722,-6.02,7.77,-0.05,22.29
72853,0.1532,-0.2141,0.8722,-6.23,7.66,-0.06,22.29
72863,0.1521,-0.2161,0.8705,-6.37,7.57,-0.14,22.32
72873,0.1564,-0.2208,0.8705,-6.43,7.65,-0.18,22.3
72883,0.1536,-0.2218,0.869,-6.4,7.85,-0.09,22.32
72893,0.1559,-0.2196,0.8685,-6.12,8.0,-0.03,22.31
72903,0.1528,-0.2202,0.8717,-6.05,7.92,-0.06,22.31
72913,0.1544,-0.2196,0.8679,-6.06,7.63,-0.03,22.28
72923,0.1541,-0.2195,0.8721,-6.24,7.48,-0.05,22.3
72933,0.157,-0.2173,0.8657,-6.32,7.51,-0.02,22.32
72943,0.1566,-0.2192,0.8641,-6.44,7.83,-0.05,22.31
72953,0.1561,-0.2184,0.865,-6.18,8.02,-0.08,22.31
72963,0.1533,-0.2169,0.8682,-6.09,7.92,-0.05,22.29
72973,0.151,-0.2177,0.8715,-6.05,7.71,-0.11,22.3
72983,0.1545,-0.2157,0.8666,-6.17,7.53,-0.15,22.3
72993,0.1543,-0.2197,0.8647,-6.27,7.5,-0.08,22.32
73003,0.1561,-0.2164,0.8683,-6.41,7.8,0.0,22.3
73013,0.1562,-0.218,0.8643,-6.32,8.05,-0.03,22.33
73023,0.1526,-0.2197,0.8647,-6.18,7.97,-0.08,22.3
73033,0.152,-0.2201,0.8676,-6.24,7.8,-0.09,22.31
73043,0.1549,-0.2209,0.8677,-6.18,7.65,-0.05,22.32
73053,0.156,-0.2198,0.8689,-6.32,7.68,-0.09,22.31
73063,0.1542,-0.2189,0.8695,-6.32,7.85,-0.03,22.33
73073,0.1558,-0.2218,0.8624,-6.29,8.0,-0.03,22.32
73083,0.1523,-0.2213,0.8636,-6.18,7.95,0.0,22.29
73093,0.1522,-0.2207,0.8724,-6.0,7.8,-0.05,22.28
73103,0.1544,-0.2201,0.8732,-5.97,7.51,-0.08,22.29
73113,0.1571,-0.2189,0.8715,-6.23,7.48,-0.09,22.31
73123,0.1583,-0.2196,0.8685,-6.37,7.71,-0.06,22.29
73133,0.1572,-0.2181,0.8673,-6.34,7.91,-0.09,22.3
73143,0.1561,-0.222,0.8649,-6.29,7.97,-0.02,22.32
73153,0.1517,-0.2208,0.8667,-6.12,7.88,-0.03,22.29
73163,0.1553,-0.2198,0.8679,-6.02,7.63,-0.06,22.29
73173,0.1527,-0.2202,0.8726,-6.06,7.57,-0.08,22.31
73183,0.1561,-0.2194,0.8708,-6.06,7.59,-0.03,22.32
73193,0.1548,-0.2177,0.8651,-6.18,7.68,-0.08,22.32
73203,0.1543,-0.2191,0.8685,-6.21,7.89,-0.02,22.3
73213,0.1533,-0.2191,0.8679,-6.24,7.91,0.0,22.31
73223,0.1539,-0.218,0.8661,-6.2,7.76,-0.09,22.31
73233,0.1528,-0.2174,0.8616,-6.21,7.6,-0.12,22.29
73243,0.1554,-0.217,0.8633,-6.14,7.74,-0.05,22.3
73253,0.1558,-0.219,0.8641,-6.26,7.69,-0.08,22.3
73263,0.1548,-0.2168,0.8689,-6.18,7.79,0.02,22.33
73273,0.1525,-0.2169,0.8672,-6.2,7.88,-0.02,22.29
73283,0.1521,-0.2163,0.8679,-6.11,7.79,0.0,22.29
73293,0.1531,-0.218,0.8674,-6.24,7.65,-0.06,22.28
73303,0.1511,-0.2181,0.8687,-6.29,7.66,-0.02,22.29
73313,0.1562,-0.2178,0.8644,-6.37,7.86,-0.06,22.32
73323,0.1519,-0.2184,0.8621,-6.32,8.02,-0.03,22.32
73333,0.1542,-0.2189,0.868,-6.18,7.95,0.06,22.29
73343,0.1536,-0.2197,0.8645,-6.18,7.74,-0.05,22.31
73353,0.1543,-0.2153,0.8647,-6.06,7.66,-0.12,22.32
73363,0.1567,-0.217,0.871,-6.05,7.6,-0.06,22.31
73373,0.1549,-0.2166,0.8695,-6.17,7.68,-0.11,22.3
73383,0.1545,-0.2175,0.869,-6.27,7.88,0.0,22.32
73393,0.1533,-0.2158,0.8706,-6.27,7.95,-0.08,22.32
73403,0.1553,-0.2189,0.8662,-6.32,7.83,-0.05,22.31
73413,0.1539,-0.2173,0.8635,-6.18,7.69,-0.11,22.31
73423,0.1534,-0.2184,0.866,-6.14,7.65,-0.08,22.31
73433,0.1543,-0.2192,0.8685,-6.09,7.74,-0.03,22.31
73443,0.1552,-0.2163,0.8649,-6.24,7.86,-0.06,22.3
73453,0.1542,-0.2159,0.868,-6.21,7.8,-0.11,22.32
73463,0.1516,-0.2178,0.869,-6.29,7.79,-0.14,22.3
73473,0.1552,-0.2213,0.8691,-6.27,7.66,-0.12,22.34
73483,0.155,-0.2209,0.8691,-6.21,7.69,-0.06,22.3
73493,0.1566,-0.2173,0.8705,-6.2,7.73,-0.02,22.31
73503,0.157,-0.2202,0.866,-6.23,7.85,-0.11,22.3
73513,0.156,-0.2173,0.8673,-6.17,7.76,-0.08,22.3
73523,0.1534,-0.2198,0.8674,-6.26,7.73,-0.06,22.29
73533,0.1549,-0.2202,0.8672,-6.2,7.66,0.0,22.3
73543,0.1539,-0.2188,0.8655,-6.21,7.79,-0.06,22.29
73553,0.1561,-0.219,0.8661,-6.27,7.82,-0.09,22.31
73563,0.1542,-0.2205,0.8678,-6.2,7.8,-0.11,22.3
73573,0.1538,-0.2219,0.8661,-6.23,7.79,-0.06,22.3
73583,0.1539,-0.2219,0.8651,-6.17,7.8,-0.08,22.33
73593,0.1558,-0.2189,0.8628,-6.32,7.76,-0.08,22.32
73603,0.1578,-0.2167,0.8684,-6.11,7.73,-0.03,22.32
73613,0.1552,-0.2162,0.8649,-6.18,7.85,-0.02,22.32
73623,0.1545,-0.2175,0.868,-6.14,7.86,-0.06,22.3
73633,0.1527,-0.2181,0.8651,-6.18,7.82,-0.03,22.31
73643,0.1576,-0.2183,0.8657,-6.2,7.76,-0.06,22.3
73653,0.1541,-0.2161,0.8695,-6.23,7.73,-0.02,22.31
73663,0.1559,-0.2159,0.8679,-6.23,7.83,0.02,22.32
73673,0.156,-0.2191,0.8693,-6.24,7.89,-0.09,22.33
73683,0.1522,-0.2175,0.8667,-6.17,7.79,0.02,22.3
73693,0.1547,-0.2216,0.8662,-6.18,7.85,-0.03,22.29
73703,0.1531,-0.2181,0.8708,-6.12,7.79,0.0,22.31
73713,0.15,-0.2186,0.871,-6.2,7.66,-0.08,22.31
73723,0.1555,-0.2148,0.8721,-6.23,7.62,-0.06,22.31
73733,0.1528,-0.2173,0.8662,-6.18,7.77,0.0,22.34
73743,0.1531,-0.2158,0.8634,-6.15,7.79,-0.08,22.3
73753,0.1566,-0.2194,0.8733,-6.18,7.83,-0.03,22.31
73763,0.1536,-0.2179,0.8706,-6.11,7.8,-0.12,22.3
73773,0.1517,-0.2168,0.8646,-6.2,7.88,-0.03,22.31
73783,0.1545,-0.22,0.8685,-6.27,7.76,-0.11,22.3
73793,0.1541,-0.2157,0.8662,-6.34,7.59,-0.11,22.3
73803,0.1531,-0.2202,0.8644,-6.26,7.66,-0.06,22.3
73813,0.1562,-0.2162,0.8699,-6.15,7.83,-0.06,22.3
73823,0.1562,-0.2158,0.8699,-6.15,7.88,0.02,22.29
73833,0.155,-0.215,0.8726,-6.15,7.85,-0.02,22.31
73843,0.1544,-0.2172,0.8704,-6.31,7.8,-0.02,22.31
73853,0.1542,-0.2136,0.8698,-6.26,7.74,0.02,22.32
73863,0.155,-0.2167,0.8655,-6.27,7.82,-0.08,22.32
73873,0.1527,-0.218,0.8622,-6.31,7.82,-0.09,22.33
73883,0.1525,-0.2178,0.8647,-6.15,7.85,-0.02,22.3
73893,0.1515,-0.2159,0.8636,-6.14,7.8,-0.05,22.3
73903,0.1536,-0.2162,0.8661,-6.23,7.77,-0.06,22.29
73913,0.1542,-0.217,0.8662,-6.31,7.66,-0.08,22.32
73923,0.1555,-0.2203,0.864,-6.29,7.66,-0.12,22.32
73933,0.1539,-0.2198,0.8655,-6.31,7.82,-0.06,22.31
73943,0.155,-0.2172,0.865,-6.15,7.85,-0.02,22.3
73953,0.1564,-0.2179,0.8666,-6.15,7.85,-0.03,22.32
73963,0.1564,-0.2169,0.8647,-6.17,7.8,-0.02,22.32
73973,0.1573,-0.2172,0.8671,-6.14,7.74,0.03,22.32
73983,0.1543,-0.2158,0.8726,-6.15,7.82,0.02,22.32
73993,0.1556,-0.2162,0.8698,-6.21,7.85,0.02,22.34
74003,0.1528,-0.2196,0.8688,-6.38,7.79,0.02,22.33
74013,0.1525,-0.2197,0.8663,-6.29,7.77,-0.08,22.3
74023,0.1519,-0.2211,0.8662,-6.31,7.76,-0.06,22.3
74033,0.1555,-0.2181,0.8693,-6.12,7.73,0.05,22.29
74043,0.156,-0.217,0.8683,-6.08,7.74,-0.05,22.31
74053,0.1559,-0.2203,0.8685,-6.12,7.73,-0.02,22.32
74063,0.1569,-0.2192,0.8715,-6.21,7.79,-0.02,22.32
74073,0.1567,-0.2194,0.8726,-6.21,7.76,-0.08,22.33
74083,0.1521,-0.2177,0.8674,-6.34,7.85,-0.06,22.32
74093,0.1532,-0.2189,0.8638,-6.37,7.98,-0.14,22.32
74103,0.153,-0.2208,0.8666,-6.26,7.86,-0.06,22.32
74113,0.1532,-0.2167,0.8649,-6.23,7.85,0.05,22.33
74123,0.1531,-0.2192,0.8661,-6.15,7.82,-0.06,22.31
74133,0.155,-0.2164,0.8676,-6.11,7.73,-0.12,22.3
74143,0.1562,-0.2218,0.8671,-6.29,7.63,-0.11,22.33
74153,0.1544,-0.2208,0.8622,-6.23,7.76,-0.02,22.32
74163,0.1549,-0.2206,0.8643,-6.12,7.79,-0.02,22.31
74173,0.1552,-0.2157,0.8706,-6.18,7.86,-0.09,22.29
74183,0.1499,-0.2177,0.8706,-6.12,7.82,-0.12,22.33
74193,0.1543,-0.2189,0.8671,-6.14,7.85,-0.09,22.33
74203,0.1519,-0.2167,0.8652,-6.21,7.77,-0.08,22.34
74213,0.1534,-0.2158,0.865,-6.37,7.77,-0.09,22.32
74223,0.1572,-0.2163,0.8624,-6.32,7.69,-0.09,22.3
74233,0.1573,-0.2195,0.859,-6.12,7.65,-0.08,22.34
74243,0.158,-0.2158,0.8644,-6.0,7.71,-0.05,22.32
74253,0.1555,-0.2151,0.8716,-5.92,7.82,-0.08,22.29
74263,0.1567,-0.2173,0.8727,-6.12,7.77,0.08,22.29
74273,0.1541,-0.2185,0.876,-6.32,7.85,0.0,22.33
74283,0.1515,-0.2151,0.8701,-6.43,7.83,-0.05,22.34
74293,0.1542,-0.2184,0.8682,-6.47,7.89,-0.12,22.32
74303,0.1516,-0.2229,0.866,-6.34,7.82,-0.05,22.31
74313,0.1504,-0.2194,0.865,-6.12,7.79,0.02,22.33
74323,0.1517,-0.2163,0.8673,-5.97,7.74,0.0,22.32
74333,0.1526,-0.2167,0.8728,-6.02,7.71,-0.06,22.33
74343,0.1571,-0.217,0.8717,-6.2,7.6,-0.02,22.32
74353,0.1577,-0.217,0.8719,-6.29,7.71,-0.11,22.32
74363,0.1572,-0.2228,0.8657,-6.23,7.8,-0.09,22.33
74373,0.1566,-0.2202,0.8651,-6.29,7.94,-0.14,22.33
74383,0.1562,-0.2194,0.8656,-6.18,7.88,-0.05,22.33
74393,0.1554,-0.2201,0.8649,-6.11,7.83,0.0,22.29
74403,0.1545,-0.2194,0.8691,-6.02,7.86,-0.03,22.31
74413,0.1522,-0.2208,0.8711,-6.2,7.79,-0.03,22.33
74423,0.1512,-0.217,0.8678,-6.37,7.83,-0.08,22.33
74433,0.151,-0.2169,0.8608,-6.47,7.8,-0.06,22.32
74443,0.1509,-0.2216,0.861,-6.35,7.82,-0.02,22.28
74453,0.1578,-0.2256,0.8635,-6.14,7.8,-0.06,22.3
74463,0.153,-0.2162,0.865,-5.88,7.66,-0.08,22.33
74473,0.1521,-0.2183,0.8689,-6.02,7.51,-0.15,22.32
74483,0.1552,-0.2134,0.8647,-6.2,7.56,-0.14,22.31
74493,0.1605,-0.2198,0.8724,-6.23,7.83,-0.06,22.33
74503,0.1554,-0.2224,0.8715,-6.29,8.17,0.05,22.32
74513,0.1512,-0.2157,0.8711,-6.21,8.08,0.0,22.3
74523,0.1512,-0.2202,0.8655,-6.2,7.74,-0.03,22.31
74533,0.1532,-0.2207,0.8646,-6.27,7.5,-0.14,22.3
74543,0.1536,-0.2181,0.8655,-6.24,7.62,-0.11,22.32
74553,0.1558,-0.219,0.8646,-6.06,7.94,0.08,22.32
74563,0.1516,-0.219,0.871,-6.05,8.14,0.02,22.32
74573,0.1505,-0.2192,0.8727,-6.23,7.86,-0.08,22.33
74583,0.1508,-0.2222,0.8707,-6.4,7.48,-0.17,22.34
74593,0.1548,-0.2191,0.8687,-6.32,7.28,-0.21,22.32
74603,0.1613,-0.2203,0.8628,-6.26,7.63,-0.15,22.33
74613,0.1581,-0.222,0.8706,-6.05,8.03,0.02,22.34
74623,0.1548,-0.2179,0.8728,-5.97,8.11,0.0,22.32
74633,0.1521,-0.2177,0.8737,-6.03,7.89,-0.06,22.33
74643,0.1512,-0.2159,0.8715,-6.18,7.57,-0.06,22.34
74653,0.1569,-0.2175,0.869,-6.18,7.34,-0.12,22.36
74663,0.1581,-0.215,0.863,-6.38,7.5,-0.03,22.34
74673,0.1543,-0.2144,0.8622,-6.37,7.97,-0.05,22.33
74683,0.1516,-0.2178,0.8633,-6.21,8.18,0.02,22.32
74693,0.1553,-0.2156,0.8696,-6.15,7.95,-0.03,22.32
74703,0.1508,-0.2163,0.8708,-6.18,7.57,-0.02,22.32
74713,0.1537,-0.2178,0.866,-6.15,7.44,-0.08,22.34
74723,0.1576,-0.2181,0.8704,-6.37,7.73,-0.11,22.34
74733,0.1572,-0.2185,0.865,-6.35,7.97,-0.06,22.34
74743,0.1545,-0.2192,0.8657,-6.29,8.15,-0.02,22.31
74753,0.1545,-0.2172,0.8647,-6.15,8.0,0.0,22.32
74763,0.15,-0.2195,0.8671,-6.11,7.74,-0.11,22.34
74773,0.1515,-0.2198,0.8706,-6.17,7.48,-0.21,22.33
74783,0.1522,-0.2155,0.8652,-6.24,7.69,-0.06,22.33
74794,0.1533,-0.2147,0.8667,-6.37,7.92,-0.12,22.31
74804,0.1512,-0.2168,0.8639,-6.37,8.0,-0.03,22.34
74814,0.1515,-0.2192,0.8684,-6.27,7.86,-0.11,22.31
74824,0.1527,-0.219,0.8717,-6.14,7.71,-0.15,22.35
74834,0.1548,-0.2257,0.8688,-6.23,7.57,-0.08,22.34
74844,0.1552,-0.2216,0.8645,-6.32,7.68,-0.05,22.34
74854,0.1598,-0.2162,0.864,-6.4,7.74,-0.09,22.33
74864,0.1578,-0.2225,0.8615,-6.18,7.83,-0.12,22.35
74874,0.156,-0.2208,0.8667,-6.12,7.83,0.0,22.32
74884,0.16,-0.2214,0.8706,-5.98,7.85,-0.03,22.31
74894,0.1575,-0.22,0.8699,-6.09,7.71,-0.02,22.33
74904,0.1569,-0.2233,0.8744,-6.12,7.82,-0.03,22.32
74915,0.1541,-0.2225,0.8693,-6.2,7.88,0.03,22.36
74925,0.156,-0.2184,0.868,-6.2,7.89,0.03,22.34
74935,0.1501,-0.2163,0.8677,-6.11,7.86,0.0,22.34
74945,0.1512,-0.2166,0.8722,-6.05,7.83,-0.08,22.34
74955,0.1505,-0.2169,0.8726,-6.24,7.53,-0.11,22.34
74965,0.1511,-0.2142,0.8691,-6.26,7.51,-0.08,22.33
74975,0.1556,-0.2151,0.8665,-6.29,7.62,-0.08,22.33
74985,0.1549,-0.217,0.8639,-6.26,7.76,-0.12,22.32
74995,0.156,-0.2173,0.8623,-6.14,7.83,-0.03,22.32
75005,0.1554,-0.2173,0.8663,-6.12,7.89,0.02,22.34
75015,0.1559,-0.2159,0.8667,-6.05,7.74,-0.03,22.33
75025,0.1547,-0.2197,0.8698,-6.11,7.79,-0.11,22.33
75035,0.1523,-0.2181,0.8719,-6.27,7.83,-0.05,22.32
75045,0.1533,-0.217,0.8654,-6.46,7.89,-0.11,22.3
75055,0.1515,-0.218,0.8661,-6.5,7.8,-0.09,22.35
75065,0.1536,-0.2192,0.858,-6.35,7.69,-0.12,22.33
75075,0.1526,-0.2201,0.8606,-6.21,7.57,-0.2,22.32
75085,0.1526,-0.2174,0.8608,-6.05,7.51,-0.11,22.32
75095,0.1554,-0.2123,0.866,-6.02,7.59,-0.09,22.32
75105,0.1542,-0.2112,0.8655,-6.21,7.71,-0.05,22.3
75115,0.1576,-0.212,0.8639,-6.35,7.65,-0.12,22.34
75125,0.1554,-0.2118,0.8672,-6.5,7.71,-0.12,22.34
75135,0.1539,-0.2153,0.8679,-6.38,7.8,-0.11,22.34
75145,0.1558,-0.2129,0.8712,-6.4,7.88,-0.09,22.31
75155,0.1554,-0.2195,0.8679,-6.38,7.98,-0.08,22.32
75165,0.1498,-0.2222,0.8732,-6.46,7.91,-0.05,22.34
75175,0.1526,-0.2239,0.8719,-6.53,7.91,-0.05,22.33
75185,0.1525,-0.2251,0.8728,-6.46,7.77,-0.14,22.35
75195,0.1533,-0.2264,0.8717,-6.4,7.74,-0.17,22.34
75205,0.1567,-0.228,0.8647,-6.27,7.85,0.0,22.33
75215,0.158,-0.2295,0.8721,-6.09,8.06,-0.02,22.34
75225,0.1512,-0.229,0.8716,-5.95,8.11,0.09,22.33
75235,0.1537,-0.2256,0.8718,-6.11,8.08,0.02,22.32
75245,0.152,-0.2272,0.8679,-6.09,7.82,0.03,22.32
75255,0.1532,-0.223,0.8695,-6.12,7.59,-0.06,22.33
75265,0.156,-0.2202,0.8638,-6.11,7.37,-0.15,22.34
75275,0.1581,-0.2184,0.86,-5.95,7.36,-0.15,22.34
75285,0.1609,-0.2122,0.8582,-5.74,7.48,-0.06,22.33
75295,0.1644,-0.212,0.8661,-5.6,7.76,-0.06,22.33
75305,0.1621,-0.21,0.8719,-5.76,7.8,0.05,22.31
75315,0.1581,-0.2092,0.8723,-5.98,7.8,0.0,22.31
75325,0.1575,-0.2113,0.8729,-6.32,7.89,-0.08,22.32
75335,0.1577,-0.2137,0.8674,-6.55,7.94,0.05,22.34
75345,0.1504,-0.2158,0.8694,-6.52,8.0,0.05,22.35
75355,0.1517,-0.2161,0.8638,-6.35,8.08,0.02,22.35
75365,0.1487,-0.2183,0.8651,-6.12,7.91,0.02,22.33
75375,0.1481,-0.2159,0.8658,-6.08,7.77,0.02,22.35
75385,0.1479,-0.218,0.8696,-6.06,7.62,-0.08,22.34
75395,0.1461,-0.2189,0.8647,-6.17,7.5,-0.14,22.35
75405,0.1514,-0.2152,0.8656,-6.35,7.66,-0.12,22.34
75415,0.1537,-0.2189,0.8669,-6.41,7.82,-0.12,22.34
75425,0.1556,-0.2174,0.8612,-6.27,7.77,-0.11,22.34
75435,0.1544,-0.2189,0.8629,-6.23,7.73,-0.11,22.32
75445,0.1597,-0.2257,0.876,-6.18,7.92,-0.09,22.34
75455,0.1506,-0.2094,0.8673,-6.02,8.09,0.03,22.35
75465,0.1558,-0.2124,0.8695,-6.35,7.34,-0.18,22.33
75475,0.1599,-0.2174,0.8582,-6.81,6.98,-0.31,22.32
75485,0.1632,-0.2211,0.8617,-6.55,7.39,-0.12,22.34
75495,0.1613,-0.2256,0.8612,-6.15,8.32,0.06,22.34
75505,0.1581,-0.2186,0.8656,-6.03,8.63,0.14,22.32
75515,0.1495,-0.2168,0.8756,-5.86,8.11,0.12,22.34
75525,0.1523,-0.2202,0.8793,-6.09,7.4,-0.02,22.35
75535,0.1527,-0.2163,0.8727,-6.5,7.3,-0.09,22.35
75545,0.1586,-0.2203,0.8621,-6.78,7.68,-0.08,22.34
75555,0.1567,-0.2241,0.8656,-6.72,8.27,0.15,22.37
75565,0.1531,-0.225,0.8606,-6.24,8.49,0.09,22.33
75575,0.1499,-0.2273,0.865,-5.79,8.11,0.03,22.35
75585,0.1459,-0.2208,0.8712,-5.62,7.54,0.02,22.33
75595,0.1473,-0.2196,0.8728,-5.73,7.15,-0.02,22.35
75605,0.1526,-0.213,0.8729,-6.05,7.51,0.05,22.36
75615,0.156,-0.2146,0.8729,-6.2,8.02,-0.08,22.33
75625,0.1552,-0.2178,0.8688,-6.17,7.89,-0.02,22.34
75635,0.1552,-0.2159,0.8711,-6.12,7.59,-0.15,22.34
75645,0.161,-0.2151,0.8682,-5.92,7.36,-0.14,22.38
75655,0.1589,-0.2133,0.8732,-5.86,7.6,-0.12,22.33
75665,0.1559,-0.2137,0.8749,-6.06,7.97,-0.02,22.34
75675,0.1532,-0.2134,0.8693,-6.35,8.32,0.0,22.35
75685,0.1494,-0.2141,0.8671,-6.64,8.09,-0.09,22.33
75695,0.15,-0.2148,0.8613,-6.56,7.51,-0.15,22.33
75705,0.152,-0.2147,0.8589,-6.21,7.11,-0.14,22.33
75715,0.1594,-0.2126,0.8633,-5.73,7.37,-0.14,22.3
75725,0.1606,-0.214,0.868,-5.76,7.85,-0.06,22.34
75735,0.1589,-0.213,0.8739,-6.23,8.27,0.06,22.34
75745,0.1572,-0.2151,0.8727,-6.72,8.08,-0.11,22.36
75755,0.1509,-0.2173,0.8658,-6.98,7.82,-0.14,22.34
75765,0.1555,-0.2224,0.8569,-6.84,7.69,-0.15,22.33
75775,0.1541,-0.2261,0.859,-6.43,7.74,-0.06,22.36
75785,0.1537,-0.2286,0.8549,-6.06,8.03,0.08,22.33
75795,0.1519,-0.2267,0.8676,-5.86,8.15,0.08,22.34
75805,0.1483,-0.2233,0.8792,-5.94,7.92,0.03,22.36
75815,0.1484,-0.2231,0.8759,-6.34,7.5,-0.08,22.34
75825,0.1506,-0.2197,0.8671,-6.5,7.3,-0.14,22.34
75835,0.1532,-0.225,0.8574,-6.56,7.53,-0.08,22.31
75845,0.1578,-0.2222,0.86,-6.24,7.94,-0.08,22.34
75855,0.15,-0.2253,0.8635,-5.91,8.15,0.09,22.3
75865,0.1515,-0.2352,0.8921,-5.51,8.38,0.06,22.32
75875,0.1388,-0.2224,0.8978,-5.3,8.38,0.05,22.3
75885,0.1477,-0.2006,0.8733,-5.95,7.13,-0.17,22.32
75895,0.1676,-0.2085,0.8599,-6.99,6.15,-0.64,22.33
75905,0.1748,-0.2136,0.8541,-7.02,6.69,-0.37,22.34
75915,0.1669,-0.2245,0.8562,-6.21,8.66,0.24,22.34
75925,0.1611,-0.215,0.8633,-5.45,9.91,0.4,22.34
75935,0.1508,-0.215,0.8745,-5.42,8.69,0.09,22.34
75945,0.1473,-0.21,0.8816,-5.92,6.55,-0.27,22.34
75955,0.156,-0.2102,0.8784,-6.64,5.86,-0.41,22.32
75965,0.1639,-0.2123,0.8627,-6.93,7.02,-0.18,22.33
75975,0.1625,-0.2163,0.8549,-6.64,8.9,0.08,22.32
75985,0.152,-0.2209,0.8658,-6.17,9.62,0.26,22.32
75995,0.1387,-0.2239,0.8801,-5.74,8.84,0.06,22.34
76005,0.1388,-0.2233,0.8855,-5.77,7.05,-0.23,22.31
76015,0.1487,-0.22,0.8757,-6.27,6.03,-0.38,22.34
76025,0.1638,-0.2175,0.8627,-6.99,6.75,-0.35,22.3
76035,0.1588,-0.2188,0.8495,-7.08,8.47,-0.05,22.32
76045,0.1544,-0.2251,0.8474,-6.6,9.3,0.14,22.32
76055,0.15,-0.224,0.8563,-5.94,8.7,0.14,22.32
76065,0.1487,-0.2219,0.8636,-5.39,7.04,-0.17,22.35
76075,0.1564,-0.2166,0.8635,-5.54,5.89,-0.21,22.35
76085,0.1661,-0.2168,0.8646,-6.03,6.52,-0.2,22.32
76095,0.1669,-0.2167,0.86,-6.37,8.29,0.02,22.32
76105,0.1583,-0.2163,0.8694,-6.24,9.6,0.23,22.32
76115,0.1469,-0.2158,0.8823,-5.98,9.31,0.24,22.32
76125,0.1423,-0.2166,0.8911,-5.79,7.74,-0.03,22.31
76135,0.1459,-0.2141,0.8899,-6.09,6.35,-0.27,22.3
76145,0.1554,-0.2128,0.8822,-6.58,6.44,-0.32,22.31
76155,0.1633,-0.2163,0.8668,-7.16,7.74,-0.12,22.34
76165,0.1582,-0.2178,0.8536,-7.04,9.07,0.11,22.35
76175,0.15,-0.2195,0.8578,-6.53,8.95,0.14,22.36
76185,0.1488,-0.2207,0.859,-5.77,7.65,-0.09,22.34
76195,0.1517,-0.2186,0.8629,-5.54,6.58,-0.2,22.32
76205,0.1631,-0.2177,0.8734,-5.86,6.7,-0.21,22.32
76215,0.1665,-0.2162,0.8685,-6.35,7.71,-0.05,22.33
76225,0.1615,-0.2161,0.8715,-6.47,8.81,0.06,22.34
76235,0.1514,-0.2211,0.8751,-6.47,8.95,0.15,22.33
76245,0.1453,-0.222,0.8727,-6.38,7.91,-0.02,22.32
76255,0.1501,-0.2236,0.8701,-6.34,6.96,-0.17,22.28
76265,0.1561,-0.225,0.8668,-6.37,6.98,-0.27,22.32
76275,0.1608,-0.225,0.8601,-6.43,7.69,-0.06,22.31
76285,0.1565,-0.2255,0.8654,-6.32,8.58,0.05,22.33
76295,0.1501,-0.2245,0.8617,-6.17,8.63,0.06,22.35
76305,0.149,-0.2233,0.8649,-6.03,7.82,-0.02,22.33
76315,0.1492,-0.2217,0.865,-5.8,6.95,-0.24,22.31
76325,0.1576,-0.219,0.864,-5.8,6.84,-0.23,22.3
76335,0.1643,-0.2147,0.8649,-5.89,7.65,-0.02,22.31
76345,0.158,-0.212,0.8713,-6.11,8.44,0.08,22.34
76355,0.1552,-0.2155,0.8706,-6.2,8.46,0.08,22.31
76365,0.1492,-0.2183,0.8737,-6.21,7.8,-0.03,22.34
76375,0.1511,-0.219,0.8711,-6.23,7.24,-0.15,22.33
76385,0.1569,-0.2147,0.8674,-6.06,7.13,-0.15,22.32
76395,0.1609,-0.2151,0.8668,-6.17,7.68,0.0,22.33
76405,0.1561,-0.2134,0.8721,-6.18,8.4,0.12,22.33
76415,0.1511,-0.215,0.8728,-6.29,8.4,0.14,22.33
76425,0.1487,-0.2209,0.8772,-6.49,8.0,-0.05,22.32
76435,0.1426,-0.2192,0.8767,-6.46,7.53,-0.06,22.33
76445,0.151,-0.2123,0.8635,-6.26,7.44,-0.05,22.32
76455,0.1573,-0.2205,0.8673,-6.2,8.14,-0.11,22.33
76465,0.1522,-0.2189,0.8683,-6.26,8.38,0.03,22.34
76475,0.1483,-0.2189,0.868,-6.14,8.12,0.08,22.33
76485,0.1493,-0.2191,0.8734,-6.02,7.66,-0.02,22.34
76495,0.1548,-0.2179,0.8689,-6.17,7.18,-0.18,22.34
76505,0.1559,-0.2168,0.8677,-6.29,7.16,-0.14,22.35
76515,0.162,-0.2168,0.866,-6.26,7.68,-0.11,22.32
76525,0.1619,-0.2203,0.8678,-6.35,8.32,0.02,22.33
76535,0.1561,-0.2184,0.8644,-6.23,8.4,-0.05,22.35
76545,0.1532,-0.2186,0.8669,-6.26,7.91,-0.06,22.36
76555,0.1545,-0.2177,0.8684,-6.29,7.47,-0.08,22.36
76565,0.1548,-0.2218,0.8593,-6.4,7.59,-0.14,22.34
76575,0.1578,-0.2201,0.8613,-6.38,7.95,0.09,22.34
76585,0.1588,-0.2238,0.8617,-6.18,8.35,0.02,22.33
76595,0.1525,-0.2211,0.8656,-6.0,8.31,0.08,22.34
76605,0.1492,-0.2207,0.8632,-5.85,7.69,-0.02,22.34
76615,0.15,-0.2198,0.8672,-5.88,7.4,-0.11,22.32
76625,0.1565,-0.2208,0.8676,-6.05,7.31,-0.11,22.33
76635,0.1562,-0.218,0.8651,-6.11,7.73,-0.03,22.32
76645,0.1562,-0.2175,0.868,-6.02,8.17,0.09,22.33
76655,0.1527,-0.2164,0.8721,-6.02,8.23,0.11,22.34
76665,0.1486,-0.2168,0.8735,-5.95,7.82,0.02,22.32
76675,0.1517,-0.2147,0.8713,-6.21,7.4,-0.08,22.32
76685,0.1547,-0.2155,0.8694,-6.23,7.22,-0.11,22.32
76695,0.1553,-0.2147,0.8665,-6.41,7.59,-0.08,22.34
76705,0.1578,-0.2153,0.864,-6.43,7.94,-0.02,22.32
76715,0.1555,-0.2175,0.8627,-6.26,8.09,-0.05,22.33
76725,0.1537,-0.2163,0.8699,-6.15,7.97,0.05,22.32
76735,0.1503,-0.2167,0.8707,-6.15,7.62,-0.17,22.34
76745,0.1549,-0.2184,0.8702,-6.18,7.45,-0.14,22.32
76755,0.1558,-0.2186,0.8663,-6.31,7.56,-0.11,22.32
76765,0.1562,-0.2175,0.863,-6.34,7.74,-0.05,22.33
76775,0.1527,-0.2179,0.8669,-6.35,8.02,-0.03,22.31
76785,0.1543,-0.2163,0.8696,-6.24,7.86,-0.03,22.33
76795,0.1519,-0.2145,0.8689,-6.21,7.62,-0.17,22.34
76805,0.1516,-0.2175,0.8682,-6.38,7.48,-0.2,22.31
76815,0.1544,-0.2201,0.8669,-6.49,7.63,-0.14,22.32
76825,0.153,-0.22,0.8623,-6.44,7.95,-0.05,22.34
76835,0.1537,-0.2214,0.8641,-6.34,8.05,-0.12,22.34
76845,0.1498,-0.2202,0.8636,-6.32,7.85,-0.15,22.35
76855,0.1519,-0.2206,0.8649,-6.09,7.54,-0.06,22.34
76865,0.1539,-0.2172,0.8672,-6.06,7.4,-0.03,22.32
76875,0.1547,-0.2148,0.8657,-6.21,7.74,-0.08,22.33
76885,0.1553,-0.2192,0.8674,-6.21,7.95,-0.08,22.34
76895,0.1538,-0.2191,0.8676,-6.34,8.05,-0.02,22.33
76905,0.1515,-0.2211,0.8689,-6.41,7.85,-0.11,22.31
76915,0.1536,-0.2212,0.8666,-6.24,7.57,-0.12,22.35
76925,0.1531,-0.22,0.8679,-6.11,7.53,-0.05,22.33
76935,0.1539,-0.2188,0.8683,-6.12,7.62,-0.11,22.32
76945,0.1554,-0.2177,0.8718,-6.09,7.8,-0.05,22.35
76955,0.1522,-0.2157,0.8734,-6.2,7.89,-0.03,22.33
76965,0.1541,-0.217,0.8691,-6.24,7.83,-0.05,22.34
76975,0.1543,-0.2194,0.8701,-6.35,7.65,-0.03,22.34
76985,0.1553,-0.2167,0.8671,-6.41,7.76,-0.08,22.35
76995,0.1575,-0.2168,0.868,-6.4,7.89,-0.06,22.36
77005,0.1542,-0.2211,0.864,-6.32,7.98,-0.03,22.33
77015,0.1539,-0.2208,0.8644,-6.23,7.88,-0.06,22.32
77025,0.1532,-0.2184,0.8663,-6.18,7.71,-0.14,22.32
77035,0.152,-0.2205,0.869,-6.11,7.57,-0.14,22.35
77045,0.1539,-0.2229,0.8668,-6.09,7.65,-0.03,22.32
77055,0.1558,-0.2194,0.8669,-6.17,7.74,-0.02,22.33
77065,0.1545,-0.2189,0.8677,-6.23,7.91,0.03,22.34
77075,0.1537,-0.2222,0.8688,-6.32,7.89,-0.02,22.33
77085,0.1521,-0.2231,0.8694,-6.26,7.8,0.0,22.34
77095,0.1533,-0.2209,0.8702,-6.17,7.73,-0.09,22.33
77105,0.1533,-0.2233,0.8672,-6.24,7.71,-0.02,22.34
77115,0.1542,-0.2224,0.8645,-6.18,7.8,-0.09,22.34
77125,0.158,-0.2206,0.8628,-6.23,7.95,0.05,22.34
77135,0.1542,-0.2192,0.863,-6.02,7.95,0.09,22.34
77145,0.1541,-0.2173,0.8652,-6.0,7.8,-0.03,22.34
77155,0.1519,-0.2152,0.8655,-6.06,7.65,-0.06,22.32
77165,0.1533,-0.2151,0.8658,-6.15,7.62,-0.06,22.34
77175,0.1541,-0.2126,0.866,-6.21,7.74,-0.08,22.34
77185,0.1544,-0.2136,0.8669,-6.24,7.77,-0.05,22.33
77195,0.1525,-0.212,0.8667,-6.23,7.83,-0.05,22.33
77205,0.1519,-0.2155,0.8688,-6.27,7.73,-0.08,22.33
77215,0.1541,-0.2177,0.868,-6.24,7.71,-0.11,22.33
77225,0.1548,-0.2214,0.8655,-6.32,7.65,-0.09,22.32
77235,0.1571,-0.2192,0.8684,-6.4,7.76,-0.05,22.34
77245,0.1566,-0.2203,0.8668,-6.32,7.74,-0.05,22.35
77256,0.1545,-0.2188,0.8719,-6.17,7.74,-0.09,22.34
77266,0.1543,-0.2202,0.8678,-6.06,7.77,-0.12,22.32
77276,0.1537,-0.2183,0.8745,-6.09,7.74,-0.11,22.32
77286,0.1522,-0.217,0.8685,-6.21,7.8,-0.11,22.34
77296,0.1559,-0.219,0.8682,-6.38,7.82,-0.15,22.35
77306,0.157,-0.2186,0.8674,-6.34,7.83,-0.03,22.34
77316,0.1544,-0.2196,0.8646,-6.26,7.85,-0.05,22.33
77326,0.1545,-0.2201,0.868,-6.24,7.77,-0.11,22.33
77336,0.152,-0.2213,0.8711,-6.26,7.65,-0.06,22.33
77346,0.1515,-0.2162,0.8701,-6.17,7.65,-0.06,22.34
77356,0.1527,-0.2181,0.8695,-6.12,7.74,-0.12,22.34
77366,0.1545,-0.2131,0.8712,-6.12,7.77,-0.12,22.33
77376,0.1528,-0.2177,0.8661,-6.2,7.88,-0.05,22.32
77386,0.1547,-0.2202,0.868,-6.4,7.83,-0.05,22.34
77396,0.1578,-0.2239,0.869,-6.29,7.79,-0.09,22.37
77406,0.158,-0.2211,0.868,-6.27,7.74,-0.05,22.35
77416,0.1526,-0.2207,0.8669,-6.05,7.79,-0.03,22.36
77426,0.155,-0.2168,0.8688,-6.03,7.76,0.0,22.34
77436,0.1566,-0.2177,0.8684,-6.11,7.77,0.05,22.36
77446,0.1503,-0.2126,0.8687,-6.17,7.74,-0.02,22.35
77456,0.1537,-0.2185,0.8663,-6.21,7.82,0.02,22.34
77466,0.1534,-0.2196,0.8672,-6.24,7.95,-0.03,22.35
77476,0.152,-0.2172,0.8645,-6.29,7.85,0.02,22.35
77486,0.1532,-0.2183,0.8628,-6.17,7.86,-0.05,22.34
77496,0.1512,-0.2209,0.8658,-6.18,7.79,-0.06,22.35
77506,0.1622,-0.2151,0.8541,-6.08,7.65,-0.06,22.33
77516,0.1613,-0.2157,0.8641,-6.02,7.69,-0.08,22.34
77526,0.1503,-0.2196,0.8739,-6.03,7.71,-0.06,22.36
77536,0.1492,-0.2146,0.8724,-6.11,7.63,-0.02,22.36
77546,0.1566,-0.2125,0.8608,-6.24,7.65,-0.15,22.34
77556,0.1592,-0.2184,0.8649,-6.34,7.74,-0.08,22.34
77566,0.1572,-0.2185,0.866,-6.37,7.77,0.02,22.34
77576,0.1549,-0.2173,0.8663,-6.4,7.91,-0.03,22.34
77586,0.1515,-0.2211,0.8668,-6.17,8.0,0.0,22.34
77596,0.1539,-0.2191,0.8685,-6.14,7.92,-0.06,22.35
77606,0.1539,-0.2186,0.8743,-6.11,7.68,-0.08,22.38
77616,0.1561,-0.2195,0.8706,-6.24,7.57,-0.03,22.35
77626,0.1562,-0.2177,0.8678,-6.2,7.73,-0.06,22.33
77636,0.155,-0.2164,0.8649,-6.27,7.95,-0.06,22.34
77646,0.1542,-0.2206,0.8668,-6.27,7.91,-0.14,22.33
77656,0.1556,-0.2213,0.8687,-6.17,7.86,-0.03,22.3
77666,0.1509,-0.219,0.8662,-6.18,7.77,-0.06,22.35
77676,0.1548,-0.2174,0.8702,-6.12,7.74,-0.09,22.34
77686,0.1544,-0.2169,0.8711,-6.08,7.79,-0.02,22.35
77696,0.1548,-0.2169,0.8729,-6.27,7.82,-0.06,22.35
77707,0.1537,-0.2157,0.8671,-6.18,7.65,0.0,22.35
77717,0.1526,-0.2137,0.8684,-6.18,7.6,-0.08,22.35
77727,0.1544,-0.2128,0.8693,-6.18,7.59,-0.08,22.32
77737,0.1544,-0.2148,0.8658,-6.15,7.63,-0.12,22.34
77747,0.1552,-0.2163,0.8663,-6.27,7.83,-0.08,22.34
77757,0.1565,-0.217,0.8674,-6.44,8.02,-0.05,22.35
77767,0.155,-0.219,0.8685,-6.44,8.03,-0.05,22.36
77777,0.1569,-0.2186,0.8624,-6.44,7.89,0.02,22.33
77787,0.1576,-0.223,0.8665,-6.23,7.68,-0.05,22.35
77797,0.1558,-0.2212,0.8706,-6.12,7.68,0.0,22.32
77807,0.1536,-0.2173,0.868,-6.03,7.8,0.03,22.36
77817,0.1537,-0.2184,0.8649,-6.08,7.88,0.02,22.31
77827,0.1542,-0.217,0.869,-6.24,7.83,0.06,22.33
77837,0.1503,-0.2131,0.8724,-6.24,7.77,-0.06,22.33
77847,0.1511,-0.2184,0.8701,-6.44,7.79,-0.02,22.36
77857,0.153,-0.2178,0.8655,-6.41,7.69,-0.09,22.35
77867,0.1533,-0.2173,0.8617,-6.34,7.74,-0.12,22.34
77877,0.153,-0.2202,0.8644,-6.15,7.79,-0.11,22.34
77887,0.1539,-0.2189,0.8615,-5.97,7.8,-0.02,22.34
77897,0.1542,-0.2169,0.8665,-6.05,7.69,0.02,22.32
77907,0.1548,-0.2153,0.8701,-6.0,7.63,-0.11,22.35
77917,0.1555,-0.2137,0.8694,-6.14,7.71,-0.12,22.34
77927,0.1538,-0.2114,0.8668,-6.21,7.82,-0.12,22.35
77937,0.1525,-0.2152,0.8693,-6.37,7.89,-0.12,22.32
77947,0.1521,-0.2173,0.8715,-6.44,7.91,-0.11,22.33
77957,0.153,-0.2195,0.8636,-6.46,7.82,-0.06,22.35
77967,0.1537,-0.2205,0.8638,-6.29,7.73,-0.08,22.34
77977,0.1562,-0.2197,0.8662,-6.17,7.66,-0.11,22.34
77987,0.1575,-0.2202,0.8655,-6.15,7.63,-0.14,22.34
77997,0.1523,-0.2192,0.8733,-6.05,7.74,-0.11,22.35
78007,0.1543,-0.2161,0.8699,-6.09,7.79,-0.06,22.33
78017,0.1505,-0.2181,0.8702,-6.24,7.76,-0.11,22.35
78027,0.1555,-0.2169,0.8655,-6.29,7.65,-0.08,22.33
78037,0.1553,-0.2162,0.8644,-6.32,7.57,-0.06,22.33
78047,0.1528,-0.2197,0.8617,-6.32,7.74,-0.12,22.34
78057,0.156,-0.2191,0.8651,-6.18,7.83,-0.05,22.36
78067,0.1556,-0.2217,0.8672,-6.23,8.0,-0.11,22.34
78077,0.1591,-0.2264,0.8657,-6.31,7.91,0.06,22.34
78087,0.1561,-0.2268,0.8635,-6.46,7.89,0.02,22.34
78097,0.152,-0.224,0.8668,-6.41,7.88,0.03,22.34
78107,0.1498,-0.2258,0.863,-6.29,7.73,-0.03,22.34
78117,0.1522,-0.2198,0.8622,-6.12,7.62,-0.03,22.35
78127,0.1544,-0.2166,0.8662,-5.94,7.66,0.02,22.36
78137,0.1548,-0.2206,0.8649,-5.88,7.79,0.08,22.38
78147,0.1534,-0.2194,0.8755,-6.12,8.02,0.0,22.34
78157,0.1498,-0.2225,0.8745,-6.38,7.95,-0.02,22.33
78167,0.1504,-0.2239,0.8688,-6.46,7.73,-0.03,22.36
78177,0.1503,-0.2211,0.8678,-6.24,7.59,0.03,22.33
78187,0.1522,-0.2175,0.8625,-5.98,7.57,0.02,22.35
78197,0.1536,-0.2108,0.8667,-5.68,7.73,0.06,22.34
78207,0.1528,-0.2108,0.8712,-5.68,7.91,0.12,22.33
78217,0.1498,-0.2092,0.8762,-5.92,7.89,-0.02,22.34
78227,0.1488,-0.2106,0.8787,-6.34,7.74,0.03,22.34
78237,0.1486,-0.2153,0.8684,-6.6,7.68,-0.11,22.34
78247,0.1523,-0.2172,0.8607,-6.63,7.85,-0.11,22.33
78257,0.1505,-0.2155,0.8641,-6.47,8.05,-0.03,22.36
78267,0.1541,-0.2191,0.8624,-6.08,8.09,-0.06,22.34
78277,0.1554,-0.2184,0.8663,-5.95,7.82,-0.12,22.33
78287,0.1594,-0.2202,0.8707,-6.06,7.44,-0.08,22.33
78297,0.1611,-0.2196,0.8665,-6.18,7.33,-0.11,22.35
78307,0.1625,-0.2179,0.8647,-6.35,7.62,-0.14,22.37
78317,0.1614,-0.2158,0.8632,-6.34,7.92,-0.02,22.34
78327,0.1638,-0.2172,0.8612,-6.29,8.11,0.0,22.3
78337,0.1569,-0.2169,0.8674,-6.03,8.08,-0.03,22.33
78347,0.1552,-0.2191,0.8732,-6.14,7.85,-0.09,22.32
78357,0.1578,-0.2192,0.8707,-6.31,7.66,-0.06,22.33
78367,0.157,-0.2228,0.8672,-6.41,7.65,-0.03,22.34
78377,0.1532,-0.2222,0.8619,-6.43,7.8,-0.06,22.36
78387,0.1517,-0.2163,0.8624,-6.27,8.03,0.03,22.3
78397,0.1515,-0.2191,0.8635,-6.06,8.0,0.09,22.33
78407,0.1467,-0.2174,0.8668,-5.95,7.73,0.03,22.35
78417,0.1495,-0.2163,0.8726,-6.06,7.59,-0.09,22.32
78427,0.1508,-0.2169,0.8693,-6.18,7.59,-0.09,22.36
78437,0.1508,-0.219,0.8649,-6.43,7.73,-0.08,22.36
78448,0.1521,-0.2185,0.8673,-6.38,7.91,-0.06,22.34
78458,0.1541,-0.2201,0.8662,-6.21,7.83,-0.14,22.37
78468,0.1539,-0.2195,0.8645,-6.06,7.63,-0.17,22.35
78478,0.1559,-0.2189,0.8704,-5.95,7.5,-0.15,22.37
78488,0.1549,-0.2191,0.8678,-6.03,7.44,-0.08,22.34
78498,0.1577,-0.2153,0.8683,-6.27,7.65,-0.11,22.38
78508,0.1537,-0.2184,0.87,-6.41,7.94,-0.08,22.34
78518,0.1545,-0.2151,0.8652,-6.37,8.0,-0.02,22.33
78528,0.1543,-0.2178,0.8643,-6.26,7.82,-0.05,22.35
78538,0.1533,-0.2179,0.8651,-6.21,7.65,-0.08,22.36
78548,0.1536,-0.2174,0.8668,-6.34,7.65,-0.06,22.35
78558,0.1538,-0.2188,0.8652,-6.27,7.82,-0.03,22.35
78568,0.1538,-0.2202,0.8634,-6.32,7.97,-0.05,22.33
78578,0.1531,-0.2208,0.866,-6.27,7.98,0.0,22.36
78588,0.1544,-0.224,0.8672,-6.26,7.88,-0.09,22.37
78598,0.1522,-0.2242,0.8634,-6.18,7.69,-0.06,22.36
78608,0.1516,-0.2229,0.8656,-6.06,7.59,0.0,22.35
78618,0.1552,-0.2192,0.8671,-6.08,7.79,-0.02,22.37
78628,0.1526,-0.2202,0.8707,-6.06,7.79,-0.06,22.38
78638,0.1553,-0.2174,0.8717,-6.18,7.79,-0.11,22.34
78648,0.152,-0.218,0.8683,-6.27,7.83,-0.05,22.36
78658,0.1536,-0.2195,0.8679,-6.2,7.79,-0.05,22.36
78668,0.1543,-0.2202,0.8638,-6.12,7.77,-0.06,22.34
78678,0.1572,-0.2163,0.8707,-6.12,7.73,-0.03,22.34
78688,0.1562,-0.2191,0.8695,-6.11,7.79,-0.05,22.34
78698,0.1554,-0.2179,0.8684,-6.21,7.79,-0.06,22.35
78708,0.1561,-0.2169,0.8669,-6.2,7.8,-0.12,22.37
78718,0.1526,-0.2157,0.8679,-6.23,7.83,-0.06,22.34
78728,0.1512,-0.218,0.8711,-6.2,7.97,0.03,22.35
78738,0.1523,-0.2183,0.8698,-6.23,7.92,-0.11,22.37
78748,0.1541,-0.2194,0.8716,-6.2,7.88,-0.09,22.36
78758,0.1548,-0.2189,0.87,-6.21,7.79,-0.05,22.35
78768,0.1533,-0.2205,0.8652,-6.29,7.79,-0.05,22.34
78778,0.1549,-0.2164,0.8651,-6.27,7.76,-0.08,22.37
78788,0.1533,-0.2191,0.8683,-6.23,7.73,-0.03,22.35
78798,0.1519,-0.2164,0.8647,-6.11,7.77,-0.09,22.34
78808,0.1516,-0.2158,0.8668,-6.06,7.74,-0.09,22.33
78818,0.1525,-0.2179,0.8706,-6.24,7.63,-0.11,22.37
78828,0.1556,-0.2166,0.8618,-6.26,7.63,-0.12,22.34
78838,0.1571,-0.2152,0.8682,-6.21,7.69,-0.08,22.36
78848,0.1576,-0.2184,0.8641,-6.17,7.76,-0.08,22.37
78858,0.1577,-0.2179,0.8678,-6.14,7.8,-0.08,22.37
78868,0.1549,-0.2194,0.8688,-6.15,7.74,0.03,22.36
78878,0.1531,-0.2197,0.8655,-6.15,7.71,-0.08,22.34
78888,0.1564,-0.2174,0.864,-6.32,7.77,-0.05,22.36
78898,0.1532,-0.2168,0.8595,-6.38,7.89,-0.09,22.34
78908,0.1576,-0.2174,0.8654,-6.26,7.92,0.0,22.37
78918,0.157,-0.2206,0.8701,-6.18,7.92,-0.03,22.37
78928,0.1549,-0.2194,0.8666,-6.06,7.82,0.0,22.35
78938,0.1522,-0.2177,0.8663,-6.09,7.63,-0.06,22.35
78948,0.1534,-0.2179,0.8645,-6.23,7.56,-0.12,22.36
78958,0.1533,-0.2172,0.8636,-6.32,7.71,-0.15,22.36
78968,0.1542,-0.2186,0.8636,-6.29,7.85,-0.06,22.38
78978,0.1505,-0.2223,0.8685,-6.18,7.95,-0.05,22.36
78988,0.1569,-0.2198,0.8649,-6.15,7.88,-0.08,22.35
78998,0.1544,-0.2194,0.8689,-6.15,7.8,-0.05,22.33
79008,0.1509,-0.2202,0.8677,-6.17,7.6,-0.12,22.34
79018,0.1561,-0.2223,0.8656,-6.29,7.57,-0.05,22.34
79028,0.1558,-0.2189,0.8652,-6.17,7.71,-0.02,22.36
79038,0.155,-0.2147,0.8656,-6.02,7.86,-0.02,22.35
79048,0.1537,-0.2189,0.8649,-5.97,7.8,-0.02,22.34
79058,0.1544,-0.218,0.8691,-6.06,7.66,-0.09,22.36
79068,0.152,-0.213,0.87,-6.26,7.65,-0.12,22.36
79078,0.1556,-0.2158,0.8673,-6.41,7.71,-0.15,22.35
79088,0.1578,-0.2191,0.8689,-6.5,7.79,-0.14,22.36
79098,0.1566,-0.2233,0.8662,-6.38,7.82,-0.03,22.34
79108,0.1559,-0.2153,0.8676,-6.14,7.98,-0.08,22.34
79118,0.1549,-0.2192,0.8706,-5.97,7.83,-0.12,22.34
79128,0.1538,-0.2188,0.87,-5.89,7.53,-0.03,22.35
79138,0.1558,-0.2141,0.87,-5.88,7.48,-0.09,22.36
79148,0.156,-0.2172,0.873,-6.18,7.79,-0.12,22.34
79158,0.1523,-0.2159,0.8715,-6.38,7.92,-0.09,22.33
79168,0.1558,-0.2167,0.8702,-6.34,7.88,0.05,22.34
79178,0.1525,-0.217,0.8704,-6.41,7.86,-0.03,22.36
79188,0.1519,-0.2183,0.8682,-6.18,7.74,-0.11,22.38
79198,0.1561,-0.2207,0.8693,-6.37,7.63,-0.11,22.37
79208,0.1543,-0.2167,0.8676,-6.27,7.62,-0.08,22.35
79218,0.1539,-0.2179,0.8649,-6.29,7.85,-0.05,22.35
79228,0.1504,-0.2174,0.8652,-6.43,7.98,-0.08,22.38
79238,0.1493,-0.219,0.8668,-6.32,7.88,-0.11,22.34
79248,0.1509,-0.2189,0.8613,-6.18,7.69,-0.09,22.39
79258,0.1522,-0.2167,0.8615,-6.23,7.57,-0.09,22.36
79268,0.1528,-0.2159,0.8584,-6.2,7.66,-0.14,22.39
79278,0.1516,-0.2158,0.8629,-6.15,7.76,-0.08,22.36
79288,0.1528,-0.2168,0.8627,-6.18,7.92,-0.06,22.38
79298,0.1487,-0.2166,0.8647,-6.15,7.97,0.03,22.35
79308,0.1516,-0.2181,0.8632,-6.23,7.85,0.03,22.37
79318,0.1523,-0.2207,0.8613,-6.18,7.79,0.02,22.37
79328,0.1534,-0.2162,0.8687,-6.32,7.88,-0.09,22.37
79338,0.1517,-0.2178,0.8652,-6.29,7.89,-0.11,22.35
79348,0.1559,-0.2186,0.8651,-6.17,7.8,-0.03,22.35
79358,0.1532,-0.2189,0.8687,-6.14,7.79,0.0,22.36
79368,0.1515,-0.2177,0.8702,-6.03,7.82,0.0,22.35
79378,0.1516,-0.2194,0.8735,-6.02,7.76,-0.12,22.36
79388,0.1523,-0.218,0.8713,-6.17,7.74,-0.05,22.33
79398,0.1565,-0.2189,0.8744,-6.31,7.74,-0.06,22.35
79408,0.1587,-0.2192,0.8732,-6.32,7.71,-0.11,22.37
79418,0.1553,-0.2198,0.8674,-6.38,7.76,-0.12,22.36
79428,0.1576,-0.2179,0.8733,-6.24,7.69,-0.14,22.33
79438,0.1565,-0.2168,0.8678,-6.15,7.69,-0.09,22.35
79448,0.1584,-0.2186,0.8679,-6.26,7.76,-0.11,22.35
79458,0.1571,-0.2162,0.8708,-6.24,7.8,-0.06,22.36
79468,0.1566,-0.2198,0.8682,-6.4,7.82,-0.03,22.36
79478,0.1572,-0.2209,0.8683,-6.34,7.79,-0.03,22.37
79488,0.1561,-0.22,0.863,-6.31,7.76,-0.12,22.36
79498,0.1575,-0.2185,0.8633,-6.24,7.65,-0.08,22.34
79508,0.1541,-0.2164,0.8633,-6.29,7.65,-0.03,22.36
79518,0.1562,-0.2186,0.8669,-6.34,7.69,-0.12,22.34
79528,0.1567,-0.2185,0.8625,-6.37,7.73,-0.09,22.36
79538,0.1549,-0.2191,0.8661,-6.41,7.83,-0.15,22.36
79548,0.1532,-0.2201,0.8662,-6.4,7.82,-0.09,22.35
79558,0.1536,-0.2244,0.8629,-6.31,7.8,-0.06,22.33
79568,0.1545,-0.2234,0.8613,-6.27,7.57,-0.14,22.34
79578,0.1572,-0.2198,0.8644,-6.15,7.63,-0.08,22.36
79588,0.1536,-0.22,0.8623,-6.14,7.76,-0.05,22.33
79598,0.155,-0.222,0.866,-6.2,7.94,0.0,22.38
79608,0.1569,-0.2192,0.8674,-6.15,7.94,-0.03,22.34
79618,0.152,-0.219,0.8724,-6.24,7.98,-0.02,22.36
79628,0.1495,-0.2211,0.8755,-6.2,7.89,0.03,22.35
79638,0.1483,-0.2206,0.8717,-6.17,7.83,0.0,22.37
79648,0.1479,-0.2217,0.876,-6.15,7.79,-0.05,22.34
79658,0.1487,-0.2196,0.869,-6.17,7.66,0.03,22.34
79668,0.1519,-0.2178,0.869,-6.23,7.69,-0.02,22.35
79678,0.1531,-0.219,0.8708,-6.14,7.69,-0.08,22.35
79688,0.1519,-0.2183,0.8698,-6.15,7.66,-0.02,22.37
79698,0.153,-0.2189,0.8685,-6.18,7.65,-0.05,22.37
79708,0.1533,-0.2183,0.8682,-6.2,7.73,-0.08,22.35
79718,0.1572,-0.2192,0.8696,-6.14,7.76,-0.09,22.35
79728,0.157,-0.22,0.8669,-6.2,7.79,-0.11,22.37
79738,0.1576,-0.2156,0.8699,-6.15,7.74,-0.08,22.36
79748,0.1605,-0.2169,0.8712,-6.2,7.74,-0.06,22.36
79758,0.1541,-0.2146,0.8683,-6.23,7.76,-0.05,22.37
79768,0.1576,-0.2162,0.8676,-6.23,7.76,-0.08,22.34
79778,0.1567,-0.2133,0.8656,-6.23,7.66,-0.05,22.34
79788,0.1591,-0.2146,0.8673,-6.23,7.69,-0.12,22.38
79798,0.1571,-0.2144,0.8625,-6.24,7.73,-0.11,22.35
79808,0.1589,-0.2173,0.8663,-6.27,7.82,-0.06,22.35
79818,0.155,-0.2179,0.8667,-6.4,7.94,-0.03,22.36
79828,0.1509,-0.2185,0.8658,-6.41,7.82,-0.08,22.35
79838,0.1544,-0.2212,0.8612,-6.47,7.73,-0.09,22.33
79848,0.1523,-0.2186,0.8644,-6.24,7.76,-0.09,22.34
79858,0.1542,-0.2184,0.8641,-6.17,7.76,0.0,22.33
79868,0.1525,-0.2163,0.8667,-6.05,7.73,-0.09,22.35
79878,0.1532,-0.2141,0.8634,-6.08,7.76,-0.05,22.36
79888,0.1517,-0.218,0.8661,-6.26,7.77,-0.09,22.35
79898,0.1531,-0.2169,0.8672,-6.43,7.88,-0.09,22.35
79908,0.1538,-0.2214,0.8668,-6.43,8.09,-0.11,22.36
79918,0.1531,-0.2263,0.8679,-6.4,8.08,0.03,22.37
79928,0.1525,-0.2247,0.8689,-6.32,7.91,-0.02,22.37
79938,0.1517,-0.2247,0.8668,-6.08,7.73,-0.08,22.39
79948,0.1523,-0.2198,0.8719,-5.97,7.59,-0.06,22.35
79958,0.1561,-0.2233,0.8721,-5.97,7.6,-0.03,22.37
79968,0.1545,-0.2209,0.8738,-6.02,7.74,0.0,22.34
79978,0.1544,-0.22,0.8752,-6.06,7.77,0.0,22.37
79988,0.1526,-0.2194,0.8717,-6.34,7.94,-0.08,22.37
79998,0.1539,-0.2197,0.8717,-6.29,7.82,-0.06,22.37
80008,0.1528,-0.2205,0.8672,-6.21,7.66,0.0,22.38
80018,0.1542,-0.22,0.864,-6.31,7.71,-0.05,22.38
80028,0.1554,-0.2192,0.8678,-6.15,7.76,-0.03,22.38
80038,0.1565,-0.2192,0.8666,-6.08,7.88,-0.03,22.37
80048,0.1571,-0.2224,0.8711,-6.0,7.85,-0.02,22.34
80058,0.1562,-0.2202,0.8647,-5.95,7.76,0.02,22.37
80068,0.1553,-0.2236,0.868,-6.02,7.66,-0.08,22.37
80078,0.1537,-0.2252,0.8658,-6.14,7.68,0.02,22.38
80088,0.1567,-0.2208,0.861,-6.14,7.77,-0.06,22.39
80098,0.1558,-0.215,0.8655,-5.98,7.92,0.05,22.35
80108,0.153,-0.2126,0.8658,-5.94,7.83,0.0,22.36
80118,0.156,-0.2112,0.8678,-5.95,7.6,-0.15,22.37
80128,0.1553,-0.209,0.8666,-6.18,7.47,-0.09,22.35
80138,0.1559,-0.2115,0.863,-6.32,7.6,-0.09,22.37
80148,0.1558,-0.2112,0.8633,-6.34,7.89,-0.03,22.39
80158,0.1523,-0.2158,0.8651,-6.38,8.21,0.0,22.36
80168,0.1533,-0.2178,0.865,-6.31,8.2,-0.05,22.37
80178,0.1525,-0.2194,0.8627,-6.26,7.88,0.02,22.38
80188,0.152,-0.2192,0.8647,-6.17,7.69,-0.02,22.38
80198,0.15,-0.2218,0.8658,-6.12,7.68,0.02,22.36
80208,0.1526,-0.2189,0.8711,-6.11,7.69,0.03,22.36
80218,0.151,-0.2173,0.8712,-6.2,7.85,0.0,22.36
80228,0.1478,-0.2162,0.8704,-6.15,7.97,-0.03,22.39
80238,0.1493,-0.22,0.8729,-6.24,7.82,0.0,22.38
80248,0.1523,-0.218,0.8689,-6.31,7.68,-0.12,22.37
80258,0.1515,-0.2203,0.8691,-6.34,7.71,-0.12,22.36
80268,0.15,-0.2181,0.873,-6.29,7.97,-0.05,22.37
80278,0.1538,-0.2186,0.8663,-6.21,7.85,-0.08,22.37
80288,0.1592,-0.2183,0.8639,-6.15,7.66,-0.06,22.39
80301,0.1511,-0.2146,0.8733,-5.98,7.59,-0.03,22.37
80311,0.1522,-0.2133,0.8737,-5.97,7.71,-0.03,22.37
80321,0.1555,-0.2115,0.8694,-6.03,7.77,-0.05,22.37
80331,0.1588,-0.2148,0.868,-6.2,7.85,-0.05,22.36
80341,0.1567,-0.2162,0.8755,-6.49,7.94,-0.03,22.37
80351,0.1564,-0.2194,0.8757,-6.55,8.02,-0.09,22.37
80361,0.1552,-0.222,0.8718,-6.55,7.94,0.0,22.37
80371,0.1559,-0.2235,0.8654,-6.41,7.76,-0.09,22.36
80381,0.1581,-0.2266,0.8591,-6.21,7.83,-0.08,22.37
80391,0.1544,-0.22,0.8621,-6.05,7.83,0.0,22.37
80401,0.1479,-0.2186,0.8684,-6.05,7.77,0.02,22.36
80411,0.1503,-0.218,0.8638,-5.95,7.76,-0.06,22.39
80421,0.1494,-0.2148,0.8662,-6.08,7.69,-0.11,22.36
80431,0.1512,-0.2137,0.8672,-6.24,7.71,-0.03,22.38
80441,0.1497,-0.2137,0.8662,-6.34,7.8,-0.06,22.38
80451,0.1512,-0.2174,0.8657,-6.31,7.89,-0.09,22.37
80461,0.1573,-0.2212,0.8632,-6.32,7.86,-0.15,22.39
80471,0.1582,-0.2211,0.8649,-6.23,7.76,-0.08,22.38
80481,0.1531,-0.2188,0.8674,-6.21,7.74,-0.17,22.36
80491,0.1581,-0.219,0.8655,-6.14,7.6,-0.05,22.39
80501,0.1566,-0.2185,0.8632,-6.17,7.62,-0.06,22.37
80511,0.1565,-0.2157,0.8634,-6.08,7.66,-0.03,22.37
80521,0.155,-0.2139,0.8687,-6.11,7.88,-0.14,22.39
80531,0.1547,-0.217,0.8716,-6.27,7.92,-0.02,22.36
80541,0.1565,-0.2158,0.8662,-6.34,7.85,-0.03,22.39
80551,0.156,-0.218,0.8687,-6.46,7.66,-0.11,22.4
80561,0.1553,-0.2227,0.8673,-6.44,7.68,-0.05,22.37
80571,0.1558,-0.2218,0.8623,-6.38,7.74,-0.06,22.39
80581,0.1519,-0.2258,0.8638,-6.23,7.79,-0.09,22.36
80591,0.1536,-0.2194,0.8632,-6.09,7.79,-0.05,22.37
80601,0.155,-0.2213,0.8705,-5.94,7.59,-0.06,22.34
80611,0.1562,-0.2183,0.8705,-5.98,7.51,-0.08,22.35
80621,0.1583,-0.2168,0.8708,-6.14,7.54,-0.11,22.37
80631,0.1573,-0.2157,0.8711,-6.34,7.65,-0.2,22.37
80641,0.1537,-0.2188,0.8674,-6.37,7.85,-0.12,22.37
80651,0.1544,-0.2203,0.8643,-6.29,7.98,-0.09,22.38
80661,0.1571,-0.2209,0.8719,-6.27,7.71,-0.12,22.37
80671,0.1552,-0.2295,0.868,-6.47,7.65,-0.14,22.38
80681,0.1533,-0.2245,0.8597,-6.6,7.16,-0.2,22.37
80691,0.1636,-0.2268,0.8562,-6.08,7.24,-0.06,22.36
80701,0.1613,-0.2153,0.8619,-5.56,8.03,0.08,22.36
80711,0.1526,-0.203,0.8724,-5.21,8.46,0.06,22.36
80721,0.1477,-0.2064,0.8851,-5.39,7.91,0.0,22.36
80731,0.1464,-0.2058,0.8898,-6.23,7.44,-0.18,22.35
80741,0.1483,-0.2095,0.8754,-7.04,7.16,-0.15,22.37
80751,0.1569,-0.22,0.8593,-7.11,7.48,-0.24,22.37
80761,0.1566,-0.2211,0.8563,-6.82,8.2,-0.02,22.37
80771,0.1505,-0.2231,0.8549,-6.14,8.63,0.06,22.35
80781,0.149,-0.2246,0.8613,-5.71,8.29,0.09,22.37
80791,0.1503,-0.2186,0.8711,-5.73,7.51,-0.03,22.37
80801,0.1514,-0.2195,0.8752,-6.05,6.98,-0.2,22.37
80811,0.1565,-0.2162,0.8684,-6.52,7.25,-0.26,22.37
80821,0.157,-0.2157,0.8628,-6.64,7.92,-0.11,22.38
80831,0.1523,-0.2153,0.8558,-6.47,8.46,0.03,22.36
80841,0.1484,-0.2178,0.8635,-6.11,8.31,-0.03,22.37
80851,0.1475,-0.2201,0.8695,-5.91,7.66,-0.08,22.37
80861,0.1525,-0.2162,0.8707,-6.02,7.18,-0.21,22.35
80871,0.1553,-0.2147,0.8735,-6.31,7.25,-0.12,22.38
80881,0.16,-0.2167,0.8665,-6.63,7.82,-0.11,22.35
80891,0.1558,-0.2189,0.8679,-6.64,8.35,0.02,22.37
80901,0.1527,-0.2213,0.8668,-6.41,8.34,-0.02,22.36
80911,0.1504,-0.224,0.8669,-6.12,7.8,-0.05,22.37
80921,0.1521,-0.2194,0.8663,-6.03,7.36,-0.06,22.39
80932,0.1541,-0.2198,0.8707,-6.18,7.42,-0.15,22.36
80942,0.1582,-0.2184,0.8677,-6.41,7.91,-0.02,22.35
80952,0.1536,-0.2198,0.8665,-6.43,8.35,0.0,22.35
80962,0.149,-0.2185,0.8708,-6.26,8.26,-0.02,22.34
80972,0.1508,-0.2218,0.8712,-6.14,7.69,-0.14,22.35
80982,0.1537,-0.2198,0.8672,-6.17,7.28,-0.12,22.37
80992,0.1554,-0.2245,0.8679,-6.26,7.27,-0.12,22.33
81002,0.1576,-0.2196,0.8651,-6.37,7.71,0.0,22.34
81012,0.1561,-0.219,0.8668,-6.4,8.15,0.0,22.36
81022,0.1548,-0.2203,0.8627,-6.38,8.26,-0.05,22.39
81032,0.1539,-0.2217,0.8683,-6.03,7.86,-0.02,22.39
81042,0.1567,-0.2181,0.869,-5.92,7.54,-0.09,22.38
81052,0.1569,-0.2212,0.8665,-6.06,7.51,-0.14,22.39
81062,0.1561,-0.2178,0.8737,-6.17,7.74,-0.06,22.36
81072,0.1611,-0.2223,0.8744,-6.4,8.05,-0.03,22.37
81082,0.1573,-0.223,0.8633,-6.37,8.21,-0.03,22.37
81092,0.1547,-0.222,0.8649,-6.34,7.97,0.02,22.35
81102,0.1532,-0.2218,0.8639,-6.03,7.68,-0.09,22.36
81112,0.1533,-0.217,0.8685,-5.85,7.44,-0.06,22.38
81122,0.1565,-0.2164,0.8688,-5.86,7.57,-0.06,22.38
81132,0.1536,-0.213,0.8677,-6.14,7.82,-0.05,22.37
81142,0.1542,-0.2117,0.8646,-6.4,7.89,0.0,22.37
81152,0.1554,-0.2126,0.8645,-6.49,7.82,-0.09,22.37
81162,0.1539,-0.2151,0.8608,-6.53,7.76,-0.08,22.37
81172,0.1542,-0.2191,0.8601,-6.4,7.62,-0.06,22.33
81182,0.1569,-0.2175,0.8589,-6.27,7.77,-0.09,22.36
81192,0.1547,-0.2253,0.8636,-6.11,7.95,-0.02,22.37
81202,0.1538,-0.223,0.8666,-6.06,7.97,-0.02,22.38
81212,0.1532,-0.2194,0.8739,-6.02,7.86,0.03,22.39
81222,0.1519,-0.2195,0.8708,-6.03,7.6,-0.05,22.39
81232,0.1526,-0.2168,0.8746,-6.14,7.5,-0.18,22.37
81242,0.1537,-0.2167,0.8715,-6.18,7.54,-0.15,22.37
81253,0.1548,-0.2217,0.869,-6.41,7.92,-0.12,22.35
81263,0.1548,-0.2227,0.8612,-6.47,7.83,-0.11,22.36
81273,0.1564,-0.2224,0.8574,-6.41,7.82,-0.09,22.39
81283,0.1561,-0.2227,0.8595,-6.09,7.77,-0.06,22.35
81293,0.1541,-0.2183,0.8672,-5.73,7.82,-0.02,22.37
81303,0.1526,-0.2115,0.8693,-5.71,7.8,-0.02,22.37
81313,0.1544,-0.2135,0.873,-5.79,7.74,-0.02,22.38
81323,0.1512,-0.2144,0.871,-6.26,7.59,-0.09,22.38
81333,0.1499,-0.2131,0.8748,-6.47,7.53,-0.03,22.38
81343,0.1521,-0.213,0.865,-6.32,7.71,0.0,22.37
81353,0.1536,-0.2153,0.8669,-6.15,7.94,-0.03,22.38
81363,0.155,-0.2151,0.8667,-6.09,8.06,0.0,22.4
81373,0.1555,-0.2158,0.8718,-6.18,7.92,-0.09,22.38
81383,0.1576,-0.2213,0.8732,-6.32,7.69,-0.11,22.39
81393,0.1588,-0.2242,0.8662,-6.5,7.57,-0.17,22.37
81403,0.157,-0.2207,0.8607,-6.49,7.8,-0.14,22.36
81413,0.1578,-0.2205,0.8594,-6.23,7.83,-0.09,22.38
81423,0.153,-0.2141,0.8616,-5.94,7.83,-0.03,22.38
81433,0.1544,-0.2153,0.866,-5.73,7.79,-0.11,22.36
81443,0.1549,-0.2094,0.874,-5.8,7.63,-0.12,22.36
81453,0.1533,-0.2095,0.8777,-6.21,7.69,-0.11,22.37
81463,0.1536,-0.2133,0.8701,-6.63,7.85,-0.11,22.39
81473,0.1549,-0.2155,0.8662,-6.84,7.98,-0.11,22.37
81483,0.1541,-0.2244,0.8593,-6.7,8.0,-0.12,22.38
81493,0.1528,-0.2258,0.8629,-6.41,7.91,0.0,22.38
81503,0.1519,-0.2252,0.8625,-6.09,7.73,-0.03,22.39
81513,0.1527,-0.2223,0.865,-5.89,7.57,-0.08,22.39
81523,0.1547,-0.219,0.866,-6.03,7.65,-0.05,22.39
81533,0.1532,-0.2191,0.8657,-6.27,7.8,-0.09,22.38
81543,0.153,-0.2179,0.8668,-6.49,7.92,0.02,22.37
81553,0.1543,-0.2228,0.8624,-6.47,7.94,0.02,22.37
81563,0.1552,-0.2202,0.8641,-6.34,7.73,-0.05,22.37
81573,0.1526,-0.2223,0.8618,-6.14,7.63,-0.08,22.36
81583,0.155,-0.2236,0.864,-6.09,7.63,-0.05,22.35
81593,0.1589,-0.2203,0.8673,-6.09,7.76,0.02,22.38
81603,0.1577,-0.2211,0.8674,-6.17,7.86,-0.03,22.38
81613,0.1525,-0.2209,0.8704,-6.12,7.83,-0.03,22.38
81623,0.1564,-0.2168,0.8677,-6.17,7.69,-0.02,22.37
81633,0.156,-0.2169,0.8707,-6.05,7.57,-0.05,22.37
81643,0.1564,-0.2172,0.8712,-6.15,7.71,-0.05,22.34
81653,0.1577,-0.2166,0.8677,-6.21,7.83,-0.12,22.37
81663,0.1538,-0.2172,0.8677,-6.43,7.97,-0.05,22.36
81673,0.1549,-0.2208,0.8663,-6.49,7.97,-0.05,22.38
81683,0.156,-0.2216,0.8639,-6.27,7.83,-0.09,22.39
81693,0.1554,-0.223,0.8668,-6.06,7.69,-0.08,22.37
81703,0.1547,-0.2219,0.8694,-5.91,7.6,-0.05,22.34
81713,0.1544,-0.2203,0.8687,-5.95,7.63,-0.11,22.37
81723,0.156,-0.2175,0.8708,-6.06,7.71,-0.06,22.36
81733,0.1553,-0.2146,0.8668,-6.24,7.69,-0.06,22.37
81743,0.1537,-0.2166,0.8676,-6.26,7.71,-0.05,22.37
81753,0.1548,-0.2153,0.8666,-6.26,7.76,-0.05,22.35
81763,0.1537,-0.2206,0.8671,-6.35,7.85,-0.11,22.38
81773,0.1541,-0.2192,0.8645,-6.32,7.83,-0.06,22.37
81783,0.153,-0.2175,0.8641,-6.32,7.77,-0.12,22.37
81793,0.1547,-0.2175,0.863,-6.17,7.73,-0.06,22.34
81803,0.1525,-0.214,0.8661,-6.17,7.76,-0.02,22.35
81813,0.153,-0.218,0.8607,-6.08,7.82,-0.08,22.38
81823,0.1537,-0.2203,0.8676,-6.14,7.82,-0.09,22.37
81833,0.1527,-0.2188,0.8682,-6.23,7.8,-0.05,22.38
81843,0.155,-0.2179,0.8632,-6.26,7.85,-0.09,22.37
81853,0.1532,-0.2172,0.865,-6.4,7.76,0.0,22.36
81863,0.1554,-0.2184,0.865,-6.35,7.77,-0.12,22.38
81873,0.1554,-0.2178,0.8662,-6.24,7.74,-0.11,22.4
81883,0.158,-0.2214,0.8646,-6.24,7.77,-0.11,22.39
81893,0.1565,-0.2222,0.8647,-6.21,7.8,-0.05,22.38
81903,0.1581,-0.2235,0.8669,-6.21,7.92,-0.06,22.39
81913,0.1553,-0.2249,0.8689,-6.2,7.89,-0.03,22.39
81923,0.156,-0.2274,0.8695,-6.29,8.03,-0.03,22.37
81933,0.1538,-0.2239,0.8691,-6.18,7.91,0.02,22.36
81943,0.1572,-0.2197,0.8711,-6.05,7.77,-0.03,22.39
81953,0.1532,-0.2202,0.8701,-5.98,7.76,0.03,22.37
81963,0.1515,-0.2216,0.8719,-5.89,7.79,0.06,22.35
81973,0.1543,-0.217,0.874,-5.92,7.89,-0.02,22.37
81983,0.1543,-0.2191,0.8727,-6.18,7.79,0.03,22.37
81993,0.1527,-0.2179,0.8702,-6.23,7.76,0.02,22.38
82003,0.1538,-0.2164,0.8651,-6.14,7.73,-0.03,22.39
82013,0.1533,-0.2133,0.865,-6.12,7.73,-0.05,22.37
82023,0.156,-0.2141,0.8695,-5.98,7.79,-0.14,22.39
82033,0.1522,-0.2113,0.8685,-6.08,7.69,-0.11,22.37
82043,0.1531,-0.2089,0.8645,-6.26,7.62,-0.06,22.37
82053,0.1554,-0.2133,0.8639,-6.34,7.62,-0.09,22.36
82063,0.1556,-0.21,0.8668,-6.35,7.74,-0.06,22.36
82073,0.1543,-0.2119,0.8628,-6.46,7.85,-0.05,22.37
82083,0.157,-0.2164,0.8605,-6.47,7.95,-0.06,22.38
82093,0.1573,-0.2175,0.8611,-6.66,7.95,-0.08,22.37
82103,0.1562,-0.2203,0.8633,-6.53,7.85,-0.02,22.39
82113,0.1555,-0.2258,0.8579,-6.49,7.89,-0.11,22.37
82123,0.1544,-0.2275,0.8619,-6.32,7.79,-0.02,22.36
82133,0.1554,-0.2266,0.8644,-6.21,7.86,-0.03,22.37
82143,0.152,-0.2291,0.8654,-6.18,7.82,-0.08,22.37
82153,0.1532,-0.2279,0.8685,-6.11,7.76,-0.02,22.37
82163,0.1538,-0.229,0.8652,-6.09,7.85,0.02,22.39
82173,0.1527,-0.2251,0.8685,-6.08,7.85,-0.05,22.36
82183,0.1542,-0.2273,0.8733,-6.09,7.82,0.06,22.4
82193,0.1539,-0.2214,0.8719,-6.06,7.74,-0.03,22.36
82203,0.1559,-0.2238,0.8699,-6.06,7.71,-0.03,22.37
82213,0.1548,-0.2208,0.876,-6.0,7.68,-0.06,22.38
82223,0.1565,-0.2188,0.8735,-5.86,7.68,-0.02,22.38
82233,0.1547,-0.2184,0.8701,-5.89,7.73,0.05,22.38
82243,0.1532,-0.2161,0.8687,-6.08,7.74,0.02,22.39
82253,0.1531,-0.2115,0.8683,-6.09,7.63,-0.02,22.38
82263,0.1548,-0.2113,0.8678,-6.14,7.65,-0.03,22.37
82273,0.1538,-0.2078,0.8689,-6.12,7.71,0.09,22.38
82283,0.1516,-0.2087,0.8699,-6.0,7.8,-0.03,22.39
82293,0.1521,-0.2083,0.8741,-6.2,7.76,-0.14,22.4
82303,0.156,-0.2087,0.8663,-6.52,7.79,-0.05,22.37
82313,0.1554,-0.2123,0.8647,-6.7,7.83,-0.14,22.39
82323,0.1554,-0.2183,0.8645,-6.61,7.74,-0.06,22.39
82333,0.157,-0.2236,0.8582,-6.44,8.02,-0.09,22.36
82343,0.1576,-0.2274,0.8599,-6.23,7.98,0.0,22.37
82353,0.1528,-0.2246,0.8629,-6.06,7.97,0.0,22.39
82363,0.1531,-0.2246,0.8693,-6.09,7.8,-0.03,22.38
82373,0.1549,-0.225,0.8662,-6.21,7.6,-0.03,22.37
82383,0.155,-0.2244,0.8602,-6.31,7.59,-0.06,22.4
82393,0.155,-0.2245,0.8601,-6.35,7.77,-0.06,22.37
82403,0.1548,-0.2224,0.8597,-6.2,7.92,-0.03,22.39
82413,0.1548,-0.2186,0.8578,-5.97,7.95,-0.02,22.39
82423,0.1527,-0.2196,0.8666,-5.88,7.82,-0.08,22.37
82433,0.1521,-0.2185,0.8651,-6.09,7.62,-0.06,22.39
82443,0.1531,-0.2148,0.8685,-6.08,7.53,-0.05,22.38
82453,0.153,-0.2098,0.8682,-6.2,7.6,-0.03,22.39
82463,0.1517,-0.2095,0.8651,-6.24,7.65,-0.03,22.37
82473,0.1548,-0.2096,0.8673,-6.24,7.63,-0.02,22.39
82483,0.1561,-0.2089,0.8687,-6.12,7.79,-0.02,22.39
82493,0.1562,-0.2126,0.8729,-6.14,7.92,-0.05,22.4
82503,0.1547,-0.2189,0.8722,-6.38,8.11,0.02,22.39
82513,0.1541,-0.2256,0.8715,-6.72,8.17,-0.05,22.37
82523,0.1545,-0.2252,0.8694,-6.76,7.88,-0.02,22.37
82533,0.1511,-0.2256,0.8672,-6.47,7.62,-0.12,22.37
82543,0.1525,-0.2231,0.8624,-6.15,7.59,-0.02,22.39
82553,0.1542,-0.2209,0.8661,-5.77,7.68,0.0,22.37
82563,0.1542,-0.219,0.8723,-5.68,7.82,-0.03,22.36
82573,0.1516,-0.2153,0.876,-5.97,7.91,-0.05,22.37
82583,0.1521,-0.2157,0.8746,-6.43,7.86,-0.03,22.38
82593,0.1532,-0.2195,0.8691,-6.75,7.6,-0.17,22.36
82603,0.1547,-0.2227,0.8615,-6.73,7.65,-0.15,22.38
82613,0.1564,-0.2233,0.8564,-6.41,7.68,-0.11,22.39
82623,0.1567,-0.2222,0.8606,-5.91,7.88,-0.08,22.37
82633,0.1562,-0.2168,0.8621,-5.68,7.86,0.02,22.39
82643,0.1547,-0.2189,0.8689,-5.77,7.71,-0.03,22.37
82653,0.1531,-0.2125,0.8724,-6.11,7.48,-0.14,22.4
82663,0.1556,-0.2158,0.87,-6.37,7.45,-0.15,22.37
82673,0.1577,-0.2212,0.8639,-6.66,7.82,-0.03,22.37
82683,0.1575,-0.2207,0.8595,-6.52,8.17,-0.06,22.39
82693,0.1556,-0.2197,0.8656,-6.11,8.31,0.0,22.41
82703,0.1497,-0.2211,0.8719,-5.76,7.94,0.05,22.4
82713,0.1504,-0.2144,0.8693,-5.82,7.36,-0.03,22.38
82723,0.1504,-0.2081,0.8707,-6.06,7.16,-0.15,22.38
82733,0.1538,-0.2073,0.8618,-6.34,7.28,-0.18,22.37
82743,0.1556,-0.2053,0.8656,-6.47,7.77,-0.15,22.39
82753,0.1532,-0.2113,0.8611,-6.44,8.12,-0.12,22.36
82763,0.1533,-0.2129,0.8674,-6.35,8.14,-0.08,22.4
82773,0.1515,-0.2168,0.8685,-6.38,7.76,-0.12,22.38
82783,0.1553,-0.2262,0.8754,-6.52,7.53,-0.17,22.39
82793,0.1561,-0.2307,0.8658,-6.69,7.71,-0.15,22.38
82803,0.1581,-0.2317,0.868,-6.53,8.09,-0.06,22.41
82813,0.1564,-0.2355,0.8666,-6.24,8.29,-0.02,22.37
82823,0.1525,-0.2306,0.8688,-5.8,7.94,0.09,22.38
82833,0.1506,-0.2286,0.8734,-5.71,7.56,0.02,22.34
82843,0.1495,-0.2234,0.8762,-5.79,7.27,-0.08,22.38
82853,0.1515,-0.2169,0.8683,-6.03,7.4,-0.08,22.38
82863,0.1528,-0.2145,0.8706,-6.23,7.91,-0.03,22.37
82873,0.1533,-0.2142,0.869,-6.29,8.29,-0.03,22.39
82883,0.1464,-0.2147,0.8689,-6.2,8.12,0.0,22.38
82893,0.1498,-0.2169,0.8691,-6.03,7.62,-0.09,22.4
82903,0.1512,-0.2181,0.8694,-5.98,7.24,-0.17,22.38
82913,0.1573,-0.2157,0.8638,-5.97,7.28,-0.12,22.39
82923,0.1586,-0.2155,0.8661,-6.0,7.79,-0.06,22.39
82933,0.1566,-0.2152,0.8665,-6.09,8.21,0.03,22.38
82943,0.1538,-0.2131,0.8696,-6.06,8.18,0.03,22.38
82953,0.1512,-0.2112,0.8685,-6.09,7.76,0.0,22.38
82963,0.1552,-0.2106,0.8706,-6.21,7.44,-0.08,22.41
82973,0.1547,-0.2107,0.8677,-6.27,7.53,0.02,22.4
82983,0.1582,-0.2103,0.8618,-6.44,7.74,-0.03,22.37
82993,0.1564,-0.2113,0.8625,-6.56,8.11,0.0,22.39
83003,0.1542,-0.2164,0.8591,-6.58,8.17,-0.02,22.38
83013,0.1531,-0.2191,0.8585,-6.44,7.92,-0.05,22.39
83023,0.1542,-0.2209,0.8622,-6.37,7.59,-0.11,22.4
83033,0.1575,-0.224,0.8621,-6.37,7.62,-0.12,22.4
83043,0.1567,-0.226,0.8632,-6.44,7.79,0.0,22.4
83053,0.1543,-0.2258,0.8676,-6.27,8.02,0.02,22.41
83063,0.1522,-0.2269,0.8724,-6.23,8.02,0.03,22.39
83073,0.1566,-0.2244,0.8702,-6.08,7.76,-0.05,22.41
83083,0.1565,-0.2219,0.8748,-5.94,7.51,0.03,22.41
83093,0.1534,-0.2228,0.877,-6.05,7.69,-0.08,22.39
83103,0.1548,-0.2236,0.8761,-6.17,7.98,-0.09,22.39
83113,0.1555,-0.2264,0.8715,-6.43,8.09,0.02,22.39
83123,0.1538,-0.2257,0.8698,-6.44,7.97,0.0,22.39
83133,0.1499,-0.222,0.8689,-6.09,7.71,-0.03,22.41
83143,0.1538,-0.2183,0.8665,-5.8,7.51,-0.02,22.41
83153,0.152,-0.2112,0.8671,-5.59,7.5,0.06,22.41
83163,0.1498,-0.2075,0.875,-5.66,7.65,-0.06,22.4
83173,0.1492,-0.2032,0.874,-5.97,7.8,-0.02,22.39
83183,0.1505,-0.2028,0.8765,-6.26,7.66,-0.06,22.39
83193,0.1542,-0.2059,0.8722,-6.53,7.62,-0.23,22.37
83203,0.1559,-0.2095,0.87,-6.69,7.66,-0.24,22.39
83213,0.1591,-0.2123,0.8634,-6.69,7.8,-0.09,22.38
83223,0.1573,-0.2162,0.8596,-6.53,7.86,-0.15,22.39
83233,0.1575,-0.2198,0.8586,-6.46,7.92,-0.09,22.39
83243,0.1582,-0.2218,0.8617,-6.29,7.85,-0.14,22.42
83253,0.1549,-0.226,0.8652,-6.29,7.74,-0.11,22.42
83263,0.1544,-0.2239,0.8646,-6.38,7.79,-0.06,22.42
83273,0.156,-0.2267,0.8639,-6.44,7.71,-0.05,22.38
83283,0.1539,-0.2255,0.8654,-6.31,7.8,-0.11,22.42
83293,0.1552,-0.2257,0.8635,-6.17,7.89,-0.11,22.39
83312,0.1537,-0.2236,0.8704,-6.14,7.79,-0.03,22.41
83322,0.1552,-0.2238,0.8724,-6.14,7.69,-0.05,22.39
83332,0.1562,-0.2238,0.8643,-6.15,7.66,-0.09,22.39
83342,0.1544,-0.2249,0.8657,-6.14,7.69,-0.02,22.39
83352,0.1528,-0.2242,0.8666,-6.09,7.85,0.03,22.38
83362,0.1512,-0.2191,0.8722,-6.02,7.85,-0.03,22.42
83372,0.1519,-0.215,0.8745,-5.92,7.8,0.06,22.39
83382,0.1504,-0.2131,0.8756,-5.88,7.69,0.02,22.38
83392,0.1534,-0.2103,0.8734,-6.02,7.56,-0.05,22.39
83402,0.1534,-0.2083,0.8756,-6.15,7.66,-0.06,22.4
83412,0.1531,-0.2098,0.8728,-6.29,7.85,-0.05,22.38
83422,0.1523,-0.2097,0.8716,-6.37,7.89,-0.02,22.4
83432,0.1538,-0.2147,0.8717,-6.46,7.86,0.02,22.39
83442,0.1527,-0.2169,0.8716,-6.5,7.89,-0.15,22.39
83452,0.1554,-0.2179,0.8694,-6.52,7.83,-0.03,22.4
83462,0.1571,-0.2225,0.8667,-6.52,7.79,-0.05,22.43
83472,0.1571,-0.2264,0.8683,-6.4,7.89,-0.03,22.4
83482,0.1567,-0.2252,0.8622,-6.24,7.95,-0.03,22.39
83492,0.1556,-0.2252,0.8649,-6.2,7.88,0.0,22.41
83502,0.1562,-0.2305,0.8655,-6.23,7.71,-0.09,22.37
83512,0.1542,-0.2229,0.8633,-6.23,7.59,-0.14,22.4
83522,0.1532,-0.225,0.86,-6.18,7.62,-0.03,22.42
83532,0.1537,-0.219,0.8647,-6.06,7.85,-0.02,22.4
83542,0.155,-0.2222,0.8658,-5.95,7.92,-0.03,22.38
83552,0.1526,-0.2196,0.864,-6.0,7.89,-0.05,22.38
83562,0.1555,-0.2236,0.8643,-6.0,7.8,0.03,22.41
83572,0.1564,-0.2173,0.8667,-6.0,7.69,-0.03,22.4
83582,0.1538,-0.2167,0.8644,-6.06,7.65,-0.08,22.4
83592,0.1575,-0.2151,0.869,-6.02,7.63,-0.02,22.41
83602,0.1594,-0.2152,0.865,-5.94,7.8,-0.03,22.38
83612,0.1562,-0.2126,0.8684,-5.95,7.85,-0.03,22.4
83622,0.155,-0.2119,0.8738,-5.98,7.89,-0.05,22.4
83632,0.1545,-0.2065,0.876,-6.08,7.76,-0.12,22.39
83642,0.1555,-0.2061,0.8688,-6.37,7.56,-0.17,22.4
83652,0.1532,-0.2092,0.8721,-6.53,7.69,-0.09,22.39
83662,0.1537,-0.2086,0.8654,-6.58,7.8,-0.08,22.39
83672,0.1572,-0.2148,0.8633,-6.44,7.95,-0.08,22.4
83682,0.1565,-0.2168,0.8656,-6.38,7.97,-0.06,22.39
83692,0.1548,-0.2195,0.871,-6.31,7.8,-0.09,22.4
83702,0.1559,-0.2225,0.8727,-6.47,7.79,-0.15,22.38
83712,0.1577,-0.2272,0.8693,-6.55,7.68,-0.14,22.41
83722,0.1599,-0.2271,0.8661,-6.53,7.82,-0.09,22.4
83732,0.1564,-0.2321,0.8634,-6.69,7.82,-0.06,22.4
83742,0.1537,-0.2308,0.8605,-6.24,7.86,-0.05,22.4
83752,0.1519,-0.2281,0.8596,-5.86,7.92,-0.03,22.36
83762,0.1527,-0.23,0.8712,-5.6,7.82,-0.05,22.41
83772,0.1576,-0.226,0.88,-5.53,7.51,-0.11,22.4
83782,0.1541,-0.2194,0.8789,-5.69,7.39,-0.09,22.4
83792,0.1609,-0.2191,0.8793,-6.15,7.44,-0.06,22.38
83802,0.1556,-0.2145,0.8667,-6.47,7.76,-0.08,22.43
83812,0.1573,-0.2124,0.8651,-6.58,8.15,-0.09,22.39
83822,0.1503,-0.2102,0.8622,-6.18,8.37,0.02,22.39
83832,0.1423,-0.2108,0.8671,-5.79,8.11,0.12,22.39
83842,0.1403,-0.2051,0.8683,-5.59,7.65,-0.05,22.39
83852,0.1406,-0.2041,0.877,-5.85,7.21,-0.14,22.39
83862,0.1487,-0.2023,0.8695,-6.47,7.24,-0.21,22.41
83872,0.1549,-0.2058,0.8602,-6.95,7.57,-0.15,22.39
83882,0.1611,-0.2169,0.8539,-6.79,8.08,-0.17,22.38
83892,0.1617,-0.2212,0.8579,-6.44,8.26,-0.12,22.39
83902,0.1664,-0.228,0.8604,-6.11,7.8,-0.17,22.41
83912,0.1688,-0.2355,0.8647,-6.26,7.31,-0.21,22.39
83922,0.1714,-0.2362,0.8634,-6.27,7.34,-0.14,22.42
83932,0.1683,-0.2327,0.8665,-6.06,8.08,0.06,22.4
83942,0.1622,-0.2288,0.877,-5.63,8.87,0.24,22.39
83952,0.1456,-0.2273,0.8905,-5.44,8.98,0.21,22.41
83962,0.1327,-0.2206,0.8939,-6.0,8.11,0.11,22.41
83972,0.1321,-0.2175,0.8809,-6.72,7.04,-0.23,22.42
83982,0.1414,-0.2177,0.8594,-7.21,6.53,-0.27,22.4
83992,0.149,-0.218,0.8435,-6.99,7.15,-0.2,22.41
84002,0.1553,-0.2203,0.8347,-6.26,8.09,-0.06,22.39
84012,0.1586,-0.223,0.8461,-5.51,8.5,0.05,22.41
84022,0.1572,-0.217,0.8584,-5.16,7.86,0.12,22.4
84032,0.1559,-0.2126,0.8671,-5.34,6.98,-0.06,22.4
84042,0.1641,-0.2102,0.8719,-5.71,6.64,-0.2,22.4
84052,0.1678,-0.2086,0.8802,-5.82,7.42,0.06,22.41
84062,0.1622,-0.2081,0.8872,-5.86,8.75,0.2,22.42
84072,0.1517,-0.2087,0.9008,-6.15,9.24,0.18,22.41
84082,0.135,-0.2095,0.9,-6.82,8.44,-0.11,22.39
84092,0.1348,-0.2129,0.8861,-7.44,7.08,-0.4,22.42
84102,0.1466,-0.2161,0.8562,-7.88,6.56,-0.44,22.38
84112,0.1602,-0.2252,0.8323,-7.62,7.22,-0.43,22.42
84122,0.1642,-0.2317,0.8289,-6.84,8.27,-0.08,22.43
84132,0.1615,-0.2368,0.8345,-5.86,8.84,0.12,22.39
84142,0.1581,-0.2338,0.8492,-5.27,8.26,0.06,22.4
84152,0.1556,-0.2316,0.8639,-5.01,7.16,-0.03,22.42
84162,0.1583,-0.2214,0.8718,-5.21,6.43,-0.11,22.43
84172,0.1664,-0.2123,0.8726,-5.76,6.81,-0.05,22.4
84182,0.166,-0.212,0.8707,-6.24,7.92,0.0,22.38
84192,0.1592,-0.2098,0.8698,-6.44,8.82,0.14,22.43
84202,0.1539,-0.2148,0.877,-6.12,8.82,0.18,22.39
84212,0.1516,-0.2168,0.8896,-5.63,8.27,0.0,22.41
84222,0.1458,-0.2147,0.8992,-5.57,7.63,-0.09,22.42
84232,0.1406,-0.2119,0.8956,-6.4,7.27,-0.18,22.41
84242,0.1418,-0.2084,0.8809,-7.3,7.33,-0.21,22.42
84252,0.1401,-0.2085,0.8529,-7.76,7.91,-0.12,22.4
84262,0.1382,-0.2042,0.8362,-7.05,8.08,-0.06,22.4
84272,0.1388,-0.2074,0.8405,-6.08,7.95,-0.02,22.4
84282,0.1453,-0.2114,0.851,-5.21,7.69,-0.14,22.4
84292,0.1549,-0.2113,0.8756,-5.28,7.53,-0.11,22.39
84302,0.1619,-0.2202,0.8856,-6.14,7.45,-0.18,22.42
84312,0.1711,-0.2341,0.8779,-7.21,7.57,-0.24,22.43
84322,0.1753,-0.2416,0.8627,-7.69,7.76,-0.21,22.39
84332,0.1768,-0.2467,0.854,-6.98,7.88,0.0,22.42
84342,0.1721,-0.2421,0.8566,-5.71,8.27,0.21,22.43
84352,0.1643,-0.2345,0.8721,-4.78,8.4,0.24,22.43
84362,0.151,-0.2246,0.8867,-4.76,8.05,0.24,22.42
84372,0.144,-0.215,0.8939,-5.88,7.54,0.15,22.42
84382,0.1444,-0.2122,0.8701,-6.95,7.27,-0.05,22.41
84392,0.1449,-0.2086,0.8536,-7.37,7.31,-0.03,22.41
84402,0.1401,-0.2075,0.8469,-6.87,7.97,0.05,22.41
84412,0.1403,-0.2073,0.8461,-5.83,8.34,0.11,22.41
84422,0.1405,-0.2078,0.8552,-5.04,8.06,0.08,22.4
84432,0.1455,-0.2052,0.8785,-4.93,7.47,-0.05,22.39
84442,0.1492,-0.2054,0.8932,-5.45,7.13,-0.2,22.4
84452,0.1542,-0.2013,0.8936,-6.44,7.25,-0.15,22.41
84462,0.1572,-0.2086,0.8809,-7.34,7.65,-0.29,22.41
84472,0.1597,-0.2185,0.8644,-7.57,7.82,-0.29,22.4
84482,0.1633,-0.2196,0.8564,-6.99,7.76,-0.29,22.4
84492,0.1635,-0.2252,0.8551,-6.11,7.68,-0.17,22.4
84502,0.1611,-0.2246,0.858,-5.8,7.73,-0.12,22.41
84512,0.167,-0.2274,0.8661,-5.95,7.63,-0.05,22.4
84522,0.1654,-0.2257,0.8655,-6.41,7.76,-0.03,22.39
84532,0.1593,-0.2218,0.8628,-6.6,8.14,0.05,22.39
84542,0.158,-0.2257,0.8625,-6.37,8.11,0.0,22.42
84552,0.1538,-0.2242,0.8682,-6.06,8.08,0.02,22.41
84562,0.153,-0.224,0.8672,-5.98,7.85,0.0,22.4
84572,0.1532,-0.2212,0.8694,-6.2,7.77,-0.05,22.4
84582,0.1495,-0.2244,0.8656,-6.49,7.63,-0.09,22.37
84592,0.1487,-0.22,0.861,-6.5,7.74,-0.02,22.37
84602,0.1482,-0.2217,0.8618,-6.21,7.94,-0.02,22.38
84612,0.149,-0.2263,0.8727,-5.73,8.09,0.06,22.42
84622,0.1477,-0.2225,0.8806,-5.48,8.18,0.02,22.41
84632,0.1464,-0.2245,0.8882,-5.74,7.92,0.02,22.39
84642,0.1466,-0.2216,0.885,-6.18,7.51,-0.03,22.41
84652,0.1497,-0.2189,0.8705,-6.69,7.34,-0.06,22.41
84662,0.1519,-0.2189,0.8616,-6.78,7.5,-0.15,22.39
84672,0.1536,-0.214,0.853,-6.34,7.97,-0.03,22.38
84682,0.1515,-0.2141,0.8573,-5.79,8.31,0.09,22.37
84692,0.1523,-0.2163,0.8638,-5.51,8.4,0.09,22.38
84702,0.152,-0.2205,0.8733,-5.76,7.88,0.05,22.41
84712,0.1567,-0.2217,0.8752,-6.18,7.42,-0.03,22.42
84722,0.1577,-0.2225,0.871,-6.49,7.44,-0.09,22.39
84732,0.1587,-0.2197,0.8663,-6.52,7.91,0.02,22.4
84742,0.1588,-0.2174,0.8639,-6.27,8.17,0.15,22.4
84752,0.1552,-0.2168,0.8611,-5.98,8.2,0.17,22.38
84762,0.1522,-0.2155,0.8647,-5.79,7.85,0.03,22.39
84772,0.1537,-0.215,0.866,-5.94,7.42,-0.09,22.4
84782,0.158,-0.2159,0.8644,-6.34,7.42,-0.06,22.39
84792,0.1616,-0.2174,0.8654,-6.52,7.86,-0.03,22.38
84802,0.16,-0.2184,0.8564,-6.4,8.11,0.03,22.42
84812,0.1538,-0.2211,0.8612,-6.18,8.11,0.12,22.4
84822,0.1531,-0.2157,0.86,-5.97,7.77,-0.05,22.43
84832,0.1538,-0.2167,0.8646,-5.76,7.51,-0.09,22.4
84842,0.1594,-0.22,0.8737,-5.92,7.51,-0.03,22.4
84852,0.1583,-0.2205,0.8679,-6.55,7.82,-0.06,22.43
84862,0.1582,-0.2205,0.8656,-6.52,7.97,0.0,22.41
84872,0.1571,-0.2194,0.8662,-6.21,8.12,0.03,22.39
84882,0.1541,-0.2146,0.8689,-5.79,8.02,0.02,22.4
84892,0.1516,-0.2134,0.8735,-5.63,7.69,-0.03,22.43
84902,0.1552,-0.2122,0.8792,-5.91,7.48,-0.14,22.39
84912,0.1532,-0.2095,0.8761,-6.37,7.54,-0.14,22.4
84922,0.1571,-0.2151,0.8689,-6.63,7.88,-0.12,22.39
84932,0.157,-0.2203,0.865,-6.64,8.08,0.02,22.42
84942,0.1573,-0.2211,0.8624,-6.4,8.26,0.05,22.42
84952,0.158,-0.2189,0.8677,-6.02,8.02,-0.06,22.4
84962,0.1503,-0.2166,0.8713,-5.85,7.6,-0.11,22.39
84972,0.1548,-0.2174,0.8726,-6.06,7.34,-0.17,22.39
84982,0.1527,-0.2145,0.8706,-6.35,7.33,-0.21,22.41
84992,0.1586,-0.2152,0.8656,-6.52,7.56,-0.21,22.39
85002,0.1584,-0.2178,0.8607,-6.52,7.73,-0.17,22.39
85012,0.1588,-0.2186,0.8604,-6.49,7.86,-0.23,22.41
85022,0.1576,-0.2194,0.8619,-6.18,7.82,-0.14,22.41
85033,0.1534,-0.2222,0.8706,-6.03,7.68,-0.15,22.4
85043,0.1527,-0.2257,0.8706,-6.32,7.69,-0.2,22.42
85053,0.1561,-0.2216,0.87,-6.53,7.95,-0.02,22.42
85063,0.1514,-0.2242,0.8682,-6.47,8.06,-0.03,22.42
85073,0.1484,-0.2249,0.8676,-6.37,7.98,0.08,22.42
85083,0.1492,-0.2201,0.8632,-6.21,7.79,0.0,22.4
85093,0.1486,-0.2175,0.8643,-5.89,7.57,0.0,22.42
85103,0.1504,-0.2161,0.8694,-5.85,7.63,-0.03,22.39
85113,0.1523,-0.2212,0.8729,-6.09,7.92,0.03,22.41
85123,0.151,-0.224,0.8696,-6.47,8.05,0.03,22.4
85133,0.1497,-0.2255,0.8668,-6.6,7.94,-0.03,22.39
85143,0.1536,-0.2212,0.8638,-6.29,7.74,-0.05,22.42
85153,0.1538,-0.2184,0.8597,-5.86,7.57,0.0,22.39
85163,0.1788,-0.2198,0.8789,-5.3,7.1,-0.15,22.4
85173,0.1586,-0.1991,0.8823,-4.89,6.92,0.08,22.4
85183,0.1407,-0.1963,0.8601,-7.19,8.06,-0.18,22.41
85193,0.1428,-0.2141,0.8342,-8.95,8.87,-0.11,22.42
85203,0.1498,-0.2145,0.8335,-7.02,9.1,0.24,22.42
85213,0.1454,-0.2209,0.8649,-4.56,8.56,0.17,22.39
85223,0.1454,-0.2179,0.8907,-4.11,6.85,-0.2,22.41
85233,0.1578,-0.2085,0.9017,-5.39,5.51,-0.47,22.39
85243,0.1716,-0.2146,0.8864,-7.28,6.17,-0.5,22.41
85253,0.1716,-0.2245,0.8636,-8.18,8.14,-0.31,22.42
85263,0.166,-0.2318,0.8507,-7.71,9.44,0.05,22.41
85273,0.1554,-0.2303,0.8491,-6.5,9.16,0.17,22.4
85283,0.1483,-0.2273,0.8638,-5.22,7.92,0.05,22.41
85293,0.151,-0.2208,0.8802,-4.87,6.64,-0.27,22.4
85303,0.1584,-0.2151,0.8835,-5.27,6.14,-0.31,22.41
85313,0.1625,-0.2125,0.8782,-6.35,6.95,-0.26,22.42
85323,0.1604,-0.2095,0.8728,-7.36,8.44,-0.08,22.42
85333,0.1499,-0.2151,0.8555,-7.6,9.15,-0.02,22.41
85343,0.1473,-0.2249,0.8552,-6.85,8.52,-0.08,22.39
85353,0.1464,-0.2257,0.8575,-5.91,7.39,-0.24,22.41
85363,0.1552,-0.2251,0.8636,-5.25,6.72,-0.11,22.4
85373,0.1606,-0.2266,0.8772,-5.31,6.92,-0.11,22.4
85383,0.1628,-0.2235,0.8772,-6.18,7.86,0.02,22.42
85393,0.1559,-0.2227,0.8723,-7.15,8.73,0.12,22.41
85403,0.1509,-0.2255,0.8613,-7.15,8.7,0.09,22.4
85413,0.1467,-0.2258,0.8563,-6.44,7.98,0.0,22.39
85423,0.1477,-0.2249,0.855,-5.42,7.21,0.0,22.42
85433,0.1526,-0.218,0.8655,-5.15,6.93,-0.08,22.41
85443,0.1532,-0.2148,0.8794,-5.45,7.45,0.0,22.41
85453,0.1541,-0.2117,0.8795,-6.34,8.06,-0.03,22.41
85463,0.149,-0.213,0.8707,-7.02,8.24,-0.02,22.41
85473,0.1479,-0.2142,0.8596,-6.99,8.03,-0.14,22.38
85483,0.1505,-0.2145,0.8545,-6.35,7.59,-0.08,22.39
85493,0.1532,-0.2151,0.8574,-5.82,7.44,-0.09,22.42
85503,0.1587,-0.2136,0.8712,-5.54,7.5,-0.03,22.42
85513,0.1622,-0.2107,0.882,-5.5,7.69,-0.03,22.4
85523,0.1552,-0.2179,0.8835,-6.34,7.98,0.03,22.43
85533,0.1517,-0.2246,0.8717,-7.45,8.2,-0.02,22.43
85543,0.1445,-0.2272,0.8507,-7.51,8.21,0.0,22.4
85553,0.15,-0.2283,0.8486,-6.31,7.97,0.0,22.4
85563,0.1552,-0.2198,0.8654,-5.08,7.57,-0.03,22.42
85573,0.1554,-0.215,0.8732,-4.85,7.13,-0.08,22.43
85583,0.1558,-0.2107,0.8828,-5.62,7.04,-0.2,22.42
85593,0.1586,-0.212,0.8793,-6.79,7.24,-0.24,22.41
85603,0.1606,-0.2148,0.8627,-7.57,7.77,-0.23,22.41
85613,0.157,-0.2137,0.8481,-7.25,8.0,-0.03,22.42
85623,0.1586,-0.2191,0.8496,-6.52,8.09,-0.06,22.42
85633,0.1573,-0.218,0.8582,-5.79,7.91,0.02,22.42
85643,0.1582,-0.2183,0.8727,-5.36,7.8,-0.06,22.42
85653,0.1576,-0.2175,0.8864,-5.73,7.79,-0.03,22.4
85663,0.1554,-0.2189,0.8923,-6.49,7.8,-0.03,22.4
85673,0.1575,-0.2229,0.8776,-7.16,7.65,-0.15,22.41
85683,0.15,-0.2222,0.8639,-7.4,7.63,-0.14,22.42
85693,0.1481,-0.2216,0.8524,-6.87,7.77,-0.12,22.4
85703,0.1506,-0.2209,0.8516,-5.79,7.73,-0.12,22.42
85713,0.1523,-0.215,0.8657,-5.04,7.54,-0.09,22.42
85723,0.1583,-0.2147,0.8837,-5.3,7.3,-0.09,22.42
85733,0.1614,-0.2126,0.8842,-6.31,7.33,-0.2,22.41
85743,0.1669,-0.2158,0.8768,-7.33,7.51,-0.32,22.42
85753,0.1664,-0.2225,0.8621,-7.51,7.92,-0.15,22.4
85763,0.1553,-0.2236,0.8541,-6.89,8.27,-0.14,22.4
85773,0.1509,-0.2233,0.8507,-5.94,8.2,-0.05,22.43
85783,0.1497,-0.2319,0.8647,-5.69,7.86,-0.02,22.42
85793,0.1495,-0.2278,0.8698,-5.69,7.51,-0.08,22.4
85803,0.1569,-0.2148,0.8733,-5.94,7.76,-0.18,22.42
85813,0.1577,-0.2218,0.8732,-6.18,7.91,-0.2,22.41
85823,0.1542,-0.2236,0.8762,-6.55,7.76,0.0,22.39
85833,0.1559,-0.2162,0.8665,-6.29,7.66,0.08,22.41
85843,0.1575,-0.2174,0.8646,-6.06,7.92,-0.14,22.39
85853,0.1544,-0.2175,0.8696,-6.02,7.83,-0.11,22.42
85863,0.1538,-0.2209,0.8695,-6.12,7.6,-0.02,22.42
85873,0.1494,-0.2269,0.8691,-6.34,8.11,-0.02,22.42
85883,0.1494,-0.2258,0.87,-6.5,8.44,-0.02,22.42
85893,0.1478,-0.226,0.8673,-6.47,8.23,0.06,22.42
85903,0.1465,-0.2247,0.8619,-6.26,7.54,0.0,22.4
85913,0.1453,-0.2169,0.8575,-5.94,7.16,-0.15,22.41
85923,0.1505,-0.2135,0.8575,-5.91,6.96,-0.18,22.43
85933,0.1588,-0.2125,0.858,-5.92,7.33,-0.14,22.39
85943,0.165,-0.2213,0.8641,-6.15,8.17,-0.03,22.39
85953,0.1642,-0.2272,0.8732,-6.37,8.89,0.09,22.4
85963,0.1554,-0.2373,0.8762,-6.47,8.78,0.15,22.42
85973,0.1565,-0.2443,0.8724,-6.63,8.21,0.12,22.41
85983,0.1521,-0.2343,0.8647,-6.5,7.63,0.14,22.4
85993,0.156,-0.234,0.8496,-6.08,7.39,0.09,22.42
86003,0.1589,-0.2344,0.8544,-5.57,7.69,0.23,22.39
86013,0.1572,-0.2313,0.8656,-5.21,8.41,0.29,22.39
86023,0.1561,-0.2291,0.8782,-5.05,9.01,0.55,22.43
86033,0.146,-0.2303,0.8909,-5.31,8.96,0.46,22.44
86043,0.1444,-0.2351,0.8925,-6.03,8.66,0.32,22.4
86053,0.1481,-0.2482,0.8867,-6.41,8.76,0.34,22.42
86063,0.1497,-0.2618,0.8805,-6.14,9.45,0.5,22.43
86073,0.1508,-0.2786,0.8833,-5.47,10.29,0.79,22.44
86083,0.1415,-0.282,0.8898,-4.63,10.9,0.98,22.42
86093,0.1393,-0.2957,0.9011,-3.82,10.41,0.87,22.41
86103,0.1305,-0.2968,0.9187,-3.08,9.05,0.75,22.41
86113,0.1648,-0.269,0.8773,-2.58,7.82,0.55,22.42
86123,0.1531,-0.2039,0.9086,-1.07,7.18,0.21,22.4
86133,0.1548,-0.1909,0.8943,-0.61,5.34,-0.38,22.42
86143,0.167,-0.1102,0.8534,-1.63,3.04,-0.53,22.42
86153,0.1838,-0.1219,0.8546,-3.74,4.76,-1.01,22.41
86163,0.1808,-0.1443,0.8486,-6.35,8.98,-0.85,22.41
86173,0.186,-0.1212,0.8038,-7.62,10.21,-0.11,22.43
86183,0.1798,-0.1459,0.7843,-7.01,10.6,0.23,22.42
86193,0.1766,-0.1663,0.7974,-6.5,10.12,0.06,22.4
86203,0.1516,-0.1672,0.8191,-6.56,8.52,0.05,22.44
86213,0.1383,-0.166,0.8318,-6.27,7.28,0.15,22.44
86223,0.1613,-0.1837,0.8467,-5.71,7.36,0.14,22.45
86233,0.179,-0.1902,0.86,-5.62,7.42,0.18,22.42
86243,0.1772,-0.2003,0.8955,-5.77,8.38,0.21,22.43
86253,0.1681,-0.2117,0.9222,-6.27,9.18,0.15,22.39
86263,0.1533,-0.2256,0.9255,-7.1,8.98,0.02,22.42
86273,0.15,-0.2482,0.9097,-8.41,8.61,-0.24,22.42
86283,0.1451,-0.2529,0.8702,-9.13,8.44,-0.43,22.42
86293,0.1428,-0.2646,0.8398,-8.35,8.21,-0.32,22.42
86303,0.1438,-0.2766,0.8304,-6.78,8.46,-0.06,22.42
86313,0.136,-0.2671,0.8324,-5.24,8.52,0.05,22.43
86323,0.1288,-0.2393,0.8519,-3.54,7.69,0.17,22.44
86333,0.1228,-0.2188,0.8782,-3.02,6.89,0.06,22.42
86343,0.1143,-0.1913,0.8917,-4.06,6.29,-0.08,22.43
86353,0.1188,-0.1733,0.8812,-5.76,6.46,-0.2,22.41
86363,0.1201,-0.1643,0.8621,-6.96,7.27,-0.15,22.45
86373,0.1262,-0.1664,0.8562,-7.44,8.23,-0.09,22.45
86383,0.1339,-0.1844,0.8584,-6.92,8.44,-0.06,22.4
86393,0.1415,-0.1956,0.8723,-6.11,7.86,-0.11,22.42
86403,0.1498,-0.208,0.8868,-5.74,7.27,-0.14,22.42
86413,0.1621,-0.2238,0.9012,-6.41,7.18,-0.26,22.42
86423,0.1676,-0.2311,0.8951,-7.34,7.88,-0.18,22.44
86433,0.1655,-0.2394,0.8818,-7.8,8.52,0.0,22.44
86443,0.1595,-0.244,0.8723,-7.33,8.7,0.05,22.4
86453,0.1509,-0.2396,0.8689,-6.21,8.21,0.06,22.44
86463,0.152,-0.234,0.8656,-5.15,7.33,0.02,22.41
86473,0.1539,-0.2264,0.8691,-4.92,6.58,-0.14,22.41
86483,0.1561,-0.2129,0.8699,-5.5,6.79,-0.23,22.39
86493,0.1624,-0.207,0.8636,-6.15,7.48,-0.21,22.44
86503,0.1589,-0.2052,0.8549,-6.67,8.21,-0.11,22.44
86513,0.1582,-0.2042,0.8485,-6.76,8.4,-0.14,22.44
86523,0.1537,-0.2017,0.8419,-6.58,8.0,-0.21,22.43
86533,0.1479,-0.2017,0.8419,-6.02,7.39,-0.2,22.43
86543,0.162,-0.2137,0.8452,-5.8,7.13,-0.17,22.43
86553,0.156,-0.1971,0.8621,-5.5,8.18,0.15,22.42
86563,0.1538,-0.1978,0.8719,-5.59,8.47,0.15,22.43
86573,0.1473,-0.2059,0.8756,-6.43,7.79,-0.03,22.42
86583,0.1569,-0.2072,0.8662,-6.96,7.11,-0.06,22.44
86593,0.1656,-0.2209,0.8552,-7.08,7.39,-0.09,22.45
86603,0.1635,-0.2228,0.8569,-6.75,8.32,0.0,22.44
86613,0.1583,-0.2212,0.8647,-6.17,8.75,0.14,22.41
86623,0.1523,-0.2228,0.8733,-5.98,8.46,0.17,22.42
86633,0.1494,-0.2268,0.8756,-6.15,7.77,-0.08,22.42
86643,0.1523,-0.2311,0.8756,-6.44,7.27,-0.23,22.44
86653,0.1554,-0.2285,0.8724,-6.69,7.31,-0.17,22.43
86663,0.1504,-0.2228,0.8728,-6.38,7.82,-0.11,22.45
86673,0.1472,-0.2277,0.8683,-6.2,8.38,0.0,22.42
86683,0.1426,-0.2256,0.8711,-5.92,8.38,-0.02,22.42
86693,0.1389,-0.217,0.8772,-5.65,7.76,-0.03,22.43
86703,0.1428,-0.2174,0.8844,-5.63,7.08,-0.15,22.41
86713,0.144,-0.2064,0.8812,-5.94,6.84,-0.15,22.41
86723,0.1484,-0.2061,0.8733,-6.23,7.31,-0.06,22.41
86733,0.1508,-0.2013,0.8776,-6.44,7.98,0.0,22.43
86743,0.1484,-0.2061,0.8726,-6.21,8.2,0.08,22.44
86753,0.1495,-0.2111,0.8728,-6.15,7.95,-0.03,22.45
86763,0.1494,-0.2125,0.8723,-6.08,7.54,-0.08,22.44
86773,0.1525,-0.215,0.8674,-6.12,7.39,-0.09,22.42
86783,0.1591,-0.218,0.865,-6.56,7.68,-0.08,22.45
86793,0.1587,-0.2175,0.8605,-6.81,8.26,-0.02,22.44
86803,0.1555,-0.2222,0.8599,-6.47,8.37,0.03,22.43
86813,0.1583,-0.2209,0.8617,-6.06,7.98,0.0,22.43
86823,0.1547,-0.2181,0.869,-5.62,7.34,-0.15,22.43
86833,0.1576,-0.2145,0.8705,-5.59,7.02,-0.14,22.44
86843,0.1587,-0.2102,0.8655,-6.0,7.11,-0.23,22.41
86853,0.1617,-0.2151,0.8597,-6.17,7.54,-0.06,22.44
86863,0.1605,-0.2073,0.8615,-6.08,8.17,0.0,22.44
86873,0.1543,-0.2065,0.8663,-5.94,8.27,0.06,22.44
86883,0.15,-0.2075,0.8693,-5.95,7.89,-0.02,22.41
86893,0.1471,-0.2032,0.8667,-6.29,7.51,-0.05,22.41
86903,0.1483,-0.2013,0.8593,-6.61,7.47,-0.08,22.43
86913,0.1487,-0.2075,0.8461,-6.6,7.65,-0.12,22.43
86923,0.1504,-0.2114,0.8516,-6.4,8.06,-0.05,22.44
86933,0.1449,-0.2106,0.8585,-5.92,8.21,0.03,22.43
86943,0.1448,-0.2136,0.8716,-5.77,8.06,0.0,22.44
86953,0.1464,-0.2147,0.8815,-6.0,7.66,0.0,22.43
86963,0.1459,-0.2139,0.8787,-6.44,7.42,-0.11,22.41
86973,0.1511,-0.218,0.8723,-6.75,7.65,-0.09,22.41
86983,0.1504,-0.2177,0.8684,-6.75,8.15,0.02,22.42
86993,0.1461,-0.2211,0.8649,-6.47,8.32,0.06,22.43
87003,0.1448,-0.2197,0.8671,-6.14,8.0,0.03,22.43
87013,0.1461,-0.2168,0.8777,-5.76,7.47,-0.12,22.44
87023,0.1504,-0.2194,0.8798,-5.66,7.11,-0.09,22.43
87033,0.1533,-0.2142,0.8824,-5.88,7.3,-0.11,22.42
87043,0.1527,-0.2118,0.8838,-6.34,7.74,-0.08,22.39
87053,0.1523,-0.2104,0.8718,-6.61,8.14,-0.02,22.43
87063,0.1504,-0.214,0.8707,-6.67,8.12,-0.03,22.42
87073,0.1517,-0.2152,0.8625,-6.44,7.8,-0.09,22.41
87083,0.1536,-0.217,0.8652,-6.09,7.53,-0.11,22.42
87093,0.1561,-0.2181,0.8685,-5.98,7.51,-0.03,22.4
87103,0.1566,-0.2203,0.8723,-6.15,7.71,-0.06,22.41
87113,0.1552,-0.2207,0.8735,-6.41,7.94,-0.09,22.44
87123,0.1576,-0.2213,0.8696,-6.35,7.95,-0.14,22.42
87133,0.1559,-0.2224,0.8726,-6.15,7.83,-0.12,22.43
87143,0.1554,-0.2185,0.8685,-5.92,7.63,-0.08,22.44
87153,0.1541,-0.2168,0.8716,-5.79,7.57,-0.14,22.42
87163,0.1558,-0.2173,0.877,-5.8,7.59,-0.03,22.43
87173,0.1565,-0.2151,0.8738,-5.91,7.71,-0.15,22.43
87183,0.1555,-0.2134,0.8672,-6.12,7.76,-0.11,22.41
87193,0.1571,-0.2135,0.8688,-6.15,7.69,-0.09,22.42
87203,0.1528,-0.2101,0.8646,-6.14,7.74,-0.09,22.43
87213,0.1521,-0.2091,0.8618,-6.24,7.86,-0.05,22.42
87223,0.1537,-0.2112,0.8568,-6.43,8.02,-0.05,22.44
87233,0.151,-0.2128,0.8518,-6.49,8.09,-0.12,22.42
87243,0.1483,-0.2142,0.8544,-6.37,8.03,-0.05,22.42
87253,0.1462,-0.2145,0.8567,-6.14,8.02,0.0,22.43
87263,0.1477,-0.2147,0.8601,-5.98,7.8,-0.05,22.44
87273,0.1476,-0.2144,0.8685,-5.82,7.66,-0.02,22.43
87283,0.144,-0.214,0.8689,-5.92,7.63,-0.02,22.45
87293,0.1493,-0.2147,0.8702,-6.06,7.62,0.02,22.43
87303,0.1455,-0.2136,0.8662,-6.23,7.73,-0.09,22.44
87313,0.1448,-0.2141,0.8661,-6.35,7.92,-0.03,22.42
87323,0.1443,-0.2126,0.8641,-6.24,7.86,0.0,22.44
87333,0.147,-0.2144,0.8654,-6.18,7.88,0.06,22.42
87343,0.1498,-0.2146,0.8711,-5.98,7.82,-0.03,22.45
87353,0.1525,-0.2133,0.8743,-6.05,7.74,0.0,22.44
87363,0.1521,-0.21,0.8691,-6.31,7.66,0.03,22.44
87373,0.1519,-0.2113,0.8657,-6.46,7.73,-0.05,22.44
87383,0.155,-0.2159,0.8688,-6.29,7.73,-0.03,22.44
87393,0.1517,-0.2186,0.8723,-6.12,7.74,0.03,22.44
87403,0.155,-0.214,0.8719,-5.91,7.8,-0.06,22.45
87413,0.1542,-0.2153,0.8755,-5.86,7.66,-0.06,22.43
87423,0.1576,-0.2174,0.8827,-5.94,7.59,-0.06,22.42
87433,0.1572,-0.213,0.8793,-6.24,7.63,-0.14,22.43
87443,0.1562,-0.2111,0.8766,-6.35,7.76,-0.02,22.44
87453,0.1561,-0.2128,0.871,-6.26,7.77,0.02,22.44
87463,0.1532,-0.2131,0.8706,-6.12,7.85,-0.06,22.44
87473,0.1556,-0.2106,0.8726,-6.06,7.77,-0.12,22.42
87483,0.1526,-0.2102,0.8713,-6.02,7.6,-0.15,22.46
87493,0.1537,-0.2079,0.8696,-6.03,7.44,-0.06,22.46
87503,0.1554,-0.2113,0.8704,-6.29,7.5,-0.15,22.42
87513,0.1578,-0.2089,0.8661,-6.44,7.86,-0.03,22.42
87523,0.1584,-0.2126,0.8677,-6.4,8.09,0.0,22.45
87533,0.1796,-0.2181,0.8824,-5.73,7.85,-0.06,22.42
87543,0.1528,-0.2147,0.8757,-6.47,8.03,-0.2,22.44
87553,0.1415,-0.2147,0.8602,-7.22,8.29,0.05,22.44
87563,0.1466,-0.2289,0.8591,-7.11,8.61,-0.05,22.42
87573,0.1412,-0.228,0.8655,-6.2,8.93,0.08,22.44
87583,0.1331,-0.2295,0.8811,-5.13,8.37,0.02,22.43
87593,0.1324,-0.2249,0.8907,-5.47,6.98,-0.08,22.45
87603,0.1416,-0.2153,0.8772,-6.52,6.35,-0.24,22.44
87613,0.15,-0.2104,0.8468,-7.25,6.73,-0.38,22.44
87623,0.1575,-0.2062,0.8253,-7.01,7.6,-0.23,22.47
87633,0.1517,-0.2002,0.8251,-6.08,8.12,0.06,22.45
87643,0.1533,-0.2031,0.844,-5.15,8.26,0.14,22.44
87653,0.1515,-0.1969,0.8647,-4.79,7.86,0.03,22.43
87663,0.1589,-0.1992,0.8876,-5.15,7.34,-0.14,22.42
87673,0.1566,-0.2076,0.8972,-6.23,7.45,-0.21,22.44
87683,0.1617,-0.2125,0.8938,-7.31,8.12,-0.11,22.43
87693,0.1555,-0.2234,0.8772,-7.98,8.85,-0.02,22.42
87703,0.1508,-0.2365,0.8647,-7.68,9.11,0.12,22.44
87713,0.1434,-0.2388,0.8634,-6.69,8.34,0.11,22.44
87723,0.1497,-0.2389,0.8654,-5.6,7.44,-0.17,22.44
87733,0.1552,-0.2341,0.8756,-4.76,6.67,-0.08,22.45
87743,0.1583,-0.2318,0.8846,-4.87,6.7,-0.08,22.43
87753,0.1573,-0.2188,0.8772,-6.0,7.5,-0.09,22.44
87763,0.1525,-0.2152,0.869,-6.63,8.27,-0.12,22.45
87773,0.1422,-0.2194,0.8586,-6.46,7.95,0.02,22.46
87783,0.1454,-0.2079,0.8395,-6.7,7.54,-0.12,22.46
87793,0.1621,-0.2068,0.8505,-5.01,7.11,-0.26,22.46
87803,0.1643,-0.2216,0.8839,-3.82,7.47,-0.03,22.42
87813,0.1376,-0.207,0.892,-5.68,8.35,0.06,22.44
87823,0.1263,-0.1981,0.8635,-7.83,8.24,-0.24,22.44
87833,0.1324,-0.2067,0.8496,-7.5,7.28,-0.17,22.43
87843,0.1477,-0.2205,0.8436,-6.63,7.27,-0.15,22.45
87853,0.1644,-0.2195,0.8416,-5.44,7.4,0.02,22.44
87863,0.1593,-0.199,0.8588,-3.91,7.56,0.31,22.43
87873,0.1454,-0.2019,0.8914,-4.24,7.86,0.31,22.42
87883,0.1439,-0.2141,0.9061,-6.69,8.03,-0.11,22.43
87893,0.1472,-0.2123,0.8868,-7.83,7.79,-0.15,22.42
87903,0.1509,-0.2153,0.8669,-7.44,7.53,-0.12,22.44
87913,0.1573,-0.23,0.8564,-7.15,7.79,-0.11,22.41
87923,0.1559,-0.2407,0.8566,-6.55,7.94,0.02,22.42
87933,0.1578,-0.2283,0.8605,-5.45,7.77,0.05,22.41
87943,0.1594,-0.2253,0.8802,-4.52,6.9,-0.14,22.44
87953,0.1635,-0.2209,0.8916,-4.56,6.31,-0.12,22.44
87963,0.1729,-0.2134,0.8998,-5.28,6.53,-0.12,22.44
87973,0.1852,-0.1973,0.8956,-5.82,7.25,-0.08,22.42
87983,0.186,-0.1803,0.8934,-5.57,7.89,0.08,22.43
87993,0.1549,-0.1757,0.8853,-6.29,8.4,-0.08,22.43
88003,0.1288,-0.1913,0.8634,-8.11,8.56,-0.2,22.42
88013,0.131,-0.2084,0.8301,-9.16,8.24,-0.31,22.43
88023,0.1461,-0.2114,0.8207,-7.42,7.88,-0.08,22.43
88033,0.1552,-0.2236,0.8425,-4.66,7.76,0.05,22.42
88043,0.1589,-0.2183,0.8845,-3.92,7.92,0.2,22.42
88053,0.1561,-0.2048,0.908,-4.63,8.23,0.12,22.44
88063,0.1494,-0.2048,0.911,-6.17,7.47,-0.14,22.43
88073,0.15,-0.2122,0.8878,-7.97,6.9,-0.37,22.42
88083,0.158,-0.2141,0.8524,-8.66,7.13,-0.44,22.42
88093,0.1676,-0.2266,0.8324,-7.69,7.91,-0.23,22.4
88103,0.1621,-0.2262,0.8352,-6.08,8.66,0.02,22.44
88113,0.1555,-0.2242,0.8522,-5.11,8.69,0.12,22.42
88123,0.1472,-0.223,0.8658,-5.1,8.0,-0.05,22.39
88133,0.147,-0.2063,0.8647,-5.69,6.98,-0.24,22.43
88143,0.1508,-0.2073,0.8624,-6.66,6.82,-0.14,22.44
88153,0.1482,-0.2041,0.8529,-7.3,7.82,-0.11,22.45
88163,0.147,-0.2003,0.8474,-6.81,8.98,0.11,22.45
88173,0.1433,-0.2081,0.8573,-5.91,9.19,0.14,22.41
88183,0.1417,-0.2157,0.8761,-5.22,8.32,0.02,22.43
88193,0.142,-0.2162,0.8926,-5.51,7.39,0.0,22.44
88203,0.1499,-0.2201,0.8892,-6.72,7.07,-0.24,22.44
88213,0.1503,-0.2234,0.8741,-7.77,7.8,-0.11,22.43
88223,0.1444,-0.2292,0.8547,-8.2,9.16,0.09,22.42
88233,0.1383,-0.2343,0.8517,-7.21,9.68,0.23,22.41
88243,0.1288,-0.2317,0.8628,-5.45,8.95,0.26,22.42
88253,0.1255,-0.2271,0.8788,-4.37,7.19,0.05,22.44
88263,0.1366,-0.2203,0.8898,-4.69,5.95,-0.2,22.43
88273,0.145,-0.2112,0.8854,-5.97,6.15,-0.37,22.42
88283,0.1489,-0.2137,0.8734,-7.07,7.44,-0.17,22.42
88293,0.1537,-0.2196,0.8634,-7.31,8.72,0.05,22.44
88303,0.1495,-0.2208,0.8578,-6.56,9.05,0.12,22.44
88313,0.1497,-0.2194,0.8667,-5.56,8.12,0.12,22.44
88323,0.1562,-0.2157,0.8763,-5.02,6.85,-0.15,22.43
88333,0.165,-0.2075,0.8802,-5.45,6.37,-0.24,22.42
88343,0.1696,-0.2051,0.876,-6.37,6.95,-0.21,22.44
88353,0.1699,-0.2013,0.8662,-6.89,8.18,-0.03,22.44
88363,0.1714,-0.199,0.8654,-6.99,9.19,0.03,22.46
88373,0.1605,-0.2,0.8618,-6.99,9.33,0.09,22.43
88383,0.1674,-0.207,0.8667,-7.25,9.15,-0.03,22.43
88393,0.1587,-0.2119,0.8622,-7.53,8.47,-0.09,22.44
88403,0.1562,-0.2126,0.8546,-6.93,7.31,-0.17,22.43
88413,0.1672,-0.2233,0.843,-6.31,6.15,-0.31,22.42
88423,0.1711,-0.2273,0.8389,-5.47,6.44,-0.18,22.44
88433,0.1719,-0.2207,0.8524,-4.92,7.63,0.06,22.44
88443,0.1581,-0.2219,0.8704,-5.37,9.01,0.21,22.42
88453,0.1482,-0.2189,0.881,-6.14,8.9,0.18,22.43
88463,0.1398,-0.2136,0.8763,-6.44,7.39,-0.05,22.44
88473,0.1418,-0.2122,0.8701,-6.46,6.29,-0.29,22.44
88483,0.1505,-0.2124,0.864,-6.21,6.47,-0.34,22.46
88493,0.1542,-0.2111,0.8646,-5.94,7.56,-0.14,22.45
88503,0.1456,-0.2096,0.8694,-5.82,8.79,0.11,22.46
88513,0.1364,-0.2062,0.8837,-6.37,9.27,0.06,22.44
88523,0.1366,-0.2111,0.8851,-6.89,8.37,-0.08,22.45
88533,0.1373,-0.2108,0.8776,-7.31,7.47,-0.18,22.43
88543,0.141,-0.2133,0.8644,-7.08,7.18,-0.23,22.45
88553,0.1478,-0.2119,0.8552,-6.26,7.47,-0.09,22.45
88563,0.1514,-0.217,0.8665,-5.6,7.91,0.09,22.45
88573,0.1465,-0.2235,0.8818,-5.57,8.09,0.03,22.43
88583,0.1445,-0.2267,0.891,-5.97,7.77,0.03,22.42
88593,0.1516,-0.2288,0.8762,-6.53,7.22,-0.02,22.46
88603,0.1548,-0.2268,0.8569,-6.75,6.84,-0.18,22.46
88613,0.1591,-0.2263,0.8562,-6.29,7.13,-0.09,22.45
88623,0.1616,-0.2202,0.8531,-5.57,7.85,0.03,22.47
88633,0.1581,-0.2152,0.8762,-5.16,8.41,0.05,22.44
88643,0.1544,-0.2175,0.8883,-5.33,8.17,-0.06,22.44
88653,0.1581,-0.2104,0.8885,-5.85,7.24,-0.18,22.49
88663,0.1575,-0.2163,0.8805,-6.44,6.56,-0.41,22.46
88673,0.165,-0.2139,0.8564,-7.13,6.79,-0.37,22.43
88683,0.1676,-0.2152,0.8424,-6.72,7.77,-0.17,22.45
88693,0.161,-0.217,0.844,-5.92,8.85,0.15,22.47
88703,0.149,-0.2135,0.8553,-5.22,8.93,0.24,22.44
88713,0.1447,-0.2117,0.8728,-5.08,7.98,0.08,22.45
88723,0.1425,-0.2035,0.874,-5.42,7.25,-0.09,22.47
88733,0.1486,-0.2051,0.8774,-6.24,6.72,-0.31,22.44
88743,0.152,-0.2073,0.8674,-6.63,7.18,-0.18,22.47
88753,0.1624,-0.2141,0.8604,-6.56,7.76,-0.09,22.45
88763,0.1523,-0.2203,0.8656,-6.03,8.35,-0.02,22.47
88773,0.1449,-0.2234,0.8812,-5.53,8.21,0.08,22.46
88783,0.1503,-0.2224,0.8877,-5.59,7.76,-0.08,22.46
88793,0.1521,-0.2209,0.8904,-5.92,7.51,-0.08,22.45
88803,0.1541,-0.2188,0.8878,-6.53,7.59,-0.03,22.44
88813,0.1545,-0.2206,0.8834,-6.82,8.0,-0.03,22.44
88823,0.1489,-0.2179,0.8716,-6.92,8.32,-0.03,22.45
88833,0.1438,-0.2164,0.8604,-6.56,8.05,-0.02,22.47
88843,0.149,-0.2188,0.8605,-6.0,7.42,-0.08,22.48
88853,0.1541,-0.2156,0.8549,-5.83,6.92,-0.17,22.47
88863,0.155,-0.2094,0.86,-5.74,7.1,-0.11,22.46
88873,0.1573,-0.2057,0.8553,-5.88,7.57,-0.08,22.44
88883,0.1549,-0.2057,0.8552,-6.08,7.88,0.02,22.44
88893,0.1523,-0.1996,0.8568,-6.0,8.08,0.09,22.45
88903,0.1536,-0.1984,0.8588,-5.86,7.86,0.0,22.43
88913,0.1516,-0.1976,0.8685,-5.91,7.68,-0.06,22.44
88923,0.1488,-0.1998,0.8716,-6.18,7.8,-0.11,22.43
88933,0.1508,-0.2051,0.8678,-6.66,8.11,-0.09,22.44
88943,0.1489,-0.2122,0.8701,-6.73,8.38,-0.11,22.46
88953,0.1462,-0.2212,0.8723,-6.69,8.35,0.02,22.45
88963,0.1458,-0.2242,0.8754,-6.5,8.2,-0.02,22.44
88973,0.1475,-0.2211,0.8715,-6.31,7.86,-0.12,22.45
88983,0.1503,-0.222,0.8752,-6.26,7.57,-0.11,22.45
88993,0.1562,-0.2223,0.8698,-6.37,7.5,-0.08,22.46
89003,0.1581,-0.2223,0.8727,-6.29,7.76,-0.06,22.45
89013,0.1565,-0.218,0.8737,-6.06,8.06,-0.02,22.47
89023,0.1512,-0.2212,0.8745,-6.14,7.98,-0.03,22.46
89033,0.1512,-0.2166,0.8728,-6.17,7.65,-0.14,22.44
89043,0.1554,-0.2139,0.8737,-5.98,7.28,-0.23,22.46
89053,0.1572,-0.2131,0.873,-5.97,7.15,-0.21,22.43
89063,0.1569,-0.2125,0.8772,-5.95,7.54,-0.09,22.47
89073,0.157,-0.2111,0.8723,-6.11,7.88,-0.03,22.46
89083,0.1545,-0.2118,0.875,-6.21,8.09,-0.02,22.46
89093,0.1501,-0.2108,0.88,-6.41,8.09,-0.05,22.46
89103,0.1516,-0.2126,0.8748,-6.63,7.88,-0.11,22.46
89113,0.1538,-0.2134,0.8688,-6.64,7.85,-0.09,22.46
89123,0.1515,-0.2151,0.87,-6.61,8.03,-0.12,22.44
89133,0.1528,-0.2197,0.8696,-6.44,8.31,0.03,22.45
89143,0.1504,-0.2213,0.8667,-6.38,8.29,-0.03,22.44
89153,0.1484,-0.2216,0.8624,-6.26,8.0,-0.05,22.47
89163,0.1466,-0.2228,0.8623,-6.24,7.54,-0.14,22.48
89173,0.153,-0.2192,0.8578,-6.31,7.31,-0.15,22.45
89183,0.1558,-0.2166,0.8525,-6.2,7.5,-0.15,22.45
89193,0.1561,-0.2178,0.855,-5.97,7.83,-0.02,22.43
89203,0.1564,-0.2146,0.8568,-5.86,7.98,-0.03,22.44
89213,0.1556,-0.215,0.8636,-5.8,7.82,-0.09,22.44
89223,0.1526,-0.2108,0.8657,-6.05,7.48,-0.12,22.48
89233,0.152,-0.2103,0.8674,-6.17,7.36,-0.18,22.49
89243,0.156,-0.2146,0.8673,-6.31,7.63,-0.06,22.46
89253,0.1543,-0.2118,0.8654,-6.26,7.98,-0.09,22.47
89263,0.1517,-0.2155,0.8699,-6.14,8.11,-0.02,22.45
89273,0.1508,-0.217,0.8717,-6.02,7.8,-0.05,22.45
89283,0.1466,-0.2186,0.8713,-6.03,7.54,-0.03,22.46
89293,0.15,-0.2159,0.8679,-6.29,7.54,-0.14,22.44
89303,0.1505,-0.2144,0.866,-6.29,7.79,-0.14,22.44
89313,0.1516,-0.2172,0.8679,-6.08,8.02,-0.03,22.46
89323,0.1503,-0.22,0.8744,-5.98,8.06,0.03,22.45
89333,0.1482,-0.217,0.8761,-5.94,7.83,0.0,22.45
89343,0.1459,-0.2168,0.8707,-6.0,7.62,-0.03,22.44
89353,0.153,-0.2227,0.8729,-6.15,7.39,-0.12,22.47
89363,0.1561,-0.219,0.8677,-6.4,7.65,-0.14,22.44
89373,0.157,-0.2184,0.8667,-6.27,7.88,-0.05,22.44
89383,0.1597,-0.2203,0.864,-5.95,8.05,0.0,22.44
89393,0.158,-0.2188,0.8767,-5.74,7.92,-0.03,22.43
89403,0.1576,-0.2208,0.8815,-5.74,7.56,0.02,22.47
89413,0.1578,-0.2203,0.8826,-5.85,7.37,-0.08,22.46
89423,0.1619,-0.2196,0.8823,-6.06,7.51,-0.06,22.43
89433,0.1582,-0.2163,0.8749,-6.27,7.94,0.03,22.44
89443,0.1565,-0.2129,0.8743,-6.31,8.15,0.08,22.44
89453,0.1499,-0.208,0.8689,-6.09,8.02,0.03,22.47
89463,0.1479,-0.2084,0.868,-5.94,7.71,0.02,22.46
89473,0.1489,-0.2094,0.8672,-5.71,7.4,-0.11,22.44
89483,0.1511,-0.2034,0.8645,-5.83,7.56,0.03,22.43
89493,0.1523,-0.2072,0.8663,-6.15,7.88,0.02,22.44
89503,0.15,-0.2094,0.8679,-6.34,8.23,0.05,22.46
89513,0.1473,-0.2137,0.8638,-6.47,8.29,0.0,22.44
89523,0.1475,-0.212,0.8607,-6.34,8.0,0.0,22.44
89533,0.1503,-0.2137,0.864,-6.2,7.68,-0.11,22.44
89543,0.1482,-0.2139,0.8647,-5.92,7.66,0.0,22.45
89553,0.1565,-0.2153,0.8645,-6.06,7.83,-0.08,22.43
89563,0.1504,-0.2137,0.869,-5.97,8.03,-0.12,22.48
89573,0.1471,-0.2111,0.8685,-6.12,7.94,-0.05,22.47
89583,0.1506,-0.2122,0.8743,-6.15,7.69,0.03,22.49
89593,0.1481,-0.2052,0.8682,-6.15,7.62,-0.05,22.46
89603,0.1486,-0.2062,0.8635,-6.08,7.57,-0.08,22.44
89613,0.1484,-0.2003,0.8672,-5.98,7.79,-0.05,22.44
89623,0.147,-0.2052,0.8693,-6.08,7.98,-0.03,22.46
89633,0.1477,-0.2059,0.8706,-6.18,7.95,-0.14,22.47
89643,0.1483,-0.2059,0.8685,-6.2,7.85,-0.05,22.47
89653,0.1498,-0.21,0.8695,-6.35,7.63,-0.11,22.45
89663,0.151,-0.2106,0.8628,-6.52,7.63,-0.11,22.46
89673,0.1465,-0.2119,0.863,-6.44,7.83,-0.09,22.45
89683,0.1479,-0.2125,0.8625,-6.21,7.94,0.0,22.45
89693,0.1483,-0.2145,0.8676,-6.08,7.94,-0.02,22.44
89703,0.1465,-0.2135,0.876,-6.08,7.88,-0.05,22.45
89713,0.1486,-0.2168,0.8777,-6.17,7.63,-0.11,22.47
89723,0.1503,-0.2153,0.877,-6.41,7.62,-0.18,22.47
89733,0.1526,-0.2155,0.8728,-6.49,7.71,-0.14,22.44
89743,0.1525,-0.2161,0.8698,-6.44,7.77,-0.11,22.44
89753,0.1493,-0.2162,0.8691,-6.24,7.79,-0.08,22.47
89763,0.1528,-0.2161,0.8685,-6.09,7.56,-0.06,22.44
89773,0.1541,-0.2156,0.8702,-5.97,7.51,-0.14,22.46
89783,0.1552,-0.2118,0.8755,-6.12,7.59,-0.17,22.47
89793,0.155,-0.21,0.8699,-6.41,7.8,-0.12,22.45
89803,0.157,-0.2139,0.8682,-6.55,7.86,0.03,22.46
89813,0.1548,-0.2157,0.8584,-6.63,7.95,0.02,22.46
89823,0.156,-0.2169,0.8577,-6.44,7.94,-0.14,22.46
89833,0.1555,-0.2167,0.8629,-6.11,7.76,-0.12,22.46
89843,0.1566,-0.2223,0.8671,-6.05,7.59,-0.12,22.46
89853,0.158,-0.2206,0.8643,-6.12,7.56,-0.02,22.44
89863,0.1552,-0.2202,0.8635,-6.24,7.8,-0.05,22.44
89873,0.1544,-0.2209,0.8667,-6.21,8.03,-0.03,22.45
89883,0.153,-0.2151,0.8657,-6.21,7.89,-0.06,22.48
89893,0.1534,-0.217,0.864,-6.12,7.74,-0.08,22.45
89903,0.149,-0.2168,0.8661,-5.88,7.56,-0.11,22.44
89913,0.1472,-0.2159,0.8656,-5.79,7.68,-0.12,22.44
89923,0.1517,-0.2144,0.8693,-5.92,7.74,-0.03,22.44
89933,0.1537,-0.2155,0.8729,-6.09,7.82,-0.09,22.44
89943,0.1537,-0.215,0.879,-6.21,7.83,-0.05,22.43
89953,0.1495,-0.2184,0.8771,-6.4,7.76,-0.08,22.46
89963,0.1527,-0.2161,0.8706,-6.34,7.8,-0.08,22.47
89973,0.153,-0.2195,0.8677,-6.11,7.79,-0.05,22.46
89983,0.1512,-0.2158,0.8671,-6.09,7.83,-0.03,22.43
89993,0.1501,-0.2142,0.8683,-5.95,7.82,0.02,22.46
90003,0.1531,-0.2137,0.8728,-6.09,7.77,-0.03,22.46
90013,0.1525,-0.2133,0.8696,-6.09,7.71,-0.06,22.46
90023,0.153,-0.2133,0.8685,-6.2,7.73,-0.08,22.46
90033,0.157,-0.2108,0.8678,-6.27,7.74,0.05,22.44
90043,0.155,-0.2104,0.8701,-6.26,7.79,-0.05,22.48
90053,0.157,-0.2097,0.8635,-6.29,7.88,-0.09,22.47
90063,0.1571,-0.2081,0.8698,-6.23,7.94,-0.11,22.47
90073,0.1516,-0.2094,0.8696,-6.24,7.95,-0.05,22.45
90083,0.1515,-0.2067,0.8716,-6.32,7.85,-0.09,22.46
90093,0.1484,-0.2097,0.8702,-6.37,7.8,-0.08,22.46
90103,0.1482,-0.212,0.8684,-6.44,7.79,-0.08,22.43
90113,0.15,-0.2111,0.8616,-6.4,7.86,-0.11,22.44
90123,0.1522,-0.21,0.8663,-6.31,7.89,-0.11,22.47
90133,0.1498,-0.2119,0.8669,-6.17,7.79,-0.02,22.45
90143,0.1486,-0.2118,0.87,-6.11,7.83,-0.08,22.46
90153,0.1497,-0.2098,0.8667,-6.11,7.82,-0.05,22.48
90163,0.1526,-0.2109,0.8625,-6.18,7.77,-0.03,22.44
90173,0.1521,-0.212,0.8706,-6.32,7.74,-0.02,22.44
90183,0.1526,-0.2125,0.8676,-6.41,7.77,-0.06,22.44
90193,0.1531,-0.2147,0.8617,-6.37,7.79,-0.09,22.44
90203,0.1504,-0.2141,0.8643,-6.4,7.8,-0.03,22.44
90213,0.1514,-0.2137,0.8701,-6.23,7.82,-0.02,22.45
90223,0.1495,-0.2159,0.8706,-6.15,7.85,-0.09,22.48
90233,0.1527,-0.2153,0.8737,-6.18,7.88,0.0,22.44
90243,0.1544,-0.2135,0.8727,-6.26,7.85,-0.03,22.46
90253,0.153,-0.2161,0.8711,-6.23,7.79,-0.05,22.45
90263,0.1521,-0.2135,0.8773,-6.29,7.68,-0.06,22.44
90273,0.1525,-0.2161,0.8754,-6.37,7.74,-0.08,22.48
90283,0.1536,-0.2175,0.8708,-6.31,7.8,-0.06,22.47
90293,0.1536,-0.2192,0.8679,-6.24,7.74,0.0,22.45
90303,0.1526,-0.2169,0.8677,-6.17,7.79,-0.03,22.44
90313,0.155,-0.2161,0.8655,-6.2,7.68,-0.02,22.47
90323,0.1539,-0.214,0.8669,-6.17,7.62,-0.09,22.47
90333,0.1548,-0.2153,0.8683,-6.17,7.71,-0.11,22.48
90343,0.1521,-0.2158,0.8669,-6.26,7.73,-0.08,22.47
90353,0.1565,-0.2162,0.8615,-6.27,7.77,0.0,22.47
90363,0.1536,-0.2128,0.8661,-6.21,7.82,-0.06,22.48
90373,0.1519,-0.2137,0.866,-6.15,7.74,-0.08,22.46
90383,0.1531,-0.2142,0.8679,-6.11,7.79,-0.09,22.46
90393,0.1541,-0.215,0.8683,-6.0,7.65,-0.06,22.47
90403,0.1576,-0.215,0.8722,-6.02,7.71,0.02,22.45
90413,0.153,-0.2173,0.871,-6.17,7.8,-0.05,22.44
90423,0.1527,-0.2148,0.8684,-6.26,7.79,-0.05,22.45
90433,0.1525,-0.217,0.8724,-6.21,7.79,0.05,22.44
90443,0.1521,-0.2169,0.8741,-6.2,7.86,-0.06,22.45
90453,0.1503,-0.2167,0.8739,-6.26,7.77,-0.03,22.47
90463,0.15,-0.2152,0.8678,-6.15,7.71,-0.08,22.44
90473,0.1479,-0.2145,0.8684,-6.17,7.77,-0.05,22.47
90483,0.1512,-0.2129,0.8706,-6.12,7.73,-0.06,22.42
90493,0.1521,-0.2133,0.8654,-6.12,7.73,-0.06,22.46
90503,0.153,-0.2136,0.8677,-6.18,7.69,-0.06,22.44
90513,0.1509,-0.2107,0.866,-6.06,7.77,-0.03,22.44
90523,0.1523,-0.2123,0.8716,-6.12,7.71,-0.08,22.46
90533,0.152,-0.2107,0.8691,-6.12,7.82,-0.08,22.47
90543,0.149,-0.2101,0.8696,-6.17,7.86,-0.05,22.47
90553,0.1508,-0.2114,0.8711,-6.17,7.86,-0.05,22.46
90563,0.1527,-0.2114,0.871,-6.18,7.83,0.0,22.47
90573,0.1472,-0.2155,0.8698,-6.2,7.82,-0.08,22.47
90583,0.1515,-0.2141,0.8702,-6.27,7.65,-0.05,22.47
90593,0.1499,-0.2137,0.8674,-6.23,7.79,-0.05,22.49
90603,0.1548,-0.2134,0.8732,-6.2,7.8,-0.09,22.47
90613,0.1504,-0.2142,0.8727,-6.11,7.85,-0.05,22.47
90623,0.1531,-0.2112,0.8723,-6.31,7.85,-0.08,22.47
90633,0.1548,-0.2113,0.8734,-6.32,7.74,-0.09,22.46
90643,0.1537,-0.2119,0.8711,-6.31,7.71,-0.11,22.49
90653,0.1536,-0.2156,0.8678,-6.38,7.74,-0.18,22.49
90663,0.1577,-0.2145,0.8683,-6.34,7.74,-0.15,22.49
90673,0.1534,-0.2137,0.8667,-6.26,7.77,-0.09,22.48
90683,0.1532,-0.2146,0.8695,-6.08,7.88,0.02,22.47
90693,0.1499,-0.2137,0.869,-6.12,7.82,-0.11,22.47
90703,0.1541,-0.2118,0.8698,-6.11,7.71,-0.08,22.48
90713,0.1539,-0.2144,0.8726,-6.26,7.73,-0.09,22.48
90723,0.1545,-0.2111,0.8673,-6.34,7.85,-0.05,22.48
90733,0.1511,-0.2123,0.8654,-6.32,7.92,-0.12,22.47
90743,0.1514,-0.2137,0.865,-6.29,8.0,0.0,22.48
90753,0.1483,-0.217,0.8665,-6.24,7.85,-0.09,22.49
90763,0.1499,-0.2163,0.8663,-6.15,7.83,-0.09,22.47
90773,0.1464,-0.2148,0.8644,-6.15,7.66,-0.14,22.49
90783,0.1489,-0.213,0.8641,-6.18,7.74,-0.03,22.47
90793,0.1539,-0.2144,0.8644,-6.27,7.83,-0.05,22.47
90803,0.1501,-0.2157,0.8652,-6.27,8.02,-0.05,22.5
90813,0.1509,-0.2167,0.8667,-6.2,7.76,-0.08,22.47
90823,0.1516,-0.2166,0.8721,-6.18,7.74,-0.11,22.45
90833,0.1532,-0.2186,0.8684,-6.12,7.73,-0.05,22.5
90843,0.1536,-0.2179,0.8711,-6.14,7.73,-0.03,22.46
90853,0.1531,-0.2173,0.8723,-6.17,7.71,-0.08,22.49
90863,0.1537,-0.2169,0.8708,-6.17,7.71,-0.11,22.48
90873,0.1516,-0.2153,0.8693,-6.23,7.74,-0.06,22.48
90883,0.1534,-0.2162,0.8723,-6.09,7.69,-0.08,22.47
90893,0.15,-0.2136,0.8688,-6.02,7.71,-0.05,22.48
90903,0.1514,-0.2191,0.8745,-5.97,7.74,-0.08,22.49
90913,0.1536,-0.2145,0.8748,-6.06,7.79,-0.06,22.47
90923,0.1543,-0.215,0.8726,-6.2,7.74,-0.03,22.48
90933,0.1501,-0.2142,0.8756,-6.35,7.82,-0.05,22.49
90943,0.1512,-0.2135,0.8711,-6.35,7.82,-0.11,22.46
90953,0.1525,-0.2164,0.8665,-6.35,7.8,0.03,22.45
90963,0.1516,-0.2128,0.865,-6.17,7.79,-0.03,22.47
90973,0.1519,-0.2112,0.8676,-6.08,7.82,-0.06,22.47
90983,0.15,-0.2129,0.8649,-6.12,7.69,0.02,22.46
90993,0.1555,-0.2109,0.8684,-6.14,7.8,-0.09,22.46
91003,0.1526,-0.2129,0.8738,-6.2,7.73,-0.03,22.46
91013,0.1494,-0.2162,0.8634,-6.29,7.8,-0.08,22.46
91023,0.1525,-0.2124,0.8622,-6.43,7.73,-0.03,22.47
91033,0.152,-0.2128,0.8613,-6.27,7.79,-0.06,22.47
91043,0.153,-0.2129,0.8671,-6.09,7.83,-0.02,22.48
91053,0.1544,-0.2147,0.8641,-6.02,7.8,-0.02,22.49
91063,0.1521,-0.2139,0.866,-6.11,7.63,-0.08,22.46
91073,0.1505,-0.2095,0.87,-6.12,7.8,0.06,22.45
91083,0.152,-0.2112,0.8693,-6.14,7.86,-0.15,22.47
91093,0.1495,-0.2117,0.8711,-6.17,7.76,-0.12,22.49
91103,0.1509,-0.2117,0.8665,-6.14,7.74,-0.11,22.47
91113,0.149,-0.2101,0.8702,-6.08,7.82,0.0,22.47
91123,0.1514,-0.2111,0.8727,-6.11,7.79,-0.08,22.47
91133,0.1526,-0.2112,0.8722,-6.23,7.74,-0.12,22.47
91143,0.1515,-0.2117,0.8684,-6.23,7.65,-0.05,22.48
91153,0.151,-0.2134,0.866,-6.34,7.79,-0.12,22.47
91163,0.1531,-0.215,0.87,-6.21,7.91,-0.15,22.48
91173,0.1505,-0.2141,0.8674,-6.23,7.85,-0.11,22.47
91183,0.1515,-0.2155,0.8707,-6.18,7.88,-0.09,22.48
91193,0.1541,-0.2131,0.871,-6.2,7.74,-0.05,22.46
91203,0.152,-0.2129,0.8782,-6.31,7.71,-0.12,22.49
91213,0.1523,-0.2111,0.8732,-6.37,7.76,-0.12,22.48
91223,0.152,-0.2117,0.873,-6.49,7.76,-0.12,22.49
91233,0.1526,-0.2156,0.8641,-6.38,7.82,-0.11,22.49
91243,0.1555,-0.2125,0.8646,-6.24,7.89,-0.11,22.49
91253,0.1512,-0.2169,0.868,-6.2,7.83,-0.12,22.48
91263,0.1515,-0.2153,0.8671,-6.14,7.74,-0.06,22.48
91273,0.1523,-0.2141,0.8698,-6.27,7.77,-0.03,22.47
91283,0.1531,-0.2158,0.8715,-6.35,7.77,0.0,22.47
91293,0.1553,-0.2157,0.8674,-6.49,7.86,-0.02,22.47
91303,0.1554,-0.2177,0.8661,-6.34,7.85,-0.06,22.49
91313,0.1508,-0.2161,0.8672,-6.27,7.89,-0.11,22.47
91323,0.1547,-0.2181,0.8645,-6.23,7.86,-0.09,22.47
91333,0.1504,-0.2147,0.8665,-6.09,7.8,-0.12,22.47
91343,0.1516,-0.2167,0.8663,-6.23,7.82,-0.09,22.49
91353,0.1539,-0.2106,0.8677,-6.29,7.79,-0.06,22.48
91363,0.1509,-0.2142,0.8638,-6.31,7.85,-0.08,22.45
91373,0.1492,-0.2145,0.8627,-6.27,7.82,0.0,22.48
91383,0.1525,-0.2122,0.8635,-6.21,7.92,-0.02,22.5
91393,0.1508,-0.2126,0.8677,-6.15,7.98,-0.03,22.47
91403,0.1504,-0.2147,0.8671,-6.21,7.95,-0.06,22.47
91413,0.1501,-0.2146,0.8733,-6.27,7.94,-0.02,22.51
91423,0.1511,-0.2202,0.8706,-6.26,7.76,-0.03,22.48
91433,0.1527,-0.2178,0.8722,-6.21,7.73,-0.09,22.51
91443,0.1528,-0.2164,0.868,-6.15,7.65,-0.14,22.48
91453,0.1554,-0.217,0.8672,-5.98,7.57,-0.11,22.49
91463,0.1542,-0.2159,0.8691,-5.97,7.73,-0.03,22.5
91473,0.1552,-0.2141,0.8722,-5.98,7.8,-0.14,22.47
91483,0.1537,-0.2123,0.8784,-6.06,7.74,-0.05,22.46
91493,0.1534,-0.2118,0.8687,-6.15,7.68,-0.11,22.48
91503,0.1516,-0.2144,0.8727,-6.23,7.66,-0.11,22.48
91513,0.1539,-0.2094,0.8679,-6.12,7.69,0.05,22.5
91523,0.1541,-0.2104,0.8693,-6.08,7.82,-0.06,22.49
91533,0.1525,-0.2102,0.8718,-6.09,7.86,-0.05,22.5
91543,0.151,-0.213,0.8696,-6.09,7.83,0.0,22.5
91553,0.1498,-0.2118,0.8707,-6.21,7.8,0.0,22.5
91563,0.1499,-0.2148,0.8685,-6.29,7.71,-0.09,22.49
91573,0.1522,-0.2128,0.8687,-6.2,7.77,-0.09,22.49
91583,0.1516,-0.2156,0.8699,-6.27,7.79,-0.05,22.47
91593,0.1514,-0.2139,0.865,-6.23,7.83,-0.05,22.47
91603,0.1519,-0.2113,0.8671,-6.18,7.77,-0.06,22.47
91613,0.1505,-0.2102,0.8673,-6.14,7.59,-0.08,22.49
91623,0.1514,-0.2148,0.8654,-6.06,7.66,-0.11,22.49
91633,0.1544,-0.2114,0.8655,-6.23,7.66,-0.05,22.49
91643,0.1541,-0.2125,0.8623,-6.17,7.82,0.0,22.48
91653,0.1521,-0.2125,0.8676,-6.18,7.89,0.0,22.48
91663,0.1504,-0.2144,0.864,-6.12,7.92,-0.06,22.49
91673,0.1515,-0.2117,0.8676,-6.21,7.85,-0.12,22.49
91683,0.1498,-0.212,0.8699,-6.26,7.69,-0.06,22.5
91693,0.1506,-0.2131,0.8678,-6.27,7.8,-0.08,22.52
91703,0.1519,-0.2146,0.8674,-6.31,7.82,-0.12,22.48
91713,0.1515,-0.2145,0.8654,-6.27,7.79,-0.05,22.45
91723,0.1515,-0.2133,0.8718,-6.12,7.76,-0.06,22.48
91733,0.1532,-0.2133,0.8706,-6.18,7.73,-0.08,22.5
91743,0.1539,-0.2145,0.8683,-6.17,7.65,-0.15,22.5
91753,0.1537,-0.214,0.8713,-6.29,7.77,-0.12,22.48
91763,0.1538,-0.2159,0.8701,-6.29,7.79,-0.09,22.49
91773,0.1532,-0.2157,0.8684,-6.15,7.86,-0.06,22.48
91783,0.1523,-0.2141,0.8743,-6.06,7.82,-0.06,22.49
91793,0.1548,-0.214,0.8773,-6.14,7.73,-0.08,22.49
91803,0.1536,-0.2145,0.8729,-6.26,7.69,-0.09,22.48
91813,0.1542,-0.2135,0.8706,-6.35,7.69,-0.08,22.48
91823,0.1544,-0.2141,0.8711,-6.35,7.76,0.0,22.44
91833,0.1552,-0.2146,0.866,-6.27,7.89,0.02,22.47
91843,0.1517,-0.2173,0.8705,-6.32,7.82,-0.05,22.48
91853,0.1539,-0.2179,0.8635,-6.2,7.76,-0.09,22.49
91863,0.1543,-0.2155,0.8701,-6.18,7.74,0.02,22.47
91873,0.1537,-0.2177,0.8644,-6.18,7.63,-0.02,22.51
91883,0.1542,-0.2135,0.8662,-6.21,7.74,-0.05,22.49
91893,0.152,-0.215,0.8667,-6.27,7.76,-0.05,22.48
91903,0.1523,-0.2151,0.8656,-6.15,7.85,0.0,22.5
91913,0.1516,-0.2123,0.8676,-6.18,7.74,0.03,22.49
91923,0.1499,-0.2112,0.8698,-6.08,7.83,-0.05,22.48
91933,0.1523,-0.214,0.8717,-6.14,7.74,-0.09,22.48
91943,0.1505,-0.2139,0.8699,-6.29,7.82,-0.06,22.51
91953,0.1509,-0.214,0.8682,-6.31,7.91,-0.05,22.5
91963,0.1501,-0.2161,0.866,-6.37,7.98,-0.09,22.49
91973,0.1466,-0.2124,0.8651,-6.23,7.94,-0.02,22.49
91983,0.1499,-0.2144,0.8685,-6.15,7.89,0.0,22.51
91993,0.153,-0.214,0.8669,-6.12,7.77,-0.08,22.49
92003,0.1501,-0.2122,0.8715,-6.15,7.79,-0.02,22.46
92013,0.1555,-0.2151,0.8706,-6.23,7.71,0.02,22.47
92023,0.1521,-0.2084,0.8694,-6.2,7.77,-0.05,22.5
92033,0.1543,-0.2131,0.8704,-6.27,7.79,-0.11,22.51
92043,0.1536,-0.2142,0.8672,-6.21,7.76,-0.11,22.49
92053,0.1519,-0.2129,0.8749,-6.14,7.76,-0.06,22.48
92063,0.1547,-0.2113,0.8688,-6.09,7.73,-0.12,22.5
92073,0.1509,-0.2114,0.8723,-6.2,7.71,-0.06,22.47
92083,0.1508,-0.2092,0.8707,-6.23,7.8,-0.14,22.49
92093,0.1527,-0.2103,0.8696,-6.29,7.77,-0.12,22.5
92103,0.1516,-0.2102,0.8678,-6.31,7.8,-0.12,22.48
92113,0.1538,-0.2123,0.8629,-6.29,7.8,-0.17,22.46
92123,0.1522,-0.21,0.8658,-6.12,7.74,-0.03,22.51
92133,0.1522,-0.2134,0.8701,-6.17,7.86,-0.08,22.5
92143,0.1519,-0.2124,0.8647,-6.23,7.82,-0.06,22.49
92153,0.1539,-0.2107,0.8677,-6.2,7.73,0.02,22.5
92163,0.1543,-0.213,0.8683,-6.26,7.74,-0.06,22.47
92173,0.1539,-0.212,0.8696,-6.23,7.82,-0.06,22.5
92183,0.1519,-0.2128,0.8656,-6.4,7.83,-0.02,22.49
92193,0.1515,-0.2129,0.8677,-6.27,7.77,-0.03,22.5
92203,0.1525,-0.2163,0.8632,-6.21,7.79,-0.06,22.51
92213,0.1506,-0.2157,0.8744,-6.32,7.83,-0.03,22.49
92223,0.1499,-0.2139,0.8702,-6.34,7.85,-0.03,22.5
92233,0.1525,-0.2145,0.8689,-6.38,7.8,-0.12,22.49
92243,0.1525,-0.2156,0.8679,-6.37,7.85,-0.08,22.49
92253,0.1527,-0.2153,0.8663,-6.35,7.85,-0.08,22.48
92263,0.1515,-0.2136,0.8713,-6.21,7.8,-0.08,22.49
92273,0.1534,-0.2137,0.8702,-6.15,7.79,-0.06,22.49
92283,0.1537,-0.2163,0.8704,-6.27,7.79,-0.02,22.49
92293,0.1511,-0.2172,0.8708,-6.29,7.77,-0.06,22.49
