t_ms,apps1_pct,apps2_pct,pedal_pct,desired_torque_nm,power_kw,speed_mph,glv_voltage_v,inverter_temp_c,motor_temp_c,soc_pct,battery_temp_c,bms_flags_hex,bms_fault_code,imd_warn_alarms_hex,pm100_post_faults_hex,pm100_run_faults_hex,fan_duty_pct,rtd_state
3279,0.0,3.6,0.0,0.0,0.0,0,0.0,0.0,0.0,0,0,0x00,0,0x0000,0x00000000,0x00000000,20,FAULT_BLOCKED
3379,0.0,3.6,0.0,0.0,0.0,0,12.74,0.0,0.0,0,0,0x00,0,0x0200,0x00000000,0x00000000,20,FAULT_BLOCKED
3479,0.0,3.6,0.0,0.0,0.0,0,12.74,17.5,18.4,0,0,0x00,0,0x0200,0x00000000,0x00000000,20,FAULT_BLOCKED
3579,0.0,3.6,0.0,0.0,0.0,0,12.74,17.5,18.6,0,0,0x00,0,0x0200,0x00000000,0x00000000,20,FAULT_BLOCKED
3679,0.0,3.6,0.0,0.0,0.0,0,12.73,17.5,18.6,0,0,0x00,0,0x0200,0x00000000,0x00000000,20,FAULT_BLOCKED
3779,0.0,3.6,0.0,0.0,0.0,0,12.74,17.5,18.6,0,0,0x00,0,0x0200,0x00000000,0x00000000,20,FAULT_BLOCKED
3879,0.0,3.5,0.0,0.0,0.0,0,12.73,17.5,19.1,0,0,0x00,0,0x0200,0x00000000,0x00000000,20,FAULT_BLOCKED
3979,0.0,3.6,0.0,0.0,0.0,0,12.73,17.4,19.0,0,0,0x00,0,0x0200,0x00000000,0x00000000,20,FAULT_BLOCKED
4079,0.0,3.6,0.0,0.0,0.0,0,12.77,17.4,18.6,0,0,0x00,0,0x0200,0x00000000,0x00000000,20,FAULT_BLOCKED
4179,0.0,3.5,0.0,0.0,0.0,0,12.74,17.4,19.1,0,0,0x00,0,0x0200,0x00000000,0x00000000,20,FAULT_BLOCKED
4279,0.0,3.6,0.0,0.0,0.0,0,12.77,17.4,18.3,0,0,0x00,0,0x0200,0x00000000,0x00000000,20,FAULT_BLOCKED
4379,0.0,3.5,0.0,0.0,0.0,0,12.74,17.4,18.3,0,0,0x00,0,0x0200,0x00000000,0x00000000,20,FAULT_BLOCKED
4479,0.0,3.6,0.0,0.0,0.0,0,12.73,17.4,18.4,0,0,0x00,0,0x0200,0x00000000,0x00000000,20,FAULT_BLOCKED
4579,0.0,3.5,0.0,0.0,0.0,0,12.75,17.5,18.7,0,0,0x00,0,0x0200,0x00000000,0x00000000,20,FAULT_BLOCKED
4679,0.0,3.6,0.0,0.0,0.0,0,12.72,17.5,18.7,0,0,0x00,0,0x0200,0x00000000,0x00000000,20,FAULT_BLOCKED
4779,0.0,3.6,0.0,0.0,0.0,0,12.72,17.5,18.3,0,0,0x00,0,0x0000,0x00000000,0x00000000,20,FAULT_BLOCKED
4879,0.0,3.6,0.0,0.0,0.0,0,12.75,17.4,18.3,0,0,0x00,0,0x0000,0x00000000,0x00000000,20,FAULT_BLOCKED
4979,0.0,3.6,0.0,0.0,0.0,0,12.74,17.4,18.6,0,0,0x00,0,0x0000,0x00000000,0x00000000,20,FAULT_BLOCKED
5079,0.0,3.6,0.0,0.0,0.0,0,12.72,17.5,18.6,0,0,0x00,0,0x0000,0x00000000,0x00000000,20,FAULT_BLOCKED
5179,0.0,3.5,0.0,0.0,0.0,0,12.74,17.5,18.4,0,0,0x00,0,0x0000,0x00000000,0x00000000,20,FAULT_BLOCKED
5279,0.0,3.6,0.0,0.0,0.0,0,12.75,17.4,18.4,0,0,0x00,0,0x0000,0x00000000,0x00000000,20,FAULT_BLOCKED
5379,0.0,3.6,0.0,0.0,0.0,0,12.73,17.4,18.4,0,0,0x00,0,0x0000,0x00000000,0x00000000,20,FAULT_BLOCKED
5479,0.0,3.6,0.0,0.0,0.0,0,12.72,17.4,18.6,0,0,0x00,0,0x0000,0x00000000,0x00000000,20,FAULT_BLOCKED
5579,0.0,3.6,0.0,0.0,0.0,0,12.74,17.4,18.4,0,0,0x00,0,0x0000,0x00000000,0x00000000,20,FAULT_BLOCKED
5679,0.0,3.6,0.0,0.0,0.0,0,12.75,17.4,18.6,0,0,0x00,0,0x0000,0x00000000,0x00000000,20,FAULT_BLOCKED
5779,0.0,3.5,0.0,0.0,0.0,0,12.73,17.4,18.7,0,0,0x00,0,0x0000,0x00000000,0x00000000,20,FAULT_BLOCKED
5879,0.0,3.6,0.0,0.0,0.0,0,12.72,17.4,18.7,0,0,0x00,0,0x0000,0x00000000,0x00000000,20,FAULT_BLOCKED
5979,0.0,3.6,0.0,0.0,0.0,0,12.75,17.5,18.7,0,0,0x00,0,0x0000,0x00000000,0x00000000,20,FAULT_BLOCKED
6079,0.0,3.5,0.0,0.0,0.0,0,12.76,17.4,18.8,0,0,0x00,0,0x0000,0x00000000,0x00000000,20,FAULT_BLOCKED
6179,0.0,3.6,0.0,0.0,0.0,0,12.73,17.4,18.6,0,0,0x00,0,0x0000,0x00000000,0x00000000,20,FAULT_BLOCKED
6279,0.0,3.6,0.0,0.0,0.0,0,12.72,17.4,18.3,0,0,0x00,0,0x0000,0x00000000,0x00000000,20,FAULT_BLOCKED
6379,0.0,3.6,0.0,0.0,0.0,0,12.74,17.4,18.6,0,0,0x00,0,0x0000,0x00000000,0x00000000,20,FAULT_BLOCKED
6479,0.0,3.6,0.0,0.0,0.0,0,12.74,17.4,18.6,50,0,0x00,0,0x0000,0x00000000,0x00000000,20,FAULT_BLOCKED
6579,0.0,3.6,0.0,0.0,0.0,0,12.72,17.4,18.2,50,0,0x00,0,0x0000,0x00000000,0x00000000,20,FAULT_BLOCKED
6679,0.0,3.6,0.0,0.0,0.0,0,12.74,17.4,18.4,50,0,0x00,0,0x0000,0x00000000,0x00000000,20,FAULT_BLOCKED
6779,0.0,3.6,0.0,0.0,0.0,0,12.76,17.4,18.7,50,0,0x00,0,0x0000,0x00000000,0x00000000,20,FAULT_BLOCKED
6879,0.0,3.5,0.0,0.0,0.0,0,12.74,17.4,19.1,50,0,0x00,0,0x0000,0x00000000,0x00000000,20,FAULT_BLOCKED
6979,0.0,3.6,0.0,0.0,0.0,0,12.72,17.4,18.8,99,18,0x00,0,0x0000,0x00000000,0x00000000,20,FAULT_BLOCKED
7079,0.0,3.6,0.0,0.0,0.0,0,12.72,17.4,18.7,99,18,0x00,0,0x0000,0x00000000,0x00000000,20,FAULT_BLOCKED
7179,0.0,3.6,0.0,0.0,0.0,0,12.74,17.4,18.7,99,18,0x00,0,0x0000,0x00000000,0x00000000,20,FAULT_BLOCKED
7279,0.0,3.6,0.0,0.0,0.0,0,12.74,17.4,18.4,99,18,0x00,0,0x0000,0x00000000,0x00000000,20,FAULT_BLOCKED
7379,0.0,3.5,0.0,0.0,0.0,0,12.74,17.4,18.7,99,18,0x00,0,0x0000,0x00000000,0x00000000,20,FAULT_BLOCKED
7479,0.0,3.6,0.0,0.0,0.0,0,12.75,17.4,18.6,99,18,0x00,0,0x0000,0x00000000,0x00000000,20,FAULT_BLOCKED
7579,0.0,3.6,0.0,0.0,0.0,0,12.7,17.4,18.7,99,18,0x00,0,0x0000,0x00000000,0x00000000,20,FAULT_BLOCKED
7679,0.0,3.5,0.0,0.0,0.0,0,12.74,17.4,18.4,99,18,0x00,0,0x0000,0x00000000,0x00000000,20,FAULT_BLOCKED
7779,0.0,3.6,0.0,0.0,0.0,0,12.72,17.4,19.0,99,18,0x00,0,0x0000,0x00000000,0x00000000,20,FAULT_BLOCKED
7879,0.0,3.6,0.0,0.0,0.0,0,12.73,17.4,18.4,99,18,0x00,0,0x0000,0x00000000,0x00000000,20,FAULT_BLOCKED
7979,0.0,3.5,0.0,0.0,0.0,0,12.74,17.5,18.6,99,18,0x00,0,0x0000,0x00000000,0x00000000,20,FAULT_BLOCKED
8079,0.0,3.6,0.0,0.0,0.0,0,12.72,17.4,18.6,99,18,0x00,0,0x0000,0x00000000,0x00000000,20,FAULT_BLOCKED
8179,0.0,3.6,0.0,0.0,0.0,0,12.72,17.4,18.6,99,18,0x00,0,0x0000,0x00000000,0x00000000,20,FAULT_BLOCKED
8279,0.0,3.6,0.0,0.0,0.0,0,12.74,17.4,18.7,99,18,0x00,0,0x0000,0x00000000,0x00000000,20,FAULT_BLOCKED
8379,0.0,3.6,0.0,0.0,0.0,0,12.74,17.4,18.6,99,18,0x00,0,0x0000,0x00000000,0x00000000,20,FAULT_BLOCKED
8479,0.0,3.6,0.0,0.0,0.0,0,12.73,17.4,18.6,99,18,0x00,0,0x0000,0x00000000,0x00000000,20,FAULT_BLOCKED
8579,0.0,3.6,0.0,0.0,0.0,0,12.73,17.5,18.7,99,18,0x00,0,0x0000,0x00000000,0x00000000,20,FAULT_BLOCKED
8679,0.0,3.6,0.0,0.0,0.0,0,12.73,17.4,18.7,99,18,0x00,0,0x0000,0x00000000,0x00000000,20,FAULT_BLOCKED
8779,0.0,3.6,0.0,0.0,0.0,0,12.75,17.4,18.7,99,18,0x00,0,0x0000,0x00000000,0x00000000,20,FAULT_BLOCKED
8879,0.0,3.6,0.0,0.0,0.0,0,12.74,17.4,18.8,99,18,0x00,0,0x0000,0x00000000,0x00000000,20,FAULT_BLOCKED
8979,0.0,3.6,0.0,0.0,0.0,0,12.75,17.4,18.8,99,18,0x00,0,0x0000,0x00000000,0x00000000,20,FAULT_BLOCKED
9079,0.0,3.6,0.0,0.0,0.0,0,12.73,17.4,18.6,99,18,0x00,0,0x0000,0x00000000,0x00000000,20,FAULT_BLOCKED
9179,0.0,3.6,0.0,0.0,0.0,0,12.74,17.4,18.6,99,18,0x00,0,0x0000,0x00000000,0x00000000,20,FAULT_BLOCKED
9279,0.0,3.6,0.0,0.0,0.0,0,12.67,17.4,18.3,99,18,0x00,0,0x0000,0x00000000,0x00000000,20,FAULT_BLOCKED
9379,0.0,3.5,0.0,0.0,0.0,0,12.74,17.4,18.7,99,18,0x00,0,0x0000,0x00000000,0x00000000,20,FAULT_BLOCKED
9479,0.0,3.6,0.0,0.0,0.0,0,12.74,17.4,18.8,99,18,0x00,0,0x0000,0x00000000,0x00000000,20,FAULT_BLOCKED
9579,0.0,3.6,0.0,0.0,0.0,0,12.69,17.5,18.6,99,18,0x00,0,0x0000,0x00000000,0x00000000,20,FAULT_BLOCKED
9679,0.0,3.6,0.0,0.0,0.0,0,12.73,17.5,18.7,99,18,0x00,0,0x0000,0x00000000,0x00000000,20,FAULT_BLOCKED
9779,0.0,3.6,0.0,0.0,0.0,0,12.69,17.4,18.4,99,18,0x00,0,0x0000,0x00000000,0x00000000,20,FAULT_BLOCKED
9879,0.0,3.6,0.0,0.0,0.0,0,12.74,17.4,18.7,99,18,0x00,0,0x0000,0x00000000,0x00000000,20,FAULT_BLOCKED
9979,0.0,3.6,0.0,0.0,0.0,0,12.75,17.4,18.7,99,18,0x00,0,0x0000,0x00000000,0x00000000,20,FAULT_BLOCKED
10079,0.0,3.6,0.0,0.0,0.0,0,12.73,17.4,18.4,99,18,0x00,0,0x0000,0x00000000,0x00000000,20,FAULT_BLOCKED
10179,0.0,3.6,0.0,0.0,0.0,0,12.77,17.4,18.4,99,18,0x00,0,0x0000,0x00000000,0x00000000,20,FAULT_BLOCKED
10279,0.0,3.6,0.0,0.0,0.0,0,12.72,17.4,18.4,99,18,0x00,0,0x0000,0x00000000,0x00000000,20,FAULT_BLOCKED
10379,0.0,3.6,0.0,0.0,0.0,0,12.76,17.4,18.4,99,18,0x00,0,0x0000,0x00000000,0x00000000,20,FAULT_BLOCKED
10479,0.0,3.6,0.0,0.0,0.0,0,12.72,17.5,18.7,99,18,0x00,0,0x0000,0x00000000,0x00000000,20,FAULT_BLOCKED
10579,0.0,3.6,0.0,0.0,0.0,0,12.72,17.4,18.6,99,18,0x00,0,0x0000,0x00000000,0x00000000,20,FAULT_BLOCKED
10679,0.0,3.5,0.0,0.0,0.0,0,12.72,17.4,18.4,99,18,0x00,0,0x0000,0x00000000,0x00000000,20,FAULT_BLOCKED
10779,0.0,3.6,0.0,0.0,0.0,0,12.75,17.4,18.4,99,18,0x00,0,0x0000,0x00000000,0x00000000,20,FAULT_BLOCKED
10879,0.0,3.6,0.0,0.0,0.0,0,12.74,17.4,19.0,99,18,0x00,0,0x0000,0x00000000,0x00000000,20,FAULT_BLOCKED
10979,0.0,3.6,0.0,0.0,0.0,0,12.75,17.4,19.0,99,18,0x00,0,0x0000,0x00000000,0x00000000,20,FAULT_BLOCKED
11079,0.0,3.6,0.0,0.0,0.0,0,12.73,17.4,19.1,99,18,0x00,0,0x0000,0x00000000,0x00000000,20,FAULT_BLOCKED
11179,0.0,3.6,0.0,0.0,0.0,0,12.75,17.4,18.6,99,18,0x00,0,0x0000,0x00000000,0x00000000,20,FAULT_BLOCKED
11279,0.0,3.6,0.0,0.0,0.0,0,12.72,17.4,18.6,99,18,0x00,0,0x0000,0x00000000,0x00000000,20,FAULT_BLOCKED
11379,0.0,3.6,0.0,0.0,0.0,0,12.76,17.4,19.2,99,18,0x00,0,0x0000,0x00000000,0x00000000,20,FAULT_BLOCKED
11479,0.0,3.5,0.0,0.0,0.0,0,12.73,17.4,18.3,99,18,0x00,0,0x0000,0x00000000,0x00000000,20,FAULT_BLOCKED
11579,0.0,3.6,0.0,0.0,0.0,0,12.73,17.4,18.7,99,18,0x00,0,0x0000,0x00000000,0x00000000,20,FAULT_BLOCKED
11679,0.0,3.6,0.0,0.0,0.0,0,12.77,17.4,18.3,99,18,0x00,0,0x0000,0x00000000,0x00000000,20,FAULT_BLOCKED
11779,0.0,3.6,0.0,0.0,0.0,0,12.77,17.4,18.8,99,18,0x00,0,0x0000,0x00000000,0x00000000,20,FAULT_BLOCKED
11879,0.0,3.6,0.0,0.0,0.0,0,12.7,17.4,18.7,99,18,0x00,0,0x0000,0x00000000,0x00000000,20,FAULT_BLOCKED
11979,0.0,3.6,0.0,0.0,0.0,0,12.72,17.4,18.3,99,18,0x00,0,0x0000,0x00000000,0x00000000,20,FAULT_BLOCKED
12079,0.0,3.6,0.0,0.0,0.0,0,12.7,17.4,18.8,99,18,0x00,0,0x0000,0x00000000,0x00000000,20,FAULT_BLOCKED
12179,0.0,3.6,0.0,0.0,0.0,0,12.73,17.4,19.0,99,18,0x00,0,0x0000,0x00000000,0x00000000,20,FAULT_BLOCKED
12279,0.0,3.6,0.0,0.0,0.0,0,12.72,17.4,18.4,99,18,0x00,0,0x0000,0x00000000,0x00000000,20,FAULT_BLOCKED
12379,0.0,3.6,0.0,0.0,0.0,0,12.75,17.4,18.4,99,18,0x00,0,0x0000,0x00000000,0x00000000,20,FAULT_BLOCKED
12479,0.0,3.6,0.0,0.0,0.0,0,12.74,17.4,18.3,99,18,0x00,0,0x0000,0x00000000,0x00000000,20,FAULT_BLOCKED
12579,0.0,3.6,0.0,0.0,0.0,0,12.73,17.4,18.8,99,18,0x00,0,0x0000,0x00000000,0x00000000,20,FAULT_BLOCKED
12679,0.0,3.5,0.0,0.0,0.0,0,12.74,17.4,18.7,99,18,0x00,0,0x0000,0x00000000,0x00000000,20,FAULT_BLOCKED
12779,0.0,3.6,0.0,0.0,0.0,0,12.74,17.4,18.6,99,18,0x00,0,0x0000,0x00000000,0x00000000,20,FAULT_BLOCKED
12879,0.0,3.6,0.0,0.0,0.0,0,12.72,17.5,18.8,99,18,0x00,0,0x0000,0x00000000,0x00000000,20,FAULT_BLOCKED
12979,0.0,3.6,0.0,0.0,0.0,0,12.73,17.4,18.8,99,18,0x00,0,0x0000,0x00000000,0x00000000,20,FAULT_BLOCKED
13079,0.0,3.6,0.0,0.0,0.0,0,12.74,17.4,18.8,99,18,0x00,0,0x0000,0x00000000,0x00000000,20,FAULT_BLOCKED
13180,0.0,3.6,0.0,0.0,0.0,0,12.74,17.4,18.7,99,18,0x00,0,0x0000,0x00000000,0x00000000,20,FAULT_BLOCKED
13280,0.0,3.6,0.0,0.0,0.0,0,12.73,17.4,18.8,99,18,0x00,0,0x0000,0x00000000,0x00000000,20,FAULT_BLOCKED
13381,0.0,3.6,0.0,0.0,0.0,0,12.74,17.4,19.0,99,18,0x00,0,0x0000,0x00000000,0x00000000,20,FAULT_BLOCKED
13481,0.0,3.6,0.0,0.0,0.0,0,12.72,17.4,18.8,99,18,0x00,0,0x0000,0x00000000,0x00000000,20,FAULT_BLOCKED
13581,0.0,3.6,0.0,0.0,0.0,0,12.7,17.4,18.8,99,18,0x00,0,0x0000,0x00000000,0x00000000,20,FAULT_BLOCKED
13681,0.0,3.6,0.0,0.0,0.0,0,12.72,17.4,18.7,99,18,0x00,0,0x0000,0x00000000,0x00000000,20,FAULT_BLOCKED
13781,0.0,3.6,0.0,0.0,0.0,0,12.72,17.4,18.7,99,18,0x00,0,0x0000,0x00000000,0x00000000,20,FAULT_BLOCKED
13881,0.0,3.6,0.0,0.0,0.0,0,12.72,17.4,18.7,99,18,0x00,0,0x0000,0x00000000,0x00000000,20,FAULT_BLOCKED
13981,0.0,3.5,0.0,0.0,0.0,0,12.75,17.4,18.7,99,18,0x00,0,0x0000,0x00000000,0x00000000,20,FAULT_BLOCKED
14081,0.0,3.5,0.0,0.0,0.0,0,12.73,17.4,18.8,99,18,0x00,0,0x0000,0x00000000,0x00000000,20,FAULT_BLOCKED
14181,0.0,3.5,0.0,0.0,0.0,0,12.73,17.4,18.8,99,18,0x00,0,0x0000,0x00000000,0x00000000,20,FAULT_BLOCKED
14282,0.0,3.5,0.0,0.0,0.0,0,12.72,17.4,18.8,99,18,0x00,0,0x0000,0x00000000,0x00000000,20,FAULT_BLOCKED
14382,0.0,3.5,0.0,0.0,0.0,0,12.77,17.4,18.7,99,18,0x00,0,0x0000,0x00000000,0x00000000,20,FAULT_BLOCKED
14482,0.0,3.5,0.0,0.0,0.0,0,12.7,17.4,18.6,99,18,0x00,0,0x0000,0x00000000,0x00000000,20,FAULT_BLOCKED
14582,0.0,3.5,0.0,0.0,0.0,0,12.73,17.4,18.8,99,18,0x00,0,0x0000,0x00000000,0x00000000,20,FAULT_BLOCKED
14682,0.0,3.5,0.0,0.0,0.0,0,12.7,17.4,18.4,99,18,0x00,0,0x0000,0x00000000,0x00000000,20,FAULT_BLOCKED
14782,0.0,3.5,0.0,0.0,0.0,0,12.72,17.4,18.7,99,18,0x00,0,0x0000,0x00000000,0x00000000,20,FAULT_BLOCKED
14882,0.0,3.5,0.0,0.0,0.0,0,12.74,17.4,18.8,99,18,0x00,0,0x0000,0x00000000,0x00000000,20,FAULT_BLOCKED
14982,0.0,3.5,0.0,0.0,0.0,0,12.72,17.4,18.6,99,18,0x00,0,0x0000,0x00000000,0x00000000,20,FAULT_BLOCKED
15082,0.0,3.5,0.0,0.0,0.0,0,12.74,17.4,19.0,99,18,0x00,0,0x0000,0x00000000,0x00000000,20,FAULT_BLOCKED
15182,0.0,3.5,0.0,0.0,0.0,0,12.74,17.4,18.4,99,18,0x00,0,0x0000,0x00000000,0x00000000,20,FAULT_BLOCKED
15282,0.0,3.5,0.0,0.0,0.0,0,12.72,17.4,18.4,99,18,0x00,0,0x0000,0x00000000,0x00000000,20,FAULT_BLOCKED
15382,0.0,3.5,0.0,0.0,0.0,0,12.73,17.4,18.6,99,18,0x00,0,0x0000,0x00000000,0x00000000,20,FAULT_BLOCKED
15482,0.0,3.5,0.0,0.0,0.0,0,12.72,17.4,18.7,99,18,0x00,0,0x0000,0x00000000,0x00000000,20,FAULT_BLOCKED
15582,0.0,3.5,0.0,0.0,0.0,0,12.7,17.4,18.7,99,18,0x00,0,0x0000,0x00000000,0x00000000,20,FAULT_BLOCKED
15682,0.0,3.5,0.0,0.0,0.0,0,12.73,17.5,18.6,99,18,0x00,0,0x0000,0x00000000,0x00000000,20,FAULT_BLOCKED
15782,0.0,3.5,0.0,0.0,0.0,0,12.72,17.4,18.4,99,18,0x00,0,0x0000,0x00000000,0x00000000,20,FAULT_BLOCKED
15882,0.0,3.5,0.0,0.0,0.0,0,12.75,17.4,18.7,99,18,0x00,0,0x0000,0x00000000,0x00000000,20,FAULT_BLOCKED
15982,0.0,3.5,0.0,0.0,0.0,0,12.73,17.4,18.7,99,18,0x00,0,0x0000,0x00000000,0x00000000,20,FAULT_BLOCKED
16082,0.0,3.5,0.0,0.0,0.0,0,12.72,17.4,18.4,99,18,0x00,0,0x0000,0x00000000,0x00000000,20,FAULT_BLOCKED
16182,0.0,3.5,0.0,0.0,0.0,0,12.7,17.4,18.2,99,18,0x00,0,0x0000,0x00000000,0x00000000,20,FAULT_BLOCKED
16323,0.0,3.5,0.0,0.0,0.0,0,12.72,17.4,18.6,99,18,0x00,0,0x0000,0x00000000,0x00000000,20,FAULT_BLOCKED
16423,0.0,3.5,0.0,0.0,0.0,0,12.7,17.4,18.6,99,18,0x00,0,0x0000,0x00000000,0x00000000,20,FAULT_BLOCKED
16523,0.0,3.5,0.0,0.0,0.0,0,12.7,17.4,19.0,99,18,0x00,0,0x0000,0x00000000,0x00000000,20,FAULT_BLOCKED
16623,0.0,3.5,0.0,0.0,0.0,0,12.74,17.4,18.8,99,18,0x00,0,0x0000,0x00000000,0x00000000,20,FAULT_BLOCKED
16723,0.0,3.5,0.0,0.0,0.0,0,12.72,17.4,18.4,99,18,0x00,0,0x0000,0x00000000,0x00000000,20,FAULT_BLOCKED
16823,0.0,3.5,0.0,0.0,0.0,0,12.72,17.4,18.7,99,18,0x00,0,0x0000,0x00000000,0x00000000,20,FAULT_BLOCKED
16923,0.0,3.5,0.0,0.0,0.0,0,12.63,17.4,18.8,99,18,0x00,0,0x0000,0x00000000,0x00000000,20,FAULT_BLOCKED
17023,0.0,3.5,0.0,0.0,0.0,0,12.7,17.4,18.6,99,18,0x00,0,0x0000,0x00000000,0x00000000,20,FAULT_BLOCKED
17123,0.0,3.5,0.0,0.0,0.0,0,12.7,17.4,18.6,99,18,0x00,0,0x0000,0x00000000,0x00000000,20,FAULT_BLOCKED
17223,0.0,3.5,0.0,0.0,0.0,0,12.72,17.4,19.0,99,18,0x00,0,0x0000,0x00000000,0x00000000,20,FAULT_BLOCKED
17323,0.0,3.5,0.0,0.0,0.0,0,12.75,17.4,18.6,99,18,0x00,0,0x0000,0x00000000,0x00000000,20,FAULT_BLOCKED
17423,0.0,3.5,0.0,0.0,0.0,0,12.72,17.4,18.7,99,18,0x00,0,0x0000,0x00000000,0x00000000,20,FAULT_BLOCKED
17523,0.0,3.5,0.0,0.0,0.0,0,12.7,17.4,18.7,99,18,0x00,0,0x0000,0x00000000,0x00000000,20,FAULT_BLOCKED
17623,0.0,3.5,0.0,0.0,0.0,0,12.7,17.4,18.6,99,18,0x00,0,0x0000,0x00000000,0x00000000,20,FAULT_BLOCKED
17723,0.0,3.5,0.0,0.0,0.0,0,12.74,17.4,19.0,99,18,0x00,0,0x0000,0x00000000,0x00000000,20,FAULT_BLOCKED
17823,0.0,3.5,0.0,0.0,0.0,0,12.72,17.4,19.2,99,18,0x00,0,0x0000,0x00000000,0x00000000,20,FAULT_BLOCKED
17923,0.0,3.5,0.0,0.0,0.0,0,12.72,17.4,18.4,99,18,0x00,0,0x0000,0x00000000,0x00000000,20,FAULT_BLOCKED
18023,0.0,3.5,0.0,0.0,0.0,0,12.67,17.4,18.6,99,18,0x00,0,0x0000,0x00000000,0x00000000,20,FAULT_BLOCKED
18123,0.0,3.5,0.0,0.0,0.0,0,12.72,17.4,18.6,99,18,0x00,0,0x0000,0x00000000,0x00000000,20,FAULT_BLOCKED
18223,0.0,3.5,0.0,0.0,0.0,0,12.7,17.4,18.6,99,18,0x00,0,0x0000,0x00000000,0x00000000,20,FAULT_BLOCKED
18323,0.0,3.5,0.0,0.0,0.0,0,12.7,17.4,19.0,99,18,0x00,0,0x0000,0x00000000,0x00000000,20,FAULT_BLOCKED
18423,0.0,3.5,0.0,0.0,0.0,0,12.7,17.4,18.8,99,18,0x00,0,0x0000,0x00000000,0x00000000,20,FAULT_BLOCKED
18523,0.0,3.5,0.0,0.0,0.0,0,12.69,17.4,18.7,99,18,0x00,0,0x0000,0x00000000,0x00000000,20,FAULT_BLOCKED
18623,0.0,3.6,0.0,0.0,0.0,0,12.68,17.4,18.6,99,18,0x00,0,0x0000,0x00000000,0x00000000,20,FAULT_BLOCKED
18723,0.0,3.5,0.0,0.0,0.0,0,12.72,17.4,18.8,99,18,0x00,0,0x0000,0x00000000,0x00000000,20,FAULT_BLOCKED
18823,0.0,3.5,0.0,0.0,0.0,0,12.7,17.4,18.4,99,18,0x00,0,0x0000,0x00000000,0x00000000,20,FAULT_BLOCKED
18923,0.0,3.5,0.0,0.0,0.0,0,12.72,17.5,18.7,99,18,0x00,0,0x0000,0x00000000,0x00000000,20,FAULT_BLOCKED
19023,0.0,3.5,0.0,0.0,0.0,0,12.73,17.5,18.8,99,18,0x00,0,0x0000,0x00000000,0x00000000,20,FAULT_BLOCKED
19123,0.0,3.5,0.0,0.0,0.0,0,12.69,17.5,18.6,99,18,0x00,0,0x0000,0x00000000,0x00000000,20,FAULT_BLOCKED
19223,0.0,3.5,0.0,0.0,0.0,0,12.72,17.5,18.8,99,18,0x00,0,0x0000,0x00000000,0x00000000,20,FAULT_BLOCKED
19323,0.0,3.5,0.0,0.0,0.0,0,12.72,17.4,18.8,99,18,0x00,0,0x0000,0x00000000,0x00000000,20,FAULT_BLOCKED
19423,0.0,3.5,0.0,0.0,0.0,0,12.7,17.4,18.4,99,18,0x00,0,0x0000,0x00000000,0x00000000,20,FAULT_BLOCKED
19523,0.0,3.5,0.0,0.0,0.0,0,12.72,17.4,18.6,99,18,0x00,0,0x0000,0x00000000,0x00000000,20,FAULT_BLOCKED
19623,0.0,3.5,0.0,0.0,0.0,0,12.73,17.4,19.1,99,18,0x00,0,0x0000,0x00000000,0x00000000,20,FAULT_BLOCKED
19723,0.0,3.5,0.0,0.0,0.0,0,12.7,17.4,18.6,99,18,0x00,0,0x0000,0x00000000,0x00000000,20,FAULT_BLOCKED
19823,0.0,3.5,0.0,0.0,0.0,0,12.72,17.4,18.6,99,18,0x00,0,0x0000,0x00000000,0x00000000,20,FAULT_BLOCKED
19923,0.0,3.5,0.0,0.0,0.0,0,12.74,17.4,18.8,99,18,0x00,0,0x0000,0x00000000,0x00000000,20,FAULT_BLOCKED
20023,0.0,3.5,0.0,0.0,0.0,0,12.72,17.4,18.7,99,18,0x00,0,0x0000,0x00000000,0x00000000,20,FAULT_BLOCKED
20123,0.0,3.5,0.0,0.0,0.0,0,12.72,17.4,19.1,99,18,0x00,0,0x0000,0x00000000,0x00000000,20,FAULT_BLOCKED
20223,0.0,3.5,0.0,0.0,0.0,0,12.72,17.4,18.4,99,18,0x00,0,0x0000,0x00000000,0x00000000,20,FAULT_BLOCKED
20323,0.0,3.5,0.0,0.0,0.0,0,12.72,17.4,18.8,99,18,0x00,0,0x0000,0x00000000,0x00000000,20,FAULT_BLOCKED
20423,0.0,3.5,0.0,0.0,0.0,0,12.74,17.4,19.1,99,18,0x00,0,0x0000,0x00000000,0x00000000,20,FAULT_BLOCKED
20523,0.0,3.5,0.0,0.0,0.0,0,12.73,17.4,18.7,99,18,0x00,0,0x0000,0x00000000,0x00000000,20,FAULT_BLOCKED
20623,0.0,3.5,0.0,0.0,0.0,0,12.72,17.4,18.8,99,18,0x00,0,0x0000,0x00000000,0x00000000,20,FAULT_BLOCKED
20723,0.0,3.5,0.0,0.0,0.0,0,12.72,17.4,18.4,99,18,0x00,0,0x0000,0x00000000,0x00000000,20,FAULT_BLOCKED
20823,0.0,3.5,0.0,0.0,0.0,0,12.74,17.4,18.8,99,18,0x00,0,0x0000,0x00000000,0x00000000,20,FAULT_BLOCKED
20923,0.0,3.6,0.0,0.0,0.0,0,12.72,17.4,18.7,99,18,0x00,0,0x0000,0x00000000,0x00000000,20,FAULT_BLOCKED
21023,0.0,3.5,0.0,0.0,0.0,0,12.74,17.4,18.7,99,18,0x00,0,0x0000,0x00000000,0x00000000,20,FAULT_BLOCKED
21123,0.0,3.5,0.0,0.0,0.0,0,12.74,17.4,18.7,99,18,0x00,0,0x0000,0x00000000,0x00000000,20,FAULT_BLOCKED
21223,0.0,3.5,0.0,0.0,0.0,0,12.7,17.4,18.7,99,18,0x00,0,0x0000,0x00000000,0x00000000,20,FAULT_BLOCKED
21323,0.0,3.5,0.0,0.0,0.0,0,12.73,17.4,18.6,99,18,0x00,0,0x0000,0x00000000,0x00000000,20,FAULT_BLOCKED
21423,0.0,3.5,0.0,0.0,0.0,0,12.74,17.4,18.7,99,18,0x00,0,0x0000,0x00000000,0x00000000,20,FAULT_BLOCKED
21523,0.0,3.5,0.0,0.0,0.0,0,12.74,17.4,18.7,99,18,0x00,0,0x0000,0x00000000,0x00000000,20,FAULT_BLOCKED
21624,0.0,3.5,0.0,0.0,0.0,0,12.72,17.4,18.7,99,18,0x00,0,0x0000,0x00000000,0x00000000,20,FAULT_BLOCKED
21724,0.0,3.5,0.0,0.0,0.0,0,12.72,17.4,18.7,99,18,0x00,0,0x0000,0x00000000,0x00000000,20,FAULT_BLOCKED
21824,0.0,3.5,0.0,0.0,0.0,0,12.75,17.4,19.1,99,18,0x00,0,0x0000,0x00000000,0x00000000,20,FAULT_BLOCKED
21924,0.0,3.5,0.0,0.0,0.0,0,12.73,17.4,19.0,99,18,0x00,0,0x0000,0x00000000,0x00000000,20,FAULT_BLOCKED
22024,0.0,3.5,0.0,0.0,0.0,0,12.75,17.4,18.7,99,18,0x00,0,0x0000,0x00000000,0x00000000,20,FAULT_BLOCKED
22124,0.0,3.5,0.0,0.0,0.0,0,12.72,17.4,18.7,99,18,0x00,0,0x0000,0x00000000,0x00000000,20,FAULT_BLOCKED
22224,0.0,3.5,0.0,0.0,0.0,0,12.72,17.4,18.6,99,18,0x00,0,0x0000,0x00000000,0x00000000,20,FAULT_BLOCKED
22324,0.0,3.5,0.0,0.0,0.0,0,12.7,17.4,18.8,99,18,0x00,0,0x0000,0x00000000,0x00000000,20,FAULT_BLOCKED
22424,0.0,3.5,0.0,0.0,0.0,0,12.74,17.4,18.8,99,18,0x00,0,0x0000,0x00000000,0x00000000,20,FAULT_BLOCKED
22524,0.0,3.5,0.0,0.0,0.0,0,12.74,17.4,18.8,99,18,0x00,0,0x0000,0x00000000,0x00000000,20,FAULT_BLOCKED
22624,0.0,3.5,0.0,0.0,0.0,0,12.74,17.4,18.8,99,18,0x00,0,0x0000,0x00000000,0x00000000,20,FAULT_BLOCKED
22724,0.0,3.5,0.0,0.0,0.0,0,12.73,17.4,18.6,99,18,0x00,0,0x0000,0x00000000,0x00000000,20,FAULT_BLOCKED
22824,0.0,3.5,0.0,0.0,0.0,0,12.73,17.4,18.8,99,18,0x00,0,0x0000,0x00000000,0x00000000,20,FAULT_BLOCKED
22924,0.0,3.6,0.0,0.0,0.0,0,12.7,17.4,18.4,99,18,0x00,0,0x0000,0x00000000,0x00000000,20,FAULT_BLOCKED
23024,0.0,3.5,0.0,0.0,0.0,0,12.74,17.4,18.4,99,18,0x00,0,0x0000,0x00000000,0x00000000,20,FAULT_BLOCKED
23124,0.0,3.6,0.0,0.0,0.0,0,12.69,17.4,18.4,99,18,0x00,0,0x0000,0x00000000,0x00000000,20,FAULT_BLOCKED
23224,0.0,3.5,0.0,0.0,0.0,0,12.69,17.4,18.8,99,18,0x00,0,0x0000,0x00000000,0x00000000,20,FAULT_BLOCKED
23324,0.0,3.5,0.0,0.0,0.0,0,12.73,17.4,18.7,99,18,0x00,0,0x0000,0x00000000,0x00000000,20,FAULT_BLOCKED
23424,0.0,3.5,0.0,0.0,0.0,0,12.74,17.4,18.7,99,18,0x00,0,0x0000,0x00000000,0x00000000,20,FAULT_BLOCKED
23524,0.0,3.5,0.0,0.0,0.0,0,12.74,17.4,18.6,99,18,0x00,0,0x0000,0x00000000,0x00000000,20,FAULT_BLOCKED
23624,0.0,3.5,0.0,0.0,0.0,0,12.7,17.4,19.0,99,18,0x00,0,0x0000,0x00000000,0x00000000,20,FAULT_BLOCKED
23724,0.0,3.5,0.0,0.0,0.0,0,12.72,17.4,18.8,99,18,0x00,0,0x0000,0x00000000,0x00000000,20,FAULT_BLOCKED
23824,0.0,3.5,0.0,0.0,0.0,0,12.7,17.4,18.4,99,18,0x00,0,0x0000,0x00000000,0x00000000,20,FAULT_BLOCKED
23924,0.0,3.6,0.0,0.0,0.0,0,12.72,17.4,19.0,99,18,0x00,0,0x0000,0x00000000,0x00000000,20,FAULT_BLOCKED
24024,0.0,3.5,0.0,0.0,0.0,0,12.76,17.4,19.0,99,18,0x00,0,0x0000,0x00000000,0x00000000,20,FAULT_BLOCKED
24124,0.0,3.5,0.0,0.0,0.0,0,12.72,17.4,19.0,99,18,0x00,0,0x0000,0x00000000,0x00000000,20,FAULT_BLOCKED
24224,0.0,3.5,0.0,0.0,0.0,0,12.72,17.4,18.8,99,18,0x00,0,0x0000,0x00000000,0x00000000,20,FAULT_BLOCKED
24324,0.0,3.5,0.0,0.0,0.0,0,12.74,17.4,18.6,99,18,0x00,0,0x0000,0x00000000,0x00000000,20,FAULT_BLOCKED
24424,0.0,3.5,0.0,0.0,0.0,0,12.72,17.4,18.4,99,18,0x00,0,0x0000,0x00000000,0x00000000,20,FAULT_BLOCKED
24524,0.0,3.5,0.0,0.0,0.0,0,12.72,17.4,18.7,99,18,0x00,0,0x0000,0x00000000,0x00000000,20,FAULT_BLOCKED
24624,0.0,3.5,0.0,0.0,0.0,0,12.7,17.4,18.4,99,18,0x00,0,0x0000,0x00000000,0x00000000,20,FAULT_BLOCKED
24724,0.0,3.5,0.0,0.0,0.0,0,12.7,17.4,18.6,99,18,0x00,0,0x0000,0x00000000,0x00000000,20,FAULT_BLOCKED
24824,0.0,3.5,0.0,0.0,0.0,0,12.69,17.4,18.7,99,18,0x00,0,0x0000,0x00000000,0x00000000,20,FAULT_BLOCKED
24924,0.0,3.5,0.0,0.0,0.0,0,12.7,17.4,18.8,99,18,0x00,0,0x0000,0x00000000,0x00000000,20,FAULT_BLOCKED
25024,0.0,3.5,0.0,0.0,0.0,0,12.72,17.4,18.7,99,18,0x00,0,0x0000,0x00000000,0x00000000,20,FAULT_BLOCKED
25124,0.0,3.5,0.0,0.0,0.0,0,12.75,17.4,18.6,99,18,0x00,0,0x0000,0x00000000,0x00000000,20,FAULT_BLOCKED
25224,0.0,3.5,0.0,0.0,0.0,0,12.74,17.4,18.6,99,18,0x00,0,0x0000,0x00000000,0x00000000,20,FAULT_BLOCKED
25324,0.0,3.5,0.0,0.0,0.0,0,12.74,17.4,18.6,99,18,0x00,0,0x0000,0x00000000,0x00000000,20,FAULT_BLOCKED
25424,0.0,3.5,0.0,0.0,0.0,0,12.67,17.4,18.7,99,18,0x00,0,0x0000,0x00000000,0x00000000,20,FAULT_BLOCKED
25524,0.0,3.5,0.0,0.0,0.0,0,12.74,17.4,18.6,99,18,0x00,0,0x0000,0x00000000,0x00000000,20,FAULT_BLOCKED
25624,0.0,3.6,0.0,0.0,0.0,0,12.73,17.4,18.6,99,18,0x00,0,0x0000,0x00000000,0x00000000,20,FAULT_BLOCKED
25724,0.0,3.5,0.0,0.0,0.0,0,12.73,17.4,18.8,99,18,0x00,0,0x0000,0x00000000,0x00000000,20,FAULT_BLOCKED
25824,0.0,3.5,0.0,0.0,0.0,0,12.73,17.4,18.7,99,18,0x00,0,0x0000,0x00000000,0x00000000,20,FAULT_BLOCKED
25924,0.0,3.5,0.0,0.0,0.0,0,12.72,17.4,18.6,99,18,0x00,0,0x0000,0x00000000,0x00000000,20,FAULT_BLOCKED
26024,0.0,3.6,0.0,0.0,0.0,0,12.72,17.4,18.3,99,18,0x00,0,0x0000,0x00000000,0x00000000,20,FAULT_BLOCKED
26125,0.0,3.6,0.0,0.0,0.0,0,12.72,17.4,19.1,99,18,0x00,0,0x0000,0x00000000,0x00000000,20,FAULT_BLOCKED
26225,0.0,3.5,0.0,0.0,0.0,0,12.72,17.4,19.0,99,18,0x00,0,0x0000,0x00000000,0x00000000,20,FAULT_BLOCKED
26325,0.1,3.5,0.0,0.0,0.0,0,12.74,17.4,19.1,99,18,0x00,0,0x0000,0x00000000,0x00000000,20,FAULT_BLOCKED
26425,0.0,3.5,0.0,0.0,0.0,0,12.72,17.4,18.8,99,18,0x00,0,0x0000,0x00000000,0x00000000,20,FAULT_BLOCKED
26525,0.0,3.5,0.0,0.0,0.0,0,12.72,17.4,18.6,99,18,0x00,0,0x0000,0x00000000,0x00000000,20,FAULT_BLOCKED
26625,0.0,3.5,0.0,0.0,0.0,0,12.78,17.4,18.6,99,18,0x00,0,0x0000,0x00000000,0x00000000,20,FAULT_BLOCKED
26725,0.0,3.5,0.0,0.0,0.0,0,12.7,17.5,18.4,99,18,0x00,0,0x0000,0x00000000,0x00000000,20,FAULT_BLOCKED
26825,0.0,3.5,0.0,0.0,0.0,0,12.74,17.5,18.7,99,18,0x00,0,0x0000,0x00000000,0x00000000,20,FAULT_BLOCKED
26925,0.0,3.5,0.0,0.0,0.0,0,12.73,17.5,18.7,99,18,0x00,0,0x0000,0x00000000,0x00000000,20,FAULT_BLOCKED
27025,0.0,3.5,0.0,0.0,0.0,0,12.74,17.5,18.7,99,18,0x00,0,0x0000,0x00000000,0x00000000,20,FAULT_BLOCKED
27125,0.0,3.5,0.0,0.0,0.0,0,12.7,17.4,19.1,99,18,0x00,0,0x0000,0x00000000,0x00000000,20,FAULT_BLOCKED
27225,0.0,3.5,0.0,0.0,0.0,0,12.7,17.4,19.1,99,18,0x00,0,0x0000,0x00000000,0x00000000,20,FAULT_BLOCKED
27325,0.0,3.5,0.0,0.0,0.0,0,12.74,17.4,18.8,99,18,0x00,0,0x0000,0x00000000,0x00000000,20,FAULT_BLOCKED
27425,0.0,3.5,0.0,0.0,0.0,0,12.7,17.4,18.6,99,18,0x00,0,0x0000,0x00000000,0x00000000,20,FAULT_BLOCKED
27525,0.0,3.5,0.0,0.0,0.0,0,12.72,17.4,19.0,99,18,0x00,0,0x0000,0x00000000,0x00000000,20,FAULT_BLOCKED
27625,0.0,3.5,0.0,0.0,0.0,0,12.73,17.4,18.8,99,18,0x00,0,0x0000,0x00000000,0x00000000,20,FAULT_BLOCKED
27725,0.0,3.5,0.0,0.0,0.0,0,12.72,17.4,18.7,99,18,0x00,0,0x0000,0x00000000,0x00000000,20,FAULT_BLOCKED
27825,0.0,3.5,0.0,0.0,0.0,0,12.72,17.4,18.6,99,18,0x00,0,0x0000,0x00000000,0x00000000,20,FAULT_BLOCKED
27925,0.0,3.5,0.0,0.0,0.0,0,12.74,17.4,19.0,99,18,0x00,0,0x0000,0x00000000,0x00000000,20,FAULT_BLOCKED
28025,0.0,3.5,0.0,0.0,0.0,0,12.74,17.4,19.1,99,18,0x00,0,0x0000,0x00000000,0x00000000,20,FAULT_BLOCKED
28125,0.0,3.5,0.0,0.0,0.0,0,12.73,17.4,18.6,99,18,0x00,0,0x0000,0x00000000,0x00000000,20,FAULT_BLOCKED
28225,0.0,3.5,0.0,0.0,0.0,0,12.73,17.4,18.8,99,18,0x00,0,0x0000,0x00000000,0x00000000,20,FAULT_BLOCKED
28325,0.0,3.5,0.0,0.0,0.0,0,12.73,17.4,18.4,99,18,0x00,0,0x0000,0x00000000,0x00000000,20,FAULT_BLOCKED
28425,0.0,3.5,0.0,0.0,0.0,0,12.7,17.4,18.4,99,18,0x00,0,0x0000,0x00000000,0x00000000,20,FAULT_BLOCKED
28525,0.0,3.6,0.0,0.0,0.0,0,12.7,17.4,19.0,99,18,0x00,0,0x0000,0x00000000,0x00000000,20,FAULT_BLOCKED
28625,0.0,3.5,0.0,0.0,0.0,0,12.64,17.4,18.4,99,18,0x00,0,0x0000,0x00000000,0x00000000,20,FAULT_BLOCKED
28725,0.0,3.5,0.0,0.0,0.0,0,12.7,17.4,18.7,99,18,0x00,0,0x0000,0x00000000,0x00000000,20,FAULT_BLOCKED
28825,0.0,3.5,0.0,0.0,0.0,0,12.74,17.4,19.1,99,18,0x00,0,0x0000,0x00000000,0x00000000,20,FAULT_BLOCKED
28925,0.0,3.5,0.0,0.0,0.0,0,12.7,17.4,18.7,99,18,0x00,0,0x0000,0x00000000,0x00000000,20,FAULT_BLOCKED
29025,0.0,3.5,0.0,0.0,0.0,0,12.72,17.4,18.7,99,18,0x00,0,0x0000,0x00000000,0x00000000,20,FAULT_BLOCKED
29125,0.0,3.5,0.0,0.0,0.0,0,12.67,17.4,18.8,99,18,0x00,0,0x0000,0x00000000,0x00000000,20,FAULT_BLOCKED
29225,0.0,3.6,0.0,0.0,0.0,0,12.7,17.4,18.6,99,18,0x00,0,0x0000,0x00000000,0x00000000,20,FAULT_BLOCKED
29325,0.0,3.5,0.0,0.0,0.0,0,12.7,17.4,18.6,99,18,0x00,0,0x0000,0x00000000,0x00000000,20,FAULT_BLOCKED
29425,0.0,3.5,0.0,0.0,0.0,0,12.73,17.4,19.1,99,18,0x00,0,0x0000,0x00000000,0x00000000,20,FAULT_BLOCKED
29525,0.0,3.5,0.0,0.0,0.0,0,12.7,17.4,19.0,99,18,0x00,0,0x0000,0x00000000,0x00000000,20,FAULT_BLOCKED
29625,0.0,3.6,0.0,0.0,0.0,0,12.7,17.4,18.4,99,18,0x00,0,0x0000,0x00000000,0x00000000,20,FAULT_BLOCKED
29725,0.0,3.5,0.0,0.0,0.0,0,12.74,17.4,18.8,99,18,0x00,0,0x0000,0x00000000,0x00000000,20,FAULT_BLOCKED
29825,0.0,3.5,0.0,0.0,0.0,0,12.72,17.4,19.0,99,18,0x00,0,0x0000,0x00000000,0x00000000,20,FAULT_BLOCKED
29925,0.0,3.5,0.0,0.0,0.0,0,12.72,17.4,18.7,99,18,0x00,0,0x0000,0x00000000,0x00000000,20,FAULT_BLOCKED
30025,0.0,3.5,0.0,0.0,0.0,0,12.72,17.4,18.6,99,18,0x00,0,0x0000,0x00000000,0x00000000,20,FAULT_BLOCKED
30125,0.0,3.5,0.0,0.0,0.0,0,12.7,17.4,18.4,99,18,0x00,0,0x0000,0x00000000,0x00000000,20,FAULT_BLOCKED
30225,0.0,3.5,0.0,0.0,0.0,0,12.73,17.4,19.0,99,18,0x00,0,0x0000,0x00000000,0x00000000,20,FAULT_BLOCKED
30325,0.0,3.5,0.0,0.0,0.0,0,12.74,17.4,19.1,99,18,0x00,0,0x0000,0x00000000,0x00000000,20,FAULT_BLOCKED
30425,0.0,3.6,0.0,0.0,0.0,0,12.7,17.4,18.7,99,18,0x00,0,0x0000,0x00000000,0x00000000,20,FAULT_BLOCKED
30525,0.0,3.5,0.0,0.0,0.0,0,12.72,17.4,18.7,99,18,0x00,0,0x0000,0x00000000,0x00000000,20,FAULT_BLOCKED
30625,0.0,3.5,0.0,0.0,0.0,0,12.72,17.4,18.4,99,18,0x00,0,0x0000,0x00000000,0x00000000,20,FAULT_BLOCKED
30725,0.0,3.6,0.0,0.0,0.0,0,12.73,17.4,18.7,99,18,0x00,0,0x0000,0x00000000,0x00000000,20,FAULT_BLOCKED
30825,0.0,3.5,0.0,0.0,0.0,0,12.72,17.4,18.4,99,18,0x00,0,0x0000,0x00000000,0x00000000,20,FAULT_BLOCKED
30925,0.0,3.5,0.0,0.0,0.0,0,12.7,17.4,18.4,99,18,0x00,0,0x0000,0x00000000,0x00000000,20,FAULT_BLOCKED
31025,0.0,3.5,0.0,0.0,0.0,0,12.75,17.4,18.4,99,18,0x00,0,0x0000,0x00000000,0x00000000,20,FAULT_BLOCKED
31125,0.0,3.5,0.0,0.0,0.0,0,12.7,17.4,18.7,99,18,0x00,0,0x0000,0x00000000,0x00000000,20,FAULT_BLOCKED
31225,0.0,3.5,0.0,0.0,0.0,0,12.75,17.4,18.6,99,18,0x00,0,0x0000,0x00000000,0x00000000,20,FAULT_BLOCKED
31325,0.0,3.5,0.0,0.0,0.0,0,12.75,17.4,18.4,99,18,0x00,0,0x0000,0x00000000,0x00000000,20,FAULT_BLOCKED
31425,0.0,3.5,0.0,0.0,0.0,0,12.73,17.4,18.7,99,18,0x00,0,0x0000,0x00000000,0x00000000,20,FAULT_BLOCKED
31525,0.0,3.5,0.0,0.0,0.0,0,12.74,17.4,18.3,99,18,0x00,0,0x0000,0x00000000,0x00000000,20,FAULT_BLOCKED
31625,0.0,3.5,0.0,0.0,0.0,0,12.72,17.3,19.0,99,18,0x00,0,0x0000,0x00000000,0x00000000,20,FAULT_BLOCKED
31725,0.0,3.5,0.0,0.0,0.0,0,12.7,17.3,18.7,99,18,0x00,0,0x0000,0x00000000,0x00000000,20,FAULT_BLOCKED
31825,0.0,3.5,0.0,0.0,0.0,0,12.72,17.4,18.7,99,18,0x00,0,0x0000,0x00000000,0x00000000,20,FAULT_BLOCKED
31925,0.0,3.5,0.0,0.0,0.0,0,12.72,17.4,19.1,99,18,0x00,0,0x0000,0x00000000,0x00000000,20,FAULT_BLOCKED
32025,0.0,3.5,0.0,0.0,0.0,0,12.75,17.4,18.6,99,18,0x00,0,0x0000,0x00000000,0x00000000,20,FAULT_BLOCKED
32125,0.0,3.5,0.0,0.0,0.0,0,12.73,17.4,18.6,99,18,0x00,0,0x0000,0x00000000,0x00000000,20,FAULT_BLOCKED
32225,0.0,3.6,0.0,0.0,0.0,0,12.72,17.4,18.8,99,18,0x00,0,0x0000,0x00000000,0x00000000,20,FAULT_BLOCKED
32325,0.0,3.5,0.0,0.0,0.0,0,12.7,17.4,18.8,99,18,0x00,0,0x0000,0x00000000,0x00000000,20,FAULT_BLOCKED
32425,0.0,3.5,0.0,0.0,0.0,0,12.7,17.4,18.4,99,18,0x00,0,0x0000,0x00000000,0x00000000,20,FAULT_BLOCKED
32525,0.0,3.5,0.0,0.0,0.0,0,12.7,17.4,18.4,99,18,0x00,0,0x0000,0x00000000,0x00000000,20,FAULT_BLOCKED
32625,0.0,3.5,0.0,0.0,0.0,0,12.69,17.4,18.6,99,18,0x00,0,0x0000,0x00000000,0x00000000,20,FAULT_BLOCKED
32725,0.0,3.5,0.0,0.0,0.0,0,12.73,17.4,18.7,99,18,0x00,0,0x0000,0x00000000,0x00000000,20,FAULT_BLOCKED
32825,0.0,3.5,0.0,0.0,0.0,0,12.7,17.4,18.8,99,18,0x00,0,0x0000,0x00000000,0x00000000,20,FAULT_BLOCKED
32925,0.0,3.5,0.0,0.0,0.0,0,12.72,17.4,19.0,99,18,0x00,0,0x0000,0x00000000,0x00000000,20,FAULT_BLOCKED
33025,0.0,3.5,0.0,0.0,0.0,0,12.72,17.4,18.7,99,18,0x00,0,0x0000,0x00000000,0x00000000,20,FAULT_BLOCKED
33125,0.0,3.5,0.0,0.0,0.0,0,12.73,17.4,19.0,99,18,0x00,0,0x0000,0x00000000,0x00000000,20,FAULT_BLOCKED
33225,0.1,3.5,0.0,0.0,0.0,0,12.74,17.4,18.7,99,18,0x00,0,0x0000,0x00000000,0x00000000,20,FAULT_BLOCKED
33325,0.0,3.5,0.0,0.0,0.0,0,12.69,17.4,19.1,99,18,0x00,0,0x0000,0x00000000,0x00000000,20,FAULT_BLOCKED
33425,0.0,3.5,0.0,0.0,0.0,0,12.74,17.4,18.7,99,18,0x00,0,0x0000,0x00000000,0x00000000,20,FAULT_BLOCKED
33525,0.0,3.5,0.0,0.0,0.0,0,12.69,17.4,18.6,99,18,0x00,0,0x0000,0x00000000,0x00000000,20,FAULT_BLOCKED
33625,0.0,3.5,0.0,0.0,0.0,0,12.74,17.4,18.6,99,18,0x00,0,0x0000,0x00000000,0x00000000,20,FAULT_BLOCKED
33725,0.0,3.5,0.0,0.0,0.0,0,12.75,17.4,18.8,99,18,0x00,0,0x0000,0x00000000,0x00000000,20,FAULT_BLOCKED
33825,0.0,3.5,0.0,0.0,0.0,0,12.72,17.4,18.6,99,18,0x00,0,0x0000,0x00000000,0x00000000,20,FAULT_BLOCKED
33925,0.0,3.5,0.0,0.0,0.0,0,12.73,17.4,18.4,99,18,0x00,0,0x0000,0x00000000,0x00000000,20,FAULT_BLOCKED
34025,0.0,3.5,0.0,0.0,0.0,0,12.73,17.4,18.3,99,18,0x00,0,0x0000,0x00000000,0x00000000,20,FAULT_BLOCKED
34125,0.0,3.5,0.0,0.0,0.0,0,12.75,17.4,18.6,99,18,0x00,0,0x0000,0x00000000,0x00000000,20,FAULT_BLOCKED
34225,0.0,3.5,0.0,0.0,0.0,0,12.72,17.4,18.6,99,18,0x00,0,0x0000,0x00000000,0x00000000,20,FAULT_BLOCKED
34326,0.0,3.5,0.0,0.0,0.0,0,12.72,17.4,18.4,99,18,0x00,0,0x0000,0x00000000,0x00000000,20,FAULT_BLOCKED
34426,0.0,3.5,0.0,0.0,0.0,0,12.7,17.4,18.7,99,18,0x00,0,0x0000,0x00000000,0x00000000,20,FAULT_BLOCKED
34526,0.0,3.5,0.0,0.0,0.0,0,12.74,17.4,18.7,99,18,0x00,0,0x0000,0x00000000,0x00000000,20,FAULT_BLOCKED
34627,0.1,3.5,0.0,0.0,0.0,0,12.76,17.4,18.7,99,18,0x00,0,0x0000,0x00000000,0x00000000,20,FAULT_BLOCKED
34727,0.0,3.5,0.0,0.0,0.0,0,12.67,17.4,18.6,99,18,0x00,0,0x0000,0x00000000,0x00000000,20,FAULT_BLOCKED
34827,0.0,3.5,0.0,0.0,0.0,0,12.67,17.4,18.8,99,18,0x00,0,0x0000,0x00000000,0x00000000,20,FAULT_BLOCKED
34927,0.0,3.5,0.0,0.0,0.0,0,12.72,17.4,18.3,99,18,0x00,0,0x0000,0x00000000,0x00000000,20,FAULT_BLOCKED
35027,0.0,3.5,0.0,0.0,0.0,0,12.72,17.5,18.3,99,18,0x00,0,0x0000,0x00000000,0x00000000,20,FAULT_BLOCKED
35127,0.0,3.5,0.0,0.0,0.0,0,12.74,17.4,18.6,99,18,0x00,0,0x0000,0x00000000,0x00000000,20,FAULT_BLOCKED
35227,0.1,3.5,0.0,0.0,0.0,0,12.68,17.4,18.7,99,18,0x00,0,0x0000,0x00000000,0x00000000,20,FAULT_BLOCKED
35327,0.0,3.5,0.0,0.0,0.0,0,12.65,17.4,18.8,99,18,0x00,0,0x0000,0x00000000,0x00000000,20,FAULT_BLOCKED
35427,0.0,3.5,0.0,0.0,0.0,0,12.68,17.4,18.8,99,18,0x00,0,0x0000,0x00000000,0x00000000,20,FAULT_BLOCKED
35527,0.0,3.5,0.0,0.0,0.0,0,12.7,17.4,18.4,99,18,0x00,0,0x0000,0x00000000,0x00000000,20,FAULT_BLOCKED
35627,0.0,3.5,0.0,0.0,0.0,0,12.68,17.4,19.0,99,18,0x00,0,0x0000,0x00000000,0x00000000,20,FAULT_BLOCKED
35727,0.0,3.6,0.0,0.0,0.0,0,12.62,17.4,18.8,99,18,0x00,0,0x0000,0x00000000,0x00000000,20,FAULT_BLOCKED
35827,0.0,3.5,0.0,0.0,0.0,0,12.66,17.4,18.7,99,18,0x00,0,0x0000,0x00000000,0x00000000,20,FAULT_BLOCKED
35927,0.0,3.5,0.0,0.0,0.0,0,12.7,17.4,18.4,99,18,0x00,0,0x0000,0x00000000,0x00000000,20,FAULT_BLOCKED
36027,0.0,3.5,0.0,0.0,0.0,0,12.7,17.4,19.1,99,18,0x00,0,0x0000,0x00000000,0x00000000,20,FAULT_BLOCKED
36127,0.0,3.5,0.0,0.0,0.0,0,12.67,17.4,18.7,99,18,0x00,0,0x0000,0x00000000,0x00000000,20,FAULT_BLOCKED
36227,0.1,3.5,0.0,0.0,0.0,0,12.67,17.4,18.8,99,18,0x00,0,0x0000,0x00000000,0x00000000,20,FAULT_BLOCKED
36327,0.0,3.5,0.0,0.0,0.0,0,12.62,17.4,18.7,99,18,0x00,0,0x0000,0x00000000,0x00000000,20,FAULT_BLOCKED
36427,0.1,3.5,0.0,0.0,0.0,0,12.67,17.4,18.8,99,18,0x00,0,0x0000,0x00000000,0x00000000,20,FAULT_BLOCKED
36527,0.0,3.5,0.0,0.0,0.0,0,12.7,17.4,18.6,99,18,0x00,0,0x0000,0x00000000,0x00000000,20,FAULT_BLOCKED
36627,0.0,3.5,0.0,0.0,0.0,0,12.67,17.4,18.6,99,18,0x00,0,0x0000,0x00000000,0x00000000,20,FAULT_BLOCKED
36727,0.0,3.5,0.0,0.0,0.0,0,12.7,17.4,18.8,99,18,0x00,0,0x0000,0x00000000,0x00000000,20,FAULT_BLOCKED
36827,0.0,3.5,0.0,0.0,0.0,0,12.68,17.4,18.6,99,18,0x00,0,0x0000,0x00000000,0x00000000,20,FAULT_BLOCKED
36927,0.0,3.5,0.0,0.0,0.0,0,12.67,17.4,18.8,99,18,0x00,0,0x0000,0x00000000,0x00000000,20,FAULT_BLOCKED
37027,0.0,3.5,0.0,0.0,0.0,0,12.67,17.4,18.4,99,18,0x00,0,0x0000,0x00000000,0x00000000,20,FAULT_BLOCKED
37127,0.0,3.5,0.0,0.0,0.0,0,12.69,17.4,18.6,99,18,0x00,0,0x0000,0x00000000,0x00000000,20,FAULT_BLOCKED
37227,0.0,3.5,0.0,0.0,0.0,0,12.68,17.4,18.7,99,18,0x00,0,0x0000,0x00000000,0x00000000,20,FAULT_BLOCKED
37327,0.0,3.5,0.0,0.0,0.0,0,12.68,17.4,18.8,99,18,0x00,0,0x0000,0x00000000,0x00000000,20,FAULT_BLOCKED
37427,0.0,3.5,0.0,0.0,0.0,0,12.68,17.4,18.8,99,18,0x00,0,0x0000,0x00000000,0x00000000,20,FAULT_BLOCKED
37527,0.0,3.5,0.0,0.0,0.0,0,12.64,17.4,18.8,99,18,0x00,0,0x0000,0x00000000,0x00000000,20,FAULT_BLOCKED
37627,0.0,3.5,0.0,0.0,0.0,0,12.64,17.4,18.8,99,18,0x00,0,0x0000,0x00000000,0x00000000,20,FAULT_BLOCKED
37728,0.0,3.6,0.0,0.0,0.0,0,12.64,17.4,18.6,99,18,0x00,0,0x0000,0x00000000,0x00000000,20,FAULT_BLOCKED
37828,0.0,3.5,0.0,0.0,0.0,0,12.64,17.4,18.6,99,18,0x00,0,0x0000,0x00000000,0x00000000,20,FAULT_BLOCKED
37928,0.0,3.5,0.0,0.0,0.0,0,12.67,17.4,18.6,99,18,0x00,0,0x0000,0x00000000,0x00000000,20,FAULT_BLOCKED
38029,0.0,3.5,0.0,0.0,0.0,0,12.68,17.4,18.6,99,18,0x00,0,0x0000,0x00000000,0x00000000,20,FAULT_BLOCKED
38129,0.0,3.5,0.0,0.0,0.0,0,12.64,17.4,18.7,99,18,0x00,0,0x0000,0x00000000,0x00000000,20,FAULT_BLOCKED
38229,0.0,3.5,0.0,0.0,0.0,0,12.68,17.4,19.0,99,18,0x00,0,0x0000,0x00000000,0x00000000,20,FAULT_BLOCKED
38329,0.0,3.5,0.0,0.0,0.0,0,12.66,17.4,18.6,99,18,0x00,0,0x0000,0x00000000,0x00000000,20,FAULT_BLOCKED
38429,0.0,3.5,0.0,0.0,0.0,0,12.66,17.4,19.0,99,18,0x00,0,0x0000,0x00000000,0x00000000,20,FAULT_BLOCKED
38529,0.0,3.5,0.0,0.0,0.0,0,12.67,17.4,18.4,99,18,0x00,0,0x0000,0x00000000,0x00000000,20,FAULT_BLOCKED
38629,0.0,3.5,0.0,0.0,0.0,0,12.66,17.4,18.6,99,18,0x00,0,0x0000,0x00000000,0x00000000,20,FAULT_BLOCKED
38729,0.0,3.5,0.0,0.0,0.0,0,12.63,17.4,18.4,99,18,0x00,0,0x0000,0x00000000,0x00000000,20,FAULT_BLOCKED
38829,0.0,3.5,0.0,0.0,0.0,0,12.66,17.4,18.6,99,18,0x00,0,0x0000,0x00000000,0x00000000,20,FAULT_BLOCKED
38929,0.0,3.5,0.0,0.0,0.0,0,12.66,17.4,19.1,99,18,0x00,0,0x0000,0x00000000,0x00000000,20,FAULT_BLOCKED
39029,0.0,3.5,0.0,0.0,0.0,0,12.66,17.4,18.8,99,18,0x00,0,0x0000,0x00000000,0x00000000,20,FAULT_BLOCKED
39129,0.0,3.6,0.0,0.0,0.0,0,12.67,17.4,19.1,99,18,0x00,0,0x0000,0x00000000,0x00000000,20,FAULT_BLOCKED
39229,0.0,3.6,0.0,0.0,0.0,0,12.68,17.4,18.6,99,18,0x00,0,0x0000,0x00000000,0x00000000,20,FAULT_BLOCKED
39329,0.0,3.5,0.0,0.0,0.0,0,12.6,17.4,18.7,99,18,0x00,0,0x0000,0x00000000,0x00000000,20,FAULT_BLOCKED
39429,0.0,3.5,0.0,0.0,0.0,0,12.66,17.4,18.4,99,18,0x00,0,0x0000,0x00000000,0x00000000,20,FAULT_BLOCKED
39529,0.0,3.5,0.0,0.0,0.0,0,12.64,17.4,19.2,99,18,0x02,0,0x0000,0x00000000,0x00000000,20,READY_FOR_BUTTON
39629,0.0,3.5,0.0,0.0,0.0,0,12.62,17.4,18.6,99,18,0x02,0,0x0000,0x00000000,0x00000000,20,READY_FOR_BUTTON
39729,0.0,3.5,0.0,0.0,0.0,0,12.63,17.4,18.6,99,18,0x02,0,0x0000,0x00000000,0x00000000,20,READY_FOR_BUTTON
39829,0.0,3.5,0.0,0.0,0.0,0,12.64,17.4,18.4,99,18,0x02,0,0x0000,0x00000000,0x00000000,20,READY_FOR_BUTTON
39929,0.0,3.5,0.0,0.0,0.0,0,12.62,17.4,19.1,99,18,0x02,0,0x0000,0x00000000,0x00000000,20,READY_FOR_BUTTON
40029,0.0,3.5,0.0,0.0,0.0,0,12.63,17.4,18.3,99,18,0x02,0,0x0000,0x00000000,0x00000000,20,READY_FOR_BUTTON
40129,0.0,3.5,0.0,0.0,0.0,0,12.61,17.4,18.4,99,18,0x02,0,0x0000,0x00000000,0x00000000,20,READY_FOR_BUTTON
40229,0.0,3.5,0.0,0.0,0.0,0,12.61,17.4,18.7,99,18,0x02,0,0x0000,0x00000000,0x00000000,20,READY_FOR_BUTTON
40329,0.0,3.5,0.0,0.0,0.0,0,12.66,17.4,18.8,99,18,0x02,0,0x0000,0x00000000,0x00000000,20,READY_FOR_BUTTON
40429,0.0,3.5,0.0,0.0,0.0,0,12.6,17.4,18.4,99,18,0x02,0,0x0000,0x00000000,0x00000000,20,READY_FOR_BUTTON
40529,0.0,3.5,0.0,0.0,0.0,0,12.62,17.4,18.8,99,18,0x02,0,0x0000,0x00000000,0x00000000,20,READY_FOR_BUTTON
40629,0.0,3.5,0.0,0.0,0.0,0,12.63,17.4,18.6,99,18,0x02,0,0x0000,0x00000000,0x00000000,20,READY_FOR_BUTTON
40729,0.0,3.5,0.0,0.0,0.0,0,12.62,17.4,18.8,99,18,0x02,0,0x0000,0x00000000,0x00000000,20,READY_FOR_BUTTON
40829,0.0,3.5,0.0,0.0,0.0,0,12.61,17.4,18.7,99,18,0x02,0,0x0000,0x00000000,0x00000000,20,READY_FOR_BUTTON
40929,0.0,3.6,0.0,0.0,0.0,0,12.64,17.4,18.4,99,18,0x02,0,0x0000,0x00000000,0x00000000,20,READY_FOR_BUTTON
41029,0.0,3.5,0.0,0.0,0.0,0,12.59,17.4,18.4,99,18,0x02,0,0x0000,0x00000000,0x00000000,20,READY_FOR_BUTTON
41129,0.0,3.5,0.0,0.0,0.0,0,12.63,17.4,19.0,99,18,0x02,0,0x0000,0x00000000,0x00000000,20,READY_FOR_BUTTON
41229,0.0,3.5,0.0,0.0,0.0,0,12.68,17.4,19.0,99,18,0x02,0,0x0000,0x00000000,0x00000000,20,READY_FOR_BUTTON
41329,0.0,3.5,0.0,0.0,0.0,0,12.66,17.4,18.4,99,18,0x02,0,0x0000,0x00000000,0x00000000,20,READY_FOR_BUTTON
41429,0.0,3.6,0.0,0.0,0.0,0,12.6,17.4,19.0,99,18,0x02,0,0x0000,0x00000000,0x00000000,20,READY_FOR_BUTTON
41529,0.0,3.5,0.0,0.0,0.0,0,12.64,17.4,18.7,99,18,0x02,0,0x0000,0x00000000,0x00000000,20,READY_FOR_BUTTON
41629,0.0,3.5,0.0,0.0,0.0,0,12.62,17.4,18.4,99,18,0x02,0,0x0000,0x00000000,0x00000000,20,READY_FOR_BUTTON
41729,0.0,3.5,0.0,0.0,0.0,0,12.62,17.4,18.7,99,18,0x02,0,0x0000,0x00000000,0x00000000,20,READY_FOR_BUTTON
41829,0.0,3.5,0.0,0.0,0.0,0,12.66,17.4,18.7,99,18,0x02,0,0x0000,0x00000000,0x00000000,20,READY_FOR_BUTTON
41929,0.0,3.5,0.0,0.0,0.0,0,12.65,17.4,18.6,99,18,0x02,0,0x0000,0x00000000,0x00000000,20,READY_FOR_BUTTON
42029,0.0,3.5,0.0,0.0,0.0,0,12.65,17.4,18.7,99,18,0x02,0,0x0000,0x00000000,0x00000000,20,READY_FOR_BUTTON
42129,0.0,3.5,0.0,0.0,0.0,0,12.65,17.4,18.4,99,18,0x02,0,0x0000,0x00000000,0x00000000,20,READY_FOR_BUTTON
42229,0.0,3.5,0.0,0.0,0.0,0,12.65,17.4,18.8,99,18,0x02,0,0x0000,0x00000000,0x00000000,20,READY_FOR_BUTTON
42329,0.0,3.5,0.0,0.0,0.0,0,12.65,17.4,18.8,99,18,0x02,0,0x0000,0x00000000,0x00000000,20,READY_FOR_BUTTON
42429,0.0,3.6,0.0,0.0,0.0,0,12.62,17.4,18.7,99,18,0x02,0,0x0000,0x00000000,0x00000000,20,READY_FOR_BUTTON
42529,0.0,3.5,0.0,0.0,0.0,0,12.65,17.4,18.7,99,18,0x02,0,0x0000,0x00000000,0x00000000,20,READY_FOR_BUTTON
42629,0.0,3.5,0.0,0.0,0.0,0,12.62,17.4,18.8,99,18,0x02,0,0x0000,0x00000000,0x00000000,20,READY_FOR_BUTTON
42729,0.0,3.5,0.0,0.0,0.0,0,12.65,17.4,18.3,99,18,0x02,0,0x0000,0x00000000,0x00000000,20,READY_FOR_BUTTON
42829,0.0,3.5,0.0,0.0,0.0,0,12.64,17.4,18.3,99,18,0x02,0,0x0000,0x00000000,0x00000000,20,READY_FOR_BUTTON
42930,0.0,3.5,0.0,0.0,0.0,0,12.61,17.4,18.4,99,18,0x02,0,0x0000,0x00000000,0x00000000,20,READY_FOR_BUTTON
43030,0.0,3.5,0.0,0.0,0.0,0,12.61,17.4,18.4,99,18,0x02,0,0x0000,0x00000000,0x00000000,20,READY_FOR_BUTTON
43130,0.0,3.5,0.0,0.0,0.0,0,12.68,17.4,18.4,99,18,0x02,0,0x0000,0x00000000,0x00000000,20,READY_FOR_BUTTON
43230,0.0,3.5,0.0,0.0,0.0,0,12.61,17.4,19.2,99,18,0x02,0,0x0000,0x00000000,0x00000000,20,READY_FOR_BUTTON
43330,0.0,3.5,0.0,0.0,0.0,0,12.62,17.4,18.4,99,18,0x02,0,0x0000,0x00000000,0x00000000,20,READY_FOR_BUTTON
43430,0.0,3.5,0.0,0.0,0.0,0,12.64,17.4,18.7,99,18,0x02,0,0x0000,0x00000000,0x00000000,20,READY_FOR_BUTTON
43530,0.0,3.5,0.0,0.0,0.0,0,12.61,17.4,19.0,99,18,0x02,0,0x0000,0x00000000,0x00000000,20,READY_FOR_BUTTON
43630,0.0,3.5,0.0,0.0,0.0,0,12.62,17.4,18.8,99,18,0x02,0,0x0000,0x00000000,0x00000000,20,READY_FOR_BUTTON
43730,0.0,3.5,0.0,0.0,0.0,0,12.63,17.4,18.4,99,18,0x02,0,0x0000,0x00000000,0x00000000,20,READY_FOR_BUTTON
43830,0.0,3.5,0.0,0.0,0.0,0,12.54,17.4,19.0,99,18,0x02,0,0x0000,0x00000000,0x00000000,20,READY_FOR_BUTTON
43930,0.0,3.5,0.0,0.0,0.0,0,12.63,17.4,19.0,99,18,0x02,0,0x0000,0x00000000,0x00000000,20,READY_FOR_BUTTON
44030,0.0,3.6,0.0,0.0,0.0,0,12.63,17.4,18.7,99,18,0x02,0,0x0000,0x00000000,0x00000000,20,READY_FOR_BUTTON
44130,0.0,3.5,0.0,0.0,0.0,0,12.61,17.4,18.7,99,18,0x02,0,0x0000,0x00000000,0x00000000,20,READY_FOR_BUTTON
44230,0.0,3.6,0.0,0.0,0.0,0,12.61,17.4,18.7,99,18,0x02,0,0x0000,0x00000000,0x00000000,20,READY_FOR_BUTTON
44330,0.0,3.5,0.0,0.0,0.0,0,12.62,17.4,18.6,99,18,0x02,0,0x0000,0x00000000,0x00000000,20,READY_FOR_BUTTON
44430,0.0,3.5,0.0,0.0,0.0,0,12.61,17.4,18.7,99,18,0x02,0,0x0000,0x00000000,0x00000000,20,READY_FOR_BUTTON
44530,0.0,3.5,0.0,0.0,0.0,0,12.61,17.4,18.7,99,18,0x02,0,0x0000,0x00000000,0x00000000,20,READY_FOR_BUTTON
44630,0.0,3.5,0.0,0.0,0.0,0,12.63,17.4,19.0,99,18,0x02,0,0x0000,0x00000000,0x00000000,20,READY_FOR_BUTTON
44730,0.0,3.5,0.0,0.0,0.0,0,12.65,17.4,19.1,99,18,0x02,0,0x0000,0x00000000,0x00000000,20,READY_FOR_BUTTON
44830,0.0,3.5,0.0,0.0,0.0,0,12.63,17.4,19.2,99,18,0x02,0,0x0000,0x00000000,0x00000000,20,READY_FOR_BUTTON
44930,0.0,3.5,0.0,0.0,0.0,0,12.65,17.4,18.8,99,18,0x02,0,0x0000,0x00000000,0x00000000,20,READY_FOR_BUTTON
45030,0.0,3.6,0.0,0.0,0.0,0,12.61,17.4,18.7,99,18,0x02,0,0x0000,0x00000000,0x00000000,20,READY_FOR_BUTTON
45130,0.0,3.5,0.0,0.0,0.0,0,12.62,17.4,18.7,99,18,0x02,0,0x0000,0x00000000,0x00000000,20,READY_FOR_BUTTON
45230,0.0,3.5,0.0,0.0,0.0,0,12.64,17.4,18.4,99,18,0x02,0,0x0000,0x00000000,0x00000000,20,READY_FOR_BUTTON
45330,0.0,3.5,0.0,0.0,0.0,0,12.63,17.4,18.8,99,18,0x02,0,0x0000,0x00000000,0x00000000,20,READY_FOR_BUTTON
45430,0.0,3.5,0.0,0.0,0.0,0,12.66,17.4,18.4,99,18,0x02,0,0x0000,0x00000000,0x00000000,20,READY_FOR_BUTTON
45530,0.0,3.5,0.0,0.0,0.0,0,12.62,17.4,18.4,99,18,0x02,0,0x0000,0x00000000,0x00000000,20,READY_FOR_BUTTON
45630,0.0,3.5,0.0,0.0,0.0,0,12.62,17.4,18.6,99,18,0x02,0,0x0000,0x00000000,0x00000000,20,READY_FOR_BUTTON
45730,0.0,3.5,0.0,0.0,0.0,0,12.64,17.4,18.6,99,18,0x02,0,0x0000,0x00000000,0x00000000,20,READY_FOR_BUTTON
45830,0.0,3.5,0.0,0.0,0.0,0,12.64,17.4,18.4,99,18,0x02,0,0x0000,0x00000000,0x00000000,20,READY_FOR_BUTTON
45930,0.0,3.5,0.0,0.0,0.0,0,12.63,17.4,18.4,99,18,0x02,0,0x0000,0x00000000,0x00000000,20,READY_FOR_BUTTON
46030,0.0,3.5,0.0,0.0,0.0,0,12.64,17.4,18.4,99,18,0x02,0,0x0000,0x00000000,0x00000000,20,READY_FOR_BUTTON
46130,0.0,3.5,0.0,0.0,0.0,0,12.62,17.4,18.4,99,18,0x02,0,0x0000,0x00000000,0x00000000,20,READY_FOR_BUTTON
46230,0.0,3.6,0.0,0.0,0.0,0,12.64,17.4,18.6,99,18,0x02,0,0x0000,0x00000000,0x00000000,20,READY_FOR_BUTTON
46330,0.0,3.5,0.0,0.0,0.0,0,12.64,17.4,18.6,99,18,0x02,0,0x0000,0x00000000,0x00000000,20,READY_FOR_BUTTON
46430,0.0,3.5,0.0,0.0,0.0,0,12.63,17.4,18.7,99,18,0x02,0,0x0000,0x00000000,0x00000000,20,READY_FOR_BUTTON
46530,0.0,3.5,0.0,0.0,0.0,0,12.63,17.4,18.7,99,18,0x02,0,0x0000,0x00000000,0x00000000,20,READY_FOR_BUTTON
46630,0.0,3.5,0.0,0.0,0.0,0,12.63,17.4,18.6,99,18,0x02,0,0x0000,0x00000000,0x00000000,20,READY_FOR_BUTTON
46730,0.0,3.5,0.0,0.0,0.0,0,12.62,17.4,18.7,99,18,0x02,0,0x0000,0x00000000,0x00000000,20,READY_FOR_BUTTON
46830,0.0,3.5,0.0,0.0,0.0,0,12.63,17.4,18.6,99,18,0x02,0,0x0000,0x00000000,0x00000000,20,READY_FOR_BUTTON
46930,0.0,3.6,0.0,0.0,0.0,0,12.63,17.4,18.6,99,18,0x02,0,0x0000,0x00000000,0x00000000,20,READY_FOR_BUTTON
47030,0.0,3.5,0.0,0.0,0.0,0,12.62,17.4,19.1,99,18,0x02,0,0x0000,0x00000000,0x00000000,20,READY_FOR_BUTTON
47130,0.0,3.5,0.0,0.0,0.0,0,12.62,17.4,18.8,99,18,0x02,0,0x0000,0x00000000,0x00000000,20,READY_FOR_BUTTON
47230,0.0,3.5,0.0,0.0,0.0,0,12.63,17.4,18.4,99,18,0x02,0,0x0000,0x00000000,0x00000000,20,READY_FOR_BUTTON
47330,0.0,3.5,0.0,0.0,0.0,0,12.62,17.4,18.8,99,18,0x02,0,0x0000,0x00000000,0x00000000,20,READY_FOR_BUTTON
47430,0.0,3.5,0.0,0.0,0.0,0,12.61,17.4,18.4,99,18,0x02,0,0x0000,0x00000000,0x00000000,20,READY_FOR_BUTTON
47530,0.0,3.5,0.0,0.0,0.0,0,12.62,17.4,18.6,99,18,0x02,0,0x0000,0x00000000,0x00000000,20,READY_FOR_BUTTON
47630,0.0,3.6,0.0,0.0,0.0,0,12.63,17.4,18.7,99,18,0x02,0,0x0000,0x00000000,0x00000000,20,READY_FOR_BUTTON
47730,0.0,3.5,0.0,0.0,0.0,0,12.62,17.4,18.7,99,18,0x02,0,0x0000,0x00000000,0x00000000,20,READY_FOR_BUTTON
47830,0.0,3.5,0.0,0.0,0.0,0,12.65,17.4,18.8,99,18,0x02,0,0x0000,0x00000000,0x00000000,20,READY_FOR_BUTTON
47930,0.0,3.5,0.0,0.0,0.0,0,12.64,17.4,18.8,99,18,0x02,0,0x0000,0x00000000,0x00000000,20,READY_FOR_BUTTON
48030,0.0,3.5,0.0,0.0,0.0,0,12.63,17.4,18.7,99,18,0x02,0,0x0000,0x00000000,0x00000000,20,READY_FOR_BUTTON
48130,0.0,3.6,0.0,0.0,0.0,0,12.61,17.4,18.8,99,18,0x02,0,0x0000,0x00000000,0x00000000,20,READY_FOR_BUTTON
48230,0.0,3.5,0.0,0.0,0.0,0,12.63,17.4,18.4,99,18,0x02,0,0x0000,0x00000000,0x00000000,20,READY_FOR_BUTTON
48330,0.0,3.5,0.0,0.0,0.0,0,12.63,17.4,19.4,99,18,0x02,0,0x0000,0x00000000,0x00000000,20,READY_FOR_BUTTON
48430,0.0,3.5,0.0,0.0,0.0,0,12.64,17.4,18.6,99,18,0x02,0,0x0000,0x00000000,0x00000000,20,READY_FOR_BUTTON
48530,0.0,3.5,0.0,0.0,0.0,0,12.61,17.4,18.7,99,18,0x02,0,0x0000,0x00000000,0x00000000,20,READY_FOR_BUTTON
48630,0.0,3.6,0.0,0.0,0.0,0,12.61,17.4,18.7,99,18,0x02,0,0x0000,0x00000000,0x00000000,20,READY_FOR_BUTTON
48730,0.0,3.5,0.0,0.0,0.0,0,12.61,17.4,18.4,99,18,0x02,0,0x0000,0x00000000,0x00000000,20,READY_FOR_BUTTON
48830,0.0,3.5,0.0,0.0,0.0,0,12.63,17.5,18.6,99,18,0x02,0,0x0000,0x00000000,0x00000000,20,READY_FOR_BUTTON
48930,0.0,3.5,0.0,0.0,0.0,0,12.6,17.5,18.8,99,18,0x02,0,0x0000,0x00000000,0x00000000,20,READY_FOR_BUTTON
49030,0.0,3.5,0.0,0.0,0.0,0,12.64,17.4,18.8,99,18,0x02,0,0x0000,0x00000000,0x00000000,20,READY_FOR_BUTTON
49130,0.0,3.5,0.0,0.0,0.0,0,12.66,17.4,19.1,99,18,0x02,0,0x0000,0x00000000,0x00000000,20,READY_FOR_BUTTON
49230,0.0,3.4,0.0,0.0,0.0,0,12.6,17.4,19.1,99,18,0x02,0,0x0000,0x00000000,0x00000000,20,READY_FOR_BUTTON
49330,0.0,3.5,0.0,0.0,0.0,0,12.63,17.4,18.8,99,18,0x02,0,0x0000,0x00000000,0x00000000,20,READY_FOR_BUTTON
49430,0.0,3.6,0.0,0.0,0.0,0,12.62,17.4,18.6,99,18,0x02,0,0x0000,0x00000000,0x00000000,20,READY_FOR_BUTTON
49530,0.0,3.5,0.0,0.0,0.0,0,12.61,17.4,18.8,99,18,0x02,0,0x0000,0x00000000,0x00000000,20,READY_FOR_BUTTON
49630,0.0,3.5,0.0,0.0,0.0,0,12.61,17.4,18.7,99,18,0x02,0,0x0000,0x00000000,0x00000000,20,READY_FOR_BUTTON
49730,0.0,3.5,0.0,0.0,0.0,0,12.64,17.4,18.6,99,18,0x02,0,0x0000,0x00000000,0x00000000,20,READY_FOR_BUTTON
49830,0.0,3.6,0.0,0.0,0.0,0,12.61,17.4,18.6,99,18,0x02,0,0x0000,0x00000000,0x00000000,20,READY_FOR_BUTTON
49930,0.0,3.5,0.0,0.0,0.0,0,12.61,17.4,18.8,99,18,0x02,0,0x0000,0x00000000,0x00000000,20,READY_FOR_BUTTON
50030,0.0,3.5,0.0,0.0,0.0,0,12.61,17.4,18.6,99,18,0x02,0,0x0000,0x00000000,0x00000000,20,READY_FOR_BUTTON
50130,0.0,3.6,0.0,0.0,0.0,0,12.62,17.4,18.3,99,18,0x02,0,0x0000,0x00000000,0x00000000,20,READY_FOR_BUTTON
50230,0.0,3.5,0.0,0.0,0.0,0,12.61,17.4,18.8,99,18,0x02,0,0x0000,0x00000000,0x00000000,20,READY_FOR_BUTTON
50330,0.0,3.5,0.0,0.0,0.0,0,12.62,17.4,18.7,99,18,0x02,0,0x0000,0x00000000,0x00000000,20,READY_FOR_BUTTON
50431,0.0,3.6,0.0,0.0,0.0,0,12.62,17.4,18.7,99,18,0x02,0,0x0000,0x00000000,0x00000000,20,READY_FOR_BUTTON
50531,0.0,3.5,0.0,0.0,0.0,0,12.62,17.4,18.6,99,18,0x02,0,0x0000,0x00000000,0x00000000,20,READY_FOR_BUTTON
50631,0.0,3.5,0.0,0.0,0.0,0,12.65,17.4,18.7,99,18,0x02,0,0x0000,0x00000000,0x00000000,20,READY_FOR_BUTTON
50731,0.0,3.5,0.0,0.0,0.0,0,12.64,17.4,18.8,99,18,0x02,0,0x0000,0x00000000,0x00000000,20,READY_FOR_BUTTON
50831,0.0,3.5,0.0,0.0,0.0,0,12.6,17.4,19.5,99,18,0x02,0,0x0000,0x00000000,0x00000000,20,READY_FOR_BUTTON
50931,0.0,3.5,0.0,0.0,0.0,0,12.63,17.4,18.7,99,18,0x02,0,0x0000,0x00000000,0x00000000,20,READY_FOR_BUTTON
51031,0.0,3.5,0.0,0.0,0.0,0,12.62,17.4,18.7,99,18,0x02,0,0x0000,0x00000000,0x00000000,20,READY_FOR_BUTTON
51131,0.0,3.5,0.0,0.0,0.0,0,12.6,17.4,18.6,99,18,0x02,0,0x0000,0x00000000,0x00000000,20,READY_FOR_BUTTON
51231,0.0,3.5,0.0,0.0,0.0,0,12.6,17.4,18.7,99,18,0x02,0,0x0000,0x00000000,0x00000000,20,READY_FOR_BUTTON
51331,0.0,3.5,0.0,0.0,0.0,0,12.62,17.4,18.4,99,18,0x02,0,0x0000,0x00000000,0x00000000,20,READY_FOR_BUTTON
51431,0.0,3.5,0.0,0.0,0.0,0,12.64,17.4,18.7,99,18,0x02,0,0x0000,0x00000000,0x00000000,20,READY_FOR_BUTTON
51531,0.0,3.5,0.0,0.0,0.0,0,12.64,17.4,18.7,99,18,0x02,0,0x0000,0x00000000,0x00000000,20,READY_FOR_BUTTON
51631,0.0,3.5,0.0,0.0,0.0,0,12.61,17.4,18.8,99,18,0x02,0,0x0000,0x00000000,0x00000000,20,READY_FOR_BUTTON
51731,0.0,3.5,0.0,0.0,0.0,0,12.59,17.4,18.7,99,18,0x02,0,0x0000,0x00000000,0x00000000,20,READY_FOR_BUTTON
51831,0.0,3.5,0.0,0.0,0.0,0,12.69,17.4,18.7,99,18,0x02,0,0x0000,0x00000000,0x00000000,20,READY_FOR_BUTTON
51931,0.0,3.5,0.0,0.0,0.0,0,12.6,17.4,18.7,99,18,0x02,0,0x0000,0x00000000,0x00000000,20,READY_FOR_BUTTON
52031,0.0,3.5,0.0,0.0,0.0,0,12.62,17.4,18.7,99,18,0x02,0,0x0000,0x00000000,0x00000000,20,READY_FOR_BUTTON
52131,0.0,3.5,0.0,0.0,0.0,0,12.62,17.4,19.0,99,18,0x02,0,0x0000,0x00000000,0x00000000,20,READY_FOR_BUTTON
52231,0.0,3.5,0.0,0.0,0.0,0,12.61,17.4,18.8,99,18,0x02,0,0x0000,0x00000000,0x00000000,20,READY_FOR_BUTTON
52331,0.0,3.5,0.0,0.0,0.0,0,12.62,17.4,18.6,99,18,0x02,0,0x0000,0x00000000,0x00000000,20,READY_FOR_BUTTON
52431,0.0,3.6,0.0,0.0,0.0,0,12.62,17.4,19.1,99,18,0x02,0,0x0000,0x00000000,0x00000000,20,READY_FOR_BUTTON
52531,0.0,3.5,0.0,0.0,0.0,0,12.62,17.4,19.0,99,18,0x02,0,0x0000,0x00000000,0x00000000,20,READY_FOR_BUTTON
52631,0.0,3.5,0.0,0.0,0.0,0,12.6,17.4,18.8,99,18,0x02,0,0x0000,0x00000000,0x00000000,20,READY_FOR_BUTTON
52731,0.0,3.5,0.0,0.0,0.0,0,12.62,17.4,19.0,99,18,0x02,0,0x0000,0x00000000,0x00000000,20,READY_FOR_BUTTON
52831,0.0,3.5,0.0,0.0,0.0,0,12.61,17.4,19.0,99,18,0x02,0,0x0000,0x00000000,0x00000000,20,READY_FOR_BUTTON
52931,0.0,3.5,0.0,0.0,0.0,0,12.63,17.4,18.6,99,18,0x02,0,0x0000,0x00000000,0x00000000,20,READY_FOR_BUTTON
53031,0.0,3.5,0.0,0.0,0.0,0,12.65,17.4,18.7,99,18,0x02,0,0x0000,0x00000000,0x00000000,20,READY_FOR_BUTTON
53131,0.0,3.5,0.0,0.0,0.0,0,12.6,17.4,18.8,99,18,0x02,0,0x0000,0x00000000,0x00000000,20,READY_FOR_BUTTON
53231,0.0,3.5,0.0,0.0,0.0,0,12.61,17.4,18.6,99,18,0x02,0,0x0000,0x00000000,0x00000000,20,READY_FOR_BUTTON
53331,0.0,3.5,0.0,0.0,0.0,0,12.63,17.4,18.4,99,18,0x02,0,0x0000,0x00000000,0x00000000,20,READY_FOR_BUTTON
53431,0.0,3.6,0.0,0.0,0.0,0,12.58,17.4,18.8,99,18,0x02,0,0x0000,0x00000000,0x00000000,20,READY_FOR_BUTTON
53531,0.0,3.6,0.0,0.0,0.0,0,12.62,17.4,18.6,99,18,0x02,0,0x0000,0x00000000,0x00000000,20,READY_FOR_BUTTON
53631,0.0,3.5,0.0,0.0,0.0,0,12.63,17.4,18.7,99,18,0x02,0,0x0000,0x00000000,0x00000000,20,READY_FOR_BUTTON
53731,0.0,3.6,0.0,0.0,0.0,0,12.6,17.4,18.7,99,18,0x02,0,0x0000,0x00000000,0x00000000,20,READY_FOR_BUTTON
53831,0.0,3.5,0.0,0.0,0.0,0,12.64,17.4,18.6,99,18,0x02,0,0x0000,0x00000000,0x00000000,20,READY_FOR_BUTTON
53931,0.0,3.5,0.0,0.0,0.0,0,12.62,17.4,18.4,99,18,0x02,0,0x0000,0x00000000,0x00000000,20,READY_FOR_BUTTON
54031,0.0,3.5,0.0,0.0,0.0,0,12.61,17.4,18.7,99,18,0x02,0,0x0000,0x00000000,0x00000000,20,READY_FOR_BUTTON
54132,0.0,3.5,0.0,0.0,0.0,0,12.62,17.4,18.6,99,18,0x02,0,0x0000,0x00000000,0x00000000,20,READY_FOR_BUTTON
54232,0.0,3.5,0.0,0.0,0.0,0,12.62,17.4,18.6,99,18,0x02,0,0x0000,0x00000000,0x00000000,20,READY_FOR_BUTTON
54332,0.0,3.5,0.0,0.0,0.0,0,12.63,17.4,18.6,99,18,0x02,0,0x0000,0x00000000,0x00000000,20,READY_FOR_BUTTON
54432,0.0,3.5,0.0,0.0,0.0,0,12.61,17.4,18.6,99,18,0x02,0,0x0000,0x00000000,0x00000000,20,READY_FOR_BUTTON
54532,0.0,3.5,0.0,0.0,0.0,0,12.64,17.4,18.8,99,18,0x02,0,0x0000,0x00000000,0x00000000,20,READY_FOR_BUTTON
54632,0.0,3.5,0.0,0.0,0.0,0,12.67,17.4,18.6,99,18,0x02,0,0x0000,0x00000000,0x00000000,20,READY_FOR_BUTTON
54732,0.0,3.5,0.0,0.0,0.0,0,12.6,17.4,18.7,99,18,0x02,0,0x0000,0x00000000,0x00000000,20,READY_FOR_BUTTON
54832,0.0,3.5,0.0,0.0,0.0,0,12.6,17.4,18.4,99,18,0x02,0,0x0000,0x00000000,0x00000000,20,READY_FOR_BUTTON
54932,0.0,3.5,0.0,0.0,0.0,0,12.64,17.4,18.8,99,18,0x02,0,0x0000,0x00000000,0x00000000,20,READY_FOR_BUTTON
55032,0.0,3.5,0.0,0.0,0.0,0,12.56,17.4,18.8,99,18,0x02,0,0x0000,0x00000000,0x00000000,20,READY_FOR_BUTTON
55132,0.0,3.5,0.0,0.0,0.0,0,12.62,17.4,18.8,99,18,0x02,0,0x0000,0x00000000,0x00000000,20,READY_FOR_BUTTON
55232,0.0,3.5,0.0,0.0,0.0,0,12.64,17.4,18.7,99,18,0x02,0,0x0000,0x00000000,0x00000000,20,READY_FOR_BUTTON
55332,0.0,3.5,0.0,0.0,0.0,0,12.61,17.4,19.0,99,18,0x02,0,0x0000,0x00000000,0x00000000,20,READY_FOR_BUTTON
55432,0.0,3.5,0.0,0.0,0.0,0,12.62,17.4,18.6,99,18,0x02,0,0x0000,0x00000000,0x00000000,20,READY_FOR_BUTTON
55532,0.0,3.5,0.0,0.0,0.0,0,12.6,17.4,18.4,99,18,0x02,0,0x0000,0x00000000,0x00000000,20,READY_FOR_BUTTON
55632,0.0,3.5,0.0,0.0,0.0,0,12.6,17.4,18.4,99,18,0x02,0,0x0000,0x00000000,0x00000000,20,READY_FOR_BUTTON
55732,0.0,3.6,0.0,0.0,0.0,0,12.62,17.4,18.8,99,18,0x02,0,0x0000,0x00000000,0x00000000,20,READY_FOR_BUTTON
55832,0.0,3.5,0.0,0.0,0.0,0,12.63,17.4,19.2,99,18,0x02,0,0x0000,0x00000000,0x00000000,20,READY_FOR_BUTTON
55932,0.0,3.5,0.0,0.0,0.0,0,12.61,17.4,18.8,99,18,0x02,0,0x0000,0x00000000,0x00000000,20,READY_FOR_BUTTON
56032,0.0,3.5,0.0,0.0,0.0,0,12.64,17.4,18.6,99,18,0x02,0,0x0000,0x00000000,0x00000000,20,READY_FOR_BUTTON
56132,0.0,3.5,0.0,0.0,0.0,0,12.63,17.4,18.4,99,18,0x02,0,0x0000,0x00000000,0x00000000,20,READY_FOR_BUTTON
56232,0.0,3.6,0.0,0.0,0.0,0,12.61,17.4,19.0,99,18,0x02,0,0x0000,0x00000000,0x00000000,20,READY_FOR_BUTTON
56332,0.0,3.5,0.0,0.0,0.0,0,12.62,17.4,18.7,99,18,0x02,0,0x0000,0x00000000,0x00000000,20,READY_FOR_BUTTON
56432,0.0,3.5,0.0,0.0,0.0,0,12.62,17.4,18.7,99,18,0x02,0,0x0000,0x00000000,0x00000000,20,READY_FOR_BUTTON
56532,0.0,3.5,0.0,0.0,0.0,0,12.61,17.4,18.7,99,18,0x02,0,0x0000,0x00000000,0x00000000,20,READY_FOR_BUTTON
56632,0.0,3.5,0.0,0.0,0.0,0,12.63,17.4,18.7,99,18,0x02,0,0x0000,0x00000000,0x00000000,20,READY_FOR_BUTTON
56732,0.0,3.5,0.0,0.0,0.0,0,12.61,17.4,18.7,99,18,0x02,0,0x0000,0x00000000,0x00000000,20,READY_FOR_BUTTON
56833,0.0,3.5,0.0,0.0,0.0,0,12.6,17.4,19.1,99,18,0x02,0,0x0000,0x00000000,0x00000000,20,READY_FOR_BUTTON
56935,0.0,3.5,0.0,0.0,0.0,0,12.62,17.4,18.7,99,18,0x02,0,0x0000,0x00000000,0x00000000,20,READY_FOR_BUTTON
57035,0.0,3.5,0.0,0.0,0.0,0,12.63,17.4,18.7,99,18,0x02,0,0x0000,0x00000000,0x00000000,20,READY_FOR_BUTTON
57135,0.0,3.6,0.0,0.0,0.0,0,12.59,17.4,18.3,99,18,0x02,0,0x0000,0x00000000,0x00000000,20,READY_FOR_BUTTON
57235,0.0,3.5,0.0,0.0,0.0,0,12.63,17.4,19.0,99,18,0x02,0,0x0000,0x00000000,0x00000000,20,READY_FOR_BUTTON
57335,0.0,3.5,0.0,0.0,0.0,0,12.62,17.4,18.8,99,18,0x02,0,0x0000,0x00000000,0x00000000,20,READY_FOR_BUTTON
57436,0.0,3.5,0.0,0.0,0.0,0,12.62,17.4,18.8,99,18,0x02,0,0x0000,0x00000000,0x00000000,20,READY_FOR_BUTTON
57536,0.0,3.5,0.0,0.0,0.0,0,12.65,17.4,18.8,99,18,0x02,0,0x0000,0x00000000,0x00000000,20,READY_FOR_BUTTON
57637,0.0,3.5,0.0,0.0,0.0,0,12.63,17.4,18.6,99,18,0x02,0,0x0000,0x00000000,0x00000000,20,READY_FOR_BUTTON
57737,0.0,3.6,0.0,0.0,0.0,0,12.6,17.4,18.7,99,18,0x02,0,0x0000,0x00000000,0x00000000,20,READY_FOR_BUTTON
57837,0.0,3.5,0.0,0.0,0.0,0,12.63,17.4,18.8,99,18,0x02,0,0x0000,0x00000000,0x00000000,20,READY_FOR_BUTTON
57937,0.0,3.5,0.0,0.0,0.0,0,12.59,17.4,19.1,99,18,0x02,0,0x0000,0x00000000,0x00000000,20,READY_FOR_BUTTON
58037,0.0,3.5,0.0,0.0,0.0,0,12.61,17.4,18.7,99,18,0x02,0,0x0000,0x00000000,0x00000000,20,READY_FOR_BUTTON
58137,0.0,3.5,0.0,0.0,0.0,0,12.64,17.4,18.7,99,18,0x02,0,0x0000,0x00000000,0x00000000,20,READY_FOR_BUTTON
58237,0.0,3.6,0.0,0.0,0.0,0,12.59,17.4,18.4,99,18,0x02,0,0x0000,0x00000000,0x00000000,20,READY_FOR_BUTTON
58337,0.0,3.5,0.0,0.0,0.0,0,12.6,17.4,18.4,99,18,0x02,0,0x0000,0x00000000,0x00000000,20,READY_FOR_BUTTON
58437,0.0,3.5,0.0,0.0,0.0,0,12.64,17.4,18.4,99,18,0x02,0,0x0000,0x00000000,0x00000000,20,READY_FOR_BUTTON
58537,0.0,3.5,0.0,0.0,0.0,0,12.61,17.4,18.7,99,18,0x02,0,0x0000,0x00000000,0x00000000,20,READY_FOR_BUTTON
58637,0.0,3.5,0.0,0.0,0.0,0,12.61,17.4,18.8,99,18,0x02,0,0x0000,0x00000000,0x00000000,20,READY_FOR_BUTTON
58737,0.0,3.5,0.0,0.0,0.0,0,12.62,17.4,18.6,99,18,0x02,0,0x0000,0x00000000,0x00000000,20,READY_FOR_BUTTON
58837,0.0,3.5,0.0,0.0,0.0,0,12.59,17.4,18.7,99,18,0x02,0,0x0000,0x00000000,0x00000000,20,READY_FOR_BUTTON
58937,0.0,3.5,0.0,0.0,0.0,0,12.63,17.4,18.4,99,18,0x02,0,0x0000,0x00000000,0x00000000,20,READY_FOR_BUTTON
59037,0.0,3.5,0.0,0.0,0.0,0,12.63,17.4,18.4,99,18,0x02,0,0x0000,0x00000000,0x00000000,20,READY_FOR_BUTTON
59137,0.0,3.5,0.0,0.0,0.0,0,12.61,17.4,18.7,99,18,0x02,0,0x0000,0x00000000,0x00000000,20,READY_FOR_BUTTON
59237,0.0,3.5,0.0,0.0,0.0,0,12.62,17.4,18.7,99,18,0x02,0,0x0000,0x00000000,0x00000000,20,READY_FOR_BUTTON
59337,0.0,3.6,0.0,0.0,0.0,0,12.63,17.4,18.8,99,18,0x02,0,0x0000,0x00000000,0x00000000,20,READY_FOR_BUTTON
59437,0.0,3.5,0.0,0.0,0.0,0,12.6,17.4,18.8,99,18,0x02,0,0x0000,0x00000000,0x00000000,20,READY_FOR_BUTTON
59538,0.0,3.5,0.0,0.0,0.0,0,12.61,17.4,18.8,99,18,0x02,0,0x0000,0x00000000,0x00000000,20,READY_FOR_BUTTON
59638,0.0,3.5,0.0,0.0,0.0,0,12.61,17.4,18.8,99,18,0x02,0,0x0000,0x00000000,0x00000000,20,READY_FOR_BUTTON
59738,0.0,3.4,0.0,0.0,0.0,0,12.63,17.4,18.8,99,18,0x02,0,0x0000,0x00000000,0x00000000,20,READY_FOR_BUTTON
59838,0.0,3.5,0.0,0.0,0.0,0,12.6,17.4,18.7,99,18,0x02,0,0x0000,0x00000000,0x00000000,20,READY_FOR_BUTTON
59938,0.0,3.6,0.0,0.0,0.0,0,12.54,17.4,18.7,99,18,0x02,0,0x0000,0x00000000,0x00000000,20,READY_FOR_BUTTON
60038,0.0,3.5,0.0,0.0,0.0,0,12.64,17.4,18.8,99,18,0x02,0,0x0000,0x00000000,0x00000000,20,READY_FOR_BUTTON
60138,0.0,3.5,0.0,0.0,0.0,0,12.62,17.4,19.0,99,18,0x02,0,0x0000,0x00000000,0x00000000,20,READY_FOR_BUTTON
60238,0.0,3.6,0.0,0.0,0.0,0,12.61,17.4,18.7,99,18,0x02,0,0x0000,0x00000000,0x00000000,20,READY_FOR_BUTTON
60338,0.0,3.5,0.0,0.0,0.0,0,12.64,17.4,18.4,99,18,0x02,0,0x0000,0x00000000,0x00000000,20,READY_FOR_BUTTON
60438,0.0,3.5,0.0,0.0,0.0,0,12.61,17.4,18.3,99,18,0x02,0,0x0000,0x00000000,0x00000000,20,READY_FOR_BUTTON
60538,0.0,3.5,0.0,0.0,0.0,0,12.61,17.4,19.1,99,18,0x02,0,0x0000,0x00000000,0x00000000,20,READY_FOR_BUTTON
60638,0.0,3.5,0.0,0.0,0.0,0,12.62,17.4,18.7,99,18,0x02,0,0x0000,0x00000000,0x00000000,20,READY_FOR_BUTTON
60738,0.0,3.6,0.0,0.0,0.0,0,12.61,17.4,19.0,99,18,0x02,0,0x0000,0x00000000,0x00000000,20,READY_FOR_BUTTON
60838,0.0,3.5,0.0,0.0,0.0,0,12.63,17.4,19.0,99,18,0x02,0,0x0000,0x00000000,0x00000000,20,READY_FOR_BUTTON
60938,0.0,3.5,0.0,0.0,0.0,0,12.63,17.4,19.0,99,18,0x02,0,0x0000,0x00000000,0x00000000,20,READY_FOR_BUTTON
61038,0.0,3.5,0.0,0.0,0.0,0,12.59,17.4,18.7,99,18,0x02,0,0x0000,0x00000000,0x00000000,20,READY_FOR_BUTTON
61138,0.0,3.6,0.0,0.0,0.0,0,12.62,17.4,19.0,99,18,0x02,0,0x0000,0x00000000,0x00000000,20,READY_FOR_BUTTON
61238,0.0,3.5,0.0,0.0,0.0,0,12.63,17.4,18.8,99,18,0x02,0,0x0000,0x00000000,0x00000000,20,READY_FOR_BUTTON
61338,0.0,3.5,0.0,0.0,0.0,0,12.59,17.4,18.7,99,18,0x02,0,0x0000,0x00000000,0x00000000,20,READY_FOR_BUTTON
61438,0.0,3.5,0.0,0.0,0.0,0,12.61,17.4,18.6,99,18,0x02,0,0x0000,0x00000000,0x00000000,20,READY_FOR_BUTTON
61538,0.0,3.5,0.0,0.0,0.0,0,12.63,17.4,18.4,99,18,0x02,0,0x0000,0x00000000,0x00000000,20,READY_FOR_BUTTON
61638,0.0,3.5,0.0,0.0,0.0,0,12.65,17.4,19.1,99,18,0x02,0,0x0000,0x00000000,0x00000000,20,READY_FOR_BUTTON
61738,0.0,3.5,0.0,0.0,0.0,0,12.64,17.4,18.7,99,18,0x02,0,0x0000,0x00000000,0x00000000,20,READY_FOR_BUTTON
61838,0.0,3.5,0.0,0.0,0.0,0,12.62,17.4,19.1,99,18,0x02,0,0x0000,0x00000000,0x00000000,20,READY_FOR_BUTTON
61938,0.0,3.5,0.0,0.0,0.0,0,12.63,17.4,19.0,99,18,0x02,0,0x0000,0x00000000,0x00000000,20,READY_FOR_BUTTON
62038,0.0,3.5,0.0,0.0,0.0,0,12.62,17.4,18.6,99,18,0x02,0,0x0000,0x00000000,0x00000000,20,READY_FOR_BUTTON
62138,0.0,3.5,0.0,0.0,0.0,0,12.62,17.4,18.7,99,18,0x02,0,0x0000,0x00000000,0x00000000,20,READY_FOR_BUTTON
62238,0.0,3.5,0.0,0.0,0.0,0,12.61,17.4,18.4,99,18,0x02,0,0x0000,0x00000000,0x00000000,20,READY_FOR_BUTTON
62338,0.0,3.4,0.0,0.0,0.0,0,12.62,17.4,18.8,99,18,0x02,0,0x0000,0x00000000,0x00000000,20,READY_FOR_BUTTON
62438,0.0,3.5,0.0,0.0,0.0,0,12.63,17.4,18.7,99,18,0x02,0,0x0000,0x00000000,0x00000000,20,READY_FOR_BUTTON
62538,0.0,3.5,0.0,0.0,0.0,0,12.63,17.4,19.1,99,18,0x02,0,0x0000,0x00000000,0x00000000,20,READY_FOR_BUTTON
62638,0.0,3.5,0.0,0.0,0.0,0,12.62,17.4,18.6,99,18,0x02,0,0x0000,0x00000000,0x00000000,20,READY_FOR_BUTTON
62738,0.1,3.5,0.0,0.0,0.0,0,12.62,17.4,18.7,99,18,0x02,0,0x0000,0x00000000,0x00000000,20,READY_FOR_BUTTON
62838,0.0,3.5,0.0,0.0,0.0,0,12.6,17.4,18.7,99,18,0x02,0,0x0000,0x00000000,0x00000000,20,READY_FOR_BUTTON
62938,0.0,3.5,0.0,0.0,0.0,0,12.63,17.4,18.6,99,18,0x02,0,0x0000,0x00000000,0x00000000,20,READY_FOR_BUTTON
63038,0.0,3.5,0.0,0.0,0.0,0,12.61,17.4,19.0,99,18,0x02,0,0x0000,0x00000000,0x00000000,20,READY_FOR_BUTTON
63138,0.0,3.5,0.0,0.0,0.0,0,12.61,17.4,18.6,99,18,0x02,0,0x0000,0x00000000,0x00000000,20,READY_FOR_BUTTON
63239,0.0,3.5,0.0,0.0,0.0,0,12.65,17.4,18.8,99,18,0x02,0,0x0000,0x00000000,0x00000000,20,READY_FOR_BUTTON
63339,0.0,3.5,0.0,0.0,0.0,0,12.62,17.4,18.8,99,18,0x02,0,0x0000,0x00000000,0x00000000,20,READY_FOR_BUTTON
63439,0.0,3.5,0.0,0.0,0.0,0,12.61,17.4,19.0,99,18,0x02,0,0x0000,0x00000000,0x00000000,20,READY_FOR_BUTTON
63539,0.0,3.5,0.0,0.0,0.0,0,12.61,17.4,18.8,99,18,0x02,0,0x0000,0x00000000,0x00000000,20,READY_FOR_BUTTON
63639,0.0,3.5,0.0,0.0,0.0,0,12.62,17.4,18.7,99,18,0x02,0,0x0000,0x00000000,0x00000000,20,READY_FOR_BUTTON
63739,0.0,3.5,0.0,0.0,0.0,0,12.6,17.4,18.8,99,18,0x02,0,0x0000,0x00000000,0x00000000,20,READY_FOR_BUTTON
63839,0.0,3.5,0.0,0.0,0.0,0,12.64,17.4,18.7,99,18,0x02,0,0x0000,0x00000000,0x00000000,20,READY_FOR_BUTTON
63939,0.0,3.5,0.0,0.0,0.0,0,12.6,17.4,18.8,99,18,0x02,0,0x0000,0x00000000,0x00000000,20,READY_FOR_BUTTON
64039,0.0,3.5,0.0,0.0,0.0,0,12.6,17.4,18.6,99,18,0x02,0,0x0000,0x00000000,0x00000000,20,READY_FOR_BUTTON
64139,0.0,3.5,0.0,0.0,0.0,0,12.63,17.4,18.4,99,18,0x02,0,0x0000,0x00000000,0x00000000,20,READY_FOR_BUTTON
64239,0.0,3.5,0.0,0.0,0.0,0,12.63,17.4,18.4,99,18,0x02,0,0x0000,0x00000000,0x00000000,20,READY_FOR_BUTTON
64339,0.0,3.5,0.0,0.0,0.0,0,12.61,17.4,18.6,99,18,0x02,0,0x0000,0x00000000,0x00000000,20,READY_FOR_BUTTON
64439,0.0,3.5,0.0,0.0,0.0,0,12.63,17.4,18.7,99,18,0x02,0,0x0000,0x00000000,0x00000000,20,READY_FOR_BUTTON
64539,0.0,3.5,0.0,0.0,0.0,0,12.6,17.4,18.8,99,18,0x02,0,0x0000,0x00000000,0x00000000,20,READY_FOR_BUTTON
64639,0.0,3.5,0.0,0.0,0.0,0,12.61,17.4,18.4,99,18,0x02,0,0x0000,0x00000000,0x00000000,20,READY_FOR_BUTTON
64739,0.0,3.5,0.0,0.0,0.0,0,12.62,17.4,18.6,99,18,0x02,0,0x0000,0x00000000,0x00000000,20,READY_FOR_BUTTON
64839,0.0,3.5,0.0,0.0,0.0,0,12.61,17.4,18.8,99,18,0x02,0,0x0000,0x00000000,0x00000000,20,READY_FOR_BUTTON
64939,0.0,3.5,0.0,0.0,0.0,0,12.6,17.4,18.8,99,18,0x02,0,0x0000,0x00000000,0x00000000,20,READY_FOR_BUTTON
65039,0.0,3.5,0.0,0.0,0.0,0,12.64,17.4,18.4,99,18,0x02,0,0x0000,0x00000000,0x00000000,20,READY_FOR_BUTTON
65139,0.0,3.5,0.0,0.0,0.0,0,12.64,17.4,18.8,99,18,0x02,0,0x0000,0x00000000,0x00000000,20,READY_FOR_BUTTON
65239,0.0,3.6,0.0,0.0,0.0,0,12.62,17.4,18.7,99,18,0x02,0,0x0000,0x00000000,0x00000000,20,READY_FOR_BUTTON
65339,0.0,3.5,0.0,0.0,0.0,0,12.62,17.4,19.0,99,18,0x02,0,0x0000,0x00000000,0x00000000,20,READY_FOR_BUTTON
65439,0.0,3.6,0.0,0.0,0.0,0,12.64,17.4,18.7,99,18,0x02,0,0x0000,0x00000000,0x00000000,20,READY_FOR_BUTTON
65539,0.0,3.5,0.0,0.0,0.0,0,12.62,17.4,18.8,99,18,0x02,0,0x0000,0x00000000,0x00000000,20,READY_FOR_BUTTON
65639,0.0,3.7,0.0,0.0,0.0,0,12.6,17.4,18.6,99,18,0x02,0,0x0000,0x00000000,0x00000000,20,READY_FOR_BUTTON
65739,0.0,3.5,0.0,0.0,0.0,0,12.62,17.4,18.4,99,18,0x02,0,0x0000,0x00000000,0x00000000,20,READY_FOR_BUTTON
65839,0.0,3.5,0.0,0.0,0.0,0,12.59,17.4,18.4,99,18,0x02,0,0x0000,0x00000000,0x00000000,20,READY_FOR_BUTTON
65939,0.0,3.5,0.0,0.0,0.0,0,12.6,17.4,18.8,99,18,0x02,0,0x0000,0x00000000,0x00000000,20,READY_FOR_BUTTON
66039,0.0,3.5,0.0,0.0,0.0,0,12.62,17.4,18.8,99,18,0x02,0,0x0000,0x00000000,0x00000000,20,READY_FOR_BUTTON
66139,0.0,3.5,0.0,0.0,0.0,0,12.55,17.4,18.4,99,18,0x02,0,0x0000,0x00000000,0x00000000,20,READY_FOR_BUTTON
66239,0.0,3.5,0.0,0.0,0.0,0,12.61,17.4,18.7,99,18,0x02,0,0x0000,0x00000000,0x00000000,20,READY_FOR_BUTTON
66339,0.0,3.5,0.0,0.0,0.0,0,12.63,17.4,19.0,99,18,0x02,0,0x0000,0x00000000,0x00000000,20,READY_FOR_BUTTON
66439,0.0,3.5,0.0,0.0,0.0,0,12.64,17.4,18.7,99,18,0x02,0,0x0000,0x00000000,0x00000000,20,READY_FOR_BUTTON
66539,0.0,3.5,0.0,0.0,0.0,0,12.6,17.4,18.6,99,18,0x02,0,0x0000,0x00000000,0x00000000,20,READY_FOR_BUTTON
66639,0.0,3.5,0.0,0.0,0.0,0,12.65,17.4,18.6,99,18,0x02,0,0x0000,0x00000000,0x00000000,20,READY_FOR_BUTTON
66739,0.0,3.5,0.0,0.0,0.0,0,12.62,17.4,18.7,99,18,0x02,0,0x0000,0x00000000,0x00000000,20,READY_FOR_BUTTON
66839,0.0,3.5,0.0,0.0,0.0,0,12.61,17.4,18.6,99,18,0x02,0,0x0000,0x00000000,0x00000000,20,READY_FOR_BUTTON
66939,0.0,3.5,0.0,0.0,0.0,0,12.63,17.4,18.7,99,18,0x02,0,0x0000,0x00000000,0x00000000,20,READY_FOR_BUTTON
67039,0.0,3.5,0.0,0.0,0.0,0,12.61,17.4,18.7,99,18,0x02,0,0x0000,0x00000000,0x00000000,20,READY_FOR_BUTTON
67139,0.0,3.5,0.0,0.0,0.0,0,12.61,17.4,18.6,99,18,0x02,0,0x0000,0x00000000,0x00000000,20,READY_FOR_BUTTON
67239,0.0,3.5,0.0,0.0,0.0,0,12.65,17.4,18.6,99,18,0x02,0,0x0000,0x00000000,0x00000000,20,READY_FOR_BUTTON
67339,0.0,3.5,0.0,0.0,0.0,0,12.6,17.4,18.7,99,18,0x02,0,0x0000,0x00000000,0x00000000,20,READY_FOR_BUTTON
67439,0.0,3.5,0.0,0.0,0.0,0,12.59,17.4,18.4,99,18,0x02,0,0x0000,0x00000000,0x00000000,20,READY_FOR_BUTTON
67539,0.0,3.5,0.0,0.0,0.0,0,12.65,17.4,18.7,99,18,0x02,0,0x0000,0x00000000,0x00000000,20,READY_FOR_BUTTON
67639,0.0,3.5,0.0,0.0,0.0,0,12.6,17.4,18.8,99,18,0x02,0,0x0000,0x00000000,0x00000000,20,READY_FOR_BUTTON
67739,0.0,3.6,0.0,0.0,0.0,0,12.61,17.4,18.7,99,18,0x02,0,0x0000,0x00000000,0x00000000,20,READY_FOR_BUTTON
67839,0.0,3.5,0.0,0.0,0.0,0,12.63,17.4,18.8,99,18,0x02,0,0x0000,0x00000000,0x00000000,20,READY_FOR_BUTTON
67939,0.0,3.5,0.0,0.0,0.0,0,12.61,17.4,18.6,99,18,0x02,0,0x0000,0x00000000,0x00000000,20,READY_FOR_BUTTON
68039,0.0,3.5,0.0,0.0,0.0,0,12.6,17.4,18.7,99,18,0x02,0,0x0000,0x00000000,0x00000000,20,READY_FOR_BUTTON
68139,0.0,3.6,0.0,0.0,0.0,0,12.64,17.4,18.7,99,18,0x02,0,0x0000,0x00000000,0x00000000,20,READY_FOR_BUTTON
68239,0.0,3.5,0.0,0.0,0.0,0,12.6,17.4,18.6,99,18,0x02,0,0x0000,0x00000000,0x00000000,20,READY_FOR_BUTTON
68339,0.0,3.5,0.0,0.0,0.0,0,12.61,17.5,19.0,99,18,0x02,0,0x0000,0x00000000,0x00000000,20,READY_FOR_BUTTON
68439,0.0,3.5,0.0,0.0,0.0,0,12.63,17.5,19.1,99,18,0x02,0,0x0000,0x00000000,0x00000000,20,READY_FOR_BUTTON
68539,0.0,3.5,0.0,0.0,0.0,0,12.61,17.5,18.8,99,18,0x02,0,0x0000,0x00000000,0x00000000,20,READY_FOR_BUTTON
68639,0.0,3.7,0.0,0.0,0.0,0,12.59,17.4,18.8,99,18,0x02,0,0x0000,0x00000000,0x00000000,20,READY_FOR_BUTTON
68740,0.0,3.5,0.0,0.0,0.0,0,12.61,17.4,19.0,99,18,0x02,0,0x0000,0x00000000,0x00000000,20,READY_FOR_BUTTON
68840,0.0,3.5,0.0,0.0,0.0,0,12.6,17.4,18.7,99,18,0x02,0,0x0000,0x00000000,0x00000000,20,READY_FOR_BUTTON
68940,0.0,3.5,0.0,0.0,0.0,0,12.6,17.4,18.6,99,18,0x02,0,0x0000,0x00000000,0x00000000,20,READY_FOR_BUTTON
69040,0.0,3.5,0.0,0.0,0.0,0,12.63,17.4,18.6,99,18,0x02,0,0x0000,0x00000000,0x00000000,20,READY_FOR_BUTTON
69140,0.0,3.5,0.0,0.0,0.0,0,12.59,17.4,19.0,99,18,0x02,0,0x0000,0x00000000,0x00000000,20,READY_FOR_BUTTON
69240,0.0,3.5,0.0,0.0,0.0,0,12.61,17.4,18.7,99,18,0x02,0,0x0000,0x00000000,0x00000000,20,READY_FOR_BUTTON
69340,0.0,3.5,0.0,0.0,0.0,0,12.61,17.4,18.7,99,18,0x02,0,0x0000,0x00000000,0x00000000,20,READY_FOR_BUTTON
69440,0.0,3.5,0.0,0.0,0.0,0,12.59,17.4,18.7,99,18,0x02,0,0x0000,0x00000000,0x00000000,20,READY_FOR_BUTTON
69540,0.0,3.5,0.0,0.0,0.0,0,12.64,17.4,18.7,99,18,0x02,0,0x0000,0x00000000,0x00000000,20,READY_FOR_BUTTON
69640,0.0,3.5,0.0,0.0,0.0,0,12.62,17.4,18.7,99,18,0x02,0,0x0000,0x00000000,0x00000000,20,READY_FOR_BUTTON
69740,0.0,3.5,0.0,0.0,0.0,0,12.61,17.4,18.7,99,18,0x02,0,0x0000,0x00000000,0x00000000,20,READY_FOR_BUTTON
69841,0.0,3.6,0.0,0.0,0.0,0,12.61,17.4,18.6,99,18,0x02,0,0x0000,0x00000000,0x00000000,20,READY_FOR_BUTTON
69941,0.0,3.6,0.0,0.0,0.0,0,12.62,17.4,18.2,99,18,0x02,0,0x0000,0x00000000,0x00000000,20,READY_FOR_BUTTON
70041,0.0,3.6,0.0,0.0,0.0,0,12.6,17.4,18.2,99,18,0x02,0,0x0000,0x00000000,0x00000000,20,READY_FOR_BUTTON
70141,0.0,3.5,0.0,0.0,0.0,0,12.61,17.4,18.7,99,18,0x02,0,0x0000,0x00000000,0x00000000,20,READY_FOR_BUTTON
70241,0.0,3.5,0.0,0.0,0.0,0,12.61,17.4,18.8,99,18,0x02,0,0x0000,0x00000000,0x00000000,20,READY_FOR_BUTTON
70341,0.0,3.5,0.0,0.0,0.0,0,12.61,17.4,19.0,99,18,0x02,0,0x0000,0x00000000,0x00000000,20,READY_FOR_BUTTON
70441,0.0,3.5,0.0,0.0,0.0,0,12.65,17.4,19.0,99,18,0x02,0,0x0000,0x00000000,0x00000000,20,READY_FOR_BUTTON
70541,0.0,3.6,0.0,0.0,0.0,0,12.61,17.4,18.7,99,18,0x02,0,0x0000,0x00000000,0x00000000,20,READY_FOR_BUTTON
70641,0.0,3.6,0.0,0.0,0.0,0,12.61,17.4,18.7,99,18,0x02,0,0x0000,0x00000000,0x00000000,20,READY_FOR_BUTTON
70741,0.0,3.6,0.0,0.0,0.0,0,12.62,17.4,18.6,99,18,0x02,0,0x0000,0x00000000,0x00000000,20,READY_FOR_BUTTON
70841,0.0,3.5,0.0,0.0,0.0,0,12.61,17.4,18.8,99,18,0x02,0,0x0000,0x00000000,0x00000000,20,READY_FOR_BUTTON
70941,0.0,3.5,0.0,0.0,0.0,0,12.62,17.4,18.6,99,18,0x02,0,0x0000,0x00000000,0x00000000,20,READY_FOR_BUTTON
71041,0.0,3.5,0.0,0.0,0.0,0,12.62,17.4,18.7,99,18,0x02,0,0x0000,0x00000000,0x00000000,20,READY_FOR_BUTTON
71141,0.0,3.5,0.0,0.0,0.0,0,12.62,17.4,19.0,99,18,0x02,0,0x0000,0x00000000,0x00000000,20,READY_FOR_BUTTON
71241,0.0,3.5,0.0,0.0,0.0,0,12.61,17.4,19.1,99,18,0x02,0,0x0000,0x00000000,0x00000000,20,READY_FOR_BUTTON
71341,0.0,3.5,0.0,0.0,0.0,0,12.61,17.4,18.4,99,18,0x02,0,0x0000,0x00000000,0x00000000,20,READY_FOR_BUTTON
71441,0.0,3.5,0.0,0.0,0.0,0,12.58,17.4,18.6,99,18,0x02,0,0x0000,0x00000000,0x00000000,20,READY_FOR_BUTTON
71541,0.0,3.5,0.0,0.0,0.0,0,12.59,17.4,18.7,99,18,0x02,0,0x0000,0x00000000,0x00000000,20,READY_FOR_BUTTON
71641,0.0,3.5,0.0,0.0,0.0,0,12.62,17.4,18.7,99,18,0x02,0,0x0000,0x00000000,0x00000000,20,READY_FOR_BUTTON
71741,0.0,3.5,0.0,0.0,0.0,0,12.52,17.4,18.7,99,18,0x02,0,0x0000,0x00000000,0x00000000,20,READY_FOR_BUTTON
71841,0.0,3.5,0.0,0.0,0.0,0,12.59,17.4,18.7,99,18,0x02,0,0x0000,0x00000000,0x00000000,20,READY_FOR_BUTTON
71941,0.0,3.6,0.0,0.0,0.0,0,12.59,17.4,18.7,99,18,0x02,0,0x0000,0x00000000,0x00000000,20,READY_FOR_BUTTON
72041,0.0,3.5,0.0,0.0,0.0,0,12.61,17.4,18.7,99,18,0x02,0,0x0000,0x00000000,0x00000000,20,READY_FOR_BUTTON
72141,0.0,3.5,0.0,0.0,0.0,0,12.6,17.4,18.6,99,18,0x02,0,0x0000,0x00000000,0x00000000,20,READY_FOR_BUTTON
72241,0.0,3.5,0.0,0.0,0.0,0,12.61,17.4,18.7,99,18,0x02,0,0x0000,0x00000000,0x00000000,20,READY_FOR_BUTTON
72341,0.0,3.5,0.0,0.0,0.0,0,12.61,17.4,18.6,99,18,0x02,0,0x0000,0x00000000,0x00000000,20,READY_FOR_BUTTON
72441,0.0,3.5,0.0,0.0,0.0,0,12.62,17.4,18.8,99,18,0x02,0,0x0000,0x00000000,0x00000000,20,READY_FOR_BUTTON
72541,0.0,3.5,0.0,0.0,0.0,0,12.6,17.4,18.7,99,18,0x02,0,0x0000,0x00000000,0x00000000,20,READY_FOR_BUTTON
72641,0.0,3.5,0.0,0.0,0.0,0,12.62,17.5,18.7,99,18,0x02,0,0x0000,0x00000000,0x00000000,20,READY_FOR_BUTTON
72741,0.0,3.5,0.0,0.0,0.0,0,12.61,17.5,19.0,99,18,0x02,0,0x0000,0x00000000,0x00000000,20,READY_FOR_BUTTON
72841,0.0,3.5,0.0,0.0,0.0,0,12.61,17.4,18.7,99,18,0x02,0,0x0000,0x00000000,0x00000000,20,READY_FOR_BUTTON
72941,0.0,3.5,0.0,0.0,0.0,0,12.61,17.4,19.0,99,18,0x02,0,0x0000,0x00000000,0x00000000,20,READY_FOR_BUTTON
73041,0.0,3.5,0.0,0.0,0.0,0,12.61,17.4,18.8,99,18,0x02,0,0x0000,0x00000000,0x00000000,20,READY_FOR_BUTTON
73141,0.0,3.5,0.0,0.0,0.0,0,12.59,17.4,18.7,99,18,0x02,0,0x0000,0x00000000,0x00000000,20,READY_FOR_BUTTON
73241,0.0,3.5,0.0,0.0,0.0,0,12.63,17.4,18.6,99,18,0x02,0,0x0000,0x00000000,0x00000000,20,READY_FOR_BUTTON
73341,0.0,3.5,0.0,0.0,0.0,0,12.63,17.4,18.7,99,18,0x02,0,0x0000,0x00000000,0x00000000,20,READY_FOR_BUTTON
73441,0.3,3.6,0.0,0.0,0.0,0,12.61,17.4,19.0,99,18,0x02,0,0x0000,0x00000000,0x00000000,20,READY_FOR_BUTTON
73541,0.0,3.5,0.0,0.0,0.0,0,12.61,17.4,18.7,99,18,0x02,0,0x0000,0x00000000,0x00000000,20,READY_FOR_BUTTON
73641,0.0,3.5,0.0,0.0,0.0,0,12.61,17.4,18.7,99,18,0x02,0,0x0000,0x00000000,0x00000000,20,READY_FOR_BUTTON
73741,0.0,3.5,0.0,0.0,0.0,0,12.59,17.4,19.1,99,18,0x02,0,0x0000,0x00000000,0x00000000,20,READY_FOR_BUTTON
73841,0.0,3.5,0.0,0.0,0.0,0,12.62,17.4,18.8,99,18,0x02,0,0x0000,0x00000000,0x00000000,20,READY_FOR_BUTTON
73941,0.0,3.5,0.0,0.0,0.0,0,12.63,17.4,18.6,99,18,0x02,0,0x0000,0x00000000,0x00000000,20,READY_FOR_BUTTON
74041,0.0,3.5,0.0,0.0,0.0,0,12.62,17.4,18.8,99,18,0x02,0,0x0000,0x00000000,0x00000000,20,READY_FOR_BUTTON
74141,0.0,3.5,0.0,0.0,0.0,0,12.61,17.4,18.8,99,18,0x02,0,0x0000,0x00000000,0x00000000,20,READY_FOR_BUTTON
74241,0.0,3.5,0.0,0.0,0.0,0,12.6,17.4,18.7,99,18,0x02,0,0x0000,0x00000000,0x00000000,20,READY_FOR_BUTTON
74341,0.0,3.5,0.0,0.0,0.0,0,12.6,17.4,18.8,99,18,0x02,0,0x0000,0x00000000,0x00000000,20,READY_FOR_BUTTON
74441,0.0,3.5,0.0,0.0,0.0,0,12.64,17.4,19.0,99,18,0x02,0,0x0000,0x00000000,0x00000000,20,READY_FOR_BUTTON
74541,0.0,3.5,0.0,0.0,0.0,0,12.61,17.4,19.0,99,18,0x02,0,0x0000,0x00000000,0x00000000,20,READY_FOR_BUTTON
74641,0.0,3.5,0.0,0.0,0.0,0,12.6,17.4,18.8,99,18,0x02,0,0x0000,0x00000000,0x00000000,20,READY_FOR_BUTTON
74741,0.0,3.5,0.0,0.0,0.0,0,12.61,17.4,18.8,99,18,0x02,0,0x0000,0x00000000,0x00000000,20,READY_FOR_BUTTON
74842,0.0,3.5,0.0,0.0,0.0,0,12.61,17.4,19.2,99,18,0x02,0,0x0000,0x00000000,0x00000000,20,READY_FOR_BUTTON
74942,0.0,3.5,0.0,0.0,0.0,0,12.61,17.4,18.8,99,18,0x02,0,0x0000,0x00000000,0x00000000,20,READY_FOR_BUTTON
75043,0.0,3.6,0.0,0.0,0.0,0,12.62,17.4,18.6,99,18,0x02,0,0x0000,0x00000000,0x00000000,20,READY_FOR_BUTTON
75143,0.0,3.5,0.0,0.0,0.0,0,12.59,17.4,18.8,99,18,0x02,0,0x0000,0x00000000,0x00000000,20,READY_FOR_BUTTON
75243,0.0,3.5,0.0,0.0,0.0,0,12.6,17.4,18.6,99,18,0x02,0,0x0000,0x00000000,0x00000000,20,READY_FOR_BUTTON
75343,0.0,3.5,0.0,0.0,0.0,0,12.62,17.4,18.6,99,18,0x02,0,0x0000,0x00000000,0x00000000,20,READY_FOR_BUTTON
75443,0.0,3.5,0.0,0.0,0.0,0,12.63,17.4,18.6,99,18,0x02,0,0x0000,0x00000000,0x00000000,20,READY_FOR_BUTTON
75543,0.0,3.5,0.0,0.0,0.0,0,12.59,17.4,18.6,99,18,0x02,0,0x0000,0x00000000,0x00000000,20,READY_FOR_BUTTON
75643,0.0,3.5,0.0,0.0,0.0,0,12.63,17.4,18.6,99,18,0x02,0,0x0000,0x00000000,0x00000000,20,READY_FOR_BUTTON
75743,0.0,3.5,0.0,0.0,0.0,0,12.61,17.4,18.6,99,18,0x02,0,0x0000,0x00000000,0x00000000,20,READY_FOR_BUTTON
75843,0.0,3.5,0.0,0.0,0.0,0,12.59,17.4,18.7,99,18,0x02,0,0x0000,0x00000000,0x00000000,20,READY_FOR_BUTTON
75943,0.0,3.5,0.0,0.0,0.0,0,12.61,17.4,18.7,99,18,0x02,0,0x0000,0x00000000,0x00000000,20,READY_FOR_BUTTON
76044,0.0,3.5,0.0,0.0,0.0,0,12.6,17.4,18.6,99,18,0x02,0,0x0000,0x00000000,0x00000000,20,READY_FOR_BUTTON
76144,0.0,3.5,0.0,0.0,0.0,0,12.6,17.4,18.6,99,18,0x02,0,0x0000,0x00000000,0x00000000,20,READY_FOR_BUTTON
76244,0.0,3.6,0.0,0.0,0.0,0,12.59,17.4,18.6,99,18,0x02,0,0x0000,0x00000000,0x00000000,20,READY_FOR_BUTTON
76344,0.0,3.5,0.0,0.0,0.0,0,12.63,17.4,18.7,99,18,0x02,0,0x0000,0x00000000,0x00000000,20,READY_FOR_BUTTON
76444,0.0,3.5,0.0,0.0,0.0,0,12.6,17.4,18.7,99,18,0x02,0,0x0000,0x00000000,0x00000000,20,READY_FOR_BUTTON
76544,0.0,3.5,0.0,0.0,0.0,0,12.61,17.4,18.7,99,18,0x02,0,0x0000,0x00000000,0x00000000,20,READY_FOR_BUTTON
76644,0.0,3.5,0.0,0.0,0.0,0,12.62,17.4,19.0,99,18,0x02,0,0x0000,0x00000000,0x00000000,20,READY_FOR_BUTTON
76744,0.0,3.6,0.0,0.0,0.0,0,12.6,17.4,19.1,99,18,0x02,0,0x0000,0x00000000,0x00000000,20,READY_FOR_BUTTON
76844,0.0,3.5,0.0,0.0,0.0,0,12.61,17.4,18.8,99,18,0x02,0,0x0000,0x00000000,0x00000000,20,READY_FOR_BUTTON
76944,0.0,3.5,0.0,0.0,0.0,0,12.62,17.4,18.8,99,18,0x02,0,0x0000,0x00000000,0x00000000,20,READY_FOR_BUTTON
77044,0.0,3.5,0.0,0.0,0.0,0,12.5,17.4,18.8,99,18,0x02,0,0x0000,0x00000000,0x00000000,20,READY_FOR_BUTTON
77144,0.0,3.5,0.0,0.0,0.0,0,12.6,17.4,18.8,99,18,0x02,0,0x0000,0x00000000,0x00000000,20,READY_FOR_BUTTON
77244,0.0,3.5,0.0,0.0,0.0,0,12.61,17.4,19.0,99,18,0x02,0,0x0000,0x00000000,0x00000000,20,READY_FOR_BUTTON
77344,0.0,3.5,0.0,0.0,0.0,0,12.59,17.4,19.1,99,18,0x02,0,0x0000,0x00000000,0x00000000,20,READY_FOR_BUTTON
77444,0.0,3.5,0.0,0.0,0.0,0,12.63,17.4,18.8,99,18,0x02,0,0x0000,0x00000000,0x00000000,20,READY_FOR_BUTTON
77544,0.1,3.5,0.0,0.0,0.0,0,12.62,17.4,18.8,99,18,0x02,0,0x0000,0x00000000,0x00000000,20,READY_FOR_BUTTON
77644,0.0,3.5,0.0,0.0,0.0,0,12.61,17.4,19.1,99,18,0x02,0,0x0000,0x00000000,0x00000000,20,READY_FOR_BUTTON
77744,0.0,3.5,0.0,0.0,0.0,0,12.62,17.4,18.8,99,18,0x02,0,0x0000,0x00000000,0x00000000,20,READY_FOR_BUTTON
77844,0.0,3.5,0.0,0.0,0.0,0,12.63,17.4,18.8,99,18,0x02,0,0x0000,0x00000000,0x00000000,20,READY_FOR_BUTTON
77944,0.0,3.6,0.0,0.0,0.0,0,12.59,17.4,18.7,99,18,0x02,0,0x0000,0x00000000,0x00000000,20,READY_FOR_BUTTON
78044,0.0,3.5,0.0,0.0,0.0,0,12.6,17.4,18.7,99,18,0x02,0,0x0000,0x00000000,0x00000000,20,READY_FOR_BUTTON
78144,0.0,3.5,0.0,0.0,0.0,0,12.6,17.4,19.0,99,18,0x02,0,0x0000,0x00000000,0x00000000,20,READY_FOR_BUTTON
78244,0.0,3.5,0.0,0.0,0.0,0,12.59,17.4,18.7,99,18,0x02,0,0x0000,0x00000000,0x00000000,20,READY_FOR_BUTTON
78344,0.0,3.5,0.0,0.0,0.0,0,12.6,17.4,18.4,99,18,0x02,0,0x0000,0x00000000,0x00000000,20,READY_FOR_BUTTON
78444,0.0,3.5,0.0,0.0,0.0,0,12.61,17.4,18.6,99,18,0x02,0,0x0000,0x00000000,0x00000000,20,READY_FOR_BUTTON
78544,0.0,3.5,0.0,0.0,0.0,0,12.61,17.4,18.8,99,18,0x02,0,0x0000,0x00000000,0x00000000,20,READY_FOR_BUTTON
78644,0.0,3.5,0.0,0.0,0.0,0,12.62,17.4,18.7,99,18,0x02,0,0x0000,0x00000000,0x00000000,20,READY_FOR_BUTTON
78744,0.0,3.5,0.0,0.0,0.0,0,12.61,17.4,18.7,99,18,0x02,0,0x0000,0x00000000,0x00000000,20,READY_FOR_BUTTON
78844,0.0,3.5,0.0,0.0,0.0,0,12.6,17.4,18.6,99,18,0x02,0,0x0000,0x00000000,0x00000000,20,READY_FOR_BUTTON
78944,0.0,3.5,0.0,0.0,0.0,0,12.56,17.4,18.6,99,18,0x02,0,0x0000,0x00000000,0x00000000,20,READY_FOR_BUTTON
79044,0.0,3.5,0.0,0.0,0.0,0,12.61,17.4,18.7,99,18,0x02,0,0x0000,0x00000000,0x00000000,20,READY_FOR_BUTTON
79144,0.0,3.5,0.0,0.0,0.0,0,12.6,17.4,18.4,99,18,0x02,0,0x0000,0x00000000,0x00000000,20,READY_FOR_BUTTON
79244,0.0,3.5,0.0,0.0,0.0,0,12.62,17.4,18.7,99,18,0x02,0,0x0000,0x00000000,0x00000000,20,READY_FOR_BUTTON
79344,0.0,3.5,0.0,0.0,0.0,0,12.63,17.4,18.7,99,18,0x02,0,0x0000,0x00000000,0x00000000,20,READY_FOR_BUTTON
79444,0.0,3.5,0.0,0.0,0.0,0,12.61,17.4,18.8,99,18,0x02,0,0x0000,0x00000000,0x00000000,20,READY_FOR_BUTTON
79544,0.0,3.5,0.0,0.0,0.0,0,12.62,17.4,18.8,99,18,0x02,0,0x0000,0x00000000,0x00000000,20,READY_FOR_BUTTON
79644,0.0,3.5,0.0,0.0,0.0,0,12.61,17.4,19.1,99,18,0x02,0,0x0000,0x00000000,0x00000000,20,READY_FOR_BUTTON
79744,0.0,3.6,0.0,0.0,0.0,0,12.58,17.4,18.8,99,18,0x02,0,0x0000,0x00000000,0x00000000,20,READY_FOR_BUTTON
79844,0.0,3.5,0.0,0.0,0.0,0,12.62,17.4,18.7,99,18,0x02,0,0x0000,0x00000000,0x00000000,20,READY_FOR_BUTTON
79944,0.0,3.5,0.0,0.0,0.0,0,12.62,17.4,18.8,99,18,0x02,0,0x0000,0x00000000,0x00000000,20,READY_FOR_BUTTON
80044,0.0,3.5,0.0,0.0,0.0,0,12.63,17.4,19.2,99,18,0x02,0,0x0000,0x00000000,0x00000000,20,READY_FOR_BUTTON
80144,0.0,3.5,0.0,0.0,0.0,0,12.6,17.4,19.0,99,18,0x02,0,0x0000,0x00000000,0x00000000,20,READY_FOR_BUTTON
80244,0.0,3.5,0.0,0.0,0.0,0,12.6,17.4,18.8,99,18,0x02,0,0x0000,0x00000000,0x00000000,20,READY_FOR_BUTTON
80344,0.0,3.5,0.0,0.0,0.0,0,12.62,17.4,18.4,99,18,0x02,0,0x0000,0x00000000,0x00000000,20,READY_FOR_BUTTON
80444,0.0,3.5,0.0,0.0,0.0,0,12.63,17.4,18.7,99,18,0x02,0,0x0000,0x00000000,0x00000000,20,READY_FOR_BUTTON
80544,0.0,3.5,0.0,0.0,0.0,0,12.6,17.4,18.7,99,18,0x02,0,0x0000,0x00000000,0x00000000,20,READY_FOR_BUTTON
80644,0.0,3.5,0.0,0.0,0.0,0,12.59,17.4,19.1,99,18,0x02,0,0x0000,0x00000000,0x00000000,20,READY_FOR_BUTTON
80744,0.0,3.5,0.0,0.0,0.0,0,12.61,17.4,18.7,99,18,0x02,0,0x0000,0x00000000,0x00000000,20,READY_FOR_BUTTON
80844,0.0,3.5,0.0,0.0,0.0,0,12.61,17.4,19.1,99,18,0x02,0,0x0000,0x00000000,0x00000000,20,READY_FOR_BUTTON
80944,0.0,3.5,0.0,0.0,0.0,0,12.59,17.4,18.8,99,18,0x02,0,0x0000,0x00000000,0x00000000,20,READY_FOR_BUTTON
81044,0.0,3.6,0.0,0.0,0.0,0,12.63,17.4,18.8,99,18,0x02,0,0x0000,0x00000000,0x00000000,20,READY_FOR_BUTTON
81144,0.0,3.5,0.0,0.0,0.0,0,12.6,17.4,18.6,99,18,0x02,0,0x0000,0x00000000,0x00000000,20,READY_FOR_BUTTON
81244,0.0,3.5,0.0,0.0,0.0,0,12.6,17.4,18.7,99,18,0x02,0,0x0000,0x00000000,0x00000000,20,READY_FOR_BUTTON
81344,0.0,3.5,0.0,0.0,0.0,0,12.62,17.4,18.7,99,18,0x02,0,0x0000,0x00000000,0x00000000,20,READY_FOR_BUTTON
81444,0.0,3.5,0.0,0.0,0.0,0,12.6,17.4,18.7,99,18,0x02,0,0x0000,0x00000000,0x00000000,20,READY_FOR_BUTTON
81544,0.0,3.5,0.0,0.0,0.0,0,12.6,17.4,19.0,99,18,0x02,0,0x0000,0x00000000,0x00000000,20,READY_FOR_BUTTON
81644,0.0,3.5,0.0,0.0,0.0,0,12.62,17.4,18.6,99,18,0x02,0,0x0000,0x00000000,0x00000000,20,READY_FOR_BUTTON
81745,0.0,3.5,0.0,0.0,0.0,0,12.61,17.4,19.0,99,18,0x02,0,0x0000,0x00000000,0x00000000,20,READY_FOR_BUTTON
81845,0.0,3.6,0.0,0.0,0.0,0,12.61,17.4,18.7,99,18,0x02,0,0x0000,0x00000000,0x00000000,20,READY_FOR_BUTTON
81945,0.0,3.5,0.0,0.0,0.0,0,12.58,17.4,18.7,99,18,0x02,0,0x0000,0x00000000,0x00000000,20,READY_FOR_BUTTON
82045,0.0,3.5,0.0,0.0,0.0,0,12.63,17.4,18.6,99,18,0x02,0,0x0000,0x00000000,0x00000000,20,READY_FOR_BUTTON
82145,0.0,3.5,0.0,0.0,0.0,0,12.63,17.4,19.0,99,18,0x02,0,0x0000,0x00000000,0x00000000,20,READY_FOR_BUTTON
82245,0.0,3.5,0.0,0.0,0.0,0,12.53,17.4,19.0,99,18,0x02,0,0x0000,0x00000000,0x00000000,20,READY_FOR_BUTTON
82345,0.0,3.5,0.0,0.0,0.0,0,12.62,17.4,18.8,99,18,0x02,0,0x0000,0x00000000,0x00000000,20,READY_FOR_BUTTON
82445,0.0,3.5,0.0,0.0,0.0,0,12.64,17.4,18.6,99,18,0x02,0,0x0000,0x00000000,0x00000000,20,READY_FOR_BUTTON
82545,0.0,3.5,0.0,0.0,0.0,0,12.63,17.4,18.8,99,18,0x02,0,0x0000,0x00000000,0x00000000,20,READY_FOR_BUTTON
82645,0.0,3.6,0.0,0.0,0.0,0,12.61,17.4,18.8,99,18,0x02,0,0x0000,0x00000000,0x00000000,20,READY_FOR_BUTTON
82745,0.0,3.5,0.0,0.0,0.0,0,12.59,17.4,18.7,99,18,0x02,0,0x0000,0x00000000,0x00000000,20,READY_FOR_BUTTON
82845,0.0,3.5,0.0,0.0,0.0,0,12.58,17.4,19.0,99,18,0x02,0,0x0000,0x00000000,0x00000000,20,READY_FOR_BUTTON
82945,0.0,3.6,0.0,0.0,0.0,0,12.6,17.4,18.7,99,18,0x02,0,0x0000,0x00000000,0x00000000,20,READY_FOR_BUTTON
83045,0.0,3.5,0.0,0.0,0.0,0,12.59,17.4,18.6,99,18,0x02,0,0x0000,0x00000000,0x00000000,20,READY_FOR_BUTTON
83145,0.0,3.5,0.0,0.0,0.0,0,12.59,17.4,18.7,99,18,0x02,0,0x0000,0x00000000,0x00000000,20,READY_FOR_BUTTON
83245,0.0,3.5,0.0,0.0,0.0,0,12.63,17.4,19.0,99,18,0x02,0,0x0000,0x00000000,0x00000000,20,READY_FOR_BUTTON
83345,0.1,3.4,0.0,0.0,0.0,0,12.62,17.4,18.6,99,18,0x02,0,0x0000,0x00000000,0x00000000,20,READY_FOR_BUTTON
83445,0.0,3.6,0.0,0.0,0.0,0,12.6,17.4,19.0,99,18,0x02,0,0x0000,0x00000000,0x00000000,20,READY_FOR_BUTTON
83545,0.0,3.5,0.0,0.0,0.0,0,12.62,17.4,18.4,99,18,0x02,0,0x0000,0x00000000,0x00000000,20,READY_FOR_BUTTON
83645,0.0,3.5,0.0,0.0,0.0,0,12.61,17.4,18.4,99,18,0x02,0,0x0000,0x00000000,0x00000000,20,READY_FOR_BUTTON
83745,0.0,3.5,0.0,0.0,0.0,0,12.59,17.4,18.8,99,18,0x02,0,0x0000,0x00000000,0x00000000,20,READY_FOR_BUTTON
83845,0.0,3.5,0.0,0.0,0.0,0,12.62,17.4,18.6,99,18,0x02,0,0x0000,0x00000000,0x00000000,20,READY_FOR_BUTTON
83945,0.0,3.6,0.0,0.0,0.0,0,12.6,17.4,18.6,99,18,0x02,0,0x0000,0x00000000,0x00000000,20,READY_FOR_BUTTON
84045,0.0,3.5,0.0,0.0,0.0,0,12.61,17.4,18.8,99,18,0x02,0,0x0000,0x00000000,0x00000000,20,READY_FOR_BUTTON
84145,0.0,3.5,0.0,0.0,0.0,0,12.61,17.4,18.6,99,18,0x02,0,0x0000,0x00000000,0x00000000,20,READY_FOR_BUTTON
84245,0.0,3.5,0.0,0.0,0.0,0,12.61,17.4,19.2,99,18,0x02,0,0x0000,0x00000000,0x00000000,20,READY_FOR_BUTTON
84345,0.0,3.5,0.0,0.0,0.0,0,12.6,17.4,18.8,99,18,0x02,0,0x0000,0x00000000,0x00000000,20,READY_FOR_BUTTON
84445,0.0,3.5,0.0,0.0,0.0,0,12.63,17.4,19.2,99,18,0x02,0,0x0000,0x00000000,0x00000000,20,READY_FOR_BUTTON
84545,0.0,3.5,0.0,0.0,0.0,0,12.6,17.4,18.6,99,18,0x02,0,0x0000,0x00000000,0x00000000,20,READY_FOR_BUTTON
84645,0.0,3.5,0.0,0.0,0.0,0,12.62,17.4,19.1,99,18,0x02,0,0x0000,0x00000000,0x00000000,20,READY_FOR_BUTTON
84745,0.0,3.5,0.0,0.0,0.0,0,12.62,17.4,19.0,99,18,0x02,0,0x0000,0x00000000,0x00000000,20,READY_FOR_BUTTON
84845,0.0,3.5,0.0,0.0,0.0,0,12.6,17.4,19.2,99,18,0x02,0,0x0000,0x00000000,0x00000000,20,READY_FOR_BUTTON
84945,0.0,3.5,0.0,0.0,0.0,0,12.62,17.4,18.4,99,18,0x02,0,0x0000,0x00000000,0x00000000,20,READY_FOR_BUTTON
85045,0.0,3.5,0.0,0.0,0.0,0,12.61,17.4,18.7,99,18,0x02,0,0x0000,0x00000000,0x00000000,20,READY_FOR_BUTTON
85145,0.0,3.5,0.0,0.0,0.0,0,12.61,17.4,18.7,99,18,0x02,0,0x0000,0x00000000,0x00000000,20,READY_FOR_BUTTON
85245,0.0,3.6,0.0,0.0,0.0,0,12.59,17.4,18.7,99,18,0x02,0,0x0000,0x00000000,0x00000000,20,READY_FOR_BUTTON
85345,0.0,3.5,0.0,0.0,0.0,0,12.6,17.4,18.8,99,18,0x02,0,0x0000,0x00000000,0x00000000,20,READY_FOR_BUTTON
85445,0.0,3.5,0.0,0.0,0.0,0,12.58,17.4,18.8,99,18,0x02,0,0x0000,0x00000000,0x00000000,20,READY_FOR_BUTTON
85545,0.0,3.5,0.0,0.0,0.0,0,12.64,17.4,19.0,99,18,0x02,0,0x0000,0x00000000,0x00000000,20,READY_FOR_BUTTON
85645,0.0,3.5,0.0,0.0,0.0,0,12.61,17.4,18.6,99,18,0x02,0,0x0000,0x00000000,0x00000000,20,READY_FOR_BUTTON
85745,0.0,3.5,0.0,0.0,0.0,0,12.59,17.4,18.7,99,18,0x02,0,0x0000,0x00000000,0x00000000,20,READY_FOR_BUTTON
85845,0.0,3.5,0.0,0.0,0.0,0,12.61,17.4,19.0,99,18,0x02,0,0x0000,0x00000000,0x00000000,20,READY_FOR_BUTTON
85945,0.0,3.5,0.0,0.0,0.0,0,12.61,17.4,18.8,99,18,0x02,0,0x0000,0x00000000,0x00000000,20,READY_FOR_BUTTON
86045,0.0,3.5,0.0,0.0,0.0,0,12.59,17.4,18.7,99,18,0x02,0,0x0000,0x00000000,0x00000000,20,READY_FOR_BUTTON
86145,0.0,3.5,0.0,0.0,0.0,0,12.59,17.4,19.0,99,18,0x02,0,0x0000,0x00000000,0x00000000,20,READY_FOR_BUTTON
86245,0.0,3.5,0.0,0.0,0.0,0,12.61,17.4,18.8,99,18,0x02,0,0x0000,0x00000000,0x00000000,20,READY_FOR_BUTTON
86345,0.0,3.5,0.0,0.0,0.0,0,12.59,17.4,18.8,99,18,0x02,0,0x0000,0x00000000,0x00000000,20,READY_FOR_BUTTON
86445,0.0,3.5,0.0,0.0,0.0,0,12.61,17.4,19.0,99,18,0x02,0,0x0000,0x00000000,0x00000000,20,READY_FOR_BUTTON
86545,0.0,3.5,0.0,0.0,0.0,0,12.61,17.4,19.0,99,18,0x02,0,0x0000,0x00000000,0x00000000,20,READY_FOR_BUTTON
86646,0.0,3.5,0.0,0.0,0.0,0,12.61,17.4,18.3,99,18,0x02,0,0x0000,0x00000000,0x00000000,20,READY_FOR_BUTTON
86746,0.0,3.5,0.0,0.0,0.0,0,12.61,17.4,18.3,99,18,0x02,0,0x0000,0x00000000,0x00000000,20,READY_FOR_BUTTON
86846,0.0,3.5,0.0,0.0,0.0,0,12.6,17.4,19.2,99,18,0x02,0,0x0000,0x00000000,0x00000000,20,READY_FOR_BUTTON
86946,0.0,3.5,0.0,0.0,0.0,0,12.6,17.4,19.1,99,18,0x02,0,0x0000,0x00000000,0x00000000,20,READY_FOR_BUTTON
87046,0.0,3.5,0.0,0.0,0.0,0,12.62,17.4,18.7,99,18,0x02,0,0x0000,0x00000000,0x00000000,20,READY_FOR_BUTTON
87146,0.0,3.5,0.0,0.0,0.0,0,12.62,17.4,18.8,99,18,0x02,0,0x0000,0x00000000,0x00000000,20,READY_FOR_BUTTON
87246,0.0,3.5,0.0,0.0,0.0,0,12.61,17.4,19.0,99,18,0x02,0,0x0000,0x00000000,0x00000000,20,READY_FOR_BUTTON
87346,0.0,3.5,0.0,0.0,0.0,0,12.59,17.4,19.0,99,18,0x02,0,0x0000,0x00000000,0x00000000,20,READY_FOR_BUTTON
87446,0.0,3.5,0.0,0.0,0.0,0,12.6,17.4,18.8,99,18,0x02,0,0x0000,0x00000000,0x00000000,20,READY_FOR_BUTTON
87547,0.0,3.5,0.0,0.0,0.0,0,12.62,17.4,18.8,99,18,0x02,0,0x0000,0x00000000,0x00000000,20,READY_FOR_BUTTON
87647,0.0,3.5,0.0,0.0,0.0,0,12.59,17.4,18.7,99,18,0x02,0,0x0000,0x00000000,0x00000000,20,READY_FOR_BUTTON
87747,0.0,3.6,0.0,0.0,0.0,0,12.6,17.4,18.7,99,18,0x02,0,0x0000,0x00000000,0x00000000,20,READY_FOR_BUTTON
87847,0.0,3.6,0.0,0.0,0.0,0,12.61,17.4,18.7,99,18,0x02,0,0x0000,0x00000000,0x00000000,20,READY_FOR_BUTTON
87947,0.0,3.5,0.0,0.0,0.0,0,12.59,17.4,18.7,99,18,0x02,0,0x0000,0x00000000,0x00000000,20,READY_FOR_BUTTON
88047,0.0,3.5,0.0,0.0,0.0,0,12.63,17.4,18.4,99,18,0x02,0,0x0000,0x00000000,0x00000000,20,READY_FOR_BUTTON
88147,0.0,3.5,0.0,0.0,0.0,0,12.59,17.4,18.6,99,18,0x02,0,0x0000,0x00000000,0x00000000,20,READY_FOR_BUTTON
88247,0.0,3.5,0.0,0.0,0.0,0,12.59,17.4,18.7,99,18,0x02,0,0x0000,0x00000000,0x00000000,20,READY_FOR_BUTTON
88347,0.0,3.5,0.0,0.0,0.0,0,12.6,17.4,19.0,99,18,0x02,0,0x0000,0x00000000,0x00000000,20,READY_FOR_BUTTON
88447,0.0,3.5,0.0,0.0,0.0,0,12.61,17.4,18.7,99,18,0x02,0,0x0000,0x00000000,0x00000000,20,READY_FOR_BUTTON
88547,0.0,3.5,0.0,0.0,0.0,0,12.6,17.4,18.4,99,18,0x02,0,0x0000,0x00000000,0x00000000,20,READY_FOR_BUTTON
88647,0.0,3.5,0.0,0.0,0.0,0,12.62,17.4,18.7,99,18,0x02,0,0x0000,0x00000000,0x00000000,20,READY_FOR_BUTTON
88747,0.0,3.5,0.0,0.0,0.0,0,12.6,17.4,18.7,99,18,0x02,0,0x0000,0x00000000,0x00000000,20,READY_FOR_BUTTON
88847,0.0,3.6,0.0,0.0,0.0,0,12.62,17.4,18.7,99,18,0x02,0,0x0000,0x00000000,0x00000000,20,READY_FOR_BUTTON
88947,0.0,3.5,0.0,0.0,0.0,0,12.63,17.4,18.6,99,18,0x02,0,0x0000,0x00000000,0x00000000,20,READY_FOR_BUTTON
89047,0.0,3.5,0.0,0.0,0.0,0,12.59,17.4,19.0,99,18,0x02,0,0x0000,0x00000000,0x00000000,20,READY_FOR_BUTTON
89147,0.0,3.5,0.0,0.0,0.0,0,12.62,17.4,18.7,99,18,0x02,0,0x0000,0x00000000,0x00000000,20,READY_FOR_BUTTON
89247,0.0,3.5,0.0,0.0,0.0,0,12.62,17.4,19.1,99,18,0x02,0,0x0000,0x00000000,0x00000000,20,READY_FOR_BUTTON
89347,0.0,3.5,0.0,0.0,0.0,0,12.6,17.4,19.0,99,18,0x02,0,0x0000,0x00000000,0x00000000,20,READY_FOR_BUTTON
89447,0.0,3.5,0.0,0.0,0.0,0,12.59,17.4,18.6,99,18,0x02,0,0x0000,0x00000000,0x00000000,20,READY_FOR_BUTTON
89547,0.0,3.4,0.0,0.0,0.0,0,12.61,17.4,18.7,99,18,0x02,0,0x0000,0x00000000,0x00000000,20,READY_FOR_BUTTON
89647,0.0,3.5,0.0,0.0,0.0,0,12.6,17.4,18.8,99,18,0x02,0,0x0000,0x00000000,0x00000000,20,READY_FOR_BUTTON
89747,0.0,3.5,0.0,0.0,0.0,0,12.59,17.4,19.1,99,18,0x02,0,0x0000,0x00000000,0x00000000,20,READY_FOR_BUTTON
89847,0.0,3.5,0.0,0.0,0.0,0,12.61,17.4,18.7,99,18,0x02,0,0x0000,0x00000000,0x00000000,20,READY_FOR_BUTTON
89947,0.0,3.5,0.0,0.0,0.0,0,12.59,17.4,18.6,99,18,0x02,0,0x0000,0x00000000,0x00000000,20,READY_FOR_BUTTON
90047,0.0,3.5,0.0,0.0,0.0,0,12.59,17.4,18.7,99,18,0x02,0,0x0000,0x00000000,0x00000000,20,READY_FOR_BUTTON
90147,0.0,3.5,0.0,0.0,0.0,0,12.61,17.4,18.4,99,18,0x02,0,0x0000,0x00000000,0x00000000,20,READY_FOR_BUTTON
90247,0.0,3.5,0.0,0.0,0.0,0,12.61,17.4,18.6,99,18,0x02,0,0x0000,0x00000000,0x00000000,20,READY_FOR_BUTTON
90347,0.0,3.5,0.0,0.0,0.0,0,12.61,17.4,18.6,99,18,0x02,0,0x0000,0x00000000,0x00000000,20,READY_FOR_BUTTON
90447,0.0,3.6,0.0,0.0,0.0,0,12.62,17.4,18.4,99,18,0x02,0,0x0000,0x00000000,0x00000000,20,READY_FOR_BUTTON
90547,0.0,3.5,0.0,0.0,0.0,0,12.6,17.4,19.0,99,18,0x02,0,0x0000,0x00000000,0x00000000,20,READY_FOR_BUTTON
90647,0.0,3.5,0.0,0.0,0.0,0,12.6,17.4,18.8,99,18,0x02,0,0x0000,0x00000000,0x00000000,20,READY_FOR_BUTTON
90747,0.0,3.5,0.0,0.0,0.0,0,12.66,17.4,18.8,99,18,0x02,0,0x0000,0x00000000,0x00000000,20,READY_FOR_BUTTON
90847,0.0,3.5,0.0,0.0,0.0,0,12.59,17.4,18.8,99,18,0x02,0,0x0000,0x00000000,0x00000000,20,READY_FOR_BUTTON
90947,0.0,3.5,0.0,0.0,0.0,0,12.63,17.4,19.0,99,18,0x02,0,0x0000,0x00000000,0x00000000,20,READY_FOR_BUTTON
91047,0.0,3.6,0.0,0.0,0.0,0,12.61,17.4,19.0,99,18,0x02,0,0x0000,0x00000000,0x00000000,20,READY_FOR_BUTTON
91147,0.0,3.5,0.0,0.0,0.0,0,12.6,17.4,18.6,99,18,0x02,0,0x0000,0x00000000,0x00000000,20,READY_FOR_BUTTON
91247,0.0,3.5,0.0,0.0,0.0,0,12.59,17.4,18.4,99,18,0x02,0,0x0000,0x00000000,0x00000000,20,READY_FOR_BUTTON
91347,0.0,3.5,0.0,0.0,0.0,0,12.62,17.4,19.1,99,18,0x02,0,0x0000,0x00000000,0x00000000,20,READY_FOR_BUTTON
91447,0.0,3.5,0.0,0.0,0.0,0,12.61,17.4,18.7,99,18,0x02,0,0x0000,0x00000000,0x00000000,20,READY_FOR_BUTTON
91547,0.0,3.5,0.0,0.0,0.0,0,12.58,17.4,18.7,99,18,0x02,0,0x0000,0x00000000,0x00000000,20,READY_FOR_BUTTON
91647,0.0,3.5,0.0,0.0,0.0,0,12.61,17.4,19.2,99,18,0x02,0,0x0000,0x00000000,0x00000000,20,READY_FOR_BUTTON
91747,0.0,3.5,0.0,0.0,0.0,0,12.61,17.4,18.7,99,18,0x02,0,0x0000,0x00000000,0x00000000,20,READY_FOR_BUTTON
91847,0.0,3.5,0.0,0.0,0.0,0,12.68,17.4,18.7,99,18,0x02,0,0x0000,0x00000000,0x00000000,20,READY_FOR_BUTTON
91947,0.0,3.5,0.0,0.0,0.0,0,12.61,17.4,18.8,99,18,0x02,0,0x0000,0x00000000,0x00000000,20,READY_FOR_BUTTON
92047,0.0,3.5,0.0,0.0,0.0,0,12.6,17.4,18.8,99,18,0x02,0,0x0000,0x00000000,0x00000000,20,READY_FOR_BUTTON
92148,0.0,3.5,0.0,0.0,0.0,0,12.64,17.4,19.0,99,18,0x02,0,0x0000,0x00000000,0x00000000,20,READY_FOR_BUTTON
92248,0.0,3.5,0.0,0.0,0.0,0,12.64,17.4,19.0,99,18,0x02,0,0x0000,0x00000000,0x00000000,20,READY_FOR_BUTTON
92348,0.0,3.5,0.0,0.0,0.0,0,12.62,17.4,18.8,99,18,0x02,0,0x0000,0x00000000,0x00000000,20,READY_FOR_BUTTON
92448,0.0,3.5,0.0,0.0,0.0,0,12.59,17.4,18.4,99,18,0x02,0,0x0000,0x00000000,0x00000000,20,READY_FOR_BUTTON
92548,0.0,3.5,0.0,0.0,0.0,0,12.6,17.4,18.8,99,18,0x02,0,0x0000,0x00000000,0x00000000,20,READY_FOR_BUTTON
92648,0.0,3.5,0.0,0.0,0.0,0,12.62,17.4,18.4,99,18,0x02,0,0x0000,0x00000000,0x00000000,20,READY_FOR_BUTTON
92748,0.0,3.5,0.0,0.0,0.0,0,12.62,17.4,18.6,99,18,0x02,0,0x0000,0x00000000,0x00000000,20,READY_FOR_BUTTON
92848,0.0,3.5,0.0,0.0,0.0,0,12.61,17.4,18.6,99,18,0x02,0,0x0000,0x00000000,0x00000000,20,READY_FOR_BUTTON
92948,0.0,3.5,0.0,0.0,0.0,0,12.62,17.4,18.7,99,18,0x02,0,0x0000,0x00000000,0x00000000,20,READY_FOR_BUTTON
93048,0.0,3.5,0.0,0.0,0.0,0,12.64,17.4,18.8,99,18,0x02,0,0x0000,0x00000000,0x00000000,20,READY_FOR_BUTTON
93148,0.0,3.5,0.0,0.0,0.0,0,12.59,17.4,18.8,99,18,0x02,0,0x0000,0x00000000,0x00000000,20,READY_FOR_BUTTON
93248,0.0,3.5,0.0,0.0,0.0,0,12.6,17.4,19.7,99,18,0x02,0,0x0000,0x00000000,0x00000000,20,READY_FOR_BUTTON
93348,0.0,3.5,0.0,0.0,0.0,0,12.58,17.4,18.8,99,18,0x02,0,0x0000,0x00000000,0x00000000,20,READY_FOR_BUTTON
93448,0.0,3.5,0.0,0.0,0.0,0,12.59,17.4,18.7,99,18,0x02,0,0x0000,0x00000000,0x00000000,20,READY_FOR_BUTTON
93548,0.0,3.5,0.0,0.0,0.0,0,12.6,17.4,19.1,99,18,0x02,0,0x0000,0x00000000,0x00000000,20,READY_FOR_BUTTON
93649,0.0,3.5,0.0,0.0,0.0,0,12.6,17.4,19.1,99,18,0x02,0,0x0000,0x00000000,0x00000000,20,READY_FOR_BUTTON
93749,0.0,3.5,0.0,0.0,0.0,0,12.61,17.4,18.8,99,18,0x02,0,0x0000,0x00000000,0x00000000,20,READY_FOR_BUTTON
93849,0.0,3.5,0.0,0.0,0.0,0,12.59,17.4,18.8,99,18,0x02,0,0x0000,0x00000000,0x00000000,20,READY_FOR_BUTTON
93950,0.0,3.5,0.0,0.0,0.0,0,12.61,17.4,18.6,99,18,0x02,0,0x0000,0x00000000,0x00000000,20,READY_FOR_BUTTON
94050,0.0,3.5,0.0,0.0,0.0,0,12.61,17.4,19.2,99,18,0x02,0,0x0000,0x00000000,0x00000000,20,READY_FOR_BUTTON
94150,0.0,3.6,0.0,0.0,0.0,0,12.6,17.4,19.0,99,18,0x02,0,0x0000,0x00000000,0x00000000,20,READY_FOR_BUTTON
94250,0.0,3.5,0.0,0.0,0.0,0,12.58,17.4,19.1,99,18,0x02,0,0x0000,0x00000000,0x00000000,20,READY_FOR_BUTTON
94350,0.0,3.5,0.0,0.0,0.0,0,12.6,17.4,18.7,99,18,0x02,0,0x0000,0x00000000,0x00000000,20,READY_FOR_BUTTON
94450,0.0,3.4,0.0,0.0,0.0,0,12.6,17.4,19.0,99,18,0x02,0,0x0000,0x00000000,0x00000000,20,READY_FOR_BUTTON
94550,0.0,3.5,0.0,0.0,0.0,0,12.54,17.4,19.0,99,18,0x02,0,0x0000,0x00000000,0x00000000,20,READY_FOR_BUTTON
94650,0.0,3.5,0.0,0.0,0.0,0,12.54,17.4,18.8,99,18,0x02,0,0x0000,0x00000000,0x00000000,20,READY_FOR_BUTTON
94750,0.0,3.5,0.0,0.0,0.0,0,12.61,17.4,18.7,99,18,0x02,0,0x0000,0x00000000,0x00000000,20,READY_FOR_BUTTON
94850,0.0,3.5,0.0,0.0,0.0,0,12.61,17.4,18.4,99,18,0x02,0,0x0000,0x00000000,0x00000000,20,READY_FOR_BUTTON
94950,0.0,3.5,0.0,0.0,0.0,0,12.62,17.4,18.8,99,18,0x02,0,0x0000,0x00000000,0x00000000,20,READY_FOR_BUTTON
95050,0.0,3.6,0.0,0.0,0.0,0,12.63,17.4,18.6,99,18,0x02,0,0x0000,0x00000000,0x00000000,20,READY_FOR_BUTTON
95150,0.0,3.5,0.0,0.0,0.0,0,12.58,17.4,18.7,99,18,0x02,0,0x0000,0x00000000,0x00000000,20,READY_FOR_BUTTON
95250,0.1,3.5,0.0,0.0,0.0,0,12.62,17.4,18.6,99,18,0x02,0,0x0000,0x00000000,0x00000000,20,READY_FOR_BUTTON
95350,0.0,3.5,0.0,0.0,0.0,0,12.63,17.4,18.7,99,18,0x02,0,0x0000,0x00000000,0x00000000,20,READY_FOR_BUTTON
95450,0.0,3.5,0.0,0.0,0.0,0,12.59,17.4,18.6,99,18,0x02,0,0x0000,0x00000000,0x00000000,20,READY_FOR_BUTTON
95550,0.0,3.6,0.0,0.0,0.0,0,12.6,17.4,18.8,99,18,0x02,0,0x0000,0x00000000,0x00000000,20,READY_FOR_BUTTON
95650,0.0,3.5,0.0,0.0,0.0,0,12.6,17.4,18.8,99,18,0x02,0,0x0000,0x00000000,0x00000000,20,READY_FOR_BUTTON
95750,0.0,3.5,0.0,0.0,0.0,0,12.61,17.4,18.6,99,18,0x02,0,0x0000,0x00000000,0x00000000,20,READY_FOR_BUTTON
95850,0.0,3.5,0.0,0.0,0.0,0,12.61,17.4,18.7,99,18,0x02,0,0x0000,0x00000000,0x00000000,20,READY_FOR_BUTTON
95950,0.0,3.5,0.0,0.0,0.0,0,12.6,17.4,18.8,99,18,0x02,0,0x0000,0x00000000,0x00000000,20,READY_FOR_BUTTON
96050,0.0,3.5,0.0,0.0,0.0,0,12.58,17.4,18.7,99,18,0x02,0,0x0000,0x00000000,0x00000000,20,READY_FOR_BUTTON
96150,0.0,3.5,0.0,0.0,0.0,0,12.61,17.4,18.7,99,18,0x02,0,0x0000,0x00000000,0x00000000,20,READY_FOR_BUTTON
96250,0.0,3.6,0.0,0.0,0.0,0,12.6,17.4,18.6,99,18,0x02,0,0x0000,0x00000000,0x00000000,20,READY_FOR_BUTTON
96350,0.0,3.5,0.0,0.0,0.0,0,12.59,17.4,19.0,99,18,0x02,0,0x0000,0x00000000,0x00000000,20,READY_FOR_BUTTON
96450,0.0,3.5,0.0,0.0,0.0,0,12.63,17.4,18.3,99,18,0x02,0,0x0000,0x00000000,0x00000000,20,READY_FOR_BUTTON
96550,0.0,3.5,0.0,0.0,0.0,0,12.62,17.4,18.7,99,18,0x02,0,0x0000,0x00000000,0x00000000,20,READY_FOR_BUTTON
96650,0.0,3.5,0.0,0.0,0.0,0,12.62,17.4,18.6,99,18,0x02,0,0x0000,0x00000000,0x00000000,20,READY_FOR_BUTTON
96750,0.0,3.5,0.0,0.0,0.0,0,12.63,17.4,19.1,99,18,0x02,0,0x0000,0x00000000,0x00000000,20,READY_FOR_BUTTON
96850,0.0,3.5,0.0,0.0,0.0,0,12.62,17.4,19.2,99,18,0x02,0,0x0000,0x00000000,0x00000000,20,READY_FOR_BUTTON
96950,0.0,3.5,0.0,0.0,0.0,0,12.66,17.4,19.0,99,18,0x02,0,0x0000,0x00000000,0x00000000,20,READY_FOR_BUTTON
97050,0.0,3.6,0.0,0.0,0.0,0,12.62,17.4,19.1,99,18,0x02,0,0x0000,0x00000000,0x00000000,20,READY_FOR_BUTTON
97150,0.0,3.6,0.0,0.0,0.0,0,12.61,17.4,18.7,99,18,0x02,0,0x0000,0x00000000,0x00000000,20,READY_FOR_BUTTON
97250,0.0,3.6,0.0,0.0,0.0,0,12.58,17.4,18.7,99,18,0x02,0,0x0000,0x00000000,0x00000000,20,READY_FOR_BUTTON
97350,0.0,3.5,0.0,0.0,0.0,0,12.63,17.4,18.8,99,18,0x02,0,0x0000,0x00000000,0x00000000,20,READY_FOR_BUTTON
97450,0.0,3.5,0.0,0.0,0.0,0,12.63,17.4,18.8,99,18,0x02,0,0x0000,0x00000000,0x00000000,20,READY_FOR_BUTTON
97550,0.0,3.5,0.0,0.0,0.0,0,12.61,17.4,18.8,99,18,0x02,0,0x0000,0x00000000,0x00000000,20,READY_FOR_BUTTON
97650,0.0,3.5,0.0,0.0,0.0,0,12.58,17.4,18.6,99,18,0x02,0,0x0000,0x00000000,0x00000000,20,READY_FOR_BUTTON
97750,0.0,3.5,0.0,0.0,0.0,0,12.58,17.4,18.6,99,18,0x02,0,0x0000,0x00000000,0x00000000,20,READY_FOR_BUTTON
97850,0.0,3.5,0.0,0.0,0.0,0,12.59,17.4,19.0,99,18,0x02,0,0x0000,0x00000000,0x00000000,20,READY_FOR_BUTTON
97950,0.0,3.6,0.0,0.0,0.0,0,12.6,17.4,18.8,99,18,0x02,0,0x0000,0x00000000,0x00000000,20,READY_FOR_BUTTON
98050,0.0,3.5,0.0,0.0,0.0,0,12.6,17.4,18.8,99,18,0x02,0,0x0000,0x00000000,0x00000000,20,READY_FOR_BUTTON
98150,0.0,3.5,0.0,0.0,0.0,0,12.6,17.4,18.6,99,18,0x02,0,0x0000,0x00000000,0x00000000,20,READY_FOR_BUTTON
98250,0.0,3.5,0.0,0.0,0.0,0,12.61,17.4,18.8,99,18,0x02,0,0x0000,0x00000000,0x00000000,20,READY_FOR_BUTTON
98350,0.0,3.5,0.0,0.0,0.0,0,12.6,17.4,18.6,99,18,0x02,0,0x0000,0x00000000,0x00000000,20,READY_FOR_BUTTON
98450,0.0,3.5,0.0,0.0,0.0,0,12.59,17.4,18.8,99,18,0x02,0,0x0000,0x00000000,0x00000000,20,READY_FOR_BUTTON
98550,0.0,3.5,0.0,0.0,0.0,0,12.59,17.4,18.8,99,18,0x02,0,0x0000,0x00000000,0x00000000,20,READY_FOR_BUTTON
98650,0.0,3.5,0.0,0.0,0.0,0,12.66,17.4,18.6,99,18,0x02,0,0x0000,0x00000000,0x00000000,20,READY_FOR_BUTTON
98750,0.0,3.5,0.0,0.0,0.0,0,12.66,17.4,19.0,99,18,0x02,0,0x0000,0x00000000,0x00000000,20,READY_FOR_BUTTON
98850,0.0,3.4,0.0,0.0,0.0,0,12.59,17.4,18.6,99,18,0x02,0,0x0000,0x00000000,0x00000000,20,READY_FOR_BUTTON
98950,0.0,3.5,0.0,0.0,0.0,0,12.6,17.4,18.8,99,18,0x02,0,0x0000,0x00000000,0x00000000,20,READY_FOR_BUTTON
99050,0.0,3.4,0.0,0.0,0.0,0,12.58,17.4,18.8,99,18,0x02,0,0x0000,0x00000000,0x00000000,20,READY_FOR_BUTTON
99150,0.0,3.5,0.0,0.0,0.0,0,12.56,17.4,19.0,99,18,0x02,0,0x0000,0x00000000,0x00000000,20,READY_FOR_BUTTON
99250,0.0,3.5,0.0,0.0,0.0,0,12.58,17.4,18.8,99,18,0x02,0,0x0000,0x00000000,0x00000000,20,READY_FOR_BUTTON
99350,0.0,3.5,0.0,0.0,0.0,0,12.58,17.4,18.8,99,18,0x02,0,0x0000,0x00000000,0x00000000,20,READY_FOR_BUTTON
99450,0.0,3.5,0.0,0.0,0.0,0,12.6,17.4,18.8,99,18,0x02,0,0x0000,0x00000000,0x00000000,20,READY_FOR_BUTTON
99550,0.0,3.5,0.0,0.0,0.0,0,12.61,17.4,18.8,99,18,0x02,0,0x0000,0x00000000,0x00000000,20,READY_FOR_BUTTON
99650,0.0,3.5,0.0,0.0,0.0,0,12.6,17.4,18.6,99,18,0x02,0,0x0000,0x00000000,0x00000000,20,READY_FOR_BUTTON
99751,0.0,3.5,0.0,0.0,0.0,0,12.61,17.4,18.6,99,18,0x02,0,0x0000,0x00000000,0x00000000,20,READY_FOR_BUTTON
99851,0.0,3.5,0.0,0.0,0.0,0,12.61,17.4,18.4,99,18,0x02,0,0x0000,0x00000000,0x00000000,20,READY_FOR_BUTTON
99951,0.0,3.5,0.0,0.0,0.0,0,12.58,17.4,18.6,99,18,0x02,0,0x0000,0x00000000,0x00000000,20,READY_FOR_BUTTON
100051,0.0,3.5,0.0,0.0,0.0,0,12.59,17.4,18.3,99,18,0x02,0,0x0000,0x00000000,0x00000000,20,READY_FOR_BUTTON
100151,0.0,3.5,0.0,0.0,0.0,0,12.59,17.4,18.3,99,18,0x02,0,0x0000,0x00000000,0x00000000,20,READY_FOR_BUTTON
100251,0.0,3.5,0.0,0.0,0.0,0,12.58,17.4,18.7,99,18,0x02,0,0x0000,0x00000000,0x00000000,20,READY_FOR_BUTTON
100351,0.0,3.5,0.0,0.0,0.0,0,12.63,17.4,18.7,99,18,0x02,0,0x0000,0x00000000,0x00000000,20,READY_FOR_BUTTON
100451,0.0,3.5,0.0,0.0,0.0,0,12.62,17.4,19.4,99,18,0x02,0,0x0000,0x00000000,0x00000000,20,READY_FOR_BUTTON
100551,0.0,3.5,0.0,0.0,0.0,0,12.59,17.4,18.4,99,18,0x02,0,0x0000,0x00000000,0x00000000,20,READY_FOR_BUTTON
100651,0.0,3.5,0.0,0.0,0.0,0,12.6,17.4,18.8,99,18,0x02,0,0x0000,0x00000000,0x00000000,20,READY_FOR_BUTTON
100751,0.0,3.5,0.0,0.0,0.0,0,12.62,17.4,19.0,99,18,0x02,0,0x0000,0x00000000,0x00000000,20,READY_FOR_BUTTON
100851,0.0,3.5,0.0,0.0,0.0,0,12.59,17.4,18.4,99,18,0x02,0,0x0000,0x00000000,0x00000000,20,READY_FOR_BUTTON
100951,0.0,3.5,0.0,0.0,0.0,0,12.59,17.4,19.0,99,18,0x02,0,0x0000,0x00000000,0x00000000,20,READY_FOR_BUTTON
101051,0.0,3.5,0.0,0.0,0.0,0,12.65,17.4,18.7,99,18,0x02,0,0x0000,0x00000000,0x00000000,20,READY_FOR_BUTTON
101151,0.0,3.5,0.0,0.0,0.0,0,12.56,17.4,19.2,99,18,0x02,0,0x0000,0x00000000,0x00000000,20,READY_FOR_BUTTON
101251,0.0,3.5,0.0,0.0,0.0,0,12.6,17.4,18.8,99,18,0x02,0,0x0000,0x00000000,0x00000000,20,READY_FOR_BUTTON
101351,0.0,3.5,0.0,0.0,0.0,0,12.6,17.4,18.8,99,18,0x02,0,0x0000,0x00000000,0x00000000,20,READY_FOR_BUTTON
101451,0.0,3.5,0.0,0.0,0.0,0,12.64,17.4,18.6,99,18,0x02,0,0x0000,0x00000000,0x00000000,20,READY_FOR_BUTTON
101551,0.0,3.5,0.0,0.0,0.0,0,12.63,17.4,18.6,99,18,0x02,0,0x0000,0x00000000,0x00000000,20,READY_FOR_BUTTON
101651,0.0,3.5,0.0,0.0,0.0,0,12.62,17.4,18.6,99,18,0x02,0,0x0000,0x00000000,0x00000000,20,READY_FOR_BUTTON
101751,0.0,3.6,0.0,0.0,0.0,0,12.58,17.4,18.6,99,18,0x02,0,0x0000,0x00000000,0x00000000,20,READY_FOR_BUTTON
101851,0.0,3.5,0.0,0.0,0.0,0,12.62,17.4,18.7,99,18,0x02,0,0x0000,0x00000000,0x00000000,20,READY_FOR_BUTTON
101951,0.0,3.5,0.0,0.0,0.0,0,12.62,17.4,18.7,99,18,0x02,0,0x0000,0x00000000,0x00000000,20,READY_FOR_BUTTON
102051,0.0,3.5,0.0,0.0,0.0,0,12.59,17.4,19.1,99,18,0x02,0,0x0000,0x00000000,0x00000000,20,READY_FOR_BUTTON
102151,0.0,3.5,0.0,0.0,0.0,0,12.63,17.4,19.0,99,18,0x02,0,0x0000,0x00000000,0x00000000,20,READY_FOR_BUTTON
102251,0.0,3.5,0.0,0.0,0.0,0,12.63,17.4,18.7,99,18,0x02,0,0x0000,0x00000000,0x00000000,20,READY_FOR_BUTTON
102351,0.0,3.5,0.0,0.0,0.0,0,12.58,17.4,18.6,99,18,0x02,0,0x0000,0x00000000,0x00000000,20,READY_FOR_BUTTON
102451,0.0,3.5,0.0,0.0,0.0,0,12.61,17.4,18.4,99,18,0x02,0,0x0000,0x00000000,0x00000000,20,READY_FOR_BUTTON
102551,0.0,3.5,0.0,0.0,0.0,0,12.62,17.4,18.7,99,18,0x02,0,0x0000,0x00000000,0x00000000,20,READY_FOR_BUTTON
102651,0.0,3.5,0.0,0.0,0.0,0,12.6,17.4,18.8,99,18,0x02,0,0x0000,0x00000000,0x00000000,20,READY_FOR_BUTTON
102751,0.0,3.5,0.0,0.0,0.0,0,12.6,17.4,18.8,99,18,0x02,0,0x0000,0x00000000,0x00000000,20,READY_FOR_BUTTON
102851,0.0,3.6,0.0,0.0,0.0,0,12.61,17.4,19.2,99,18,0x02,0,0x0000,0x00000000,0x00000000,20,READY_FOR_BUTTON
102951,0.0,3.6,0.0,0.0,0.0,0,12.6,17.4,18.6,99,18,0x02,0,0x0000,0x00000000,0x00000000,20,READY_FOR_BUTTON
103051,0.0,3.5,0.0,0.0,0.0,0,12.63,17.4,19.1,99,18,0x02,0,0x0000,0x00000000,0x00000000,20,READY_FOR_BUTTON
103151,0.0,3.5,0.0,0.0,0.0,0,12.59,17.4,19.0,99,18,0x02,0,0x0000,0x00000000,0x00000000,20,READY_FOR_BUTTON
103251,0.0,3.5,0.0,0.0,0.0,0,12.6,17.4,19.1,99,18,0x02,0,0x0000,0x00000000,0x00000000,20,READY_FOR_BUTTON
103351,0.0,3.5,0.0,0.0,0.0,0,12.59,17.4,18.7,99,18,0x02,0,0x0000,0x00000000,0x00000000,20,READY_FOR_BUTTON
103451,0.0,3.6,0.0,0.0,0.0,0,12.61,17.4,19.0,99,18,0x02,0,0x0000,0x00000000,0x00000000,20,READY_FOR_BUTTON
103551,0.0,3.6,0.0,0.0,0.0,0,12.53,17.4,18.8,99,18,0x02,0,0x0000,0x00000000,0x00000000,20,READY_FOR_BUTTON
103651,0.0,3.5,0.0,0.0,0.0,0,12.59,17.4,18.6,99,18,0x02,0,0x0000,0x00000000,0x00000000,20,READY_FOR_BUTTON
103751,0.0,3.5,0.0,0.0,0.0,0,12.62,17.4,19.1,99,18,0x02,0,0x0000,0x00000000,0x00000000,20,READY_FOR_BUTTON
103851,0.0,3.5,0.0,0.0,0.0,0,12.62,17.4,19.1,99,18,0x02,0,0x0000,0x00000000,0x00000000,20,READY_FOR_BUTTON
103951,0.0,3.5,0.0,0.0,0.0,0,12.53,17.5,18.7,99,18,0x02,0,0x0000,0x00000000,0x00000000,20,READY_FOR_BUTTON
104051,0.0,3.5,0.0,0.0,0.0,0,12.62,17.4,18.7,99,18,0x02,0,0x0000,0x00000000,0x00000000,20,READY_FOR_BUTTON
104151,0.0,3.5,0.0,0.0,0.0,0,12.59,17.5,18.6,99,18,0x02,0,0x0000,0x00000000,0x00000000,20,READY_FOR_BUTTON
104251,0.0,3.5,0.0,0.0,0.0,0,12.59,17.5,18.7,99,18,0x02,0,0x0000,0x00000000,0x00000000,20,READY_FOR_BUTTON
104351,0.0,3.5,0.0,0.0,0.0,0,12.54,17.4,18.7,99,18,0x02,0,0x0000,0x00000000,0x00000000,20,READY_FOR_BUTTON
104451,0.0,3.5,0.0,0.0,0.0,0,12.59,17.4,18.6,99,18,0x02,0,0x0000,0x00000000,0x00000000,20,READY_FOR_BUTTON
104551,0.0,3.5,0.0,0.0,0.0,0,12.6,17.5,18.6,99,18,0x02,0,0x0000,0x00000000,0x00000000,20,READY_FOR_BUTTON
104651,0.0,3.5,0.0,0.0,0.0,0,12.6,17.4,18.7,99,18,0x02,0,0x0000,0x00000000,0x00000000,20,READY_FOR_BUTTON
104751,0.0,3.5,0.0,0.0,0.0,0,12.56,17.4,18.7,99,18,0x02,0,0x0000,0x00000000,0x00000000,20,READY_FOR_BUTTON
104851,0.0,3.6,0.0,0.0,0.0,0,12.56,17.4,18.7,99,18,0x02,0,0x0000,0x00000000,0x00000000,20,READY_FOR_BUTTON
104951,0.0,3.6,0.0,0.0,0.0,0,12.62,17.4,18.6,99,18,0x02,0,0x0000,0x00000000,0x00000000,20,READY_FOR_BUTTON
105051,0.0,3.5,0.0,0.0,0.0,0,12.62,17.4,18.6,99,18,0x02,0,0x0000,0x00000000,0x00000000,20,READY_FOR_BUTTON
105151,0.0,3.6,0.0,0.0,0.0,0,12.58,17.4,18.6,99,18,0x02,0,0x0000,0x00000000,0x00000000,20,READY_FOR_BUTTON
105251,0.0,3.5,0.0,0.0,0.0,0,12.61,17.4,18.6,99,18,0x02,0,0x0000,0x00000000,0x00000000,20,READY_FOR_BUTTON
105351,0.0,3.5,0.0,0.0,0.0,0,12.58,17.4,19.1,99,18,0x02,0,0x0000,0x00000000,0x00000000,20,READY_FOR_BUTTON
105451,0.0,3.5,0.0,0.0,0.0,0,12.59,17.4,19.1,99,18,0x02,0,0x0000,0x00000000,0x00000000,20,READY_FOR_BUTTON
105551,0.0,3.5,0.0,0.0,0.0,0,12.62,17.4,19.2,99,18,0x02,0,0x0000,0x00000000,0x00000000,20,READY_FOR_BUTTON
105651,0.0,3.5,0.0,0.0,0.0,0,12.58,17.4,18.6,99,18,0x02,0,0x0000,0x00000000,0x00000000,20,READY_FOR_BUTTON
105751,0.0,3.5,0.0,0.0,0.0,0,12.58,17.4,18.6,99,18,0x02,0,0x0000,0x00000000,0x00000000,20,READY_FOR_BUTTON
105851,0.0,3.5,0.0,0.0,0.0,0,12.62,17.4,18.8,99,18,0x02,0,0x0000,0x00000000,0x00000000,20,READY_FOR_BUTTON
105951,0.0,3.5,0.0,0.0,0.0,0,12.59,17.4,18.7,99,18,0x02,0,0x0000,0x00000000,0x00000000,20,READY_FOR_BUTTON
106051,0.0,3.5,0.0,0.0,0.0,0,12.58,17.4,19.1,99,18,0x02,0,0x0000,0x00000000,0x00000000,20,READY_FOR_BUTTON
106151,0.0,3.5,0.0,0.0,0.0,0,12.59,17.5,18.4,99,18,0x02,0,0x0000,0x00000000,0x00000000,20,READY_FOR_BUTTON
106251,0.0,3.5,0.0,0.0,0.0,0,12.6,17.5,18.8,99,18,0x02,0,0x0000,0x00000000,0x00000000,20,READY_FOR_BUTTON
106351,0.0,3.5,0.0,0.0,0.0,0,12.59,17.4,18.8,99,18,0x02,0,0x0000,0x00000000,0x00000000,20,READY_FOR_BUTTON
106451,0.0,3.5,0.0,0.0,0.0,0,12.59,17.4,19.0,99,18,0x02,0,0x0000,0x00000000,0x00000000,20,READY_FOR_BUTTON
106551,0.0,3.6,0.0,0.0,0.0,0,12.59,17.4,18.8,99,18,0x02,0,0x0000,0x00000000,0x00000000,20,READY_FOR_BUTTON
106651,0.0,3.6,0.0,0.0,0.0,0,12.59,17.4,19.0,99,18,0x02,0,0x0000,0x00000000,0x00000000,20,READY_FOR_BUTTON
106751,0.0,3.5,0.0,0.0,0.0,0,12.6,17.4,18.8,99,18,0x02,0,0x0000,0x00000000,0x00000000,20,READY_FOR_BUTTON
106851,0.0,3.5,0.0,0.0,0.0,0,12.58,17.4,18.7,99,18,0x02,0,0x0000,0x00000000,0x00000000,20,READY_FOR_BUTTON
106951,0.0,3.5,0.0,0.0,0.0,0,12.55,17.4,18.8,99,18,0x02,0,0x0000,0x00000000,0x00000000,20,READY_FOR_BUTTON
107051,0.0,3.5,0.0,0.0,0.0,0,12.61,17.4,18.8,99,18,0x02,0,0x0000,0x00000000,0x00000000,20,READY_FOR_BUTTON
107151,0.0,3.9,0.0,0.0,0.0,0,12.61,17.4,18.8,99,18,0x02,0,0x0000,0x00000000,0x00000000,20,READY_FOR_BUTTON
107251,0.0,3.5,0.0,0.0,0.0,0,12.62,17.4,18.8,99,18,0x02,0,0x0000,0x00000000,0x00000000,20,READY_FOR_BUTTON
107351,0.0,3.6,0.0,0.0,0.0,0,12.62,17.4,18.7,99,18,0x02,0,0x0000,0x00000000,0x00000000,20,READY_FOR_BUTTON
107451,0.0,3.5,0.0,0.0,0.0,0,12.62,17.4,19.1,99,18,0x02,0,0x0000,0x00000000,0x00000000,20,READY_FOR_BUTTON
107551,0.0,3.5,0.0,0.0,0.0,0,12.59,17.4,19.1,99,18,0x02,0,0x0000,0x00000000,0x00000000,20,READY_FOR_BUTTON
107651,0.0,3.5,0.0,0.0,0.0,0,12.6,17.4,18.8,99,18,0x02,0,0x0000,0x00000000,0x00000000,20,READY_FOR_BUTTON
107751,0.0,3.6,0.0,0.0,0.0,0,12.56,17.4,18.7,99,18,0x02,0,0x0000,0x00000000,0x00000000,20,READY_FOR_BUTTON
107851,0.0,3.5,0.0,0.0,0.0,0,12.59,17.4,18.7,99,18,0x02,0,0x0000,0x00000000,0x00000000,20,READY_FOR_BUTTON
107951,0.0,3.5,0.0,0.0,0.0,0,12.6,17.4,18.8,99,18,0x02,0,0x0000,0x00000000,0x00000000,20,READY_FOR_BUTTON
108051,0.0,3.5,0.0,0.0,0.0,0,12.53,17.4,18.8,99,18,0x02,0,0x0000,0x00000000,0x00000000,20,READY_FOR_BUTTON
108151,0.0,3.5,0.0,0.0,0.0,0,12.6,17.4,18.8,99,18,0x02,0,0x0000,0x00000000,0x00000000,20,READY_FOR_BUTTON
108251,0.0,3.5,0.0,0.0,0.0,0,12.6,17.4,18.8,99,18,0x02,0,0x0000,0x00000000,0x00000000,20,READY_FOR_BUTTON
108351,0.0,3.5,0.0,0.0,0.0,0,12.59,17.4,18.8,99,18,0x02,0,0x0000,0x00000000,0x00000000,20,READY_FOR_BUTTON
108451,0.0,3.5,0.0,0.0,0.0,0,12.59,17.4,19.0,99,18,0x02,0,0x0000,0x00000000,0x00000000,20,READY_FOR_BUTTON
108551,0.0,3.5,0.0,0.0,0.0,0,12.59,17.4,19.1,99,18,0x02,0,0x0000,0x00000000,0x00000000,20,READY_FOR_BUTTON
108651,0.0,3.5,0.0,0.0,0.0,0,12.6,17.4,18.8,99,18,0x02,0,0x0000,0x00000000,0x00000000,20,READY_FOR_BUTTON
108751,0.0,3.5,0.0,0.0,0.0,0,12.58,17.4,18.6,99,18,0x02,0,0x0000,0x00000000,0x00000000,20,READY_FOR_BUTTON
108851,0.0,3.5,0.0,0.0,0.0,0,12.6,17.4,18.4,99,18,0x02,0,0x0000,0x00000000,0x00000000,20,READY_FOR_BUTTON
108951,0.0,3.5,0.0,0.0,0.0,0,12.62,17.4,18.7,99,18,0x02,0,0x0000,0x00000000,0x00000000,20,READY_FOR_BUTTON
109051,0.0,3.5,0.0,0.0,0.0,0,12.6,17.4,18.7,99,18,0x02,0,0x0000,0x00000000,0x00000000,20,READY_FOR_BUTTON
109151,0.0,3.5,0.0,0.0,0.0,0,12.6,17.4,18.6,99,18,0x02,0,0x0000,0x00000000,0x00000000,20,READY_FOR_BUTTON
109251,0.0,3.5,0.0,0.0,0.0,0,12.61,17.4,19.1,99,18,0x02,0,0x0000,0x00000000,0x00000000,20,READY_FOR_BUTTON
109351,0.0,3.5,0.0,0.0,0.0,0,12.61,17.4,19.0,99,18,0x02,0,0x0000,0x00000000,0x00000000,20,READY_FOR_BUTTON
109451,0.0,3.5,0.0,0.0,0.0,0,12.6,17.4,19.2,99,18,0x02,0,0x0000,0x00000000,0x00000000,20,READY_FOR_BUTTON
109551,0.0,3.5,0.0,0.0,0.0,0,12.6,17.4,18.6,99,18,0x02,0,0x0000,0x00000000,0x00000000,20,READY_FOR_BUTTON
109651,0.0,3.5,0.0,0.0,0.0,0,12.58,17.4,18.8,99,18,0x02,0,0x0000,0x00000000,0x00000000,20,READY_FOR_BUTTON
109751,0.0,3.5,0.0,0.0,0.0,0,12.59,17.4,18.8,99,18,0x02,0,0x0000,0x00000000,0x00000000,20,READY_FOR_BUTTON
109851,0.0,3.5,0.0,0.0,0.0,0,12.62,17.4,18.4,99,18,0x02,0,0x0000,0x00000000,0x00000000,20,READY_FOR_BUTTON
109951,0.0,3.5,0.0,0.0,0.0,0,12.59,17.4,18.4,99,18,0x02,0,0x0000,0x00000000,0x00000000,20,READY_FOR_BUTTON
110051,0.0,3.5,0.0,0.0,0.0,0,12.61,17.4,19.1,99,18,0x02,0,0x0000,0x00000000,0x00000000,20,READY_FOR_BUTTON
110151,0.0,3.5,0.0,0.0,0.0,0,12.61,17.4,18.8,99,18,0x02,0,0x0000,0x00000000,0x00000000,20,READY_FOR_BUTTON
110251,0.0,3.5,0.0,0.0,0.0,0,12.49,17.4,18.8,99,18,0x02,0,0x0000,0x00000000,0x00000000,20,READY_FOR_BUTTON
110351,0.0,3.5,0.0,0.0,0.0,0,12.6,17.4,18.8,99,18,0x02,0,0x0000,0x00000000,0x00000000,20,READY_FOR_BUTTON
110451,0.0,3.5,0.0,0.0,0.0,0,12.62,17.4,18.4,99,18,0x02,0,0x0000,0x00000000,0x00000000,20,READY_FOR_BUTTON
110551,0.0,3.5,0.0,0.0,0.0,0,12.62,17.4,18.3,99,18,0x02,0,0x0000,0x00000000,0x00000000,20,READY_FOR_BUTTON
110651,0.0,3.5,0.0,0.0,0.0,0,12.6,17.4,18.8,99,18,0x02,0,0x0000,0x00000000,0x00000000,20,READY_FOR_BUTTON
110751,0.0,3.6,0.0,0.0,0.0,0,12.6,17.4,18.4,99,18,0x02,0,0x0000,0x00000000,0x00000000,20,READY_FOR_BUTTON
110851,0.0,3.5,0.0,0.0,0.0,0,12.61,17.4,18.8,99,18,0x02,0,0x0000,0x00000000,0x00000000,20,READY_FOR_BUTTON
110951,0.0,3.5,0.0,0.0,0.0,0,12.59,17.4,18.8,99,18,0x02,0,0x0000,0x00000000,0x00000000,20,READY_FOR_BUTTON
111051,0.0,3.5,0.0,0.0,0.0,0,12.6,17.5,18.7,99,18,0x02,0,0x0000,0x00000000,0x00000000,20,READY_FOR_BUTTON
111151,0.0,3.5,0.0,0.0,0.0,0,12.59,17.5,18.8,99,18,0x02,0,0x0000,0x00000000,0x00000000,20,READY_FOR_BUTTON
111251,0.0,3.5,0.0,0.0,0.0,0,12.58,17.4,19.2,99,18,0x02,0,0x0000,0x00000000,0x00000000,20,READY_FOR_BUTTON
111351,0.0,3.5,0.0,0.0,0.0,0,12.61,17.4,19.2,99,18,0x02,0,0x0000,0x00000000,0x00000000,20,READY_FOR_BUTTON
111451,0.0,3.5,0.0,0.0,0.0,0,12.59,17.4,18.7,99,18,0x02,0,0x0000,0x00000000,0x00000000,20,READY_FOR_BUTTON
111551,0.0,3.5,0.0,0.0,0.0,0,12.59,17.4,18.7,99,18,0x02,0,0x0000,0x00000000,0x00000000,20,READY_FOR_BUTTON
111651,0.0,3.5,0.0,0.0,0.0,0,12.62,17.4,18.7,99,18,0x02,0,0x0000,0x00000000,0x00000000,20,READY_FOR_BUTTON
111751,0.0,3.5,0.0,0.0,0.0,0,12.61,17.4,19.0,99,18,0x02,0,0x0000,0x00000000,0x00000000,20,READY_FOR_BUTTON
111851,0.0,3.5,0.0,0.0,0.0,0,12.59,17.4,18.6,99,18,0x02,0,0x0000,0x00000000,0x00000000,20,READY_FOR_BUTTON
111951,0.0,3.5,0.0,0.0,0.0,0,12.6,17.4,18.7,99,18,0x02,0,0x0000,0x00000000,0x00000000,20,READY_FOR_BUTTON
112051,0.0,3.5,0.0,0.0,0.0,0,12.62,17.4,18.8,99,18,0x02,0,0x0000,0x00000000,0x00000000,20,READY_FOR_BUTTON
112151,0.0,3.5,0.0,0.0,0.0,0,12.61,17.4,18.8,99,18,0x02,0,0x0000,0x00000000,0x00000000,20,READY_FOR_BUTTON
112251,0.0,3.5,0.0,0.0,0.0,0,12.61,17.4,18.6,99,18,0x02,0,0x0000,0x00000000,0x00000000,20,READY_FOR_BUTTON
112351,0.0,3.5,0.0,0.0,0.0,0,12.59,17.4,18.8,99,18,0x02,0,0x0000,0x00000000,0x00000000,20,READY_FOR_BUTTON
112451,0.0,3.5,0.0,0.0,0.0,0,12.62,17.4,18.4,99,18,0x02,0,0x0000,0x00000000,0x00000000,20,READY_FOR_BUTTON
112551,0.0,3.5,0.0,0.0,0.0,0,12.6,17.4,19.0,99,18,0x02,0,0x0000,0x00000000,0x00000000,20,READY_FOR_BUTTON
112651,0.0,3.5,0.0,0.0,0.0,0,12.58,17.4,19.0,99,18,0x02,0,0x0000,0x00000000,0x00000000,20,READY_FOR_BUTTON
112751,0.0,3.5,0.0,0.0,0.0,0,12.6,17.4,18.7,99,18,0x02,0,0x0000,0x00000000,0x00000000,20,READY_FOR_BUTTON
112851,0.0,3.5,0.0,0.0,0.0,0,12.61,17.4,18.7,99,18,0x02,0,0x0000,0x00000000,0x00000000,20,READY_FOR_BUTTON
112951,0.0,3.5,0.0,0.0,0.0,0,12.52,17.4,18.7,99,18,0x02,0,0x0000,0x00000000,0x00000000,20,READY_FOR_BUTTON
113051,0.0,3.5,0.0,0.0,0.0,0,12.59,17.4,18.8,99,18,0x02,0,0x0000,0x00000000,0x00000000,20,READY_FOR_BUTTON
113151,0.0,3.5,0.0,0.0,0.0,0,12.59,17.4,18.7,99,18,0x02,0,0x0000,0x00000000,0x00000000,20,READY_FOR_BUTTON
113251,0.0,3.5,0.0,0.0,0.0,0,12.58,17.4,18.8,99,18,0x02,0,0x0000,0x00000000,0x00000000,20,READY_FOR_BUTTON
113351,0.0,3.5,0.0,0.0,0.0,0,12.61,17.4,18.6,99,18,0x02,0,0x0000,0x00000000,0x00000000,20,READY_FOR_BUTTON
113451,0.0,3.6,0.0,0.0,0.0,0,12.58,17.4,19.1,99,18,0x02,0,0x0000,0x00000000,0x00000000,20,READY_FOR_BUTTON
113552,0.0,3.5,0.0,0.0,0.0,0,12.59,17.4,19.1,99,18,0x02,0,0x0000,0x00000000,0x00000000,20,READY_FOR_BUTTON
113652,0.0,3.5,0.0,0.0,0.0,0,12.63,17.4,18.7,99,18,0x02,0,0x0000,0x00000000,0x00000000,20,READY_FOR_BUTTON
113752,0.0,3.5,0.0,0.0,0.0,0,12.63,17.4,18.7,99,18,0x02,0,0x0000,0x00000000,0x00000000,20,READY_FOR_BUTTON
113852,0.0,3.5,0.0,0.0,0.0,0,12.6,17.4,18.8,99,18,0x02,0,0x0000,0x00000000,0x00000000,20,READY_FOR_BUTTON
113952,0.0,3.5,0.0,0.0,0.0,0,12.58,17.4,19.0,99,18,0x02,0,0x0000,0x00000000,0x00000000,20,READY_FOR_BUTTON
114052,0.0,3.5,0.0,0.0,0.0,0,12.6,17.4,18.8,99,18,0x02,0,0x0000,0x00000000,0x00000000,20,READY_FOR_BUTTON
114152,0.0,3.5,0.0,0.0,0.0,0,12.59,17.4,19.0,99,18,0x02,0,0x0000,0x00000000,0x00000000,20,READY_FOR_BUTTON
114252,0.0,3.6,0.0,0.0,0.0,0,12.59,17.4,18.7,99,18,0x02,0,0x0000,0x00000000,0x00000000,20,READY_FOR_BUTTON
114352,0.0,3.5,0.0,0.0,0.0,0,12.53,17.4,18.8,99,18,0x02,0,0x0000,0x00000000,0x00000000,20,READY_FOR_BUTTON
114452,0.0,3.5,0.0,0.0,0.0,0,12.6,17.4,18.7,99,18,0x02,0,0x0000,0x00000000,0x00000000,20,READY_FOR_BUTTON
114552,0.0,3.6,0.0,0.0,0.0,0,12.59,17.5,18.8,99,18,0x02,0,0x0000,0x00000000,0x00000000,20,READY_FOR_BUTTON
114652,0.0,3.5,0.0,0.0,0.0,0,12.6,17.4,18.7,99,18,0x02,0,0x0000,0x00000000,0x00000000,20,READY_FOR_BUTTON
114752,0.0,3.5,0.0,0.0,0.0,0,12.61,17.4,18.4,99,18,0x02,0,0x0000,0x00000000,0x00000000,20,READY_FOR_BUTTON
114852,0.0,3.5,0.0,0.0,0.0,0,12.6,17.4,18.8,99,18,0x02,0,0x0000,0x00000000,0x00000000,20,READY_FOR_BUTTON
114952,0.0,3.6,0.0,0.0,0.0,0,12.62,17.4,18.7,99,18,0x02,0,0x0000,0x00000000,0x00000000,20,READY_FOR_BUTTON
115052,0.0,3.5,0.0,0.0,0.0,0,12.55,17.4,18.7,99,18,0x02,0,0x0000,0x00000000,0x00000000,20,READY_FOR_BUTTON
115152,0.0,3.5,0.0,0.0,0.0,0,12.58,17.4,19.1,99,18,0x02,0,0x0000,0x00000000,0x00000000,20,READY_FOR_BUTTON
115252,0.0,3.5,0.0,0.0,0.0,0,12.6,17.4,18.8,99,18,0x02,0,0x0000,0x00000000,0x00000000,20,READY_FOR_BUTTON
115352,0.0,3.5,0.0,0.0,0.0,0,12.59,17.4,18.7,99,18,0x02,0,0x0000,0x00000000,0x00000000,20,READY_FOR_BUTTON
115452,0.0,3.5,0.0,0.0,0.0,0,12.56,17.4,18.6,99,18,0x02,0,0x0000,0x00000000,0x00000000,20,READY_FOR_BUTTON
115552,0.0,3.5,0.0,0.0,0.0,0,12.61,17.4,18.8,99,18,0x02,0,0x0000,0x00000000,0x00000000,20,READY_FOR_BUTTON
115652,0.0,3.6,0.0,0.0,0.0,0,12.59,17.4,18.7,99,18,0x02,0,0x0000,0x00000000,0x00000000,20,READY_FOR_BUTTON
115752,0.0,3.5,0.0,0.0,0.0,0,12.56,17.4,19.1,99,18,0x02,0,0x0000,0x00000000,0x00000000,20,READY_FOR_BUTTON
115852,0.0,3.5,0.0,0.0,0.0,0,12.61,17.4,18.6,99,18,0x02,0,0x0000,0x00000000,0x00000000,20,READY_FOR_BUTTON
115952,0.0,3.5,0.0,0.0,0.0,0,12.6,17.4,18.7,99,18,0x02,0,0x0000,0x00000000,0x00000000,20,READY_FOR_BUTTON
116052,0.0,3.5,0.0,0.0,0.0,0,12.59,17.4,18.7,99,18,0x02,0,0x0000,0x00000000,0x00000000,20,READY_FOR_BUTTON
116152,0.0,3.5,0.0,0.0,0.0,0,12.61,17.4,19.0,99,18,0x02,0,0x0000,0x00000000,0x00000000,20,READY_FOR_BUTTON
116252,0.0,3.5,0.0,0.0,0.0,0,12.58,17.4,18.8,99,18,0x02,0,0x0000,0x00000000,0x00000000,20,READY_FOR_BUTTON
116352,0.0,3.5,0.0,0.0,0.0,0,12.58,17.4,19.0,99,18,0x02,0,0x0000,0x00000000,0x00000000,20,READY_FOR_BUTTON
116452,0.0,3.5,0.0,0.0,0.0,0,12.61,17.4,18.7,99,18,0x02,0,0x0000,0x00000000,0x00000000,20,READY_FOR_BUTTON
116552,0.0,3.5,0.0,0.0,0.0,0,12.59,17.4,18.7,99,18,0x02,0,0x0000,0x00000000,0x00000000,20,READY_FOR_BUTTON
116652,0.0,3.5,0.0,0.0,0.0,0,12.58,17.4,18.7,99,18,0x02,0,0x0000,0x00000000,0x00000000,20,READY_FOR_BUTTON
116752,0.0,3.5,0.0,0.0,0.0,0,12.61,17.4,19.0,99,18,0x02,0,0x0000,0x00000000,0x00000000,20,READY_FOR_BUTTON
116852,0.0,3.5,0.0,0.0,0.0,0,12.56,17.4,19.1,99,18,0x02,0,0x0000,0x00000000,0x00000000,20,READY_FOR_BUTTON
116952,0.0,3.5,0.0,0.0,0.0,0,12.55,17.4,18.8,99,18,0x02,0,0x0000,0x00000000,0x00000000,20,READY_FOR_BUTTON
117052,0.0,3.5,0.0,0.0,0.0,0,12.59,17.4,18.8,99,18,0x02,0,0x0000,0x00000000,0x00000000,20,READY_FOR_BUTTON
117152,0.0,3.5,0.0,0.0,0.0,0,12.56,17.4,18.8,99,18,0x02,0,0x0000,0x00000000,0x00000000,20,READY_FOR_BUTTON
117252,0.0,3.5,0.0,0.0,0.0,0,12.6,17.4,18.7,99,18,0x02,0,0x0000,0x00000000,0x00000000,20,READY_FOR_BUTTON
117352,0.0,3.5,0.0,0.0,0.0,0,12.61,17.4,18.7,99,18,0x02,0,0x0000,0x00000000,0x00000000,20,READY_FOR_BUTTON
117452,0.0,3.5,0.0,0.0,0.0,0,12.58,17.4,18.8,99,18,0x02,0,0x0000,0x00000000,0x00000000,20,READY_FOR_BUTTON
117552,0.0,3.5,0.0,0.0,0.0,0,12.56,17.4,18.8,99,18,0x02,0,0x0000,0x00000000,0x00000000,20,READY_FOR_BUTTON
117652,0.0,3.5,0.0,0.0,0.0,0,12.61,17.4,18.8,99,18,0x02,0,0x0000,0x00000000,0x00000000,20,READY_FOR_BUTTON
117752,0.0,3.5,0.0,0.0,0.0,0,12.58,17.4,18.8,99,18,0x02,0,0x0000,0x00000000,0x00000000,20,READY_FOR_BUTTON
117852,0.0,3.5,0.0,0.0,0.0,0,12.6,17.4,19.2,99,18,0x02,0,0x0000,0x00000000,0x00000000,20,READY_FOR_BUTTON
117952,0.0,3.5,0.0,0.0,0.0,0,12.61,17.4,19.0,99,18,0x02,0,0x0000,0x00000000,0x00000000,20,READY_FOR_BUTTON
118052,0.0,3.5,0.0,0.0,0.0,0,12.6,17.4,19.0,99,18,0x02,0,0x0000,0x00000000,0x00000000,20,READY_FOR_BUTTON
118152,0.0,3.5,0.0,0.0,0.0,0,12.58,17.4,18.7,99,18,0x02,0,0x0000,0x00000000,0x00000000,20,READY_FOR_BUTTON
118252,0.0,3.6,0.0,0.0,0.0,0,12.68,17.4,18.8,99,18,0x02,0,0x0000,0x00000000,0x00000000,20,READY_FOR_BUTTON
118352,0.0,3.5,0.0,0.0,0.0,0,12.67,17.4,18.8,99,18,0x02,0,0x0000,0x00000000,0x00000000,20,READY_FOR_BUTTON
118452,0.0,3.5,0.0,0.0,0.0,0,12.66,17.4,18.7,99,18,0x02,0,0x0000,0x00000000,0x00000000,20,READY_FOR_BUTTON
118552,0.0,3.5,0.0,0.0,0.0,0,12.66,17.4,18.7,99,18,0x00,0,0x0000,0x00000000,0x00000000,20,FAULT_BLOCKED
118652,0.0,3.5,0.0,0.0,0.0,0,12.65,17.4,18.3,99,18,0x00,0,0x0000,0x00000000,0x00000000,20,FAULT_BLOCKED
118752,0.0,3.5,0.0,0.0,0.0,0,12.67,17.4,19.0,99,18,0x00,0,0x0000,0x00000000,0x00000000,20,FAULT_BLOCKED
118852,0.0,3.5,0.0,0.0,0.0,0,12.67,17.5,18.8,99,18,0x00,0,0x0000,0x00000000,0x00000000,20,FAULT_BLOCKED
118952,0.0,3.5,0.0,0.0,0.0,0,12.64,17.5,18.8,99,18,0x00,0,0x0000,0x00000000,0x00000000,20,FAULT_BLOCKED
119053,0.0,3.5,0.0,0.0,0.0,0,12.66,17.4,18.7,99,18,0x00,0,0x0000,0x00000000,0x00000000,20,FAULT_BLOCKED
119153,0.0,3.5,0.0,0.0,0.0,0,12.66,17.4,18.7,99,18,0x00,0,0x0000,0x00000000,0x00000000,20,FAULT_BLOCKED
119253,0.0,3.5,0.0,0.0,0.0,0,12.66,17.4,18.4,99,18,0x00,0,0x0000,0x00000000,0x00000000,20,FAULT_BLOCKED
119353,0.0,3.5,0.0,0.0,0.0,0,12.63,17.4,18.8,99,18,0x00,0,0x0000,0x00000000,0x00000000,20,FAULT_BLOCKED
119453,0.0,3.6,0.0,0.0,0.0,0,12.65,17.4,19.0,99,18,0x00,0,0x0000,0x00000000,0x00000000,20,FAULT_BLOCKED
119553,0.0,3.5,0.0,0.0,0.0,0,12.66,17.4,18.7,99,18,0x00,0,0x0000,0x00000000,0x00000000,20,FAULT_BLOCKED
119653,0.0,3.5,0.0,0.0,0.0,0,12.64,17.4,18.6,99,18,0x00,0,0x0000,0x00000000,0x00000000,20,FAULT_BLOCKED
119753,0.0,3.5,0.0,0.0,0.0,0,12.65,17.4,18.7,99,18,0x00,0,0x0000,0x00000000,0x00000000,20,FAULT_BLOCKED
119853,0.0,3.5,0.0,0.0,0.0,0,12.66,17.4,18.4,99,18,0x00,0,0x0000,0x00000000,0x00000000,20,FAULT_BLOCKED
119953,0.0,3.5,0.0,0.0,0.0,0,12.63,17.4,19.2,99,18,0x00,0,0x0000,0x00000000,0x00000000,20,FAULT_BLOCKED
120053,0.0,3.5,0.0,0.0,0.0,0,12.67,17.4,19.0,99,18,0x00,0,0x0000,0x00000000,0x00000000,20,FAULT_BLOCKED
120153,0.0,3.5,0.0,0.0,0.0,0,12.64,17.4,19.0,99,18,0x00,0,0x0000,0x00000000,0x00000000,20,FAULT_BLOCKED
120253,0.0,3.5,0.0,0.0,0.0,0,12.65,17.4,18.7,99,18,0x00,0,0x0000,0x00000000,0x00000000,20,FAULT_BLOCKED
120353,0.0,3.5,0.0,0.0,0.0,0,12.62,17.4,18.7,99,18,0x00,0,0x0000,0x00000000,0x00000000,20,FAULT_BLOCKED
120453,0.0,3.6,0.0,0.0,0.0,0,12.65,17.4,18.8,99,18,0x00,0,0x0000,0x00000000,0x00000000,20,FAULT_BLOCKED
120553,0.0,3.5,0.0,0.0,0.0,0,12.65,17.4,18.7,99,18,0x00,0,0x0000,0x00000000,0x00000000,20,FAULT_BLOCKED
120653,0.0,3.5,0.0,0.0,0.0,0,12.67,17.4,18.7,99,18,0x00,0,0x0000,0x00000000,0x00000000,20,FAULT_BLOCKED
120753,0.0,3.5,0.0,0.0,0.0,0,12.66,17.4,19.1,99,18,0x00,0,0x0000,0x00000000,0x00000000,20,FAULT_BLOCKED
120853,0.0,3.5,0.0,0.0,0.0,0,12.66,17.4,18.8,99,18,0x00,0,0x0000,0x00000000,0x00000000,20,FAULT_BLOCKED
120953,0.0,3.5,0.0,0.0,0.0,0,12.66,17.4,19.0,99,18,0x00,0,0x0000,0x00000000,0x00000000,20,FAULT_BLOCKED
121053,0.0,3.5,0.0,0.0,0.0,0,12.63,17.4,18.6,99,18,0x00,0,0x0000,0x00000000,0x00000000,20,FAULT_BLOCKED
121153,0.0,3.5,0.0,0.0,0.0,0,12.63,17.4,18.8,99,18,0x00,0,0x0000,0x00000000,0x00000000,20,FAULT_BLOCKED
121253,0.0,3.6,0.0,0.0,0.0,0,12.66,17.4,18.8,99,18,0x00,0,0x0000,0x00000000,0x00000000,20,FAULT_BLOCKED
121353,0.0,3.5,0.0,0.0,0.0,0,12.66,17.4,18.6,99,18,0x00,0,0x0000,0x00000000,0x00000000,20,FAULT_BLOCKED
121453,0.0,3.5,0.0,0.0,0.0,0,12.65,17.4,19.1,99,18,0x00,0,0x0000,0x00000000,0x00000000,20,FAULT_BLOCKED
121553,0.0,3.5,0.0,0.0,0.0,0,12.68,17.4,19.0,99,18,0x00,0,0x0000,0x00000000,0x00000000,20,FAULT_BLOCKED
121653,0.0,3.6,0.0,0.0,0.0,0,12.67,17.4,19.2,99,18,0x00,0,0x0000,0x00000000,0x00000000,20,FAULT_BLOCKED
121753,0.0,3.5,0.0,0.0,0.0,0,12.65,17.4,19.2,99,18,0x00,0,0x0000,0x00000000,0x00000000,20,FAULT_BLOCKED
121853,0.0,3.5,0.0,0.0,0.0,0,12.65,17.4,18.6,99,18,0x00,0,0x0000,0x00000000,0x00000000,20,FAULT_BLOCKED
121953,0.0,3.5,0.0,0.0,0.0,0,12.67,17.4,18.6,99,18,0x00,0,0x0000,0x00000000,0x00000000,20,FAULT_BLOCKED
122053,0.0,3.6,0.0,0.0,0.0,0,12.67,17.4,19.0,99,18,0x00,0,0x0000,0x00000000,0x00000000,20,FAULT_BLOCKED
122153,0.0,3.5,0.0,0.0,0.0,0,12.67,17.4,18.7,99,18,0x00,0,0x0000,0x00000000,0x00000000,20,FAULT_BLOCKED
122253,0.0,3.5,0.0,0.0,0.0,0,12.69,17.4,18.7,99,18,0x00,0,0x0000,0x00000000,0x00000000,20,FAULT_BLOCKED
