t_ms,raw_apps1,raw_apps2,raw_bse1,raw_bse2,raw_hv_current,commanded_torque_nm,motor_rpm,bus_voltage_v,bus_current_a,braking,hard_braking,bspc_active,apps_plausible,rtd_latched,drive_mode_d,bms_fault,imd_fault,pm100_fault,bms_timeout,imd_can_timeout,contactors_closed,bspd_gpio_ok,imd_gpio_ok,bms_gpio_ok
3279,2403,2198,450,468,1985,0.0,0,0.0,0.0,0,0,0,1,0,0,1,1,0,1,1,1,1,0,0
3289,2405,2197,449,467,1984,0.0,0,0.0,0.0,0,0,0,1,0,0,1,1,0,1,0,1,1,0,0
3299,2402,2197,449,470,1986,0.0,0,0.0,0.0,0,0,0,1,0,0,1,1,0,1,0,1,1,0,0
3309,2402,2197,449,469,1984,0.0,0,0.0,0.0,0,0,0,1,0,0,1,1,0,1,0,1,1,0,0
3319,2403,2197,449,468,1984,0.0,0,0.2,0.0,0,0,0,1,0,0,1,1,0,1,0,1,1,0,0
3329,2402,2197,449,468,1984,0.0,0,0.3,0.0,0,0,0,1,0,0,1,1,0,1,0,1,1,0,0
3339,2404,2197,451,469,1984,0.0,0,0.3,0.0,0,0,0,1,0,0,1,1,0,1,0,1,1,0,0
3349,2405,2196,447,468,1985,0.0,0,0.6,0.0,0,0,0,1,0,0,1,1,0,1,0,1,1,0,0
3359,2403,2196,450,468,1985,0.0,0,0.6,0.0,0,0,0,1,0,0,1,1,0,1,0,1,1,0,0
3369,2403,2196,450,467,1984,0.0,0,0.4,0.0,0,0,0,1,0,0,1,1,0,1,0,1,1,0,0
3379,2403,2197,449,467,1988,0.0,0,0.6,0.0,0,0,0,1,0,0,1,1,0,1,0,1,1,0,0
3389,2407,2197,450,470,1984,0.0,0,0.5,0.0,0,0,0,1,0,0,1,1,0,1,0,1,1,0,0
3399,2404,2194,450,467,1985,0.0,0,0.2,0.0,0,0,0,1,0,0,1,1,0,1,0,1,1,0,0
3409,2404,2197,450,468,1984,0.0,0,0.5,0.0,0,0,0,1,0,0,1,1,0,1,0,1,1,0,0
3419,2404,2197,452,468,1985,0.0,0,0.5,0.0,0,0,0,1,0,0,1,1,0,1,0,1,1,0,0
3429,2403,2198,449,471,1985,0.0,0,0.4,0.0,0,0,0,1,0,0,1,1,0,1,0,1,1,0,0
3439,2404,2197,451,469,1985,0.0,0,0.5,0.0,0,0,0,1,0,0,1,1,0,1,0,1,1,0,0
3449,2401,2197,448,468,1985,0.0,0,0.5,0.0,0,0,0,1,0,0,1,1,0,1,0,1,1,0,0
3459,2403,2197,449,469,1984,0.0,0,0.5,0.0,0,0,0,1,0,0,1,1,0,1,0,1,1,0,0
3469,2404,2197,450,469,1985,0.0,0,0.5,0.0,0,0,0,1,0,0,1,1,0,1,0,1,1,0,0
3479,2404,2197,449,469,1984,0.0,0,0.5,0.0,0,0,0,1,0,0,1,1,0,1,0,1,1,0,0
3489,2404,2197,450,469,1984,0.0,0,0.3,0.0,0,0,0,1,0,0,1,1,0,1,0,1,1,0,0
3499,2403,2196,449,467,1985,0.0,0,0.5,0.0,0,0,0,1,0,0,1,1,0,1,0,1,1,0,0
3509,2403,2197,450,469,1984,0.0,0,0.5,0.0,0,0,0,1,0,0,1,1,0,1,0,1,1,0,0
3519,2403,2197,450,468,1984,0.0,0,0.5,0.0,0,0,0,1,0,0,1,1,0,1,0,1,1,0,0
3529,2404,2197,449,468,1984,0.0,0,0.4,0.0,0,0,0,1,0,0,1,1,0,1,0,1,1,0,0
3539,2404,2197,449,468,1985,0.0,0,0.4,0.0,0,0,0,1,0,0,1,1,0,1,0,1,1,0,0
3549,2403,2197,451,470,1985,0.0,0,0.5,0.0,0,0,0,1,0,0,1,1,0,1,0,1,1,0,0
3559,2405,2197,450,468,1984,0.0,0,0.5,0.0,0,0,0,1,0,0,1,1,0,1,0,1,1,0,0
3569,2406,2197,450,467,1984,0.0,0,0.4,0.0,0,0,0,1,0,0,1,1,0,1,0,1,1,0,0
3579,2404,2197,451,470,1984,0.0,0,0.5,0.0,0,0,0,1,0,0,1,1,0,1,0,1,1,0,0
3589,2402,2197,450,469,1985,0.0,0,0.2,0.0,0,0,0,1,0,0,1,1,0,1,0,1,1,0,0
3599,2405,2194,450,470,1984,0.0,0,0.2,0.0,0,0,0,1,0,0,1,1,0,1,0,1,1,0,0
3609,2403,2197,451,469,1984,0.0,0,0.4,0.0,0,0,0,1,0,0,1,1,0,1,0,1,1,0,0
3619,2403,2197,451,469,1985,0.0,0,0.6,0.0,0,0,0,1,0,0,1,1,0,1,0,1,1,0,0
3629,2403,2197,451,468,1986,0.0,0,0.6,0.0,0,0,0,1,0,0,1,1,0,1,0,1,1,0,0
3639,2403,2198,449,468,1984,0.0,0,0.3,0.0,0,0,0,1,0,0,1,1,0,1,0,1,1,0,0
3649,2403,2197,449,467,1985,0.0,0,0.4,0.0,0,0,0,1,0,0,1,1,0,1,0,1,1,0,0
3659,2403,2197,450,469,1985,0.0,0,0.4,0.0,0,0,0,1,0,0,1,1,0,1,0,1,1,0,0
3669,2403,2196,450,468,1984,0.0,0,0.3,0.0,0,0,0,1,0,0,1,1,0,1,0,1,1,0,0
3679,2405,2198,449,467,1984,0.0,0,0.2,0.0,0,0,0,1,0,0,1,1,0,1,0,1,1,0,0
3689,2402,2198,452,468,1984,0.0,0,0.5,0.0,0,0,0,1,0,0,1,1,0,1,0,1,1,0,0
3699,2403,2197,449,469,1986,0.0,0,0.1,0.0,0,0,0,1,0,0,1,1,0,1,0,1,1,0,0
3709,2403,2196,449,468,1986,0.0,0,0.6,0.0,0,0,0,1,0,0,1,1,0,1,0,1,1,0,0
3719,2402,2197,450,469,1985,0.0,0,0.6,0.0,0,0,0,1,0,0,1,1,0,1,0,1,1,0,0
3729,2403,2197,450,467,1985,0.0,0,0.4,0.0,0,0,0,1,0,0,1,1,0,1,0,1,1,0,0
3739,2402,2197,450,468,1985,0.0,0,0.5,0.0,0,0,0,1,0,0,1,1,0,1,0,1,1,0,0
3749,2407,2197,450,470,1983,0.0,0,0.5,0.0,0,0,0,1,0,0,1,1,0,1,0,1,1,0,0
3759,2403,2197,450,468,1985,0.0,0,0.5,0.0,0,0,0,1,0,0,1,1,0,1,0,1,1,0,0
3769,2402,2198,451,470,1985,0.0,0,0.5,0.0,0,0,0,1,0,0,1,1,0,1,0,1,1,0,0
3779,2402,2197,450,468,1982,0.0,0,0.5,0.0,0,0,0,1,0,0,1,1,0,1,0,1,1,0,0
3789,2402,2197,450,468,1985,0.0,0,0.5,0.0,0,0,0,1,0,0,1,1,0,1,0,1,1,0,0
3799,2405,2197,451,469,1985,0.0,0,0.4,0.0,0,0,0,1,0,0,1,1,0,1,0,1,1,0,0
3809,2401,2197,451,469,1984,0.0,0,0.6,0.0,0,0,0,1,0,0,1,1,0,1,0,1,1,0,0
3819,2402,2197,449,469,1986,0.0,0,0.6,0.0,0,0,0,1,0,0,1,1,0,1,0,1,1,0,0
3829,2403,2197,448,468,1984,0.0,0,0.3,0.0,0,0,0,1,0,0,1,1,0,1,0,1,1,0,0
3839,2406,2198,450,469,1984,0.0,0,0.3,0.0,0,0,0,1,0,0,1,1,0,1,0,1,1,0,0
3849,2402,2198,450,470,1985,0.0,0,0.5,0.0,0,0,0,1,0,0,1,1,0,1,0,1,1,0,0
3859,2403,2197,450,469,1985,0.0,0,0.3,0.0,0,0,0,1,0,0,1,1,0,1,0,1,1,0,0
3869,2403,2197,450,470,1985,0.0,0,0.3,0.0,0,0,0,1,0,0,1,1,0,1,0,1,1,0,0
3879,2402,2197,450,469,1985,0.0,0,0.3,0.0,0,0,0,1,0,0,1,1,0,1,0,1,1,0,0
3889,2404,2197,449,469,1984,0.0,0,0.5,0.0,0,0,0,1,0,0,1,1,0,1,0,1,1,0,0
3899,2403,2198,449,470,1985,0.0,0,0.5,0.0,0,0,0,1,0,0,1,1,0,1,0,1,1,0,0
3909,2403,2194,448,473,1983,0.0,0,0.3,0.0,0,0,0,1,0,0,1,1,0,1,0,1,1,0,0
3919,2403,2197,452,469,1986,0.0,0,0.5,0.0,0,0,0,1,0,0,1,1,0,1,0,1,1,0,0
3929,2403,2199,451,469,1985,0.0,0,0.3,0.0,0,0,0,1,0,0,1,1,0,1,0,1,1,0,0
3939,2402,2197,450,469,1984,0.0,0,0.4,0.0,0,0,0,1,0,0,1,1,0,1,0,1,1,0,0
3949,2401,2197,449,468,1985,0.0,0,0.4,0.0,0,0,0,1,0,0,1,1,0,1,0,1,1,0,0
3959,2403,2197,449,468,1984,0.0,0,0.4,0.0,0,0,0,1,0,0,1,1,0,1,0,1,1,0,0
3969,2402,2196,449,468,1985,0.0,0,0.5,0.0,0,0,0,1,0,0,1,1,0,1,0,1,1,0,0
3979,2403,2197,450,468,1988,0.0,0,0.4,0.0,0,0,0,1,0,0,1,1,0,1,0,1,1,0,0
3989,2403,2197,448,469,1985,0.0,0,0.4,0.0,0,0,0,1,0,0,1,1,0,1,0,1,1,0,0
3999,2403,2197,450,470,1985,0.0,0,0.3,0.0,0,0,0,1,0,0,1,1,0,1,0,1,1,0,0
4009,2405,2197,448,469,1985,0.0,0,0.4,0.0,0,0,0,1,0,0,1,1,0,1,0,1,1,0,0
4019,2404,2194,449,468,1985,0.0,0,0.4,0.0,0,0,0,1,0,0,1,1,0,1,0,1,1,0,0
4029,2403,2197,448,469,1986,0.0,0,0.1,0.0,0,0,0,1,0,0,1,1,0,1,0,1,1,0,0
4039,2404,2197,451,470,1984,0.0,0,0.4,0.0,0,0,0,1,0,0,1,1,0,1,0,1,1,0,0
4049,2404,2197,449,470,1985,0.0,0,0.2,0.0,0,0,0,1,0,0,1,1,0,1,0,1,1,0,0
4059,2403,2197,450,470,1985,0.0,0,0.4,0.0,0,0,0,1,0,0,1,1,0,1,0,1,1,0,0
4069,2404,2197,449,468,1984,0.0,0,0.3,0.0,0,0,0,1,0,0,1,1,0,1,0,1,1,0,0
4079,2403,2197,448,469,1984,0.0,0,0.3,0.0,0,0,0,1,0,0,1,1,0,1,0,1,1,0,0
4089,2403,2197,448,468,1984,0.0,0,0.2,0.0,0,0,0,1,0,0,1,1,0,1,0,1,1,0,0
4099,2404,2196,450,470,1985,0.0,0,0.1,0.0,0,0,0,1,0,0,1,1,0,1,0,1,1,0,0
4109,2403,2200,450,470,1987,0.0,0,0.6,0.0,0,0,0,1,0,0,1,1,0,1,0,1,1,0,0
4119,2404,2197,451,468,1985,0.0,0,0.5,0.0,0,0,0,1,0,0,1,1,0,1,0,1,1,0,0
4129,2403,2197,449,468,1985,0.0,0,0.2,0.0,0,0,0,1,0,0,1,1,0,1,0,1,1,0,0
4139,2404,2197,450,468,1985,0.0,0,0.2,0.0,0,0,0,1,0,0,1,1,0,1,0,1,1,0,0
4149,2403,2198,449,469,1985,0.0,0,0.5,0.0,0,0,0,1,0,0,1,1,0,1,0,1,1,0,0
4159,2403,2197,450,470,1985,0.0,0,0.6,0.0,0,0,0,1,0,0,1,1,0,1,0,1,1,0,0
4169,2403,2197,450,469,1985,0.0,0,0.5,0.0,0,0,0,1,0,0,1,1,0,1,0,1,1,0,0
4179,2404,2197,450,467,1985,0.0,0,0.5,0.0,0,0,0,1,0,0,1,1,0,1,0,1,1,0,0
4189,2403,2197,449,470,1985,0.0,0,0.5,0.0,0,0,0,1,0,0,1,1,0,1,0,1,1,0,0
4199,2402,2198,450,467,1986,0.0,0,0.5,0.0,0,0,0,1,0,0,1,1,0,1,0,1,1,0,0
4209,2403,2197,450,469,1985,0.0,0,0.5,0.0,0,0,0,1,0,0,1,1,0,1,0,1,1,0,0
4219,2403,2197,450,468,1985,0.0,0,0.4,0.0,0,0,0,1,0,0,1,1,0,1,0,1,1,0,0
4229,2403,2197,451,470,1985,0.0,0,0.9,0.0,0,0,0,1,0,0,1,1,0,1,0,1,1,0,0
4239,2403,2197,450,468,1984,0.0,0,0.6,0.0,0,0,0,1,0,0,1,1,0,1,0,1,1,0,0
4249,2404,2196,450,469,1985,0.0,0,0.5,0.0,0,0,0,1,0,0,1,1,0,1,0,1,1,0,0
4259,2404,2197,452,470,1984,0.0,0,0.5,0.0,0,0,0,1,0,0,1,1,0,1,0,1,1,0,0
4269,2404,2197,450,468,1985,0.0,0,0.3,0.0,0,0,0,1,0,0,1,1,0,1,0,1,1,0,0
4279,2406,2197,450,470,1985,0.0,0,0.4,0.0,0,0,0,1,0,0,1,1,0,1,0,1,1,0,0
4289,2403,2197,450,469,1985,0.0,0,0.3,0.0,0,0,0,1,0,0,1,1,0,1,0,1,1,0,0
4299,2403,2197,451,468,1984,0.0,0,0.4,0.0,0,0,0,1,0,0,1,1,0,1,0,1,1,0,0
4309,2403,2197,450,468,1985,0.0,0,0.4,0.0,0,0,0,1,0,0,1,1,0,1,0,1,1,0,0
4319,2404,2197,450,469,1985,0.0,0,0.4,0.0,0,0,0,1,0,0,1,1,0,1,0,1,1,0,0
4329,2403,2197,450,468,1984,0.0,0,0.5,0.0,0,0,0,1,0,0,1,1,0,1,0,1,1,0,0
4339,2403,2197,450,468,1984,0.0,0,0.6,0.0,0,0,0,1,0,0,1,1,0,1,0,1,1,0,0
4349,2404,2197,450,470,1984,0.0,0,0.3,0.0,0,0,0,1,0,0,1,1,0,1,0,1,1,0,0
4359,2403,2197,449,469,1986,0.0,0,0.5,0.0,0,0,0,1,0,0,1,1,0,1,0,1,1,0,0
4369,2402,2197,451,467,1984,0.0,0,0.4,0.0,0,0,0,1,0,0,1,1,0,1,0,1,1,0,0
4379,2403,2196,451,469,1984,0.0,0,0.4,0.0,0,0,0,1,0,0,1,1,0,1,0,1,1,0,0
4389,2402,2197,452,468,1985,0.0,0,0.5,0.0,0,0,0,1,0,0,1,1,0,1,0,1,1,0,0
4399,2403,2197,449,469,1985,0.0,0,0.6,0.0,0,0,0,1,0,0,1,1,0,1,0,1,1,0,0
4409,2403,2197,450,468,1985,0.0,0,0.3,0.0,0,0,0,1,0,0,1,1,0,1,0,1,1,0,0
4419,2403,2196,450,471,1985,0.0,0,0.2,0.0,0,0,0,1,0,0,1,1,0,1,0,1,1,0,0
4429,2402,2197,449,469,1984,0.0,0,0.6,0.0,0,0,0,1,0,0,1,1,0,1,0,1,1,0,0
4439,2403,2197,450,468,1985,0.0,0,0.6,0.0,0,0,0,1,0,0,1,1,0,1,0,1,1,0,0
4449,2403,2196,451,468,1985,0.0,0,0.5,0.0,0,0,0,1,0,0,1,1,0,1,0,1,1,0,0
4459,2402,2197,449,466,1986,0.0,0,0.3,0.0,0,0,0,1,0,0,1,1,0,1,0,1,1,0,0
4469,2402,2197,452,469,1984,0.0,0,0.2,0.0,0,0,0,1,0,0,1,1,0,1,0,1,1,0,0
4479,2402,2197,451,469,1985,0.0,0,0.4,0.0,0,0,0,1,0,0,1,1,0,1,0,1,1,0,0
4489,2403,2198,450,469,1985,0.0,0,0.4,0.0,0,0,0,1,0,0,1,1,0,1,0,1,1,0,0
4499,2403,2200,450,469,1983,0.0,0,0.4,0.0,0,0,0,1,0,0,1,1,0,1,0,1,1,0,0
4509,2405,2197,450,468,1985,0.0,0,0.4,0.0,0,0,0,1,0,0,1,1,0,1,0,1,1,0,0
4519,2403,2197,451,469,1985,0.0,0,0.5,0.0,0,0,0,1,0,0,1,1,0,1,0,1,1,0,0
4529,2403,2198,451,470,1985,0.0,0,0.5,0.0,0,0,0,1,0,0,1,1,0,1,0,1,1,0,0
4539,2402,2197,450,468,1985,0.0,0,0.6,0.0,0,0,0,1,0,0,1,1,0,1,0,1,1,0,0
4549,2404,2197,449,468,1983,0.0,0,0.3,0.0,0,0,0,1,0,0,1,1,0,1,0,1,1,1,0
4559,2403,2195,447,471,1984,0.0,0,0.3,0.0,0,0,0,1,0,0,1,1,0,1,0,1,1,1,0
4569,2403,2194,449,470,1987,0.0,0,0.5,0.0,0,0,0,1,0,0,1,1,0,1,0,1,1,1,0
4579,2406,2197,449,468,1985,0.0,0,0.3,0.0,0,0,0,1,0,0,1,1,0,1,0,1,1,1,0
4589,2405,2200,450,468,1984,0.0,0,0.4,0.0,0,0,0,1,0,0,1,1,0,1,0,1,1,1,0
4599,2403,2197,450,471,1985,0.0,0,0.5,0.0,0,0,0,1,0,0,1,1,0,1,0,1,1,1,0
4609,2403,2197,452,469,1984,0.0,0,0.5,0.0,0,0,0,1,0,0,1,1,0,1,0,1,1,1,0
4619,2403,2197,450,471,1985,0.0,0,0.4,0.0,0,0,0,1,0,0,1,1,0,1,0,1,1,1,0
4629,2404,2197,448,470,1987,0.0,0,0.3,0.0,0,0,0,1,0,0,1,1,0,1,0,1,1,1,0
4639,2402,2199,450,468,1985,0.0,0,0.3,0.0,0,0,0,1,0,0,1,1,0,1,0,1,1,1,0
4649,2403,2197,450,468,1984,0.0,0,0.4,0.0,0,0,0,1,0,0,1,1,0,1,0,1,1,1,0
4659,2403,2197,449,469,1984,0.0,0,0.4,0.0,0,0,0,1,0,0,1,1,0,1,0,1,1,1,0
4669,2403,2197,448,470,1984,0.0,0,0.5,0.0,0,0,0,1,0,0,1,1,0,1,0,1,1,1,0
4679,2404,2197,449,470,1984,0.0,0,0.5,0.0,0,0,0,1,0,0,1,1,0,1,0,1,1,1,0
4689,2404,2198,450,469,1985,0.0,0,0.3,0.0,0,0,0,1,0,0,1,1,0,1,0,1,1,1,0
4699,2401,2198,450,469,1985,0.0,0,0.4,0.0,0,0,0,1,0,0,1,1,0,1,0,1,1,1,0
4710,2403,2196,450,466,1984,0.0,0,0.5,0.0,0,0,0,1,0,0,1,1,0,1,0,1,1,1,0
4720,2403,2197,451,469,1984,0.0,0,0.5,0.0,0,0,0,1,0,0,1,1,0,1,0,1,1,1,0
4730,2403,2201,448,467,1983,0.0,0,0.5,0.0,0,0,0,1,0,0,1,1,0,1,0,1,1,1,0
4740,2403,2197,447,467,1973,0.0,0,0.6,0.0,0,0,0,1,0,0,1,1,0,1,0,1,1,1,0
4750,2403,2198,450,468,1985,0.0,0,0.6,0.0,0,0,0,1,0,0,1,1,0,1,0,1,1,1,0
4760,2403,2196,450,468,1984,0.0,0,0.6,0.0,0,0,0,1,0,0,1,1,0,1,0,1,1,1,0
4770,2403,2198,450,470,1985,0.0,0,0.5,0.0,0,0,0,1,0,0,1,1,0,1,0,1,1,1,0
4780,2403,2197,449,468,1984,0.0,0,0.5,0.0,0,0,0,1,0,0,1,0,0,1,0,1,1,1,0
4790,2403,2197,451,469,1985,0.0,0,0.4,0.0,0,0,0,1,0,0,1,0,0,1,0,1,1,1,0
4800,2403,2197,450,469,1985,0.0,0,0.4,0.0,0,0,0,1,0,0,1,0,0,1,0,1,1,1,0
4810,2403,2197,450,469,1985,0.0,0,0.4,0.0,0,0,0,1,0,0,1,0,0,1,0,1,1,1,0
4820,2402,2197,450,469,1985,0.0,0,0.4,0.0,0,0,0,1,0,0,1,0,0,1,0,1,1,1,0
4830,2402,2197,450,468,1983,0.0,0,0.1,0.0,0,0,0,1,0,0,1,0,0,1,0,1,1,1,0
4840,2403,2197,450,468,1985,0.0,0,0.5,0.0,0,0,0,1,0,0,1,0,0,1,0,1,1,1,0
4850,2403,2197,448,469,1984,0.0,0,0.3,0.0,0,0,0,1,0,0,1,0,0,1,0,1,1,1,0
4861,2405,2195,451,469,1984,0.0,0,0.4,0.0,0,0,0,1,0,0,1,0,0,1,0,1,1,1,0
4871,2403,2200,452,469,1984,0.0,0,0.4,0.0,0,0,0,1,0,0,1,0,0,1,0,1,1,1,0
4881,2403,2197,451,468,1984,0.0,0,0.5,0.0,0,0,0,1,0,0,1,0,0,1,0,1,1,1,0
4891,2406,2197,450,470,1985,0.0,0,0.2,0.0,0,0,0,1,0,0,1,0,0,1,0,1,1,1,0
4901,2403,2196,452,466,1985,0.0,0,0.4,0.0,0,0,0,1,0,0,1,0,0,1,0,1,1,1,0
4911,2403,2197,449,469,1985,0.0,0,0.3,0.0,0,0,0,1,0,0,1,0,0,1,0,1,1,1,0
4921,2405,2197,445,468,1985,0.0,0,0.5,0.0,0,0,0,1,0,0,1,0,0,1,0,1,1,1,0
4931,2407,2197,450,468,1984,0.0,0,0.5,0.0,0,0,0,1,0,0,1,0,0,1,0,1,1,1,0
4941,2403,2198,449,468,1985,0.0,0,0.4,0.0,0,0,0,1,0,0,1,0,0,1,0,1,1,1,0
4951,2403,2196,450,467,1985,0.0,0,0.8,0.0,0,0,0,1,0,0,1,0,0,1,0,1,1,1,0
4961,2406,2198,450,469,1985,0.0,0,0.2,0.0,0,0,0,1,0,0,1,0,0,1,0,1,1,1,0
4971,2403,2197,451,470,1985,0.0,0,0.4,0.0,0,0,0,1,0,0,1,0,0,1,0,1,1,1,0
4981,2403,2196,448,469,1985,0.0,0,0.3,0.0,0,0,0,1,0,0,1,0,0,1,0,1,1,1,0
4991,2403,2197,451,469,1985,0.0,0,0.3,0.0,0,0,0,1,0,0,1,0,0,1,0,1,1,1,0
5001,2403,2197,449,469,1984,0.0,0,0.5,0.0,0,0,0,1,0,0,1,0,0,1,0,1,1,1,0
5011,2403,2197,450,469,1986,0.0,0,0.4,0.0,0,0,0,1,0,0,1,0,0,1,0,1,1,1,0
5021,2403,2197,451,468,1986,0.0,0,0.2,0.0,0,0,0,1,0,0,1,0,0,1,0,1,1,1,0
5031,2402,2197,451,469,1986,0.0,0,0.4,0.0,0,0,0,1,0,0,1,0,0,1,0,1,1,1,0
5041,2404,2198,449,469,1985,0.0,0,0.2,0.0,0,0,0,1,0,0,1,0,0,1,0,1,1,1,0
5051,2402,2194,447,469,1984,0.0,0,0.2,0.0,0,0,0,1,0,0,1,0,0,1,0,1,1,1,0
5061,2403,2198,450,469,1986,0.0,0,0.4,0.0,0,0,0,1,0,0,1,0,0,1,0,1,1,1,0
5071,2404,2197,450,469,1983,0.0,0,0.2,0.0,0,0,0,1,0,0,1,0,0,1,0,1,1,1,0
5081,2404,2197,449,468,1983,0.0,0,0.4,0.0,0,0,0,1,0,0,1,0,0,1,0,1,1,1,0
5091,2403,2197,451,468,1985,0.0,0,0.4,0.0,0,0,0,1,0,0,1,0,0,1,0,1,1,1,0
5101,2403,2197,451,468,1983,0.0,0,0.4,0.0,0,0,0,1,0,0,1,0,0,1,0,1,1,1,0
5111,2402,2197,454,467,1985,0.0,0,0.4,0.0,0,0,0,1,0,0,1,0,0,1,0,1,1,1,0
5121,2404,2197,460,468,1983,0.0,0,0.6,0.0,0,0,0,1,0,0,1,0,0,1,0,1,1,1,0
5131,2403,2197,450,469,1985,0.0,0,0.5,0.0,0,0,0,1,0,0,1,0,0,1,0,1,1,1,0
5141,2403,2197,450,469,1983,0.0,0,0.4,0.0,0,0,0,1,0,0,1,0,0,1,0,1,1,1,0
5151,2403,2198,450,468,1985,0.0,0,0.4,0.0,0,0,0,1,0,0,1,0,0,1,0,1,1,1,0
5161,2404,2197,450,469,1983,0.0,0,0.3,0.0,0,0,0,1,0,0,1,0,0,1,0,1,1,1,0
5171,2404,2198,452,469,1985,0.0,0,0.3,0.0,0,0,0,1,0,0,1,0,0,1,0,1,1,1,0
5181,2403,2197,451,468,1985,0.0,0,0.5,0.0,0,0,0,1,0,0,1,0,0,1,0,1,1,1,0
5191,2404,2198,450,469,1985,0.0,0,0.3,0.0,0,0,0,1,0,0,1,0,0,1,0,1,1,1,0
5201,2403,2197,450,469,1985,0.0,0,0.6,0.0,0,0,0,1,0,0,1,0,0,1,0,1,1,1,0
5211,2403,2197,447,471,1982,0.0,0,0.5,0.0,0,0,0,1,0,0,1,0,0,1,0,1,1,1,0
5221,2404,2197,447,469,1984,0.0,0,0.5,0.0,0,0,0,1,0,0,1,0,0,1,0,1,1,1,0
5231,2403,2197,450,469,1981,0.0,0,0.5,0.0,0,0,0,1,0,0,1,0,0,1,0,1,1,1,0
5241,2404,2197,448,470,1985,0.0,0,0.4,0.0,0,0,0,1,0,0,1,0,0,1,0,1,1,1,0
5251,2403,2197,446,469,1984,0.0,0,0.4,0.0,0,0,0,1,0,0,1,0,0,1,0,1,1,1,0
5261,2403,2198,449,470,1985,0.0,0,0.3,0.0,0,0,0,1,0,0,1,0,0,1,0,1,1,1,0
5271,2402,2198,450,468,1986,0.0,0,0.4,0.0,0,0,0,1,0,0,1,0,0,1,0,1,1,1,0
5281,2403,2198,452,469,1985,0.0,0,0.4,0.0,0,0,0,1,0,0,1,0,0,1,0,1,1,1,0
5291,2404,2196,451,467,1980,0.0,0,0.4,0.0,0,0,0,1,0,0,1,0,0,1,0,1,1,1,0
5301,2403,2197,451,469,1986,0.0,0,0.5,0.0,0,0,0,1,0,0,1,0,0,1,0,1,1,1,0
5311,2402,2196,450,468,1985,0.0,0,0.6,0.0,0,0,0,1,0,0,1,0,0,1,0,1,1,1,0
5321,2403,2196,446,469,1984,0.0,0,0.3,0.0,0,0,0,1,0,0,1,0,0,1,0,1,1,1,0
5331,2402,2197,450,469,1987,0.0,0,0.3,0.0,0,0,0,1,0,0,1,0,0,1,0,1,1,1,0
5341,2403,2196,449,471,1985,0.0,0,0.6,0.0,0,0,0,1,0,0,1,0,0,1,0,1,1,1,0
5351,2403,2197,449,467,1985,0.0,0,0.6,0.0,0,0,0,1,0,0,1,0,0,1,0,1,1,1,0
5361,2403,2197,450,469,1986,0.0,0,0.0,0.0,0,0,0,1,0,0,1,0,0,1,0,1,1,1,0
5371,2403,2197,450,468,1984,0.0,0,0.3,0.0,0,0,0,1,0,0,1,0,0,1,0,1,1,1,0
5381,2402,2197,451,469,1984,0.0,0,0.2,0.0,0,0,0,1,0,0,1,0,0,1,0,1,1,1,0
5391,2403,2197,450,469,1985,0.0,0,0.5,0.0,0,0,0,1,0,0,1,0,0,1,0,1,1,1,0
5401,2404,2198,451,469,1986,0.0,0,0.4,0.0,0,0,0,1,0,0,1,0,0,1,0,1,1,1,0
5411,2402,2197,450,470,1982,0.0,0,0.4,0.0,0,0,0,1,0,0,1,0,0,1,0,1,1,1,0
5421,2403,2197,450,469,1984,0.0,0,0.5,0.0,0,0,0,1,0,0,1,0,0,1,0,1,1,1,0
5431,2404,2197,450,469,1985,0.0,0,0.8,0.0,0,0,0,1,0,0,1,0,0,1,0,1,1,1,0
5441,2402,2198,451,470,1986,0.0,0,0.4,0.0,0,0,0,1,0,0,1,0,0,1,0,1,1,1,0
5451,2403,2197,449,470,1984,0.0,0,0.4,0.0,0,0,0,1,0,0,1,0,0,1,0,1,1,1,0
5461,2403,2198,447,470,1985,0.0,0,0.4,0.0,0,0,0,1,0,0,1,0,0,1,0,1,1,1,0
5471,2404,2197,449,469,1983,0.0,0,0.4,0.0,0,0,0,1,0,0,1,0,0,1,0,1,1,1,0
5481,2403,2197,450,468,1984,0.0,0,0.4,0.0,0,0,0,1,0,0,1,0,0,1,0,1,1,1,0
5491,2405,2197,450,468,1986,0.0,0,0.6,0.0,0,0,0,1,0,0,1,0,0,1,0,1,1,1,0
5501,2403,2198,450,469,1984,0.0,0,0.5,0.0,0,0,0,1,0,0,1,0,0,1,0,1,1,1,0
5511,2403,2197,449,470,1985,0.0,0,0.5,0.0,0,0,0,1,0,0,1,0,0,1,0,1,1,1,0
5521,2403,2197,451,469,1984,0.0,0,0.5,0.0,0,0,0,1,0,0,1,0,0,1,0,1,1,1,0
5531,2404,2196,450,468,1984,0.0,0,0.5,0.0,0,0,0,1,0,0,1,0,0,1,0,1,1,1,0
5541,2403,2197,451,468,1985,0.0,0,0.2,0.0,0,0,0,1,0,0,1,0,0,1,0,1,1,1,0
5551,2403,2197,450,470,1985,0.0,0,0.4,0.0,0,0,0,1,0,0,1,0,0,1,0,1,1,1,0
5561,2403,2197,448,469,1986,0.0,0,0.4,0.0,0,0,0,1,0,0,1,0,0,1,0,1,1,1,0
5571,2402,2197,450,470,1985,0.0,0,0.2,0.0,0,0,0,1,0,0,1,0,0,1,0,1,1,1,0
5581,2403,2197,450,469,1984,0.0,0,0.3,0.0,0,0,0,1,0,0,1,0,0,1,0,1,1,1,0
5591,2403,2199,449,468,1985,0.0,0,0.3,0.0,0,0,0,1,0,0,1,0,0,1,0,1,1,1,0
5601,2401,2197,450,469,1984,0.0,0,0.5,0.0,0,0,0,1,0,0,1,0,0,1,0,1,1,1,0
5611,2403,2197,450,469,1983,0.0,0,0.6,0.0,0,0,0,1,0,0,1,0,0,1,0,1,1,1,0
5621,2404,2198,448,469,1987,0.0,0,0.5,0.0,0,0,0,1,0,0,1,0,0,1,0,1,1,1,0
5631,2403,2197,448,469,1986,0.0,0,0.3,0.0,0,0,0,1,0,0,1,0,0,1,0,1,1,1,0
5641,2404,2197,450,468,1985,0.0,0,0.5,0.0,0,0,0,1,0,0,1,0,0,1,0,1,1,1,0
5651,2403,2197,449,468,1985,0.0,0,0.5,0.0,0,0,0,1,0,0,1,0,0,1,0,1,1,1,0
5661,2404,2196,449,468,1984,0.0,0,0.3,0.0,0,0,0,1,0,0,1,0,0,1,0,1,1,1,0
5671,2401,2197,450,469,1985,0.0,0,0.5,0.0,0,0,0,1,0,0,1,0,0,1,0,1,1,1,0
5681,2402,2196,450,469,1985,0.0,0,0.3,0.0,0,0,0,1,0,0,1,0,0,1,0,1,1,1,0
5691,2403,2197,447,469,1984,0.0,0,0.4,0.0,0,0,0,1,0,0,1,0,0,1,0,1,1,1,0
5701,2403,2197,451,468,1986,0.0,0,0.4,0.0,0,0,0,1,0,0,1,0,0,1,0,1,1,1,0
5711,2404,2197,450,468,1984,0.0,0,0.4,0.0,0,0,0,1,0,0,1,0,0,1,0,1,1,1,0
5721,2403,2197,450,468,1985,0.0,0,0.5,0.0,0,0,0,1,0,0,1,0,0,1,0,1,1,1,0
5731,2402,2196,449,469,1985,0.0,0,0.4,0.0,0,0,0,1,0,0,1,0,0,1,0,1,1,1,0
5741,2403,2197,449,468,1984,0.0,0,0.4,0.0,0,0,0,1,0,0,1,0,0,1,0,1,1,1,0
5751,2402,2197,451,468,1985,0.0,0,0.5,0.0,0,0,0,1,0,0,1,0,0,1,0,1,1,1,0
5761,2405,2201,451,468,1984,0.0,0,0.3,0.0,0,0,0,1,0,0,1,0,0,1,0,1,1,1,0
5771,2403,2197,451,469,1985,0.0,0,0.3,0.0,0,0,0,1,0,0,1,0,0,1,0,1,1,1,0
5781,2403,2197,449,468,1986,0.0,0,0.3,0.0,0,0,0,1,0,0,1,0,0,1,0,1,1,1,0
5791,2402,2197,449,470,1985,0.0,0,0.3,0.0,0,0,0,1,0,0,1,0,0,1,0,1,1,1,0
5801,2402,2198,450,469,1985,0.0,0,0.4,0.0,0,0,0,1,0,0,1,0,0,1,0,1,1,1,0
5811,2403,2198,450,469,1986,0.0,0,0.3,0.0,0,0,0,1,0,0,1,0,0,1,0,1,1,1,0
5821,2404,2198,450,470,1985,0.0,0,0.5,0.0,0,0,0,1,0,0,1,0,0,1,0,1,1,1,0
5831,2402,2198,450,468,1985,0.0,0,0.5,0.0,0,0,0,1,0,0,1,0,0,1,0,1,1,1,0
5841,2403,2197,450,469,1984,0.0,0,0.5,0.0,0,0,0,1,0,0,1,0,0,1,0,1,1,1,0
5851,2403,2197,451,469,1984,0.0,0,0.6,0.0,0,0,0,1,0,0,1,0,0,1,0,1,1,1,0
5861,2402,2197,451,468,1984,0.0,0,0.3,0.0,0,0,0,1,0,0,1,0,0,1,0,1,1,1,0
5871,2403,2197,449,469,1984,0.0,0,0.3,0.0,0,0,0,1,0,0,1,0,0,1,0,1,1,1,0
5881,2404,2198,449,468,1986,0.0,0,0.4,0.0,0,0,0,1,0,0,1,0,0,1,0,1,1,1,0
5891,2403,2197,449,469,1985,0.0,0,0.4,0.0,0,0,0,1,0,0,1,0,0,1,0,1,1,1,0
5901,2403,2197,449,470,1986,0.0,0,0.3,0.0,0,0,0,1,0,0,1,0,0,1,0,1,1,1,0
5911,2402,2197,450,468,1985,0.0,0,0.3,0.0,0,0,0,1,0,0,1,0,0,1,0,1,1,1,0
5921,2403,2197,450,470,1986,0.0,0,0.4,0.0,0,0,0,1,0,0,1,0,0,1,0,1,1,1,0
5931,2402,2197,450,468,1986,0.0,0,0.5,0.0,0,0,0,1,0,0,1,0,0,1,0,1,1,1,0
5941,2403,2198,450,469,1986,0.0,0,0.3,0.0,0,0,0,1,0,0,1,0,0,1,0,1,1,1,0
5951,2405,2197,451,468,1984,0.0,0,0.3,0.0,0,0,0,1,0,0,1,0,0,1,0,1,1,1,0
5961,2403,2198,450,471,1985,0.0,0,0.3,0.0,0,0,0,1,0,0,1,0,0,1,0,1,1,1,0
5971,2403,2198,448,469,1984,0.0,0,0.5,0.0,0,0,0,1,0,0,1,0,0,1,0,1,1,1,0
5981,2403,2197,451,468,1988,0.0,0,0.3,0.0,0,0,0,1,0,0,1,0,0,1,0,1,1,1,0
5991,2405,2197,450,471,1985,0.0,0,0.5,0.0,0,0,0,1,0,0,1,0,0,1,0,1,1,1,0
6001,2403,2196,448,469,1985,0.0,0,0.3,0.0,0,0,0,1,0,0,1,0,0,1,0,1,1,1,0
6011,2402,2197,449,470,1984,0.0,0,0.3,0.0,0,0,0,1,0,0,1,0,0,1,0,1,1,1,0
6021,2403,2197,450,469,1985,0.0,0,0.4,0.0,0,0,0,1,0,0,1,0,0,1,0,1,1,1,0
6031,2402,2197,453,467,1985,0.0,0,0.5,0.0,0,0,0,1,0,0,1,0,0,1,0,1,1,1,0
6041,2403,2197,451,467,1982,0.0,0,0.5,0.0,0,0,0,1,0,0,1,0,0,1,0,1,1,1,0
6051,2402,2197,452,472,1986,0.0,0,0.4,0.0,0,0,0,1,0,0,1,0,0,1,0,1,1,1,0
6061,2404,2196,448,468,1985,0.0,0,0.4,0.0,0,0,0,1,0,0,1,0,0,1,0,1,1,1,0
6071,2403,2197,449,469,1985,0.0,0,0.4,0.0,0,0,0,1,0,0,1,0,0,1,0,1,1,1,0
6081,2402,2197,450,469,1982,0.0,0,0.5,0.0,0,0,0,1,0,0,1,0,0,1,0,1,1,1,0
6091,2403,2194,449,467,1985,0.0,0,0.5,0.0,0,0,0,1,0,0,1,0,0,1,0,1,1,1,0
6101,2403,2197,449,467,1986,0.0,0,0.6,0.0,0,0,0,1,0,0,1,0,0,1,0,1,1,1,0
6111,2403,2197,451,468,1987,0.0,0,0.2,0.0,0,0,0,1,0,0,1,0,0,1,0,1,1,1,0
6121,2404,2195,445,468,1985,0.0,0,0.4,0.0,0,0,0,1,0,0,1,0,0,1,0,1,1,1,0
6131,2403,2197,451,469,1985,0.0,0,0.4,0.0,0,0,0,1,0,0,1,0,0,1,0,1,1,1,0
6141,2403,2197,450,468,1986,0.0,0,0.5,0.0,0,0,0,1,0,0,1,0,0,1,0,1,1,1,0
6151,2403,2196,450,469,1982,0.0,0,0.5,0.0,0,0,0,1,0,0,1,0,0,1,0,1,1,1,0
6161,2402,2197,448,469,1985,0.0,0,0.5,0.0,0,0,0,1,0,0,1,0,0,1,0,1,1,1,0
6171,2399,2197,449,468,1989,0.0,0,0.4,0.0,0,0,0,1,0,0,1,0,0,1,0,1,1,1,0
6181,2403,2197,450,467,1984,0.0,0,0.5,0.0,0,0,0,1,0,0,1,0,0,1,0,1,1,1,0
6191,2404,2197,450,467,1985,0.0,0,0.5,0.0,0,0,0,1,0,0,1,0,0,1,0,1,1,1,0
6201,2403,2197,451,469,1985,0.0,0,0.4,0.0,0,0,0,1,0,0,1,0,0,1,0,1,1,1,0
6211,2403,2197,449,469,1985,0.0,0,0.3,0.0,0,0,0,1,0,0,1,0,0,1,0,1,1,1,0
6221,2403,2197,449,468,1987,0.0,0,0.5,0.0,0,0,0,1,0,0,1,0,0,1,0,1,1,1,0
6231,2403,2198,452,468,1986,0.0,0,0.3,0.0,0,0,0,1,0,0,1,0,0,1,0,1,1,1,0
6241,2403,2197,449,470,1984,0.0,0,0.4,0.0,0,0,0,1,0,0,1,0,0,1,0,1,1,1,0
6251,2403,2198,450,468,1984,0.0,0,0.4,0.0,0,0,0,1,0,0,1,0,0,1,0,1,1,1,0
6261,2402,2197,451,469,1986,0.0,0,0.4,0.0,0,0,0,1,0,0,1,0,0,1,0,1,1,1,0
6271,2403,2196,450,470,1985,0.0,0,0.4,0.0,0,0,0,1,0,0,1,0,0,1,0,1,1,1,0
6281,2401,2198,448,466,1985,0.0,0,0.5,0.0,0,0,0,1,0,0,1,0,0,1,0,1,1,1,0
6291,2403,2197,450,469,1984,0.0,0,0.2,0.0,0,0,0,1,0,0,1,0,0,1,0,1,1,1,0
6301,2404,2197,449,469,1982,0.0,0,0.5,0.0,0,0,0,1,0,0,1,0,0,1,0,1,1,1,0
6311,2402,2197,451,469,1984,0.0,0,0.5,0.0,0,0,0,1,0,0,1,0,0,1,0,1,1,1,0
6321,2402,2196,450,470,1983,0.0,0,0.3,0.0,0,0,0,1,0,0,1,0,0,1,0,1,1,1,0
6331,2403,2197,450,469,1985,0.0,0,0.3,0.0,0,0,0,1,0,0,1,0,0,1,0,1,1,1,0
6342,2403,2197,452,468,1985,0.0,0,0.5,0.0,0,0,0,1,0,0,1,0,0,1,0,1,1,1,0
6352,2402,2197,450,468,1973,0.0,0,0.3,0.0,0,0,0,1,0,0,1,0,0,1,0,1,1,1,0
6362,2403,2197,451,468,1984,0.0,0,0.5,0.0,0,0,0,1,0,0,1,0,0,1,0,1,1,1,0
6372,2403,2197,449,470,1985,0.0,0,0.5,0.0,0,0,0,1,0,0,1,0,0,1,0,1,1,1,0
6382,2403,2198,450,469,1985,0.0,0,0.5,0.0,0,0,0,1,0,0,1,0,0,1,0,1,1,1,0
6396,2403,2198,446,468,1983,0.0,0,0.6,0.0,0,0,0,1,0,0,1,0,0,1,0,1,1,1,0
6406,2403,2197,449,469,1984,0.0,0,0.6,0.0,0,0,0,1,0,0,1,0,0,1,0,1,1,1,0
6416,2402,2197,452,470,1989,0.0,0,0.5,0.0,0,0,0,1,0,0,1,0,0,1,0,1,1,1,0
6426,2403,2197,450,469,1985,0.0,0,0.4,0.0,0,0,0,1,0,0,1,0,0,1,0,1,1,1,0
6437,2403,2197,450,469,1985,0.0,0,0.6,0.0,0,0,0,1,0,0,1,0,0,1,0,1,1,1,0
6447,2403,2197,448,469,1985,0.0,0,0.6,0.0,0,0,0,1,0,0,0,0,0,0,0,0,1,1,1
6457,2404,2197,451,467,1985,0.0,0,0.5,0.0,0,0,0,1,0,0,0,0,0,0,0,0,1,1,1
6467,2402,2197,452,468,1986,0.0,0,0.5,0.0,0,0,0,1,0,0,0,0,0,0,0,0,1,1,1
6477,2403,2198,451,468,1984,0.0,0,0.2,0.0,0,0,0,1,0,0,0,0,0,0,0,0,1,1,1
6487,2403,2197,450,469,1985,0.0,0,0.4,0.0,0,0,0,1,0,0,0,0,0,0,0,0,1,1,1
6497,2402,2197,449,469,1984,0.0,0,0.3,0.0,0,0,0,1,0,0,0,0,0,0,0,0,1,1,1
6507,2403,2197,450,469,1984,0.0,0,0.5,0.0,0,0,0,1,0,0,0,0,0,0,0,0,1,1,1
6517,2403,2197,448,469,1985,0.0,0,0.5,0.0,0,0,0,1,0,0,0,0,0,0,0,0,1,1,1
6527,2404,2196,450,468,1985,0.0,0,0.5,0.0,0,0,0,1,0,0,0,0,0,0,0,0,1,1,1
6537,2402,2198,450,470,1985,0.0,0,0.5,0.0,0,0,0,1,0,0,0,0,0,0,0,0,1,1,1
6547,2403,2197,450,469,1983,0.0,0,0.2,0.0,0,0,0,1,0,0,0,0,0,0,0,0,1,1,1
6557,2404,2197,450,470,1984,0.0,0,0.4,0.0,0,0,0,1,0,0,0,0,0,0,0,0,1,1,1
6567,2404,2197,447,468,1984,0.0,0,0.6,0.0,0,0,0,1,0,0,0,0,0,0,0,0,1,1,1
6577,2404,2195,449,467,1984,0.0,0,0.5,0.0,0,0,0,1,0,0,0,0,0,0,0,0,1,1,1
6587,2403,2198,451,468,1983,0.0,0,0.5,0.0,0,0,0,1,0,0,0,0,0,0,0,0,1,1,1
6597,2403,2197,450,470,1985,0.0,0,0.3,0.0,0,0,0,1,0,0,0,0,0,0,0,0,1,1,1
6607,2399,2197,450,472,1985,0.0,0,0.5,0.0,0,0,0,1,0,0,0,0,0,0,0,0,1,1,1
6617,2402,2197,449,469,1982,0.0,0,0.3,0.0,0,0,0,1,0,0,0,0,0,0,0,0,1,1,1
6627,2403,2198,449,470,1985,0.0,0,0.5,0.0,0,0,0,1,0,0,0,0,0,0,0,0,1,1,1
6637,2404,2197,449,469,1983,0.0,0,0.4,0.0,0,0,0,1,0,0,0,0,0,0,0,0,1,1,1
6647,2402,2197,450,468,1983,0.0,0,0.4,0.0,0,0,0,1,0,0,0,0,0,0,0,0,1,1,1
6657,2403,2197,450,468,1985,0.0,0,0.5,0.0,0,0,0,1,0,0,0,0,0,0,0,0,1,1,1
6667,2403,2198,450,468,1985,0.0,0,0.4,0.0,0,0,0,1,0,0,0,0,0,0,0,0,1,1,1
6677,2400,2198,450,468,1985,0.0,0,0.0,0.0,0,0,0,1,0,0,0,0,0,0,0,0,1,1,1
6687,2403,2193,450,468,1985,0.0,0,0.4,0.0,0,0,0,1,0,0,0,0,0,0,0,0,1,1,1
6697,2403,2197,449,468,1985,0.0,0,0.5,0.0,0,0,0,1,0,0,0,0,0,0,0,0,1,1,1
6707,2404,2197,450,470,1985,0.0,0,0.5,0.0,0,0,0,1,0,0,0,0,0,0,0,0,1,1,1
6717,2403,2196,450,469,1985,0.0,0,0.5,0.0,0,0,0,1,0,0,0,0,0,0,0,0,1,1,1
6727,2403,2198,450,471,1985,0.0,0,0.3,0.0,0,0,0,1,0,0,0,0,0,0,0,0,1,1,1
6737,2402,2197,448,470,1985,0.0,0,0.5,0.0,0,0,0,1,0,0,0,0,0,0,0,0,1,1,1
6747,2403,2198,448,467,1984,0.0,0,0.5,0.0,0,0,0,1,0,0,0,0,0,0,0,0,1,1,1
6757,2403,2197,450,470,1984,0.0,0,0.5,0.0,0,0,0,1,0,0,0,0,0,0,0,0,1,1,1
6767,2402,2197,450,470,1985,0.0,0,0.5,0.0,0,0,0,1,0,0,0,0,0,0,0,0,1,1,1
6777,2403,2197,450,469,1984,0.0,0,0.5,0.0,0,0,0,1,0,0,0,0,0,0,0,0,1,1,1
6787,2403,2198,449,468,1985,0.0,0,0.3,0.0,0,0,0,1,0,0,0,0,0,0,0,0,1,1,1
6797,2403,2199,450,467,1986,0.0,0,0.0,0.0,0,0,0,1,0,0,0,0,0,0,0,0,1,1,1
6807,2405,2197,450,469,1984,0.0,0,0.3,0.0,0,0,0,1,0,0,0,0,0,0,0,0,1,1,1
6817,2404,2198,450,469,1984,0.0,0,0.4,0.0,0,0,0,1,0,0,0,0,0,0,0,0,1,1,1
6827,2403,2198,453,470,1984,0.0,0,0.4,0.0,0,0,0,1,0,0,0,0,0,0,0,0,1,1,1
6837,2403,2198,450,470,1984,0.0,0,0.4,0.0,0,0,0,1,0,0,0,0,0,0,0,0,1,1,1
6847,2403,2197,450,468,1985,0.0,0,0.5,0.0,0,0,0,1,0,0,0,0,0,0,0,0,1,1,1
6858,2404,2197,450,465,1984,0.0,0,0.4,0.0,0,0,0,1,0,0,0,0,0,0,0,0,1,1,1
6868,2402,2197,449,469,1985,0.0,0,0.5,0.0,0,0,0,1,0,0,0,0,0,0,0,0,1,1,1
6878,2402,2197,450,469,1984,0.0,0,0.5,0.0,0,0,0,1,0,0,0,0,0,0,0,0,1,1,1
6889,2402,2197,450,467,1984,0.0,0,0.6,0.0,0,0,0,1,0,0,0,0,0,0,0,0,1,1,1
6899,2403,2197,449,468,1984,0.0,0,0.6,0.0,0,0,0,1,0,0,0,0,0,0,0,0,1,1,1
6909,2403,2197,449,468,1985,0.0,0,0.6,0.0,0,0,0,1,0,0,0,0,0,0,0,0,1,1,1
6919,2403,2198,450,469,1985,0.0,0,0.6,0.0,0,0,0,1,0,0,0,0,0,0,0,0,1,1,1
6929,2402,2197,449,469,1985,0.0,0,0.5,0.0,0,0,0,1,0,0,0,0,0,0,0,0,1,1,1
6940,2403,2197,449,468,1984,0.0,0,0.3,0.0,0,0,0,1,0,0,0,0,0,0,0,0,1,1,1
6950,2404,2197,451,467,1985,0.0,0,0.5,0.0,0,0,0,1,0,0,0,0,0,0,0,0,1,1,1
6960,2403,2197,450,469,1983,0.0,0,0.5,0.0,0,0,0,1,0,0,0,0,0,0,0,0,1,1,1
6970,2404,2197,453,468,1984,0.0,0,0.1,0.0,0,0,0,1,0,0,0,0,0,0,0,0,1,1,1
6980,2402,2197,449,468,1983,0.0,0,0.1,0.0,0,0,0,1,0,0,0,0,0,0,0,0,1,1,1
6990,2402,2197,449,467,1985,0.0,0,0.6,0.0,0,0,0,1,0,0,0,0,0,0,0,0,1,1,1
7000,2403,2197,449,469,1983,0.0,0,0.4,0.0,0,0,0,1,0,0,0,0,0,0,0,0,1,1,1
7010,2403,2197,449,468,1984,0.0,0,0.4,0.0,0,0,0,1,0,0,0,0,0,0,0,0,1,1,1
7020,2403,2197,449,468,1984,0.0,0,0.3,0.0,0,0,0,1,0,0,0,0,0,0,0,0,1,1,1
7030,2401,2197,450,469,1983,0.0,0,0.3,0.0,0,0,0,1,0,0,0,0,0,0,0,0,1,1,1
7040,2405,2197,450,469,1985,0.0,0,0.3,0.0,0,0,0,1,0,0,0,0,0,0,0,0,1,1,1
7050,2403,2198,449,469,1984,0.0,0,0.3,0.0,0,0,0,1,0,0,0,0,0,0,0,0,1,1,1
7060,2404,2197,451,469,1986,0.0,0,0.3,0.0,0,0,0,1,0,0,0,0,0,0,0,0,1,1,1
7070,2403,2198,451,466,1983,0.0,0,0.4,0.0,0,0,0,1,0,0,0,0,0,0,0,0,1,1,1
7080,2402,2197,450,469,1983,0.0,0,0.5,0.0,0,0,0,1,0,0,0,0,0,0,0,0,1,1,1
7090,2404,2198,451,469,1986,0.0,0,0.5,0.0,0,0,0,1,0,0,0,0,0,0,0,0,1,1,1
7100,2402,2197,450,470,1985,0.0,0,0.5,0.0,0,0,0,1,0,0,0,0,0,0,0,0,1,1,1
7110,2405,2197,450,470,1984,0.0,0,0.5,0.0,0,0,0,1,0,0,0,0,0,0,0,0,1,1,1
7120,2403,2197,456,470,1985,0.0,0,0.5,0.0,0,0,0,1,0,0,0,0,0,0,0,0,1,1,1
7130,2402,2199,449,468,1983,0.0,0,0.4,0.0,0,0,0,1,0,0,0,0,0,0,0,0,1,1,1
7140,2403,2200,452,469,1985,0.0,0,0.3,0.0,0,0,0,1,0,0,0,0,0,0,0,0,1,1,1
7150,2404,2197,450,469,1985,0.0,0,0.3,0.0,0,0,0,1,0,0,0,0,0,0,0,0,1,1,1
7160,2403,2197,451,470,1985,0.0,0,0.6,0.0,0,0,0,1,0,0,0,0,0,0,0,0,1,1,1
7170,2405,2196,450,469,1984,0.0,0,0.5,0.0,0,0,0,1,0,0,0,0,0,0,0,0,1,1,1
7180,2403,2198,452,470,1984,0.0,0,0.5,0.0,0,0,0,1,0,0,0,0,0,0,0,0,1,1,1
7190,2402,2196,450,469,1985,0.0,0,0.0,0.0,0,0,0,1,0,0,0,0,0,0,0,0,1,1,1
7200,2403,2197,450,469,1985,0.0,0,0.0,0.0,0,0,0,1,0,0,0,0,0,0,0,0,1,1,1
7210,2403,2197,451,469,1985,0.0,0,0.5,0.0,0,0,0,1,0,0,0,0,0,0,0,0,1,1,1
7220,2401,2198,450,468,1985,0.0,0,0.5,0.0,0,0,0,1,0,0,0,0,0,0,0,0,1,1,1
7230,2403,2197,450,470,1982,0.0,0,0.5,0.0,0,0,0,1,0,0,0,0,0,0,0,0,1,1,1
7240,2403,2197,448,467,1985,0.0,0,0.5,0.0,0,0,0,1,0,0,0,0,0,0,0,0,1,1,1
7250,2402,2197,450,469,1984,0.0,0,0.4,0.0,0,0,0,1,0,0,0,0,0,0,0,0,1,1,1
7260,2403,2197,450,470,1986,0.0,0,0.6,0.0,0,0,0,1,0,0,0,0,0,0,0,0,1,1,1
7270,2403,2197,450,468,1985,0.0,0,0.4,0.0,0,0,0,1,0,0,0,0,0,0,0,0,1,1,1
7283,2402,2197,450,468,1983,0.0,0,0.8,0.0,0,0,0,1,0,0,0,0,0,0,0,0,1,1,1
7293,2402,2197,450,469,1984,0.0,0,0.5,0.0,0,0,0,1,0,0,0,0,0,0,0,0,1,1,1
7303,2402,2197,451,468,1984,0.0,0,0.5,0.0,0,0,0,1,0,0,0,0,0,0,0,0,1,1,1
7313,2404,2197,450,467,1981,0.0,0,0.5,0.0,0,0,0,1,0,0,0,0,0,0,0,0,1,1,1
7323,2402,2197,451,469,1984,0.0,0,0.2,0.0,0,0,0,1,0,0,0,0,0,0,0,0,1,1,1
7333,2404,2196,449,468,1986,0.0,0,0.5,0.0,0,0,0,1,0,0,0,0,0,0,0,0,1,1,1
7343,2403,2197,449,470,1984,0.0,0,0.4,0.0,0,0,0,1,0,0,0,0,0,0,0,0,1,1,1
7354,2401,2197,447,469,1983,0.0,0,0.5,0.0,0,0,0,1,0,0,0,0,0,0,0,0,1,1,1
7364,2404,2196,450,470,1985,0.0,0,0.8,0.0,0,0,0,1,0,0,0,0,0,0,0,0,1,1,1
7374,2403,2197,450,469,1985,0.0,0,0.4,0.0,0,0,0,1,0,0,0,0,0,0,0,0,1,1,1
7384,2402,2196,450,472,1984,0.0,0,0.4,0.0,0,0,0,1,0,0,0,0,0,0,0,0,1,1,1
7394,2403,2198,448,468,1984,0.0,0,0.8,0.0,0,0,0,1,0,0,0,0,0,0,0,0,1,1,1
7404,2403,2196,450,469,1984,0.0,0,0.6,0.0,0,0,0,1,0,0,0,0,0,0,0,0,1,1,1
7415,2404,2197,449,470,1983,0.0,0,0.5,0.0,0,0,0,1,0,0,0,0,0,0,0,0,1,1,1
7425,2403,2197,450,468,1984,0.0,0,0.6,0.0,0,0,0,1,0,0,0,0,0,0,0,0,1,1,1
7435,2404,2197,450,469,1984,0.0,0,0.4,0.0,0,0,0,1,0,0,0,0,0,0,0,0,1,1,1
7445,2403,2197,452,468,1984,0.0,0,0.4,0.0,0,0,0,1,0,0,0,0,0,0,0,0,1,1,1
7455,2404,2197,450,469,1987,0.0,0,0.4,0.0,0,0,0,1,0,0,0,0,0,0,0,0,1,1,1
7465,2400,2198,451,469,1985,0.0,0,0.3,0.0,0,0,0,1,0,0,0,0,0,0,0,0,1,1,1
7475,2403,2197,450,469,1985,0.0,0,0.5,0.0,0,0,0,1,0,0,0,0,0,0,0,0,1,1,1
7485,2402,2197,450,469,1984,0.0,0,0.5,0.0,0,0,0,1,0,0,0,0,0,0,0,0,1,1,1
7495,2404,2197,450,469,1985,0.0,0,0.5,0.0,0,0,0,1,0,0,0,0,0,0,0,0,1,1,1
7505,2402,2197,449,466,1984,0.0,0,0.5,0.0,0,0,0,1,0,0,0,0,0,0,0,0,1,1,1
7515,2403,2199,451,467,1985,0.0,0,0.3,0.0,0,0,0,1,0,0,0,0,0,0,0,0,1,1,1
7525,2402,2197,448,468,1984,0.0,0,1.2,0.0,0,0,0,1,0,0,0,0,0,0,0,0,1,1,1
7535,2402,2197,448,469,1985,0.0,0,0.4,0.0,0,0,0,1,0,0,0,0,0,0,0,0,1,1,1
7545,2403,2201,453,468,1985,0.0,0,0.6,0.0,0,0,0,1,0,0,0,0,0,0,0,0,1,1,1
7555,2402,2197,450,469,1984,0.0,0,0.5,0.0,0,0,0,1,0,0,0,0,0,0,0,0,1,1,1
7565,2404,2198,449,468,1985,0.0,0,0.5,0.0,0,0,0,1,0,0,0,0,0,0,0,0,1,1,1
7575,2403,2197,451,468,1984,0.0,0,0.3,0.0,0,0,0,1,0,0,0,0,0,0,0,0,1,1,1
7585,2402,2197,449,468,1985,0.0,0,0.6,0.0,0,0,0,1,0,0,0,0,0,0,0,0,1,1,1
7595,2402,2197,448,470,1983,0.0,0,0.4,0.0,0,0,0,1,0,0,0,0,0,0,0,0,1,1,1
7605,2402,2198,450,468,1984,0.0,0,0.6,0.0,0,0,0,1,0,0,0,0,0,0,0,0,1,1,1
7615,2404,2197,450,470,1985,0.0,0,0.6,0.0,0,0,0,1,0,0,0,0,0,0,0,0,1,1,1
7625,2403,2197,451,468,1985,0.0,0,0.6,0.0,0,0,0,1,0,0,0,0,0,0,0,0,1,1,1
7635,2403,2195,450,469,1984,0.0,0,0.4,0.0,0,0,0,1,0,0,0,0,0,0,0,0,1,1,1
7645,2402,2197,451,469,1985,0.0,0,0.4,0.0,0,0,0,1,0,0,0,0,0,0,0,0,1,1,1
7655,2403,2197,451,470,1982,0.0,0,0.4,0.0,0,0,0,1,0,0,0,0,0,0,0,0,1,1,1
7666,2403,2195,449,472,1984,0.0,0,0.6,0.0,0,0,0,1,0,0,0,0,0,0,0,0,1,1,1
7676,2402,2196,449,470,1984,0.0,0,0.6,0.0,0,0,0,1,0,0,0,0,0,0,0,0,1,1,1
7687,2402,2198,450,467,1985,0.0,0,0.5,0.0,0,0,0,1,0,0,0,0,0,0,0,0,1,1,1
7697,2403,2196,449,470,1983,0.0,0,0.5,0.0,0,0,0,1,0,0,0,0,0,0,0,0,1,1,1
7707,2402,2196,449,470,1984,0.0,0,0.3,0.0,0,0,0,1,0,0,0,0,0,0,0,0,1,1,1
7717,2404,2197,452,470,1984,0.0,0,0.5,0.0,0,0,0,1,0,0,0,0,0,0,0,0,1,1,1
7727,2399,2197,450,466,1985,0.0,0,0.5,0.0,0,0,0,1,0,0,0,0,0,0,0,0,1,1,1
7737,2403,2197,451,469,1984,0.0,0,0.6,0.0,0,0,0,1,0,0,0,0,0,0,0,0,1,1,1
7747,2403,2197,450,469,1986,0.0,0,0.5,0.0,0,0,0,1,0,0,0,0,0,0,0,0,1,1,1
7757,2403,2198,450,470,1985,0.0,0,0.5,0.0,0,0,0,1,0,0,0,0,0,0,0,0,1,1,1
7767,2403,2197,450,467,1985,0.0,0,0.4,0.0,0,0,0,1,0,0,0,0,0,0,0,0,1,1,1
7777,2403,2200,448,468,1984,0.0,0,0.5,0.0,0,0,0,1,0,0,0,0,0,0,0,0,1,1,1
7787,2403,2197,450,470,1984,0.0,0,0.4,0.0,0,0,0,1,0,0,0,0,0,0,0,0,1,1,1
7797,2403,2197,449,468,1983,0.0,0,0.4,0.0,0,0,0,1,0,0,0,0,0,0,0,0,1,1,1
7807,2405,2197,450,468,1985,0.0,0,0.3,0.0,0,0,0,1,0,0,0,0,0,0,0,0,1,1,1
7817,2404,2197,450,470,1984,0.0,0,0.3,0.0,0,0,0,1,0,0,0,0,0,0,0,0,1,1,1
7827,2403,2196,450,468,1985,0.0,0,0.4,0.0,0,0,0,1,0,0,0,0,0,0,0,0,1,1,1
7837,2403,2196,449,469,1984,0.0,0,0.3,0.0,0,0,0,1,0,0,0,0,0,0,0,0,1,1,1
7847,2403,2197,451,469,1985,0.0,0,0.3,0.0,0,0,0,1,0,0,0,0,0,0,0,0,1,1,1
7857,2404,2197,451,469,1985,0.0,0,0.3,0.0,0,0,0,1,0,0,0,0,0,0,0,0,1,1,1
7867,2404,2197,450,468,1987,0.0,0,0.3,0.0,0,0,0,1,0,0,0,0,0,0,0,0,1,1,1
7877,2403,2197,451,467,1984,0.0,0,0.3,0.0,0,0,0,1,0,0,0,0,0,0,0,0,1,1,1
7887,2403,2197,451,468,1987,0.0,0,0.3,0.0,0,0,0,1,0,0,0,0,0,0,0,0,1,1,1
7897,2402,2197,451,469,1984,0.0,0,0.2,0.0,0,0,0,1,0,0,0,0,0,0,0,0,1,1,1
7907,2403,2198,449,468,1985,0.0,0,0.4,0.0,0,0,0,1,0,0,0,0,0,0,0,0,1,1,1
7917,2403,2197,451,468,1984,0.0,0,0.4,0.0,0,0,0,1,0,0,0,0,0,0,0,0,1,1,1
7927,2404,2196,449,468,1985,0.0,0,0.5,0.0,0,0,0,1,0,0,0,0,0,0,0,0,1,1,1
7937,2404,2194,449,468,1984,0.0,0,0.5,0.0,0,0,0,1,0,0,0,0,0,0,0,0,1,1,1
7947,2402,2197,449,454,1984,0.0,0,0.4,0.0,0,0,0,1,0,0,0,0,0,0,0,0,1,1,1
7957,2404,2198,451,469,1984,0.0,0,0.5,0.0,0,0,0,1,0,0,0,0,0,0,0,0,1,1,1
7968,2404,2196,451,469,1984,0.0,0,0.5,0.0,0,0,0,1,0,0,0,0,0,0,0,0,1,1,1
7978,2402,2197,449,469,1985,0.0,0,0.5,0.0,0,0,0,1,0,0,0,0,0,0,0,0,1,1,1
7988,2402,2197,449,469,1984,0.0,0,0.4,0.0,0,0,0,1,0,0,0,0,0,0,0,0,1,1,1
7998,2403,2197,451,469,1984,0.0,0,0.4,0.0,0,0,0,1,0,0,0,0,0,0,0,0,1,1,1
8008,2401,2197,450,469,1986,0.0,0,0.4,0.0,0,0,0,1,0,0,0,0,0,0,0,0,1,1,1
8018,2403,2196,450,468,1985,0.0,0,0.5,0.0,0,0,0,1,0,0,0,0,0,0,0,0,1,1,1
8028,2403,2197,450,469,1983,0.0,0,0.6,0.0,0,0,0,1,0,0,0,0,0,0,0,0,1,1,1
8038,2403,2196,447,469,1985,0.0,0,0.6,0.0,0,0,0,1,0,0,0,0,0,0,0,0,1,1,1
8048,2403,2198,449,469,1985,0.0,0,0.4,0.0,0,0,0,1,0,0,0,0,0,0,0,0,1,1,1
8059,2402,2196,449,469,1984,0.0,0,0.3,0.0,0,0,0,1,0,0,0,0,0,0,0,0,1,1,1
8069,2403,2199,451,468,1985,0.0,0,0.3,0.0,0,0,0,1,0,0,0,0,0,0,0,0,1,1,1
8079,2403,2197,450,470,1984,0.0,0,0.6,0.0,0,0,0,1,0,0,0,0,0,0,0,0,1,1,1
8089,2403,2197,450,467,1984,0.0,0,0.6,0.0,0,0,0,1,0,0,0,0,0,0,0,0,1,1,1
8099,2402,2197,448,469,1985,0.0,0,0.4,0.0,0,0,0,1,0,0,0,0,0,0,0,0,1,1,1
8109,2402,2197,446,468,1984,0.0,0,0.5,0.0,0,0,0,1,0,0,0,0,0,0,0,0,1,1,1
8119,2403,2197,449,468,1982,0.0,0,0.8,0.0,0,0,0,1,0,0,0,0,0,0,0,0,1,1,1
8129,2403,2197,449,469,1984,0.0,0,0.8,0.0,0,0,0,1,0,0,0,0,0,0,0,0,1,1,1
8139,2403,2197,449,469,1983,0.0,0,0.6,0.0,0,0,0,1,0,0,0,0,0,0,0,0,1,1,1
8149,2401,2196,450,469,1983,0.0,0,0.5,0.0,0,0,0,1,0,0,0,0,0,0,0,0,1,1,1
8159,2402,2194,450,467,1984,0.0,0,0.4,0.0,0,0,0,1,0,0,0,0,0,0,0,0,1,1,1
8169,2403,2197,449,466,1986,0.0,0,0.4,0.0,0,0,0,1,0,0,0,0,0,0,0,0,1,1,1
8179,2402,2198,449,468,1984,0.0,0,0.4,0.0,0,0,0,1,0,0,0,0,0,0,0,0,1,1,1
8189,2403,2197,450,469,1984,0.0,0,0.4,0.0,0,0,0,1,0,0,0,0,0,0,0,0,1,1,1
8199,2402,2197,450,468,1983,0.0,0,0.5,0.0,0,0,0,1,0,0,0,0,0,0,0,0,1,1,1
8209,2403,2200,448,469,1983,0.0,0,0.5,0.0,0,0,0,1,0,0,0,0,0,0,0,0,1,1,1
8219,2403,2197,450,469,1983,0.0,0,0.5,0.0,0,0,0,1,0,0,0,0,0,0,0,0,1,1,1
8229,2403,2197,450,467,1985,0.0,0,0.4,0.0,0,0,0,1,0,0,0,0,0,0,0,0,1,1,1
8239,2403,2198,451,467,1984,0.0,0,0.4,0.0,0,0,0,1,0,0,0,0,0,0,0,0,1,1,1
8249,2404,2197,450,469,1984,0.0,0,0.4,0.0,0,0,0,1,0,0,0,0,0,0,0,0,1,1,1
8259,2403,2199,450,469,1986,0.0,0,0.4,0.0,0,0,0,1,0,0,0,0,0,0,0,0,1,1,1
8269,2401,2195,450,468,1983,0.0,0,0.5,0.0,0,0,0,1,0,0,0,0,0,0,0,0,1,1,1
8279,2403,2197,450,468,1984,0.0,0,0.5,0.0,0,0,0,1,0,0,0,0,0,0,0,0,1,1,1
8289,2401,2197,450,469,1982,0.0,0,0.5,0.0,0,0,0,1,0,0,0,0,0,0,0,0,1,1,1
8299,2400,2197,450,467,1985,0.0,0,0.5,0.0,0,0,0,1,0,0,0,0,0,0,0,0,1,1,1
8309,2402,2197,450,468,1984,0.0,0,0.5,0.0,0,0,0,1,0,0,0,0,0,0,0,0,1,1,1
8319,2402,2198,452,467,1983,0.0,0,0.4,0.0,0,0,0,1,0,0,0,0,0,0,0,0,1,1,1
8329,2402,2197,449,469,1983,0.0,0,0.6,0.0,0,0,0,1,0,0,0,0,0,0,0,0,1,1,1
8339,2402,2197,450,468,1984,0.0,0,0.6,0.0,0,0,0,1,0,0,0,0,0,0,0,0,1,1,1
8349,2402,2197,451,468,1984,0.0,0,0.4,0.0,0,0,0,1,0,0,0,0,0,0,0,0,1,1,1
8359,2402,2197,451,470,1983,0.0,0,0.4,0.0,0,0,0,1,0,0,0,0,0,0,0,0,1,1,1
8369,2402,2197,450,468,1983,0.0,0,0.4,0.0,0,0,0,1,0,0,0,0,0,0,0,0,1,1,1
8379,2404,2197,450,468,1984,0.0,0,0.4,0.0,0,0,0,1,0,0,0,0,0,0,0,0,1,1,1
8389,2402,2196,448,468,1985,0.0,0,0.4,0.0,0,0,0,1,0,0,0,0,0,0,0,0,1,1,1
8399,2403,2198,450,469,1984,0.0,0,0.4,0.0,0,0,0,1,0,0,0,0,0,0,0,0,1,1,1
8409,2403,2198,450,468,1984,0.0,0,0.3,0.0,0,0,0,1,0,0,0,0,0,0,0,0,1,1,1
8419,2403,2198,450,464,1984,0.0,0,0.4,0.0,0,0,0,1,0,0,0,0,0,0,0,0,1,1,1
8429,2404,2197,450,470,1985,0.0,0,0.4,0.0,0,0,0,1,0,0,0,0,0,0,0,0,1,1,1
8439,2402,2198,450,470,1983,0.0,0,0.6,0.0,0,0,0,1,0,0,0,0,0,0,0,0,1,1,1
8449,2402,2197,452,466,1983,0.0,0,0.3,0.0,0,0,0,1,0,0,0,0,0,0,0,0,1,1,1
8459,2403,2197,451,468,1984,0.0,0,0.3,0.0,0,0,0,1,0,0,0,0,0,0,0,0,1,1,1
8469,2402,2197,450,468,1985,0.0,0,0.3,0.0,0,0,0,1,0,0,0,0,0,0,0,0,1,1,1
8479,2402,2198,450,467,1984,0.0,0,0.3,0.0,0,0,0,1,0,0,0,0,0,0,0,0,1,1,1
8489,2403,2197,449,469,1985,0.0,0,0.3,0.0,0,0,0,1,0,0,0,0,0,0,0,0,1,1,1
8499,2406,2198,450,468,1984,0.0,0,0.6,0.0,0,0,0,1,0,0,0,0,0,0,0,0,1,1,1
8509,2401,2199,452,469,1982,0.0,0,0.4,0.0,0,0,0,1,0,0,0,0,0,0,0,0,1,1,1
8519,2403,2197,451,468,1983,0.0,0,0.5,0.0,0,0,0,1,0,0,0,0,0,0,0,0,1,1,1
8529,2402,2197,451,469,1984,0.0,0,0.4,0.0,0,0,0,1,0,0,0,0,0,0,0,0,1,1,1
8539,2403,2197,448,466,1984,0.0,0,0.2,0.0,0,0,0,1,0,0,0,0,0,0,0,0,1,1,1
8549,2404,2197,450,468,1982,0.0,0,0.2,0.0,0,0,0,1,0,0,0,0,0,0,0,0,1,1,1
8559,2402,2197,450,470,1984,0.0,0,0.4,0.0,0,0,0,1,0,0,0,0,0,0,0,0,1,1,1
8569,2406,2198,450,469,1985,0.0,0,0.5,0.0,0,0,0,1,0,0,0,0,0,0,0,0,1,1,1
8579,2403,2197,451,469,1985,0.0,0,0.6,0.0,0,0,0,1,0,0,0,0,0,0,0,0,1,1,1
8589,2402,2196,450,468,1985,0.0,0,0.5,0.0,0,0,0,1,0,0,0,0,0,0,0,0,1,1,1
8599,2402,2197,448,468,1984,0.0,0,0.6,0.0,0,0,0,1,0,0,0,0,0,0,0,0,1,1,1
8609,2403,2197,449,468,1982,0.0,0,0.6,0.0,0,0,0,1,0,0,0,0,0,0,0,0,1,1,1
8619,2402,2197,449,469,1983,0.0,0,0.5,0.0,0,0,0,1,0,0,0,0,0,0,0,0,1,1,1
8629,2402,2197,448,469,1984,0.0,0,0.3,0.0,0,0,0,1,0,0,0,0,0,0,0,0,1,1,1
8639,2403,2197,450,470,1984,0.0,0,0.6,0.0,0,0,0,1,0,0,0,0,0,0,0,0,1,1,1
8649,2403,2197,448,469,1983,0.0,0,0.4,0.0,0,0,0,1,0,0,0,0,0,0,0,0,1,1,1
8659,2403,2197,433,469,1980,0.0,0,0.5,0.0,0,0,0,1,0,0,0,0,0,0,0,0,1,1,1
8669,2404,2196,450,469,1983,0.0,0,0.5,0.0,0,0,0,1,0,0,0,0,0,0,0,0,1,1,1
8679,2403,2198,450,470,1983,0.0,0,0.4,0.0,0,0,0,1,0,0,0,0,0,0,0,0,1,1,1
8689,2402,2200,450,469,1985,0.0,0,0.5,0.0,0,0,0,1,0,0,0,0,0,0,0,0,1,1,1
8699,2402,2198,450,469,1984,0.0,0,0.4,0.0,0,0,0,1,0,0,0,0,0,0,0,0,1,1,1
8709,2402,2197,449,468,1984,0.0,0,0.3,0.0,0,0,0,1,0,0,0,0,0,0,0,0,1,1,1
8719,2403,2198,450,469,1984,0.0,0,0.4,0.0,0,0,0,1,0,0,0,0,0,0,0,0,1,1,1
8729,2402,2199,452,468,1985,0.0,0,0.4,0.0,0,0,0,1,0,0,0,0,0,0,0,0,1,1,1
8739,2402,2196,450,469,1984,0.0,0,0.5,0.0,0,0,0,1,0,0,0,0,0,0,0,0,1,1,1
8749,2402,2198,450,470,1985,0.0,0,0.3,0.0,0,0,0,1,0,0,0,0,0,0,0,0,1,1,1
8759,2402,2197,449,469,1984,0.0,0,0.5,0.0,0,0,0,1,0,0,0,0,0,0,0,0,1,1,1
8769,2403,2197,451,469,1984,0.0,0,0.5,0.0,0,0,0,1,0,0,0,0,0,0,0,0,1,1,1
8779,2403,2197,449,468,1985,0.0,0,0.2,0.0,0,0,0,1,0,0,0,0,0,0,0,0,1,1,1
8789,2404,2197,451,469,1983,0.0,0,0.2,0.0,0,0,0,1,0,0,0,0,0,0,0,0,1,1,1
8799,2403,2197,450,469,1984,0.0,0,0.3,0.0,0,0,0,1,0,0,0,0,0,0,0,0,1,1,1
8809,2403,2197,450,467,1985,0.0,0,0.4,0.0,0,0,0,1,0,0,0,0,0,0,0,0,1,1,1
8819,2401,2197,451,471,1985,0.0,0,0.4,0.0,0,0,0,1,0,0,0,0,0,0,0,0,1,1,1
8829,2403,2198,450,469,1984,0.0,0,0.4,0.0,0,0,0,1,0,0,0,0,0,0,0,0,1,1,1
8839,2402,2198,449,468,1984,0.0,0,0.6,0.0,0,0,0,1,0,0,0,0,0,0,0,0,1,1,1
8849,2404,2197,450,469,1983,0.0,0,0.6,0.0,0,0,0,1,0,0,0,0,0,0,0,0,1,1,1
8859,2402,2198,451,470,1983,0.0,0,0.3,0.0,0,0,0,1,0,0,0,0,0,0,0,0,1,1,1
8869,2403,2198,450,466,1985,0.0,0,0.3,0.0,0,0,0,1,0,0,0,0,0,0,0,0,1,1,1
8879,2404,2198,451,469,1985,0.0,0,0.6,0.0,0,0,0,1,0,0,0,0,0,0,0,0,1,1,1
8889,2402,2197,449,467,1983,0.0,0,0.3,0.0,0,0,0,1,0,0,0,0,0,0,0,0,1,1,1
8899,2403,2197,450,469,1983,0.0,0,0.5,0.0,0,0,0,1,0,0,0,0,0,0,0,0,1,1,1
8909,2404,2198,451,469,1985,0.0,0,0.5,0.0,0,0,0,1,0,0,0,0,0,0,0,0,1,1,1
8919,2402,2197,449,470,1984,0.0,0,0.4,0.0,0,0,0,1,0,0,0,0,0,0,0,0,1,1,1
8929,2402,2197,450,469,1984,0.0,0,0.5,0.0,0,0,0,1,0,0,0,0,0,0,0,0,1,1,1
8939,2403,2197,450,470,1983,0.0,0,0.5,0.0,0,0,0,1,0,0,0,0,0,0,0,0,1,1,1
8949,2401,2197,450,469,1984,0.0,0,0.4,0.0,0,0,0,1,0,0,0,0,0,0,0,0,1,1,1
8959,2403,2197,449,468,1983,0.0,0,0.6,0.0,0,0,0,1,0,0,0,0,0,0,0,0,1,1,1
8969,2403,2197,450,468,1985,0.0,0,0.6,0.0,0,0,0,1,0,0,0,0,0,0,0,0,1,1,1
8979,2403,2197,450,469,1984,0.0,0,0.4,0.0,0,0,0,1,0,0,0,0,0,0,0,0,1,1,1
8989,2402,2197,450,468,1984,0.0,0,0.6,0.0,0,0,0,1,0,0,0,0,0,0,0,0,1,1,1
8999,2403,2197,447,469,1984,0.0,0,0.6,0.0,0,0,0,1,0,0,0,0,0,0,0,0,1,1,1
9009,2402,2198,451,468,1984,0.0,0,0.5,0.0,0,0,0,1,0,0,0,0,0,0,0,0,1,1,1
9019,2402,2200,450,473,1983,0.0,0,0.5,0.0,0,0,0,1,0,0,0,0,0,0,0,0,1,1,1
9029,2403,2197,453,467,1984,0.0,0,0.5,0.0,0,0,0,1,0,0,0,0,0,0,0,0,1,1,1
9039,2402,2197,449,468,1985,0.0,0,0.5,0.0,0,0,0,1,0,0,0,0,0,0,0,0,1,1,1
9049,2403,2198,450,470,1984,0.0,0,0.3,0.0,0,0,0,1,0,0,0,0,0,0,0,0,1,1,1
9059,2401,2197,450,468,1982,0.0,0,0.5,0.0,0,0,0,1,0,0,0,0,0,0,0,0,1,1,1
9069,2403,2197,449,468,1984,0.0,0,0.5,0.0,0,0,0,1,0,0,0,0,0,0,0,0,1,1,1
9079,2404,2197,449,468,1985,0.0,0,0.6,0.0,0,0,0,1,0,0,0,0,0,0,0,0,1,1,1
9089,2399,2197,451,470,1983,0.0,0,0.6,0.0,0,0,0,1,0,0,0,0,0,0,0,0,1,1,1
9099,2403,2197,450,469,1984,0.0,0,0.4,0.0,0,0,0,1,0,0,0,0,0,0,0,0,1,1,1
9109,2403,2197,450,469,1983,0.0,0,0.1,0.0,0,0,0,1,0,0,0,0,0,0,0,0,1,1,1
9119,2404,2197,450,468,1984,0.0,0,0.1,0.0,0,0,0,1,0,0,0,0,0,0,0,0,1,1,1
9129,2403,2197,450,469,1983,0.0,0,0.3,0.0,0,0,0,1,0,0,0,0,0,0,0,0,1,1,1
9139,2403,2198,451,470,1983,0.0,0,0.2,0.0,0,0,0,1,0,0,0,0,0,0,0,0,1,1,1
9149,2403,2196,450,469,1983,0.0,0,0.2,0.0,0,0,0,1,0,0,0,0,0,0,0,0,1,1,1
9159,2402,2197,450,470,1983,0.0,0,0.5,0.0,0,0,0,1,0,0,0,0,0,0,0,0,1,1,1
9169,2403,2195,451,468,1986,0.0,0,0.5,0.0,0,0,0,1,0,0,0,0,0,0,0,0,1,1,1
9179,2404,2197,450,468,1983,0.0,0,0.5,0.0,0,0,0,1,0,0,0,0,0,0,0,0,1,1,1
9189,2403,2197,448,470,1984,0.0,0,0.8,0.0,0,0,0,1,0,0,0,0,0,0,0,0,1,1,1
9199,2404,2197,451,468,1984,0.0,0,0.3,0.0,0,0,0,1,0,0,0,0,0,0,0,0,1,1,1
9209,2404,2197,451,468,1984,0.0,0,0.3,0.0,0,0,0,1,0,0,0,0,0,0,0,0,1,1,1
9219,2428,2197,449,468,1985,0.0,0,0.4,0.0,0,0,0,1,0,0,0,0,0,0,0,0,1,1,1
9229,2403,2197,450,470,1985,0.0,0,0.5,0.0,0,0,0,1,0,0,0,0,0,0,0,0,1,1,1
9239,2402,2198,450,468,1983,0.0,0,0.5,0.0,0,0,0,1,0,0,0,0,0,0,0,0,1,1,1
9249,2403,2198,450,473,1983,0.0,0,0.5,0.0,0,0,0,1,0,0,0,0,0,0,0,0,1,1,1
9259,2402,2198,450,469,1983,0.0,0,0.5,0.0,0,0,0,1,0,0,0,0,0,0,0,0,1,1,1
9269,2402,2197,451,469,1984,0.0,0,0.5,0.0,0,0,0,1,0,0,0,0,0,0,0,0,1,1,1
9279,2402,2197,450,470,1984,0.0,0,0.5,0.0,0,0,0,1,0,0,0,0,0,0,0,0,1,1,1
9289,2402,2196,450,468,1984,0.0,0,0.4,0.0,0,0,0,1,0,0,0,0,0,0,0,0,1,1,1
9299,2402,2197,449,467,1984,0.0,0,0.4,0.0,0,0,0,1,0,0,0,0,0,0,0,0,1,1,1
9309,2402,2197,451,469,1984,0.0,0,0.3,0.0,0,0,0,1,0,0,0,0,0,0,0,0,1,1,1
9319,2403,2197,450,469,1983,0.0,0,0.3,0.0,0,0,0,1,0,0,0,0,0,0,0,0,1,1,1
9329,2400,2197,451,467,1984,0.0,0,0.3,0.0,0,0,0,1,0,0,0,0,0,0,0,0,1,1,1
9339,2402,2197,450,469,1983,0.0,0,0.5,0.0,0,0,0,1,0,0,0,0,0,0,0,0,1,1,1
9349,2402,2197,451,469,1984,0.0,0,0.3,0.0,0,0,0,1,0,0,0,0,0,0,0,0,1,1,1
9359,2402,2197,451,469,1985,0.0,0,0.4,0.0,0,0,0,1,0,0,0,0,0,0,0,0,1,1,1
9369,2402,2196,450,470,1983,0.0,0,0.5,0.0,0,0,0,1,0,0,0,0,0,0,0,0,1,1,1
9379,2402,2196,447,468,1981,0.0,0,0.4,0.0,0,0,0,1,0,0,0,0,0,0,0,0,1,1,1
9389,2402,2197,450,468,1984,0.0,0,0.4,0.0,0,0,0,1,0,0,0,0,0,0,0,0,1,1,1
9399,2403,2198,451,469,1983,0.0,0,0.5,0.0,0,0,0,1,0,0,0,0,0,0,0,0,1,1,1
9409,2402,2197,451,469,1985,0.0,0,0.4,0.0,0,0,0,1,0,0,0,0,0,0,0,0,1,1,1
9419,2402,2198,449,469,1984,0.0,0,0.3,0.0,0,0,0,1,0,0,0,0,0,0,0,0,1,1,1
9429,2401,2198,449,469,1982,0.0,0,0.5,0.0,0,0,0,1,0,0,0,0,0,0,0,0,1,1,1
9439,2401,2198,449,469,1984,0.0,0,0.4,0.0,0,0,0,1,0,0,0,0,0,0,0,0,1,1,1
9449,2400,2197,449,469,1985,0.0,0,0.4,0.0,0,0,0,1,0,0,0,0,0,0,0,0,1,1,1
9459,2403,2198,448,468,1984,0.0,0,0.5,0.0,0,0,0,1,0,0,0,0,0,0,0,0,1,1,1
9469,2403,2197,446,470,1985,0.0,0,0.5,0.0,0,0,0,1,0,0,0,0,0,0,0,0,1,1,1
9479,2403,2197,450,470,1984,0.0,0,0.5,0.0,0,0,0,1,0,0,0,0,0,0,0,0,1,1,1
9489,2403,2198,450,468,1983,0.0,0,0.4,0.0,0,0,0,1,0,0,0,0,0,0,0,0,1,1,1
9500,2401,2197,451,468,1983,0.0,0,0.5,0.0,0,0,0,1,0,0,0,0,0,0,0,0,1,1,1
9510,2404,2197,448,468,1985,0.0,0,0.3,0.0,0,0,0,1,0,0,0,0,0,0,0,0,1,1,1
9520,2402,2199,450,469,1985,0.0,0,0.3,0.0,0,0,0,1,0,0,0,0,0,0,0,0,1,1,1
9530,2403,2197,449,468,1983,0.0,0,0.3,0.0,0,0,0,1,0,0,0,0,0,0,0,0,1,1,1
9540,2402,2197,451,469,1982,0.0,0,0.3,0.0,0,0,0,1,0,0,0,0,0,0,0,0,1,1,1
9550,2403,2201,450,468,1983,0.0,0,0.4,0.0,0,0,0,1,0,0,0,0,0,0,0,0,1,1,1
9560,2402,2198,447,470,1984,0.0,0,0.4,0.0,0,0,0,1,0,0,0,0,0,0,0,0,1,1,1
9570,2404,2197,451,468,1984,0.0,0,0.3,0.0,0,0,0,1,0,0,0,0,0,0,0,0,1,1,1
9580,2403,2197,450,469,1985,0.0,0,0.3,0.0,0,0,0,1,0,0,0,0,0,0,0,0,1,1,1
9590,2403,2198,450,469,1976,0.0,0,0.4,0.0,0,0,0,1,0,0,0,0,0,0,0,0,1,1,1
9600,2403,2198,449,469,1984,0.0,0,0.4,0.0,0,0,0,1,0,0,0,0,0,0,0,0,1,1,1
9610,2402,2197,450,467,1984,0.0,0,0.3,0.0,0,0,0,1,0,0,0,0,0,0,0,0,1,1,1
9620,2403,2197,450,469,1985,0.0,0,0.2,0.0,0,0,0,1,0,0,0,0,0,0,0,0,1,1,1
9631,2403,2197,447,468,1985,0.0,0,0.4,0.0,0,0,0,1,0,0,0,0,0,0,0,0,1,1,1
9641,2402,2198,450,470,1985,0.0,0,0.4,0.0,0,0,0,1,0,0,0,0,0,0,0,0,1,1,1
9651,2403,2197,450,469,1983,0.0,0,0.5,0.0,0,0,0,1,0,0,0,0,0,0,0,0,1,1,1
9661,2403,2197,450,467,1985,0.0,0,0.5,0.0,0,0,0,1,0,0,0,0,0,0,0,0,1,1,1
9671,2403,2198,453,470,1982,0.0,0,0.5,0.0,0,0,0,1,0,0,0,0,0,0,0,0,1,1,1
9681,2402,2198,447,470,1985,0.0,0,0.9,0.0,0,0,0,1,0,0,0,0,0,0,0,0,1,1,1
9691,2402,2197,449,468,1984,0.0,0,0.4,0.0,0,0,0,1,0,0,0,0,0,0,0,0,1,1,1
9701,2403,2198,449,468,1984,0.0,0,0.4,0.0,0,0,0,1,0,0,0,0,0,0,0,0,1,1,1
9711,2402,2197,449,468,1984,0.0,0,0.4,0.0,0,0,0,1,0,0,0,0,0,0,0,0,1,1,1
9721,2402,2197,450,470,1984,0.0,0,0.5,0.0,0,0,0,1,0,0,0,0,0,0,0,0,1,1,1
9731,2404,2197,450,470,1985,0.0,0,0.5,0.0,0,0,0,1,0,0,0,0,0,0,0,0,1,1,1
9741,2402,2198,449,470,1987,0.0,0,0.1,0.0,0,0,0,1,0,0,0,0,0,0,0,0,1,1,1
9751,2402,2197,449,468,1985,0.0,0,0.4,0.0,0,0,0,1,0,0,0,0,0,0,0,0,1,1,1
9761,2404,2197,448,469,1983,0.0,0,0.4,0.0,0,0,0,1,0,0,0,0,0,0,0,0,1,1,1
9771,2403,2196,450,469,1984,0.0,0,0.5,0.0,0,0,0,1,0,0,0,0,0,0,0,0,1,1,1
9781,2402,2197,450,469,1984,0.0,0,0.4,0.0,0,0,0,1,0,0,0,0,0,0,0,0,1,1,1
9791,2403,2197,451,470,1984,0.0,0,0.3,0.0,0,0,0,1,0,0,0,0,0,0,0,0,1,1,1
9801,2403,2197,451,468,1985,0.0,0,0.5,0.0,0,0,0,1,0,0,0,0,0,0,0,0,1,1,1
9811,2403,2197,451,469,1985,0.0,0,0.5,0.0,0,0,0,1,0,0,0,0,0,0,0,0,1,1,1
9821,2403,2197,451,470,1984,0.0,0,0.5,0.0,0,0,0,1,0,0,0,0,0,0,0,0,1,1,1
9831,2403,2197,448,470,1985,0.0,0,0.2,0.0,0,0,0,1,0,0,0,0,0,0,0,0,1,1,1
9841,2403,2198,451,468,1984,0.0,0,0.5,0.0,0,0,0,1,0,0,0,0,0,0,0,0,1,1,1
9851,2403,2197,451,469,1984,0.0,0,0.4,0.0,0,0,0,1,0,0,0,0,0,0,0,0,1,1,1
9861,2403,2197,450,467,1985,0.0,0,0.6,0.0,0,0,0,1,0,0,0,0,0,0,0,0,1,1,1
9871,2403,2198,449,468,1984,0.0,0,0.6,0.0,0,0,0,1,0,0,0,0,0,0,0,0,1,1,1
9881,2403,2197,451,470,1982,0.0,0,0.6,0.0,0,0,0,1,0,0,0,0,0,0,0,0,1,1,1
9891,2403,2197,450,468,1983,0.0,0,0.4,0.0,0,0,0,1,0,0,0,0,0,0,0,0,1,1,1
9901,2402,2198,450,469,1985,0.0,0,0.6,0.0,0,0,0,1,0,0,0,0,0,0,0,0,1,1,1
9911,2403,2198,450,469,1985,0.0,0,0.4,0.0,0,0,0,1,0,0,0,0,0,0,0,0,1,1,1
9921,2403,2195,450,468,1984,0.0,0,0.4,0.0,0,0,0,1,0,0,0,0,0,0,0,0,1,1,1
9931,2404,2196,451,468,1986,0.0,0,0.2,0.0,0,0,0,1,0,0,0,0,0,0,0,0,1,1,1
9941,2404,2197,450,468,1985,0.0,0,0.2,0.0,0,0,0,1,0,0,0,0,0,0,0,0,1,1,1
9951,2403,2198,451,469,1984,0.0,0,0.4,0.0,0,0,0,1,0,0,0,0,0,0,0,0,1,1,1
9961,2403,2197,449,470,1985,0.0,0,0.4,0.0,0,0,0,1,0,0,0,0,0,0,0,0,1,1,1
9971,2399,2197,450,470,1985,0.0,0,0.4,0.0,0,0,0,1,0,0,0,0,0,0,0,0,1,1,1
9981,2402,2196,450,468,1983,0.0,0,0.6,0.0,0,0,0,1,0,0,0,0,0,0,0,0,1,1,1
9991,2401,2197,450,469,1985,0.0,0,0.6,0.0,0,0,0,1,0,0,0,0,0,0,0,0,1,1,1
10001,2403,2198,450,468,1984,0.0,0,0.6,0.0,0,0,0,1,0,0,0,0,0,0,0,0,1,1,1
10011,2403,2197,450,469,1984,0.0,0,0.5,0.0,0,0,0,1,0,0,0,0,0,0,0,0,1,1,1
10021,2403,2197,450,469,1984,0.0,0,0.5,0.0,0,0,0,1,0,0,0,0,0,0,0,0,1,1,1
10031,2402,2196,448,468,1982,0.0,0,0.4,0.0,0,0,0,1,0,0,0,0,0,0,0,0,1,1,1
10041,2403,2200,452,469,1985,0.0,0,0.5,0.0,0,0,0,1,0,0,0,0,0,0,0,0,1,1,1
10051,2402,2197,451,468,1982,0.0,0,0.3,0.0,0,0,0,1,0,0,0,0,0,0,0,0,1,1,1
10061,2403,2198,451,468,1985,0.0,0,0.3,0.0,0,0,0,1,0,0,0,0,0,0,0,0,1,1,1
10071,2403,2194,451,469,1983,0.0,0,0.4,0.0,0,0,0,1,0,0,0,0,0,0,0,0,1,1,1
10081,2403,2197,449,468,1983,0.0,0,0.5,0.0,0,0,0,1,0,0,0,0,0,0,0,0,1,1,1
10091,2403,2197,450,468,1983,0.0,0,0.5,0.0,0,0,0,1,0,0,0,0,0,0,0,0,1,1,1
10101,2405,2197,450,468,1983,0.0,0,0.4,0.0,0,0,0,1,0,0,0,0,0,0,0,0,1,1,1
10112,2404,2197,450,468,1984,0.0,0,0.5,0.0,0,0,0,1,0,0,0,0,0,0,0,0,1,1,1
10123,2402,2197,450,468,1984,0.0,0,0.4,0.0,0,0,0,1,0,0,0,0,0,0,0,0,1,1,1
10133,2403,2198,449,470,1982,0.0,0,0.4,0.0,0,0,0,1,0,0,0,0,0,0,0,0,1,1,1
10143,2403,2197,450,469,1983,0.0,0,0.6,0.0,0,0,0,1,0,0,0,0,0,0,0,0,1,1,1
10153,2403,2197,450,470,1983,0.0,0,0.3,0.0,0,0,0,1,0,0,0,0,0,0,0,0,1,1,1
10163,2404,2197,449,468,1984,0.0,0,0.5,0.0,0,0,0,1,0,0,0,0,0,0,0,0,1,1,1
10174,2404,2197,449,468,1985,0.0,0,0.6,0.0,0,0,0,1,0,0,0,0,0,0,0,0,1,1,1
10184,2403,2199,451,470,1984,0.0,0,0.3,0.0,0,0,0,1,0,0,0,0,0,0,0,0,1,1,1
10195,2403,2198,448,468,1985,0.0,0,0.4,0.0,0,0,0,1,0,0,0,0,0,0,0,0,1,1,1
10205,2403,2198,450,470,1984,0.0,0,0.4,0.0,0,0,0,1,0,0,0,0,0,0,0,0,1,1,1
10215,2404,2198,450,469,1984,0.0,0,0.3,0.0,0,0,0,1,0,0,0,0,0,0,0,0,1,1,1
10225,2403,2197,450,468,1986,0.0,0,0.4,0.0,0,0,0,1,0,0,0,0,0,0,0,0,1,1,1
10235,2403,2197,450,470,1984,0.0,0,0.4,0.0,0,0,0,1,0,0,0,0,0,0,0,0,1,1,1
10245,2405,2197,450,468,1983,0.0,0,0.4,0.0,0,0,0,1,0,0,0,0,0,0,0,0,1,1,1
10255,2403,2197,449,470,1984,0.0,0,0.4,0.0,0,0,0,1,0,0,0,0,0,0,0,0,1,1,1
10265,2401,2197,450,468,1983,0.0,0,0.4,0.0,0,0,0,1,0,0,0,0,0,0,0,0,1,1,1
10275,2401,2194,451,470,1984,0.0,0,0.5,0.0,0,0,0,1,0,0,0,0,0,0,0,0,1,1,1
10285,2403,2197,450,469,1983,0.0,0,0.5,0.0,0,0,0,1,0,0,0,0,0,0,0,0,1,1,1
10295,2402,2198,451,469,1984,0.0,0,0.3,0.0,0,0,0,1,0,0,0,0,0,0,0,0,1,1,1
10305,2405,2197,448,469,1983,0.0,0,0.5,0.0,0,0,0,1,0,0,0,0,0,0,0,0,1,1,1
10315,2403,2196,449,470,1984,0.0,0,0.5,0.0,0,0,0,1,0,0,0,0,0,0,0,0,1,1,1
10325,2403,2197,451,469,1983,0.0,0,0.3,0.0,0,0,0,1,0,0,0,0,0,0,0,0,1,1,1
10335,2402,2197,449,468,1983,0.0,0,0.4,0.0,0,0,0,1,0,0,0,0,0,0,0,0,1,1,1
10345,2402,2197,451,469,1984,0.0,0,0.4,0.0,0,0,0,1,0,0,0,0,0,0,0,0,1,1,1
10355,2403,2196,449,468,1984,0.0,0,0.4,0.0,0,0,0,1,0,0,0,0,0,0,0,0,1,1,1
10365,2400,2197,450,469,1984,0.0,0,0.5,0.0,0,0,0,1,0,0,0,0,0,0,0,0,1,1,1
10375,2402,2197,450,468,1985,0.0,0,0.5,0.0,0,0,0,1,0,0,0,0,0,0,0,0,1,1,1
10385,2403,2197,450,468,1981,0.0,0,0.5,0.0,0,0,0,1,0,0,0,0,0,0,0,0,1,1,1
10395,2403,2197,450,470,1985,0.0,0,0.3,0.0,0,0,0,1,0,0,0,0,0,0,0,0,1,1,1
10405,2402,2197,450,470,1985,0.0,0,0.2,0.0,0,0,0,1,0,0,0,0,0,0,0,0,1,1,1
10415,2402,2198,452,468,1983,0.0,0,0.5,0.0,0,0,0,1,0,0,0,0,0,0,0,0,1,1,1
10425,2404,2197,449,469,1983,0.0,0,0.5,0.0,0,0,0,1,0,0,0,0,0,0,0,0,1,1,1
10435,2403,2197,451,468,1984,0.0,0,0.5,0.0,0,0,0,1,0,0,0,0,0,0,0,0,1,1,1
10445,2403,2197,451,470,1985,0.0,0,0.5,0.0,0,0,0,1,0,0,0,0,0,0,0,0,1,1,1
10455,2403,2201,450,468,1983,0.0,0,0.4,0.0,0,0,0,1,0,0,0,0,0,0,0,0,1,1,1
10465,2404,2194,452,469,1984,0.0,0,0.6,0.0,0,0,0,1,0,0,0,0,0,0,0,0,1,1,1
10475,2404,2197,450,469,1985,0.0,0,0.5,0.0,0,0,0,1,0,0,0,0,0,0,0,0,1,1,1
10485,2402,2198,450,469,1984,0.0,0,0.3,0.0,0,0,0,1,0,0,0,0,0,0,0,0,1,1,1
10495,2402,2196,450,468,1984,0.0,0,0.3,0.0,0,0,0,1,0,0,0,0,0,0,0,0,1,1,1
10505,2403,2198,450,469,1985,0.0,0,0.3,0.0,0,0,0,1,0,0,0,0,0,0,0,0,1,1,1
10515,2403,2197,449,469,1985,0.0,0,0.4,0.0,0,0,0,1,0,0,0,0,0,0,0,0,1,1,1
10525,2403,2198,450,470,1983,0.0,0,0.4,0.0,0,0,0,1,0,0,0,0,0,0,0,0,1,1,1
10535,2403,2197,450,466,1985,0.0,0,0.9,0.0,0,0,0,1,0,0,0,0,0,0,0,0,1,1,1
10545,2404,2198,451,469,1984,0.0,0,0.3,0.0,0,0,0,1,0,0,0,0,0,0,0,0,1,1,1
10555,2402,2198,448,468,1983,0.0,0,0.5,0.0,0,0,0,1,0,0,0,0,0,0,0,0,1,1,1
10565,2402,2197,451,469,1982,0.0,0,0.5,0.0,0,0,0,1,0,0,0,0,0,0,0,0,1,1,1
10575,2403,2197,450,470,1984,0.0,0,0.5,0.0,0,0,0,1,0,0,0,0,0,0,0,0,1,1,1
10585,2402,2198,449,470,1984,0.0,0,0.5,0.0,0,0,0,1,0,0,0,0,0,0,0,0,1,1,1
10595,2403,2198,450,470,1983,0.0,0,0.8,0.0,0,0,0,1,0,0,0,0,0,0,0,0,1,1,1
10605,2407,2198,450,468,1984,0.0,0,0.4,0.0,0,0,0,1,0,0,0,0,0,0,0,0,1,1,1
10615,2403,2197,450,469,1984,0.0,0,0.4,0.0,0,0,0,1,0,0,0,0,0,0,0,0,1,1,1
10625,2404,2200,450,469,1982,0.0,0,0.4,0.0,0,0,0,1,0,0,0,0,0,0,0,0,1,1,1
10635,2402,2197,450,468,1985,0.0,0,0.4,0.0,0,0,0,1,0,0,0,0,0,0,0,0,1,1,1
10645,2403,2198,449,470,1984,0.0,0,0.3,0.0,0,0,0,1,0,0,0,0,0,0,0,0,1,1,1
10655,2403,2197,451,468,1983,0.0,0,0.4,0.0,0,0,0,1,0,0,0,0,0,0,0,0,1,1,1
10665,2404,2198,450,469,1984,0.0,0,0.4,0.0,0,0,0,1,0,0,0,0,0,0,0,0,1,1,1
10675,2403,2197,451,468,1983,0.0,0,0.4,0.0,0,0,0,1,0,0,0,0,0,0,0,0,1,1,1
10685,2404,2197,450,469,1985,0.0,0,0.4,0.0,0,0,0,1,0,0,0,0,0,0,0,0,1,1,1
10695,2402,2197,450,468,1983,0.0,0,0.5,0.0,0,0,0,1,0,0,0,0,0,0,0,0,1,1,1
10705,2404,2197,449,468,1984,0.0,0,0.5,0.0,0,0,0,1,0,0,0,0,0,0,0,0,1,1,1
10715,2403,2197,450,469,1984,0.0,0,0.3,0.0,0,0,0,1,0,0,0,0,0,0,0,0,1,1,1
10725,2403,2197,450,470,1984,0.0,0,0.5,0.0,0,0,0,1,0,0,0,0,0,0,0,0,1,1,1
10735,2404,2197,450,469,1984,0.0,0,0.4,0.0,0,0,0,1,0,0,0,0,0,0,0,0,1,1,1
10745,2403,2197,450,468,1984,0.0,0,0.4,0.0,0,0,0,1,0,0,0,0,0,0,0,0,1,1,1
10755,2403,2198,450,468,1984,0.0,0,0.3,0.0,0,0,0,1,0,0,0,0,0,0,0,0,1,1,1
10765,2403,2197,452,469,1984,0.0,0,0.6,0.0,0,0,0,1,0,0,0,0,0,0,0,0,1,1,1
10775,2404,2197,449,469,1982,0.0,0,0.3,0.0,0,0,0,1,0,0,0,0,0,0,0,0,1,1,1
10785,2403,2196,450,467,1983,0.0,0,0.4,0.0,0,0,0,1,0,0,0,0,0,0,0,0,1,1,1
10795,2400,2197,450,468,1985,0.0,0,0.5,0.0,0,0,0,1,0,0,0,0,0,0,0,0,1,1,1
10805,2404,2201,451,470,1984,0.0,0,0.5,0.0,0,0,0,1,0,0,0,0,0,0,0,0,1,1,1
10815,2403,2197,450,468,1985,0.0,0,0.4,0.0,0,0,0,1,0,0,0,0,0,0,0,0,1,1,1
10825,2404,2197,449,469,1984,0.0,0,0.5,0.0,0,0,0,1,0,0,0,0,0,0,0,0,1,1,1
10835,2402,2197,452,469,1985,0.0,0,0.6,0.0,0,0,0,1,0,0,0,0,0,0,0,0,1,1,1
10845,2403,2198,450,470,1985,0.0,0,0.8,0.0,0,0,0,1,0,0,0,0,0,0,0,0,1,1,1
10855,2403,2197,449,469,1984,0.0,0,0.8,0.0,0,0,0,1,0,0,0,0,0,0,0,0,1,1,1
10865,2403,2197,447,469,1985,0.0,0,0.8,0.0,0,0,0,1,0,0,0,0,0,0,0,0,1,1,1
10875,2401,2198,450,470,1984,0.0,0,0.3,0.0,0,0,0,1,0,0,0,0,0,0,0,0,1,1,1
10885,2403,2198,449,467,1983,0.0,0,0.4,0.0,0,0,0,1,0,0,0,0,0,0,0,0,1,1,1
10895,2403,2197,450,469,1984,0.0,0,0.4,0.0,0,0,0,1,0,0,0,0,0,0,0,0,1,1,1
10905,2403,2198,450,471,1984,0.0,0,0.6,0.0,0,0,0,1,0,0,0,0,0,0,0,0,1,1,1
10915,2403,2198,451,469,1983,0.0,0,0.6,0.0,0,0,0,1,0,0,0,0,0,0,0,0,1,1,1
10925,2404,2197,451,469,1984,0.0,0,0.6,0.0,0,0,0,1,0,0,0,0,0,0,0,0,1,1,1
10935,2402,2198,450,466,1984,0.0,0,0.5,0.0,0,0,0,1,0,0,0,0,0,0,0,0,1,1,1
10945,2403,2197,451,468,1982,0.0,0,0.5,0.0,0,0,0,1,0,0,0,0,0,0,0,0,1,1,1
10955,2403,2197,450,469,1984,0.0,0,0.6,0.0,0,0,0,1,0,0,0,0,0,0,0,0,1,1,1
10965,2400,2197,450,468,1983,0.0,0,0.3,0.0,0,0,0,1,0,0,0,0,0,0,0,0,1,1,1
10975,2403,2197,450,467,1983,0.0,0,0.4,0.0,0,0,0,1,0,0,0,0,0,0,0,0,1,1,1
10985,2402,2201,450,470,1985,0.0,0,0.4,0.0,0,0,0,1,0,0,0,0,0,0,0,0,1,1,1
10995,2404,2198,450,469,1986,0.0,0,0.5,0.0,0,0,0,1,0,0,0,0,0,0,0,0,1,1,1
11005,2403,2197,450,468,1984,0.0,0,0.3,0.0,0,0,0,1,0,0,0,0,0,0,0,0,1,1,1
11015,2403,2197,450,469,1984,0.0,0,0.1,0.0,0,0,0,1,0,0,0,0,0,0,0,0,1,1,1
11025,2403,2198,449,469,1984,0.0,0,0.3,0.0,0,0,0,1,0,0,0,0,0,0,0,0,1,1,1
11035,2403,2197,451,468,1984,0.0,0,0.3,0.0,0,0,0,1,0,0,0,0,0,0,0,0,1,1,1
11045,2403,2197,448,470,1984,0.0,0,0.3,0.0,0,0,0,1,0,0,0,0,0,0,0,0,1,1,1
11055,2403,2197,450,470,1984,0.0,0,0.5,0.0,0,0,0,1,0,0,0,0,0,0,0,0,1,1,1
11065,2403,2197,451,469,1984,0.0,0,0.5,0.0,0,0,0,1,0,0,0,0,0,0,0,0,1,1,1
11075,2402,2197,450,469,1984,0.0,0,0.4,0.0,0,0,0,1,0,0,0,0,0,0,0,0,1,1,1
11085,2402,2197,451,467,1983,0.0,0,0.6,0.0,0,0,0,1,0,0,0,0,0,0,0,0,1,1,1
11095,2403,2197,450,470,1983,0.0,0,0.6,0.0,0,0,0,1,0,0,0,0,0,0,0,0,1,1,1
11105,2403,2198,450,469,1985,0.0,0,0.6,0.0,0,0,0,1,0,0,0,0,0,0,0,0,1,1,1
11115,2403,2197,450,471,1984,0.0,0,0.2,0.0,0,0,0,1,0,0,0,0,0,0,0,0,1,1,1
11125,2402,2197,450,469,1983,0.0,0,0.4,0.0,0,0,0,1,0,0,0,0,0,0,0,0,1,1,1
11135,2402,2198,451,468,1983,0.0,0,0.6,0.0,0,0,0,1,0,0,0,0,0,0,0,0,1,1,1
11145,2401,2194,451,469,1984,0.0,0,0.1,0.0,0,0,0,1,0,0,0,0,0,0,0,0,1,1,1
11155,2403,2197,449,470,1985,0.0,0,0.1,0.0,0,0,0,1,0,0,0,0,0,0,0,0,1,1,1
11165,2403,2197,450,468,1984,0.0,0,0.1,0.0,0,0,0,1,0,0,0,0,0,0,0,0,1,1,1
11175,2403,2197,449,469,1985,0.0,0,0.4,0.0,0,0,0,1,0,0,0,0,0,0,0,0,1,1,1
11185,2403,2197,452,466,1984,0.0,0,0.4,0.0,0,0,0,1,0,0,0,0,0,0,0,0,1,1,1
11195,2404,2197,449,468,1984,0.0,0,0.3,0.0,0,0,0,1,0,0,0,0,0,0,0,0,1,1,1
11205,2403,2197,449,470,1983,0.0,0,0.6,0.0,0,0,0,1,0,0,0,0,0,0,0,0,1,1,1
11215,2403,2197,450,469,1983,0.0,0,0.4,0.0,0,0,0,1,0,0,0,0,0,0,0,0,1,1,1
11225,2403,2197,451,469,1985,0.0,0,0.4,0.0,0,0,0,1,0,0,0,0,0,0,0,0,1,1,1
11235,2404,2198,451,470,1985,0.0,0,0.3,0.0,0,0,0,1,0,0,0,0,0,0,0,0,1,1,1
11245,2402,2198,450,469,1984,0.0,0,0.3,0.0,0,0,0,1,0,0,0,0,0,0,0,0,1,1,1
11255,2401,2200,450,468,1983,0.0,0,0.4,0.0,0,0,0,1,0,0,0,0,0,0,0,0,1,1,1
11265,2403,2209,449,469,1983,0.0,0,0.5,0.0,0,0,0,1,0,0,0,0,0,0,0,0,1,1,1
11275,2403,2197,450,467,1984,0.0,0,0.5,0.0,0,0,0,1,0,0,0,0,0,0,0,0,1,1,1
11285,2403,2197,450,470,1984,0.0,0,0.5,0.0,0,0,0,1,0,0,0,0,0,0,0,0,1,1,1
11295,2399,2197,449,467,1982,0.0,0,0.4,0.0,0,0,0,1,0,0,0,0,0,0,0,0,1,1,1
11305,2403,2195,450,468,1983,0.0,0,0.4,0.0,0,0,0,1,0,0,0,0,0,0,0,0,1,1,1
11315,2402,2197,450,468,1984,0.0,0,0.4,0.0,0,0,0,1,0,0,0,0,0,0,0,0,1,1,1
11325,2402,2196,450,468,1984,0.0,0,0.4,0.0,0,0,0,1,0,0,0,0,0,0,0,0,1,1,1
11335,2402,2197,449,468,1983,0.0,0,0.4,0.0,0,0,0,1,0,0,0,0,0,0,0,0,1,1,1
11345,2403,2199,450,471,1984,0.0,0,1.0,0.0,0,0,0,1,0,0,0,0,0,0,0,0,1,1,1
11355,2402,2197,449,470,1984,0.0,0,0.4,0.0,0,0,0,1,0,0,0,0,0,0,0,0,1,1,1
11365,2402,2197,447,469,1983,0.0,0,0.4,0.0,0,0,0,1,0,0,0,0,0,0,0,0,1,1,1
11375,2402,2197,451,469,1984,0.0,0,0.8,0.0,0,0,0,1,0,0,0,0,0,0,0,0,1,1,1
11385,2403,2198,450,470,1984,0.0,0,0.5,0.0,0,0,0,1,0,0,0,0,0,0,0,0,1,1,1
11395,2403,2197,449,470,1984,0.0,0,0.5,0.0,0,0,0,1,0,0,0,0,0,0,0,0,1,1,1
11405,2403,2197,450,468,1982,0.0,0,0.5,0.0,0,0,0,1,0,0,0,0,0,0,0,0,1,1,1
11415,2402,2197,450,469,1984,0.0,0,0.4,0.0,0,0,0,1,0,0,0,0,0,0,0,0,1,1,1
11425,2403,2198,450,469,1985,0.0,0,0.3,0.0,0,0,0,1,0,0,0,0,0,0,0,0,1,1,1
11435,2404,2197,449,469,1984,0.0,0,0.5,0.0,0,0,0,1,0,0,0,0,0,0,0,0,1,1,1
11445,2403,2198,451,467,1984,0.0,0,0.4,0.0,0,0,0,1,0,0,0,0,0,0,0,0,1,1,1
11455,2402,2198,450,470,1983,0.0,0,0.4,0.0,0,0,0,1,0,0,0,0,0,0,0,0,1,1,1
11465,2403,2197,450,469,1984,0.0,0,0.4,0.0,0,0,0,1,0,0,0,0,0,0,0,0,1,1,1
11475,2403,2196,450,469,1984,0.0,0,0.2,0.0,0,0,0,1,0,0,0,0,0,0,0,0,1,1,1
11485,2403,2197,452,469,1984,0.0,0,0.6,0.0,0,0,0,1,0,0,0,0,0,0,0,0,1,1,1
11495,2403,2197,449,468,1982,0.0,0,0.2,0.0,0,0,0,1,0,0,0,0,0,0,0,0,1,1,1
11505,2401,2198,451,469,1983,0.0,0,0.5,0.0,0,0,0,1,0,0,0,0,0,0,0,0,1,1,1
11515,2403,2197,451,470,1984,0.0,0,0.5,0.0,0,0,0,1,0,0,0,0,0,0,0,0,1,1,1
11525,2403,2197,447,467,1983,0.0,0,0.5,0.0,0,0,0,1,0,0,0,0,0,0,0,0,1,1,1
11535,2400,2197,450,468,1984,0.0,0,0.6,0.0,0,0,0,1,0,0,0,0,0,0,0,0,1,1,1
11545,2403,2198,449,467,1984,0.0,0,0.4,0.0,0,0,0,1,0,0,0,0,0,0,0,0,1,1,1
11555,2401,2198,451,470,1984,0.0,0,0.5,0.0,0,0,0,1,0,0,0,0,0,0,0,0,1,1,1
11565,2401,2198,449,468,1983,0.0,0,0.4,0.0,0,0,0,1,0,0,0,0,0,0,0,0,1,1,1
11575,2401,2197,449,469,1985,0.0,0,0.4,0.0,0,0,0,1,0,0,0,0,0,0,0,0,1,1,1
11585,2402,2197,449,469,1985,0.0,0,0.4,0.0,0,0,0,1,0,0,0,0,0,0,0,0,1,1,1
11595,2403,2197,446,470,1985,0.0,0,0.3,0.0,0,0,0,1,0,0,0,0,0,0,0,0,1,1,1
11605,2402,2194,450,468,1984,0.0,0,0.4,0.0,0,0,0,1,0,0,0,0,0,0,0,0,1,1,1
11615,2402,2197,452,471,1982,0.0,0,0.4,0.0,0,0,0,1,0,0,0,0,0,0,0,0,1,1,1
11625,2402,2198,452,469,1984,0.0,0,0.5,0.0,0,0,0,1,0,0,0,0,0,0,0,0,1,1,1
11635,2403,2197,449,469,1983,0.0,0,0.3,0.0,0,0,0,1,0,0,0,0,0,0,0,0,1,1,1
11645,2401,2198,451,469,1985,0.0,0,0.3,0.0,0,0,0,1,0,0,0,0,0,0,0,0,1,1,1
11655,2401,2198,448,470,1985,0.0,0,0.4,0.0,0,0,0,1,0,0,0,0,0,0,0,0,1,1,1
11665,2402,2198,448,471,1984,0.0,0,0.4,0.0,0,0,0,1,0,0,0,0,0,0,0,0,1,1,1
11675,2403,2197,450,470,1984,0.0,0,0.3,0.0,0,0,0,1,0,0,0,0,0,0,0,0,1,1,1
11685,2398,2198,451,469,1984,0.0,0,0.5,0.0,0,0,0,1,0,0,0,0,0,0,0,0,1,1,1
11695,2402,2197,450,468,1985,0.0,0,0.5,0.0,0,0,0,1,0,0,0,0,0,0,0,0,1,1,1
11705,2403,2198,448,471,1983,0.0,0,0.5,0.0,0,0,0,1,0,0,0,0,0,0,0,0,1,1,1
11715,2403,2197,450,469,1983,0.0,0,0.5,0.0,0,0,0,1,0,0,0,0,0,0,0,0,1,1,1
11725,2402,2197,451,469,1984,0.0,0,0.5,0.0,0,0,0,1,0,0,0,0,0,0,0,0,1,1,1
11735,2402,2198,451,468,1985,0.0,0,0.5,0.0,0,0,0,1,0,0,0,0,0,0,0,0,1,1,1
11745,2401,2198,448,468,1984,0.0,0,0.3,0.0,0,0,0,1,0,0,0,0,0,0,0,0,1,1,1
11755,2403,2197,451,468,1984,0.0,0,0.4,0.0,0,0,0,1,0,0,0,0,0,0,0,0,1,1,1
11765,2402,2197,450,469,1985,0.0,0,0.4,0.0,0,0,0,1,0,0,0,0,0,0,0,0,1,1,1
11775,2402,2197,450,469,1984,0.0,0,0.4,0.0,0,0,0,1,0,0,0,0,0,0,0,0,1,1,1
11785,2404,2198,451,470,1985,0.0,0,0.4,0.0,0,0,0,1,0,0,0,0,0,0,0,0,1,1,1
11795,2400,2196,451,469,1984,0.0,0,0.5,0.0,0,0,0,1,0,0,0,0,0,0,0,0,1,1,1
11805,2402,2197,449,469,1984,0.0,0,0.5,0.0,0,0,0,1,0,0,0,0,0,0,0,0,1,1,1
11815,2402,2197,450,470,1984,0.0,0,0.3,0.0,0,0,0,1,0,0,0,0,0,0,0,0,1,1,1
11825,2403,2198,450,468,1983,0.0,0,0.3,0.0,0,0,0,1,0,0,0,0,0,0,0,0,1,1,1
11835,2402,2198,449,467,1984,0.0,0,0.2,0.0,0,0,0,1,0,0,0,0,0,0,0,0,1,1,1
11845,2401,2197,449,468,1985,0.0,0,0.4,0.0,0,0,0,1,0,0,0,0,0,0,0,0,1,1,1
11855,2402,2197,448,470,1983,0.0,0,0.3,0.0,0,0,0,1,0,0,0,0,0,0,0,0,1,1,1
11865,2402,2197,450,468,1984,0.0,0,0.5,0.0,0,0,0,1,0,0,0,0,0,0,0,0,1,1,1
11875,2402,2197,450,470,1984,0.0,0,0.6,0.0,0,0,0,1,0,0,0,0,0,0,0,0,1,1,1
11885,2401,2197,451,468,1984,0.0,0,0.6,0.0,0,0,0,1,0,0,0,0,0,0,0,0,1,1,1
11895,2402,2197,450,467,1984,0.0,0,0.3,0.0,0,0,0,1,0,0,0,0,0,0,0,0,1,1,1
11905,2400,2197,450,470,1984,0.0,0,0.5,0.0,0,0,0,1,0,0,0,0,0,0,0,0,1,1,1
11915,2401,2198,452,469,1984,0.0,0,0.4,0.0,0,0,0,1,0,0,0,0,0,0,0,0,1,1,1
11925,2402,2197,450,469,1983,0.0,0,0.5,0.0,0,0,0,1,0,0,0,0,0,0,0,0,1,1,1
11935,2402,2197,450,469,1983,0.0,0,0.4,0.0,0,0,0,1,0,0,0,0,0,0,0,0,1,1,1
11945,2403,2201,451,468,1984,0.0,0,0.4,0.0,0,0,0,1,0,0,0,0,0,0,0,0,1,1,1
11955,2405,2198,449,471,1984,0.0,0,0.5,0.0,0,0,0,1,0,0,0,0,0,0,0,0,1,1,1
11965,2401,2197,450,468,1984,0.0,0,0.4,0.0,0,0,0,1,0,0,0,0,0,0,0,0,1,1,1
11975,2402,2197,450,469,1985,0.0,0,0.5,0.0,0,0,0,1,0,0,0,0,0,0,0,0,1,1,1
11985,2400,2197,450,471,1985,0.0,0,0.3,0.0,0,0,0,1,0,0,0,0,0,0,0,0,1,1,1
11995,2405,2197,450,470,1984,0.0,0,0.3,0.0,0,0,0,1,0,0,0,0,0,0,0,0,1,1,1
12005,2405,2198,450,468,1984,0.0,0,0.3,0.0,0,0,0,1,0,0,0,0,0,0,0,0,1,1,1
12015,2399,2197,450,470,1983,0.0,0,0.4,0.0,0,0,0,1,0,0,0,0,0,0,0,0,1,1,1
12025,2402,2197,450,469,1984,0.0,0,0.5,0.0,0,0,0,1,0,0,0,0,0,0,0,0,1,1,1
12035,2402,2198,450,468,1984,0.0,0,0.4,0.0,0,0,0,1,0,0,0,0,0,0,0,0,1,1,1
12045,2402,2198,450,469,1984,0.0,0,0.5,0.0,0,0,0,1,0,0,0,0,0,0,0,0,1,1,1
12055,2402,2197,451,469,1985,0.0,0,0.5,0.0,0,0,0,1,0,0,0,0,0,0,0,0,1,1,1
12065,2403,2197,450,468,1984,0.0,0,0.5,0.0,0,0,0,1,0,0,0,0,0,0,0,0,1,1,1
12075,2401,2197,450,467,1984,0.0,0,0.5,0.0,0,0,0,1,0,0,0,0,0,0,0,0,1,1,1
12085,2401,2196,449,471,1984,0.0,0,0.2,0.0,0,0,0,1,0,0,0,0,0,0,0,0,1,1,1
12095,2401,2199,452,467,1985,0.0,0,0.4,0.0,0,0,0,1,0,0,0,0,0,0,0,0,1,1,1
12105,2402,2197,451,468,1984,0.0,0,0.4,0.0,0,0,0,1,0,0,0,0,0,0,0,0,1,1,1
12115,2404,2197,450,468,1983,0.0,0,0.5,0.0,0,0,0,1,0,0,0,0,0,0,0,0,1,1,1
12125,2401,2197,450,468,1984,0.0,0,0.5,0.0,0,0,0,1,0,0,0,0,0,0,0,0,1,1,1
12135,2402,2197,449,468,1982,0.0,0,0.6,0.0,0,0,0,1,0,0,0,0,0,0,0,0,1,1,1
12145,2401,2198,448,469,1985,0.0,0,0.4,0.0,0,0,0,1,0,0,0,0,0,0,0,0,1,1,1
12156,2403,2197,450,468,1983,0.0,0,0.5,0.0,0,0,0,1,0,0,0,0,0,0,0,0,1,1,1
12166,2404,2197,450,470,1985,0.0,0,0.3,0.0,0,0,0,1,0,0,0,0,0,0,0,0,1,1,1
12176,2405,2198,450,469,1984,0.0,0,0.3,0.0,0,0,0,1,0,0,0,0,0,0,0,0,1,1,1
12187,2402,2197,449,468,1984,0.0,0,0.4,0.0,0,0,0,1,0,0,0,0,0,0,0,0,1,1,1
12197,2403,2197,450,468,1985,0.0,0,0.4,0.0,0,0,0,1,0,0,0,0,0,0,0,0,1,1,1
12207,2402,2198,449,470,1984,0.0,0,0.5,0.0,0,0,0,1,0,0,0,0,0,0,0,0,1,1,1
12217,2401,2194,450,470,1984,0.0,0,0.5,0.0,0,0,0,1,0,0,0,0,0,0,0,0,1,1,1
12227,2401,2197,451,467,1984,0.0,0,0.4,0.0,0,0,0,1,0,0,0,0,0,0,0,0,1,1,1
12237,2401,2197,450,469,1985,0.0,0,0.3,0.0,0,0,0,1,0,0,0,0,0,0,0,0,1,1,1
12247,2404,2197,450,469,1984,0.0,0,0.5,0.0,0,0,0,1,0,0,0,0,0,0,0,0,1,1,1
12257,2403,2198,449,468,1984,0.0,0,0.5,0.0,0,0,0,1,0,0,0,0,0,0,0,0,1,1,1
12267,2402,2197,450,469,1983,0.0,0,0.5,0.0,0,0,0,1,0,0,0,0,0,0,0,0,1,1,1
12277,2402,2197,450,469,1983,0.0,0,0.3,0.0,0,0,0,1,0,0,0,0,0,0,0,0,1,1,1
12287,2400,2200,450,469,1984,0.0,0,0.2,0.0,0,0,0,1,0,0,0,0,0,0,0,0,1,1,1
12297,2405,2196,449,468,1984,0.0,0,0.2,0.0,0,0,0,1,0,0,0,0,0,0,0,0,1,1,1
12310,2400,2197,449,469,1983,0.0,0,0.3,0.0,0,0,0,1,0,0,0,0,0,0,0,0,1,1,1
12320,2401,2195,451,467,1984,0.0,0,0.3,0.0,0,0,0,1,0,0,0,0,0,0,0,0,1,1,1
12331,2400,2197,449,469,1984,0.0,0,0.4,0.0,0,0,0,1,0,0,0,0,0,0,0,0,1,1,1
12341,2398,2196,449,468,1983,0.0,0,0.4,0.0,0,0,0,1,0,0,0,0,0,0,0,0,1,1,1
12351,2402,2197,451,467,1983,0.0,0,0.4,0.0,0,0,0,1,0,0,0,0,0,0,0,0,1,1,1
12361,2401,2197,448,469,1986,0.0,0,0.4,0.0,0,0,0,1,0,0,0,0,0,0,0,0,1,1,1
12371,2402,2199,451,469,1984,0.0,0,0.5,0.0,0,0,0,1,0,0,0,0,0,0,0,0,1,1,1
12381,2402,2197,450,469,1984,0.0,0,0.4,0.0,0,0,0,1,0,0,0,0,0,0,0,0,1,1,1
12391,2402,2197,451,469,1983,0.0,0,0.4,0.0,0,0,0,1,0,0,0,0,0,0,0,0,1,1,1
12401,2402,2197,451,468,1985,0.0,0,0.4,0.0,0,0,0,1,0,0,0,0,0,0,0,0,1,1,1
12411,2399,2197,450,469,1984,0.0,0,0.1,0.0,0,0,0,1,0,0,0,0,0,0,0,0,1,1,1
12421,2401,2198,450,466,1983,0.0,0,0.1,0.0,0,0,0,1,0,0,0,0,0,0,0,0,1,1,1
12431,2402,2197,447,469,1984,0.0,0,0.4,0.0,0,0,0,1,0,0,0,0,0,0,0,0,1,1,1
12441,2401,2198,450,469,1985,0.0,0,0.4,0.0,0,0,0,1,0,0,0,0,0,0,0,0,1,1,1
12451,2402,2197,451,469,1985,0.0,0,0.4,0.0,0,0,0,1,0,0,0,0,0,0,0,0,1,1,1
12461,2401,2197,450,468,1983,0.0,0,0.4,0.0,0,0,0,1,0,0,0,0,0,0,0,0,1,1,1
12471,2402,2198,452,470,1985,0.0,0,0.3,0.0,0,0,0,1,0,0,0,0,0,0,0,0,1,1,1
12481,2402,2198,449,469,1986,0.0,0,0.8,0.0,0,0,0,1,0,0,0,0,0,0,0,0,1,1,1
12491,2402,2198,451,467,1985,0.0,0,0.5,0.0,0,0,0,1,0,0,0,0,0,0,0,0,1,1,1
12501,2402,2197,449,468,1984,0.0,0,0.4,0.0,0,0,0,1,0,0,0,0,0,0,0,0,1,1,1
12511,2402,2197,451,469,1985,0.0,0,0.4,0.0,0,0,0,1,0,0,0,0,0,0,0,0,1,1,1
12521,2402,2197,449,469,1983,0.0,0,0.4,0.0,0,0,0,1,0,0,0,0,0,0,0,0,1,1,1
12531,2403,2198,448,466,1984,0.0,0,0.5,0.0,0,0,0,1,0,0,0,0,0,0,0,0,1,1,1
12541,2402,2198,450,469,1986,0.0,0,0.6,0.0,0,0,0,1,0,0,0,0,0,0,0,0,1,1,1
12551,2402,2197,449,470,1985,0.0,0,0.5,0.0,0,0,0,1,0,0,0,0,0,0,0,0,1,1,1
12561,2402,2197,450,470,1984,0.0,0,0.3,0.0,0,0,0,1,0,0,0,0,0,0,0,0,1,1,1
12571,2402,2197,449,467,1985,0.0,0,0.5,0.0,0,0,0,1,0,0,0,0,0,0,0,0,1,1,1
12581,2402,2197,450,470,1986,0.0,0,0.5,0.0,0,0,0,1,0,0,0,0,0,0,0,0,1,1,1
12591,2402,2197,451,469,1983,0.0,0,0.5,0.0,0,0,0,1,0,0,0,0,0,0,0,0,1,1,1
12601,2402,2197,449,470,1984,0.0,0,0.6,0.0,0,0,0,1,0,0,0,0,0,0,0,0,1,1,1
12611,2401,2198,449,468,1983,0.0,0,0.4,0.0,0,0,0,1,0,0,0,0,0,0,0,0,1,1,1
12621,2403,2197,448,469,1985,0.0,0,0.4,0.0,0,0,0,1,0,0,0,0,0,0,0,0,1,1,1
12631,2402,2197,449,468,1986,0.0,0,0.4,0.0,0,0,0,1,0,0,0,0,0,0,0,0,1,1,1
12641,2404,2197,450,469,1984,0.0,0,0.4,0.0,0,0,0,1,0,0,0,0,0,0,0,0,1,1,1
12651,2402,2197,450,476,1984,0.0,0,0.5,0.0,0,0,0,1,0,0,0,0,0,0,0,0,1,1,1
12661,2402,2198,451,468,1984,0.0,0,0.5,0.0,0,0,0,1,0,0,0,0,0,0,0,0,1,1,1
12671,2403,2197,451,470,1985,0.0,0,0.4,0.0,0,0,0,1,0,0,0,0,0,0,0,0,1,1,1
12681,2403,2197,449,469,1985,0.0,0,0.5,0.0,0,0,0,1,0,0,0,0,0,0,0,0,1,1,1
12691,2403,2197,450,469,1984,0.0,0,0.5,0.0,0,0,0,1,0,0,0,0,0,0,0,0,1,1,1
12701,2402,2198,451,469,1984,0.0,0,0.5,0.0,0,0,0,1,0,0,0,0,0,0,0,0,1,1,1
12711,2402,2197,450,468,1984,0.0,0,0.5,0.0,0,0,0,1,0,0,0,0,0,0,0,0,1,1,1
12721,2401,2198,450,468,1986,0.0,0,0.3,0.0,0,0,0,1,0,0,0,0,0,0,0,0,1,1,1
12731,2402,2194,450,468,1985,0.0,0,0.4,0.0,0,0,0,1,0,0,0,0,0,0,0,0,1,1,1
12741,2402,2197,451,469,1985,0.0,0,0.4,0.0,0,0,0,1,0,0,0,0,0,0,0,0,1,1,1
12751,2403,2198,451,468,1986,0.0,0,0.5,0.0,0,0,0,1,0,0,0,0,0,0,0,0,1,1,1
12761,2402,2198,447,470,1985,0.0,0,0.5,0.0,0,0,0,1,0,0,0,0,0,0,0,0,1,1,1
12771,2402,2197,449,468,1985,0.0,0,0.6,0.0,0,0,0,1,0,0,0,0,0,0,0,0,1,1,1
12781,2401,2197,451,469,1985,0.0,0,0.4,0.0,0,0,0,1,0,0,0,0,0,0,0,0,1,1,1
12791,2402,2198,450,469,1985,0.0,0,0.4,0.0,0,0,0,1,0,0,0,0,0,0,0,0,1,1,1
12801,2401,2197,449,468,1984,0.0,0,0.5,0.0,0,0,0,1,0,0,0,0,0,0,0,0,1,1,1
12811,2402,2197,449,469,1984,0.0,0,0.4,0.0,0,0,0,1,0,0,0,0,0,0,0,0,1,1,1
12821,2402,2197,450,469,1984,0.0,0,0.4,0.0,0,0,0,1,0,0,0,0,0,0,0,0,1,1,1
12831,2403,2198,451,469,1984,0.0,0,0.6,0.0,0,0,0,1,0,0,0,0,0,0,0,0,1,1,1
12841,2404,2197,450,472,1986,0.0,0,0.4,0.0,0,0,0,1,0,0,0,0,0,0,0,0,1,1,1
12851,2400,2197,448,468,1985,0.0,0,0.6,0.0,0,0,0,1,0,0,0,0,0,0,0,0,1,1,1
12861,2402,2198,451,469,1989,0.0,0,0.6,0.0,0,0,0,1,0,0,0,0,0,0,0,0,1,1,1
12871,2403,2197,449,466,1985,0.0,0,0.1,0.0,0,0,0,1,0,0,0,0,0,0,0,0,1,1,1
12881,2401,2197,450,470,1985,0.0,0,0.1,0.0,0,0,0,1,0,0,0,0,0,0,0,0,1,1,1
12891,2402,2196,450,468,1984,0.0,0,0.4,0.0,0,0,0,1,0,0,0,0,0,0,0,0,1,1,1
12901,2401,2197,451,469,1984,0.0,0,0.4,0.0,0,0,0,1,0,0,0,0,0,0,0,0,1,1,1
12911,2402,2197,449,470,1984,0.0,0,0.5,0.0,0,0,0,1,0,0,0,0,0,0,0,0,1,1,1
12921,2402,2197,450,468,1986,0.0,0,0.3,0.0,0,0,0,1,0,0,0,0,0,0,0,0,1,1,1
12931,2401,2198,449,468,1985,0.0,0,0.4,0.0,0,0,0,1,0,0,0,0,0,0,0,0,1,1,1
12941,2402,2198,449,467,1985,0.0,0,0.4,0.0,0,0,0,1,0,0,0,0,0,0,0,0,1,1,1
12951,2402,2197,450,470,1985,0.0,0,0.4,0.0,0,0,0,1,0,0,0,0,0,0,0,0,1,1,1
12961,2402,2198,450,470,1984,0.0,0,0.4,0.0,0,0,0,1,0,0,0,0,0,0,0,0,1,1,1
12971,2401,2198,451,469,1984,0.0,0,0.5,0.0,0,0,0,1,0,0,0,0,0,0,0,0,1,1,1
12981,2402,2197,450,469,1985,0.0,0,0.5,0.0,0,0,0,1,0,0,0,0,0,0,0,0,1,1,1
12991,2403,2197,450,470,1985,0.0,0,0.3,0.0,0,0,0,1,0,0,0,0,0,0,0,0,1,1,1
13001,2402,2197,451,470,1984,0.0,0,0.3,0.0,0,0,0,1,0,0,0,0,0,0,0,0,1,1,1
13011,2403,2197,450,470,1985,0.0,0,0.4,0.0,0,0,0,1,0,0,0,0,0,0,0,0,1,1,1
13021,2401,2197,449,469,1985,0.0,0,0.4,0.0,0,0,0,1,0,0,0,0,0,0,0,0,1,1,1
13031,2401,2198,448,468,1985,0.0,0,0.5,0.0,0,0,0,1,0,0,0,0,0,0,0,0,1,1,1
13041,2402,2196,451,468,1984,0.0,0,0.5,0.0,0,0,0,1,0,0,0,0,0,0,0,0,1,1,1
13051,2401,2198,450,469,1984,0.0,0,0.5,0.0,0,0,0,1,0,0,0,0,0,0,0,0,1,1,1
13061,2402,2197,450,469,1985,0.0,0,0.5,0.0,0,0,0,1,0,0,0,0,0,0,0,0,1,1,1
13071,2402,2196,448,468,1984,0.0,0,0.4,0.0,0,0,0,1,0,0,0,0,0,0,0,0,1,1,1
13081,2401,2198,449,469,1984,0.0,0,0.6,0.0,0,0,0,1,0,0,0,0,0,0,0,0,1,1,1
13091,2402,2198,450,469,1985,0.0,0,0.6,0.0,0,0,0,1,0,0,0,0,0,0,0,0,1,1,1
13101,2402,2197,451,469,1985,0.0,0,0.4,0.0,0,0,0,1,0,0,0,0,0,0,0,0,1,1,1
13111,2402,2197,449,468,1985,0.0,0,0.6,0.0,0,0,0,1,0,0,0,0,0,0,0,0,1,1,1
13121,2403,2197,449,469,1984,0.0,0,0.6,0.0,0,0,0,1,0,0,0,0,0,0,0,0,1,1,1
13131,2402,2194,451,470,1985,0.0,0,0.5,0.0,0,0,0,1,0,0,0,0,0,0,0,0,1,1,1
13141,2401,2197,450,470,1984,0.0,0,0.5,0.0,0,0,0,1,0,0,0,0,0,0,0,0,1,1,1
13151,2401,2197,449,469,1986,0.0,0,0.5,0.0,0,0,0,1,0,0,0,0,0,0,0,0,1,1,1
13161,2401,2197,450,469,1985,0.0,0,0.5,0.0,0,0,0,1,0,0,0,0,0,0,0,0,1,1,1
13171,2404,2197,449,469,1985,0.0,0,0.3,0.0,0,0,0,1,0,0,0,0,0,0,0,0,1,1,1
13181,2402,2197,449,468,1986,0.0,0,0.4,0.0,0,0,0,1,0,0,0,0,0,0,0,0,1,1,1
13192,2403,2195,449,468,1984,0.0,0,0.3,0.0,0,0,0,1,0,0,0,0,0,0,0,0,1,1,1
13202,2402,2197,449,470,1983,0.0,0,0.3,0.0,0,0,0,1,0,0,0,0,0,0,0,0,1,1,1
13214,2404,2197,449,469,1983,0.0,0,0.3,0.0,0,0,0,1,0,0,0,0,0,0,0,0,1,1,1
13224,2402,2200,451,469,1985,0.0,0,0.3,0.0,0,0,0,1,0,0,0,0,0,0,0,0,1,1,1
13234,2402,2197,449,469,1985,0.0,0,0.3,0.0,0,0,0,1,0,0,0,0,0,0,0,0,1,1,1
13244,2402,2197,449,469,1984,0.0,0,0.5,0.0,0,0,0,1,0,0,0,0,0,0,0,0,1,1,1
13254,2402,2197,449,469,1986,0.0,0,0.4,0.0,0,0,0,1,0,0,0,0,0,0,0,0,1,1,1
13264,2402,2198,450,469,1983,0.0,0,0.6,0.0,0,0,0,1,0,0,0,0,0,0,0,0,1,1,1
13274,2402,2198,449,469,1985,0.0,0,0.6,0.0,0,0,0,1,0,0,0,0,0,0,0,0,1,1,1
13284,2402,2197,450,468,1984,0.0,0,0.6,0.0,0,0,0,1,0,0,0,0,0,0,0,0,1,1,1
13294,2401,2197,450,469,1984,0.0,0,0.5,0.0,0,0,0,1,0,0,0,0,0,0,0,0,1,1,1
13304,2401,2197,451,469,1983,0.0,0,0.3,0.0,0,0,0,1,0,0,0,0,0,0,0,0,1,1,1
13314,2402,2197,450,468,1983,0.0,0,0.4,0.0,0,0,0,1,0,0,0,0,0,0,0,0,1,1,1
13324,2402,2196,452,468,1984,0.0,0,0.5,0.0,0,0,0,1,0,0,0,0,0,0,0,0,1,1,1
13336,2401,2197,449,468,1983,0.0,0,0.5,0.0,0,0,0,1,0,0,0,0,0,0,0,0,1,1,1
13346,2400,2194,450,469,1983,0.0,0,0.5,0.0,0,0,0,1,0,0,0,0,0,0,0,0,1,1,1
13356,2402,2197,451,469,1984,0.0,0,0.5,0.0,0,0,0,1,0,0,0,0,0,0,0,0,1,1,1
13366,2401,2197,450,468,1984,0.0,0,0.4,0.0,0,0,0,1,0,0,0,0,0,0,0,0,1,1,1
13376,2402,2196,450,468,1982,0.0,0,0.4,0.0,0,0,0,1,0,0,0,0,0,0,0,0,1,1,1
13386,2399,2198,452,464,1985,0.0,0,0.5,0.0,0,0,0,1,0,0,0,0,0,0,0,0,1,1,1
13396,2403,2198,451,469,1986,0.0,0,0.3,0.0,0,0,0,1,0,0,0,0,0,0,0,0,1,1,1
13406,2401,2199,452,468,1981,0.0,0,0.6,0.0,0,0,0,1,0,0,0,0,0,0,0,0,1,1,1
13417,2402,2197,448,468,1984,0.0,0,0.3,0.0,0,0,0,1,0,0,0,0,0,0,0,0,1,1,1
13427,2404,2197,449,467,1984,0.0,0,0.3,0.0,0,0,0,1,0,0,0,0,0,0,0,0,1,1,1
13437,2402,2197,450,468,1985,0.0,0,0.4,0.0,0,0,0,1,0,0,0,0,0,0,0,0,1,1,1
13447,2402,2194,449,468,1985,0.0,0,0.5,0.0,0,0,0,1,0,0,0,0,0,0,0,0,1,1,1
13457,2402,2197,451,469,1984,0.0,0,0.5,0.0,0,0,0,1,0,0,0,0,0,0,0,0,1,1,1
13467,2402,2197,450,470,1984,0.0,0,0.6,0.0,0,0,0,1,0,0,0,0,0,0,0,0,1,1,1
13477,2403,2198,448,469,1984,0.0,0,0.4,0.0,0,0,0,1,0,0,0,0,0,0,0,0,1,1,1
13487,2402,2197,450,469,1985,0.0,0,0.4,0.0,0,0,0,1,0,0,0,0,0,0,0,0,1,1,1
13497,2402,2197,450,468,1984,0.0,0,0.5,0.0,0,0,0,1,0,0,0,0,0,0,0,0,1,1,1
13507,2401,2197,450,469,1987,0.0,0,0.4,0.0,0,0,0,1,0,0,0,0,0,0,0,0,1,1,1
13517,2404,2198,450,469,1985,0.0,0,0.4,0.0,0,0,0,1,0,0,0,0,0,0,0,0,1,1,1
13527,2402,2198,449,470,1985,0.0,0,0.4,0.0,0,0,0,1,0,0,0,0,0,0,0,0,1,1,1
13537,2403,2197,450,471,1984,0.0,0,0.5,0.0,0,0,0,1,0,0,0,0,0,0,0,0,1,1,1
13547,2403,2197,451,470,1984,0.0,0,0.5,0.0,0,0,0,1,0,0,0,0,0,0,0,0,1,1,1
13557,2401,2198,450,468,1984,0.0,0,0.6,0.0,0,0,0,1,0,0,0,0,0,0,0,0,1,1,1
13567,2400,2197,451,469,1984,0.0,0,0.4,0.0,0,0,0,1,0,0,0,0,0,0,0,0,1,1,1
13577,2403,2197,451,470,1983,0.0,0,0.3,0.0,0,0,0,1,0,0,0,0,0,0,0,0,1,1,1
13587,2401,2200,449,469,1983,0.0,0,0.6,0.0,0,0,0,1,0,0,0,0,0,0,0,0,1,1,1
13597,2403,2198,450,468,1984,0.0,0,0.4,0.0,0,0,0,1,0,0,0,0,0,0,0,0,1,1,1
13607,2401,2197,451,469,1985,0.0,0,0.4,0.0,0,0,0,1,0,0,0,0,0,0,0,0,1,1,1
13617,2402,2197,449,469,1985,0.0,0,0.5,0.0,0,0,0,1,0,0,0,0,0,0,0,0,1,1,1
13627,2402,2197,450,469,1985,0.0,0,0.5,0.0,0,0,0,1,0,0,0,0,0,0,0,0,1,1,1
13637,2402,2197,451,469,1987,0.0,0,0.5,0.0,0,0,0,1,0,0,0,0,0,0,0,0,1,1,1
13647,2400,2198,450,469,1984,0.0,0,0.8,0.0,0,0,0,1,0,0,0,0,0,0,0,0,1,1,1
13657,2401,2198,451,468,1985,0.0,0,0.6,0.0,0,0,0,1,0,0,0,0,0,0,0,0,1,1,1
13667,2403,2199,451,469,1983,0.0,0,0.6,0.0,0,0,0,1,0,0,0,0,0,0,0,0,1,1,1
13677,2401,2198,450,468,1984,0.0,0,0.4,0.0,0,0,0,1,0,0,0,0,0,0,0,0,1,1,1
13687,2402,2198,449,469,1984,0.0,0,0.4,0.0,0,0,0,1,0,0,0,0,0,0,0,0,1,1,1
13697,2402,2200,449,468,1985,0.0,0,0.5,0.0,0,0,0,1,0,0,0,0,0,0,0,0,1,1,1
13707,2404,2197,450,469,1985,0.0,0,0.4,0.0,0,0,0,1,0,0,0,0,0,0,0,0,1,1,1
13717,2403,2197,448,469,1984,0.0,0,0.4,0.0,0,0,0,1,0,0,0,0,0,0,0,0,1,1,1
13727,2402,2197,450,467,1984,0.0,0,0.4,0.0,0,0,0,1,0,0,0,0,0,0,0,0,1,1,1
13737,2401,2197,449,469,1985,0.0,0,0.1,0.0,0,0,0,1,0,0,0,0,0,0,0,0,1,1,1
13747,2404,2195,451,470,1984,0.0,0,0.4,0.0,0,0,0,1,0,0,0,0,0,0,0,0,1,1,1
13757,2402,2197,449,469,1985,0.0,0,0.3,0.0,0,0,0,1,0,0,0,0,0,0,0,0,1,1,1
13767,2402,2197,447,470,1984,0.0,0,0.4,0.0,0,0,0,1,0,0,0,0,0,0,0,0,1,1,1
13777,2399,2197,450,468,1981,0.0,0,0.2,0.0,0,0,0,1,0,0,0,0,0,0,0,0,1,1,1
13787,2401,2197,451,470,1984,0.0,0,0.2,0.0,0,0,0,1,0,0,0,0,0,0,0,0,1,1,1
13797,2401,2198,449,469,1984,0.0,0,0.4,0.0,0,0,0,1,0,0,0,0,0,0,0,0,1,1,1
13807,2402,2197,450,469,1982,0.0,0,0.4,0.0,0,0,0,1,0,0,0,0,0,0,0,0,1,1,1
13817,2402,2197,450,468,1985,0.0,0,0.4,0.0,0,0,0,1,0,0,0,0,0,0,0,0,1,1,1
13827,2401,2197,451,471,1984,0.0,0,0.6,0.0,0,0,0,1,0,0,0,0,0,0,0,0,1,1,1
13837,2405,2197,450,472,1985,0.0,0,0.5,0.0,0,0,0,1,0,0,0,0,0,0,0,0,1,1,1
13847,2402,2195,449,466,1985,0.0,0,0.5,0.0,0,0,0,1,0,0,0,0,0,0,0,0,1,1,1
13857,2402,2198,450,469,1984,0.0,0,0.3,0.0,0,0,0,1,0,0,0,0,0,0,0,0,1,1,1
13867,2401,2198,451,469,1982,0.0,0,0.5,0.0,0,0,0,1,0,0,0,0,0,0,0,0,1,1,1
13877,2403,2198,448,467,1983,0.0,0,0.4,0.0,0,0,0,1,0,0,0,0,0,0,0,0,1,1,1
13887,2401,2198,449,469,1985,0.0,0,0.4,0.0,0,0,0,1,0,0,0,0,0,0,0,0,1,1,1
13897,2402,2197,449,469,1984,0.0,0,0.2,0.0,0,0,0,1,0,0,0,0,0,0,0,0,1,1,1
13907,2401,2198,451,469,1985,0.0,0,0.2,0.0,0,0,0,1,0,0,0,0,0,0,0,0,1,1,1
13917,2402,2197,451,469,1984,0.0,0,0.4,0.0,0,0,0,1,0,0,0,0,0,0,0,0,1,1,1
13927,2402,2197,450,468,1984,0.0,0,0.5,0.0,0,0,0,1,0,0,0,0,0,0,0,0,1,1,1
13937,2402,2198,449,469,1984,0.0,0,0.4,0.0,0,0,0,1,0,0,0,0,0,0,0,0,1,1,1
13947,2402,2196,451,468,1984,0.0,0,0.4,0.0,0,0,0,1,0,0,0,0,0,0,0,0,1,1,1
13957,2403,2196,451,469,1984,0.0,0,0.5,0.0,0,0,0,1,0,0,0,0,0,0,0,0,1,1,1
13967,2403,2197,451,470,1985,0.0,0,0.5,0.0,0,0,0,1,0,0,0,0,0,0,0,0,1,1,1
13977,2402,2196,451,470,1984,0.0,0,0.2,0.0,0,0,0,1,0,0,0,0,0,0,0,0,1,1,1
13987,2402,2196,449,469,1985,0.0,0,0.8,0.0,0,0,0,1,0,0,0,0,0,0,0,0,1,1,1
13997,2403,2196,450,468,1984,0.0,0,0.4,0.0,0,0,0,1,0,0,0,0,0,0,0,0,1,1,1
14007,2402,2197,450,469,1986,0.0,0,0.5,0.0,0,0,0,1,0,0,0,0,0,0,0,0,1,1,1
14017,2402,2196,448,469,1984,0.0,0,0.4,0.0,0,0,0,1,0,0,0,0,0,0,0,0,1,1,1
14027,2403,2197,451,469,1985,0.0,0,0.4,0.0,0,0,0,1,0,0,0,0,0,0,0,0,1,1,1
14037,2404,2196,450,468,1984,0.0,0,0.3,0.0,0,0,0,1,0,0,0,0,0,0,0,0,1,1,1
14047,2402,2196,451,469,1984,0.0,0,0.5,0.0,0,0,0,1,0,0,0,0,0,0,0,0,1,1,1
14057,2403,2197,451,469,1985,0.0,0,0.4,0.0,0,0,0,1,0,0,0,0,0,0,0,0,1,1,1
14067,2402,2194,450,469,1984,0.0,0,0.2,0.0,0,0,0,1,0,0,0,0,0,0,0,0,1,1,1
14077,2402,2196,448,469,1984,0.0,0,0.5,0.0,0,0,0,1,0,0,0,0,0,0,0,0,1,1,1
14087,2401,2197,450,470,1984,0.0,0,0.5,0.0,0,0,0,1,0,0,0,0,0,0,0,0,1,1,1
14097,2403,2195,450,469,1985,0.0,0,0.6,0.0,0,0,0,1,0,0,0,0,0,0,0,0,1,1,1
14107,2402,2196,450,470,1984,0.0,0,0.5,0.0,0,0,0,1,0,0,0,0,0,0,0,0,1,1,1
14117,2402,2196,451,468,1986,0.0,0,0.4,0.0,0,0,0,1,0,0,0,0,0,0,0,0,1,1,1
14127,2402,2196,450,467,1985,0.0,0,0.4,0.0,0,0,0,1,0,0,0,0,0,0,0,0,1,1,1
14137,2402,2196,449,467,1984,0.0,0,0.2,0.0,0,0,0,1,0,0,0,0,0,0,0,0,1,1,1
14147,2402,2196,453,466,1984,0.0,0,0.2,0.0,0,0,0,1,0,0,0,0,0,0,0,0,1,1,1
14157,2401,2199,450,468,1984,0.0,0,0.4,0.0,0,0,0,1,0,0,0,0,0,0,0,0,1,1,1
14167,2402,2196,450,470,1985,0.0,0,0.8,0.0,0,0,0,1,0,0,0,0,0,0,0,0,1,1,1
14177,2402,2196,448,467,1984,0.0,0,0.4,0.0,0,0,0,1,0,0,0,0,0,0,0,0,1,1,1
14187,2402,2198,450,468,1985,0.0,0,0.4,0.0,0,0,0,1,0,0,0,0,0,0,0,0,1,1,1
14197,2402,2196,451,469,1983,0.0,0,0.4,0.0,0,0,0,1,0,0,0,0,0,0,0,0,1,1,1
14207,2402,2196,451,468,1984,0.0,0,0.4,0.0,0,0,0,1,0,0,0,0,0,0,0,0,1,1,1
14217,2402,2196,450,470,1984,0.0,0,0.8,0.0,0,0,0,1,0,0,0,0,0,0,0,0,1,1,1
14227,2402,2196,452,469,1982,0.0,0,0.5,0.0,0,0,0,1,0,0,0,0,0,0,0,0,1,1,1
14237,2402,2199,450,469,1984,0.0,0,0.4,0.0,0,0,0,1,0,0,0,0,0,0,0,0,1,1,1
14247,2401,2196,450,469,1984,0.0,0,0.5,0.0,0,0,0,1,0,0,0,0,0,0,0,0,1,1,1
14257,2400,2193,450,468,1985,0.0,0,0.9,0.0,0,0,0,1,0,0,0,0,0,0,0,0,1,1,1
14267,2401,2197,450,469,1984,0.0,0,0.9,0.0,0,0,0,1,0,0,0,0,0,0,0,0,1,1,1
14277,2402,2196,450,468,1983,0.0,0,0.4,0.0,0,0,0,1,0,0,0,0,0,0,0,0,1,1,1
14287,2399,2196,449,469,1983,0.0,0,0.4,0.0,0,0,0,1,0,0,0,0,0,0,0,0,1,1,1
14297,2401,2196,453,469,1984,0.0,0,0.4,0.0,0,0,0,1,0,0,0,0,0,0,0,0,1,1,1
14307,2401,2196,450,468,1983,0.0,0,0.5,0.0,0,0,0,1,0,0,0,0,0,0,0,0,1,1,1
14317,2401,2196,450,469,1983,0.0,0,0.3,0.0,0,0,0,1,0,0,0,0,0,0,0,0,1,1,1
14327,2401,2196,450,467,1981,0.0,0,0.3,0.0,0,0,0,1,0,0,0,0,0,0,0,0,1,1,1
14337,2401,2196,450,469,1983,0.0,0,0.4,0.0,0,0,0,1,0,0,0,0,0,0,0,0,1,1,1
14347,2401,2196,450,470,1985,0.0,0,0.3,0.0,0,0,0,1,0,0,0,0,0,0,0,0,1,1,1
14357,2402,2196,450,469,1985,0.0,0,0.4,0.0,0,0,0,1,0,0,0,0,0,0,0,0,1,1,1
14367,2402,2196,450,468,1984,0.0,0,0.3,0.0,0,0,0,1,0,0,0,0,0,0,0,0,1,1,1
14377,2401,2195,446,469,1986,0.0,0,0.5,0.0,0,0,0,1,0,0,0,0,0,0,0,0,1,1,1
14387,2402,2196,449,467,1984,0.0,0,0.5,0.0,0,0,0,1,0,0,0,0,0,0,0,0,1,1,1
14397,2401,2197,449,469,1983,0.0,0,0.5,0.0,0,0,0,1,0,0,0,0,0,0,0,0,1,1,1
14407,2405,2197,449,469,1984,0.0,0,0.5,0.0,0,0,0,1,0,0,0,0,0,0,0,0,1,1,1
14417,2403,2197,450,469,1985,0.0,0,0.4,0.0,0,0,0,1,0,0,0,0,0,0,0,0,1,1,1
14427,2401,2196,450,469,1985,0.0,0,0.2,0.0,0,0,0,1,0,0,0,0,0,0,0,0,1,1,1
14437,2402,2196,449,468,1984,0.0,0,0.6,0.0,0,0,0,1,0,0,0,0,0,0,0,0,1,1,1
14447,2400,2196,450,468,1985,0.0,0,0.6,0.0,0,0,0,1,0,0,0,0,0,0,0,0,1,1,1
14457,2402,2196,450,466,1984,0.0,0,0.6,0.0,0,0,0,1,0,0,0,0,0,0,0,0,1,1,1
14467,2401,2196,450,469,1984,0.0,0,0.6,0.0,0,0,0,1,0,0,0,0,0,0,0,0,1,1,1
14477,2402,2196,450,469,1988,0.0,0,0.5,0.0,0,0,0,1,0,0,0,0,0,0,0,0,1,1,1
14487,2402,2197,452,470,1985,0.0,0,0.4,0.0,0,0,0,1,0,0,0,0,0,0,0,0,1,1,1
14497,2402,2196,449,468,1984,0.0,0,0.5,0.0,0,0,0,1,0,0,0,0,0,0,0,0,1,1,1
14507,2403,2196,451,472,1985,0.0,0,0.5,0.0,0,0,0,1,0,0,0,0,0,0,0,0,1,1,1
14517,2402,2198,450,467,1985,0.0,0,0.8,0.0,0,0,0,1,0,0,0,0,0,0,0,0,1,1,1
14527,2401,2196,450,469,1983,0.0,0,0.2,0.0,0,0,0,1,0,0,0,0,0,0,0,0,1,1,1
14537,2402,2196,450,470,1985,0.0,0,0.4,0.0,0,0,0,1,0,0,0,0,0,0,0,0,1,1,1
14547,2402,2196,451,469,1984,0.0,0,0.5,0.0,0,0,0,1,0,0,0,0,0,0,0,0,1,1,1
14557,2401,2196,450,468,1981,0.0,0,0.1,0.0,0,0,0,1,0,0,0,0,0,0,0,0,1,1,1
14567,2401,2197,452,468,1985,0.0,0,0.1,0.0,0,0,0,1,0,0,0,0,0,0,0,0,1,1,1
14577,2401,2196,451,470,1984,0.0,0,0.1,0.0,0,0,0,1,0,0,0,0,0,0,0,0,1,1,1
14587,2402,2196,449,468,1986,0.0,0,0.2,0.0,0,0,0,1,0,0,0,0,0,0,0,0,1,1,1
14597,2402,2196,449,469,1984,0.0,0,0.3,0.0,0,0,0,1,0,0,0,0,0,0,0,0,1,1,1
14607,2404,2196,450,468,1984,0.0,0,0.3,0.0,0,0,0,1,0,0,0,0,0,0,0,0,1,1,1
14617,2402,2196,449,468,1984,0.0,0,0.6,0.0,0,0,0,1,0,0,0,0,0,0,0,0,1,1,1
14627,2402,2196,450,468,1986,0.0,0,0.6,0.0,0,0,0,1,0,0,0,0,0,0,0,0,1,1,1
14637,2402,2196,450,470,1984,0.0,0,0.8,0.0,0,0,0,1,0,0,0,0,0,0,0,0,1,1,1
14647,2402,2197,449,469,1985,0.0,0,0.5,0.0,0,0,0,1,0,0,0,0,0,0,0,0,1,1,1
14657,2401,2196,450,469,1985,0.0,0,0.5,0.0,0,0,0,1,0,0,0,0,0,0,0,0,1,1,1
14667,2402,2196,450,468,1983,0.0,0,0.5,0.0,0,0,0,1,0,0,0,0,0,0,0,0,1,1,1
14677,2402,2196,450,469,1985,0.0,0,0.4,0.0,0,0,0,1,0,0,0,0,0,0,0,0,1,1,1
14687,2402,2196,450,468,1985,0.0,0,0.4,0.0,0,0,0,1,0,0,0,0,0,0,0,0,1,1,1
14697,2401,2196,451,471,1983,0.0,0,0.4,0.0,0,0,0,1,0,0,0,0,0,0,0,0,1,1,1
14707,2402,2196,450,468,1984,0.0,0,0.0,0.0,0,0,0,1,0,0,0,0,0,0,0,0,1,1,1
14717,2402,2196,450,470,1985,0.0,0,0.3,0.0,0,0,0,1,0,0,0,0,0,0,0,0,1,1,1
14727,2401,2196,451,468,1984,0.0,0,0.5,0.0,0,0,0,1,0,0,0,0,0,0,0,0,1,1,1
14737,2402,2196,449,468,1984,0.0,0,0.5,0.0,0,0,0,1,0,0,0,0,0,0,0,0,1,1,1
14747,2401,2196,450,470,1984,0.0,0,0.5,0.0,0,0,0,1,0,0,0,0,0,0,0,0,1,1,1
14757,2402,2196,450,468,1984,0.0,0,0.6,0.0,0,0,0,1,0,0,0,0,0,0,0,0,1,1,1
14767,2402,2196,453,469,1985,0.0,0,0.6,0.0,0,0,0,1,0,0,0,0,0,0,0,0,1,1,1
14777,2402,2196,448,470,1982,0.0,0,0.2,0.0,0,0,0,1,0,0,0,0,0,0,0,0,1,1,1
14787,2401,2197,450,470,1983,0.0,0,0.4,0.0,0,0,0,1,0,0,0,0,0,0,0,0,1,1,1
14797,2402,2196,449,469,1985,0.0,0,0.5,0.0,0,0,0,1,0,0,0,0,0,0,0,0,1,1,1
14807,2402,2196,449,467,1985,0.0,0,0.5,0.0,0,0,0,1,0,0,0,0,0,0,0,0,1,1,1
14817,2401,2197,449,469,1985,0.0,0,0.4,0.0,0,0,0,1,0,0,0,0,0,0,0,0,1,1,1
14827,2401,2197,450,469,1985,0.0,0,0.4,0.0,0,0,0,1,0,0,0,0,0,0,0,0,1,1,1
14837,2402,2196,449,469,1984,0.0,0,0.4,0.0,0,0,0,1,0,0,0,0,0,0,0,0,1,1,1
14847,2401,2196,450,469,1985,0.0,0,0.4,0.0,0,0,0,1,0,0,0,0,0,0,0,0,1,1,1
14857,2402,2196,450,468,1985,0.0,0,0.5,0.0,0,0,0,1,0,0,0,0,0,0,0,0,1,1,1
14867,2402,2196,450,469,1984,0.0,0,0.5,0.0,0,0,0,1,0,0,0,0,0,0,0,0,1,1,1
14877,2401,2196,449,467,1983,0.0,0,0.5,0.0,0,0,0,1,0,0,0,0,0,0,0,0,1,1,1
14887,2401,2196,447,469,1985,0.0,0,0.8,0.0,0,0,0,1,0,0,0,0,0,0,0,0,1,1,1
14897,2403,2197,451,469,1985,0.0,0,0.4,0.0,0,0,0,1,0,0,0,0,0,0,0,0,1,1,1
14907,2402,2196,449,469,1984,0.0,0,0.4,0.0,0,0,0,1,0,0,0,0,0,0,0,0,1,1,1
14917,2402,2196,450,468,1985,0.0,0,0.6,0.0,0,0,0,1,0,0,0,0,0,0,0,0,1,1,1
14927,2402,2197,449,469,1984,0.0,0,0.6,0.0,0,0,0,1,0,0,0,0,0,0,0,0,1,1,1
14937,2403,2196,449,467,1985,0.0,0,0.4,0.0,0,0,0,1,0,0,0,0,0,0,0,0,1,1,1
14947,2398,2197,450,467,1985,0.0,0,0.6,0.0,0,0,0,1,0,0,0,0,0,0,0,0,1,1,1
14957,2402,2197,451,469,1985,0.0,0,0.1,0.0,0,0,0,1,0,0,0,0,0,0,0,0,1,1,1
14967,2401,2196,451,468,1983,0.0,0,0.4,0.0,0,0,0,1,0,0,0,0,0,0,0,0,1,1,1
14977,2402,2196,451,468,1984,0.0,0,0.5,0.0,0,0,0,1,0,0,0,0,0,0,0,0,1,1,1
14987,2402,2196,451,470,1984,0.0,0,0.5,0.0,0,0,0,1,0,0,0,0,0,0,0,0,1,1,1
14997,2402,2196,450,468,1984,0.0,0,0.3,0.0,0,0,0,1,0,0,0,0,0,0,0,0,1,1,1
15007,2402,2196,451,468,1984,0.0,0,0.6,0.0,0,0,0,1,0,0,0,0,0,0,0,0,1,1,1
15017,2402,2196,449,469,1985,0.0,0,0.5,0.0,0,0,0,1,0,0,0,0,0,0,0,0,1,1,1
15027,2401,2196,450,469,1985,0.0,0,0.5,0.0,0,0,0,1,0,0,0,0,0,0,0,0,1,1,1
15037,2400,2196,449,465,1985,0.0,0,0.4,0.0,0,0,0,1,0,0,0,0,0,0,0,0,1,1,1
15047,2402,2196,451,470,1984,0.0,0,0.4,0.0,0,0,0,1,0,0,0,0,0,0,0,0,1,1,1
15057,2402,2197,450,467,1984,0.0,0,0.3,0.0,0,0,0,1,0,0,0,0,0,0,0,0,1,1,1
15067,2401,2196,451,468,1984,0.0,0,0.3,0.0,0,0,0,1,0,0,0,0,0,0,0,0,1,1,1
15077,2402,2196,450,466,1985,0.0,0,0.5,0.0,0,0,0,1,0,0,0,0,0,0,0,0,1,1,1
15087,2402,2196,447,468,1984,0.0,0,0.5,0.0,0,0,0,1,0,0,0,0,0,0,0,0,1,1,1
15097,2402,2196,449,468,1986,0.0,0,0.2,0.0,0,0,0,1,0,0,0,0,0,0,0,0,1,1,1
15107,2400,2197,450,469,1982,0.0,0,0.2,0.0,0,0,0,1,0,0,0,0,0,0,0,0,1,1,1
15117,2399,2196,449,468,1984,0.0,0,0.5,0.0,0,0,0,1,0,0,0,0,0,0,0,0,1,1,1
15127,2402,2196,450,468,1985,0.0,0,0.4,0.0,0,0,0,1,0,0,0,0,0,0,0,0,1,1,1
15137,2402,2196,450,468,1985,0.0,0,0.5,0.0,0,0,0,1,0,0,0,0,0,0,0,0,1,1,1
15147,2402,2197,450,468,1985,0.0,0,0.4,0.0,0,0,0,1,0,0,0,0,0,0,0,0,1,1,1
15157,2402,2196,450,469,1984,0.0,0,0.5,0.0,0,0,0,1,0,0,0,0,0,0,0,0,1,1,1
15167,2406,2197,449,469,1984,0.0,0,0.5,0.0,0,0,0,1,0,0,0,0,0,0,0,0,1,1,1
15177,2402,2196,450,469,1985,0.0,0,0.3,0.0,0,0,0,1,0,0,0,0,0,0,0,0,1,1,1
15187,2397,2197,452,469,1985,0.0,0,0.5,0.0,0,0,0,1,0,0,0,0,0,0,0,0,1,1,1
15197,2402,2196,450,468,1984,0.0,0,0.6,0.0,0,0,0,1,0,0,0,0,0,0,0,0,1,1,1
15207,2400,2196,450,469,1985,0.0,0,0.4,0.0,0,0,0,1,0,0,0,0,0,0,0,0,1,1,1
15217,2401,2196,450,468,1985,0.0,0,0.5,0.0,0,0,0,1,0,0,0,0,0,0,0,0,1,1,1
15227,2400,2197,450,469,1987,0.0,0,0.5,0.0,0,0,0,1,0,0,0,0,0,0,0,0,1,1,1
15237,2403,2196,450,470,1987,0.0,0,0.5,0.0,0,0,0,1,0,0,0,0,0,0,0,0,1,1,1
15247,2401,2196,451,466,1982,0.0,0,0.4,0.0,0,0,0,1,0,0,0,0,0,0,0,0,1,1,1
15257,2401,2197,449,468,1984,0.0,0,0.6,0.0,0,0,0,1,0,0,0,0,0,0,0,0,1,1,1
15267,2401,2197,452,470,1984,0.0,0,0.1,0.0,0,0,0,1,0,0,0,0,0,0,0,0,1,1,1
15277,2402,2196,450,470,1983,0.0,0,0.1,0.0,0,0,0,1,0,0,0,0,0,0,0,0,1,1,1
15287,2402,2196,448,469,1984,0.0,0,0.1,0.0,0,0,0,1,0,0,0,0,0,0,0,0,1,1,1
15297,2402,2196,450,469,1984,0.0,0,0.3,0.0,0,0,0,1,0,0,0,0,0,0,0,0,1,1,1
15307,2402,2196,449,468,1985,0.0,0,0.3,0.0,0,0,0,1,0,0,0,0,0,0,0,0,1,1,1
15317,2401,2196,451,469,1984,0.0,0,0.3,0.0,0,0,0,1,0,0,0,0,0,0,0,0,1,1,1
15327,2404,2196,450,469,1984,0.0,0,0.2,0.0,0,0,0,1,0,0,0,0,0,0,0,0,1,1,1
15337,2402,2195,450,469,1985,0.0,0,0.4,0.0,0,0,0,1,0,0,0,0,0,0,0,0,1,1,1
15347,2402,2196,450,469,1986,0.0,0,0.4,0.0,0,0,0,1,0,0,0,0,0,0,0,0,1,1,1
15357,2401,2196,450,469,1984,0.0,0,0.5,0.0,0,0,0,1,0,0,0,0,0,0,0,0,1,1,1
15367,2401,2196,449,469,1984,0.0,0,0.5,0.0,0,0,0,1,0,0,0,0,0,0,0,0,1,1,1
15377,2401,2196,450,470,1983,0.0,0,0.4,0.0,0,0,0,1,0,0,0,0,0,0,0,0,1,1,1
15387,2400,2194,452,469,1985,0.0,0,0.5,0.0,0,0,0,1,0,0,0,0,0,0,0,0,1,1,1
15397,2402,2196,450,467,1986,0.0,0,0.4,0.0,0,0,0,1,0,0,0,0,0,0,0,0,1,1,1
15407,2402,2196,449,469,1985,0.0,0,0.4,0.0,0,0,0,1,0,0,0,0,0,0,0,0,1,1,1
15417,2402,2197,448,470,1984,0.0,0,0.5,0.0,0,0,0,1,0,0,0,0,0,0,0,0,1,1,1
15427,2401,2197,449,469,1983,0.0,0,0.4,0.0,0,0,0,1,0,0,0,0,0,0,0,0,1,1,1
15437,2401,2197,450,469,1984,0.0,0,0.3,0.0,0,0,0,1,0,0,0,0,0,0,0,0,1,1,1
15447,2402,2197,451,468,1985,0.0,0,0.3,0.0,0,0,0,1,0,0,0,0,0,0,0,0,1,1,1
15457,2402,2196,450,469,1985,0.0,0,0.6,0.0,0,0,0,1,0,0,0,0,0,0,0,0,1,1,1
15467,2402,2196,450,469,1984,0.0,0,0.6,0.0,0,0,0,1,0,0,0,0,0,0,0,0,1,1,1
15477,2402,2196,447,469,1983,0.0,0,0.3,0.0,0,0,0,1,0,0,0,0,0,0,0,0,1,1,1
15487,2401,2196,448,469,1985,0.0,0,0.6,0.0,0,0,0,1,0,0,0,0,0,0,0,0,1,1,1
15497,2401,2195,451,469,1985,0.0,0,0.5,0.0,0,0,0,1,0,0,0,0,0,0,0,0,1,1,1
15507,2404,2195,450,469,1984,0.0,0,0.1,0.0,0,0,0,1,0,0,0,0,0,0,0,0,1,1,1
15517,2403,2197,449,469,1984,0.0,0,0.5,0.0,0,0,0,1,0,0,0,0,0,0,0,0,1,1,1
15527,2402,2197,450,468,1984,0.0,0,0.5,0.0,0,0,0,1,0,0,0,0,0,0,0,0,1,1,1
15537,2401,2197,449,469,1983,0.0,0,0.4,0.0,0,0,0,1,0,0,0,0,0,0,0,0,1,1,1
15547,2402,2197,451,468,1985,0.0,0,0.3,0.0,0,0,0,1,0,0,0,0,0,0,0,0,1,1,1
15557,2402,2196,449,468,1984,0.0,0,0.4,0.0,0,0,0,1,0,0,0,0,0,0,0,0,1,1,1
15567,2401,2197,450,468,1984,0.0,0,0.6,0.0,0,0,0,1,0,0,0,0,0,0,0,0,1,1,1
15577,2402,2196,449,470,1985,0.0,0,0.4,0.0,0,0,0,1,0,0,0,0,0,0,0,0,1,1,1
15587,2402,2196,449,470,1985,0.0,0,0.4,0.0,0,0,0,1,0,0,0,0,0,0,0,0,1,1,1
15597,2401,2197,451,468,1985,0.0,0,0.5,0.0,0,0,0,1,0,0,0,0,0,0,0,0,1,1,1
15607,2401,2196,449,469,1984,0.0,0,0.6,0.0,0,0,0,1,0,0,0,0,0,0,0,0,1,1,1
15618,2406,2196,449,468,1981,0.0,0,0.2,0.0,0,0,0,1,0,0,0,0,0,0,0,0,1,1,1
15628,2401,2196,448,468,1985,0.0,0,0.8,0.0,0,0,0,1,0,0,0,0,0,0,0,0,1,1,1
15638,2401,2197,451,468,1985,0.0,0,0.9,0.0,0,0,0,1,0,0,0,0,0,0,0,0,1,1,1
15648,2402,2196,451,469,1984,0.0,0,0.9,0.0,0,0,0,1,0,0,0,0,0,0,0,0,1,1,1
15658,2402,2197,448,469,1985,0.0,0,0.5,0.0,0,0,0,1,0,0,0,0,0,0,0,0,1,1,1
15668,2402,2197,451,470,1985,0.0,0,0.5,0.0,0,0,0,1,0,0,0,0,0,0,0,0,1,1,1
15678,2402,2197,452,469,1986,0.0,0,0.5,0.0,0,0,0,1,0,0,0,0,0,0,0,0,1,1,1
15688,2402,2196,450,470,1984,0.0,0,0.5,0.0,0,0,0,1,0,0,0,0,0,0,0,0,1,1,1
15698,2406,2197,451,470,1987,0.0,0,0.5,0.0,0,0,0,1,0,0,0,0,0,0,0,0,1,1,1
15709,2402,2196,448,470,1984,0.0,0,0.4,0.0,0,0,0,1,0,0,0,0,0,0,0,0,1,1,1
15719,2402,2197,452,469,1985,0.0,0,0.4,0.0,0,0,0,1,0,0,0,0,0,0,0,0,1,1,1
15729,2402,2196,453,470,1984,0.0,0,0.4,0.0,0,0,0,1,0,0,0,0,0,0,0,0,1,1,1
15739,2400,2196,449,469,1985,0.0,0,0.4,0.0,0,0,0,1,0,0,0,0,0,0,0,0,1,1,1
15749,2401,2196,450,468,1985,0.0,0,0.3,0.0,0,0,0,1,0,0,0,0,0,0,0,0,1,1,1
15759,2401,2196,449,469,1985,0.0,0,0.3,0.0,0,0,0,1,0,0,0,0,0,0,0,0,1,1,1
15769,2403,2196,450,469,1985,0.0,0,0.5,0.0,0,0,0,1,0,0,0,0,0,0,0,0,1,1,1
15779,2400,2196,449,469,1985,0.0,0,0.5,0.0,0,0,0,1,0,0,0,0,0,0,0,0,1,1,1
15789,2401,2197,449,471,1984,0.0,0,0.5,0.0,0,0,0,1,0,0,0,0,0,0,0,0,1,1,1
15799,2401,2196,450,469,1985,0.0,0,0.5,0.0,0,0,0,1,0,0,0,0,0,0,0,0,1,1,1
15809,2401,2196,447,468,1983,0.0,0,0.5,0.0,0,0,0,1,0,0,0,0,0,0,0,0,1,1,1
15820,2400,2193,449,469,1982,0.0,0,0.6,0.0,0,0,0,1,0,0,0,0,0,0,0,0,1,1,1
15830,2401,2196,450,470,1985,0.0,0,0.4,0.0,0,0,0,1,0,0,0,0,0,0,0,0,1,1,1
15840,2402,2197,450,468,1984,0.0,0,0.5,0.0,0,0,0,1,0,0,0,0,0,0,0,0,1,1,1
15850,2402,2196,451,470,1985,0.0,0,0.5,0.0,0,0,0,1,0,0,0,0,0,0,0,0,1,1,1
15860,2402,2196,449,468,1985,0.0,0,0.4,0.0,0,0,0,1,0,0,0,0,0,0,0,0,1,1,1
15870,2401,2196,449,470,1985,0.0,0,0.3,0.0,0,0,0,1,0,0,0,0,0,0,0,0,1,1,1
15880,2402,2197,450,468,1983,0.0,0,0.4,0.0,0,0,0,1,0,0,0,0,0,0,0,0,1,1,1
15890,2401,2196,450,469,1983,0.0,0,0.3,0.0,0,0,0,1,0,0,0,0,0,0,0,0,1,1,1
15901,2402,2197,449,468,1985,0.0,0,0.4,0.0,0,0,0,1,0,0,0,0,0,0,0,0,1,1,1
15911,2402,2196,452,469,1984,0.0,0,0.4,0.0,0,0,0,1,0,0,0,0,0,0,0,0,1,1,1
15921,2402,2196,451,470,1984,0.0,0,0.6,0.0,0,0,0,1,0,0,0,0,0,0,0,0,1,1,1
15931,2402,2197,451,469,1986,0.0,0,0.2,0.0,0,0,0,1,0,0,0,0,0,0,0,0,1,1,1
15941,2401,2197,450,469,1985,0.0,0,0.8,0.0,0,0,0,1,0,0,0,0,0,0,0,0,1,1,1
15951,2401,2196,449,470,1981,0.0,0,0.5,0.0,0,0,0,1,0,0,0,0,0,0,0,0,1,1,1
15961,2401,2196,450,470,1987,0.0,0,0.6,0.0,0,0,0,1,0,0,0,0,0,0,0,0,1,1,1
15971,2402,2196,450,469,1984,0.0,0,0.6,0.0,0,0,0,1,0,0,0,0,0,0,0,0,1,1,1
15981,2401,2196,450,468,1984,0.0,0,0.5,0.0,0,0,0,1,0,0,0,0,0,0,0,0,1,1,1
15991,2402,2195,450,467,1985,0.0,0,0.4,0.0,0,0,0,1,0,0,0,0,0,0,0,0,1,1,1
16001,2402,2196,452,471,1984,0.0,0,0.5,0.0,0,0,0,1,0,0,0,0,0,0,0,0,1,1,1
16011,2402,2196,449,470,1986,0.0,0,0.3,0.0,0,0,0,1,0,0,0,0,0,0,0,0,1,1,1
16021,2399,2197,448,468,1985,0.0,0,0.3,0.0,0,0,0,1,0,0,0,0,0,0,0,0,1,1,1
16031,2401,2196,450,468,1985,0.0,0,0.3,0.0,0,0,0,1,0,0,0,0,0,0,0,0,1,1,1
16041,2405,2196,449,469,1986,0.0,0,0.5,0.0,0,0,0,1,0,0,0,0,0,0,0,0,1,1,1
16051,2400,2196,449,471,1986,0.0,0,0.6,0.0,0,0,0,1,0,0,0,0,0,0,0,0,1,1,1
16061,2401,2197,450,470,1985,0.0,0,1.1,0.0,0,0,0,1,0,0,0,0,0,0,0,0,1,1,1
16071,2404,2199,449,468,1985,0.0,0,0.6,0.0,0,0,0,1,0,0,0,0,0,0,0,0,1,1,1
16081,2402,2197,450,468,1985,0.0,0,0.4,0.0,0,0,0,1,0,0,0,0,0,0,0,0,1,1,1
16091,2402,2196,450,470,1984,0.0,0,0.4,0.0,0,0,0,1,0,0,0,0,0,0,0,0,1,1,1
16101,2403,2197,450,469,1986,0.0,0,0.3,0.0,0,0,0,1,0,0,0,0,0,0,0,0,1,1,1
16111,2402,2197,450,469,1984,0.0,0,0.5,0.0,0,0,0,1,0,0,0,0,0,0,0,0,1,1,1
16122,2401,2196,448,467,1984,0.0,0,0.6,0.0,0,0,0,1,0,0,0,0,0,0,0,0,1,1,1
16132,2401,2196,449,469,1984,0.0,0,0.6,0.0,0,0,0,1,0,0,0,0,0,0,0,0,1,1,1
16142,2401,2198,449,468,1985,0.0,0,0.2,0.0,0,0,0,1,0,0,0,0,0,0,0,0,1,1,1
16153,2402,2196,448,469,1984,0.0,0,0.6,0.0,0,0,0,1,0,0,0,0,0,0,0,0,1,1,1
16163,2402,2196,450,468,1985,0.0,0,0.6,0.0,0,0,0,1,0,0,0,0,0,0,0,0,1,1,1
16174,2403,2196,450,469,1985,0.0,0,0.4,0.0,0,0,0,1,0,0,0,0,0,0,0,0,1,1,1
16184,2401,2196,448,468,1985,0.0,0,0.5,0.0,0,0,0,1,0,0,0,0,0,0,0,0,1,1,1
16194,2401,2196,451,468,1982,0.0,0,0.5,0.0,0,0,0,1,0,0,0,0,0,0,0,0,1,1,1
16204,2401,2196,451,469,1984,0.0,0,0.6,0.0,0,0,0,1,0,0,0,0,0,0,0,0,1,1,1
16216,2403,2196,448,469,1987,0.0,0,0.4,0.0,0,0,0,1,0,0,0,0,0,0,0,0,1,1,1
16226,2403,2196,450,469,1984,0.0,0,0.2,0.0,0,0,0,1,0,0,0,0,0,0,0,0,1,1,1
16237,2402,2196,449,468,1987,0.0,0,0.4,0.0,0,0,0,1,0,0,0,0,0,0,0,0,1,1,1
16247,2402,2197,450,470,1985,0.0,0,0.4,0.0,0,0,0,1,0,0,0,0,0,0,0,0,1,1,1
16257,2401,2196,451,468,1985,0.0,0,0.5,0.0,0,0,0,1,0,0,0,0,0,0,0,0,1,1,1
16267,2401,2197,448,470,1984,0.0,0,0.4,0.0,0,0,0,1,0,0,0,0,0,0,0,0,1,1,1
16277,2402,2196,451,468,1983,0.0,0,0.4,0.0,0,0,0,1,0,0,0,0,0,0,0,0,1,1,1
16323,2401,2196,447,466,1983,0.0,0,0.4,0.0,0,0,0,1,0,0,0,0,0,0,0,0,1,1,1
16333,2401,2196,449,470,1985,0.0,0,0.5,0.0,0,0,0,1,0,0,0,0,0,0,0,0,1,1,1
16343,2402,2195,450,469,1984,0.0,0,0.5,0.0,0,0,0,1,0,0,0,0,0,0,0,0,1,1,1
16354,2402,2196,448,469,1985,0.0,0,0.3,0.0,0,0,0,1,0,0,0,0,0,0,0,0,1,1,1
16364,2403,2196,451,469,1983,0.0,0,0.3,0.0,0,0,0,1,0,0,0,0,0,0,0,0,1,1,1
16374,2402,2196,449,470,1985,0.0,0,0.4,0.0,0,0,0,1,0,0,0,0,0,0,0,0,1,1,1
16384,2402,2195,450,469,1984,0.0,0,0.4,0.0,0,0,0,1,0,0,0,0,0,0,0,0,1,1,1
16396,2404,2195,450,469,1984,0.0,0,0.2,0.0,0,0,0,1,0,0,0,0,0,0,0,0,1,1,1
16406,2401,2197,449,469,1980,0.0,0,0.5,0.0,0,0,0,1,0,0,0,0,0,0,0,0,1,1,1
16417,2401,2195,451,469,1984,0.0,0,0.3,0.0,0,0,0,1,0,0,0,0,0,0,0,0,1,1,1
16427,2402,2196,449,466,1985,0.0,0,0.3,0.0,0,0,0,1,0,0,0,0,0,0,0,0,1,1,1
16437,2401,2196,451,468,1984,0.0,0,0.5,0.0,0,0,0,1,0,0,0,0,0,0,0,0,1,1,1
16447,2402,2197,450,470,1984,0.0,0,0.4,0.0,0,0,0,1,0,0,0,0,0,0,0,0,1,1,1
16457,2402,2196,451,465,1984,0.0,0,0.3,0.0,0,0,0,1,0,0,0,0,0,0,0,0,1,1,1
16467,2401,2197,449,470,1985,0.0,0,0.3,0.0,0,0,0,1,0,0,0,0,0,0,0,0,1,1,1
16477,2402,2196,451,468,1985,0.0,0,0.4,0.0,0,0,0,1,0,0,0,0,0,0,0,0,1,1,1
16487,2401,2197,449,470,1986,0.0,0,0.4,0.0,0,0,0,1,0,0,0,0,0,0,0,0,1,1,1
16497,2403,2196,451,469,1985,0.0,0,0.4,0.0,0,0,0,1,0,0,0,0,0,0,0,0,1,1,1
16507,2401,2196,450,468,1985,0.0,0,0.3,0.0,0,0,0,1,0,0,0,0,0,0,0,0,1,1,1
16517,2401,2197,449,470,1984,0.0,0,0.5,0.0,0,0,0,1,0,0,0,0,0,0,0,0,1,1,1
16527,2402,2196,449,469,1983,0.0,0,0.3,0.0,0,0,0,1,0,0,0,0,0,0,0,0,1,1,1
16537,2402,2196,449,467,1984,0.0,0,0.6,0.0,0,0,0,1,0,0,0,0,0,0,0,0,1,1,1
16547,2401,2197,451,470,1985,0.0,0,0.6,0.0,0,0,0,1,0,0,0,0,0,0,0,0,1,1,1
16557,2402,2195,451,470,1983,0.0,0,0.4,0.0,0,0,0,1,0,0,0,0,0,0,0,0,1,1,1
16567,2403,2196,447,468,1982,0.0,0,0.6,0.0,0,0,0,1,0,0,0,0,0,0,0,0,1,1,1
16577,2404,2197,450,469,1984,0.0,0,0.6,0.0,0,0,0,1,0,0,0,0,0,0,0,0,1,1,1
16587,2402,2196,450,469,1982,0.0,0,0.5,0.0,0,0,0,1,0,0,0,0,0,0,0,0,1,1,1
16597,2405,2199,450,466,1985,0.0,0,0.5,0.0,0,0,0,1,0,0,0,0,0,0,0,0,1,1,1
16607,2401,2196,449,470,1982,0.0,0,0.5,0.0,0,0,0,1,0,0,0,0,0,0,0,0,1,1,1
16617,2402,2196,450,468,1985,0.0,0,0.5,0.0,0,0,0,1,0,0,0,0,0,0,0,0,1,1,1
16627,2402,2196,451,471,1984,0.0,0,0.4,0.0,0,0,0,1,0,0,0,0,0,0,0,0,1,1,1
16637,2402,2196,449,469,1984,0.0,0,0.5,0.0,0,0,0,1,0,0,0,0,0,0,0,0,1,1,1
16647,2402,2196,449,469,1984,0.0,0,0.5,0.0,0,0,0,1,0,0,0,0,0,0,0,0,1,1,1
16657,2402,2197,450,469,1982,0.0,0,0.5,0.0,0,0,0,1,0,0,0,0,0,0,0,0,1,1,1
16667,2404,2196,450,470,1984,0.0,0,0.5,0.0,0,0,0,1,0,0,0,0,0,0,0,0,1,1,1
16677,2402,2196,450,469,1985,0.0,0,0.4,0.0,0,0,0,1,0,0,0,0,0,0,0,0,1,1,1
16687,2402,2197,450,471,1985,0.0,0,0.4,0.0,0,0,0,1,0,0,0,0,0,0,0,0,1,1,1
16697,2402,2197,449,469,1985,0.0,0,0.4,0.0,0,0,0,1,0,0,0,0,0,0,0,0,1,1,1
16707,2401,2196,450,468,1984,0.0,0,0.5,0.0,0,0,0,1,0,0,0,0,0,0,0,0,1,1,1
16717,2402,2196,450,453,1985,0.0,0,0.5,0.0,0,0,0,1,0,0,0,0,0,0,0,0,1,1,1
16727,2401,2196,449,469,1986,0.0,0,0.5,0.0,0,0,0,1,0,0,0,0,0,0,0,0,1,1,1
16737,2401,2197,450,468,1984,0.0,0,0.3,0.0,0,0,0,1,0,0,0,0,0,0,0,0,1,1,1
16747,2401,2194,451,469,1987,0.0,0,0.5,0.0,0,0,0,1,0,0,0,0,0,0,0,0,1,1,1
16757,2401,2197,450,469,1985,0.0,0,0.3,0.0,0,0,0,1,0,0,0,0,0,0,0,0,1,1,1
16767,2401,2196,450,469,1984,0.0,0,0.2,0.0,0,0,0,1,0,0,0,0,0,0,0,0,1,1,1
16777,2401,2196,450,468,1982,0.0,0,0.6,0.0,0,0,0,1,0,0,0,0,0,0,0,0,1,1,1
16787,2402,2196,450,469,1984,0.0,0,0.6,0.0,0,0,0,1,0,0,0,0,0,0,0,0,1,1,1
16797,2402,2196,450,469,1985,0.0,0,0.3,0.0,0,0,0,1,0,0,0,0,0,0,0,0,1,1,1
16807,2402,2196,449,469,1985,0.0,0,0.6,0.0,0,0,0,1,0,0,0,0,0,0,0,0,1,1,1
16817,2401,2197,451,468,1985,0.0,0,0.4,0.0,0,0,0,1,0,0,0,0,0,0,0,0,1,1,1
16827,2401,2198,451,467,1985,0.0,0,0.4,0.0,0,0,0,1,0,0,0,0,0,0,0,0,1,1,1
16837,2401,2196,449,468,1984,0.0,0,0.5,0.0,0,0,0,1,0,0,0,0,0,0,0,0,1,1,1
16847,2402,2196,450,470,1985,0.0,0,0.5,0.0,0,0,0,1,0,0,0,0,0,0,0,0,1,1,1
16857,2404,2194,449,469,1986,0.0,0,0.4,0.0,0,0,0,1,0,0,0,0,0,0,0,0,1,1,1
16867,2402,2196,448,468,1985,0.0,0,0.4,0.0,0,0,0,1,0,0,0,0,0,0,0,0,1,1,1
16877,2403,2193,450,472,1986,0.0,0,0.4,0.0,0,0,0,1,0,0,0,0,0,0,0,0,1,1,1
16887,2401,2196,449,470,1985,0.0,0,0.3,0.0,0,0,0,1,0,0,0,0,0,0,0,0,1,1,1
16897,2402,2196,449,468,1985,0.0,0,0.4,0.0,0,0,0,1,0,0,0,0,0,0,0,0,1,1,1
16907,2401,2196,451,469,1983,0.0,0,0.4,0.0,0,0,0,1,0,0,0,0,0,0,0,0,1,1,1
16917,2401,2196,449,469,1985,0.0,0,0.5,0.0,0,0,0,1,0,0,0,0,0,0,0,0,1,1,1
16927,2401,2197,449,468,1984,0.0,0,0.2,0.0,0,0,0,1,0,0,0,0,0,0,0,0,1,1,1
16937,2403,2196,450,469,1985,0.0,0,0.4,0.0,0,0,0,1,0,0,0,0,0,0,0,0,1,1,1
16947,2401,2197,451,471,1985,0.0,0,0.3,0.0,0,0,0,1,0,0,0,0,0,0,0,0,1,1,1
16957,2402,2196,450,465,1986,0.0,0,0.4,0.0,0,0,0,1,0,0,0,0,0,0,0,0,1,1,1
16967,2405,2196,449,469,1984,0.0,0,0.4,0.0,0,0,0,1,0,0,0,0,0,0,0,0,1,1,1
16977,2402,2196,449,469,1984,0.0,0,0.4,0.0,0,0,0,1,0,0,0,0,0,0,0,0,1,1,1
16987,2401,2197,450,471,1982,0.0,0,0.1,0.0,0,0,0,1,0,0,0,0,0,0,0,0,1,1,1
16997,2401,2196,450,470,1985,0.0,0,0.3,0.0,0,0,0,1,0,0,0,0,0,0,0,0,1,1,1
17007,2401,2196,449,470,1984,0.0,0,0.5,0.0,0,0,0,1,0,0,0,0,0,0,0,0,1,1,1
17017,2401,2195,449,469,1985,0.0,0,0.5,0.0,0,0,0,1,0,0,0,0,0,0,0,0,1,1,1
17027,2403,2196,451,469,1985,0.0,0,0.5,0.0,0,0,0,1,0,0,0,0,0,0,0,0,1,1,1
17037,2399,2195,450,470,1983,0.0,0,0.4,0.0,0,0,0,1,0,0,0,0,0,0,0,0,1,1,1
17047,2401,2196,449,467,1984,0.0,0,0.5,0.0,0,0,0,1,0,0,0,0,0,0,0,0,1,1,1
17057,2402,2198,450,471,1984,0.0,0,0.4,0.0,0,0,0,1,0,0,0,0,0,0,0,0,1,1,1
17067,2402,2197,450,468,1985,0.0,0,0.6,0.0,0,0,0,1,0,0,0,0,0,0,0,0,1,1,1
17077,2402,2195,449,468,1985,0.0,0,0.2,0.0,0,0,0,1,0,0,0,0,0,0,0,0,1,1,1
17087,2401,2199,448,468,1984,0.0,0,0.2,0.0,0,0,0,1,0,0,0,0,0,0,0,0,1,1,1
17097,2401,2196,450,469,1984,0.0,0,0.5,0.0,0,0,0,1,0,0,0,0,0,0,0,0,1,1,1
17107,2402,2199,450,468,1986,0.0,0,0.6,0.0,0,0,0,1,0,0,0,0,0,0,0,0,1,1,1
17117,2401,2200,449,469,1984,0.0,0,0.4,0.0,0,0,0,1,0,0,0,0,0,0,0,0,1,1,1
17127,2402,2197,449,469,1984,0.0,0,0.6,0.0,0,0,0,1,0,0,0,0,0,0,0,0,1,1,1
17137,2401,2196,450,469,1985,0.0,0,0.3,0.0,0,0,0,1,0,0,0,0,0,0,0,0,1,1,1
17147,2402,2198,448,469,1985,0.0,0,0.3,0.0,0,0,0,1,0,0,0,0,0,0,0,0,1,1,1
17157,2402,2197,450,468,1987,0.0,0,0.5,0.0,0,0,0,1,0,0,0,0,0,0,0,0,1,1,1
17167,2401,2197,449,470,1984,0.0,0,0.8,0.0,0,0,0,1,0,0,0,0,0,0,0,0,1,1,1
17177,2401,2196,450,468,1984,0.0,0,0.4,0.0,0,0,0,1,0,0,0,0,0,0,0,0,1,1,1
17187,2401,2197,450,471,1984,0.0,0,0.8,0.0,0,0,0,1,0,0,0,0,0,0,0,0,1,1,1
17197,2402,2196,449,470,1984,0.0,0,0.5,0.0,0,0,0,1,0,0,0,0,0,0,0,0,1,1,1
17207,2401,2196,449,470,1985,0.0,0,0.5,0.0,0,0,0,1,0,0,0,0,0,0,0,0,1,1,1
17217,2403,2196,449,469,1985,0.0,0,0.6,0.0,0,0,0,1,0,0,0,0,0,0,0,0,1,1,1
17227,2397,2196,449,470,1985,0.0,0,0.3,0.0,0,0,0,1,0,0,0,0,0,0,0,0,1,1,1
17237,2403,2196,449,469,1985,0.0,0,0.6,0.0,0,0,0,1,0,0,0,0,0,0,0,0,1,1,1
17247,2388,2197,450,469,1985,0.0,0,0.3,0.0,0,0,0,1,0,0,0,0,0,0,0,0,1,1,1
17257,2402,2196,449,467,1984,0.0,0,0.5,0.0,0,0,0,1,0,0,0,0,0,0,0,0,1,1,1
17267,2402,2196,451,468,1985,0.0,0,0.5,0.0,0,0,0,1,0,0,0,0,0,0,0,0,1,1,1
17277,2403,2196,450,471,1985,0.0,0,0.5,0.0,0,0,0,1,0,0,0,0,0,0,0,0,1,1,1
17287,2403,2196,450,468,1984,0.0,0,0.5,0.0,0,0,0,1,0,0,0,0,0,0,0,0,1,1,1
17297,2402,2195,448,468,1984,0.0,0,0.4,0.0,0,0,0,1,0,0,0,0,0,0,0,0,1,1,1
17307,2402,2196,450,468,1983,0.0,0,0.4,0.0,0,0,0,1,0,0,0,0,0,0,0,0,1,1,1
17317,2400,2196,450,468,1985,0.0,0,0.5,0.0,0,0,0,1,0,0,0,0,0,0,0,0,1,1,1
17327,2398,2196,450,470,1984,0.0,0,0.5,0.0,0,0,0,1,0,0,0,0,0,0,0,0,1,1,1
17337,2401,2196,451,470,1985,0.0,0,0.3,0.0,0,0,0,1,0,0,0,0,0,0,0,0,1,1,1
17347,2402,2196,450,468,1983,0.0,0,0.1,0.0,0,0,0,1,0,0,0,0,0,0,0,0,1,1,1
17357,2401,2196,450,469,1984,0.0,0,0.6,0.0,0,0,0,1,0,0,0,0,0,0,0,0,1,1,1
17367,2400,2197,450,468,1984,0.0,0,0.4,0.0,0,0,0,1,0,0,0,0,0,0,0,0,1,1,1
17377,2402,2194,448,467,1981,0.0,0,0.5,0.0,0,0,0,1,0,0,0,0,0,0,0,0,1,1,1
17387,2402,2196,450,468,1983,0.0,0,0.5,0.0,0,0,0,1,0,0,0,0,0,0,0,0,1,1,1
17397,2402,2196,452,469,1985,0.0,0,0.3,0.0,0,0,0,1,0,0,0,0,0,0,0,0,1,1,1
17407,2403,2196,450,469,1984,0.0,0,0.4,0.0,0,0,0,1,0,0,0,0,0,0,0,0,1,1,1
17417,2406,2196,451,468,1983,0.0,0,0.5,0.0,0,0,0,1,0,0,0,0,0,0,0,0,1,1,1
17427,2401,2196,450,469,1984,0.0,0,0.5,0.0,0,0,0,1,0,0,0,0,0,0,0,0,1,1,1
17437,2402,2196,449,469,1984,0.0,0,0.5,0.0,0,0,0,1,0,0,0,0,0,0,0,0,1,1,1
17447,2401,2196,450,469,1985,0.0,0,0.5,0.0,0,0,0,1,0,0,0,0,0,0,0,0,1,1,1
17457,2401,2197,449,470,1986,0.0,0,0.3,0.0,0,0,0,1,0,0,0,0,0,0,0,0,1,1,1
17467,2401,2196,452,469,1984,0.0,0,0.4,0.0,0,0,0,1,0,0,0,0,0,0,0,0,1,1,1
17477,2402,2196,451,467,1984,0.0,0,0.6,0.0,0,0,0,1,0,0,0,0,0,0,0,0,1,1,1
17487,2402,2196,450,470,1985,0.0,0,0.4,0.0,0,0,0,1,0,0,0,0,0,0,0,0,1,1,1
17497,2402,2197,450,468,1985,0.0,0,0.4,0.0,0,0,0,1,0,0,0,0,0,0,0,0,1,1,1
17507,2401,2193,450,468,1986,0.0,0,0.4,0.0,0,0,0,1,0,0,0,0,0,0,0,0,1,1,1
17517,2402,2196,451,469,1985,0.0,0,0.5,0.0,0,0,0,1,0,0,0,0,0,0,0,0,1,1,1
17527,2401,2196,449,468,1983,0.0,0,0.6,0.0,0,0,0,1,0,0,0,0,0,0,0,0,1,1,1
17537,2400,2197,449,470,1985,0.0,0,0.4,0.0,0,0,0,1,0,0,0,0,0,0,0,0,1,1,1
17547,2401,2197,449,469,1984,0.0,0,0.5,0.0,0,0,0,1,0,0,0,0,0,0,0,0,1,1,1
17557,2402,2197,450,468,1985,0.0,0,0.4,0.0,0,0,0,1,0,0,0,0,0,0,0,0,1,1,1
17567,2403,2193,451,468,1984,0.0,0,0.4,0.0,0,0,0,1,0,0,0,0,0,0,0,0,1,1,1
17577,2402,2195,450,470,1984,0.0,0,0.4,0.0,0,0,0,1,0,0,0,0,0,0,0,0,1,1,1
17587,2401,2199,450,468,1984,0.0,0,0.6,0.0,0,0,0,1,0,0,0,0,0,0,0,0,1,1,1
17597,2402,2196,449,469,1984,0.0,0,0.6,0.0,0,0,0,1,0,0,0,0,0,0,0,0,1,1,1
17607,2402,2196,451,468,1984,0.0,0,0.3,0.0,0,0,0,1,0,0,0,0,0,0,0,0,1,1,1
17617,2402,2197,450,469,1987,0.0,0,0.3,0.0,0,0,0,1,0,0,0,0,0,0,0,0,1,1,1
17627,2402,2197,450,468,1984,0.0,0,0.3,0.0,0,0,0,1,0,0,0,0,0,0,0,0,1,1,1
17637,2401,2196,450,470,1984,0.0,0,0.4,0.0,0,0,0,1,0,0,0,0,0,0,0,0,1,1,1
17647,2402,2196,450,469,1984,0.0,0,0.5,0.0,0,0,0,1,0,0,0,0,0,0,0,0,1,1,1
17657,2404,2196,450,469,1984,0.0,0,0.4,0.0,0,0,0,1,0,0,0,0,0,0,0,0,1,1,1
17667,2402,2197,450,469,1984,0.0,0,0.5,0.0,0,0,0,1,0,0,0,0,0,0,0,0,1,1,1
17677,2402,2195,449,469,1985,0.0,0,0.4,0.0,0,0,0,1,0,0,0,0,0,0,0,0,1,1,1
17687,2402,2196,450,468,1985,0.0,0,0.4,0.0,0,0,0,1,0,0,0,0,0,0,0,0,1,1,1
17697,2402,2196,453,468,1984,0.0,0,0.5,0.0,0,0,0,1,0,0,0,0,0,0,0,0,1,1,1
17707,2401,2196,448,469,1985,0.0,0,0.6,0.0,0,0,0,1,0,0,0,0,0,0,0,0,1,1,1
17717,2401,2198,449,470,1991,0.0,0,0.8,0.0,0,0,0,1,0,0,0,0,0,0,0,0,1,1,1
17727,2403,2195,449,471,1983,0.0,0,0.5,0.0,0,0,0,1,0,0,0,0,0,0,0,0,1,1,1
17737,2402,2196,449,469,1984,0.0,0,0.5,0.0,0,0,0,1,0,0,0,0,0,0,0,0,1,1,1
17747,2402,2196,450,469,1985,0.0,0,0.5,0.0,0,0,0,1,0,0,0,0,0,0,0,0,1,1,1
17757,2402,2196,451,471,1984,0.0,0,0.5,0.0,0,0,0,1,0,0,0,0,0,0,0,0,1,1,1
17767,2402,2196,451,468,1985,0.0,0,0.5,0.0,0,0,0,1,0,0,0,0,0,0,0,0,1,1,1
17777,2401,2196,451,468,1985,0.0,0,0.3,0.0,0,0,0,1,0,0,0,0,0,0,0,0,1,1,1
17787,2401,2196,448,469,1984,0.0,0,0.5,0.0,0,0,0,1,0,0,0,0,0,0,0,0,1,1,1
17797,2403,2196,448,468,1984,0.0,0,0.3,0.0,0,0,0,1,0,0,0,0,0,0,0,0,1,1,1
17807,2401,2196,450,469,1983,0.0,0,0.3,0.0,0,0,0,1,0,0,0,0,0,0,0,0,1,1,1
17817,2402,2196,450,469,1984,0.0,0,0.9,0.0,0,0,0,1,0,0,0,0,0,0,0,0,1,1,1
17827,2402,2197,450,468,1984,0.0,0,0.5,0.0,0,0,0,1,0,0,0,0,0,0,0,0,1,1,1
17837,2401,2197,447,467,1984,0.0,0,0.3,0.0,0,0,0,1,0,0,0,0,0,0,0,0,1,1,1
17847,2401,2197,449,468,1985,0.0,0,0.6,0.0,0,0,0,1,0,0,0,0,0,0,0,0,1,1,1
17857,2401,2196,449,469,1984,0.0,0,0.5,0.0,0,0,0,1,0,0,0,0,0,0,0,0,1,1,1
17867,2403,2197,451,468,1985,0.0,0,0.5,0.0,0,0,0,1,0,0,0,0,0,0,0,0,1,1,1
17877,2401,2196,450,470,1985,0.0,0,0.3,0.0,0,0,0,1,0,0,0,0,0,0,0,0,1,1,1
17887,2401,2197,450,468,1984,0.0,0,0.5,0.0,0,0,0,1,0,0,0,0,0,0,0,0,1,1,1
17897,2401,2197,450,468,1985,0.0,0,0.5,0.0,0,0,0,1,0,0,0,0,0,0,0,0,1,1,1
17907,2402,2196,450,469,1984,0.0,0,0.4,0.0,0,0,0,1,0,0,0,0,0,0,0,0,1,1,1
17917,2402,2196,449,468,1984,0.0,0,0.5,0.0,0,0,0,1,0,0,0,0,0,0,0,0,1,1,1
17927,2403,2196,449,468,1985,0.0,0,0.5,0.0,0,0,0,1,0,0,0,0,0,0,0,0,1,1,1
17937,2401,2196,449,468,1984,0.0,0,0.5,0.0,0,0,0,1,0,0,0,0,0,0,0,0,1,1,1
17947,2402,2196,446,469,1985,0.0,0,0.4,0.0,0,0,0,1,0,0,0,0,0,0,0,0,1,1,1
17957,2403,2196,449,467,1985,0.0,0,0.3,0.0,0,0,0,1,0,0,0,0,0,0,0,0,1,1,1
17967,2402,2197,451,468,1984,0.0,0,0.6,0.0,0,0,0,1,0,0,0,0,0,0,0,0,1,1,1
17977,2401,2196,450,468,1984,0.0,0,0.6,0.0,0,0,0,1,0,0,0,0,0,0,0,0,1,1,1
17987,2402,2195,450,466,1985,0.0,0,0.6,0.0,0,0,0,1,0,0,0,0,0,0,0,0,1,1,1
17997,2401,2197,449,468,1989,0.0,0,0.4,0.0,0,0,0,1,0,0,0,0,0,0,0,0,1,1,1
18007,2398,2195,451,469,1983,0.0,0,0.4,0.0,0,0,0,1,0,0,0,0,0,0,0,0,1,1,1
18017,2401,2195,450,468,1986,0.0,0,0.5,0.0,0,0,0,1,0,0,0,0,0,0,0,0,1,1,1
18027,2401,2197,448,468,1984,0.0,0,0.5,0.0,0,0,0,1,0,0,0,0,0,0,0,0,1,1,1
18037,2401,2198,449,467,1984,0.0,0,0.4,0.0,0,0,0,1,0,0,0,0,0,0,0,0,1,1,1
18047,2402,2196,450,465,1984,0.0,0,0.4,0.0,0,0,0,1,0,0,0,0,0,0,0,0,1,1,1
18057,2401,2196,450,469,1984,0.0,0,0.6,0.0,0,0,0,1,0,0,0,0,0,0,0,0,1,1,1
18067,2401,2196,452,469,1984,0.0,0,0.5,0.0,0,0,0,1,0,0,0,0,0,0,0,0,1,1,1
18077,2401,2194,450,469,1983,0.0,0,0.5,0.0,0,0,0,1,0,0,0,0,0,0,0,0,1,1,1
18087,2401,2196,450,468,1983,0.0,0,0.3,0.0,0,0,0,1,0,0,0,0,0,0,0,0,1,1,1
18097,2402,2196,450,468,1985,0.0,0,0.5,0.0,0,0,0,1,0,0,0,0,0,0,0,0,1,1,1
18107,2402,2196,448,469,1984,0.0,0,0.5,0.0,0,0,0,1,0,0,0,0,0,0,0,0,1,1,1
18117,2401,2196,451,468,1984,0.0,0,0.4,0.0,0,0,0,1,0,0,0,0,0,0,0,0,1,1,1
18127,2401,2196,450,471,1984,0.0,0,0.6,0.0,0,0,0,1,0,0,0,0,0,0,0,0,1,1,1
18137,2401,2196,451,469,1984,0.0,0,0.4,0.0,0,0,0,1,0,0,0,0,0,0,0,0,1,1,1
18147,2401,2196,449,469,1984,0.0,0,0.4,0.0,0,0,0,1,0,0,0,0,0,0,0,0,1,1,1
18157,2401,2196,449,470,1984,0.0,0,0.8,0.0,0,0,0,1,0,0,0,0,0,0,0,0,1,1,1
18167,2402,2196,449,468,1984,0.0,0,0.8,0.0,0,0,0,1,0,0,0,0,0,0,0,0,1,1,1
18177,2402,2197,449,469,1985,0.0,0,0.4,0.0,0,0,0,1,0,0,0,0,0,0,0,0,1,1,1
18187,2401,2196,449,469,1984,0.0,0,0.2,0.0,0,0,0,1,0,0,0,0,0,0,0,0,1,1,1
18197,2400,2197,451,470,1984,0.0,0,0.5,0.0,0,0,0,1,0,0,0,0,0,0,0,0,1,1,1
18207,2398,2196,451,469,1985,0.0,0,0.5,0.0,0,0,0,1,0,0,0,0,0,0,0,0,1,1,1
18217,2403,2196,450,468,1985,0.0,0,0.5,0.0,0,0,0,1,0,0,0,0,0,0,0,0,1,1,1
18227,2402,2196,450,469,1984,0.0,0,0.5,0.0,0,0,0,1,0,0,0,0,0,0,0,0,1,1,1
18237,2401,2195,451,468,1983,0.0,0,0.5,0.0,0,0,0,1,0,0,0,0,0,0,0,0,1,1,1
18247,2403,2196,450,469,1983,0.0,0,0.4,0.0,0,0,0,1,0,0,0,0,0,0,0,0,1,1,1
18257,2402,2196,451,468,1984,0.0,0,0.4,0.0,0,0,0,1,0,0,0,0,0,0,0,0,1,1,1
18267,2403,2196,450,469,1984,0.0,0,0.5,0.0,0,0,0,1,0,0,0,0,0,0,0,0,1,1,1
18277,2401,2196,449,469,1984,0.0,0,0.4,0.0,0,0,0,1,0,0,0,0,0,0,0,0,1,1,1
18287,2403,2196,454,468,1984,0.0,0,0.4,0.0,0,0,0,1,0,0,0,0,0,0,0,0,1,1,1
18297,2401,2196,450,469,1985,0.0,0,0.5,0.0,0,0,0,1,0,0,0,0,0,0,0,0,1,1,1
18307,2397,2197,450,468,1983,0.0,0,0.5,0.0,0,0,0,1,0,0,0,0,0,0,0,0,1,1,1
18317,2401,2196,450,469,1984,0.0,0,0.4,0.0,0,0,0,1,0,0,0,0,0,0,0,0,1,1,1
18327,2401,2196,449,471,1984,0.0,0,0.5,0.0,0,0,0,1,0,0,0,0,0,0,0,0,1,1,1
18337,2401,2195,450,467,1984,0.0,0,0.5,0.0,0,0,0,1,0,0,0,0,0,0,0,0,1,1,1
18347,2401,2196,450,470,1985,0.0,0,0.5,0.0,0,0,0,1,0,0,0,0,0,0,0,0,1,1,1
18357,2400,2196,451,468,1983,0.0,0,0.3,0.0,0,0,0,1,0,0,0,0,0,0,0,0,1,1,1
18367,2401,2196,451,470,1985,0.0,0,0.5,0.0,0,0,0,1,0,0,0,0,0,0,0,0,1,1,1
18377,2401,2197,450,469,1985,0.0,0,0.3,0.0,0,0,0,1,0,0,0,0,0,0,0,0,1,1,1
18387,2401,2196,453,468,1984,0.0,0,0.3,0.0,0,0,0,1,0,0,0,0,0,0,0,0,1,1,1
18397,2402,2196,449,470,1984,0.0,0,0.4,0.0,0,0,0,1,0,0,0,0,0,0,0,0,1,1,1
18407,2402,2196,450,471,1984,0.0,0,0.4,0.0,0,0,0,1,0,0,0,0,0,0,0,0,1,1,1
18417,2403,2196,450,470,1985,0.0,0,0.6,0.0,0,0,0,1,0,0,0,0,0,0,0,0,1,1,1
18427,2402,2193,448,468,1984,0.0,0,0.5,0.0,0,0,0,1,0,0,0,0,0,0,0,0,1,1,1
18437,2401,2197,449,470,1984,0.0,0,0.6,0.0,0,0,0,1,0,0,0,0,0,0,0,0,1,1,1
18447,2401,2196,450,468,1984,0.0,0,0.8,0.0,0,0,0,1,0,0,0,0,0,0,0,0,1,1,1
18457,2401,2197,450,469,1984,0.0,0,0.6,0.0,0,0,0,1,0,0,0,0,0,0,0,0,1,1,1
18467,2402,2196,451,470,1986,0.0,0,0.6,0.0,0,0,0,1,0,0,0,0,0,0,0,0,1,1,1
18477,2402,2196,450,470,1987,0.0,0,0.3,0.0,0,0,0,1,0,0,0,0,0,0,0,0,1,1,1
18487,2401,2196,450,469,1984,0.0,0,0.4,0.0,0,0,0,1,0,0,0,0,0,0,0,0,1,1,1
18497,2401,2196,447,469,1985,0.0,0,0.4,0.0,0,0,0,1,0,0,0,0,0,0,0,0,1,1,1
18507,2402,2196,450,468,1985,0.0,0,0.5,0.0,0,0,0,1,0,0,0,0,0,0,0,0,1,1,1
18517,2401,2196,449,468,1984,0.0,0,0.4,0.0,0,0,0,1,0,0,0,0,0,0,0,0,1,1,1
18527,2402,2197,450,469,1982,0.0,0,0.4,0.0,0,0,0,1,0,0,0,0,0,0,0,0,1,1,1
18537,2401,2196,450,467,1985,0.0,0,0.4,0.0,0,0,0,1,0,0,0,0,0,0,0,0,1,1,1
18547,2402,2196,450,469,1984,0.0,0,0.4,0.0,0,0,0,1,0,0,0,0,0,0,0,0,1,1,1
18557,2401,2196,449,471,1984,0.0,0,0.5,0.0,0,0,0,1,0,0,0,0,0,0,0,0,1,1,1
18567,2401,2197,450,462,1983,0.0,0,0.3,0.0,0,0,0,1,0,0,0,0,0,0,0,0,1,1,1
18577,2403,2196,450,469,1985,0.0,0,0.5,0.0,0,0,0,1,0,0,0,0,0,0,0,0,1,1,1
18587,2401,2196,449,467,1984,0.0,0,0.5,0.0,0,0,0,1,0,0,0,0,0,0,0,0,1,1,1
18597,2401,2196,449,469,1985,0.0,0,0.5,0.0,0,0,0,1,0,0,0,0,0,0,0,0,1,1,1
18607,2404,2196,450,468,1983,0.0,0,0.5,0.0,0,0,0,1,0,0,0,0,0,0,0,0,1,1,1
18617,2401,2196,450,469,1984,0.0,0,0.5,0.0,0,0,0,1,0,0,0,0,0,0,0,0,1,1,1
18627,2401,2196,449,469,1983,0.0,0,0.6,0.0,0,0,0,1,0,0,0,0,0,0,0,0,1,1,1
18637,2402,2196,450,469,1985,0.0,0,0.6,0.0,0,0,0,1,0,0,0,0,0,0,0,0,1,1,1
18647,2401,2197,450,469,1985,0.0,0,0.6,0.0,0,0,0,1,0,0,0,0,0,0,0,0,1,1,1
18657,2402,2196,449,470,1984,0.0,0,0.6,0.0,0,0,0,1,0,0,0,0,0,0,0,0,1,1,1
18667,2401,2196,450,469,1985,0.0,0,0.6,0.0,0,0,0,1,0,0,0,0,0,0,0,0,1,1,1
18677,2402,2196,451,468,1984,0.0,0,0.4,0.0,0,0,0,1,0,0,0,0,0,0,0,0,1,1,1
18687,2402,2196,449,471,1985,0.0,0,0.4,0.0,0,0,0,1,0,0,0,0,0,0,0,0,1,1,1
18697,2402,2197,448,469,1985,0.0,0,0.6,0.0,0,0,0,1,0,0,0,0,0,0,0,0,1,1,1
18707,2402,2197,451,469,1985,0.0,0,0.6,0.0,0,0,0,1,0,0,0,0,0,0,0,0,1,1,1
18717,2402,2196,451,468,1985,0.0,0,0.4,0.0,0,0,0,1,0,0,0,0,0,0,0,0,1,1,1
18727,2402,2197,449,470,1985,0.0,0,0.5,0.0,0,0,0,1,0,0,0,0,0,0,0,0,1,1,1
18737,2403,2196,450,469,1985,0.0,0,0.3,0.0,0,0,0,1,0,0,0,0,0,0,0,0,1,1,1
18747,2401,2196,450,467,1985,0.0,0,0.5,0.0,0,0,0,1,0,0,0,0,0,0,0,0,1,1,1
18757,2402,2196,451,468,1984,0.0,0,0.3,0.0,0,0,0,1,0,0,0,0,0,0,0,0,1,1,1
18767,2401,2196,448,471,1985,0.0,0,0.3,0.0,0,0,0,1,0,0,0,0,0,0,0,0,1,1,1
18777,2402,2196,450,471,1985,0.0,0,0.5,0.0,0,0,0,1,0,0,0,0,0,0,0,0,1,1,1
18787,2401,2196,451,469,1984,0.0,0,0.3,0.0,0,0,0,1,0,0,0,0,0,0,0,0,1,1,1
18797,2402,2197,451,469,1985,0.0,0,0.4,0.0,0,0,0,1,0,0,0,0,0,0,0,0,1,1,1
18807,2401,2196,449,469,1984,0.0,0,0.6,0.0,0,0,0,1,0,0,0,0,0,0,0,0,1,1,1
18817,2402,2196,449,468,1984,0.0,0,0.5,0.0,0,0,0,1,0,0,0,0,0,0,0,0,1,1,1
18827,2402,2197,450,469,1987,0.0,0,0.5,0.0,0,0,0,1,0,0,0,0,0,0,0,0,1,1,1
18837,2401,2196,450,470,1985,0.0,0,0.5,0.0,0,0,0,1,0,0,0,0,0,0,0,0,1,1,1
18847,2401,2196,449,469,1985,0.0,0,0.4,0.0,0,0,0,1,0,0,0,0,0,0,0,0,1,1,1
18857,2401,2196,450,468,1984,0.0,0,0.4,0.0,0,0,0,1,0,0,0,0,0,0,0,0,1,1,1
18867,2401,2194,452,469,1985,0.0,0,0.2,0.0,0,0,0,1,0,0,0,0,0,0,0,0,1,1,1
18877,2402,2196,450,468,1982,0.0,0,0.6,0.0,0,0,0,1,0,0,0,0,0,0,0,0,1,1,1
18887,2399,2197,449,470,1986,0.0,0,0.6,0.0,0,0,0,1,0,0,0,0,0,0,0,0,1,1,1
18897,2401,2197,450,469,1984,0.0,0,0.4,0.0,0,0,0,1,0,0,0,0,0,0,0,0,1,1,1
18907,2401,2196,451,469,1986,0.0,0,0.4,0.0,0,0,0,1,0,0,0,0,0,0,0,0,1,1,1
18917,2401,2196,450,470,1984,0.0,0,0.5,0.0,0,0,0,1,0,0,0,0,0,0,0,0,1,1,1
18927,2401,2196,450,469,1985,0.0,0,0.3,0.0,0,0,0,1,0,0,0,0,0,0,0,0,1,1,1
18937,2401,2196,450,467,1985,0.0,0,0.4,0.0,0,0,0,1,0,0,0,0,0,0,0,0,1,1,1
18947,2403,2196,449,469,1984,0.0,0,0.4,0.0,0,0,0,1,0,0,0,0,0,0,0,0,1,1,1
18957,2401,2197,449,470,1985,0.0,0,0.5,0.0,0,0,0,1,0,0,0,0,0,0,0,0,1,1,1
18967,2401,2196,450,469,1985,0.0,0,0.6,0.0,0,0,0,1,0,0,0,0,0,0,0,0,1,1,1
18977,2403,2196,448,470,1984,0.0,0,0.4,0.0,0,0,0,1,0,0,0,0,0,0,0,0,1,1,1
18987,2402,2195,450,469,1985,0.0,0,0.4,0.0,0,0,0,1,0,0,0,0,0,0,0,0,1,1,1
18997,2403,2197,449,469,1984,0.0,0,0.4,0.0,0,0,0,1,0,0,0,0,0,0,0,0,1,1,1
19007,2402,2196,450,469,1984,0.0,0,0.4,0.0,0,0,0,1,0,0,0,0,0,0,0,0,1,1,1
19017,2402,2196,450,469,1983,0.0,0,0.5,0.0,0,0,0,1,0,0,0,0,0,0,0,0,1,1,1
19027,2401,2196,449,468,1985,0.0,0,0.5,0.0,0,0,0,1,0,0,0,0,0,0,0,0,1,1,1
19037,2402,2196,450,468,1985,0.0,0,0.6,0.0,0,0,0,1,0,0,0,0,0,0,0,0,1,1,1
19047,2400,2196,451,468,1985,0.0,0,0.4,0.0,0,0,0,1,0,0,0,0,0,0,0,0,1,1,1
19057,2402,2196,449,468,1985,0.0,0,0.5,0.0,0,0,0,1,0,0,0,0,0,0,0,0,1,1,1
19067,2402,2196,449,469,1984,0.0,0,0.5,0.0,0,0,0,1,0,0,0,0,0,0,0,0,1,1,1
19077,2402,2194,450,470,1984,0.0,0,0.4,0.0,0,0,0,1,0,0,0,0,0,0,0,0,1,1,1
19087,2401,2196,450,469,1983,0.0,0,0.6,0.0,0,0,0,1,0,0,0,0,0,0,0,0,1,1,1
19097,2401,2196,451,470,1985,0.0,0,0.4,0.0,0,0,0,1,0,0,0,0,0,0,0,0,1,1,1
19107,2401,2194,450,468,1983,0.0,0,0.3,0.0,0,0,0,1,0,0,0,0,0,0,0,0,1,1,1
19117,2402,2197,451,468,1984,0.0,0,0.4,0.0,0,0,0,1,0,0,0,0,0,0,0,0,1,1,1
19127,2401,2196,450,469,1984,0.0,0,0.4,0.0,0,0,0,1,0,0,0,0,0,0,0,0,1,1,1
19137,2402,2196,450,469,1985,0.0,0,0.4,0.0,0,0,0,1,0,0,0,0,0,0,0,0,1,1,1
19147,2401,2196,450,469,1984,0.0,0,0.4,0.0,0,0,0,1,0,0,0,0,0,0,0,0,1,1,1
19157,2401,2196,450,469,1985,0.0,0,0.5,0.0,0,0,0,1,0,0,0,0,0,0,0,0,1,1,1
19167,2402,2197,449,469,1985,0.0,0,0.5,0.0,0,0,0,1,0,0,0,0,0,0,0,0,1,1,1
19177,2401,2196,450,469,1986,0.0,0,0.5,0.0,0,0,0,1,0,0,0,0,0,0,0,0,1,1,1
19187,2402,2196,450,469,1984,0.0,0,0.5,0.0,0,0,0,1,0,0,0,0,0,0,0,0,1,1,1
19197,2401,2196,450,468,1982,0.0,0,0.4,0.0,0,0,0,1,0,0,0,0,0,0,0,0,1,1,1
19207,2401,2197,450,469,1985,0.0,0,0.6,0.0,0,0,0,1,0,0,0,0,0,0,0,0,1,1,1
19217,2401,2196,449,471,1985,0.0,0,0.4,0.0,0,0,0,1,0,0,0,0,0,0,0,0,1,1,1
19227,2402,2197,448,468,1985,0.0,0,0.4,0.0,0,0,0,1,0,0,0,0,0,0,0,0,1,1,1
19237,2402,2196,450,467,1983,0.0,0,0.5,0.0,0,0,0,1,0,0,0,0,0,0,0,0,1,1,1
19247,2402,2196,450,468,1985,0.0,0,0.5,0.0,0,0,0,1,0,0,0,0,0,0,0,0,1,1,1
19257,2401,2196,451,469,1985,0.0,0,0.5,0.0,0,0,0,1,0,0,0,0,0,0,0,0,1,1,1
19267,2401,2196,449,469,1984,0.0,0,0.8,0.0,0,0,0,1,0,0,0,0,0,0,0,0,1,1,1
19277,2402,2194,449,470,1984,0.0,0,0.5,0.0,0,0,0,1,0,0,0,0,0,0,0,0,1,1,1
19287,2401,2196,450,468,1985,0.0,0,0.6,0.0,0,0,0,1,0,0,0,0,0,0,0,0,1,1,1
19297,2399,2196,448,468,1985,0.0,0,0.5,0.0,0,0,0,1,0,0,0,0,0,0,0,0,1,1,1
19307,2401,2196,449,468,1984,0.0,0,0.5,0.0,0,0,0,1,0,0,0,0,0,0,0,0,1,1,1
19317,2402,2196,451,469,1984,0.0,0,0.5,0.0,0,0,0,1,0,0,0,0,0,0,0,0,1,1,1
19327,2401,2196,451,470,1983,0.0,0,0.5,0.0,0,0,0,1,0,0,0,0,0,0,0,0,1,1,1
19337,2401,2195,450,469,1984,0.0,0,0.4,0.0,0,0,0,1,0,0,0,0,0,0,0,0,1,1,1
19347,2401,2197,449,470,1984,0.0,0,0.5,0.0,0,0,0,1,0,0,0,0,0,0,0,0,1,1,1
19357,2401,2195,448,469,1984,0.0,0,0.5,0.0,0,0,0,1,0,0,0,0,0,0,0,0,1,1,1
19367,2403,2196,449,470,1985,0.0,0,0.5,0.0,0,0,0,1,0,0,0,0,0,0,0,0,1,1,1
19377,2400,2196,450,469,1987,0.0,0,0.5,0.0,0,0,0,1,0,0,0,0,0,0,0,0,1,1,1
19387,2401,2196,450,470,1985,0.0,0,0.5,0.0,0,0,0,1,0,0,0,0,0,0,0,0,1,1,1
19397,2402,2197,448,469,1985,0.0,0,0.6,0.0,0,0,0,1,0,0,0,0,0,0,0,0,1,1,1
19407,2402,2196,449,469,1985,0.0,0,0.4,0.0,0,0,0,1,0,0,0,0,0,0,0,0,1,1,1
19417,2402,2196,449,468,1985,0.0,0,0.5,0.0,0,0,0,1,0,0,0,0,0,0,0,0,1,1,1
19427,2402,2196,449,467,1984,0.0,0,0.4,0.0,0,0,0,1,0,0,0,0,0,0,0,0,1,1,1
19438,2402,2196,449,468,1984,0.0,0,0.3,0.0,0,0,0,1,0,0,0,0,0,0,0,0,1,1,1
19448,2402,2194,450,468,1985,0.0,0,0.3,0.0,0,0,0,1,0,0,0,0,0,0,0,0,1,1,1
19458,2404,2197,449,469,1985,0.0,0,0.5,0.0,0,0,0,1,0,0,0,0,0,0,0,0,1,1,1
19468,2402,2197,450,469,1984,0.0,0,0.5,0.0,0,0,0,1,0,0,0,0,0,0,0,0,1,1,1
19478,2401,2197,447,469,1984,0.0,0,0.4,0.0,0,0,0,1,0,0,0,0,0,0,0,0,1,1,1
19488,2405,2197,451,468,1984,0.0,0,0.5,0.0,0,0,0,1,0,0,0,0,0,0,0,0,1,1,1
19498,2403,2196,448,468,1987,0.0,0,0.4,0.0,0,0,0,1,0,0,0,0,0,0,0,0,1,1,1
19508,2402,2197,449,469,1984,0.0,0,0.2,0.0,0,0,0,1,0,0,0,0,0,0,0,0,1,1,1
19518,2403,2196,449,468,1983,0.0,0,0.2,0.0,0,0,0,1,0,0,0,0,0,0,0,0,1,1,1
19528,2401,2196,449,469,1985,0.0,0,0.5,0.0,0,0,0,1,0,0,0,0,0,0,0,0,1,1,1
19538,2401,2196,450,470,1986,0.0,0,0.4,0.0,0,0,0,1,0,0,0,0,0,0,0,0,1,1,1
19548,2402,2196,450,470,1985,0.0,0,0.5,0.0,0,0,0,1,0,0,0,0,0,0,0,0,1,1,1
19558,2402,2196,450,469,1985,0.0,0,0.5,0.0,0,0,0,1,0,0,0,0,0,0,0,0,1,1,1
19568,2399,2196,448,469,1984,0.0,0,0.4,0.0,0,0,0,1,0,0,0,0,0,0,0,0,1,1,1
19579,2402,2197,449,469,1984,0.0,0,0.5,0.0,0,0,0,1,0,0,0,0,0,0,0,0,1,1,1
19589,2401,2196,450,469,1985,0.0,0,0.5,0.0,0,0,0,1,0,0,0,0,0,0,0,0,1,1,1
19599,2401,2197,451,469,1985,0.0,0,0.4,0.0,0,0,0,1,0,0,0,0,0,0,0,0,1,1,1
19609,2401,2197,449,469,1984,0.0,0,0.5,0.0,0,0,0,1,0,0,0,0,0,0,0,0,1,1,1
19619,2402,2196,449,470,1984,0.0,0,0.5,0.0,0,0,0,1,0,0,0,0,0,0,0,0,1,1,1
19629,2401,2197,451,469,1983,0.0,0,0.6,0.0,0,0,0,1,0,0,0,0,0,0,0,0,1,1,1
19639,2402,2196,450,469,1985,0.0,0,0.6,0.0,0,0,0,1,0,0,0,0,0,0,0,0,1,1,1
19649,2404,2197,450,468,1984,0.0,0,0.6,0.0,0,0,0,1,0,0,0,0,0,0,0,0,1,1,1
19659,2401,2197,450,469,1983,0.0,0,0.5,0.0,0,0,0,1,0,0,0,0,0,0,0,0,1,1,1
19669,2402,2197,449,468,1984,0.0,0,0.3,0.0,0,0,0,1,0,0,0,0,0,0,0,0,1,1,1
19679,2402,2196,451,469,1985,0.0,0,0.3,0.0,0,0,0,1,0,0,0,0,0,0,0,0,1,1,1
19689,2402,2196,450,468,1984,0.0,0,0.6,0.0,0,0,0,1,0,0,0,0,0,0,0,0,1,1,1
19699,2402,2196,449,468,1985,0.0,0,0.5,0.0,0,0,0,1,0,0,0,0,0,0,0,0,1,1,1
19709,2401,2197,449,470,1986,0.0,0,0.5,0.0,0,0,0,1,0,0,0,0,0,0,0,0,1,1,1
19719,2401,2200,451,468,1984,0.0,0,0.3,0.0,0,0,0,1,0,0,0,0,0,0,0,0,1,1,1
19729,2401,2197,449,468,1986,0.0,0,0.4,0.0,0,0,0,1,0,0,0,0,0,0,0,0,1,1,1
19739,2401,2196,450,469,1985,0.0,0,0.4,0.0,0,0,0,1,0,0,0,0,0,0,0,0,1,1,1
19749,2402,2196,452,469,1985,0.0,0,0.4,0.0,0,0,0,1,0,0,0,0,0,0,0,0,1,1,1
19759,2401,2196,450,468,1985,0.0,0,0.4,0.0,0,0,0,1,0,0,0,0,0,0,0,0,1,1,1
19769,2402,2196,451,471,1984,0.0,0,0.4,0.0,0,0,0,1,0,0,0,0,0,0,0,0,1,1,1
19779,2399,2197,451,469,1985,0.0,0,0.5,0.0,0,0,0,1,0,0,0,0,0,0,0,0,1,1,1
19789,2402,2197,450,468,1984,0.0,0,0.4,0.0,0,0,0,1,0,0,0,0,0,0,0,0,1,1,1
19799,2401,2196,448,470,1984,0.0,0,0.5,0.0,0,0,0,1,0,0,0,0,0,0,0,0,1,1,1
19809,2401,2196,449,468,1984,0.0,0,0.4,0.0,0,0,0,1,0,0,0,0,0,0,0,0,1,1,1
19819,2401,2201,451,469,1985,0.0,0,0.6,0.0,0,0,0,1,0,0,0,0,0,0,0,0,1,1,1
19829,2401,2196,449,469,1985,0.0,0,0.6,0.0,0,0,0,1,0,0,0,0,0,0,0,0,1,1,1
19839,2402,2196,450,468,1985,0.0,0,0.4,0.0,0,0,0,1,0,0,0,0,0,0,0,0,1,1,1
19849,2402,2196,451,470,1985,0.0,0,0.5,0.0,0,0,0,1,0,0,0,0,0,0,0,0,1,1,1
19859,2400,2196,450,469,1984,0.0,0,0.5,0.0,0,0,0,1,0,0,0,0,0,0,0,0,1,1,1
19869,2402,2196,450,469,1983,0.0,0,0.6,0.0,0,0,0,1,0,0,0,0,0,0,0,0,1,1,1
19879,2402,2197,449,469,1981,0.0,0,0.6,0.0,0,0,0,1,0,0,0,0,0,0,0,0,1,1,1
19889,2401,2196,450,469,1985,0.0,0,0.6,0.0,0,0,0,1,0,0,0,0,0,0,0,0,1,1,1
19899,2401,2197,449,468,1984,0.0,0,0.5,0.0,0,0,0,1,0,0,0,0,0,0,0,0,1,1,1
19909,2400,2196,451,467,1985,0.0,0,0.3,0.0,0,0,0,1,0,0,0,0,0,0,0,0,1,1,1
19919,2400,2197,449,468,1985,0.0,0,0.3,0.0,0,0,0,1,0,0,0,0,0,0,0,0,1,1,1
19929,2402,2197,450,469,1984,0.0,0,0.5,0.0,0,0,0,1,0,0,0,0,0,0,0,0,1,1,1
19939,2403,2196,448,469,1985,0.0,0,0.6,0.0,0,0,0,1,0,0,0,0,0,0,0,0,1,1,1
19949,2402,2197,450,470,1985,0.0,0,0.6,0.0,0,0,0,1,0,0,0,0,0,0,0,0,1,1,1
19959,2401,2195,450,468,1984,0.0,0,0.6,0.0,0,0,0,1,0,0,0,0,0,0,0,0,1,1,1
19969,2401,2196,449,469,1985,0.0,0,0.4,0.0,0,0,0,1,0,0,0,0,0,0,0,0,1,1,1
19979,2401,2198,450,468,1984,0.0,0,0.4,0.0,0,0,0,1,0,0,0,0,0,0,0,0,1,1,1
19989,2401,2196,450,468,1984,0.0,0,0.5,0.0,0,0,0,1,0,0,0,0,0,0,0,0,1,1,1
19999,2406,2195,448,468,1985,0.0,0,0.3,0.0,0,0,0,1,0,0,0,0,0,0,0,0,1,1,1
20009,2401,2197,449,469,1986,0.0,0,0.3,0.0,0,0,0,1,0,0,0,0,0,0,0,0,1,1,1
20019,2401,2196,451,468,1985,0.0,0,0.5,0.0,0,0,0,1,0,0,0,0,0,0,0,0,1,1,1
20029,2401,2196,448,472,1985,0.0,0,0.3,0.0,0,0,0,1,0,0,0,0,0,0,0,0,1,1,1
20039,2402,2197,449,470,1986,0.0,0,0.3,0.0,0,0,0,1,0,0,0,0,0,0,0,0,1,1,1
20049,2403,2197,450,470,1985,0.0,0,0.4,0.0,0,0,0,1,0,0,0,0,0,0,0,0,1,1,1
20059,2401,2197,450,470,1985,0.0,0,0.4,0.0,0,0,0,1,0,0,0,0,0,0,0,0,1,1,1
20069,2402,2196,449,470,1985,0.0,0,0.4,0.0,0,0,0,1,0,0,0,0,0,0,0,0,1,1,1
20079,2401,2196,450,468,1984,0.0,0,0.3,0.0,0,0,0,1,0,0,0,0,0,0,0,0,1,1,1
20089,2401,2196,449,468,1984,0.0,0,0.8,0.0,0,0,0,1,0,0,0,0,0,0,0,0,1,1,1
20099,2403,2196,448,469,1985,0.0,0,0.4,0.0,0,0,0,1,0,0,0,0,0,0,0,0,1,1,1
20109,2402,2196,450,467,1985,0.0,0,0.4,0.0,0,0,0,1,0,0,0,0,0,0,0,0,1,1,1
20119,2402,2196,450,468,1984,0.0,0,0.4,0.0,0,0,0,1,0,0,0,0,0,0,0,0,1,1,1
20129,2401,2196,451,468,1985,0.0,0,0.4,0.0,0,0,0,1,0,0,0,0,0,0,0,0,1,1,1
20139,2402,2197,449,469,1988,0.0,0,0.3,0.0,0,0,0,1,0,0,0,0,0,0,0,0,1,1,1
20149,2401,2196,451,469,1985,0.0,0,0.4,0.0,0,0,0,1,0,0,0,0,0,0,0,0,1,1,1
20159,2401,2196,449,469,1984,0.0,0,0.4,0.0,0,0,0,1,0,0,0,0,0,0,0,0,1,1,1
20169,2399,2196,450,469,1984,0.0,0,0.5,0.0,0,0,0,1,0,0,0,0,0,0,0,0,1,1,1
20179,2402,2196,449,469,1985,0.0,0,0.4,0.0,0,0,0,1,0,0,0,0,0,0,0,0,1,1,1
20189,2402,2196,450,470,1984,0.0,0,0.4,0.0,0,0,0,1,0,0,0,0,0,0,0,0,1,1,1
20199,2401,2197,450,468,1985,0.0,0,0.5,0.0,0,0,0,1,0,0,0,0,0,0,0,0,1,1,1
20209,2402,2196,450,470,1985,0.0,0,0.5,0.0,0,0,0,1,0,0,0,0,0,0,0,0,1,1,1
20219,2401,2197,449,470,1984,0.0,0,0.5,0.0,0,0,0,1,0,0,0,0,0,0,0,0,1,1,1
20229,2401,2196,450,469,1985,0.0,0,0.8,0.0,0,0,0,1,0,0,0,0,0,0,0,0,1,1,1
20239,2402,2196,450,467,1985,0.0,0,0.6,0.0,0,0,0,1,0,0,0,0,0,0,0,0,1,1,1
20249,2402,2197,453,469,1985,0.0,0,0.6,0.0,0,0,0,1,0,0,0,0,0,0,0,0,1,1,1
20259,2400,2196,450,468,1985,0.0,0,0.3,0.0,0,0,0,1,0,0,0,0,0,0,0,0,1,1,1
20269,2402,2196,449,468,1985,0.0,0,0.5,0.0,0,0,0,1,0,0,0,0,0,0,0,0,1,1,1
20279,2401,2196,451,469,1986,0.0,0,0.5,0.0,0,0,0,1,0,0,0,0,0,0,0,0,1,1,1
20289,2401,2196,450,468,1985,0.0,0,0.8,0.0,0,0,0,1,0,0,0,0,0,0,0,0,1,1,1
20300,2402,2196,449,469,1984,0.0,0,0.3,0.0,0,0,0,1,0,0,0,0,0,0,0,0,1,1,1
20310,2402,2196,451,470,1984,0.0,0,0.8,0.0,0,0,0,1,0,0,0,0,0,0,0,0,1,1,1
20320,2401,2196,453,470,1984,0.0,0,0.8,0.0,0,0,0,1,0,0,0,0,0,0,0,0,1,1,1
20330,2400,2196,447,469,1985,0.0,0,0.1,0.0,0,0,0,1,0,0,0,0,0,0,0,0,1,1,1
20340,2402,2196,450,469,1984,0.0,0,0.1,0.0,0,0,0,1,0,0,0,0,0,0,0,0,1,1,1
20350,2401,2196,449,469,1985,0.0,0,0.4,0.0,0,0,0,1,0,0,0,0,0,0,0,0,1,1,1
20360,2399,2196,451,469,1984,0.0,0,0.6,0.0,0,0,0,1,0,0,0,0,0,0,0,0,1,1,1
20371,2401,2196,448,469,1986,0.0,0,0.3,0.0,0,0,0,1,0,0,0,0,0,0,0,0,1,1,1
20381,2402,2195,449,469,1983,0.0,0,0.3,0.0,0,0,0,1,0,0,0,0,0,0,0,0,1,1,1
20391,2401,2196,454,472,1988,0.0,0,0.5,0.0,0,0,0,1,0,0,0,0,0,0,0,0,1,1,1
20401,2401,2197,450,469,1985,0.0,0,0.4,0.0,0,0,0,1,0,0,0,0,0,0,0,0,1,1,1
20411,2401,2196,449,468,1985,0.0,0,0.8,0.0,0,0,0,1,0,0,0,0,0,0,0,0,1,1,1
20421,2400,2196,449,467,1985,0.0,0,0.6,0.0,0,0,0,1,0,0,0,0,0,0,0,0,1,1,1
20431,2404,2194,450,467,1985,0.0,0,0.4,0.0,0,0,0,1,0,0,0,0,0,0,0,0,1,1,1
20441,2407,2197,449,469,1982,0.0,0,0.4,0.0,0,0,0,1,0,0,0,0,0,0,0,0,1,1,1
20451,2401,2197,450,469,1986,0.0,0,0.4,0.0,0,0,0,1,0,0,0,0,0,0,0,0,1,1,1
20461,2401,2197,450,470,1985,0.0,0,0.4,0.0,0,0,0,1,0,0,0,0,0,0,0,0,1,1,1
20471,2402,2196,450,468,1984,0.0,0,0.3,0.0,0,0,0,1,0,0,0,0,0,0,0,0,1,1,1
20481,2402,2198,449,471,1985,0.0,0,0.4,0.0,0,0,0,1,0,0,0,0,0,0,0,0,1,1,1
20491,2403,2200,450,469,1985,0.0,0,0.3,0.0,0,0,0,1,0,0,0,0,0,0,0,0,1,1,1
20501,2403,2196,449,469,1982,0.0,0,0.3,0.0,0,0,0,1,0,0,0,0,0,0,0,0,1,1,1
20511,2403,2196,448,470,1985,0.0,0,0.4,0.0,0,0,0,1,0,0,0,0,0,0,0,0,1,1,1
20521,2401,2196,451,468,1984,0.0,0,0.4,0.0,0,0,0,1,0,0,0,0,0,0,0,0,1,1,1
20531,2401,2197,450,469,1988,0.0,0,0.4,0.0,0,0,0,1,0,0,0,0,0,0,0,0,1,1,1
20541,2403,2196,449,468,1986,0.0,0,0.1,0.0,0,0,0,1,0,0,0,0,0,0,0,0,1,1,1
20551,2402,2196,449,469,1985,0.0,0,0.6,0.0,0,0,0,1,0,0,0,0,0,0,0,0,1,1,1
20561,2403,2196,450,469,1984,0.0,0,0.6,0.0,0,0,0,1,0,0,0,0,0,0,0,0,1,1,1
20571,2401,2196,449,469,1985,0.0,0,0.6,0.0,0,0,0,1,0,0,0,0,0,0,0,0,1,1,1
20581,2401,2196,450,470,1985,0.0,0,0.6,0.0,0,0,0,1,0,0,0,0,0,0,0,0,1,1,1
20591,2402,2196,449,469,1984,0.0,0,0.4,0.0,0,0,0,1,0,0,0,0,0,0,0,0,1,1,1
20601,2401,2196,450,470,1984,0.0,0,0.6,0.0,0,0,0,1,0,0,0,0,0,0,0,0,1,1,1
20611,2405,2197,448,469,1985,0.0,0,0.3,0.0,0,0,0,1,0,0,0,0,0,0,0,0,1,1,1
20621,2401,2196,450,469,1985,0.0,0,0.3,0.0,0,0,0,1,0,0,0,0,0,0,0,0,1,1,1
20631,2401,2196,449,468,1985,0.0,0,0.3,0.0,0,0,0,1,0,0,0,0,0,0,0,0,1,1,1
20641,2401,2196,450,470,1984,0.0,0,0.3,0.0,0,0,0,1,0,0,0,0,0,0,0,0,1,1,1
20651,2402,2196,450,468,1984,0.0,0,0.5,0.0,0,0,0,1,0,0,0,0,0,0,0,0,1,1,1
20661,2402,2196,450,469,1985,0.0,0,0.6,0.0,0,0,0,1,0,0,0,0,0,0,0,0,1,1,1
20671,2403,2197,449,469,1984,0.0,0,0.4,0.0,0,0,0,1,0,0,0,0,0,0,0,0,1,1,1
20681,2403,2196,449,468,1986,0.0,0,0.4,0.0,0,0,0,1,0,0,0,0,0,0,0,0,1,1,1
20691,2401,2198,449,468,1984,0.0,0,0.5,0.0,0,0,0,1,0,0,0,0,0,0,0,0,1,1,1
20701,2401,2196,451,469,1984,0.0,0,0.5,0.0,0,0,0,1,0,0,0,0,0,0,0,0,1,1,1
20711,2403,2197,449,469,1985,0.0,0,0.3,0.0,0,0,0,1,0,0,0,0,0,0,0,0,1,1,1
20721,2400,2197,450,469,1985,0.0,0,0.5,0.0,0,0,0,1,0,0,0,0,0,0,0,0,1,1,1
20731,2400,2196,450,470,1985,0.0,0,0.5,0.0,0,0,0,1,0,0,0,0,0,0,0,0,1,1,1
20741,2403,2196,450,468,1984,0.0,0,0.5,0.0,0,0,0,1,0,0,0,0,0,0,0,0,1,1,1
20751,2402,2196,449,468,1985,0.0,0,0.5,0.0,0,0,0,1,0,0,0,0,0,0,0,0,1,1,1
20761,2401,2196,451,468,1986,0.0,0,0.5,0.0,0,0,0,1,0,0,0,0,0,0,0,0,1,1,1
20771,2401,2196,450,468,1985,0.0,0,0.4,0.0,0,0,0,1,0,0,0,0,0,0,0,0,1,1,1
20781,2402,2196,449,468,1985,0.0,0,0.6,0.0,0,0,0,1,0,0,0,0,0,0,0,0,1,1,1
20791,2404,2196,450,469,1985,0.0,0,0.4,0.0,0,0,0,1,0,0,0,0,0,0,0,0,1,1,1
20801,2402,2196,450,470,1986,0.0,0,0.4,0.0,0,0,0,1,0,0,0,0,0,0,0,0,1,1,1
20811,2401,2197,450,467,1986,0.0,0,0.4,0.0,0,0,0,1,0,0,0,0,0,0,0,0,1,1,1
20821,2400,2197,450,469,1985,0.0,0,0.5,0.0,0,0,0,1,0,0,0,0,0,0,0,0,1,1,1
20831,2401,2196,449,469,1985,0.0,0,0.5,0.0,0,0,0,1,0,0,0,0,0,0,0,0,1,1,1
20841,2401,2196,451,468,1986,0.0,0,0.3,0.0,0,0,0,1,0,0,0,0,0,0,0,0,1,1,1
20851,2403,2198,449,470,1986,0.0,0,0.6,0.0,0,0,0,1,0,0,0,0,0,0,0,0,1,1,1
20861,2401,2197,450,468,1984,0.0,0,0.6,0.0,0,0,0,1,0,0,0,0,0,0,0,0,1,1,1
20871,2400,2197,450,469,1985,0.0,0,0.4,0.0,0,0,0,1,0,0,0,0,0,0,0,0,1,1,1
20881,2402,2196,450,470,1986,0.0,0,0.4,0.0,0,0,0,1,0,0,0,0,0,0,0,0,1,1,1
20891,2401,2197,450,470,1985,0.0,0,0.5,0.0,0,0,0,1,0,0,0,0,0,0,0,0,1,1,1
20901,2402,2196,450,469,1985,0.0,0,0.4,0.0,0,0,0,1,0,0,0,0,0,0,0,0,1,1,1
20911,2402,2197,450,470,1985,0.0,0,0.4,0.0,0,0,0,1,0,0,0,0,0,0,0,0,1,1,1
20921,2401,2196,449,469,1983,0.0,0,0.4,0.0,0,0,0,1,0,0,0,0,0,0,0,0,1,1,1
20931,2403,2196,450,468,1984,0.0,0,0.4,0.0,0,0,0,1,0,0,0,0,0,0,0,0,1,1,1
20941,2402,2196,448,470,1985,0.0,0,0.4,0.0,0,0,0,1,0,0,0,0,0,0,0,0,1,1,1
20951,2402,2196,450,469,1985,0.0,0,0.4,0.0,0,0,0,1,0,0,0,0,0,0,0,0,1,1,1
20961,2397,2197,450,469,1983,0.0,0,0.3,0.0,0,0,0,1,0,0,0,0,0,0,0,0,1,1,1
20971,2401,2197,447,468,1984,0.0,0,0.4,0.0,0,0,0,1,0,0,0,0,0,0,0,0,1,1,1
20981,2404,2197,450,469,1981,0.0,0,0.4,0.0,0,0,0,1,0,0,0,0,0,0,0,0,1,1,1
20991,2402,2197,449,468,1985,0.0,0,0.5,0.0,0,0,0,1,0,0,0,0,0,0,0,0,1,1,1
21001,2401,2197,450,469,1985,0.0,0,0.5,0.0,0,0,0,1,0,0,0,0,0,0,0,0,1,1,1
21011,2401,2195,451,470,1986,0.0,0,0.4,0.0,0,0,0,1,0,0,0,0,0,0,0,0,1,1,1
21021,2401,2196,451,468,1986,0.0,0,0.3,0.0,0,0,0,1,0,0,0,0,0,0,0,0,1,1,1
21031,2402,2197,449,471,1986,0.0,0,0.3,0.0,0,0,0,1,0,0,0,0,0,0,0,0,1,1,1
21041,2401,2198,450,468,1985,0.0,0,0.3,0.0,0,0,0,1,0,0,0,0,0,0,0,0,1,1,1
21051,2405,2196,451,471,1985,0.0,0,0.4,0.0,0,0,0,1,0,0,0,0,0,0,0,0,1,1,1
21061,2401,2196,450,469,1985,0.0,0,0.4,0.0,0,0,0,1,0,0,0,0,0,0,0,0,1,1,1
21071,2402,2197,450,469,1984,0.0,0,0.4,0.0,0,0,0,1,0,0,0,0,0,0,0,0,1,1,1
21081,2399,2200,450,468,1985,0.0,0,0.4,0.0,0,0,0,1,0,0,0,0,0,0,0,0,1,1,1
21091,2403,2196,450,468,1986,0.0,0,0.5,0.0,0,0,0,1,0,0,0,0,0,0,0,0,1,1,1
21101,2413,2196,449,469,1985,0.0,0,0.5,0.0,0,0,0,1,0,0,0,0,0,0,0,0,1,1,1
21111,2401,2196,450,469,1985,0.0,0,0.5,0.0,0,0,0,1,0,0,0,0,0,0,0,0,1,1,1
21121,2399,2197,449,468,1985,0.0,0,0.5,0.0,0,0,0,1,0,0,0,0,0,0,0,0,1,1,1
21131,2401,2197,449,470,1986,0.0,0,0.2,0.0,0,0,0,1,0,0,0,0,0,0,0,0,1,1,1
21141,2401,2197,450,470,1985,0.0,0,0.3,0.0,0,0,0,1,0,0,0,0,0,0,0,0,1,1,1
21151,2401,2196,448,467,1984,0.0,0,0.5,0.0,0,0,0,1,0,0,0,0,0,0,0,0,1,1,1
21161,2402,2197,447,468,1985,0.0,0,0.5,0.0,0,0,0,1,0,0,0,0,0,0,0,0,1,1,1
21171,2401,2196,450,469,1984,0.0,0,0.4,0.0,0,0,0,1,0,0,0,0,0,0,0,0,1,1,1
21181,2402,2195,450,470,1984,0.0,0,0.4,0.0,0,0,0,1,0,0,0,0,0,0,0,0,1,1,1
21191,2401,2195,451,470,1984,0.0,0,0.5,0.0,0,0,0,1,0,0,0,0,0,0,0,0,1,1,1
21201,2402,2197,450,468,1987,0.0,0,0.6,0.0,0,0,0,1,0,0,0,0,0,0,0,0,1,1,1
21211,2404,2196,450,469,1985,0.0,0,0.5,0.0,0,0,0,1,0,0,0,0,0,0,0,0,1,1,1
21221,2405,2196,449,469,1985,0.0,0,0.5,0.0,0,0,0,1,0,0,0,0,0,0,0,0,1,1,1
21231,2401,2196,449,471,1984,0.0,0,0.5,0.0,0,0,0,1,0,0,0,0,0,0,0,0,1,1,1
21241,2401,2196,449,470,1985,0.0,0,0.5,0.0,0,0,0,1,0,0,0,0,0,0,0,0,1,1,1
21251,2400,2197,451,469,1982,0.0,0,0.5,0.0,0,0,0,1,0,0,0,0,0,0,0,0,1,1,1
21261,2401,2196,450,467,1985,0.0,0,0.3,0.0,0,0,0,1,0,0,0,0,0,0,0,0,1,1,1
21271,2403,2197,449,467,1985,0.0,0,0.6,0.0,0,0,0,1,0,0,0,0,0,0,0,0,1,1,1
21282,2401,2195,450,469,1984,0.0,0,0.6,0.0,0,0,0,1,0,0,0,0,0,0,0,0,1,1,1
21292,2402,2196,446,469,1985,0.0,0,0.6,0.0,0,0,0,1,0,0,0,0,0,0,0,0,1,1,1
21302,2401,2195,449,469,1983,0.0,0,0.5,0.0,0,0,0,1,0,0,0,0,0,0,0,0,1,1,1
21312,2401,2196,450,470,1983,0.0,0,0.2,0.0,0,0,0,1,0,0,0,0,0,0,0,0,1,1,1
21322,2402,2196,449,468,1984,0.0,0,0.4,0.0,0,0,0,1,0,0,0,0,0,0,0,0,1,1,1
21332,2402,2196,450,468,1987,0.0,0,0.5,0.0,0,0,0,1,0,0,0,0,0,0,0,0,1,1,1
21342,2402,2196,450,467,1984,0.0,0,0.4,0.0,0,0,0,1,0,0,0,0,0,0,0,0,1,1,1
21354,2400,2195,449,468,1985,0.0,0,0.4,0.0,0,0,0,1,0,0,0,0,0,0,0,0,1,1,1
21364,2400,2196,449,469,1982,0.0,0,0.4,0.0,0,0,0,1,0,0,0,0,0,0,0,0,1,1,1
21374,2402,2197,449,470,1983,0.0,0,0.3,0.0,0,0,0,1,0,0,0,0,0,0,0,0,1,1,1
21384,2400,2196,448,468,1985,0.0,0,0.6,0.0,0,0,0,1,0,0,0,0,0,0,0,0,1,1,1
21394,2402,2195,449,469,1985,0.0,0,0.4,0.0,0,0,0,1,0,0,0,0,0,0,0,0,1,1,1
21404,2403,2197,449,469,1985,0.0,0,0.6,0.0,0,0,0,1,0,0,0,0,0,0,0,0,1,1,1
21414,2403,2196,447,470,1985,0.0,0,0.6,0.0,0,0,0,1,0,0,0,0,0,0,0,0,1,1,1
21424,2402,2197,450,468,1983,0.0,0,0.6,0.0,0,0,0,1,0,0,0,0,0,0,0,0,1,1,1
21434,2403,2196,448,468,1985,0.0,0,0.5,0.0,0,0,0,1,0,0,0,0,0,0,0,0,1,1,1
21444,2401,2196,447,469,1986,0.0,0,0.5,0.0,0,0,0,1,0,0,0,0,0,0,0,0,1,1,1
21454,2403,2196,450,467,1985,0.0,0,0.4,0.0,0,0,0,1,0,0,0,0,0,0,0,0,1,1,1
21464,2403,2196,450,469,1984,0.0,0,0.5,0.0,0,0,0,1,0,0,0,0,0,0,0,0,1,1,1
21475,2404,2196,450,468,1985,0.0,0,0.4,0.0,0,0,0,1,0,0,0,0,0,0,0,0,1,1,1
21485,2403,2196,451,469,1984,0.0,0,0.4,0.0,0,0,0,1,0,0,0,0,0,0,0,0,1,1,1
21495,2402,2196,450,470,1984,0.0,0,0.3,0.0,0,0,0,1,0,0,0,0,0,0,0,0,1,1,1
21505,2401,2197,450,469,1984,0.0,0,0.4,0.0,0,0,0,1,0,0,0,0,0,0,0,0,1,1,1
21515,2401,2197,451,468,1985,0.0,0,0.6,0.0,0,0,0,1,0,0,0,0,0,0,0,0,1,1,1
21525,2401,2196,449,468,1984,0.0,0,0.8,0.0,0,0,0,1,0,0,0,0,0,0,0,0,1,1,1
21535,2400,2197,450,469,1984,0.0,0,0.8,0.0,0,0,0,1,0,0,0,0,0,0,0,0,1,1,1
21545,2402,2196,451,466,1984,0.0,0,0.8,0.0,0,0,0,1,0,0,0,0,0,0,0,0,1,1,1
21555,2402,2197,448,470,1984,0.0,0,0.0,0.0,0,0,0,1,0,0,0,0,0,0,0,0,1,1,1
21565,2398,2196,453,469,1984,0.0,0,0.5,0.0,0,0,0,1,0,0,0,0,0,0,0,0,1,1,1
21575,2401,2197,448,468,1985,0.0,0,0.5,0.0,0,0,0,1,0,0,0,0,0,0,0,0,1,1,1
21585,2402,2197,450,470,1986,0.0,0,0.4,0.0,0,0,0,1,0,0,0,0,0,0,0,0,1,1,1
21595,2401,2196,450,468,1984,0.0,0,0.4,0.0,0,0,0,1,0,0,0,0,0,0,0,0,1,1,1
21605,2404,2196,449,469,1985,0.0,0,0.4,0.0,0,0,0,1,0,0,0,0,0,0,0,0,1,1,1
21615,2403,2197,451,469,1984,0.0,0,0.5,0.0,0,0,0,1,0,0,0,0,0,0,0,0,1,1,1
21625,2401,2196,449,468,1984,0.0,0,0.5,0.0,0,0,0,1,0,0,0,0,0,0,0,0,1,1,1
21635,2401,2196,449,469,1985,0.0,0,0.5,0.0,0,0,0,1,0,0,0,0,0,0,0,0,1,1,1
21645,2402,2192,449,468,1985,0.0,0,0.3,0.0,0,0,0,1,0,0,0,0,0,0,0,0,1,1,1
21655,2401,2196,450,469,1985,0.0,0,0.3,0.0,0,0,0,1,0,0,0,0,0,0,0,0,1,1,1
21665,2401,2197,449,469,1984,0.0,0,0.3,0.0,0,0,0,1,0,0,0,0,0,0,0,0,1,1,1
21675,2402,2196,451,468,1984,0.0,0,0.6,0.0,0,0,0,1,0,0,0,0,0,0,0,0,1,1,1
21685,2402,2197,451,469,1984,0.0,0,0.4,0.0,0,0,0,1,0,0,0,0,0,0,0,0,1,1,1
21695,2403,2196,449,471,1983,0.0,0,0.6,0.0,0,0,0,1,0,0,0,0,0,0,0,0,1,1,1
21705,2399,2196,451,469,1984,0.0,0,0.1,0.0,0,0,0,1,0,0,0,0,0,0,0,0,1,1,1
21715,2401,2196,447,468,1985,0.0,0,0.1,0.0,0,0,0,1,0,0,0,0,0,0,0,0,1,1,1
21725,2401,2196,451,469,1984,0.0,0,0.1,0.0,0,0,0,1,0,0,0,0,0,0,0,0,1,1,1
21735,2402,2197,450,468,1984,0.0,0,0.5,0.0,0,0,0,1,0,0,0,0,0,0,0,0,1,1,1
21745,2403,2196,450,470,1985,0.0,0,0.4,0.0,0,0,0,1,0,0,0,0,0,0,0,0,1,1,1
21755,2402,2196,446,468,1984,0.0,0,0.5,0.0,0,0,0,1,0,0,0,0,0,0,0,0,1,1,1
21765,2401,2196,449,469,1982,0.0,0,0.3,0.0,0,0,0,1,0,0,0,0,0,0,0,0,1,1,1
21775,2402,2196,450,468,1984,0.0,0,0.3,0.0,0,0,0,1,0,0,0,0,0,0,0,0,1,1,1
21785,2401,2197,450,469,1984,0.0,0,0.3,0.0,0,0,0,1,0,0,0,0,0,0,0,0,1,1,1
21795,2402,2197,449,469,1984,0.0,0,0.1,0.0,0,0,0,1,0,0,0,0,0,0,0,0,1,1,1
21805,2401,2196,449,469,1984,0.0,0,0.3,0.0,0,0,0,1,0,0,0,0,0,0,0,0,1,1,1
21815,2401,2196,450,467,1984,0.0,0,0.3,0.0,0,0,0,1,0,0,0,0,0,0,0,0,1,1,1
21825,2402,2197,450,468,1985,0.0,0,0.5,0.0,0,0,0,1,0,0,0,0,0,0,0,0,1,1,1
21835,2402,2196,450,467,1985,0.0,0,0.5,0.0,0,0,0,1,0,0,0,0,0,0,0,0,1,1,1
21845,2400,2196,451,470,1984,0.0,0,0.5,0.0,0,0,0,1,0,0,0,0,0,0,0,0,1,1,1
21855,2402,2196,449,469,1985,0.0,0,0.3,0.0,0,0,0,1,0,0,0,0,0,0,0,0,1,1,1
21865,2401,2196,450,468,1984,0.0,0,0.5,0.0,0,0,0,1,0,0,0,0,0,0,0,0,1,1,1
21875,2402,2197,450,468,1984,0.0,0,0.4,0.0,0,0,0,1,0,0,0,0,0,0,0,0,1,1,1
21885,2402,2197,450,468,1986,0.0,0,0.4,0.0,0,0,0,1,0,0,0,0,0,0,0,0,1,1,1
21895,2402,2196,450,469,1984,0.0,0,0.4,0.0,0,0,0,1,0,0,0,0,0,0,0,0,1,1,1
21905,2402,2196,449,469,1987,0.0,0,0.4,0.0,0,0,0,1,0,0,0,0,0,0,0,0,1,1,1
21915,2403,2197,448,470,1985,0.0,0,0.4,0.0,0,0,0,1,0,0,0,0,0,0,0,0,1,1,1
21925,2401,2196,449,468,1984,0.0,0,0.4,0.0,0,0,0,1,0,0,0,0,0,0,0,0,1,1,1
21936,2403,2196,448,468,1985,0.0,0,0.6,0.0,0,0,0,1,0,0,0,0,0,0,0,0,1,1,1
21946,2401,2197,450,469,1985,0.0,0,0.6,0.0,0,0,0,1,0,0,0,0,0,0,0,0,1,1,1
21956,2402,2197,448,469,1985,0.0,0,0.6,0.0,0,0,0,1,0,0,0,0,0,0,0,0,1,1,1
21967,2403,2196,449,468,1984,0.0,0,0.5,0.0,0,0,0,1,0,0,0,0,0,0,0,0,1,1,1
21977,2403,2196,449,467,1985,0.0,0,0.5,0.0,0,0,0,1,0,0,0,0,0,0,0,0,1,1,1
21987,2401,2196,452,469,1984,0.0,0,0.5,0.0,0,0,0,1,0,0,0,0,0,0,0,0,1,1,1
21997,2403,2196,452,469,1984,0.0,0,0.5,0.0,0,0,0,1,0,0,0,0,0,0,0,0,1,1,1
22007,2402,2196,449,469,1984,0.0,0,0.5,0.0,0,0,0,1,0,0,0,0,0,0,0,0,1,1,1
22017,2402,2196,448,469,1985,0.0,0,0.5,0.0,0,0,0,1,0,0,0,0,0,0,0,0,1,1,1
22027,2400,2196,451,468,1985,0.0,0,0.4,0.0,0,0,0,1,0,0,0,0,0,0,0,0,1,1,1
22037,2402,2194,449,469,1986,0.0,0,0.4,0.0,0,0,0,1,0,0,0,0,0,0,0,0,1,1,1
22047,2404,2196,452,469,1985,0.0,0,0.8,0.0,0,0,0,1,0,0,0,0,0,0,0,0,1,1,1
22057,2402,2197,450,469,1985,0.0,0,0.5,0.0,0,0,0,1,0,0,0,0,0,0,0,0,1,1,1
22067,2401,2197,449,469,1984,0.0,0,0.5,0.0,0,0,0,1,0,0,0,0,0,0,0,0,1,1,1
22077,2402,2196,451,469,1985,0.0,0,0.5,0.0,0,0,0,1,0,0,0,0,0,0,0,0,1,1,1
22087,2403,2197,450,469,1985,0.0,0,0.4,0.0,0,0,0,1,0,0,0,0,0,0,0,0,1,1,1
22097,2402,2196,449,468,1984,0.0,0,0.4,0.0,0,0,0,1,0,0,0,0,0,0,0,0,1,1,1
22107,2402,2196,450,468,1984,0.0,0,0.4,0.0,0,0,0,1,0,0,0,0,0,0,0,0,1,1,1
22117,2401,2199,449,469,1985,0.0,0,0.5,0.0,0,0,0,1,0,0,0,0,0,0,0,0,1,1,1
22127,2401,2196,450,468,1985,0.0,0,0.4,0.0,0,0,0,1,0,0,0,0,0,0,0,0,1,1,1
22137,2407,2197,450,468,1984,0.0,0,0.4,0.0,0,0,0,1,0,0,0,0,0,0,0,0,1,1,1
22147,2401,2196,450,469,1984,0.0,0,0.6,0.0,0,0,0,1,0,0,0,0,0,0,0,0,1,1,1
22157,2401,2196,450,469,1985,0.0,0,0.6,0.0,0,0,0,1,0,0,0,0,0,0,0,0,1,1,1
22167,2401,2196,449,468,1984,0.0,0,0.2,0.0,0,0,0,1,0,0,0,0,0,0,0,0,1,1,1
22177,2401,2196,450,469,1985,0.0,0,0.4,0.0,0,0,0,1,0,0,0,0,0,0,0,0,1,1,1
22187,2401,2197,450,469,1985,0.0,0,0.3,0.0,0,0,0,1,0,0,0,0,0,0,0,0,1,1,1
22197,2402,2196,450,468,1984,0.0,0,0.3,0.0,0,0,0,1,0,0,0,0,0,0,0,0,1,1,1
22207,2402,2197,448,468,1984,0.0,0,0.5,0.0,0,0,0,1,0,0,0,0,0,0,0,0,1,1,1
22217,2401,2197,450,467,1986,0.0,0,0.5,0.0,0,0,0,1,0,0,0,0,0,0,0,0,1,1,1
22227,2401,2197,450,469,1986,0.0,0,0.5,0.0,0,0,0,1,0,0,0,0,0,0,0,0,1,1,1
22237,2400,2196,450,469,1984,0.0,0,0.4,0.0,0,0,0,1,0,0,0,0,0,0,0,0,1,1,1
22247,2402,2197,449,469,1984,0.0,0,0.5,0.0,0,0,0,1,0,0,0,0,0,0,0,0,1,1,1
22257,2401,2196,451,468,1986,0.0,0,0.5,0.0,0,0,0,1,0,0,0,0,0,0,0,0,1,1,1
22267,2401,2197,449,469,1985,0.0,0,0.4,0.0,0,0,0,1,0,0,0,0,0,0,0,0,1,1,1
22277,2398,2196,450,467,1984,0.0,0,0.4,0.0,0,0,0,1,0,0,0,0,0,0,0,0,1,1,1
22287,2401,2196,450,467,1982,0.0,0,0.6,0.0,0,0,0,1,0,0,0,0,0,0,0,0,1,1,1
22297,2401,2196,446,470,1987,0.0,0,0.5,0.0,0,0,0,1,0,0,0,0,0,0,0,0,1,1,1
22307,2401,2196,450,470,1984,0.0,0,0.5,0.0,0,0,0,1,0,0,0,0,0,0,0,0,1,1,1
22317,2396,2196,450,469,1985,0.0,0,0.5,0.0,0,0,0,1,0,0,0,0,0,0,0,0,1,1,1
22327,2402,2195,451,467,1984,0.0,0,0.4,0.0,0,0,0,1,0,0,0,0,0,0,0,0,1,1,1
22337,2402,2196,450,469,1984,0.0,0,0.4,0.0,0,0,0,1,0,0,0,0,0,0,0,0,1,1,1
22347,2401,2196,451,468,1985,0.0,0,0.6,0.0,0,0,0,1,0,0,0,0,0,0,0,0,1,1,1
22357,2402,2195,449,468,1984,0.0,0,0.4,0.0,0,0,0,1,0,0,0,0,0,0,0,0,1,1,1
22367,2401,2195,453,467,1984,0.0,0,0.5,0.0,0,0,0,1,0,0,0,0,0,0,0,0,1,1,1
22377,2401,2196,451,468,1985,0.0,0,0.5,0.0,0,0,0,1,0,0,0,0,0,0,0,0,1,1,1
22387,2406,2195,448,468,1984,0.0,0,0.4,0.0,0,0,0,1,0,0,0,0,0,0,0,0,1,1,1
22397,2402,2196,450,468,1985,0.0,0,0.4,0.0,0,0,0,1,0,0,0,0,0,0,0,0,1,1,1
22407,2401,2197,449,468,1984,0.0,0,0.3,0.0,0,0,0,1,0,0,0,0,0,0,0,0,1,1,1
22417,2380,2197,449,469,1985,0.0,0,0.3,0.0,0,0,0,1,0,0,0,0,0,0,0,0,1,1,1
22427,2401,2196,450,469,1985,0.0,0,0.4,0.0,0,0,0,1,0,0,0,0,0,0,0,0,1,1,1
22437,2406,2197,450,469,1984,0.0,0,0.4,0.0,0,0,0,1,0,0,0,0,0,0,0,0,1,1,1
22447,2403,2196,450,469,1985,0.0,0,0.6,0.0,0,0,0,1,0,0,0,0,0,0,0,0,1,1,1
22457,2402,2196,450,469,1993,0.0,0,0.6,0.0,0,0,0,1,0,0,0,0,0,0,0,0,1,1,1
22467,2401,2196,449,468,1984,0.0,0,0.6,0.0,0,0,0,1,0,0,0,0,0,0,0,0,1,1,1
22477,2401,2196,449,469,1984,0.0,0,0.8,0.0,0,0,0,1,0,0,0,0,0,0,0,0,1,1,1
22487,2401,2196,450,470,1985,0.0,0,0.5,0.0,0,0,0,1,0,0,0,0,0,0,0,0,1,1,1
22497,2403,2197,451,469,1980,0.0,0,0.5,0.0,0,0,0,1,0,0,0,0,0,0,0,0,1,1,1
22507,2402,2196,449,470,1985,0.0,0,0.8,0.0,0,0,0,1,0,0,0,0,0,0,0,0,1,1,1
22517,2402,2196,450,469,1985,0.0,0,0.8,0.0,0,0,0,1,0,0,0,0,0,0,0,0,1,1,1
22527,2404,2195,451,469,1984,0.0,0,0.4,0.0,0,0,0,1,0,0,0,0,0,0,0,0,1,1,1
22537,2401,2196,451,468,1985,0.0,0,0.2,0.0,0,0,0,1,0,0,0,0,0,0,0,0,1,1,1
22547,2402,2196,451,469,1985,0.0,0,0.5,0.0,0,0,0,1,0,0,0,0,0,0,0,0,1,1,1
22557,2402,2197,451,466,1985,0.0,0,0.5,0.0,0,0,0,1,0,0,0,0,0,0,0,0,1,1,1
22567,2400,2196,450,468,1983,0.0,0,0.4,0.0,0,0,0,1,0,0,0,0,0,0,0,0,1,1,1
22577,2402,2196,449,468,1984,0.0,0,0.4,0.0,0,0,0,1,0,0,0,0,0,0,0,0,1,1,1
22587,2403,2196,450,470,1985,0.0,0,0.4,0.0,0,0,0,1,0,0,0,0,0,0,0,0,1,1,1
22597,2402,2196,451,469,1985,0.0,0,0.6,0.0,0,0,0,1,0,0,0,0,0,0,0,0,1,1,1
22607,2402,2200,449,468,1985,0.0,0,0.6,0.0,0,0,0,1,0,0,0,0,0,0,0,0,1,1,1
22617,2401,2197,450,469,1985,0.0,0,0.6,0.0,0,0,0,1,0,0,0,0,0,0,0,0,1,1,1
22627,2401,2197,449,468,1985,0.0,0,0.3,0.0,0,0,0,1,0,0,0,0,0,0,0,0,1,1,1
22637,2402,2196,449,469,1985,0.0,0,0.3,0.0,0,0,0,1,0,0,0,0,0,0,0,0,1,1,1
22647,2401,2196,449,469,1984,0.0,0,0.4,0.0,0,0,0,1,0,0,0,0,0,0,0,0,1,1,1
22657,2401,2196,450,468,1984,0.0,0,0.2,0.0,0,0,0,1,0,0,0,0,0,0,0,0,1,1,1
22667,2402,2196,450,469,1984,0.0,0,0.6,0.0,0,0,0,1,0,0,0,0,0,0,0,0,1,1,1
22677,2401,2196,450,468,1984,0.0,0,0.5,0.0,0,0,0,1,0,0,0,0,0,0,0,0,1,1,1
22687,2403,2195,449,468,1984,0.0,0,0.6,0.0,0,0,0,1,0,0,0,0,0,0,0,0,1,1,1
22697,2401,2196,451,468,1986,0.0,0,0.6,0.0,0,0,0,1,0,0,0,0,0,0,0,0,1,1,1
22707,2401,2197,450,470,1985,0.0,0,0.5,0.0,0,0,0,1,0,0,0,0,0,0,0,0,1,1,1
22717,2401,2196,449,468,1986,0.0,0,0.5,0.0,0,0,0,1,0,0,0,0,0,0,0,0,1,1,1
22727,2401,2195,449,468,1984,0.0,0,0.4,0.0,0,0,0,1,0,0,0,0,0,0,0,0,1,1,1
22737,2398,2199,451,466,1985,0.0,0,0.4,0.0,0,0,0,1,0,0,0,0,0,0,0,0,1,1,1
22747,2402,2196,449,469,1986,0.0,0,0.6,0.0,0,0,0,1,0,0,0,0,0,0,0,0,1,1,1
22757,2402,2198,450,468,1985,0.0,0,0.6,0.0,0,0,0,1,0,0,0,0,0,0,0,0,1,1,1
22767,2402,2200,450,469,1985,0.0,0,0.4,0.0,0,0,0,1,0,0,0,0,0,0,0,0,1,1,1
22777,2402,2196,450,466,1984,0.0,0,0.4,0.0,0,0,0,1,0,0,0,0,0,0,0,0,1,1,1
22787,2401,2196,449,468,1985,0.0,0,0.3,0.0,0,0,0,1,0,0,0,0,0,0,0,0,1,1,1
22797,2401,2196,451,469,1986,0.0,0,0.3,0.0,0,0,0,1,0,0,0,0,0,0,0,0,1,1,1
22807,2403,2196,450,470,1986,0.0,0,0.5,0.0,0,0,0,1,0,0,0,0,0,0,0,0,1,1,1
22817,2402,2197,451,469,1985,0.0,0,0.5,0.0,0,0,0,1,0,0,0,0,0,0,0,0,1,1,1
22827,2402,2196,450,468,1985,0.0,0,0.5,0.0,0,0,0,1,0,0,0,0,0,0,0,0,1,1,1
22837,2402,2196,450,469,1986,0.0,0,0.6,0.0,0,0,0,1,0,0,0,0,0,0,0,0,1,1,1
22848,2398,2197,450,469,1986,0.0,0,0.5,0.0,0,0,0,1,0,0,0,0,0,0,0,0,1,1,1
22858,2401,2196,450,469,1986,0.0,0,0.5,0.0,0,0,0,1,0,0,0,0,0,0,0,0,1,1,1
22868,2402,2197,449,469,1985,0.0,0,0.4,0.0,0,0,0,1,0,0,0,0,0,0,0,0,1,1,1
22878,2402,2196,449,469,1985,0.0,0,0.5,0.0,0,0,0,1,0,0,0,0,0,0,0,0,1,1,1
22888,2402,2196,450,469,1984,0.0,0,0.5,0.0,0,0,0,1,0,0,0,0,0,0,0,0,1,1,1
22898,2401,2196,448,468,1983,0.0,0,0.3,0.0,0,0,0,1,0,0,0,0,0,0,0,0,1,1,1
22908,2401,2196,453,469,1985,0.0,0,0.3,0.0,0,0,0,1,0,0,0,0,0,0,0,0,1,1,1
22918,2402,2193,453,467,1985,0.0,0,0.3,0.0,0,0,0,1,0,0,0,0,0,0,0,0,1,1,1
22928,2402,2196,450,468,1985,0.0,0,0.3,0.0,0,0,0,1,0,0,0,0,0,0,0,0,1,1,1
22938,2402,2197,449,467,1984,0.0,0,0.3,0.0,0,0,0,1,0,0,0,0,0,0,0,0,1,1,1
22948,2401,2196,449,467,1985,0.0,0,0.4,0.0,0,0,0,1,0,0,0,0,0,0,0,0,1,1,1
22958,2402,2196,450,470,1986,0.0,0,0.3,0.0,0,0,0,1,0,0,0,0,0,0,0,0,1,1,1
22968,2402,2196,450,469,1985,0.0,0,0.6,0.0,0,0,0,1,0,0,0,0,0,0,0,0,1,1,1
22978,2402,2197,451,470,1985,0.0,0,0.6,0.0,0,0,0,1,0,0,0,0,0,0,0,0,1,1,1
22988,2402,2197,449,468,1984,0.0,0,0.3,0.0,0,0,0,1,0,0,0,0,0,0,0,0,1,1,1
22998,2403,2196,449,470,1986,0.0,0,0.3,0.0,0,0,0,1,0,0,0,0,0,0,0,0,1,1,1
23008,2401,2197,450,469,1986,0.0,0,0.6,0.0,0,0,0,1,0,0,0,0,0,0,0,0,1,1,1
23018,2402,2197,450,469,1984,0.0,0,0.4,0.0,0,0,0,1,0,0,0,0,0,0,0,0,1,1,1
23028,2402,2196,450,469,1986,0.0,0,0.4,0.0,0,0,0,1,0,0,0,0,0,0,0,0,1,1,1
23038,2401,2197,449,470,1986,0.0,0,0.4,0.0,0,0,0,1,0,0,0,0,0,0,0,0,1,1,1
23048,2403,2196,449,470,1985,0.0,0,0.4,0.0,0,0,0,1,0,0,0,0,0,0,0,0,1,1,1
23059,2403,2197,449,468,1985,0.0,0,0.6,0.0,0,0,0,1,0,0,0,0,0,0,0,0,1,1,1
23069,2401,2197,450,470,1986,0.0,0,0.6,0.0,0,0,0,1,0,0,0,0,0,0,0,0,1,1,1
23079,2402,2196,452,469,1985,0.0,0,0.4,0.0,0,0,0,1,0,0,0,0,0,0,0,0,1,1,1
23089,2401,2196,449,470,1985,0.0,0,0.4,0.0,0,0,0,1,0,0,0,0,0,0,0,0,1,1,1
23099,2402,2196,449,469,1985,0.0,0,0.4,0.0,0,0,0,1,0,0,0,0,0,0,0,0,1,1,1
23109,2402,2197,451,469,1985,0.0,0,0.4,0.0,0,0,0,1,0,0,0,0,0,0,0,0,1,1,1
23119,2402,2197,449,468,1985,0.0,0,0.5,0.0,0,0,0,1,0,0,0,0,0,0,0,0,1,1,1
23129,2402,2196,449,470,1985,0.0,0,0.5,0.0,0,0,0,1,0,0,0,0,0,0,0,0,1,1,1
23139,2402,2197,450,470,1984,0.0,0,0.5,0.0,0,0,0,1,0,0,0,0,0,0,0,0,1,1,1
23149,2401,2197,452,472,1984,0.0,0,0.5,0.0,0,0,0,1,0,0,0,0,0,0,0,0,1,1,1
23159,2404,2196,450,470,1984,0.0,0,0.5,0.0,0,0,0,1,0,0,0,0,0,0,0,0,1,1,1
23169,2401,2197,451,469,1986,0.0,0,0.4,0.0,0,0,0,1,0,0,0,0,0,0,0,0,1,1,1
23179,2402,2197,449,470,1985,0.0,0,0.4,0.0,0,0,0,1,0,0,0,0,0,0,0,0,1,1,1
23189,2402,2196,452,469,1984,0.0,0,0.4,0.0,0,0,0,1,0,0,0,0,0,0,0,0,1,1,1
23199,2401,2199,450,468,1985,0.0,0,0.3,0.0,0,0,0,1,0,0,0,0,0,0,0,0,1,1,1
23209,2401,2197,450,467,1983,0.0,0,0.4,0.0,0,0,0,1,0,0,0,0,0,0,0,0,1,1,1
23219,2401,2196,451,469,1984,0.0,0,0.4,0.0,0,0,0,1,0,0,0,0,0,0,0,0,1,1,1
23229,2402,2196,450,470,1985,0.0,0,0.4,0.0,0,0,0,1,0,0,0,0,0,0,0,0,1,1,1
23239,2402,2196,451,469,1984,0.0,0,0.6,0.0,0,0,0,1,0,0,0,0,0,0,0,0,1,1,1
23249,2401,2196,450,470,1984,0.0,0,0.6,0.0,0,0,0,1,0,0,0,0,0,0,0,0,1,1,1
23259,2402,2197,450,469,1985,0.0,0,0.6,0.0,0,0,0,1,0,0,0,0,0,0,0,0,1,1,1
23269,2401,2196,451,469,1984,0.0,0,0.6,0.0,0,0,0,1,0,0,0,0,0,0,0,0,1,1,1
23279,2402,2196,450,471,1986,0.0,0,0.6,0.0,0,0,0,1,0,0,0,0,0,0,0,0,1,1,1
23289,2401,2196,450,470,1985,0.0,0,0.4,0.0,0,0,0,1,0,0,0,0,0,0,0,0,1,1,1
23299,2401,2197,450,469,1984,0.0,0,0.4,0.0,0,0,0,1,0,0,0,0,0,0,0,0,1,1,1
23309,2400,2196,450,469,1984,0.0,0,0.4,0.0,0,0,0,1,0,0,0,0,0,0,0,0,1,1,1
23319,2404,2196,451,470,1984,0.0,0,0.9,0.0,0,0,0,1,0,0,0,0,0,0,0,0,1,1,1
23329,2402,2196,450,468,1984,0.0,0,0.5,0.0,0,0,0,1,0,0,0,0,0,0,0,0,1,1,1
23339,2401,2196,450,470,1985,0.0,0,0.5,0.0,0,0,0,1,0,0,0,0,0,0,0,0,1,1,1
23349,2401,2196,449,468,1985,0.0,0,0.3,0.0,0,0,0,1,0,0,0,0,0,0,0,0,1,1,1
23359,2401,2196,449,468,1985,0.0,0,0.6,0.0,0,0,0,1,0,0,0,0,0,0,0,0,1,1,1
23369,2402,2194,451,468,1984,0.0,0,0.6,0.0,0,0,0,1,0,0,0,0,0,0,0,0,1,1,1
23379,2401,2196,449,469,1985,0.0,0,1.1,0.0,0,0,0,1,0,0,0,0,0,0,0,0,1,1,1
23389,2401,2196,450,468,1984,0.0,0,0.4,0.0,0,0,0,1,0,0,0,0,0,0,0,0,1,1,1
23399,2399,2196,448,469,1985,0.0,0,0.4,0.0,0,0,0,1,0,0,0,0,0,0,0,0,1,1,1
23409,2401,2196,450,469,1985,0.0,0,0.6,0.0,0,0,0,1,0,0,0,0,0,0,0,0,1,1,1
23419,2403,2196,449,469,1984,0.0,0,0.4,0.0,0,0,0,1,0,0,0,0,0,0,0,0,1,1,1
23429,2403,2196,448,468,1985,0.0,0,0.4,0.0,0,0,0,1,0,0,0,0,0,0,0,0,1,1,1
23439,2402,2197,449,469,1986,0.0,0,0.5,0.0,0,0,0,1,0,0,0,0,0,0,0,0,1,1,1
23449,2402,2196,450,467,1984,0.0,0,0.5,0.0,0,0,0,1,0,0,0,0,0,0,0,0,1,1,1
23460,2404,2196,450,469,1985,0.0,0,0.5,0.0,0,0,0,1,0,0,0,0,0,0,0,0,1,1,1
23470,2401,2196,450,468,1985,0.0,0,0.4,0.0,0,0,0,1,0,0,0,0,0,0,0,0,1,1,1
23480,2401,2196,447,468,1987,0.0,0,0.4,0.0,0,0,0,1,0,0,0,0,0,0,0,0,1,1,1
23490,2403,2196,449,467,1985,0.0,0,0.4,0.0,0,0,0,1,0,0,0,0,0,0,0,0,1,1,1
23500,2389,2197,449,469,1985,0.0,0,0.3,0.0,0,0,0,1,0,0,0,0,0,0,0,0,1,1,1
23510,2404,2197,450,469,1985,0.0,0,0.5,0.0,0,0,0,1,0,0,0,0,0,0,0,0,1,1,1
23520,2403,2197,448,469,1985,0.0,0,0.5,0.0,0,0,0,1,0,0,0,0,0,0,0,0,1,1,1
23530,2399,2197,452,470,1983,0.0,0,0.5,0.0,0,0,0,1,0,0,0,0,0,0,0,0,1,1,1
23540,2401,2196,449,469,1985,0.0,0,0.3,0.0,0,0,0,1,0,0,0,0,0,0,0,0,1,1,1
23551,2403,2195,450,468,1984,0.0,0,0.4,0.0,0,0,0,1,0,0,0,0,0,0,0,0,1,1,1
23561,2402,2196,449,469,1984,0.0,0,0.4,0.0,0,0,0,1,0,0,0,0,0,0,0,0,1,1,1
23571,2402,2196,450,468,1985,0.0,0,0.5,0.0,0,0,0,1,0,0,0,0,0,0,0,0,1,1,1
23581,2402,2196,451,468,1986,0.0,0,0.5,0.0,0,0,0,1,0,0,0,0,0,0,0,0,1,1,1
23591,2402,2196,450,468,1985,0.0,0,0.8,0.0,0,0,0,1,0,0,0,0,0,0,0,0,1,1,1
23601,2401,2197,449,470,1985,0.0,0,0.5,0.0,0,0,0,1,0,0,0,0,0,0,0,0,1,1,1
23611,2400,2196,452,469,1984,0.0,0,0.5,0.0,0,0,0,1,0,0,0,0,0,0,0,0,1,1,1
23621,2402,2196,450,470,1986,0.0,0,0.5,0.0,0,0,0,1,0,0,0,0,0,0,0,0,1,1,1
23631,2401,2196,449,469,1984,0.0,0,0.5,0.0,0,0,0,1,0,0,0,0,0,0,0,0,1,1,1
23641,2400,2198,450,468,1985,0.0,0,0.5,0.0,0,0,0,1,0,0,0,0,0,0,0,0,1,1,1
23651,2402,2196,451,468,1986,0.0,0,0.1,0.0,0,0,0,1,0,0,0,0,0,0,0,0,1,1,1
23661,2403,2196,449,469,1985,0.0,0,0.2,0.0,0,0,0,1,0,0,0,0,0,0,0,0,1,1,1
23671,2401,2197,449,470,1984,0.0,0,0.5,0.0,0,0,0,1,0,0,0,0,0,0,0,0,1,1,1
23681,2401,2195,450,469,1985,0.0,0,0.5,0.0,0,0,0,1,0,0,0,0,0,0,0,0,1,1,1
23691,2401,2197,450,469,1984,0.0,0,0.5,0.0,0,0,0,1,0,0,0,0,0,0,0,0,1,1,1
23701,2402,2196,450,470,1986,0.0,0,0.5,0.0,0,0,0,1,0,0,0,0,0,0,0,0,1,1,1
23711,2402,2198,451,469,1985,0.0,0,0.2,0.0,0,0,0,1,0,0,0,0,0,0,0,0,1,1,1
23721,2400,2196,452,467,1986,0.0,0,0.6,0.0,0,0,0,1,0,0,0,0,0,0,0,0,1,1,1
23731,2402,2197,451,468,1986,0.0,0,0.3,0.0,0,0,0,1,0,0,0,0,0,0,0,0,1,1,1
23741,2403,2196,450,469,1985,0.0,0,0.3,0.0,0,0,0,1,0,0,0,0,0,0,0,0,1,1,1
23751,2399,2197,449,469,1983,0.0,0,0.4,0.0,0,0,0,1,0,0,0,0,0,0,0,0,1,1,1
23761,2401,2196,450,468,1986,0.0,0,0.4,0.0,0,0,0,1,0,0,0,0,0,0,0,0,1,1,1
23771,2401,2196,450,469,1986,0.0,0,0.4,0.0,0,0,0,1,0,0,0,0,0,0,0,0,1,1,1
23781,2403,2196,450,467,1985,0.0,0,0.6,0.0,0,0,0,1,0,0,0,0,0,0,0,0,1,1,1
23791,2403,2195,450,469,1985,0.0,0,0.3,0.0,0,0,0,1,0,0,0,0,0,0,0,0,1,1,1
23801,2402,2196,450,455,1985,0.0,0,0.3,0.0,0,0,0,1,0,0,0,0,0,0,0,0,1,1,1
23811,2401,2196,451,471,1985,0.0,0,0.2,0.0,0,0,0,1,0,0,0,0,0,0,0,0,1,1,1
23821,2402,2198,450,469,1985,0.0,0,0.6,0.0,0,0,0,1,0,0,0,0,0,0,0,0,1,1,1
23831,2401,2196,451,469,1985,0.0,0,0.4,0.0,0,0,0,1,0,0,0,0,0,0,0,0,1,1,1
23841,2402,2196,450,474,1986,0.0,0,0.3,0.0,0,0,0,1,0,0,0,0,0,0,0,0,1,1,1
23851,2402,2196,449,469,1986,0.0,0,0.3,0.0,0,0,0,1,0,0,0,0,0,0,0,0,1,1,1
23861,2401,2196,449,468,1985,0.0,0,0.3,0.0,0,0,0,1,0,0,0,0,0,0,0,0,1,1,1
23871,2402,2197,449,469,1982,0.0,0,0.6,0.0,0,0,0,1,0,0,0,0,0,0,0,0,1,1,1
23881,2400,2196,449,469,1985,0.0,0,0.6,0.0,0,0,0,1,0,0,0,0,0,0,0,0,1,1,1
23891,2401,2196,448,469,1984,0.0,0,0.9,0.0,0,0,0,1,0,0,0,0,0,0,0,0,1,1,1
23901,2401,2200,453,468,1984,0.0,0,0.5,0.0,0,0,0,1,0,0,0,0,0,0,0,0,1,1,1
23911,2403,2197,448,469,1985,0.0,0,0.4,0.0,0,0,0,1,0,0,0,0,0,0,0,0,1,1,1
23921,2403,2196,451,471,1985,0.0,0,0.4,0.0,0,0,0,1,0,0,0,0,0,0,0,0,1,1,1
23931,2401,2197,450,469,1985,0.0,0,0.6,0.0,0,0,0,1,0,0,0,0,0,0,0,0,1,1,1
23941,2401,2197,449,469,1985,0.0,0,0.6,0.0,0,0,0,1,0,0,0,0,0,0,0,0,1,1,1
23951,2401,2197,450,467,1985,0.0,0,0.3,0.0,0,0,0,1,0,0,0,0,0,0,0,0,1,1,1
23961,2401,2196,450,469,1985,0.0,0,0.6,0.0,0,0,0,1,0,0,0,0,0,0,0,0,1,1,1
23971,2402,2196,450,466,1985,0.0,0,0.6,0.0,0,0,0,1,0,0,0,0,0,0,0,0,1,1,1
23981,2403,2196,450,469,1985,0.0,0,0.6,0.0,0,0,0,1,0,0,0,0,0,0,0,0,1,1,1
23991,2402,2197,451,471,1984,0.0,0,0.5,0.0,0,0,0,1,0,0,0,0,0,0,0,0,1,1,1
24001,2403,2196,449,470,1986,0.0,0,0.5,0.0,0,0,0,1,0,0,0,0,0,0,0,0,1,1,1
24011,2402,2196,449,469,1986,0.0,0,0.5,0.0,0,0,0,1,0,0,0,0,0,0,0,0,1,1,1
24021,2402,2196,451,469,1984,0.0,0,0.4,0.0,0,0,0,1,0,0,0,0,0,0,0,0,1,1,1
24031,2403,2197,450,468,1984,0.0,0,0.5,0.0,0,0,0,1,0,0,0,0,0,0,0,0,1,1,1
24041,2403,2196,450,468,1985,0.0,0,0.5,0.0,0,0,0,1,0,0,0,0,0,0,0,0,1,1,1
24051,2403,2196,451,467,1986,0.0,0,0.5,0.0,0,0,0,1,0,0,0,0,0,0,0,0,1,1,1
24061,2401,2197,450,469,1985,0.0,0,0.5,0.0,0,0,0,1,0,0,0,0,0,0,0,0,1,1,1
24072,2402,2196,449,469,1986,0.0,0,0.4,0.0,0,0,0,1,0,0,0,0,0,0,0,0,1,1,1
24082,2402,2197,449,469,1984,0.0,0,0.5,0.0,0,0,0,1,0,0,0,0,0,0,0,0,1,1,1
24093,2401,2197,449,469,1985,0.0,0,0.6,0.0,0,0,0,1,0,0,0,0,0,0,0,0,1,1,1
24103,2403,2196,450,470,1984,0.0,0,0.4,0.0,0,0,0,1,0,0,0,0,0,0,0,0,1,1,1
24115,2402,2196,449,468,1984,0.0,0,0.4,0.0,0,0,0,1,0,0,0,0,0,0,0,0,1,1,1
24125,2402,2197,449,469,1984,0.0,0,0.4,0.0,0,0,0,1,0,0,0,0,0,0,0,0,1,1,1
24135,2401,2196,450,469,1985,0.0,0,0.3,0.0,0,0,0,1,0,0,0,0,0,0,0,0,1,1,1
24145,2401,2196,449,469,1985,0.0,0,0.3,0.0,0,0,0,1,0,0,0,0,0,0,0,0,1,1,1
24155,2402,2196,450,469,1985,0.0,0,0.5,0.0,0,0,0,1,0,0,0,0,0,0,0,0,1,1,1
24165,2401,2196,451,469,1985,0.0,0,0.5,0.0,0,0,0,1,0,0,0,0,0,0,0,0,1,1,1
24175,2405,2196,449,468,1985,0.0,0,0.6,0.0,0,0,0,1,0,0,0,0,0,0,0,0,1,1,1
24185,2403,2196,450,468,1983,0.0,0,0.6,0.0,0,0,0,1,0,0,0,0,0,0,0,0,1,1,1
24195,2402,2196,447,468,1984,0.0,0,0.4,0.0,0,0,0,1,0,0,0,0,0,0,0,0,1,1,1
24205,2402,2196,451,469,1985,0.0,0,0.4,0.0,0,0,0,1,0,0,0,0,0,0,0,0,1,1,1
24215,2401,2197,450,469,1984,0.0,0,0.6,0.0,0,0,0,1,0,0,0,0,0,0,0,0,1,1,1
24225,2401,2197,449,469,1985,0.0,0,0.8,0.0,0,0,0,1,0,0,0,0,0,0,0,0,1,1,1
24235,2402,2194,450,469,1986,0.0,0,0.8,0.0,0,0,0,1,0,0,0,0,0,0,0,0,1,1,1
24245,2401,2197,449,471,1985,0.0,0,0.8,0.0,0,0,0,1,0,0,0,0,0,0,0,0,1,1,1
24255,2402,2196,451,469,1984,0.0,0,0.3,0.0,0,0,0,1,0,0,0,0,0,0,0,0,1,1,1
24265,2402,2197,450,468,1985,0.0,0,0.4,0.0,0,0,0,1,0,0,0,0,0,0,0,0,1,1,1
24276,2403,2197,451,468,1985,0.0,0,0.3,0.0,0,0,0,1,0,0,0,0,0,0,0,0,1,1,1
24286,2400,2196,449,467,1984,0.0,0,0.3,0.0,0,0,0,1,0,0,0,0,0,0,0,0,1,1,1
24296,2402,2196,450,470,1985,0.0,0,0.3,0.0,0,0,0,1,0,0,0,0,0,0,0,0,1,1,1
24307,2405,2196,447,469,1984,0.0,0,0.6,0.0,0,0,0,1,0,0,0,0,0,0,0,0,1,1,1
24317,2397,2196,449,469,1984,0.0,0,0.6,0.0,0,0,0,1,0,0,0,0,0,0,0,0,1,1,1
24327,2400,2196,451,469,1985,0.0,0,0.4,0.0,0,0,0,1,0,0,0,0,0,0,0,0,1,1,1
24337,2401,2196,449,468,1984,0.0,0,0.3,0.0,0,0,0,1,0,0,0,0,0,0,0,0,1,1,1
24347,2400,2197,449,468,1984,0.0,0,0.6,0.0,0,0,0,1,0,0,0,0,0,0,0,0,1,1,1
24357,2401,2196,449,469,1984,0.0,0,0.6,0.0,0,0,0,1,0,0,0,0,0,0,0,0,1,1,1
24367,2401,2196,449,469,1985,0.0,0,0.6,0.0,0,0,0,1,0,0,0,0,0,0,0,0,1,1,1
24377,2398,2197,450,471,1984,0.0,0,0.6,0.0,0,0,0,1,0,0,0,0,0,0,0,0,1,1,1
24387,2400,2199,450,469,1982,0.0,0,0.5,0.0,0,0,0,1,0,0,0,0,0,0,0,0,1,1,1
24397,2401,2196,450,469,1985,0.0,0,0.6,0.0,0,0,0,1,0,0,0,0,0,0,0,0,1,1,1
24407,2402,2196,449,469,1984,0.0,0,0.5,0.0,0,0,0,1,0,0,0,0,0,0,0,0,1,1,1
24417,2401,2197,450,468,1985,0.0,0,0.5,0.0,0,0,0,1,0,0,0,0,0,0,0,0,1,1,1
24427,2401,2197,450,469,1985,0.0,0,0.4,0.0,0,0,0,1,0,0,0,0,0,0,0,0,1,1,1
24437,2401,2196,450,469,1986,0.0,0,0.4,0.0,0,0,0,1,0,0,0,0,0,0,0,0,1,1,1
24447,2401,2196,450,468,1985,0.0,0,0.5,0.0,0,0,0,1,0,0,0,0,0,0,0,0,1,1,1
24457,2400,2196,450,470,1984,0.0,0,0.5,0.0,0,0,0,1,0,0,0,0,0,0,0,0,1,1,1
24467,2402,2197,451,470,1984,0.0,0,0.3,0.0,0,0,0,1,0,0,0,0,0,0,0,0,1,1,1
24477,2402,2196,450,468,1985,0.0,0,0.3,0.0,0,0,0,1,0,0,0,0,0,0,0,0,1,1,1
24487,2401,2194,452,468,1985,0.0,0,0.6,0.0,0,0,0,1,0,0,0,0,0,0,0,0,1,1,1
24497,2402,2197,450,468,1985,0.0,0,0.6,0.0,0,0,0,1,0,0,0,0,0,0,0,0,1,1,1
24507,2402,2196,449,469,1985,0.0,0,0.5,0.0,0,0,0,1,0,0,0,0,0,0,0,0,1,1,1
24517,2401,2196,451,468,1985,0.0,0,0.4,0.0,0,0,0,1,0,0,0,0,0,0,0,0,1,1,1
24527,2401,2196,450,472,1985,0.0,0,0.5,0.0,0,0,0,1,0,0,0,0,0,0,0,0,1,1,1
24537,2401,2197,450,468,1985,0.0,0,0.5,0.0,0,0,0,1,0,0,0,0,0,0,0,0,1,1,1
24547,2402,2196,450,468,1985,0.0,0,0.4,0.0,0,0,0,1,0,0,0,0,0,0,0,0,1,1,1
24557,2402,2196,452,469,1985,0.0,0,0.4,0.0,0,0,0,1,0,0,0,0,0,0,0,0,1,1,1
24567,2401,2196,450,469,1987,0.0,0,0.6,0.0,0,0,0,1,0,0,0,0,0,0,0,0,1,1,1
24577,2402,2196,448,471,1984,0.0,0,0.6,0.0,0,0,0,1,0,0,0,0,0,0,0,0,1,1,1
24587,2401,2197,450,468,1985,0.0,0,0.4,0.0,0,0,0,1,0,0,0,0,0,0,0,0,1,1,1
24597,2401,2196,451,468,1984,0.0,0,0.4,0.0,0,0,0,1,0,0,0,0,0,0,0,0,1,1,1
24607,2402,2196,450,469,1983,0.0,0,0.4,0.0,0,0,0,1,0,0,0,0,0,0,0,0,1,1,1
24617,2402,2196,450,469,1984,0.0,0,0.4,0.0,0,0,0,1,0,0,0,0,0,0,0,0,1,1,1
24627,2400,2197,450,469,1985,0.0,0,0.4,0.0,0,0,0,1,0,0,0,0,0,0,0,0,1,1,1
24637,2401,2197,450,469,1985,0.0,0,0.6,0.0,0,0,0,1,0,0,0,0,0,0,0,0,1,1,1
24647,2401,2196,449,470,1985,0.0,0,0.4,0.0,0,0,0,1,0,0,0,0,0,0,0,0,1,1,1
24657,2401,2196,450,470,1984,0.0,0,0.4,0.0,0,0,0,1,0,0,0,0,0,0,0,0,1,1,1
24667,2402,2196,450,471,1984,0.0,0,0.3,0.0,0,0,0,1,0,0,0,0,0,0,0,0,1,1,1
24677,2402,2196,450,469,1984,0.0,0,0.3,0.0,0,0,0,1,0,0,0,0,0,0,0,0,1,1,1
24687,2402,2196,451,468,1985,0.0,0,0.5,0.0,0,0,0,1,0,0,0,0,0,0,0,0,1,1,1
24697,2402,2199,449,470,1986,0.0,0,0.8,0.0,0,0,0,1,0,0,0,0,0,0,0,0,1,1,1
24707,2401,2196,449,468,1985,0.0,0,0.3,0.0,0,0,0,1,0,0,0,0,0,0,0,0,1,1,1
24717,2402,2193,451,469,1986,0.0,0,0.3,0.0,0,0,0,1,0,0,0,0,0,0,0,0,1,1,1
24727,2403,2195,449,467,1984,0.0,0,0.5,0.0,0,0,0,1,0,0,0,0,0,0,0,0,1,1,1
24737,2402,2197,450,468,1985,0.0,0,0.5,0.0,0,0,0,1,0,0,0,0,0,0,0,0,1,1,1
24747,2402,2197,449,468,1985,0.0,0,0.4,0.0,0,0,0,1,0,0,0,0,0,0,0,0,1,1,1
24757,2401,2196,449,468,1986,0.0,0,0.4,0.0,0,0,0,1,0,0,0,0,0,0,0,0,1,1,1
24767,2399,2197,449,468,1985,0.0,0,0.3,0.0,0,0,0,1,0,0,0,0,0,0,0,0,1,1,1
24777,2401,2196,450,468,1985,0.0,0,0.3,0.0,0,0,0,1,0,0,0,0,0,0,0,0,1,1,1
24787,2402,2196,448,467,1985,0.0,0,0.5,0.0,0,0,0,1,0,0,0,0,0,0,0,0,1,1,1
24797,2401,2196,448,468,1986,0.0,0,0.5,0.0,0,0,0,1,0,0,0,0,0,0,0,0,1,1,1
24807,2402,2196,449,469,1984,0.0,0,0.3,0.0,0,0,0,1,0,0,0,0,0,0,0,0,1,1,1
24817,2402,2197,449,470,1985,0.0,0,0.4,0.0,0,0,0,1,0,0,0,0,0,0,0,0,1,1,1
24827,2401,2200,450,468,1985,0.0,0,0.2,0.0,0,0,0,1,0,0,0,0,0,0,0,0,1,1,1
24837,2401,2196,451,468,1985,0.0,0,0.2,0.0,0,0,0,1,0,0,0,0,0,0,0,0,1,1,1
24847,2401,2197,449,466,1987,0.0,0,0.4,0.0,0,0,0,1,0,0,0,0,0,0,0,0,1,1,1
24857,2402,2196,450,468,1986,0.0,0,0.4,0.0,0,0,0,1,0,0,0,0,0,0,0,0,1,1,1
24867,2401,2197,450,470,1986,0.0,0,0.4,0.0,0,0,0,1,0,0,0,0,0,0,0,0,1,1,1
24877,2401,2197,450,469,1984,0.0,0,0.6,0.0,0,0,0,1,0,0,0,0,0,0,0,0,1,1,1
24888,2401,2196,450,468,1985,0.0,0,0.6,0.0,0,0,0,1,0,0,0,0,0,0,0,0,1,1,1
24898,2402,2196,453,468,1985,0.0,0,0.6,0.0,0,0,0,1,0,0,0,0,0,0,0,0,1,1,1
24908,2401,2197,450,470,1985,0.0,0,0.4,0.0,0,0,0,1,0,0,0,0,0,0,0,0,1,1,1
24918,2402,2196,451,468,1985,0.0,0,0.4,0.0,0,0,0,1,0,0,0,0,0,0,0,0,1,1,1
24928,2400,2197,451,468,1986,0.0,0,0.4,0.0,0,0,0,1,0,0,0,0,0,0,0,0,1,1,1
24938,2401,2196,449,468,1985,0.0,0,0.3,0.0,0,0,0,1,0,0,0,0,0,0,0,0,1,1,1
24948,2402,2196,451,469,1985,0.0,0,0.6,0.0,0,0,0,1,0,0,0,0,0,0,0,0,1,1,1
24958,2403,2197,450,469,1985,0.0,0,0.6,0.0,0,0,0,1,0,0,0,0,0,0,0,0,1,1,1
24968,2401,2197,449,469,1984,0.0,0,0.5,0.0,0,0,0,1,0,0,0,0,0,0,0,0,1,1,1
24978,2407,2196,450,468,1984,0.0,0,0.5,0.0,0,0,0,1,0,0,0,0,0,0,0,0,1,1,1
24988,2401,2196,451,470,1985,0.0,0,0.3,0.0,0,0,0,1,0,0,0,0,0,0,0,0,1,1,1
24998,2401,2197,451,469,1985,0.0,0,0.5,0.0,0,0,0,1,0,0,0,0,0,0,0,0,1,1,1
25008,2401,2196,449,469,1984,0.0,0,0.6,0.0,0,0,0,1,0,0,0,0,0,0,0,0,1,1,1
25018,2402,2197,451,458,1985,0.0,0,0.6,0.0,0,0,0,1,0,0,0,0,0,0,0,0,1,1,1
25028,2401,2197,449,467,1985,0.0,0,0.3,0.0,0,0,0,1,0,0,0,0,0,0,0,0,1,1,1
25038,2403,2197,452,468,1983,0.0,0,0.3,0.0,0,0,0,1,0,0,0,0,0,0,0,0,1,1,1
25048,2401,2196,449,469,1984,0.0,0,0.3,0.0,0,0,0,1,0,0,0,0,0,0,0,0,1,1,1
25058,2399,2197,450,470,1986,0.0,0,0.5,0.0,0,0,0,1,0,0,0,0,0,0,0,0,1,1,1
25068,2401,2196,451,469,1985,0.0,0,0.3,0.0,0,0,0,1,0,0,0,0,0,0,0,0,1,1,1
25078,2399,2196,450,468,1984,0.0,0,0.3,0.0,0,0,0,1,0,0,0,0,0,0,0,0,1,1,1
25088,2401,2197,451,469,1985,0.0,0,0.5,0.0,0,0,0,1,0,0,0,0,0,0,0,0,1,1,1
25098,2401,2197,449,468,1985,0.0,0,0.5,0.0,0,0,0,1,0,0,0,0,0,0,0,0,1,1,1
25108,2401,2196,451,470,1985,0.0,0,0.3,0.0,0,0,0,1,0,0,0,0,0,0,0,0,1,1,1
25118,2401,2196,449,468,1983,0.0,0,0.8,0.0,0,0,0,1,0,0,0,0,0,0,0,0,1,1,1
25128,2401,2196,448,469,1986,0.0,0,0.3,0.0,0,0,0,1,0,0,0,0,0,0,0,0,1,1,1
25138,2402,2199,451,470,1985,0.0,0,0.3,0.0,0,0,0,1,0,0,0,0,0,0,0,0,1,1,1
25148,2403,2197,449,469,1985,0.0,0,0.4,0.0,0,0,0,1,0,0,0,0,0,0,0,0,1,1,1
25159,2403,2196,449,469,1985,0.0,0,0.5,0.0,0,0,0,1,0,0,0,0,0,0,0,0,1,1,1
25169,2402,2197,450,470,1984,0.0,0,0.5,0.0,0,0,0,1,0,0,0,0,0,0,0,0,1,1,1
25179,2401,2198,449,468,1985,0.0,0,0.4,0.0,0,0,0,1,0,0,0,0,0,0,0,0,1,1,1
25189,2402,2197,450,469,1982,0.0,0,0.3,0.0,0,0,0,1,0,0,0,0,0,0,0,0,1,1,1
25199,2401,2200,449,470,1987,0.0,0,0.6,0.0,0,0,0,1,0,0,0,0,0,0,0,0,1,1,1
25209,2401,2194,450,469,1985,0.0,0,0.5,0.0,0,0,0,1,0,0,0,0,0,0,0,0,1,1,1
25219,2401,2196,450,469,1985,0.0,0,0.5,0.0,0,0,0,1,0,0,0,0,0,0,0,0,1,1,1
25229,2401,2196,452,469,1986,0.0,0,0.5,0.0,0,0,0,1,0,0,0,0,0,0,0,0,1,1,1
25239,2402,2196,449,469,1985,0.0,0,0.4,0.0,0,0,0,1,0,0,0,0,0,0,0,0,1,1,1
25249,2402,2196,450,470,1984,0.0,0,0.5,0.0,0,0,0,1,0,0,0,0,0,0,0,0,1,1,1
25259,2401,2196,450,469,1986,0.0,0,0.5,0.0,0,0,0,1,0,0,0,0,0,0,0,0,1,1,1
25269,2401,2197,450,470,1985,0.0,0,0.4,0.0,0,0,0,1,0,0,0,0,0,0,0,0,1,1,1
25279,2403,2196,450,468,1986,0.0,0,0.3,0.0,0,0,0,1,0,0,0,0,0,0,0,0,1,1,1
25289,2403,2196,450,468,1984,0.0,0,0.3,0.0,0,0,0,1,0,0,0,0,0,0,0,0,1,1,1
25299,2401,2196,448,467,1984,0.0,0,0.4,0.0,0,0,0,1,0,0,0,0,0,0,0,0,1,1,1
25309,2400,2196,448,469,1984,0.0,0,0.4,0.0,0,0,0,1,0,0,0,0,0,0,0,0,1,1,1
25319,2402,2196,450,469,1987,0.0,0,0.4,0.0,0,0,0,1,0,0,0,0,0,0,0,0,1,1,1
25329,2401,2196,450,468,1983,0.0,0,0.5,0.0,0,0,0,1,0,0,0,0,0,0,0,0,1,1,1
25339,2403,2196,450,467,1985,0.0,0,0.3,0.0,0,0,0,1,0,0,0,0,0,0,0,0,1,1,1
25349,2401,2196,450,466,1985,0.0,0,0.3,0.0,0,0,0,1,0,0,0,0,0,0,0,0,1,1,1
25359,2401,2196,450,468,1983,0.0,0,0.5,0.0,0,0,0,1,0,0,0,0,0,0,0,0,1,1,1
25369,2401,2195,450,470,1985,0.0,0,0.5,0.0,0,0,0,1,0,0,0,0,0,0,0,0,1,1,1
25379,2401,2196,449,467,1988,0.0,0,0.5,0.0,0,0,0,1,0,0,0,0,0,0,0,0,1,1,1
25389,2403,2196,451,469,1984,0.0,0,0.3,0.0,0,0,0,1,0,0,0,0,0,0,0,0,1,1,1
25400,2402,2196,448,468,1982,0.0,0,0.5,0.0,0,0,0,1,0,0,0,0,0,0,0,0,1,1,1
25410,2402,2196,449,469,1984,0.0,0,0.5,0.0,0,0,0,1,0,0,0,0,0,0,0,0,1,1,1
25420,2403,2197,449,468,1985,0.0,0,0.4,0.0,0,0,0,1,0,0,0,0,0,0,0,0,1,1,1
25430,2403,2196,448,471,1985,0.0,0,0.5,0.0,0,0,0,1,0,0,0,0,0,0,0,0,1,1,1
25440,2402,2197,450,468,1984,0.0,0,0.5,0.0,0,0,0,1,0,0,0,0,0,0,0,0,1,1,1
25450,2402,2196,449,472,1985,0.0,0,0.0,0.0,0,0,0,1,0,0,0,0,0,0,0,0,1,1,1
25460,2401,2194,450,469,1986,0.0,0,0.5,0.0,0,0,0,1,0,0,0,0,0,0,0,0,1,1,1
25471,2403,2196,450,470,1985,0.0,0,0.4,0.0,0,0,0,1,0,0,0,0,0,0,0,0,1,1,1
25481,2401,2196,450,471,1985,0.0,0,0.4,0.0,0,0,0,1,0,0,0,0,0,0,0,0,1,1,1
25492,2403,2196,448,467,1985,0.0,0,0.5,0.0,0,0,0,1,0,0,0,0,0,0,0,0,1,1,1
25502,2400,2196,449,469,1984,0.0,0,0.5,0.0,0,0,0,1,0,0,0,0,0,0,0,0,1,1,1
25515,2403,2195,449,469,1984,0.0,0,0.3,0.0,0,0,0,1,0,0,0,0,0,0,0,0,1,1,1
25525,2401,2196,449,469,1985,0.0,0,0.3,0.0,0,0,0,1,0,0,0,0,0,0,0,0,1,1,1
25535,2401,2196,451,469,1985,0.0,0,0.2,0.0,0,0,0,1,0,0,0,0,0,0,0,0,1,1,1
25545,2401,2196,450,468,1985,0.0,0,0.5,0.0,0,0,0,1,0,0,0,0,0,0,0,0,1,1,1
25555,2401,2196,449,468,1984,0.0,0,0.5,0.0,0,0,0,1,0,0,0,0,0,0,0,0,1,1,1
25565,2401,2197,449,468,1985,0.0,0,0.4,0.0,0,0,0,1,0,0,0,0,0,0,0,0,1,1,1
25576,2402,2197,448,468,1984,0.0,0,0.3,0.0,0,0,0,1,0,0,0,0,0,0,0,0,1,1,1
25586,2405,2197,450,467,1985,0.0,0,0.3,0.0,0,0,0,1,0,0,0,0,0,0,0,0,1,1,1
25596,2402,2196,450,469,1985,0.0,0,0.3,0.0,0,0,0,1,0,0,0,0,0,0,0,0,1,1,1
25606,2400,2198,449,469,1985,0.0,0,0.3,0.0,0,0,0,1,0,0,0,0,0,0,0,0,1,1,1
25616,2401,2197,450,469,1985,0.0,0,0.3,0.0,0,0,0,1,0,0,0,0,0,0,0,0,1,1,1
25626,2401,2196,452,469,1986,0.0,0,0.2,0.0,0,0,0,1,0,0,0,0,0,0,0,0,1,1,1
25636,2403,2197,448,469,1986,0.0,0,0.6,0.0,0,0,0,1,0,0,0,0,0,0,0,0,1,1,1
25646,2402,2197,449,469,1985,0.0,0,0.6,0.0,0,0,0,1,0,0,0,0,0,0,0,0,1,1,1
25656,2402,2196,447,468,1985,0.0,0,0.6,0.0,0,0,0,1,0,0,0,0,0,0,0,0,1,1,1
25666,2401,2196,451,466,1986,0.0,0,0.3,0.0,0,0,0,1,0,0,0,0,0,0,0,0,1,1,1
25676,2402,2196,449,469,1986,0.0,0,0.6,0.0,0,0,0,1,0,0,0,0,0,0,0,0,1,1,1
25686,2402,2197,451,468,1985,0.0,0,0.5,0.0,0,0,0,1,0,0,0,0,0,0,0,0,1,1,1
25696,2402,2196,450,469,1985,0.0,0,0.4,0.0,0,0,0,1,0,0,0,0,0,0,0,0,1,1,1
25706,2403,2196,450,468,1983,0.0,0,0.5,0.0,0,0,0,1,0,0,0,0,0,0,0,0,1,1,1
25716,2402,2196,450,469,1985,0.0,0,0.5,0.0,0,0,0,1,0,0,0,0,0,0,0,0,1,1,1
25726,2402,2196,450,468,1985,0.0,0,0.5,0.0,0,0,0,1,0,0,0,0,0,0,0,0,1,1,1
25736,2402,2195,450,470,1984,0.0,0,0.5,0.0,0,0,0,1,0,0,0,0,0,0,0,0,1,1,1
25746,2399,2197,450,472,1985,0.0,0,0.5,0.0,0,0,0,1,0,0,0,0,0,0,0,0,1,1,1
25756,2400,2196,448,469,1984,0.0,0,0.4,0.0,0,0,0,1,0,0,0,0,0,0,0,0,1,1,1
25766,2401,2197,450,470,1982,0.0,0,0.4,0.0,0,0,0,1,0,0,0,0,0,0,0,0,1,1,1
25777,2404,2196,449,468,1985,0.0,0,0.6,0.0,0,0,0,1,0,0,0,0,0,0,0,0,1,1,1
25787,2402,2196,449,469,1985,0.0,0,0.6,0.0,0,0,0,1,0,0,0,0,0,0,0,0,1,1,1
25797,2401,2196,450,470,1985,0.0,0,0.4,0.0,0,0,0,1,0,0,0,0,0,0,0,0,1,1,1
25807,2401,2197,451,468,1985,0.0,0,0.4,0.0,0,0,0,1,0,0,0,0,0,0,0,0,1,1,1
25817,2402,2196,449,468,1984,0.0,0,0.4,0.0,0,0,0,1,0,0,0,0,0,0,0,0,1,1,1
25827,2401,2196,448,469,1982,0.0,0,0.4,0.0,0,0,0,1,0,0,0,0,0,0,0,0,1,1,1
25837,2402,2197,450,467,1985,0.0,0,0.4,0.0,0,0,0,1,0,0,0,0,0,0,0,0,1,1,1
25847,2402,2197,449,469,1985,0.0,0,0.4,0.0,0,0,0,1,0,0,0,0,0,0,0,0,1,1,1
25857,2402,2196,450,468,1985,0.0,0,0.4,0.0,0,0,0,1,0,0,0,0,0,0,0,0,1,1,1
25867,2399,2196,450,468,1984,0.0,0,0.5,0.0,0,0,0,1,0,0,0,0,0,0,0,0,1,1,1
25877,2402,2196,447,467,1985,0.0,0,0.4,0.0,0,0,0,1,0,0,0,0,0,0,0,0,1,1,1
25887,2401,2196,449,468,1985,0.0,0,0.5,0.0,0,0,0,1,0,0,0,0,0,0,0,0,1,1,1
25897,2400,2196,450,470,1985,0.0,0,0.3,0.0,0,0,0,1,0,0,0,0,0,0,0,0,1,1,1
25907,2401,2199,449,469,1985,0.0,0,0.3,0.0,0,0,0,1,0,0,0,0,0,0,0,0,1,1,1
25917,2401,2196,450,469,1985,0.0,0,0.4,0.0,0,0,0,1,0,0,0,0,0,0,0,0,1,1,1
25927,2402,2196,451,469,1985,0.0,0,0.4,0.0,0,0,0,1,0,0,0,0,0,0,0,0,1,1,1
25937,2400,2197,452,468,1985,0.0,0,0.4,0.0,0,0,0,1,0,0,0,0,0,0,0,0,1,1,1
25947,2400,2196,450,468,1985,0.0,0,0.3,0.0,0,0,0,1,0,0,0,0,0,0,0,0,1,1,1
25957,2402,2196,449,467,1985,0.0,0,0.4,0.0,0,0,0,1,0,0,0,0,0,0,0,0,1,1,1
25967,2402,2196,450,469,1986,0.0,0,0.4,0.0,0,0,0,1,0,0,0,0,0,0,0,0,1,1,1
25977,2400,2197,449,470,1985,0.0,0,0.4,0.0,0,0,0,1,0,0,0,0,0,0,0,0,1,1,1
25987,2402,2196,449,469,1986,0.0,0,0.4,0.0,0,0,0,1,0,0,0,0,0,0,0,0,1,1,1
25997,2402,2197,452,469,1985,0.0,0,0.6,0.0,0,0,0,1,0,0,0,0,0,0,0,0,1,1,1
26007,2402,2196,450,470,1985,0.0,0,0.5,0.0,0,0,0,1,0,0,0,0,0,0,0,0,1,1,1
26017,2401,2196,449,468,1985,0.0,0,0.4,0.0,0,0,0,1,0,0,0,0,0,0,0,0,1,1,1
26027,2401,2196,449,468,1985,0.0,0,0.4,0.0,0,0,0,1,0,0,0,0,0,0,0,0,1,1,1
26037,2402,2197,450,469,1986,0.0,0,0.3,0.0,0,0,0,1,0,0,0,0,0,0,0,0,1,1,1
26047,2402,2197,450,468,1986,0.0,0,0.5,0.0,0,0,0,1,0,0,0,0,0,0,0,0,1,1,1
26057,2401,2196,450,468,1984,0.0,0,0.4,0.0,0,0,0,1,0,0,0,0,0,0,0,0,1,1,1
26067,2401,2196,449,469,1984,0.0,0,0.4,0.0,0,0,0,1,0,0,0,0,0,0,0,0,1,1,1
26077,2401,2196,449,468,1985,0.0,0,0.5,0.0,0,0,0,1,0,0,0,0,0,0,0,0,1,1,1
26087,2402,2196,449,470,1985,0.0,0,0.5,0.0,0,0,0,1,0,0,0,0,0,0,0,0,1,1,1
26097,2401,2196,451,467,1985,0.0,0,0.5,0.0,0,0,0,1,0,0,0,0,0,0,0,0,1,1,1
26107,2401,2196,449,467,1984,0.0,0,0.8,0.0,0,0,0,1,0,0,0,0,0,0,0,0,1,1,1
26117,2401,2193,450,469,1985,0.0,0,0.4,0.0,0,0,0,1,0,0,0,0,0,0,0,0,1,1,1
26127,2401,2196,450,469,1984,0.0,0,0.2,0.0,0,0,0,1,0,0,0,0,0,0,0,0,1,1,1
26137,2402,2196,450,468,1986,0.0,0,0.5,0.0,0,0,0,1,0,0,0,0,0,0,0,0,1,1,1
26147,2401,2196,449,469,1985,0.0,0,0.5,0.0,0,0,0,1,0,0,0,0,0,0,0,0,1,1,1
26157,2402,2197,449,468,1986,0.0,0,0.5,0.0,0,0,0,1,0,0,0,0,0,0,0,0,1,1,1
26167,2402,2196,449,468,1984,0.0,0,0.4,0.0,0,0,0,1,0,0,0,0,0,0,0,0,1,1,1
26177,2401,2196,450,469,1986,0.0,0,0.3,0.0,0,0,0,1,0,0,0,0,0,0,0,0,1,1,1
26187,2402,2196,449,468,1985,0.0,0,0.4,0.0,0,0,0,1,0,0,0,0,0,0,0,0,1,1,1
26197,2402,2196,449,471,1985,0.0,0,0.3,0.0,0,0,0,1,0,0,0,0,0,0,0,0,1,1,1
26207,2401,2196,450,467,1985,0.0,0,0.3,0.0,0,0,0,1,0,0,0,0,0,0,0,0,1,1,1
26217,2401,2196,452,469,1985,0.0,0,0.5,0.0,0,0,0,1,0,0,0,0,0,0,0,0,1,1,1
26227,2402,2196,449,469,1984,0.0,0,0.5,0.0,0,0,0,1,0,0,0,0,0,0,0,0,1,1,1
26237,2401,2196,449,469,1984,0.0,0,0.4,0.0,0,0,0,1,0,0,0,0,0,0,0,0,1,1,1
26247,2401,2197,450,469,1984,0.0,0,0.4,0.0,0,0,0,1,0,0,0,0,0,0,0,0,1,1,1
26257,2401,2196,449,465,1986,0.0,0,0.5,0.0,0,0,0,1,0,0,0,0,0,0,0,0,1,1,1
26267,2402,2197,450,468,1985,0.0,0,0.5,0.0,0,0,0,1,0,0,0,0,0,0,0,0,1,1,1
26277,2403,2197,448,469,1985,0.0,0,0.4,0.0,0,0,0,1,0,0,0,0,0,0,0,0,1,1,1
26287,2401,2197,450,468,1983,0.0,0,0.3,0.0,0,0,0,1,0,0,0,0,0,0,0,0,1,1,1
26297,2401,2196,449,468,1985,0.0,0,0.6,0.0,0,0,0,1,0,0,0,0,0,0,0,0,1,1,1
26307,2399,2196,450,469,1985,0.0,0,0.5,0.0,0,0,0,1,0,0,0,0,0,0,0,0,1,1,1
26317,2402,2196,451,469,1984,0.0,0,0.5,0.0,0,0,0,1,0,0,0,0,0,0,0,0,1,1,1
26327,2401,2196,450,468,1984,0.0,0,0.5,0.0,0,0,0,1,0,0,0,0,0,0,0,0,1,1,1
26337,2401,2196,451,470,1985,0.0,0,0.4,0.0,0,0,0,1,0,0,0,0,0,0,0,0,1,1,1
26347,2401,2196,450,469,1982,0.0,0,0.5,0.0,0,0,0,1,0,0,0,0,0,0,0,0,1,1,1
26357,2401,2196,449,468,1985,0.0,0,0.5,0.0,0,0,0,1,0,0,0,0,0,0,0,0,1,1,1
26367,2402,2196,449,469,1984,0.0,0,0.3,0.0,0,0,0,1,0,0,0,0,0,0,0,0,1,1,1
26377,2402,2195,448,467,1985,0.0,0,0.5,0.0,0,0,0,1,0,0,0,0,0,0,0,0,1,1,1
26387,2402,2196,449,469,1984,0.0,0,0.5,0.0,0,0,0,1,0,0,0,0,0,0,0,0,1,1,1
26397,2402,2198,448,469,1985,0.0,0,0.5,0.0,0,0,0,1,0,0,0,0,0,0,0,0,1,1,1
26407,2401,2197,450,467,1981,0.0,0,0.5,0.0,0,0,0,1,0,0,0,0,0,0,0,0,1,1,1
26417,2403,2197,450,469,1986,0.0,0,0.4,0.0,0,0,0,1,0,0,0,0,0,0,0,0,1,1,1
26427,2401,2196,453,471,1985,0.0,0,0.4,0.0,0,0,0,1,0,0,0,0,0,0,0,0,1,1,1
26437,2402,2196,449,468,1984,0.0,0,0.5,0.0,0,0,0,1,0,0,0,0,0,0,0,0,1,1,1
26447,2402,2196,450,469,1985,0.0,0,0.5,0.0,0,0,0,1,0,0,0,0,0,0,0,0,1,1,1
26457,2401,2196,450,469,1984,0.0,0,0.5,0.0,0,0,0,1,0,0,0,0,0,0,0,0,1,1,1
26467,2400,2196,450,469,1984,0.0,0,0.8,0.0,0,0,0,1,0,0,0,0,0,0,0,0,1,1,1
26477,2403,2193,449,464,1984,0.0,0,0.9,0.0,0,0,0,1,0,0,0,0,0,0,0,0,1,1,1
26487,2401,2196,450,469,1985,0.0,0,0.6,0.0,0,0,0,1,0,0,0,0,0,0,0,0,1,1,1
26497,2402,2196,450,468,1986,0.0,0,0.4,0.0,0,0,0,1,0,0,0,0,0,0,0,0,1,1,1
26507,2402,2197,450,467,1985,0.0,0,0.4,0.0,0,0,0,1,0,0,0,0,0,0,0,0,1,1,1
26517,2401,2197,450,469,1984,0.0,0,0.6,0.0,0,0,0,1,0,0,0,0,0,0,0,0,1,1,1
26527,2403,2196,449,469,1985,0.0,0,0.4,0.0,0,0,0,1,0,0,0,0,0,0,0,0,1,1,1
26537,2398,2196,450,468,1984,0.0,0,0.4,0.0,0,0,0,1,0,0,0,0,0,0,0,0,1,1,1
26547,2400,2197,448,470,1985,0.0,0,0.3,0.0,0,0,0,1,0,0,0,0,0,0,0,0,1,1,1
26557,2403,2196,449,468,1985,0.0,0,0.5,0.0,0,0,0,1,0,0,0,0,0,0,0,0,1,1,1
26567,2403,2193,450,468,1985,0.0,0,0.5,0.0,0,0,0,1,0,0,0,0,0,0,0,0,1,1,1
26577,2401,2197,449,469,1984,0.0,0,0.4,0.0,0,0,0,1,0,0,0,0,0,0,0,0,1,1,1
26587,2401,2196,451,468,1984,0.0,0,0.5,0.0,0,0,0,1,0,0,0,0,0,0,0,0,1,1,1
26597,2401,2197,450,469,1984,0.0,0,0.5,0.0,0,0,0,1,0,0,0,0,0,0,0,0,1,1,1
26607,2402,2197,451,469,1985,0.0,0,0.5,0.0,0,0,0,1,0,0,0,0,0,0,0,0,1,1,1
26617,2403,2196,449,471,1985,0.0,0,0.5,0.0,0,0,0,1,0,0,0,0,0,0,0,0,1,1,1
26627,2402,2196,449,468,1984,0.0,0,0.5,0.0,0,0,0,1,0,0,0,0,0,0,0,0,1,1,1
26637,2401,2197,450,469,1985,0.0,0,0.6,0.0,0,0,0,1,0,0,0,0,0,0,0,0,1,1,1
26647,2402,2197,451,469,1984,0.0,0,0.5,0.0,0,0,0,1,0,0,0,0,0,0,0,0,1,1,1
26657,2400,2196,450,469,1984,0.0,0,0.6,0.0,0,0,0,1,0,0,0,0,0,0,0,0,1,1,1
26667,2400,2197,451,469,1984,0.0,0,0.5,0.0,0,0,0,1,0,0,0,0,0,0,0,0,1,1,1
26677,2402,2196,450,470,1985,0.0,0,0.4,0.0,0,0,0,1,0,0,0,0,0,0,0,0,1,1,1
26687,2401,2196,450,468,1984,0.0,0,0.4,0.0,0,0,0,1,0,0,0,0,0,0,0,0,1,1,1
26697,2401,2196,450,469,1986,0.0,0,0.4,0.0,0,0,0,1,0,0,0,0,0,0,0,0,1,1,1
26707,2401,2197,449,468,1985,0.0,0,0.1,0.0,0,0,0,1,0,0,0,0,0,0,0,0,1,1,1
26717,2402,2196,450,468,1986,0.0,0,0.3,0.0,0,0,0,1,0,0,0,0,0,0,0,0,1,1,1
26727,2402,2197,450,469,1986,0.0,0,0.4,0.0,0,0,0,1,0,0,0,0,0,0,0,0,1,1,1
26737,2403,2197,450,469,1984,0.0,0,0.5,0.0,0,0,0,1,0,0,0,0,0,0,0,0,1,1,1
26747,2401,2196,450,468,1985,0.0,0,0.5,0.0,0,0,0,1,0,0,0,0,0,0,0,0,1,1,1
26757,2401,2197,449,469,1985,0.0,0,0.3,0.0,0,0,0,1,0,0,0,0,0,0,0,0,1,1,1
26767,2402,2195,450,470,1985,0.0,0,0.2,0.0,0,0,0,1,0,0,0,0,0,0,0,0,1,1,1
26777,2404,2196,450,467,1984,0.0,0,0.5,0.0,0,0,0,1,0,0,0,0,0,0,0,0,1,1,1
26787,2399,2195,450,468,1985,0.0,0,0.4,0.0,0,0,0,1,0,0,0,0,0,0,0,0,1,1,1
26797,2403,2196,450,468,1986,0.0,0,0.3,0.0,0,0,0,1,0,0,0,0,0,0,0,0,1,1,1
26807,2401,2196,449,469,1984,0.0,0,0.3,0.0,0,0,0,1,0,0,0,0,0,0,0,0,1,1,1
26817,2403,2196,451,468,1985,0.0,0,0.5,0.0,0,0,0,1,0,0,0,0,0,0,0,0,1,1,1
26827,2401,2197,451,470,1985,0.0,0,0.2,0.0,0,0,0,1,0,0,0,0,0,0,0,0,1,1,1
26837,2402,2196,450,466,1986,0.0,0,0.6,0.0,0,0,0,1,0,0,0,0,0,0,0,0,1,1,1
26847,2402,2196,450,469,1985,0.0,0,0.5,0.0,0,0,0,1,0,0,0,0,0,0,0,0,1,1,1
26857,2403,2193,449,468,1985,0.0,0,0.6,0.0,0,0,0,1,0,0,0,0,0,0,0,0,1,1,1
26867,2402,2197,451,467,1986,0.0,0,0.6,0.0,0,0,0,1,0,0,0,0,0,0,0,0,1,1,1
26877,2402,2196,450,470,1985,0.0,0,0.5,0.0,0,0,0,1,0,0,0,0,0,0,0,0,1,1,1
26887,2401,2198,449,469,1986,0.0,0,0.4,0.0,0,0,0,1,0,0,0,0,0,0,0,0,1,1,1
26897,2401,2196,449,469,1984,0.0,0,0.5,0.0,0,0,0,1,0,0,0,0,0,0,0,0,1,1,1
26907,2401,2197,449,468,1985,0.0,0,0.5,0.0,0,0,0,1,0,0,0,0,0,0,0,0,1,1,1
26917,2424,2196,450,468,1985,0.0,0,0.6,0.0,0,0,0,1,0,0,0,0,0,0,0,0,1,1,1
26927,2404,2196,450,470,1986,0.0,0,0.6,0.0,0,0,0,1,0,0,0,0,0,0,0,0,1,1,1
26937,2401,2197,450,468,1985,0.0,0,0.4,0.0,0,0,0,1,0,0,0,0,0,0,0,0,1,1,1
26947,2401,2196,448,468,1987,0.0,0,0.6,0.0,0,0,0,1,0,0,0,0,0,0,0,0,1,1,1
26957,2403,2198,450,469,1985,0.0,0,0.2,0.0,0,0,0,1,0,0,0,0,0,0,0,0,1,1,1
26967,2401,2196,449,469,1985,0.0,0,0.3,0.0,0,0,0,1,0,0,0,0,0,0,0,0,1,1,1
26977,2402,2195,450,468,1984,0.0,0,0.6,0.0,0,0,0,1,0,0,0,0,0,0,0,0,1,1,1
26987,2401,2197,450,472,1985,0.0,0,0.6,0.0,0,0,0,1,0,0,0,0,0,0,0,0,1,1,1
26997,2402,2197,450,467,1985,0.0,0,0.3,0.0,0,0,0,1,0,0,0,0,0,0,0,0,1,1,1
27007,2401,2196,451,468,1985,0.0,0,0.4,0.0,0,0,0,1,0,0,0,0,0,0,0,0,1,1,1
27017,2402,2196,450,468,1985,0.0,0,0.5,0.0,0,0,0,1,0,0,0,0,0,0,0,0,1,1,1
27027,2402,2196,449,468,1985,0.0,0,0.4,0.0,0,0,0,1,0,0,0,0,0,0,0,0,1,1,1
27037,2402,2197,451,470,1985,0.0,0,0.4,0.0,0,0,0,1,0,0,0,0,0,0,0,0,1,1,1
27047,2401,2197,448,470,1984,0.0,0,0.4,0.0,0,0,0,1,0,0,0,0,0,0,0,0,1,1,1
27057,2403,2198,449,468,1985,0.0,0,0.5,0.0,0,0,0,1,0,0,0,0,0,0,0,0,1,1,1
27067,2402,2196,449,470,1985,0.0,0,0.3,0.0,0,0,0,1,0,0,0,0,0,0,0,0,1,1,1
27077,2402,2197,450,468,1985,0.0,0,0.3,0.0,0,0,0,1,0,0,0,0,0,0,0,0,1,1,1
27087,2401,2196,449,469,1985,0.0,0,0.3,0.0,0,0,0,1,0,0,0,0,0,0,0,0,1,1,1
27097,2403,2196,451,471,1985,0.0,0,0.6,0.0,0,0,0,1,0,0,0,0,0,0,0,0,1,1,1
27107,2402,2197,450,466,1986,0.0,0,0.6,0.0,0,0,0,1,0,0,0,0,0,0,0,0,1,1,1
27117,2400,2198,449,468,1984,0.0,0,0.5,0.0,0,0,0,1,0,0,0,0,0,0,0,0,1,1,1
27127,2401,2196,449,468,1985,0.0,0,0.5,0.0,0,0,0,1,0,0,0,0,0,0,0,0,1,1,1
27137,2402,2195,449,469,1985,0.0,0,0.3,0.0,0,0,0,1,0,0,0,0,0,0,0,0,1,1,1
27147,2401,2196,449,469,1982,0.0,0,0.3,0.0,0,0,0,1,0,0,0,0,0,0,0,0,1,1,1
27157,2402,2197,451,469,1984,0.0,0,0.3,0.0,0,0,0,1,0,0,0,0,0,0,0,0,1,1,1
27167,2403,2200,451,468,1984,0.0,0,0.3,0.0,0,0,0,1,0,0,0,0,0,0,0,0,1,1,1
27177,2402,2197,452,468,1984,0.0,0,0.4,0.0,0,0,0,1,0,0,0,0,0,0,0,0,1,1,1
27187,2402,2197,449,470,1985,0.0,0,0.4,0.0,0,0,0,1,0,0,0,0,0,0,0,0,1,1,1
27197,2400,2196,449,467,1985,0.0,0,0.5,0.0,0,0,0,1,0,0,0,0,0,0,0,0,1,1,1
27207,2402,2196,448,468,1985,0.0,0,0.4,0.0,0,0,0,1,0,0,0,0,0,0,0,0,1,1,1
27217,2401,2195,450,470,1985,0.0,0,0.4,0.0,0,0,0,1,0,0,0,0,0,0,0,0,1,1,1
27227,2406,2199,448,470,1983,0.0,0,0.4,0.0,0,0,0,1,0,0,0,0,0,0,0,0,1,1,1
27237,2402,2197,448,469,1986,0.0,0,0.3,0.0,0,0,0,1,0,0,0,0,0,0,0,0,1,1,1
27247,2405,2200,452,467,1984,0.0,0,0.5,0.0,0,0,0,1,0,0,0,0,0,0,0,0,1,1,1
27257,2402,2195,449,468,1985,0.0,0,0.4,0.0,0,0,0,1,0,0,0,0,0,0,0,0,1,1,1
27267,2405,2196,450,469,1986,0.0,0,0.1,0.0,0,0,0,1,0,0,0,0,0,0,0,0,1,1,1
27277,2402,2196,450,468,1985,0.0,0,0.4,0.0,0,0,0,1,0,0,0,0,0,0,0,0,1,1,1
27287,2401,2196,448,469,1985,0.0,0,0.4,0.0,0,0,0,1,0,0,0,0,0,0,0,0,1,1,1
27297,2399,2196,451,468,1985,0.0,0,0.4,0.0,0,0,0,1,0,0,0,0,0,0,0,0,1,1,1
27307,2401,2195,448,469,1984,0.0,0,0.3,0.0,0,0,0,1,0,0,0,0,0,0,0,0,1,1,1
27317,2402,2196,449,469,1985,0.0,0,0.4,0.0,0,0,0,1,0,0,0,0,0,0,0,0,1,1,1
27327,2401,2196,449,469,1984,0.0,0,0.4,0.0,0,0,0,1,0,0,0,0,0,0,0,0,1,1,1
27337,2403,2196,449,468,1984,0.0,0,0.6,0.0,0,0,0,1,0,0,0,0,0,0,0,0,1,1,1
27347,2401,2194,449,468,1984,0.0,0,0.6,0.0,0,0,0,1,0,0,0,0,0,0,0,0,1,1,1
27357,2401,2196,450,470,1983,0.0,0,0.8,0.0,0,0,0,1,0,0,0,0,0,0,0,0,1,1,1
27367,2401,2196,450,469,1984,0.0,0,0.6,0.0,0,0,0,1,0,0,0,0,0,0,0,0,1,1,1
27377,2401,2196,449,468,1982,0.0,0,0.5,0.0,0,0,0,1,0,0,0,0,0,0,0,0,1,1,1
27387,2401,2196,449,469,1987,0.0,0,0.5,0.0,0,0,0,1,0,0,0,0,0,0,0,0,1,1,1
27397,2403,2196,449,469,1984,0.0,0,0.2,0.0,0,0,0,1,0,0,0,0,0,0,0,0,1,1,1
27407,2402,2197,448,468,1985,0.0,0,0.2,0.0,0,0,0,1,0,0,0,0,0,0,0,0,1,1,1
27417,2401,2197,449,470,1985,0.0,0,0.5,0.0,0,0,0,1,0,0,0,0,0,0,0,0,1,1,1
27427,2401,2196,451,468,1985,0.0,0,0.4,0.0,0,0,0,1,0,0,0,0,0,0,0,0,1,1,1
27437,2403,2196,449,469,1985,0.0,0,0.3,0.0,0,0,0,1,0,0,0,0,0,0,0,0,1,1,1
27447,2401,2197,450,469,1984,0.0,0,0.4,0.0,0,0,0,1,0,0,0,0,0,0,0,0,1,1,1
27457,2402,2196,450,469,1987,0.0,0,0.4,0.0,0,0,0,1,0,0,0,0,0,0,0,0,1,1,1
27467,2402,2197,449,468,1985,0.0,0,0.4,0.0,0,0,0,1,0,0,0,0,0,0,0,0,1,1,1
27477,2401,2197,450,468,1986,0.0,0,0.6,0.0,0,0,0,1,0,0,0,0,0,0,0,0,1,1,1
27487,2401,2198,450,469,1985,0.0,0,0.5,0.0,0,0,0,1,0,0,0,0,0,0,0,0,1,1,1
27497,2402,2197,448,469,1984,0.0,0,0.5,0.0,0,0,0,1,0,0,0,0,0,0,0,0,1,1,1
27507,2401,2196,449,468,1983,0.0,0,0.4,0.0,0,0,0,1,0,0,0,0,0,0,0,0,1,1,1
27517,2402,2196,449,467,1985,0.0,0,0.2,0.0,0,0,0,1,0,0,0,0,0,0,0,0,1,1,1
27527,2402,2193,449,469,1986,0.0,0,0.2,0.0,0,0,0,1,0,0,0,0,0,0,0,0,1,1,1
27537,2401,2197,448,469,1985,0.0,0,0.5,0.0,0,0,0,1,0,0,0,0,0,0,0,0,1,1,1
27547,2401,2196,451,470,1985,0.0,0,0.2,0.0,0,0,0,1,0,0,0,0,0,0,0,0,1,1,1
27557,2401,2197,450,468,1985,0.0,0,0.5,0.0,0,0,0,1,0,0,0,0,0,0,0,0,1,1,1
27567,2401,2196,450,469,1984,0.0,0,0.4,0.0,0,0,0,1,0,0,0,0,0,0,0,0,1,1,1
27577,2402,2196,452,472,1985,0.0,0,0.4,0.0,0,0,0,1,0,0,0,0,0,0,0,0,1,1,1
27587,2402,2196,452,468,1985,0.0,0,0.4,0.0,0,0,0,1,0,0,0,0,0,0,0,0,1,1,1
27597,2402,2196,450,468,1986,0.0,0,0.3,0.0,0,0,0,1,0,0,0,0,0,0,0,0,1,1,1
27607,2402,2195,450,469,1985,0.0,0,0.5,0.0,0,0,0,1,0,0,0,0,0,0,0,0,1,1,1
27617,2401,2195,448,469,1984,0.0,0,0.5,0.0,0,0,0,1,0,0,0,0,0,0,0,0,1,1,1
27627,2402,2196,449,468,1985,0.0,0,0.5,0.0,0,0,0,1,0,0,0,0,0,0,0,0,1,1,1
27637,2402,2196,450,468,1985,0.0,0,0.5,0.0,0,0,0,1,0,0,0,0,0,0,0,0,1,1,1
27647,2402,2196,450,469,1986,0.0,0,0.5,0.0,0,0,0,1,0,0,0,0,0,0,0,0,1,1,1
27657,2400,2197,449,468,1987,0.0,0,0.6,0.0,0,0,0,1,0,0,0,0,0,0,0,0,1,1,1
27667,2402,2196,450,469,1985,0.0,0,0.5,0.0,0,0,0,1,0,0,0,0,0,0,0,0,1,1,1
27677,2401,2196,450,468,1985,0.0,0,0.5,0.0,0,0,0,1,0,0,0,0,0,0,0,0,1,1,1
27687,2401,2196,451,469,1985,0.0,0,0.4,0.0,0,0,0,1,0,0,0,0,0,0,0,0,1,1,1
27697,2403,2196,450,468,1985,0.0,0,0.8,0.0,0,0,0,1,0,0,0,0,0,0,0,0,1,1,1
27707,2401,2194,450,470,1985,0.0,0,0.8,0.0,0,0,0,1,0,0,0,0,0,0,0,0,1,1,1
27717,2401,2197,449,470,1984,0.0,0,0.5,0.0,0,0,0,1,0,0,0,0,0,0,0,0,1,1,1
27727,2402,2196,450,468,1986,0.0,0,0.4,0.0,0,0,0,1,0,0,0,0,0,0,0,0,1,1,1
27737,2402,2194,449,466,1985,0.0,0,0.4,0.0,0,0,0,1,0,0,0,0,0,0,0,0,1,1,1
27747,2401,2196,448,469,1987,0.0,0,0.1,0.0,0,0,0,1,0,0,0,0,0,0,0,0,1,1,1
27757,2400,2196,445,467,1985,0.0,0,0.3,0.0,0,0,0,1,0,0,0,0,0,0,0,0,1,1,1
27767,2401,2196,450,468,1985,0.0,0,0.3,0.0,0,0,0,1,0,0,0,0,0,0,0,0,1,1,1
27777,2402,2196,450,470,1985,0.0,0,0.3,0.0,0,0,0,1,0,0,0,0,0,0,0,0,1,1,1
27787,2402,2196,450,468,1985,0.0,0,0.6,0.0,0,0,0,1,0,0,0,0,0,0,0,0,1,1,1
27797,2402,2195,451,469,1984,0.0,0,0.1,0.0,0,0,0,1,0,0,0,0,0,0,0,0,1,1,1
27807,2402,2196,451,468,1985,0.0,0,0.3,0.0,0,0,0,1,0,0,0,0,0,0,0,0,1,1,1
27817,2403,2196,449,468,1986,0.0,0,0.4,0.0,0,0,0,1,0,0,0,0,0,0,0,0,1,1,1
27827,2402,2196,449,469,1983,0.0,0,0.4,0.0,0,0,0,1,0,0,0,0,0,0,0,0,1,1,1
27837,2400,2197,450,469,1984,0.0,0,0.4,0.0,0,0,0,1,0,0,0,0,0,0,0,0,1,1,1
27847,2402,2197,450,471,1986,0.0,0,0.5,0.0,0,0,0,1,0,0,0,0,0,0,0,0,1,1,1
27857,2402,2197,449,468,1986,0.0,0,0.5,0.0,0,0,0,1,0,0,0,0,0,0,0,0,1,1,1
27867,2402,2196,449,469,1985,0.0,0,0.3,0.0,0,0,0,1,0,0,0,0,0,0,0,0,1,1,1
27877,2402,2196,450,468,1986,0.0,0,0.4,0.0,0,0,0,1,0,0,0,0,0,0,0,0,1,1,1
27887,2398,2197,450,468,1986,0.0,0,0.4,0.0,0,0,0,1,0,0,0,0,0,0,0,0,1,1,1
27897,2401,2197,450,469,1985,0.0,0,0.5,0.0,0,0,0,1,0,0,0,0,0,0,0,0,1,1,1
27907,2401,2196,449,468,1985,0.0,0,0.2,0.0,0,0,0,1,0,0,0,0,0,0,0,0,1,1,1
27917,2402,2197,449,469,1986,0.0,0,0.3,0.0,0,0,0,1,0,0,0,0,0,0,0,0,1,1,1
27927,2401,2197,450,469,1986,0.0,0,0.2,0.0,0,0,0,1,0,0,0,0,0,0,0,0,1,1,1
27937,2403,2197,449,468,1986,0.0,0,0.5,0.0,0,0,0,1,0,0,0,0,0,0,0,0,1,1,1
27947,2400,2196,449,469,1985,0.0,0,0.5,0.0,0,0,0,1,0,0,0,0,0,0,0,0,1,1,1
27957,2402,2196,450,469,1986,0.0,0,1.0,0.0,0,0,0,1,0,0,0,0,0,0,0,0,1,1,1
27967,2401,2196,450,468,1986,0.0,0,0.5,0.0,0,0,0,1,0,0,0,0,0,0,0,0,1,1,1
27977,2400,2196,449,469,1984,0.0,0,0.3,0.0,0,0,0,1,0,0,0,0,0,0,0,0,1,1,1
27987,2400,2197,451,469,1984,0.0,0,0.5,0.0,0,0,0,1,0,0,0,0,0,0,0,0,1,1,1
27997,2403,2196,449,471,1986,0.0,0,0.4,0.0,0,0,0,1,0,0,0,0,0,0,0,0,1,1,1
28007,2402,2196,451,469,1985,0.0,0,0.4,0.0,0,0,0,1,0,0,0,0,0,0,0,0,1,1,1
28017,2401,2196,451,469,1984,0.0,0,0.4,0.0,0,0,0,1,0,0,0,0,0,0,0,0,1,1,1
28027,2401,2196,449,469,1985,0.0,0,0.4,0.0,0,0,0,1,0,0,0,0,0,0,0,0,1,1,1
28037,2401,2197,450,469,1985,0.0,0,0.4,0.0,0,0,0,1,0,0,0,0,0,0,0,0,1,1,1
28047,2402,2200,448,469,1985,0.0,0,0.4,0.0,0,0,0,1,0,0,0,0,0,0,0,0,1,1,1
28057,2402,2197,451,470,1985,0.0,0,0.6,0.0,0,0,0,1,0,0,0,0,0,0,0,0,1,1,1
28067,2400,2197,450,472,1985,0.0,0,0.6,0.0,0,0,0,1,0,0,0,0,0,0,0,0,1,1,1
28077,2402,2197,450,469,1984,0.0,0,0.4,0.0,0,0,0,1,0,0,0,0,0,0,0,0,1,1,1
28087,2402,2196,449,467,1985,0.0,0,0.6,0.0,0,0,0,1,0,0,0,0,0,0,0,0,1,1,1
28097,2403,2196,451,470,1985,0.0,0,0.4,0.0,0,0,0,1,0,0,0,0,0,0,0,0,1,1,1
28107,2402,2196,451,469,1985,0.0,0,0.4,0.0,0,0,0,1,0,0,0,0,0,0,0,0,1,1,1
28117,2403,2196,449,469,1985,0.0,0,0.1,0.0,0,0,0,1,0,0,0,0,0,0,0,0,1,1,1
28127,2402,2197,446,468,1984,0.0,0,0.1,0.0,0,0,0,1,0,0,0,0,0,0,0,0,1,1,1
28137,2402,2198,449,470,1983,0.0,0,0.5,0.0,0,0,0,1,0,0,0,0,0,0,0,0,1,1,1
28147,2401,2196,447,469,1985,0.0,0,0.5,0.0,0,0,0,1,0,0,0,0,0,0,0,0,1,1,1
28157,2399,2196,450,469,1985,0.0,0,0.5,0.0,0,0,0,1,0,0,0,0,0,0,0,0,1,1,1
28167,2401,2196,450,468,1985,0.0,0,0.5,0.0,0,0,0,1,0,0,0,0,0,0,0,0,1,1,1
28177,2402,2196,450,469,1985,0.0,0,0.4,0.0,0,0,0,1,0,0,0,0,0,0,0,0,1,1,1
28187,2401,2196,449,468,1985,0.0,0,0.4,0.0,0,0,0,1,0,0,0,0,0,0,0,0,1,1,1
28197,2402,2197,448,468,1986,0.0,0,0.4,0.0,0,0,0,1,0,0,0,0,0,0,0,0,1,1,1
28207,2402,2196,452,468,1984,0.0,0,0.6,0.0,0,0,0,1,0,0,0,0,0,0,0,0,1,1,1
28217,2401,2196,450,468,1985,0.0,0,0.4,0.0,0,0,0,1,0,0,0,0,0,0,0,0,1,1,1
28227,2401,2196,450,469,1985,0.0,0,0.5,0.0,0,0,0,1,0,0,0,0,0,0,0,0,1,1,1
28237,2402,2197,450,469,1985,0.0,0,0.5,0.0,0,0,0,1,0,0,0,0,0,0,0,0,1,1,1
28247,2402,2196,449,468,1986,0.0,0,0.5,0.0,0,0,0,1,0,0,0,0,0,0,0,0,1,1,1
28257,2401,2196,447,470,1983,0.0,0,0.4,0.0,0,0,0,1,0,0,0,0,0,0,0,0,1,1,1
28267,2401,2196,454,469,1985,0.0,0,0.5,0.0,0,0,0,1,0,0,0,0,0,0,0,0,1,1,1
28277,2402,2196,449,468,1985,0.0,0,0.4,0.0,0,0,0,1,0,0,0,0,0,0,0,0,1,1,1
28287,2399,2196,450,469,1984,0.0,0,0.6,0.0,0,0,0,1,0,0,0,0,0,0,0,0,1,1,1
28297,2401,2195,449,468,1984,0.0,0,0.6,0.0,0,0,0,1,0,0,0,0,0,0,0,0,1,1,1
28307,2402,2196,450,469,1984,0.0,0,0.6,0.0,0,0,0,1,0,0,0,0,0,0,0,0,1,1,1
28317,2400,2196,452,469,1984,0.0,0,0.5,0.0,0,0,0,1,0,0,0,0,0,0,0,0,1,1,1
28327,2401,2196,452,466,1985,0.0,0,0.6,0.0,0,0,0,1,0,0,0,0,0,0,0,0,1,1,1
28337,2401,2196,449,469,1985,0.0,0,0.4,0.0,0,0,0,1,0,0,0,0,0,0,0,0,1,1,1
28347,2400,2196,450,469,1985,0.0,0,0.4,0.0,0,0,0,1,0,0,0,0,0,0,0,0,1,1,1
28357,2401,2196,450,468,1985,0.0,0,0.5,0.0,0,0,0,1,0,0,0,0,0,0,0,0,1,1,1
28367,2401,2196,450,469,1985,0.0,0,0.5,0.0,0,0,0,1,0,0,0,0,0,0,0,0,1,1,1
28377,2401,2197,450,469,1984,0.0,0,0.4,0.0,0,0,0,1,0,0,0,0,0,0,0,0,1,1,1
28387,2400,2197,449,469,1984,0.0,0,0.2,0.0,0,0,0,1,0,0,0,0,0,0,0,0,1,1,1
28397,2402,2196,450,468,1986,0.0,0,0.3,0.0,0,0,0,1,0,0,0,0,0,0,0,0,1,1,1
28407,2402,2196,449,470,1985,0.0,0,0.5,0.0,0,0,0,1,0,0,0,0,0,0,0,0,1,1,1
28417,2402,2196,451,470,1985,0.0,0,0.5,0.0,0,0,0,1,0,0,0,0,0,0,0,0,1,1,1
28427,2402,2196,448,468,1985,0.0,0,0.5,0.0,0,0,0,1,0,0,0,0,0,0,0,0,1,1,1
28437,2401,2196,449,469,1986,0.0,0,0.5,0.0,0,0,0,1,0,0,0,0,0,0,0,0,1,1,1
28447,2401,2193,449,468,1984,0.0,0,0.3,0.0,0,0,0,1,0,0,0,0,0,0,0,0,1,1,1
28458,2406,2197,448,469,1984,0.0,0,0.5,0.0,0,0,0,1,0,0,0,0,0,0,0,0,1,1,1
28468,2401,2196,451,468,1983,0.0,0,0.4,0.0,0,0,0,1,0,0,0,0,0,0,0,0,1,1,1
28478,2402,2197,452,469,1984,0.0,0,0.5,0.0,0,0,0,1,0,0,0,0,0,0,0,0,1,1,1
28488,2402,2196,449,468,1986,0.0,0,0.5,0.0,0,0,0,1,0,0,0,0,0,0,0,0,1,1,1
28498,2401,2196,450,468,1985,0.0,0,0.5,0.0,0,0,0,1,0,0,0,0,0,0,0,0,1,1,1
28508,2402,2197,450,469,1987,0.0,0,0.5,0.0,0,0,0,1,0,0,0,0,0,0,0,0,1,1,1
28518,2402,2196,453,469,1985,0.0,0,0.3,0.0,0,0,0,1,0,0,0,0,0,0,0,0,1,1,1
28528,2401,2197,448,468,1985,0.0,0,0.6,0.0,0,0,0,1,0,0,0,0,0,0,0,0,1,1,1
28538,2402,2196,450,468,1986,0.0,0,0.2,0.0,0,0,0,1,0,0,0,0,0,0,0,0,1,1,1
28548,2399,2195,450,468,1985,0.0,0,0.2,0.0,0,0,0,1,0,0,0,0,0,0,0,0,1,1,1
28558,2401,2197,451,469,1985,0.0,0,0.5,0.0,0,0,0,1,0,0,0,0,0,0,0,0,1,1,1
28568,2401,2195,449,468,1984,0.0,0,0.2,0.0,0,0,0,1,0,0,0,0,0,0,0,0,1,1,1
28578,2403,2197,451,469,1984,0.0,0,0.3,0.0,0,0,0,1,0,0,0,0,0,0,0,0,1,1,1
28588,2401,2196,449,468,1985,0.0,0,0.4,0.0,0,0,0,1,0,0,0,0,0,0,0,0,1,1,1
28598,2401,2197,450,468,1983,0.0,0,0.3,0.0,0,0,0,1,0,0,0,0,0,0,0,0,1,1,1
28608,2402,2196,450,468,1985,0.0,0,0.3,0.0,0,0,0,1,0,0,0,0,0,0,0,0,1,1,1
28618,2401,2196,450,470,1985,0.0,0,0.5,0.0,0,0,0,1,0,0,0,0,0,0,0,0,1,1,1
28628,2398,2197,448,468,1986,0.0,0,0.4,0.0,0,0,0,1,0,0,0,0,0,0,0,0,1,1,1
28638,2402,2196,450,469,1985,0.0,0,0.5,0.0,0,0,0,1,0,0,0,0,0,0,0,0,1,1,1
28648,2401,2197,450,468,1985,0.0,0,0.4,0.0,0,0,0,1,0,0,0,0,0,0,0,0,1,1,1
28658,2403,2196,450,467,1986,0.0,0,0.5,0.0,0,0,0,1,0,0,0,0,0,0,0,0,1,1,1
28668,2402,2196,450,468,1985,0.0,0,0.5,0.0,0,0,0,1,0,0,0,0,0,0,0,0,1,1,1
28678,2401,2196,447,469,1985,0.0,0,0.6,0.0,0,0,0,1,0,0,0,0,0,0,0,0,1,1,1
28688,2401,2195,450,470,1985,0.0,0,0.3,0.0,0,0,0,1,0,0,0,0,0,0,0,0,1,1,1
28698,2401,2196,450,469,1985,0.0,0,0.6,0.0,0,0,0,1,0,0,0,0,0,0,0,0,1,1,1
28708,2401,2197,451,469,1986,0.0,0,0.5,0.0,0,0,0,1,0,0,0,0,0,0,0,0,1,1,1
28718,2401,2196,450,470,1986,0.0,0,0.4,0.0,0,0,0,1,0,0,0,0,0,0,0,0,1,1,1
28728,2401,2197,450,469,1984,0.0,0,0.4,0.0,0,0,0,1,0,0,0,0,0,0,0,0,1,1,1
28738,2401,2196,450,466,1986,0.0,0,0.4,0.0,0,0,0,1,0,0,0,0,0,0,0,0,1,1,1
28748,2403,2196,449,469,1985,0.0,0,0.4,0.0,0,0,0,1,0,0,0,0,0,0,0,0,1,1,1
28758,2402,2195,449,468,1986,0.0,0,0.4,0.0,0,0,0,1,0,0,0,0,0,0,0,0,1,1,1
28768,2402,2196,450,469,1986,0.0,0,0.3,0.0,0,0,0,1,0,0,0,0,0,0,0,0,1,1,1
28778,2401,2197,450,469,1986,0.0,0,0.5,0.0,0,0,0,1,0,0,0,0,0,0,0,0,1,1,1
28789,2402,2196,450,469,1986,0.0,0,0.6,0.0,0,0,0,1,0,0,0,0,0,0,0,0,1,1,1
28799,2399,2197,449,468,1987,0.0,0,0.6,0.0,0,0,0,1,0,0,0,0,0,0,0,0,1,1,1
28809,2401,2196,450,471,1986,0.0,0,0.6,0.0,0,0,0,1,0,0,0,0,0,0,0,0,1,1,1
28819,2399,2197,451,471,1986,0.0,0,0.4,0.0,0,0,0,1,0,0,0,0,0,0,0,0,1,1,1
28829,2401,2197,452,469,1986,0.0,0,0.5,0.0,0,0,0,1,0,0,0,0,0,0,0,0,1,1,1
28839,2401,2200,450,469,1985,0.0,0,0.3,0.0,0,0,0,1,0,0,0,0,0,0,0,0,1,1,1
28849,2402,2193,450,467,1985,0.0,0,0.5,0.0,0,0,0,1,0,0,0,0,0,0,0,0,1,1,1
28859,2401,2197,450,466,1986,0.0,0,0.5,0.0,0,0,0,1,0,0,0,0,0,0,0,0,1,1,1
28869,2400,2195,449,468,1986,0.0,0,0.8,0.0,0,0,0,1,0,0,0,0,0,0,0,0,1,1,1
28879,2402,2197,450,468,1984,0.0,0,0.5,0.0,0,0,0,1,0,0,0,0,0,0,0,0,1,1,1
28889,2402,2196,451,468,1985,0.0,0,0.4,0.0,0,0,0,1,0,0,0,0,0,0,0,0,1,1,1
28899,2401,2196,450,468,1984,0.0,0,0.5,0.0,0,0,0,1,0,0,0,0,0,0,0,0,1,1,1
28909,2401,2196,449,468,1985,0.0,0,0.3,0.0,0,0,0,1,0,0,0,0,0,0,0,0,1,1,1
28919,2402,2196,450,468,1985,0.0,0,0.3,0.0,0,0,0,1,0,0,0,0,0,0,0,0,1,1,1
28929,2401,2196,451,469,1985,0.0,0,0.6,0.0,0,0,0,1,0,0,0,0,0,0,0,0,1,1,1
28939,2401,2196,449,470,1986,0.0,0,0.6,0.0,0,0,0,1,0,0,0,0,0,0,0,0,1,1,1
28949,2401,2197,449,470,1984,0.0,0,0.6,0.0,0,0,0,1,0,0,0,0,0,0,0,0,1,1,1
28959,2402,2198,450,470,1985,0.0,0,0.4,0.0,0,0,0,1,0,0,0,0,0,0,0,0,1,1,1
28969,2403,2196,449,468,1985,0.0,0,0.3,0.0,0,0,0,1,0,0,0,0,0,0,0,0,1,1,1
28979,2402,2197,449,469,1986,0.0,0,0.3,0.0,0,0,0,1,0,0,0,0,0,0,0,0,1,1,1
28989,2402,2197,448,469,1985,0.0,0,0.4,0.0,0,0,0,1,0,0,0,0,0,0,0,0,1,1,1
28999,2402,2196,449,468,1985,0.0,0,0.4,0.0,0,0,0,1,0,0,0,0,0,0,0,0,1,1,1
29009,2401,2196,446,467,1985,0.0,0,0.6,0.0,0,0,0,1,0,0,0,0,0,0,0,0,1,1,1
29019,2401,2196,450,469,1986,0.0,0,0.5,0.0,0,0,0,1,0,0,0,0,0,0,0,0,1,1,1
29029,2402,2198,450,468,1985,0.0,0,0.3,0.0,0,0,0,1,0,0,0,0,0,0,0,0,1,1,1
29039,2402,2196,451,469,1985,0.0,0,0.3,0.0,0,0,0,1,0,0,0,0,0,0,0,0,1,1,1
29049,2401,2197,447,469,1984,0.0,0,0.6,0.0,0,0,0,1,0,0,0,0,0,0,0,0,1,1,1
29059,2402,2198,449,468,1985,0.0,0,0.3,0.0,0,0,0,1,0,0,0,0,0,0,0,0,1,1,1
29069,2404,2197,449,469,1984,0.0,0,0.4,0.0,0,0,0,1,0,0,0,0,0,0,0,0,1,1,1
29079,2402,2196,450,469,1986,0.0,0,0.5,0.0,0,0,0,1,0,0,0,0,0,0,0,0,1,1,1
29089,2401,2197,449,470,1985,0.0,0,0.5,0.0,0,0,0,1,0,0,0,0,0,0,0,0,1,1,1
29099,2403,2196,451,470,1984,0.0,0,0.5,0.0,0,0,0,1,0,0,0,0,0,0,0,0,1,1,1
29109,2401,2197,450,466,1985,0.0,0,0.5,0.0,0,0,0,1,0,0,0,0,0,0,0,0,1,1,1
29119,2400,2196,449,469,1985,0.0,0,0.5,0.0,0,0,0,1,0,0,0,0,0,0,0,0,1,1,1
29129,2401,2197,449,470,1985,0.0,0,0.5,0.0,0,0,0,1,0,0,0,0,0,0,0,0,1,1,1
29139,2402,2194,449,469,1985,0.0,0,0.3,0.0,0,0,0,1,0,0,0,0,0,0,0,0,1,1,1
29149,2403,2196,450,468,1984,0.0,0,0.0,0.0,0,0,0,1,0,0,0,0,0,0,0,0,1,1,1
29159,2401,2196,451,469,1984,0.0,0,0.0,0.0,0,0,0,1,0,0,0,0,0,0,0,0,1,1,1
29169,2403,2196,450,469,1986,0.0,0,0.6,0.0,0,0,0,1,0,0,0,0,0,0,0,0,1,1,1
29179,2401,2196,450,469,1986,0.0,0,0.4,0.0,0,0,0,1,0,0,0,0,0,0,0,0,1,1,1
29189,2402,2197,451,470,1985,0.0,0,0.3,0.0,0,0,0,1,0,0,0,0,0,0,0,0,1,1,1
29199,2401,2197,450,469,1985,0.0,0,0.5,0.0,0,0,0,1,0,0,0,0,0,0,0,0,1,1,1
29209,2402,2196,450,468,1986,0.0,0,0.4,0.0,0,0,0,1,0,0,0,0,0,0,0,0,1,1,1
29219,2402,2195,451,469,1986,0.0,0,0.4,0.0,0,0,0,1,0,0,0,0,0,0,0,0,1,1,1
29229,2401,2196,450,469,1984,0.0,0,0.5,0.0,0,0,0,1,0,0,0,0,0,0,0,0,1,1,1
29239,2402,2199,450,468,1986,0.0,0,0.2,0.0,0,0,0,1,0,0,0,0,0,0,0,0,1,1,1
29249,2402,2196,450,469,1985,0.0,0,0.5,0.0,0,0,0,1,0,0,0,0,0,0,0,0,1,1,1
29259,2402,2196,448,468,1985,0.0,0,0.5,0.0,0,0,0,1,0,0,0,0,0,0,0,0,1,1,1
29269,2403,2196,447,468,1986,0.0,0,0.4,0.0,0,0,0,1,0,0,0,0,0,0,0,0,1,1,1
29279,2401,2196,450,469,1985,0.0,0,0.4,0.0,0,0,0,1,0,0,0,0,0,0,0,0,1,1,1
29289,2401,2196,450,469,1983,0.0,0,0.3,0.0,0,0,0,1,0,0,0,0,0,0,0,0,1,1,1
29299,2401,2196,453,469,1984,0.0,0,0.2,0.0,0,0,0,1,0,0,0,0,0,0,0,0,1,1,1
29309,2400,2196,448,471,1984,0.0,0,0.5,0.0,0,0,0,1,0,0,0,0,0,0,0,0,1,1,1
29319,2400,2196,449,469,1985,0.0,0,0.5,0.0,0,0,0,1,0,0,0,0,0,0,0,0,1,1,1
29329,2402,2196,449,468,1984,0.0,0,0.6,0.0,0,0,0,1,0,0,0,0,0,0,0,0,1,1,1
29339,2402,2197,451,469,1985,0.0,0,0.6,0.0,0,0,0,1,0,0,0,0,0,0,0,0,1,1,1
29349,2400,2196,450,469,1985,0.0,0,0.5,0.0,0,0,0,1,0,0,0,0,0,0,0,0,1,1,1
29359,2399,2195,450,466,1985,0.0,0,0.4,0.0,0,0,0,1,0,0,0,0,0,0,0,0,1,1,1
29369,2402,2196,450,468,1985,0.0,0,0.4,0.0,0,0,0,1,0,0,0,0,0,0,0,0,1,1,1
29379,2400,2196,449,469,1985,0.0,0,0.4,0.0,0,0,0,1,0,0,0,0,0,0,0,0,1,1,1
29389,2401,2196,450,469,1985,0.0,0,0.5,0.0,0,0,0,1,0,0,0,0,0,0,0,0,1,1,1
29399,2403,2196,451,469,1985,0.0,0,0.5,0.0,0,0,0,1,0,0,0,0,0,0,0,0,1,1,1
29409,2400,2196,450,469,1986,0.0,0,0.2,0.0,0,0,0,1,0,0,0,0,0,0,0,0,1,1,1
29419,2401,2197,448,470,1985,0.0,0,0.5,0.0,0,0,0,1,0,0,0,0,0,0,0,0,1,1,1
29429,2401,2197,450,470,1985,0.0,0,0.6,0.0,0,0,0,1,0,0,0,0,0,0,0,0,1,1,1
29439,2400,2196,449,470,1985,0.0,0,0.4,0.0,0,0,0,1,0,0,0,0,0,0,0,0,1,1,1
29449,2405,2196,448,470,1984,0.0,0,0.5,0.0,0,0,0,1,0,0,0,0,0,0,0,0,1,1,1
29459,2402,2196,450,470,1986,0.0,0,0.5,0.0,0,0,0,1,0,0,0,0,0,0,0,0,1,1,1
29469,2403,2196,450,469,1985,0.0,0,0.5,0.0,0,0,0,1,0,0,0,0,0,0,0,0,1,1,1
29479,2401,2196,451,469,1985,0.0,0,0.4,0.0,0,0,0,1,0,0,0,0,0,0,0,0,1,1,1
29489,2397,2196,451,469,1984,0.0,0,0.3,0.0,0,0,0,1,0,0,0,0,0,0,0,0,1,1,1
29499,2401,2194,451,469,1985,0.0,0,0.3,0.0,0,0,0,1,0,0,0,0,0,0,0,0,1,1,1
29509,2402,2196,449,466,1985,0.0,0,0.5,0.0,0,0,0,1,0,0,0,0,0,0,0,0,1,1,1
29519,2401,2196,449,468,1985,0.0,0,0.5,0.0,0,0,0,1,0,0,0,0,0,0,0,0,1,1,1
29529,2402,2197,447,470,1986,0.0,0,0.5,0.0,0,0,0,1,0,0,0,0,0,0,0,0,1,1,1
29539,2400,2196,450,469,1985,0.0,0,0.4,0.0,0,0,0,1,0,0,0,0,0,0,0,0,1,1,1
29549,2397,2198,450,468,1986,0.0,0,0.3,0.0,0,0,0,1,0,0,0,0,0,0,0,0,1,1,1
29559,2401,2196,450,468,1986,0.0,0,0.6,0.0,0,0,0,1,0,0,0,0,0,0,0,0,1,1,1
29569,2402,2197,450,466,1985,0.0,0,0.6,0.0,0,0,0,1,0,0,0,0,0,0,0,0,1,1,1
29579,2402,2196,450,468,1984,0.0,0,0.6,0.0,0,0,0,1,0,0,0,0,0,0,0,0,1,1,1
29589,2403,2197,450,467,1986,0.0,0,0.4,0.0,0,0,0,1,0,0,0,0,0,0,0,0,1,1,1
29599,2401,2196,449,468,1985,0.0,0,0.5,0.0,0,0,0,1,0,0,0,0,0,0,0,0,1,1,1
29609,2401,2198,450,469,1986,0.0,0,0.3,0.0,0,0,0,1,0,0,0,0,0,0,0,0,1,1,1
29619,2401,2196,448,469,1985,0.0,0,0.4,0.0,0,0,0,1,0,0,0,0,0,0,0,0,1,1,1
29629,2402,2196,449,470,1986,0.0,0,0.4,0.0,0,0,0,1,0,0,0,0,0,0,0,0,1,1,1
29639,2401,2196,449,468,1986,0.0,0,0.4,0.0,0,0,0,1,0,0,0,0,0,0,0,0,1,1,1
29649,2402,2196,450,470,1985,0.0,0,0.6,0.0,0,0,0,1,0,0,0,0,0,0,0,0,1,1,1
29659,2401,2196,450,467,1985,0.0,0,0.4,0.0,0,0,0,1,0,0,0,0,0,0,0,0,1,1,1
29669,2400,2196,449,469,1985,0.0,0,0.6,0.0,0,0,0,1,0,0,0,0,0,0,0,0,1,1,1
29679,2401,2197,449,470,1984,0.0,0,0.6,0.0,0,0,0,1,0,0,0,0,0,0,0,0,1,1,1
29689,2402,2196,449,467,1986,0.0,0,0.4,0.0,0,0,0,1,0,0,0,0,0,0,0,0,1,1,1
29699,2401,2197,451,469,1984,0.0,0,0.4,0.0,0,0,0,1,0,0,0,0,0,0,0,0,1,1,1
29709,2401,2193,449,468,1986,0.0,0,0.2,0.0,0,0,0,1,0,0,0,0,0,0,0,0,1,1,1
29719,2401,2197,449,469,1986,0.0,0,0.5,0.0,0,0,0,1,0,0,0,0,0,0,0,0,1,1,1
29729,2402,2196,449,470,1986,0.0,0,0.3,0.0,0,0,0,1,0,0,0,0,0,0,0,0,1,1,1
29739,2402,2197,450,470,1986,0.0,0,0.5,0.0,0,0,0,1,0,0,0,0,0,0,0,0,1,1,1
29749,2402,2196,450,471,1986,0.0,0,0.4,0.0,0,0,0,1,0,0,0,0,0,0,0,0,1,1,1
29759,2402,2196,449,468,1984,0.0,0,0.4,0.0,0,0,0,1,0,0,0,0,0,0,0,0,1,1,1
29769,2402,2197,448,471,1985,0.0,0,0.5,0.0,0,0,0,1,0,0,0,0,0,0,0,0,1,1,1
29779,2402,2197,449,470,1987,0.0,0,0.4,0.0,0,0,0,1,0,0,0,0,0,0,0,0,1,1,1
29789,2401,2196,449,468,1986,0.0,0,0.0,0.0,0,0,0,1,0,0,0,0,0,0,0,0,1,1,1
29799,2401,2196,450,468,1985,0.0,0,0.5,0.0,0,0,0,1,0,0,0,0,0,0,0,0,1,1,1
29809,2404,2196,449,469,1985,0.0,0,0.4,0.0,0,0,0,1,0,0,0,0,0,0,0,0,1,1,1
29819,2401,2197,450,468,1985,0.0,0,0.4,0.0,0,0,0,1,0,0,0,0,0,0,0,0,1,1,1
29829,2404,2197,449,470,1986,0.0,0,0.5,0.0,0,0,0,1,0,0,0,0,0,0,0,0,1,1,1
29839,2402,2196,450,468,1985,0.0,0,0.6,0.0,0,0,0,1,0,0,0,0,0,0,0,0,1,1,1
29849,2401,2197,450,469,1986,0.0,0,0.6,0.0,0,0,0,1,0,0,0,0,0,0,0,0,1,1,1
29859,2401,2197,449,470,1982,0.0,0,0.4,0.0,0,0,0,1,0,0,0,0,0,0,0,0,1,1,1
29869,2402,2196,449,469,1985,0.0,0,0.4,0.0,0,0,0,1,0,0,0,0,0,0,0,0,1,1,1
29879,2402,2197,450,469,1985,0.0,0,0.4,0.0,0,0,0,1,0,0,0,0,0,0,0,0,1,1,1
29889,2401,2196,449,470,1985,0.0,0,0.4,0.0,0,0,0,1,0,0,0,0,0,0,0,0,1,1,1
29899,2401,2197,451,469,1985,0.0,0,0.3,0.0,0,0,0,1,0,0,0,0,0,0,0,0,1,1,1
29909,2401,2196,450,469,1985,0.0,0,0.4,0.0,0,0,0,1,0,0,0,0,0,0,0,0,1,1,1
29919,2402,2197,450,468,1986,0.0,0,0.3,0.0,0,0,0,1,0,0,0,0,0,0,0,0,1,1,1
29929,2402,2198,450,468,1985,0.0,0,0.4,0.0,0,0,0,1,0,0,0,0,0,0,0,0,1,1,1
29939,2402,2196,449,469,1986,0.0,0,0.4,0.0,0,0,0,1,0,0,0,0,0,0,0,0,1,1,1
29949,2401,2197,452,469,1986,0.0,0,0.2,0.0,0,0,0,1,0,0,0,0,0,0,0,0,1,1,1
29959,2401,2196,452,467,1985,0.0,0,0.3,0.0,0,0,0,1,0,0,0,0,0,0,0,0,1,1,1
29969,2401,2196,450,468,1986,0.0,0,0.4,0.0,0,0,0,1,0,0,0,0,0,0,0,0,1,1,1
29979,2402,2197,450,466,1986,0.0,0,0.5,0.0,0,0,0,1,0,0,0,0,0,0,0,0,1,1,1
29989,2401,2197,451,469,1986,0.0,0,0.4,0.0,0,0,0,1,0,0,0,0,0,0,0,0,1,1,1
29999,2402,2196,450,469,1986,0.0,0,0.4,0.0,0,0,0,1,0,0,0,0,0,0,0,0,1,1,1
30009,2401,2196,452,469,1986,0.0,0,0.4,0.0,0,0,0,1,0,0,0,0,0,0,0,0,1,1,1
30019,2400,2196,449,470,1983,0.0,0,0.3,0.0,0,0,0,1,0,0,0,0,0,0,0,0,1,1,1
30029,2400,2195,450,469,1985,0.0,0,0.5,0.0,0,0,0,1,0,0,0,0,0,0,0,0,1,1,1
30039,2401,2196,449,469,1985,0.0,0,0.3,0.0,0,0,0,1,0,0,0,0,0,0,0,0,1,1,1
30049,2402,2197,451,467,1986,0.0,0,0.3,0.0,0,0,0,1,0,0,0,0,0,0,0,0,1,1,1
30059,2401,2197,450,469,1989,0.0,0,0.5,0.0,0,0,0,1,0,0,0,0,0,0,0,0,1,1,1
30069,2401,2196,451,470,1985,0.0,0,0.4,0.0,0,0,0,1,0,0,0,0,0,0,0,0,1,1,1
30079,2401,2197,450,469,1986,0.0,0,0.4,0.0,0,0,0,1,0,0,0,0,0,0,0,0,1,1,1
30089,2401,2197,449,468,1985,0.0,0,0.4,0.0,0,0,0,1,0,0,0,0,0,0,0,0,1,1,1
30099,2401,2197,452,470,1985,0.0,0,0.4,0.0,0,0,0,1,0,0,0,0,0,0,0,0,1,1,1
30109,2401,2196,450,469,1985,0.0,0,0.3,0.0,0,0,0,1,0,0,0,0,0,0,0,0,1,1,1
30119,2401,2196,450,469,1987,0.0,0,0.3,0.0,0,0,0,1,0,0,0,0,0,0,0,0,1,1,1
30129,2402,2196,451,469,1985,0.0,0,0.3,0.0,0,0,0,1,0,0,0,0,0,0,0,0,1,1,1
30139,2400,2196,450,469,1985,0.0,0,0.3,0.0,0,0,0,1,0,0,0,0,0,0,0,0,1,1,1
30149,2402,2197,451,470,1985,0.0,0,0.4,0.0,0,0,0,1,0,0,0,0,0,0,0,0,1,1,1
30159,2403,2196,450,469,1986,0.0,0,0.4,0.0,0,0,0,1,0,0,0,0,0,0,0,0,1,1,1
30169,2402,2196,450,468,1991,0.0,0,0.4,0.0,0,0,0,1,0,0,0,0,0,0,0,0,1,1,1
30179,2401,2196,450,469,1986,0.0,0,0.4,0.0,0,0,0,1,0,0,0,0,0,0,0,0,1,1,1
30189,2400,2196,450,470,1985,0.0,0,0.3,0.0,0,0,0,1,0,0,0,0,0,0,0,0,1,1,1
30199,2401,2196,448,468,1986,0.0,0,0.5,0.0,0,0,0,1,0,0,0,0,0,0,0,0,1,1,1
30209,2401,2199,450,465,1988,0.0,0,0.8,0.0,0,0,0,1,0,0,0,0,0,0,0,0,1,1,1
30219,2401,2196,450,469,1984,0.0,0,0.5,0.0,0,0,0,1,0,0,0,0,0,0,0,0,1,1,1
30229,2402,2196,450,471,1986,0.0,0,0.4,0.0,0,0,0,1,0,0,0,0,0,0,0,0,1,1,1
30239,2401,2196,450,468,1986,0.0,0,0.4,0.0,0,0,0,1,0,0,0,0,0,0,0,0,1,1,1
30249,2402,2196,450,471,1986,0.0,0,0.3,0.0,0,0,0,1,0,0,0,0,0,0,0,0,1,1,1
30259,2401,2196,449,470,1986,0.0,0,0.6,0.0,0,0,0,1,0,0,0,0,0,0,0,0,1,1,1
30269,2402,2197,450,469,1985,0.0,0,0.6,0.0,0,0,0,1,0,0,0,0,0,0,0,0,1,1,1
30279,2402,2197,450,470,1987,0.0,0,0.5,0.0,0,0,0,1,0,0,0,0,0,0,0,0,1,1,1
30289,2401,2195,450,467,1985,0.0,0,0.6,0.0,0,0,0,1,0,0,0,0,0,0,0,0,1,1,1
30299,2401,2196,451,468,1985,0.0,0,0.6,0.0,0,0,0,1,0,0,0,0,0,0,0,0,1,1,1
30309,2399,2196,449,468,1985,0.0,0,0.4,0.0,0,0,0,1,0,0,0,0,0,0,0,0,1,1,1
30319,2401,2196,450,470,1986,0.0,0,0.4,0.0,0,0,0,1,0,0,0,0,0,0,0,0,1,1,1
30329,2402,2196,449,469,1986,0.0,0,0.5,0.0,0,0,0,1,0,0,0,0,0,0,0,0,1,1,1
30339,2401,2196,450,469,1985,0.0,0,0.4,0.0,0,0,0,1,0,0,0,0,0,0,0,0,1,1,1
30349,2402,2196,452,469,1985,0.0,0,0.3,0.0,0,0,0,1,0,0,0,0,0,0,0,0,1,1,1
30359,2402,2195,450,469,1985,0.0,0,0.3,0.0,0,0,0,1,0,0,0,0,0,0,0,0,1,1,1
30369,2397,2196,450,470,1985,0.0,0,0.2,0.0,0,0,0,1,0,0,0,0,0,0,0,0,1,1,1
30379,2402,2196,450,469,1985,0.0,0,0.5,0.0,0,0,0,1,0,0,0,0,0,0,0,0,1,1,1
30390,2402,2196,449,468,1984,0.0,0,0.5,0.0,0,0,0,1,0,0,0,0,0,0,0,0,1,1,1
30400,2402,2197,449,468,1985,0.0,0,0.4,0.0,0,0,0,1,0,0,0,0,0,0,0,0,1,1,1
30410,2401,2197,450,469,1985,0.0,0,0.5,0.0,0,0,0,1,0,0,0,0,0,0,0,0,1,1,1
30421,2401,2197,450,469,1987,0.0,0,0.3,0.0,0,0,0,1,0,0,0,0,0,0,0,0,1,1,1
30431,2398,2196,450,467,1986,0.0,0,0.3,0.0,0,0,0,1,0,0,0,0,0,0,0,0,1,1,1
30441,2401,2196,452,468,1986,0.0,0,0.5,0.0,0,0,0,1,0,0,0,0,0,0,0,0,1,1,1
30451,2402,2196,449,471,1988,0.0,0,0.3,0.0,0,0,0,1,0,0,0,0,0,0,0,0,1,1,1
30461,2402,2196,450,470,1985,0.0,0,0.5,0.0,0,0,0,1,0,0,0,0,0,0,0,0,1,1,1
30471,2401,2196,449,469,1985,0.0,0,0.4,0.0,0,0,0,1,0,0,0,0,0,0,0,0,1,1,1
30481,2403,2196,450,470,1987,0.0,0,0.6,0.0,0,0,0,1,0,0,0,0,0,0,0,0,1,1,1
30491,2403,2197,451,469,1986,0.0,0,0.6,0.0,0,0,0,1,0,0,0,0,0,0,0,0,1,1,1
30501,2401,2196,450,469,1989,0.0,0,0.6,0.0,0,0,0,1,0,0,0,0,0,0,0,0,1,1,1
30511,2401,2196,450,469,1983,0.0,0,0.5,0.0,0,0,0,1,0,0,0,0,0,0,0,0,1,1,1
30521,2401,2196,452,468,1987,0.0,0,0.5,0.0,0,0,0,1,0,0,0,0,0,0,0,0,1,1,1
30531,2401,2197,449,470,1985,0.0,0,0.2,0.0,0,0,0,1,0,0,0,0,0,0,0,0,1,1,1
30541,2403,2197,450,469,1985,0.0,0,0.5,0.0,0,0,0,1,0,0,0,0,0,0,0,0,1,1,1
30551,2403,2196,451,469,1985,0.0,0,0.5,0.0,0,0,0,1,0,0,0,0,0,0,0,0,1,1,1
30561,2401,2196,449,469,1985,0.0,0,0.5,0.0,0,0,0,1,0,0,0,0,0,0,0,0,1,1,1
30571,2402,2196,447,468,1985,0.0,0,0.8,0.0,0,0,0,1,0,0,0,0,0,0,0,0,1,1,1
30581,2399,2199,450,469,1987,0.0,0,0.5,0.0,0,0,0,1,0,0,0,0,0,0,0,0,1,1,1
30591,2401,2200,450,469,1986,0.0,0,0.2,0.0,0,0,0,1,0,0,0,0,0,0,0,0,1,1,1
30601,2401,2196,449,469,1986,0.0,0,0.6,0.0,0,0,0,1,0,0,0,0,0,0,0,0,1,1,1
30611,2401,2197,451,469,1986,0.0,0,0.6,0.0,0,0,0,1,0,0,0,0,0,0,0,0,1,1,1
30621,2401,2196,449,469,1987,0.0,0,0.6,0.0,0,0,0,1,0,0,0,0,0,0,0,0,1,1,1
30631,2405,2197,449,469,1986,0.0,0,0.5,0.0,0,0,0,1,0,0,0,0,0,0,0,0,1,1,1
30641,2401,2197,449,470,1987,0.0,0,0.4,0.0,0,0,0,1,0,0,0,0,0,0,0,0,1,1,1
30651,2400,2196,451,468,1987,0.0,0,0.5,0.0,0,0,0,1,0,0,0,0,0,0,0,0,1,1,1
30661,2402,2196,451,469,1989,0.0,0,0.3,0.0,0,0,0,1,0,0,0,0,0,0,0,0,1,1,1
30671,2401,2195,450,468,1985,0.0,0,0.3,0.0,0,0,0,1,0,0,0,0,0,0,0,0,1,1,1
30681,2402,2196,450,470,1986,0.0,0,0.4,0.0,0,0,0,1,0,0,0,0,0,0,0,0,1,1,1
30691,2401,2197,449,469,1985,0.0,0,0.6,0.0,0,0,0,1,0,0,0,0,0,0,0,0,1,1,1
30701,2401,2197,451,468,1986,0.0,0,0.6,0.0,0,0,0,1,0,0,0,0,0,0,0,0,1,1,1
30711,2401,2197,450,470,1987,0.0,0,0.4,0.0,0,0,0,1,0,0,0,0,0,0,0,0,1,1,1
30721,2403,2194,450,468,1986,0.0,0,0.8,0.0,0,0,0,1,0,0,0,0,0,0,0,0,1,1,1
30731,2401,2196,449,469,1986,0.0,0,0.8,0.0,0,0,0,1,0,0,0,0,0,0,0,0,1,1,1
30741,2402,2197,449,469,1987,0.0,0,0.5,0.0,0,0,0,1,0,0,0,0,0,0,0,0,1,1,1
30751,2402,2197,451,468,1987,0.0,0,0.4,0.0,0,0,0,1,0,0,0,0,0,0,0,0,1,1,1
30761,2401,2196,450,471,1987,0.0,0,0.5,0.0,0,0,0,1,0,0,0,0,0,0,0,0,1,1,1
30771,2403,2197,449,467,1986,0.0,0,0.3,0.0,0,0,0,1,0,0,0,0,0,0,0,0,1,1,1
30781,2403,2196,450,468,1986,0.0,0,0.4,0.0,0,0,0,1,0,0,0,0,0,0,0,0,1,1,1
30791,2401,2196,450,469,1988,0.0,0,0.4,0.0,0,0,0,1,0,0,0,0,0,0,0,0,1,1,1
30801,2401,2197,451,469,1986,0.0,0,0.1,0.0,0,0,0,1,0,0,0,0,0,0,0,0,1,1,1
30811,2402,2197,449,470,1986,0.0,0,0.2,0.0,0,0,0,1,0,0,0,0,0,0,0,0,1,1,1
30821,2400,2197,452,470,1986,0.0,0,0.5,0.0,0,0,0,1,0,0,0,0,0,0,0,0,1,1,1
30831,2402,2197,450,468,1985,0.0,0,0.5,0.0,0,0,0,1,0,0,0,0,0,0,0,0,1,1,1
30841,2402,2197,449,470,1987,0.0,0,0.6,0.0,0,0,0,1,0,0,0,0,0,0,0,0,1,1,1
30851,2402,2196,449,469,1986,0.0,0,0.6,0.0,0,0,0,1,0,0,0,0,0,0,0,0,1,1,1
30861,2401,2196,448,468,1987,0.0,0,0.5,0.0,0,0,0,1,0,0,0,0,0,0,0,0,1,1,1
30871,2401,2197,449,469,1986,0.0,0,0.4,0.0,0,0,0,1,0,0,0,0,0,0,0,0,1,1,1
30881,2402,2196,447,468,1987,0.0,0,0.6,0.0,0,0,0,1,0,0,0,0,0,0,0,0,1,1,1
30891,2401,2196,450,469,1987,0.0,0,0.2,0.0,0,0,0,1,0,0,0,0,0,0,0,0,1,1,1
30901,2403,2196,449,468,1986,0.0,0,0.4,0.0,0,0,0,1,0,0,0,0,0,0,0,0,1,1,1
30911,2402,2196,450,469,1985,0.0,0,0.4,0.0,0,0,0,1,0,0,0,0,0,0,0,0,1,1,1
30921,2401,2196,449,468,1985,0.0,0,0.4,0.0,0,0,0,1,0,0,0,0,0,0,0,0,1,1,1
30931,2401,2197,450,470,1984,0.0,0,0.1,0.0,0,0,0,1,0,0,0,0,0,0,0,0,1,1,1
30941,2401,2195,449,468,1986,0.0,0,0.5,0.0,0,0,0,1,0,0,0,0,0,0,0,0,1,1,1
30951,2402,2193,449,469,1986,0.0,0,0.2,0.0,0,0,0,1,0,0,0,0,0,0,0,0,1,1,1
30961,2402,2197,449,468,1987,0.0,0,0.4,0.0,0,0,0,1,0,0,0,0,0,0,0,0,1,1,1
30971,2402,2196,450,469,1985,0.0,0,0.4,0.0,0,0,0,1,0,0,0,0,0,0,0,0,1,1,1
30981,2402,2196,447,468,1986,0.0,0,0.4,0.0,0,0,0,1,0,0,0,0,0,0,0,0,1,1,1
30991,2401,2196,450,469,1986,0.0,0,0.4,0.0,0,0,0,1,0,0,0,0,0,0,0,0,1,1,1
31001,2402,2196,450,470,1985,0.0,0,0.5,0.0,0,0,0,1,0,0,0,0,0,0,0,0,1,1,1
31011,2401,2196,449,469,1987,0.0,0,0.6,0.0,0,0,0,1,0,0,0,0,0,0,0,0,1,1,1
31021,2404,2197,449,468,1986,0.0,0,0.1,0.0,0,0,0,1,0,0,0,0,0,0,0,0,1,1,1
31031,2402,2196,451,470,1986,0.0,0,0.1,0.0,0,0,0,1,0,0,0,0,0,0,0,0,1,1,1
31041,2401,2196,450,468,1986,0.0,0,0.5,0.0,0,0,0,1,0,0,0,0,0,0,0,0,1,1,1
31051,2401,2196,450,468,1987,0.0,0,0.8,0.0,0,0,0,1,0,0,0,0,0,0,0,0,1,1,1
31061,2401,2196,450,470,1987,0.0,0,0.6,0.0,0,0,0,1,0,0,0,0,0,0,0,0,1,1,1
31071,2400,2197,452,468,1986,0.0,0,0.6,0.0,0,0,0,1,0,0,0,0,0,0,0,0,1,1,1
31081,2402,2197,449,469,1986,0.0,0,0.2,0.0,0,0,0,1,0,0,0,0,0,0,0,0,1,1,1
31091,2402,2196,450,469,1985,0.0,0,0.2,0.0,0,0,0,1,0,0,0,0,0,0,0,0,1,1,1
31101,2401,2196,449,469,1986,0.0,0,0.5,0.0,0,0,0,1,0,0,0,0,0,0,0,0,1,1,1
31111,2402,2197,449,469,1986,0.0,0,0.5,0.0,0,0,0,1,0,0,0,0,0,0,0,0,1,1,1
31121,2402,2197,449,469,1986,0.0,0,0.5,0.0,0,0,0,1,0,0,0,0,0,0,0,0,1,1,1
31131,2401,2196,450,468,1986,0.0,0,0.8,0.0,0,0,0,1,0,0,0,0,0,0,0,0,1,1,1
31141,2403,2197,450,470,1987,0.0,0,0.5,0.0,0,0,0,1,0,0,0,0,0,0,0,0,1,1,1
31151,2402,2196,449,470,1986,0.0,0,0.5,0.0,0,0,0,1,0,0,0,0,0,0,0,0,1,1,1
31161,2399,2197,450,470,1986,0.0,0,0.4,0.0,0,0,0,1,0,0,0,0,0,0,0,0,1,1,1
31171,2401,2197,449,469,1987,0.0,0,0.3,0.0,0,0,0,1,0,0,0,0,0,0,0,0,1,1,1
31181,2401,2197,451,468,1986,0.0,0,0.5,0.0,0,0,0,1,0,0,0,0,0,0,0,0,1,1,1
31191,2401,2196,450,469,1985,0.0,0,0.3,0.0,0,0,0,1,0,0,0,0,0,0,0,0,1,1,1
31201,2401,2196,448,469,1986,0.0,0,0.3,0.0,0,0,0,1,0,0,0,0,0,0,0,0,1,1,1
31211,2402,2196,450,465,1986,0.0,0,0.3,0.0,0,0,0,1,0,0,0,0,0,0,0,0,1,1,1
31221,2401,2197,452,470,1987,0.0,0,0.3,0.0,0,0,0,1,0,0,0,0,0,0,0,0,1,1,1
31231,2401,2196,450,469,1984,0.0,0,0.4,0.0,0,0,0,1,0,0,0,0,0,0,0,0,1,1,1
31241,2398,2199,449,469,1986,0.0,0,0.5,0.0,0,0,0,1,0,0,0,0,0,0,0,0,1,1,1
31251,2401,2197,450,473,1986,0.0,0,0.6,0.0,0,0,0,1,0,0,0,0,0,0,0,0,1,1,1
31261,2401,2196,448,469,1985,0.0,0,0.4,0.0,0,0,0,1,0,0,0,0,0,0,0,0,1,1,1
31271,2402,2196,450,468,1985,0.0,0,0.4,0.0,0,0,0,1,0,0,0,0,0,0,0,0,1,1,1
31283,2401,2196,449,469,1985,0.0,0,0.5,0.0,0,0,0,1,0,0,0,0,0,0,0,0,1,1,1
31293,2401,2196,450,470,1985,0.0,0,0.5,0.0,0,0,0,1,0,0,0,0,0,0,0,0,1,1,1
31303,2402,2196,451,467,1985,0.0,0,0.4,0.0,0,0,0,1,0,0,0,0,0,0,0,0,1,1,1
31315,2402,2196,450,468,1986,0.0,0,0.4,0.0,0,0,0,1,0,0,0,0,0,0,0,0,1,1,1
31325,2401,2196,450,468,1986,0.0,0,0.4,0.0,0,0,0,1,0,0,0,0,0,0,0,0,1,1,1
31335,2402,2196,449,469,1984,0.0,0,0.4,0.0,0,0,0,1,0,0,0,0,0,0,0,0,1,1,1
31345,2401,2196,449,469,1986,0.0,0,0.4,0.0,0,0,0,1,0,0,0,0,0,0,0,0,1,1,1
31355,2402,2196,449,471,1985,0.0,0,0.4,0.0,0,0,0,1,0,0,0,0,0,0,0,0,1,1,1
31365,2401,2196,446,469,1986,0.0,0,0.5,0.0,0,0,0,1,0,0,0,0,0,0,0,0,1,1,1
31375,2401,2196,451,469,1985,0.0,0,0.3,0.0,0,0,0,1,0,0,0,0,0,0,0,0,1,1,1
31385,2401,2196,451,469,1989,0.0,0,0.4,0.0,0,0,0,1,0,0,0,0,0,0,0,0,1,1,1
31395,2402,2196,450,470,1986,0.0,0,0.5,0.0,0,0,0,1,0,0,0,0,0,0,0,0,1,1,1
31405,2402,2196,449,469,1985,0.0,0,0.3,0.0,0,0,0,1,0,0,0,0,0,0,0,0,1,1,1
31415,2401,2196,449,469,1985,0.0,0,0.3,0.0,0,0,0,1,0,0,0,0,0,0,0,0,1,1,1
31425,2401,2196,449,468,1987,0.0,0,0.5,0.0,0,0,0,1,0,0,0,0,0,0,0,0,1,1,1
31435,2401,2198,448,468,1986,0.0,0,0.4,0.0,0,0,0,1,0,0,0,0,0,0,0,0,1,1,1
31445,2400,2197,448,468,1986,0.0,0,0.3,0.0,0,0,0,1,0,0,0,0,0,0,0,0,1,1,1
31455,2401,2197,449,468,1986,0.0,0,0.3,0.0,0,0,0,1,0,0,0,0,0,0,0,0,1,1,1
31465,2403,2195,448,469,1986,0.0,0,0.4,0.0,0,0,0,1,0,0,0,0,0,0,0,0,1,1,1
31475,2403,2197,453,469,1986,0.0,0,0.4,0.0,0,0,0,1,0,0,0,0,0,0,0,0,1,1,1
31485,2401,2196,450,468,1983,0.0,0,0.6,0.0,0,0,0,1,0,0,0,0,0,0,0,0,1,1,1
31495,2402,2197,450,469,1986,0.0,0,0.3,0.0,0,0,0,1,0,0,0,0,0,0,0,0,1,1,1
31505,2403,2197,451,469,1987,0.0,0,0.4,0.0,0,0,0,1,0,0,0,0,0,0,0,0,1,1,1
31515,2401,2196,449,468,1984,0.0,0,0.5,0.0,0,0,0,1,0,0,0,0,0,0,0,0,1,1,1
31525,2401,2196,449,469,1986,0.0,0,0.4,0.0,0,0,0,1,0,0,0,0,0,0,0,0,1,1,1
31535,2403,2196,450,469,1984,0.0,0,0.4,0.0,0,0,0,1,0,0,0,0,0,0,0,0,1,1,1
31545,2401,2197,449,469,1986,0.0,0,0.4,0.0,0,0,0,1,0,0,0,0,0,0,0,0,1,1,1
31555,2401,2196,450,468,1984,0.0,0,0.6,0.0,0,0,0,1,0,0,0,0,0,0,0,0,1,1,1
31565,2401,2196,451,471,1985,0.0,0,0.6,0.0,0,0,0,1,0,0,0,0,0,0,0,0,1,1,1
31575,2402,2197,448,470,1985,0.0,0,0.4,0.0,0,0,0,1,0,0,0,0,0,0,0,0,1,1,1
31585,2401,2196,448,469,1986,0.0,0,0.3,0.0,0,0,0,1,0,0,0,0,0,0,0,0,1,1,1
31595,2401,2197,449,469,1986,0.0,0,0.3,0.0,0,0,0,1,0,0,0,0,0,0,0,0,1,1,1
31605,2401,2197,449,468,1986,0.0,0,0.5,0.0,0,0,0,1,0,0,0,0,0,0,0,0,1,1,1
31615,2405,2196,449,468,1986,0.0,0,0.5,0.0,0,0,0,1,0,0,0,0,0,0,0,0,1,1,1
31625,2402,2196,450,468,1985,0.0,0,0.6,0.0,0,0,0,1,0,0,0,0,0,0,0,0,1,1,1
31635,2403,2196,450,469,1985,0.0,0,0.4,0.0,0,0,0,1,0,0,0,0,0,0,0,0,1,1,1
31645,2401,2196,452,468,1987,0.0,0,0.4,0.0,0,0,0,1,0,0,0,0,0,0,0,0,1,1,1
31655,2403,2196,450,466,1984,0.0,0,0.4,0.0,0,0,0,1,0,0,0,0,0,0,0,0,1,1,1
31666,2402,2196,449,468,1986,0.0,0,0.5,0.0,0,0,0,1,0,0,0,0,0,0,0,0,1,1,1
31676,2402,2197,450,470,1986,0.0,0,0.5,0.0,0,0,0,1,0,0,0,0,0,0,0,0,1,1,1
31686,2401,2197,450,470,1987,0.0,0,0.6,0.0,0,0,0,1,0,0,0,0,0,0,0,0,1,1,1
31696,2401,2195,450,470,1986,0.0,0,0.5,0.0,0,0,0,1,0,0,0,0,0,0,0,0,1,1,1
31706,2401,2197,451,470,1985,0.0,0,0.3,0.0,0,0,0,1,0,0,0,0,0,0,0,0,1,1,1
31716,2402,2196,449,468,1986,0.0,0,0.5,0.0,0,0,0,1,0,0,0,0,0,0,0,0,1,1,1
31726,2402,2196,449,468,1985,0.0,0,0.4,0.0,0,0,0,1,0,0,0,0,0,0,0,0,1,1,1
31736,2400,2196,450,468,1986,0.0,0,0.4,0.0,0,0,0,1,0,0,0,0,0,0,0,0,1,1,1
31746,2401,2197,449,468,1986,0.0,0,0.3,0.0,0,0,0,1,0,0,0,0,0,0,0,0,1,1,1
31756,2406,2196,450,467,1984,0.0,0,0.4,0.0,0,0,0,1,0,0,0,0,0,0,0,0,1,1,1
31766,2402,2197,449,470,1985,0.0,0,0.3,0.0,0,0,0,1,0,0,0,0,0,0,0,0,1,1,1
31776,2402,2196,447,470,1986,0.0,0,0.4,0.0,0,0,0,1,0,0,0,0,0,0,0,0,1,1,1
31786,2403,2194,449,468,1986,0.0,0,0.3,0.0,0,0,0,1,0,0,0,0,0,0,0,0,1,1,1
31796,2405,2195,453,470,1985,0.0,0,0.3,0.0,0,0,0,1,0,0,0,0,0,0,0,0,1,1,1
31806,2401,2196,448,470,1986,0.0,0,0.6,0.0,0,0,0,1,0,0,0,0,0,0,0,0,1,1,1
31816,2401,2196,449,469,1985,0.0,0,0.5,0.0,0,0,0,1,0,0,0,0,0,0,0,0,1,1,1
31826,2401,2195,449,469,1986,0.0,0,0.5,0.0,0,0,0,1,0,0,0,0,0,0,0,0,1,1,1
31838,2403,2196,450,469,1985,0.0,0,0.4,0.0,0,0,0,1,0,0,0,0,0,0,0,0,1,1,1
31848,2404,2197,450,469,1986,0.0,0,0.3,0.0,0,0,0,1,0,0,0,0,0,0,0,0,1,1,1
31858,2401,2196,450,469,1986,0.0,0,0.3,0.0,0,0,0,1,0,0,0,0,0,0,0,0,1,1,1
31868,2401,2196,450,469,1982,0.0,0,0.3,0.0,0,0,0,1,0,0,0,0,0,0,0,0,1,1,1
31878,2402,2196,450,470,1985,0.0,0,0.6,0.0,0,0,0,1,0,0,0,0,0,0,0,0,1,1,1
31888,2402,2196,451,469,1985,0.0,0,0.6,0.0,0,0,0,1,0,0,0,0,0,0,0,0,1,1,1
31898,2402,2197,449,468,1986,0.0,0,0.5,0.0,0,0,0,1,0,0,0,0,0,0,0,0,1,1,1
31908,2401,2197,449,469,1986,0.0,0,0.0,0.0,0,0,0,1,0,0,0,0,0,0,0,0,1,1,1
31918,2401,2196,450,469,1986,0.0,0,0.0,0.0,0,0,0,1,0,0,0,0,0,0,0,0,1,1,1
31928,2401,2196,451,468,1985,0.0,0,0.4,0.0,0,0,0,1,0,0,0,0,0,0,0,0,1,1,1
31938,2403,2197,450,470,1985,0.0,0,0.4,0.0,0,0,0,1,0,0,0,0,0,0,0,0,1,1,1
31948,2403,2194,450,468,1986,0.0,0,0.4,0.0,0,0,0,1,0,0,0,0,0,0,0,0,1,1,1
31958,2401,2196,447,469,1986,0.0,0,0.3,0.0,0,0,0,1,0,0,0,0,0,0,0,0,1,1,1
31968,2402,2197,449,468,1986,0.0,0,0.4,0.0,0,0,0,1,0,0,0,0,0,0,0,0,1,1,1
31978,2401,2196,450,469,1985,0.0,0,0.5,0.0,0,0,0,1,0,0,0,0,0,0,0,0,1,1,1
31988,2402,2196,449,469,1984,0.0,0,0.6,0.0,0,0,0,1,0,0,0,0,0,0,0,0,1,1,1
31998,2402,2196,447,470,1986,0.0,0,0.6,0.0,0,0,0,1,0,0,0,0,0,0,0,0,1,1,1
32008,2401,2196,451,468,1984,0.0,0,0.4,0.0,0,0,0,1,0,0,0,0,0,0,0,0,1,1,1
32018,2402,2196,450,468,1986,0.0,0,0.4,0.0,0,0,0,1,0,0,0,0,0,0,0,0,1,1,1
32028,2399,2196,449,469,1986,0.0,0,0.3,0.0,0,0,0,1,0,0,0,0,0,0,0,0,1,1,1
32038,2401,2196,452,470,1986,0.0,0,0.3,0.0,0,0,0,1,0,0,0,0,0,0,0,0,1,1,1
32048,2403,2197,452,468,1985,0.0,0,0.3,0.0,0,0,0,1,0,0,0,0,0,0,0,0,1,1,1
32058,2401,2193,450,469,1986,0.0,0,0.3,0.0,0,0,0,1,0,0,0,0,0,0,0,0,1,1,1
32068,2401,2197,450,470,1985,0.0,0,0.4,0.0,0,0,0,1,0,0,0,0,0,0,0,0,1,1,1
32078,2402,2197,450,469,1985,0.0,0,0.5,0.0,0,0,0,1,0,0,0,0,0,0,0,0,1,1,1
32088,2405,2193,450,469,1986,0.0,0,0.2,0.0,0,0,0,1,0,0,0,0,0,0,0,0,1,1,1
32098,2401,2197,448,468,1986,0.0,0,0.2,0.0,0,0,0,1,0,0,0,0,0,0,0,0,1,1,1
32108,2402,2196,451,469,1986,0.0,0,0.5,0.0,0,0,0,1,0,0,0,0,0,0,0,0,1,1,1
32119,2402,2196,448,467,1986,0.0,0,0.5,0.0,0,0,0,1,0,0,0,0,0,0,0,0,1,1,1
32129,2402,2196,450,468,1985,0.0,0,0.5,0.0,0,0,0,1,0,0,0,0,0,0,0,0,1,1,1
32139,2401,2196,450,468,1986,0.0,0,0.3,0.0,0,0,0,1,0,0,0,0,0,0,0,0,1,1,1
32149,2403,2197,449,468,1985,0.0,0,0.4,0.0,0,0,0,1,0,0,0,0,0,0,0,0,1,1,1
32159,2401,2197,453,469,1986,0.0,0,0.4,0.0,0,0,0,1,0,0,0,0,0,0,0,0,1,1,1
32169,2402,2197,450,468,1985,0.0,0,0.5,0.0,0,0,0,1,0,0,0,0,0,0,0,0,1,1,1
32179,2402,2196,449,468,1986,0.0,0,0.8,0.0,0,0,0,1,0,0,0,0,0,0,0,0,1,1,1
32189,2400,2197,451,470,1985,0.0,0,0.8,0.0,0,0,0,1,0,0,0,0,0,0,0,0,1,1,1
32199,2402,2197,450,470,1986,0.0,0,0.5,0.0,0,0,0,1,0,0,0,0,0,0,0,0,1,1,1
32209,2400,2196,449,468,1986,0.0,0,0.4,0.0,0,0,0,1,0,0,0,0,0,0,0,0,1,1,1
32219,2402,2196,449,471,1986,0.0,0,0.4,0.0,0,0,0,1,0,0,0,0,0,0,0,0,1,1,1
32229,2401,2197,450,469,1986,0.0,0,0.5,0.0,0,0,0,1,0,0,0,0,0,0,0,0,1,1,1
32239,2401,2197,450,469,1986,0.0,0,0.5,0.0,0,0,0,1,0,0,0,0,0,0,0,0,1,1,1
32249,2402,2196,449,468,1985,0.0,0,0.5,0.0,0,0,0,1,0,0,0,0,0,0,0,0,1,1,1
32259,2401,2196,449,468,1987,0.0,0,0.4,0.0,0,0,0,1,0,0,0,0,0,0,0,0,1,1,1
32269,2402,2196,451,468,1985,0.0,0,0.6,0.0,0,0,0,1,0,0,0,0,0,0,0,0,1,1,1
32279,2401,2196,446,467,1987,0.0,0,0.6,0.0,0,0,0,1,0,0,0,0,0,0,0,0,1,1,1
32289,2402,2196,450,469,1986,0.0,0,0.5,0.0,0,0,0,1,0,0,0,0,0,0,0,0,1,1,1
32299,2401,2196,451,467,1986,0.0,0,0.4,0.0,0,0,0,1,0,0,0,0,0,0,0,0,1,1,1
32309,2400,2196,449,470,1985,0.0,0,0.4,0.0,0,0,0,1,0,0,0,0,0,0,0,0,1,1,1
32319,2401,2196,449,471,1986,0.0,0,0.3,0.0,0,0,0,1,0,0,0,0,0,0,0,0,1,1,1
32329,2401,2197,449,469,1986,0.0,0,0.4,0.0,0,0,0,1,0,0,0,0,0,0,0,0,1,1,1
32339,2401,2196,450,470,1985,0.0,0,0.4,0.0,0,0,0,1,0,0,0,0,0,0,0,0,1,1,1
32349,2401,2197,450,468,1986,0.0,0,0.5,0.0,0,0,0,1,0,0,0,0,0,0,0,0,1,1,1
32359,2401,2196,449,469,1986,0.0,0,0.4,0.0,0,0,0,1,0,0,0,0,0,0,0,0,1,1,1
32369,2401,2196,449,469,1985,0.0,0,0.4,0.0,0,0,0,1,0,0,0,0,0,0,0,0,1,1,1
32379,2400,2196,450,471,1985,0.0,0,0.4,0.0,0,0,0,1,0,0,0,0,0,0,0,0,1,1,1
32389,2402,2196,449,468,1983,0.0,0,0.4,0.0,0,0,0,1,0,0,0,0,0,0,0,0,1,1,1
32399,2402,2195,450,468,1986,0.0,0,0.4,0.0,0,0,0,1,0,0,0,0,0,0,0,0,1,1,1
32409,2401,2196,449,469,1986,0.0,0,0.6,0.0,0,0,0,1,0,0,0,0,0,0,0,0,1,1,1
32419,2406,2196,450,468,1985,0.0,0,0.8,0.0,0,0,0,1,0,0,0,0,0,0,0,0,1,1,1
32429,2400,2196,450,468,1986,0.0,0,0.8,0.0,0,0,0,1,0,0,0,0,0,0,0,0,1,1,1
32439,2401,2196,449,469,1986,0.0,0,0.6,0.0,0,0,0,1,0,0,0,0,0,0,0,0,1,1,1
32449,2400,2197,451,469,1985,0.0,0,0.2,0.0,0,0,0,1,0,0,0,0,0,0,0,0,1,1,1
32459,2402,2193,450,469,1986,0.0,0,0.2,0.0,0,0,0,1,0,0,0,0,0,0,0,0,1,1,1
32469,2403,2197,450,469,1983,0.0,0,0.5,0.0,0,0,0,1,0,0,0,0,0,0,0,0,1,1,1
32479,2401,2195,448,469,1986,0.0,0,0.4,0.0,0,0,0,1,0,0,0,0,0,0,0,0,1,1,1
32489,2401,2197,449,469,1986,0.0,0,0.4,0.0,0,0,0,1,0,0,0,0,0,0,0,0,1,1,1
32499,2401,2196,446,469,1986,0.0,0,0.3,0.0,0,0,0,1,0,0,0,0,0,0,0,0,1,1,1
32509,2401,2196,450,467,1985,0.0,0,0.6,0.0,0,0,0,1,0,0,0,0,0,0,0,0,1,1,1
32519,2402,2196,447,469,1986,0.0,0,0.6,0.0,0,0,0,1,0,0,0,0,0,0,0,0,1,1,1
32529,2404,2196,451,469,1984,0.0,0,0.3,0.0,0,0,0,1,0,0,0,0,0,0,0,0,1,1,1
32539,2401,2196,449,469,1986,0.0,0,0.5,0.0,0,0,0,1,0,0,0,0,0,0,0,0,1,1,1
32549,2400,2196,451,470,1986,0.0,0,0.5,0.0,0,0,0,1,0,0,0,0,0,0,0,0,1,1,1
32559,2403,2196,449,467,1987,0.0,0,0.3,0.0,0,0,0,1,0,0,0,0,0,0,0,0,1,1,1
32569,2402,2197,450,470,1986,0.0,0,0.5,0.0,0,0,0,1,0,0,0,0,0,0,0,0,1,1,1
32579,2404,2196,450,469,1986,0.0,0,0.5,0.0,0,0,0,1,0,0,0,0,0,0,0,0,1,1,1
32589,2403,2196,449,469,1986,0.0,0,0.3,0.0,0,0,0,1,0,0,0,0,0,0,0,0,1,1,1
32599,2402,2196,449,472,1985,0.0,0,0.6,0.0,0,0,0,1,0,0,0,0,0,0,0,0,1,1,1
32609,2402,2196,449,469,1986,0.0,0,0.6,0.0,0,0,0,1,0,0,0,0,0,0,0,0,1,1,1
32619,2403,2197,450,470,1986,0.0,0,0.4,0.0,0,0,0,1,0,0,0,0,0,0,0,0,1,1,1
32629,2401,2196,450,468,1985,0.0,0,0.4,0.0,0,0,0,1,0,0,0,0,0,0,0,0,1,1,1
32639,2401,2197,450,470,1986,0.0,0,0.4,0.0,0,0,0,1,0,0,0,0,0,0,0,0,1,1,1
32649,2401,2196,449,469,1987,0.0,0,0.4,0.0,0,0,0,1,0,0,0,0,0,0,0,0,1,1,1
32659,2402,2196,449,469,1986,0.0,0,0.5,0.0,0,0,0,1,0,0,0,0,0,0,0,0,1,1,1
32669,2401,2196,450,469,1986,0.0,0,0.5,0.0,0,0,0,1,0,0,0,0,0,0,0,0,1,1,1
32679,2401,2196,451,467,1987,0.0,0,0.4,0.0,0,0,0,1,0,0,0,0,0,0,0,0,1,1,1
32689,2401,2197,450,467,1987,0.0,0,0.4,0.0,0,0,0,1,0,0,0,0,0,0,0,0,1,1,1
32699,2401,2196,449,469,1986,0.0,0,0.4,0.0,0,0,0,1,0,0,0,0,0,0,0,0,1,1,1
32709,2402,2196,451,470,1986,0.0,0,0.5,0.0,0,0,0,1,0,0,0,0,0,0,0,0,1,1,1
32719,2400,2196,448,469,1986,0.0,0,0.2,0.0,0,0,0,1,0,0,0,0,0,0,0,0,1,1,1
32729,2403,2197,450,468,1985,0.0,0,0.2,0.0,0,0,0,1,0,0,0,0,0,0,0,0,1,1,1
32739,2401,2200,451,468,1987,0.0,0,0.4,0.0,0,0,0,1,0,0,0,0,0,0,0,0,1,1,1
32749,2400,2197,450,469,1986,0.0,0,0.5,0.0,0,0,0,1,0,0,0,0,0,0,0,0,1,1,1
32759,2401,2196,451,469,1987,0.0,0,0.5,0.0,0,0,0,1,0,0,0,0,0,0,0,0,1,1,1
32769,2403,2196,450,467,1986,0.0,0,0.5,0.0,0,0,0,1,0,0,0,0,0,0,0,0,1,1,1
32779,2403,2196,449,468,1987,0.0,0,0.4,0.0,0,0,0,1,0,0,0,0,0,0,0,0,1,1,1
32789,2401,2196,451,470,1987,0.0,0,0.4,0.0,0,0,0,1,0,0,0,0,0,0,0,0,1,1,1
32799,2401,2197,449,470,1987,0.0,0,0.5,0.0,0,0,0,1,0,0,0,0,0,0,0,0,1,1,1
32809,2401,2196,450,469,1986,0.0,0,0.6,0.0,0,0,0,1,0,0,0,0,0,0,0,0,1,1,1
32819,2398,2196,450,468,1986,0.0,0,0.6,0.0,0,0,0,1,0,0,0,0,0,0,0,0,1,1,1
32829,2401,2196,450,469,1987,0.0,0,0.4,0.0,0,0,0,1,0,0,0,0,0,0,0,0,1,1,1
32839,2402,2196,448,470,1986,0.0,0,0.6,0.0,0,0,0,1,0,0,0,0,0,0,0,0,1,1,1
32849,2402,2196,450,468,1986,0.0,0,0.6,0.0,0,0,0,1,0,0,0,0,0,0,0,0,1,1,1
32859,2400,2198,449,469,1986,0.0,0,0.5,0.0,0,0,0,1,0,0,0,0,0,0,0,0,1,1,1
32869,2401,2196,447,470,1986,0.0,0,0.5,0.0,0,0,0,1,0,0,0,0,0,0,0,0,1,1,1
32879,2402,2196,450,469,1987,0.0,0,0.5,0.0,0,0,0,1,0,0,0,0,0,0,0,0,1,1,1
32889,2401,2196,450,469,1986,0.0,0,0.4,0.0,0,0,0,1,0,0,0,0,0,0,0,0,1,1,1
32899,2402,2196,449,468,1985,0.0,0,0.3,0.0,0,0,0,1,0,0,0,0,0,0,0,0,1,1,1
32909,2403,2197,450,470,1987,0.0,0,0.3,0.0,0,0,0,1,0,0,0,0,0,0,0,0,1,1,1
32919,2401,2196,449,470,1986,0.0,0,0.6,0.0,0,0,0,1,0,0,0,0,0,0,0,0,1,1,1
32929,2401,2197,449,469,1987,0.0,0,0.4,0.0,0,0,0,1,0,0,0,0,0,0,0,0,1,1,1
32939,2399,2197,450,470,1985,0.0,0,0.4,0.0,0,0,0,1,0,0,0,0,0,0,0,0,1,1,1
32949,2401,2197,450,470,1986,0.0,0,0.3,0.0,0,0,0,1,0,0,0,0,0,0,0,0,1,1,1
32959,2402,2196,451,468,1985,0.0,0,0.5,0.0,0,0,0,1,0,0,0,0,0,0,0,0,1,1,1
32969,2402,2196,449,467,1986,0.0,0,0.5,0.0,0,0,0,1,0,0,0,0,0,0,0,0,1,1,1
32979,2404,2196,449,469,1986,0.0,0,0.5,0.0,0,0,0,1,0,0,0,0,0,0,0,0,1,1,1
32989,2401,2196,449,469,1985,0.0,0,0.6,0.0,0,0,0,1,0,0,0,0,0,0,0,0,1,1,1
32999,2402,2197,450,470,1986,0.0,0,0.6,0.0,0,0,0,1,0,0,0,0,0,0,0,0,1,1,1
33009,2401,2194,450,469,1985,0.0,0,0.5,0.0,0,0,0,1,0,0,0,0,0,0,0,0,1,1,1
33019,2402,2196,448,468,1985,0.0,0,0.3,0.0,0,0,0,1,0,0,0,0,0,0,0,0,1,1,1
33029,2401,2197,450,470,1988,0.0,0,0.3,0.0,0,0,0,1,0,0,0,0,0,0,0,0,1,1,1
33039,2403,2196,449,469,1985,0.0,0,0.5,0.0,0,0,0,1,0,0,0,0,0,0,0,0,1,1,1
33049,2401,2198,450,471,1986,0.0,0,0.4,0.0,0,0,0,1,0,0,0,0,0,0,0,0,1,1,1
33059,2402,2197,450,468,1985,0.0,0,0.4,0.0,0,0,0,1,0,0,0,0,0,0,0,0,1,1,1
33069,2401,2196,450,470,1986,0.0,0,0.4,0.0,0,0,0,1,0,0,0,0,0,0,0,0,1,1,1
33079,2401,2196,450,467,1985,0.0,0,0.5,0.0,0,0,0,1,0,0,0,0,0,0,0,0,1,1,1
33089,2402,2197,450,469,1986,0.0,0,0.5,0.0,0,0,0,1,0,0,0,0,0,0,0,0,1,1,1
33099,2402,2197,447,469,1985,0.0,0,0.5,0.0,0,0,0,1,0,0,0,0,0,0,0,0,1,1,1
33109,2402,2196,450,469,1987,0.0,0,0.6,0.0,0,0,0,1,0,0,0,0,0,0,0,0,1,1,1
33119,2402,2196,450,468,1986,0.0,0,0.6,0.0,0,0,0,1,0,0,0,0,0,0,0,0,1,1,1
33129,2401,2196,451,469,1985,0.0,0,0.0,0.0,0,0,0,1,0,0,0,0,0,0,0,0,1,1,1
33139,2401,2196,449,469,1985,0.0,0,0.4,0.0,0,0,0,1,0,0,0,0,0,0,0,0,1,1,1
33149,2402,2198,449,469,1986,0.0,0,0.4,0.0,0,0,0,1,0,0,0,0,0,0,0,0,1,1,1
33159,2402,2196,449,469,1986,0.0,0,0.3,0.0,0,0,0,1,0,0,0,0,0,0,0,0,1,1,1
33169,2401,2196,450,468,1986,0.0,0,0.5,0.0,0,0,0,1,0,0,0,0,0,0,0,0,1,1,1
33179,2401,2197,450,469,1986,0.0,0,0.5,0.0,0,0,0,1,0,0,0,0,0,0,0,0,1,1,1
33189,2401,2196,450,469,1984,0.0,0,0.3,0.0,0,0,0,1,0,0,0,0,0,0,0,0,1,1,1
33199,2402,2198,448,469,1985,0.0,0,0.4,0.0,0,0,0,1,0,0,0,0,0,0,0,0,1,1,1
33209,2402,2196,449,468,1986,0.0,0,0.4,0.0,0,0,0,1,0,0,0,0,0,0,0,0,1,1,1
33219,2403,2196,452,468,1986,0.0,0,0.5,0.0,0,0,0,1,0,0,0,0,0,0,0,0,1,1,1
33229,2400,2195,450,471,1986,0.0,0,0.3,0.0,0,0,0,1,0,0,0,0,0,0,0,0,1,1,1
33240,2402,2197,449,467,1986,0.0,0,0.3,0.0,0,0,0,1,0,0,0,0,0,0,0,0,1,1,1
33250,2402,2196,450,469,1986,0.0,0,0.5,0.0,0,0,0,1,0,0,0,0,0,0,0,0,1,1,1
33260,2404,2197,450,469,1986,0.0,0,0.4,0.0,0,0,0,1,0,0,0,0,0,0,0,0,1,1,1
33271,2400,2197,451,468,1987,0.0,0,0.3,0.0,0,0,0,1,0,0,0,0,0,0,0,0,1,1,1
33281,2401,2196,449,469,1987,0.0,0,0.3,0.0,0,0,0,1,0,0,0,0,0,0,0,0,1,1,1
33291,2401,2196,451,468,1988,0.0,0,0.5,0.0,0,0,0,1,0,0,0,0,0,0,0,0,1,1,1
33301,2400,2196,449,468,1987,0.0,0,0.5,0.0,0,0,0,1,0,0,0,0,0,0,0,0,1,1,1
33311,2401,2196,448,470,1987,0.0,0,0.4,0.0,0,0,0,1,0,0,0,0,0,0,0,0,1,1,1
33321,2400,2196,450,467,1986,0.0,0,0.4,0.0,0,0,0,1,0,0,0,0,0,0,0,0,1,1,1
33331,2402,2197,451,472,1988,0.0,0,0.5,0.0,0,0,0,1,0,0,0,0,0,0,0,0,1,1,1
33341,2401,2196,449,468,1986,0.0,0,0.5,0.0,0,0,0,1,0,0,0,0,0,0,0,0,1,1,1
33351,2402,2193,448,469,1986,0.0,0,0.8,0.0,0,0,0,1,0,0,0,0,0,0,0,0,1,1,1
33361,2401,2196,450,468,1987,0.0,0,0.8,0.0,0,0,0,1,0,0,0,0,0,0,0,0,1,1,1
33371,2401,2197,451,468,1986,0.0,0,0.5,0.0,0,0,0,1,0,0,0,0,0,0,0,0,1,1,1
33381,2400,2196,450,469,1987,0.0,0,0.5,0.0,0,0,0,1,0,0,0,0,0,0,0,0,1,1,1
33391,2403,2197,444,469,1986,0.0,0,0.4,0.0,0,0,0,1,0,0,0,0,0,0,0,0,1,1,1
33401,2405,2197,449,468,1985,0.0,0,0.4,0.0,0,0,0,1,0,0,0,0,0,0,0,0,1,1,1
33411,2402,2197,449,470,1988,0.0,0,0.4,0.0,0,0,0,1,0,0,0,0,0,0,0,0,1,1,1
33421,2401,2196,448,468,1984,0.0,0,0.4,0.0,0,0,0,1,0,0,0,0,0,0,0,0,1,1,1
33431,2399,2196,450,470,1987,0.0,0,0.5,0.0,0,0,0,1,0,0,0,0,0,0,0,0,1,1,1
33441,2400,2196,450,469,1987,0.0,0,0.4,0.0,0,0,0,1,0,0,0,0,0,0,0,0,1,1,1
33451,2401,2196,450,469,1986,0.0,0,0.4,0.0,0,0,0,1,0,0,0,0,0,0,0,0,1,1,1
33461,2399,2195,449,470,1985,0.0,0,0.4,0.0,0,0,0,1,0,0,0,0,0,0,0,0,1,1,1
33471,2400,2197,449,469,1985,0.0,0,0.5,0.0,0,0,0,1,0,0,0,0,0,0,0,0,1,1,1
33481,2401,2196,450,469,1987,0.0,0,0.5,0.0,0,0,0,1,0,0,0,0,0,0,0,0,1,1,1
33491,2402,2199,450,467,1987,0.0,0,0.6,0.0,0,0,0,1,0,0,0,0,0,0,0,0,1,1,1
33501,2401,2196,450,469,1985,0.0,0,0.6,0.0,0,0,0,1,0,0,0,0,0,0,0,0,1,1,1
33511,2403,2196,450,470,1986,0.0,0,0.3,0.0,0,0,0,1,0,0,0,0,0,0,0,0,1,1,1
33521,2403,2196,450,469,1988,0.0,0,0.3,0.0,0,0,0,1,0,0,0,0,0,0,0,0,1,1,1
33531,2401,2196,450,469,1986,0.0,0,0.0,0.0,0,0,0,1,0,0,0,0,0,0,0,0,1,1,1
33541,2401,2197,449,469,1986,0.0,0,0.0,0.0,0,0,0,1,0,0,0,0,0,0,0,0,1,1,1
33551,2401,2197,450,469,1985,0.0,0,0.4,0.0,0,0,0,1,0,0,0,0,0,0,0,0,1,1,1
33561,2401,2196,450,469,1986,0.0,0,0.4,0.0,0,0,0,1,0,0,0,0,0,0,0,0,1,1,1
33571,2401,2197,451,468,1987,0.0,0,0.3,0.0,0,0,0,1,0,0,0,0,0,0,0,0,1,1,1
33581,2403,2197,449,467,1985,0.0,0,0.3,0.0,0,0,0,1,0,0,0,0,0,0,0,0,1,1,1
33591,2402,2196,450,469,1987,0.0,0,0.3,0.0,0,0,0,1,0,0,0,0,0,0,0,0,1,1,1
33601,2401,2197,451,469,1985,0.0,0,0.3,0.0,0,0,0,1,0,0,0,0,0,0,0,0,1,1,1
33611,2402,2196,450,469,1987,0.0,0,0.4,0.0,0,0,0,1,0,0,0,0,0,0,0,0,1,1,1
33621,2403,2196,450,468,1986,0.0,0,0.4,0.0,0,0,0,1,0,0,0,0,0,0,0,0,1,1,1
33631,2403,2198,450,470,1987,0.0,0,0.6,0.0,0,0,0,1,0,0,0,0,0,0,0,0,1,1,1
33641,2405,2197,450,468,1986,0.0,0,0.6,0.0,0,0,0,1,0,0,0,0,0,0,0,0,1,1,1
33651,2401,2197,450,470,1987,0.0,0,0.4,0.0,0,0,0,1,0,0,0,0,0,0,0,0,1,1,1
33661,2401,2197,450,469,1985,0.0,0,0.4,0.0,0,0,0,1,0,0,0,0,0,0,0,0,1,1,1
33671,2401,2197,453,469,1987,0.0,0,0.6,0.0,0,0,0,1,0,0,0,0,0,0,0,0,1,1,1
33681,2402,2197,450,468,1987,0.0,0,0.3,0.0,0,0,0,1,0,0,0,0,0,0,0,0,1,1,1
33691,2403,2197,450,468,1987,0.0,0,0.5,0.0,0,0,0,1,0,0,0,0,0,0,0,0,1,1,1
33701,2402,2196,450,470,1986,0.0,0,0.5,0.0,0,0,0,1,0,0,0,0,0,0,0,0,1,1,1
33711,2402,2199,449,471,1987,0.0,0,0.5,0.0,0,0,0,1,0,0,0,0,0,0,0,0,1,1,1
33721,2402,2196,450,470,1987,0.0,0,0.5,0.0,0,0,0,1,0,0,0,0,0,0,0,0,1,1,1
33731,2400,2197,449,469,1986,0.0,0,0.3,0.0,0,0,0,1,0,0,0,0,0,0,0,0,1,1,1
33741,2402,2196,449,469,1986,0.0,0,0.5,0.0,0,0,0,1,0,0,0,0,0,0,0,0,1,1,1
33751,2402,2196,449,469,1985,0.0,0,0.4,0.0,0,0,0,1,0,0,0,0,0,0,0,0,1,1,1
33761,2402,2196,450,469,1987,0.0,0,0.4,0.0,0,0,0,1,0,0,0,0,0,0,0,0,1,1,1
33771,2401,2197,451,468,1986,0.0,0,0.6,0.0,0,0,0,1,0,0,0,0,0,0,0,0,1,1,1
33781,2401,2196,451,469,1987,0.0,0,0.6,0.0,0,0,0,1,0,0,0,0,0,0,0,0,1,1,1
33791,2401,2196,449,468,1987,0.0,0,0.5,0.0,0,0,0,1,0,0,0,0,0,0,0,0,1,1,1
33801,2399,2196,450,468,1988,0.0,0,0.6,0.0,0,0,0,1,0,0,0,0,0,0,0,0,1,1,1
33811,2402,2197,449,468,1987,0.0,0,0.6,0.0,0,0,0,1,0,0,0,0,0,0,0,0,1,1,1
33821,2403,2197,450,470,1986,0.0,0,0.6,0.0,0,0,0,1,0,0,0,0,0,0,0,0,1,1,1
33831,2401,2196,450,466,1987,0.0,0,0.4,0.0,0,0,0,1,0,0,0,0,0,0,0,0,1,1,1
33841,2402,2196,450,469,1977,0.0,0,0.4,0.0,0,0,0,1,0,0,0,0,0,0,0,0,1,1,1
33852,2399,2196,452,469,1986,0.0,0,0.4,0.0,0,0,0,1,0,0,0,0,0,0,0,0,1,1,1
33862,2403,2196,449,469,1986,0.0,0,0.4,0.0,0,0,0,1,0,0,0,0,0,0,0,0,1,1,1
33874,2402,2196,449,468,1986,0.0,0,0.3,0.0,0,0,0,1,0,0,0,0,0,0,0,0,1,1,1
33884,2402,2198,450,470,1986,0.0,0,0.6,0.0,0,0,0,1,0,0,0,0,0,0,0,0,1,1,1
33895,2403,2196,449,468,1987,0.0,0,0.4,0.0,0,0,0,1,0,0,0,0,0,0,0,0,1,1,1
33905,2401,2196,449,468,1986,0.0,0,0.4,0.0,0,0,0,1,0,0,0,0,0,0,0,0,1,1,1
33915,2403,2196,449,469,1985,0.0,0,0.6,0.0,0,0,0,1,0,0,0,0,0,0,0,0,1,1,1
33925,2402,2195,450,468,1985,0.0,0,0.3,0.0,0,0,0,1,0,0,0,0,0,0,0,0,1,1,1
33935,2401,2196,450,470,1986,0.0,0,0.5,0.0,0,0,0,1,0,0,0,0,0,0,0,0,1,1,1
33945,2401,2196,450,468,1986,0.0,0,0.2,0.0,0,0,0,1,0,0,0,0,0,0,0,0,1,1,1
33955,2402,2196,453,468,1987,0.0,0,0.2,0.0,0,0,0,1,0,0,0,0,0,0,0,0,1,1,1
33965,2401,2198,450,469,1987,0.0,0,0.2,0.0,0,0,0,1,0,0,0,0,0,0,0,0,1,1,1
33975,2402,2196,449,469,1986,0.0,0,0.4,0.0,0,0,0,1,0,0,0,0,0,0,0,0,1,1,1
33985,2401,2197,450,469,1985,0.0,0,0.4,0.0,0,0,0,1,0,0,0,0,0,0,0,0,1,1,1
33995,2401,2196,448,470,1985,0.0,0,0.3,0.0,0,0,0,1,0,0,0,0,0,0,0,0,1,1,1
34005,2402,2196,451,469,1985,0.0,0,0.6,0.0,0,0,0,1,0,0,0,0,0,0,0,0,1,1,1
34015,2401,2197,450,470,1986,0.0,0,0.6,0.0,0,0,0,1,0,0,0,0,0,0,0,0,1,1,1
34025,2402,2196,450,470,1986,0.0,0,0.6,0.0,0,0,0,1,0,0,0,0,0,0,0,0,1,1,1
34035,2402,2196,450,468,1986,0.0,0,0.4,0.0,0,0,0,1,0,0,0,0,0,0,0,0,1,1,1
34045,2402,2197,451,469,1984,0.0,0,0.5,0.0,0,0,0,1,0,0,0,0,0,0,0,0,1,1,1
34055,2403,2196,450,468,1986,0.0,0,0.6,0.0,0,0,0,1,0,0,0,0,0,0,0,0,1,1,1
34065,2399,2196,450,468,1986,0.0,0,0.4,0.0,0,0,0,1,0,0,0,0,0,0,0,0,1,1,1
34075,2403,2196,450,469,1986,0.0,0,0.4,0.0,0,0,0,1,0,0,0,0,0,0,0,0,1,1,1
34085,2405,2197,449,468,1986,0.0,0,0.4,0.0,0,0,0,1,0,0,0,0,0,0,0,0,1,1,1
34095,2402,2197,449,469,1985,0.0,0,0.6,0.0,0,0,0,1,0,0,0,0,0,0,0,0,1,1,1
34105,2401,2196,449,468,1985,0.0,0,0.6,0.0,0,0,0,1,0,0,0,0,0,0,0,0,1,1,1
34115,2401,2197,453,467,1985,0.0,0,0.5,0.0,0,0,0,1,0,0,0,0,0,0,0,0,1,1,1
34125,2403,2197,451,468,1986,0.0,0,0.6,0.0,0,0,0,1,0,0,0,0,0,0,0,0,1,1,1
34135,2403,2196,449,469,1986,0.0,0,0.6,0.0,0,0,0,1,0,0,0,0,0,0,0,0,1,1,1
34145,2402,2197,450,470,1988,0.0,0,0.6,0.0,0,0,0,1,0,0,0,0,0,0,0,0,1,1,1
34155,2399,2196,452,469,1986,0.0,0,0.5,0.0,0,0,0,1,0,0,0,0,0,0,0,0,1,1,1
34165,2402,2195,453,470,1986,0.0,0,0.4,0.0,0,0,0,1,0,0,0,0,0,0,0,0,1,1,1
34175,2399,2196,449,469,1987,0.0,0,0.8,0.0,0,0,0,1,0,0,0,0,0,0,0,0,1,1,1
34185,2401,2196,446,469,1986,0.0,0,0.3,0.0,0,0,0,1,0,0,0,0,0,0,0,0,1,1,1
34195,2401,2196,450,469,1986,0.0,0,0.3,0.0,0,0,0,1,0,0,0,0,0,0,0,0,1,1,1
34205,2401,2196,450,472,1989,0.0,0,0.3,0.0,0,0,0,1,0,0,0,0,0,0,0,0,1,1,1
34215,2402,2197,450,469,1985,0.0,0,0.4,0.0,0,0,0,1,0,0,0,0,0,0,0,0,1,1,1
34225,2402,2197,448,470,1985,0.0,0,0.3,0.0,0,0,0,1,0,0,0,0,0,0,0,0,1,1,1
34235,2401,2197,451,470,1985,0.0,0,0.0,0.0,0,0,0,1,0,0,0,0,0,0,0,0,1,1,1
34245,2401,2196,449,470,1986,0.0,0,0.8,0.0,0,0,0,1,0,0,0,0,0,0,0,0,1,1,1
34255,2402,2193,449,469,1986,0.0,0,0.8,0.0,0,0,0,1,0,0,0,0,0,0,0,0,1,1,1
34265,2402,2193,450,467,1987,0.0,0,0.8,0.0,0,0,0,1,0,0,0,0,0,0,0,0,1,1,1
34275,2402,2196,445,470,1986,0.0,0,0.6,0.0,0,0,0,1,0,0,0,0,0,0,0,0,1,1,1
34326,2402,2196,450,469,1985,0.0,0,0.4,0.0,0,0,0,1,0,0,0,0,0,0,0,0,1,1,1
34336,2401,2197,451,469,1986,0.0,0,0.4,0.0,0,0,0,1,0,0,0,0,0,0,0,0,1,1,1
34346,2401,2196,448,468,1985,0.0,0,0.4,0.0,0,0,0,1,0,0,0,0,0,0,0,0,1,1,1
34356,2402,2196,449,471,1986,0.0,0,0.3,0.0,0,0,0,1,0,0,0,0,0,0,0,0,1,1,1
34366,2401,2203,449,469,1985,0.0,0,0.6,0.0,0,0,0,1,0,0,0,0,0,0,0,0,1,1,1
34376,2399,2196,449,470,1984,0.0,0,0.6,0.0,0,0,0,1,0,0,0,0,0,0,0,0,1,1,1
34386,2401,2196,450,468,1985,0.0,0,0.6,0.0,0,0,0,1,0,0,0,0,0,0,0,0,1,1,1
34396,2397,2196,450,468,1987,0.0,0,0.4,0.0,0,0,0,1,0,0,0,0,0,0,0,0,1,1,1
34406,2400,2196,450,468,1985,0.0,0,0.5,0.0,0,0,0,1,0,0,0,0,0,0,0,0,1,1,1
34416,2400,2196,451,468,1986,0.0,0,0.5,0.0,0,0,0,1,0,0,0,0,0,0,0,0,1,1,1
34426,2401,2196,450,469,1986,0.0,0,0.6,0.0,0,0,0,1,0,0,0,0,0,0,0,0,1,1,1
34436,2401,2196,448,470,1986,0.0,0,0.5,0.0,0,0,0,1,0,0,0,0,0,0,0,0,1,1,1
34447,2399,2196,448,469,1986,0.0,0,0.6,0.0,0,0,0,1,0,0,0,0,0,0,0,0,1,1,1
34457,2402,2196,450,469,1985,0.0,0,0.6,0.0,0,0,0,1,0,0,0,0,0,0,0,0,1,1,1
34467,2401,2197,449,468,1986,0.0,0,0.3,0.0,0,0,0,1,0,0,0,0,0,0,0,0,1,1,1
34477,2402,2195,451,468,1986,0.0,0,0.4,0.0,0,0,0,1,0,0,0,0,0,0,0,0,1,1,1
34487,2402,2198,450,469,1986,0.0,0,0.6,0.0,0,0,0,1,0,0,0,0,0,0,0,0,1,1,1
34497,2402,2196,450,469,1985,0.0,0,0.6,0.0,0,0,0,1,0,0,0,0,0,0,0,0,1,1,1
34507,2402,2196,450,468,1988,0.0,0,0.4,0.0,0,0,0,1,0,0,0,0,0,0,0,0,1,1,1
34517,2404,2197,449,470,1985,0.0,0,0.4,0.0,0,0,0,1,0,0,0,0,0,0,0,0,1,1,1
34527,2401,2196,450,467,1986,0.0,0,0.4,0.0,0,0,0,1,0,0,0,0,0,0,0,0,1,1,1
34537,2403,2198,449,469,1986,0.0,0,0.4,0.0,0,0,0,1,0,0,0,0,0,0,0,0,1,1,1
34547,2401,2196,451,468,1987,0.0,0,0.5,0.0,0,0,0,1,0,0,0,0,0,0,0,0,1,1,1
34557,2401,2196,450,470,1985,0.0,0,0.5,0.0,0,0,0,1,0,0,0,0,0,0,0,0,1,1,1
34567,2402,2197,447,469,1986,0.0,0,0.3,0.0,0,0,0,1,0,0,0,0,0,0,0,0,1,1,1
34577,2401,2196,452,468,1985,0.0,0,0.3,0.0,0,0,0,1,0,0,0,0,0,0,0,0,1,1,1
34587,2402,2197,449,468,2001,0.0,0,0.4,0.0,0,0,0,1,0,0,0,0,0,0,0,0,1,1,1
34597,2397,2196,449,469,1988,0.0,0,0.4,0.0,0,0,0,1,0,0,0,0,0,0,0,0,1,1,1
34607,2398,2197,450,469,1992,0.0,0,0.6,0.0,0,0,0,1,0,0,0,0,0,0,0,0,1,1,1
34617,2397,2196,450,469,1994,0.0,0,0.6,0.0,0,0,0,1,0,0,0,0,0,0,0,0,1,1,1
34627,2398,2195,446,468,1995,0.0,0,0.4,0.0,0,0,0,1,0,0,0,0,0,0,0,0,1,1,1
34637,2397,2197,451,468,1996,0.0,0,0.4,0.0,0,0,0,1,0,0,0,0,0,0,0,0,1,1,1
34647,2398,2197,450,472,1996,0.0,0,0.3,0.0,0,0,0,1,0,0,0,0,0,0,0,0,1,1,1
34657,2398,2196,449,469,1996,0.0,0,0.5,0.0,0,0,0,1,0,0,0,0,0,0,0,0,1,1,1
34667,2399,2196,449,467,1997,0.0,0,0.5,0.0,0,0,0,1,0,0,0,0,0,0,0,0,1,1,1
34677,2399,2196,449,470,1996,0.0,0,0.5,0.0,0,0,0,1,0,0,0,0,0,0,0,0,1,1,1
34687,2398,2197,450,469,1997,0.0,0,0.5,0.0,0,0,0,1,0,0,0,0,0,0,0,0,1,1,1
34697,2401,2196,448,469,1996,0.0,0,0.5,0.0,0,0,0,1,0,0,0,0,0,0,0,0,1,1,1
34707,2398,2197,450,468,1997,0.0,0,0.3,0.0,0,0,0,1,0,0,0,0,0,0,0,0,1,1,1
34717,2399,2196,450,469,1997,0.0,0,0.6,0.0,0,0,0,1,0,0,0,0,0,0,0,0,1,1,1
34727,2400,2196,450,469,1996,0.0,0,0.6,0.0,0,0,0,1,0,0,0,0,0,0,0,0,1,1,1
34737,2400,2196,450,468,1997,0.0,0,0.6,0.0,0,0,0,1,0,0,0,0,0,0,0,0,1,1,1
34747,2402,2196,450,469,1997,0.0,0,0.4,0.0,0,0,0,1,0,0,0,0,0,0,0,0,1,1,1
34757,2399,2194,452,470,1997,0.0,0,0.4,0.0,0,0,0,1,0,0,0,0,0,0,0,0,1,1,1
34767,2400,2197,450,470,1997,0.0,0,0.5,0.0,0,0,0,1,0,0,0,0,0,0,0,0,1,1,1
34777,2395,2196,449,469,1997,0.0,0,0.4,0.0,0,0,0,1,0,0,0,0,0,0,0,0,1,1,1
34787,2399,2197,452,470,1997,0.0,0,0.5,0.0,0,0,0,1,0,0,0,0,0,0,0,0,1,1,1
34797,2401,2197,451,470,1996,0.0,0,0.5,0.0,0,0,0,1,0,0,0,0,0,0,0,0,1,1,1
34807,2403,2197,450,469,1997,0.0,0,0.6,0.0,0,0,0,1,0,0,0,0,0,0,0,0,1,1,1
34817,2400,2197,450,467,1997,0.0,0,0.6,0.0,0,0,0,1,0,0,0,0,0,0,0,0,1,1,1
34827,2400,2197,451,470,1997,0.0,0,0.4,0.0,0,0,0,1,0,0,0,0,0,0,0,0,1,1,1
34837,2400,2197,450,468,1997,0.0,0,0.4,0.0,0,0,0,1,0,0,0,0,0,0,0,0,1,1,1
34847,2400,2196,451,470,1997,0.0,0,0.4,0.0,0,0,0,1,0,0,0,0,0,0,0,0,1,1,1
34857,2400,2197,451,469,1998,0.0,0,0.4,0.0,0,0,0,1,0,0,0,0,0,0,0,0,1,1,1
34867,2400,2196,450,467,1997,0.0,0,0.4,0.0,0,0,0,1,0,0,0,0,0,0,0,0,1,1,1
34877,2400,2196,450,466,1996,0.0,0,0.4,0.0,0,0,0,1,0,0,0,0,0,0,0,0,1,1,1
34887,2405,2196,447,467,1996,0.0,0,0.3,0.0,0,0,0,1,0,0,0,0,0,0,0,0,1,1,1
34897,2400,2196,449,469,1996,0.0,0,0.6,0.0,0,0,0,1,0,0,0,0,0,0,0,0,1,1,1
34907,2400,2196,451,471,1997,0.0,0,0.6,0.0,0,0,0,1,0,0,0,0,0,0,0,0,1,1,1
34917,2399,2197,451,470,1996,0.0,0,0.6,0.0,0,0,0,1,0,0,0,0,0,0,0,0,1,1,1
34927,2401,2196,449,468,1996,0.0,0,0.8,0.0,0,0,0,1,0,0,0,0,0,0,0,0,1,1,1
34937,2400,2197,451,468,1997,0.0,0,0.8,0.0,0,0,0,1,0,0,0,0,0,0,0,0,1,1,1
34947,2400,2196,451,469,1996,0.0,0,0.4,0.0,0,0,0,1,0,0,0,0,0,0,0,0,1,1,1
34957,2398,2196,449,469,1996,0.0,0,0.8,0.0,0,0,0,1,0,0,0,0,0,0,0,0,1,1,1
34967,2400,2197,450,469,1997,0.0,0,0.5,0.0,0,0,0,1,0,0,0,0,0,0,0,0,1,1,1
34977,2400,2196,452,470,1996,0.0,0,0.5,0.0,0,0,0,1,0,0,0,0,0,0,0,0,1,1,1
34987,2401,2200,449,467,1996,0.0,0,0.4,0.0,0,0,0,1,0,0,0,0,0,0,0,0,1,1,1
34997,2400,2196,450,470,1996,0.0,0,0.4,0.0,0,0,0,1,0,0,0,0,0,0,0,0,1,1,1
35007,2401,2196,450,470,1996,0.0,0,0.4,0.0,0,0,0,1,0,0,0,0,0,0,0,0,1,1,1
35017,2400,2196,450,469,1994,0.0,0,0.5,0.0,0,0,0,1,0,0,0,0,0,0,0,0,1,1,1
35027,2400,2197,447,468,1997,0.0,0,0.4,0.0,0,0,0,1,0,0,0,0,0,0,0,0,1,1,1
35037,2399,2196,451,469,1995,0.0,0,0.4,0.0,0,0,0,1,0,0,0,0,0,0,0,0,1,1,1
35047,2400,2196,449,468,1996,0.0,0,0.4,0.0,0,0,0,1,0,0,0,0,0,0,0,0,1,1,1
35057,2398,2196,449,469,1997,0.0,0,0.4,0.0,0,0,0,1,0,0,0,0,0,0,0,0,1,1,1
35067,2399,2197,450,469,1998,0.0,0,0.5,0.0,0,0,0,1,0,0,0,0,0,0,0,0,1,1,1
35078,2399,2198,449,468,1997,0.0,0,0.5,0.0,0,0,0,1,0,0,0,0,0,0,0,0,1,1,1
35088,2403,2196,450,469,1996,0.0,0,0.5,0.0,0,0,0,1,0,0,0,0,0,0,0,0,1,1,1
35098,2400,2197,450,470,1996,0.0,0,0.5,0.0,0,0,0,1,0,0,0,0,0,0,0,0,1,1,1
35108,2400,2197,449,468,1996,0.0,0,0.5,0.0,0,0,0,1,0,0,0,0,0,0,0,0,1,1,1
35119,2401,2196,448,469,1997,0.0,0,0.6,0.0,0,0,0,1,0,0,0,0,0,0,0,0,1,1,1
35129,2401,2196,449,469,1997,0.0,0,0.6,0.0,0,0,0,1,0,0,0,0,0,0,0,0,1,1,1
35139,2399,2197,447,469,1996,0.0,0,0.6,0.0,0,0,0,1,0,0,0,0,0,0,0,0,1,1,1
35149,2400,2196,450,469,1997,0.0,0,0.3,0.0,0,0,0,1,0,0,0,0,0,0,0,0,1,1,1
35159,2397,2196,451,469,1998,0.0,0,0.3,0.0,0,0,0,1,0,0,0,0,0,0,0,0,1,1,1
35169,2400,2196,451,468,1997,0.0,0,0.4,0.0,0,0,0,1,0,0,0,0,0,0,0,0,1,1,1
35179,2402,2196,450,469,1997,0.0,0,0.5,0.0,0,0,0,1,0,0,0,0,0,0,0,0,1,1,1
35189,2400,2197,449,468,1997,0.0,0,0.5,0.0,0,0,0,1,0,0,0,0,0,0,0,0,1,1,1
35199,2400,2198,447,468,1997,0.0,0,0.5,0.0,0,0,0,1,0,0,0,0,0,0,0,0,1,1,1
35209,2400,2197,451,468,1996,0.0,0,0.5,0.0,0,0,0,1,0,0,0,0,0,0,0,0,1,1,1
35219,2401,2196,449,468,1999,0.0,0,0.5,0.0,0,0,0,1,0,0,0,0,0,0,0,0,1,1,1
35229,2401,2198,449,469,1998,0.0,0,0.5,0.0,0,0,0,1,0,0,0,0,0,0,0,0,1,1,1
35239,2401,2196,449,468,1997,0.0,0,0.6,0.0,0,0,0,1,0,0,0,0,0,0,0,0,1,1,1
35249,2400,2200,450,468,1997,0.0,0,0.6,0.0,0,0,0,1,0,0,0,0,0,0,0,0,1,1,1
35259,2399,2196,450,468,1997,0.0,0,0.5,0.0,0,0,0,1,0,0,0,0,0,0,0,0,1,1,1
35269,2400,2197,450,468,1996,0.0,0,0.4,0.0,0,0,0,1,0,0,0,0,0,0,0,0,1,1,1
35279,2401,2197,449,469,1997,0.0,0,0.4,0.0,0,0,0,1,0,0,0,0,0,0,0,0,1,1,1
35289,2399,2195,451,468,1999,0.0,0,0.4,0.0,0,0,0,1,0,0,0,0,0,0,0,0,1,1,1
35299,2400,2194,449,470,1995,0.0,0,0.4,0.0,0,0,0,1,0,0,0,0,0,0,0,0,1,1,1
35309,2400,2196,450,469,1997,0.0,0,0.4,0.0,0,0,0,1,0,0,0,0,0,0,0,0,1,1,1
35319,2400,2197,450,466,1997,0.0,0,0.8,0.0,0,0,0,1,0,0,0,0,0,0,0,0,1,1,1
35329,2401,2197,451,469,1997,0.0,0,0.0,0.0,0,0,0,1,0,0,0,0,0,0,0,0,1,1,1
35339,2402,2196,450,469,1996,0.0,0,0.0,0.0,0,0,0,1,0,0,0,0,0,0,0,0,1,1,1
35349,2399,2196,450,468,1997,0.0,0,0.5,0.0,0,0,0,1,0,0,0,0,0,0,0,0,1,1,1
35359,2400,2196,453,469,1995,0.0,0,0.5,0.0,0,0,0,1,0,0,0,0,0,0,0,0,1,1,1
35369,2401,2196,451,468,1996,0.0,0,0.5,0.0,0,0,0,1,0,0,0,0,0,0,0,0,1,1,1
35379,2399,2196,451,469,1996,0.0,0,0.2,0.0,0,0,0,1,0,0,0,0,0,0,0,0,1,1,1
35389,2395,2196,450,469,1997,0.0,0,0.5,0.0,0,0,0,1,0,0,0,0,0,0,0,0,1,1,1
35399,2401,2196,449,468,1996,0.0,0,0.5,0.0,0,0,0,1,0,0,0,0,0,0,0,0,1,1,1
35409,2400,2196,449,470,1996,0.0,0,0.5,0.0,0,0,0,1,0,0,0,0,0,0,0,0,1,1,1
35419,2402,2196,450,468,1997,0.0,0,0.4,0.0,0,0,0,1,0,0,0,0,0,0,0,0,1,1,1
35429,2400,2196,449,468,1997,0.0,0,0.4,0.0,0,0,0,1,0,0,0,0,0,0,0,0,1,1,1
35439,2399,2196,449,469,1997,0.0,0,0.2,0.0,0,0,0,1,0,0,0,0,0,0,0,0,1,1,1
35449,2400,2197,450,470,1996,0.0,0,0.6,0.0,0,0,0,1,0,0,0,0,0,0,0,0,1,1,1
35459,2400,2194,450,469,1997,0.0,0,0.6,0.0,0,0,0,1,0,0,0,0,0,0,0,0,1,1,1
35469,2400,2196,452,468,1996,0.0,0,0.4,0.0,0,0,0,1,0,0,0,0,0,0,0,0,1,1,1
35479,2401,2196,450,469,1997,0.0,0,0.8,0.0,0,0,0,1,0,0,0,0,0,0,0,0,1,1,1
35489,2401,2198,451,470,2000,0.0,0,0.8,0.0,0,0,0,1,0,0,0,0,0,0,0,0,1,1,1
35499,2400,2196,451,470,1996,0.0,0,0.5,0.0,0,0,0,1,0,0,0,0,0,0,0,0,1,1,1
35509,2400,2196,449,469,1996,0.0,0,0.6,0.0,0,0,0,1,0,0,0,0,0,0,0,0,1,1,1
35519,2402,2196,450,469,1996,0.0,0,0.6,0.0,0,0,0,1,0,0,0,0,0,0,0,0,1,1,1
35529,2400,2197,450,469,1996,0.0,0,0.5,0.0,0,0,0,1,0,0,0,0,0,0,0,0,1,1,1
35539,2400,2194,450,471,1997,0.0,0,0.5,0.0,0,0,0,1,0,0,0,0,0,0,0,0,1,1,1
35549,2400,2197,450,468,1996,0.0,0,0.5,0.0,0,0,0,1,0,0,0,0,0,0,0,0,1,1,1
35559,2400,2196,449,469,1996,0.0,0,0.4,0.0,0,0,0,1,0,0,0,0,0,0,0,0,1,1,1
35569,2401,2196,451,468,1996,0.0,0,0.8,0.0,0,0,0,1,0,0,0,0,0,0,0,0,1,1,1
35579,2401,2195,448,469,1996,0.0,0,0.8,0.0,0,0,0,1,0,0,0,0,0,0,0,0,1,1,1
35589,2398,2196,451,469,1997,0.0,0,0.4,0.0,0,0,0,1,0,0,0,0,0,0,0,0,1,1,1
35599,2401,2194,448,467,1996,0.0,0,0.6,0.0,0,0,0,1,0,0,0,0,0,0,0,0,1,1,1
35609,2400,2196,447,470,1996,0.0,0,0.6,0.0,0,0,0,1,0,0,0,0,0,0,0,0,1,1,1
35619,2402,2196,451,469,1997,0.0,0,0.4,0.0,0,0,0,1,0,0,0,0,0,0,0,0,1,1,1
35629,2398,2196,449,470,1997,0.0,0,0.3,0.0,0,0,0,1,0,0,0,0,0,0,0,0,1,1,1
35639,2401,2196,450,469,1998,0.0,0,0.3,0.0,0,0,0,1,0,0,0,0,0,0,0,0,1,1,1
35649,2401,2196,450,470,1997,0.0,0,0.4,0.0,0,0,0,1,0,0,0,0,0,0,0,0,1,1,1
35659,2402,2196,450,468,1996,0.0,0,0.5,0.0,0,0,0,1,0,0,0,0,0,0,0,0,1,1,1
35669,2400,2196,450,469,1997,0.0,0,0.5,0.0,0,0,0,1,0,0,0,0,0,0,0,0,1,1,1
35679,2400,2196,450,470,1996,0.0,0,0.5,0.0,0,0,0,1,0,0,0,0,0,0,0,0,1,1,1
35689,2401,2196,447,469,1996,0.0,0,0.6,0.0,0,0,0,1,0,0,0,0,0,0,0,0,1,1,1
35699,2401,2196,449,469,1996,0.0,0,0.6,0.0,0,0,0,1,0,0,0,0,0,0,0,0,1,1,1
35709,2401,2196,451,469,1996,0.0,0,0.3,0.0,0,0,0,1,0,0,0,0,0,0,0,0,1,1,1
35719,2401,2196,448,469,1996,0.0,0,0.5,0.0,0,0,0,1,0,0,0,0,0,0,0,0,1,1,1
35729,2401,2196,450,469,1996,0.0,0,0.5,0.0,0,0,0,1,0,0,0,0,0,0,0,0,1,1,1
35739,2401,2197,448,469,1996,0.0,0,0.6,0.0,0,0,0,1,0,0,0,0,0,0,0,0,1,1,1
35749,2400,2196,449,469,1995,0.0,0,0.6,0.0,0,0,0,1,0,0,0,0,0,0,0,0,1,1,1
35759,2398,2196,451,468,1997,0.0,0,0.6,0.0,0,0,0,1,0,0,0,0,0,0,0,0,1,1,1
35769,2401,2197,449,469,1996,0.0,0,0.5,0.0,0,0,0,1,0,0,0,0,0,0,0,0,1,1,1
35779,2401,2195,449,467,1998,0.0,0,0.5,0.0,0,0,0,1,0,0,0,0,0,0,0,0,1,1,1
35789,2401,2196,452,468,1997,0.0,0,0.5,0.0,0,0,0,1,0,0,0,0,0,0,0,0,1,1,1
35799,2400,2197,450,469,1997,0.0,0,0.6,0.0,0,0,0,1,0,0,0,0,0,0,0,0,1,1,1
35809,2400,2196,450,469,1996,0.0,0,0.5,0.0,0,0,0,1,0,0,0,0,0,0,0,0,1,1,1
35819,2400,2197,450,467,1996,0.0,0,0.5,0.0,0,0,0,1,0,0,0,0,0,0,0,0,1,1,1
35829,2400,2197,450,468,1996,0.0,0,0.6,0.0,0,0,0,1,0,0,0,0,0,0,0,0,1,1,1
35839,2402,2196,449,469,1997,0.0,0,0.6,0.0,0,0,0,1,0,0,0,0,0,0,0,0,1,1,1
35849,2401,2199,451,468,1996,0.0,0,0.6,0.0,0,0,0,1,0,0,0,0,0,0,0,0,1,1,1
35859,2397,2194,450,469,1997,0.0,0,0.6,0.0,0,0,0,1,0,0,0,0,0,0,0,0,1,1,1
35869,2400,2197,448,468,1997,0.0,0,0.8,0.0,0,0,0,1,0,0,0,0,0,0,0,0,1,1,1
35879,2401,2197,451,470,1997,0.0,0,0.8,0.0,0,0,0,1,0,0,0,0,0,0,0,0,1,1,1
35889,2402,2197,449,470,1996,0.0,0,0.5,0.0,0,0,0,1,0,0,0,0,0,0,0,0,1,1,1
35899,2401,2196,448,469,1996,0.0,0,0.6,0.0,0,0,0,1,0,0,0,0,0,0,0,0,1,1,1
35909,2400,2197,449,470,1997,0.0,0,0.6,0.0,0,0,0,1,0,0,0,0,0,0,0,0,1,1,1
35919,2403,2196,451,470,1996,0.0,0,0.3,0.0,0,0,0,1,0,0,0,0,0,0,0,0,1,1,1
35929,2400,2197,450,469,1997,0.0,0,0.5,0.0,0,0,0,1,0,0,0,0,0,0,0,0,1,1,1
35939,2400,2197,450,469,1996,0.0,0,0.5,0.0,0,0,0,1,0,0,0,0,0,0,0,0,1,1,1
35949,2400,2197,449,469,1996,0.0,0,0.6,0.0,0,0,0,1,0,0,0,0,0,0,0,0,1,1,1
35959,2401,2196,449,467,1995,0.0,0,0.5,0.0,0,0,0,1,0,0,0,0,0,0,0,0,1,1,1
35969,2396,2197,450,468,1998,0.0,0,0.5,0.0,0,0,0,1,0,0,0,0,0,0,0,0,1,1,1
35979,2399,2197,449,469,1996,0.0,0,0.6,0.0,0,0,0,1,0,0,0,0,0,0,0,0,1,1,1
35989,2401,2197,450,469,1996,0.0,0,0.6,0.0,0,0,0,1,0,0,0,0,0,0,0,0,1,1,1
35999,2400,2196,451,468,1996,0.0,0,0.6,0.0,0,0,0,1,0,0,0,0,0,0,0,0,1,1,1
36009,2402,2197,451,468,1997,0.0,0,0.4,0.0,0,0,0,1,0,0,0,0,0,0,0,0,1,1,1
36019,2401,2196,448,467,1997,0.0,0,0.6,0.0,0,0,0,1,0,0,0,0,0,0,0,0,1,1,1
36029,2400,2196,450,469,1998,0.0,0,0.6,0.0,0,0,0,1,0,0,0,0,0,0,0,0,1,1,1
36039,2401,2196,450,469,1996,0.0,0,0.5,0.0,0,0,0,1,0,0,0,0,0,0,0,0,1,1,1
36049,2400,2197,451,469,1994,0.0,0,0.4,0.0,0,0,0,1,0,0,0,0,0,0,0,0,1,1,1
36059,2400,2196,449,470,1997,0.0,0,0.4,0.0,0,0,0,1,0,0,0,0,0,0,0,0,1,1,1
36069,2400,2199,451,468,1997,0.0,0,0.4,0.0,0,0,0,1,0,0,0,0,0,0,0,0,1,1,1
36079,2400,2196,450,468,1996,0.0,0,0.4,0.0,0,0,0,1,0,0,0,0,0,0,0,0,1,1,1
36089,2400,2196,450,469,1996,0.0,0,0.4,0.0,0,0,0,1,0,0,0,0,0,0,0,0,1,1,1
36099,2400,2196,450,468,1996,0.0,0,0.3,0.0,0,0,0,1,0,0,0,0,0,0,0,0,1,1,1
36109,2400,2196,450,469,1995,0.0,0,0.5,0.0,0,0,0,1,0,0,0,0,0,0,0,0,1,1,1
36119,2400,2196,451,468,1997,0.0,0,0.5,0.0,0,0,0,1,0,0,0,0,0,0,0,0,1,1,1
36129,2400,2197,451,470,1997,0.0,0,0.5,0.0,0,0,0,1,0,0,0,0,0,0,0,0,1,1,1
36139,2401,2196,450,469,1997,0.0,0,0.4,0.0,0,0,0,1,0,0,0,0,0,0,0,0,1,1,1
36149,2399,2196,450,468,1995,0.0,0,0.4,0.0,0,0,0,1,0,0,0,0,0,0,0,0,1,1,1
36159,2398,2197,449,468,1996,0.0,0,0.9,0.0,0,0,0,1,0,0,0,0,0,0,0,0,1,1,1
36169,2399,2196,450,469,1997,0.0,0,0.5,0.0,0,0,0,1,0,0,0,0,0,0,0,0,1,1,1
36179,2401,2196,450,469,1996,0.0,0,0.5,0.0,0,0,0,1,0,0,0,0,0,0,0,0,1,1,1
36189,2400,2196,449,469,1997,0.0,0,0.6,0.0,0,0,0,1,0,0,0,0,0,0,0,0,1,1,1
36199,2401,2197,450,468,1997,0.0,0,0.6,0.0,0,0,0,1,0,0,0,0,0,0,0,0,1,1,1
36209,2400,2196,450,469,1995,0.0,0,0.6,0.0,0,0,0,1,0,0,0,0,0,0,0,0,1,1,1
36219,2401,2199,450,468,1997,0.0,0,0.4,0.0,0,0,0,1,0,0,0,0,0,0,0,0,1,1,1
36229,2400,2197,450,470,1996,0.0,0,0.6,0.0,0,0,0,1,0,0,0,0,0,0,0,0,1,1,1
36239,2400,2196,451,470,1997,0.0,0,0.6,0.0,0,0,0,1,0,0,0,0,0,0,0,0,1,1,1
36249,2400,2196,454,469,1996,0.0,0,0.5,0.0,0,0,0,1,0,0,0,0,0,0,0,0,1,1,1
36259,2401,2193,451,468,1997,0.0,0,0.5,0.0,0,0,0,1,0,0,0,0,0,0,0,0,1,1,1
36269,2401,2196,450,469,1996,0.0,0,0.5,0.0,0,0,0,1,0,0,0,0,0,0,0,0,1,1,1
36279,2400,2197,449,470,1998,0.0,0,0.6,0.0,0,0,0,1,0,0,0,0,0,0,0,0,1,1,1
36289,2400,2196,450,469,1996,0.0,0,0.5,0.0,0,0,0,1,0,0,0,0,0,0,0,0,1,1,1
36299,2401,2195,449,468,1996,0.0,0,0.5,0.0,0,0,0,1,0,0,0,0,0,0,0,0,1,1,1
36309,2400,2196,450,468,1996,0.0,0,0.5,0.0,0,0,0,1,0,0,0,0,0,0,0,0,1,1,1
36319,2400,2196,450,470,1996,0.0,0,0.5,0.0,0,0,0,1,0,0,0,0,0,0,0,0,1,1,1
36329,2399,2196,451,470,1996,0.0,0,0.5,0.0,0,0,0,1,0,0,0,0,0,0,0,0,1,1,1
36339,2400,2196,452,468,1995,0.0,0,0.4,0.0,0,0,0,1,0,0,0,0,0,0,0,0,1,1,1
36349,2401,2195,451,468,1997,0.0,0,0.5,0.0,0,0,0,1,0,0,0,0,0,0,0,0,1,1,1
36359,2400,2196,451,470,1998,0.0,0,0.5,0.0,0,0,0,1,0,0,0,0,0,0,0,0,1,1,1
36369,2401,2196,449,470,1995,0.0,0,0.4,0.0,0,0,0,1,0,0,0,0,0,0,0,0,1,1,1
36379,2400,2196,448,468,1997,0.0,0,0.5,0.0,0,0,0,1,0,0,0,0,0,0,0,0,1,1,1
36389,2400,2196,451,469,1996,0.0,0,0.5,0.0,0,0,0,1,0,0,0,0,0,0,0,0,1,1,1
36399,2401,2196,450,469,1997,0.0,0,0.5,0.0,0,0,0,1,0,0,0,0,0,0,0,0,1,1,1
36409,2399,2196,451,469,1999,0.0,0,0.4,0.0,0,0,0,1,0,0,0,0,0,0,0,0,1,1,1
36419,2401,2196,452,469,1996,0.0,0,0.4,0.0,0,0,0,1,0,0,0,0,0,0,0,0,1,1,1
36429,2400,2196,450,468,1999,0.0,0,0.4,0.0,0,0,0,1,0,0,0,0,0,0,0,0,1,1,1
36439,2401,2198,450,467,1997,0.0,0,0.5,0.0,0,0,0,1,0,0,0,0,0,0,0,0,1,1,1
36449,2401,2196,450,467,1995,0.0,0,0.5,0.0,0,0,0,1,0,0,0,0,0,0,0,0,1,1,1
36459,2400,2197,449,469,1997,0.0,0,0.5,0.0,0,0,0,1,0,0,0,0,0,0,0,0,1,1,1
36469,2401,2197,451,469,1996,0.0,0,0.6,0.0,0,0,0,1,0,0,0,0,0,0,0,0,1,1,1
36479,2401,2197,450,469,1997,0.0,0,0.6,0.0,0,0,0,1,0,0,0,0,0,0,0,0,1,1,1
36489,2404,2197,449,468,1997,0.0,0,0.4,0.0,0,0,0,1,0,0,0,0,0,0,0,0,1,1,1
36499,2402,2196,449,469,1996,0.0,0,0.5,0.0,0,0,0,1,0,0,0,0,0,0,0,0,1,1,1
36509,2400,2197,452,467,1996,0.0,0,0.5,0.0,0,0,0,1,0,0,0,0,0,0,0,0,1,1,1
36519,2401,2196,450,469,1996,0.0,0,0.5,0.0,0,0,0,1,0,0,0,0,0,0,0,0,1,1,1
36529,2399,2196,450,469,1997,0.0,0,0.6,0.0,0,0,0,1,0,0,0,0,0,0,0,0,1,1,1
36539,2400,2196,448,469,1996,0.0,0,0.6,0.0,0,0,0,1,0,0,0,0,0,0,0,0,1,1,1
36549,2401,2197,450,468,1996,0.0,0,0.3,0.0,0,0,0,1,0,0,0,0,0,0,0,0,1,1,1
36559,2401,2196,451,467,1996,0.0,0,0.4,0.0,0,0,0,1,0,0,0,0,0,0,0,0,1,1,1
36569,2400,2196,449,468,1997,0.0,0,0.4,0.0,0,0,0,1,0,0,0,0,0,0,0,0,1,1,1
36579,2400,2196,450,469,1997,0.0,0,0.3,0.0,0,0,0,1,0,0,0,0,0,0,0,0,1,1,1
36589,2400,2196,450,468,1996,0.0,0,0.4,0.0,0,0,0,1,0,0,0,0,0,0,0,0,1,1,1
36599,2401,2197,450,470,1995,0.0,0,0.4,0.0,0,0,0,1,0,0,0,0,0,0,0,0,1,1,1
36609,2401,2197,450,466,1997,0.0,0,0.5,0.0,0,0,0,1,0,0,0,0,0,0,0,0,1,1,1
36619,2400,2196,449,469,1996,0.0,0,0.6,0.0,0,0,0,1,0,0,0,0,0,0,0,0,1,1,1
36629,2400,2196,450,468,1997,0.0,0,0.6,0.0,0,0,0,1,0,0,0,0,0,0,0,0,1,1,1
36639,2400,2196,446,469,1998,0.0,0,0.1,0.0,0,0,0,1,0,0,0,0,0,0,0,0,1,1,1
36649,2401,2196,450,471,1996,0.0,0,0.6,0.0,0,0,0,1,0,0,0,0,0,0,0,0,1,1,1
36659,2400,2194,450,471,1997,0.0,0,0.6,0.0,0,0,0,1,0,0,0,0,0,0,0,0,1,1,1
36669,2401,2196,451,470,1996,0.0,0,0.5,0.0,0,0,0,1,0,0,0,0,0,0,0,0,1,1,1
36679,2400,2196,449,469,1997,0.0,0,0.5,0.0,0,0,0,1,0,0,0,0,0,0,0,0,1,1,1
36689,2400,2196,449,469,1997,0.0,0,0.5,0.0,0,0,0,1,0,0,0,0,0,0,0,0,1,1,1
36699,2401,2196,453,470,1996,0.0,0,0.6,0.0,0,0,0,1,0,0,0,0,0,0,0,0,1,1,1
36709,2400,2197,451,469,1996,0.0,0,1.2,0.0,0,0,0,1,0,0,0,0,0,0,0,0,1,1,1
36719,2402,2197,450,468,1996,0.0,0,1.2,0.0,0,0,0,1,0,0,0,0,0,0,0,0,1,1,1
36729,2401,2197,449,469,1997,0.0,0,0.6,0.0,0,0,0,1,0,0,0,0,0,0,0,0,1,1,1
36739,2398,2196,450,468,1996,0.0,0,0.4,0.0,0,0,0,1,0,0,0,0,0,0,0,0,1,1,1
36749,2401,2196,450,468,1996,0.0,0,0.4,0.0,0,0,0,1,0,0,0,0,0,0,0,0,1,1,1
36759,2400,2196,451,469,1997,0.0,0,0.4,0.0,0,0,0,1,0,0,0,0,0,0,0,0,1,1,1
36769,2401,2197,450,469,1997,0.0,0,0.2,0.0,0,0,0,1,0,0,0,0,0,0,0,0,1,1,1
36779,2401,2199,450,469,1997,0.0,0,0.2,0.0,0,0,0,1,0,0,0,0,0,0,0,0,1,1,1
36789,2401,2196,450,468,1996,0.0,0,0.5,0.0,0,0,0,1,0,0,0,0,0,0,0,0,1,1,1
36799,2403,2196,449,468,1997,0.0,0,0.5,0.0,0,0,0,1,0,0,0,0,0,0,0,0,1,1,1
36809,2401,2196,449,471,1996,0.0,0,0.5,0.0,0,0,0,1,0,0,0,0,0,0,0,0,1,1,1
36819,2402,2196,451,469,1997,0.0,0,0.8,0.0,0,0,0,1,0,0,0,0,0,0,0,0,1,1,1
36829,2400,2197,447,471,1997,0.0,0,0.4,0.0,0,0,0,1,0,0,0,0,0,0,0,0,1,1,1
36839,2400,2196,451,470,1996,0.0,0,0.4,0.0,0,0,0,1,0,0,0,0,0,0,0,0,1,1,1
36849,2400,2194,449,469,1997,0.0,0,0.4,0.0,0,0,0,1,0,0,0,0,0,0,0,0,1,1,1
36859,2400,2197,451,469,1997,0.0,0,0.4,0.0,0,0,0,1,0,0,0,0,0,0,0,0,1,1,1
36869,2401,2196,451,470,1997,0.0,0,0.4,0.0,0,0,0,1,0,0,0,0,0,0,0,0,1,1,1
36879,2401,2196,450,470,1996,0.0,0,0.6,0.0,0,0,0,1,0,0,0,0,0,0,0,0,1,1,1
36889,2401,2196,450,468,1996,0.0,0,0.5,0.0,0,0,0,1,0,0,0,0,0,0,0,0,1,1,1
36899,2401,2196,450,470,1999,0.0,0,0.5,0.0,0,0,0,1,0,0,0,0,0,0,0,0,1,1,1
36909,2401,2197,450,471,1999,0.0,0,0.8,0.0,0,0,0,1,0,0,0,0,0,0,0,0,1,1,1
36919,2401,2199,450,468,1998,0.0,0,0.6,0.0,0,0,0,1,0,0,0,0,0,0,0,0,1,1,1
36929,2402,2195,451,469,1996,0.0,0,0.6,0.0,0,0,0,1,0,0,0,0,0,0,0,0,1,1,1
36939,2401,2200,450,470,1997,0.0,0,0.5,0.0,0,0,0,1,0,0,0,0,0,0,0,0,1,1,1
36949,2401,2196,450,469,1996,0.0,0,0.4,0.0,0,0,0,1,0,0,0,0,0,0,0,0,1,1,1
36959,2401,2196,449,468,1996,0.0,0,0.4,0.0,0,0,0,1,0,0,0,0,0,0,0,0,1,1,1
36969,2400,2196,447,469,1996,0.0,0,0.6,0.0,0,0,0,1,0,0,0,0,0,0,0,0,1,1,1
36979,2401,2194,449,469,1996,0.0,0,0.2,0.0,0,0,0,1,0,0,0,0,0,0,0,0,1,1,1
36989,2400,2196,450,469,1996,0.0,0,0.2,0.0,0,0,0,1,0,0,0,0,0,0,0,0,1,1,1
36999,2401,2197,450,468,1996,0.0,0,0.5,0.0,0,0,0,1,0,0,0,0,0,0,0,0,1,1,1
37009,2401,2197,450,469,1997,0.0,0,0.5,0.0,0,0,0,1,0,0,0,0,0,0,0,0,1,1,1
37019,2402,2196,449,469,1996,0.0,0,0.5,0.0,0,0,0,1,0,0,0,0,0,0,0,0,1,1,1
37029,2401,2196,451,468,1997,0.0,0,0.5,0.0,0,0,0,1,0,0,0,0,0,0,0,0,1,1,1
37039,2400,2196,449,471,1997,0.0,0,0.4,0.0,0,0,0,1,0,0,0,0,0,0,0,0,1,1,1
37049,2402,2196,450,469,1997,0.0,0,0.4,0.0,0,0,0,1,0,0,0,0,0,0,0,0,1,1,1
37059,2401,2197,454,469,1996,0.0,0,0.4,0.0,0,0,0,1,0,0,0,0,0,0,0,0,1,1,1
37069,2400,2196,449,469,1997,0.0,0,0.6,0.0,0,0,0,1,0,0,0,0,0,0,0,0,1,1,1
37079,2399,2196,450,469,1994,0.0,0,0.6,0.0,0,0,0,1,0,0,0,0,0,0,0,0,1,1,1
37089,2402,2194,450,469,1996,0.0,0,0.6,0.0,0,0,0,1,0,0,0,0,0,0,0,0,1,1,1
37099,2402,2196,450,467,1995,0.0,0,0.2,0.0,0,0,0,1,0,0,0,0,0,0,0,0,1,1,1
37109,2400,2197,450,470,1997,0.0,0,0.2,0.0,0,0,0,1,0,0,0,0,0,0,0,0,1,1,1
37119,2400,2196,451,468,1996,0.0,0,0.5,0.0,0,0,0,1,0,0,0,0,0,0,0,0,1,1,1
37129,2404,2197,449,470,1997,0.0,0,0.6,0.0,0,0,0,1,0,0,0,0,0,0,0,0,1,1,1
37139,2400,2197,449,470,1998,0.0,0,0.6,0.0,0,0,0,1,0,0,0,0,0,0,0,0,1,1,1
37149,2401,2195,450,468,1996,0.0,0,0.6,0.0,0,0,0,1,0,0,0,0,0,0,0,0,1,1,1
37159,2403,2196,452,470,1996,0.0,0,0.4,0.0,0,0,0,1,0,0,0,0,0,0,0,0,1,1,1
37169,2401,2196,450,469,1997,0.0,0,0.4,0.0,0,0,0,1,0,0,0,0,0,0,0,0,1,1,1
37179,2400,2196,451,469,1995,0.0,0,0.4,0.0,0,0,0,1,0,0,0,0,0,0,0,0,1,1,1
37189,2401,2196,450,469,1996,0.0,0,0.5,0.0,0,0,0,1,0,0,0,0,0,0,0,0,1,1,1
37199,2400,2196,449,469,1996,0.0,0,0.5,0.0,0,0,0,1,0,0,0,0,0,0,0,0,1,1,1
37209,2400,2197,449,468,1997,0.0,0,0.5,0.0,0,0,0,1,0,0,0,0,0,0,0,0,1,1,1
37219,2402,2196,450,468,1997,0.0,0,0.5,0.0,0,0,0,1,0,0,0,0,0,0,0,0,1,1,1
37229,2401,2200,450,470,1996,0.0,0,0.5,0.0,0,0,0,1,0,0,0,0,0,0,0,0,1,1,1
37239,2400,2196,449,472,1997,0.0,0,0.3,0.0,0,0,0,1,0,0,0,0,0,0,0,0,1,1,1
37249,2402,2196,450,470,1996,0.0,0,0.4,0.0,0,0,0,1,0,0,0,0,0,0,0,0,1,1,1
37259,2401,2196,450,468,1996,0.0,0,0.4,0.0,0,0,0,1,0,0,0,0,0,0,0,0,1,1,1
37269,2400,2196,448,469,1997,0.0,0,0.5,0.0,0,0,0,1,0,0,0,0,0,0,0,0,1,1,1
37279,2402,2196,449,469,1998,0.0,0,0.4,0.0,0,0,0,1,0,0,0,0,0,0,0,0,1,1,1
37289,2401,2195,450,468,1995,0.0,0,0.4,0.0,0,0,0,1,0,0,0,0,0,0,0,0,1,1,1
37299,2401,2198,452,469,1996,0.0,0,0.6,0.0,0,0,0,1,0,0,0,0,0,0,0,0,1,1,1
37309,2400,2196,450,470,1996,0.0,0,0.6,0.0,0,0,0,1,0,0,0,0,0,0,0,0,1,1,1
37320,2401,2196,450,469,1996,0.0,0,0.6,0.0,0,0,0,1,0,0,0,0,0,0,0,0,1,1,1
37330,2400,2196,449,469,1997,0.0,0,0.1,0.0,0,0,0,1,0,0,0,0,0,0,0,0,1,1,1
37340,2400,2196,450,469,1996,0.0,0,0.6,0.0,0,0,0,1,0,0,0,0,0,0,0,0,1,1,1
37350,2400,2196,451,469,1997,0.0,0,0.6,0.0,0,0,0,1,0,0,0,0,0,0,0,0,1,1,1
37360,2400,2194,450,469,1995,0.0,0,0.4,0.0,0,0,0,1,0,0,0,0,0,0,0,0,1,1,1
37370,2401,2197,451,470,1996,0.0,0,0.6,0.0,0,0,0,1,0,0,0,0,0,0,0,0,1,1,1
37380,2402,2196,449,469,1996,0.0,0,0.6,0.0,0,0,0,1,0,0,0,0,0,0,0,0,1,1,1
37390,2401,2196,449,468,1996,0.0,0,0.4,0.0,0,0,0,1,0,0,0,0,0,0,0,0,1,1,1
37400,2402,2197,451,470,1997,0.0,0,0.4,0.0,0,0,0,1,0,0,0,0,0,0,0,0,1,1,1
37411,2400,2197,450,466,1996,0.0,0,0.5,0.0,0,0,0,1,0,0,0,0,0,0,0,0,1,1,1
37421,2400,2197,451,470,1996,0.0,0,0.5,0.0,0,0,0,1,0,0,0,0,0,0,0,0,1,1,1
37431,2400,2196,448,470,1997,0.0,0,0.3,0.0,0,0,0,1,0,0,0,0,0,0,0,0,1,1,1
37441,2400,2196,447,468,1998,0.0,0,0.3,0.0,0,0,0,1,0,0,0,0,0,0,0,0,1,1,1
37451,2400,2196,449,469,2001,0.0,0,0.3,0.0,0,0,0,1,0,0,0,0,0,0,0,0,1,1,1
37461,2400,2197,451,469,2006,0.0,0,5.0,0.0,0,0,0,1,0,0,0,0,0,0,0,0,1,1,1
37471,2402,2196,452,469,2007,0.0,0,13.9,0.0,0,0,0,1,0,0,0,0,0,0,0,0,1,1,1
37481,2400,2199,449,469,2007,0.0,0,13.9,0.0,0,0,0,1,0,0,0,0,0,0,0,0,1,1,1
37491,2401,2196,451,468,2007,0.0,0,22.3,0.0,0,0,0,1,0,0,0,0,0,0,0,0,1,1,1
37501,2404,2199,451,469,2007,0.0,0,22.3,0.0,0,0,0,1,0,0,0,0,0,0,0,0,1,1,1
37511,2401,2197,449,470,2006,0.0,0,38.4,0.0,0,0,0,1,0,0,0,0,0,0,0,0,1,1,1
37521,2401,2197,449,467,2010,0.0,0,46.4,0.0,0,0,0,1,0,0,0,0,0,0,0,0,1,1,1
37531,2402,2197,450,469,2006,0.0,0,54.1,0.0,0,0,0,1,0,0,0,0,0,0,0,0,1,1,1
37541,2401,2197,450,470,2014,0.0,0,54.1,0.0,0,0,0,1,0,0,0,0,0,0,0,0,1,1,1
37551,2401,2197,450,469,2012,0.0,0,61.6,0.0,0,0,0,1,0,0,0,0,0,0,0,0,1,1,1
37561,2400,2197,448,469,2016,0.0,0,61.6,0.0,0,0,0,1,0,0,0,0,0,0,0,0,1,1,1
37571,2401,2196,451,468,2016,0.0,0,75.3,0.0,0,0,0,1,0,0,0,0,0,0,0,0,1,1,1
37581,2400,2196,449,470,2016,0.0,0,82.1,0.0,0,0,0,1,0,0,0,0,0,0,0,0,1,1,1
37591,2402,2197,450,469,2015,0.0,0,88.6,0.0,0,0,0,1,0,0,0,0,0,0,0,0,1,1,1
37601,2402,2196,451,470,2015,0.0,0,88.6,0.0,0,0,0,1,0,0,0,0,0,0,0,0,1,1,1
37611,2401,2197,450,469,2015,0.0,0,94.8,0.0,0,0,0,1,0,0,0,0,0,0,0,0,1,1,1
37621,2401,2197,450,469,2014,0.0,0,94.8,0.0,0,0,0,1,0,0,0,0,0,0,0,0,1,1,1
37631,2400,2194,450,471,2015,0.0,0,107.6,0.0,0,0,0,1,0,0,0,0,0,0,0,0,1,1,1
37641,2401,2196,450,469,2011,0.0,0,113.3,0.0,0,0,0,1,0,0,0,0,0,0,0,0,1,1,1
37652,2404,2194,449,469,2013,0.0,0,119.1,0.0,0,0,0,1,0,0,0,0,0,0,0,0,1,1,1
37663,2400,2197,448,469,2013,0.0,0,124.7,0.0,0,0,0,1,0,0,0,0,0,0,0,0,1,1,1
37675,2400,2196,449,468,2014,0.0,0,124.7,0.0,0,0,0,1,0,0,0,0,0,0,0,0,1,1,1
37685,2400,2196,447,467,2013,0.0,0,124.7,0.0,0,0,0,1,0,0,0,0,0,0,0,0,1,1,1
37695,2401,2197,449,468,2013,0.0,0,135.9,0.0,0,0,0,1,0,0,0,0,0,0,0,0,1,1,1
37705,2402,2196,451,469,2014,0.0,0,141.1,0.0,0,0,0,1,0,0,0,0,0,0,0,0,1,1,1
37715,2400,2197,450,469,2012,0.0,0,146.0,0.0,0,0,0,1,0,0,0,0,0,0,0,0,1,1,1
37725,2402,2196,451,468,2012,0.0,0,151.4,0.0,0,0,0,1,0,0,0,0,0,0,0,0,1,1,1
37735,2403,2197,449,469,2013,0.0,0,151.4,0.0,0,0,0,1,0,0,0,0,0,0,0,0,1,1,1
37745,2402,2196,451,471,2010,0.0,0,151.4,0.0,0,0,0,1,0,0,0,0,0,0,0,0,1,1,1
37755,2402,2196,449,469,2012,0.0,0,161.3,0.0,0,0,0,1,0,0,0,0,0,0,0,0,1,1,1
37765,2401,2196,448,469,2011,0.0,0,166.0,0.0,0,0,0,1,0,0,0,0,0,0,0,0,1,1,1
37775,2402,2196,449,469,2012,0.0,0,170.7,0.0,0,0,0,1,0,0,0,0,0,0,0,0,1,1,1
37785,2401,2197,450,468,2011,0.0,0,175.4,0.0,0,0,0,1,0,0,0,0,0,0,0,0,1,1,1
37795,2405,2196,450,469,2012,0.0,0,175.4,0.0,0,0,0,1,0,0,0,0,0,0,0,0,1,1,1
37805,2402,2197,451,470,2012,0.0,0,175.4,0.0,0,0,0,1,0,0,0,0,0,0,0,0,1,1,1
37815,2401,2196,451,470,2005,0.0,0,183.7,0.0,0,0,0,1,0,0,0,0,0,0,0,0,1,1,1
37825,2401,2197,450,470,2004,0.0,0,188.1,0.0,0,0,0,1,0,0,0,0,0,0,0,0,1,1,1
37837,2402,2196,452,468,2004,0.0,0,192.6,0.0,0,0,0,1,0,0,0,0,0,0,0,0,1,1,1
37847,2401,2197,451,469,2004,0.0,0,195.5,0.0,0,0,0,1,0,0,0,0,0,0,0,0,1,1,1
37857,2400,2197,450,469,2004,0.0,0,198.7,0.0,0,0,0,1,0,0,0,0,0,0,0,0,1,1,1
37867,2401,2196,449,468,2003,0.0,0,203.2,0.0,0,0,0,1,0,0,0,0,0,0,0,0,1,1,1
37877,2401,2196,454,469,2003,0.0,0,203.2,0.0,0,0,0,1,0,0,0,0,0,0,0,0,1,1,1
37887,2402,2196,451,469,2003,0.0,0,210.2,0.0,0,0,0,1,0,0,0,0,0,0,0,0,1,1,1
37897,2401,2196,450,470,2003,0.0,0,210.2,0.0,0,0,0,1,0,0,0,0,0,0,0,0,1,1,1
37907,2401,2196,449,468,2003,0.0,0,213.8,0.0,0,0,0,1,0,0,0,0,0,0,0,0,1,1,1
37917,2403,2197,451,471,2003,0.0,0,217.8,0.0,0,0,0,1,0,0,0,0,0,0,0,0,1,1,1
37927,2402,2197,451,470,2004,0.0,0,221.2,0.0,0,0,0,1,0,0,0,0,0,0,0,0,1,1,1
37937,2401,2196,449,469,2003,0.0,0,221.2,0.0,0,0,0,1,0,0,0,0,0,0,0,0,1,1,1
37948,2402,2197,449,468,2011,0.0,0,228.6,0.0,0,0,0,1,0,0,0,0,0,0,0,0,1,1,1
37958,2401,2197,450,469,2011,0.0,0,228.6,0.0,0,0,0,1,0,0,0,0,0,0,0,0,1,1,1
37968,2401,2197,450,468,2011,0.0,0,232.2,0.0,0,0,0,1,0,0,0,0,0,0,0,0,1,1,1
37978,2402,2196,451,469,2012,0.0,0,236.4,0.0,0,0,0,1,0,0,0,0,0,0,0,0,1,1,1
37988,2402,2196,450,469,2011,0.0,0,239.1,0.0,0,0,0,1,0,0,0,0,0,0,0,0,1,1,1
37998,2401,2197,449,471,2011,0.0,0,242.5,0.0,0,0,0,1,0,0,0,0,0,0,0,0,1,1,1
38008,2402,2196,448,468,2011,0.0,0,245.8,0.0,0,0,0,1,0,0,0,0,0,0,0,0,1,1,1
38018,2400,2196,451,469,2010,0.0,0,245.8,0.0,0,0,0,1,0,0,0,0,0,0,0,0,1,1,1
38029,2402,2196,448,468,2010,0.0,0,251.3,0.0,0,0,0,1,0,0,0,0,0,0,0,0,1,1,1
38039,2401,2196,449,469,2010,0.0,0,251.3,0.0,0,0,0,1,0,0,0,0,0,0,0,0,1,1,1
38049,2401,2197,450,469,2013,0.0,0,254.1,0.0,0,0,0,1,0,0,0,0,0,0,0,0,1,1,1
38059,2402,2196,449,469,2010,0.0,0,257.4,0.0,0,0,0,1,0,0,0,0,0,0,0,0,1,1,1
38069,2399,2197,450,469,2010,0.0,0,260.4,0.0,0,0,0,1,0,0,0,0,0,0,0,0,1,1,1
38079,2401,2196,448,468,2010,0.0,0,263.3,0.0,0,0,0,1,0,0,0,0,0,0,0,0,1,1,1
38089,2402,2196,451,468,2010,0.0,0,266.0,0.0,0,0,0,1,0,0,0,0,0,0,0,0,1,1,1
38099,2401,2196,449,469,2011,0.0,0,266.0,0.0,0,0,0,1,0,0,0,0,0,0,0,0,1,1,1
38109,2399,2196,449,467,2009,0.0,0,269.0,0.0,0,0,0,1,0,0,0,0,0,0,0,0,1,1,1
38119,2400,2196,450,469,2002,0.0,0,271.3,0.0,0,0,0,1,0,0,0,0,0,0,0,0,1,1,1
38129,2400,2196,451,468,2003,0.0,0,274.8,0.0,0,0,0,1,0,0,0,0,0,0,0,0,1,1,1
38140,2402,2197,447,469,2002,0.0,0,276.6,0.0,0,0,0,1,0,0,0,0,0,0,0,0,1,1,1
38150,2403,2197,449,468,2001,0.0,0,279.2,0.0,0,0,0,1,0,0,0,0,0,0,0,0,1,1,1
38160,2400,2196,449,470,2002,0.0,0,279.2,0.0,0,0,0,1,0,0,0,0,0,0,0,0,1,1,1
38170,2401,2196,452,468,2003,0.0,0,281.8,0.0,0,0,0,1,0,0,0,0,0,0,0,0,1,1,1
38180,2400,2196,450,470,2002,0.0,0,283.7,0.0,0,0,0,1,0,0,0,0,0,0,0,0,1,1,1
38190,2402,2197,449,469,2002,0.0,0,286.3,0.0,0,0,0,1,0,0,0,0,0,0,0,0,1,1,1
38200,2400,2197,450,469,2002,0.0,0,289.0,0.0,0,0,0,1,0,0,0,0,0,0,0,0,1,1,1
38210,2402,2196,450,469,2002,0.0,0,291.3,0.0,0,0,0,1,0,0,0,0,0,0,0,0,1,1,1
38221,2401,2197,448,468,2002,0.0,0,293.8,0.0,0,0,0,1,0,0,0,0,0,0,0,0,1,1,1
38231,2401,2197,450,470,2002,0.0,0,293.8,0.0,0,0,0,1,0,0,0,0,0,0,0,0,1,1,1
38241,2401,2197,450,468,2003,0.0,0,295.1,0.0,0,0,0,1,0,0,0,0,0,0,0,0,1,1,1
38251,2404,2196,450,468,2010,0.0,0,297.9,0.0,0,0,0,1,0,0,0,0,0,0,0,0,1,1,1
38261,2400,2196,450,470,2011,0.0,0,299.2,0.0,0,0,0,1,0,0,0,0,0,0,0,0,1,1,1
38271,2402,2196,449,469,2011,0.0,0,301.9,0.0,0,0,0,1,0,0,0,0,0,0,0,0,1,1,1
38283,2401,2196,449,469,2010,0.0,0,301.9,0.0,0,0,0,1,0,0,0,0,0,0,0,0,1,1,1
38293,2401,2195,449,467,2010,0.0,0,305.7,0.0,0,0,0,1,0,0,0,0,0,0,0,0,1,1,1
38303,2400,2195,449,468,2010,0.0,0,305.7,0.0,0,0,0,1,0,0,0,0,0,0,0,0,1,1,1
38314,2401,2195,449,468,2008,0.0,0,308.2,0.0,0,0,0,1,0,0,0,0,0,0,0,0,1,1,1
38324,2400,2195,450,470,2009,0.0,0,309.2,0.0,0,0,0,1,0,0,0,0,0,0,0,0,1,1,1
38335,2400,2195,448,468,2009,0.0,0,310.9,0.0,0,0,0,1,0,0,0,0,0,0,0,0,1,1,1
38345,2402,2196,446,468,2009,0.0,0,312.1,0.0,0,0,0,1,0,0,0,0,0,0,0,0,1,1,1
38355,2402,2196,449,469,2009,0.0,0,314.0,0.0,0,0,0,1,0,0,0,0,0,0,0,0,1,1,1
38365,2402,2196,450,469,2009,0.0,0,316.5,0.0,0,0,0,1,0,0,0,0,0,0,0,0,1,1,1
38375,2402,2197,449,469,2010,0.0,0,316.5,0.0,0,0,0,1,0,0,0,0,0,0,0,0,1,1,1
38385,2400,2196,450,468,2010,0.0,0,316.5,0.0,0,0,0,1,0,0,0,0,0,0,0,0,1,1,1
38395,2401,2197,450,468,2010,0.0,0,319.5,0.0,0,0,0,1,0,0,0,0,0,0,0,0,1,1,1
38405,2398,2196,450,469,2010,0.0,0,320.8,0.0,0,0,0,1,0,0,0,0,0,0,0,0,1,1,1
38415,2400,2197,448,469,2001,0.0,0,322.8,0.0,0,0,0,1,0,0,0,0,0,0,0,0,1,1,1
38425,2401,2196,450,470,1999,0.0,0,324.0,0.0,0,0,0,1,0,0,0,0,0,0,0,0,1,1,1
38435,2401,2196,450,468,2001,0.0,0,324.0,0.0,0,0,0,1,0,0,0,0,0,0,0,0,1,1,1
38445,2401,2196,452,468,2001,0.0,0,325.5,0.0,0,0,0,1,0,0,0,0,0,0,0,0,1,1,1
38455,2402,2196,449,470,2001,0.0,0,327.5,0.0,0,0,0,1,0,0,0,0,0,0,0,0,1,1,1
38465,2400,2197,450,468,2002,0.0,0,328.4,0.0,0,0,0,1,0,0,0,0,0,0,0,0,1,1,1
38475,2402,2196,448,468,1999,0.0,0,329.5,0.0,0,0,0,1,0,0,0,0,0,0,0,0,1,1,1
38485,2403,2196,449,469,2002,0.0,0,331.3,0.0,0,0,0,1,0,0,0,0,0,0,0,0,1,1,1
38495,2401,2196,449,469,2000,0.0,0,331.3,0.0,0,0,0,1,0,0,0,0,0,0,0,0,1,1,1
38505,2400,2196,450,469,2000,0.0,0,332.4,0.0,0,0,0,1,0,0,0,0,0,0,0,0,1,1,1
38515,2402,2196,449,467,2001,0.0,0,333.6,0.0,0,0,0,1,0,0,0,0,0,0,0,0,1,1,1
38525,2400,2197,449,470,2001,0.0,0,335.0,0.0,0,0,0,1,0,0,0,0,0,0,0,0,1,1,1
38535,2402,2196,450,469,2001,0.0,0,335.8,0.0,0,0,0,1,0,0,0,0,0,0,0,0,1,1,1
38545,2400,2195,450,469,2009,0.0,0,336.9,0.0,0,0,0,1,0,0,0,0,0,0,0,0,1,1,1
38555,2398,2196,451,470,2009,0.0,0,336.9,0.0,0,0,0,1,0,0,0,0,0,0,0,0,1,1,1
38565,2404,2196,449,470,2009,0.0,0,338.1,0.0,0,0,0,1,0,0,0,0,0,0,0,0,1,1,1
38575,2401,2196,449,470,2008,0.0,0,339.3,0.0,0,0,0,1,0,0,0,0,0,0,0,0,1,1,1
38585,2401,2196,447,468,2009,0.0,0,340.2,0.0,0,0,0,1,0,0,0,0,0,0,0,0,1,1,1
38595,2401,2196,450,468,2009,0.0,0,341.6,0.0,0,0,0,1,0,0,0,0,0,0,0,0,1,1,1
38605,2402,2195,449,469,2010,0.0,0,343.5,0.0,0,0,0,1,0,0,0,0,0,0,0,0,1,1,1
38615,2402,2197,450,468,2009,0.0,0,343.5,0.0,0,0,0,1,0,0,0,0,0,0,0,0,1,1,1
38625,2402,2197,450,469,2009,0.0,0,344.2,0.0,0,0,0,1,0,0,0,0,0,0,0,0,1,1,1
38635,2402,2200,450,468,2009,0.0,0,344.8,0.0,0,0,0,1,0,0,0,0,0,0,0,0,1,1,1
38645,2400,2196,450,469,2008,0.0,0,345.7,0.0,0,0,0,1,0,0,0,0,0,0,0,0,1,1,1
38656,2402,2196,451,469,2008,0.0,0,347.4,0.0,0,0,0,1,0,0,0,0,0,0,0,0,1,1,1
38666,2401,2196,449,468,2009,0.0,0,347.2,0.0,0,0,0,1,0,0,0,0,0,0,0,0,1,1,1
38677,2403,2196,451,468,2008,0.0,0,348.7,0.0,0,0,0,1,0,0,0,0,0,0,0,0,1,1,1
38687,2401,2196,451,465,2008,0.0,0,348.7,0.0,0,0,0,1,0,0,0,0,0,0,0,0,1,1,1
38697,2400,2196,451,468,2009,0.0,0,350.1,0.0,0,0,0,1,0,0,0,0,0,0,0,0,1,1,1
38707,2404,2196,450,471,2008,0.0,0,350.1,0.0,0,0,0,1,0,0,0,0,0,0,0,0,1,1,1
38717,2401,2196,450,469,2000,0.0,0,351.2,0.0,0,0,0,1,0,0,0,0,0,0,0,0,1,1,1
38727,2400,2195,450,468,2000,0.0,0,352.2,0.0,0,0,0,1,0,0,0,0,0,0,0,0,1,1,1
38737,2401,2197,450,468,2000,0.0,0,352.7,0.0,0,0,0,1,0,0,0,0,0,0,0,0,1,1,1
38747,2401,2196,449,469,2000,0.0,0,352.7,0.0,0,0,0,1,0,0,0,0,0,0,0,0,1,1,1
38757,2401,2196,449,470,2000,0.0,0,354.3,0.0,0,0,0,1,0,0,0,0,0,0,0,0,1,1,1
38767,2402,2197,449,469,2000,0.0,0,354.3,0.0,0,0,0,1,0,0,0,0,0,0,0,0,1,1,1
38777,2401,2196,450,470,1999,0.0,0,355.4,0.0,0,0,0,1,0,0,0,0,0,0,0,0,1,1,1
38787,2401,2196,450,469,1999,0.0,0,356.4,0.0,0,0,0,1,0,0,0,0,0,0,0,0,1,1,1
38797,2400,2197,450,468,2000,0.0,0,356.4,0.0,0,0,0,1,0,0,0,0,0,0,0,0,1,1,1
38807,2402,2197,449,469,2000,0.0,0,356.4,0.0,0,0,0,1,0,0,0,0,0,0,0,0,1,1,1
38817,2401,2196,449,467,1999,0.0,0,357.6,0.0,0,0,0,1,0,0,0,0,0,0,0,0,1,1,1
38827,2401,2196,448,468,2000,0.0,0,358.5,0.0,0,0,0,1,0,0,0,0,0,0,0,0,1,1,1
38837,2401,2194,451,469,2000,0.0,0,358.7,0.0,0,0,0,1,0,0,0,0,0,0,0,0,1,1,1
38847,2401,2196,447,468,2008,0.0,0,359.4,0.0,0,0,0,1,0,0,0,0,0,0,0,0,1,1,1
38857,2401,2196,450,469,2005,0.0,0,360.0,0.0,0,0,0,1,0,0,0,0,0,0,0,0,1,1,1
38867,2401,2196,451,469,2007,0.0,0,360.0,0.0,0,0,0,1,0,0,0,0,0,0,0,0,1,1,1
38877,2399,2196,450,468,2008,0.0,0,361.0,0.0,0,0,0,1,0,0,0,0,0,0,0,0,1,1,1
38887,2402,2196,450,470,2006,0.0,0,361.4,0.0,0,0,0,1,0,0,0,0,0,0,0,0,1,1,1
38897,2401,2196,450,468,2008,0.0,0,362.5,0.0,0,0,0,1,0,0,0,0,0,0,0,0,1,1,1
38907,2401,2199,451,468,2008,0.0,0,363.1,0.0,0,0,0,1,0,0,0,0,0,0,0,0,1,1,1
38917,2403,2196,447,467,2008,0.0,0,363.2,0.0,0,0,0,1,0,0,0,0,0,0,0,0,1,1,1
38927,2405,2196,449,470,2007,0.0,0,363.2,0.0,0,0,0,1,0,0,0,0,0,0,0,0,1,1,1
38937,2401,2197,449,469,2008,0.0,0,363.8,0.0,0,0,0,1,0,0,0,0,0,0,0,0,1,1,1
38947,2401,2197,450,469,2008,0.0,0,365.5,0.0,0,0,0,1,0,0,0,0,0,0,0,0,1,1,1
38958,2402,2196,451,468,2010,0.0,0,364.9,0.0,0,0,0,1,0,0,0,0,0,0,0,0,1,1,1
38968,2401,2196,450,468,2007,0.0,0,365.5,0.0,0,0,0,1,0,0,0,0,0,0,0,0,1,1,1
38978,2402,2196,449,467,2008,0.0,0,366.0,0.0,0,0,0,1,0,0,0,0,0,0,0,0,1,1,1
38989,2400,2194,449,468,2011,0.0,0,366.5,0.0,0,0,0,1,0,0,0,0,0,0,0,0,1,1,1
38999,2401,2196,449,469,2008,0.0,0,366.5,0.0,0,0,0,1,0,0,0,0,0,0,0,0,1,1,1
39009,2403,2196,449,468,2008,0.0,0,367.8,0.0,0,0,0,1,0,0,0,0,0,0,0,0,1,1,1
39019,2399,2196,451,470,2000,0.0,0,367.8,0.0,0,0,0,1,0,0,0,0,0,0,0,0,1,1,1
39029,2401,2196,448,469,2000,0.0,0,367.7,0.0,0,0,0,1,0,0,0,0,0,0,0,0,1,1,1
39039,2401,2197,451,470,2000,0.0,0,368.5,0.0,0,0,0,1,0,0,0,0,0,0,0,0,1,1,1
39049,2402,2196,449,469,1999,0.0,0,368.9,0.0,0,0,0,1,0,0,0,0,0,0,0,0,1,1,1
39059,2401,2197,451,472,2000,0.0,0,368.9,0.0,0,0,0,1,0,0,0,0,0,0,0,0,1,1,1
39069,2402,2196,451,469,1998,0.0,0,369.8,0.0,0,0,0,1,0,0,0,0,0,0,0,0,1,1,1
39079,2401,2198,449,471,2000,0.0,0,369.8,0.0,0,0,0,1,0,0,0,0,0,0,0,0,1,1,1
39089,2401,2197,449,469,2000,0.0,0,370.8,0.0,0,0,0,1,0,0,0,0,0,0,0,0,1,1,1
39099,2401,2196,450,471,1999,0.0,0,370.8,0.0,0,0,0,1,0,0,0,0,0,0,0,0,1,1,1
39109,2402,2196,447,469,2000,0.0,0,371.1,0.0,0,0,0,1,0,0,0,0,0,0,0,0,1,1,1
39119,2401,2197,450,469,2001,0.0,0,371.1,0.0,0,0,0,1,0,0,0,0,0,0,0,0,1,1,1
39129,2399,2197,451,469,2000,0.0,0,372.2,0.0,0,0,0,1,0,0,0,0,0,0,0,0,1,1,1
39139,2401,2196,449,469,1999,0.0,0,372.1,0.0,0,0,0,1,0,0,0,0,0,0,0,0,1,1,1
39149,2402,2197,450,469,2008,0.0,0,372.1,0.0,0,0,0,1,0,0,0,0,0,0,0,0,1,1,1
39159,2401,2196,449,468,2005,0.0,0,372.8,0.0,0,0,0,1,0,0,0,0,0,0,0,0,1,1,1
39169,2401,2196,449,468,2008,0.0,0,373.0,0.0,0,0,0,1,0,0,0,0,0,0,0,0,1,1,1
39179,2401,2197,449,469,2008,0.0,0,373.0,0.0,0,0,0,1,0,0,0,0,0,0,0,0,1,1,1
39189,2401,2197,449,468,2007,0.0,0,373.9,0.0,0,0,0,1,0,0,0,0,0,0,0,0,1,1,1
39199,2401,2196,449,470,2014,0.0,0,373.7,0.0,0,0,0,1,0,0,0,0,0,0,0,0,1,1,1
39209,2400,2196,449,469,2071,0.0,0,374.5,0.0,0,0,0,1,0,0,0,0,0,0,0,0,1,1,1
39219,2398,2196,450,469,2017,0.0,0,397.0,0.0,0,0,0,1,0,0,0,0,0,0,0,0,1,1,1
39229,2402,2196,449,470,2019,0.0,0,397.4,0.0,0,0,0,1,0,0,0,0,0,0,0,0,1,1,1
39239,2402,2196,450,468,2021,0.0,0,397.4,0.0,0,0,0,1,0,0,0,0,0,0,0,0,1,1,1
39249,2401,2197,450,468,2022,0.0,0,397.0,0.0,0,0,0,1,0,0,0,0,0,0,0,0,1,1,1
39259,2403,2197,449,469,2023,0.0,0,396.9,0.0,0,0,0,1,0,0,0,0,0,0,0,0,1,1,1
39269,2401,2197,449,469,2023,0.0,0,396.8,0.0,0,0,0,1,0,0,0,0,0,0,0,0,1,1,1
39279,2401,2197,450,469,2024,0.0,0,396.7,0.0,0,0,0,1,0,0,0,0,0,0,0,0,1,1,1
39289,2401,2196,448,469,2023,0.0,0,397.1,0.0,0,0,0,1,0,0,0,0,0,0,0,0,1,1,1
39299,2402,2196,450,469,2021,0.0,0,397.1,0.0,0,0,0,1,0,0,0,0,0,0,0,0,1,1,1
39309,2400,2197,450,469,2021,0.0,0,396.7,0.0,0,0,0,1,0,0,0,0,0,0,0,0,1,1,1
39319,2400,2197,450,470,2012,0.0,0,396.8,0.0,0,0,0,1,0,0,0,0,0,0,0,0,1,1,1
39329,2404,2196,449,468,2013,0.0,0,396.8,0.0,0,0,0,1,0,0,0,0,0,0,0,0,1,1,1
39339,2401,2196,449,469,2013,0.0,0,396.5,0.0,0,0,0,1,0,0,0,0,0,0,0,0,1,1,1
39349,2400,2196,450,468,2012,0.0,0,396.8,0.0,0,0,0,1,0,0,0,0,0,0,0,0,1,1,1
39359,2401,2196,450,469,2012,0.0,0,396.8,0.0,0,0,0,1,0,0,0,0,0,0,0,0,1,1,1
39369,2404,2196,449,469,2013,0.0,0,396.7,0.0,0,0,0,1,0,0,0,0,0,0,0,0,1,1,1
39379,2401,2196,450,468,2005,0.0,0,396.9,0.0,0,0,0,1,0,0,0,0,0,0,0,0,1,1,1
39389,2401,2196,450,469,2012,0.0,0,396.9,0.0,0,0,0,1,0,0,0,0,0,0,0,0,1,1,1
39399,2400,2197,448,468,2012,0.0,0,397.9,0.0,0,0,0,1,0,0,0,0,0,0,0,0,1,1,1
39409,2402,2195,453,468,2013,0.0,0,396.5,0.0,0,0,0,1,0,0,0,0,0,0,0,0,1,1,1
39419,2402,2196,450,469,2013,0.0,0,396.5,0.0,0,0,0,1,0,0,0,0,0,0,0,0,1,1,1
39429,2401,2196,450,469,2012,0.0,0,396.4,0.0,0,0,0,1,0,0,0,0,0,0,0,0,1,1,1
39439,2401,2197,450,470,2012,0.0,0,397.0,0.0,0,0,0,1,0,0,0,0,0,0,0,0,1,1,1
39449,2402,2197,449,469,2012,0.0,0,396.8,0.0,0,0,0,1,0,0,0,0,0,0,0,0,1,1,1
39459,2401,2196,450,470,2021,0.0,0,396.8,0.0,0,0,0,1,0,0,0,0,0,0,0,1,1,1,1
39469,2402,2197,449,470,2022,0.0,0,397.2,0.0,0,0,0,1,0,0,0,0,0,0,0,1,1,1,1
39479,2402,2196,449,468,2020,0.0,0,397.2,0.0,0,0,0,1,0,0,0,0,0,0,0,1,1,1,1
39489,2401,2197,452,468,2022,0.0,0,397.1,0.0,0,0,0,1,0,0,0,0,0,0,0,1,1,1,1
39499,2402,2197,450,469,2021,0.0,0,396.8,0.0,0,0,0,1,0,0,0,0,0,0,0,1,1,1,1
39509,2401,2196,450,469,2021,0.0,0,396.7,0.0,0,0,0,1,0,0,0,0,0,0,0,1,1,1,1
39519,2401,2196,451,470,2021,0.0,0,396.8,0.0,0,0,0,1,0,0,0,0,0,0,0,1,1,1,1
39529,2402,2196,449,468,2022,0.0,0,396.4,0.0,0,0,0,1,0,0,0,0,0,0,0,1,1,1,1
39539,2400,2196,450,469,2021,0.0,0,396.4,0.0,0,0,0,1,0,0,0,0,0,0,0,1,1,1,1
39549,2402,2197,449,470,2021,0.0,0,397.2,0.0,0,0,0,1,0,0,0,0,0,0,0,1,1,1,1
39559,2402,2196,451,469,2019,0.0,0,396.3,0.0,0,0,0,1,0,0,0,0,0,0,0,1,1,1,1
39569,2402,2196,448,468,2022,0.0,0,397.2,0.0,0,0,0,1,0,0,0,0,0,0,0,1,1,1,1
39579,2401,2197,449,470,2022,0.0,0,396.8,0.0,0,0,0,1,0,0,0,0,0,0,0,1,1,1,1
39589,2402,2196,448,470,2021,0.0,0,396.4,0.0,0,0,0,1,0,0,0,0,0,0,0,1,1,1,1
39599,2403,2197,451,469,2022,0.0,0,396.4,0.0,0,0,0,1,0,0,0,0,0,0,0,1,1,1,1
39609,2401,2196,452,468,2022,0.0,0,396.3,0.0,0,0,0,1,0,0,0,0,0,0,0,1,1,1,1
39619,2402,2197,450,470,2015,0.0,0,397.2,0.0,0,0,0,1,0,0,0,0,0,0,0,1,1,1,1
39629,2401,2196,451,469,2013,0.0,0,396.4,0.0,0,0,0,1,0,0,0,0,0,0,0,1,1,1,1
39639,2401,2197,451,468,2012,0.0,0,397.0,0.0,0,0,0,1,0,0,0,0,0,0,0,1,1,1,1
39649,2402,2196,449,466,2013,0.0,0,397.0,0.0,0,0,0,1,0,0,0,0,0,0,0,1,1,1,1
39659,2402,2197,450,468,2015,0.0,0,397.0,0.0,0,0,0,1,0,0,0,0,0,0,0,1,1,1,1
39669,2395,2197,449,470,2013,0.0,0,397.2,0.0,0,0,0,1,0,0,0,0,0,0,0,1,1,1,1
39679,2401,2197,451,469,2013,0.0,0,397.1,0.0,0,0,0,1,0,0,0,0,0,0,0,1,1,1,1
39689,2402,2197,451,469,2013,0.0,0,396.7,0.0,0,0,0,1,0,0,0,0,0,0,0,1,1,1,1
39699,2401,2196,450,470,2013,0.0,0,396.4,0.0,0,0,0,1,0,0,0,0,0,0,0,1,1,1,1
39709,2403,2196,450,468,2013,0.0,0,396.9,0.0,0,0,0,1,0,0,0,0,0,0,0,1,1,1,1
39719,2399,2197,449,468,2012,0.0,0,396.9,0.0,0,0,0,1,0,0,0,0,0,0,0,1,1,1,1
39729,2401,2197,450,469,2013,0.0,0,396.9,0.0,0,0,0,1,0,0,0,0,0,0,0,1,1,1,1
39739,2402,2197,450,470,2012,0.0,0,397.2,0.0,0,0,0,1,0,0,0,0,0,0,0,1,1,1,1
39749,2401,2196,451,469,2012,0.0,0,396.9,0.0,0,0,0,1,0,0,0,0,0,0,0,1,1,1,1
39759,2401,2197,450,471,2022,0.0,0,396.7,0.0,0,0,0,1,0,0,0,0,0,0,0,1,1,1,1
39769,2401,2199,448,468,2022,0.0,0,396.9,0.0,0,0,0,1,0,0,0,0,0,0,0,1,1,1,1
39779,2401,2196,449,465,2022,0.0,0,396.9,0.0,0,0,0,1,0,0,0,0,0,0,0,1,1,1,1
39789,2401,2197,450,468,2022,0.0,0,396.7,0.0,0,0,0,1,0,0,0,0,0,0,0,1,1,1,1
39799,2401,2196,449,469,2022,0.0,0,397.1,0.0,0,0,0,1,0,0,0,0,0,0,0,1,1,1,1
39809,2401,2196,450,469,2022,0.0,0,396.8,0.0,0,0,0,1,0,0,0,0,0,0,0,1,1,1,1
39819,2401,2197,450,469,2021,0.0,0,396.4,0.0,0,0,0,1,0,0,0,0,0,0,0,1,1,1,1
39829,2401,2196,449,469,2022,0.0,0,396.5,0.0,0,0,0,1,0,0,0,0,0,0,0,1,1,1,1
39839,2401,2196,450,468,2022,0.0,0,396.5,0.0,0,0,0,1,0,0,0,0,0,0,0,1,1,1,1
39849,2402,2196,449,470,2021,0.0,0,396.2,0.0,0,0,0,1,0,0,0,0,0,0,0,1,1,1,1
39859,2401,2197,450,470,2022,0.0,0,396.9,0.0,0,0,0,1,0,0,0,0,0,0,0,1,1,1,1
39870,2402,2196,448,470,2022,0.0,0,396.4,0.0,0,0,0,1,0,0,0,0,0,0,0,1,1,1,1
39880,2400,2197,448,470,2022,0.0,0,396.4,0.0,0,0,0,1,0,0,0,0,0,0,0,1,1,1,1
39890,2401,2197,449,468,2022,0.0,0,397.0,0.0,0,0,0,1,0,0,0,0,0,0,0,1,1,1,1
39900,2402,2196,451,469,2021,0.0,0,397.2,0.0,0,0,0,1,0,0,0,0,0,0,0,1,1,1,1
39910,2402,2196,451,470,2022,0.0,0,397.2,0.0,0,0,0,1,0,0,0,0,0,0,0,1,1,1,1
39920,2402,2197,450,468,2022,0.0,0,396.4,0.0,0,0,0,1,0,0,0,0,0,0,0,1,1,1,1
39930,2402,2197,450,469,2012,0.0,0,396.4,0.0,0,0,0,1,0,0,0,0,0,0,0,1,1,1,1
39940,2403,2197,450,470,2012,0.0,0,397.3,0.0,0,0,0,1,0,0,0,0,0,0,0,1,1,1,1
39950,2402,2197,448,469,2014,0.0,0,396.8,0.0,0,0,0,1,0,0,0,0,0,0,0,1,1,1,1
39960,2403,2196,449,469,2013,0.0,0,396.8,0.0,0,0,0,1,0,0,0,0,0,0,0,1,1,1,1
39970,2403,2197,450,468,2013,0.0,0,396.3,0.0,0,0,0,1,0,0,0,0,0,0,0,1,1,1,1
39980,2402,2193,449,470,2013,0.0,0,396.4,0.0,0,0,0,1,0,0,0,0,0,0,0,1,1,1,1
39990,2400,2196,449,470,2013,0.0,0,396.5,0.0,0,0,0,1,0,0,0,0,0,0,0,1,1,1,1
40000,2401,2196,450,470,2013,0.0,0,397.3,0.0,0,0,0,1,0,0,0,0,0,0,0,1,1,1,1
40010,2402,2196,450,469,2013,0.0,0,396.2,0.0,0,0,0,1,0,0,0,0,0,0,0,1,1,1,1
40021,2404,2196,450,469,2012,0.0,0,396.7,0.0,0,0,0,1,0,0,0,0,0,0,0,1,1,1,1
40031,2403,2196,451,467,2010,0.0,0,396.7,0.0,0,0,0,1,0,0,0,0,0,0,0,1,1,1,1
40041,2402,2197,448,469,2014,0.0,0,396.7,0.0,0,0,0,1,0,0,0,0,0,0,0,1,1,1,1
40051,2401,2196,450,470,2012,0.0,0,397.2,0.0,0,0,0,1,0,0,0,0,0,0,0,1,1,1,1
40061,2400,2196,447,469,2018,0.0,0,396.9,0.0,0,0,0,1,0,0,0,0,0,0,0,1,1,1,1
40071,2401,2196,451,469,2019,0.0,0,397.7,0.0,0,0,0,1,0,0,0,0,0,0,0,1,1,1,1
40081,2403,2197,449,469,2022,0.0,0,396.7,0.0,0,0,0,1,0,0,0,0,0,0,0,1,1,1,1
40091,2399,2197,450,469,2022,0.0,0,396.7,0.0,0,0,0,1,0,0,0,0,0,0,0,1,1,1,1
40101,2401,2194,450,469,2023,0.0,0,396.9,0.0,0,0,0,1,0,0,0,0,0,0,0,1,1,1,1
40111,2402,2197,450,470,2022,0.0,0,396.2,0.0,0,0,0,1,0,0,0,0,0,0,0,1,1,1,1
40121,2402,2197,451,469,2023,0.0,0,396.5,0.0,0,0,0,1,0,0,0,0,0,0,0,1,1,1,1
40131,2402,2197,449,468,2021,0.0,0,397.1,0.0,0,0,0,1,0,0,0,0,0,0,0,1,1,1,1
40141,2401,2196,449,466,2022,0.0,0,397.2,0.0,0,0,0,1,0,0,0,0,0,0,0,1,1,1,1
40151,2403,2196,451,468,2023,0.0,0,397.2,0.0,0,0,0,1,0,0,0,0,0,0,0,1,1,1,1
40161,2401,2196,448,467,2022,0.0,0,396.9,0.0,0,0,0,1,0,0,0,0,0,0,0,1,1,1,1
40171,2401,2197,449,470,2022,0.0,0,396.5,0.0,0,0,0,1,0,0,0,0,0,0,0,1,1,1,1
40181,2400,2197,453,468,2023,0.0,0,396.7,0.0,0,0,0,1,0,0,0,0,0,0,0,1,1,1,1
40191,2402,2196,450,470,2022,0.0,0,397.7,0.0,0,0,0,1,0,0,0,0,0,0,0,1,1,1,1
40201,2403,2195,449,468,2022,0.0,0,397.2,0.0,0,0,0,1,0,0,0,0,0,0,0,1,1,1,1
40211,2401,2197,450,469,2022,0.0,0,397.2,0.0,0,0,0,1,0,0,0,0,0,0,0,1,1,1,1
40221,2401,2197,450,470,2023,0.0,0,397.1,0.0,0,0,0,1,0,0,0,0,0,0,0,1,1,1,1
40231,2403,2197,448,484,2014,0.0,0,396.9,0.0,0,0,0,1,0,0,0,0,0,0,0,1,1,1,1
40241,2402,2196,449,468,2014,0.0,0,397.0,0.0,0,0,0,1,0,0,0,0,0,0,0,1,1,1,1
40251,2401,2196,450,469,2014,0.0,0,396.9,0.0,0,0,0,1,0,0,0,0,0,0,0,1,1,1,1
40261,2402,2197,450,468,2013,0.0,0,396.5,0.0,0,0,0,1,0,0,0,0,0,0,0,1,1,1,1
40271,2403,2196,451,468,2013,0.0,0,396.5,0.0,0,0,0,1,0,0,0,0,0,0,0,1,1,1,1
40281,2402,2197,451,469,2013,0.0,0,396.9,0.0,0,0,0,1,0,0,0,0,0,0,0,1,1,1,1
40291,2400,2196,449,468,2012,0.0,0,396.3,0.0,0,0,0,1,0,0,0,0,0,0,0,1,1,1,1
40301,2401,2198,450,468,2013,0.0,0,396.5,0.0,0,0,0,1,0,0,0,0,0,0,0,1,1,1,1
40311,2401,2196,450,469,2014,0.0,0,396.5,0.0,0,0,0,1,0,0,0,0,0,0,0,1,1,1,1
40321,2401,2196,448,469,2012,0.0,0,396.4,0.0,0,0,0,1,0,0,0,0,0,0,0,1,1,1,1
40331,2401,2196,450,469,2012,0.0,0,396.4,0.0,0,0,0,1,0,0,0,0,0,0,0,1,1,1,1
40341,2401,2196,450,468,2013,0.0,0,397.2,0.0,0,0,0,1,0,0,0,0,0,0,0,1,1,1,1
40351,2401,2196,449,469,2013,0.0,0,397.1,0.0,0,0,0,1,0,0,0,0,0,0,0,1,1,1,1
40361,2401,2196,451,469,2021,0.0,0,397.1,0.0,0,0,0,1,0,0,0,0,0,0,0,1,1,1,1
40371,2401,2196,449,469,2020,0.0,0,396.7,0.0,0,0,0,1,0,0,0,0,0,0,0,1,1,1,1
40381,2403,2196,448,468,2021,0.0,0,396.7,0.0,0,0,0,1,0,0,0,0,0,0,0,1,1,1,1
40391,2402,2196,452,469,2022,0.0,0,396.7,0.0,0,0,0,1,0,0,0,0,0,0,0,1,1,1,1
40401,2401,2197,450,468,2023,0.0,0,396.8,0.0,0,0,0,1,0,0,0,0,0,0,0,1,1,1,1
40411,2401,2198,449,470,2021,0.0,0,397.4,0.0,0,0,0,1,0,0,0,0,0,0,0,1,1,1,1
40421,2401,2196,450,470,2023,0.0,0,396.1,0.0,0,0,0,1,0,0,0,0,0,0,0,1,1,1,1
40431,2400,2196,450,470,2022,0.0,0,396.5,0.0,0,0,0,1,0,0,0,0,0,0,0,1,1,1,1
40441,2401,2197,448,469,2021,0.0,0,396.7,0.0,0,0,0,1,0,0,0,0,0,0,0,1,1,1,1
40451,2401,2196,450,469,2021,0.0,0,396.7,0.0,0,0,0,1,0,0,0,0,0,0,0,1,1,1,1
40461,2402,2197,450,468,2022,0.0,0,397.2,0.0,0,0,0,1,0,0,0,0,0,0,0,1,1,1,1
40471,2401,2196,452,471,2023,0.0,0,397.0,0.0,0,0,0,1,0,0,0,0,0,0,0,1,1,1,1
40482,2401,2196,451,467,2021,0.0,0,396.8,0.0,0,0,0,1,0,0,0,0,0,0,0,1,1,1,1
40492,2402,2197,451,470,2025,0.0,0,397.1,0.0,0,0,0,1,0,0,0,0,0,0,0,1,1,1,1
40502,2401,2197,450,470,2021,0.0,0,396.7,0.0,0,0,0,1,0,0,0,0,0,0,0,1,1,1,1
40512,2402,2196,450,466,2022,0.0,0,396.5,0.0,0,0,0,1,0,0,0,0,0,0,0,1,1,1,1
40522,2402,2196,449,468,2022,0.0,0,396.5,0.0,0,0,0,1,0,0,0,0,0,0,0,1,1,1,1
40532,2400,2196,452,468,2013,0.0,0,397.3,0.0,0,0,0,1,0,0,0,0,0,0,0,1,1,1,1
40542,2401,2197,452,469,2013,0.0,0,396.7,0.0,0,0,0,1,0,0,0,0,0,0,0,1,1,1,1
40552,2401,2196,451,468,2014,0.0,0,396.9,0.0,0,0,0,1,0,0,0,0,0,0,0,1,1,1,1
40562,2401,2196,451,471,2015,0.0,0,397.2,0.0,0,0,0,1,0,0,0,0,0,0,0,1,1,1,1
40572,2402,2197,450,467,2013,0.0,0,397.2,0.0,0,0,0,1,0,0,0,0,0,0,0,1,1,1,1
40582,2401,2197,449,470,2012,0.0,0,397.2,0.0,0,0,0,1,0,0,0,0,0,0,0,1,1,1,1
40592,2401,2196,449,469,2012,0.0,0,396.2,0.0,0,0,0,1,0,0,0,0,0,0,0,1,1,1,1
40602,2402,2197,449,468,2012,0.0,0,397.0,0.0,0,0,0,1,0,0,0,0,0,0,0,1,1,1,1
40612,2401,2193,450,468,2013,0.0,0,396.5,0.0,0,0,0,1,0,0,0,0,0,0,0,1,1,1,1
40622,2402,2196,450,469,2012,0.0,0,397.1,0.0,0,0,0,1,0,0,0,0,0,0,0,1,1,1,1
40633,2402,2197,450,470,2013,0.0,0,396.9,0.0,0,0,0,1,0,0,0,0,0,0,0,1,1,1,1
40643,2402,2197,446,470,2013,0.0,0,396.9,0.0,0,0,0,1,0,0,0,0,0,0,0,1,1,1,1
40654,2402,2196,450,468,2012,0.0,0,397.0,0.0,0,0,0,1,0,0,0,0,0,0,0,1,1,1,1
40664,2401,2196,453,469,2022,0.0,0,396.3,0.0,0,0,0,1,0,0,0,0,0,0,0,1,1,1,1
40674,2402,2196,451,468,2022,0.0,0,397.1,0.0,0,0,0,1,0,0,0,0,0,0,0,1,1,1,1
40684,2401,2196,450,469,2022,0.0,0,396.2,0.0,0,0,0,1,0,0,0,0,0,0,0,1,1,1,1
40694,2401,2197,449,470,2022,0.0,0,396.7,0.0,0,0,0,1,0,0,0,0,0,0,0,1,1,1,1
40704,2402,2198,450,470,2021,0.0,0,396.7,0.0,0,0,0,1,0,0,0,0,0,0,0,1,1,1,1
40714,2401,2196,450,470,2020,0.0,0,396.7,0.0,0,0,0,1,0,0,0,0,0,0,0,1,1,1,1
40724,2403,2197,451,468,2022,0.0,0,396.9,0.0,0,0,0,1,0,0,0,0,0,0,0,1,1,1,1
40734,2402,2198,450,470,2020,0.0,0,397.1,0.0,0,0,0,1,0,0,0,0,0,0,0,1,1,1,1
40744,2402,2197,451,469,2022,0.0,0,396.7,0.0,0,0,0,1,0,0,0,0,0,0,0,1,1,1,1
40754,2401,2196,450,467,2023,0.0,0,396.3,0.0,0,0,0,1,0,0,0,0,0,0,0,1,1,1,1
40765,2402,2196,449,469,2021,0.0,0,396.9,0.0,0,0,0,1,0,0,0,0,0,0,0,1,1,1,1
40775,2402,2197,449,468,2022,0.0,0,396.9,0.0,0,0,0,1,0,0,0,0,0,0,0,1,1,1,1
40785,2402,2196,452,469,2021,0.0,0,396.5,0.0,0,0,0,1,0,0,0,0,0,0,0,1,1,1,1
40795,2402,2196,449,468,2022,0.0,0,396.4,0.0,0,0,0,1,0,0,0,0,0,0,0,1,1,1,1
40805,2402,2196,450,471,2022,0.0,0,396.9,0.0,0,0,0,1,0,0,0,0,0,0,0,1,1,1,1
40815,2403,2197,449,469,2022,0.0,0,396.9,0.0,0,0,0,1,0,0,0,0,0,0,0,1,1,1,1
40825,2402,2196,452,468,2021,0.0,0,396.9,0.0,0,0,0,1,0,0,0,0,0,0,0,1,1,1,1
40835,2401,2196,450,470,2013,0.0,0,396.9,0.0,0,0,0,1,0,0,0,0,0,0,0,1,1,1,1
40845,2401,2197,449,468,2013,0.0,0,397.3,0.0,0,0,0,1,0,0,0,0,0,0,0,1,1,1,1
40855,2402,2196,449,468,2013,0.0,0,396.4,0.0,0,0,0,1,0,0,0,0,0,0,0,1,1,1,1
40865,2402,2196,450,469,2012,0.0,0,396.7,0.0,0,0,0,1,0,0,0,0,0,0,0,1,1,1,1
40875,2402,2197,450,468,2012,0.0,0,396.8,0.0,0,0,0,1,0,0,0,0,0,0,0,1,1,1,1
40885,2402,2196,448,469,2012,0.0,0,396.4,0.0,0,0,0,1,0,0,0,0,0,0,0,1,1,1,1
40895,2403,2196,447,468,2013,0.0,0,396.4,0.0,0,0,0,1,0,0,0,0,0,0,0,1,1,1,1
40905,2402,2197,450,469,2012,0.0,0,396.4,0.0,0,0,0,1,0,0,0,0,0,0,0,1,1,1,1
40915,2403,2196,449,468,2012,0.0,0,396.7,0.0,0,0,0,1,0,0,0,0,0,0,0,1,1,1,1
40925,2402,2196,450,469,2012,0.0,0,397.1,0.0,0,0,0,1,0,0,0,0,0,0,0,1,1,1,1
40936,2402,2196,446,468,2013,0.0,0,397.3,0.0,0,0,0,1,0,0,0,0,0,0,0,1,1,1,1
40946,2401,2196,451,468,2012,0.0,0,396.8,0.0,0,0,0,1,0,0,0,0,0,0,0,1,1,1,1
40956,2403,2196,451,469,2012,0.0,0,396.7,0.0,0,0,0,1,0,0,0,0,0,0,0,1,1,1,1
40966,2401,2196,451,469,2021,0.0,0,396.7,0.0,0,0,0,1,0,0,0,0,0,0,0,1,1,1,1
40976,2401,2196,449,470,2021,0.0,0,396.7,0.0,0,0,0,1,0,0,0,0,0,0,0,1,1,1,1
40986,2404,2196,450,471,2021,0.0,0,397.5,0.0,0,0,0,1,0,0,0,0,0,0,0,1,1,1,1
40997,2403,2196,450,469,2021,0.0,0,396.4,0.0,0,0,0,1,0,0,0,0,0,0,0,1,1,1,1
41007,2401,2197,452,468,2022,0.0,0,396.9,0.0,0,0,0,1,0,0,0,0,0,0,0,1,1,1,1
41017,2402,2195,449,469,2021,0.0,0,396.7,0.0,0,0,0,1,0,0,0,0,0,0,0,1,1,1,1
41027,2403,2200,450,468,2024,0.0,0,396.7,0.0,0,0,0,1,0,0,0,0,0,0,0,1,1,1,1
41037,2401,2196,447,469,2022,0.0,0,396.7,0.0,0,0,0,1,0,0,0,0,0,0,0,1,1,1,1
41047,2402,2197,448,470,2021,0.0,0,396.5,0.0,0,0,0,1,0,0,0,0,0,0,0,1,1,1,1
41057,2402,2197,450,468,2021,0.0,0,396.2,0.0,0,0,0,1,0,0,0,0,0,0,0,1,1,1,1
41067,2401,2196,449,468,2021,0.0,0,396.5,0.0,0,0,0,1,0,0,0,0,0,0,0,1,1,1,1
41077,2402,2195,448,468,2020,0.0,0,396.9,0.0,0,0,0,1,0,0,0,0,0,0,0,1,1,1,1
41087,2402,2196,449,470,2023,0.0,0,396.9,0.0,0,0,0,1,0,0,0,0,0,0,0,1,1,1,1
41097,2401,2197,451,469,2022,0.0,0,396.7,0.0,0,0,0,1,0,0,0,0,0,0,0,1,1,1,1
41107,2404,2196,451,468,2022,0.0,0,397.0,0.0,0,0,0,1,0,0,0,0,0,0,0,1,1,1,1
41117,2401,2196,449,467,2021,0.0,0,396.9,0.0,0,0,0,1,0,0,0,0,0,0,0,1,1,1,1
41127,2402,2196,450,469,2022,0.0,0,396.9,0.0,0,0,0,1,0,0,0,0,0,0,0,1,1,1,1
41137,2402,2199,449,468,2012,0.0,0,396.3,0.0,0,0,0,1,0,0,0,0,0,0,0,1,1,1,1
41147,2402,2196,451,468,2013,0.0,0,396.3,0.0,0,0,0,1,0,0,0,0,0,0,0,1,1,1,1
41157,2400,2197,451,468,2011,0.0,0,397.0,0.0,0,0,0,1,0,0,0,0,0,0,0,1,1,1,1
41167,2401,2196,451,468,2014,0.0,0,397.1,0.0,0,0,0,1,0,0,0,0,0,0,0,1,1,1,1
41177,2402,2197,450,469,2013,0.0,0,396.5,0.0,0,0,0,1,0,0,0,0,0,0,0,1,1,1,1
41187,2402,2197,450,470,2012,0.0,0,397.2,0.0,0,0,0,1,0,0,0,0,0,0,0,1,1,1,1
41197,2404,2196,449,468,2013,0.0,0,397.2,0.0,0,0,0,1,0,0,0,0,0,0,0,1,1,1,1
41207,2402,2197,450,470,2012,0.0,0,397.2,0.0,0,0,0,1,0,0,0,0,0,0,0,1,1,1,1
41217,2402,2197,450,474,2013,0.0,0,396.5,0.0,0,0,0,1,0,0,0,0,0,0,0,1,1,1,1
41227,2401,2197,449,469,2013,0.0,0,396.5,0.0,0,0,0,1,0,0,0,0,0,0,0,1,1,1,1
41237,2402,2196,447,467,2012,0.0,0,396.3,0.0,0,0,0,1,0,0,0,0,0,0,0,1,1,1,1
41247,2401,2196,450,468,2013,0.0,0,396.1,0.0,0,0,0,1,0,0,0,0,0,0,0,1,1,1,1
41257,2401,2196,449,470,2013,0.0,0,397.2,0.0,0,0,0,1,0,0,0,0,0,0,0,1,1,1,1
41267,2402,2196,450,469,2022,0.0,0,397.2,0.0,0,0,0,1,0,0,0,0,0,0,0,1,1,1,1
41277,2401,2196,451,469,2021,0.0,0,397.6,0.0,0,0,0,1,0,0,0,0,0,0,0,1,1,1,1
41287,2401,2196,451,469,2022,0.0,0,397.6,0.0,0,0,0,1,0,0,0,0,0,0,0,1,1,1,1
41298,2402,2196,450,468,2022,0.0,0,396.8,0.0,0,0,0,1,0,0,0,0,0,0,0,1,1,1,1
41308,2402,2196,449,469,2021,0.0,0,396.7,0.0,0,0,0,1,0,0,0,0,0,0,0,1,1,1,1
41318,2401,2196,449,469,2022,0.0,0,396.3,0.0,0,0,0,1,0,0,0,0,0,0,0,1,1,1,1
41329,2402,2196,449,469,2022,0.0,0,396.5,0.0,0,0,0,1,0,0,0,0,0,0,0,1,1,1,1
41339,2401,2197,448,470,2021,0.0,0,396.5,0.0,0,0,0,1,0,0,0,0,0,0,0,1,1,1,1
41349,2400,2196,450,469,2022,0.0,0,397.0,0.0,0,0,0,1,0,0,0,0,0,0,0,1,1,1,1
41359,2401,2196,449,469,2022,0.0,0,396.5,0.0,0,0,0,1,0,0,0,0,0,0,0,1,1,1,1
41369,2401,2197,447,470,2022,0.0,0,396.5,0.0,0,0,0,1,0,0,0,0,0,0,0,1,1,1,1
41379,2401,2196,450,470,2022,0.0,0,396.4,0.0,0,0,0,1,0,0,0,0,0,0,0,1,1,1,1
41389,2400,2196,450,470,2022,0.0,0,397.4,0.0,0,0,0,1,0,0,0,0,0,0,0,1,1,1,1
41399,2401,2197,450,469,2022,0.0,0,397.4,0.0,0,0,0,1,0,0,0,0,0,0,0,1,1,1,1
41409,2402,2197,449,469,2021,0.0,0,397.4,0.0,0,0,0,1,0,0,0,0,0,0,0,1,1,1,1
41419,2402,2196,450,470,2022,0.0,0,396.3,0.0,0,0,0,1,0,0,0,0,0,0,0,1,1,1,1
41429,2401,2198,451,469,2021,0.0,0,397.1,0.0,0,0,0,1,0,0,0,0,0,0,0,1,1,1,1
41439,2401,2196,450,470,2013,0.0,0,397.2,0.0,0,0,0,1,0,0,0,0,0,0,0,1,1,1,1
41450,2402,2196,450,468,2012,0.0,0,396.8,0.0,0,0,0,1,0,0,0,0,0,0,0,1,1,1,1
41461,2404,2199,452,468,2011,0.0,0,397.0,0.0,0,0,0,1,0,0,0,0,0,0,0,1,1,1,1
41471,2401,2196,450,469,2011,0.0,0,397.0,0.0,0,0,0,1,0,0,0,0,0,0,0,1,1,1,1
41481,2401,2196,450,470,2013,0.0,0,396.4,0.0,0,0,0,1,0,0,0,0,0,0,0,1,1,1,1
41491,2401,2196,449,469,2012,0.0,0,396.7,0.0,0,0,0,1,0,0,0,0,0,0,0,1,1,1,1
41502,2402,2196,447,469,2013,0.0,0,396.3,0.0,0,0,0,1,0,0,0,0,0,0,0,1,1,1,1
41512,2401,2196,451,469,2012,0.0,0,396.7,0.0,0,0,0,1,0,0,0,0,0,0,0,1,1,1,1
41522,2401,2196,449,469,2013,0.0,0,397.1,0.0,0,0,0,1,0,0,0,0,0,0,0,1,1,1,1
41533,2403,2197,449,470,2013,0.0,0,397.0,0.0,0,0,0,1,0,0,0,0,0,0,0,1,1,1,1
41543,2398,2196,450,470,2011,0.0,0,397.0,0.0,0,0,0,1,0,0,0,0,0,0,0,1,1,1,1
41555,2400,2196,451,469,2012,0.0,0,397.2,0.0,0,0,0,1,0,0,0,0,0,0,0,1,1,1,1
41565,2402,2196,450,469,2019,0.0,0,397.2,0.0,0,0,0,1,0,0,0,0,0,0,0,1,1,1,1
41575,2401,2197,450,469,2022,0.0,0,396.9,0.0,0,0,0,1,0,0,0,0,0,0,0,1,1,1,1
41585,2403,2197,450,470,2022,0.0,0,397.2,0.0,0,0,0,1,0,0,0,0,0,0,0,1,1,1,1
41595,2403,2197,450,469,2021,0.0,0,396.8,0.0,0,0,0,1,0,0,0,0,0,0,0,1,1,1,1
41605,2402,2196,450,468,2021,0.0,0,396.9,0.0,0,0,0,1,0,0,0,0,0,0,0,1,1,1,1
41615,2402,2196,448,467,2022,0.0,0,396.9,0.0,0,0,0,1,0,0,0,0,0,0,0,1,1,1,1
41625,2398,2193,448,469,2021,0.0,0,396.4,0.0,0,0,0,1,0,0,0,0,0,0,0,1,1,1,1
41635,2401,2194,449,470,2021,0.0,0,396.7,0.0,0,0,0,1,0,0,0,0,0,0,0,1,1,1,1
41645,2402,2196,449,468,2022,0.0,0,396.7,0.0,0,0,0,1,0,0,0,0,0,0,0,1,1,1,1
41656,2403,2196,450,470,2019,0.0,0,396.7,0.0,0,0,0,1,0,0,0,0,0,0,0,1,1,1,1
41666,2403,2196,450,470,2022,0.0,0,397.5,0.0,0,0,0,1,0,0,0,0,0,0,0,1,1,1,1
41677,2404,2197,451,469,2021,0.0,0,397.6,0.0,0,0,0,1,0,0,0,0,0,0,0,1,1,1,1
41687,2401,2199,451,468,2021,0.0,0,397.6,0.0,0,0,0,1,0,0,0,0,0,0,0,1,1,1,1
41697,2401,2196,451,470,2022,0.0,0,397.2,0.0,0,0,0,1,0,0,0,0,0,0,0,1,1,1,1
41707,2402,2196,449,470,2021,0.0,0,397.2,0.0,0,0,0,1,0,0,0,0,0,0,0,1,1,1,1
41717,2400,2196,449,468,2022,0.0,0,396.4,0.0,0,0,0,1,0,0,0,0,0,0,0,1,1,1,1
41727,2401,2197,449,468,2024,0.0,0,397.4,0.0,0,0,0,1,0,0,0,0,0,0,0,1,1,1,1
41737,2404,2196,455,469,2012,0.0,0,396.8,0.0,0,0,0,1,0,0,0,0,0,0,0,1,1,1,1
41747,2401,2196,450,468,2012,0.0,0,396.8,0.0,0,0,0,1,0,0,0,0,0,0,0,1,1,1,1
41757,2401,2195,449,469,2010,0.0,0,397.1,0.0,0,0,0,1,0,0,0,0,0,0,0,1,1,1,1
41767,2401,2196,449,469,2013,0.0,0,396.8,0.0,0,0,0,1,0,0,0,0,0,0,0,1,1,1,1
41777,2404,2196,450,469,2012,0.0,0,397.1,0.0,0,0,0,1,0,0,0,0,0,0,0,1,1,1,1
41787,2401,2197,450,470,2012,0.0,0,396.4,0.0,0,0,0,1,0,0,0,0,0,0,0,1,1,1,1
41797,2403,2197,446,469,2013,0.0,0,396.7,0.0,0,0,0,1,0,0,0,0,0,0,0,1,1,1,1
41807,2403,2197,451,471,2012,0.0,0,396.7,0.0,0,0,0,1,0,0,0,0,0,0,0,1,1,1,1
41817,2401,2197,449,469,2012,0.0,0,397.4,0.0,0,0,0,1,0,0,0,0,0,0,0,1,1,1,1
41827,2402,2196,451,469,2014,0.0,0,396.7,0.0,0,0,0,1,0,0,0,0,0,0,0,1,1,1,1
41837,2402,2197,451,468,2012,0.0,0,397.1,0.0,0,0,0,1,0,0,0,0,0,0,0,1,1,1,1
41847,2401,2196,450,469,2013,0.0,0,396.5,0.0,0,0,0,1,0,0,0,0,0,0,0,1,1,1,1
41857,2403,2196,451,468,2010,0.0,0,396.8,0.0,0,0,0,1,0,0,0,0,0,0,0,1,1,1,1
41867,2401,2196,449,469,2021,0.0,0,396.8,0.0,0,0,0,1,0,0,0,0,0,0,0,1,1,1,1
41877,2401,2194,450,469,2022,0.0,0,397.1,0.0,0,0,0,1,0,0,0,0,0,0,0,1,1,1,1
41887,2402,2197,450,470,2022,0.0,0,396.3,0.0,0,0,0,1,0,0,0,0,0,0,0,1,1,1,1
41897,2401,2196,450,469,2021,0.0,0,396.5,0.0,0,0,0,1,0,0,0,0,0,0,0,1,1,1,1
41907,2401,2197,450,469,2021,0.0,0,396.3,0.0,0,0,0,1,0,0,0,0,0,0,0,1,1,1,1
41917,2403,2196,449,470,2022,0.0,0,397.3,0.0,0,0,0,1,0,0,0,0,0,0,0,1,1,1,1
41927,2403,2196,453,468,2022,0.0,0,397.3,0.0,0,0,0,1,0,0,0,0,0,0,0,1,1,1,1
41937,2402,2196,448,469,2023,0.0,0,396.5,0.0,0,0,0,1,0,0,0,0,0,0,0,1,1,1,1
41947,2400,2196,450,468,2022,0.0,0,396.4,0.0,0,0,0,1,0,0,0,0,0,0,0,1,1,1,1
41957,2402,2197,449,468,2021,0.0,0,397.0,0.0,0,0,0,1,0,0,0,0,0,0,0,1,1,1,1
41967,2401,2197,451,468,2022,0.0,0,397.1,0.0,0,0,0,1,0,0,0,0,0,0,0,1,1,1,1
41977,2402,2197,450,468,2021,0.0,0,396.7,0.0,0,0,0,1,0,0,0,0,0,0,0,1,1,1,1
41987,2401,2197,450,472,2022,0.0,0,396.7,0.0,0,0,0,1,0,0,0,0,0,0,0,1,1,1,1
41997,2401,2196,449,469,2024,0.0,0,397.1,0.0,0,0,0,1,0,0,0,0,0,0,0,1,1,1,1
42007,2401,2197,451,466,2019,0.0,0,396.4,0.0,0,0,0,1,0,0,0,0,0,0,0,1,1,1,1
42017,2400,2195,451,470,2022,0.0,0,396.9,0.0,0,0,0,1,0,0,0,0,0,0,0,1,1,1,1
42027,2402,2196,450,469,2019,0.0,0,396.9,0.0,0,0,0,1,0,0,0,0,0,0,0,1,1,1,1
42037,2402,2196,450,470,2012,0.0,0,396.9,0.0,0,0,0,1,0,0,0,0,0,0,0,1,1,1,1
42047,2402,2197,450,470,2013,0.0,0,396.9,0.0,0,0,0,1,0,0,0,0,0,0,0,1,1,1,1
42057,2401,2196,450,469,2013,0.0,0,396.4,0.0,0,0,0,1,0,0,0,0,0,0,0,1,1,1,1
42067,2400,2196,450,469,2012,0.0,0,397.0,0.0,0,0,0,1,0,0,0,0,0,0,0,1,1,1,1
42077,2401,2196,450,469,2012,0.0,0,397.2,0.0,0,0,0,1,0,0,0,0,0,0,0,1,1,1,1
42087,2401,2197,450,469,2012,0.0,0,397.1,0.0,0,0,0,1,0,0,0,0,0,0,0,1,1,1,1
42097,2403,2197,448,465,2013,0.0,0,396.2,0.0,0,0,0,1,0,0,0,0,0,0,0,1,1,1,1
42107,2401,2196,452,469,2012,0.0,0,396.2,0.0,0,0,0,1,0,0,0,0,0,0,0,1,1,1,1
42117,2401,2196,449,469,2011,0.0,0,396.3,0.0,0,0,0,1,0,0,0,0,0,0,0,1,1,1,1
42127,2402,2197,449,470,2013,0.0,0,396.2,0.0,0,0,0,1,0,0,0,0,0,0,0,1,1,1,1
42137,2401,2195,449,470,2012,0.0,0,396.9,0.0,0,0,0,1,0,0,0,0,0,0,0,1,1,1,1
42147,2402,2196,450,469,2012,0.0,0,397.1,0.0,0,0,0,1,0,0,0,0,0,0,0,1,1,1,1
42157,2402,2197,448,469,2013,0.0,0,396.9,0.0,0,0,0,1,0,0,0,0,0,0,0,1,1,1,1
42167,2402,2196,451,469,2021,0.0,0,396.9,0.0,0,0,0,1,0,0,0,0,0,0,0,1,1,1,1
42177,2402,2197,450,466,2022,0.0,0,396.4,0.0,0,0,0,1,0,0,0,0,0,0,0,1,1,1,1
42187,2402,2196,451,470,2022,0.0,0,396.8,0.0,0,0,0,1,0,0,0,0,0,0,0,1,1,1,1
42197,2401,2196,451,470,2024,0.0,0,396.4,0.0,0,0,0,1,0,0,0,0,0,0,0,1,1,1,1
42207,2402,2197,449,469,2021,0.0,0,396.8,0.0,0,0,0,1,0,0,0,0,0,0,0,1,1,1,1
42217,2402,2197,451,470,2022,0.0,0,396.8,0.0,0,0,0,1,0,0,0,0,0,0,0,1,1,1,1
42227,2401,2195,449,468,2022,0.0,0,396.8,0.0,0,0,0,1,0,0,0,0,0,0,0,1,1,1,1
42237,2401,2196,449,469,2021,0.0,0,396.9,0.0,0,0,0,1,0,0,0,0,0,0,0,1,1,1,1
42247,2401,2197,451,469,2022,0.0,0,396.3,0.0,0,0,0,1,0,0,0,0,0,0,0,1,1,1,1
42257,2402,2196,451,469,2020,0.0,0,397.2,0.0,0,0,0,1,0,0,0,0,0,0,0,1,1,1,1
42267,2401,2196,451,469,2022,0.0,0,396.7,0.0,0,0,0,1,0,0,0,0,0,0,0,1,1,1,1
42277,2402,2196,451,472,2022,0.0,0,397.0,0.0,0,0,0,1,0,0,0,0,0,0,0,1,1,1,1
42323,2401,2195,450,470,2021,0.0,0,397.0,0.0,0,0,0,1,0,0,0,0,0,0,0,1,1,1,1
42333,2404,2196,450,470,2021,0.0,0,397.0,0.0,0,0,0,1,0,0,0,0,0,0,0,1,1,1,1
42343,2401,2196,450,468,2012,0.0,0,396.8,0.0,0,0,0,1,0,0,0,0,0,0,0,1,1,1,1
42354,2402,2197,449,468,2011,0.0,0,396.9,0.0,0,0,0,1,0,0,0,0,0,0,0,1,1,1,1
42364,2401,2195,451,470,2013,0.0,0,396.7,0.0,0,0,0,1,0,0,0,0,0,0,0,1,1,1,1
42374,2402,2196,450,468,2012,0.0,0,397.3,0.0,0,0,0,1,0,0,0,0,0,0,0,1,1,1,1
42385,2402,2195,449,470,2012,0.0,0,396.5,0.0,0,0,0,1,0,0,0,0,0,0,0,1,1,1,1
42395,2401,2196,449,470,2012,0.0,0,396.5,0.0,0,0,0,1,0,0,0,0,0,0,0,1,1,1,1
42405,2401,2197,450,470,2012,0.0,0,396.9,0.0,0,0,0,1,0,0,0,0,0,0,0,1,1,1,1
42415,2404,2196,449,468,2012,0.0,0,397.1,0.0,0,0,0,1,0,0,0,0,0,0,0,1,1,1,1
42425,2400,2196,449,469,2013,0.0,0,397.6,0.0,0,0,0,1,0,0,0,0,0,0,0,1,1,1,1
42435,2385,2197,450,468,2012,0.0,0,397.3,0.0,0,0,0,1,0,0,0,0,0,0,0,1,1,1,1
42445,2402,2196,451,467,2012,0.0,0,396.5,0.0,0,0,0,1,0,0,0,0,0,0,0,1,1,1,1
42455,2402,2196,448,468,2013,0.0,0,396.5,0.0,0,0,0,1,0,0,0,0,0,0,0,1,1,1,1
42465,2402,2196,449,469,2012,0.0,0,396.7,0.0,0,0,0,1,0,0,0,0,0,0,0,1,1,1,1
42475,2402,2196,452,469,2022,0.0,0,397.1,0.0,0,0,0,1,0,0,0,0,0,0,0,1,1,1,1
42485,2401,2197,451,470,2021,0.0,0,396.2,0.0,0,0,0,1,0,0,0,0,0,0,0,1,1,1,1
42496,2403,2196,449,469,2022,0.0,0,396.7,0.0,0,0,0,1,0,0,0,0,0,0,0,1,1,1,1
42506,2402,2194,450,468,2022,0.0,0,396.7,0.0,0,0,0,1,0,0,0,0,0,0,0,1,1,1,1
42517,2402,2197,449,469,2022,0.0,0,397.0,0.0,0,0,0,1,0,0,0,0,0,0,0,1,1,1,1
42527,2401,2197,450,469,2024,0.0,0,397.0,0.0,0,0,0,1,0,0,0,0,0,0,0,1,1,1,1
42537,2401,2197,450,469,2021,0.0,0,397.0,0.0,0,0,0,1,0,0,0,0,0,0,0,1,1,1,1
42547,2401,2195,449,469,2021,0.0,0,396.7,0.0,0,0,0,1,0,0,0,0,0,0,0,1,1,1,1
42557,2402,2196,450,469,2021,0.0,0,396.5,0.0,0,0,0,1,0,0,0,0,0,0,0,1,1,1,1
42567,2401,2196,450,470,2021,0.0,0,396.9,0.0,0,0,0,1,0,0,0,0,0,0,0,1,1,1,1
42577,2402,2196,450,469,2021,0.0,0,396.5,0.0,0,0,0,1,0,0,0,0,0,0,0,1,1,1,1
42587,2402,2196,450,469,2022,0.0,0,396.5,0.0,0,0,0,1,0,0,0,0,0,0,0,1,1,1,1
42597,2402,2196,453,469,2021,0.0,0,396.8,0.0,0,0,0,1,0,0,0,0,0,0,0,1,1,1,1
42607,2402,2197,451,469,2021,0.0,0,396.2,0.0,0,0,0,1,0,0,0,0,0,0,0,1,1,1,1
42617,2402,2196,449,468,2021,0.0,0,396.7,0.0,0,0,0,1,0,0,0,0,0,0,0,1,1,1,1
42627,2401,2196,449,468,2021,0.0,0,397.0,0.0,0,0,0,1,0,0,0,0,0,0,0,1,1,1,1
42637,2402,2196,449,469,2012,0.0,0,397.3,0.0,0,0,0,1,0,0,0,0,0,0,0,1,1,1,1
42647,2401,2197,450,470,2010,0.0,0,397.3,0.0,0,0,0,1,0,0,0,0,0,0,0,1,1,1,1
42657,2401,2197,450,471,2012,0.0,0,396.5,0.0,0,0,0,1,0,0,0,0,0,0,0,1,1,1,1
42667,2401,2196,449,469,2012,0.0,0,396.5,0.0,0,0,0,1,0,0,0,0,0,0,0,1,1,1,1
42677,2401,2196,451,469,2013,0.0,0,397.1,0.0,0,0,0,1,0,0,0,0,0,0,0,1,1,1,1
42687,2399,2197,451,470,2013,0.0,0,396.5,0.0,0,0,0,1,0,0,0,0,0,0,0,1,1,1,1
42697,2403,2197,449,469,2013,0.0,0,396.8,0.0,0,0,0,1,0,0,0,0,0,0,0,1,1,1,1
42707,2402,2196,449,469,2013,0.0,0,396.8,0.0,0,0,0,1,0,0,0,0,0,0,0,1,1,1,1
42717,2401,2196,449,469,2011,0.0,0,397.0,0.0,0,0,0,1,0,0,0,0,0,0,0,1,1,1,1
42727,2403,2197,448,469,2013,0.0,0,396.7,0.0,0,0,0,1,0,0,0,0,0,0,0,1,1,1,1
42737,2403,2196,451,470,2013,0.0,0,397.1,0.0,0,0,0,1,0,0,0,0,0,0,0,1,1,1,1
42747,2402,2196,450,469,2012,0.0,0,396.8,0.0,0,0,0,1,0,0,0,0,0,0,0,1,1,1,1
42757,2403,2197,449,468,2012,0.0,0,397.2,0.0,0,0,0,1,0,0,0,0,0,0,0,1,1,1,1
42767,2402,2197,450,467,2012,0.0,0,397.2,0.0,0,0,0,1,0,0,0,0,0,0,0,1,1,1,1
42777,2402,2196,450,470,2018,0.0,0,396.2,0.0,0,0,0,1,0,0,0,0,0,0,0,1,1,1,1
42787,2401,2197,450,469,2021,0.0,0,397.4,0.0,0,0,0,1,0,0,0,0,0,0,0,1,1,1,1
42797,2402,2196,449,469,2022,0.0,0,396.8,0.0,0,0,0,1,0,0,0,0,0,0,0,1,1,1,1
42807,2402,2196,449,468,2021,0.0,0,396.9,0.0,0,0,0,1,0,0,0,0,0,0,0,1,1,1,1
42817,2402,2196,449,467,2026,0.0,0,396.5,0.0,0,0,0,1,0,0,0,0,0,0,0,1,1,1,1
42827,2401,2196,449,470,2022,0.0,0,396.5,0.0,0,0,0,1,0,0,0,0,0,0,0,1,1,1,1
42837,2402,2197,451,469,2021,0.0,0,396.8,0.0,0,0,0,1,0,0,0,0,0,0,0,1,1,1,1
42847,2403,2197,454,469,2020,0.0,0,397.3,0.0,0,0,0,1,0,0,0,0,0,0,0,1,1,1,1
42857,2402,2196,450,468,2022,0.0,0,396.4,0.0,0,0,0,1,0,0,0,0,0,0,0,1,1,1,1
42867,2402,2198,449,468,2022,0.0,0,396.9,0.0,0,0,0,1,0,0,0,0,0,0,0,1,1,1,1
42877,2403,2196,450,468,2022,0.0,0,396.3,0.0,0,0,0,1,0,0,0,0,0,0,0,1,1,1,1
42887,2401,2196,446,470,2022,0.0,0,396.3,0.0,0,0,0,1,0,0,0,0,0,0,0,1,1,1,1
42897,2404,2197,450,469,2021,0.0,0,396.7,0.0,0,0,0,1,0,0,0,0,0,0,0,1,1,1,1
42907,2402,2196,452,469,2022,0.0,0,396.9,0.0,0,0,0,1,0,0,0,0,0,0,0,1,1,1,1
42917,2402,2196,449,469,2019,0.0,0,396.5,0.0,0,0,0,1,0,0,0,0,0,0,0,1,1,1,1
42927,2403,2197,451,470,2022,0.0,0,396.9,0.0,0,0,0,1,0,0,0,0,0,0,0,1,1,1,1
42937,2402,2196,449,470,2021,0.0,0,397.2,0.0,0,0,0,1,0,0,0,0,0,0,0,1,1,1,1
42947,2400,2197,449,469,2012,0.0,0,397.2,0.0,0,0,0,1,0,0,0,0,0,0,0,1,1,1,1
42957,2401,2197,450,471,2012,0.0,0,396.7,0.0,0,0,0,1,0,0,0,0,0,0,0,1,1,1,1
42967,2402,2197,449,469,2012,0.0,0,396.9,0.0,0,0,0,1,0,0,0,0,0,0,0,1,1,1,1
42977,2402,2197,449,470,2012,0.0,0,396.9,0.0,0,0,0,1,0,0,0,0,0,0,0,1,1,1,1
42987,2401,2196,451,467,2012,0.0,0,396.7,0.0,0,0,0,1,0,0,0,0,0,0,0,1,1,1,1
42997,2403,2196,449,468,2013,0.0,0,397.1,0.0,0,0,0,1,0,0,0,0,0,0,0,1,1,1,1
43007,2402,2196,450,469,2013,0.0,0,397.1,0.0,0,0,0,1,0,0,0,0,0,0,0,1,1,1,1
43017,2404,2197,451,470,2012,0.0,0,397.1,0.0,0,0,0,1,0,0,0,0,0,0,0,1,1,1,1
43027,2402,2197,449,469,2012,0.0,0,396.9,0.0,0,0,0,1,0,0,0,0,0,0,0,1,1,1,1
43037,2402,2196,449,469,2012,0.0,0,397.0,0.0,0,0,0,1,0,0,0,0,0,0,0,1,1,1,1
43047,2401,2196,451,468,2012,0.0,0,396.9,0.0,0,0,0,1,0,0,0,0,0,0,0,1,1,1,1
43057,2403,2196,448,469,2012,0.0,0,396.8,0.0,0,0,0,1,0,0,0,0,0,0,0,1,1,1,1
43067,2401,2197,451,467,2012,0.0,0,396.8,0.0,0,0,0,1,0,0,0,0,0,0,0,1,1,1,1
43077,2402,2196,451,469,2022,0.0,0,397.2,0.0,0,0,0,1,0,0,0,0,0,0,0,1,1,1,1
43087,2402,2197,450,469,2022,0.0,0,396.8,0.0,0,0,0,1,0,0,0,0,0,0,0,1,1,1,1
43097,2401,2197,449,470,2021,0.0,0,397.0,0.0,0,0,0,1,0,0,0,0,0,0,0,1,1,1,1
43107,2401,2197,451,469,2022,0.0,0,397.0,0.0,0,0,0,1,0,0,0,0,0,0,0,1,1,1,1
43117,2398,2197,449,468,2022,0.0,0,397.0,0.0,0,0,0,1,0,0,0,0,0,0,0,1,1,1,1
43127,2401,2196,450,468,2021,0.0,0,397.0,0.0,0,0,0,1,0,0,0,0,0,0,0,1,1,1,1
43137,2402,2197,451,468,2022,0.0,0,396.2,0.0,0,0,0,1,0,0,0,0,0,0,0,1,1,1,1
43147,2401,2196,452,467,2021,0.0,0,397.1,0.0,0,0,0,1,0,0,0,0,0,0,0,1,1,1,1
43157,2401,2197,449,467,2022,0.0,0,397.0,0.0,0,0,0,1,0,0,0,0,0,0,0,1,1,1,1
43167,2402,2196,450,469,2020,0.0,0,397.0,0.0,0,0,0,1,0,0,0,0,0,0,0,1,1,1,1
43177,2402,2196,448,467,2022,0.0,0,396.4,0.0,0,0,0,1,0,0,0,0,0,0,0,1,1,1,1
43187,2404,2196,449,468,2022,0.0,0,396.4,0.0,0,0,0,1,0,0,0,0,0,0,0,1,1,1,1
43197,2400,2197,449,469,2021,0.0,0,397.3,0.0,0,0,0,1,0,0,0,0,0,0,0,1,1,1,1
43207,2402,2196,452,469,2021,0.0,0,397.0,0.0,0,0,0,1,0,0,0,0,0,0,0,1,1,1,1
43217,2402,2197,450,469,2022,0.0,0,397.4,0.0,0,0,0,1,0,0,0,0,0,0,0,1,1,1,1
43227,2401,2196,450,469,2021,0.0,0,396.8,0.0,0,0,0,1,0,0,0,0,0,0,0,1,1,1,1
43237,2402,2197,445,468,2022,0.0,0,396.4,0.0,0,0,0,1,0,0,0,0,0,0,0,1,1,1,1
43247,2401,2196,451,470,2012,0.0,0,396.4,0.0,0,0,0,1,0,0,0,0,0,0,0,1,1,1,1
43257,2402,2196,450,469,2013,0.0,0,396.4,0.0,0,0,0,1,0,0,0,0,0,0,0,1,1,1,1
43267,2400,2197,448,469,2012,0.0,0,396.7,0.0,0,0,0,1,0,0,0,0,0,0,0,1,1,1,1
43277,2401,2196,451,468,2013,0.0,0,397.5,0.0,0,0,0,1,0,0,0,0,0,0,0,1,1,1,1
43287,2402,2196,448,468,2012,0.0,0,396.4,0.0,0,0,0,1,0,0,0,0,0,0,0,1,1,1,1
43297,2402,2196,449,469,2012,0.0,0,397.4,0.0,0,0,0,1,0,0,0,0,0,0,0,1,1,1,1
43307,2402,2196,449,469,2012,0.0,0,397.4,0.0,0,0,0,1,0,0,0,0,0,0,0,1,1,1,1
43317,2401,2196,449,469,2012,0.0,0,396.4,0.0,0,0,0,1,0,0,0,0,0,0,0,1,1,1,1
43327,2403,2196,449,468,2012,0.0,0,396.9,0.0,0,0,0,1,0,0,0,0,0,0,0,1,1,1,1
43337,2402,2196,452,468,2012,0.0,0,397.0,0.0,0,0,0,1,0,0,0,0,0,0,0,1,1,1,1
43347,2401,2197,450,470,2011,0.0,0,396.5,0.0,0,0,0,1,0,0,0,0,0,0,0,1,1,1,1
43357,2402,2196,451,469,2012,0.0,0,396.5,0.0,0,0,0,1,0,0,0,0,0,0,0,1,1,1,1
43367,2401,2194,450,468,2013,0.0,0,396.5,0.0,0,0,0,1,0,0,0,0,0,0,0,1,1,1,1
43377,2401,2196,450,470,2022,0.0,0,396.7,0.0,0,0,0,1,0,0,0,0,0,0,0,1,1,1,1
43387,2402,2196,450,469,2022,0.0,0,397.0,0.0,0,0,0,1,0,0,0,0,0,0,0,1,1,1,1
43397,2401,2199,448,472,2022,0.0,0,396.3,0.0,0,0,0,1,0,0,0,0,0,0,0,1,1,1,1
43407,2402,2197,450,468,2022,0.0,0,396.7,0.0,0,0,0,1,0,0,0,0,0,0,0,1,1,1,1
43417,2402,2196,449,468,2022,0.0,0,397.1,0.0,0,0,0,1,0,0,0,0,0,0,0,1,1,1,1
43427,2401,2194,447,469,2023,0.0,0,397.1,0.0,0,0,0,1,0,0,0,0,0,0,0,1,1,1,1
43437,2401,2196,450,468,2022,0.0,0,397.1,0.0,0,0,0,1,0,0,0,0,0,0,0,1,1,1,1
43447,2402,2197,452,470,2022,0.0,0,396.5,0.0,0,0,0,1,0,0,0,0,0,0,0,1,1,1,1
43457,2402,2196,451,469,2022,0.0,0,396.9,0.0,0,0,0,1,0,0,0,0,0,0,0,1,1,1,1
43467,2402,2196,449,469,2022,0.0,0,397.0,0.0,0,0,0,1,0,0,0,0,0,0,0,1,1,1,1
43477,2400,2196,450,467,2022,0.0,0,397.0,0.0,0,0,0,1,0,0,0,0,0,0,0,1,1,1,1
43487,2402,2197,450,468,2021,0.0,0,397.0,0.0,0,0,0,1,0,0,0,0,0,0,0,1,1,1,1
43497,2403,2196,451,469,2021,0.0,0,396.5,0.0,0,0,0,1,0,0,0,0,0,0,0,1,1,1,1
43507,2402,2197,450,469,2021,0.0,0,396.9,0.0,0,0,0,1,0,0,0,0,0,0,0,1,1,1,1
43517,2402,2196,450,469,2021,0.0,0,397.0,0.0,0,0,0,1,0,0,0,0,0,0,0,1,1,1,1
43527,2402,2195,449,470,2022,0.0,0,396.9,0.0,0,0,0,1,0,0,0,0,0,0,0,1,1,1,1
43537,2404,2193,449,469,2021,0.0,0,396.4,0.0,0,0,0,1,0,0,0,0,0,0,0,1,1,1,1
43547,2399,2196,451,468,2012,0.0,0,396.4,0.0,0,0,0,1,0,0,0,0,0,0,0,1,1,1,1
43557,2401,2195,448,467,2012,0.0,0,397.2,0.0,0,0,0,1,0,0,0,0,0,0,0,1,1,1,1
43567,2401,2197,452,469,2013,0.0,0,396.9,0.0,0,0,0,1,0,0,0,0,0,0,0,1,1,1,1
43577,2401,2196,450,469,2012,0.0,0,397.0,0.0,0,0,0,1,0,0,0,0,0,0,0,1,1,1,1
43587,2402,2196,449,469,2013,0.0,0,396.4,0.0,0,0,0,1,0,0,0,0,0,0,0,1,1,1,1
43597,2400,2196,449,468,2012,0.0,0,397.4,0.0,0,0,0,1,0,0,0,0,0,0,0,1,1,1,1
43607,2401,2196,451,469,2013,0.0,0,397.4,0.0,0,0,0,1,0,0,0,0,0,0,0,1,1,1,1
43617,2405,2196,448,468,2013,0.0,0,396.9,0.0,0,0,0,1,0,0,0,0,0,0,0,1,1,1,1
43627,2401,2196,450,469,2012,0.0,0,397.1,0.0,0,0,0,1,0,0,0,0,0,0,0,1,1,1,1
43637,2401,2197,450,470,2013,0.0,0,396.4,0.0,0,0,0,1,0,0,0,0,0,0,0,1,1,1,1
43647,2402,2196,449,469,2012,0.0,0,396.3,0.0,0,0,0,1,0,0,0,0,0,0,0,1,1,1,1
43657,2402,2196,449,469,2013,0.0,0,396.8,0.0,0,0,0,1,0,0,0,0,0,0,0,1,1,1,1
43667,2403,2196,450,470,2013,0.0,0,396.8,0.0,0,0,0,1,0,0,0,0,0,0,0,1,1,1,1
43677,2401,2197,449,469,2021,0.0,0,396.9,0.0,0,0,0,1,0,0,0,0,0,0,0,1,1,1,1
43687,2401,2197,450,470,2022,0.0,0,396.8,0.0,0,0,0,1,0,0,0,0,0,0,0,1,1,1,1
43697,2402,2196,450,469,2022,0.0,0,396.8,0.0,0,0,0,1,0,0,0,0,0,0,0,1,1,1,1
43707,2401,2197,449,469,2022,0.0,0,397.1,0.0,0,0,0,1,0,0,0,0,0,0,0,1,1,1,1
43717,2402,2196,450,471,2022,0.0,0,396.2,0.0,0,0,0,1,0,0,0,0,0,0,0,1,1,1,1
43727,2400,2197,450,469,2023,0.0,0,396.2,0.0,0,0,0,1,0,0,0,0,0,0,0,1,1,1,1
43737,2403,2196,450,469,2021,0.0,0,396.8,0.0,0,0,0,1,0,0,0,0,0,0,0,1,1,1,1
43747,2402,2196,449,468,2021,0.0,0,396.5,0.0,0,0,0,1,0,0,0,0,0,0,0,1,1,1,1
43757,2401,2195,451,469,2022,0.0,0,397.1,0.0,0,0,0,1,0,0,0,0,0,0,0,1,1,1,1
43767,2403,2197,450,469,2021,0.0,0,396.4,0.0,0,0,0,1,0,0,0,0,0,0,0,1,1,1,1
43777,2404,2196,449,468,2021,0.0,0,396.7,0.0,0,0,0,1,0,0,0,0,0,0,0,1,1,1,1
43787,2401,2197,450,468,2022,0.0,0,396.0,0.0,0,0,0,1,0,0,0,0,0,0,0,1,1,1,1
43798,2401,2197,450,468,2022,0.0,0,397.0,0.0,0,0,0,1,0,0,0,0,0,0,0,1,1,1,1
43808,2401,2196,451,469,2024,0.0,0,397.0,0.0,0,0,0,1,0,0,0,0,0,0,0,1,1,1,1
43818,2402,2197,450,470,2022,0.0,0,396.5,0.0,0,0,0,1,0,0,0,0,0,0,0,1,1,1,1
43828,2403,2196,450,469,2023,0.0,0,397.0,0.0,0,0,0,1,0,0,0,0,0,0,0,1,1,1,1
43838,2405,2196,446,468,2021,0.0,0,396.9,0.0,0,0,0,1,0,0,0,0,0,0,0,1,1,1,1
43848,2402,2196,450,470,2013,0.0,0,397.0,0.0,0,0,0,1,0,0,0,0,0,0,0,1,1,1,1
43858,2403,2196,449,468,2013,0.0,0,396.4,0.0,0,0,0,1,0,0,0,0,0,0,0,1,1,1,1
43868,2402,2196,450,469,2014,0.0,0,396.4,0.0,0,0,0,1,0,0,0,0,0,0,0,1,1,1,1
43878,2402,2196,451,470,2013,0.0,0,396.8,0.0,0,0,0,1,0,0,0,0,0,0,0,1,1,1,1
43888,2401,2197,449,469,2013,0.0,0,396.5,0.0,0,0,0,1,0,0,0,0,0,0,0,1,1,1,1
43898,2402,2196,448,466,2012,0.0,0,397.2,0.0,0,0,0,1,0,0,0,0,0,0,0,1,1,1,1
43908,2402,2196,451,469,2013,0.0,0,396.9,0.0,0,0,0,1,0,0,0,0,0,0,0,1,1,1,1
43918,2403,2196,449,468,2013,0.0,0,396.8,0.0,0,0,0,1,0,0,0,0,0,0,0,1,1,1,1
43928,2400,2198,448,468,2012,0.0,0,396.8,0.0,0,0,0,1,0,0,0,0,0,0,0,1,1,1,1
43938,2402,2197,450,469,2013,0.0,0,396.4,0.0,0,0,0,1,0,0,0,0,0,0,0,1,1,1,1
43948,2401,2198,450,470,2013,0.0,0,396.9,0.0,0,0,0,1,0,0,0,0,0,0,0,1,1,1,1
43958,2401,2199,450,469,2013,0.0,0,396.5,0.0,0,0,0,1,0,0,0,0,0,0,0,1,1,1,1
43968,2402,2196,450,469,2014,0.0,0,397.3,0.0,0,0,0,1,0,0,0,0,0,0,0,1,1,1,1
43978,2402,2197,451,469,2022,0.0,0,397.3,0.0,0,0,0,1,0,0,0,0,0,0,0,1,1,1,1
43988,2402,2197,450,469,2022,0.0,0,396.9,0.0,0,0,0,1,0,0,0,0,0,0,0,1,1,1,1
43998,2402,2196,450,468,2021,0.0,0,396.9,0.0,0,0,0,1,0,0,0,0,0,0,0,1,1,1,1
44008,2401,2196,450,469,2022,0.0,0,397.4,0.0,0,0,0,1,0,0,0,0,0,0,0,1,1,1,1
44018,2401,2197,450,470,2022,0.0,0,396.8,0.0,0,0,0,1,0,0,0,0,0,0,0,1,1,1,1
44028,2403,2197,450,470,2022,0.0,0,397.0,0.0,0,0,0,1,0,0,0,0,0,0,0,1,1,1,1
44038,2402,2197,451,469,2022,0.0,0,397.2,0.0,0,0,0,1,0,0,0,0,0,0,0,1,1,1,1
44048,2401,2195,450,469,2021,0.0,0,396.9,0.0,0,0,0,1,0,0,0,0,0,0,0,1,1,1,1
44059,2404,2196,450,468,2021,0.0,0,396.8,0.0,0,0,0,1,0,0,0,0,0,0,0,1,1,1,1
44069,2402,2197,448,468,2022,0.0,0,396.8,0.0,0,0,0,1,0,0,0,0,0,0,0,1,1,1,1
44079,2402,2196,450,468,2022,0.0,0,396.9,0.0,0,0,0,1,0,0,0,0,0,0,0,1,1,1,1
44089,2402,2196,452,469,2022,0.0,0,397.0,0.0,0,0,0,1,0,0,0,0,0,0,0,1,1,1,1
44099,2402,2197,450,469,2023,0.0,0,397.0,0.0,0,0,0,1,0,0,0,0,0,0,0,1,1,1,1
44109,2401,2197,450,468,2022,0.0,0,397.4,0.0,0,0,0,1,0,0,0,0,0,0,0,1,1,1,1
44119,2403,2196,449,468,2022,0.0,0,396.9,0.0,0,0,0,1,0,0,0,0,0,0,0,1,1,1,1
44129,2402,2198,450,469,2022,0.0,0,396.9,0.0,0,0,0,1,0,0,0,0,0,0,0,1,1,1,1
44140,2403,2196,446,470,2019,0.0,0,396.7,0.0,0,0,0,1,0,0,0,0,0,0,0,1,1,1,1
44150,2402,2196,451,469,2012,0.0,0,396.7,0.0,0,0,0,1,0,0,0,0,0,0,0,1,1,1,1
44160,2402,2197,449,469,2013,0.0,0,396.4,0.0,0,0,0,1,0,0,0,0,0,0,0,1,1,1,1
44170,2400,2196,449,469,2012,0.0,0,396.5,0.0,0,0,0,1,0,0,0,0,0,0,0,1,1,1,1
44180,2401,2196,451,468,2014,0.0,0,396.5,0.0,0,0,0,1,0,0,0,0,0,0,0,1,1,1,1
44190,2401,2199,450,469,2012,0.0,0,396.9,0.0,0,0,0,1,0,0,0,0,0,0,0,1,1,1,1
44200,2402,2196,448,469,2013,0.0,0,397.3,0.0,0,0,0,1,0,0,0,0,0,0,0,1,1,1,1
44210,2401,2196,451,469,2012,0.0,0,397.3,0.0,0,0,0,1,0,0,0,0,0,0,0,1,1,1,1
44220,2401,2197,449,469,2013,0.0,0,397.5,0.0,0,0,0,1,0,0,0,0,0,0,0,1,1,1,1
44230,2402,2196,451,470,2012,0.0,0,396.5,0.0,0,0,0,1,0,0,0,0,0,0,0,1,1,1,1
44240,2401,2197,450,469,2013,0.0,0,396.5,0.0,0,0,0,1,0,0,0,0,0,0,0,1,1,1,1
44250,2403,2195,449,468,2012,0.0,0,396.5,0.0,0,0,0,1,0,0,0,0,0,0,0,1,1,1,1
44260,2402,2197,449,469,2012,0.0,0,396.8,0.0,0,0,0,1,0,0,0,0,0,0,0,1,1,1,1
44270,2398,2197,450,470,2013,0.0,0,396.7,0.0,0,0,0,1,0,0,0,0,0,0,0,1,1,1,1
44280,2401,2195,449,470,2022,0.0,0,396.7,0.0,0,0,0,1,0,0,0,0,0,0,0,1,1,1,1
44290,2402,2196,449,469,2022,0.0,0,396.8,0.0,0,0,0,1,0,0,0,0,0,0,0,1,1,1,1
44300,2401,2196,452,470,2021,0.0,0,397.1,0.0,0,0,0,1,0,0,0,0,0,0,0,1,1,1,1
44310,2401,2196,450,469,2021,0.0,0,396.4,0.0,0,0,0,1,0,0,0,0,0,0,0,1,1,1,1
44320,2401,2196,448,468,2021,0.0,0,397.2,0.0,0,0,0,1,0,0,0,0,0,0,0,1,1,1,1
44330,2403,2196,453,468,2021,0.0,0,396.7,0.0,0,0,0,1,0,0,0,0,0,0,0,1,1,1,1
44340,2402,2199,450,469,2021,0.0,0,397.0,0.0,0,0,0,1,0,0,0,0,0,0,0,1,1,1,1
44350,2401,2196,448,468,2021,0.0,0,397.0,0.0,0,0,0,1,0,0,0,0,0,0,0,1,1,1,1
44360,2401,2196,453,469,2021,0.0,0,397.2,0.0,0,0,0,1,0,0,0,0,0,0,0,1,1,1,1
44370,2401,2196,449,469,2022,0.0,0,396.8,0.0,0,0,0,1,0,0,0,0,0,0,0,1,1,1,1
44380,2401,2196,450,468,2021,0.0,0,397.0,0.0,0,0,0,1,0,0,0,0,0,0,0,1,1,1,1
44390,2403,2197,450,469,2022,0.0,0,396.5,0.0,0,0,0,1,0,0,0,0,0,0,0,1,1,1,1
44400,2401,2198,451,468,2022,0.0,0,396.5,0.0,0,0,0,1,0,0,0,0,0,0,0,1,1,1,1
44410,2400,2197,450,468,2022,0.0,0,397.0,0.0,0,0,0,1,0,0,0,0,0,0,0,1,1,1,1
44420,2405,2196,450,468,2021,0.0,0,396.5,0.0,0,0,0,1,0,0,0,0,0,0,0,1,1,1,1
44430,2401,2196,450,468,2021,0.0,0,396.7,0.0,0,0,0,1,0,0,0,0,0,0,0,1,1,1,1
44440,2402,2197,449,469,2022,0.0,0,397.4,0.0,0,0,0,1,0,0,0,0,0,0,0,1,1,1,1
44450,2402,2196,448,469,2013,0.0,0,396.9,0.0,0,0,0,1,0,0,0,0,0,0,0,1,1,1,1
44460,2403,2196,449,469,2012,0.0,0,395.8,0.0,0,0,0,1,0,0,0,0,0,0,0,1,1,1,1
44470,2401,2196,450,470,2013,0.0,0,395.8,0.0,0,0,0,1,0,0,0,0,0,0,0,1,1,1,1
44480,2401,2196,450,468,2013,0.0,0,396.9,0.0,0,0,0,1,0,0,0,0,0,0,0,1,1,1,1
44490,2401,2196,450,468,2012,0.0,0,396.5,0.0,0,0,0,1,0,0,0,0,0,0,0,1,1,1,1
44500,2402,2196,450,469,2013,0.0,0,396.3,0.0,0,0,0,1,0,0,0,0,0,0,0,1,1,1,1
44510,2401,2197,451,469,2013,0.0,0,397.0,0.0,0,0,0,1,0,0,0,0,0,0,0,1,1,1,1
44521,2402,2196,449,469,2012,0.0,0,396.9,0.0,0,0,0,1,0,0,0,0,0,0,0,1,1,1,1
44531,2402,2196,447,469,2013,0.0,0,396.9,0.0,0,0,0,1,0,0,0,0,0,0,0,1,1,1,1
44541,2401,2197,451,470,2012,0.0,0,397.1,0.0,0,0,0,1,0,0,0,0,0,0,0,1,1,1,1
44551,2401,2197,450,469,2013,0.0,0,397.2,0.0,0,0,0,1,0,0,0,0,0,0,0,1,1,1,1
44561,2401,2196,449,469,2013,0.0,0,396.9,0.0,0,0,0,1,0,0,0,0,0,0,0,1,1,1,1
44571,2401,2197,449,470,2012,0.0,0,396.2,0.0,0,0,0,1,0,0,0,0,0,0,0,1,1,1,1
44581,2402,2196,450,468,2022,0.0,0,397.2,0.0,0,0,0,1,0,0,0,0,0,0,0,1,1,1,1
44591,2402,2197,450,469,2022,0.0,0,397.2,0.0,0,0,0,1,0,0,0,0,0,0,0,1,1,1,1
44601,2401,2196,450,470,2023,0.0,0,396.7,0.0,0,0,0,1,0,0,0,0,0,0,0,1,1,1,1
44611,2401,2197,450,468,2022,0.0,0,397.5,0.0,0,0,0,1,0,0,0,0,0,0,0,1,1,1,1
44621,2401,2197,450,470,2022,0.0,0,396.7,0.0,0,0,0,1,0,0,0,0,0,0,0,1,1,1,1
44631,2402,2197,450,468,2022,0.0,0,396.4,0.0,0,0,0,1,0,0,0,0,0,0,0,1,1,1,1
44641,2403,2197,448,467,2022,0.0,0,397.0,0.0,0,0,0,1,0,0,0,0,0,0,0,1,1,1,1
44651,2401,2196,450,469,2022,0.0,0,397.0,0.0,0,0,0,1,0,0,0,0,0,0,0,1,1,1,1
44661,2401,2197,449,469,2023,0.0,0,397.0,0.0,0,0,0,1,0,0,0,0,0,0,0,1,1,1,1
44671,2403,2196,449,468,2022,0.0,0,397.5,0.0,0,0,0,1,0,0,0,0,0,0,0,1,1,1,1
44681,2402,2196,451,468,2022,0.0,0,396.1,0.0,0,0,0,1,0,0,0,0,0,0,0,1,1,1,1
44691,2402,2196,450,472,2022,0.0,0,396.5,0.0,0,0,0,1,0,0,0,0,0,0,0,1,1,1,1
44701,2403,2196,450,468,2024,0.0,0,397.2,0.0,0,0,0,1,0,0,0,0,0,0,0,1,1,1,1
44711,2402,2196,448,469,2021,0.0,0,397.2,0.0,0,0,0,1,0,0,0,0,0,0,0,1,1,1,1
44721,2401,2196,451,469,2023,0.0,0,396.3,0.0,0,0,0,1,0,0,0,0,0,0,0,1,1,1,1
44731,2403,2196,449,468,2022,0.0,0,396.2,0.0,0,0,0,1,0,0,0,0,0,0,0,1,1,1,1
44741,2401,2196,447,470,2023,0.0,0,397.0,0.0,0,0,0,1,0,0,0,0,0,0,0,1,1,1,1
44751,2402,2196,452,467,2014,0.0,0,397.4,0.0,0,0,0,1,0,0,0,0,0,0,0,1,1,1,1
44761,2403,2196,449,468,2013,0.0,0,396.8,0.0,0,0,0,1,0,0,0,0,0,0,0,1,1,1,1
44771,2401,2196,451,468,2013,0.0,0,396.8,0.0,0,0,0,1,0,0,0,0,0,0,0,1,1,1,1
44781,2401,2197,449,469,2014,0.0,0,396.5,0.0,0,0,0,1,0,0,0,0,0,0,0,1,1,1,1
44791,2402,2197,450,469,2014,0.0,0,397.5,0.0,0,0,0,1,0,0,0,0,0,0,0,1,1,1,1
44801,2402,2196,451,468,2014,0.0,0,397.0,0.0,0,0,0,1,0,0,0,0,0,0,0,1,1,1,1
44811,2401,2198,449,469,2013,0.0,0,397.0,0.0,0,0,0,1,0,0,0,0,0,0,0,1,1,1,1
44821,2401,2196,447,468,2014,0.0,0,397.0,0.0,0,0,0,1,0,0,0,0,0,0,0,1,1,1,1
44831,2402,2196,450,468,2013,0.0,0,397.0,0.0,0,0,0,1,0,0,0,0,0,0,0,1,1,1,1
44841,2403,2196,450,468,2013,0.0,0,396.5,0.0,0,0,0,1,0,0,0,0,0,0,0,1,1,1,1
44851,2401,2196,449,469,2010,0.0,0,396.9,0.0,0,0,0,1,0,0,0,0,0,0,0,1,1,1,1
44861,2401,2194,449,469,2012,0.0,0,396.9,0.0,0,0,0,1,0,0,0,0,0,0,0,1,1,1,1
44871,2400,2197,452,469,2012,0.0,0,397.0,0.0,0,0,0,1,0,0,0,0,0,0,0,1,1,1,1
44881,2403,2196,450,468,2020,0.0,0,396.8,0.0,0,0,0,1,0,0,0,0,0,0,0,1,1,1,1
44891,2404,2196,450,468,2021,0.0,0,396.8,0.0,0,0,0,1,0,0,0,0,0,0,0,1,1,1,1
44901,2401,2196,451,468,2021,0.0,0,397.0,0.0,0,0,0,1,0,0,0,0,0,0,0,1,1,1,1
44911,2402,2197,449,471,2022,0.0,0,396.7,0.0,0,0,0,1,0,0,0,0,0,0,0,1,1,1,1
44921,2401,2196,450,469,2024,0.0,0,396.3,0.0,0,0,0,1,0,0,0,0,0,0,0,1,1,1,1
44931,2399,2194,449,469,2021,0.0,0,397.2,0.0,0,0,0,1,0,0,0,0,0,0,0,1,1,1,1
44941,2404,2197,448,469,2022,0.0,0,397.3,0.0,0,0,0,1,0,0,0,0,0,0,0,1,1,1,1
44951,2401,2197,450,468,2022,0.0,0,397.3,0.0,0,0,0,1,0,0,0,0,0,0,0,1,1,1,1
44961,2402,2196,449,468,2022,0.0,0,397.2,0.0,0,0,0,1,0,0,0,0,0,0,0,1,1,1,1
44971,2402,2197,448,469,2022,0.0,0,397.0,0.0,0,0,0,1,0,0,0,0,0,0,0,1,1,1,1
44981,2401,2196,450,469,2023,0.0,0,397.3,0.0,0,0,0,1,0,0,0,0,0,0,0,1,1,1,1
44991,2402,2195,449,468,2021,0.0,0,397.6,0.0,0,0,0,1,0,0,0,0,0,0,0,1,1,1,1
45001,2404,2196,449,469,2023,0.0,0,396.9,0.0,0,0,0,1,0,0,0,0,0,0,0,1,1,1,1
45011,2403,2196,451,469,2021,0.0,0,396.9,0.0,0,0,0,1,0,0,0,0,0,0,0,1,1,1,1
45021,2399,2197,450,470,2021,0.0,0,397.0,0.0,0,0,0,1,0,0,0,0,0,0,0,1,1,1,1
45031,2401,2197,451,469,2021,0.0,0,396.9,0.0,0,0,0,1,0,0,0,0,0,0,0,1,1,1,1
45041,2401,2197,450,468,2021,0.0,0,396.7,0.0,0,0,0,1,0,0,0,0,0,0,0,1,1,1,1
45051,2401,2200,449,469,2014,0.0,0,396.5,0.0,0,0,0,1,0,0,0,0,0,0,0,1,1,1,1
45061,2401,2196,449,467,2012,0.0,0,397.1,0.0,0,0,0,1,0,0,0,0,0,0,0,1,1,1,1
45071,2402,2196,449,470,2013,0.0,0,397.1,0.0,0,0,0,1,0,0,0,0,0,0,0,1,1,1,1
45081,2402,2196,450,469,2012,0.0,0,396.5,0.0,0,0,0,1,0,0,0,0,0,0,0,1,1,1,1
45091,2401,2197,449,469,2015,0.0,0,396.1,0.0,0,0,0,1,0,0,0,0,0,0,0,1,1,1,1
45101,2401,2196,451,470,2014,0.0,0,397.6,0.0,0,0,0,1,0,0,0,0,0,0,0,1,1,1,1
45111,2402,2198,449,470,2014,0.0,0,397.3,0.0,0,0,0,1,0,0,0,0,0,0,0,1,1,1,1
45121,2400,2196,451,470,2013,0.0,0,396.8,0.0,0,0,0,1,0,0,0,0,0,0,0,1,1,1,1
45131,2402,2197,450,469,2013,0.0,0,396.8,0.0,0,0,0,1,0,0,0,0,0,0,0,1,1,1,1
45141,2404,2197,450,469,2012,0.0,0,397.5,0.0,0,0,0,1,0,0,0,0,0,0,0,1,1,1,1
45151,2399,2196,451,469,2011,0.0,0,396.3,0.0,0,0,0,1,0,0,0,0,0,0,0,1,1,1,1
45161,2401,2196,450,469,2014,0.0,0,397.0,0.0,0,0,0,1,0,0,0,0,0,0,0,1,1,1,1
45171,2402,2196,449,470,2013,0.0,0,397.0,0.0,0,0,0,1,0,0,0,0,0,0,0,1,1,1,1
45181,2403,2197,450,469,2013,0.0,0,397.5,0.0,0,0,0,1,0,0,0,0,0,0,0,1,1,1,1
45191,2403,2197,449,469,2022,0.0,0,397.5,0.0,0,0,0,1,0,0,0,0,0,0,0,1,1,1,1
45201,2401,2196,449,465,2021,0.0,0,396.5,0.0,0,0,0,1,0,0,0,0,0,0,0,1,1,1,1
45211,2402,2197,449,469,2022,0.0,0,396.8,0.0,0,0,0,1,0,0,0,0,0,0,0,1,1,1,1
45221,2402,2196,451,470,2023,0.0,0,396.4,0.0,0,0,0,1,0,0,0,0,0,0,0,1,1,1,1
45231,2403,2196,450,469,2022,0.0,0,397.6,0.0,0,0,0,1,0,0,0,0,0,0,0,1,1,1,1
45241,2403,2197,449,468,2022,0.0,0,396.4,0.0,0,0,0,1,0,0,0,0,0,0,0,1,1,1,1
45251,2401,2197,449,469,2022,0.0,0,396.4,0.0,0,0,0,1,0,0,0,0,0,0,0,1,1,1,1
45261,2403,2197,449,472,2022,0.0,0,397.2,0.0,0,0,0,1,0,0,0,0,0,0,0,1,1,1,1
45271,2402,2197,451,468,2023,0.0,0,397.3,0.0,0,0,0,1,0,0,0,0,0,0,0,1,1,1,1
45283,2401,2196,448,468,2022,0.0,0,397.2,0.0,0,0,0,1,0,0,0,0,0,0,0,1,1,1,1
45295,2404,2195,450,468,2021,0.0,0,396.7,0.0,0,0,0,1,0,0,0,0,0,0,0,1,1,1,1
45305,2401,2196,450,469,2022,0.0,0,396.8,0.0,0,0,0,1,0,0,0,0,0,0,0,1,1,1,1
45316,2402,2196,450,469,2022,0.0,0,396.8,0.0,0,0,0,1,0,0,0,0,0,0,0,1,1,1,1
45326,2397,2197,449,469,2022,0.0,0,397.4,0.0,0,0,0,1,0,0,0,0,0,0,0,1,1,1,1
45336,2402,2196,451,468,2022,0.0,0,397.3,0.0,0,0,0,1,0,0,0,0,0,0,0,1,1,1,1
45346,2402,2195,452,470,2021,0.0,0,397.3,0.0,0,0,0,1,0,0,0,0,0,0,0,1,1,1,1
45356,2401,2196,450,469,2013,0.0,0,397.4,0.0,0,0,0,1,0,0,0,0,0,0,0,1,1,1,1
45366,2401,2196,450,470,2012,0.0,0,396.8,0.0,0,0,0,1,0,0,0,0,0,0,0,1,1,1,1
45376,2401,2196,448,468,2013,0.0,0,396.7,0.0,0,0,0,1,0,0,0,0,0,0,0,1,1,1,1
45386,2401,2196,450,469,2012,0.0,0,396.4,0.0,0,0,0,1,0,0,0,0,0,0,0,1,1,1,1
45397,2402,2197,451,469,2012,0.0,0,397.0,0.0,0,0,0,1,0,0,0,0,0,0,0,1,1,1,1
45407,2401,2197,447,470,2013,0.0,0,397.0,0.0,0,0,0,1,0,0,0,0,0,0,0,1,1,1,1
45417,2401,2197,450,469,2013,0.0,0,397.1,0.0,0,0,0,1,0,0,0,0,0,0,0,1,1,1,1
45427,2401,2196,451,468,2014,0.0,0,397.0,0.0,0,0,0,1,0,0,0,0,0,0,0,1,1,1,1
45437,2402,2196,450,468,2012,0.0,0,396.9,0.0,0,0,0,1,0,0,0,0,0,0,0,1,1,1,1
45447,2401,2197,451,469,2012,0.0,0,397.2,0.0,0,0,0,1,0,0,0,0,0,0,0,1,1,1,1
45457,2402,2196,451,470,2013,0.0,0,397.1,0.0,0,0,0,1,0,0,0,0,0,0,0,1,1,1,1
45467,2401,2197,449,469,2012,0.0,0,397.1,0.0,0,0,0,1,0,0,0,0,0,0,0,1,1,1,1
45477,2402,2197,451,470,2012,0.0,0,397.3,0.0,0,0,0,1,0,0,0,0,0,0,0,1,1,1,1
45487,2401,2196,451,470,2020,0.0,0,396.8,0.0,0,0,0,1,0,0,0,0,0,0,0,1,1,1,1
45497,2401,2199,449,468,2022,0.0,0,397.0,0.0,0,0,0,1,0,0,0,0,0,0,0,1,1,1,1
45507,2400,2197,450,470,2022,0.0,0,396.9,0.0,0,0,0,1,0,0,0,0,0,0,0,1,1,1,1
45517,2402,2196,450,469,2021,0.0,0,396.9,0.0,0,0,0,1,0,0,0,0,0,0,0,1,1,1,1
45527,2403,2196,450,470,2022,0.0,0,396.9,0.0,0,0,0,1,0,0,0,0,0,0,0,1,1,1,1
45537,2401,2197,449,468,2022,0.0,0,397.0,0.0,0,0,0,1,0,0,0,0,0,0,0,1,1,1,1
45547,2400,2198,448,470,2023,0.0,0,397.4,0.0,0,0,0,1,0,0,0,0,0,0,0,1,1,1,1
45557,2401,2196,450,470,2024,0.0,0,396.7,0.0,0,0,0,1,0,0,0,0,0,0,0,1,1,1,1
45567,2401,2195,449,469,2021,0.0,0,397.3,0.0,0,0,0,1,0,0,0,0,0,0,0,1,1,1,1
45577,2403,2197,450,469,2022,0.0,0,397.3,0.0,0,0,0,1,0,0,0,0,0,0,0,1,1,1,1
45587,2400,2196,449,469,2022,0.0,0,397.3,0.0,0,0,0,1,0,0,0,0,0,0,0,1,1,1,1
45597,2401,2197,449,469,2021,0.0,0,396.8,0.0,0,0,0,1,0,0,0,0,0,0,0,1,1,1,1
45607,2402,2196,450,468,2021,0.0,0,397.2,0.0,0,0,0,1,0,0,0,0,0,0,0,1,1,1,1
45617,2401,2196,449,469,2022,0.0,0,397.2,0.0,0,0,0,1,0,0,0,0,0,0,0,1,1,1,1
45627,2401,2197,449,470,2022,0.0,0,396.4,0.0,0,0,0,1,0,0,0,0,0,0,0,1,1,1,1
45637,2401,2196,451,469,2022,0.0,0,396.4,0.0,0,0,0,1,0,0,0,0,0,0,0,1,1,1,1
45647,2402,2196,450,468,2022,0.0,0,396.4,0.0,0,0,0,1,0,0,0,0,0,0,0,1,1,1,1
45657,2401,2198,449,470,2012,0.0,0,396.9,0.0,0,0,0,1,0,0,0,0,0,0,0,1,1,1,1
45667,2401,2197,449,469,2012,0.0,0,396.9,0.0,0,0,0,1,0,0,0,0,0,0,0,1,1,1,1
45677,2402,2197,451,468,2010,0.0,0,396.3,0.0,0,0,0,1,0,0,0,0,0,0,0,1,1,1,1
45687,2401,2196,449,469,2013,0.0,0,396.8,0.0,0,0,0,1,0,0,0,0,0,0,0,1,1,1,1
45697,2401,2197,450,468,2012,0.0,0,396.8,0.0,0,0,0,1,0,0,0,0,0,0,0,1,1,1,1
45707,2401,2197,449,469,2013,0.0,0,396.8,0.0,0,0,0,1,0,0,0,0,0,0,0,1,1,1,1
45717,2401,2197,450,471,2012,0.0,0,397.4,0.0,0,0,0,1,0,0,0,0,0,0,0,1,1,1,1
45727,2401,2197,450,469,2013,0.0,0,397.0,0.0,0,0,0,1,0,0,0,0,0,0,0,1,1,1,1
45737,2402,2197,451,470,2013,0.0,0,397.2,0.0,0,0,0,1,0,0,0,0,0,0,0,1,1,1,1
45747,2401,2196,446,469,2012,0.0,0,397.0,0.0,0,0,0,1,0,0,0,0,0,0,0,1,1,1,1
45757,2402,2196,450,468,2013,0.0,0,397.0,0.0,0,0,0,1,0,0,0,0,0,0,0,1,1,1,1
45767,2401,2197,449,469,2013,0.0,0,397.0,0.0,0,0,0,1,0,0,0,0,0,0,0,1,1,1,1
45777,2403,2196,450,469,2013,0.0,0,397.1,0.0,0,0,0,1,0,0,0,0,0,0,0,1,1,1,1
45787,2401,2196,452,469,2021,0.0,0,396.7,0.0,0,0,0,1,0,0,0,0,0,0,0,1,1,1,1
45797,2400,2196,451,468,2022,0.0,0,396.5,0.0,0,0,0,1,0,0,0,0,0,0,0,1,1,1,1
45807,2401,2196,449,469,2022,0.0,0,397.6,0.0,0,0,0,1,0,0,0,0,0,0,0,1,1,1,1
45817,2404,2196,446,468,2022,0.0,0,396.3,0.0,0,0,0,1,0,0,0,0,0,0,0,1,1,1,1
45827,2401,2196,450,466,2022,0.0,0,396.3,0.0,0,0,0,1,0,0,0,0,0,0,0,1,1,1,1
45837,2402,2196,451,469,2022,0.0,0,397.1,0.0,0,0,0,1,0,0,0,0,0,0,0,1,1,1,1
45847,2401,2196,451,469,2022,0.0,0,396.5,0.0,0,0,0,1,0,0,0,0,0,0,0,1,1,1,1
45857,2401,2196,449,469,2024,0.0,0,397.2,0.0,0,0,0,1,0,0,0,0,0,0,0,1,1,1,1
45867,2400,2196,450,469,2022,0.0,0,397.1,0.0,0,0,0,1,0,0,0,0,0,0,0,1,1,1,1
45877,2402,2196,450,470,2022,0.0,0,396.7,0.0,0,0,0,1,0,0,0,0,0,0,0,1,1,1,1
45887,2402,2197,449,469,2022,0.0,0,396.7,0.0,0,0,0,1,0,0,0,0,0,0,0,1,1,1,1
45897,2402,2196,450,469,2022,0.0,0,396.8,0.0,0,0,0,1,0,0,0,0,0,0,0,1,1,1,1
45907,2401,2197,450,472,2022,0.0,0,397.3,0.0,0,0,0,1,0,0,0,0,0,0,0,1,1,1,1
45917,2402,2197,448,468,2022,0.0,0,397.0,0.0,0,0,0,1,0,0,0,0,0,0,0,1,1,1,1
45927,2401,2196,449,469,2022,0.0,0,397.1,0.0,0,0,0,1,0,0,0,0,0,0,0,1,1,1,1
45937,2399,2197,449,469,2022,0.0,0,396.9,0.0,0,0,0,1,0,0,0,0,0,0,0,1,1,1,1
45947,2402,2198,450,469,2020,0.0,0,396.9,0.0,0,0,0,1,0,0,0,0,0,0,0,1,1,1,1
45957,2401,2197,451,469,2011,0.0,0,397.1,0.0,0,0,0,1,0,0,0,0,0,0,0,1,1,1,1
45967,2402,2197,450,473,2013,0.0,0,397.0,0.0,0,0,0,1,0,0,0,0,0,0,0,1,1,1,1
45977,2401,2196,450,468,2012,0.0,0,396.2,0.0,0,0,0,1,0,0,0,0,0,0,0,1,1,1,1
45987,2401,2197,450,469,2013,0.0,0,396.8,0.0,0,0,0,1,0,0,0,0,0,0,0,1,1,1,1
45997,2404,2196,448,467,2012,0.0,0,396.8,0.0,0,0,0,1,0,0,0,0,0,0,0,1,1,1,1
46007,2401,2199,449,470,2012,0.0,0,396.8,0.0,0,0,0,1,0,0,0,0,0,0,0,1,1,1,1
46017,2401,2197,449,469,2012,0.0,0,397.5,0.0,0,0,0,1,0,0,0,0,0,0,0,1,1,1,1
46027,2401,2196,450,467,2013,0.0,0,396.9,0.0,0,0,0,1,0,0,0,0,0,0,0,1,1,1,1
46037,2402,2196,450,469,2012,0.0,0,396.7,0.0,0,0,0,1,0,0,0,0,0,0,0,1,1,1,1
46047,2401,2197,450,470,2012,0.0,0,397.2,0.0,0,0,0,1,0,0,0,0,0,0,0,1,1,1,1
46057,2402,2197,447,466,2013,0.0,0,396.4,0.0,0,0,0,1,0,0,0,0,0,0,0,1,1,1,1
46067,2402,2193,450,470,2013,0.0,0,396.4,0.0,0,0,0,1,0,0,0,0,0,0,0,1,1,1,1
46077,2402,2197,449,469,2012,0.0,0,397.5,0.0,0,0,0,1,0,0,0,0,0,0,0,1,1,1,1
46087,2401,2196,449,469,2013,0.0,0,396.7,0.0,0,0,0,1,0,0,0,0,0,0,0,1,1,1,1
46097,2402,2197,450,470,2021,0.0,0,397.0,0.0,0,0,0,1,0,0,0,0,0,0,0,1,1,1,1
46107,2400,2197,450,471,2022,0.0,0,397.4,0.0,0,0,0,1,0,0,0,0,0,0,0,1,1,1,1
46117,2403,2197,450,469,2022,0.0,0,397.4,0.0,0,0,0,1,0,0,0,0,0,0,0,1,1,1,1
46127,2403,2196,449,469,2022,0.0,0,397.4,0.0,0,0,0,1,0,0,0,0,0,0,0,1,1,1,1
46137,2401,2197,450,468,2022,0.0,0,396.5,0.0,0,0,0,1,0,0,0,0,0,0,0,1,1,1,1
46147,2402,2197,449,468,2022,0.0,0,396.4,0.0,0,0,0,1,0,0,0,0,0,0,0,1,1,1,1
46157,2401,2196,449,468,2021,0.0,0,396.9,0.0,0,0,0,1,0,0,0,0,0,0,0,1,1,1,1
46167,2401,2197,450,469,2022,0.0,0,397.6,0.0,0,0,0,1,0,0,0,0,0,0,0,1,1,1,1
46177,2402,2197,448,469,2022,0.0,0,396.8,0.0,0,0,0,1,0,0,0,0,0,0,0,1,1,1,1
46187,2404,2197,450,468,2022,0.0,0,396.8,0.0,0,0,0,1,0,0,0,0,0,0,0,1,1,1,1
46197,2401,2196,450,468,2022,0.0,0,397.3,0.0,0,0,0,1,0,0,0,0,0,0,0,1,1,1,1
46207,2402,2196,450,470,2022,0.0,0,397.6,0.0,0,0,0,1,0,0,0,0,0,0,0,1,1,1,1
46217,2402,2197,451,468,2022,0.0,0,396.3,0.0,0,0,0,1,0,0,0,0,0,0,0,1,1,1,1
46227,2400,2196,449,468,2022,0.0,0,396.9,0.0,0,0,0,1,0,0,0,0,0,0,0,1,1,1,1
46237,2403,2197,450,470,2021,0.0,0,397.3,0.0,0,0,0,1,0,0,0,0,0,0,0,1,1,1,1
46247,2402,2196,449,470,2021,0.0,0,397.3,0.0,0,0,0,1,0,0,0,0,0,0,0,1,1,1,1
46257,2401,2196,451,469,2022,0.0,0,396.8,0.0,0,0,0,1,0,0,0,0,0,0,0,1,1,1,1
46267,2402,2197,451,468,2013,0.0,0,396.9,0.0,0,0,0,1,0,0,0,0,0,0,0,1,1,1,1
46277,2402,2196,450,468,2013,0.0,0,396.7,0.0,0,0,0,1,0,0,0,0,0,0,0,1,1,1,1
46287,2402,2196,451,470,2015,0.0,0,396.8,0.0,0,0,0,1,0,0,0,0,0,0,0,1,1,1,1
46297,2401,2196,449,467,2012,0.0,0,396.8,0.0,0,0,0,1,0,0,0,0,0,0,0,1,1,1,1
46307,2401,2196,451,469,2011,0.0,0,396.8,0.0,0,0,0,1,0,0,0,0,0,0,0,1,1,1,1
46317,2401,2197,449,468,2012,0.0,0,396.3,0.0,0,0,0,1,0,0,0,0,0,0,0,1,1,1,1
46327,2400,2196,450,470,2013,0.0,0,396.8,0.0,0,0,0,1,0,0,0,0,0,0,0,1,1,1,1
46337,2401,2196,450,471,2012,0.0,0,396.8,0.0,0,0,0,1,0,0,0,0,0,0,0,1,1,1,1
46347,2402,2196,449,468,2013,0.0,0,396.2,0.0,0,0,0,1,0,0,0,0,0,0,0,1,1,1,1
46357,2403,2196,448,469,2012,0.0,0,397.0,0.0,0,0,0,1,0,0,0,0,0,0,0,1,1,1,1
46367,2401,2198,449,469,2012,0.0,0,397.0,0.0,0,0,0,1,0,0,0,0,0,0,0,1,1,1,1
46377,2399,2196,450,470,2013,0.0,0,396.8,0.0,0,0,0,1,0,0,0,0,0,0,0,1,1,1,1
46387,2401,2197,449,469,2013,0.0,0,397.0,0.0,0,0,0,1,0,0,0,0,0,0,0,1,1,1,1
46397,2402,2200,450,468,2021,0.0,0,397.1,0.0,0,0,0,1,0,0,0,0,0,0,0,1,1,1,1
46407,2401,2197,449,469,2022,0.0,0,396.8,0.0,0,0,0,1,0,0,0,0,0,0,0,1,1,1,1
46417,2401,2197,450,468,2022,0.0,0,396.8,0.0,0,0,0,1,0,0,0,0,0,0,0,1,1,1,1
46427,2401,2196,450,469,2025,0.0,0,396.8,0.0,0,0,0,1,0,0,0,0,0,0,0,1,1,1,1
46437,2401,2196,451,470,2021,0.0,0,397.2,0.0,0,0,0,1,0,0,0,0,0,0,0,1,1,1,1
46447,2402,2196,449,470,2021,0.0,0,397.2,0.0,0,0,0,1,0,0,0,0,0,0,0,1,1,1,1
46457,2402,2197,450,471,2021,0.0,0,396.5,0.0,0,0,0,1,0,0,0,0,0,0,0,1,1,1,1
46467,2401,2197,448,469,2022,0.0,0,396.3,0.0,0,0,0,1,0,0,0,0,0,0,0,1,1,1,1
46477,2403,2194,449,469,2021,0.0,0,397.0,0.0,0,0,0,1,0,0,0,0,0,0,0,1,1,1,1
46487,2402,2195,450,469,2022,0.0,0,397.0,0.0,0,0,0,1,0,0,0,0,0,0,0,1,1,1,1
46497,2402,2196,450,469,2021,0.0,0,396.9,0.0,0,0,0,1,0,0,0,0,0,0,0,1,1,1,1
46507,2401,2196,450,468,2022,0.0,0,396.8,0.0,0,0,0,1,0,0,0,0,0,0,0,1,1,1,1
46517,2403,2196,448,469,2022,0.0,0,396.7,0.0,0,0,0,1,0,0,0,0,0,0,0,1,1,1,1
46527,2399,2197,449,469,2022,0.0,0,396.8,0.0,0,0,0,1,0,0,0,0,0,0,0,1,1,1,1
46537,2406,2197,449,469,2022,0.0,0,396.7,0.0,0,0,0,1,0,0,0,0,0,0,0,1,1,1,1
46547,2402,2196,450,469,2022,0.0,0,396.7,0.0,0,0,0,1,0,0,0,0,0,0,0,1,1,1,1
46557,2402,2196,449,470,2022,0.0,0,397.5,0.0,0,0,0,1,0,0,0,0,0,0,0,1,1,1,1
46567,2402,2196,450,469,2012,0.0,0,396.5,0.0,0,0,0,1,0,0,0,0,0,0,0,1,1,1,1
46577,2401,2197,449,469,2013,0.0,0,396.8,0.0,0,0,0,1,0,0,0,0,0,0,0,1,1,1,1
46587,2401,2196,450,469,2013,0.0,0,396.0,0.0,0,0,0,1,0,0,0,0,0,0,0,1,1,1,1
46597,2403,2196,451,469,2012,0.0,0,396.0,0.0,0,0,0,1,0,0,0,0,0,0,0,1,1,1,1
46607,2401,2195,450,469,2012,0.0,0,396.0,0.0,0,0,0,1,0,0,0,0,0,0,0,1,1,1,1
46617,2402,2197,450,470,2013,0.0,0,396.7,0.0,0,0,0,1,0,0,0,0,0,0,0,1,1,1,1
46627,2404,2197,450,469,2012,0.0,0,397.3,0.0,0,0,0,1,0,0,0,0,0,0,0,1,1,1,1
46637,2401,2196,451,469,2012,0.0,0,396.2,0.0,0,0,0,1,0,0,0,0,0,0,0,1,1,1,1
46647,2401,2197,450,470,2012,0.0,0,397.0,0.0,0,0,0,1,0,0,0,0,0,0,0,1,1,1,1
46657,2403,2196,449,468,2013,0.0,0,397.0,0.0,0,0,0,1,0,0,0,0,0,0,0,1,1,1,1
46667,2401,2196,451,468,2011,0.0,0,397.0,0.0,0,0,0,1,0,0,0,0,0,0,0,1,1,1,1
46677,2401,2196,451,470,2012,0.0,0,396.8,0.0,0,0,0,1,0,0,0,0,0,0,0,1,1,1,1
46687,2402,2197,449,468,2013,0.0,0,396.8,0.0,0,0,0,1,0,0,0,0,0,0,0,1,1,1,1
46697,2402,2196,449,468,2022,0.0,0,396.7,0.0,0,0,0,1,0,0,0,0,0,0,0,1,1,1,1
46707,2401,2196,451,468,2024,0.0,0,396.5,0.0,0,0,0,1,0,0,0,0,0,0,0,1,1,1,1
46717,2402,2194,448,469,2022,0.0,0,396.7,0.0,0,0,0,1,0,0,0,0,0,0,0,1,1,1,1
46727,2403,2196,450,469,2022,0.0,0,396.7,0.0,0,0,0,1,0,0,0,0,0,0,0,1,1,1,1
46737,2401,2197,450,468,2022,0.0,0,396.7,0.0,0,0,0,1,0,0,0,0,0,0,0,1,1,1,1
46747,2402,2197,451,471,2022,0.0,0,396.7,0.0,0,0,0,1,0,0,0,0,0,0,0,1,1,1,1
46757,2401,2196,449,470,2022,0.0,0,397.0,0.0,0,0,0,1,0,0,0,0,0,0,0,1,1,1,1
46767,2402,2197,451,471,2022,0.0,0,396.7,0.0,0,0,0,1,0,0,0,0,0,0,0,1,1,1,1
46777,2403,2196,450,471,2022,0.0,0,396.8,0.0,0,0,0,1,0,0,0,0,0,0,0,1,1,1,1
46787,2401,2196,450,468,2022,0.0,0,396.8,0.0,0,0,0,1,0,0,0,0,0,0,0,1,1,1,1
46797,2402,2195,447,470,2022,0.0,0,396.4,0.0,0,0,0,1,0,0,0,0,0,0,0,1,1,1,1
46807,2402,2197,450,470,2022,0.0,0,396.2,0.0,0,0,0,1,0,0,0,0,0,0,0,1,1,1,1
46817,2403,2197,450,469,2021,0.0,0,397.3,0.0,0,0,0,1,0,0,0,0,0,0,0,1,1,1,1
46827,2402,2196,451,469,2022,0.0,0,396.9,0.0,0,0,0,1,0,0,0,0,0,0,0,1,1,1,1
46837,2402,2197,451,469,2024,0.0,0,396.9,0.0,0,0,0,1,0,0,0,0,0,0,0,1,1,1,1
46847,2401,2197,450,469,2022,0.0,0,396.9,0.0,0,0,0,1,0,0,0,0,0,0,0,1,1,1,1
46857,2403,2194,450,468,2022,0.0,0,396.7,0.0,0,0,0,1,0,0,0,0,0,0,0,1,1,1,1
46867,2401,2197,448,467,2015,0.0,0,396.9,0.0,0,0,0,1,0,0,0,0,0,0,0,1,1,1,1
46877,2403,2196,450,468,2013,0.0,0,396.8,0.0,0,0,0,1,0,0,0,0,0,0,0,1,1,1,1
46887,2403,2197,450,468,2013,0.0,0,396.8,0.0,0,0,0,1,0,0,0,0,0,0,0,1,1,1,1
46897,2401,2196,451,468,2012,0.0,0,396.8,0.0,0,0,0,1,0,0,0,0,0,0,0,1,1,1,1
46907,2402,2197,452,469,2012,0.0,0,396.8,0.0,0,0,0,1,0,0,0,0,0,0,0,1,1,1,1
46917,2401,2197,451,470,2011,0.0,0,397.2,0.0,0,0,0,1,0,0,0,0,0,0,0,1,1,1,1
46927,2401,2197,450,469,2013,0.0,0,397.1,0.0,0,0,0,1,0,0,0,0,0,0,0,1,1,1,1
46937,2402,2197,450,469,2012,0.0,0,396.4,0.0,0,0,0,1,0,0,0,0,0,0,0,1,1,1,1
46947,2398,2196,449,470,2013,0.0,0,396.3,0.0,0,0,0,1,0,0,0,0,0,0,0,1,1,1,1
46957,2402,2196,450,469,2012,0.0,0,396.3,0.0,0,0,0,1,0,0,0,0,0,0,0,1,1,1,1
46967,2403,2197,449,469,2012,0.0,0,396.3,0.0,0,0,0,1,0,0,0,0,0,0,0,1,1,1,1
46977,2402,2196,450,469,2012,0.0,0,396.8,0.0,0,0,0,1,0,0,0,0,0,0,0,1,1,1,1
46987,2401,2197,449,470,2012,0.0,0,396.5,0.0,0,0,0,1,0,0,0,0,0,0,0,1,1,1,1
46997,2401,2197,451,469,2021,0.0,0,396.5,0.0,0,0,0,1,0,0,0,0,0,0,0,1,1,1,1
47007,2401,2196,449,469,2022,0.0,0,397.2,0.0,0,0,0,1,0,0,0,0,0,0,0,1,1,1,1
47017,2401,2196,450,468,2021,0.0,0,396.4,0.0,0,0,0,1,0,0,0,0,0,0,0,1,1,1,1
47027,2401,2196,450,469,2022,0.0,0,396.4,0.0,0,0,0,1,0,0,0,0,0,0,0,1,1,1,1
47037,2402,2197,450,468,2022,0.0,0,397.1,0.0,0,0,0,1,0,0,0,0,0,0,0,1,1,1,1
47047,2403,2196,448,467,2021,0.0,0,395.8,0.0,0,0,0,1,0,0,0,0,0,0,0,1,1,1,1
47057,2402,2196,450,469,2021,0.0,0,396.1,0.0,0,0,0,1,0,0,0,0,0,0,0,1,1,1,1
47067,2401,2196,451,468,2021,0.0,0,396.5,0.0,0,0,0,1,0,0,0,0,0,0,0,1,1,1,1
47077,2402,2196,451,468,2022,0.0,0,396.8,0.0,0,0,0,1,0,0,0,0,0,0,0,1,1,1,1
47087,2401,2196,449,469,2022,0.0,0,396.8,0.0,0,0,0,1,0,0,0,0,0,0,0,1,1,1,1
47097,2401,2197,449,469,2022,0.0,0,396.3,0.0,0,0,0,1,0,0,0,0,0,0,0,1,1,1,1
47107,2401,2198,451,469,2021,0.0,0,396.1,0.0,0,0,0,1,0,0,0,0,0,0,0,1,1,1,1
47117,2401,2197,449,469,2022,0.0,0,396.7,0.0,0,0,0,1,0,0,0,0,0,0,0,1,1,1,1
47127,2402,2197,449,470,2022,0.0,0,396.5,0.0,0,0,0,1,0,0,0,0,0,0,0,1,1,1,1
47137,2402,2196,452,468,2022,0.0,0,396.5,0.0,0,0,0,1,0,0,0,0,0,0,0,1,1,1,1
47147,2402,2196,450,471,2021,0.0,0,396.5,0.0,0,0,0,1,0,0,0,0,0,0,0,1,1,1,1
47157,2402,2196,451,470,2021,0.0,0,397.3,0.0,0,0,0,1,0,0,0,0,0,0,0,1,1,1,1
47167,2401,2196,449,470,2012,0.0,0,396.5,0.0,0,0,0,1,0,0,0,0,0,0,0,1,1,1,1
47177,2403,2197,449,468,2013,0.0,0,396.7,0.0,0,0,0,1,0,0,0,0,0,0,0,1,1,1,1
47187,2402,2197,451,469,2013,0.0,0,396.7,0.0,0,0,0,1,0,0,0,0,0,0,0,1,1,1,1
47197,2403,2196,449,468,2013,0.0,0,397.6,0.0,0,0,0,1,0,0,0,0,0,0,0,1,1,1,1
47207,2401,2196,452,468,2013,0.0,0,397.6,0.0,0,0,0,1,0,0,0,0,0,0,0,1,1,1,1
47217,2401,2197,451,469,2013,0.0,0,397.1,0.0,0,0,0,1,0,0,0,0,0,0,0,1,1,1,1
47227,2402,2197,450,469,2013,0.0,0,396.4,0.0,0,0,0,1,0,0,0,0,0,0,0,1,1,1,1
47237,2401,2196,448,468,2012,0.0,0,396.2,0.0,0,0,0,1,0,0,0,0,0,0,0,1,1,1,1
47247,2402,2196,451,468,2013,0.0,0,397.0,0.0,0,0,0,1,0,0,0,0,0,0,0,1,1,1,1
47257,2402,2196,449,469,2012,0.0,0,397.1,0.0,0,0,0,1,0,0,0,0,0,0,0,1,1,1,1
47267,2403,2196,450,469,2013,0.0,0,397.1,0.0,0,0,0,1,0,0,0,0,0,0,0,1,1,1,1
47277,2402,2198,449,468,2014,0.0,0,397.6,0.0,0,0,0,1,0,0,0,0,0,0,0,1,1,1,1
47287,2402,2196,449,468,2012,0.0,0,396.9,0.0,0,0,0,1,0,0,0,0,0,0,0,1,1,1,1
47297,2401,2196,450,469,2021,0.0,0,397.5,0.0,0,0,0,1,0,0,0,0,0,0,0,1,1,1,1
47307,2402,2196,447,469,2022,0.0,0,396.5,0.0,0,0,0,1,0,0,0,0,0,0,0,1,1,1,1
47317,2403,2196,447,468,2022,0.0,0,397.0,0.0,0,0,0,1,0,0,0,0,0,0,0,1,1,1,1
47327,2401,2196,450,469,2022,0.0,0,397.0,0.0,0,0,0,1,0,0,0,0,0,0,0,1,1,1,1
47337,2401,2196,448,469,2020,0.0,0,396.7,0.0,0,0,0,1,0,0,0,0,0,0,0,1,1,1,1
47347,2400,2196,450,468,2021,0.0,0,397.6,0.0,0,0,0,1,0,0,0,0,0,0,0,1,1,1,1
47357,2399,2196,450,469,2021,0.0,0,396.4,0.0,0,0,0,1,0,0,0,0,0,0,0,1,1,1,1
47367,2402,2193,449,471,2021,0.0,0,397.6,0.0,0,0,0,1,0,0,0,0,0,0,0,1,1,1,1
47377,2403,2195,449,468,2021,0.0,0,396.8,0.0,0,0,0,1,0,0,0,0,0,0,0,1,1,1,1
47387,2403,2196,451,469,2022,0.0,0,396.8,0.0,0,0,0,1,0,0,0,0,0,0,0,1,1,1,1
47397,2401,2196,450,469,2021,0.0,0,397.6,0.0,0,0,0,1,0,0,0,0,0,0,0,1,1,1,1
47407,2401,2196,450,468,2022,0.0,0,396.9,0.0,0,0,0,1,0,0,0,0,0,0,0,1,1,1,1
47417,2404,2196,450,468,2023,0.0,0,396.8,0.0,0,0,0,1,0,0,0,0,0,0,0,1,1,1,1
47427,2401,2196,449,469,2022,0.0,0,397.3,0.0,0,0,0,1,0,0,0,0,0,0,0,1,1,1,1
47437,2402,2197,450,469,2022,0.0,0,397.3,0.0,0,0,0,1,0,0,0,0,0,0,0,1,1,1,1
47447,2402,2199,450,470,2023,0.0,0,397.3,0.0,0,0,0,1,0,0,0,0,0,0,0,1,1,1,1
47457,2404,2196,448,470,2022,0.0,0,396.5,0.0,0,0,0,1,0,0,0,0,0,0,0,1,1,1,1
47467,2399,2196,451,469,2012,0.0,0,397.0,0.0,0,0,0,1,0,0,0,0,0,0,0,1,1,1,1
47477,2401,2199,452,469,2013,0.0,0,396.5,0.0,0,0,0,1,0,0,0,0,0,0,0,1,1,1,1
47487,2402,2197,450,470,2013,0.0,0,396.3,0.0,0,0,0,1,0,0,0,0,0,0,0,1,1,1,1
47497,2402,2197,453,466,2013,0.0,0,396.3,0.0,0,0,0,1,0,0,0,0,0,0,0,1,1,1,1
47507,2402,2196,450,470,2013,0.0,0,396.3,0.0,0,0,0,1,0,0,0,0,0,0,0,1,1,1,1
47517,2402,2198,450,469,2013,0.0,0,397.6,0.0,0,0,0,1,0,0,0,0,0,0,0,1,1,1,1
47527,2401,2196,450,469,2013,0.0,0,397.0,0.0,0,0,0,1,0,0,0,0,0,0,0,1,1,1,1
47537,2403,2196,451,470,2013,0.0,0,396.9,0.0,0,0,0,1,0,0,0,0,0,0,0,1,1,1,1
47547,2401,2198,450,469,2013,0.0,0,396.9,0.0,0,0,0,1,0,0,0,0,0,0,0,1,1,1,1
47557,2402,2196,449,472,2012,0.0,0,396.9,0.0,0,0,0,1,0,0,0,0,0,0,0,1,1,1,1
47567,2402,2196,448,469,2012,0.0,0,396.9,0.0,0,0,0,1,0,0,0,0,0,0,0,1,1,1,1
47577,2401,2196,447,470,2012,0.0,0,396.5,0.0,0,0,0,1,0,0,0,0,0,0,0,1,1,1,1
47587,2401,2196,448,469,2013,0.0,0,396.9,0.0,0,0,0,1,0,0,0,0,0,0,0,1,1,1,1
47597,2401,2196,451,468,2013,0.0,0,396.9,0.0,0,0,0,1,0,0,0,0,0,0,0,1,1,1,1
47607,2401,2197,450,470,2022,0.0,0,396.4,0.0,0,0,0,1,0,0,0,0,0,0,0,1,1,1,1
47617,2403,2197,451,469,2022,0.0,0,396.4,0.0,0,0,0,1,0,0,0,0,0,0,0,1,1,1,1
47627,2403,2197,449,470,2022,0.0,0,396.4,0.0,0,0,0,1,0,0,0,0,0,0,0,1,1,1,1
47637,2400,2196,451,468,2022,0.0,0,396.4,0.0,0,0,0,1,0,0,0,0,0,0,0,1,1,1,1
47647,2401,2196,450,468,2022,0.0,0,396.1,0.0,0,0,0,1,0,0,0,0,0,0,0,1,1,1,1
47657,2403,2196,449,469,2021,0.0,0,397.1,0.0,0,0,0,1,0,0,0,0,0,0,0,1,1,1,1
47667,2401,2197,449,467,2022,0.0,0,396.3,0.0,0,0,0,1,0,0,0,0,0,0,0,1,1,1,1
47677,2400,2197,450,470,2022,0.0,0,396.3,0.0,0,0,0,1,0,0,0,0,0,0,0,1,1,1,1
47687,2402,2196,450,469,2021,0.0,0,396.3,0.0,0,0,0,1,0,0,0,0,0,0,0,1,1,1,1
47697,2402,2196,451,469,2020,0.0,0,397.2,0.0,0,0,0,1,0,0,0,0,0,0,0,1,1,1,1
47707,2401,2196,450,470,2021,0.0,0,396.7,0.0,0,0,0,1,0,0,0,0,0,0,0,1,1,1,1
47717,2403,2199,449,468,2021,0.0,0,396.7,0.0,0,0,0,1,0,0,0,0,0,0,0,1,1,1,1
47727,2401,2197,450,468,2020,0.0,0,396.8,0.0,0,0,0,1,0,0,0,0,0,0,0,1,1,1,1
47737,2402,2196,449,469,2022,0.0,0,397.6,0.0,0,0,0,1,0,0,0,0,0,0,0,1,1,1,1
47747,2402,2196,450,466,2022,0.0,0,397.6,0.0,0,0,0,1,0,0,0,0,0,0,0,1,1,1,1
47757,2402,2197,449,469,2021,0.0,0,396.4,0.0,0,0,0,1,0,0,0,0,0,0,0,1,1,1,1
47767,2401,2197,450,470,2013,0.0,0,396.2,0.0,0,0,0,1,0,0,0,0,0,0,0,1,1,1,1
47777,2402,2197,451,468,2012,0.0,0,396.3,0.0,0,0,0,1,0,0,0,0,0,0,0,1,1,1,1
47787,2402,2197,452,469,2013,0.0,0,396.7,0.0,0,0,0,1,0,0,0,0,0,0,0,1,1,1,1
47797,2403,2197,448,470,2012,0.0,0,396.8,0.0,0,0,0,1,0,0,0,0,0,0,0,1,1,1,1
47807,2402,2196,448,470,2015,0.0,0,396.8,0.0,0,0,0,1,0,0,0,0,0,0,0,1,1,1,1
47817,2402,2197,449,469,2013,0.0,0,397.0,0.0,0,0,0,1,0,0,0,0,0,0,0,1,1,1,1
47827,2402,2197,450,469,2013,0.0,0,397.2,0.0,0,0,0,1,0,0,0,0,0,0,0,1,1,1,1
47837,2401,2199,450,471,2012,0.0,0,396.3,0.0,0,0,0,1,0,0,0,0,0,0,0,1,1,1,1
47847,2401,2196,450,469,2013,0.0,0,397.0,0.0,0,0,0,1,0,0,0,0,0,0,0,1,1,1,1
47857,2402,2200,447,469,2013,0.0,0,396.7,0.0,0,0,0,1,0,0,0,0,0,0,0,1,1,1,1
47867,2402,2197,450,469,2013,0.0,0,396.7,0.0,0,0,0,1,0,0,0,0,0,0,0,1,1,1,1
47877,2399,2196,450,469,2012,0.0,0,397.4,0.0,0,0,0,1,0,0,0,0,0,0,0,1,1,1,1
47887,2401,2196,450,467,2012,0.0,0,396.7,0.0,0,0,0,1,0,0,0,0,0,0,0,1,1,1,1
47897,2402,2196,452,469,2012,0.0,0,397.6,0.0,0,0,0,1,0,0,0,0,0,0,0,1,1,1,1
47907,2402,2194,451,469,2022,0.0,0,396.7,0.0,0,0,0,1,0,0,0,0,0,0,0,1,1,1,1
47917,2403,2196,450,475,2019,0.0,0,396.5,0.0,0,0,0,1,0,0,0,0,0,0,0,1,1,1,1
47927,2402,2196,450,470,2022,0.0,0,396.5,0.0,0,0,0,1,0,0,0,0,0,0,0,1,1,1,1
47937,2401,2196,449,469,2022,0.0,0,396.9,0.0,0,0,0,1,0,0,0,0,0,0,0,1,1,1,1
47947,2403,2196,450,469,2022,0.0,0,396.8,0.0,0,0,0,1,0,0,0,0,0,0,0,1,1,1,1
47957,2403,2197,451,468,2022,0.0,0,396.8,0.0,0,0,0,1,0,0,0,0,0,0,0,1,1,1,1
47967,2402,2196,451,469,2024,0.0,0,397.0,0.0,0,0,0,1,0,0,0,0,0,0,0,1,1,1,1
47977,2402,2196,448,467,2023,0.0,0,396.5,0.0,0,0,0,1,0,0,0,0,0,0,0,1,1,1,1
47987,2403,2196,448,470,2020,0.0,0,396.5,0.0,0,0,0,1,0,0,0,0,0,0,0,1,1,1,1
47997,2403,2196,450,469,2021,0.0,0,397.2,0.0,0,0,0,1,0,0,0,0,0,0,0,1,1,1,1
48007,2402,2197,449,469,2022,0.0,0,396.9,0.0,0,0,0,1,0,0,0,0,0,0,0,1,1,1,1
48017,2402,2197,449,468,2022,0.0,0,397.1,0.0,0,0,0,1,0,0,0,0,0,0,0,1,1,1,1
48027,2402,2196,449,468,2022,0.0,0,397.0,0.0,0,0,0,1,0,0,0,0,0,0,0,1,1,1,1
48037,2403,2196,450,468,2021,0.0,0,397.3,0.0,0,0,0,1,0,0,0,0,0,0,0,1,1,1,1
48047,2402,2197,451,467,2022,0.0,0,397.3,0.0,0,0,0,1,0,0,0,0,0,0,0,1,1,1,1
48057,2402,2196,449,469,2022,0.0,0,396.7,0.0,0,0,0,1,0,0,0,0,0,0,0,1,1,1,1
48067,2401,2197,449,469,2022,0.0,0,397.2,0.0,0,0,0,1,0,0,0,0,0,0,0,1,1,1,1
48077,2401,2197,449,470,2013,0.0,0,396.5,0.0,0,0,0,1,0,0,0,0,0,0,0,1,1,1,1
48087,2401,2196,449,469,2012,0.0,0,397.1,0.0,0,0,0,1,0,0,0,0,0,0,0,1,1,1,1
48097,2405,2196,448,466,2013,0.0,0,396.1,0.0,0,0,0,1,0,0,0,0,0,0,0,1,1,1,1
48107,2401,2196,450,469,2012,0.0,0,396.1,0.0,0,0,0,1,0,0,0,0,0,0,0,1,1,1,1
48117,2401,2197,449,470,2013,0.0,0,396.5,0.0,0,0,0,1,0,0,0,0,0,0,0,1,1,1,1
48127,2401,2197,449,470,2013,0.0,0,397.4,0.0,0,0,0,1,0,0,0,0,0,0,0,1,1,1,1
48137,2402,2196,448,468,2012,0.0,0,396.8,0.0,0,0,0,1,0,0,0,0,0,0,0,1,1,1,1
48147,2402,2196,450,469,2013,0.0,0,396.7,0.0,0,0,0,1,0,0,0,0,0,0,0,1,1,1,1
48157,2401,2196,449,467,2012,0.0,0,396.7,0.0,0,0,0,1,0,0,0,0,0,0,0,1,1,1,1
48167,2403,2196,450,471,2013,0.0,0,396.7,0.0,0,0,0,1,0,0,0,0,0,0,0,1,1,1,1
48177,2401,2197,450,469,2012,0.0,0,396.4,0.0,0,0,0,1,0,0,0,0,0,0,0,1,1,1,1
48187,2401,2196,450,469,2012,0.0,0,396.7,0.0,0,0,0,1,0,0,0,0,0,0,0,1,1,1,1
48197,2403,2196,449,468,2013,0.0,0,397.1,0.0,0,0,0,1,0,0,0,0,0,0,0,1,1,1,1
48207,2402,2197,450,469,2023,0.0,0,396.8,0.0,0,0,0,1,0,0,0,0,0,0,0,1,1,1,1
48217,2403,2197,449,469,2022,0.0,0,396.8,0.0,0,0,0,1,0,0,0,0,0,0,0,1,1,1,1
48227,2400,2197,451,468,2022,0.0,0,396.8,0.0,0,0,0,1,0,0,0,0,0,0,0,1,1,1,1
48237,2400,2199,449,468,2022,0.0,0,396.8,0.0,0,0,0,1,0,0,0,0,0,0,0,1,1,1,1
48247,2401,2196,449,469,2021,0.0,0,396.9,0.0,0,0,0,1,0,0,0,0,0,0,0,1,1,1,1
48257,2402,2197,449,468,2022,0.0,0,396.8,0.0,0,0,0,1,0,0,0,0,0,0,0,1,1,1,1
48267,2400,2197,449,470,2021,0.0,0,396.8,0.0,0,0,0,1,0,0,0,0,0,0,0,1,1,1,1
48277,2402,2196,450,470,2022,0.0,0,396.3,0.0,0,0,0,1,0,0,0,0,0,0,0,1,1,1,1
48287,2402,2196,450,469,2020,0.0,0,396.3,0.0,0,0,0,1,0,0,0,0,0,0,0,1,1,1,1
48297,2404,2196,450,469,2021,0.0,0,396.5,0.0,0,0,0,1,0,0,0,0,0,0,0,1,1,1,1
48307,2401,2196,449,469,2021,0.0,0,396.7,0.0,0,0,0,1,0,0,0,0,0,0,0,1,1,1,1
48317,2401,2196,450,468,2021,0.0,0,397.1,0.0,0,0,0,1,0,0,0,0,0,0,0,1,1,1,1
48327,2402,2195,449,467,2022,0.0,0,396.5,0.0,0,0,0,1,0,0,0,0,0,0,0,1,1,1,1
48337,2402,2196,449,468,2021,0.0,0,396.2,0.0,0,0,0,1,0,0,0,0,0,0,0,1,1,1,1
48347,2401,2196,450,469,2021,0.0,0,396.2,0.0,0,0,0,1,0,0,0,0,0,0,0,1,1,1,1
48357,2400,2196,450,469,2019,0.0,0,397.0,0.0,0,0,0,1,0,0,0,0,0,0,0,1,1,1,1
48367,2401,2196,450,471,2022,0.0,0,397.1,0.0,0,0,0,1,0,0,0,0,0,0,0,1,1,1,1
48377,2402,2196,451,468,2015,0.0,0,397.2,0.0,0,0,0,1,0,0,0,0,0,0,0,1,1,1,1
48387,2379,2197,450,471,2012,0.0,0,396.5,0.0,0,0,0,1,0,0,0,0,0,0,0,1,1,1,1
48397,2403,2197,450,469,2012,0.0,0,397.2,0.0,0,0,0,1,0,0,0,0,0,0,0,1,1,1,1
48407,2402,2197,448,469,2012,0.0,0,397.2,0.0,0,0,0,1,0,0,0,0,0,0,0,1,1,1,1
48417,2401,2196,449,469,2012,0.0,0,396.7,0.0,0,0,0,1,0,0,0,0,0,0,0,1,1,1,1
48427,2402,2196,450,469,2013,0.0,0,396.8,0.0,0,0,0,1,0,0,0,0,0,0,0,1,1,1,1
48437,2401,2193,449,470,2013,0.0,0,396.8,0.0,0,0,0,1,0,0,0,0,0,0,0,1,1,1,1
48447,2401,2196,450,468,2015,0.0,0,396.7,0.0,0,0,0,1,0,0,0,0,0,0,0,1,1,1,1
48457,2402,2196,451,469,2012,0.0,0,396.7,0.0,0,0,0,1,0,0,0,0,0,0,0,1,1,1,1
48467,2401,2196,449,470,2012,0.0,0,396.7,0.0,0,0,0,1,0,0,0,0,0,0,0,1,1,1,1
48477,2401,2196,449,468,2012,0.0,0,396.7,0.0,0,0,0,1,0,0,0,0,0,0,0,1,1,1,1
48487,2401,2196,451,469,2012,0.0,0,396.2,0.0,0,0,0,1,0,0,0,0,0,0,0,1,1,1,1
48497,2402,2196,450,470,2013,0.0,0,397.3,0.0,0,0,0,1,0,0,0,0,0,0,0,1,1,1,1
48507,2404,2197,449,470,2022,0.0,0,397.5,0.0,0,0,0,1,0,0,0,0,0,0,0,1,1,1,1
48518,2402,2197,450,468,2022,0.0,0,397.6,0.0,0,0,0,1,0,0,0,0,0,0,0,1,1,1,1
48529,2402,2196,449,468,2022,0.0,0,396.3,0.0,0,0,0,1,0,0,0,0,0,0,0,1,1,1,1
48539,2401,2197,448,469,2022,0.0,0,396.3,0.0,0,0,0,1,0,0,0,0,0,0,0,1,1,1,1
48549,2401,2200,451,469,2022,0.0,0,397.0,0.0,0,0,0,1,0,0,0,0,0,0,0,1,1,1,1
48559,2402,2199,450,469,2022,0.0,0,396.7,0.0,0,0,0,1,0,0,0,0,0,0,0,1,1,1,1
48569,2401,2196,451,469,2021,0.0,0,396.7,0.0,0,0,0,1,0,0,0,0,0,0,0,1,1,1,1
48579,2403,2197,451,470,2021,0.0,0,396.7,0.0,0,0,0,1,0,0,0,0,0,0,0,1,1,1,1
48589,2401,2197,450,469,2022,0.0,0,397.3,0.0,0,0,0,1,0,0,0,0,0,0,0,1,1,1,1
48599,2401,2196,450,470,2019,0.0,0,397.3,0.0,0,0,0,1,0,0,0,0,0,0,0,1,1,1,1
48609,2402,2193,450,469,2021,0.0,0,396.4,0.0,0,0,0,1,0,0,0,0,0,0,0,1,1,1,1
48619,2401,2197,451,470,2022,0.0,0,396.9,0.0,0,0,0,1,0,0,0,0,0,0,0,1,1,1,1
48629,2403,2196,449,469,2022,0.0,0,396.5,0.0,0,0,0,1,0,0,0,0,0,0,0,1,1,1,1
48639,2401,2197,449,469,2024,0.0,0,397.7,0.0,0,0,0,1,0,0,0,0,0,0,0,1,1,1,1
48649,2400,2197,449,468,2022,0.0,0,396.4,0.0,0,0,0,1,0,0,0,0,0,0,0,1,1,1,1
48659,2402,2196,451,469,2021,0.0,0,396.4,0.0,0,0,0,1,0,0,0,0,0,0,0,1,1,1,1
48669,2401,2196,451,469,2022,0.0,0,396.8,0.0,0,0,0,1,0,0,0,0,0,0,0,1,1,1,1
48679,2401,2196,452,469,2013,0.0,0,396.8,0.0,0,0,0,1,0,0,0,0,0,0,0,1,1,1,1
48689,2400,2196,450,469,2013,0.0,0,397.2,0.0,0,0,0,1,0,0,0,0,0,0,0,1,1,1,1
48699,2401,2197,451,469,2010,0.0,0,396.4,0.0,0,0,0,1,0,0,0,0,0,0,0,1,1,1,1
48709,2401,2196,450,468,2015,0.0,0,397.3,0.0,0,0,0,1,0,0,0,0,0,0,0,1,1,1,1
48719,2402,2197,451,470,2014,0.0,0,397.3,0.0,0,0,0,1,0,0,0,0,0,0,0,1,1,1,1
48729,2401,2197,450,470,2013,0.0,0,396.3,0.0,0,0,0,1,0,0,0,0,0,0,0,1,1,1,1
48739,2401,2196,450,469,2013,0.0,0,396.8,0.0,0,0,0,1,0,0,0,0,0,0,0,1,1,1,1
48749,2401,2197,448,470,2015,0.0,0,397.3,0.0,0,0,0,1,0,0,0,0,0,0,0,1,1,1,1
48759,2401,2196,449,469,2012,0.0,0,397.3,0.0,0,0,0,1,0,0,0,0,0,0,0,1,1,1,1
48769,2403,2196,451,469,2013,0.0,0,397.0,0.0,0,0,0,1,0,0,0,0,0,0,0,1,1,1,1
48779,2403,2197,451,467,2011,0.0,0,397.0,0.0,0,0,0,1,0,0,0,0,0,0,0,1,1,1,1
48789,2400,2196,450,468,2010,0.0,0,397.2,0.0,0,0,0,1,0,0,0,0,0,0,0,1,1,1,1
48799,2401,2197,450,469,2013,0.0,0,397.0,0.0,0,0,0,1,0,0,0,0,0,0,0,1,1,1,1
48809,2402,2197,449,469,2021,0.0,0,397.5,0.0,0,0,0,1,0,0,0,0,0,0,0,1,1,1,1
48819,2402,2196,450,470,2021,0.0,0,397.5,0.0,0,0,0,1,0,0,0,0,0,0,0,1,1,1,1
48829,2402,2197,449,469,2021,0.0,0,396.8,0.0,0,0,0,1,0,0,0,0,0,0,0,1,1,1,1
48839,2401,2196,451,470,2021,0.0,0,396.8,0.0,0,0,0,1,0,0,0,0,0,0,0,1,1,1,1
48849,2400,2199,450,467,2021,0.0,0,396.7,0.0,0,0,0,1,0,0,0,0,0,0,0,1,1,1,1
48859,2403,2197,451,466,2022,0.0,0,397.3,0.0,0,0,0,1,0,0,0,0,0,0,0,1,1,1,1
48869,2401,2196,450,469,2021,0.0,0,396.3,0.0,0,0,0,1,0,0,0,0,0,0,0,1,1,1,1
48879,2401,2197,449,469,2022,0.0,0,396.3,0.0,0,0,0,1,0,0,0,0,0,0,0,1,1,1,1
48889,2403,2196,450,467,2021,0.0,0,396.5,0.0,0,0,0,1,0,0,0,0,0,0,0,1,1,1,1
48899,2401,2198,450,470,2021,0.0,0,396.5,0.0,0,0,0,1,0,0,0,0,0,0,0,1,1,1,1
48909,2402,2200,450,467,2022,0.0,0,397.3,0.0,0,0,0,1,0,0,0,0,0,0,0,1,1,1,1
48919,2402,2197,451,469,2021,0.0,0,397.1,0.0,0,0,0,1,0,0,0,0,0,0,0,1,1,1,1
48929,2401,2196,450,469,2021,0.0,0,397.3,0.0,0,0,0,1,0,0,0,0,0,0,0,1,1,1,1
48940,2402,2196,450,470,2021,0.0,0,396.7,0.0,0,0,0,1,0,0,0,0,0,0,0,1,1,1,1
48950,2402,2196,450,469,2019,0.0,0,396.9,0.0,0,0,0,1,0,0,0,0,0,0,0,1,1,1,1
48960,2401,2195,450,468,2021,0.0,0,396.9,0.0,0,0,0,1,0,0,0,0,0,0,0,1,1,1,1
48970,2401,2196,449,470,2021,0.0,0,396.9,0.0,0,0,0,1,0,0,0,0,0,0,0,1,1,1,1
48980,2401,2197,451,468,2012,0.0,0,397.2,0.0,0,0,0,1,0,0,0,0,0,0,0,1,1,1,1
48990,2402,2197,451,468,2012,0.0,0,396.9,0.0,0,0,0,1,0,0,0,0,0,0,0,1,1,1,1
49000,2402,2196,450,469,2013,0.0,0,397.4,0.0,0,0,0,1,0,0,0,0,0,0,0,1,1,1,1
49010,2402,2196,449,469,2012,0.0,0,397.3,0.0,0,0,0,1,0,0,0,0,0,0,0,1,1,1,1
49021,2404,2196,449,467,2012,0.0,0,396.7,0.0,0,0,0,1,0,0,0,0,0,0,0,1,1,1,1
49031,2401,2196,450,469,2012,0.0,0,396.7,0.0,0,0,0,1,0,0,0,0,0,0,0,1,1,1,1
49042,2402,2197,449,469,2012,0.0,0,397.3,0.0,0,0,0,1,0,0,0,0,0,0,0,1,1,1,1
49052,2401,2196,450,469,2013,0.0,0,397.4,0.0,0,0,0,1,0,0,0,0,0,0,0,1,1,1,1
49062,2401,2197,450,470,2014,0.0,0,396.8,0.0,0,0,0,1,0,0,0,0,0,0,0,1,1,1,1
49072,2402,2194,450,470,2012,0.0,0,397.0,0.0,0,0,0,1,0,0,0,0,0,0,0,1,1,1,1
49082,2402,2196,449,469,2013,0.0,0,397.4,0.0,0,0,0,1,0,0,0,0,0,0,0,1,1,1,1
49093,2401,2196,450,469,2013,0.0,0,396.9,0.0,0,0,0,1,0,0,0,0,0,0,0,1,1,1,1
49103,2401,2196,450,468,2013,0.0,0,396.9,0.0,0,0,0,1,0,0,0,0,0,0,0,1,1,1,1
49114,2402,2197,448,469,2021,0.0,0,396.5,0.0,0,0,0,1,0,0,0,0,0,0,0,1,1,1,1
49124,2402,2197,450,468,2022,0.0,0,396.7,0.0,0,0,0,1,0,0,0,0,0,0,0,1,1,1,1
49135,2402,2196,448,469,2023,0.0,0,397.2,0.0,0,0,0,1,0,0,0,0,0,0,0,1,1,1,1
49145,2402,2196,452,468,2021,0.0,0,397.1,0.0,0,0,0,1,0,0,0,0,0,0,0,1,1,1,1
49155,2402,2197,449,469,2021,0.0,0,396.5,0.0,0,0,0,1,0,0,0,0,0,0,0,1,1,1,1
49165,2402,2197,450,468,2021,0.0,0,397.0,0.0,0,0,0,1,0,0,0,0,0,0,0,1,1,1,1
49175,2401,2195,449,471,2022,0.0,0,397.0,0.0,0,0,0,1,0,0,0,0,0,0,0,1,1,1,1
49185,2402,2196,449,469,2021,0.0,0,396.7,0.0,0,0,0,1,0,0,0,0,0,0,0,1,1,1,1
49195,2401,2196,448,469,2021,0.0,0,396.9,0.0,0,0,0,1,0,0,0,0,0,0,0,1,1,1,1
49205,2402,2196,449,470,2021,0.0,0,397.1,0.0,0,0,0,1,0,0,0,0,0,0,0,1,1,1,1
49216,2403,2196,449,469,2021,0.0,0,396.7,0.0,0,0,0,1,0,0,0,0,0,0,0,1,1,1,1
49226,2401,2197,448,470,2022,0.0,0,397.2,0.0,0,0,0,1,0,0,0,0,0,0,0,1,1,1,1
49236,2401,2196,450,467,2021,0.0,0,397.2,0.0,0,0,0,1,0,0,0,0,0,0,0,1,1,1,1
49246,2401,2196,450,471,2021,0.0,0,397.2,0.0,0,0,0,1,0,0,0,0,0,0,0,1,1,1,1
49256,2401,2195,449,468,2021,0.0,0,396.9,0.0,0,0,0,1,0,0,0,0,0,0,0,1,1,1,1
49266,2402,2197,449,470,2021,0.0,0,396.7,0.0,0,0,0,1,0,0,0,0,0,0,0,1,1,1,1
49276,2402,2196,451,469,2016,0.0,0,396.9,0.0,0,0,0,1,0,0,0,0,0,0,0,1,1,1,1
49286,2401,2196,449,469,2013,0.0,0,396.5,0.0,0,0,0,1,0,0,0,0,0,0,0,1,1,1,1
49296,2400,2196,451,468,2013,0.0,0,396.5,0.0,0,0,0,1,0,0,0,0,0,0,0,1,1,1,1
49306,2401,2197,451,469,2016,0.0,0,396.7,0.0,0,0,0,1,0,0,0,0,0,0,0,1,1,1,1
49316,2401,2196,450,468,2012,0.0,0,395.8,0.0,0,0,0,1,0,0,0,0,0,0,0,1,1,1,1
49326,2401,2196,452,469,2012,0.0,0,396.7,0.0,0,0,0,1,0,0,0,0,0,0,0,1,1,1,1
49336,2399,2196,450,469,2012,0.0,0,396.3,0.0,0,0,0,1,0,0,0,0,0,0,0,1,1,1,1
49346,2401,2196,448,469,2011,0.0,0,396.8,0.0,0,0,0,1,0,0,0,0,0,0,0,1,1,1,1
49356,2402,2196,449,469,2012,0.0,0,396.8,0.0,0,0,0,1,0,0,0,0,0,0,0,1,1,1,1
49366,2401,2196,447,468,2012,0.0,0,396.5,0.0,0,0,0,1,0,0,0,0,0,0,0,1,1,1,1
49376,2401,2196,450,469,2013,0.0,0,396.8,0.0,0,0,0,1,0,0,0,0,0,0,0,1,1,1,1
49386,2401,2196,450,469,2015,0.0,0,397.6,0.0,0,0,0,1,0,0,0,0,0,0,0,1,1,1,1
49396,2401,2197,452,470,2012,0.0,0,396.9,0.0,0,0,0,1,0,0,0,0,0,0,0,1,1,1,1
49406,2401,2194,450,469,2013,0.0,0,396.9,0.0,0,0,0,1,0,0,0,0,0,0,0,1,1,1,1
49416,2403,2197,451,471,2021,0.0,0,396.9,0.0,0,0,0,1,0,0,0,0,0,0,0,1,1,1,1
49426,2401,2196,451,470,2021,0.0,0,396.9,0.0,0,0,0,1,0,0,0,0,0,0,0,1,1,1,1
49436,2402,2197,448,470,2021,0.0,0,397.4,0.0,0,0,0,1,0,0,0,0,0,0,0,1,1,1,1
49446,2402,2197,451,469,2022,0.0,0,397.0,0.0,0,0,0,1,0,0,0,0,0,0,0,1,1,1,1
49456,2403,2196,449,470,2021,0.0,0,397.3,0.0,0,0,0,1,0,0,0,0,0,0,0,1,1,1,1
49466,2401,2196,449,470,2022,0.0,0,397.2,0.0,0,0,0,1,0,0,0,0,0,0,0,1,1,1,1
49476,2402,2196,450,468,2021,0.0,0,397.2,0.0,0,0,0,1,0,0,0,0,0,0,0,1,1,1,1
49486,2401,2197,450,469,2021,0.0,0,397.2,0.0,0,0,0,1,0,0,0,0,0,0,0,1,1,1,1
49496,2402,2197,450,469,2021,0.0,0,396.7,0.0,0,0,0,1,0,0,0,0,0,0,0,1,1,1,1
49506,2402,2197,451,466,2024,0.0,0,397.1,0.0,0,0,0,1,0,0,0,0,0,0,0,1,1,1,1
49516,2404,2196,449,469,2022,0.0,0,396.9,0.0,0,0,0,1,0,0,0,0,0,0,0,1,1,1,1
49526,2400,2198,451,469,2021,0.0,0,396.3,0.0,0,0,0,1,0,0,0,0,0,0,0,1,1,1,1
49536,2403,2196,450,468,2022,0.0,0,396.3,0.0,0,0,0,1,0,0,0,0,0,0,0,1,1,1,1
49546,2402,2197,449,470,2021,0.0,0,396.3,0.0,0,0,0,1,0,0,0,0,0,0,0,1,1,1,1
49556,2401,2196,451,468,2023,0.0,0,397.7,0.0,0,0,0,1,0,0,0,0,0,0,0,1,1,1,1
49566,2403,2197,450,469,2021,0.0,0,396.3,0.0,0,0,0,1,0,0,0,0,0,0,0,1,1,1,1
49577,2403,2195,450,468,2021,0.0,0,397.4,0.0,0,0,0,1,0,0,0,0,0,0,0,1,1,1,1
49587,2402,2199,450,469,2012,0.0,0,396.8,0.0,0,0,0,1,0,0,0,0,0,0,0,1,1,1,1
49597,2401,2196,450,469,2013,0.0,0,396.8,0.0,0,0,0,1,0,0,0,0,0,0,0,1,1,1,1
49607,2402,2197,450,469,2012,0.0,0,396.8,0.0,0,0,0,1,0,0,0,0,0,0,0,1,1,1,1
49617,2402,2196,448,468,2013,0.0,0,396.5,0.0,0,0,0,1,0,0,0,0,0,0,0,1,1,1,1
49627,2400,2197,450,468,2013,0.0,0,396.7,0.0,0,0,0,1,0,0,0,0,0,0,0,1,1,1,1
49637,2401,2196,449,469,2012,0.0,0,396.5,0.0,0,0,0,1,0,0,0,0,0,0,0,1,1,1,1
49647,2401,2197,453,470,2010,0.0,0,397.6,0.0,0,0,0,1,0,0,0,0,0,0,0,1,1,1,1
49657,2403,2195,449,467,2012,0.0,0,397.1,0.0,0,0,0,1,0,0,0,0,0,0,0,1,1,1,1
49667,2401,2197,448,470,2012,0.0,0,397.1,0.0,0,0,0,1,0,0,0,0,0,0,0,1,1,1,1
49677,2401,2197,451,468,2013,0.0,0,396.8,0.0,0,0,0,1,0,0,0,0,0,0,0,1,1,1,1
49687,2402,2197,450,469,2013,0.0,0,396.7,0.0,0,0,0,1,0,0,0,0,0,0,0,1,1,1,1
49697,2401,2197,450,468,2001,0.0,0,396.8,0.0,0,0,0,1,0,0,0,0,0,0,0,1,1,1,1
49707,2402,2196,452,470,2013,0.0,0,396.9,0.0,0,0,0,1,0,0,0,0,0,0,0,1,1,1,1
49717,2403,2198,450,469,2022,0.0,0,397.1,0.0,0,0,0,1,0,0,0,0,0,0,0,1,1,1,1
49727,2402,2198,450,468,2023,0.0,0,397.1,0.0,0,0,0,1,0,0,0,0,0,0,0,1,1,1,1
49737,2402,2197,450,468,2017,0.0,0,396.9,0.0,0,0,0,1,0,0,0,0,0,0,0,1,1,1,1
49747,2401,2196,451,469,2021,0.0,0,396.8,0.0,0,0,0,1,0,0,0,0,0,0,0,1,1,1,1
49757,2402,2196,450,470,2023,0.0,0,396.7,0.0,0,0,0,1,0,0,0,0,0,0,0,1,1,1,1
49767,2403,2197,450,470,2021,0.0,0,396.7,0.0,0,0,0,1,0,0,0,0,0,0,0,1,1,1,1
49777,2402,2196,449,469,2022,0.0,0,397.1,0.0,0,0,0,1,0,0,0,0,0,0,0,1,1,1,1
49787,2402,2197,451,466,2022,0.0,0,397.1,0.0,0,0,0,1,0,0,0,0,0,0,0,1,1,1,1
49797,2398,2196,448,468,2022,0.0,0,396.9,0.0,0,0,0,1,0,0,0,0,0,0,0,1,1,1,1
49807,2400,2197,449,469,2021,0.0,0,396.7,0.0,0,0,0,1,0,0,0,0,0,0,0,1,1,1,1
49817,2401,2195,450,470,2021,0.0,0,396.8,0.0,0,0,0,1,0,0,0,0,0,0,0,1,1,1,1
49827,2401,2197,450,469,2023,0.0,0,396.5,0.0,0,0,0,1,0,0,0,0,0,0,0,1,1,1,1
49837,2403,2196,449,467,2022,0.0,0,396.7,0.0,0,0,0,1,0,0,0,0,0,0,0,1,1,1,1
49847,2402,2194,450,469,2022,0.0,0,396.7,0.0,0,0,0,1,0,0,0,0,0,0,0,1,1,1,1
49857,2403,2196,450,467,2022,0.0,0,397.1,0.0,0,0,0,1,0,0,0,0,0,0,0,1,1,1,1
49867,2401,2197,450,469,2021,0.0,0,397.2,0.0,0,0,0,1,0,0,0,0,0,0,0,1,1,1,1
49877,2407,2196,450,468,2022,0.0,0,396.7,0.0,0,0,0,1,0,0,0,0,0,0,0,1,1,1,1
49887,2402,2196,449,469,2013,0.0,0,397.0,0.0,0,0,0,1,0,0,0,0,0,0,0,1,1,1,1
49897,2402,2197,450,470,2014,0.0,0,396.4,0.0,0,0,0,1,0,0,0,0,0,0,0,1,1,1,1
49907,2403,2196,450,469,2013,0.0,0,396.4,0.0,0,0,0,1,0,0,0,0,0,0,0,1,1,1,1
49917,2401,2197,451,469,2012,0.0,0,396.9,0.0,0,0,0,1,0,0,0,0,0,0,0,1,1,1,1
49927,2402,2196,450,471,2014,0.0,0,396.2,0.0,0,0,0,1,0,0,0,0,0,0,0,1,1,1,1
49937,2401,2196,450,469,2013,0.0,0,396.9,0.0,0,0,0,1,0,0,0,0,0,0,0,1,1,1,1
49947,2402,2196,450,469,2013,0.0,0,397.3,0.0,0,0,0,1,0,0,0,0,0,0,0,1,1,1,1
49957,2401,2196,450,468,2013,0.0,0,397.3,0.0,0,0,0,1,0,0,0,0,0,0,0,1,1,1,1
49967,2403,2196,450,468,2012,0.0,0,397.3,0.0,0,0,0,1,0,0,0,0,0,0,0,1,1,1,1
49977,2401,2197,450,469,2013,0.0,0,396.8,0.0,0,0,0,1,0,0,0,0,0,0,0,1,1,1,1
49987,2401,2197,449,469,2012,0.0,0,397.1,0.0,0,0,0,1,0,0,0,0,0,0,0,1,1,1,1
49997,2401,2197,449,469,2011,0.0,0,397.4,0.0,0,0,0,1,0,0,0,0,0,0,0,1,1,1,1
50007,2402,2197,450,470,2013,0.0,0,396.9,0.0,0,0,0,1,0,0,0,0,0,0,0,1,1,1,1
50017,2402,2196,448,469,2022,0.0,0,396.7,0.0,0,0,0,1,0,0,0,0,0,0,0,1,1,1,1
50027,2402,2197,449,469,2022,0.0,0,396.7,0.0,0,0,0,1,0,0,0,0,0,0,0,1,1,1,1
50037,2402,2196,450,469,2022,0.0,0,397.1,0.0,0,0,0,1,0,0,0,0,0,0,0,1,1,1,1
50047,2402,2197,450,470,2022,0.0,0,397.0,0.0,0,0,0,1,0,0,0,0,0,0,0,1,1,1,1
50057,2403,2196,450,468,2022,0.0,0,397.1,0.0,0,0,0,1,0,0,0,0,0,0,0,1,1,1,1
50067,2402,2196,453,469,2022,0.0,0,396.9,0.0,0,0,0,1,0,0,0,0,0,0,0,1,1,1,1
50077,2403,2197,449,469,2022,0.0,0,397.0,0.0,0,0,0,1,0,0,0,0,0,0,0,1,1,1,1
50087,2405,2197,450,468,2019,0.0,0,396.8,0.0,0,0,0,1,0,0,0,0,0,0,0,1,1,1,1
50098,2403,2197,448,469,2022,0.0,0,397.4,0.0,0,0,0,1,0,0,0,0,0,0,0,1,1,1,1
50108,2402,2196,450,468,2022,0.0,0,397.4,0.0,0,0,0,1,0,0,0,0,0,0,0,1,1,1,1
50118,2401,2197,450,470,2022,0.0,0,396.5,0.0,0,0,0,1,0,0,0,0,0,0,0,1,1,1,1
50128,2401,2197,450,467,2021,0.0,0,396.5,0.0,0,0,0,1,0,0,0,0,0,0,0,1,1,1,1
50138,2402,2196,450,469,2022,0.0,0,396.7,0.0,0,0,0,1,0,0,0,0,0,0,0,1,1,1,1
50148,2403,2196,450,470,2022,0.0,0,397.4,0.0,0,0,0,1,0,0,0,0,0,0,0,1,1,1,1
50158,2404,2197,449,467,2022,0.0,0,396.3,0.0,0,0,0,1,0,0,0,0,0,0,0,1,1,1,1
50168,2401,2196,451,468,2021,0.0,0,396.3,0.0,0,0,0,1,0,0,0,0,0,0,0,1,1,1,1
50178,2402,2197,450,467,2022,0.0,0,396.9,0.0,0,0,0,1,0,0,0,0,0,0,0,1,1,1,1
50188,2402,2197,450,469,2013,0.0,0,396.5,0.0,0,0,0,1,0,0,0,0,0,0,0,1,1,1,1
50198,2402,2196,450,468,2013,0.0,0,396.7,0.0,0,0,0,1,0,0,0,0,0,0,0,1,1,1,1
50208,2402,2196,450,470,2012,0.0,0,396.2,0.0,0,0,0,1,0,0,0,0,0,0,0,1,1,1,1
50218,2403,2197,450,470,2013,0.0,0,397.2,0.0,0,0,0,1,0,0,0,0,0,0,0,1,1,1,1
50228,2401,2196,449,469,2013,0.0,0,397.2,0.0,0,0,0,1,0,0,0,0,0,0,0,1,1,1,1
50238,2402,2197,449,469,2013,0.0,0,397.3,0.0,0,0,0,1,0,0,0,0,0,0,0,1,1,1,1
50248,2403,2195,452,469,2012,0.0,0,397.2,0.0,0,0,0,1,0,0,0,0,0,0,0,1,1,1,1
50258,2402,2196,450,470,2013,0.0,0,397.0,0.0,0,0,0,1,0,0,0,0,0,0,0,1,1,1,1
50268,2402,2197,450,470,2012,0.0,0,396.7,0.0,0,0,0,1,0,0,0,0,0,0,0,1,1,1,1
50278,2401,2196,450,468,2013,0.0,0,396.7,0.0,0,0,0,1,0,0,0,0,0,0,0,1,1,1,1
50288,2402,2196,449,469,2013,0.0,0,397.1,0.0,0,0,0,1,0,0,0,0,0,0,0,1,1,1,1
50298,2401,2197,451,469,2012,0.0,0,397.1,0.0,0,0,0,1,0,0,0,0,0,0,0,1,1,1,1
50308,2401,2197,450,469,2013,0.0,0,396.8,0.0,0,0,0,1,0,0,0,0,0,0,0,1,1,1,1
50318,2402,2196,451,469,2021,0.0,0,396.9,0.0,0,0,0,1,0,0,0,0,0,0,0,1,1,1,1
50328,2401,2196,450,468,2022,0.0,0,396.7,0.0,0,0,0,1,0,0,0,0,0,0,0,1,1,1,1
50339,2402,2196,448,467,2021,0.0,0,396.5,0.0,0,0,0,1,0,0,0,0,0,0,0,1,1,1,1
50349,2400,2196,449,470,2022,0.0,0,396.8,0.0,0,0,0,1,0,0,0,0,0,0,0,1,1,1,1
50359,2401,2196,450,468,2022,0.0,0,396.8,0.0,0,0,0,1,0,0,0,0,0,0,0,1,1,1,1
50369,2402,2196,451,469,2019,0.0,0,396.8,0.0,0,0,0,1,0,0,0,0,0,0,0,1,1,1,1
50379,2403,2196,450,468,2022,0.0,0,396.4,0.0,0,0,0,1,0,0,0,0,0,0,0,1,1,1,1
50389,2400,2196,449,469,2022,0.0,0,396.1,0.0,0,0,0,1,0,0,0,0,0,0,0,1,1,1,1
50399,2402,2197,448,471,2021,0.0,0,397.1,0.0,0,0,0,1,0,0,0,0,0,0,0,1,1,1,1
50409,2401,2197,450,468,2022,0.0,0,397.1,0.0,0,0,0,1,0,0,0,0,0,0,0,1,1,1,1
50419,2402,2196,450,470,2021,0.0,0,397.4,0.0,0,0,0,1,0,0,0,0,0,0,0,1,1,1,1
50429,2401,2197,446,469,2022,0.0,0,397.4,0.0,0,0,0,1,0,0,0,0,0,0,0,1,1,1,1
50439,2399,2196,450,471,2021,0.0,0,396.5,0.0,0,0,0,1,0,0,0,0,0,0,0,1,1,1,1
50449,2401,2197,450,470,2022,0.0,0,396.2,0.0,0,0,0,1,0,0,0,0,0,0,0,1,1,1,1
50460,2402,2195,450,469,2022,0.0,0,397.0,0.0,0,0,0,1,0,0,0,0,0,0,0,1,1,1,1
50470,2401,2197,447,469,2022,0.0,0,397.0,0.0,0,0,0,1,0,0,0,0,0,0,0,1,1,1,1
50480,2402,2196,448,470,2022,0.0,0,396.9,0.0,0,0,0,1,0,0,0,0,0,0,0,1,1,1,1
50490,2402,2196,450,469,2013,0.0,0,396.9,0.0,0,0,0,1,0,0,0,0,0,0,0,1,1,1,1
50500,2404,2196,449,469,2012,0.0,0,396.9,0.0,0,0,0,1,0,0,0,0,0,0,0,1,1,1,1
50510,2401,2197,450,469,2012,0.0,0,397.1,0.0,0,0,0,1,0,0,0,0,0,0,0,1,1,1,1
50520,2401,2196,450,469,2012,0.0,0,397.1,0.0,0,0,0,1,0,0,0,0,0,0,0,1,1,1,1
50530,2401,2196,451,470,2013,0.0,0,396.7,0.0,0,0,0,1,0,0,0,0,0,0,0,1,1,1,1
50540,2401,2196,450,470,2012,0.0,0,396.5,0.0,0,0,0,1,0,0,0,0,0,0,0,1,1,1,1
50550,2402,2197,451,468,2013,0.0,0,397.2,0.0,0,0,0,1,0,0,0,0,0,0,0,1,1,1,1
50560,2401,2195,450,470,2013,0.0,0,397.2,0.0,0,0,0,1,0,0,0,0,0,0,0,1,1,1,1
50570,2402,2197,449,470,2016,0.0,0,396.5,0.0,0,0,0,1,0,0,0,0,0,0,0,1,1,1,1
50580,2401,2197,449,468,2015,0.0,0,396.7,0.0,0,0,0,1,0,0,0,0,0,0,0,1,1,1,1
50590,2402,2196,450,470,2013,0.0,0,396.8,0.0,0,0,0,1,0,0,0,0,0,0,0,1,1,1,1
50600,2402,2197,449,468,2012,0.0,0,396.9,0.0,0,0,0,1,0,0,0,0,0,0,0,1,1,1,1
50611,2403,2197,449,471,2013,0.0,0,397.4,0.0,0,0,0,1,0,0,0,0,0,0,0,1,1,1,1
50621,2402,2196,450,469,2022,0.0,0,397.4,0.0,0,0,0,1,0,0,0,0,0,0,0,1,1,1,1
50631,2402,2197,448,470,2022,0.0,0,397.4,0.0,0,0,0,1,0,0,0,0,0,0,0,1,1,1,1
50641,2401,2197,450,469,2022,0.0,0,397.4,0.0,0,0,0,1,0,0,0,0,0,0,0,1,1,1,1
50651,2402,2196,451,468,2022,0.0,0,396.5,0.0,0,0,0,1,0,0,0,0,0,0,0,1,1,1,1
50661,2400,2197,452,469,2022,0.0,0,396.9,0.0,0,0,0,1,0,0,0,0,0,0,0,1,1,1,1
50671,2401,2197,447,470,2022,0.0,0,396.7,0.0,0,0,0,1,0,0,0,0,0,0,0,1,1,1,1
50681,2402,2196,450,469,2022,0.0,0,396.7,0.0,0,0,0,1,0,0,0,0,0,0,0,1,1,1,1
50691,2401,2197,450,469,2023,0.0,0,397.4,0.0,0,0,0,1,0,0,0,0,0,0,0,1,1,1,1
50701,2401,2197,451,469,2022,0.0,0,396.7,0.0,0,0,0,1,0,0,0,0,0,0,0,1,1,1,1
50711,2401,2197,449,467,2022,0.0,0,396.7,0.0,0,0,0,1,0,0,0,0,0,0,0,1,1,1,1
50721,2401,2197,450,467,2024,0.0,0,397.0,0.0,0,0,0,1,0,0,0,0,0,0,0,1,1,1,1
50731,2403,2196,450,468,2021,0.0,0,396.8,0.0,0,0,0,1,0,0,0,0,0,0,0,1,1,1,1
50741,2401,2193,449,470,2022,0.0,0,396.8,0.0,0,0,0,1,0,0,0,0,0,0,0,1,1,1,1
50751,2401,2197,450,469,2022,0.0,0,396.9,0.0,0,0,0,1,0,0,0,0,0,0,0,1,1,1,1
50761,2401,2197,449,470,2022,0.0,0,396.9,0.0,0,0,0,1,0,0,0,0,0,0,0,1,1,1,1
50771,2401,2194,450,470,2019,0.0,0,396.3,0.0,0,0,0,1,0,0,0,0,0,0,0,1,1,1,1
50781,2401,2198,451,469,2022,0.0,0,396.9,0.0,0,0,0,1,0,0,0,0,0,0,0,1,1,1,1
50791,2403,2196,449,469,2012,0.0,0,397.0,0.0,0,0,0,1,0,0,0,0,0,0,0,1,1,1,1
50801,2401,2196,449,469,2013,0.0,0,397.0,0.0,0,0,0,1,0,0,0,0,0,0,0,1,1,1,1
50811,2402,2196,449,469,2014,0.0,0,396.9,0.0,0,0,0,1,0,0,0,0,0,0,0,1,1,1,1
50821,2401,2197,449,470,2014,0.0,0,397.5,0.0,0,0,0,1,0,0,0,0,0,0,0,1,1,1,1
50831,2399,2197,449,469,2013,0.0,0,396.3,0.0,0,0,0,1,0,0,0,0,0,0,0,1,1,1,1
50841,2400,2196,451,471,2011,0.0,0,397.4,0.0,0,0,0,1,0,0,0,0,0,0,0,1,1,1,1
50851,2402,2197,449,468,2012,0.0,0,397.1,0.0,0,0,0,1,0,0,0,0,0,0,0,1,1,1,1
50861,2404,2197,449,471,2015,0.0,0,397.1,0.0,0,0,0,1,0,0,0,0,0,0,0,1,1,1,1
50871,2400,2197,448,470,2013,0.0,0,396.5,0.0,0,0,0,1,0,0,0,0,0,0,0,1,1,1,1
50881,2401,2197,449,471,2014,0.0,0,397.0,0.0,0,0,0,1,0,0,0,0,0,0,0,1,1,1,1
50891,2401,2197,450,471,2013,0.0,0,396.5,0.0,0,0,0,1,0,0,0,0,0,0,0,1,1,1,1
50901,2402,2196,452,468,2014,0.0,0,396.7,0.0,0,0,0,1,0,0,0,0,0,0,0,1,1,1,1
50911,2401,2197,449,472,2012,0.0,0,396.2,0.0,0,0,0,1,0,0,0,0,0,0,0,1,1,1,1
50921,2402,2196,448,469,2021,0.0,0,396.2,0.0,0,0,0,1,0,0,0,0,0,0,0,1,1,1,1
50931,2402,2196,452,470,2022,0.0,0,396.5,0.0,0,0,0,1,0,0,0,0,0,0,0,1,1,1,1
50941,2402,2196,450,468,2021,0.0,0,396.7,0.0,0,0,0,1,0,0,0,0,0,0,0,1,1,1,1
50951,2401,2196,450,470,2022,0.0,0,396.4,0.0,0,0,0,1,0,0,0,0,0,0,0,1,1,1,1
50961,2402,2197,451,468,2022,0.0,0,396.5,0.0,0,0,0,1,0,0,0,0,0,0,0,1,1,1,1
50971,2404,2194,450,466,2022,0.0,0,396.8,0.0,0,0,0,1,0,0,0,0,0,0,0,1,1,1,1
50981,2402,2195,451,470,2021,0.0,0,396.8,0.0,0,0,0,1,0,0,0,0,0,0,0,1,1,1,1
50991,2401,2197,450,470,2022,0.0,0,396.5,0.0,0,0,0,1,0,0,0,0,0,0,0,1,1,1,1
51001,2401,2197,450,469,2020,0.0,0,396.9,0.0,0,0,0,1,0,0,0,0,0,0,0,1,1,1,1
51011,2401,2197,450,471,2021,0.0,0,396.5,0.0,0,0,0,1,0,0,0,0,0,0,0,1,1,1,1
51021,2401,2196,450,469,2021,0.0,0,396.2,0.0,0,0,0,1,0,0,0,0,0,0,0,1,1,1,1
51031,2402,2196,450,468,2021,0.0,0,396.4,0.0,0,0,0,1,0,0,0,0,0,0,0,1,1,1,1
51041,2402,2196,451,469,2021,0.0,0,396.4,0.0,0,0,0,1,0,0,0,0,0,0,0,1,1,1,1
51051,2401,2196,446,469,2022,0.0,0,397.3,0.0,0,0,0,1,0,0,0,0,0,0,0,1,1,1,1
51061,2401,2200,451,469,2022,0.0,0,396.7,0.0,0,0,0,1,0,0,0,0,0,0,0,1,1,1,1
51072,2402,2196,449,469,2021,0.0,0,397.2,0.0,0,0,0,1,0,0,0,0,0,0,0,1,1,1,1
51082,2401,2196,450,468,2021,0.0,0,396.9,0.0,0,0,0,1,0,0,0,0,0,0,0,1,1,1,1
51092,2401,2197,449,469,2013,0.0,0,396.9,0.0,0,0,0,1,0,0,0,0,0,0,0,1,1,1,1
51103,2402,2197,448,469,2012,0.0,0,396.4,0.0,0,0,0,1,0,0,0,0,0,0,0,1,1,1,1
51115,2403,2196,450,469,2012,0.0,0,396.4,0.0,0,0,0,1,0,0,0,0,0,0,0,1,1,1,1
51125,2400,2196,450,470,2013,0.0,0,396.4,0.0,0,0,0,1,0,0,0,0,0,0,0,1,1,1,1
51135,2402,2197,451,469,2013,0.0,0,396.8,0.0,0,0,0,1,0,0,0,0,0,0,0,1,1,1,1
51145,2401,2193,449,470,2015,0.0,0,397.3,0.0,0,0,0,1,0,0,0,0,0,0,0,1,1,1,1
51155,2403,2196,449,469,2012,0.0,0,397.4,0.0,0,0,0,1,0,0,0,0,0,0,0,1,1,1,1
51165,2401,2197,451,471,2013,0.0,0,397.0,0.0,0,0,0,1,0,0,0,0,0,0,0,1,1,1,1
51175,2402,2197,451,470,2012,0.0,0,397.0,0.0,0,0,0,1,0,0,0,0,0,0,0,1,1,1,1
51185,2401,2197,451,469,2015,0.0,0,397.0,0.0,0,0,0,1,0,0,0,0,0,0,0,1,1,1,1
51195,2401,2197,450,468,2013,0.0,0,396.7,0.0,0,0,0,1,0,0,0,0,0,0,0,1,1,1,1
51205,2405,2196,449,469,2013,0.0,0,396.9,0.0,0,0,0,1,0,0,0,0,0,0,0,1,1,1,1
51215,2402,2197,450,469,2013,0.0,0,397.3,0.0,0,0,0,1,0,0,0,0,0,0,0,1,1,1,1
51225,2400,2197,449,470,2022,0.0,0,396.7,0.0,0,0,0,1,0,0,0,0,0,0,0,1,1,1,1
51235,2403,2199,450,469,2022,0.0,0,396.7,0.0,0,0,0,1,0,0,0,0,0,0,0,1,1,1,1
51245,2400,2199,451,468,2020,0.0,0,396.7,0.0,0,0,0,1,0,0,0,0,0,0,0,1,1,1,1
51255,2400,2197,450,469,2021,0.0,0,396.3,0.0,0,0,0,1,0,0,0,0,0,0,0,1,1,1,1
51265,2401,2196,447,469,2022,0.0,0,397.0,0.0,0,0,0,1,0,0,0,0,0,0,0,1,1,1,1
51275,2401,2198,451,470,2023,0.0,0,396.5,0.0,0,0,0,1,0,0,0,0,0,0,0,1,1,1,1
51285,2401,2196,451,468,2021,0.0,0,396.5,0.0,0,0,0,1,0,0,0,0,0,0,0,1,1,1,1
51295,2401,2196,450,466,2021,0.0,0,396.3,0.0,0,0,0,1,0,0,0,0,0,0,0,1,1,1,1
51305,2397,2197,450,469,2023,0.0,0,396.3,0.0,0,0,0,1,0,0,0,0,0,0,0,1,1,1,1
51315,2401,2196,450,469,2022,0.0,0,396.9,0.0,0,0,0,1,0,0,0,0,0,0,0,1,1,1,1
51325,2402,2197,451,468,2024,0.0,0,396.3,0.0,0,0,0,1,0,0,0,0,0,0,0,1,1,1,1
51335,2401,2196,447,469,2022,0.0,0,396.8,0.0,0,0,0,1,0,0,0,0,0,0,0,1,1,1,1
51345,2402,2196,447,471,2021,0.0,0,396.7,0.0,0,0,0,1,0,0,0,0,0,0,0,1,1,1,1
51355,2402,2196,451,468,2022,0.0,0,396.7,0.0,0,0,0,1,0,0,0,0,0,0,0,1,1,1,1
51365,2401,2195,450,469,2022,0.0,0,396.7,0.0,0,0,0,1,0,0,0,0,0,0,0,1,1,1,1
51375,2401,2196,449,469,2021,0.0,0,396.5,0.0,0,0,0,1,0,0,0,0,0,0,0,1,1,1,1
51385,2401,2196,450,470,2022,0.0,0,396.5,0.0,0,0,0,1,0,0,0,0,0,0,0,1,1,1,1
51395,2401,2197,451,471,2013,0.0,0,396.4,0.0,0,0,0,1,0,0,0,0,0,0,0,1,1,1,1
51405,2401,2196,449,469,2013,0.0,0,397.2,0.0,0,0,0,1,0,0,0,0,0,0,0,1,1,1,1
51415,2402,2197,449,470,2013,0.0,0,396.7,0.0,0,0,0,1,0,0,0,0,0,0,0,1,1,1,1
51425,2403,2195,448,469,2013,0.0,0,396.7,0.0,0,0,0,1,0,0,0,0,0,0,0,1,1,1,1
51436,2402,2196,451,470,2013,0.0,0,396.8,0.0,0,0,0,1,0,0,0,0,0,0,0,1,1,1,1
51446,2400,2197,450,472,2013,0.0,0,396.2,0.0,0,0,0,1,0,0,0,0,0,0,0,1,1,1,1
51456,2401,2197,447,469,2012,0.0,0,396.4,0.0,0,0,0,1,0,0,0,0,0,0,0,1,1,1,1
51466,2401,2196,451,469,2013,0.0,0,396.8,0.0,0,0,0,1,0,0,0,0,0,0,0,1,1,1,1
51477,2401,2197,448,468,2013,0.0,0,396.5,0.0,0,0,0,1,0,0,0,0,0,0,0,1,1,1,1
51487,2402,2196,449,469,2013,0.0,0,396.9,0.0,0,0,0,1,0,0,0,0,0,0,0,1,1,1,1
51497,2402,2198,449,469,2013,0.0,0,396.9,0.0,0,0,0,1,0,0,0,0,0,0,0,1,1,1,1
51507,2401,2196,452,468,2013,0.0,0,397.0,0.0,0,0,0,1,0,0,0,0,0,0,0,1,1,1,1
51517,2402,2196,450,467,2012,0.0,0,396.9,0.0,0,0,0,1,0,0,0,0,0,0,0,1,1,1,1
51527,2401,2196,449,470,2023,0.0,0,396.9,0.0,0,0,0,1,0,0,0,0,0,0,0,1,1,1,1
51538,2402,2196,452,468,2021,0.0,0,397.1,0.0,0,0,0,1,0,0,0,0,0,0,0,1,1,1,1
51548,2403,2196,450,469,2022,0.0,0,396.8,0.0,0,0,0,1,0,0,0,0,0,0,0,1,1,1,1
51559,2403,2197,450,469,2022,0.0,0,397.1,0.0,0,0,0,1,0,0,0,0,0,0,0,1,1,1,1
51569,2402,2197,451,469,2022,0.0,0,397.1,0.0,0,0,0,1,0,0,0,0,0,0,0,1,1,1,1
51579,2401,2196,450,468,2022,0.0,0,397.2,0.0,0,0,0,1,0,0,0,0,0,0,0,1,1,1,1
51589,2402,2196,450,469,2022,0.0,0,396.5,0.0,0,0,0,1,0,0,0,0,0,0,0,1,1,1,1
51599,2402,2194,450,470,2021,0.0,0,396.5,0.0,0,0,0,1,0,0,0,0,0,0,0,1,1,1,1
51609,2401,2197,450,469,2021,0.0,0,396.9,0.0,0,0,0,1,0,0,0,0,0,0,0,1,1,1,1
51619,2402,2197,449,468,2022,0.0,0,397.0,0.0,0,0,0,1,0,0,0,0,0,0,0,1,1,1,1
51629,2401,2196,449,469,2021,0.0,0,397.0,0.0,0,0,0,1,0,0,0,0,0,0,0,1,1,1,1
51639,2401,2196,450,469,2022,0.0,0,396.5,0.0,0,0,0,1,0,0,0,0,0,0,0,1,1,1,1
51649,2402,2196,450,470,2022,0.0,0,396.7,0.0,0,0,0,1,0,0,0,0,0,0,0,1,1,1,1
51659,2403,2196,449,470,2022,0.0,0,396.5,0.0,0,0,0,1,0,0,0,0,0,0,0,1,1,1,1
51669,2401,2198,449,469,2022,0.0,0,396.4,0.0,0,0,0,1,0,0,0,0,0,0,0,1,1,1,1
51679,2401,2196,449,467,2022,0.0,0,397.4,0.0,0,0,0,1,0,0,0,0,0,0,0,1,1,1,1
51689,2403,2197,449,469,2022,0.0,0,397.4,0.0,0,0,0,1,0,0,0,0,0,0,0,1,1,1,1
51699,2401,2197,448,470,2012,0.0,0,397.1,0.0,0,0,0,1,0,0,0,0,0,0,0,1,1,1,1
51709,2403,2196,451,470,2012,0.0,0,396.4,0.0,0,0,0,1,0,0,0,0,0,0,0,1,1,1,1
51719,2402,2196,452,470,2012,0.0,0,396.4,0.0,0,0,0,1,0,0,0,0,0,0,0,1,1,1,1
51729,2403,2196,450,469,2013,0.0,0,396.7,0.0,0,0,0,1,0,0,0,0,0,0,0,1,1,1,1
51739,2402,2197,449,468,2014,0.0,0,396.4,0.0,0,0,0,1,0,0,0,0,0,0,0,1,1,1,1
51749,2400,2196,450,469,2013,0.0,0,396.4,0.0,0,0,0,1,0,0,0,0,0,0,0,1,1,1,1
51759,2401,2196,450,469,2012,0.0,0,396.2,0.0,0,0,0,1,0,0,0,0,0,0,0,1,1,1,1
51769,2401,2196,450,471,2012,0.0,0,397.1,0.0,0,0,0,1,0,0,0,0,0,0,0,1,1,1,1
51779,2402,2196,450,471,2015,0.0,0,396.8,0.0,0,0,0,1,0,0,0,0,0,0,0,1,1,1,1
51789,2404,2196,450,468,2012,0.0,0,396.7,0.0,0,0,0,1,0,0,0,0,0,0,0,1,1,1,1
51799,2401,2196,449,469,2012,0.0,0,396.5,0.0,0,0,0,1,0,0,0,0,0,0,0,1,1,1,1
51809,2403,2197,450,468,2013,0.0,0,396.5,0.0,0,0,0,1,0,0,0,0,0,0,0,1,1,1,1
51819,2402,2196,449,469,2013,0.0,0,397.1,0.0,0,0,0,1,0,0,0,0,0,0,0,1,1,1,1
51829,2401,2197,451,469,2022,0.0,0,397.1,0.0,0,0,0,1,0,0,0,0,0,0,0,1,1,1,1
51839,2403,2196,447,469,2021,0.0,0,397.2,0.0,0,0,0,1,0,0,0,0,0,0,0,1,1,1,1
51849,2402,2197,451,469,2022,0.0,0,396.4,0.0,0,0,0,1,0,0,0,0,0,0,0,1,1,1,1
51859,2406,2196,448,469,2024,0.0,0,396.9,0.0,0,0,0,1,0,0,0,0,0,0,0,1,1,1,1
51869,2401,2196,450,470,2022,0.0,0,396.9,0.0,0,0,0,1,0,0,0,0,0,0,0,1,1,1,1
51879,2401,2197,448,470,2022,0.0,0,396.4,0.0,0,0,0,1,0,0,0,0,0,0,0,1,1,1,1
51889,2402,2198,449,468,2022,0.0,0,396.0,0.0,0,0,0,1,0,0,0,0,0,0,0,1,1,1,1
51899,2400,2197,453,469,2022,0.0,0,396.9,0.0,0,0,0,1,0,0,0,0,0,0,0,1,1,1,1
51909,2400,2197,449,469,2022,0.0,0,397.2,0.0,0,0,0,1,0,0,0,0,0,0,0,1,1,1,1
51919,2402,2196,449,468,2022,0.0,0,396.7,0.0,0,0,0,1,0,0,0,0,0,0,0,1,1,1,1
51929,2402,2197,450,470,2022,0.0,0,396.7,0.0,0,0,0,1,0,0,0,0,0,0,0,1,1,1,1
51939,2403,2197,449,470,2022,0.0,0,396.4,0.0,0,0,0,1,0,0,0,0,0,0,0,1,1,1,1
51949,2401,2196,449,470,2022,0.0,0,396.4,0.0,0,0,0,1,0,0,0,0,0,0,0,1,1,1,1
51959,2402,2197,449,469,2022,0.0,0,396.8,0.0,0,0,0,1,0,0,0,0,0,0,0,1,1,1,1
51969,2401,2196,450,468,2022,0.0,0,397.5,0.0,0,0,0,1,0,0,0,0,0,0,0,1,1,1,1
51979,2403,2196,449,467,2022,0.0,0,396.7,0.0,0,0,0,1,0,0,0,0,0,0,0,1,1,1,1
51989,2401,2197,451,470,2022,0.0,0,396.7,0.0,0,0,0,1,0,0,0,0,0,0,0,1,1,1,1
51999,2402,2197,451,468,2013,0.0,0,397.0,0.0,0,0,0,1,0,0,0,0,0,0,0,1,1,1,1
52009,2401,2196,450,469,2012,0.0,0,397.5,0.0,0,0,0,1,0,0,0,0,0,0,0,1,1,1,1
52019,2400,2196,453,469,2014,0.0,0,397.5,0.0,0,0,0,1,0,0,0,0,0,0,0,1,1,1,1
52029,2401,2196,447,469,2013,0.0,0,397.6,0.0,0,0,0,1,0,0,0,0,0,0,0,1,1,1,1
52039,2402,2196,449,469,2013,0.0,0,396.5,0.0,0,0,0,1,0,0,0,0,0,0,0,1,1,1,1
52049,2403,2196,449,469,2013,0.0,0,396.5,0.0,0,0,0,1,0,0,0,0,0,0,0,1,1,1,1
52059,2402,2197,450,470,2012,0.0,0,396.8,0.0,0,0,0,1,0,0,0,0,0,0,0,1,1,1,1
52069,2401,2196,451,469,2013,0.0,0,396.5,0.0,0,0,0,1,0,0,0,0,0,0,0,1,1,1,1
52079,2403,2196,451,468,2012,0.0,0,397.0,0.0,0,0,0,1,0,0,0,0,0,0,0,1,1,1,1
52089,2401,2197,449,469,2012,0.0,0,396.5,0.0,0,0,0,1,0,0,0,0,0,0,0,1,1,1,1
52099,2403,2196,449,469,2013,0.0,0,397.2,0.0,0,0,0,1,0,0,0,0,0,0,0,1,1,1,1
52109,2403,2196,449,470,2013,0.0,0,397.2,0.0,0,0,0,1,0,0,0,0,0,0,0,1,1,1,1
52119,2401,2196,449,469,2012,0.0,0,396.5,0.0,0,0,0,1,0,0,0,0,0,0,0,1,1,1,1
52129,2401,2197,450,470,2022,0.0,0,397.3,0.0,0,0,0,1,0,0,0,0,0,0,0,1,1,1,1
52139,2402,2196,451,469,2022,0.0,0,396.9,0.0,0,0,0,1,0,0,0,0,0,0,0,1,1,1,1
52149,2401,2197,449,469,2022,0.0,0,396.7,0.0,0,0,0,1,0,0,0,0,0,0,0,1,1,1,1
52159,2402,2197,449,468,2022,0.0,0,396.9,0.0,0,0,0,1,0,0,0,0,0,0,0,1,1,1,1
52169,2402,2196,450,470,2022,0.0,0,396.9,0.0,0,0,0,1,0,0,0,0,0,0,0,1,1,1,1
52179,2402,2196,450,470,2022,0.0,0,396.9,0.0,0,0,0,1,0,0,0,0,0,0,0,1,1,1,1
52189,2404,2197,450,468,2022,0.0,0,396.9,0.0,0,0,0,1,0,0,0,0,0,0,0,1,1,1,1
52200,2403,2200,450,467,2022,0.0,0,397.4,0.0,0,0,0,1,0,0,0,0,0,0,0,1,1,1,1
52210,2403,2196,450,469,2022,0.0,0,396.9,0.0,0,0,0,1,0,0,0,0,0,0,0,1,1,1,1
52220,2402,2196,448,470,2021,0.0,0,396.5,0.0,0,0,0,1,0,0,0,0,0,0,0,1,1,1,1
52231,2405,2196,449,471,2022,0.0,0,396.9,0.0,0,0,0,1,0,0,0,0,0,0,0,1,1,1,1
52241,2401,2197,451,469,2022,0.0,0,396.9,0.0,0,0,0,1,0,0,0,0,0,0,0,1,1,1,1
52251,2402,2197,451,469,2022,0.0,0,396.3,0.0,0,0,0,1,0,0,0,0,0,0,0,1,1,1,1
52261,2401,2196,449,470,2026,0.0,0,396.8,0.0,0,0,0,1,0,0,0,0,0,0,0,1,1,1,1
52271,2402,2197,450,469,2022,0.0,0,396.7,0.0,0,0,0,1,0,0,0,0,0,0,0,1,1,1,1
52281,2399,2195,449,470,2021,0.0,0,397.0,0.0,0,0,0,1,0,0,0,0,0,0,0,1,1,1,1
52291,2402,2196,449,471,2022,0.0,0,397.0,0.0,0,0,0,1,0,0,0,0,0,0,0,1,1,1,1
52301,2401,2196,451,470,2013,0.0,0,397.0,0.0,0,0,0,1,0,0,0,0,0,0,0,1,1,1,1
52311,2402,2199,450,469,2014,0.0,0,396.8,0.0,0,0,0,1,0,0,0,0,0,0,0,1,1,1,1
52321,2402,2196,450,469,2013,0.0,0,397.3,0.0,0,0,0,1,0,0,0,0,0,0,0,1,1,1,1
52331,2401,2196,450,468,2013,0.0,0,396.7,0.0,0,0,0,1,0,0,0,0,0,0,0,1,1,1,1
52341,2400,2196,448,468,2014,0.0,0,396.5,0.0,0,0,0,1,0,0,0,0,0,0,0,1,1,1,1
52351,2403,2197,451,468,2012,0.0,0,396.9,0.0,0,0,0,1,0,0,0,0,0,0,0,1,1,1,1
52361,2401,2196,451,469,2014,0.0,0,396.9,0.0,0,0,0,1,0,0,0,0,0,0,0,1,1,1,1
52371,2401,2195,450,469,2013,0.0,0,397.2,0.0,0,0,0,1,0,0,0,0,0,0,0,1,1,1,1
52381,2401,2196,450,469,2012,0.0,0,396.9,0.0,0,0,0,1,0,0,0,0,0,0,0,1,1,1,1
52391,2401,2196,450,469,2014,0.0,0,397.2,0.0,0,0,0,1,0,0,0,0,0,0,0,1,1,1,1
52401,2404,2196,450,468,2012,0.0,0,396.9,0.0,0,0,0,1,0,0,0,0,0,0,0,1,1,1,1
52411,2402,2196,449,469,2013,0.0,0,396.9,0.0,0,0,0,1,0,0,0,0,0,0,0,1,1,1,1
52421,2401,2197,450,469,2013,0.0,0,396.9,0.0,0,0,0,1,0,0,0,0,0,0,0,1,1,1,1
52431,2401,2197,451,470,2021,0.0,0,396.8,0.0,0,0,0,1,0,0,0,0,0,0,0,1,1,1,1
52441,2401,2200,451,469,2022,0.0,0,396.9,0.0,0,0,0,1,0,0,0,0,0,0,0,1,1,1,1
52451,2401,2196,450,469,2023,0.0,0,397.0,0.0,0,0,0,1,0,0,0,0,0,0,0,1,1,1,1
52461,2401,2197,451,469,2021,0.0,0,397.4,0.0,0,0,0,1,0,0,0,0,0,0,0,1,1,1,1
52471,2402,2198,449,469,2021,0.0,0,396.8,0.0,0,0,0,1,0,0,0,0,0,0,0,1,1,1,1
52481,2399,2197,450,471,2022,0.0,0,396.8,0.0,0,0,0,1,0,0,0,0,0,0,0,1,1,1,1
52491,2402,2197,451,472,2023,0.0,0,397.2,0.0,0,0,0,1,0,0,0,0,0,0,0,1,1,1,1
52501,2401,2196,450,468,2021,0.0,0,396.4,0.0,0,0,0,1,0,0,0,0,0,0,0,1,1,1,1
52511,2402,2197,453,469,2023,0.0,0,397.4,0.0,0,0,0,1,0,0,0,0,0,0,0,1,1,1,1
52521,2401,2196,450,469,2023,0.0,0,396.7,0.0,0,0,0,1,0,0,0,0,0,0,0,1,1,1,1
52531,2402,2197,449,469,2023,0.0,0,396.7,0.0,0,0,0,1,0,0,0,0,0,0,0,1,1,1,1
52541,2401,2197,449,469,2022,0.0,0,396.7,0.0,0,0,0,1,0,0,0,0,0,0,0,1,1,1,1
52551,2402,2196,451,469,2022,0.0,0,397.2,0.0,0,0,0,1,0,0,0,0,0,0,0,1,1,1,1
52561,2403,2197,450,470,2023,0.0,0,396.9,0.0,0,0,0,1,0,0,0,0,0,0,0,1,1,1,1
52571,2401,2197,451,471,2022,0.0,0,396.8,0.0,0,0,0,1,0,0,0,0,0,0,0,1,1,1,1
52581,2401,2195,451,469,2024,0.0,0,397.3,0.0,0,0,0,1,0,0,0,0,0,0,0,1,1,1,1
52591,2403,2196,448,469,2022,0.0,0,396.4,0.0,0,0,0,1,0,0,0,0,0,0,0,1,1,1,1
52601,2401,2197,449,468,2015,0.0,0,396.4,0.0,0,0,0,1,0,0,0,0,0,0,0,1,1,1,1
52611,2402,2196,450,469,2014,0.0,0,397.2,0.0,0,0,0,1,0,0,0,0,0,0,0,1,1,1,1
52621,2401,2197,450,469,2013,0.0,0,397.4,0.0,0,0,0,1,0,0,0,0,0,0,0,1,1,1,1
52631,2404,2196,452,467,2014,0.0,0,397.7,0.0,0,0,0,1,0,0,0,0,0,0,0,1,1,1,1
52641,2401,2197,451,469,2013,0.0,0,396.8,0.0,0,0,0,1,0,0,0,0,0,0,0,1,1,1,1
52651,2402,2196,448,469,2014,0.0,0,397.3,0.0,0,0,0,1,0,0,0,0,0,0,0,1,1,1,1
52661,2402,2196,449,470,2012,0.0,0,397.3,0.0,0,0,0,1,0,0,0,0,0,0,0,1,1,1,1
52671,2401,2197,451,465,2013,0.0,0,396.4,0.0,0,0,0,1,0,0,0,0,0,0,0,1,1,1,1
52681,2399,2196,450,470,2013,0.0,0,397.3,0.0,0,0,0,1,0,0,0,0,0,0,0,1,1,1,1
52691,2403,2197,449,467,2015,0.0,0,396.4,0.0,0,0,0,1,0,0,0,0,0,0,0,1,1,1,1
52701,2401,2196,451,468,2013,0.0,0,396.8,0.0,0,0,0,1,0,0,0,0,0,0,0,1,1,1,1
52711,2402,2196,448,469,2013,0.0,0,396.5,0.0,0,0,0,1,0,0,0,0,0,0,0,1,1,1,1
52721,2402,2198,450,470,2013,0.0,0,396.5,0.0,0,0,0,1,0,0,0,0,0,0,0,1,1,1,1
52731,2402,2196,450,469,2022,0.0,0,396.7,0.0,0,0,0,1,0,0,0,0,0,0,0,1,1,1,1
52741,2401,2196,450,468,2023,0.0,0,397.0,0.0,0,0,0,1,0,0,0,0,0,0,0,1,1,1,1
52751,2401,2193,449,469,2021,0.0,0,397.4,0.0,0,0,0,1,0,0,0,0,0,0,0,1,1,1,1
52761,2404,2197,450,468,2023,0.0,0,396.2,0.0,0,0,0,1,0,0,0,0,0,0,0,1,1,1,1
52771,2403,2194,451,469,2022,0.0,0,396.5,0.0,0,0,0,1,0,0,0,0,0,0,0,1,1,1,1
52781,2402,2197,448,469,2022,0.0,0,396.5,0.0,0,0,0,1,0,0,0,0,0,0,0,1,1,1,1
52791,2401,2197,451,470,2023,0.0,0,396.3,0.0,0,0,0,1,0,0,0,0,0,0,0,1,1,1,1
52801,2402,2197,450,470,2022,0.0,0,396.9,0.0,0,0,0,1,0,0,0,0,0,0,0,1,1,1,1
52811,2401,2197,450,470,2022,0.0,0,396.2,0.0,0,0,0,1,0,0,0,0,0,0,0,1,1,1,1
52821,2401,2196,450,469,2022,0.0,0,397.1,0.0,0,0,0,1,0,0,0,0,0,0,0,1,1,1,1
52831,2401,2196,449,472,2022,0.0,0,397.1,0.0,0,0,0,1,0,0,0,0,0,0,0,1,1,1,1
52841,2400,2196,450,470,2022,0.0,0,397.1,0.0,0,0,0,1,0,0,0,0,0,0,0,1,1,1,1
52851,2401,2197,451,468,2020,0.0,0,396.3,0.0,0,0,0,1,0,0,0,0,0,0,0,1,1,1,1
52861,2401,2197,450,469,2023,0.0,0,397.3,0.0,0,0,0,1,0,0,0,0,0,0,0,1,1,1,1
52871,2401,2197,450,470,2023,0.0,0,397.3,0.0,0,0,0,1,0,0,0,0,0,0,0,1,1,1,1
52881,2402,2197,451,469,2022,0.0,0,397.0,0.0,0,0,0,1,0,0,0,0,0,0,0,1,1,1,1
52891,2404,2197,450,469,2021,0.0,0,397.3,0.0,0,0,0,1,0,0,0,0,0,0,0,1,1,1,1
52901,2402,2196,451,469,2013,0.0,0,397.3,0.0,0,0,0,1,0,0,0,0,0,0,0,1,1,1,1
52911,2402,2196,451,469,2014,0.0,0,397.4,0.0,0,0,0,1,0,0,0,0,0,0,0,1,1,1,1
52921,2400,2196,452,470,2013,0.0,0,396.8,0.0,0,0,0,1,0,0,0,0,0,0,0,1,1,1,1
52931,2403,2196,451,470,2013,0.0,0,396.9,0.0,0,0,0,1,0,0,0,0,0,0,0,1,1,1,1
52941,2401,2196,450,469,2014,0.0,0,396.2,0.0,0,0,0,1,0,0,0,0,0,0,0,1,1,1,1
52951,2403,2198,450,469,2012,0.0,0,396.8,0.0,0,0,0,1,0,0,0,0,0,0,0,1,1,1,1
52961,2401,2196,449,469,2012,0.0,0,396.8,0.0,0,0,0,1,0,0,0,0,0,0,0,1,1,1,1
52971,2402,2197,449,469,2013,0.0,0,397.4,0.0,0,0,0,1,0,0,0,0,0,0,0,1,1,1,1
52981,2401,2196,445,468,2014,0.0,0,396.8,0.0,0,0,0,1,0,0,0,0,0,0,0,1,1,1,1
52991,2401,2197,449,468,2013,0.0,0,397.5,0.0,0,0,0,1,0,0,0,0,0,0,0,1,1,1,1
53001,2401,2196,452,470,2014,0.0,0,397.1,0.0,0,0,0,1,0,0,0,0,0,0,0,1,1,1,1
53011,2403,2196,450,469,2013,0.0,0,396.8,0.0,0,0,0,1,0,0,0,0,0,0,0,1,1,1,1
53021,2402,2198,451,470,2012,0.0,0,396.8,0.0,0,0,0,1,0,0,0,0,0,0,0,1,1,1,1
53031,2402,2197,449,469,2018,0.0,0,396.5,0.0,0,0,0,1,0,0,0,0,0,0,0,1,1,1,1
53041,2401,2196,450,467,2024,0.0,0,397.1,0.0,0,0,0,1,0,0,0,0,0,0,0,1,1,1,1
53051,2401,2194,448,470,2022,0.0,0,396.5,0.0,0,0,0,1,0,0,0,0,0,0,0,1,1,1,1
53061,2398,2196,451,467,2022,0.0,0,396.7,0.0,0,0,0,1,0,0,0,0,0,0,0,1,1,1,1
53071,2403,2197,449,468,2021,0.0,0,396.5,0.0,0,0,0,1,0,0,0,0,0,0,0,1,1,1,1
53081,2402,2197,450,467,2022,0.0,0,396.5,0.0,0,0,0,1,0,0,0,0,0,0,0,1,1,1,1
53091,2402,2197,452,469,2022,0.0,0,397.2,0.0,0,0,0,1,0,0,0,0,0,0,0,1,1,1,1
53101,2400,2196,451,470,2025,0.0,0,397.2,0.0,0,0,0,1,0,0,0,0,0,0,0,1,1,1,1
53112,2402,2196,448,470,2022,0.0,0,396.5,0.0,0,0,0,1,0,0,0,0,0,0,0,1,1,1,1
53122,2401,2196,448,470,2021,0.0,0,396.5,0.0,0,0,0,1,0,0,0,0,0,0,0,1,1,1,1
53132,2401,2197,450,470,2022,0.0,0,396.4,0.0,0,0,0,1,0,0,0,0,0,0,0,1,1,1,1
53142,2401,2196,448,469,2022,0.0,0,396.4,0.0,0,0,0,1,0,0,0,0,0,0,0,1,1,1,1
53152,2402,2196,450,470,2021,0.0,0,396.1,0.0,0,0,0,1,0,0,0,0,0,0,0,1,1,1,1
53162,2401,2197,449,469,2018,0.0,0,397.6,0.0,0,0,0,1,0,0,0,0,0,0,0,1,1,1,1
53172,2401,2197,450,469,2022,0.0,0,396.9,0.0,0,0,0,1,0,0,0,0,0,0,0,1,1,1,1
53182,2402,2197,450,468,2022,0.0,0,397.7,0.0,0,0,0,1,0,0,0,0,0,0,0,1,1,1,1
53192,2401,2197,450,470,2022,0.0,0,396.7,0.0,0,0,0,1,0,0,0,0,0,0,0,1,1,1,1
53202,2402,2197,450,469,2013,0.0,0,396.7,0.0,0,0,0,1,0,0,0,0,0,0,0,1,1,1,1
53212,2401,2197,449,469,2013,0.0,0,396.9,0.0,0,0,0,1,0,0,0,0,0,0,0,1,1,1,1
53222,2401,2196,453,469,2013,0.0,0,396.5,0.0,0,0,0,1,0,0,0,0,0,0,0,1,1,1,1
53232,2402,2196,450,470,2013,0.0,0,397.4,0.0,0,0,0,1,0,0,0,0,0,0,0,1,1,1,1
53242,2402,2198,450,470,2015,0.0,0,396.5,0.0,0,0,0,1,0,0,0,0,0,0,0,1,1,1,1
53252,2402,2196,449,469,2013,0.0,0,396.7,0.0,0,0,0,1,0,0,0,0,0,0,0,1,1,1,1
53263,2402,2196,450,469,2012,0.0,0,396.4,0.0,0,0,0,1,0,0,0,0,0,0,0,1,1,1,1
53275,2403,2197,448,469,2013,0.0,0,396.4,0.0,0,0,0,1,0,0,0,0,0,0,0,1,1,1,1
53285,2400,2196,452,469,2012,0.0,0,396.4,0.0,0,0,0,1,0,0,0,0,0,0,0,1,1,1,1
53295,2402,2196,450,469,2012,0.0,0,397.0,0.0,0,0,0,1,0,0,0,0,0,0,0,1,1,1,1
53305,2401,2197,446,469,2013,0.0,0,397.3,0.0,0,0,0,1,0,0,0,0,0,0,0,1,1,1,1
53316,2401,2195,449,473,2013,0.0,0,397.2,0.0,0,0,0,1,0,0,0,0,0,0,0,1,1,1,1
53326,2400,2196,449,470,2012,0.0,0,396.4,0.0,0,0,0,1,0,0,0,0,0,0,0,1,1,1,1
53336,2399,2196,450,470,2022,0.0,0,396.8,0.0,0,0,0,1,0,0,0,0,0,0,0,1,1,1,1
53346,2402,2196,449,468,2022,0.0,0,396.5,0.0,0,0,0,1,0,0,0,0,0,0,0,1,1,1,1
53356,2401,2196,450,470,2021,0.0,0,396.5,0.0,0,0,0,1,0,0,0,0,0,0,0,1,1,1,1
53366,2400,2196,450,469,2021,0.0,0,397.1,0.0,0,0,0,1,0,0,0,0,0,0,0,1,1,1,1
53376,2403,2196,450,471,2022,0.0,0,397.1,0.0,0,0,0,1,0,0,0,0,0,0,0,1,1,1,1
53386,2400,2195,448,469,2021,0.0,0,396.7,0.0,0,0,0,1,0,0,0,0,0,0,0,1,1,1,1
53398,2402,2198,450,469,2022,0.0,0,397.5,0.0,0,0,0,1,0,0,0,0,0,0,0,1,1,1,1
53408,2402,2197,451,469,2022,0.0,0,396.5,0.0,0,0,0,1,0,0,0,0,0,0,0,1,1,1,1
53418,2401,2197,450,473,2022,0.0,0,396.5,0.0,0,0,0,1,0,0,0,0,0,0,0,1,1,1,1
53428,2405,2196,450,469,2021,0.0,0,397.3,0.0,0,0,0,1,0,0,0,0,0,0,0,1,1,1,1
53438,2401,2197,450,470,2022,0.0,0,396.7,0.0,0,0,0,1,0,0,0,0,0,0,0,1,1,1,1
53448,2402,2196,446,469,2022,0.0,0,396.7,0.0,0,0,0,1,0,0,0,0,0,0,0,1,1,1,1
53458,2403,2197,450,468,2021,0.0,0,397.0,0.0,0,0,0,1,0,0,0,0,0,0,0,1,1,1,1
53468,2401,2197,449,470,2022,0.0,0,396.3,0.0,0,0,0,1,0,0,0,0,0,0,0,1,1,1,1
53479,2403,2196,449,469,2022,0.0,0,396.4,0.0,0,0,0,1,0,0,0,0,0,0,0,1,1,1,1
53489,2402,2196,451,469,2022,0.0,0,396.4,0.0,0,0,0,1,0,0,0,0,0,0,0,1,1,1,1
53499,2401,2197,448,469,2022,0.0,0,397.0,0.0,0,0,0,1,0,0,0,0,0,0,0,1,1,1,1
53509,2409,2196,450,469,2012,0.0,0,396.5,0.0,0,0,0,1,0,0,0,0,0,0,0,1,1,1,1
53520,2402,2196,451,468,2012,0.0,0,397.4,0.0,0,0,0,1,0,0,0,0,0,0,0,1,1,1,1
53530,2401,2197,449,468,2013,0.0,0,396.5,0.0,0,0,0,1,0,0,0,0,0,0,0,1,1,1,1
53540,2401,2197,451,469,2013,0.0,0,396.7,0.0,0,0,0,1,0,0,0,0,0,0,0,1,1,1,1
53551,2402,2196,448,467,2013,0.0,0,396.3,0.0,0,0,0,1,0,0,0,0,0,0,0,1,1,1,1
53561,2402,2196,445,470,2013,0.0,0,396.3,0.0,0,0,0,1,0,0,0,0,0,0,0,1,1,1,1
53571,2401,2196,451,469,2010,0.0,0,396.9,0.0,0,0,0,1,0,0,0,0,0,0,0,1,1,1,1
53581,2401,2196,450,470,2014,0.0,0,397.1,0.0,0,0,0,1,0,0,0,0,0,0,0,1,1,1,1
53591,2401,2197,453,468,2015,0.0,0,396.7,0.0,0,0,0,1,0,0,0,0,0,0,0,1,1,1,1
53601,2402,2196,451,469,2013,0.0,0,397.2,0.0,0,0,0,1,0,0,0,0,0,0,0,1,1,1,1
53611,2402,2195,450,468,2012,0.0,0,397.3,0.0,0,0,0,1,0,0,0,0,0,0,0,1,1,1,1
53621,2403,2194,449,468,2013,0.0,0,397.3,0.0,0,0,0,1,0,0,0,0,0,0,0,1,1,1,1
53631,2402,2196,450,469,2013,0.0,0,396.9,0.0,0,0,0,1,0,0,0,0,0,0,0,1,1,1,1
53641,2402,2196,450,471,2023,0.0,0,396.9,0.0,0,0,0,1,0,0,0,0,0,0,0,1,1,1,1
53651,2402,2196,450,470,2023,0.0,0,396.2,0.0,0,0,0,1,0,0,0,0,0,0,0,1,1,1,1
53661,2401,2198,450,468,2023,0.0,0,397.2,0.0,0,0,0,1,0,0,0,0,0,0,0,1,1,1,1
53671,2400,2197,450,469,2022,0.0,0,396.4,0.0,0,0,0,1,0,0,0,0,0,0,0,1,1,1,1
53681,2403,2196,450,468,2021,0.0,0,396.4,0.0,0,0,0,1,0,0,0,0,0,0,0,1,1,1,1
53691,2401,2197,451,468,2023,0.0,0,397.4,0.0,0,0,0,1,0,0,0,0,0,0,0,1,1,1,1
53701,2401,2196,450,469,2022,0.0,0,396.9,0.0,0,0,0,1,0,0,0,0,0,0,0,1,1,1,1
53711,2401,2196,449,469,2022,0.0,0,396.4,0.0,0,0,0,1,0,0,0,0,0,0,0,1,1,1,1
53721,2400,2196,447,469,2023,0.0,0,397.1,0.0,0,0,0,1,0,0,0,0,0,0,0,1,1,1,1
53731,2403,2197,447,470,2022,0.0,0,396.1,0.0,0,0,0,1,0,0,0,0,0,0,0,1,1,1,1
53741,2402,2196,448,469,2021,0.0,0,396.1,0.0,0,0,0,1,0,0,0,0,0,0,0,1,1,1,1
53751,2402,2197,450,468,2022,0.0,0,397.1,0.0,0,0,0,1,0,0,0,0,0,0,0,1,1,1,1
53761,2403,2197,449,469,2023,0.0,0,397.1,0.0,0,0,0,1,0,0,0,0,0,0,0,1,1,1,1
53771,2401,2197,451,470,2023,0.0,0,396.8,0.0,0,0,0,1,0,0,0,0,0,0,0,1,1,1,1
53781,2400,2196,451,470,2023,0.0,0,396.0,0.0,0,0,0,1,0,0,0,0,0,0,0,1,1,1,1
53791,2402,2196,451,469,2022,0.0,0,396.4,0.0,0,0,0,1,0,0,0,0,0,0,0,1,1,1,1
53801,2402,2197,451,469,2022,0.0,0,396.4,0.0,0,0,0,1,0,0,0,0,0,0,0,1,1,1,1
53811,2401,2198,450,470,2013,0.0,0,396.8,0.0,0,0,0,1,0,0,0,0,0,0,0,1,1,1,1
53821,2401,2197,451,468,2014,0.0,0,397.0,0.0,0,0,0,1,0,0,0,0,0,0,0,1,1,1,1
53831,2401,2196,455,469,2014,0.0,0,396.9,0.0,0,0,0,1,0,0,0,0,0,0,0,1,1,1,1
53841,2400,2196,450,470,2014,0.0,0,396.7,0.0,0,0,0,1,0,0,0,0,0,0,0,1,1,1,1
53851,2403,2197,448,470,2013,0.0,0,396.8,0.0,0,0,0,1,0,0,0,0,0,0,0,1,1,1,1
53861,2401,2196,451,468,2012,0.0,0,396.8,0.0,0,0,0,1,0,0,0,0,0,0,0,1,1,1,1
53871,2401,2197,449,468,2015,0.0,0,396.7,0.0,0,0,0,1,0,0,0,0,0,0,0,1,1,1,1
53881,2402,2197,450,469,2013,0.0,0,397.4,0.0,0,0,0,1,0,0,0,0,0,0,0,1,1,1,1
53891,2401,2196,449,470,2014,0.0,0,396.5,0.0,0,0,0,1,0,0,0,0,0,0,0,1,1,1,1
53901,2401,2196,451,468,2013,0.0,0,397.3,0.0,0,0,0,1,0,0,0,0,0,0,0,1,1,1,1
53911,2402,2197,450,469,2013,0.0,0,396.8,0.0,0,0,0,1,0,0,0,0,0,0,0,1,1,1,1
53921,2403,2196,451,467,2013,0.0,0,396.8,0.0,0,0,0,1,0,0,0,0,0,0,0,1,1,1,1
53931,2401,2196,451,469,2014,0.0,0,397.2,0.0,0,0,0,1,0,0,0,0,0,0,0,1,1,1,1
53941,2401,2195,450,469,2022,0.0,0,397.1,0.0,0,0,0,1,0,0,0,0,0,0,0,1,1,1,1
53951,2403,2196,450,470,2022,0.0,0,397.3,0.0,0,0,0,1,0,0,0,0,0,0,0,1,1,1,1
53961,2402,2196,451,470,2023,0.0,0,396.7,0.0,0,0,0,1,0,0,0,0,0,0,0,1,1,1,1
53971,2402,2196,450,468,2022,0.0,0,397.3,0.0,0,0,0,1,0,0,0,0,0,0,0,1,1,1,1
53981,2401,2196,451,469,2021,0.0,0,397.3,0.0,0,0,0,1,0,0,0,0,0,0,0,1,1,1,1
53991,2404,2197,450,468,2022,0.0,0,396.4,0.0,0,0,0,1,0,0,0,0,0,0,0,1,1,1,1
54001,2402,2197,448,470,2022,0.0,0,397.0,0.0,0,0,0,1,0,0,0,0,0,0,0,1,1,1,1
54011,2401,2197,451,470,2023,0.0,0,396.5,0.0,0,0,0,1,0,0,0,0,0,0,0,1,1,1,1
54021,2400,2197,451,470,2023,0.0,0,397.4,0.0,0,0,0,1,0,0,0,0,0,0,0,1,1,1,1
54031,2401,2197,447,468,2022,0.0,0,396.5,0.0,0,0,0,1,0,0,0,0,0,0,0,1,1,1,1
54041,2401,2196,450,469,2022,0.0,0,396.5,0.0,0,0,0,1,0,0,0,0,0,0,0,1,1,1,1
54051,2402,2197,449,469,2023,0.0,0,396.9,0.0,0,0,0,1,0,0,0,0,0,0,0,1,1,1,1
54061,2403,2197,450,470,2023,0.0,0,396.8,0.0,0,0,0,1,0,0,0,0,0,0,0,1,1,1,1
54071,2401,2197,450,470,2022,0.0,0,396.5,0.0,0,0,0,1,0,0,0,0,0,0,0,1,1,1,1
54081,2403,2195,451,469,2023,0.0,0,396.3,0.0,0,0,0,1,0,0,0,0,0,0,0,1,1,1,1
54091,2403,2197,449,470,2022,0.0,0,396.9,0.0,0,0,0,1,0,0,0,0,0,0,0,1,1,1,1
54101,2403,2197,450,470,2022,0.0,0,396.9,0.0,0,0,0,1,0,0,0,0,0,0,0,1,1,1,1
54111,2401,2196,450,470,2012,0.0,0,396.5,0.0,0,0,0,1,0,0,0,0,0,0,0,1,1,1,1
54121,2401,2196,452,469,2013,0.0,0,397.2,0.0,0,0,0,1,0,0,0,0,0,0,0,1,1,1,1
54132,2402,2197,449,469,2013,0.0,0,397.1,0.0,0,0,0,1,0,0,0,0,0,0,0,1,1,1,1
54142,2401,2197,450,470,2012,0.0,0,397.3,0.0,0,0,0,1,0,0,0,0,0,0,0,1,1,1,1
54152,2402,2195,450,470,2013,0.0,0,396.5,0.0,0,0,0,1,0,0,0,0,0,0,0,1,1,1,1
54162,2403,2196,450,468,2013,0.0,0,396.5,0.0,0,0,0,1,0,0,0,0,0,0,0,1,1,1,1
54172,2401,2197,450,469,2015,0.0,0,396.5,0.0,0,0,0,1,0,0,0,0,0,0,0,1,1,1,1
54182,2401,2196,451,470,2016,0.0,0,396.5,0.0,0,0,0,1,0,0,0,0,0,0,0,1,1,1,1
54192,2401,2197,445,470,2013,0.0,0,397.0,0.0,0,0,0,1,0,0,0,0,0,0,0,1,1,1,1
54202,2401,2196,449,467,2013,0.0,0,396.3,0.0,0,0,0,1,0,0,0,0,0,0,0,1,1,1,1
54212,2401,2196,449,469,2013,0.0,0,397.2,0.0,0,0,0,1,0,0,0,0,0,0,0,1,1,1,1
54223,2403,2196,451,469,2013,0.0,0,396.7,0.0,0,0,0,1,0,0,0,0,0,0,0,1,1,1,1
54233,2401,2198,450,469,2013,0.0,0,396.7,0.0,0,0,0,1,0,0,0,0,0,0,0,1,1,1,1
54243,2401,2196,451,470,2022,0.0,0,396.4,0.0,0,0,0,1,0,0,0,0,0,0,0,1,1,1,1
54255,2403,2196,450,469,2022,0.0,0,396.4,0.0,0,0,0,1,0,0,0,0,0,0,0,1,1,1,1
54265,2401,2197,450,469,2022,0.0,0,397.0,0.0,0,0,0,1,0,0,0,0,0,0,0,1,1,1,1
54275,2403,2196,450,469,2022,0.0,0,397.4,0.0,0,0,0,1,0,0,0,0,0,0,0,1,1,1,1
54285,2401,2196,451,471,2021,0.0,0,396.7,0.0,0,0,0,1,0,0,0,0,0,0,0,1,1,1,1
54295,2401,2196,449,470,2022,0.0,0,396.3,0.0,0,0,0,1,0,0,0,0,0,0,0,1,1,1,1
54305,2401,2196,449,468,2022,0.0,0,396.3,0.0,0,0,0,1,0,0,0,0,0,0,0,1,1,1,1
54315,2401,2196,451,469,2021,0.0,0,396.8,0.0,0,0,0,1,0,0,0,0,0,0,0,1,1,1,1
54325,2400,2196,450,469,2022,0.0,0,396.8,0.0,0,0,0,1,0,0,0,0,0,0,0,1,1,1,1
54335,2402,2196,449,469,2022,0.0,0,397.5,0.0,0,0,0,1,0,0,0,0,0,0,0,1,1,1,1
54345,2401,2195,447,470,2022,0.0,0,396.5,0.0,0,0,0,1,0,0,0,0,0,0,0,1,1,1,1
54355,2402,2196,450,468,2022,0.0,0,396.5,0.0,0,0,0,1,0,0,0,0,0,0,0,1,1,1,1
54365,2401,2195,450,469,2022,0.0,0,396.5,0.0,0,0,0,1,0,0,0,0,0,0,0,1,1,1,1
54375,2401,2197,449,468,2022,0.0,0,396.8,0.0,0,0,0,1,0,0,0,0,0,0,0,1,1,1,1
54385,2400,2197,450,467,2022,0.0,0,396.7,0.0,0,0,0,1,0,0,0,0,0,0,0,1,1,1,1
54395,2403,2197,449,467,2022,0.0,0,397.1,0.0,0,0,0,1,0,0,0,0,0,0,0,1,1,1,1
54405,2401,2196,450,469,2021,0.0,0,397.0,0.0,0,0,0,1,0,0,0,0,0,0,0,1,1,1,1
54415,2403,2197,449,470,2012,0.0,0,396.5,0.0,0,0,0,1,0,0,0,0,0,0,0,1,1,1,1
54425,2400,2197,448,469,2013,0.0,0,396.5,0.0,0,0,0,1,0,0,0,0,0,0,0,1,1,1,1
54435,2400,2196,450,469,2013,0.0,0,397.1,0.0,0,0,0,1,0,0,0,0,0,0,0,1,1,1,1
54445,2401,2196,450,466,2015,0.0,0,397.2,0.0,0,0,0,1,0,0,0,0,0,0,0,1,1,1,1
54455,2402,2197,451,469,2015,0.0,0,397.2,0.0,0,0,0,1,0,0,0,0,0,0,0,1,1,1,1
54465,2401,2197,450,470,2013,0.0,0,397.1,0.0,0,0,0,1,0,0,0,0,0,0,0,1,1,1,1
54475,2403,2196,450,469,2013,0.0,0,396.9,0.0,0,0,0,1,0,0,0,0,0,0,0,1,1,1,1
54485,2401,2196,450,469,2013,0.0,0,396.9,0.0,0,0,0,1,0,0,0,0,0,0,0,1,1,1,1
54495,2402,2197,450,469,2013,0.0,0,396.5,0.0,0,0,0,1,0,0,0,0,0,0,0,1,1,1,1
54505,2404,2195,450,469,2013,0.0,0,396.9,0.0,0,0,0,1,0,0,0,0,0,0,0,1,1,1,1
54515,2401,2195,450,468,2014,0.0,0,396.2,0.0,0,0,0,1,0,0,0,0,0,0,0,1,1,1,1
54525,2401,2196,450,470,2012,0.0,0,396.7,0.0,0,0,0,1,0,0,0,0,0,0,0,1,1,1,1
54535,2400,2196,446,468,2012,0.0,0,397.3,0.0,0,0,0,1,0,0,0,0,0,0,0,1,1,1,1
54545,2402,2197,450,470,2022,0.0,0,397.3,0.0,0,0,0,1,0,0,0,0,0,0,0,1,1,1,1
54555,2401,2196,450,469,2022,0.0,0,396.9,0.0,0,0,0,1,0,0,0,0,0,0,0,1,1,1,1
54565,2401,2197,450,468,2021,0.0,0,396.5,0.0,0,0,0,1,0,0,0,0,0,0,0,1,1,1,1
54575,2402,2196,450,468,2021,0.0,0,397.5,0.0,0,0,0,1,0,0,0,0,0,0,0,1,1,1,1
54585,2402,2196,450,469,2022,0.0,0,396.7,0.0,0,0,0,1,0,0,0,0,0,0,0,1,1,1,1
54595,2401,2196,450,468,2021,0.0,0,397.3,0.0,0,0,0,1,0,0,0,0,0,0,0,1,1,1,1
54605,2402,2197,450,468,2022,0.0,0,397.3,0.0,0,0,0,1,0,0,0,0,0,0,0,1,1,1,1
54615,2402,2197,450,470,2022,0.0,0,396.4,0.0,0,0,0,1,0,0,0,0,0,0,0,1,1,1,1
54625,2401,2197,450,469,2022,0.0,0,396.9,0.0,0,0,0,1,0,0,0,0,0,0,0,1,1,1,1
54635,2402,2196,449,468,2022,0.0,0,397.2,0.0,0,0,0,1,0,0,0,0,0,0,0,1,1,1,1
54645,2402,2197,451,468,2022,0.0,0,396.7,0.0,0,0,0,1,0,0,0,0,0,0,0,1,1,1,1
54655,2400,2200,450,469,2022,0.0,0,397.1,0.0,0,0,0,1,0,0,0,0,0,0,0,1,1,1,1
54665,2405,2198,450,469,2022,0.0,0,397.1,0.0,0,0,0,1,0,0,0,0,0,0,0,1,1,1,1
54675,2401,2197,450,470,2022,0.0,0,395.9,0.0,0,0,0,1,0,0,0,0,0,0,0,1,1,1,1
54685,2403,2197,450,470,2022,0.0,0,396.8,0.0,0,0,0,1,0,0,0,0,0,0,0,1,1,1,1
54695,2401,2196,450,468,2022,0.0,0,397.7,0.0,0,0,0,1,0,0,0,0,0,0,0,1,1,1,1
54705,2402,2197,451,468,2021,0.0,0,397.1,0.0,0,0,0,1,0,0,0,0,0,0,0,1,1,1,1
54715,2402,2196,448,468,2012,0.0,0,397.0,0.0,0,0,0,1,0,0,0,0,0,0,0,1,1,1,1
54725,2401,2197,451,469,2013,0.0,0,397.0,0.0,0,0,0,1,0,0,0,0,0,0,0,1,1,1,1
54735,2402,2196,449,470,2013,0.0,0,396.9,0.0,0,0,0,1,0,0,0,0,0,0,0,1,1,1,1
54745,2402,2197,450,469,2012,0.0,0,397.2,0.0,0,0,0,1,0,0,0,0,0,0,0,1,1,1,1
54755,2402,2197,449,468,2013,0.0,0,396.5,0.0,0,0,0,1,0,0,0,0,0,0,0,1,1,1,1
54765,2401,2197,450,469,2014,0.0,0,396.5,0.0,0,0,0,1,0,0,0,0,0,0,0,1,1,1,1
54775,2401,2196,450,468,2013,0.0,0,397.0,0.0,0,0,0,1,0,0,0,0,0,0,0,1,1,1,1
54785,2407,2196,450,469,2013,0.0,0,397.0,0.0,0,0,0,1,0,0,0,0,0,0,0,1,1,1,1
54795,2401,2197,450,469,2013,0.0,0,396.8,0.0,0,0,0,1,0,0,0,0,0,0,0,1,1,1,1
54805,2401,2197,453,470,2013,0.0,0,397.0,0.0,0,0,0,1,0,0,0,0,0,0,0,1,1,1,1
54815,2403,2196,449,469,2012,0.0,0,397.4,0.0,0,0,0,1,0,0,0,0,0,0,0,1,1,1,1
54825,2401,2196,449,469,2012,0.0,0,396.9,0.0,0,0,0,1,0,0,0,0,0,0,0,1,1,1,1
54835,2403,2196,450,469,2012,0.0,0,396.7,0.0,0,0,0,1,0,0,0,0,0,0,0,1,1,1,1
54845,2401,2196,449,468,2022,0.0,0,396.7,0.0,0,0,0,1,0,0,0,0,0,0,0,1,1,1,1
54855,2402,2196,451,469,2022,0.0,0,396.9,0.0,0,0,0,1,0,0,0,0,0,0,0,1,1,1,1
54865,2401,2197,450,469,2022,0.0,0,397.1,0.0,0,0,0,1,0,0,0,0,0,0,0,1,1,1,1
54875,2404,2196,449,468,2022,0.0,0,397.3,0.0,0,0,0,1,0,0,0,0,0,0,0,1,1,1,1
54885,2400,2197,448,469,2022,0.0,0,397.3,0.0,0,0,0,1,0,0,0,0,0,0,0,1,1,1,1
54895,2402,2196,449,470,2021,0.0,0,396.1,0.0,0,0,0,1,0,0,0,0,0,0,0,1,1,1,1
54905,2397,2194,449,469,2022,0.0,0,396.1,0.0,0,0,0,1,0,0,0,0,0,0,0,1,1,1,1
54915,2401,2196,449,458,2021,0.0,0,397.5,0.0,0,0,0,1,0,0,0,0,0,0,0,1,1,1,1
54925,2404,2196,449,468,2023,0.0,0,396.7,0.0,0,0,0,1,0,0,0,0,0,0,0,1,1,1,1
54935,2403,2196,449,469,2022,0.0,0,396.8,0.0,0,0,0,1,0,0,0,0,0,0,0,1,1,1,1
54945,2405,2196,447,469,2022,0.0,0,396.5,0.0,0,0,0,1,0,0,0,0,0,0,0,1,1,1,1
54955,2402,2196,450,468,2022,0.0,0,397.5,0.0,0,0,0,1,0,0,0,0,0,0,0,1,1,1,1
54965,2402,2196,450,469,2023,0.0,0,397.5,0.0,0,0,0,1,0,0,0,0,0,0,0,1,1,1,1
54975,2401,2196,449,470,2021,0.0,0,396.3,0.0,0,0,0,1,0,0,0,0,0,0,0,1,1,1,1
54985,2400,2196,449,469,2021,0.0,0,397.2,0.0,0,0,0,1,0,0,0,0,0,0,0,1,1,1,1
54995,2401,2197,452,469,2022,0.0,0,397.5,0.0,0,0,0,1,0,0,0,0,0,0,0,1,1,1,1
55005,2401,2196,450,470,2020,0.0,0,397.1,0.0,0,0,0,1,0,0,0,0,0,0,0,1,1,1,1
55015,2400,2196,449,468,2013,0.0,0,396.7,0.0,0,0,0,1,0,0,0,0,0,0,0,1,1,1,1
55025,2401,2197,446,468,2012,0.0,0,396.7,0.0,0,0,0,1,0,0,0,0,0,0,0,1,1,1,1
55035,2403,2196,449,468,2012,0.0,0,396.9,0.0,0,0,0,1,0,0,0,0,0,0,0,1,1,1,1
55045,2401,2196,448,471,2013,0.0,0,396.7,0.0,0,0,0,1,0,0,0,0,0,0,0,1,1,1,1
55055,2402,2196,450,469,2012,0.0,0,397.2,0.0,0,0,0,1,0,0,0,0,0,0,0,1,1,1,1
55065,2401,2197,450,469,2012,0.0,0,396.7,0.0,0,0,0,1,0,0,0,0,0,0,0,1,1,1,1
55075,2402,2196,448,469,2012,0.0,0,396.9,0.0,0,0,0,1,0,0,0,0,0,0,0,1,1,1,1
55085,2401,2197,449,469,2013,0.0,0,396.9,0.0,0,0,0,1,0,0,0,0,0,0,0,1,1,1,1
55096,2402,2196,449,470,2015,0.0,0,397.0,0.0,0,0,0,1,0,0,0,0,0,0,0,1,1,1,1
55106,2401,2196,449,469,2013,0.0,0,396.2,0.0,0,0,0,1,0,0,0,0,0,0,0,1,1,1,1
55116,2402,2196,450,470,2013,0.0,0,397.2,0.0,0,0,0,1,0,0,0,0,0,0,0,1,1,1,1
55126,2402,2196,450,469,2013,0.0,0,396.5,0.0,0,0,0,1,0,0,0,0,0,0,0,1,1,1,1
55136,2404,2197,451,470,2013,0.0,0,397.2,0.0,0,0,0,1,0,0,0,0,0,0,0,1,1,1,1
55146,2402,2196,448,468,2022,0.0,0,397.2,0.0,0,0,0,1,0,0,0,0,0,0,0,1,1,1,1
55156,2401,2197,450,468,2022,0.0,0,397.0,0.0,0,0,0,1,0,0,0,0,0,0,0,1,1,1,1
55166,2401,2197,450,468,2022,0.0,0,397.0,0.0,0,0,0,1,0,0,0,0,0,0,0,1,1,1,1
55176,2398,2196,451,469,2021,0.0,0,396.9,0.0,0,0,0,1,0,0,0,0,0,0,0,1,1,1,1
55186,2401,2196,450,469,2023,0.0,0,396.4,0.0,0,0,0,1,0,0,0,0,0,0,0,1,1,1,1
55196,2405,2196,450,470,2022,0.0,0,397.4,0.0,0,0,0,1,0,0,0,0,0,0,0,1,1,1,1
55207,2402,2196,449,469,2022,0.0,0,396.9,0.0,0,0,0,1,0,0,0,0,0,0,0,1,1,1,1
55217,2402,2197,451,469,2022,0.0,0,396.9,0.0,0,0,0,1,0,0,0,0,0,0,0,1,1,1,1
55227,2401,2196,450,469,2025,0.0,0,397.1,0.0,0,0,0,1,0,0,0,0,0,0,0,1,1,1,1
55237,2401,2196,451,471,2021,0.0,0,396.3,0.0,0,0,0,1,0,0,0,0,0,0,0,1,1,1,1
55247,2403,2197,451,469,2022,0.0,0,397.1,0.0,0,0,0,1,0,0,0,0,0,0,0,1,1,1,1
55257,2402,2197,450,468,2022,0.0,0,396.3,0.0,0,0,0,1,0,0,0,0,0,0,0,1,1,1,1
55267,2401,2196,449,470,2022,0.0,0,397.1,0.0,0,0,0,1,0,0,0,0,0,0,0,1,1,1,1
55277,2401,2197,449,468,2021,0.0,0,397.1,0.0,0,0,0,1,0,0,0,0,0,0,0,1,1,1,1
55287,2400,2196,448,469,2021,0.0,0,396.9,0.0,0,0,0,1,0,0,0,0,0,0,0,1,1,1,1
55297,2400,2196,450,468,2021,0.0,0,397.1,0.0,0,0,0,1,0,0,0,0,0,0,0,1,1,1,1
55307,2401,2196,450,470,2022,0.0,0,397.0,0.0,0,0,0,1,0,0,0,0,0,0,0,1,1,1,1
55318,2401,2196,449,469,2013,0.0,0,397.5,0.0,0,0,0,1,0,0,0,0,0,0,0,1,1,1,1
55328,2398,2199,450,470,2015,0.0,0,397.1,0.0,0,0,0,1,0,0,0,0,0,0,0,1,1,1,1
55339,2402,2196,449,468,2012,0.0,0,397.0,0.0,0,0,0,1,0,0,0,0,0,0,0,1,1,1,1
55349,2402,2196,451,469,2011,0.0,0,397.0,0.0,0,0,0,1,0,0,0,0,0,0,0,1,1,1,1
55359,2400,2197,451,469,2012,0.0,0,396.1,0.0,0,0,0,1,0,0,0,0,0,0,0,1,1,1,1
55369,2401,2196,451,469,2013,0.0,0,397.3,0.0,0,0,0,1,0,0,0,0,0,0,0,1,1,1,1
55379,2400,2196,449,469,2012,0.0,0,396.8,0.0,0,0,0,1,0,0,0,0,0,0,0,1,1,1,1
55389,2401,2196,450,468,2012,0.0,0,396.7,0.0,0,0,0,1,0,0,0,0,0,0,0,1,1,1,1
55399,2401,2196,448,469,2012,0.0,0,397.1,0.0,0,0,0,1,0,0,0,0,0,0,0,1,1,1,1
55409,2401,2196,449,472,2013,0.0,0,397.1,0.0,0,0,0,1,0,0,0,0,0,0,0,1,1,1,1
55419,2401,2196,450,472,2012,0.0,0,397.3,0.0,0,0,0,1,0,0,0,0,0,0,0,1,1,1,1
55429,2401,2196,449,470,2013,0.0,0,396.5,0.0,0,0,0,1,0,0,0,0,0,0,0,1,1,1,1
55439,2401,2197,449,469,2013,0.0,0,396.9,0.0,0,0,0,1,0,0,0,0,0,0,0,1,1,1,1
55449,2401,2197,451,469,2022,0.0,0,396.8,0.0,0,0,0,1,0,0,0,0,0,0,0,1,1,1,1
55459,2403,2196,451,469,2021,0.0,0,396.5,0.0,0,0,0,1,0,0,0,0,0,0,0,1,1,1,1
55469,2400,2197,450,469,2022,0.0,0,396.5,0.0,0,0,0,1,0,0,0,0,0,0,0,1,1,1,1
55479,2401,2197,451,469,2022,0.0,0,397.2,0.0,0,0,0,1,0,0,0,0,0,0,0,1,1,1,1
55489,2401,2197,450,470,2024,0.0,0,396.7,0.0,0,0,0,1,0,0,0,0,0,0,0,1,1,1,1
55499,2403,2196,449,469,2022,0.0,0,396.2,0.0,0,0,0,1,0,0,0,0,0,0,0,1,1,1,1
55509,2401,2196,449,469,2022,0.0,0,396.9,0.0,0,0,0,1,0,0,0,0,0,0,0,1,1,1,1
55519,2402,2196,449,468,2022,0.0,0,397.3,0.0,0,0,0,1,0,0,0,0,0,0,0,1,1,1,1
55529,2401,2196,449,469,2022,0.0,0,397.3,0.0,0,0,0,1,0,0,0,0,0,0,0,1,1,1,1
55539,2401,2197,451,468,2022,0.0,0,397.0,0.0,0,0,0,1,0,0,0,0,0,0,0,1,1,1,1
55549,2401,2197,449,470,2022,0.0,0,397.3,0.0,0,0,0,1,0,0,0,0,0,0,0,1,1,1,1
55559,2403,2194,452,472,2022,0.0,0,397.2,0.0,0,0,0,1,0,0,0,0,0,0,0,1,1,1,1
55569,2399,2196,450,469,2022,0.0,0,397.0,0.0,0,0,0,1,0,0,0,0,0,0,0,1,1,1,1
55579,2402,2196,449,470,2022,0.0,0,397.2,0.0,0,0,0,1,0,0,0,0,0,0,0,1,1,1,1
55589,2401,2196,451,470,2022,0.0,0,397.2,0.0,0,0,0,1,0,0,0,0,0,0,0,1,1,1,1
55599,2402,2197,452,470,2022,0.0,0,396.7,0.0,0,0,0,1,0,0,0,0,0,0,0,1,1,1,1
55609,2404,2196,450,468,2022,0.0,0,397.0,0.0,0,0,0,1,0,0,0,0,0,0,0,1,1,1,1
55619,2400,2196,450,468,2014,0.0,0,396.2,0.0,0,0,0,1,0,0,0,0,0,0,0,1,1,1,1
55629,2401,2197,449,471,2013,0.0,0,397.4,0.0,0,0,0,1,0,0,0,0,0,0,0,1,1,1,1
55639,2402,2197,449,470,2013,0.0,0,396.9,0.0,0,0,0,1,0,0,0,0,0,0,0,1,1,1,1
55649,2402,2198,451,470,2013,0.0,0,396.9,0.0,0,0,0,1,0,0,0,0,0,0,0,1,1,1,1
55659,2400,2197,451,470,2008,0.0,0,396.7,0.0,0,0,0,1,0,0,0,0,0,0,0,1,1,1,1
55669,2401,2197,451,468,2013,0.0,0,396.5,0.0,0,0,0,1,0,0,0,0,0,0,0,1,1,1,1
55679,2402,2196,449,470,2013,0.0,0,397.4,0.0,0,0,0,1,0,0,0,0,0,0,0,1,1,1,1
55689,2402,2196,450,470,2012,0.0,0,396.9,0.0,0,0,0,1,0,0,0,0,0,0,0,1,1,1,1
55699,2402,2196,450,468,2013,0.0,0,397.3,0.0,0,0,0,1,0,0,0,0,0,0,0,1,1,1,1
55709,2402,2197,449,470,2013,0.0,0,397.3,0.0,0,0,0,1,0,0,0,0,0,0,0,1,1,1,1
55719,2402,2196,454,469,2013,0.0,0,397.1,0.0,0,0,0,1,0,0,0,0,0,0,0,1,1,1,1
55729,2400,2197,450,470,2013,0.0,0,397.9,0.0,0,0,0,1,0,0,0,0,0,0,0,1,1,1,1
55739,2401,2194,449,468,2013,0.0,0,397.3,0.0,0,0,0,1,0,0,0,0,0,0,0,1,1,1,1
55749,2401,2196,450,470,2022,0.0,0,396.7,0.0,0,0,0,1,0,0,0,0,0,0,0,1,1,1,1
55759,2403,2196,449,468,2021,0.0,0,396.9,0.0,0,0,0,1,0,0,0,0,0,0,0,1,1,1,1
55769,2401,2196,453,470,2022,0.0,0,396.9,0.0,0,0,0,1,0,0,0,0,0,0,0,1,1,1,1
55779,2401,2197,450,468,2026,0.0,0,396.9,0.0,0,0,0,1,0,0,0,0,0,0,0,1,1,1,1
55789,2402,2196,450,470,2021,0.0,0,396.8,0.0,0,0,0,1,0,0,0,0,0,0,0,1,1,1,1
55799,2402,2196,450,470,2022,0.0,0,396.7,0.0,0,0,0,1,0,0,0,0,0,0,0,1,1,1,1
55809,2401,2197,450,470,2021,0.0,0,396.7,0.0,0,0,0,1,0,0,0,0,0,0,0,1,1,1,1
55819,2402,2196,448,468,2023,0.0,0,397.2,0.0,0,0,0,1,0,0,0,0,0,0,0,1,1,1,1
55829,2401,2196,450,470,2024,0.0,0,397.2,0.0,0,0,0,1,0,0,0,0,0,0,0,1,1,1,1
55839,2403,2196,448,469,2022,0.0,0,396.5,0.0,0,0,0,1,0,0,0,0,0,0,0,1,1,1,1
55849,2401,2197,452,470,2022,0.0,0,396.5,0.0,0,0,0,1,0,0,0,0,0,0,0,1,1,1,1
55859,2402,2197,449,469,2022,0.0,0,396.7,0.0,0,0,0,1,0,0,0,0,0,0,0,1,1,1,1
55869,2402,2196,450,470,2022,0.0,0,396.5,0.0,0,0,0,1,0,0,0,0,0,0,0,1,1,1,1
55879,2402,2197,449,470,2022,0.0,0,396.8,0.0,0,0,0,1,0,0,0,0,0,0,0,1,1,1,1
55889,2401,2197,450,468,2022,0.0,0,396.8,0.0,0,0,0,1,0,0,0,0,0,0,0,1,1,1,1
55899,2401,2197,450,470,2022,0.0,0,396.7,0.0,0,0,0,1,0,0,0,0,0,0,0,1,1,1,1
55909,2401,2197,452,470,2022,0.0,0,396.8,0.0,0,0,0,1,0,0,0,0,0,0,0,1,1,1,1
55919,2403,2196,450,470,2012,0.0,0,396.9,0.0,0,0,0,1,0,0,0,0,0,0,0,1,1,1,1
55929,2401,2196,449,468,2014,0.0,0,397.1,0.0,0,0,0,1,0,0,0,0,0,0,0,1,1,1,1
55939,2400,2196,451,470,2013,0.0,0,396.7,0.0,0,0,0,1,0,0,0,0,0,0,0,1,1,1,1
55949,2402,2197,450,470,2014,0.0,0,396.7,0.0,0,0,0,1,0,0,0,0,0,0,0,1,1,1,1
55959,2402,2197,453,470,2012,0.0,0,396.9,0.0,0,0,0,1,0,0,0,0,0,0,0,1,1,1,1
55969,2399,2198,446,469,2013,0.0,0,397.0,0.0,0,0,0,1,0,0,0,0,0,0,0,1,1,1,1
55979,2401,2196,450,469,2013,0.0,0,396.8,0.0,0,0,0,1,0,0,0,0,0,0,0,1,1,1,1
55989,2401,2197,450,470,2013,0.0,0,396.7,0.0,0,0,0,1,0,0,0,0,0,0,0,1,1,1,1
55999,2402,2196,451,470,2013,0.0,0,396.4,0.0,0,0,0,1,0,0,0,0,0,0,0,1,1,1,1
56009,2403,2197,450,468,2016,0.0,0,396.4,0.0,0,0,0,1,0,0,0,0,0,0,0,1,1,1,1
56019,2400,2196,450,469,2013,0.0,0,396.9,0.0,0,0,0,1,0,0,0,0,0,0,0,1,1,1,1
56029,2401,2196,450,469,2014,0.0,0,396.9,0.0,0,0,0,1,0,0,0,0,0,0,0,1,1,1,1
56039,2402,2197,450,469,2013,0.0,0,396.7,0.0,0,0,0,1,0,0,0,0,0,0,0,1,1,1,1
56049,2401,2196,451,466,2012,0.0,0,396.3,0.0,0,0,0,1,0,0,0,0,0,0,0,1,1,1,1
56059,2404,2196,450,470,2022,0.0,0,396.7,0.0,0,0,0,1,0,0,0,0,0,0,0,1,1,1,1
56069,2402,2197,453,469,2022,0.0,0,396.7,0.0,0,0,0,1,0,0,0,0,0,0,0,1,1,1,1
56079,2401,2197,450,470,2022,0.0,0,397.0,0.0,0,0,0,1,0,0,0,0,0,0,0,1,1,1,1
56089,2402,2196,452,470,2022,0.0,0,396.7,0.0,0,0,0,1,0,0,0,0,0,0,0,1,1,1,1
56099,2401,2197,450,470,2022,0.0,0,396.5,0.0,0,0,0,1,0,0,0,0,0,0,0,1,1,1,1
56109,2401,2196,450,470,2022,0.0,0,397.2,0.0,0,0,0,1,0,0,0,0,0,0,0,1,1,1,1
56119,2403,2197,450,469,2023,0.0,0,396.4,0.0,0,0,0,1,0,0,0,0,0,0,0,1,1,1,1
56129,2401,2197,450,470,2023,0.0,0,396.4,0.0,0,0,0,1,0,0,0,0,0,0,0,1,1,1,1
56139,2401,2196,450,469,2022,0.0,0,397.4,0.0,0,0,0,1,0,0,0,0,0,0,0,1,1,1,1
56149,2402,2197,450,468,2022,0.0,0,396.7,0.0,0,0,0,1,0,0,0,0,0,0,0,1,1,1,1
56159,2400,2196,449,469,2022,0.0,0,396.4,0.0,0,0,0,1,0,0,0,0,0,0,0,1,1,1,1
56169,2400,2195,450,469,2022,0.0,0,396.2,0.0,0,0,0,1,0,0,0,0,0,0,0,1,1,1,1
56179,2402,2196,447,468,2022,0.0,0,397.0,0.0,0,0,0,1,0,0,0,0,0,0,0,1,1,1,1
56189,2401,2196,451,469,2022,0.0,0,397.0,0.0,0,0,0,1,0,0,0,0,0,0,0,1,1,1,1
56199,2401,2196,450,471,2022,0.0,0,396.7,0.0,0,0,0,1,0,0,0,0,0,0,0,1,1,1,1
56209,2401,2196,451,469,2022,0.0,0,397.6,0.0,0,0,0,1,0,0,0,0,0,0,0,1,1,1,1
56219,2403,2196,448,466,2019,0.0,0,396.9,0.0,0,0,0,1,0,0,0,0,0,0,0,1,1,1,1
56229,2401,2197,449,470,2013,0.0,0,396.9,0.0,0,0,0,1,0,0,0,0,0,0,0,1,1,1,1
56239,2401,2196,450,470,2013,0.0,0,396.9,0.0,0,0,0,1,0,0,0,0,0,0,0,1,1,1,1
56249,2401,2197,449,470,2013,0.0,0,396.3,0.0,0,0,0,1,0,0,0,0,0,0,0,1,1,1,1
56260,2401,2197,448,471,2013,0.0,0,396.5,0.0,0,0,0,1,0,0,0,0,0,0,0,1,1,1,1
56270,2402,2196,450,469,2013,0.0,0,396.5,0.0,0,0,0,1,0,0,0,0,0,0,0,1,1,1,1
56280,2401,2195,449,469,2014,0.0,0,396.8,0.0,0,0,0,1,0,0,0,0,0,0,0,1,1,1,1
56290,2401,2196,448,468,2013,0.0,0,396.2,0.0,0,0,0,1,0,0,0,0,0,0,0,1,1,1,1
56300,2401,2196,451,469,2012,0.0,0,396.2,0.0,0,0,0,1,0,0,0,0,0,0,0,1,1,1,1
56310,2401,2196,452,469,2015,0.0,0,397.4,0.0,0,0,0,1,0,0,0,0,0,0,0,1,1,1,1
56320,2403,2195,448,468,2012,0.0,0,396.5,0.0,0,0,0,1,0,0,0,0,0,0,0,1,1,1,1
56330,2401,2196,451,470,2012,0.0,0,396.5,0.0,0,0,0,1,0,0,0,0,0,0,0,1,1,1,1
56340,2400,2196,452,471,2012,0.0,0,396.9,0.0,0,0,0,1,0,0,0,0,0,0,0,1,1,1,1
56350,2400,2193,450,470,2012,0.0,0,396.3,0.0,0,0,0,1,0,0,0,0,0,0,0,1,1,1,1
56360,2400,2196,450,469,2024,0.0,0,396.3,0.0,0,0,0,1,0,0,0,0,0,0,0,1,1,1,1
56370,2401,2197,450,470,2022,0.0,0,396.3,0.0,0,0,0,1,0,0,0,0,0,0,0,1,1,1,1
56380,2402,2196,451,468,2022,0.0,0,396.8,0.0,0,0,0,1,0,0,0,0,0,0,0,1,1,1,1
56390,2402,2196,450,469,2023,0.0,0,396.8,0.0,0,0,0,1,0,0,0,0,0,0,0,1,1,1,1
56400,2401,2197,450,470,2022,0.0,0,396.4,0.0,0,0,0,1,0,0,0,0,0,0,0,1,1,1,1
56410,2402,2196,450,469,2022,0.0,0,396.8,0.0,0,0,0,1,0,0,0,0,0,0,0,1,1,1,1
56420,2401,2196,451,469,2022,0.0,0,396.8,0.0,0,0,0,1,0,0,0,0,0,0,0,1,1,1,1
56430,2402,2197,450,468,2021,0.0,0,397.1,0.0,0,0,0,1,0,0,0,0,0,0,0,1,1,1,1
56440,2401,2196,448,468,2023,0.0,0,396.5,0.0,0,0,0,1,0,0,0,0,0,0,0,1,1,1,1
56450,2403,2196,451,469,2022,0.0,0,397.1,0.0,0,0,0,1,0,0,0,0,0,0,0,1,1,1,1
56461,2403,2197,447,469,2022,0.0,0,396.7,0.0,0,0,0,1,0,0,0,0,0,0,0,1,1,1,1
56471,2402,2197,451,469,2022,0.0,0,396.7,0.0,0,0,0,1,0,0,0,0,0,0,0,1,1,1,1
56481,2401,2196,450,469,2022,0.0,0,396.7,0.0,0,0,0,1,0,0,0,0,0,0,0,1,1,1,1
56491,2401,2197,450,469,2023,0.0,0,396.8,0.0,0,0,0,1,0,0,0,0,0,0,0,1,1,1,1
56501,2401,2196,449,470,2022,0.0,0,397.6,0.0,0,0,0,1,0,0,0,0,0,0,0,1,1,1,1
56511,2401,2197,450,470,2022,0.0,0,396.1,0.0,0,0,0,1,0,0,0,0,0,0,0,1,1,1,1
56521,2400,2196,450,467,2015,0.0,0,397.1,0.0,0,0,0,1,0,0,0,0,0,0,0,1,1,1,1
56531,2401,2196,448,469,2013,0.0,0,397.1,0.0,0,0,0,1,0,0,0,0,0,0,0,1,1,1,1
56541,2399,2196,450,468,2012,0.0,0,397.1,0.0,0,0,0,1,0,0,0,0,0,0,0,1,1,1,1
56551,2402,2197,451,468,2014,0.0,0,396.5,0.0,0,0,0,1,0,0,0,0,0,0,0,1,1,1,1
56561,2401,2197,451,469,2015,0.0,0,396.5,0.0,0,0,0,1,0,0,0,0,0,0,0,1,1,1,1
56571,2401,2196,451,469,2013,0.0,0,396.3,0.0,0,0,0,1,0,0,0,0,0,0,0,1,1,1,1
56582,2402,2197,450,464,2013,0.0,0,397.1,0.0,0,0,0,1,0,0,0,0,0,0,0,1,1,1,1
56592,2402,2196,450,469,2013,0.0,0,397.0,0.0,0,0,0,1,0,0,0,0,0,0,0,1,1,1,1
56602,2401,2197,451,468,2013,0.0,0,397.0,0.0,0,0,0,1,0,0,0,0,0,0,0,1,1,1,1
56612,2399,2196,449,469,2013,0.0,0,396.8,0.0,0,0,0,1,0,0,0,0,0,0,0,1,1,1,1
56622,2401,2196,450,469,2012,0.0,0,396.8,0.0,0,0,0,1,0,0,0,0,0,0,0,1,1,1,1
56632,2401,2196,451,468,2013,0.0,0,397.2,0.0,0,0,0,1,0,0,0,0,0,0,0,1,1,1,1
56642,2402,2196,449,471,2013,0.0,0,397.1,0.0,0,0,0,1,0,0,0,0,0,0,0,1,1,1,1
56653,2406,2197,449,469,2013,0.0,0,396.8,0.0,0,0,0,1,0,0,0,0,0,0,0,1,1,1,1
56663,2402,2196,450,470,2022,0.0,0,396.8,0.0,0,0,0,1,0,0,0,0,0,0,0,1,1,1,1
56675,2401,2196,450,470,2022,0.0,0,397.0,0.0,0,0,0,1,0,0,0,0,0,0,0,1,1,1,1
56685,2401,2196,451,468,2022,0.0,0,397.0,0.0,0,0,0,1,0,0,0,0,0,0,0,1,1,1,1
56695,2401,2197,450,470,2022,0.0,0,397.3,0.0,0,0,0,1,0,0,0,0,0,0,0,1,1,1,1
56705,2402,2196,450,469,2021,0.0,0,397.5,0.0,0,0,0,1,0,0,0,0,0,0,0,1,1,1,1
56715,2402,2197,450,469,2021,0.0,0,397.0,0.0,0,0,0,1,0,0,0,0,0,0,0,1,1,1,1
56725,2402,2197,449,470,2023,0.0,0,396.8,0.0,0,0,0,1,0,0,0,0,0,0,0,1,1,1,1
56735,2406,2197,449,470,2022,0.0,0,396.8,0.0,0,0,0,1,0,0,0,0,0,0,0,1,1,1,1
56745,2401,2196,449,470,2022,0.0,0,396.8,0.0,0,0,0,1,0,0,0,0,0,0,0,1,1,1,1
56755,2403,2196,448,468,2022,0.0,0,397.0,0.0,0,0,0,1,0,0,0,0,0,0,0,1,1,1,1
56765,2400,2200,450,470,2022,0.0,0,397.0,0.0,0,0,0,1,0,0,0,0,0,0,0,1,1,1,1
56776,2400,2196,448,470,2022,0.0,0,397.3,0.0,0,0,0,1,0,0,0,0,0,0,0,1,1,1,1
56787,2402,2199,450,469,2022,0.0,0,397.1,0.0,0,0,0,1,0,0,0,0,0,0,0,1,1,1,1
56797,2402,2196,447,469,2022,0.0,0,396.9,0.0,0,0,0,1,0,0,0,0,0,0,0,1,1,1,1
56807,2402,2196,450,469,2022,0.0,0,396.9,0.0,0,0,0,1,0,0,0,0,0,0,0,1,1,1,1
56817,2403,2197,447,469,2019,0.0,0,396.4,0.0,0,0,0,1,0,0,0,0,0,0,0,1,1,1,1
56827,2401,2196,451,469,2013,0.0,0,397.1,0.0,0,0,0,1,0,0,0,0,0,0,0,1,1,1,1
56837,2401,2197,449,469,2013,0.0,0,397.2,0.0,0,0,0,1,0,0,0,0,0,0,0,1,1,1,1
56847,2401,2197,450,470,2012,0.0,0,396.7,0.0,0,0,0,1,0,0,0,0,0,0,0,1,1,1,1
56857,2402,2197,449,473,2013,0.0,0,397.1,0.0,0,0,0,1,0,0,0,0,0,0,0,1,1,1,1
56867,2402,2196,450,469,2012,0.0,0,397.1,0.0,0,0,0,1,0,0,0,0,0,0,0,1,1,1,1
56877,2401,2198,450,470,2013,0.0,0,397.1,0.0,0,0,0,1,0,0,0,0,0,0,0,1,1,1,1
56887,2401,2197,450,469,2013,0.0,0,396.8,0.0,0,0,0,1,0,0,0,0,0,0,0,1,1,1,1
56897,2402,2196,450,469,2013,0.0,0,397.1,0.0,0,0,0,1,0,0,0,0,0,0,0,1,1,1,1
56907,2401,2197,450,470,2013,0.0,0,397.2,0.0,0,0,0,1,0,0,0,0,0,0,0,1,1,1,1
56917,2400,2196,450,471,2012,0.0,0,397.2,0.0,0,0,0,1,0,0,0,0,0,0,0,1,1,1,1
56927,2401,2196,451,469,2014,0.0,0,397.2,0.0,0,0,0,1,0,0,0,0,0,0,0,1,1,1,1
56937,2400,2197,450,469,2013,0.0,0,397.0,0.0,0,0,0,1,0,0,0,0,0,0,0,1,1,1,1
56947,2401,2196,450,471,2012,0.0,0,396.8,0.0,0,0,0,1,0,0,0,0,0,0,0,1,1,1,1
56957,2402,2197,450,469,2022,0.0,0,397.0,0.0,0,0,0,1,0,0,0,0,0,0,0,1,1,1,1
56967,2401,2196,449,471,2022,0.0,0,397.0,0.0,0,0,0,1,0,0,0,0,0,0,0,1,1,1,1
56977,2403,2196,450,470,2021,0.0,0,397.6,0.0,0,0,0,1,0,0,0,0,0,0,0,1,1,1,1
56987,2403,2196,450,469,2025,0.0,0,397.6,0.0,0,0,0,1,0,0,0,0,0,0,0,1,1,1,1
56997,2402,2197,450,468,2023,0.0,0,396.7,0.0,0,0,0,1,0,0,0,0,0,0,0,1,1,1,1
57007,2400,2197,450,469,2022,0.0,0,396.9,0.0,0,0,0,1,0,0,0,0,0,0,0,1,1,1,1
57017,2403,2196,450,470,2022,0.0,0,396.3,0.0,0,0,0,1,0,0,0,0,0,0,0,1,1,1,1
57027,2401,2198,451,471,2020,0.0,0,397.3,0.0,0,0,0,1,0,0,0,0,0,0,0,1,1,1,1
57037,2402,2196,448,469,2022,0.0,0,397.0,0.0,0,0,0,1,0,0,0,0,0,0,0,1,1,1,1
57047,2400,2196,451,469,2019,0.0,0,397.0,0.0,0,0,0,1,0,0,0,0,0,0,0,1,1,1,1
57057,2401,2197,450,468,2022,0.0,0,396.9,0.0,0,0,0,1,0,0,0,0,0,0,0,1,1,1,1
57067,2403,2197,450,469,2021,0.0,0,396.7,0.0,0,0,0,1,0,0,0,0,0,0,0,1,1,1,1
57077,2401,2197,449,470,2023,0.0,0,397.0,0.0,0,0,0,1,0,0,0,0,0,0,0,1,1,1,1
57087,2401,2197,449,469,2022,0.0,0,396.7,0.0,0,0,0,1,0,0,0,0,0,0,0,1,1,1,1
57097,2401,2196,449,470,2023,0.0,0,396.9,0.0,0,0,0,1,0,0,0,0,0,0,0,1,1,1,1
57107,2401,2197,449,468,2022,0.0,0,396.9,0.0,0,0,0,1,0,0,0,0,0,0,0,1,1,1,1
57117,2401,2197,449,470,2023,0.0,0,396.4,0.0,0,0,0,1,0,0,0,0,0,0,0,1,1,1,1
57127,2401,2196,450,468,2013,0.0,0,396.5,0.0,0,0,0,1,0,0,0,0,0,0,0,1,1,1,1
57137,2402,2197,451,469,2013,0.0,0,397.1,0.0,0,0,0,1,0,0,0,0,0,0,0,1,1,1,1
57147,2401,2197,450,467,2014,0.0,0,396.7,0.0,0,0,0,1,0,0,0,0,0,0,0,1,1,1,1
57157,2401,2195,449,468,2013,0.0,0,396.5,0.0,0,0,0,1,0,0,0,0,0,0,0,1,1,1,1
57167,2401,2196,451,469,2013,0.0,0,396.5,0.0,0,0,0,1,0,0,0,0,0,0,0,1,1,1,1
57177,2401,2196,450,468,2013,0.0,0,396.9,0.0,0,0,0,1,0,0,0,0,0,0,0,1,1,1,1
57187,2401,2195,451,471,2012,0.0,0,396.7,0.0,0,0,0,1,0,0,0,0,0,0,0,1,1,1,1
57198,2403,2195,450,469,2013,0.0,0,396.5,0.0,0,0,0,1,0,0,0,0,0,0,0,1,1,1,1
57208,2401,2196,449,469,2012,0.0,0,397.4,0.0,0,0,0,1,0,0,0,0,0,0,0,1,1,1,1
57218,2401,2196,449,468,2013,0.0,0,396.8,0.0,0,0,0,1,0,0,0,0,0,0,0,1,1,1,1
57228,2397,2196,450,467,2014,0.0,0,396.8,0.0,0,0,0,1,0,0,0,0,0,0,0,1,1,1,1
57238,2401,2197,449,469,2013,0.0,0,396.8,0.0,0,0,0,1,0,0,0,0,0,0,0,1,1,1,1
57248,2402,2197,449,469,2012,0.0,0,397.1,0.0,0,0,0,1,0,0,0,0,0,0,0,1,1,1,1
57258,2401,2196,449,470,2021,0.0,0,396.5,0.0,0,0,0,1,0,0,0,0,0,0,0,1,1,1,1
57268,2401,2197,448,469,2022,0.0,0,396.4,0.0,0,0,0,1,0,0,0,0,0,0,0,1,1,1,1
57278,2401,2197,448,468,2022,0.0,0,396.4,0.0,0,0,0,1,0,0,0,0,0,0,0,1,1,1,1
57288,2401,2196,451,469,2022,0.0,0,396.4,0.0,0,0,0,1,0,0,0,0,0,0,0,1,1,1,1
57298,2401,2200,449,469,2022,0.0,0,396.8,0.0,0,0,0,1,0,0,0,0,0,0,0,1,1,1,1
57308,2402,2196,450,470,2022,0.0,0,396.1,0.0,0,0,0,1,0,0,0,0,0,0,0,1,1,1,1
57318,2401,2198,450,470,2021,0.0,0,397.7,0.0,0,0,0,1,0,0,0,0,0,0,0,1,1,1,1
57328,2401,2196,450,470,2022,0.0,0,396.8,0.0,0,0,0,1,0,0,0,0,0,0,0,1,1,1,1
57338,2401,2199,452,469,2022,0.0,0,396.8,0.0,0,0,0,1,0,0,0,0,0,0,0,1,1,1,1
57348,2402,2196,449,468,2022,0.0,0,396.8,0.0,0,0,0,1,0,0,0,0,0,0,0,1,1,1,1
57358,2401,2194,451,470,2022,0.0,0,396.5,0.0,0,0,0,1,0,0,0,0,0,0,0,1,1,1,1
57368,2401,2196,451,469,2022,0.0,0,397.5,0.0,0,0,0,1,0,0,0,0,0,0,0,1,1,1,1
57378,2401,2196,450,470,2021,0.0,0,396.9,0.0,0,0,0,1,0,0,0,0,0,0,0,1,1,1,1
57388,2401,2196,450,468,2022,0.0,0,396.8,0.0,0,0,0,1,0,0,0,0,0,0,0,1,1,1,1
57398,2402,2196,449,469,2022,0.0,0,396.9,0.0,0,0,0,1,0,0,0,0,0,0,0,1,1,1,1
57408,2401,2196,450,468,2022,0.0,0,396.9,0.0,0,0,0,1,0,0,0,0,0,0,0,1,1,1,1
57418,2402,2197,450,469,2022,0.0,0,397.0,0.0,0,0,0,1,0,0,0,0,0,0,0,1,1,1,1
57428,2401,2196,450,469,2013,0.0,0,397.0,0.0,0,0,0,1,0,0,0,0,0,0,0,1,1,1,1
57438,2401,2196,450,470,2013,0.0,0,396.9,0.0,0,0,0,1,0,0,0,0,0,0,0,1,1,1,1
57448,2401,2196,448,470,2013,0.0,0,396.3,0.0,0,0,0,1,0,0,0,0,0,0,0,1,1,1,1
57458,2401,2197,449,469,2011,0.0,0,396.3,0.0,0,0,0,1,0,0,0,0,0,0,0,1,1,1,1
57469,2403,2196,449,468,2012,0.0,0,397.3,0.0,0,0,0,1,0,0,0,0,0,0,0,1,1,1,1
57479,2401,2196,448,469,2013,0.0,0,397.3,0.0,0,0,0,1,0,0,0,0,0,0,0,1,1,1,1
57489,2401,2196,450,470,2012,0.0,0,397.0,0.0,0,0,0,1,0,0,0,0,0,0,0,1,1,1,1
57499,2401,2196,450,469,2013,0.0,0,396.8,0.0,0,0,0,1,0,0,0,0,0,0,0,1,1,1,1
57509,2397,2197,449,468,2013,0.0,0,396.8,0.0,0,0,0,1,0,0,0,0,0,0,0,1,1,1,1
57519,2400,2196,450,471,2013,0.0,0,396.8,0.0,0,0,0,1,0,0,0,0,0,0,0,1,1,1,1
57529,2402,2196,450,468,2013,0.0,0,396.9,0.0,0,0,0,1,0,0,0,0,0,0,0,1,1,1,1
57539,2403,2197,449,470,2011,0.0,0,396.9,0.0,0,0,0,1,0,0,0,0,0,0,0,1,1,1,1
57549,2402,2197,451,467,2013,0.0,0,397.3,0.0,0,0,0,1,0,0,0,0,0,0,0,1,1,1,1
57559,2401,2196,450,470,2012,0.0,0,397.2,0.0,0,0,0,1,0,0,0,0,0,0,0,1,1,1,1
57569,2401,2197,449,469,2022,0.0,0,396.7,0.0,0,0,0,1,0,0,0,0,0,0,0,1,1,1,1
57579,2401,2197,449,470,2022,0.0,0,397.2,0.0,0,0,0,1,0,0,0,0,0,0,0,1,1,1,1
57589,2403,2196,449,469,2022,0.0,0,397.1,0.0,0,0,0,1,0,0,0,0,0,0,0,1,1,1,1
57599,2401,2196,448,467,2022,0.0,0,397.1,0.0,0,0,0,1,0,0,0,0,0,0,0,1,1,1,1
57609,2402,2197,450,469,2022,0.0,0,397.4,0.0,0,0,0,1,0,0,0,0,0,0,0,1,1,1,1
57619,2398,2196,450,469,2022,0.0,0,397.1,0.0,0,0,0,1,0,0,0,0,0,0,0,1,1,1,1
57629,2401,2196,449,467,2023,0.0,0,396.9,0.0,0,0,0,1,0,0,0,0,0,0,0,1,1,1,1
57639,2401,2196,451,470,2022,0.0,0,396.5,0.0,0,0,0,1,0,0,0,0,0,0,0,1,1,1,1
57649,2401,2196,449,469,2022,0.0,0,397.4,0.0,0,0,0,1,0,0,0,0,0,0,0,1,1,1,1
57659,2402,2196,451,469,2019,0.0,0,397.4,0.0,0,0,0,1,0,0,0,0,0,0,0,1,1,1,1
57669,2401,2197,447,470,2022,0.0,0,396.7,0.0,0,0,0,1,0,0,0,0,0,0,0,1,1,1,1
57679,2401,2199,450,467,2022,0.0,0,397.7,0.0,0,0,0,1,0,0,0,0,0,0,0,1,1,1,1
57689,2401,2196,450,470,2022,0.0,0,397.0,0.0,0,0,0,1,0,0,0,0,0,0,0,1,1,1,1
57699,2401,2196,450,469,2022,0.0,0,396.9,0.0,0,0,0,1,0,0,0,0,0,0,0,1,1,1,1
57709,2402,2197,449,468,2022,0.0,0,397.2,0.0,0,0,0,1,0,0,0,0,0,0,0,1,1,1,1
57719,2401,2196,451,470,2021,0.0,0,397.2,0.0,0,0,0,1,0,0,0,0,0,0,0,1,1,1,1
57729,2401,2197,449,470,2016,0.0,0,397.1,0.0,0,0,0,1,0,0,0,0,0,0,0,1,1,1,1
57739,2402,2198,451,470,2012,0.0,0,397.1,0.0,0,0,0,1,0,0,0,0,0,0,0,1,1,1,1
57749,2401,2196,451,468,2013,0.0,0,396.7,0.0,0,0,0,1,0,0,0,0,0,0,0,1,1,1,1
57759,2402,2197,449,469,2013,0.0,0,396.7,0.0,0,0,0,1,0,0,0,0,0,0,0,1,1,1,1
57769,2401,2196,449,468,2012,0.0,0,397.6,0.0,0,0,0,1,0,0,0,0,0,0,0,1,1,1,1
57779,2401,2196,449,469,2013,0.0,0,397.6,0.0,0,0,0,1,0,0,0,0,0,0,0,1,1,1,1
57789,2404,2197,451,470,2013,0.0,0,396.4,0.0,0,0,0,1,0,0,0,0,0,0,0,1,1,1,1
57799,2401,2196,450,469,2013,0.0,0,396.4,0.0,0,0,0,1,0,0,0,0,0,0,0,1,1,1,1
57809,2403,2196,451,469,2013,0.0,0,396.5,0.0,0,0,0,1,0,0,0,0,0,0,0,1,1,1,1
57819,2401,2196,450,469,2013,0.0,0,396.7,0.0,0,0,0,1,0,0,0,0,0,0,0,1,1,1,1
57829,2403,2196,448,470,2013,0.0,0,396.5,0.0,0,0,0,1,0,0,0,0,0,0,0,1,1,1,1
57839,2402,2197,451,469,2013,0.0,0,396.5,0.0,0,0,0,1,0,0,0,0,0,0,0,1,1,1,1
57849,2401,2197,449,468,2012,0.0,0,397.4,0.0,0,0,0,1,0,0,0,0,0,0,0,1,1,1,1
57859,2402,2193,449,469,2015,0.0,0,397.0,0.0,0,0,0,1,0,0,0,0,0,0,0,1,1,1,1
57869,2401,2197,450,470,2022,0.0,0,397.0,0.0,0,0,0,1,0,0,0,0,0,0,0,1,1,1,1
57879,2401,2197,450,470,2022,0.0,0,397.7,0.0,0,0,0,1,0,0,0,0,0,0,0,1,1,1,1
57889,2402,2196,450,469,2022,0.0,0,396.9,0.0,0,0,0,1,0,0,0,0,0,0,0,1,1,1,1
57899,2402,2196,450,467,2022,0.0,0,396.9,0.0,0,0,0,1,0,0,0,0,0,0,0,1,1,1,1
57909,2402,2195,449,470,2022,0.0,0,397.3,0.0,0,0,0,1,0,0,0,0,0,0,0,1,1,1,1
57919,2402,2197,450,469,2022,0.0,0,396.9,0.0,0,0,0,1,0,0,0,0,0,0,0,1,1,1,1
57929,2402,2196,449,469,2023,0.0,0,396.3,0.0,0,0,0,1,0,0,0,0,0,0,0,1,1,1,1
57939,2401,2197,450,469,2022,0.0,0,396.3,0.0,0,0,0,1,0,0,0,0,0,0,0,1,1,1,1
57949,2402,2196,450,469,2019,0.0,0,397.5,0.0,0,0,0,1,0,0,0,0,0,0,0,1,1,1,1
57959,2402,2196,450,470,2022,0.0,0,397.5,0.0,0,0,0,1,0,0,0,0,0,0,0,1,1,1,1
57969,2401,2197,450,471,2021,0.0,0,397.1,0.0,0,0,0,1,0,0,0,0,0,0,0,1,1,1,1
57979,2401,2197,453,469,2023,0.0,0,396.2,0.0,0,0,0,1,0,0,0,0,0,0,0,1,1,1,1
57989,2401,2197,450,470,2023,0.0,0,397.1,0.0,0,0,0,1,0,0,0,0,0,0,0,1,1,1,1
57999,2401,2197,450,470,2023,0.0,0,396.4,0.0,0,0,0,1,0,0,0,0,0,0,0,1,1,1,1
58009,2403,2196,450,468,2022,0.0,0,396.8,0.0,0,0,0,1,0,0,0,0,0,0,0,1,1,1,1
58019,2402,2197,450,470,2021,0.0,0,396.8,0.0,0,0,0,1,0,0,0,0,0,0,0,1,1,1,1
58029,2401,2197,451,470,2022,0.0,0,396.9,0.0,0,0,0,1,0,0,0,0,0,0,0,1,1,1,1
58039,2401,2197,449,469,2014,0.0,0,397.2,0.0,0,0,0,1,0,0,0,0,0,0,0,1,1,1,1
58049,2401,2196,449,469,2014,0.0,0,397.0,0.0,0,0,0,1,0,0,0,0,0,0,0,1,1,1,1
58059,2400,2196,450,470,2013,0.0,0,396.4,0.0,0,0,0,1,0,0,0,0,0,0,0,1,1,1,1
58069,2403,2196,450,469,2014,0.0,0,397.4,0.0,0,0,0,1,0,0,0,0,0,0,0,1,1,1,1
58079,2402,2196,451,469,2013,0.0,0,397.4,0.0,0,0,0,1,0,0,0,0,0,0,0,1,1,1,1
58089,2399,2197,449,469,2012,0.0,0,396.8,0.0,0,0,0,1,0,0,0,0,0,0,0,1,1,1,1
58099,2401,2197,450,470,2013,0.0,0,396.4,0.0,0,0,0,1,0,0,0,0,0,0,0,1,1,1,1
58109,2401,2196,447,468,2014,0.0,0,397.6,0.0,0,0,0,1,0,0,0,0,0,0,0,1,1,1,1
58119,2402,2198,449,469,2013,0.0,0,396.3,0.0,0,0,0,1,0,0,0,0,0,0,0,1,1,1,1
58129,2401,2196,450,465,2013,0.0,0,397.0,0.0,0,0,0,1,0,0,0,0,0,0,0,1,1,1,1
58139,2401,2196,449,470,2013,0.0,0,397.0,0.0,0,0,0,1,0,0,0,0,0,0,0,1,1,1,1
58149,2402,2197,450,469,2013,0.0,0,396.2,0.0,0,0,0,1,0,0,0,0,0,0,0,1,1,1,1
58159,2398,2197,450,469,2013,0.0,0,397.1,0.0,0,0,0,1,0,0,0,0,0,0,0,1,1,1,1
58169,2400,2196,449,468,2023,0.0,0,396.5,0.0,0,0,0,1,0,0,0,0,0,0,0,1,1,1,1
58179,2400,2197,449,468,2023,0.0,0,396.4,0.0,0,0,0,1,0,0,0,0,0,0,0,1,1,1,1
58189,2403,2196,452,469,2024,0.0,0,396.4,0.0,0,0,0,1,0,0,0,0,0,0,0,1,1,1,1
58199,2401,2196,449,469,2022,0.0,0,396.4,0.0,0,0,0,1,0,0,0,0,0,0,0,1,1,1,1
58209,2401,2197,451,469,2022,0.0,0,396.5,0.0,0,0,0,1,0,0,0,0,0,0,0,1,1,1,1
58219,2402,2197,451,470,2022,0.0,0,396.4,0.0,0,0,0,1,0,0,0,0,0,0,0,1,1,1,1
58229,2402,2196,451,470,2023,0.0,0,397.5,0.0,0,0,0,1,0,0,0,0,0,0,0,1,1,1,1
58239,2401,2196,450,470,2023,0.0,0,397.5,0.0,0,0,0,1,0,0,0,0,0,0,0,1,1,1,1
58250,2403,2196,450,468,2022,0.0,0,396.9,0.0,0,0,0,1,0,0,0,0,0,0,0,1,1,1,1
58261,2402,2197,450,468,2022,0.0,0,397.3,0.0,0,0,0,1,0,0,0,0,0,0,0,1,1,1,1
58271,2402,2197,450,469,2022,0.0,0,397.3,0.0,0,0,0,1,0,0,0,0,0,0,0,1,1,1,1
58326,2402,2197,450,469,2022,0.0,0,397.1,0.0,0,0,0,1,0,0,0,0,0,0,0,1,1,1,1
58336,2401,2196,451,468,2013,0.0,0,396.8,0.0,0,0,0,1,0,0,0,0,0,0,0,1,1,1,1
58346,2400,2196,448,469,2013,0.0,0,396.9,0.0,0,0,0,1,0,0,0,0,0,0,0,1,1,1,1
58357,2402,2195,451,468,2014,0.0,0,396.8,0.0,0,0,0,1,0,0,0,0,0,0,0,1,1,1,1
58367,2402,2196,449,469,2012,0.0,0,396.8,0.0,0,0,0,1,0,0,0,0,0,0,0,1,1,1,1
58377,2402,2196,451,470,2013,0.0,0,397.1,0.0,0,0,0,1,0,0,0,0,0,0,0,1,1,1,1
58387,2401,2196,450,469,2013,0.0,0,397.0,0.0,0,0,0,1,0,0,0,0,0,0,0,1,1,1,1
58397,2400,2196,450,469,2013,0.0,0,396.9,0.0,0,0,0,1,0,0,0,0,0,0,0,1,1,1,1
58407,2400,2195,451,470,2015,0.0,0,397.1,0.0,0,0,0,1,0,0,0,0,0,0,0,1,1,1,1
58417,2401,2196,450,469,2012,0.0,0,397.2,0.0,0,0,0,1,0,0,0,0,0,0,0,1,1,1,1
58427,2400,2196,450,469,2014,0.0,0,397.2,0.0,0,0,0,1,0,0,0,0,0,0,0,1,1,1,1
58437,2401,2194,450,469,2012,0.0,0,397.2,0.0,0,0,0,1,0,0,0,0,0,0,0,1,1,1,1
58447,2402,2196,452,469,2013,0.0,0,396.8,0.0,0,0,0,1,0,0,0,0,0,0,0,1,1,1,1
58457,2402,2197,450,469,2013,0.0,0,397.2,0.0,0,0,0,1,0,0,0,0,0,0,0,1,1,1,1
58467,2402,2196,449,469,2023,0.0,0,397.7,0.0,0,0,0,1,0,0,0,0,0,0,0,1,1,1,1
58477,2403,2196,449,468,2025,0.0,0,396.5,0.0,0,0,0,1,0,0,0,0,0,0,0,1,1,1,1
58487,2398,2196,449,469,2024,0.0,0,396.5,0.0,0,0,0,1,0,0,0,0,0,0,0,1,1,1,1
58497,2401,2197,450,470,2025,0.0,0,396.8,0.0,0,0,0,1,0,0,0,0,0,0,0,1,1,1,1
58507,2402,2197,450,472,2022,0.0,0,396.4,0.0,0,0,0,1,0,0,0,0,0,0,0,1,1,1,1
58517,2403,2197,449,469,2023,0.0,0,397.3,0.0,0,0,0,1,0,0,0,0,0,0,0,1,1,1,1
58527,2402,2196,450,470,2023,0.0,0,396.8,0.0,0,0,0,1,0,0,0,0,0,0,0,1,1,1,1
58537,2399,2196,450,469,2023,0.0,0,396.8,0.0,0,0,0,1,0,0,0,0,0,0,0,1,1,1,1
58547,2402,2196,449,469,2022,0.0,0,396.8,0.0,0,0,0,1,0,0,0,0,0,0,0,1,1,1,1
58557,2401,2197,451,469,2021,0.0,0,397.2,0.0,0,0,0,1,0,0,0,0,0,0,0,1,1,1,1
58567,2402,2196,451,469,2022,0.0,0,397.4,0.0,0,0,0,1,0,0,0,0,0,0,0,1,1,1,1
58577,2401,2196,451,469,2022,0.0,0,396.9,0.0,0,0,0,1,0,0,0,0,0,0,0,1,1,1,1
58587,2399,2197,451,469,2020,0.0,0,396.8,0.0,0,0,0,1,0,0,0,0,0,0,0,1,1,1,1
58597,2402,2196,448,471,2022,0.0,0,396.8,0.0,0,0,0,1,0,0,0,0,0,0,0,1,1,1,1
58607,2402,2196,451,470,2023,0.0,0,396.8,0.0,0,0,0,1,0,0,0,0,0,0,0,1,1,1,1
58617,2401,2197,450,469,2022,0.0,0,396.9,0.0,0,0,0,1,0,0,0,0,0,0,0,1,1,1,1
58627,2401,2197,451,469,2023,0.0,0,397.2,0.0,0,0,0,1,0,0,0,0,0,0,0,1,1,1,1
58637,2401,2197,450,469,2014,0.0,0,396.7,0.0,0,0,0,1,0,0,0,0,0,0,0,1,1,1,1
58647,2401,2196,449,469,2014,0.0,0,397.2,0.0,0,0,0,1,0,0,0,0,0,0,0,1,1,1,1
58657,2402,2196,450,467,2013,0.0,0,397.0,0.0,0,0,0,1,0,0,0,0,0,0,0,1,1,1,1
58667,2403,2197,450,462,2013,0.0,0,397.0,0.0,0,0,0,1,0,0,0,0,0,0,0,1,1,1,1
58677,2402,2197,450,469,2013,0.0,0,396.9,0.0,0,0,0,1,0,0,0,0,0,0,0,1,1,1,1
58687,2402,2197,450,470,2013,0.0,0,396.5,0.0,0,0,0,1,0,0,0,0,0,0,0,1,1,1,1
58697,2404,2197,450,469,2013,0.0,0,396.5,0.0,0,0,0,1,0,0,0,0,0,0,0,1,1,1,1
58707,2402,2197,449,470,2015,0.0,0,397.1,0.0,0,0,0,1,0,0,0,0,0,0,0,1,1,1,1
58717,2402,2197,449,469,2013,0.0,0,396.2,0.0,0,0,0,1,0,0,0,0,0,0,0,1,1,1,1
58727,2401,2196,451,469,2013,0.0,0,396.2,0.0,0,0,0,1,0,0,0,0,0,0,0,1,1,1,1
58737,2402,2195,453,471,2013,0.0,0,397.1,0.0,0,0,0,1,0,0,0,0,0,0,0,1,1,1,1
58747,2401,2196,450,469,2012,0.0,0,396.2,0.0,0,0,0,1,0,0,0,0,0,0,0,1,1,1,1
58757,2402,2196,449,467,2017,0.0,0,397.2,0.0,0,0,0,1,0,0,0,0,0,0,0,1,1,1,1
58767,2402,2197,449,471,2021,0.0,0,397.1,0.0,0,0,0,1,0,0,0,0,0,0,0,1,1,1,1
58777,2403,2197,450,470,2022,0.0,0,397.2,0.0,0,0,0,1,0,0,0,0,0,0,0,1,1,1,1
58787,2403,2199,450,470,2022,0.0,0,397.2,0.0,0,0,0,1,0,0,0,0,0,0,0,1,1,1,1
58797,2402,2197,450,469,2022,0.0,0,396.5,0.0,0,0,0,1,0,0,0,0,0,0,0,1,1,1,1
58807,2401,2197,450,469,2022,0.0,0,397.3,0.0,0,0,0,1,0,0,0,0,0,0,0,1,1,1,1
58817,2401,2197,448,470,2022,0.0,0,396.4,0.0,0,0,0,1,0,0,0,0,0,0,0,1,1,1,1
58827,2399,2196,450,470,2022,0.0,0,396.5,0.0,0,0,0,1,0,0,0,0,0,0,0,1,1,1,1
58837,2407,2196,451,469,2022,0.0,0,397.1,0.0,0,0,0,1,0,0,0,0,0,0,0,1,1,1,1
58847,2405,2197,451,468,2021,0.0,0,397.1,0.0,0,0,0,1,0,0,0,0,0,0,0,1,1,1,1
58857,2401,2196,448,470,2022,0.0,0,397.0,0.0,0,0,0,1,0,0,0,0,0,0,0,1,1,1,1
58867,2402,2196,451,469,2022,0.0,0,396.9,0.0,0,0,0,1,0,0,0,0,0,0,0,1,1,1,1
58877,2399,2196,450,469,2022,0.0,0,397.4,0.0,0,0,0,1,0,0,0,0,0,0,0,1,1,1,1
58887,2401,2196,450,469,2022,0.0,0,396.5,0.0,0,0,0,1,0,0,0,0,0,0,0,1,1,1,1
58897,2401,2198,450,470,2022,0.0,0,396.5,0.0,0,0,0,1,0,0,0,0,0,0,0,1,1,1,1
58907,2401,2196,450,469,2022,0.0,0,396.5,0.0,0,0,0,1,0,0,0,0,0,0,0,1,1,1,1
58917,2400,2196,450,469,2021,0.0,0,397.0,0.0,0,0,0,1,0,0,0,0,0,0,0,1,1,1,1
58927,2401,2196,450,469,2022,0.0,0,397.6,0.0,0,0,0,1,0,0,0,0,0,0,0,1,1,1,1
58937,2401,2196,450,470,2013,0.0,0,397.3,0.0,0,0,0,1,0,0,0,0,0,0,0,1,1,1,1
58947,2402,2197,451,479,2012,0.0,0,397.1,0.0,0,0,0,1,0,0,0,0,0,0,0,1,1,1,1
58957,2402,2196,450,469,2013,0.0,0,397.1,0.0,0,0,0,1,0,0,0,0,0,0,0,1,1,1,1
58967,2403,2196,449,466,2012,0.0,0,397.1,0.0,0,0,0,1,0,0,0,0,0,0,0,1,1,1,1
58977,2403,2197,451,470,2011,0.0,0,396.7,0.0,0,0,0,1,0,0,0,0,0,0,0,1,1,1,1
58987,2403,2197,449,470,2012,0.0,0,397.2,0.0,0,0,0,1,0,0,0,0,0,0,0,1,1,1,1
58997,2402,2195,451,470,2012,0.0,0,396.0,0.0,0,0,0,1,0,0,0,0,0,0,0,1,1,1,1
59007,2402,2196,451,467,2011,0.0,0,396.4,0.0,0,0,0,1,0,0,0,0,0,0,0,1,1,1,1
59017,2400,2196,449,469,2016,0.0,0,397.0,0.0,0,0,0,1,0,0,0,0,0,0,0,1,1,1,1
59027,2404,2196,450,469,2014,0.0,0,397.0,0.0,0,0,0,1,0,0,0,0,0,0,0,1,1,1,1
59037,2401,2196,450,470,2012,0.0,0,397.0,0.0,0,0,0,1,0,0,0,0,0,0,0,1,1,1,1
59047,2401,2197,451,469,2013,0.0,0,396.9,0.0,0,0,0,1,0,0,0,0,0,0,0,1,1,1,1
59057,2401,2197,450,473,2013,0.0,0,396.9,0.0,0,0,0,1,0,0,0,0,0,0,0,1,1,1,1
59067,2402,2196,450,469,2012,0.0,0,397.0,0.0,0,0,0,1,0,0,0,0,0,0,0,1,1,1,1
59077,2401,2196,449,470,2022,0.0,0,397.0,0.0,0,0,0,1,0,0,0,0,0,0,0,1,1,1,1
59087,2403,2197,450,469,2021,0.0,0,397.0,0.0,0,0,0,1,0,0,0,0,0,0,0,1,1,1,1
59097,2402,2196,450,470,2022,0.0,0,396.8,0.0,0,0,0,1,0,0,0,0,0,0,0,1,1,1,1
59107,2401,2196,451,468,2022,0.0,0,396.9,0.0,0,0,0,1,0,0,0,0,0,0,0,1,1,1,1
59117,2402,2197,451,470,2022,0.0,0,396.5,0.0,0,0,0,1,0,0,0,0,0,0,0,1,1,1,1
59127,2401,2197,450,472,2023,0.0,0,396.8,0.0,0,0,0,1,0,0,0,0,0,0,0,1,1,1,1
59137,2402,2196,449,469,2022,0.0,0,397.3,0.0,0,0,0,1,0,0,0,0,0,0,0,1,1,1,1
59147,2403,2196,449,470,2022,0.0,0,397.3,0.0,0,0,0,1,0,0,0,0,0,0,0,1,1,1,1
59157,2401,2196,450,471,2023,0.0,0,396.5,0.0,0,0,0,1,0,0,0,0,0,0,0,1,1,1,1
59167,2402,2196,450,470,2022,0.0,0,396.9,0.0,0,0,0,1,0,0,0,0,0,0,0,1,1,1,1
59177,2401,2197,450,469,2022,0.0,0,396.9,0.0,0,0,0,1,0,0,0,0,0,0,0,1,1,1,1
59187,2402,2197,450,469,2022,0.0,0,397.0,0.0,0,0,0,1,0,0,0,0,0,0,0,1,1,1,1
59197,2402,2197,449,470,2024,0.0,0,396.8,0.0,0,0,0,1,0,0,0,0,0,0,0,1,1,1,1
59207,2402,2196,449,469,2020,0.0,0,396.8,0.0,0,0,0,1,0,0,0,0,0,0,0,1,1,1,1
59217,2401,2196,451,469,2024,0.0,0,397.3,0.0,0,0,0,1,0,0,0,0,0,0,0,1,1,1,1
59227,2402,2196,450,469,2022,0.0,0,396.2,0.0,0,0,0,1,0,0,0,0,0,0,0,1,1,1,1
59237,2403,2193,450,469,2022,0.0,0,397.0,0.0,0,0,0,1,0,0,0,0,0,0,0,1,1,1,1
59247,2402,2197,450,469,2013,0.0,0,396.8,0.0,0,0,0,1,0,0,0,0,0,0,0,1,1,1,1
59257,2403,2196,449,468,2013,0.0,0,396.7,0.0,0,0,0,1,0,0,0,0,0,0,0,1,1,1,1
59267,2403,2197,448,469,2012,0.0,0,396.7,0.0,0,0,0,1,0,0,0,0,0,0,0,1,1,1,1
59277,2402,2197,450,470,2013,0.0,0,397.3,0.0,0,0,0,1,0,0,0,0,0,0,0,1,1,1,1
59287,2401,2196,450,470,2013,0.0,0,397.2,0.0,0,0,0,1,0,0,0,0,0,0,0,1,1,1,1
59297,2402,2196,449,467,2013,0.0,0,396.8,0.0,0,0,0,1,0,0,0,0,0,0,0,1,1,1,1
59307,2401,2196,450,468,2012,0.0,0,397.4,0.0,0,0,0,1,0,0,0,0,0,0,0,1,1,1,1
59317,2402,2195,450,468,2013,0.0,0,397.4,0.0,0,0,0,1,0,0,0,0,0,0,0,1,1,1,1
59327,2401,2196,450,469,2013,0.0,0,397.4,0.0,0,0,0,1,0,0,0,0,0,0,0,1,1,1,1
59337,2401,2199,447,469,2013,0.0,0,397.9,0.0,0,0,0,1,0,0,0,0,0,0,0,1,1,1,1
59347,2401,2196,451,469,2013,0.0,0,397.2,0.0,0,0,0,1,0,0,0,0,0,0,0,1,1,1,1
59357,2401,2199,450,471,2012,0.0,0,397.1,0.0,0,0,0,1,0,0,0,0,0,0,0,1,1,1,1
59367,2402,2196,450,469,2013,0.0,0,397.6,0.0,0,0,0,1,0,0,0,0,0,0,0,1,1,1,1
59377,2403,2197,450,470,2022,0.0,0,397.6,0.0,0,0,0,1,0,0,0,0,0,0,0,1,1,1,1
59387,2401,2196,450,470,2022,0.0,0,397.6,0.0,0,0,0,1,0,0,0,0,0,0,0,1,1,1,1
59397,2401,2196,451,469,2022,0.0,0,397.6,0.0,0,0,0,1,0,0,0,0,0,0,0,1,1,1,1
59407,2400,2196,449,469,2022,0.0,0,397.3,0.0,0,0,0,1,0,0,0,0,0,0,0,1,1,1,1
59417,2402,2196,448,468,2022,0.0,0,396.9,0.0,0,0,0,1,0,0,0,0,0,0,0,1,1,1,1
59427,2401,2195,450,469,2023,0.0,0,397.0,0.0,0,0,0,1,0,0,0,0,0,0,0,1,1,1,1
59437,2402,2197,449,471,2022,0.0,0,397.0,0.0,0,0,0,1,0,0,0,0,0,0,0,1,1,1,1
59447,2401,2196,449,469,2023,0.0,0,397.0,0.0,0,0,0,1,0,0,0,0,0,0,0,1,1,1,1
59457,2401,2196,450,469,2022,0.0,0,396.8,0.0,0,0,0,1,0,0,0,0,0,0,0,1,1,1,1
59467,2401,2197,450,470,2023,0.0,0,397.3,0.0,0,0,0,1,0,0,0,0,0,0,0,1,1,1,1
59477,2402,2197,450,469,2022,0.0,0,397.7,0.0,0,0,0,1,0,0,0,0,0,0,0,1,1,1,1
59487,2401,2197,450,469,2023,0.0,0,396.8,0.0,0,0,0,1,0,0,0,0,0,0,0,1,1,1,1
59497,2403,2196,449,469,2021,0.0,0,396.8,0.0,0,0,0,1,0,0,0,0,0,0,0,1,1,1,1
59507,2402,2196,451,469,2023,0.0,0,396.8,0.0,0,0,0,1,0,0,0,0,0,0,0,1,1,1,1
59517,2406,2196,449,469,2023,0.0,0,396.7,0.0,0,0,0,1,0,0,0,0,0,0,0,1,1,1,1
59527,2401,2196,450,469,2023,0.0,0,397.4,0.0,0,0,0,1,0,0,0,0,0,0,0,1,1,1,1
59538,2401,2197,450,469,2023,0.0,0,396.3,0.0,0,0,0,1,0,0,0,0,0,0,0,1,1,1,1
59548,2401,2196,449,469,2014,0.0,0,397.0,0.0,0,0,0,1,0,0,0,0,0,0,0,1,1,1,1
59558,2400,2197,450,465,2014,0.0,0,396.5,0.0,0,0,0,1,0,0,0,0,0,0,0,1,1,1,1
59569,2401,2197,450,470,2014,0.0,0,396.2,0.0,0,0,0,1,0,0,0,0,0,0,0,1,1,1,1
59579,2401,2196,450,467,2013,0.0,0,396.2,0.0,0,0,0,1,0,0,0,0,0,0,0,1,1,1,1
59589,2401,2196,450,470,2012,0.0,0,396.9,0.0,0,0,0,1,0,0,0,0,0,0,0,1,1,1,1
59599,2400,2196,450,469,2010,0.0,0,397.4,0.0,0,0,0,1,0,0,0,0,0,0,0,1,1,1,1
59609,2401,2196,450,470,2013,0.0,0,397.2,0.0,0,0,0,1,0,0,0,0,0,0,0,1,1,1,1
59619,2401,2198,449,470,2013,0.0,0,397.2,0.0,0,0,0,1,0,0,0,0,0,0,0,1,1,1,1
59629,2402,2196,450,468,2015,0.0,0,396.8,0.0,0,0,0,1,0,0,0,0,0,0,0,1,1,1,1
59639,2401,2197,449,469,2014,0.0,0,396.8,0.0,0,0,0,1,0,0,0,0,0,0,0,1,1,1,1
59649,2402,2197,448,468,2014,0.0,0,397.7,0.0,0,0,0,1,0,0,0,0,0,0,0,1,1,1,1
59659,2401,2197,448,469,2012,0.0,0,396.3,0.0,0,0,0,1,0,0,0,0,0,0,0,1,1,1,1
59669,2401,2196,451,470,2014,0.0,0,397.6,0.0,0,0,0,1,0,0,0,0,0,0,0,1,1,1,1
59679,2401,2197,449,471,2022,0.0,0,396.7,0.0,0,0,0,1,0,0,0,0,0,0,0,1,1,1,1
59689,2403,2196,450,470,2022,0.0,0,396.8,0.0,0,0,0,1,0,0,0,0,0,0,0,1,1,1,1
59699,2401,2196,450,470,2022,0.0,0,396.8,0.0,0,0,0,1,0,0,0,0,0,0,0,1,1,1,1
59709,2402,2194,450,469,2022,0.0,0,396.4,0.0,0,0,0,1,0,0,0,0,0,0,0,1,1,1,1
59719,2402,2197,452,469,2022,0.0,0,397.0,0.0,0,0,0,1,0,0,0,0,0,0,0,1,1,1,1
59729,2404,2197,450,469,2023,0.0,0,397.0,0.0,0,0,0,1,0,0,0,0,0,0,0,1,1,1,1
59739,2401,2196,448,468,2022,0.0,0,397.0,0.0,0,0,0,1,0,0,0,0,0,0,0,1,1,1,1
59749,2402,2196,451,468,2023,0.0,0,397.2,0.0,0,0,0,1,0,0,0,0,0,0,0,1,1,1,1
59759,2403,2197,450,470,2022,0.0,0,397.2,0.0,0,0,0,1,0,0,0,0,0,0,0,1,1,1,1
59769,2401,2197,450,470,2023,0.0,0,396.5,0.0,0,0,0,1,0,0,0,0,0,0,0,1,1,1,1
59779,2401,2197,449,470,2023,0.0,0,396.4,0.0,0,0,0,1,0,0,0,0,0,0,0,1,1,1,1
59789,2401,2196,448,469,2023,0.0,0,397.4,0.0,0,0,0,1,0,0,0,0,0,0,0,1,1,1,1
59799,2401,2196,449,469,2023,0.0,0,397.4,0.0,0,0,0,1,0,0,0,0,0,0,0,1,1,1,1
59809,2403,2196,452,469,2020,0.0,0,396.9,0.0,0,0,0,1,0,0,0,0,0,0,0,1,1,1,1
59819,2400,2197,450,470,2022,0.0,0,396.9,0.0,0,0,0,1,0,0,0,0,0,0,0,1,1,1,1
59829,2401,2196,450,469,2023,0.0,0,396.9,0.0,0,0,0,1,0,0,0,0,0,0,0,1,1,1,1
59839,2401,2194,450,469,2022,0.0,0,397.5,0.0,0,0,0,1,0,0,0,0,0,0,0,1,1,1,1
59849,2402,2196,450,469,2013,0.0,0,396.1,0.0,0,0,0,1,0,0,0,0,0,0,0,1,1,1,1
59859,2401,2196,451,468,2013,0.0,0,396.1,0.0,0,0,0,1,0,0,0,0,0,0,0,1,1,1,1
59869,2403,2196,450,468,2013,0.0,0,397.1,0.0,0,0,0,1,0,0,0,0,0,0,0,1,1,1,1
59879,2400,2197,450,470,2013,0.0,0,397.1,0.0,0,0,0,1,0,0,0,0,0,0,0,1,1,1,1
59889,2402,2197,450,469,2012,0.0,0,397.6,0.0,0,0,0,1,0,0,0,0,0,0,0,1,1,1,1
59899,2401,2196,449,470,2013,0.0,0,396.9,0.0,0,0,0,1,0,0,0,0,0,0,0,1,1,1,1
59909,2401,2196,450,470,2014,0.0,0,397.3,0.0,0,0,0,1,0,0,0,0,0,0,0,1,1,1,1
59919,2401,2196,450,468,2014,0.0,0,397.3,0.0,0,0,0,1,0,0,0,0,0,0,0,1,1,1,1
59929,2402,2196,450,470,2014,0.0,0,397.0,0.0,0,0,0,1,0,0,0,0,0,0,0,1,1,1,1
59939,2401,2197,450,470,2013,0.0,0,397.0,0.0,0,0,0,1,0,0,0,0,0,0,0,1,1,1,1
59949,2401,2197,451,470,2013,0.0,0,397.3,0.0,0,0,0,1,0,0,0,0,0,0,0,1,1,1,1
59959,2401,2196,450,469,2013,0.0,0,397.0,0.0,0,0,0,1,0,0,0,0,0,0,0,1,1,1,1
59969,2402,2197,450,470,2016,0.0,0,396.2,0.0,0,0,0,1,0,0,0,0,0,0,0,1,1,1,1
59979,2400,2197,450,470,2022,0.0,0,396.2,0.0,0,0,0,1,0,0,0,0,0,0,0,1,1,1,1
59989,2402,2196,450,469,2022,0.0,0,396.5,0.0,0,0,0,1,0,0,0,0,0,0,0,1,1,1,1
59999,2403,2197,451,469,2023,0.0,0,396.5,0.0,0,0,0,1,0,0,0,0,0,0,0,1,1,1,1
60009,2402,2197,450,468,2023,0.0,0,397.2,0.0,0,0,0,1,0,0,0,0,0,0,0,1,1,1,1
60019,2399,2196,451,470,2023,0.0,0,396.8,0.0,0,0,0,1,0,0,0,0,0,0,0,1,1,1,1
60029,2401,2196,449,471,2022,0.0,0,397.4,0.0,0,0,0,1,0,0,0,0,0,0,0,1,1,1,1
60039,2402,2197,450,469,2022,0.0,0,396.8,0.0,0,0,0,1,0,0,0,0,0,0,0,1,1,1,1
60049,2401,2197,450,468,2022,0.0,0,396.8,0.0,0,0,0,1,0,0,0,0,0,0,0,1,1,1,1
60059,2402,2196,449,470,2023,0.0,0,396.8,0.0,0,0,0,1,0,0,0,0,0,0,0,1,1,1,1
60069,2402,2196,449,470,2023,0.0,0,396.3,0.0,0,0,0,1,0,0,0,0,0,0,0,1,1,1,1
60079,2402,2197,450,469,2022,0.0,0,396.7,0.0,0,0,0,1,0,0,0,0,0,0,0,1,1,1,1
60089,2401,2198,448,468,2022,0.0,0,397.0,0.0,0,0,0,1,0,0,0,0,0,0,0,1,1,1,1
60099,2402,2196,451,469,2025,0.0,0,396.4,0.0,0,0,0,1,0,0,0,0,0,0,0,1,1,1,1
60109,2404,2196,451,469,2022,0.0,0,397.0,0.0,0,0,0,1,0,0,0,0,0,0,0,1,1,1,1
60119,2403,2196,450,470,2023,0.0,0,397.0,0.0,0,0,0,1,0,0,0,0,0,0,0,1,1,1,1
60129,2401,2196,450,468,2023,0.0,0,396.7,0.0,0,0,0,1,0,0,0,0,0,0,0,1,1,1,1
60139,2402,2197,450,469,2023,0.0,0,396.9,0.0,0,0,0,1,0,0,0,0,0,0,0,1,1,1,1
60150,2403,2196,448,469,2013,0.0,0,396.1,0.0,0,0,0,1,0,0,0,0,0,0,0,1,1,1,1
60160,2402,2196,449,471,2012,0.0,0,396.1,0.0,0,0,0,1,0,0,0,0,0,0,0,1,1,1,1
60170,2401,2197,450,469,2016,0.0,0,396.3,0.0,0,0,0,1,0,0,0,0,0,0,0,1,1,1,1
60181,2402,2196,449,468,2014,0.0,0,397.2,0.0,0,0,0,1,0,0,0,0,0,0,0,1,1,1,1
60191,2401,2197,450,470,2013,0.0,0,397.2,0.0,0,0,0,1,0,0,0,0,0,0,0,1,1,1,1
60201,2402,2196,450,469,2013,0.0,0,396.9,0.0,0,0,0,1,0,0,0,0,0,0,0,1,1,1,1
60211,2402,2198,452,470,2014,0.0,0,396.8,0.0,0,0,0,1,0,0,0,0,0,0,0,1,1,1,1
60221,2401,2197,450,469,2012,0.0,0,396.7,0.0,0,0,0,1,0,0,0,0,0,0,0,1,1,1,1
60231,2400,2196,450,467,2015,0.0,0,397.2,0.0,0,0,0,1,0,0,0,0,0,0,0,1,1,1,1
60241,2403,2197,452,469,2011,0.0,0,396.8,0.0,0,0,0,1,0,0,0,0,0,0,0,1,1,1,1
60251,2401,2196,452,469,2013,0.0,0,396.8,0.0,0,0,0,1,0,0,0,0,0,0,0,1,1,1,1
60261,2402,2197,454,468,2014,0.0,0,396.5,0.0,0,0,0,1,0,0,0,0,0,0,0,1,1,1,1
60271,2401,2193,449,470,2014,0.0,0,397.5,0.0,0,0,0,1,0,0,0,0,0,0,0,1,1,1,1
60281,2399,2196,449,469,2023,0.0,0,397.5,0.0,0,0,0,1,0,0,0,0,0,0,0,1,1,1,1
60291,2400,2196,451,469,2024,0.0,0,397.2,0.0,0,0,0,1,0,0,0,0,0,0,0,1,1,1,1
60301,2398,2192,448,468,2021,0.0,0,396.9,0.0,0,0,0,1,0,0,0,0,0,0,0,1,1,1,1
60311,2400,2196,448,470,2022,0.0,0,396.9,0.0,0,0,0,1,0,0,0,0,0,0,0,1,1,1,1
60321,2402,2196,451,469,2022,0.0,0,397.6,0.0,0,0,0,1,0,0,0,0,0,0,0,1,1,1,1
60331,2401,2196,450,472,2022,0.0,0,396.3,0.0,0,0,0,1,0,0,0,0,0,0,0,1,1,1,1
60341,2400,2196,450,470,2023,0.0,0,397.0,0.0,0,0,0,1,0,0,0,0,0,0,0,1,1,1,1
60351,2401,2196,450,468,2024,0.0,0,397.3,0.0,0,0,0,1,0,0,0,0,0,0,0,1,1,1,1
60361,2402,2196,449,469,2022,0.0,0,397.4,0.0,0,0,0,1,0,0,0,0,0,0,0,1,1,1,1
60371,2402,2196,451,470,2022,0.0,0,397.4,0.0,0,0,0,1,0,0,0,0,0,0,0,1,1,1,1
60381,2402,2195,450,469,2021,0.0,0,397.4,0.0,0,0,0,1,0,0,0,0,0,0,0,1,1,1,1
60391,2402,2198,449,469,2024,0.0,0,397.6,0.0,0,0,0,1,0,0,0,0,0,0,0,1,1,1,1
60401,2402,2197,445,470,2023,0.0,0,397.6,0.0,0,0,0,1,0,0,0,0,0,0,0,1,1,1,1
60411,2401,2196,450,470,2024,0.0,0,397.3,0.0,0,0,0,1,0,0,0,0,0,0,0,1,1,1,1
60421,2402,2196,449,470,2022,0.0,0,396.9,0.0,0,0,0,1,0,0,0,0,0,0,0,1,1,1,1
60431,2402,2196,450,470,2022,0.0,0,396.9,0.0,0,0,0,1,0,0,0,0,0,0,0,1,1,1,1
60441,2401,2197,450,470,2024,0.0,0,397.2,0.0,0,0,0,1,0,0,0,0,0,0,0,1,1,1,1
60451,2401,2196,449,470,2015,0.0,0,396.2,0.0,0,0,0,1,0,0,0,0,0,0,0,1,1,1,1
60461,2401,2196,450,469,2014,0.0,0,396.2,0.0,0,0,0,1,0,0,0,0,0,0,0,1,1,1,1
60471,2401,2196,449,470,2015,0.0,0,397.2,0.0,0,0,0,1,0,0,0,0,0,0,0,1,1,1,1
60481,2402,2197,450,471,2014,0.0,0,397.2,0.0,0,0,0,1,0,0,0,0,0,0,0,1,1,1,1
60491,2401,2196,450,470,2013,0.0,0,397.2,0.0,0,0,0,1,0,0,0,0,0,0,0,1,1,1,1
60501,2401,2196,451,468,2015,0.0,0,396.4,0.0,0,0,0,1,0,0,0,0,0,0,0,1,1,1,1
60511,2400,2197,451,469,2015,0.0,0,396.7,0.0,0,0,0,1,0,0,0,0,0,0,0,1,1,1,1
60521,2401,2196,448,469,2014,0.0,0,396.7,0.0,0,0,0,1,0,0,0,0,0,0,0,1,1,1,1
60531,2401,2196,449,469,2016,0.0,0,397.4,0.0,0,0,0,1,0,0,0,0,0,0,0,1,1,1,1
60541,2402,2197,449,470,2013,0.0,0,397.3,0.0,0,0,0,1,0,0,0,0,0,0,0,1,1,1,1
60551,2401,2197,449,468,2013,0.0,0,397.3,0.0,0,0,0,1,0,0,0,0,0,0,0,1,1,1,1
60561,2401,2197,449,469,2013,0.0,0,396.5,0.0,0,0,0,1,0,0,0,0,0,0,0,1,1,1,1
60571,2401,2196,450,469,2014,0.0,0,397.0,0.0,0,0,0,1,0,0,0,0,0,0,0,1,1,1,1
60581,2402,2196,452,468,2023,0.0,0,397.5,0.0,0,0,0,1,0,0,0,0,0,0,0,1,1,1,1
60591,2401,2197,450,470,2023,0.0,0,396.9,0.0,0,0,0,1,0,0,0,0,0,0,0,1,1,1,1
60601,2403,2196,448,469,2022,0.0,0,397.1,0.0,0,0,0,1,0,0,0,0,0,0,0,1,1,1,1
60611,2401,2196,450,468,2022,0.0,0,397.1,0.0,0,0,0,1,0,0,0,0,0,0,0,1,1,1,1
60621,2401,2197,450,470,2023,0.0,0,396.8,0.0,0,0,0,1,0,0,0,0,0,0,0,1,1,1,1
60631,2402,2196,449,470,2022,0.0,0,397.0,0.0,0,0,0,1,0,0,0,0,0,0,0,1,1,1,1
60641,2402,2196,450,469,2023,0.0,0,397.0,0.0,0,0,0,1,0,0,0,0,0,0,0,1,1,1,1
60651,2401,2196,451,470,2023,0.0,0,397.0,0.0,0,0,0,1,0,0,0,0,0,0,0,1,1,1,1
60661,2402,2196,448,469,2021,0.0,0,397.1,0.0,0,0,0,1,0,0,0,0,0,0,0,1,1,1,1
60671,2402,2196,449,467,2022,0.0,0,397.1,0.0,0,0,0,1,0,0,0,0,0,0,0,1,1,1,1
60681,2403,2197,448,470,2023,0.0,0,396.9,0.0,0,0,0,1,0,0,0,0,0,0,0,1,1,1,1
60691,2402,2196,450,469,2026,0.0,0,396.4,0.0,0,0,0,1,0,0,0,0,0,0,0,1,1,1,1
60701,2401,2197,450,470,2022,0.0,0,396.9,0.0,0,0,0,1,0,0,0,0,0,0,0,1,1,1,1
60711,2403,2197,449,470,2024,0.0,0,396.8,0.0,0,0,0,1,0,0,0,0,0,0,0,1,1,1,1
60721,2403,2196,450,469,2023,0.0,0,396.8,0.0,0,0,0,1,0,0,0,0,0,0,0,1,1,1,1
60731,2403,2196,450,468,2023,0.0,0,396.8,0.0,0,0,0,1,0,0,0,0,0,0,0,1,1,1,1
60741,2403,2197,450,470,2023,0.0,0,397.4,0.0,0,0,0,1,0,0,0,0,0,0,0,1,1,1,1
60751,2403,2197,451,469,2016,0.0,0,397.5,0.0,0,0,0,1,0,0,0,0,0,0,0,1,1,1,1
60761,2402,2197,451,470,2013,0.0,0,397.1,0.0,0,0,0,1,0,0,0,0,0,0,0,1,1,1,1
60771,2401,2196,450,470,2015,0.0,0,396.7,0.0,0,0,0,1,0,0,0,0,0,0,0,1,1,1,1
60782,2400,2197,451,469,2013,0.0,0,396.9,0.0,0,0,0,1,0,0,0,0,0,0,0,1,1,1,1
60793,2403,2196,448,469,2016,0.0,0,396.8,0.0,0,0,0,1,0,0,0,0,0,0,0,1,1,1,1
60803,2402,2196,451,469,2013,0.0,0,396.8,0.0,0,0,0,1,0,0,0,0,0,0,0,1,1,1,1
60815,2402,2196,451,471,2014,0.0,0,397.3,0.0,0,0,0,1,0,0,0,0,0,0,0,1,1,1,1
60825,2401,2199,450,469,2013,0.0,0,397.3,0.0,0,0,0,1,0,0,0,0,0,0,0,1,1,1,1
60836,2402,2197,449,470,2016,0.0,0,396.4,0.0,0,0,0,1,0,0,0,0,0,0,0,1,1,1,1
60846,2402,2197,450,470,2014,0.0,0,396.8,0.0,0,0,0,1,0,0,0,0,0,0,0,1,1,1,1
60856,2402,2197,450,468,2013,0.0,0,397.0,0.0,0,0,0,1,0,0,0,0,0,0,0,1,1,1,1
60866,2402,2197,450,469,2013,0.0,0,396.8,0.0,0,0,0,1,0,0,0,0,0,0,0,1,1,1,1
60876,2401,2196,450,470,2014,0.0,0,396.8,0.0,0,0,0,1,0,0,0,0,0,0,0,1,1,1,1
60886,2402,2196,450,470,2024,0.0,0,397.3,0.0,0,0,0,1,0,0,0,0,0,0,0,1,1,1,1
60896,2401,2197,450,471,2022,0.0,0,397.1,0.0,0,0,0,1,0,0,0,0,0,0,0,1,1,1,1
60906,2401,2196,451,469,2025,0.0,0,397.0,0.0,0,0,0,1,0,0,0,0,0,0,0,1,1,1,1
60916,2402,2196,447,470,2023,0.0,0,397.0,0.0,0,0,0,1,0,0,0,0,0,0,0,1,1,1,1
60926,2401,2197,451,471,2022,0.0,0,396.9,0.0,0,0,0,1,0,0,0,0,0,0,0,1,1,1,1
60936,2402,2197,450,470,2022,0.0,0,396.9,0.0,0,0,0,1,0,0,0,0,0,0,0,1,1,1,1
60946,2402,2197,451,469,2022,0.0,0,397.0,0.0,0,0,0,1,0,0,0,0,0,0,0,1,1,1,1
60956,2405,2196,448,470,2022,0.0,0,396.8,0.0,0,0,0,1,0,0,0,0,0,0,0,1,1,1,1
60966,2402,2196,449,469,2022,0.0,0,397.4,0.0,0,0,0,1,0,0,0,0,0,0,0,1,1,1,1
60976,2401,2196,450,469,2022,0.0,0,397.2,0.0,0,0,0,1,0,0,0,0,0,0,0,1,1,1,1
60986,2403,2196,453,469,2022,0.0,0,396.5,0.0,0,0,0,1,0,0,0,0,0,0,0,1,1,1,1
60996,2403,2197,451,468,2022,0.0,0,396.5,0.0,0,0,0,1,0,0,0,0,0,0,0,1,1,1,1
61006,2402,2196,450,468,2022,0.0,0,396.5,0.0,0,0,0,1,0,0,0,0,0,0,0,1,1,1,1
61016,2401,2197,448,470,2023,0.0,0,396.9,0.0,0,0,0,1,0,0,0,0,0,0,0,1,1,1,1
61026,2401,2196,450,468,2021,0.0,0,396.1,0.0,0,0,0,1,0,0,0,0,0,0,0,1,1,1,1
61036,2401,2196,450,470,2022,0.0,0,396.3,0.0,0,0,0,1,0,0,0,0,0,0,0,1,1,1,1
61046,2401,2193,449,469,2022,0.0,0,396.4,0.0,0,0,0,1,0,0,0,0,0,0,0,1,1,1,1
61056,2401,2197,450,470,2013,0.0,0,396.4,0.0,0,0,0,1,0,0,0,0,0,0,0,1,1,1,1
61066,2402,2197,450,469,2014,0.0,0,396.4,0.0,0,0,0,1,0,0,0,0,0,0,0,1,1,1,1
61076,2402,2195,448,468,2013,0.0,0,396.9,0.0,0,0,0,1,0,0,0,0,0,0,0,1,1,1,1
61086,2402,2194,450,470,2013,0.0,0,396.9,0.0,0,0,0,1,0,0,0,0,0,0,0,1,1,1,1
61096,2401,2197,449,469,2014,0.0,0,396.3,0.0,0,0,0,1,0,0,0,0,0,0,0,1,1,1,1
61106,2401,2197,449,470,2013,0.0,0,396.8,0.0,0,0,0,1,0,0,0,0,0,0,0,1,1,1,1
61117,2401,2196,449,468,2011,0.0,0,397.6,0.0,0,0,0,1,0,0,0,0,0,0,0,1,1,1,1
61127,2402,2194,450,469,2015,0.0,0,397.6,0.0,0,0,0,1,0,0,0,0,0,0,0,1,1,1,1
61137,2401,2197,449,471,2013,0.0,0,397.7,0.0,0,0,0,1,0,0,0,0,0,0,0,1,1,1,1
61147,2401,2196,449,469,2015,0.0,0,396.5,0.0,0,0,0,1,0,0,0,0,0,0,0,1,1,1,1
61157,2402,2197,449,469,2014,0.0,0,397.4,0.0,0,0,0,1,0,0,0,0,0,0,0,1,1,1,1
61167,2401,2197,450,469,2013,0.0,0,396.8,0.0,0,0,0,1,0,0,0,0,0,0,0,1,1,1,1
61177,2403,2196,449,469,2013,0.0,0,397.6,0.0,0,0,0,1,0,0,0,0,0,0,0,1,1,1,1
61187,2401,2196,449,469,2023,0.0,0,397.6,0.0,0,0,0,1,0,0,0,0,0,0,0,1,1,1,1
61197,2401,2197,449,469,2023,0.0,0,396.8,0.0,0,0,0,1,0,0,0,0,0,0,0,1,1,1,1
61207,2404,2197,450,468,2023,0.0,0,397.1,0.0,0,0,0,1,0,0,0,0,0,0,0,1,1,1,1
61217,2402,2197,449,469,2023,0.0,0,397.5,0.0,0,0,0,1,0,0,0,0,0,0,0,1,1,1,1
61227,2401,2197,450,469,2021,0.0,0,397.0,0.0,0,0,0,1,0,0,0,0,0,0,0,1,1,1,1
61237,2401,2196,450,468,2023,0.0,0,397.4,0.0,0,0,0,1,0,0,0,0,0,0,0,1,1,1,1
61247,2401,2197,450,470,2023,0.0,0,397.4,0.0,0,0,0,1,0,0,0,0,0,0,0,1,1,1,1
61257,2402,2197,450,468,2023,0.0,0,397.2,0.0,0,0,0,1,0,0,0,0,0,0,0,1,1,1,1
61267,2401,2197,452,470,2023,0.0,0,397.3,0.0,0,0,0,1,0,0,0,0,0,0,0,1,1,1,1
61277,2402,2196,448,470,2022,0.0,0,397.5,0.0,0,0,0,1,0,0,0,0,0,0,0,1,1,1,1
61287,2400,2195,451,468,2020,0.0,0,396.5,0.0,0,0,0,1,0,0,0,0,0,0,0,1,1,1,1
61297,2402,2196,450,468,2023,0.0,0,396.5,0.0,0,0,0,1,0,0,0,0,0,0,0,1,1,1,1
61307,2400,2196,448,467,2023,0.0,0,396.5,0.0,0,0,0,1,0,0,0,0,0,0,0,1,1,1,1
61317,2399,2196,450,468,2023,0.0,0,397.6,0.0,0,0,0,1,0,0,0,0,0,0,0,1,1,1,1
61327,2400,2196,449,469,2022,0.0,0,396.9,0.0,0,0,0,1,0,0,0,0,0,0,0,1,1,1,1
61337,2402,2196,449,468,2023,0.0,0,397.4,0.0,0,0,0,1,0,0,0,0,0,0,0,1,1,1,1
61347,2400,2196,450,469,2022,0.0,0,396.5,0.0,0,0,0,1,0,0,0,0,0,0,0,1,1,1,1
61357,2402,2195,449,467,2012,0.0,0,396.9,0.0,0,0,0,1,0,0,0,0,0,0,0,1,1,1,1
61367,2403,2197,449,468,2013,0.0,0,396.9,0.0,0,0,0,1,0,0,0,0,0,0,0,1,1,1,1
61377,2401,2196,449,465,2014,0.0,0,397.1,0.0,0,0,0,1,0,0,0,0,0,0,0,1,1,1,1
61387,2401,2196,450,469,2014,0.0,0,397.0,0.0,0,0,0,1,0,0,0,0,0,0,0,1,1,1,1
61397,2402,2197,449,470,2013,0.0,0,397.2,0.0,0,0,0,1,0,0,0,0,0,0,0,1,1,1,1
61407,2401,2197,450,469,2014,0.0,0,397.2,0.0,0,0,0,1,0,0,0,0,0,0,0,1,1,1,1
61417,2404,2197,450,470,2014,0.0,0,397.3,0.0,0,0,0,1,0,0,0,0,0,0,0,1,1,1,1
61427,2400,2199,450,469,2015,0.0,0,397.3,0.0,0,0,0,1,0,0,0,0,0,0,0,1,1,1,1
61437,2401,2196,450,470,2014,0.0,0,396.9,0.0,0,0,0,1,0,0,0,0,0,0,0,1,1,1,1
61447,2403,2196,451,469,2013,0.0,0,397.6,0.0,0,0,0,1,0,0,0,0,0,0,0,1,1,1,1
61457,2400,2197,447,469,2015,0.0,0,396.9,0.0,0,0,0,1,0,0,0,0,0,0,0,1,1,1,1
61467,2405,2197,452,470,2014,0.0,0,396.3,0.0,0,0,0,1,0,0,0,0,0,0,0,1,1,1,1
61478,2402,2196,449,469,2014,0.0,0,396.4,0.0,0,0,0,1,0,0,0,0,0,0,0,1,1,1,1
61489,2402,2196,450,469,2022,0.0,0,396.5,0.0,0,0,0,1,0,0,0,0,0,0,0,1,1,1,1
61499,2404,2197,450,471,2023,0.0,0,396.5,0.0,0,0,0,1,0,0,0,0,0,0,0,1,1,1,1
61509,2401,2196,450,470,2023,0.0,0,396.5,0.0,0,0,0,1,0,0,0,0,0,0,0,1,1,1,1
61519,2401,2196,449,469,2023,0.0,0,396.8,0.0,0,0,0,1,0,0,0,0,0,0,0,1,1,1,1
61529,2401,2196,450,471,2012,0.0,0,396.9,0.0,0,0,0,1,0,0,0,0,0,0,0,1,1,1,1
61539,2401,2196,450,470,2022,0.0,0,397.6,0.0,0,0,0,1,0,0,0,0,0,0,0,1,1,1,1
61549,2402,2196,449,470,2022,0.0,0,397.2,0.0,0,0,0,1,0,0,0,0,0,0,0,1,1,1,1
61559,2401,2196,449,468,2022,0.0,0,397.2,0.0,0,0,0,1,0,0,0,0,0,0,0,1,1,1,1
61569,2401,2197,450,470,2023,0.0,0,396.7,0.0,0,0,0,1,0,0,0,0,0,0,0,1,1,1,1
61579,2402,2197,449,468,2024,0.0,0,397.0,0.0,0,0,0,1,0,0,0,0,0,0,0,1,1,1,1
61589,2402,2197,449,471,2023,0.0,0,397.0,0.0,0,0,0,1,0,0,0,0,0,0,0,1,1,1,1
61599,2401,2197,448,469,2024,0.0,0,396.8,0.0,0,0,0,1,0,0,0,0,0,0,0,1,1,1,1
61609,2402,2197,450,468,2023,0.0,0,396.9,0.0,0,0,0,1,0,0,0,0,0,0,0,1,1,1,1
61619,2402,2197,451,470,2023,0.0,0,396.9,0.0,0,0,0,1,0,0,0,0,0,0,0,1,1,1,1
61629,2401,2196,451,470,2023,0.0,0,397.2,0.0,0,0,0,1,0,0,0,0,0,0,0,1,1,1,1
61639,2401,2196,451,470,2023,0.0,0,396.8,0.0,0,0,0,1,0,0,0,0,0,0,0,1,1,1,1
61649,2401,2196,450,470,2023,0.0,0,397.1,0.0,0,0,0,1,0,0,0,0,0,0,0,1,1,1,1
61659,2401,2197,450,469,2014,0.0,0,397.7,0.0,0,0,0,1,0,0,0,0,0,0,0,1,1,1,1
61669,2403,2196,450,471,2014,0.0,0,396.9,0.0,0,0,0,1,0,0,0,0,0,0,0,1,1,1,1
61679,2402,2197,449,468,2013,0.0,0,396.9,0.0,0,0,0,1,0,0,0,0,0,0,0,1,1,1,1
61689,2402,2196,450,470,2015,0.0,0,397.3,0.0,0,0,0,1,0,0,0,0,0,0,0,1,1,1,1
61699,2402,2197,450,470,2014,0.0,0,397.2,0.0,0,0,0,1,0,0,0,0,0,0,0,1,1,1,1
61709,2401,2197,449,468,2014,0.0,0,397.0,0.0,0,0,0,1,0,0,0,0,0,0,0,1,1,1,1
61719,2402,2197,451,468,2014,0.0,0,396.3,0.0,0,0,0,1,0,0,0,0,0,0,0,1,1,1,1
61729,2401,2198,449,469,2014,0.0,0,397.5,0.0,0,0,0,1,0,0,0,0,0,0,0,1,1,1,1
61739,2402,2197,452,470,2014,0.0,0,397.5,0.0,0,0,0,1,0,0,0,0,0,0,0,1,1,1,1
61749,2403,2197,451,468,2015,0.0,0,397.0,0.0,0,0,0,1,0,0,0,0,0,0,0,1,1,1,1
61759,2402,2197,450,469,2015,0.0,0,396.3,0.0,0,0,0,1,0,0,0,0,0,0,0,1,1,1,1
61769,2401,2197,450,470,2014,0.0,0,396.5,0.0,0,0,0,1,0,0,0,0,0,0,0,1,1,1,1
61779,2401,2196,449,472,2015,0.0,0,396.5,0.0,0,0,0,1,0,0,0,0,0,0,0,1,1,1,1
61789,2403,2196,450,470,2024,0.0,0,396.2,0.0,0,0,0,1,0,0,0,0,0,0,0,1,1,1,1
61799,2400,2197,450,469,2025,0.0,0,396.2,0.0,0,0,0,1,0,0,0,0,0,0,0,1,1,1,1
61809,2404,2197,449,470,2024,0.0,0,396.5,0.0,0,0,0,1,0,0,0,0,0,0,0,1,1,1,1
61819,2406,2198,451,470,2024,0.0,0,396.5,0.0,0,0,0,1,0,0,0,0,0,0,0,1,1,1,1
61829,2402,2197,450,470,2017,0.0,0,397.7,0.0,0,0,0,1,0,0,0,0,0,0,0,1,1,1,1
61839,2401,2196,447,469,2024,0.0,0,396.5,0.0,0,0,0,1,0,0,0,0,0,0,0,1,1,1,1
61849,2402,2196,451,469,2025,0.0,0,397.6,0.0,0,0,0,1,0,0,0,0,0,0,0,1,1,1,1
61859,2406,2195,451,470,2025,0.0,0,397.6,0.0,0,0,0,1,0,0,0,0,0,0,0,1,1,1,1
61869,2401,2196,451,468,2025,0.0,0,397.0,0.0,0,0,0,1,0,0,0,0,0,0,0,1,1,1,1
61879,2402,2197,450,469,2026,0.0,0,397.5,0.0,0,0,0,1,0,0,0,0,0,0,0,1,1,1,1
61889,2401,2193,449,467,2026,0.0,0,396.8,0.0,0,0,0,1,0,0,0,0,0,0,0,1,1,1,1
61899,2402,2196,448,470,2026,0.0,0,397.1,0.0,0,0,0,1,0,0,0,0,0,0,0,1,1,1,1
61909,2403,2196,450,469,2030,0.0,0,397.0,0.0,0,0,0,1,0,0,0,0,0,0,0,1,1,1,1
61919,2403,2197,449,470,2027,0.0,0,397.0,0.0,0,0,0,1,0,0,0,0,0,0,0,1,1,1,1
61929,2402,2196,450,469,2027,0.0,0,397.0,0.0,0,0,0,1,0,0,0,0,0,0,0,1,1,1,1
61939,2401,2197,450,469,2027,0.0,0,396.4,0.0,0,0,0,1,0,0,0,0,0,0,0,1,1,1,1
61949,2401,2197,450,469,2027,0.0,0,396.4,0.0,0,0,0,1,0,0,0,0,0,0,0,1,1,1,1
61959,2402,2197,451,470,2018,0.0,0,396.4,0.0,0,0,0,1,0,0,0,0,0,0,0,1,1,1,1
61970,2403,2196,448,469,2017,0.0,0,396.8,0.0,0,0,0,1,0,0,0,0,0,0,0,1,1,1,1
61980,2402,2196,451,469,2018,0.0,0,397.1,0.0,0,0,0,1,0,0,0,0,0,0,0,1,1,1,1
61990,2401,2196,450,470,2018,0.0,0,397.1,0.0,0,0,0,1,0,0,0,0,0,0,0,1,1,1,1
62000,2402,2196,450,469,2019,0.0,0,396.9,0.0,0,0,0,1,0,0,0,0,0,0,0,1,1,1,1
62010,2400,2197,449,469,2018,0.0,0,397.0,0.0,0,0,0,1,0,0,0,0,0,0,0,1,1,1,1
62020,2401,2196,450,469,2018,0.0,0,397.0,0.0,0,0,0,1,0,0,0,0,0,0,0,1,1,1,1
62030,2401,2197,450,469,2018,0.0,0,396.5,0.0,0,0,0,1,0,0,0,0,0,0,0,1,1,1,1
62040,2402,2196,451,469,2018,0.0,0,396.9,0.0,0,0,0,1,0,0,0,0,0,0,0,1,1,1,1
62050,2401,2196,450,469,2018,0.0,0,396.9,0.0,0,0,0,1,0,0,0,0,0,0,0,1,1,1,1
62060,2403,2196,450,469,2018,0.0,0,396.9,0.0,0,0,0,1,0,0,0,0,0,0,0,1,1,1,1
62070,2401,2196,447,470,2017,0.0,0,397.7,0.0,0,0,0,1,0,0,0,0,0,0,0,1,1,1,1
62080,2403,2196,451,469,2018,0.0,0,397.1,0.0,0,0,0,1,0,0,0,0,0,0,0,1,1,1,1
62090,2402,2197,448,470,2028,0.0,0,397.5,0.0,0,0,0,1,0,0,0,0,0,0,0,1,1,1,1
62100,2402,2196,449,469,2027,0.0,0,396.1,0.0,0,0,0,1,0,0,0,0,0,0,0,1,1,1,1
62110,2401,2196,450,469,2028,0.0,0,396.1,0.0,0,0,0,1,0,0,0,0,0,0,0,1,1,1,1
62120,2401,2196,451,469,2028,0.0,0,397.1,0.0,0,0,0,1,0,0,0,0,0,0,0,1,1,1,1
62130,2401,2194,450,472,2028,0.0,0,396.4,0.0,0,0,0,1,0,0,0,0,0,0,0,1,1,1,1
62140,2402,2196,449,470,2028,0.0,0,396.4,0.0,0,0,0,1,0,0,0,0,0,0,0,1,1,1,1
62150,2402,2196,447,469,2028,0.0,0,396.8,0.0,0,0,0,1,0,0,0,0,0,0,0,1,1,1,1
62161,2403,2197,449,468,2026,0.0,0,397.0,0.0,0,0,0,1,0,0,0,0,0,0,0,1,1,1,1
62171,2402,2197,450,470,2027,0.0,0,397.0,0.0,0,0,0,1,0,0,0,0,0,0,0,1,1,1,1
62181,2400,2197,449,468,2028,0.0,0,396.5,0.0,0,0,0,1,0,0,0,0,0,0,0,1,1,1,1
62191,2402,2197,450,470,2029,0.0,0,397.0,0.0,0,0,0,1,0,0,0,0,0,0,0,1,1,1,1
62201,2402,2196,451,470,2029,0.0,0,396.5,0.0,0,0,0,1,0,0,0,0,0,0,0,1,1,1,1
62211,2401,2196,449,470,2028,0.0,0,396.9,0.0,0,0,0,1,0,0,0,0,0,0,0,1,1,1,1
62221,2402,2196,449,469,2028,0.0,0,396.7,0.0,0,0,0,1,0,0,0,0,0,0,0,1,1,1,1
62231,2401,2197,450,470,2028,0.0,0,396.7,0.0,0,0,0,1,0,0,0,0,0,0,0,1,1,1,1
62241,2401,2196,450,469,2028,0.0,0,397.0,0.0,0,0,0,1,0,0,0,0,0,0,0,1,1,1,1
62251,2401,2196,450,471,2028,0.0,0,396.7,0.0,0,0,0,1,0,0,0,0,0,0,0,1,1,1,1
62261,2403,2196,451,470,2019,0.0,0,396.7,0.0,0,0,0,1,0,0,0,0,0,0,0,1,1,1,1
62271,2401,2196,450,470,2020,0.0,0,397.5,0.0,0,0,0,1,0,0,0,0,0,0,0,1,1,1,1
62283,2401,2196,449,469,2016,0.0,0,397.4,0.0,0,0,0,1,0,0,0,0,0,0,0,1,1,1,1
62293,2402,2196,449,469,2018,0.0,0,396.5,0.0,0,0,0,1,0,0,0,0,0,0,0,1,1,1,1
62303,2401,2196,450,469,2018,0.0,0,396.5,0.0,0,0,0,1,0,0,0,0,0,0,0,1,1,1,1
62315,2404,2196,448,469,2019,0.0,0,397.0,0.0,0,0,0,1,0,0,0,0,0,0,0,1,1,1,1
62325,2401,2196,450,470,2018,0.0,0,397.0,0.0,0,0,0,1,0,0,0,0,0,0,0,1,1,1,1
62335,2401,2197,449,468,2018,0.0,0,396.5,0.0,0,0,0,1,0,0,0,0,0,0,0,1,1,1,1
62345,2401,2196,450,468,2018,0.0,0,397.4,0.0,0,0,0,1,0,0,0,0,0,0,0,1,1,1,1
62355,2401,2195,448,467,2017,0.0,0,396.4,0.0,0,0,0,1,0,0,0,0,0,0,0,1,1,1,1
62365,2401,2196,451,469,2018,0.0,0,396.3,0.0,0,0,0,1,0,0,0,0,0,0,0,1,1,1,1
62375,2400,2196,450,469,2018,0.0,0,396.3,0.0,0,0,0,1,0,0,0,0,0,0,0,1,1,1,1
62385,2403,2198,449,469,2018,0.0,0,396.3,0.0,0,0,0,1,0,0,0,0,0,0,0,1,1,1,1
62396,2403,2196,451,469,2028,0.0,0,396.9,0.0,0,0,0,1,0,0,0,0,0,0,0,1,1,1,1
62406,2401,2196,449,470,2028,0.0,0,397.1,0.0,0,0,0,1,0,0,0,0,0,0,0,1,1,1,1
62416,2399,2196,450,470,2026,0.0,0,396.9,0.0,0,0,0,1,0,0,0,0,0,0,0,1,1,1,1
62426,2402,2196,447,469,2028,0.0,0,396.7,0.0,0,0,0,1,0,0,0,0,0,0,0,1,1,1,1
62436,2402,2196,450,468,2027,0.0,0,396.8,0.0,0,0,0,1,0,0,0,0,0,0,0,1,1,1,1
62446,2403,2196,449,470,2028,0.0,0,396.7,0.0,0,0,0,1,0,0,0,0,0,0,0,1,1,1,1
62456,2402,2197,449,467,2027,0.0,0,396.7,0.0,0,0,0,1,0,0,0,0,0,0,0,1,1,1,1
62466,2401,2196,454,469,2028,0.0,0,396.4,0.0,0,0,0,1,0,0,0,0,0,0,0,1,1,1,1
62476,2401,2196,450,469,2028,0.0,0,396.8,0.0,0,0,0,1,0,0,0,0,0,0,0,1,1,1,1
62486,2402,2193,450,470,2028,0.0,0,396.7,0.0,0,0,0,1,0,0,0,0,0,0,0,1,1,1,1
62496,2403,2196,449,467,2027,0.0,0,396.2,0.0,0,0,0,1,0,0,0,0,0,0,0,1,1,1,1
62506,2402,2196,450,469,2028,0.0,0,397.0,0.0,0,0,0,1,0,0,0,0,0,0,0,1,1,1,1
62516,2403,2196,449,470,2027,0.0,0,397.0,0.0,0,0,0,1,0,0,0,0,0,0,0,1,1,1,1
62526,2400,2196,449,470,2028,0.0,0,397.1,0.0,0,0,0,1,0,0,0,0,0,0,0,1,1,1,1
62536,2401,2197,450,470,2027,0.0,0,397.1,0.0,0,0,0,1,0,0,0,0,0,0,0,1,1,1,1
62546,2401,2197,451,469,2028,0.0,0,396.5,0.0,0,0,0,1,0,0,0,0,0,0,0,1,1,1,1
62556,2402,2197,450,468,2026,0.0,0,397.2,0.0,0,0,0,1,0,0,0,0,0,0,0,1,1,1,1
62566,2403,2196,450,469,2019,0.0,0,396.4,0.0,0,0,0,1,0,0,0,0,0,0,0,1,1,1,1
62576,2402,2197,450,470,2019,0.0,0,396.4,0.0,0,0,0,1,0,0,0,0,0,0,0,1,1,1,1
62586,2401,2196,450,469,2019,0.0,0,397.0,0.0,0,0,0,1,0,0,0,0,0,0,0,1,1,1,1
62596,2402,2197,450,468,2019,0.0,0,396.7,0.0,0,0,0,1,0,0,0,0,0,0,0,1,1,1,1
62606,2399,2196,449,471,2019,0.0,0,396.9,0.0,0,0,0,1,0,0,0,0,0,0,0,1,1,1,1
62616,2402,2196,450,469,2018,0.0,0,397.0,0.0,0,0,0,1,0,0,0,0,0,0,0,1,1,1,1
62626,2401,2197,450,468,2019,0.0,0,397.2,0.0,0,0,0,1,0,0,0,0,0,0,0,1,1,1,1
62637,2403,2196,449,470,2018,0.0,0,397.3,0.0,0,0,0,1,0,0,0,0,0,0,0,1,1,1,1
62647,2405,2196,449,469,2018,0.0,0,396.3,0.0,0,0,0,1,0,0,0,0,0,0,0,1,1,1,1
62657,2403,2196,451,468,2018,0.0,0,396.3,0.0,0,0,0,1,0,0,0,0,0,0,0,1,1,1,1
62667,2401,2196,449,469,2018,0.0,0,396.9,0.0,0,0,0,1,0,0,0,0,0,0,0,1,1,1,1
62677,2401,2197,449,467,2018,0.0,0,396.4,0.0,0,0,0,1,0,0,0,0,0,0,0,1,1,1,1
62687,2401,2197,465,470,2020,0.0,0,397.0,0.0,0,0,0,1,0,0,0,0,0,0,0,1,1,1,1
62700,2402,2196,449,471,2028,0.0,0,396.5,0.0,0,0,0,1,0,0,0,0,0,0,0,1,1,1,1
62710,2402,2196,450,467,2027,0.0,0,396.7,0.0,0,0,0,1,0,0,0,0,0,0,0,1,1,1,1
62720,2401,2197,450,470,2028,0.0,0,397.2,0.0,0,0,0,1,0,0,0,0,0,0,0,1,1,1,1
62730,2402,2196,451,469,2027,0.0,0,397.2,0.0,0,0,0,1,0,0,0,0,0,0,0,1,1,1,1
62740,2401,2197,450,468,2028,0.0,0,397.0,0.0,0,0,0,1,0,0,0,0,0,0,0,1,1,1,1
62750,2403,2196,450,468,2028,0.0,0,396.9,0.0,0,0,0,1,0,0,0,0,0,0,0,1,1,1,1
62760,2402,2197,448,469,2028,0.0,0,396.8,0.0,0,0,0,1,0,0,0,0,0,0,0,1,1,1,1
62770,2400,2196,450,469,2027,0.0,0,396.9,0.0,0,0,0,1,0,0,0,0,0,0,0,1,1,1,1
62780,2401,2197,451,469,2028,0.0,0,396.7,0.0,0,0,0,1,0,0,0,0,0,0,0,1,1,1,1
62791,2403,2196,449,469,2028,0.0,0,397.2,0.0,0,0,0,1,0,0,0,0,0,0,0,1,1,1,1
62801,2402,2196,450,469,2028,0.0,0,397.2,0.0,0,0,0,1,0,0,0,0,0,0,0,1,1,1,1
62811,2401,2197,450,472,2029,0.0,0,396.4,0.0,0,0,0,1,0,0,0,0,0,0,0,1,1,1,1
62821,2401,2196,451,470,2029,0.0,0,397.1,0.0,0,0,0,1,0,0,0,0,0,0,0,1,1,1,1
62831,2401,2197,450,468,2028,0.0,0,396.8,0.0,0,0,0,1,0,0,0,0,0,0,0,1,1,1,1
62841,2401,2197,451,470,2029,0.0,0,396.7,0.0,0,0,0,1,0,0,0,0,0,0,0,1,1,1,1
62851,2401,2197,449,467,2028,0.0,0,396.8,0.0,0,0,0,1,0,0,0,0,0,0,0,1,1,1,1
62861,2402,2197,450,469,2027,0.0,0,396.8,0.0,0,0,0,1,0,0,0,0,0,0,0,1,1,1,1
62871,2402,2196,449,468,2019,0.0,0,396.9,0.0,0,0,0,1,0,0,0,0,0,0,0,1,1,1,1
62881,2402,2196,450,470,2019,0.0,0,396.2,0.0,0,0,0,1,0,0,0,0,0,0,0,1,1,1,1
62891,2402,2197,449,468,2019,0.0,0,396.5,0.0,0,0,0,1,0,0,0,0,0,0,0,1,1,1,1
62901,2401,2197,450,468,2019,0.0,0,397.1,0.0,0,0,0,1,0,0,0,0,0,0,0,1,1,1,1
62911,2402,2196,450,469,2018,0.0,0,396.8,0.0,0,0,0,1,0,0,0,0,0,0,0,1,1,1,1
62921,2397,2197,449,470,2018,0.0,0,396.8,0.0,0,0,0,1,0,0,0,0,0,0,0,1,1,1,1
62931,2403,2196,447,470,2019,0.0,0,396.9,0.0,0,0,0,1,0,0,0,0,0,0,0,1,1,1,1
62941,2402,2196,449,468,2018,0.0,0,396.7,0.0,0,0,0,1,0,0,0,0,0,0,0,1,1,1,1
62951,2402,2197,451,468,2017,0.0,0,397.9,0.0,0,0,0,1,0,0,0,0,0,0,0,1,1,1,1
62961,2399,2197,451,470,2018,0.0,0,396.7,0.0,0,0,0,1,0,0,0,0,0,0,0,1,1,1,1
62971,2403,2197,448,469,2018,0.0,0,396.5,0.0,0,0,0,1,0,0,0,0,0,0,0,1,1,1,1
62981,2402,2196,449,470,2019,0.0,0,396.5,0.0,0,0,0,1,0,0,0,0,0,0,0,1,1,1,1
62991,2402,2196,449,469,2019,0.0,0,397.3,0.0,0,0,0,1,0,0,0,0,0,0,0,1,1,1,1
63001,2402,2197,449,471,2027,0.0,0,396.9,0.0,0,0,0,1,0,0,0,0,0,0,0,1,1,1,1
63011,2401,2196,451,469,2029,0.0,0,397.3,0.0,0,0,0,1,0,0,0,0,0,0,0,1,1,1,1
63021,2401,2197,450,469,2028,0.0,0,397.0,0.0,0,0,0,1,0,0,0,0,0,0,0,1,1,1,1
63031,2402,2197,448,470,2027,0.0,0,396.3,0.0,0,0,0,1,0,0,0,0,0,0,0,1,1,1,1
63041,2402,2197,450,470,2028,0.0,0,396.3,0.0,0,0,0,1,0,0,0,0,0,0,0,1,1,1,1
63051,2401,2196,450,469,2028,0.0,0,397.2,0.0,0,0,0,1,0,0,0,0,0,0,0,1,1,1,1
63061,2401,2197,449,469,2028,0.0,0,397.0,0.0,0,0,0,1,0,0,0,0,0,0,0,1,1,1,1
63071,2402,2197,451,470,2027,0.0,0,396.2,0.0,0,0,0,1,0,0,0,0,0,0,0,1,1,1,1
63081,2401,2196,451,469,2027,0.0,0,396.3,0.0,0,0,0,1,0,0,0,0,0,0,0,1,1,1,1
63091,2405,2197,448,469,2028,0.0,0,397.5,0.0,0,0,0,1,0,0,0,0,0,0,0,1,1,1,1
63101,2402,2195,449,470,2027,0.0,0,397.5,0.0,0,0,0,1,0,0,0,0,0,0,0,1,1,1,1
63111,2402,2196,450,467,2028,0.0,0,396.4,0.0,0,0,0,1,0,0,0,0,0,0,0,1,1,1,1
63121,2402,2199,451,470,2028,0.0,0,397.2,0.0,0,0,0,1,0,0,0,0,0,0,0,1,1,1,1
63131,2402,2197,451,469,2028,0.0,0,396.4,0.0,0,0,0,1,0,0,0,0,0,0,0,1,1,1,1
63141,2399,2196,450,469,2028,0.0,0,396.1,0.0,0,0,0,1,0,0,0,0,0,0,0,1,1,1,1
63151,2402,2197,448,468,2027,0.0,0,396.0,0.0,0,0,0,1,0,0,0,0,0,0,0,1,1,1,1
63161,2402,2197,450,469,2027,0.0,0,396.0,0.0,0,0,0,1,0,0,0,0,0,0,0,1,1,1,1
63171,2401,2196,450,470,2017,0.0,0,397.3,0.0,0,0,0,1,0,0,0,0,0,0,0,1,1,1,1
63181,2401,2197,450,469,2019,0.0,0,396.8,0.0,0,0,0,1,0,0,0,0,0,0,0,1,1,1,1
63191,2401,2196,450,469,2019,0.0,0,396.9,0.0,0,0,0,1,0,0,0,0,0,0,0,1,1,1,1
63201,2400,2196,452,469,2021,0.0,0,396.5,0.0,0,0,0,1,0,0,0,0,0,0,0,1,1,1,1
63211,2403,2197,448,470,2017,0.0,0,397.0,0.0,0,0,0,1,0,0,0,0,0,0,0,1,1,1,1
63221,2401,2197,450,470,2018,0.0,0,397.0,0.0,0,0,0,1,0,0,0,0,0,0,0,1,1,1,1
63231,2401,2196,451,469,2021,0.0,0,396.8,0.0,0,0,0,1,0,0,0,0,0,0,0,1,1,1,1
63241,2401,2195,449,465,2018,0.0,0,397.0,0.0,0,0,0,1,0,0,0,0,0,0,0,1,1,1,1
63251,2402,2196,451,468,2020,0.0,0,397.0,0.0,0,0,0,1,0,0,0,0,0,0,0,1,1,1,1
63261,2401,2197,450,471,2018,0.0,0,396.8,0.0,0,0,0,1,0,0,0,0,0,0,0,1,1,1,1
63271,2402,2196,449,470,2018,0.0,0,397.1,0.0,0,0,0,1,0,0,0,0,0,0,0,1,1,1,1
63281,2402,2196,450,468,2018,0.0,0,397.1,0.0,0,0,0,1,0,0,0,0,0,0,0,1,1,1,1
63291,2401,2196,451,468,2018,0.0,0,396.9,0.0,0,0,0,1,0,0,0,0,0,0,0,1,1,1,1
63301,2401,2196,452,467,2028,0.0,0,397.5,0.0,0,0,0,1,0,0,0,0,0,0,0,1,1,1,1
63311,2401,2195,449,469,2029,0.0,0,396.7,0.0,0,0,0,1,0,0,0,0,0,0,0,1,1,1,1
63321,2401,2196,449,469,2030,0.0,0,397.1,0.0,0,0,0,1,0,0,0,0,0,0,0,1,1,1,1
63331,2403,2196,451,469,2027,0.0,0,397.0,0.0,0,0,0,1,0,0,0,0,0,0,0,1,1,1,1
63341,2401,2197,450,470,2028,0.0,0,397.0,0.0,0,0,0,1,0,0,0,0,0,0,0,1,1,1,1
63351,2401,2196,450,470,2028,0.0,0,397.2,0.0,0,0,0,1,0,0,0,0,0,0,0,1,1,1,1
63361,2400,2196,450,470,2027,0.0,0,396.4,0.0,0,0,0,1,0,0,0,0,0,0,0,1,1,1,1
63371,2401,2196,449,470,2027,0.0,0,396.7,0.0,0,0,0,1,0,0,0,0,0,0,0,1,1,1,1
63381,2401,2197,449,470,2028,0.0,0,397.0,0.0,0,0,0,1,0,0,0,0,0,0,0,1,1,1,1
63391,2401,2196,450,470,2026,0.0,0,396.9,0.0,0,0,0,1,0,0,0,0,0,0,0,1,1,1,1
63401,2402,2196,450,468,2027,0.0,0,396.9,0.0,0,0,0,1,0,0,0,0,0,0,0,1,1,1,1
63411,2401,2196,450,471,2029,0.0,0,396.3,0.0,0,0,0,1,0,0,0,0,0,0,0,1,1,1,1
63421,2401,2197,449,469,2028,0.0,0,396.9,0.0,0,0,0,1,0,0,0,0,0,0,0,1,1,1,1
63431,2402,2196,450,469,2029,0.0,0,397.3,0.0,0,0,0,1,0,0,0,0,0,0,0,1,1,1,1
63441,2402,2196,450,470,2029,0.0,0,396.5,0.0,0,0,0,1,0,0,0,0,0,0,0,1,1,1,1
63451,2403,2196,450,469,2028,0.0,0,397.2,0.0,0,0,0,1,0,0,0,0,0,0,0,1,1,1,1
63461,2402,2196,451,469,2028,0.0,0,397.2,0.0,0,0,0,1,0,0,0,0,0,0,0,1,1,1,1
63471,2402,2197,450,468,2019,0.0,0,396.5,0.0,0,0,0,1,0,0,0,0,0,0,0,1,1,1,1
63481,2401,2196,452,469,2022,0.0,0,397.7,0.0,0,0,0,1,0,0,0,0,0,0,0,1,1,1,1
63491,2400,2196,450,470,2018,0.0,0,396.3,0.0,0,0,0,1,0,0,0,0,0,0,0,1,1,1,1
63501,2401,2196,451,469,2019,0.0,0,397.0,0.0,0,0,0,1,0,0,0,0,0,0,0,1,1,1,1
63512,2403,2196,450,469,2018,0.0,0,396.7,0.0,0,0,0,1,0,0,0,0,0,0,0,1,1,1,1
63523,2403,2197,451,469,2019,0.0,0,397.0,0.0,0,0,0,1,0,0,0,0,0,0,0,1,1,1,1
63533,2402,2196,451,469,2018,0.0,0,397.0,0.0,0,0,0,1,0,0,0,0,0,0,0,1,1,1,1
63543,2401,2196,452,469,2019,0.0,0,396.7,0.0,0,0,0,1,0,0,0,0,0,0,0,1,1,1,1
63555,2401,2196,449,469,2018,0.0,0,397.6,0.0,0,0,0,1,0,0,0,0,0,0,0,1,1,1,1
63565,2401,2196,451,469,2018,0.0,0,397.0,0.0,0,0,0,1,0,0,0,0,0,0,0,1,1,1,1
63575,2402,2196,450,467,2019,0.0,0,397.0,0.0,0,0,0,1,0,0,0,0,0,0,0,1,1,1,1
63585,2402,2197,451,470,2017,0.0,0,396.9,0.0,0,0,0,1,0,0,0,0,0,0,0,1,1,1,1
63595,2402,2197,450,470,2018,0.0,0,396.4,0.0,0,0,0,1,0,0,0,0,0,0,0,1,1,1,1
63605,2402,2199,451,470,2028,0.0,0,396.4,0.0,0,0,0,1,0,0,0,0,0,0,0,1,1,1,1
63616,2401,2196,450,470,2027,0.0,0,396.3,0.0,0,0,0,1,0,0,0,0,0,0,0,1,1,1,1
63626,2401,2196,449,469,2027,0.0,0,397.3,0.0,0,0,0,1,0,0,0,0,0,0,0,1,1,1,1
63636,2401,2197,450,469,2027,0.0,0,396.3,0.0,0,0,0,1,0,0,0,0,0,0,0,1,1,1,1
63646,2401,2197,451,469,2028,0.0,0,396.7,0.0,0,0,0,1,0,0,0,0,0,0,0,1,1,1,1
63657,2402,2196,449,470,2028,0.0,0,396.8,0.0,0,0,0,1,0,0,0,0,0,0,0,1,1,1,1
63667,2403,2196,449,470,2028,0.0,0,396.5,0.0,0,0,0,1,0,0,0,0,0,0,0,1,1,1,1
63677,2401,2196,449,469,2028,0.0,0,396.5,0.0,0,0,0,1,0,0,0,0,0,0,0,1,1,1,1
63687,2402,2197,451,469,2027,0.0,0,396.7,0.0,0,0,0,1,0,0,0,0,0,0,0,1,1,1,1
63697,2402,2197,450,468,2028,0.0,0,396.9,0.0,0,0,0,1,0,0,0,0,0,0,0,1,1,1,1
63707,2402,2196,451,470,2028,0.0,0,396.7,0.0,0,0,0,1,0,0,0,0,0,0,0,1,1,1,1
63717,2401,2194,449,470,2028,0.0,0,397.1,0.0,0,0,0,1,0,0,0,0,0,0,0,1,1,1,1
63727,2399,2194,448,469,2028,0.0,0,397.5,0.0,0,0,0,1,0,0,0,0,0,0,0,1,1,1,1
63737,2398,2196,450,470,2027,0.0,0,397.5,0.0,0,0,0,1,0,0,0,0,0,0,0,1,1,1,1
63747,2399,2197,453,468,2028,0.0,0,396.7,0.0,0,0,0,1,0,0,0,0,0,0,0,1,1,1,1
63757,2402,2196,450,469,2028,0.0,0,397.2,0.0,0,0,0,1,0,0,0,0,0,0,0,1,1,1,1
63767,2402,2196,450,469,2021,0.0,0,396.3,0.0,0,0,0,1,0,0,0,0,0,0,0,1,1,1,1
63779,2402,2196,449,471,2019,0.0,0,396.8,0.0,0,0,0,1,0,0,0,0,0,0,0,1,1,1,1
63789,2401,2197,451,470,2018,0.0,0,396.7,0.0,0,0,0,1,0,0,0,0,0,0,0,1,1,1,1
63799,2402,2196,450,469,2018,0.0,0,396.2,0.0,0,0,0,1,0,0,0,0,0,0,0,1,1,1,1
63809,2402,2196,449,470,2018,0.0,0,396.2,0.0,0,0,0,1,0,0,0,0,0,0,0,1,1,1,1
63819,2401,2197,451,468,2018,0.0,0,397.3,0.0,0,0,0,1,0,0,0,0,0,0,0,1,1,1,1
63829,2401,2197,450,469,2021,0.0,0,396.9,0.0,0,0,0,1,0,0,0,0,0,0,0,1,1,1,1
63839,2401,2196,451,469,2018,0.0,0,397.5,0.0,0,0,0,1,0,0,0,0,0,0,0,1,1,1,1
63849,2401,2197,450,470,2018,0.0,0,396.5,0.0,0,0,0,1,0,0,0,0,0,0,0,1,1,1,1
63859,2402,2196,450,469,2018,0.0,0,396.8,0.0,0,0,0,1,0,0,0,0,0,0,0,1,1,1,1
63869,2403,2197,450,467,2019,0.0,0,396.8,0.0,0,0,0,1,0,0,0,0,0,0,0,1,1,1,1
63879,2400,2196,449,469,2018,0.0,0,397.1,0.0,0,0,0,1,0,0,0,0,0,0,0,1,1,1,1
63889,2401,2198,448,469,2015,0.0,0,396.9,0.0,0,0,0,1,0,0,0,0,0,0,0,1,1,1,1
63899,2401,2196,450,469,2018,0.0,0,396.8,0.0,0,0,0,1,0,0,0,0,0,0,0,1,1,1,1
63909,2401,2197,449,470,2028,0.0,0,397.0,0.0,0,0,0,1,0,0,0,0,0,0,0,1,1,1,1
63919,2401,2196,450,469,2027,0.0,0,397.0,0.0,0,0,0,1,0,0,0,0,0,0,0,1,1,1,1
63929,2401,2197,450,468,2028,0.0,0,397.0,0.0,0,0,0,1,0,0,0,0,0,0,0,1,1,1,1
63939,2402,2196,450,471,2028,0.0,0,396.9,0.0,0,0,0,1,0,0,0,0,0,0,0,1,1,1,1
63949,2402,2193,453,470,2027,0.0,0,396.3,0.0,0,0,0,1,0,0,0,0,0,0,0,1,1,1,1
63959,2401,2196,449,470,2028,0.0,0,397.4,0.0,0,0,0,1,0,0,0,0,0,0,0,1,1,1,1
63969,2401,2197,450,472,2028,0.0,0,396.9,0.0,0,0,0,1,0,0,0,0,0,0,0,1,1,1,1
63979,2402,2196,449,470,2028,0.0,0,397.3,0.0,0,0,0,1,0,0,0,0,0,0,0,1,1,1,1
63989,2401,2196,450,469,2027,0.0,0,397.3,0.0,0,0,0,1,0,0,0,0,0,0,0,1,1,1,1
63999,2401,2197,449,469,2028,0.0,0,396.9,0.0,0,0,0,1,0,0,0,0,0,0,0,1,1,1,1
64009,2402,2197,449,471,2028,0.0,0,396.8,0.0,0,0,0,1,0,0,0,0,0,0,0,1,1,1,1
64020,2402,2197,450,469,2026,0.0,0,396.1,0.0,0,0,0,1,0,0,0,0,0,0,0,1,1,1,1
64030,2402,2194,450,470,2028,0.0,0,396.8,0.0,0,0,0,1,0,0,0,0,0,0,0,1,1,1,1
64040,2400,2197,450,471,2028,0.0,0,397.0,0.0,0,0,0,1,0,0,0,0,0,0,0,1,1,1,1
64050,2400,2196,451,470,2028,0.0,0,397.0,0.0,0,0,0,1,0,0,0,0,0,0,0,1,1,1,1
64060,2398,2197,453,470,2027,0.0,0,397.2,0.0,0,0,0,1,0,0,0,0,0,0,0,1,1,1,1
64070,2401,2197,447,469,2018,0.0,0,396.3,0.0,0,0,0,1,0,0,0,0,0,0,0,1,1,1,1
64080,2402,2197,451,470,2018,0.0,0,396.5,0.0,0,0,0,1,0,0,0,0,0,0,0,1,1,1,1
64090,2401,2197,450,470,2019,0.0,0,397.0,0.0,0,0,0,1,0,0,0,0,0,0,0,1,1,1,1
64100,2403,2197,448,469,2018,0.0,0,397.5,0.0,0,0,0,1,0,0,0,0,0,0,0,1,1,1,1
64111,2400,2198,449,470,2018,0.0,0,397.0,0.0,0,0,0,1,0,0,0,0,0,0,0,1,1,1,1
64121,2401,2196,448,469,2017,0.0,0,397.0,0.0,0,0,0,1,0,0,0,0,0,0,0,1,1,1,1
64131,2403,2196,449,470,2019,0.0,0,396.9,0.0,0,0,0,1,0,0,0,0,0,0,0,1,1,1,1
64141,2402,2196,454,470,2017,0.0,0,396.4,0.0,0,0,0,1,0,0,0,0,0,0,0,1,1,1,1
64151,2401,2196,451,469,2018,0.0,0,397.0,0.0,0,0,0,1,0,0,0,0,0,0,0,1,1,1,1
64161,2402,2196,451,469,2019,0.0,0,396.3,0.0,0,0,0,1,0,0,0,0,0,0,0,1,1,1,1
64171,2401,2195,451,468,2018,0.0,0,396.5,0.0,0,0,0,1,0,0,0,0,0,0,0,1,1,1,1
64181,2401,2197,451,471,2018,0.0,0,396.5,0.0,0,0,0,1,0,0,0,0,0,0,0,1,1,1,1
64191,2402,2197,450,469,2019,0.0,0,396.8,0.0,0,0,0,1,0,0,0,0,0,0,0,1,1,1,1
64201,2401,2197,448,469,2019,0.0,0,397.2,0.0,0,0,0,1,0,0,0,0,0,0,0,1,1,1,1
64211,2403,2197,450,469,2028,0.0,0,397.1,0.0,0,0,0,1,0,0,0,0,0,0,0,1,1,1,1
64221,2401,2196,449,470,2027,0.0,0,397.3,0.0,0,0,0,1,0,0,0,0,0,0,0,1,1,1,1
64231,2402,2196,449,470,2028,0.0,0,397.0,0.0,0,0,0,1,0,0,0,0,0,0,0,1,1,1,1
64241,2403,2197,451,469,2027,0.0,0,397.0,0.0,0,0,0,1,0,0,0,0,0,0,0,1,1,1,1
64251,2401,2196,450,468,2027,0.0,0,397.1,0.0,0,0,0,1,0,0,0,0,0,0,0,1,1,1,1
64261,2401,2196,450,469,2028,0.0,0,396.8,0.0,0,0,0,1,0,0,0,0,0,0,0,1,1,1,1
64271,2401,2197,450,468,2028,0.0,0,396.9,0.0,0,0,0,1,0,0,0,0,0,0,0,1,1,1,1
64281,2401,2196,450,470,2027,0.0,0,396.9,0.0,0,0,0,1,0,0,0,0,0,0,0,1,1,1,1
64291,2403,2196,448,469,2027,0.0,0,396.7,0.0,0,0,0,1,0,0,0,0,0,0,0,1,1,1,1
64301,2402,2196,449,470,2028,0.0,0,396.7,0.0,0,0,0,1,0,0,0,0,0,0,0,1,1,1,1
64311,2402,2196,452,469,2028,0.0,0,397.0,0.0,0,0,0,1,0,0,0,0,0,0,0,1,1,1,1
64321,2401,2195,454,471,2026,0.0,0,397.1,0.0,0,0,0,1,0,0,0,0,0,0,0,1,1,1,1
64331,2401,2196,451,469,2028,0.0,0,396.8,0.0,0,0,0,1,0,0,0,0,0,0,0,1,1,1,1
64341,2401,2195,450,469,2027,0.0,0,397.3,0.0,0,0,0,1,0,0,0,0,0,0,0,1,1,1,1
64351,2402,2195,449,469,2027,0.0,0,397.2,0.0,0,0,0,1,0,0,0,0,0,0,0,1,1,1,1
64361,2402,2195,450,468,2027,0.0,0,397.2,0.0,0,0,0,1,0,0,0,0,0,0,0,1,1,1,1
64371,2401,2196,449,469,2021,0.0,0,396.4,0.0,0,0,0,1,0,0,0,0,0,0,0,1,1,1,1
64381,2401,2196,451,470,2018,0.0,0,397.2,0.0,0,0,0,1,0,0,0,0,0,0,0,1,1,1,1
64391,2402,2197,449,469,2019,0.0,0,396.9,0.0,0,0,0,1,0,0,0,0,0,0,0,1,1,1,1
64401,2402,2196,449,469,2019,0.0,0,397.1,0.0,0,0,0,1,0,0,0,0,0,0,0,1,1,1,1
64411,2404,2197,450,469,2016,0.0,0,397.4,0.0,0,0,0,1,0,0,0,0,0,0,0,1,1,1,1
64421,2401,2197,451,469,2018,0.0,0,397.4,0.0,0,0,0,1,0,0,0,0,0,0,0,1,1,1,1
64431,2401,2197,449,471,2019,0.0,0,396.1,0.0,0,0,0,1,0,0,0,0,0,0,0,1,1,1,1
64441,2399,2197,450,468,2018,0.0,0,396.7,0.0,0,0,0,1,0,0,0,0,0,0,0,1,1,1,1
64451,2402,2197,450,468,2017,0.0,0,396.5,0.0,0,0,0,1,0,0,0,0,0,0,0,1,1,1,1
64461,2401,2196,448,471,2020,0.0,0,397.7,0.0,0,0,0,1,0,0,0,0,0,0,0,1,1,1,1
64471,2402,2198,450,469,2018,0.0,0,396.4,0.0,0,0,0,1,0,0,0,0,0,0,0,1,1,1,1
64481,2401,2197,448,470,2018,0.0,0,396.4,0.0,0,0,0,1,0,0,0,0,0,0,0,1,1,1,1
64491,2401,2196,450,469,2019,0.0,0,397.0,0.0,0,0,0,1,0,0,0,0,0,0,0,1,1,1,1
64501,2402,2196,449,470,2019,0.0,0,396.5,0.0,0,0,0,1,0,0,0,0,0,0,0,1,1,1,1
64511,2401,2196,451,469,2029,0.0,0,396.9,0.0,0,0,0,1,0,0,0,0,0,0,0,1,1,1,1
64521,2402,2197,449,470,2028,0.0,0,397.2,0.0,0,0,0,1,0,0,0,0,0,0,0,1,1,1,1
64532,2404,2197,449,470,2027,0.0,0,397.3,0.0,0,0,0,1,0,0,0,0,0,0,0,1,1,1,1
64543,2402,2196,449,470,2027,0.0,0,397.1,0.0,0,0,0,1,0,0,0,0,0,0,0,1,1,1,1
64553,2402,2196,464,469,2028,0.0,0,397.1,0.0,0,0,0,1,0,0,0,0,0,0,0,1,1,1,1
64563,2401,2196,451,471,2027,0.0,0,396.5,0.0,0,0,0,1,0,0,0,0,0,0,0,1,1,1,1
64573,2402,2196,449,470,2027,0.0,0,397.0,0.0,0,0,0,1,0,0,0,0,0,0,0,1,1,1,1
64583,2401,2196,448,469,2026,0.0,0,396.9,0.0,0,0,0,1,0,0,0,0,0,0,0,1,1,1,1
64594,2402,2196,450,471,2026,0.0,0,396.7,0.0,0,0,0,1,0,0,0,0,0,0,0,1,1,1,1
64604,2403,2196,450,472,2028,0.0,0,396.7,0.0,0,0,0,1,0,0,0,0,0,0,0,1,1,1,1
64614,2402,2196,450,469,2028,0.0,0,397.2,0.0,0,0,0,1,0,0,0,0,0,0,0,1,1,1,1
64624,2400,2197,447,469,2027,0.0,0,397.2,0.0,0,0,0,1,0,0,0,0,0,0,0,1,1,1,1
64634,2402,2196,449,470,2027,0.0,0,396.9,0.0,0,0,0,1,0,0,0,0,0,0,0,1,1,1,1
64644,2403,2195,450,469,2028,0.0,0,397.4,0.0,0,0,0,1,0,0,0,0,0,0,0,1,1,1,1
64655,2402,2197,449,469,2028,0.0,0,397.4,0.0,0,0,0,1,0,0,0,0,0,0,0,1,1,1,1
64665,2397,2197,449,469,2027,0.0,0,396.5,0.0,0,0,0,1,0,0,0,0,0,0,0,1,1,1,1
64675,2401,2196,451,469,2018,0.0,0,396.4,0.0,0,0,0,1,0,0,0,0,0,0,0,1,1,1,1
64685,2401,2197,450,468,2018,0.0,0,396.4,0.0,0,0,0,1,0,0,0,0,0,0,0,1,1,1,1
64695,2402,2196,448,470,2018,0.0,0,396.2,0.0,0,0,0,1,0,0,0,0,0,0,0,1,1,1,1
64705,2400,2197,451,469,2018,0.0,0,397.0,0.0,0,0,0,1,0,0,0,0,0,0,0,1,1,1,1
64716,2402,2196,449,470,2018,0.0,0,396.8,0.0,0,0,0,1,0,0,0,0,0,0,0,1,1,1,1
64726,2402,2196,449,470,2016,0.0,0,397.2,0.0,0,0,0,1,0,0,0,0,0,0,0,1,1,1,1
64736,2403,2196,449,468,2018,0.0,0,396.5,0.0,0,0,0,1,0,0,0,0,0,0,0,1,1,1,1
64747,2402,2196,449,469,2018,0.0,0,397.3,0.0,0,0,0,1,0,0,0,0,0,0,0,1,1,1,1
64757,2402,2195,451,467,2018,0.0,0,397.3,0.0,0,0,0,1,0,0,0,0,0,0,0,1,1,1,1
64767,2401,2196,450,470,2017,0.0,0,396.8,0.0,0,0,0,1,0,0,0,0,0,0,0,1,1,1,1
64777,2402,2196,449,469,2018,0.0,0,397.5,0.0,0,0,0,1,0,0,0,0,0,0,0,1,1,1,1
64787,2401,2197,450,470,2017,0.0,0,396.7,0.0,0,0,0,1,0,0,0,0,0,0,0,1,1,1,1
64797,2403,2197,450,469,2018,0.0,0,397.3,0.0,0,0,0,1,0,0,0,0,0,0,0,1,1,1,1
64807,2399,2196,447,469,2027,0.0,0,396.7,0.0,0,0,0,1,0,0,0,0,0,0,0,1,1,1,1
64817,2401,2196,449,469,2027,0.0,0,396.7,0.0,0,0,0,1,0,0,0,0,0,0,0,1,1,1,1
64827,2401,2197,450,469,2028,0.0,0,397.3,0.0,0,0,0,1,0,0,0,0,0,0,0,1,1,1,1
64837,2402,2197,451,470,2028,0.0,0,397.6,0.0,0,0,0,1,0,0,0,0,0,0,0,1,1,1,1
64847,2401,2197,450,470,2027,0.0,0,397.6,0.0,0,0,0,1,0,0,0,0,0,0,0,1,1,1,1
64858,2402,2197,449,469,2027,0.0,0,396.7,0.0,0,0,0,1,0,0,0,0,0,0,0,1,1,1,1
64868,2402,2197,450,470,2028,0.0,0,397.2,0.0,0,0,0,1,0,0,0,0,0,0,0,1,1,1,1
64879,2398,2195,450,470,2027,0.0,0,397.1,0.0,0,0,0,1,0,0,0,0,0,0,0,1,1,1,1
64889,2403,2196,450,470,2027,0.0,0,397.1,0.0,0,0,0,1,0,0,0,0,0,0,0,1,1,1,1
64899,2402,2196,450,469,2027,0.0,0,395.9,0.0,0,0,0,1,0,0,0,0,0,0,0,1,1,1,1
64909,2402,2197,450,470,2027,0.0,0,396.2,0.0,0,0,0,1,0,0,0,0,0,0,0,1,1,1,1
64919,2402,2196,450,469,2027,0.0,0,396.8,0.0,0,0,0,1,0,0,0,0,0,0,0,1,1,1,1
64929,2401,2196,450,469,2028,0.0,0,397.2,0.0,0,0,0,1,0,0,0,0,0,0,0,1,1,1,1
64939,2402,2196,450,469,2027,0.0,0,396.7,0.0,0,0,0,1,0,0,0,0,0,0,0,1,1,1,1
64949,2401,2196,450,469,2028,0.0,0,396.7,0.0,0,0,0,1,0,0,0,0,0,0,0,1,1,1,1
64959,2401,2197,451,470,2027,0.0,0,397.0,0.0,0,0,0,1,0,0,0,0,0,0,0,1,1,1,1
64969,2402,2197,449,468,2027,0.0,0,396.0,0.0,0,0,0,1,0,0,0,0,0,0,0,1,1,1,1
64979,2403,2196,451,470,2018,0.0,0,397.3,0.0,0,0,0,1,0,0,0,0,0,0,0,1,1,1,1
64989,2402,2197,450,469,2018,0.0,0,397.7,0.0,0,0,0,1,0,0,0,0,0,0,0,1,1,1,1
64999,2402,2196,449,468,2018,0.0,0,396.3,0.0,0,0,0,1,0,0,0,0,0,0,0,1,1,1,1
65009,2401,2197,450,469,2018,0.0,0,396.3,0.0,0,0,0,1,0,0,0,0,0,0,0,1,1,1,1
65019,2402,2196,450,470,2017,0.0,0,396.9,0.0,0,0,0,1,0,0,0,0,0,0,0,1,1,1,1
65029,2402,2197,450,470,2018,0.0,0,397.1,0.0,0,0,0,1,0,0,0,0,0,0,0,1,1,1,1
65039,2402,2196,450,469,2017,0.0,0,397.4,0.0,0,0,0,1,0,0,0,0,0,0,0,1,1,1,1
65049,2401,2197,446,470,2018,0.0,0,396.8,0.0,0,0,0,1,0,0,0,0,0,0,0,1,1,1,1
65059,2402,2196,450,468,2018,0.0,0,397.1,0.0,0,0,0,1,0,0,0,0,0,0,0,1,1,1,1
65069,2399,2196,450,469,2017,0.0,0,397.1,0.0,0,0,0,1,0,0,0,0,0,0,0,1,1,1,1
65079,2399,2197,449,469,2018,0.0,0,396.5,0.0,0,0,0,1,0,0,0,0,0,0,0,1,1,1,1
65089,2401,2197,449,470,2018,0.0,0,397.7,0.0,0,0,0,1,0,0,0,0,0,0,0,1,1,1,1
65099,2399,2195,449,468,2019,0.0,0,397.5,0.0,0,0,0,1,0,0,0,0,0,0,0,1,1,1,1
65109,2402,2196,450,470,2027,0.0,0,397.0,0.0,0,0,0,1,0,0,0,0,0,0,0,1,1,1,1
65119,2403,2197,449,470,2028,0.0,0,396.7,0.0,0,0,0,1,0,0,0,0,0,0,0,1,1,1,1
65129,2401,2197,449,470,2028,0.0,0,396.7,0.0,0,0,0,1,0,0,0,0,0,0,0,1,1,1,1
65139,2402,2197,450,470,2028,0.0,0,396.8,0.0,0,0,0,1,0,0,0,0,0,0,0,1,1,1,1
65149,2402,2196,449,468,2028,0.0,0,396.9,0.0,0,0,0,1,0,0,0,0,0,0,0,1,1,1,1
65159,2400,2197,451,470,2029,0.0,0,397.4,0.0,0,0,0,1,0,0,0,0,0,0,0,1,1,1,1
65169,2402,2196,450,468,2028,0.0,0,396.5,0.0,0,0,0,1,0,0,0,0,0,0,0,1,1,1,1
65179,2403,2196,450,469,2028,0.0,0,397.3,0.0,0,0,0,1,0,0,0,0,0,0,0,1,1,1,1
65189,2403,2196,451,469,2027,0.0,0,397.3,0.0,0,0,0,1,0,0,0,0,0,0,0,1,1,1,1
65199,2403,2196,450,471,2027,0.0,0,396.9,0.0,0,0,0,1,0,0,0,0,0,0,0,1,1,1,1
65209,2401,2196,450,470,2028,0.0,0,397.1,0.0,0,0,0,1,0,0,0,0,0,0,0,1,1,1,1
65219,2402,2197,448,470,2027,0.0,0,396.9,0.0,0,0,0,1,0,0,0,0,0,0,0,1,1,1,1
65229,2397,2197,450,471,2028,0.0,0,397.0,0.0,0,0,0,1,0,0,0,0,0,0,0,1,1,1,1
65239,2401,2197,450,468,2028,0.0,0,397.4,0.0,0,0,0,1,0,0,0,0,0,0,0,1,1,1,1
65249,2404,2197,450,470,2028,0.0,0,397.4,0.0,0,0,0,1,0,0,0,0,0,0,0,1,1,1,1
65259,2401,2197,450,469,2027,0.0,0,397.0,0.0,0,0,0,1,0,0,0,0,0,0,0,1,1,1,1
65269,2401,2197,451,469,2028,0.0,0,396.5,0.0,0,0,0,1,0,0,0,0,0,0,0,1,1,1,1
65279,2402,2196,450,469,2018,0.0,0,396.9,0.0,0,0,0,1,0,0,0,0,0,0,0,1,1,1,1
65289,2401,2196,449,468,2018,0.0,0,396.4,0.0,0,0,0,1,0,0,0,0,0,0,0,1,1,1,1
65299,2402,2193,450,467,2018,0.0,0,397.2,0.0,0,0,0,1,0,0,0,0,0,0,0,1,1,1,1
65309,2402,2197,450,470,2015,0.0,0,397.2,0.0,0,0,0,1,0,0,0,0,0,0,0,1,1,1,1
65319,2399,2196,450,470,2018,0.0,0,396.5,0.0,0,0,0,1,0,0,0,0,0,0,0,1,1,1,1
65329,2401,2197,451,469,2018,0.0,0,396.7,0.0,0,0,0,1,0,0,0,0,0,0,0,1,1,1,1
65339,2401,2196,449,470,2018,0.0,0,396.2,0.0,0,0,0,1,0,0,0,0,0,0,0,1,1,1,1
65349,2403,2196,449,470,2018,0.0,0,397.5,0.0,0,0,0,1,0,0,0,0,0,0,0,1,1,1,1
65359,2402,2196,450,468,2018,0.0,0,397.1,0.0,0,0,0,1,0,0,0,0,0,0,0,1,1,1,1
65369,2402,2196,450,470,2018,0.0,0,397.1,0.0,0,0,0,1,0,0,0,0,0,0,0,1,1,1,1
65379,2404,2196,448,468,2018,0.0,0,397.2,0.0,0,0,0,1,0,0,0,0,0,0,0,1,1,1,1
65389,2401,2196,448,470,2018,0.0,0,397.0,0.0,0,0,0,1,0,0,0,0,0,0,0,1,1,1,1
65399,2400,2197,447,469,2018,0.0,0,396.8,0.0,0,0,0,1,0,0,0,0,0,0,0,1,1,1,1
65409,2399,2197,449,469,2018,0.0,0,396.7,0.0,0,0,0,1,0,0,0,0,0,0,0,1,1,1,1
65419,2403,2197,451,469,2027,0.0,0,396.9,0.0,0,0,0,1,0,0,0,0,0,0,0,1,1,1,1
65429,2402,2196,450,469,2027,0.0,0,396.9,0.0,0,0,0,1,0,0,0,0,0,0,0,1,1,1,1
65439,2398,2196,449,470,2028,0.0,0,397.1,0.0,0,0,0,1,0,0,0,0,0,0,0,1,1,1,1
65449,2400,2198,449,469,2027,0.0,0,397.2,0.0,0,0,0,1,0,0,0,0,0,0,0,1,1,1,1
65459,2401,2196,448,468,2027,0.0,0,397.0,0.0,0,0,0,1,0,0,0,0,0,0,0,1,1,1,1
65469,2402,2197,453,469,2028,0.0,0,397.5,0.0,0,0,0,1,0,0,0,0,0,0,0,1,1,1,1
65479,2403,2196,451,469,2027,0.0,0,396.5,0.0,0,0,0,1,0,0,0,0,0,0,0,1,1,1,1
65489,2401,2197,449,468,2028,0.0,0,396.5,0.0,0,0,0,1,0,0,0,0,0,0,0,1,1,1,1
65499,2400,2197,450,468,2028,0.0,0,396.9,0.0,0,0,0,1,0,0,0,0,0,0,0,1,1,1,1
65509,2402,2193,450,470,2027,0.0,0,397.0,0.0,0,0,0,1,0,0,0,0,0,0,0,1,1,1,1
65519,2401,2197,450,470,2028,0.0,0,397.1,0.0,0,0,0,1,0,0,0,0,0,0,0,1,1,1,1
65529,2401,2196,451,469,2028,0.0,0,396.9,0.0,0,0,0,1,0,0,0,0,0,0,0,1,1,1,1
65539,2402,2196,450,469,2028,0.0,0,397.0,0.0,0,0,0,1,0,0,0,0,0,0,0,1,1,1,1
65549,2401,2196,450,469,2028,0.0,0,397.0,0.0,0,0,0,1,0,0,0,0,0,0,0,1,1,1,1
65559,2402,2196,450,467,2026,0.0,0,397.0,0.0,0,0,0,1,0,0,0,0,0,0,0,1,1,1,1
65569,2401,2197,449,470,2028,0.0,0,396.7,0.0,0,0,0,1,0,0,0,0,0,0,0,1,1,1,1
65579,2404,2197,450,468,2021,0.0,0,396.7,0.0,0,0,0,1,0,0,0,0,0,0,0,1,1,1,1
65589,2402,2197,450,471,2018,0.0,0,396.8,0.0,0,0,0,1,0,0,0,0,0,0,0,1,1,1,1
65599,2402,2197,447,471,2018,0.0,0,397.7,0.0,0,0,0,1,0,0,0,0,0,0,0,1,1,1,1
65609,2402,2195,450,469,2018,0.0,0,397.7,0.0,0,0,0,1,0,0,0,0,0,0,0,1,1,1,1
65619,2401,2196,450,470,2018,0.0,0,396.8,0.0,0,0,0,1,0,0,0,0,0,0,0,1,1,1,1
65629,2402,2196,449,472,2019,0.0,0,396.5,0.0,0,0,0,1,0,0,0,0,0,0,0,1,1,1,1
65639,2402,2197,448,469,2018,0.0,0,397.0,0.0,0,0,0,1,0,0,0,0,0,0,0,1,1,1,1
65649,2401,2196,448,470,2019,0.0,0,397.0,0.0,0,0,0,1,0,0,0,0,0,0,0,1,1,1,1
65659,2402,2194,449,470,2017,0.0,0,397.1,0.0,0,0,0,1,0,0,0,0,0,0,0,1,1,1,1
65669,2402,2196,449,470,2018,0.0,0,397.1,0.0,0,0,0,1,0,0,0,0,0,0,0,1,1,1,1
65679,2403,2196,451,470,2018,0.0,0,396.7,0.0,0,0,0,1,0,0,0,0,0,0,0,1,1,1,1
65689,2401,2197,449,469,2019,0.0,0,396.4,0.0,0,0,0,1,0,0,0,0,0,0,0,1,1,1,1
65699,2404,2197,449,470,2018,0.0,0,397.1,0.0,0,0,0,1,0,0,0,0,0,0,0,1,1,1,1
65709,2401,2197,450,470,2018,0.0,0,397.2,0.0,0,0,0,1,0,0,0,0,0,0,0,1,1,1,1
65719,2403,2196,451,469,2028,0.0,0,396.1,0.0,0,0,0,1,0,0,0,0,0,0,0,1,1,1,1
65729,2402,2197,449,472,2028,0.0,0,396.1,0.0,0,0,0,1,0,0,0,0,0,0,0,1,1,1,1
65739,2402,2197,451,469,2028,0.0,0,396.9,0.0,0,0,0,1,0,0,0,0,0,0,0,1,1,1,1
65749,2401,2196,449,469,2028,0.0,0,396.5,0.0,0,0,0,1,0,0,0,0,0,0,0,1,1,1,1
65759,2402,2196,449,469,2028,0.0,0,397.4,0.0,0,0,0,1,0,0,0,0,0,0,0,1,1,1,1
65769,2401,2196,451,469,2027,0.0,0,397.2,0.0,0,0,0,1,0,0,0,0,0,0,0,1,1,1,1
65779,2401,2197,445,468,2028,0.0,0,397.0,0.0,0,0,0,1,0,0,0,0,0,0,0,1,1,1,1
65789,2402,2196,451,467,2026,0.0,0,397.0,0.0,0,0,0,1,0,0,0,0,0,0,0,1,1,1,1
65799,2401,2197,449,468,2027,0.0,0,396.8,0.0,0,0,0,1,0,0,0,0,0,0,0,1,1,1,1
65809,2403,2196,450,467,2028,0.0,0,396.7,0.0,0,0,0,1,0,0,0,0,0,0,0,1,1,1,1
65819,2401,2197,449,469,2028,0.0,0,396.4,0.0,0,0,0,1,0,0,0,0,0,0,0,1,1,1,1
65829,2404,2197,450,470,2028,0.0,0,396.8,0.0,0,0,0,1,0,0,0,0,0,0,0,1,1,1,1
65839,2402,2196,451,470,2029,0.0,0,397.0,0.0,0,0,0,1,0,0,0,0,0,0,0,1,1,1,1
65849,2402,2196,449,468,2027,0.0,0,397.0,0.0,0,0,0,1,0,0,0,0,0,0,0,1,1,1,1
65859,2401,2196,449,469,2026,0.0,0,396.7,0.0,0,0,0,1,0,0,0,0,0,0,0,1,1,1,1
65869,2401,2197,449,470,2028,0.0,0,396.8,0.0,0,0,0,1,0,0,0,0,0,0,0,1,1,1,1
65879,2401,2197,447,469,2027,0.0,0,397.0,0.0,0,0,0,1,0,0,0,0,0,0,0,1,1,1,1
65889,2402,2196,451,469,2018,0.0,0,396.7,0.0,0,0,0,1,0,0,0,0,0,0,0,1,1,1,1
65899,2403,2196,450,470,2018,0.0,0,396.3,0.0,0,0,0,1,0,0,0,0,0,0,0,1,1,1,1
65909,2402,2196,450,469,2018,0.0,0,396.3,0.0,0,0,0,1,0,0,0,0,0,0,0,1,1,1,1
65919,2401,2196,450,470,2018,0.0,0,396.4,0.0,0,0,0,1,0,0,0,0,0,0,0,1,1,1,1
65929,2402,2196,450,469,2018,0.0,0,396.8,0.0,0,0,0,1,0,0,0,0,0,0,0,1,1,1,1
65939,2401,2197,449,469,2018,0.0,0,396.7,0.0,0,0,0,1,0,0,0,0,0,0,0,1,1,1,1
65949,2404,2196,450,470,2019,0.0,0,396.4,0.0,0,0,0,1,0,0,0,0,0,0,0,1,1,1,1
65959,2401,2196,450,468,2018,0.0,0,396.5,0.0,0,0,0,1,0,0,0,0,0,0,0,1,1,1,1
65969,2401,2197,449,470,2019,0.0,0,396.5,0.0,0,0,0,1,0,0,0,0,0,0,0,1,1,1,1
65979,2402,2196,450,469,2018,0.0,0,397.2,0.0,0,0,0,1,0,0,0,0,0,0,0,1,1,1,1
65989,2402,2196,450,470,2018,0.0,0,396.5,0.0,0,0,0,1,0,0,0,0,0,0,0,1,1,1,1
65999,2401,2195,450,469,2018,0.0,0,396.2,0.0,0,0,0,1,0,0,0,0,0,0,0,1,1,1,1
66009,2401,2199,451,471,2018,0.0,0,397.1,0.0,0,0,0,1,0,0,0,0,0,0,0,1,1,1,1
66019,2403,2196,449,469,2027,0.0,0,396.9,0.0,0,0,0,1,0,0,0,0,0,0,0,1,1,1,1
66029,2402,2196,450,469,2028,0.0,0,396.9,0.0,0,0,0,1,0,0,0,0,0,0,0,1,1,1,1
66039,2401,2197,449,469,2027,0.0,0,396.8,0.0,0,0,0,1,0,0,0,0,0,0,0,1,1,1,1
66049,2402,2197,450,471,2026,0.0,0,396.9,0.0,0,0,0,1,0,0,0,0,0,0,0,1,1,1,1
66060,2400,2196,446,468,2028,0.0,0,397.2,0.0,0,0,0,1,0,0,0,0,0,0,0,1,1,1,1
66070,2403,2196,450,467,2028,0.0,0,397.0,0.0,0,0,0,1,0,0,0,0,0,0,0,1,1,1,1
66080,2402,2198,450,470,2028,0.0,0,397.2,0.0,0,0,0,1,0,0,0,0,0,0,0,1,1,1,1
66090,2402,2196,449,468,2028,0.0,0,396.5,0.0,0,0,0,1,0,0,0,0,0,0,0,1,1,1,1
66100,2401,2196,447,470,2028,0.0,0,396.5,0.0,0,0,0,1,0,0,0,0,0,0,0,1,1,1,1
66110,2402,2197,449,470,2027,0.0,0,396.9,0.0,0,0,0,1,0,0,0,0,0,0,0,1,1,1,1
66120,2401,2197,452,470,2028,0.0,0,397.2,0.0,0,0,0,1,0,0,0,0,0,0,0,1,1,1,1
66130,2401,2196,450,469,2029,0.0,0,396.8,0.0,0,0,0,1,0,0,0,0,0,0,0,1,1,1,1
66140,2401,2196,449,470,2028,0.0,0,397.4,0.0,0,0,0,1,0,0,0,0,0,0,0,1,1,1,1
66151,2402,2196,450,469,2028,0.0,0,396.3,0.0,0,0,0,1,0,0,0,0,0,0,0,1,1,1,1
66161,2398,2196,450,469,2028,0.0,0,396.3,0.0,0,0,0,1,0,0,0,0,0,0,0,1,1,1,1
66171,2401,2196,450,468,2027,0.0,0,396.8,0.0,0,0,0,1,0,0,0,0,0,0,0,1,1,1,1
66181,2401,2197,450,470,2029,0.0,0,397.0,0.0,0,0,0,1,0,0,0,0,0,0,0,1,1,1,1
66191,2401,2196,450,468,2019,0.0,0,397.0,0.0,0,0,0,1,0,0,0,0,0,0,0,1,1,1,1
66201,2402,2197,450,470,2019,0.0,0,397.0,0.0,0,0,0,1,0,0,0,0,0,0,0,1,1,1,1
66211,2402,2197,447,469,2017,0.0,0,396.5,0.0,0,0,0,1,0,0,0,0,0,0,0,1,1,1,1
66221,2402,2196,450,467,2018,0.0,0,396.5,0.0,0,0,0,1,0,0,0,0,0,0,0,1,1,1,1
66231,2401,2196,450,470,2019,0.0,0,396.8,0.0,0,0,0,1,0,0,0,0,0,0,0,1,1,1,1
66241,2403,2197,447,469,2019,0.0,0,396.7,0.0,0,0,0,1,0,0,0,0,0,0,0,1,1,1,1
66251,2401,2197,451,469,2019,0.0,0,395.9,0.0,0,0,0,1,0,0,0,0,0,0,0,1,1,1,1
66261,2401,2196,449,472,2019,0.0,0,397.4,0.0,0,0,0,1,0,0,0,0,0,0,0,1,1,1,1
66271,2402,2197,450,467,2019,0.0,0,397.4,0.0,0,0,0,1,0,0,0,0,0,0,0,1,1,1,1
66322,2401,2196,449,469,2027,0.0,0,397.4,0.0,0,0,0,1,0,0,0,0,0,0,0,1,1,1,1
66332,2401,2196,448,470,2027,0.0,0,397.0,0.0,0,0,0,1,0,0,0,0,0,0,0,1,1,1,1
66343,2401,2196,448,469,2028,0.0,0,396.5,0.0,0,0,0,1,0,0,0,0,0,0,0,1,1,1,1
66353,2402,2196,449,470,2027,0.0,0,396.5,0.0,0,0,0,1,0,0,0,0,0,0,0,1,1,1,1
66363,2402,2198,451,469,2028,0.0,0,396.8,0.0,0,0,0,1,0,0,0,0,0,0,0,1,1,1,1
66373,2401,2196,449,470,2027,0.0,0,397.2,0.0,0,0,0,1,0,0,0,0,0,0,0,1,1,1,1
66383,2400,2196,450,471,2027,0.0,0,396.3,0.0,0,0,0,1,0,0,0,0,0,0,0,1,1,1,1
66396,2402,2196,450,470,2027,0.0,0,397.1,0.0,0,0,0,1,0,0,0,0,0,0,0,1,1,1,1
66406,2402,2196,449,470,2027,0.0,0,396.5,0.0,0,0,0,1,0,0,0,0,0,0,0,1,1,1,1
66417,2401,2196,449,469,2029,0.0,0,397.2,0.0,0,0,0,1,0,0,0,0,0,0,0,1,1,1,1
66427,2401,2196,449,471,2028,0.0,0,396.3,0.0,0,0,0,1,0,0,0,0,0,0,0,1,1,1,1
66437,2401,2197,450,471,2027,0.0,0,396.3,0.0,0,0,0,1,0,0,0,0,0,0,0,1,1,1,1
66447,2402,2197,451,469,2028,0.0,0,397.0,0.0,0,0,0,1,0,0,0,0,0,0,0,1,1,1,1
66457,2401,2197,450,470,2028,0.0,0,396.8,0.0,0,0,0,1,0,0,0,0,0,0,0,1,1,1,1
66468,2402,2195,451,469,2027,0.0,0,397.4,0.0,0,0,0,1,0,0,0,0,0,0,0,1,1,1,1
66478,2401,2196,449,470,2025,0.0,0,396.2,0.0,0,0,0,1,0,0,0,0,0,0,0,1,1,1,1
66488,2401,2196,446,470,2019,0.0,0,396.7,0.0,0,0,0,1,0,0,0,0,0,0,0,1,1,1,1
66498,2401,2196,451,469,2018,0.0,0,396.7,0.0,0,0,0,1,0,0,0,0,0,0,0,1,1,1,1
66508,2402,2196,450,469,2017,0.0,0,397.1,0.0,0,0,0,1,0,0,0,0,0,0,0,1,1,1,1
66518,2401,2196,451,469,2018,0.0,0,397.7,0.0,0,0,0,1,0,0,0,0,0,0,0,1,1,1,1
66528,2401,2197,450,471,2019,0.0,0,397.1,0.0,0,0,0,1,0,0,0,0,0,0,0,1,1,1,1
66538,2402,2196,449,470,2019,0.0,0,396.8,0.0,0,0,0,1,0,0,0,0,0,0,0,1,1,1,1
66548,2401,2197,450,470,2018,0.0,0,396.7,0.0,0,0,0,1,0,0,0,0,0,0,0,1,1,1,1
66558,2401,2196,451,469,2018,0.0,0,396.7,0.0,0,0,0,1,0,0,0,0,0,0,0,1,1,1,1
66568,2402,2196,449,470,2019,0.0,0,396.8,0.0,0,0,0,1,0,0,0,0,0,0,0,1,1,1,1
66578,2402,2198,449,469,2018,0.0,0,396.7,0.0,0,0,0,1,0,0,0,0,0,0,0,1,1,1,1
66588,2402,2197,450,469,2017,0.0,0,396.5,0.0,0,0,0,1,0,0,0,0,0,0,0,1,1,1,1
66598,2401,2198,448,469,2018,0.0,0,396.5,0.0,0,0,0,1,0,0,0,0,0,0,0,1,1,1,1
66608,2402,2196,450,470,2018,0.0,0,397.3,0.0,0,0,0,1,0,0,0,0,0,0,0,1,1,1,1
66618,2401,2196,450,469,2027,0.0,0,397.3,0.0,0,0,0,1,0,0,0,0,0,0,0,1,1,1,1
66628,2401,2197,450,468,2027,0.0,0,397.0,0.0,0,0,0,1,0,0,0,0,0,0,0,1,1,1,1
66638,2402,2196,450,470,2027,0.0,0,396.9,0.0,0,0,0,1,0,0,0,0,0,0,0,1,1,1,1
66648,2403,2196,449,469,2026,0.0,0,397.1,0.0,0,0,0,1,0,0,0,0,0,0,0,1,1,1,1
66659,2403,2196,449,469,2027,0.0,0,396.3,0.0,0,0,0,1,0,0,0,0,0,0,0,1,1,1,1
66669,2401,2196,449,470,2027,0.0,0,396.7,0.0,0,0,0,1,0,0,0,0,0,0,0,1,1,1,1
66679,2402,2194,453,470,2027,0.0,0,396.9,0.0,0,0,0,1,0,0,0,0,0,0,0,1,1,1,1
66689,2402,2197,454,470,2027,0.0,0,396.9,0.0,0,0,0,1,0,0,0,0,0,0,0,1,1,1,1
66699,2402,2197,450,470,2027,0.0,0,396.5,0.0,0,0,0,1,0,0,0,0,0,0,0,1,1,1,1
66709,2401,2198,449,470,2028,0.0,0,397.2,0.0,0,0,0,1,0,0,0,0,0,0,0,1,1,1,1
66719,2399,2196,450,469,2027,0.0,0,396.8,0.0,0,0,0,1,0,0,0,0,0,0,0,1,1,1,1
66729,2401,2196,450,468,2027,0.0,0,397.0,0.0,0,0,0,1,0,0,0,0,0,0,0,1,1,1,1
66739,2402,2196,449,469,2029,0.0,0,396.9,0.0,0,0,0,1,0,0,0,0,0,0,0,1,1,1,1
66749,2402,2197,449,470,2028,0.0,0,396.9,0.0,0,0,0,1,0,0,0,0,0,0,0,1,1,1,1
66759,2401,2197,449,470,2028,0.0,0,396.3,0.0,0,0,0,1,0,0,0,0,0,0,0,1,1,1,1
66769,2402,2197,447,470,2027,0.0,0,397.3,0.0,0,0,0,1,0,0,0,0,0,0,0,1,1,1,1
66779,2402,2196,450,469,2028,0.0,0,397.3,0.0,0,0,0,1,0,0,0,0,0,0,0,1,1,1,1
66789,2401,2196,450,469,2018,0.0,0,396.4,0.0,0,0,0,1,0,0,0,0,0,0,0,1,1,1,1
66799,2399,2196,450,469,2020,0.0,0,397.5,0.0,0,0,0,1,0,0,0,0,0,0,0,1,1,1,1
66809,2401,2197,450,470,2018,0.0,0,397.5,0.0,0,0,0,1,0,0,0,0,0,0,0,1,1,1,1
66819,2401,2195,450,471,2018,0.0,0,397.0,0.0,0,0,0,1,0,0,0,0,0,0,0,1,1,1,1
66829,2401,2196,450,470,2018,0.0,0,397.3,0.0,0,0,0,1,0,0,0,0,0,0,0,1,1,1,1
66839,2401,2196,451,469,2018,0.0,0,396.1,0.0,0,0,0,1,0,0,0,0,0,0,0,1,1,1,1
66849,2401,2196,450,470,2018,0.0,0,396.9,0.0,0,0,0,1,0,0,0,0,0,0,0,1,1,1,1
66859,2402,2197,450,471,2018,0.0,0,397.2,0.0,0,0,0,1,0,0,0,0,0,0,0,1,1,1,1
66869,2403,2194,450,470,2018,0.0,0,397.2,0.0,0,0,0,1,0,0,0,0,0,0,0,1,1,1,1
66879,2401,2196,450,469,2018,0.0,0,396.1,0.0,0,0,0,1,0,0,0,0,0,0,0,1,1,1,1
66889,2401,2196,450,469,2017,0.0,0,397.1,0.0,0,0,0,1,0,0,0,0,0,0,0,1,1,1,1
66899,2401,2197,449,470,2018,0.0,0,396.8,0.0,0,0,0,1,0,0,0,0,0,0,0,1,1,1,1
66909,2401,2196,450,469,2017,0.0,0,397.1,0.0,0,0,0,1,0,0,0,0,0,0,0,1,1,1,1
66919,2402,2197,449,469,2025,0.0,0,396.9,0.0,0,0,0,1,0,0,0,0,0,0,0,1,1,1,1
66929,2401,2196,449,471,2028,0.0,0,396.9,0.0,0,0,0,1,0,0,0,0,0,0,0,1,1,1,1
66939,2402,2196,450,470,2028,0.0,0,396.7,0.0,0,0,0,1,0,0,0,0,0,0,0,1,1,1,1
66949,2402,2196,449,468,2027,0.0,0,396.4,0.0,0,0,0,1,0,0,0,0,0,0,0,1,1,1,1
66959,2401,2197,448,468,2027,0.0,0,396.4,0.0,0,0,0,1,0,0,0,0,0,0,0,1,1,1,1
66969,2401,2196,450,469,2027,0.0,0,397.0,0.0,0,0,0,1,0,0,0,0,0,0,0,1,1,1,1
66979,2402,2196,449,469,2028,0.0,0,396.9,0.0,0,0,0,1,0,0,0,0,0,0,0,1,1,1,1
66989,2402,2197,449,470,2027,0.0,0,396.9,0.0,0,0,0,1,0,0,0,0,0,0,0,1,1,1,1
66999,2401,2196,449,468,2027,0.0,0,397.0,0.0,0,0,0,1,0,0,0,0,0,0,0,1,1,1,1
67009,2401,2197,449,467,2027,0.0,0,397.2,0.0,0,0,0,1,0,0,0,0,0,0,0,1,1,1,1
67019,2401,2197,450,470,2027,0.0,0,396.4,0.0,0,0,0,1,0,0,0,0,0,0,0,1,1,1,1
67029,2401,2199,449,469,2027,0.0,0,396.5,0.0,0,0,0,1,0,0,0,0,0,0,0,1,1,1,1
67039,2402,2196,451,472,2027,0.0,0,397.0,0.0,0,0,0,1,0,0,0,0,0,0,0,1,1,1,1
67049,2402,2196,450,469,2027,0.0,0,397.0,0.0,0,0,0,1,0,0,0,0,0,0,0,1,1,1,1
67059,2402,2197,450,469,2026,0.0,0,396.7,0.0,0,0,0,1,0,0,0,0,0,0,0,1,1,1,1
67069,2401,2197,449,470,2025,0.0,0,396.3,0.0,0,0,0,1,0,0,0,0,0,0,0,1,1,1,1
67080,2402,2192,449,469,2027,0.0,0,396.4,0.0,0,0,0,1,0,0,0,0,0,0,0,1,1,1,1
67090,2401,2197,449,470,2017,0.0,0,397.1,0.0,0,0,0,1,0,0,0,0,0,0,0,1,1,1,1
67100,2403,2196,450,470,2018,0.0,0,396.9,0.0,0,0,0,1,0,0,0,0,0,0,0,1,1,1,1
67110,2402,2196,452,471,2018,0.0,0,396.9,0.0,0,0,0,1,0,0,0,0,0,0,0,1,1,1,1
67120,2402,2197,449,472,2018,0.0,0,396.2,0.0,0,0,0,1,0,0,0,0,0,0,0,1,1,1,1
67130,2401,2195,449,470,2018,0.0,0,396.2,0.0,0,0,0,1,0,0,0,0,0,0,0,1,1,1,1
67140,2401,2196,449,470,2018,0.0,0,397.0,0.0,0,0,0,1,0,0,0,0,0,0,0,1,1,1,1
67150,2401,2196,449,468,2018,0.0,0,396.9,0.0,0,0,0,1,0,0,0,0,0,0,0,1,1,1,1
67160,2403,2196,449,469,2018,0.0,0,397.3,0.0,0,0,0,1,0,0,0,0,0,0,0,1,1,1,1
67171,2404,2197,447,470,2018,0.0,0,397.4,0.0,0,0,0,1,0,0,0,0,0,0,0,1,1,1,1
67181,2401,2197,449,471,2018,0.0,0,397.4,0.0,0,0,0,1,0,0,0,0,0,0,0,1,1,1,1
67191,2401,2196,449,469,2018,0.0,0,396.5,0.0,0,0,0,1,0,0,0,0,0,0,0,1,1,1,1
67201,2402,2196,450,469,2018,0.0,0,396.5,0.0,0,0,0,1,0,0,0,0,0,0,0,1,1,1,1
67211,2401,2196,449,470,2018,0.0,0,397.1,0.0,0,0,0,1,0,0,0,0,0,0,0,1,1,1,1
67221,2401,2197,450,472,2024,0.0,0,396.9,0.0,0,0,0,1,0,0,0,0,0,0,0,1,1,1,1
67231,2403,2196,450,468,2027,0.0,0,396.8,0.0,0,0,0,1,0,0,0,0,0,0,0,1,1,1,1
67241,2402,2196,447,470,2028,0.0,0,396.8,0.0,0,0,0,1,0,0,0,0,0,0,0,1,1,1,1
67251,2401,2194,451,469,2028,0.0,0,397.3,0.0,0,0,0,1,0,0,0,0,0,0,0,1,1,1,1
67261,2401,2197,450,469,2028,0.0,0,397.3,0.0,0,0,0,1,0,0,0,0,0,0,0,1,1,1,1
67271,2401,2196,450,470,2030,0.0,0,397.5,0.0,0,0,0,1,0,0,0,0,0,0,0,1,1,1,1
67281,2402,2200,448,469,2027,0.0,0,397.5,0.0,0,0,0,1,0,0,0,0,0,0,0,1,1,1,1
67291,2390,2195,449,469,2027,0.0,0,397.5,0.0,0,0,0,1,0,0,0,0,0,0,0,1,1,1,1
67301,2401,2195,450,468,2027,0.0,0,397.5,0.0,0,0,0,1,0,0,0,0,0,0,0,1,1,1,1
67311,2401,2196,451,470,2027,0.0,0,397.0,0.0,0,0,0,1,0,0,0,0,0,0,0,1,1,1,1
67321,2400,2194,449,470,2028,0.0,0,397.0,0.0,0,0,0,1,0,0,0,0,0,0,0,1,1,1,1
67331,2401,2198,450,469,2027,0.0,0,396.8,0.0,0,0,0,1,0,0,0,0,0,0,0,1,1,1,1
67341,2402,2193,451,468,2030,0.0,0,397.0,0.0,0,0,0,1,0,0,0,0,0,0,0,1,1,1,1
67351,2402,2196,450,470,2027,0.0,0,396.2,0.0,0,0,0,1,0,0,0,0,0,0,0,1,1,1,1
67361,2400,2196,449,470,2027,0.0,0,396.2,0.0,0,0,0,1,0,0,0,0,0,0,0,1,1,1,1
67371,2400,2197,453,471,2025,0.0,0,396.2,0.0,0,0,0,1,0,0,0,0,0,0,0,1,1,1,1
67381,2401,2196,451,470,2029,0.0,0,396.7,0.0,0,0,0,1,0,0,0,0,0,0,0,1,1,1,1
67391,2401,2197,450,470,2019,0.0,0,396.7,0.0,0,0,0,1,0,0,0,0,0,0,0,1,1,1,1
67401,2400,2196,450,467,2018,0.0,0,397.1,0.0,0,0,0,1,0,0,0,0,0,0,0,1,1,1,1
67411,2402,2196,450,470,2018,0.0,0,396.5,0.0,0,0,0,1,0,0,0,0,0,0,0,1,1,1,1
67421,2402,2197,448,470,2018,0.0,0,396.5,0.0,0,0,0,1,0,0,0,0,0,0,0,1,1,1,1
67431,2400,2196,449,470,2019,0.0,0,397.0,0.0,0,0,0,1,0,0,0,0,0,0,0,1,1,1,1
67441,2401,2196,451,469,2018,0.0,0,397.1,0.0,0,0,0,1,0,0,0,0,0,0,0,1,1,1,1
67451,2402,2197,450,471,2020,0.0,0,397.1,0.0,0,0,0,1,0,0,0,0,0,0,0,1,1,1,1
67461,2401,2197,450,470,2018,0.0,0,396.7,0.0,0,0,0,1,0,0,0,0,0,0,0,1,1,1,1
67471,2402,2197,449,469,2018,0.0,0,396.5,0.0,0,0,0,1,0,0,0,0,0,0,0,1,1,1,1
67481,2401,2197,449,470,2018,0.0,0,396.5,0.0,0,0,0,1,0,0,0,0,0,0,0,1,1,1,1
67491,2402,2197,449,470,2020,0.0,0,395.6,0.0,0,0,0,1,0,0,0,0,0,0,0,1,1,1,1
67501,2401,2195,451,469,2018,0.0,0,396.5,0.0,0,0,0,1,0,0,0,0,0,0,0,1,1,1,1
67511,2402,2196,449,470,2018,0.0,0,396.3,0.0,0,0,0,1,0,0,0,0,0,0,0,1,1,1,1
67521,2401,2197,450,469,2019,0.0,0,397.7,0.0,0,0,0,1,0,0,0,0,0,0,0,1,1,1,1
67531,2402,2197,451,472,2028,0.0,0,396.8,0.0,0,0,0,1,0,0,0,0,0,0,0,1,1,1,1
67541,2401,2197,450,469,2028,0.0,0,396.8,0.0,0,0,0,1,0,0,0,0,0,0,0,1,1,1,1
67551,2402,2198,449,470,2027,0.0,0,396.7,0.0,0,0,0,1,0,0,0,0,0,0,0,1,1,1,1
67561,2401,2196,449,470,2029,0.0,0,397.0,0.0,0,0,0,1,0,0,0,0,0,0,0,1,1,1,1
67571,2401,2197,450,469,2030,0.0,0,397.5,0.0,0,0,0,1,0,0,0,0,0,0,0,1,1,1,1
67581,2401,2197,451,468,2028,0.0,0,396.4,0.0,0,0,0,1,0,0,0,0,0,0,0,1,1,1,1
67591,2403,2196,449,469,2028,0.0,0,396.8,0.0,0,0,0,1,0,0,0,0,0,0,0,1,1,1,1
67601,2401,2197,450,471,2027,0.0,0,396.8,0.0,0,0,0,1,0,0,0,0,0,0,0,1,1,1,1
67611,2402,2194,449,470,2028,0.0,0,397.2,0.0,0,0,0,1,0,0,0,0,0,0,0,1,1,1,1
67621,2402,2193,446,471,2026,0.0,0,397.0,0.0,0,0,0,1,0,0,0,0,0,0,0,1,1,1,1
67631,2401,2197,450,470,2029,0.0,0,396.0,0.0,0,0,0,1,0,0,0,0,0,0,0,1,1,1,1
67641,2401,2197,448,470,2027,0.0,0,396.8,0.0,0,0,0,1,0,0,0,0,0,0,0,1,1,1,1
67651,2402,2196,449,469,2028,0.0,0,397.0,0.0,0,0,0,1,0,0,0,0,0,0,0,1,1,1,1
67661,2401,2197,450,469,2028,0.0,0,397.0,0.0,0,0,0,1,0,0,0,0,0,0,0,1,1,1,1
67671,2401,2195,449,470,2028,0.0,0,397.1,0.0,0,0,0,1,0,0,0,0,0,0,0,1,1,1,1
67681,2401,2196,449,470,2028,0.0,0,396.9,0.0,0,0,0,1,0,0,0,0,0,0,0,1,1,1,1
67691,2401,2197,448,469,2026,0.0,0,396.8,0.0,0,0,0,1,0,0,0,0,0,0,0,1,1,1,1
67701,2401,2196,451,467,2019,0.0,0,396.3,0.0,0,0,0,1,0,0,0,0,0,0,0,1,1,1,1
67711,2402,2197,450,469,2018,0.0,0,396.9,0.0,0,0,0,1,0,0,0,0,0,0,0,1,1,1,1
67721,2402,2197,450,470,2019,0.0,0,396.9,0.0,0,0,0,1,0,0,0,0,0,0,0,1,1,1,1
67731,2401,2196,447,469,2019,0.0,0,397.2,0.0,0,0,0,1,0,0,0,0,0,0,0,1,1,1,1
67741,2402,2197,450,470,2018,0.0,0,396.2,0.0,0,0,0,1,0,0,0,0,0,0,0,1,1,1,1
67751,2402,2196,450,469,2019,0.0,0,397.1,0.0,0,0,0,1,0,0,0,0,0,0,0,1,1,1,1
67761,2402,2196,447,469,2019,0.0,0,396.7,0.0,0,0,0,1,0,0,0,0,0,0,0,1,1,1,1
67771,2401,2197,451,469,2019,0.0,0,396.7,0.0,0,0,0,1,0,0,0,0,0,0,0,1,1,1,1
67781,2401,2197,450,469,2018,0.0,0,396.7,0.0,0,0,0,1,0,0,0,0,0,0,0,1,1,1,1
67791,2401,2197,449,470,2018,0.0,0,396.9,0.0,0,0,0,1,0,0,0,0,0,0,0,1,1,1,1
67801,2402,2196,449,470,2017,0.0,0,396.7,0.0,0,0,0,1,0,0,0,0,0,0,0,1,1,1,1
67811,2401,2195,449,469,2017,0.0,0,397.5,0.0,0,0,0,1,0,0,0,0,0,0,0,1,1,1,1
67821,2402,2197,450,470,2019,0.0,0,397.3,0.0,0,0,0,1,0,0,0,0,0,0,0,1,1,1,1
67831,2401,2197,449,471,2027,0.0,0,396.9,0.0,0,0,0,1,0,0,0,0,0,0,0,1,1,1,1
67841,2404,2196,451,468,2027,0.0,0,396.9,0.0,0,0,0,1,0,0,0,0,0,0,0,1,1,1,1
67851,2401,2195,450,471,2027,0.0,0,397.2,0.0,0,0,0,1,0,0,0,0,0,0,0,1,1,1,1
67861,2401,2196,449,469,2027,0.0,0,396.5,0.0,0,0,0,1,0,0,0,0,0,0,0,1,1,1,1
67871,2401,2192,449,469,2027,0.0,0,396.9,0.0,0,0,0,1,0,0,0,0,0,0,0,1,1,1,1
67881,2401,2196,450,470,2028,0.0,0,397.1,0.0,0,0,0,1,0,0,0,0,0,0,0,1,1,1,1
67891,2403,2197,450,468,2027,0.0,0,396.1,0.0,0,0,0,1,0,0,0,0,0,0,0,1,1,1,1
67901,2402,2194,449,469,2027,0.0,0,396.1,0.0,0,0,0,1,0,0,0,0,0,0,0,1,1,1,1
67911,2401,2197,450,470,2027,0.0,0,396.8,0.0,0,0,0,1,0,0,0,0,0,0,0,1,1,1,1
67921,2401,2197,450,470,2028,0.0,0,396.3,0.0,0,0,0,1,0,0,0,0,0,0,0,1,1,1,1
67931,2404,2197,449,469,2029,0.0,0,396.5,0.0,0,0,0,1,0,0,0,0,0,0,0,1,1,1,1
67941,2404,2197,451,469,2026,0.0,0,396.3,0.0,0,0,0,1,0,0,0,0,0,0,0,1,1,1,1
67951,2404,2196,449,470,2028,0.0,0,396.8,0.0,0,0,0,1,0,0,0,0,0,0,0,1,1,1,1
67961,2401,2193,449,470,2028,0.0,0,396.8,0.0,0,0,0,1,0,0,0,0,0,0,0,1,1,1,1
67971,2403,2197,450,470,2028,0.0,0,397.0,0.0,0,0,0,1,0,0,0,0,0,0,0,1,1,1,1
67981,2401,2197,449,470,2027,0.0,0,397.0,0.0,0,0,0,1,0,0,0,0,0,0,0,1,1,1,1
67991,2402,2196,450,470,2030,0.0,0,396.3,0.0,0,0,0,1,0,0,0,0,0,0,0,1,1,1,1
68001,2402,2197,451,470,2018,0.0,0,397.5,0.0,0,0,0,1,0,0,0,0,0,0,0,1,1,1,1
68011,2401,2196,449,469,2018,0.0,0,396.0,0.0,0,0,0,1,0,0,0,0,0,0,0,1,1,1,1
68021,2402,2196,450,469,2018,0.0,0,396.0,0.0,0,0,0,1,0,0,0,0,0,0,0,1,1,1,1
68031,2401,2197,451,469,2017,0.0,0,397.5,0.0,0,0,0,1,0,0,0,0,0,0,0,1,1,1,1
68041,2402,2196,451,469,2019,0.0,0,396.5,0.0,0,0,0,1,0,0,0,0,0,0,0,1,1,1,1
68051,2399,2196,448,469,2019,0.0,0,397.5,0.0,0,0,0,1,0,0,0,0,0,0,0,1,1,1,1
68061,2402,2197,452,469,2019,0.0,0,396.8,0.0,0,0,0,1,0,0,0,0,0,0,0,1,1,1,1
68071,2399,2193,448,468,2018,0.0,0,397.0,0.0,0,0,0,1,0,0,0,0,0,0,0,1,1,1,1
68081,2402,2197,449,467,2018,0.0,0,397.0,0.0,0,0,0,1,0,0,0,0,0,0,0,1,1,1,1
68091,2402,2196,451,469,2018,0.0,0,396.9,0.0,0,0,0,1,0,0,0,0,0,0,0,1,1,1,1
68101,2401,2196,449,469,2018,0.0,0,397.7,0.0,0,0,0,1,0,0,0,0,0,0,0,1,1,1,1
68111,2404,2196,450,469,2019,0.0,0,397.7,0.0,0,0,0,1,0,0,0,0,0,0,0,1,1,1,1
68121,2402,2198,452,470,2018,0.0,0,396.7,0.0,0,0,0,1,0,0,0,0,0,0,0,1,1,1,1
68131,2401,2196,449,470,2027,0.0,0,396.3,0.0,0,0,0,1,0,0,0,0,0,0,0,1,1,1,1
68141,2402,2195,450,470,2028,0.0,0,396.3,0.0,0,0,0,1,0,0,0,0,0,0,0,1,1,1,1
68151,2401,2198,451,468,2028,0.0,0,396.7,0.0,0,0,0,1,0,0,0,0,0,0,0,1,1,1,1
68161,2401,2197,449,469,2030,0.0,0,397.0,0.0,0,0,0,1,0,0,0,0,0,0,0,1,1,1,1
68171,2402,2196,451,470,2028,0.0,0,397.1,0.0,0,0,0,1,0,0,0,0,0,0,0,1,1,1,1
68181,2403,2197,451,469,2025,0.0,0,397.0,0.0,0,0,0,1,0,0,0,0,0,0,0,1,1,1,1
68191,2404,2197,450,471,2027,0.0,0,397.1,0.0,0,0,0,1,0,0,0,0,0,0,0,1,1,1,1
68201,2404,2197,450,470,2027,0.0,0,397.1,0.0,0,0,0,1,0,0,0,0,0,0,0,1,1,1,1
68211,2401,2197,450,470,2028,0.0,0,397.0,0.0,0,0,0,1,0,0,0,0,0,0,0,1,1,1,1
68221,2400,2197,449,472,2029,0.0,0,396.7,0.0,0,0,0,1,0,0,0,0,0,0,0,1,1,1,1
68231,2401,2196,451,470,2028,0.0,0,396.3,0.0,0,0,0,1,0,0,0,0,0,0,0,1,1,1,1
68241,2401,2196,448,469,2028,0.0,0,397.3,0.0,0,0,0,1,0,0,0,0,0,0,0,1,1,1,1
68251,2404,2197,450,470,2029,0.0,0,396.3,0.0,0,0,0,1,0,0,0,0,0,0,0,1,1,1,1
68261,2401,2197,446,471,2027,0.0,0,396.3,0.0,0,0,0,1,0,0,0,0,0,0,0,1,1,1,1
68271,2401,2197,448,469,2029,0.0,0,396.9,0.0,0,0,0,1,0,0,0,0,0,0,0,1,1,1,1
68281,2402,2196,451,469,2027,0.0,0,397.2,0.0,0,0,0,1,0,0,0,0,0,0,0,1,1,1,1
68291,2401,2196,450,470,2024,0.0,0,397.4,0.0,0,0,0,1,0,0,0,0,0,0,0,1,1,1,1
68301,2398,2196,451,469,2018,0.0,0,397.0,0.0,0,0,0,1,0,0,0,0,0,0,0,1,1,1,1
68311,2401,2196,450,467,2017,0.0,0,397.2,0.0,0,0,0,1,0,0,0,0,0,0,0,1,1,1,1
68321,2400,2196,449,470,2018,0.0,0,397.2,0.0,0,0,0,1,0,0,0,0,0,0,0,1,1,1,1
68331,2401,2196,450,470,2018,0.0,0,396.3,0.0,0,0,0,1,0,0,0,0,0,0,0,1,1,1,1
68341,2401,2197,450,469,2018,0.0,0,397.0,0.0,0,0,0,1,0,0,0,0,0,0,0,1,1,1,1
68351,2401,2196,450,469,2017,0.0,0,396.4,0.0,0,0,0,1,0,0,0,0,0,0,0,1,1,1,1
68361,2401,2196,448,469,2017,0.0,0,397.1,0.0,0,0,0,1,0,0,0,0,0,0,0,1,1,1,1
68371,2404,2195,449,470,2018,0.0,0,396.4,0.0,0,0,0,1,0,0,0,0,0,0,0,1,1,1,1
68381,2401,2196,449,468,2018,0.0,0,396.4,0.0,0,0,0,1,0,0,0,0,0,0,0,1,1,1,1
68391,2401,2197,451,470,2019,0.0,0,396.5,0.0,0,0,0,1,0,0,0,0,0,0,0,1,1,1,1
68401,2402,2197,451,470,2019,0.0,0,396.8,0.0,0,0,0,1,0,0,0,0,0,0,0,1,1,1,1
68411,2398,2196,449,469,2019,0.0,0,396.9,0.0,0,0,0,1,0,0,0,0,0,0,0,1,1,1,1
68421,2404,2197,450,469,2018,0.0,0,397.1,0.0,0,0,0,1,0,0,0,0,0,0,0,1,1,1,1
68431,2401,2196,448,469,2030,0.0,0,396.4,0.0,0,0,0,1,0,0,0,0,0,0,0,1,1,1,1
68441,2401,2197,450,470,2027,0.0,0,396.4,0.0,0,0,0,1,0,0,0,0,0,0,0,1,1,1,1
68451,2402,2196,451,469,2029,0.0,0,396.5,0.0,0,0,0,1,0,0,0,0,0,0,0,1,1,1,1
68461,2402,2197,452,473,2028,0.0,0,396.5,0.0,0,0,0,1,0,0,0,0,0,0,0,1,1,1,1
68471,2401,2196,450,469,2027,0.0,0,396.5,0.0,0,0,0,1,0,0,0,0,0,0,0,1,1,1,1
68481,2402,2196,450,469,2029,0.0,0,396.9,0.0,0,0,0,1,0,0,0,0,0,0,0,1,1,1,1
68491,2401,2196,450,470,2027,0.0,0,396.9,0.0,0,0,0,1,0,0,0,0,0,0,0,1,1,1,1
68501,2400,2197,449,470,2028,0.0,0,396.9,0.0,0,0,0,1,0,0,0,0,0,0,0,1,1,1,1
68511,2401,2197,451,469,2027,0.0,0,396.8,0.0,0,0,0,1,0,0,0,0,0,0,0,1,1,1,1
68521,2401,2196,451,470,2028,0.0,0,396.5,0.0,0,0,0,1,0,0,0,0,0,0,0,1,1,1,1
68531,2401,2197,451,470,2028,0.0,0,396.5,0.0,0,0,0,1,0,0,0,0,0,0,0,1,1,1,1
68541,2402,2197,449,470,2028,0.0,0,396.9,0.0,0,0,0,1,0,0,0,0,0,0,0,1,1,1,1
68551,2400,2197,449,470,2027,0.0,0,397.1,0.0,0,0,0,1,0,0,0,0,0,0,0,1,1,1,1
68561,2402,2197,449,470,2029,0.0,0,397.1,0.0,0,0,0,1,0,0,0,0,0,0,0,1,1,1,1
68571,2402,2196,450,469,2027,0.0,0,396.8,0.0,0,0,0,1,0,0,0,0,0,0,0,1,1,1,1
68581,2401,2194,450,472,2027,0.0,0,396.9,0.0,0,0,0,1,0,0,0,0,0,0,0,1,1,1,1
68591,2402,2196,450,470,2027,0.0,0,396.7,0.0,0,0,0,1,0,0,0,0,0,0,0,1,1,1,1
68601,2405,2196,450,470,2019,0.0,0,396.7,0.0,0,0,0,1,0,0,0,0,0,0,0,1,1,1,1
68611,2401,2196,449,466,2018,0.0,0,396.8,0.0,0,0,0,1,0,0,0,0,0,0,0,1,1,1,1
68621,2402,2196,449,469,2018,0.0,0,396.9,0.0,0,0,0,1,0,0,0,0,0,0,0,1,1,1,1
68632,2403,2196,450,470,2018,0.0,0,397.5,0.0,0,0,0,1,0,0,0,0,0,0,0,1,1,1,1
68642,2405,2199,449,471,2018,0.0,0,397.5,0.0,0,0,0,1,0,0,0,0,0,0,0,1,1,1,1
68652,2402,2197,449,469,2018,0.0,0,397.2,0.0,0,0,0,1,0,0,0,0,0,0,0,1,1,1,1
68662,2401,2197,449,471,2016,0.0,0,397.2,0.0,0,0,0,1,0,0,0,0,0,0,0,1,1,1,1
68672,2402,2196,449,470,2017,0.0,0,396.5,0.0,0,0,0,1,0,0,0,0,0,0,0,1,1,1,1
68682,2401,2197,449,469,2018,0.0,0,397.0,0.0,0,0,0,1,0,0,0,0,0,0,0,1,1,1,1
68692,2404,2196,448,469,2021,0.0,0,396.4,0.0,0,0,0,1,0,0,0,0,0,0,0,1,1,1,1
68702,2403,2196,448,470,2019,0.0,0,396.4,0.0,0,0,0,1,0,0,0,0,0,0,0,1,1,1,1
68712,2402,2197,448,469,2018,0.0,0,397.6,0.0,0,0,0,1,0,0,0,0,0,0,0,1,1,1,1
68722,2401,2197,447,469,2018,0.0,0,397.6,0.0,0,0,0,1,0,0,0,0,0,0,0,1,1,1,1
68732,2400,2196,450,470,2027,0.0,0,397.2,0.0,0,0,0,1,0,0,0,0,0,0,0,1,1,1,1
68742,2402,2196,451,470,2028,0.0,0,396.1,0.0,0,0,0,1,0,0,0,0,0,0,0,1,1,1,1
68752,2402,2197,450,469,2028,0.0,0,396.7,0.0,0,0,0,1,0,0,0,0,0,0,0,1,1,1,1
68762,2402,2197,449,470,2025,0.0,0,396.7,0.0,0,0,0,1,0,0,0,0,0,0,0,1,1,1,1
68772,2402,2198,450,471,2027,0.0,0,396.2,0.0,0,0,0,1,0,0,0,0,0,0,0,1,1,1,1
68782,2401,2195,450,469,2026,0.0,0,396.2,0.0,0,0,0,1,0,0,0,0,0,0,0,1,1,1,1
68792,2402,2197,450,470,2027,0.0,0,397.0,0.0,0,0,0,1,0,0,0,0,0,0,0,1,1,1,1
68802,2402,2196,450,470,2027,0.0,0,397.0,0.0,0,0,0,1,0,0,0,0,0,0,0,1,1,1,1
68812,2401,2196,450,469,2027,0.0,0,397.4,0.0,0,0,0,1,0,0,0,0,0,0,0,1,1,1,1
68822,2402,2197,451,468,2027,0.0,0,397.2,0.0,0,0,0,1,0,0,0,0,0,0,0,1,1,1,1
68833,2402,2196,450,469,2028,0.0,0,397.1,0.0,0,0,0,1,0,0,0,0,0,0,0,1,1,1,1
68843,2403,2197,450,469,2027,0.0,0,397.1,0.0,0,0,0,1,0,0,0,0,0,0,0,1,1,1,1
68854,2403,2196,450,470,2027,0.0,0,397.4,0.0,0,0,0,1,0,0,0,0,0,0,0,1,1,1,1
68864,2402,2197,450,469,2027,0.0,0,397.4,0.0,0,0,0,1,0,0,0,0,0,0,0,1,1,1,1
68875,2402,2197,450,469,2027,0.0,0,397.5,0.0,0,0,0,1,0,0,0,0,0,0,0,1,1,1,1
68885,2401,2197,450,470,2027,0.0,0,396.7,0.0,0,0,0,1,0,0,0,0,0,0,0,1,1,1,1
68896,2401,2197,448,469,2027,0.0,0,396.3,0.0,0,0,0,1,0,0,0,0,0,0,0,1,1,1,1
68906,2401,2197,447,469,2017,0.0,0,396.9,0.0,0,0,0,1,0,0,0,0,0,0,0,1,1,1,1
68916,2402,2196,449,469,2018,0.0,0,397.5,0.0,0,0,0,1,0,0,0,0,0,0,0,1,1,1,1
68926,2401,2197,449,469,2017,0.0,0,397.5,0.0,0,0,0,1,0,0,0,0,0,0,0,1,1,1,1
68936,2402,2196,450,469,2018,0.0,0,396.7,0.0,0,0,0,1,0,0,0,0,0,0,0,1,1,1,1
68946,2402,2197,452,469,2018,0.0,0,396.7,0.0,0,0,0,1,0,0,0,0,0,0,0,1,1,1,1
68956,2401,2197,446,469,2018,0.0,0,396.7,0.0,0,0,0,1,0,0,0,0,0,0,0,1,1,1,1
68966,2401,2196,449,469,2018,0.0,0,396.9,0.0,0,0,0,1,0,0,0,0,0,0,0,1,1,1,1
68976,2403,2196,449,469,2017,0.0,0,397.1,0.0,0,0,0,1,0,0,0,0,0,0,0,1,1,1,1
68986,2401,2196,450,469,2019,0.0,0,397.1,0.0,0,0,0,1,0,0,0,0,0,0,0,1,1,1,1
68996,2402,2196,449,469,2019,0.0,0,396.1,0.0,0,0,0,1,0,0,0,0,0,0,0,1,1,1,1
69006,2402,2197,450,470,2018,0.0,0,397.3,0.0,0,0,0,1,0,0,0,0,0,0,0,1,1,1,1
69016,2402,2201,450,470,2018,0.0,0,396.5,0.0,0,0,0,1,0,0,0,0,0,0,0,1,1,1,1
69026,2405,2200,450,470,2017,0.0,0,396.4,0.0,0,0,0,1,0,0,0,0,0,0,0,1,1,1,1
69036,2402,2196,449,469,2027,0.0,0,396.4,0.0,0,0,0,1,0,0,0,0,0,0,0,1,1,1,1
69046,2402,2197,450,469,2027,0.0,0,396.4,0.0,0,0,0,1,0,0,0,0,0,0,0,1,1,1,1
69056,2401,2196,449,469,2028,0.0,0,396.9,0.0,0,0,0,1,0,0,0,0,0,0,0,1,1,1,1
69066,2403,2196,450,470,2027,0.0,0,396.3,0.0,0,0,0,1,0,0,0,0,0,0,0,1,1,1,1
69076,2402,2196,450,469,2026,0.0,0,397.5,0.0,0,0,0,1,0,0,0,0,0,0,0,1,1,1,1
69086,2401,2193,450,469,2027,0.0,0,396.5,0.0,0,0,0,1,0,0,0,0,0,0,0,1,1,1,1
69096,2402,2196,449,469,2028,0.0,0,396.5,0.0,0,0,0,1,0,0,0,0,0,0,0,1,1,1,1
69106,2401,2197,450,468,2027,0.0,0,396.5,0.0,0,0,0,1,0,0,0,0,0,0,0,1,1,1,1
69117,2402,2197,449,470,2027,0.0,0,397.1,0.0,0,0,0,1,0,0,0,0,0,0,0,1,1,1,1
69127,2402,2197,450,469,2027,0.0,0,397.0,0.0,0,0,0,1,0,0,0,0,0,0,0,1,1,1,1
69137,2402,2196,450,470,2028,0.0,0,396.7,0.0,0,0,0,1,0,0,0,0,0,0,0,1,1,1,1
69147,2401,2197,451,469,2028,0.0,0,397.2,0.0,0,0,0,1,0,0,0,0,0,0,0,1,1,1,1
69157,2402,2197,451,469,2027,0.0,0,397.2,0.0,0,0,0,1,0,0,0,0,0,0,0,1,1,1,1
69167,2401,2197,448,470,2029,0.0,0,397.2,0.0,0,0,0,1,0,0,0,0,0,0,0,1,1,1,1
69177,2402,2197,450,469,2027,0.0,0,397.0,0.0,0,0,0,1,0,0,0,0,0,0,0,1,1,1,1
69187,2401,2196,450,469,2028,0.0,0,396.2,0.0,0,0,0,1,0,0,0,0,0,0,0,1,1,1,1
69197,2401,2196,449,470,2026,0.0,0,397.3,0.0,0,0,0,1,0,0,0,0,0,0,0,1,1,1,1
69207,2402,2197,451,469,2018,0.0,0,397.0,0.0,0,0,0,1,0,0,0,0,0,0,0,1,1,1,1
69217,2402,2196,450,469,2018,0.0,0,396.5,0.0,0,0,0,1,0,0,0,0,0,0,0,1,1,1,1
69227,2402,2195,448,470,2017,0.0,0,396.5,0.0,0,0,0,1,0,0,0,0,0,0,0,1,1,1,1
69237,2401,2197,450,469,2017,0.0,0,397.2,0.0,0,0,0,1,0,0,0,0,0,0,0,1,1,1,1
69247,2402,2196,450,468,2017,0.0,0,397.4,0.0,0,0,0,1,0,0,0,0,0,0,0,1,1,1,1
69257,2402,2197,448,471,2018,0.0,0,396.7,0.0,0,0,0,1,0,0,0,0,0,0,0,1,1,1,1
69267,2403,2200,450,468,2018,0.0,0,397.9,0.0,0,0,0,1,0,0,0,0,0,0,0,1,1,1,1
69277,2401,2197,448,469,2018,0.0,0,397.9,0.0,0,0,0,1,0,0,0,0,0,0,0,1,1,1,1
69287,2401,2197,449,469,2018,0.0,0,397.9,0.0,0,0,0,1,0,0,0,0,0,0,0,1,1,1,1
69297,2401,2196,449,470,2018,0.0,0,396.8,0.0,0,0,0,1,0,0,0,0,0,0,0,1,1,1,1
69307,2401,2196,448,473,2017,0.0,0,396.5,0.0,0,0,0,1,0,0,0,0,0,0,0,1,1,1,1
69317,2401,2196,449,469,2018,0.0,0,396.8,0.0,0,0,0,1,0,0,0,0,0,0,0,1,1,1,1
69327,2401,2197,450,468,2019,0.0,0,397.3,0.0,0,0,0,1,0,0,0,0,0,0,0,1,1,1,1
69337,2401,2196,450,472,2026,0.0,0,397.3,0.0,0,0,0,1,0,0,0,0,0,0,0,1,1,1,1
69347,2401,2196,450,470,2026,0.0,0,397.3,0.0,0,0,0,1,0,0,0,0,0,0,0,1,1,1,1
69357,2402,2196,449,469,2027,0.0,0,396.9,0.0,0,0,0,1,0,0,0,0,0,0,0,1,1,1,1
69367,2401,2196,450,469,2027,0.0,0,396.9,0.0,0,0,0,1,0,0,0,0,0,0,0,1,1,1,1
69377,2402,2196,449,472,2025,0.0,0,396.2,0.0,0,0,0,1,0,0,0,0,0,0,0,1,1,1,1
69387,2400,2196,451,469,2027,0.0,0,397.1,0.0,0,0,0,1,0,0,0,0,0,0,0,1,1,1,1
69397,2402,2196,449,470,2027,0.0,0,397.1,0.0,0,0,0,1,0,0,0,0,0,0,0,1,1,1,1
69407,2401,2197,448,470,2027,0.0,0,397.1,0.0,0,0,0,1,0,0,0,0,0,0,0,1,1,1,1
69417,2401,2197,450,470,2027,0.0,0,396.4,0.0,0,0,0,1,0,0,0,0,0,0,0,1,1,1,1
69427,2401,2197,449,471,2027,0.0,0,397.1,0.0,0,0,0,1,0,0,0,0,0,0,0,1,1,1,1
69437,2400,2196,450,468,2026,0.0,0,396.7,0.0,0,0,0,1,0,0,0,0,0,0,0,1,1,1,1
69447,2403,2196,450,468,2028,0.0,0,397.0,0.0,0,0,0,1,0,0,0,0,0,0,0,1,1,1,1
69457,2403,2196,450,467,2027,0.0,0,396.9,0.0,0,0,0,1,0,0,0,0,0,0,0,1,1,1,1
69467,2402,2197,450,470,2028,0.0,0,396.9,0.0,0,0,0,1,0,0,0,0,0,0,0,1,1,1,1
69477,2401,2196,449,468,2027,0.0,0,396.4,0.0,0,0,0,1,0,0,0,0,0,0,0,1,1,1,1
69487,2402,2197,452,470,2028,0.0,0,397.2,0.0,0,0,0,1,0,0,0,0,0,0,0,1,1,1,1
69497,2399,2197,448,469,2028,0.0,0,397.0,0.0,0,0,0,1,0,0,0,0,0,0,0,1,1,1,1
69507,2401,2197,451,471,2018,0.0,0,397.0,0.0,0,0,0,1,0,0,0,0,0,0,0,1,1,1,1
69517,2402,2197,449,470,2018,0.0,0,396.8,0.0,0,0,0,1,0,0,0,0,0,0,0,1,1,1,1
69527,2403,2196,450,469,2018,0.0,0,396.8,0.0,0,0,0,1,0,0,0,0,0,0,0,1,1,1,1
69537,2403,2197,449,470,2018,0.0,0,396.3,0.0,0,0,0,1,0,0,0,0,0,0,0,1,1,1,1
69547,2401,2197,451,471,2018,0.0,0,396.1,0.0,0,0,0,1,0,0,0,0,0,0,0,1,1,1,1
69557,2401,2196,450,469,2017,0.0,0,397.6,0.0,0,0,0,1,0,0,0,0,0,0,0,1,1,1,1
69567,2401,2201,450,470,2018,0.0,0,396.9,0.0,0,0,0,1,0,0,0,0,0,0,0,1,1,1,1
69577,2403,2196,449,469,2018,0.0,0,397.3,0.0,0,0,0,1,0,0,0,0,0,0,0,1,1,1,1
69587,2401,2197,450,469,2017,0.0,0,397.3,0.0,0,0,0,1,0,0,0,0,0,0,0,1,1,1,1
69597,2401,2196,449,469,2018,0.0,0,396.7,0.0,0,0,0,1,0,0,0,0,0,0,0,1,1,1,1
69607,2401,2196,451,471,2018,0.0,0,396.8,0.0,0,0,0,1,0,0,0,0,0,0,0,1,1,1,1
69617,2402,2196,451,469,2018,0.0,0,396.8,0.0,0,0,0,1,0,0,0,0,0,0,0,1,1,1,1
69627,2402,2196,449,470,2018,0.0,0,397.1,0.0,0,0,0,1,0,0,0,0,0,0,0,1,1,1,1
69637,2402,2197,446,467,2029,0.0,0,397.0,0.0,0,0,0,1,0,0,0,0,0,0,0,1,1,1,1
69647,2401,2196,451,468,2026,0.0,0,397.0,0.0,0,0,0,1,0,0,0,0,0,0,0,1,1,1,1
69657,2401,2196,449,470,2027,0.0,0,397.3,0.0,0,0,0,1,0,0,0,0,0,0,0,1,1,1,1
69667,2401,2196,449,471,2027,0.0,0,396.7,0.0,0,0,0,1,0,0,0,0,0,0,0,1,1,1,1
69677,2401,2197,449,471,2028,0.0,0,397.0,0.0,0,0,0,1,0,0,0,0,0,0,0,1,1,1,1
69687,2402,2197,449,470,2028,0.0,0,396.8,0.0,0,0,0,1,0,0,0,0,0,0,0,1,1,1,1
69697,2402,2196,449,469,2027,0.0,0,396.8,0.0,0,0,0,1,0,0,0,0,0,0,0,1,1,1,1
69707,2401,2197,449,470,2028,0.0,0,396.8,0.0,0,0,0,1,0,0,0,0,0,0,0,1,1,1,1
69717,2401,2197,449,469,2027,0.0,0,397.2,0.0,0,0,0,1,0,0,0,0,0,0,0,1,1,1,1
69727,2403,2196,450,468,2027,0.0,0,397.1,0.0,0,0,0,1,0,0,0,0,0,0,0,1,1,1,1
69737,2401,2196,449,468,2028,0.0,0,397.1,0.0,0,0,0,1,0,0,0,0,0,0,0,1,1,1,1
69747,2401,2197,450,469,2029,0.0,0,396.3,0.0,0,0,0,1,0,0,0,0,0,0,0,1,1,1,1
69757,2401,2197,449,468,2027,0.0,0,396.3,0.0,0,0,0,1,0,0,0,0,0,0,0,1,1,1,1
69767,2402,2193,449,469,2027,0.0,0,396.3,0.0,0,0,0,1,0,0,0,0,0,0,0,1,1,1,1
69777,2402,2197,449,469,2027,0.0,0,396.7,0.0,0,0,0,1,0,0,0,0,0,0,0,1,1,1,1
69787,2406,2196,450,469,2027,0.0,0,396.9,0.0,0,0,0,1,0,0,0,0,0,0,0,1,1,1,1
69797,2401,2197,449,468,2027,0.0,0,397.4,0.0,0,0,0,1,0,0,0,0,0,0,0,1,1,1,1
69807,2402,2197,450,467,2019,0.0,0,396.5,0.0,0,0,0,1,0,0,0,0,0,0,0,1,1,1,1
69817,2403,2196,449,469,2017,0.0,0,397.6,0.0,0,0,0,1,0,0,0,0,0,0,0,1,1,1,1
69827,2402,2197,450,469,2018,0.0,0,397.6,0.0,0,0,0,1,0,0,0,0,0,0,0,1,1,1,1
69837,2401,2196,451,468,2018,0.0,0,396.5,0.0,0,0,0,1,0,0,0,0,0,0,0,1,1,1,1
69847,2401,2196,449,469,2018,0.0,0,397.2,0.0,0,0,0,1,0,0,0,0,0,0,0,1,1,1,1
69857,2402,2197,450,469,2018,0.0,0,396.5,0.0,0,0,0,1,0,0,0,0,0,0,0,1,1,1,1
69867,2402,2197,450,469,2018,0.0,0,397.7,0.0,0,0,0,1,0,0,0,0,0,0,0,1,1,1,1
69877,2402,2197,449,469,2019,0.0,0,397.7,0.0,0,0,0,1,0,0,0,0,0,0,0,1,1,1,1
69887,2401,2196,450,470,2018,0.0,0,397.7,0.0,0,0,0,1,0,0,0,0,0,0,0,1,1,1,1
69897,2402,2196,451,470,2018,0.0,0,396.9,0.0,0,0,0,1,0,0,0,0,0,0,0,1,1,1,1
69907,2401,2197,449,470,2018,0.0,0,396.3,0.0,0,0,0,1,0,0,0,0,0,0,0,1,1,1,1
69917,2402,2197,449,469,2017,0.0,0,396.9,0.0,0,0,0,1,0,0,0,0,0,0,0,1,1,1,1
69927,2402,2197,450,468,2019,0.0,0,396.9,0.0,0,0,0,1,0,0,0,0,0,0,0,1,1,1,1
69937,2403,2197,448,469,2019,0.0,0,397.6,0.0,0,0,0,1,0,0,0,0,0,0,0,1,1,1,1
69947,2403,2197,450,469,2026,0.0,0,397.6,0.0,0,0,0,1,0,0,0,0,0,0,0,1,1,1,1
69957,2402,2196,451,468,2025,0.0,0,396.9,0.0,0,0,0,1,0,0,0,0,0,0,0,1,1,1,1
69967,2401,2199,447,469,2027,0.0,0,396.5,0.0,0,0,0,1,0,0,0,0,0,0,0,1,1,1,1
69977,2402,2193,450,469,2027,0.0,0,396.9,0.0,0,0,0,1,0,0,0,0,0,0,0,1,1,1,1
69987,2401,2197,451,468,2027,0.0,0,396.5,0.0,0,0,0,1,0,0,0,0,0,0,0,1,1,1,1
69997,2402,2196,449,468,2028,0.0,0,396.7,0.0,0,0,0,1,0,0,0,0,0,0,0,1,1,1,1
70007,2401,2196,453,468,2028,0.0,0,396.7,0.0,0,0,0,1,0,0,0,0,0,0,0,1,1,1,1
70017,2401,2197,450,470,2027,0.0,0,396.7,0.0,0,0,0,1,0,0,0,0,0,0,0,1,1,1,1
70027,2401,2196,449,469,2027,0.0,0,396.3,0.0,0,0,0,1,0,0,0,0,0,0,0,1,1,1,1
70037,2401,2197,450,468,2029,0.0,0,396.7,0.0,0,0,0,1,0,0,0,0,0,0,0,1,1,1,1
70047,2402,2197,454,470,2027,0.0,0,397.0,0.0,0,0,0,1,0,0,0,0,0,0,0,1,1,1,1
70057,2403,2195,451,467,2026,0.0,0,396.5,0.0,0,0,0,1,0,0,0,0,0,0,0,1,1,1,1
70067,2402,2196,450,468,2027,0.0,0,396.5,0.0,0,0,0,1,0,0,0,0,0,0,0,1,1,1,1
70077,2401,2197,450,469,2027,0.0,0,396.2,0.0,0,0,0,1,0,0,0,0,0,0,0,1,1,1,1
70087,2401,2197,450,470,2027,0.0,0,396.9,0.0,0,0,0,1,0,0,0,0,0,0,0,1,1,1,1
70097,2401,2197,447,470,2027,0.0,0,396.8,0.0,0,0,0,1,0,0,0,0,0,0,0,1,1,1,1
70107,2402,2199,450,470,2027,0.0,0,397.1,0.0,0,0,0,1,0,0,0,0,0,0,0,1,1,1,1
70117,2401,2196,451,469,2018,0.0,0,397.1,0.0,0,0,0,1,0,0,0,0,0,0,0,1,1,1,1
70127,2401,2195,451,470,2019,0.0,0,397.1,0.0,0,0,0,1,0,0,0,0,0,0,0,1,1,1,1
70137,2400,2197,449,467,2018,0.0,0,397.4,0.0,0,0,0,1,0,0,0,0,0,0,0,1,1,1,1
70147,2401,2197,450,468,2016,0.0,0,397.1,0.0,0,0,0,1,0,0,0,0,0,0,0,1,1,1,1
70157,2401,2196,451,470,2018,0.0,0,396.5,0.0,0,0,0,1,0,0,0,0,0,0,0,1,1,1,1
70167,2401,2196,449,469,2018,0.0,0,396.8,0.0,0,0,0,1,0,0,0,0,0,0,0,1,1,1,1
70177,2403,2196,450,469,2018,0.0,0,397.7,0.0,0,0,0,1,0,0,0,0,0,0,0,1,1,1,1
70187,2402,2198,450,468,2018,0.0,0,397.7,0.0,0,0,0,1,0,0,0,0,0,0,0,1,1,1,1
70197,2400,2197,450,472,2018,0.0,0,396.5,0.0,0,0,0,1,0,0,0,0,0,0,0,1,1,1,1
70207,2402,2197,449,469,2016,0.0,0,396.5,0.0,0,0,0,1,0,0,0,0,0,0,0,1,1,1,1
70217,2402,2198,448,468,2018,0.0,0,397.1,0.0,0,0,0,1,0,0,0,0,0,0,0,1,1,1,1
70227,2402,2197,450,470,2019,0.0,0,396.7,0.0,0,0,0,1,0,0,0,0,0,0,0,1,1,1,1
70237,2404,2197,449,472,2018,0.0,0,397.2,0.0,0,0,0,1,0,0,0,0,0,0,0,1,1,1,1
70247,2402,2197,452,470,2027,0.0,0,397.2,0.0,0,0,0,1,0,0,0,0,0,0,0,1,1,1,1
70257,2402,2197,450,469,2030,0.0,0,396.5,0.0,0,0,0,1,0,0,0,0,0,0,0,1,1,1,1
70267,2401,2196,450,471,2027,0.0,0,397.1,0.0,0,0,0,1,0,0,0,0,0,0,0,1,1,1,1
70277,2401,2196,449,470,2027,0.0,0,397.6,0.0,0,0,0,1,0,0,0,0,0,0,0,1,1,1,1
70287,2401,2196,452,469,2026,0.0,0,396.7,0.0,0,0,0,1,0,0,0,0,0,0,0,1,1,1,1
70297,2403,2196,449,469,2027,0.0,0,396.5,0.0,0,0,0,1,0,0,0,0,0,0,0,1,1,1,1
70307,2403,2196,448,469,2027,0.0,0,396.5,0.0,0,0,0,1,0,0,0,0,0,0,0,1,1,1,1
70317,2401,2196,449,470,2027,0.0,0,396.9,0.0,0,0,0,1,0,0,0,0,0,0,0,1,1,1,1
70327,2402,2196,452,470,2025,0.0,0,396.9,0.0,0,0,0,1,0,0,0,0,0,0,0,1,1,1,1
70337,2403,2196,450,470,2027,0.0,0,396.7,0.0,0,0,0,1,0,0,0,0,0,0,0,1,1,1,1
70347,2401,2197,449,469,2027,0.0,0,397.2,0.0,0,0,0,1,0,0,0,0,0,0,0,1,1,1,1
70357,2402,2196,450,469,2027,0.0,0,397.2,0.0,0,0,0,1,0,0,0,0,0,0,0,1,1,1,1
70367,2400,2196,451,470,2027,0.0,0,397.2,0.0,0,0,0,1,0,0,0,0,0,0,0,1,1,1,1
70377,2401,2196,450,469,2027,0.0,0,397.1,0.0,0,0,0,1,0,0,0,0,0,0,0,1,1,1,1
70387,2402,2196,450,470,2026,0.0,0,397.3,0.0,0,0,0,1,0,0,0,0,0,0,0,1,1,1,1
70397,2401,2198,450,470,2027,0.0,0,397.0,0.0,0,0,0,1,0,0,0,0,0,0,0,1,1,1,1
70407,2401,2196,451,470,2027,0.0,0,397.4,0.0,0,0,0,1,0,0,0,0,0,0,0,1,1,1,1
70417,2401,2197,448,470,2017,0.0,0,397.4,0.0,0,0,0,1,0,0,0,0,0,0,0,1,1,1,1
70427,2402,2197,450,470,2019,0.0,0,397.4,0.0,0,0,0,1,0,0,0,0,0,0,0,1,1,1,1
70437,2402,2197,450,469,2018,0.0,0,397.2,0.0,0,0,0,1,0,0,0,0,0,0,0,1,1,1,1
70447,2398,2197,452,471,2018,0.0,0,396.9,0.0,0,0,0,1,0,0,0,0,0,0,0,1,1,1,1
70457,2401,2196,449,470,2018,0.0,0,397.1,0.0,0,0,0,1,0,0,0,0,0,0,0,1,1,1,1
70467,2401,2196,449,469,2017,0.0,0,397.2,0.0,0,0,0,1,0,0,0,0,0,0,0,1,1,1,1
70477,2402,2196,452,469,2018,0.0,0,397.2,0.0,0,0,0,1,0,0,0,0,0,0,0,1,1,1,1
70487,2403,2197,450,468,2017,0.0,0,397.2,0.0,0,0,0,1,0,0,0,0,0,0,0,1,1,1,1
70497,2401,2196,451,469,2018,0.0,0,396.5,0.0,0,0,0,1,0,0,0,0,0,0,0,1,1,1,1
70507,2401,2197,449,470,2017,0.0,0,396.8,0.0,0,0,0,1,0,0,0,0,0,0,0,1,1,1,1
70517,2401,2197,450,469,2018,0.0,0,397.1,0.0,0,0,0,1,0,0,0,0,0,0,0,1,1,1,1
70527,2401,2196,451,470,2018,0.0,0,397.4,0.0,0,0,0,1,0,0,0,0,0,0,0,1,1,1,1
70537,2401,2196,450,470,2018,0.0,0,397.4,0.0,0,0,0,1,0,0,0,0,0,0,0,1,1,1,1
70547,2401,2196,450,467,2027,0.0,0,397.4,0.0,0,0,0,1,0,0,0,0,0,0,0,1,1,1,1
70557,2401,2197,452,471,2026,0.0,0,397.0,0.0,0,0,0,1,0,0,0,0,0,0,0,1,1,1,1
70567,2401,2196,450,466,2027,0.0,0,397.0,0.0,0,0,0,1,0,0,0,0,0,0,0,1,1,1,1
70577,2403,2196,450,470,2027,0.0,0,397.4,0.0,0,0,0,1,0,0,0,0,0,0,0,1,1,1,1
70587,2401,2196,451,469,2027,0.0,0,397.5,0.0,0,0,0,1,0,0,0,0,0,0,0,1,1,1,1
70597,2402,2196,449,470,2027,0.0,0,397.0,0.0,0,0,0,1,0,0,0,0,0,0,0,1,1,1,1
70607,2401,2197,450,468,2028,0.0,0,397.0,0.0,0,0,0,1,0,0,0,0,0,0,0,1,1,1,1
70617,2401,2197,449,467,2027,0.0,0,396.8,0.0,0,0,0,1,0,0,0,0,0,0,0,1,1,1,1
70627,2401,2197,450,470,2027,0.0,0,396.8,0.0,0,0,0,1,0,0,0,0,0,0,0,1,1,1,1
70637,2402,2197,448,468,2027,0.0,0,397.5,0.0,0,0,0,1,0,0,0,0,0,0,0,1,1,1,1
70647,2401,2196,452,469,2027,0.0,0,396.9,0.0,0,0,0,1,0,0,0,0,0,0,0,1,1,1,1
70657,2404,2196,446,468,2027,0.0,0,396.8,0.0,0,0,0,1,0,0,0,0,0,0,0,1,1,1,1
70667,2402,2197,450,470,2027,0.0,0,396.8,0.0,0,0,0,1,0,0,0,0,0,0,0,1,1,1,1
70677,2401,2196,452,469,2027,0.0,0,396.7,0.0,0,0,0,1,0,0,0,0,0,0,0,1,1,1,1
70687,2401,2196,450,468,2027,0.0,0,396.9,0.0,0,0,0,1,0,0,0,0,0,0,0,1,1,1,1
70697,2402,2197,449,470,2028,0.0,0,396.8,0.0,0,0,0,1,0,0,0,0,0,0,0,1,1,1,1
70707,2400,2197,450,469,2029,0.0,0,397.5,0.0,0,0,0,1,0,0,0,0,0,0,0,1,1,1,1
70717,2402,2197,446,470,2018,0.0,0,397.5,0.0,0,0,0,1,0,0,0,0,0,0,0,1,1,1,1
70727,2402,2194,447,469,2019,0.0,0,397.5,0.0,0,0,0,1,0,0,0,0,0,0,0,1,1,1,1
70737,2401,2196,450,469,2018,0.0,0,397.9,0.0,0,0,0,1,0,0,0,0,0,0,0,1,1,1,1
70747,2401,2197,449,469,2018,0.0,0,396.9,0.0,0,0,0,1,0,0,0,0,0,0,0,1,1,1,1
70757,2401,2197,449,467,2015,0.0,0,396.5,0.0,0,0,0,1,0,0,0,0,0,0,0,1,1,1,1
70767,2401,2196,450,473,2015,0.0,0,397.2,0.0,0,0,0,1,0,0,0,0,0,0,0,1,1,1,1
70777,2402,2197,450,469,2018,0.0,0,397.7,0.0,0,0,0,1,0,0,0,0,0,0,0,1,1,1,1
70787,2401,2197,451,471,2018,0.0,0,397.7,0.0,0,0,0,1,0,0,0,0,0,0,0,1,1,1,1
70797,2402,2196,449,469,2018,0.0,0,396.8,0.0,0,0,0,1,0,0,0,0,0,0,0,1,1,1,1
70807,2401,2196,451,469,2018,0.0,0,397.0,0.0,0,0,0,1,0,0,0,0,0,0,0,1,1,1,1
70817,2401,2196,450,469,2018,0.0,0,396.9,0.0,0,0,0,1,0,0,0,0,0,0,0,1,1,1,1
70827,2400,2197,451,468,2018,0.0,0,396.3,0.0,0,0,0,1,0,0,0,0,0,0,0,1,1,1,1
70837,2401,2196,450,470,2018,0.0,0,396.9,0.0,0,0,0,1,0,0,0,0,0,0,0,1,1,1,1
70847,2403,2196,450,469,2027,0.0,0,396.9,0.0,0,0,0,1,0,0,0,0,0,0,0,1,1,1,1
70857,2402,2197,446,470,2028,0.0,0,397.9,0.0,0,0,0,1,0,0,0,0,0,0,0,1,1,1,1
70867,2401,2198,450,469,2026,0.0,0,397.1,0.0,0,0,0,1,0,0,0,0,0,0,0,1,1,1,1
70877,2403,2196,450,469,2027,0.0,0,397.3,0.0,0,0,0,1,0,0,0,0,0,0,0,1,1,1,1
70887,2402,2197,450,469,2027,0.0,0,396.9,0.0,0,0,0,1,0,0,0,0,0,0,0,1,1,1,1
70897,2401,2196,450,470,2027,0.0,0,396.9,0.0,0,0,0,1,0,0,0,0,0,0,0,1,1,1,1
70907,2402,2197,449,469,2027,0.0,0,396.9,0.0,0,0,0,1,0,0,0,0,0,0,0,1,1,1,1
70917,2402,2197,449,470,2027,0.0,0,397.2,0.0,0,0,0,1,0,0,0,0,0,0,0,1,1,1,1
70927,2402,2197,450,468,2027,0.0,0,397.4,0.0,0,0,0,1,0,0,0,0,0,0,0,1,1,1,1
70937,2402,2198,450,468,2026,0.0,0,397.3,0.0,0,0,0,1,0,0,0,0,0,0,0,1,1,1,1
70947,2401,2197,449,471,2027,0.0,0,397.5,0.0,0,0,0,1,0,0,0,0,0,0,0,1,1,1,1
70957,2402,2196,450,468,2028,0.0,0,396.2,0.0,0,0,0,1,0,0,0,0,0,0,0,1,1,1,1
70967,2401,2196,448,469,2027,0.0,0,396.2,0.0,0,0,0,1,0,0,0,0,0,0,0,1,1,1,1
70977,2401,2197,450,470,2028,0.0,0,397.2,0.0,0,0,0,1,0,0,0,0,0,0,0,1,1,1,1
70987,2401,2197,450,470,2027,0.0,0,396.4,0.0,0,0,0,1,0,0,0,0,0,0,0,1,1,1,1
70997,2401,2196,450,471,2027,0.0,0,397.1,0.0,0,0,0,1,0,0,0,0,0,0,0,1,1,1,1
71007,2400,2197,450,470,2027,0.0,0,396.7,0.0,0,0,0,1,0,0,0,0,0,0,0,1,1,1,1
71017,2401,2196,448,470,2018,0.0,0,396.0,0.0,0,0,0,1,0,0,0,0,0,0,0,1,1,1,1
71027,2401,2196,449,468,2018,0.0,0,396.0,0.0,0,0,0,1,0,0,0,0,0,0,0,1,1,1,1
71037,2401,2196,450,470,2018,0.0,0,396.8,0.0,0,0,0,1,0,0,0,0,0,0,0,1,1,1,1
71047,2402,2196,449,469,2017,0.0,0,397.0,0.0,0,0,0,1,0,0,0,0,0,0,0,1,1,1,1
71058,2401,2197,450,470,2021,0.0,0,397.3,0.0,0,0,0,1,0,0,0,0,0,0,0,1,1,1,1
71068,2401,2197,450,468,2018,0.0,0,397.0,0.0,0,0,0,1,0,0,0,0,0,0,0,1,1,1,1
71078,2403,2195,450,470,2017,0.0,0,396.7,0.0,0,0,0,1,0,0,0,0,0,0,0,1,1,1,1
71088,2402,2197,449,470,2018,0.0,0,396.7,0.0,0,0,0,1,0,0,0,0,0,0,0,1,1,1,1
71098,2401,2197,449,469,2018,0.0,0,396.5,0.0,0,0,0,1,0,0,0,0,0,0,0,1,1,1,1
71108,2402,2197,449,470,2018,0.0,0,397.2,0.0,0,0,0,1,0,0,0,0,0,0,0,1,1,1,1
71118,2402,2197,449,469,2016,0.0,0,397.7,0.0,0,0,0,1,0,0,0,0,0,0,0,1,1,1,1
71128,2401,2197,451,470,2019,0.0,0,396.3,0.0,0,0,0,1,0,0,0,0,0,0,0,1,1,1,1
71138,2402,2196,452,470,2018,0.0,0,397.5,0.0,0,0,0,1,0,0,0,0,0,0,0,1,1,1,1
71148,2401,2197,450,469,2026,0.0,0,397.5,0.0,0,0,0,1,0,0,0,0,0,0,0,1,1,1,1
71158,2401,2196,452,470,2027,0.0,0,397.0,0.0,0,0,0,1,0,0,0,0,0,0,0,1,1,1,1
71168,2401,2197,450,470,2027,0.0,0,396.9,0.0,0,0,0,1,0,0,0,0,0,0,0,1,1,1,1
71178,2401,2196,450,470,2028,0.0,0,396.5,0.0,0,0,0,1,0,0,0,0,0,0,0,1,1,1,1
71188,2400,2197,449,471,2027,0.0,0,397.0,0.0,0,0,0,1,0,0,0,0,0,0,0,1,1,1,1
71198,2406,2196,450,469,2027,0.0,0,396.1,0.0,0,0,0,1,0,0,0,0,0,0,0,1,1,1,1
71208,2402,2197,450,469,2027,0.0,0,396.1,0.0,0,0,0,1,0,0,0,0,0,0,0,1,1,1,1
71218,2402,2196,451,470,2027,0.0,0,397.2,0.0,0,0,0,1,0,0,0,0,0,0,0,1,1,1,1
71228,2405,2194,448,471,2027,0.0,0,397.0,0.0,0,0,0,1,0,0,0,0,0,0,0,1,1,1,1
71238,2399,2198,450,471,2030,0.0,0,397.6,0.0,0,0,0,1,0,0,0,0,0,0,0,1,1,1,1
71248,2400,2196,443,468,2027,0.0,0,396.9,0.0,0,0,0,1,0,0,0,0,0,0,0,1,1,1,1
71258,2403,2197,449,469,2027,0.0,0,396.4,0.0,0,0,0,1,0,0,0,0,0,0,0,1,1,1,1
71269,2403,2196,449,469,2027,0.0,0,397.9,0.0,0,0,0,1,0,0,0,0,0,0,0,1,1,1,1
71279,2400,2196,449,471,2028,0.0,0,397.9,0.0,0,0,0,1,0,0,0,0,0,0,0,1,1,1,1
71289,2402,2196,449,468,2027,0.0,0,397.9,0.0,0,0,0,1,0,0,0,0,0,0,0,1,1,1,1
71299,2401,2196,449,469,2027,0.0,0,396.8,0.0,0,0,0,1,0,0,0,0,0,0,0,1,1,1,1
71309,2401,2196,450,469,2027,0.0,0,397.9,0.0,0,0,0,1,0,0,0,0,0,0,0,1,1,1,1
71319,2401,2196,450,470,2017,0.0,0,397.9,0.0,0,0,0,1,0,0,0,0,0,0,0,1,1,1,1
71329,2402,2196,449,468,2018,0.0,0,397.1,0.0,0,0,0,1,0,0,0,0,0,0,0,1,1,1,1
71339,2401,2196,450,468,2018,0.0,0,397.1,0.0,0,0,0,1,0,0,0,0,0,0,0,1,1,1,1
71349,2401,2197,450,468,2018,0.0,0,396.5,0.0,0,0,0,1,0,0,0,0,0,0,0,1,1,1,1
71359,2402,2195,450,471,2017,0.0,0,396.7,0.0,0,0,0,1,0,0,0,0,0,0,0,1,1,1,1
71369,2401,2196,449,468,2018,0.0,0,397.1,0.0,0,0,0,1,0,0,0,0,0,0,0,1,1,1,1
71379,2398,2196,452,469,2017,0.0,0,397.1,0.0,0,0,0,1,0,0,0,0,0,0,0,1,1,1,1
71389,2401,2196,450,470,2017,0.0,0,396.5,0.0,0,0,0,1,0,0,0,0,0,0,0,1,1,1,1
71399,2402,2198,449,460,2019,0.0,0,396.5,0.0,0,0,0,1,0,0,0,0,0,0,0,1,1,1,1
71409,2402,2197,450,468,2017,0.0,0,397.0,0.0,0,0,0,1,0,0,0,0,0,0,0,1,1,1,1
71419,2402,2196,450,469,2018,0.0,0,396.7,0.0,0,0,0,1,0,0,0,0,0,0,0,1,1,1,1
71429,2401,2196,450,470,2019,0.0,0,396.9,0.0,0,0,0,1,0,0,0,0,0,0,0,1,1,1,1
71439,2401,2197,449,471,2018,0.0,0,396.9,0.0,0,0,0,1,0,0,0,0,0,0,0,1,1,1,1
71450,2405,2196,449,469,2027,0.0,0,397.3,0.0,0,0,0,1,0,0,0,0,0,0,0,1,1,1,1
71460,2403,2196,450,468,2029,0.0,0,397.3,0.0,0,0,0,1,0,0,0,0,0,0,0,1,1,1,1
71470,2400,2197,449,470,2030,0.0,0,396.5,0.0,0,0,0,1,0,0,0,0,0,0,0,1,1,1,1
71480,2402,2196,451,471,2028,0.0,0,397.0,0.0,0,0,0,1,0,0,0,0,0,0,0,1,1,1,1
71490,2401,2196,450,470,2027,0.0,0,396.5,0.0,0,0,0,1,0,0,0,0,0,0,0,1,1,1,1
71500,2402,2197,450,471,2026,0.0,0,396.8,0.0,0,0,0,1,0,0,0,0,0,0,0,1,1,1,1
71510,2400,2197,450,468,2028,0.0,0,396.5,0.0,0,0,0,1,0,0,0,0,0,0,0,1,1,1,1
71520,2402,2197,450,470,2027,0.0,0,396.8,0.0,0,0,0,1,0,0,0,0,0,0,0,1,1,1,1
71530,2401,2197,450,469,2028,0.0,0,396.8,0.0,0,0,0,1,0,0,0,0,0,0,0,1,1,1,1
71540,2401,2197,450,471,2027,0.0,0,396.3,0.0,0,0,0,1,0,0,0,0,0,0,0,1,1,1,1
71550,2403,2200,449,468,2028,0.0,0,397.3,0.0,0,0,0,1,0,0,0,0,0,0,0,1,1,1,1
71560,2402,2197,450,470,2028,0.0,0,396.8,0.0,0,0,0,1,0,0,0,0,0,0,0,1,1,1,1
71570,2402,2197,450,469,2026,0.0,0,397.5,0.0,0,0,0,1,0,0,0,0,0,0,0,1,1,1,1
71580,2402,2196,453,470,2027,0.0,0,397.7,0.0,0,0,0,1,0,0,0,0,0,0,0,1,1,1,1
71590,2401,2197,451,469,2027,0.0,0,397.7,0.0,0,0,0,1,0,0,0,0,0,0,0,1,1,1,1
71600,2397,2197,451,470,2027,0.0,0,396.7,0.0,0,0,0,1,0,0,0,0,0,0,0,1,1,1,1
71610,2401,2197,449,470,2027,0.0,0,397.0,0.0,0,0,0,1,0,0,0,0,0,0,0,1,1,1,1
71620,2401,2197,449,469,2018,0.0,0,397.3,0.0,0,0,0,1,0,0,0,0,0,0,0,1,1,1,1
71630,2402,2196,450,470,2018,0.0,0,397.4,0.0,0,0,0,1,0,0,0,0,0,0,0,1,1,1,1
71640,2402,2197,450,470,2018,0.0,0,397.4,0.0,0,0,0,1,0,0,0,0,0,0,0,1,1,1,1
71650,2402,2196,450,470,2015,0.0,0,397.7,0.0,0,0,0,1,0,0,0,0,0,0,0,1,1,1,1
71660,2402,2199,451,470,2018,0.0,0,396.8,0.0,0,0,0,1,0,0,0,0,0,0,0,1,1,1,1
71670,2401,2197,450,470,2018,0.0,0,397.1,0.0,0,0,0,1,0,0,0,0,0,0,0,1,1,1,1
71680,2401,2196,450,469,2018,0.0,0,397.1,0.0,0,0,0,1,0,0,0,0,0,0,0,1,1,1,1
71690,2401,2197,451,469,2018,0.0,0,396.9,0.0,0,0,0,1,0,0,0,0,0,0,0,1,1,1,1
71700,2402,2197,450,471,2018,0.0,0,396.9,0.0,0,0,0,1,0,0,0,0,0,0,0,1,1,1,1
71710,2401,2196,449,469,2017,0.0,0,397.1,0.0,0,0,0,1,0,0,0,0,0,0,0,1,1,1,1
71720,2400,2201,450,469,2020,0.0,0,397.5,0.0,0,0,0,1,0,0,0,0,0,0,0,1,1,1,1
71730,2400,2197,450,470,2019,0.0,0,396.3,0.0,0,0,0,1,0,0,0,0,0,0,0,1,1,1,1
71740,2401,2195,449,470,2016,0.0,0,396.3,0.0,0,0,0,1,0,0,0,0,0,0,0,1,1,1,1
71750,2399,2196,449,469,2018,0.0,0,397.1,0.0,0,0,0,1,0,0,0,0,0,0,0,1,1,1,1
71760,2402,2193,448,471,2027,0.0,0,397.0,0.0,0,0,0,1,0,0,0,0,0,0,0,1,1,1,1
71770,2401,2196,450,470,2027,0.0,0,397.0,0.0,0,0,0,1,0,0,0,0,0,0,0,1,1,1,1
71780,2402,2197,450,470,2027,0.0,0,397.1,0.0,0,0,0,1,0,0,0,0,0,0,0,1,1,1,1
71790,2401,2197,450,470,2028,0.0,0,397.4,0.0,0,0,0,1,0,0,0,0,0,0,0,1,1,1,1
71800,2402,2196,451,469,2027,0.0,0,396.2,0.0,0,0,0,1,0,0,0,0,0,0,0,1,1,1,1
71810,2402,2197,449,471,2027,0.0,0,397.3,0.0,0,0,0,1,0,0,0,0,0,0,0,1,1,1,1
71821,2404,2196,447,469,2027,0.0,0,396.8,0.0,0,0,0,1,0,0,0,0,0,0,0,1,1,1,1
71831,2401,2197,450,470,2027,0.0,0,396.8,0.0,0,0,0,1,0,0,0,0,0,0,0,1,1,1,1
71841,2402,2196,447,467,2028,0.0,0,397.2,0.0,0,0,0,1,0,0,0,0,0,0,0,1,1,1,1
71851,2402,2197,450,470,2028,0.0,0,397.7,0.0,0,0,0,1,0,0,0,0,0,0,0,1,1,1,1
71861,2402,2196,450,469,2027,0.0,0,397.6,0.0,0,0,0,1,0,0,0,0,0,0,0,1,1,1,1
71871,2402,2195,450,470,2027,0.0,0,396.8,0.0,0,0,0,1,0,0,0,0,0,0,0,1,1,1,1
71881,2401,2196,448,470,2030,0.0,0,396.5,0.0,0,0,0,1,0,0,0,0,0,0,0,1,1,1,1
71891,2401,2197,449,470,2027,0.0,0,396.5,0.0,0,0,0,1,0,0,0,0,0,0,0,1,1,1,1
71901,2402,2196,449,470,2029,0.0,0,396.8,0.0,0,0,0,1,0,0,0,0,0,0,0,1,1,1,1
71911,2401,2196,449,470,2028,0.0,0,397.4,0.0,0,0,0,1,0,0,0,0,0,0,0,1,1,1,1
71921,2402,2196,449,468,2021,0.0,0,397.4,0.0,0,0,0,1,0,0,0,0,0,0,0,1,1,1,1
71931,2401,2196,450,470,2019,0.0,0,396.7,0.0,0,0,0,1,0,0,0,0,0,0,0,1,1,1,1
71941,2403,2199,441,469,2019,0.0,0,396.1,0.0,0,0,0,1,0,0,0,0,0,0,0,1,1,1,1
71951,2400,2196,451,469,2018,0.0,0,396.1,0.0,0,0,0,1,0,0,0,0,0,0,0,1,1,1,1
71961,2401,2196,449,473,2019,0.0,0,397.0,0.0,0,0,0,1,0,0,0,0,0,0,0,1,1,1,1
71971,2398,2197,452,469,2019,0.0,0,396.2,0.0,0,0,0,1,0,0,0,0,0,0,0,1,1,1,1
71981,2401,2197,448,471,2019,0.0,0,396.2,0.0,0,0,0,1,0,0,0,0,0,0,0,1,1,1,1
71991,2402,2197,449,469,2017,0.0,0,396.8,0.0,0,0,0,1,0,0,0,0,0,0,0,1,1,1,1
72001,2403,2197,449,470,2017,0.0,0,397.2,0.0,0,0,0,1,0,0,0,0,0,0,0,1,1,1,1
72011,2401,2197,450,469,2018,0.0,0,397.2,0.0,0,0,0,1,0,0,0,0,0,0,0,1,1,1,1
72021,2402,2195,450,470,2018,0.0,0,397.2,0.0,0,0,0,1,0,0,0,0,0,0,0,1,1,1,1
72031,2401,2197,451,469,2019,0.0,0,396.9,0.0,0,0,0,1,0,0,0,0,0,0,0,1,1,1,1
72041,2402,2196,449,470,2018,0.0,0,396.9,0.0,0,0,0,1,0,0,0,0,0,0,0,1,1,1,1
72051,2402,2196,449,471,2018,0.0,0,396.9,0.0,0,0,0,1,0,0,0,0,0,0,0,1,1,1,1
72061,2402,2195,449,469,2027,0.0,0,397.0,0.0,0,0,0,1,0,0,0,0,0,0,0,1,1,1,1
72071,2403,2196,451,470,2027,0.0,0,397.0,0.0,0,0,0,1,0,0,0,0,0,0,0,1,1,1,1
72081,2402,2196,450,469,2028,0.0,0,396.9,0.0,0,0,0,1,0,0,0,0,0,0,0,1,1,1,1
72091,2402,2197,450,469,2028,0.0,0,396.8,0.0,0,0,0,1,0,0,0,0,0,0,0,1,1,1,1
72101,2402,2197,449,470,2028,0.0,0,396.8,0.0,0,0,0,1,0,0,0,0,0,0,0,1,1,1,1
72111,2401,2196,449,471,2028,0.0,0,396.5,0.0,0,0,0,1,0,0,0,0,0,0,0,1,1,1,1
72121,2400,2197,449,471,2027,0.0,0,396.8,0.0,0,0,0,1,0,0,0,0,0,0,0,1,1,1,1
72131,2401,2196,448,469,2027,0.0,0,396.8,0.0,0,0,0,1,0,0,0,0,0,0,0,1,1,1,1
72141,2401,2194,450,468,2026,0.0,0,397.3,0.0,0,0,0,1,0,0,0,0,0,0,0,1,1,1,1
72151,2401,2197,449,469,2027,0.0,0,397.1,0.0,0,0,0,1,0,0,0,0,0,0,0,1,1,1,1
72161,2401,2197,449,469,2028,0.0,0,397.0,0.0,0,0,0,1,0,0,0,0,0,0,0,1,1,1,1
72171,2401,2196,449,469,2027,0.0,0,396.4,0.0,0,0,0,1,0,0,0,0,0,0,0,1,1,1,1
72181,2402,2196,451,470,2026,0.0,0,397.2,0.0,0,0,0,1,0,0,0,0,0,0,0,1,1,1,1
72191,2402,2197,449,470,2028,0.0,0,397.2,0.0,0,0,0,1,0,0,0,0,0,0,0,1,1,1,1
72201,2401,2196,450,470,2028,0.0,0,396.5,0.0,0,0,0,1,0,0,0,0,0,0,0,1,1,1,1
72211,2401,2196,450,470,2026,0.0,0,397.3,0.0,0,0,0,1,0,0,0,0,0,0,0,1,1,1,1
72221,2401,2197,450,470,2027,0.0,0,397.3,0.0,0,0,0,1,0,0,0,0,0,0,0,1,1,1,1
72231,2402,2196,450,470,2019,0.0,0,396.5,0.0,0,0,0,1,0,0,0,0,0,0,0,1,1,1,1
72241,2401,2197,451,466,2019,0.0,0,396.5,0.0,0,0,0,1,0,0,0,0,0,0,0,1,1,1,1
72251,2401,2196,449,471,2019,0.0,0,396.5,0.0,0,0,0,1,0,0,0,0,0,0,0,1,1,1,1
72261,2400,2196,448,469,2018,0.0,0,397.0,0.0,0,0,0,1,0,0,0,0,0,0,0,1,1,1,1
72271,2401,2198,449,468,2019,0.0,0,396.7,0.0,0,0,0,1,0,0,0,0,0,0,0,1,1,1,1
72283,2406,2195,448,469,2017,0.0,0,396.7,0.0,0,0,0,1,0,0,0,0,0,0,0,1,1,1,1
72293,2402,2196,450,469,2019,0.0,0,396.7,0.0,0,0,0,1,0,0,0,0,0,0,0,1,1,1,1
72303,2400,2196,450,469,2018,0.0,0,396.4,0.0,0,0,0,1,0,0,0,0,0,0,0,1,1,1,1
72313,2403,2196,449,469,2018,0.0,0,396.3,0.0,0,0,0,1,0,0,0,0,0,0,0,1,1,1,1
72323,2402,2196,451,469,2019,0.0,0,396.3,0.0,0,0,0,1,0,0,0,0,0,0,0,1,1,1,1
72333,2402,2196,450,469,2018,0.0,0,396.7,0.0,0,0,0,1,0,0,0,0,0,0,0,1,1,1,1
72343,2401,2197,449,470,2017,0.0,0,396.7,0.0,0,0,0,1,0,0,0,0,0,0,0,1,1,1,1
72353,2402,2196,449,470,2018,0.0,0,396.4,0.0,0,0,0,1,0,0,0,0,0,0,0,1,1,1,1
72363,2401,2196,449,470,2027,0.0,0,397.3,0.0,0,0,0,1,0,0,0,0,0,0,0,1,1,1,1
72373,2402,2196,449,468,2027,0.0,0,397.2,0.0,0,0,0,1,0,0,0,0,0,0,0,1,1,1,1
72383,2401,2197,450,469,2027,0.0,0,397.2,0.0,0,0,0,1,0,0,0,0,0,0,0,1,1,1,1
72393,2401,2197,452,469,2027,0.0,0,396.9,0.0,0,0,0,1,0,0,0,0,0,0,0,1,1,1,1
72403,2402,2196,451,466,2028,0.0,0,396.9,0.0,0,0,0,1,0,0,0,0,0,0,0,1,1,1,1
72416,2401,2196,450,469,2028,0.0,0,397.2,0.0,0,0,0,1,0,0,0,0,0,0,0,1,1,1,1
72426,2402,2197,449,470,2027,0.0,0,397.1,0.0,0,0,0,1,0,0,0,0,0,0,0,1,1,1,1
72436,2402,2197,449,470,2026,0.0,0,396.3,0.0,0,0,0,1,0,0,0,0,0,0,0,1,1,1,1
72446,2401,2196,449,469,2027,0.0,0,397.3,0.0,0,0,0,1,0,0,0,0,0,0,0,1,1,1,1
72457,2402,2196,450,469,2027,0.0,0,397.1,0.0,0,0,0,1,0,0,0,0,0,0,0,1,1,1,1
72467,2401,2197,449,470,2028,0.0,0,397.1,0.0,0,0,0,1,0,0,0,0,0,0,0,1,1,1,1
72477,2401,2196,450,470,2028,0.0,0,397.2,0.0,0,0,0,1,0,0,0,0,0,0,0,1,1,1,1
72487,2401,2197,452,469,2028,0.0,0,396.8,0.0,0,0,0,1,0,0,0,0,0,0,0,1,1,1,1
72497,2400,2197,450,469,2028,0.0,0,396.8,0.0,0,0,0,1,0,0,0,0,0,0,0,1,1,1,1
72507,2402,2196,450,470,2027,0.0,0,396.7,0.0,0,0,0,1,0,0,0,0,0,0,0,1,1,1,1
72517,2402,2198,450,469,2028,0.0,0,396.7,0.0,0,0,0,1,0,0,0,0,0,0,0,1,1,1,1
72527,2401,2197,450,472,2019,0.0,0,396.7,0.0,0,0,0,1,0,0,0,0,0,0,0,1,1,1,1
72537,2402,2197,450,470,2018,0.0,0,396.8,0.0,0,0,0,1,0,0,0,0,0,0,0,1,1,1,1
72547,2401,2197,449,469,2019,0.0,0,397.7,0.0,0,0,0,1,0,0,0,0,0,0,0,1,1,1,1
72557,2401,2196,450,470,2019,0.0,0,396.8,0.0,0,0,0,1,0,0,0,0,0,0,0,1,1,1,1
72567,2401,2197,450,470,2018,0.0,0,397.4,0.0,0,0,0,1,0,0,0,0,0,0,0,1,1,1,1
72577,2401,2196,450,469,2018,0.0,0,396.3,0.0,0,0,0,1,0,0,0,0,0,0,0,1,1,1,1
72587,2402,2196,451,468,2018,0.0,0,396.3,0.0,0,0,0,1,0,0,0,0,0,0,0,1,1,1,1
72597,2401,2197,450,470,2019,0.0,0,396.9,0.0,0,0,0,1,0,0,0,0,0,0,0,1,1,1,1
72607,2402,2196,450,469,2018,0.0,0,396.2,0.0,0,0,0,1,0,0,0,0,0,0,0,1,1,1,1
72617,2401,2196,451,469,2017,0.0,0,397.2,0.0,0,0,0,1,0,0,0,0,0,0,0,1,1,1,1
72627,2401,2197,449,469,2019,0.0,0,397.5,0.0,0,0,0,1,0,0,0,0,0,0,0,1,1,1,1
72637,2403,2196,451,470,2018,0.0,0,396.3,0.0,0,0,0,1,0,0,0,0,0,0,0,1,1,1,1
72647,2400,2196,450,470,2018,0.0,0,396.3,0.0,0,0,0,1,0,0,0,0,0,0,0,1,1,1,1
72657,2405,2196,449,470,2018,0.0,0,396.5,0.0,0,0,0,1,0,0,0,0,0,0,0,1,1,1,1
72667,2403,2197,452,469,2027,0.0,0,397.5,0.0,0,0,0,1,0,0,0,0,0,0,0,1,1,1,1
72677,2400,2197,450,470,2027,0.0,0,396.8,0.0,0,0,0,1,0,0,0,0,0,0,0,1,1,1,1
72687,2401,2198,449,469,2027,0.0,0,396.7,0.0,0,0,0,1,0,0,0,0,0,0,0,1,1,1,1
72697,2402,2197,450,469,2028,0.0,0,396.7,0.0,0,0,0,1,0,0,0,0,0,0,0,1,1,1,1
72707,2401,2197,449,472,2027,0.0,0,396.7,0.0,0,0,0,1,0,0,0,0,0,0,0,1,1,1,1
72717,2403,2196,450,470,2027,0.0,0,397.6,0.0,0,0,0,1,0,0,0,0,0,0,0,1,1,1,1
72727,2401,2197,450,470,2028,0.0,0,397.3,0.0,0,0,0,1,0,0,0,0,0,0,0,1,1,1,1
72737,2401,2197,449,470,2027,0.0,0,397.4,0.0,0,0,0,1,0,0,0,0,0,0,0,1,1,1,1
72747,2401,2197,449,470,2027,0.0,0,397.4,0.0,0,0,0,1,0,0,0,0,0,0,0,1,1,1,1
72757,2402,2196,449,470,2027,0.0,0,396.3,0.0,0,0,0,1,0,0,0,0,0,0,0,1,1,1,1
72767,2403,2197,450,469,2028,0.0,0,396.3,0.0,0,0,0,1,0,0,0,0,0,0,0,1,1,1,1
72777,2401,2197,450,469,2027,0.0,0,397.0,0.0,0,0,0,1,0,0,0,0,0,0,0,1,1,1,1
72787,2401,2197,450,470,2028,0.0,0,396.7,0.0,0,0,0,1,0,0,0,0,0,0,0,1,1,1,1
72797,2402,2197,449,469,2027,0.0,0,397.1,0.0,0,0,0,1,0,0,0,0,0,0,0,1,1,1,1
72807,2402,2195,450,472,2027,0.0,0,396.4,0.0,0,0,0,1,0,0,0,0,0,0,0,1,1,1,1
72817,2402,2196,450,468,2027,0.0,0,397.4,0.0,0,0,0,1,0,0,0,0,0,0,0,1,1,1,1
72827,2401,2196,450,471,2022,0.0,0,397.4,0.0,0,0,0,1,0,0,0,0,0,0,0,1,1,1,1
72837,2401,2197,449,468,2020,0.0,0,397.4,0.0,0,0,0,1,0,0,0,0,0,0,0,1,1,1,1
72847,2402,2196,450,469,2018,0.0,0,396.8,0.0,0,0,0,1,0,0,0,0,0,0,0,1,1,1,1
72857,2401,2196,450,469,2019,0.0,0,396.3,0.0,0,0,0,1,0,0,0,0,0,0,0,1,1,1,1
72867,2402,2196,450,468,2018,0.0,0,396.4,0.0,0,0,0,1,0,0,0,0,0,0,0,1,1,1,1
72877,2402,2196,449,470,2018,0.0,0,396.7,0.0,0,0,0,1,0,0,0,0,0,0,0,1,1,1,1
72887,2402,2197,449,472,2019,0.0,0,396.7,0.0,0,0,0,1,0,0,0,0,0,0,0,1,1,1,1
72897,2401,2196,450,468,2017,0.0,0,396.2,0.0,0,0,0,1,0,0,0,0,0,0,0,1,1,1,1
72907,2401,2197,449,469,2018,0.0,0,397.0,0.0,0,0,0,1,0,0,0,0,0,0,0,1,1,1,1
72917,2402,2197,449,468,2018,0.0,0,397.4,0.0,0,0,0,1,0,0,0,0,0,0,0,1,1,1,1
72927,2401,2197,450,469,2018,0.0,0,397.1,0.0,0,0,0,1,0,0,0,0,0,0,0,1,1,1,1
72937,2400,2196,449,469,2018,0.0,0,397.2,0.0,0,0,0,1,0,0,0,0,0,0,0,1,1,1,1
72947,2402,2196,449,469,2018,0.0,0,397.2,0.0,0,0,0,1,0,0,0,0,0,0,0,1,1,1,1
72957,2400,2197,449,470,2018,0.0,0,396.5,0.0,0,0,0,1,0,0,0,0,0,0,0,1,1,1,1
72967,2399,2196,449,469,2028,0.0,0,397.7,0.0,0,0,0,1,0,0,0,0,0,0,0,1,1,1,1
72977,2401,2197,449,467,2028,0.0,0,397.1,0.0,0,0,0,1,0,0,0,0,0,0,0,1,1,1,1
72987,2402,2196,450,470,2027,0.0,0,396.7,0.0,0,0,0,1,0,0,0,0,0,0,0,1,1,1,1
72997,2404,2197,450,468,2027,0.0,0,396.4,0.0,0,0,0,1,0,0,0,0,0,0,0,1,1,1,1
73007,2402,2194,450,469,2027,0.0,0,396.4,0.0,0,0,0,1,0,0,0,0,0,0,0,1,1,1,1
73017,2402,2197,451,470,2028,0.0,0,396.9,0.0,0,0,0,1,0,0,0,0,0,0,0,1,1,1,1
73027,2402,2196,451,470,2027,0.0,0,396.4,0.0,0,0,0,1,0,0,0,0,0,0,0,1,1,1,1
73037,2401,2197,450,469,2027,0.0,0,396.8,0.0,0,0,0,1,0,0,0,0,0,0,0,1,1,1,1
73047,2401,2197,449,470,2027,0.0,0,396.9,0.0,0,0,0,1,0,0,0,0,0,0,0,1,1,1,1
73057,2403,2197,449,470,2027,0.0,0,396.9,0.0,0,0,0,1,0,0,0,0,0,0,0,1,1,1,1
73067,2402,2196,449,471,2027,0.0,0,396.9,0.0,0,0,0,1,0,0,0,0,0,0,0,1,1,1,1
73077,2401,2197,450,470,2027,0.0,0,396.4,0.0,0,0,0,1,0,0,0,0,0,0,0,1,1,1,1
73087,2401,2197,449,471,2027,0.0,0,397.4,0.0,0,0,0,1,0,0,0,0,0,0,0,1,1,1,1
73097,2404,2196,451,470,2028,0.0,0,396.7,0.0,0,0,0,1,0,0,0,0,0,0,0,1,1,1,1
73107,2401,2196,450,470,2027,0.0,0,397.7,0.0,0,0,0,1,0,0,0,0,0,0,0,1,1,1,1
73117,2402,2196,449,469,2027,0.0,0,396.9,0.0,0,0,0,1,0,0,0,0,0,0,0,1,1,1,1
73127,2401,2196,450,471,2028,0.0,0,396.9,0.0,0,0,0,1,0,0,0,0,0,0,0,1,1,1,1
73137,2402,2196,450,470,2018,0.0,0,396.5,0.0,0,0,0,1,0,0,0,0,0,0,0,1,1,1,1
73147,2402,2196,450,468,2018,0.0,0,396.3,0.0,0,0,0,1,0,0,0,0,0,0,0,1,1,1,1
73157,2402,2197,449,470,2018,0.0,0,398.0,0.0,0,0,0,1,0,0,0,0,0,0,0,1,1,1,1
73167,2399,2200,449,469,2018,0.0,0,396.4,0.0,0,0,0,1,0,0,0,0,0,0,0,1,1,1,1
73177,2400,2197,450,470,2016,0.0,0,396.4,0.0,0,0,0,1,0,0,0,0,0,0,0,1,1,1,1
73187,2402,2197,451,469,2018,0.0,0,396.4,0.0,0,0,0,1,0,0,0,0,0,0,0,1,1,1,1
73197,2399,2196,451,471,2020,0.0,0,397.0,0.0,0,0,0,1,0,0,0,0,0,0,0,1,1,1,1
73207,2402,2197,451,471,2017,0.0,0,397.7,0.0,0,0,0,1,0,0,0,0,0,0,0,1,1,1,1
73217,2402,2196,449,469,2018,0.0,0,396.2,0.0,0,0,0,1,0,0,0,0,0,0,0,1,1,1,1
73227,2401,2197,450,469,2019,0.0,0,397.7,0.0,0,0,0,1,0,0,0,0,0,0,0,1,1,1,1
73237,2401,2196,450,469,2018,0.0,0,396.9,0.0,0,0,0,1,0,0,0,0,0,0,0,1,1,1,1
73247,2402,2196,450,470,2018,0.0,0,396.9,0.0,0,0,0,1,0,0,0,0,0,0,0,1,1,1,1
73257,2402,2196,450,468,2007,0.0,0,397.7,0.0,0,0,0,1,0,0,0,0,0,0,0,1,1,1,1
73267,2403,2196,451,469,2028,0.0,0,396.8,0.0,0,0,0,1,0,0,0,0,0,0,0,1,1,1,1
73277,2402,2196,447,472,2027,0.0,0,397.1,0.0,0,0,0,1,0,0,0,0,0,0,0,1,1,1,1
73287,2405,2197,450,470,2027,0.0,0,397.5,0.0,0,0,0,1,0,0,0,0,0,0,0,1,1,1,1
73297,2405,2196,449,469,2028,0.0,0,397.5,0.0,0,0,0,1,0,0,0,0,0,0,0,1,1,1,1
73307,2401,2196,448,470,2028,0.0,0,397.5,0.0,0,0,0,1,0,0,0,0,0,0,0,1,1,1,1
73317,2401,2196,451,470,2027,0.0,0,396.8,0.0,0,0,0,1,0,0,0,0,0,0,0,1,1,1,1
73327,2401,2196,450,468,2027,0.0,0,397.1,0.0,0,0,0,1,0,0,0,0,0,0,0,1,1,1,1
73337,2401,2196,447,470,2027,0.0,0,397.3,0.0,0,0,0,1,0,0,0,0,0,0,0,1,1,1,1
73347,2402,2196,450,470,2029,0.0,0,397.1,0.0,0,0,0,1,0,0,0,0,0,0,0,1,1,1,1
73357,2401,2196,449,470,2026,0.0,0,397.1,0.0,0,0,0,1,0,0,0,0,0,0,0,1,1,1,1
73367,2401,2197,451,469,2027,0.0,0,397.1,0.0,0,0,0,1,0,0,0,0,0,0,0,1,1,1,1
73377,2401,2196,451,471,2027,0.0,0,397.5,0.0,0,0,0,1,0,0,0,0,0,0,0,1,1,1,1
73387,2401,2196,450,471,2027,0.0,0,397.4,0.0,0,0,0,1,0,0,0,0,0,0,0,1,1,1,1
73397,2391,2197,450,469,2028,0.0,0,397.1,0.0,0,0,0,1,0,0,0,0,0,0,0,1,1,1,1
73407,2402,2196,450,469,2028,0.0,0,397.2,0.0,0,0,0,1,0,0,0,0,0,0,0,1,1,1,1
73417,2402,2196,450,470,2027,0.0,0,397.1,0.0,0,0,0,1,0,0,0,0,0,0,0,1,1,1,1
73427,2401,2196,449,470,2025,0.0,0,397.1,0.0,0,0,0,1,0,0,0,0,0,0,0,1,1,1,1
73437,2402,2197,449,470,2018,0.0,0,396.8,0.0,0,0,0,1,0,0,0,0,0,0,0,1,1,1,1
73447,2401,2196,450,469,2018,0.0,0,397.3,0.0,0,0,0,1,0,0,0,0,0,0,0,1,1,1,1
73457,2401,2196,451,470,2018,0.0,0,396.5,0.0,0,0,0,1,0,0,0,0,0,0,0,1,1,1,1
73467,2400,2197,450,470,2018,0.0,0,397.7,0.0,0,0,0,1,0,0,0,0,0,0,0,1,1,1,1
73477,2402,2198,449,470,2018,0.0,0,397.1,0.0,0,0,0,1,0,0,0,0,0,0,0,1,1,1,1
73487,2402,2197,450,470,2018,0.0,0,397.1,0.0,0,0,0,1,0,0,0,0,0,0,0,1,1,1,1
73497,2400,2197,450,471,2018,0.0,0,397.5,0.0,0,0,0,1,0,0,0,0,0,0,0,1,1,1,1
73507,2401,2195,449,469,2018,0.0,0,396.7,0.0,0,0,0,1,0,0,0,0,0,0,0,1,1,1,1
73517,2402,2197,450,470,2018,0.0,0,397.1,0.0,0,0,0,1,0,0,0,0,0,0,0,1,1,1,1
73527,2402,2197,449,468,2019,0.0,0,396.5,0.0,0,0,0,1,0,0,0,0,0,0,0,1,1,1,1
73537,2403,2196,452,470,2018,0.0,0,397.3,0.0,0,0,0,1,0,0,0,0,0,0,0,1,1,1,1
73547,2401,2197,450,469,2018,0.0,0,397.3,0.0,0,0,0,1,0,0,0,0,0,0,0,1,1,1,1
73557,2401,2197,451,468,2018,0.0,0,396.8,0.0,0,0,0,1,0,0,0,0,0,0,0,1,1,1,1
73567,2401,2197,450,470,2025,0.0,0,396.7,0.0,0,0,0,1,0,0,0,0,0,0,0,1,1,1,1
73577,2402,2201,450,470,2027,0.0,0,396.7,0.0,0,0,0,1,0,0,0,0,0,0,0,1,1,1,1
73587,2401,2197,448,469,2027,0.0,0,396.8,0.0,0,0,0,1,0,0,0,0,0,0,0,1,1,1,1
73597,2402,2196,449,471,2027,0.0,0,396.8,0.0,0,0,0,1,0,0,0,0,0,0,0,1,1,1,1
73607,2401,2197,449,469,2028,0.0,0,396.8,0.0,0,0,0,1,0,0,0,0,0,0,0,1,1,1,1
73617,2402,2197,451,469,2028,0.0,0,396.3,0.0,0,0,0,1,0,0,0,0,0,0,0,1,1,1,1
73627,2401,2197,450,470,2027,0.0,0,396.4,0.0,0,0,0,1,0,0,0,0,0,0,0,1,1,1,1
73637,2402,2196,450,469,2027,0.0,0,397.5,0.0,0,0,0,1,0,0,0,0,0,0,0,1,1,1,1
73647,2401,2197,449,469,2025,0.0,0,397.6,0.0,0,0,0,1,0,0,0,0,0,0,0,1,1,1,1
73657,2403,2197,450,468,2028,0.0,0,397.0,0.0,0,0,0,1,0,0,0,0,0,0,0,1,1,1,1
73667,2401,2197,451,468,2027,0.0,0,397.0,0.0,0,0,0,1,0,0,0,0,0,0,0,1,1,1,1
73677,2401,2197,450,469,2027,0.0,0,396.9,0.0,0,0,0,1,0,0,0,0,0,0,0,1,1,1,1
73687,2401,2197,450,470,2027,0.0,0,396.9,0.0,0,0,0,1,0,0,0,0,0,0,0,1,1,1,1
73697,2401,2196,449,470,2027,0.0,0,396.8,0.0,0,0,0,1,0,0,0,0,0,0,0,1,1,1,1
73707,2406,2197,450,468,2027,0.0,0,397.0,0.0,0,0,0,1,0,0,0,0,0,0,0,1,1,1,1
73717,2402,2196,450,468,2027,0.0,0,396.7,0.0,0,0,0,1,0,0,0,0,0,0,0,1,1,1,1
73727,2403,2198,450,469,2027,0.0,0,396.7,0.0,0,0,0,1,0,0,0,0,0,0,0,1,1,1,1
73737,2401,2196,449,469,2018,0.0,0,396.8,0.0,0,0,0,1,0,0,0,0,0,0,0,1,1,1,1
73747,2400,2197,449,469,2018,0.0,0,397.1,0.0,0,0,0,1,0,0,0,0,0,0,0,1,1,1,1
73757,2401,2196,450,473,2018,0.0,0,397.1,0.0,0,0,0,1,0,0,0,0,0,0,0,1,1,1,1
73767,2401,2196,451,470,2018,0.0,0,397.0,0.0,0,0,0,1,0,0,0,0,0,0,0,1,1,1,1
73777,2401,2197,451,470,2018,0.0,0,397.0,0.0,0,0,0,1,0,0,0,0,0,0,0,1,1,1,1
73787,2402,2196,447,470,2018,0.0,0,397.0,0.0,0,0,0,1,0,0,0,0,0,0,0,1,1,1,1
73797,2403,2196,450,470,2018,0.0,0,396.8,0.0,0,0,0,1,0,0,0,0,0,0,0,1,1,1,1
73807,2402,2195,450,470,2018,0.0,0,397.0,0.0,0,0,0,1,0,0,0,0,0,0,0,1,1,1,1
73817,2400,2193,450,468,2018,0.0,0,396.4,0.0,0,0,0,1,0,0,0,0,0,0,0,1,1,1,1
73827,2402,2197,451,470,2019,0.0,0,397.4,0.0,0,0,0,1,0,0,0,0,0,0,0,1,1,1,1
73837,2401,2196,449,469,2018,0.0,0,397.4,0.0,0,0,0,1,0,0,0,0,0,0,0,1,1,1,1
73847,2402,2196,449,469,2018,0.0,0,397.4,0.0,0,0,0,1,0,0,0,0,0,0,0,1,1,1,1
73857,2398,2197,450,469,2018,0.0,0,397.7,0.0,0,0,0,1,0,0,0,0,0,0,0,1,1,1,1
73867,2401,2197,450,469,2027,0.0,0,396.8,0.0,0,0,0,1,0,0,0,0,0,0,0,1,1,1,1
73877,2401,2196,452,470,2026,0.0,0,396.8,0.0,0,0,0,1,0,0,0,0,0,0,0,1,1,1,1
73887,2402,2197,449,468,2027,0.0,0,397.0,0.0,0,0,0,1,0,0,0,0,0,0,0,1,1,1,1
73897,2402,2197,450,470,2028,0.0,0,397.0,0.0,0,0,0,1,0,0,0,0,0,0,0,1,1,1,1
73907,2401,2197,450,470,2027,0.0,0,397.0,0.0,0,0,0,1,0,0,0,0,0,0,0,1,1,1,1
73917,2402,2196,450,469,2027,0.0,0,396.7,0.0,0,0,0,1,0,0,0,0,0,0,0,1,1,1,1
73927,2402,2196,448,470,2028,0.0,0,397.1,0.0,0,0,0,1,0,0,0,0,0,0,0,1,1,1,1
73937,2401,2196,450,469,2027,0.0,0,397.0,0.0,0,0,0,1,0,0,0,0,0,0,0,1,1,1,1
73947,2402,2198,449,471,2029,0.0,0,396.7,0.0,0,0,0,1,0,0,0,0,0,0,0,1,1,1,1
73957,2403,2196,450,470,2027,0.0,0,396.5,0.0,0,0,0,1,0,0,0,0,0,0,0,1,1,1,1
73967,2402,2196,450,469,2028,0.0,0,396.5,0.0,0,0,0,1,0,0,0,0,0,0,0,1,1,1,1
73977,2400,2196,452,470,2027,0.0,0,397.2,0.0,0,0,0,1,0,0,0,0,0,0,0,1,1,1,1
73987,2401,2196,451,469,2027,0.0,0,396.7,0.0,0,0,0,1,0,0,0,0,0,0,0,1,1,1,1
73997,2401,2196,450,468,2027,0.0,0,396.2,0.0,0,0,0,1,0,0,0,0,0,0,0,1,1,1,1
74007,2405,2197,450,470,2027,0.0,0,396.3,0.0,0,0,0,1,0,0,0,0,0,0,0,1,1,1,1
74017,2402,2196,450,469,2027,0.0,0,396.8,0.0,0,0,0,1,0,0,0,0,0,0,0,1,1,1,1
74027,2402,2196,450,470,2028,0.0,0,396.8,0.0,0,0,0,1,0,0,0,0,0,0,0,1,1,1,1
74037,2402,2196,450,469,2018,0.0,0,397.3,0.0,0,0,0,1,0,0,0,0,0,0,0,1,1,1,1
74047,2402,2196,450,470,2018,0.0,0,397.2,0.0,0,0,0,1,0,0,0,0,0,0,0,1,1,1,1
74057,2398,2196,448,468,2017,0.0,0,396.9,0.0,0,0,0,1,0,0,0,0,0,0,0,1,1,1,1
74067,2402,2197,449,469,2017,0.0,0,396.3,0.0,0,0,0,1,0,0,0,0,0,0,0,1,1,1,1
74077,2402,2197,451,469,2018,0.0,0,396.3,0.0,0,0,0,1,0,0,0,0,0,0,0,1,1,1,1
74087,2402,2197,450,470,2018,0.0,0,396.3,0.0,0,0,0,1,0,0,0,0,0,0,0,1,1,1,1
74097,2401,2196,451,469,2018,0.0,0,396.5,0.0,0,0,0,1,0,0,0,0,0,0,0,1,1,1,1
74107,2402,2198,450,471,2018,0.0,0,396.5,0.0,0,0,0,1,0,0,0,0,0,0,0,1,1,1,1
74117,2400,2196,449,469,2016,0.0,0,397.0,0.0,0,0,0,1,0,0,0,0,0,0,0,1,1,1,1
74127,2400,2197,450,470,2019,0.0,0,396.4,0.0,0,0,0,1,0,0,0,0,0,0,0,1,1,1,1
74137,2402,2196,451,468,2020,0.0,0,396.4,0.0,0,0,0,1,0,0,0,0,0,0,0,1,1,1,1
74147,2401,2197,449,469,2018,0.0,0,396.4,0.0,0,0,0,1,0,0,0,0,0,0,0,1,1,1,1
74157,2402,2196,449,470,2018,0.0,0,396.7,0.0,0,0,0,1,0,0,0,0,0,0,0,1,1,1,1
74167,2402,2196,449,466,2023,0.0,0,397.5,0.0,0,0,0,1,0,0,0,0,0,0,0,1,1,1,1
74177,2402,2196,450,471,2028,0.0,0,396.9,0.0,0,0,0,1,0,0,0,0,0,0,0,1,1,1,1
74187,2401,2196,450,470,2028,0.0,0,397.1,0.0,0,0,0,1,0,0,0,0,0,0,0,1,1,1,1
74197,2403,2196,450,469,2027,0.0,0,397.3,0.0,0,0,0,1,0,0,0,0,0,0,0,1,1,1,1
74207,2399,2197,450,471,2027,0.0,0,397.3,0.0,0,0,0,1,0,0,0,0,0,0,0,1,1,1,1
74218,2399,2197,451,469,2027,0.0,0,397.6,0.0,0,0,0,1,0,0,0,0,0,0,0,1,1,1,1
74228,2401,2196,450,471,2028,0.0,0,396.4,0.0,0,0,0,1,0,0,0,0,0,0,0,1,1,1,1
74238,2401,2197,449,468,2027,0.0,0,397.3,0.0,0,0,0,1,0,0,0,0,0,0,0,1,1,1,1
74248,2402,2193,448,470,2027,0.0,0,397.0,0.0,0,0,0,1,0,0,0,0,0,0,0,1,1,1,1
74258,2401,2197,450,470,2027,0.0,0,397.0,0.0,0,0,0,1,0,0,0,0,0,0,0,1,1,1,1
74268,2403,2197,447,471,2027,0.0,0,397.3,0.0,0,0,0,1,0,0,0,0,0,0,0,1,1,1,1
74278,2401,2196,450,470,2028,0.0,0,397.3,0.0,0,0,0,1,0,0,0,0,0,0,0,1,1,1,1
74288,2401,2196,451,469,2026,0.0,0,397.1,0.0,0,0,0,1,0,0,0,0,0,0,0,1,1,1,1
74298,2402,2196,450,470,2026,0.0,0,396.7,0.0,0,0,0,1,0,0,0,0,0,0,0,1,1,1,1
74308,2401,2196,449,470,2027,0.0,0,397.4,0.0,0,0,0,1,0,0,0,0,0,0,0,1,1,1,1
74318,2403,2196,450,469,2027,0.0,0,397.0,0.0,0,0,0,1,0,0,0,0,0,0,0,1,1,1,1
74328,2402,2196,450,469,2027,0.0,0,397.0,0.0,0,0,0,1,0,0,0,0,0,0,0,1,1,1,1
74338,2400,2197,450,469,2018,0.0,0,397.0,0.0,0,0,0,1,0,0,0,0,0,0,0,1,1,1,1
74348,2401,2196,449,469,2018,0.0,0,396.5,0.0,0,0,0,1,0,0,0,0,0,0,0,1,1,1,1
74358,2400,2196,449,469,2016,0.0,0,396.5,0.0,0,0,0,1,0,0,0,0,0,0,0,1,1,1,1
74368,2396,2196,451,469,2018,0.0,0,397.2,0.0,0,0,0,1,0,0,0,0,0,0,0,1,1,1,1
74378,2401,2196,451,470,2017,0.0,0,397.5,0.0,0,0,0,1,0,0,0,0,0,0,0,1,1,1,1
74389,2402,2195,448,470,2017,0.0,0,397.1,0.0,0,0,0,1,0,0,0,0,0,0,0,1,1,1,1
74399,2403,2197,449,470,2018,0.0,0,397.1,0.0,0,0,0,1,0,0,0,0,0,0,0,1,1,1,1
74409,2401,2197,449,470,2017,0.0,0,397.1,0.0,0,0,0,1,0,0,0,0,0,0,0,1,1,1,1
74419,2402,2196,450,471,2017,0.0,0,397.5,0.0,0,0,0,1,0,0,0,0,0,0,0,1,1,1,1
74429,2403,2196,449,470,2018,0.0,0,396.8,0.0,0,0,0,1,0,0,0,0,0,0,0,1,1,1,1
74439,2401,2196,449,470,2018,0.0,0,396.1,0.0,0,0,0,1,0,0,0,0,0,0,0,1,1,1,1
74449,2403,2196,448,470,2018,0.0,0,397.2,0.0,0,0,0,1,0,0,0,0,0,0,0,1,1,1,1
74459,2401,2195,451,469,2017,0.0,0,397.2,0.0,0,0,0,1,0,0,0,0,0,0,0,1,1,1,1
74469,2401,2196,451,469,2021,0.0,0,396.7,0.0,0,0,0,1,0,0,0,0,0,0,0,1,1,1,1
74479,2402,2196,450,470,2025,0.0,0,397.4,0.0,0,0,0,1,0,0,0,0,0,0,0,1,1,1,1
74489,2402,2196,450,469,2027,0.0,0,397.0,0.0,0,0,0,1,0,0,0,0,0,0,0,1,1,1,1
74499,2401,2197,451,470,2026,0.0,0,397.0,0.0,0,0,0,1,0,0,0,0,0,0,0,1,1,1,1
74509,2401,2197,449,471,2027,0.0,0,397.0,0.0,0,0,0,1,0,0,0,0,0,0,0,1,1,1,1
74519,2401,2197,449,469,2028,0.0,0,397.0,0.0,0,0,0,1,0,0,0,0,0,0,0,1,1,1,1
74529,2401,2196,450,469,2027,0.0,0,396.8,0.0,0,0,0,1,0,0,0,0,0,0,0,1,1,1,1
74539,2402,2196,450,472,2027,0.0,0,397.0,0.0,0,0,0,1,0,0,0,0,0,0,0,1,1,1,1
74549,2402,2197,450,471,2027,0.0,0,397.1,0.0,0,0,0,1,0,0,0,0,0,0,0,1,1,1,1
74559,2401,2197,448,468,2028,0.0,0,397.1,0.0,0,0,0,1,0,0,0,0,0,0,0,1,1,1,1
74569,2403,2196,451,470,2027,0.0,0,396.8,0.0,0,0,0,1,0,0,0,0,0,0,0,1,1,1,1
74579,2401,2196,450,469,2028,0.0,0,396.8,0.0,0,0,0,1,0,0,0,0,0,0,0,1,1,1,1
74589,2405,2197,449,469,2027,0.0,0,397.4,0.0,0,0,0,1,0,0,0,0,0,0,0,1,1,1,1
74599,2402,2196,449,469,2027,0.0,0,397.6,0.0,0,0,0,1,0,0,0,0,0,0,0,1,1,1,1
74609,2401,2196,449,469,2026,0.0,0,396.4,0.0,0,0,0,1,0,0,0,0,0,0,0,1,1,1,1
74619,2402,2196,453,472,2027,0.0,0,396.8,0.0,0,0,0,1,0,0,0,0,0,0,0,1,1,1,1
74629,2402,2196,449,469,2028,0.0,0,396.7,0.0,0,0,0,1,0,0,0,0,0,0,0,1,1,1,1
74639,2403,2196,449,469,2019,0.0,0,396.7,0.0,0,0,0,1,0,0,0,0,0,0,0,1,1,1,1
74649,2401,2200,449,469,2018,0.0,0,396.7,0.0,0,0,0,1,0,0,0,0,0,0,0,1,1,1,1
74659,2402,2196,451,469,2018,0.0,0,396.5,0.0,0,0,0,1,0,0,0,0,0,0,0,1,1,1,1
74669,2402,2197,449,469,2016,0.0,0,396.3,0.0,0,0,0,1,0,0,0,0,0,0,0,1,1,1,1
74679,2401,2197,449,470,2018,0.0,0,396.3,0.0,0,0,0,1,0,0,0,0,0,0,0,1,1,1,1
74689,2402,2196,450,469,2018,0.0,0,397.4,0.0,0,0,0,1,0,0,0,0,0,0,0,1,1,1,1
74699,2401,2196,449,470,2018,0.0,0,397.4,0.0,0,0,0,1,0,0,0,0,0,0,0,1,1,1,1
74709,2401,2196,449,469,2018,0.0,0,396.9,0.0,0,0,0,1,0,0,0,0,0,0,0,1,1,1,1
74719,2402,2197,449,468,2018,0.0,0,397.7,0.0,0,0,0,1,0,0,0,0,0,0,0,1,1,1,1
74729,2402,2196,449,469,2019,0.0,0,397.3,0.0,0,0,0,1,0,0,0,0,0,0,0,1,1,1,1
74739,2401,2196,451,470,2017,0.0,0,396.1,0.0,0,0,0,1,0,0,0,0,0,0,0,1,1,1,1
74749,2402,2197,448,470,2018,0.0,0,397.3,0.0,0,0,0,1,0,0,0,0,0,0,0,1,1,1,1
74759,2402,2200,451,469,2018,0.0,0,397.1,0.0,0,0,0,1,0,0,0,0,0,0,0,1,1,1,1
74769,2402,2197,450,468,2018,0.0,0,396.5,0.0,0,0,0,1,0,0,0,0,0,0,0,1,1,1,1
74779,2402,2196,453,469,2027,0.0,0,396.5,0.0,0,0,0,1,0,0,0,0,0,0,0,1,1,1,1
74789,2402,2197,450,469,2027,0.0,0,397.9,0.0,0,0,0,1,0,0,0,0,0,0,0,1,1,1,1
74799,2401,2198,450,468,2028,0.0,0,396.5,0.0,0,0,0,1,0,0,0,0,0,0,0,1,1,1,1
74809,2401,2195,451,469,2028,0.0,0,396.1,0.0,0,0,0,1,0,0,0,0,0,0,0,1,1,1,1
74819,2401,2196,448,470,2027,0.0,0,396.7,0.0,0,0,0,1,0,0,0,0,0,0,0,1,1,1,1
74830,2401,2197,448,469,2027,0.0,0,397.1,0.0,0,0,0,1,0,0,0,0,0,0,0,1,1,1,1
74840,2403,2196,450,469,2027,0.0,0,397.1,0.0,0,0,0,1,0,0,0,0,0,0,0,1,1,1,1
74850,2402,2197,450,469,2028,0.0,0,397.2,0.0,0,0,0,1,0,0,0,0,0,0,0,1,1,1,1
74860,2401,2197,450,471,2027,0.0,0,396.3,0.0,0,0,0,1,0,0,0,0,0,0,0,1,1,1,1
74870,2399,2196,451,469,2027,0.0,0,396.2,0.0,0,0,0,1,0,0,0,0,0,0,0,1,1,1,1
74880,2403,2196,450,470,2027,0.0,0,396.3,0.0,0,0,0,1,0,0,0,0,0,0,0,1,1,1,1
74890,2402,2196,449,470,2027,0.0,0,396.7,0.0,0,0,0,1,0,0,0,0,0,0,0,1,1,1,1
74900,2403,2198,450,470,2027,0.0,0,396.7,0.0,0,0,0,1,0,0,0,0,0,0,0,1,1,1,1
74910,2401,2196,452,471,2027,0.0,0,396.7,0.0,0,0,0,1,0,0,0,0,0,0,0,1,1,1,1
74920,2400,2196,449,469,2027,0.0,0,396.5,0.0,0,0,0,1,0,0,0,0,0,0,0,1,1,1,1
74930,2401,2196,450,469,2028,0.0,0,397.2,0.0,0,0,0,1,0,0,0,0,0,0,0,1,1,1,1
74940,2402,2196,453,470,2027,0.0,0,397.1,0.0,0,0,0,1,0,0,0,0,0,0,0,1,1,1,1
74950,2398,2197,450,468,2017,0.0,0,397.0,0.0,0,0,0,1,0,0,0,0,0,0,0,1,1,1,1
74960,2401,2197,451,469,2017,0.0,0,397.0,0.0,0,0,0,1,0,0,0,0,0,0,0,1,1,1,1
74970,2402,2198,449,469,2020,0.0,0,397.0,0.0,0,0,0,1,0,0,0,0,0,0,0,1,1,1,1
74980,2400,2197,449,469,2016,0.0,0,396.5,0.0,0,0,0,1,0,0,0,0,0,0,0,1,1,1,1
74990,2401,2196,449,471,2018,0.0,0,397.7,0.0,0,0,0,1,0,0,0,0,0,0,0,1,1,1,1
75000,2401,2196,448,470,2018,0.0,0,396.3,0.0,0,0,0,1,0,0,0,0,0,0,0,1,1,1,1
75010,2402,2197,450,469,2018,0.0,0,397.3,0.0,0,0,0,1,0,0,0,0,0,0,0,1,1,1,1
75020,2402,2197,449,470,2017,0.0,0,396.7,0.0,0,0,0,1,0,0,0,0,0,0,0,1,1,1,1
75031,2404,2196,450,472,2018,0.0,0,396.4,0.0,0,0,0,1,0,0,0,0,0,0,0,1,1,1,1
75041,2402,2196,451,469,2018,0.0,0,396.4,0.0,0,0,0,1,0,0,0,0,0,0,0,1,1,1,1
75051,2402,2196,450,469,2020,0.0,0,396.5,0.0,0,0,0,1,0,0,0,0,0,0,0,1,1,1,1
75061,2404,2196,450,470,2017,0.0,0,397.1,0.0,0,0,0,1,0,0,0,0,0,0,0,1,1,1,1
75071,2401,2197,449,470,2018,0.0,0,397.2,0.0,0,0,0,1,0,0,0,0,0,0,0,1,1,1,1
75081,2401,2198,449,470,2028,0.0,0,397.1,0.0,0,0,0,1,0,0,0,0,0,0,0,1,1,1,1
75091,2401,2197,450,469,2027,0.0,0,396.9,0.0,0,0,0,1,0,0,0,0,0,0,0,1,1,1,1
75101,2402,2197,452,469,2028,0.0,0,396.9,0.0,0,0,0,1,0,0,0,0,0,0,0,1,1,1,1
75111,2401,2197,450,469,2027,0.0,0,397.1,0.0,0,0,0,1,0,0,0,0,0,0,0,1,1,1,1
75121,2401,2196,449,469,2027,0.0,0,396.7,0.0,0,0,0,1,0,0,0,0,0,0,0,1,1,1,1
75131,2401,2196,450,470,2028,0.0,0,396.4,0.0,0,0,0,1,0,0,0,0,0,0,0,1,1,1,1
75141,2402,2196,450,470,2028,0.0,0,396.8,0.0,0,0,0,1,0,0,0,0,0,0,0,1,1,1,1
75151,2403,2196,450,470,2027,0.0,0,396.9,0.0,0,0,0,1,0,0,0,0,0,0,0,1,1,1,1
75161,2403,2197,449,471,2027,0.0,0,396.9,0.0,0,0,0,1,0,0,0,0,0,0,0,1,1,1,1
75171,2403,2197,450,469,2028,0.0,0,396.8,0.0,0,0,0,1,0,0,0,0,0,0,0,1,1,1,1
75181,2401,2197,452,470,2029,0.0,0,397.2,0.0,0,0,0,1,0,0,0,0,0,0,0,1,1,1,1
75191,2402,2196,451,472,2029,0.0,0,396.7,0.0,0,0,0,1,0,0,0,0,0,0,0,1,1,1,1
75201,2401,2194,450,470,2028,0.0,0,396.4,0.0,0,0,0,1,0,0,0,0,0,0,0,1,1,1,1
75211,2403,2197,450,468,2027,0.0,0,397.2,0.0,0,0,0,1,0,0,0,0,0,0,0,1,1,1,1
75221,2402,2196,449,470,2027,0.0,0,397.2,0.0,0,0,0,1,0,0,0,0,0,0,0,1,1,1,1
75231,2401,2197,449,469,2028,0.0,0,397.1,0.0,0,0,0,1,0,0,0,0,0,0,0,1,1,1,1
75241,2401,2196,450,469,2027,0.0,0,397.0,0.0,0,0,0,1,0,0,0,0,0,0,0,1,1,1,1
75251,2403,2196,450,470,2018,0.0,0,397.6,0.0,0,0,0,1,0,0,0,0,0,0,0,1,1,1,1
75261,2402,2197,450,469,2019,0.0,0,396.8,0.0,0,0,0,1,0,0,0,0,0,0,0,1,1,1,1
75271,2402,2196,450,469,2018,0.0,0,396.5,0.0,0,0,0,1,0,0,0,0,0,0,0,1,1,1,1
75325,2400,2196,449,470,2017,0.0,0,396.5,0.0,0,0,0,1,0,0,0,0,0,0,0,1,1,1,1
75336,2403,2197,450,469,2018,0.0,0,396.8,0.0,0,0,0,1,0,0,0,0,0,0,0,1,1,1,1
75346,2402,2194,449,470,2018,0.0,0,396.5,0.0,0,0,0,1,0,0,0,0,0,0,0,1,1,1,1
75359,2402,2196,449,470,2018,0.0,0,396.7,0.0,0,0,0,1,0,0,0,0,0,0,0,1,1,1,1
75369,2401,2195,450,469,2017,0.0,0,397.4,0.0,0,0,0,1,0,0,0,0,0,0,0,1,1,1,1
75379,2401,2196,448,468,2027,0.0,0,396.5,0.0,0,0,0,1,0,0,0,0,0,0,0,1,1,1,1
75389,2400,2196,450,470,2027,0.0,0,396.5,0.0,0,0,0,1,0,0,0,0,0,0,0,1,1,1,1
75399,2401,2196,450,469,2027,0.0,0,397.4,0.0,0,0,0,1,0,0,0,0,0,0,0,1,1,1,1
75409,2399,2196,451,469,2025,0.0,0,397.0,0.0,0,0,0,1,0,0,0,0,0,0,0,1,1,1,1
75419,2401,2196,450,469,2027,0.0,0,396.9,0.0,0,0,0,1,0,0,0,0,0,0,0,1,1,1,1
75429,2402,2196,450,467,2027,0.0,0,396.2,0.0,0,0,0,1,0,0,0,0,0,0,0,1,1,1,1
75439,2402,2196,450,469,2027,0.0,0,397.1,0.0,0,0,0,1,0,0,0,0,0,0,0,1,1,1,1
75449,2403,2197,449,471,2027,0.0,0,397.1,0.0,0,0,0,1,0,0,0,0,0,0,0,1,1,1,1
75459,2401,2196,450,470,2027,0.0,0,396.8,0.0,0,0,0,1,0,0,0,0,0,0,0,1,1,1,1
75469,2402,2196,450,469,2027,0.0,0,396.8,0.0,0,0,0,1,0,0,0,0,0,0,0,1,1,1,1
75479,2402,2197,448,469,2028,0.0,0,397.1,0.0,0,0,0,1,0,0,0,0,0,0,0,1,1,1,1
75489,2402,2197,449,470,2027,0.0,0,396.9,0.0,0,0,0,1,0,0,0,0,0,0,0,1,1,1,1
75499,2403,2196,451,470,2027,0.0,0,396.5,0.0,0,0,0,1,0,0,0,0,0,0,0,1,1,1,1
75509,2402,2197,450,468,2027,0.0,0,396.5,0.0,0,0,0,1,0,0,0,0,0,0,0,1,1,1,1
75519,2401,2196,449,466,2027,0.0,0,397.1,0.0,0,0,0,1,0,0,0,0,0,0,0,1,1,1,1
75529,2402,2196,449,469,2028,0.0,0,397.3,0.0,0,0,0,1,0,0,0,0,0,0,0,1,1,1,1
75539,2396,2197,452,470,2028,0.0,0,396.9,0.0,0,0,0,1,0,0,0,0,0,0,0,1,1,1,1
75549,2401,2196,450,471,2018,0.0,0,396.1,0.0,0,0,0,1,0,0,0,0,0,0,0,1,1,1,1
75559,2403,2196,450,469,2015,0.0,0,396.4,0.0,0,0,0,1,0,0,0,0,0,0,0,1,1,1,1
75569,2402,2197,450,470,2018,0.0,0,396.4,0.0,0,0,0,1,0,0,0,0,0,0,0,1,1,1,1
75579,2402,2195,451,470,2019,0.0,0,396.4,0.0,0,0,0,1,0,0,0,0,0,0,0,1,1,1,1
75589,2401,2196,450,470,2017,0.0,0,397.2,0.0,0,0,0,1,0,0,0,0,0,0,0,1,1,1,1
75599,2402,2198,449,470,2017,0.0,0,397.1,0.0,0,0,0,1,0,0,0,0,0,0,0,1,1,1,1
75609,2400,2200,449,470,2017,0.0,0,397.2,0.0,0,0,0,1,0,0,0,0,0,0,0,1,1,1,1
75619,2403,2196,451,469,2018,0.0,0,397.5,0.0,0,0,0,1,0,0,0,0,0,0,0,1,1,1,1
75629,2401,2197,451,469,2018,0.0,0,397.5,0.0,0,0,0,1,0,0,0,0,0,0,0,1,1,1,1
75639,2400,2196,448,471,2018,0.0,0,397.5,0.0,0,0,0,1,0,0,0,0,0,0,0,1,1,1,1
75649,2402,2196,450,471,2018,0.0,0,396.5,0.0,0,0,0,1,0,0,0,0,0,0,0,1,1,1,1
75659,2400,2197,450,469,2018,0.0,0,397.1,0.0,0,0,0,1,0,0,0,0,0,0,0,1,1,1,1
75669,2402,2196,451,471,2017,0.0,0,397.0,0.0,0,0,0,1,0,0,0,0,0,0,0,1,1,1,1
75679,2403,2196,448,470,2027,0.0,0,396.3,0.0,0,0,0,1,0,0,0,0,0,0,0,1,1,1,1
75689,2401,2196,449,468,2026,0.0,0,396.3,0.0,0,0,0,1,0,0,0,0,0,0,0,1,1,1,1
75699,2401,2196,449,469,2027,0.0,0,396.8,0.0,0,0,0,1,0,0,0,0,0,0,0,1,1,1,1
75709,2401,2197,450,472,2028,0.0,0,396.5,0.0,0,0,0,1,0,0,0,0,0,0,0,1,1,1,1
75719,2402,2196,449,470,2027,0.0,0,396.4,0.0,0,0,0,1,0,0,0,0,0,0,0,1,1,1,1
75729,2401,2197,450,471,2030,0.0,0,397.0,0.0,0,0,0,1,0,0,0,0,0,0,0,1,1,1,1
75739,2400,2195,449,469,2027,0.0,0,397.4,0.0,0,0,0,1,0,0,0,0,0,0,0,1,1,1,1
75749,2402,2197,449,470,2027,0.0,0,397.4,0.0,0,0,0,1,0,0,0,0,0,0,0,1,1,1,1
75759,2401,2196,454,469,2027,0.0,0,397.2,0.0,0,0,0,1,0,0,0,0,0,0,0,1,1,1,1
75769,2402,2196,450,468,2027,0.0,0,396.3,0.0,0,0,0,1,0,0,0,0,0,0,0,1,1,1,1
75779,2399,2196,450,469,2027,0.0,0,397.0,0.0,0,0,0,1,0,0,0,0,0,0,0,1,1,1,1
75789,2401,2197,450,469,2027,0.0,0,396.2,0.0,0,0,0,1,0,0,0,0,0,0,0,1,1,1,1
75799,2403,2193,450,469,2028,0.0,0,397.4,0.0,0,0,0,1,0,0,0,0,0,0,0,1,1,1,1
75809,2403,2196,450,468,2027,0.0,0,397.4,0.0,0,0,0,1,0,0,0,0,0,0,0,1,1,1,1
75819,2402,2197,450,470,2027,0.0,0,396.5,0.0,0,0,0,1,0,0,0,0,0,0,0,1,1,1,1
75829,2403,2197,450,471,2027,0.0,0,396.4,0.0,0,0,0,1,0,0,0,0,0,0,0,1,1,1,1
75839,2402,2197,446,469,2027,0.0,0,396.9,0.0,0,0,0,1,0,0,0,0,0,0,0,1,1,1,1
75849,2401,2196,447,470,2018,0.0,0,396.5,0.0,0,0,0,1,0,0,0,0,0,0,0,1,1,1,1
75859,2403,2196,449,470,2018,0.0,0,396.8,0.0,0,0,0,1,0,0,0,0,0,0,0,1,1,1,1
75869,2402,2196,451,469,2018,0.0,0,396.8,0.0,0,0,0,1,0,0,0,0,0,0,0,1,1,1,1
75879,2401,2197,450,468,2017,0.0,0,396.5,0.0,0,0,0,1,0,0,0,0,0,0,0,1,1,1,1
75889,2401,2197,450,470,2017,0.0,0,396.8,0.0,0,0,0,1,0,0,0,0,0,0,0,1,1,1,1
75899,2402,2196,448,469,2018,0.0,0,396.9,0.0,0,0,0,1,0,0,0,0,0,0,0,1,1,1,1
75909,2402,2196,449,469,2018,0.0,0,396.3,0.0,0,0,0,1,0,0,0,0,0,0,0,1,1,1,1
75919,2403,2196,449,471,2017,0.0,0,397.0,0.0,0,0,0,1,0,0,0,0,0,0,0,1,1,1,1
75929,2401,2197,450,469,2019,0.0,0,397.0,0.0,0,0,0,1,0,0,0,0,0,0,0,1,1,1,1
75939,2400,2197,452,469,2018,0.0,0,397.0,0.0,0,0,0,1,0,0,0,0,0,0,0,1,1,1,1
75949,2401,2196,449,470,2018,0.0,0,397.1,0.0,0,0,0,1,0,0,0,0,0,0,0,1,1,1,1
75959,2402,2197,450,469,2017,0.0,0,396.8,0.0,0,0,0,1,0,0,0,0,0,0,0,1,1,1,1
75969,2401,2196,451,471,2018,0.0,0,397.4,0.0,0,0,0,1,0,0,0,0,0,0,0,1,1,1,1
75979,2402,2197,450,470,2023,0.0,0,396.5,0.0,0,0,0,1,0,0,0,0,0,0,0,1,1,1,1
75989,2402,2198,450,470,2027,0.0,0,396.5,0.0,0,0,0,1,0,0,0,0,0,0,0,1,1,1,1
75999,2401,2196,448,468,2027,0.0,0,397.1,0.0,0,0,0,1,0,0,0,0,0,0,0,1,1,1,1
76009,2401,2197,451,470,2027,0.0,0,397.0,0.0,0,0,0,1,0,0,0,0,0,0,0,1,1,1,1
76019,2402,2197,450,470,2027,0.0,0,397.9,0.0,0,0,0,1,0,0,0,0,0,0,0,1,1,1,1
76029,2402,2194,446,467,2027,0.0,0,396.7,0.0,0,0,0,1,0,0,0,0,0,0,0,1,1,1,1
76039,2403,2196,450,470,2027,0.0,0,397.2,0.0,0,0,0,1,0,0,0,0,0,0,0,1,1,1,1
76049,2402,2196,450,472,2026,0.0,0,397.2,0.0,0,0,0,1,0,0,0,0,0,0,0,1,1,1,1
76059,2402,2196,449,470,2027,0.0,0,396.5,0.0,0,0,0,1,0,0,0,0,0,0,0,1,1,1,1
76069,2403,2197,450,469,2027,0.0,0,396.5,0.0,0,0,0,1,0,0,0,0,0,0,0,1,1,1,1
76079,2402,2196,450,470,2027,0.0,0,396.9,0.0,0,0,0,1,0,0,0,0,0,0,0,1,1,1,1
76089,2401,2196,449,471,2030,0.0,0,397.2,0.0,0,0,0,1,0,0,0,0,0,0,0,1,1,1,1
76099,2403,2197,449,469,2027,0.0,0,396.2,0.0,0,0,0,1,0,0,0,0,0,0,0,1,1,1,1
76109,2402,2196,450,470,2027,0.0,0,396.2,0.0,0,0,0,1,0,0,0,0,0,0,0,1,1,1,1
76119,2402,2197,451,469,2026,0.0,0,396.8,0.0,0,0,0,1,0,0,0,0,0,0,0,1,1,1,1
76129,2402,2197,449,462,2028,0.0,0,396.5,0.0,0,0,0,1,0,0,0,0,0,0,0,1,1,1,1
76139,2402,2197,450,469,2027,0.0,0,396.9,0.0,0,0,0,1,0,0,0,0,0,0,0,1,1,1,1
76149,2401,2196,450,469,2019,0.0,0,396.5,0.0,0,0,0,1,0,0,0,0,0,0,0,1,1,1,1
76159,2401,2196,450,470,2018,0.0,0,396.9,0.0,0,0,0,1,0,0,0,0,0,0,0,1,1,1,1
76169,2402,2197,450,470,2018,0.0,0,396.9,0.0,0,0,0,1,0,0,0,0,0,0,0,1,1,1,1
76179,2403,2200,450,470,2016,0.0,0,397.1,0.0,0,0,0,1,0,0,0,0,0,0,0,1,1,1,1
76189,2401,2196,450,470,2019,0.0,0,396.9,0.0,0,0,0,1,0,0,0,0,0,0,0,1,1,1,1
76199,2402,2196,453,470,2018,0.0,0,396.7,0.0,0,0,0,1,0,0,0,0,0,0,0,1,1,1,1
76209,2403,2197,453,470,2019,0.0,0,397.0,0.0,0,0,0,1,0,0,0,0,0,0,0,1,1,1,1
76219,2402,2197,450,469,2018,0.0,0,396.5,0.0,0,0,0,1,0,0,0,0,0,0,0,1,1,1,1
76229,2401,2197,449,469,2019,0.0,0,396.5,0.0,0,0,0,1,0,0,0,0,0,0,0,1,1,1,1
76239,2405,2197,449,470,2018,0.0,0,397.1,0.0,0,0,0,1,0,0,0,0,0,0,0,1,1,1,1
76249,2401,2197,449,469,2018,0.0,0,396.7,0.0,0,0,0,1,0,0,0,0,0,0,0,1,1,1,1
76259,2402,2196,450,470,2018,0.0,0,397.6,0.0,0,0,0,1,0,0,0,0,0,0,0,1,1,1,1
76269,2402,2197,452,468,2018,0.0,0,397.2,0.0,0,0,0,1,0,0,0,0,0,0,0,1,1,1,1
76279,2402,2196,449,469,2018,0.0,0,397.6,0.0,0,0,0,1,0,0,0,0,0,0,0,1,1,1,1
76289,2401,2196,452,469,2027,0.0,0,397.6,0.0,0,0,0,1,0,0,0,0,0,0,0,1,1,1,1
76299,2402,2196,451,471,2027,0.0,0,396.8,0.0,0,0,0,1,0,0,0,0,0,0,0,1,1,1,1
76309,2401,2196,449,469,2026,0.0,0,397.5,0.0,0,0,0,1,0,0,0,0,0,0,0,1,1,1,1
76319,2402,2196,450,470,2027,0.0,0,396.4,0.0,0,0,0,1,0,0,0,0,0,0,0,1,1,1,1
76329,2400,2197,449,470,2027,0.0,0,397.1,0.0,0,0,0,1,0,0,0,0,0,0,0,1,1,1,1
76339,2401,2196,449,467,2026,0.0,0,396.7,0.0,0,0,0,1,0,0,0,0,0,0,0,1,1,1,1
76349,2401,2196,449,470,2027,0.0,0,396.7,0.0,0,0,0,1,0,0,0,0,0,0,0,1,1,1,1
76359,2401,2199,449,469,2027,0.0,0,396.9,0.0,0,0,0,1,0,0,0,0,0,0,0,1,1,1,1
76369,2401,2197,450,468,2027,0.0,0,397.2,0.0,0,0,0,1,0,0,0,0,0,0,0,1,1,1,1
76379,2401,2197,450,470,2027,0.0,0,396.8,0.0,0,0,0,1,0,0,0,0,0,0,0,1,1,1,1
76389,2401,2196,450,470,2026,0.0,0,396.3,0.0,0,0,0,1,0,0,0,0,0,0,0,1,1,1,1
76399,2402,2196,447,469,2027,0.0,0,396.7,0.0,0,0,0,1,0,0,0,0,0,0,0,1,1,1,1
76409,2402,2197,451,472,2027,0.0,0,396.7,0.0,0,0,0,1,0,0,0,0,0,0,0,1,1,1,1
76419,2401,2197,449,470,2028,0.0,0,396.2,0.0,0,0,0,1,0,0,0,0,0,0,0,1,1,1,1
76429,2401,2197,449,470,2028,0.0,0,397.3,0.0,0,0,0,1,0,0,0,0,0,0,0,1,1,1,1
76439,2402,2198,450,469,2028,0.0,0,396.7,0.0,0,0,0,1,0,0,0,0,0,0,0,1,1,1,1
76449,2404,2196,450,470,2028,0.0,0,396.7,0.0,0,0,0,1,0,0,0,0,0,0,0,1,1,1,1
76459,2403,2196,448,470,2017,0.0,0,396.8,0.0,0,0,0,1,0,0,0,0,0,0,0,1,1,1,1
76469,2402,2196,451,469,2018,0.0,0,396.8,0.0,0,0,0,1,0,0,0,0,0,0,0,1,1,1,1
76479,2401,2196,450,469,2018,0.0,0,396.4,0.0,0,0,0,1,0,0,0,0,0,0,0,1,1,1,1
76489,2400,2197,449,471,2018,0.0,0,396.8,0.0,0,0,0,1,0,0,0,0,0,0,0,1,1,1,1
76499,2401,2197,450,469,2018,0.0,0,396.7,0.0,0,0,0,1,0,0,0,0,0,0,0,1,1,1,1
76509,2404,2196,450,470,2017,0.0,0,397.2,0.0,0,0,0,1,0,0,0,0,0,0,0,1,1,1,1
76519,2401,2196,450,470,2018,0.0,0,396.9,0.0,0,0,0,1,0,0,0,0,0,0,0,1,1,1,1
76529,2402,2197,450,469,2018,0.0,0,396.9,0.0,0,0,0,1,0,0,0,0,0,0,0,1,1,1,1
76539,2400,2196,451,469,2018,0.0,0,397.0,0.0,0,0,0,1,0,0,0,0,0,0,0,1,1,1,1
76549,2401,2196,450,469,2017,0.0,0,397.7,0.0,0,0,0,1,0,0,0,0,0,0,0,1,1,1,1
76560,2402,2196,449,469,2017,0.0,0,396.9,0.0,0,0,0,1,0,0,0,0,0,0,0,1,1,1,1
76570,2402,2196,451,470,2016,0.0,0,397.0,0.0,0,0,0,1,0,0,0,0,0,0,0,1,1,1,1
76580,2402,2197,449,469,2017,0.0,0,396.7,0.0,0,0,0,1,0,0,0,0,0,0,0,1,1,1,1
76590,2403,2197,450,468,2027,0.0,0,396.7,0.0,0,0,0,1,0,0,0,0,0,0,0,1,1,1,1
76600,2401,2197,450,469,2027,0.0,0,397.4,0.0,0,0,0,1,0,0,0,0,0,0,0,1,1,1,1
76610,2401,2196,450,471,2026,0.0,0,396.5,0.0,0,0,0,1,0,0,0,0,0,0,0,1,1,1,1
76620,2401,2196,450,470,2027,0.0,0,396.5,0.0,0,0,0,1,0,0,0,0,0,0,0,1,1,1,1
76630,2401,2196,451,469,2028,0.0,0,396.8,0.0,0,0,0,1,0,0,0,0,0,0,0,1,1,1,1
76640,2402,2196,450,468,2027,0.0,0,397.6,0.0,0,0,0,1,0,0,0,0,0,0,0,1,1,1,1
76650,2401,2197,449,469,2027,0.0,0,397.0,0.0,0,0,0,1,0,0,0,0,0,0,0,1,1,1,1
76660,2401,2197,450,469,2027,0.0,0,397.0,0.0,0,0,0,1,0,0,0,0,0,0,0,1,1,1,1
76670,2400,2197,449,469,2027,0.0,0,397.0,0.0,0,0,0,1,0,0,0,0,0,0,0,1,1,1,1
76680,2401,2197,449,469,2027,0.0,0,397.4,0.0,0,0,0,1,0,0,0,0,0,0,0,1,1,1,1
76690,2402,2196,449,471,2027,0.0,0,397.3,0.0,0,0,0,1,0,0,0,0,0,0,0,1,1,1,1
76700,2402,2196,450,469,2028,0.0,0,396.7,0.0,0,0,0,1,0,0,0,0,0,0,0,1,1,1,1
76710,2402,2196,450,468,2027,0.0,0,396.7,0.0,0,0,0,1,0,0,0,0,0,0,0,1,1,1,1
76720,2402,2197,449,469,2028,0.0,0,397.1,0.0,0,0,0,1,0,0,0,0,0,0,0,1,1,1,1
76730,2401,2196,450,470,2027,0.0,0,397.0,0.0,0,0,0,1,0,0,0,0,0,0,0,1,1,1,1
76740,2402,2196,450,471,2027,0.0,0,397.6,0.0,0,0,0,1,0,0,0,0,0,0,0,1,1,1,1
76750,2402,2197,451,470,2027,0.0,0,397.0,0.0,0,0,0,1,0,0,0,0,0,0,0,1,1,1,1
76760,2401,2196,449,469,2018,0.0,0,396.9,0.0,0,0,0,1,0,0,0,0,0,0,0,1,1,1,1
76770,2402,2198,449,468,2017,0.0,0,396.9,0.0,0,0,0,1,0,0,0,0,0,0,0,1,1,1,1
76780,2402,2196,450,470,2018,0.0,0,396.8,0.0,0,0,0,1,0,0,0,0,0,0,0,1,1,1,1
76790,2401,2196,450,469,2018,0.0,0,397.2,0.0,0,0,0,1,0,0,0,0,0,0,0,1,1,1,1
76800,2402,2196,451,470,2016,0.0,0,396.4,0.0,0,0,0,1,0,0,0,0,0,0,0,1,1,1,1
76810,2402,2197,450,469,2018,0.0,0,396.5,0.0,0,0,0,1,0,0,0,0,0,0,0,1,1,1,1
76820,2402,2196,449,469,2017,0.0,0,396.9,0.0,0,0,0,1,0,0,0,0,0,0,0,1,1,1,1
76831,2405,2196,450,469,2016,0.0,0,396.8,0.0,0,0,0,1,0,0,0,0,0,0,0,1,1,1,1
76841,2401,2196,451,468,2018,0.0,0,396.8,0.0,0,0,0,1,0,0,0,0,0,0,0,1,1,1,1
76851,2402,2196,448,468,2021,0.0,0,397.5,0.0,0,0,0,1,0,0,0,0,0,0,0,1,1,1,1
76861,2402,2196,449,469,2019,0.0,0,397.0,0.0,0,0,0,1,0,0,0,0,0,0,0,1,1,1,1
76871,2402,2197,451,469,2018,0.0,0,396.7,0.0,0,0,0,1,0,0,0,0,0,0,0,1,1,1,1
76881,2403,2196,450,470,2019,0.0,0,397.0,0.0,0,0,0,1,0,0,0,0,0,0,0,1,1,1,1
76891,2401,2197,450,470,2026,0.0,0,397.4,0.0,0,0,0,1,0,0,0,0,0,0,0,1,1,1,1
76901,2400,2196,450,470,2027,0.0,0,397.4,0.0,0,0,0,1,0,0,0,0,0,0,0,1,1,1,1
76911,2402,2195,449,470,2027,0.0,0,397.6,0.0,0,0,0,1,0,0,0,0,0,0,0,1,1,1,1
76921,2401,2196,450,469,2028,0.0,0,397.2,0.0,0,0,0,1,0,0,0,0,0,0,0,1,1,1,1
76931,2401,2197,448,471,2027,0.0,0,397.1,0.0,0,0,0,1,0,0,0,0,0,0,0,1,1,1,1
76941,2401,2197,449,470,2028,0.0,0,397.2,0.0,0,0,0,1,0,0,0,0,0,0,0,1,1,1,1
76951,2402,2199,448,469,2028,0.0,0,397.7,0.0,0,0,0,1,0,0,0,0,0,0,0,1,1,1,1
76961,2406,2196,452,469,2026,0.0,0,397.7,0.0,0,0,0,1,0,0,0,0,0,0,0,1,1,1,1
76971,2402,2197,450,470,2028,0.0,0,396.2,0.0,0,0,0,1,0,0,0,0,0,0,0,1,1,1,1
76981,2401,2197,449,467,2028,0.0,0,397.3,0.0,0,0,0,1,0,0,0,0,0,0,0,1,1,1,1
76991,2402,2197,447,468,2028,0.0,0,397.3,0.0,0,0,0,1,0,0,0,0,0,0,0,1,1,1,1
77001,2401,2197,449,469,2027,0.0,0,397.1,0.0,0,0,0,1,0,0,0,0,0,0,0,1,1,1,1
77011,2403,2194,449,469,2026,0.0,0,396.0,0.0,0,0,0,1,0,0,0,0,0,0,0,1,1,1,1
77021,2402,2197,449,468,2027,0.0,0,396.0,0.0,0,0,0,1,0,0,0,0,0,0,0,1,1,1,1
77031,2402,2197,451,470,2029,0.0,0,397.3,0.0,0,0,0,1,0,0,0,0,0,0,0,1,1,1,1
77041,2402,2196,450,469,2025,0.0,0,396.1,0.0,0,0,0,1,0,0,0,0,0,0,0,1,1,1,1
77051,2399,2196,450,470,2027,0.0,0,397.3,0.0,0,0,0,1,0,0,0,0,0,0,0,1,1,1,1
77061,2402,2197,450,469,2015,0.0,0,397.0,0.0,0,0,0,1,0,0,0,0,0,0,0,1,1,1,1
77071,2402,2196,449,467,2017,0.0,0,398.1,0.0,0,0,0,1,0,0,0,0,0,0,0,1,1,1,1
77081,2402,2196,450,469,2017,0.0,0,398.1,0.0,0,0,0,1,0,0,0,0,0,0,0,1,1,1,1
77091,2401,2196,450,472,2018,0.0,0,397.2,0.0,0,0,0,1,0,0,0,0,0,0,0,1,1,1,1
77101,2402,2196,450,470,2019,0.0,0,397.1,0.0,0,0,0,1,0,0,0,0,0,0,0,1,1,1,1
77111,2401,2197,450,470,2019,0.0,0,396.9,0.0,0,0,0,1,0,0,0,0,0,0,0,1,1,1,1
77121,2401,2196,450,471,2019,0.0,0,397.0,0.0,0,0,0,1,0,0,0,0,0,0,0,1,1,1,1
77131,2432,2197,451,470,2018,0.0,0,397.0,0.0,0,0,0,1,0,0,0,0,0,0,0,1,1,1,1
77141,2402,2196,451,470,2018,0.0,0,397.0,0.0,0,0,0,1,0,0,0,0,0,0,0,1,1,1,1
77151,2402,2197,450,470,2019,0.0,0,396.3,0.0,0,0,0,1,0,0,0,0,0,0,0,1,1,1,1
77161,2402,2196,449,469,2018,0.0,0,396.2,0.0,0,0,0,1,0,0,0,0,0,0,0,1,1,1,1
77171,2402,2197,449,468,2019,0.0,0,397.2,0.0,0,0,0,1,0,0,0,0,0,0,0,1,1,1,1
77181,2402,2197,449,470,2018,0.0,0,396.3,0.0,0,0,0,1,0,0,0,0,0,0,0,1,1,1,1
77191,2403,2197,450,469,2027,0.0,0,397.1,0.0,0,0,0,1,0,0,0,0,0,0,0,1,1,1,1
77201,2402,2196,449,470,2027,0.0,0,397.1,0.0,0,0,0,1,0,0,0,0,0,0,0,1,1,1,1
77211,2402,2196,450,469,2028,0.0,0,396.7,0.0,0,0,0,1,0,0,0,0,0,0,0,1,1,1,1
77221,2402,2196,451,471,2028,0.0,0,397.3,0.0,0,0,0,1,0,0,0,0,0,0,0,1,1,1,1
77231,2401,2197,451,470,2029,0.0,0,396.9,0.0,0,0,0,1,0,0,0,0,0,0,0,1,1,1,1
77241,2405,2196,449,470,2029,0.0,0,397.3,0.0,0,0,0,1,0,0,0,0,0,0,0,1,1,1,1
77251,2402,2196,449,480,2027,0.0,0,396.5,0.0,0,0,0,1,0,0,0,0,0,0,0,1,1,1,1
77261,2401,2197,450,470,2027,0.0,0,396.5,0.0,0,0,0,1,0,0,0,0,0,0,0,1,1,1,1
77271,2402,2197,451,468,2028,0.0,0,396.9,0.0,0,0,0,1,0,0,0,0,0,0,0,1,1,1,1
77281,2401,2196,449,469,2025,0.0,0,396.3,0.0,0,0,0,1,0,0,0,0,0,0,0,1,1,1,1
77291,2401,2195,451,469,2027,0.0,0,396.8,0.0,0,0,0,1,0,0,0,0,0,0,0,1,1,1,1
77301,2401,2196,450,469,2026,0.0,0,397.1,0.0,0,0,0,1,0,0,0,0,0,0,0,1,1,1,1
77311,2402,2196,450,469,2027,0.0,0,397.7,0.0,0,0,0,1,0,0,0,0,0,0,0,1,1,1,1
77321,2401,2196,450,470,2027,0.0,0,397.7,0.0,0,0,0,1,0,0,0,0,0,0,0,1,1,1,1
77331,2402,2196,450,470,2027,0.0,0,396.3,0.0,0,0,0,1,0,0,0,0,0,0,0,1,1,1,1
77341,2403,2196,451,470,2027,0.0,0,397.1,0.0,0,0,0,1,0,0,0,0,0,0,0,1,1,1,1
77351,2401,2196,452,471,2027,0.0,0,396.3,0.0,0,0,0,1,0,0,0,0,0,0,0,1,1,1,1
77361,2401,2197,451,469,2018,0.0,0,397.2,0.0,0,0,0,1,0,0,0,0,0,0,0,1,1,1,1
77371,2401,2196,449,469,2017,0.0,0,396.7,0.0,0,0,0,1,0,0,0,0,0,0,0,1,1,1,1
77381,2402,2196,450,470,2017,0.0,0,396.7,0.0,0,0,0,1,0,0,0,0,0,0,0,1,1,1,1
77391,2402,2195,450,471,2018,0.0,0,397.1,0.0,0,0,0,1,0,0,0,0,0,0,0,1,1,1,1
77401,2401,2197,450,471,2018,0.0,0,396.7,0.0,0,0,0,1,0,0,0,0,0,0,0,1,1,1,1
77411,2402,2196,450,469,2019,0.0,0,397.6,0.0,0,0,0,1,0,0,0,0,0,0,0,1,1,1,1
77421,2401,2197,449,468,2018,0.0,0,396.7,0.0,0,0,0,1,0,0,0,0,0,0,0,1,1,1,1
77431,2403,2198,450,469,2019,0.0,0,397.1,0.0,0,0,0,1,0,0,0,0,0,0,0,1,1,1,1
77441,2401,2197,449,469,2018,0.0,0,397.1,0.0,0,0,0,1,0,0,0,0,0,0,0,1,1,1,1
77451,2402,2196,450,469,2019,0.0,0,396.9,0.0,0,0,0,1,0,0,0,0,0,0,0,1,1,1,1
77461,2402,2197,453,471,2018,0.0,0,397.0,0.0,0,0,0,1,0,0,0,0,0,0,0,1,1,1,1
77471,2402,2196,451,470,2018,0.0,0,396.9,0.0,0,0,0,1,0,0,0,0,0,0,0,1,1,1,1
77481,2401,2197,449,469,2019,0.0,0,397.1,0.0,0,0,0,1,0,0,0,0,0,0,0,1,1,1,1
77491,2401,2197,451,470,2027,0.0,0,397.1,0.0,0,0,0,1,0,0,0,0,0,0,0,1,1,1,1
77501,2402,2196,451,470,2027,0.0,0,397.1,0.0,0,0,0,1,0,0,0,0,0,0,0,1,1,1,1
77511,2401,2196,449,470,2027,0.0,0,397.7,0.0,0,0,0,1,0,0,0,0,0,0,0,1,1,1,1
77521,2401,2196,449,468,2028,0.0,0,397.0,0.0,0,0,0,1,0,0,0,0,0,0,0,1,1,1,1
77531,2401,2196,450,470,2028,0.0,0,397.5,0.0,0,0,0,1,0,0,0,0,0,0,0,1,1,1,1
77541,2402,2196,450,469,2028,0.0,0,396.8,0.0,0,0,0,1,0,0,0,0,0,0,0,1,1,1,1
77551,2403,2197,451,470,2027,0.0,0,397.6,0.0,0,0,0,1,0,0,0,0,0,0,0,1,1,1,1
77561,2402,2197,450,471,2028,0.0,0,397.6,0.0,0,0,0,1,0,0,0,0,0,0,0,1,1,1,1
77571,2401,2197,450,470,2027,0.0,0,397.3,0.0,0,0,0,1,0,0,0,0,0,0,0,1,1,1,1
77581,2402,2197,451,470,2026,0.0,0,397.3,0.0,0,0,0,1,0,0,0,0,0,0,0,1,1,1,1
77591,2402,2197,449,470,2027,0.0,0,396.9,0.0,0,0,0,1,0,0,0,0,0,0,0,1,1,1,1
77601,2401,2197,449,470,2027,0.0,0,396.9,0.0,0,0,0,1,0,0,0,0,0,0,0,1,1,1,1
77611,2402,2197,449,470,2028,0.0,0,397.4,0.0,0,0,0,1,0,0,0,0,0,0,0,1,1,1,1
77621,2403,2197,450,470,2027,0.0,0,397.4,0.0,0,0,0,1,0,0,0,0,0,0,0,1,1,1,1
77631,2402,2196,452,469,2027,0.0,0,396.3,0.0,0,0,0,1,0,0,0,0,0,0,0,1,1,1,1
77641,2402,2197,449,469,2027,0.0,0,396.5,0.0,0,0,0,1,0,0,0,0,0,0,0,1,1,1,1
77651,2402,2196,449,469,2028,0.0,0,397.4,0.0,0,0,0,1,0,0,0,0,0,0,0,1,1,1,1
77661,2401,2196,450,470,2019,0.0,0,396.7,0.0,0,0,0,1,0,0,0,0,0,0,0,1,1,1,1
77671,2402,2196,451,469,2017,0.0,0,396.2,0.0,0,0,0,1,0,0,0,0,0,0,0,1,1,1,1
77681,2402,2197,449,469,2018,0.0,0,396.2,0.0,0,0,0,1,0,0,0,0,0,0,0,1,1,1,1
77691,2405,2197,450,471,2019,0.0,0,396.9,0.0,0,0,0,1,0,0,0,0,0,0,0,1,1,1,1
77701,2402,2197,450,470,2019,0.0,0,396.5,0.0,0,0,0,1,0,0,0,0,0,0,0,1,1,1,1
77711,2405,2194,449,470,2018,0.0,0,397.0,0.0,0,0,0,1,0,0,0,0,0,0,0,1,1,1,1
77721,2402,2197,449,470,2019,0.0,0,397.1,0.0,0,0,0,1,0,0,0,0,0,0,0,1,1,1,1
77731,2398,2198,450,468,2018,0.0,0,396.7,0.0,0,0,0,1,0,0,0,0,0,0,0,1,1,1,1
77741,2402,2196,451,470,2018,0.0,0,396.7,0.0,0,0,0,1,0,0,0,0,0,0,0,1,1,1,1
77751,2401,2196,449,470,2018,0.0,0,397.9,0.0,0,0,0,1,0,0,0,0,0,0,0,1,1,1,1
77761,2403,2196,449,468,2019,0.0,0,396.4,0.0,0,0,0,1,0,0,0,0,0,0,0,1,1,1,1
77771,2402,2196,451,469,2016,0.0,0,397.6,0.0,0,0,0,1,0,0,0,0,0,0,0,1,1,1,1
77781,2402,2197,450,469,2019,0.0,0,396.3,0.0,0,0,0,1,0,0,0,0,0,0,0,1,1,1,1
77791,2403,2196,450,470,2018,0.0,0,397.1,0.0,0,0,0,1,0,0,0,0,0,0,0,1,1,1,1
77801,2402,2197,450,470,2027,0.0,0,397.1,0.0,0,0,0,1,0,0,0,0,0,0,0,1,1,1,1
77811,2401,2196,451,469,2028,0.0,0,397.0,0.0,0,0,0,1,0,0,0,0,0,0,0,1,1,1,1
77821,2402,2196,449,469,2028,0.0,0,396.8,0.0,0,0,0,1,0,0,0,0,0,0,0,1,1,1,1
77831,2402,2197,451,469,2028,0.0,0,397.5,0.0,0,0,0,1,0,0,0,0,0,0,0,1,1,1,1
77841,2402,2196,450,469,2027,0.0,0,397.4,0.0,0,0,0,1,0,0,0,0,0,0,0,1,1,1,1
77851,2403,2197,451,469,2027,0.0,0,396.3,0.0,0,0,0,1,0,0,0,0,0,0,0,1,1,1,1
77861,2402,2196,450,470,2028,0.0,0,396.3,0.0,0,0,0,1,0,0,0,0,0,0,0,1,1,1,1
77871,2401,2194,452,470,2028,0.0,0,397.4,0.0,0,0,0,1,0,0,0,0,0,0,0,1,1,1,1
77881,2400,2196,450,470,2028,0.0,0,397.4,0.0,0,0,0,1,0,0,0,0,0,0,0,1,1,1,1
77891,2402,2196,449,470,2030,0.0,0,397.3,0.0,0,0,0,1,0,0,0,0,0,0,0,1,1,1,1
77901,2401,2197,451,470,2027,0.0,0,396.9,0.0,0,0,0,1,0,0,0,0,0,0,0,1,1,1,1
77911,2403,2196,449,466,2026,0.0,0,397.3,0.0,0,0,0,1,0,0,0,0,0,0,0,1,1,1,1
77921,2401,2193,450,468,2027,0.0,0,397.3,0.0,0,0,0,1,0,0,0,0,0,0,0,1,1,1,1
77931,2402,2196,450,469,2027,0.0,0,397.6,0.0,0,0,0,1,0,0,0,0,0,0,0,1,1,1,1
77941,2401,2196,448,468,2028,0.0,0,397.4,0.0,0,0,0,1,0,0,0,0,0,0,0,1,1,1,1
77951,2402,2196,450,468,2028,0.0,0,396.8,0.0,0,0,0,1,0,0,0,0,0,0,0,1,1,1,1
77961,2401,2196,451,469,2024,0.0,0,396.9,0.0,0,0,0,1,0,0,0,0,0,0,0,1,1,1,1
77971,2405,2196,448,469,2018,0.0,0,396.4,0.0,0,0,0,1,0,0,0,0,0,0,0,1,1,1,1
77981,2402,2197,450,469,2018,0.0,0,396.4,0.0,0,0,0,1,0,0,0,0,0,0,0,1,1,1,1
77991,2401,2196,452,471,2018,0.0,0,397.0,0.0,0,0,0,1,0,0,0,0,0,0,0,1,1,1,1
78001,2402,2196,451,471,2018,0.0,0,396.3,0.0,0,0,0,1,0,0,0,0,0,0,0,1,1,1,1
78011,2402,2196,451,471,2018,0.0,0,397.5,0.0,0,0,0,1,0,0,0,0,0,0,0,1,1,1,1
78021,2402,2197,450,470,2019,0.0,0,397.0,0.0,0,0,0,1,0,0,0,0,0,0,0,1,1,1,1
78031,2400,2195,451,470,2019,0.0,0,397.0,0.0,0,0,0,1,0,0,0,0,0,0,0,1,1,1,1
78041,2402,2197,450,470,2018,0.0,0,397.0,0.0,0,0,0,1,0,0,0,0,0,0,0,1,1,1,1
78051,2401,2197,451,468,2018,0.0,0,397.0,0.0,0,0,0,1,0,0,0,0,0,0,0,1,1,1,1
78061,2402,2196,450,470,2018,0.0,0,397.1,0.0,0,0,0,1,0,0,0,0,0,0,0,1,1,1,1
78071,2401,2196,449,468,2018,0.0,0,397.7,0.0,0,0,0,1,0,0,0,0,0,0,0,1,1,1,1
78081,2402,2197,452,469,2018,0.0,0,396.9,0.0,0,0,0,1,0,0,0,0,0,0,0,1,1,1,1
78091,2402,2197,448,469,2016,0.0,0,397.4,0.0,0,0,0,1,0,0,0,0,0,0,0,1,1,1,1
78101,2401,2197,451,470,2027,0.0,0,397.4,0.0,0,0,0,1,0,0,0,0,0,0,0,1,1,1,1
78111,2402,2197,449,469,2027,0.0,0,397.5,0.0,0,0,0,1,0,0,0,0,0,0,0,1,1,1,1
78121,2401,2196,450,471,2028,0.0,0,396.5,0.0,0,0,0,1,0,0,0,0,0,0,0,1,1,1,1
78131,2401,2197,449,470,2028,0.0,0,396.9,0.0,0,0,0,1,0,0,0,0,0,0,0,1,1,1,1
78141,2402,2196,448,473,2028,0.0,0,396.5,0.0,0,0,0,1,0,0,0,0,0,0,0,1,1,1,1
78151,2403,2196,452,470,2027,0.0,0,396.7,0.0,0,0,0,1,0,0,0,0,0,0,0,1,1,1,1
78161,2402,2198,450,470,2028,0.0,0,396.7,0.0,0,0,0,1,0,0,0,0,0,0,0,1,1,1,1
78171,2403,2196,450,469,2027,0.0,0,396.0,0.0,0,0,0,1,0,0,0,0,0,0,0,1,1,1,1
78181,2404,2196,450,470,2028,0.0,0,397.0,0.0,0,0,0,1,0,0,0,0,0,0,0,1,1,1,1
78191,2401,2197,450,470,2028,0.0,0,397.2,0.0,0,0,0,1,0,0,0,0,0,0,0,1,1,1,1
78201,2402,2197,448,470,2028,0.0,0,396.4,0.0,0,0,0,1,0,0,0,0,0,0,0,1,1,1,1
78211,2402,2196,448,469,2028,0.0,0,396.8,0.0,0,0,0,1,0,0,0,0,0,0,0,1,1,1,1
78221,2405,2196,452,470,2027,0.0,0,396.8,0.0,0,0,0,1,0,0,0,0,0,0,0,1,1,1,1
78231,2401,2196,450,470,2027,0.0,0,397.4,0.0,0,0,0,1,0,0,0,0,0,0,0,1,1,1,1
78241,2401,2197,451,470,2028,0.0,0,397.0,0.0,0,0,0,1,0,0,0,0,0,0,0,1,1,1,1
78251,2401,2194,450,470,2028,0.0,0,396.9,0.0,0,0,0,1,0,0,0,0,0,0,0,1,1,1,1
78261,2402,2196,451,469,2027,0.0,0,397.2,0.0,0,0,0,1,0,0,0,0,0,0,0,1,1,1,1
78271,2404,2197,450,469,2018,0.0,0,396.9,0.0,0,0,0,1,0,0,0,0,0,0,0,1,1,1,1
78281,2401,2196,449,470,2017,0.0,0,396.9,0.0,0,0,0,1,0,0,0,0,0,0,0,1,1,1,1
78291,2401,2196,451,468,2018,0.0,0,396.7,0.0,0,0,0,1,0,0,0,0,0,0,0,1,1,1,1
78301,2401,2196,450,470,2019,0.0,0,396.3,0.0,0,0,0,1,0,0,0,0,0,0,0,1,1,1,1
78311,2401,2197,450,472,2018,0.0,0,396.7,0.0,0,0,0,1,0,0,0,0,0,0,0,1,1,1,1
78321,2401,2196,449,470,2018,0.0,0,397.3,0.0,0,0,0,1,0,0,0,0,0,0,0,1,1,1,1
78331,2403,2196,449,469,2018,0.0,0,396.9,0.0,0,0,0,1,0,0,0,0,0,0,0,1,1,1,1
78341,2401,2197,450,469,2019,0.0,0,396.9,0.0,0,0,0,1,0,0,0,0,0,0,0,1,1,1,1
78351,2399,2196,451,470,2020,0.0,0,397.0,0.0,0,0,0,1,0,0,0,0,0,0,0,1,1,1,1
78361,2401,2195,450,471,2019,0.0,0,396.9,0.0,0,0,0,1,0,0,0,0,0,0,0,1,1,1,1
78371,2400,2196,449,470,2018,0.0,0,397.4,0.0,0,0,0,1,0,0,0,0,0,0,0,1,1,1,1
78381,2401,2196,450,471,2019,0.0,0,396.7,0.0,0,0,0,1,0,0,0,0,0,0,0,1,1,1,1
78391,2402,2196,446,470,2018,0.0,0,396.8,0.0,0,0,0,1,0,0,0,0,0,0,0,1,1,1,1
78401,2402,2197,450,469,2027,0.0,0,396.8,0.0,0,0,0,1,0,0,0,0,0,0,0,1,1,1,1
78411,2401,2196,449,471,2028,0.0,0,396.5,0.0,0,0,0,1,0,0,0,0,0,0,0,1,1,1,1
78421,2402,2197,450,470,2028,0.0,0,397.5,0.0,0,0,0,1,0,0,0,0,0,0,0,1,1,1,1
78431,2402,2196,450,469,2028,0.0,0,397.1,0.0,0,0,0,1,0,0,0,0,0,0,0,1,1,1,1
78441,2401,2196,450,469,2031,0.0,0,396.7,0.0,0,0,0,1,0,0,0,0,0,0,0,1,1,1,1
78451,2403,2196,451,470,2027,0.0,0,396.8,0.0,0,0,0,1,0,0,0,0,0,0,0,1,1,1,1
78461,2402,2197,451,470,2027,0.0,0,396.8,0.0,0,0,0,1,0,0,0,0,0,0,0,1,1,1,1
78471,2402,2196,449,469,2027,0.0,0,397.9,0.0,0,0,0,1,0,0,0,0,0,0,0,1,1,1,1
78481,2402,2194,450,470,2028,0.0,0,396.5,0.0,0,0,0,1,0,0,0,0,0,0,0,1,1,1,1
78491,2402,2196,450,469,2026,0.0,0,396.8,0.0,0,0,0,1,0,0,0,0,0,0,0,1,1,1,1
78501,2401,2196,448,470,2027,0.0,0,396.3,0.0,0,0,0,1,0,0,0,0,0,0,0,1,1,1,1
78511,2378,2197,450,469,2026,0.0,0,397.7,0.0,0,0,0,1,0,0,0,0,0,0,0,1,1,1,1
78521,2401,2197,450,471,2028,0.0,0,397.7,0.0,0,0,0,1,0,0,0,0,0,0,0,1,1,1,1
78531,2401,2196,447,469,2027,0.0,0,397.2,0.0,0,0,0,1,0,0,0,0,0,0,0,1,1,1,1
78541,2402,2196,451,470,2027,0.0,0,396.7,0.0,0,0,0,1,0,0,0,0,0,0,0,1,1,1,1
78551,2401,2197,448,469,2028,0.0,0,397.4,0.0,0,0,0,1,0,0,0,0,0,0,0,1,1,1,1
78561,2399,2197,450,467,2029,0.0,0,397.4,0.0,0,0,0,1,0,0,0,0,0,0,0,1,1,1,1
78571,2403,2196,450,470,2018,0.0,0,396.9,0.0,0,0,0,1,0,0,0,0,0,0,0,1,1,1,1
78581,2399,2197,448,469,2017,0.0,0,396.9,0.0,0,0,0,1,0,0,0,0,0,0,0,1,1,1,1
78591,2402,2197,450,469,2019,0.0,0,397.0,0.0,0,0,0,1,0,0,0,0,0,0,0,1,1,1,1
78601,2402,2196,449,470,2018,0.0,0,397.2,0.0,0,0,0,1,0,0,0,0,0,0,0,1,1,1,1
78611,2402,2198,450,469,2021,0.0,0,397.5,0.0,0,0,0,1,0,0,0,0,0,0,0,1,1,1,1
78621,2402,2194,450,469,2018,0.0,0,397.0,0.0,0,0,0,1,0,0,0,0,0,0,0,1,1,1,1
78631,2402,2196,449,470,2018,0.0,0,396.3,0.0,0,0,0,1,0,0,0,0,0,0,0,1,1,1,1
78641,2402,2197,453,470,2018,0.0,0,396.3,0.0,0,0,0,1,0,0,0,0,0,0,0,1,1,1,1
78651,2401,2197,450,470,2019,0.0,0,396.9,0.0,0,0,0,1,0,0,0,0,0,0,0,1,1,1,1
78661,2401,2196,451,469,2018,0.0,0,396.8,0.0,0,0,0,1,0,0,0,0,0,0,0,1,1,1,1
78671,2402,2196,449,470,2019,0.0,0,396.7,0.0,0,0,0,1,0,0,0,0,0,0,0,1,1,1,1
78681,2401,2197,448,469,2019,0.0,0,396.3,0.0,0,0,0,1,0,0,0,0,0,0,0,1,1,1,1
78691,2404,2196,451,470,2017,0.0,0,396.4,0.0,0,0,0,1,0,0,0,0,0,0,0,1,1,1,1
78701,2403,2197,450,469,2027,0.0,0,396.4,0.0,0,0,0,1,0,0,0,0,0,0,0,1,1,1,1
78711,2401,2196,450,470,2028,0.0,0,397.5,0.0,0,0,0,1,0,0,0,0,0,0,0,1,1,1,1
78721,2402,2197,450,469,2027,0.0,0,397.0,0.0,0,0,0,1,0,0,0,0,0,0,0,1,1,1,1
78731,2402,2196,450,470,2028,0.0,0,397.0,0.0,0,0,0,1,0,0,0,0,0,0,0,1,1,1,1
78741,2401,2196,451,470,2027,0.0,0,397.1,0.0,0,0,0,1,0,0,0,0,0,0,0,1,1,1,1
78751,2402,2197,450,470,2024,0.0,0,396.9,0.0,0,0,0,1,0,0,0,0,0,0,0,1,1,1,1
78761,2404,2197,450,468,2026,0.0,0,396.9,0.0,0,0,0,1,0,0,0,0,0,0,0,1,1,1,1
78771,2402,2197,450,469,2028,0.0,0,396.4,0.0,0,0,0,1,0,0,0,0,0,0,0,1,1,1,1
78781,2401,2197,450,469,2027,0.0,0,397.1,0.0,0,0,0,1,0,0,0,0,0,0,0,1,1,1,1
78791,2402,2197,450,470,2028,0.0,0,397.3,0.0,0,0,0,1,0,0,0,0,0,0,0,1,1,1,1
78802,2401,2196,450,468,2027,0.0,0,397.0,0.0,0,0,0,1,0,0,0,0,0,0,0,1,1,1,1
78812,2401,2197,450,470,2027,0.0,0,396.5,0.0,0,0,0,1,0,0,0,0,0,0,0,1,1,1,1
78823,2403,2196,450,470,2028,0.0,0,397.1,0.0,0,0,0,1,0,0,0,0,0,0,0,1,1,1,1
78833,2402,2196,450,469,2030,0.0,0,397.1,0.0,0,0,0,1,0,0,0,0,0,0,0,1,1,1,1
78843,2401,2196,449,470,2027,0.0,0,397.0,0.0,0,0,0,1,0,0,0,0,0,0,0,1,1,1,1
78853,2401,2197,450,471,2027,0.0,0,396.8,0.0,0,0,0,1,0,0,0,0,0,0,0,1,1,1,1
78863,2401,2196,450,470,2027,0.0,0,396.8,0.0,0,0,0,1,0,0,0,0,0,0,0,1,1,1,1
78873,2400,2197,451,469,2018,0.0,0,397.4,0.0,0,0,0,1,0,0,0,0,0,0,0,1,1,1,1
78883,2402,2196,450,470,2017,0.0,0,397.2,0.0,0,0,0,1,0,0,0,0,0,0,0,1,1,1,1
78893,2402,2196,451,470,2018,0.0,0,397.2,0.0,0,0,0,1,0,0,0,0,0,0,0,1,1,1,1
78903,2402,2197,450,470,2017,0.0,0,397.3,0.0,0,0,0,1,0,0,0,0,0,0,0,1,1,1,1
78913,2402,2197,450,469,2018,0.0,0,397.2,0.0,0,0,0,1,0,0,0,0,0,0,0,1,1,1,1
78923,2401,2197,448,470,2018,0.0,0,397.0,0.0,0,0,0,1,0,0,0,0,0,0,0,1,1,1,1
78933,2401,2196,450,471,2018,0.0,0,396.7,0.0,0,0,0,1,0,0,0,0,0,0,0,1,1,1,1
78943,2401,2196,450,474,2017,0.0,0,396.7,0.0,0,0,0,1,0,0,0,0,0,0,0,1,1,1,1
78953,2403,2197,450,471,2018,0.0,0,396.7,0.0,0,0,0,1,0,0,0,0,0,0,0,1,1,1,1
78963,2401,2197,449,469,2017,0.0,0,397.1,0.0,0,0,0,1,0,0,0,0,0,0,0,1,1,1,1
78973,2402,2197,451,471,2018,0.0,0,397.3,0.0,0,0,0,1,0,0,0,0,0,0,0,1,1,1,1
78983,2396,2197,449,468,2018,0.0,0,397.2,0.0,0,0,0,1,0,0,0,0,0,0,0,1,1,1,1
78993,2401,2197,449,470,2018,0.0,0,397.1,0.0,0,0,0,1,0,0,0,0,0,0,0,1,1,1,1
79003,2402,2196,450,469,2026,0.0,0,396.8,0.0,0,0,0,1,0,0,0,0,0,0,0,1,1,1,1
79013,2404,2197,450,470,2027,0.0,0,396.8,0.0,0,0,0,1,0,0,0,0,0,0,0,1,1,1,1
79023,2402,2196,451,469,2028,0.0,0,397.1,0.0,0,0,0,1,0,0,0,0,0,0,0,1,1,1,1
79033,2401,2196,450,469,2026,0.0,0,397.5,0.0,0,0,0,1,0,0,0,0,0,0,0,1,1,1,1
79043,2402,2197,451,470,2027,0.0,0,397.0,0.0,0,0,0,1,0,0,0,0,0,0,0,1,1,1,1
79053,2400,2196,449,470,2027,0.0,0,397.3,0.0,0,0,0,1,0,0,0,0,0,0,0,1,1,1,1
79063,2403,2196,448,469,2027,0.0,0,396.8,0.0,0,0,0,1,0,0,0,0,0,0,0,1,1,1,1
79073,2401,2197,449,470,2027,0.0,0,396.8,0.0,0,0,0,1,0,0,0,0,0,0,0,1,1,1,1
79083,2402,2196,450,469,2026,0.0,0,396.4,0.0,0,0,0,1,0,0,0,0,0,0,0,1,1,1,1
79093,2401,2197,449,469,2027,0.0,0,397.3,0.0,0,0,0,1,0,0,0,0,0,0,0,1,1,1,1
79103,2405,2196,452,468,2028,0.0,0,396.9,0.0,0,0,0,1,0,0,0,0,0,0,0,1,1,1,1
79113,2402,2196,450,468,2028,0.0,0,397.4,0.0,0,0,0,1,0,0,0,0,0,0,0,1,1,1,1
79123,2403,2196,449,470,2027,0.0,0,397.1,0.0,0,0,0,1,0,0,0,0,0,0,0,1,1,1,1
79133,2402,2196,450,468,2028,0.0,0,397.1,0.0,0,0,0,1,0,0,0,0,0,0,0,1,1,1,1
79143,2401,2195,450,470,2028,0.0,0,396.8,0.0,0,0,0,1,0,0,0,0,0,0,0,1,1,1,1
79153,2401,2196,450,471,2026,0.0,0,396.8,0.0,0,0,0,1,0,0,0,0,0,0,0,1,1,1,1
79163,2404,2197,450,471,2027,0.0,0,396.4,0.0,0,0,0,1,0,0,0,0,0,0,0,1,1,1,1
79173,2401,2196,450,471,2018,0.0,0,397.1,0.0,0,0,0,1,0,0,0,0,0,0,0,1,1,1,1
79183,2402,2197,449,471,2018,0.0,0,397.1,0.0,0,0,0,1,0,0,0,0,0,0,0,1,1,1,1
79193,2402,2197,449,471,2018,0.0,0,397.1,0.0,0,0,0,1,0,0,0,0,0,0,0,1,1,1,1
79203,2402,2196,450,470,2016,0.0,0,396.4,0.0,0,0,0,1,0,0,0,0,0,0,0,1,1,1,1
79213,2402,2198,451,469,2018,0.0,0,396.9,0.0,0,0,0,1,0,0,0,0,0,0,0,1,1,1,1
79223,2402,2196,451,470,2021,0.0,0,397.5,0.0,0,0,0,1,0,0,0,0,0,0,0,1,1,1,1
79233,2401,2197,450,469,2018,0.0,0,397.0,0.0,0,0,0,1,0,0,0,0,0,0,0,1,1,1,1
79243,2402,2196,449,469,2015,0.0,0,397.3,0.0,0,0,0,1,0,0,0,0,0,0,0,1,1,1,1
79253,2402,2196,451,469,2018,0.0,0,397.3,0.0,0,0,0,1,0,0,0,0,0,0,0,1,1,1,1
79263,2402,2197,452,469,2018,0.0,0,397.0,0.0,0,0,0,1,0,0,0,0,0,0,0,1,1,1,1
79273,2401,2194,450,469,2017,0.0,0,397.2,0.0,0,0,0,1,0,0,0,0,0,0,0,1,1,1,1
79283,2401,2195,450,469,2018,0.0,0,396.7,0.0,0,0,0,1,0,0,0,0,0,0,0,1,1,1,1
79293,2401,2196,450,470,2018,0.0,0,397.6,0.0,0,0,0,1,0,0,0,0,0,0,0,1,1,1,1
79303,2399,2196,451,470,2027,0.0,0,397.2,0.0,0,0,0,1,0,0,0,0,0,0,0,1,1,1,1
79313,2402,2196,450,470,2028,0.0,0,397.2,0.0,0,0,0,1,0,0,0,0,0,0,0,1,1,1,1
79323,2402,2196,452,471,2026,0.0,0,396.5,0.0,0,0,0,1,0,0,0,0,0,0,0,1,1,1,1
79333,2405,2195,451,468,2027,0.0,0,396.8,0.0,0,0,0,1,0,0,0,0,0,0,0,1,1,1,1
79343,2402,2196,450,469,2027,0.0,0,397.0,0.0,0,0,0,1,0,0,0,0,0,0,0,1,1,1,1
79353,2401,2196,451,471,2027,0.0,0,396.2,0.0,0,0,0,1,0,0,0,0,0,0,0,1,1,1,1
79363,2403,2196,451,469,2027,0.0,0,397.4,0.0,0,0,0,1,0,0,0,0,0,0,0,1,1,1,1
79373,2401,2197,450,470,2027,0.0,0,397.4,0.0,0,0,0,1,0,0,0,0,0,0,0,1,1,1,1
79383,2401,2196,449,470,2027,0.0,0,396.8,0.0,0,0,0,1,0,0,0,0,0,0,0,1,1,1,1
79393,2402,2197,439,470,2027,0.0,0,396.8,0.0,0,0,0,1,0,0,0,0,0,0,0,1,1,1,1
79403,2402,2196,450,468,2028,0.0,0,396.8,0.0,0,0,0,1,0,0,0,0,0,0,0,1,1,1,1
79413,2401,2196,449,469,2026,0.0,0,396.5,0.0,0,0,0,1,0,0,0,0,0,0,0,1,1,1,1
79423,2402,2196,450,469,2027,0.0,0,397.4,0.0,0,0,0,1,0,0,0,0,0,0,0,1,1,1,1
79433,2402,2196,447,470,2028,0.0,0,397.4,0.0,0,0,0,1,0,0,0,0,0,0,0,1,1,1,1
79443,2403,2197,450,469,2030,0.0,0,397.0,0.0,0,0,0,1,0,0,0,0,0,0,0,1,1,1,1
79453,2401,2196,450,470,2027,0.0,0,397.2,0.0,0,0,0,1,0,0,0,0,0,0,0,1,1,1,1
79463,2402,2196,451,470,2027,0.0,0,397.1,0.0,0,0,0,1,0,0,0,0,0,0,0,1,1,1,1
79473,2402,2197,448,469,2018,0.0,0,396.8,0.0,0,0,0,1,0,0,0,0,0,0,0,1,1,1,1
79483,2400,2198,449,470,2018,0.0,0,396.5,0.0,0,0,0,1,0,0,0,0,0,0,0,1,1,1,1
79493,2402,2199,450,467,2018,0.0,0,396.5,0.0,0,0,0,1,0,0,0,0,0,0,0,1,1,1,1
79503,2402,2197,447,470,2018,0.0,0,396.5,0.0,0,0,0,1,0,0,0,0,0,0,0,1,1,1,1
79513,2400,2197,450,471,2018,0.0,0,397.5,0.0,0,0,0,1,0,0,0,0,0,0,0,1,1,1,1
79523,2401,2197,450,470,2018,0.0,0,397.1,0.0,0,0,0,1,0,0,0,0,0,0,0,1,1,1,1
79533,2402,2200,449,469,2018,0.0,0,397.1,0.0,0,0,0,1,0,0,0,0,0,0,0,1,1,1,1
79543,2404,2196,450,471,2018,0.0,0,396.4,0.0,0,0,0,1,0,0,0,0,0,0,0,1,1,1,1
79553,2403,2196,449,468,2018,0.0,0,396.4,0.0,0,0,0,1,0,0,0,0,0,0,0,1,1,1,1
79563,2401,2196,448,470,2017,0.0,0,397.0,0.0,0,0,0,1,0,0,0,0,0,0,0,1,1,1,1
79573,2401,2197,449,469,2018,0.0,0,396.3,0.0,0,0,0,1,0,0,0,0,0,0,0,1,1,1,1
79583,2401,2197,450,469,2019,0.0,0,396.7,0.0,0,0,0,1,0,0,0,0,0,0,0,1,1,1,1
79593,2400,2196,450,469,2017,0.0,0,397.1,0.0,0,0,0,1,0,0,0,0,0,0,0,1,1,1,1
79603,2404,2196,450,470,2018,0.0,0,396.9,0.0,0,0,0,1,0,0,0,0,0,0,0,1,1,1,1
79613,2402,2197,453,469,2027,0.0,0,396.9,0.0,0,0,0,1,0,0,0,0,0,0,0,1,1,1,1
79623,2402,2197,450,470,2027,0.0,0,397.4,0.0,0,0,0,1,0,0,0,0,0,0,0,1,1,1,1
79633,2402,2196,449,470,2027,0.0,0,396.8,0.0,0,0,0,1,0,0,0,0,0,0,0,1,1,1,1
79643,2402,2196,450,467,2028,0.0,0,397.0,0.0,0,0,0,1,0,0,0,0,0,0,0,1,1,1,1
79653,2402,2199,448,470,2028,0.0,0,397.0,0.0,0,0,0,1,0,0,0,0,0,0,0,1,1,1,1
79663,2403,2209,450,469,2027,0.0,0,396.9,0.0,0,0,0,1,0,0,0,0,0,0,0,1,1,1,1
79673,2400,2195,449,470,2027,0.0,0,396.9,0.0,0,0,0,1,0,0,0,0,0,0,0,1,1,1,1
79683,2401,2196,449,470,2027,0.0,0,397.0,0.0,0,0,0,1,0,0,0,0,0,0,0,1,1,1,1
79693,2403,2196,450,470,2027,0.0,0,396.2,0.0,0,0,0,1,0,0,0,0,0,0,0,1,1,1,1
79703,2402,2197,450,470,2027,0.0,0,397.0,0.0,0,0,0,1,0,0,0,0,0,0,0,1,1,1,1
79713,2402,2197,450,469,2027,0.0,0,396.8,0.0,0,0,0,1,0,0,0,0,0,0,0,1,1,1,1
79723,2403,2196,450,470,2028,0.0,0,396.7,0.0,0,0,0,1,0,0,0,0,0,0,0,1,1,1,1
79733,2402,2197,450,469,2028,0.0,0,396.7,0.0,0,0,0,1,0,0,0,0,0,0,0,1,1,1,1
79743,2401,2194,451,470,2027,0.0,0,397.7,0.0,0,0,0,1,0,0,0,0,0,0,0,1,1,1,1
79753,2401,2196,449,470,2027,0.0,0,396.8,0.0,0,0,0,1,0,0,0,0,0,0,0,1,1,1,1
79763,2401,2196,450,470,2028,0.0,0,396.8,0.0,0,0,0,1,0,0,0,0,0,0,0,1,1,1,1
79773,2401,2194,448,468,2022,0.0,0,396.5,0.0,0,0,0,1,0,0,0,0,0,0,0,1,1,1,1
79783,2403,2196,447,469,2018,0.0,0,397.4,0.0,0,0,0,1,0,0,0,0,0,0,0,1,1,1,1
79793,2402,2196,451,470,2020,0.0,0,397.4,0.0,0,0,0,1,0,0,0,0,0,0,0,1,1,1,1
79803,2401,2196,450,469,2018,0.0,0,396.5,0.0,0,0,0,1,0,0,0,0,0,0,0,1,1,1,1
79813,2400,2197,446,470,2018,0.0,0,397.2,0.0,0,0,0,1,0,0,0,0,0,0,0,1,1,1,1
79823,2401,2197,450,469,2018,0.0,0,396.8,0.0,0,0,0,1,0,0,0,0,0,0,0,1,1,1,1
79833,2402,2196,452,468,2018,0.0,0,396.9,0.0,0,0,0,1,0,0,0,0,0,0,0,1,1,1,1
79843,2402,2196,450,469,2018,0.0,0,397.2,0.0,0,0,0,1,0,0,0,0,0,0,0,1,1,1,1
79853,2402,2196,453,471,2020,0.0,0,397.2,0.0,0,0,0,1,0,0,0,0,0,0,0,1,1,1,1
79863,2402,2197,450,470,2018,0.0,0,397.1,0.0,0,0,0,1,0,0,0,0,0,0,0,1,1,1,1
79873,2402,2197,450,470,2018,0.0,0,396.8,0.0,0,0,0,1,0,0,0,0,0,0,0,1,1,1,1
79883,2404,2196,450,470,2019,0.0,0,396.5,0.0,0,0,0,1,0,0,0,0,0,0,0,1,1,1,1
79893,2401,2197,448,469,2018,0.0,0,397.1,0.0,0,0,0,1,0,0,0,0,0,0,0,1,1,1,1
79903,2402,2196,450,468,2017,0.0,0,397.0,0.0,0,0,0,1,0,0,0,0,0,0,0,1,1,1,1
79913,2402,2196,449,469,2027,0.0,0,397.0,0.0,0,0,0,1,0,0,0,0,0,0,0,1,1,1,1
79923,2401,2197,451,470,2027,0.0,0,397.0,0.0,0,0,0,1,0,0,0,0,0,0,0,1,1,1,1
79933,2402,2197,450,469,2028,0.0,0,397.2,0.0,0,0,0,1,0,0,0,0,0,0,0,1,1,1,1
79943,2401,2196,449,470,2026,0.0,0,396.5,0.0,0,0,0,1,0,0,0,0,0,0,0,1,1,1,1
79953,2401,2197,449,470,2028,0.0,0,397.0,0.0,0,0,0,1,0,0,0,0,0,0,0,1,1,1,1
79963,2401,2196,450,470,2027,0.0,0,397.0,0.0,0,0,0,1,0,0,0,0,0,0,0,1,1,1,1
79973,2402,2196,449,470,2027,0.0,0,397.0,0.0,0,0,0,1,0,0,0,0,0,0,0,1,1,1,1
79983,2401,2197,451,470,2027,0.0,0,396.9,0.0,0,0,0,1,0,0,0,0,0,0,0,1,1,1,1
79993,2402,2196,450,472,2028,0.0,0,396.8,0.0,0,0,0,1,0,0,0,0,0,0,0,1,1,1,1
80003,2402,2196,450,469,2027,0.0,0,397.4,0.0,0,0,0,1,0,0,0,0,0,0,0,1,1,1,1
80013,2402,2196,449,468,2027,0.0,0,396.7,0.0,0,0,0,1,0,0,0,0,0,0,0,1,1,1,1
80023,2403,2196,450,471,2027,0.0,0,397.2,0.0,0,0,0,1,0,0,0,0,0,0,0,1,1,1,1
80033,2402,2196,455,470,2027,0.0,0,397.2,0.0,0,0,0,1,0,0,0,0,0,0,0,1,1,1,1
80043,2401,2196,450,469,2027,0.0,0,396.8,0.0,0,0,0,1,0,0,0,0,0,0,0,1,1,1,1
80053,2398,2197,449,469,2027,0.0,0,396.8,0.0,0,0,0,1,0,0,0,0,0,0,0,1,1,1,1
80063,2402,2196,450,469,2027,0.0,0,397.0,0.0,0,0,0,1,0,0,0,0,0,0,0,1,1,1,1
80073,2403,2197,450,468,2027,0.0,0,397.3,0.0,0,0,0,1,0,0,0,0,0,0,0,1,1,1,1
80083,2403,2196,450,469,2018,0.0,0,396.7,0.0,0,0,0,1,0,0,0,0,0,0,0,1,1,1,1
80093,2402,2197,450,469,2018,0.0,0,396.7,0.0,0,0,0,1,0,0,0,0,0,0,0,1,1,1,1
80103,2401,2197,451,470,2018,0.0,0,396.9,0.0,0,0,0,1,0,0,0,0,0,0,0,1,1,1,1
80113,2401,2196,449,471,2018,0.0,0,397.1,0.0,0,0,0,1,0,0,0,0,0,0,0,1,1,1,1
80123,2402,2197,449,468,2018,0.0,0,396.9,0.0,0,0,0,1,0,0,0,0,0,0,0,1,1,1,1
80133,2402,2197,450,469,2018,0.0,0,396.9,0.0,0,0,0,1,0,0,0,0,0,0,0,1,1,1,1
80143,2402,2196,449,469,2018,0.0,0,397.0,0.0,0,0,0,1,0,0,0,0,0,0,0,1,1,1,1
80153,2405,2196,449,471,2018,0.0,0,397.0,0.0,0,0,0,1,0,0,0,0,0,0,0,1,1,1,1
80163,2403,2193,450,469,2018,0.0,0,396.8,0.0,0,0,0,1,0,0,0,0,0,0,0,1,1,1,1
80173,2401,2197,450,469,2019,0.0,0,396.8,0.0,0,0,0,1,0,0,0,0,0,0,0,1,1,1,1
80183,2401,2197,449,470,2019,0.0,0,397.1,0.0,0,0,0,1,0,0,0,0,0,0,0,1,1,1,1
80193,2402,2196,450,469,2018,0.0,0,396.8,0.0,0,0,0,1,0,0,0,0,0,0,0,1,1,1,1
80203,2401,2196,449,469,2018,0.0,0,397.3,0.0,0,0,0,1,0,0,0,0,0,0,0,1,1,1,1
80213,2401,2196,450,469,2027,0.0,0,397.3,0.0,0,0,0,1,0,0,0,0,0,0,0,1,1,1,1
80223,2401,2196,449,471,2027,0.0,0,397.2,0.0,0,0,0,1,0,0,0,0,0,0,0,1,1,1,1
80233,2401,2196,450,470,2027,0.0,0,396.5,0.0,0,0,0,1,0,0,0,0,0,0,0,1,1,1,1
80243,2401,2197,450,472,2027,0.0,0,396.7,0.0,0,0,0,1,0,0,0,0,0,0,0,1,1,1,1
80253,2403,2197,450,471,2027,0.0,0,396.9,0.0,0,0,0,1,0,0,0,0,0,0,0,1,1,1,1
80263,2403,2196,450,469,2027,0.0,0,397.2,0.0,0,0,0,1,0,0,0,0,0,0,0,1,1,1,1
80273,2401,2196,450,470,2027,0.0,0,397.2,0.0,0,0,0,1,0,0,0,0,0,0,0,1,1,1,1
80283,2401,2196,450,469,2027,0.0,0,396.9,0.0,0,0,0,1,0,0,0,0,0,0,0,1,1,1,1
80293,2401,2196,451,471,2027,0.0,0,396.9,0.0,0,0,0,1,0,0,0,0,0,0,0,1,1,1,1
80303,2401,2196,451,472,2026,0.0,0,396.4,0.0,0,0,0,1,0,0,0,0,0,0,0,1,1,1,1
80313,2401,2200,450,470,2027,0.0,0,396.7,0.0,0,0,0,1,0,0,0,0,0,0,0,1,1,1,1
80323,2403,2199,450,468,2027,0.0,0,396.1,0.0,0,0,0,1,0,0,0,0,0,0,0,1,1,1,1
80333,2401,2198,450,470,2027,0.0,0,396.1,0.0,0,0,0,1,0,0,0,0,0,0,0,1,1,1,1
80343,2401,2197,450,470,2027,0.0,0,396.9,0.0,0,0,0,1,0,0,0,0,0,0,0,1,1,1,1
80353,2401,2196,450,470,2027,0.0,0,396.7,0.0,0,0,0,1,0,0,0,0,0,0,0,1,1,1,1
80363,2400,2196,452,470,2027,0.0,0,397.1,0.0,0,0,0,1,0,0,0,0,0,0,0,1,1,1,1
80373,2400,2196,449,466,2027,0.0,0,397.2,0.0,0,0,0,1,0,0,0,0,0,0,0,1,1,1,1
80383,2403,2196,450,468,2017,0.0,0,396.5,0.0,0,0,0,1,0,0,0,0,0,0,0,1,1,1,1
80393,2401,2197,449,469,2019,0.0,0,396.5,0.0,0,0,0,1,0,0,0,0,0,0,0,1,1,1,1
80403,2401,2196,451,471,2018,0.0,0,396.5,0.0,0,0,0,1,0,0,0,0,0,0,0,1,1,1,1
80413,2401,2198,450,470,2019,0.0,0,396.8,0.0,0,0,0,1,0,0,0,0,0,0,0,1,1,1,1
80423,2402,2197,449,470,2018,0.0,0,397.5,0.0,0,0,0,1,0,0,0,0,0,0,0,1,1,1,1
80433,2402,2208,450,470,2018,0.0,0,397.4,0.0,0,0,0,1,0,0,0,0,0,0,0,1,1,1,1
80443,2402,2196,451,469,2017,0.0,0,397.5,0.0,0,0,0,1,0,0,0,0,0,0,0,1,1,1,1
80453,2404,2199,451,470,2018,0.0,0,397.5,0.0,0,0,0,1,0,0,0,0,0,0,0,1,1,1,1
80463,2402,2196,450,470,2017,0.0,0,396.9,0.0,0,0,0,1,0,0,0,0,0,0,0,1,1,1,1
80473,2401,2196,448,469,2018,0.0,0,396.4,0.0,0,0,0,1,0,0,0,0,0,0,0,1,1,1,1
80483,2401,2196,449,470,2016,0.0,0,396.4,0.0,0,0,0,1,0,0,0,0,0,0,0,1,1,1,1
80493,2401,2197,450,471,2018,0.0,0,396.5,0.0,0,0,0,1,0,0,0,0,0,0,0,1,1,1,1
80503,2401,2196,450,469,2017,0.0,0,397.5,0.0,0,0,0,1,0,0,0,0,0,0,0,1,1,1,1
80513,2401,2196,449,469,2027,0.0,0,397.5,0.0,0,0,0,1,0,0,0,0,0,0,0,1,1,1,1
80523,2401,2196,451,470,2027,0.0,0,396.8,0.0,0,0,0,1,0,0,0,0,0,0,0,1,1,1,1
80533,2402,2196,449,470,2027,0.0,0,396.3,0.0,0,0,0,1,0,0,0,0,0,0,0,1,1,1,1
80543,2402,2197,450,467,2027,0.0,0,397.0,0.0,0,0,0,1,0,0,0,0,0,0,0,1,1,1,1
80553,2402,2196,450,469,2027,0.0,0,396.9,0.0,0,0,0,1,0,0,0,0,0,0,0,1,1,1,1
80563,2403,2196,451,470,2027,0.0,0,396.7,0.0,0,0,0,1,0,0,0,0,0,0,0,1,1,1,1
80573,2403,2196,450,470,2027,0.0,0,396.7,0.0,0,0,0,1,0,0,0,0,0,0,0,1,1,1,1
80583,2401,2197,448,472,2027,0.0,0,397.2,0.0,0,0,0,1,0,0,0,0,0,0,0,1,1,1,1
80593,2401,2197,449,470,2027,0.0,0,396.7,0.0,0,0,0,1,0,0,0,0,0,0,0,1,1,1,1
80603,2401,2195,449,470,2028,0.0,0,397.7,0.0,0,0,0,1,0,0,0,0,0,0,0,1,1,1,1
80613,2402,2197,450,470,2029,0.0,0,396.8,0.0,0,0,0,1,0,0,0,0,0,0,0,1,1,1,1
80623,2403,2195,448,470,2027,0.0,0,396.9,0.0,0,0,0,1,0,0,0,0,0,0,0,1,1,1,1
80633,2403,2193,449,469,2027,0.0,0,396.9,0.0,0,0,0,1,0,0,0,0,0,0,0,1,1,1,1
80643,2402,2196,451,471,2027,0.0,0,397.0,0.0,0,0,0,1,0,0,0,0,0,0,0,1,1,1,1
80653,2401,2197,450,471,2028,0.0,0,397.3,0.0,0,0,0,1,0,0,0,0,0,0,0,1,1,1,1
80663,2402,2197,448,470,2027,0.0,0,397.0,0.0,0,0,0,1,0,0,0,0,0,0,0,1,1,1,1
80673,2405,2196,450,470,2027,0.0,0,397.0,0.0,0,0,0,1,0,0,0,0,0,0,0,1,1,1,1
80683,2404,2197,451,468,2018,0.0,0,396.5,0.0,0,0,0,1,0,0,0,0,0,0,0,1,1,1,1
80693,2402,2196,450,468,2018,0.0,0,396.5,0.0,0,0,0,1,0,0,0,0,0,0,0,1,1,1,1
80703,2404,2197,451,469,2016,0.0,0,397.4,0.0,0,0,0,1,0,0,0,0,0,0,0,1,1,1,1
80713,2402,2197,450,470,2018,0.0,0,396.4,0.0,0,0,0,1,0,0,0,0,0,0,0,1,1,1,1
80723,2401,2197,450,469,2018,0.0,0,397.0,0.0,0,0,0,1,0,0,0,0,0,0,0,1,1,1,1
80733,2402,2197,451,471,2018,0.0,0,396.5,0.0,0,0,0,1,0,0,0,0,0,0,0,1,1,1,1
80743,2402,2196,450,469,2017,0.0,0,397.7,0.0,0,0,0,1,0,0,0,0,0,0,0,1,1,1,1
80753,2402,2197,451,469,2018,0.0,0,397.7,0.0,0,0,0,1,0,0,0,0,0,0,0,1,1,1,1
80763,2402,2197,449,469,2017,0.0,0,396.9,0.0,0,0,0,1,0,0,0,0,0,0,0,1,1,1,1
80773,2404,2197,448,470,2018,0.0,0,396.3,0.0,0,0,0,1,0,0,0,0,0,0,0,1,1,1,1
80783,2402,2196,450,470,2016,0.0,0,397.1,0.0,0,0,0,1,0,0,0,0,0,0,0,1,1,1,1
80793,2401,2197,449,469,2019,0.0,0,396.7,0.0,0,0,0,1,0,0,0,0,0,0,0,1,1,1,1
80803,2402,2196,450,469,2018,0.0,0,397.1,0.0,0,0,0,1,0,0,0,0,0,0,0,1,1,1,1
80813,2402,2196,449,469,2027,0.0,0,397.1,0.0,0,0,0,1,0,0,0,0,0,0,0,1,1,1,1
80823,2402,2197,450,470,2027,0.0,0,396.8,0.0,0,0,0,1,0,0,0,0,0,0,0,1,1,1,1
80833,2401,2197,451,470,2028,0.0,0,396.8,0.0,0,0,0,1,0,0,0,0,0,0,0,1,1,1,1
80843,2402,2196,447,470,2027,0.0,0,397.2,0.0,0,0,0,1,0,0,0,0,0,0,0,1,1,1,1
80853,2401,2196,450,470,2027,0.0,0,397.0,0.0,0,0,0,1,0,0,0,0,0,0,0,1,1,1,1
80863,2403,2196,450,469,2027,0.0,0,396.7,0.0,0,0,0,1,0,0,0,0,0,0,0,1,1,1,1
80873,2402,2197,451,473,2027,0.0,0,396.7,0.0,0,0,0,1,0,0,0,0,0,0,0,1,1,1,1
80883,2402,2197,450,475,2027,0.0,0,396.7,0.0,0,0,0,1,0,0,0,0,0,0,0,1,1,1,1
80893,2401,2197,450,470,2027,0.0,0,396.8,0.0,0,0,0,1,0,0,0,0,0,0,0,1,1,1,1
80903,2401,2197,449,470,2026,0.0,0,397.1,0.0,0,0,0,1,0,0,0,0,0,0,0,1,1,1,1
80913,2401,2196,450,470,2027,0.0,0,397.0,0.0,0,0,0,1,0,0,0,0,0,0,0,1,1,1,1
80923,2401,2196,449,470,2027,0.0,0,396.9,0.0,0,0,0,1,0,0,0,0,0,0,0,1,1,1,1
80933,2402,2196,449,470,2025,0.0,0,396.9,0.0,0,0,0,1,0,0,0,0,0,0,0,1,1,1,1
80944,2402,2196,450,470,2027,0.0,0,396.7,0.0,0,0,0,1,0,0,0,0,0,0,0,1,1,1,1
80954,2401,2196,449,470,2026,0.0,0,396.7,0.0,0,0,0,1,0,0,0,0,0,0,0,1,1,1,1
80964,2402,2196,451,469,2027,0.0,0,396.1,0.0,0,0,0,1,0,0,0,0,0,0,0,1,1,1,1
80975,2401,2197,450,469,2026,0.0,0,397.0,0.0,0,0,0,1,0,0,0,0,0,0,0,1,1,1,1
80985,2402,2196,451,469,2017,0.0,0,396.3,0.0,0,0,0,1,0,0,0,0,0,0,0,1,1,1,1
80995,2403,2196,448,469,2017,0.0,0,397.1,0.0,0,0,0,1,0,0,0,0,0,0,0,1,1,1,1
81005,2402,2196,451,468,2018,0.0,0,396.1,0.0,0,0,0,1,0,0,0,0,0,0,0,1,1,1,1
81016,2403,2196,450,469,2017,0.0,0,396.1,0.0,0,0,0,1,0,0,0,0,0,0,0,1,1,1,1
81026,2401,2198,451,469,2018,0.0,0,396.1,0.0,0,0,0,1,0,0,0,0,0,0,0,1,1,1,1
81036,2400,2197,450,470,2017,0.0,0,396.5,0.0,0,0,0,1,0,0,0,0,0,0,0,1,1,1,1
81046,2401,2196,450,470,2018,0.0,0,396.2,0.0,0,0,0,1,0,0,0,0,0,0,0,1,1,1,1
81056,2401,2197,449,469,2017,0.0,0,396.3,0.0,0,0,0,1,0,0,0,0,0,0,0,1,1,1,1
81066,2401,2196,450,470,2017,0.0,0,397.0,0.0,0,0,0,1,0,0,0,0,0,0,0,1,1,1,1
81076,2403,2195,450,468,2016,0.0,0,397.0,0.0,0,0,0,1,0,0,0,0,0,0,0,1,1,1,1
81086,2401,2197,450,470,2018,0.0,0,397.0,0.0,0,0,0,1,0,0,0,0,0,0,0,1,1,1,1
81096,2401,2196,449,470,2018,0.0,0,397.2,0.0,0,0,0,1,0,0,0,0,0,0,0,1,1,1,1
81106,2400,2196,450,469,2018,0.0,0,396.9,0.0,0,0,0,1,0,0,0,0,0,0,0,1,1,1,1
81116,2401,2196,451,470,2026,0.0,0,396.4,0.0,0,0,0,1,0,0,0,0,0,0,0,1,1,1,1
81126,2401,2196,449,470,2026,0.0,0,397.0,0.0,0,0,0,1,0,0,0,0,0,0,0,1,1,1,1
81136,2401,2196,449,469,2027,0.0,0,397.0,0.0,0,0,0,1,0,0,0,0,0,0,0,1,1,1,1
81146,2401,2196,450,469,2028,0.0,0,396.3,0.0,0,0,0,1,0,0,0,0,0,0,0,1,1,1,1
81156,2403,2197,449,471,2027,0.0,0,396.3,0.0,0,0,0,1,0,0,0,0,0,0,0,1,1,1,1
81166,2402,2197,446,469,2027,0.0,0,396.3,0.0,0,0,0,1,0,0,0,0,0,0,0,1,1,1,1
81176,2402,2197,451,471,2029,0.0,0,396.8,0.0,0,0,0,1,0,0,0,0,0,0,0,1,1,1,1
81186,2403,2197,450,472,2027,0.0,0,397.2,0.0,0,0,0,1,0,0,0,0,0,0,0,1,1,1,1
81196,2402,2197,448,470,2027,0.0,0,396.7,0.0,0,0,0,1,0,0,0,0,0,0,0,1,1,1,1
81206,2402,2197,449,469,2027,0.0,0,396.5,0.0,0,0,0,1,0,0,0,0,0,0,0,1,1,1,1
81216,2402,2196,449,471,2027,0.0,0,396.5,0.0,0,0,0,1,0,0,0,0,0,0,0,1,1,1,1
81226,2402,2196,450,470,2027,0.0,0,396.5,0.0,0,0,0,1,0,0,0,0,0,0,0,1,1,1,1
81236,2401,2197,451,470,2028,0.0,0,396.7,0.0,0,0,0,1,0,0,0,0,0,0,0,1,1,1,1
81246,2402,2197,451,468,2028,0.0,0,396.5,0.0,0,0,0,1,0,0,0,0,0,0,0,1,1,1,1
81257,2402,2197,449,469,2027,0.0,0,396.8,0.0,0,0,0,1,0,0,0,0,0,0,0,1,1,1,1
81267,2401,2196,450,470,2026,0.0,0,397.0,0.0,0,0,0,1,0,0,0,0,0,0,0,1,1,1,1
81277,2403,2196,449,469,2026,0.0,0,396.5,0.0,0,0,0,1,0,0,0,0,0,0,0,1,1,1,1
81287,2400,2196,451,471,2017,0.0,0,396.5,0.0,0,0,0,1,0,0,0,0,0,0,0,1,1,1,1
81297,2401,2196,450,473,2017,0.0,0,396.9,0.0,0,0,0,1,0,0,0,0,0,0,0,1,1,1,1
81307,2400,2196,449,469,2017,0.0,0,397.3,0.0,0,0,0,1,0,0,0,0,0,0,0,1,1,1,1
81317,2401,2196,449,470,2017,0.0,0,396.7,0.0,0,0,0,1,0,0,0,0,0,0,0,1,1,1,1
81327,2399,2196,450,470,2018,0.0,0,397.3,0.0,0,0,0,1,0,0,0,0,0,0,0,1,1,1,1
81337,2402,2197,449,470,2017,0.0,0,396.5,0.0,0,0,0,1,0,0,0,0,0,0,0,1,1,1,1
81347,2401,2197,450,470,2018,0.0,0,396.5,0.0,0,0,0,1,0,0,0,0,0,0,0,1,1,1,1
81357,2401,2197,449,469,2017,0.0,0,397.4,0.0,0,0,0,1,0,0,0,0,0,0,0,1,1,1,1
81367,2402,2197,449,469,2017,0.0,0,396.3,0.0,0,0,0,1,0,0,0,0,0,0,0,1,1,1,1
81377,2401,2197,449,473,2017,0.0,0,397.2,0.0,0,0,0,1,0,0,0,0,0,0,0,1,1,1,1
81387,2401,2195,451,470,2018,0.0,0,396.5,0.0,0,0,0,1,0,0,0,0,0,0,0,1,1,1,1
81397,2401,2197,449,469,2018,0.0,0,396.5,0.0,0,0,0,1,0,0,0,0,0,0,0,1,1,1,1
81407,2398,2196,450,468,2018,0.0,0,396.5,0.0,0,0,0,1,0,0,0,0,0,0,0,1,1,1,1
81417,2402,2196,450,467,2027,0.0,0,397.0,0.0,0,0,0,1,0,0,0,0,0,0,0,1,1,1,1
81427,2402,2197,449,469,2028,0.0,0,397.2,0.0,0,0,0,1,0,0,0,0,0,0,0,1,1,1,1
81437,2404,2197,450,470,2027,0.0,0,397.3,0.0,0,0,0,1,0,0,0,0,0,0,0,1,1,1,1
81447,2402,2196,450,470,2030,0.0,0,397.0,0.0,0,0,0,1,0,0,0,0,0,0,0,1,1,1,1
81457,2402,2196,448,470,2026,0.0,0,397.0,0.0,0,0,0,1,0,0,0,0,0,0,0,1,1,1,1
81467,2401,2198,449,470,2027,0.0,0,397.0,0.0,0,0,0,1,0,0,0,0,0,0,0,1,1,1,1
81477,2401,2197,451,471,2027,0.0,0,396.2,0.0,0,0,0,1,0,0,0,0,0,0,0,1,1,1,1
81487,2402,2196,449,471,2027,0.0,0,396.5,0.0,0,0,0,1,0,0,0,0,0,0,0,1,1,1,1
81497,2402,2198,446,470,2025,0.0,0,397.9,0.0,0,0,0,1,0,0,0,0,0,0,0,1,1,1,1
81507,2402,2194,450,470,2027,0.0,0,397.4,0.0,0,0,0,1,0,0,0,0,0,0,0,1,1,1,1
81517,2401,2197,450,471,2027,0.0,0,397.4,0.0,0,0,0,1,0,0,0,0,0,0,0,1,1,1,1
81527,2402,2196,449,470,2028,0.0,0,397.4,0.0,0,0,0,1,0,0,0,0,0,0,0,1,1,1,1
81537,2401,2197,449,470,2027,0.0,0,397.1,0.0,0,0,0,1,0,0,0,0,0,0,0,1,1,1,1
81547,2400,2195,448,470,2027,0.0,0,397.5,0.0,0,0,0,1,0,0,0,0,0,0,0,1,1,1,1
81557,2402,2197,449,473,2028,0.0,0,396.5,0.0,0,0,0,1,0,0,0,0,0,0,0,1,1,1,1
81567,2401,2196,450,470,2027,0.0,0,397.4,0.0,0,0,0,1,0,0,0,0,0,0,0,1,1,1,1
81577,2402,2197,450,469,2026,0.0,0,396.9,0.0,0,0,0,1,0,0,0,0,0,0,0,1,1,1,1
81587,2405,2197,449,471,2018,0.0,0,396.9,0.0,0,0,0,1,0,0,0,0,0,0,0,1,1,1,1
81597,2402,2197,451,469,2018,0.0,0,396.3,0.0,0,0,0,1,0,0,0,0,0,0,0,1,1,1,1
81607,2401,2196,449,469,2018,0.0,0,397.3,0.0,0,0,0,1,0,0,0,0,0,0,0,1,1,1,1
81617,2401,2197,449,469,2018,0.0,0,397.4,0.0,0,0,0,1,0,0,0,0,0,0,0,1,1,1,1
81627,2402,2195,449,471,2017,0.0,0,396.3,0.0,0,0,0,1,0,0,0,0,0,0,0,1,1,1,1
81637,2402,2197,451,470,2018,0.0,0,396.3,0.0,0,0,0,1,0,0,0,0,0,0,0,1,1,1,1
81647,2401,2196,450,469,2018,0.0,0,396.3,0.0,0,0,0,1,0,0,0,0,0,0,0,1,1,1,1
81657,2401,2196,449,471,2018,0.0,0,397.4,0.0,0,0,0,1,0,0,0,0,0,0,0,1,1,1,1
81667,2404,2196,450,473,2018,0.0,0,396.5,0.0,0,0,0,1,0,0,0,0,0,0,0,1,1,1,1
81677,2400,2197,450,469,2018,0.0,0,396.7,0.0,0,0,0,1,0,0,0,0,0,0,0,1,1,1,1
81687,2401,2197,450,470,2017,0.0,0,397.6,0.0,0,0,0,1,0,0,0,0,0,0,0,1,1,1,1
81697,2402,2196,450,470,2017,0.0,0,397.6,0.0,0,0,0,1,0,0,0,0,0,0,0,1,1,1,1
81707,2402,2194,446,471,2017,0.0,0,397.6,0.0,0,0,0,1,0,0,0,0,0,0,0,1,1,1,1
81717,2400,2197,450,469,2018,0.0,0,397.0,0.0,0,0,0,1,0,0,0,0,0,0,0,1,1,1,1
81727,2402,2196,450,469,2027,0.0,0,396.2,0.0,0,0,0,1,0,0,0,0,0,0,0,1,1,1,1
81737,2402,2197,452,471,2027,0.0,0,396.4,0.0,0,0,0,1,0,0,0,0,0,0,0,1,1,1,1
81747,2401,2196,448,468,2027,0.0,0,397.0,0.0,0,0,0,1,0,0,0,0,0,0,0,1,1,1,1
81757,2403,2196,450,468,2027,0.0,0,397.3,0.0,0,0,0,1,0,0,0,0,0,0,0,1,1,1,1
81767,2402,2196,451,469,2027,0.0,0,397.3,0.0,0,0,0,1,0,0,0,0,0,0,0,1,1,1,1
81777,2402,2196,449,469,2027,0.0,0,397.1,0.0,0,0,0,1,0,0,0,0,0,0,0,1,1,1,1
81787,2401,2197,450,469,2026,0.0,0,397.5,0.0,0,0,0,1,0,0,0,0,0,0,0,1,1,1,1
81797,2401,2196,450,470,2027,0.0,0,397.1,0.0,0,0,0,1,0,0,0,0,0,0,0,1,1,1,1
81807,2402,2197,450,470,2027,0.0,0,396.7,0.0,0,0,0,1,0,0,0,0,0,0,0,1,1,1,1
81817,2402,2196,450,468,2027,0.0,0,396.7,0.0,0,0,0,1,0,0,0,0,0,0,0,1,1,1,1
81827,2401,2197,450,470,2027,0.0,0,396.7,0.0,0,0,0,1,0,0,0,0,0,0,0,1,1,1,1
81837,2399,2197,449,470,2027,0.0,0,397.3,0.0,0,0,0,1,0,0,0,0,0,0,0,1,1,1,1
81847,2402,2196,450,469,2027,0.0,0,397.0,0.0,0,0,0,1,0,0,0,0,0,0,0,1,1,1,1
81857,2404,2197,450,470,2027,0.0,0,397.3,0.0,0,0,0,1,0,0,0,0,0,0,0,1,1,1,1
81867,2403,2196,449,470,2026,0.0,0,397.2,0.0,0,0,0,1,0,0,0,0,0,0,0,1,1,1,1
81877,2403,2196,447,470,2028,0.0,0,397.2,0.0,0,0,0,1,0,0,0,0,0,0,0,1,1,1,1
81887,2402,2197,449,472,2027,0.0,0,397.2,0.0,0,0,0,1,0,0,0,0,0,0,0,1,1,1,1
81897,2402,2196,450,471,2017,0.0,0,397.4,0.0,0,0,0,1,0,0,0,0,0,0,0,1,1,1,1
81907,2401,2197,451,470,2018,0.0,0,397.5,0.0,0,0,0,1,0,0,0,0,0,0,0,1,1,1,1
81917,2402,2197,450,471,2018,0.0,0,397.1,0.0,0,0,0,1,0,0,0,0,0,0,0,1,1,1,1
81927,2402,2196,450,470,2018,0.0,0,396.9,0.0,0,0,0,1,0,0,0,0,0,0,0,1,1,1,1
81937,2402,2196,449,469,2018,0.0,0,396.9,0.0,0,0,0,1,0,0,0,0,0,0,0,1,1,1,1
81947,2401,2194,449,471,2017,0.0,0,396.9,0.0,0,0,0,1,0,0,0,0,0,0,0,1,1,1,1
81957,2402,2197,451,468,2018,0.0,0,397.6,0.0,0,0,0,1,0,0,0,0,0,0,0,1,1,1,1
81967,2402,2196,450,471,2016,0.0,0,396.4,0.0,0,0,0,1,0,0,0,0,0,0,0,1,1,1,1
81977,2401,2197,451,471,2017,0.0,0,396.9,0.0,0,0,0,1,0,0,0,0,0,0,0,1,1,1,1
81987,2402,2197,450,469,2018,0.0,0,396.7,0.0,0,0,0,1,0,0,0,0,0,0,0,1,1,1,1
81997,2403,2196,450,469,2017,0.0,0,397.4,0.0,0,0,0,1,0,0,0,0,0,0,0,1,1,1,1
82007,2402,2196,447,469,2017,0.0,0,397.4,0.0,0,0,0,1,0,0,0,0,0,0,0,1,1,1,1
82017,2401,2196,450,470,2018,0.0,0,397.0,0.0,0,0,0,1,0,0,0,0,0,0,0,1,1,1,1
82027,2402,2196,450,470,2027,0.0,0,397.0,0.0,0,0,0,1,0,0,0,0,0,0,0,1,1,1,1
82037,2430,2196,450,471,2026,0.0,0,397.6,0.0,0,0,0,1,0,0,0,0,0,0,0,1,1,1,1
82047,2400,2196,449,470,2027,0.0,0,397.5,0.0,0,0,0,1,0,0,0,0,0,0,0,1,1,1,1
82057,2402,2199,450,469,2029,0.0,0,397.5,0.0,0,0,0,1,0,0,0,0,0,0,0,1,1,1,1
82067,2402,2197,450,471,2027,0.0,0,397.5,0.0,0,0,0,1,0,0,0,0,0,0,0,1,1,1,1
82077,2401,2197,450,471,2027,0.0,0,397.1,0.0,0,0,0,1,0,0,0,0,0,0,0,1,1,1,1
82087,2401,2196,451,469,2026,0.0,0,396.7,0.0,0,0,0,1,0,0,0,0,0,0,0,1,1,1,1
82097,2402,2196,450,470,2027,0.0,0,397.3,0.0,0,0,0,1,0,0,0,0,0,0,0,1,1,1,1
82107,2401,2196,450,469,2027,0.0,0,396.8,0.0,0,0,0,1,0,0,0,0,0,0,0,1,1,1,1
82117,2402,2197,448,469,2027,0.0,0,396.8,0.0,0,0,0,1,0,0,0,0,0,0,0,1,1,1,1
82127,2401,2196,450,469,2027,0.0,0,396.8,0.0,0,0,0,1,0,0,0,0,0,0,0,1,1,1,1
82137,2401,2196,449,469,2027,0.0,0,396.7,0.0,0,0,0,1,0,0,0,0,0,0,0,1,1,1,1
82147,2403,2196,449,471,2027,0.0,0,397.4,0.0,0,0,0,1,0,0,0,0,0,0,0,1,1,1,1
82157,2403,2196,448,469,2028,0.0,0,396.2,0.0,0,0,0,1,0,0,0,0,0,0,0,1,1,1,1
82167,2402,2196,451,470,2027,0.0,0,396.9,0.0,0,0,0,1,0,0,0,0,0,0,0,1,1,1,1
82177,2403,2196,451,469,2027,0.0,0,397.0,0.0,0,0,0,1,0,0,0,0,0,0,0,1,1,1,1
82187,2401,2197,449,470,2027,0.0,0,397.0,0.0,0,0,0,1,0,0,0,0,0,0,0,1,1,1,1
82197,2403,2197,449,470,2018,0.0,0,397.5,0.0,0,0,0,1,0,0,0,0,0,0,0,1,1,1,1
82207,2401,2196,450,469,2018,0.0,0,396.7,0.0,0,0,0,1,0,0,0,0,0,0,0,1,1,1,1
82217,2402,2197,448,472,2017,0.0,0,397.4,0.0,0,0,0,1,0,0,0,0,0,0,0,1,1,1,1
82227,2402,2197,450,470,2018,0.0,0,397.1,0.0,0,0,0,1,0,0,0,0,0,0,0,1,1,1,1
82237,2403,2196,450,469,2018,0.0,0,397.0,0.0,0,0,0,1,0,0,0,0,0,0,0,1,1,1,1
82247,2401,2196,450,468,2017,0.0,0,397.0,0.0,0,0,0,1,0,0,0,0,0,0,0,1,1,1,1
82257,2401,2197,451,469,2017,0.0,0,396.7,0.0,0,0,0,1,0,0,0,0,0,0,0,1,1,1,1
82267,2401,2197,449,470,2017,0.0,0,397.6,0.0,0,0,0,1,0,0,0,0,0,0,0,1,1,1,1
82277,2400,2197,451,469,2019,0.0,0,396.9,0.0,0,0,0,1,0,0,0,0,0,0,0,1,1,1,1
82326,2400,2196,448,470,2031,0.0,0,396.9,0.0,0,0,0,1,0,0,0,0,0,0,0,1,1,1,1
82336,2401,2196,449,468,2027,0.0,0,396.5,0.0,0,0,0,1,0,0,0,0,0,0,0,1,1,1,1
82346,2401,2195,452,469,2026,0.0,0,397.2,0.0,0,0,0,1,0,0,0,0,0,0,0,1,1,1,1
82356,2405,2196,449,470,2027,0.0,0,396.5,0.0,0,0,0,1,0,0,0,0,0,0,0,1,1,1,1
82366,2401,2196,451,470,2026,0.0,0,396.5,0.0,0,0,0,1,0,0,0,0,0,0,0,1,1,1,1
82376,2401,2196,449,468,2027,0.0,0,397.1,0.0,0,0,0,1,0,0,0,0,0,0,0,1,1,1,1
82386,2404,2196,449,469,2027,0.0,0,397.0,0.0,0,0,0,1,0,0,0,0,0,0,0,1,1,1,1
82396,2402,2196,449,469,2026,0.0,0,396.4,0.0,0,0,0,1,0,0,0,0,0,0,0,1,1,1,1
82406,2402,2196,449,470,2026,0.0,0,396.9,0.0,0,0,0,1,0,0,0,0,0,0,0,1,1,1,1
82416,2402,2195,454,468,2027,0.0,0,396.9,0.0,0,0,0,1,0,0,0,0,0,0,0,1,1,1,1
82426,2401,2196,449,471,2028,0.0,0,396.9,0.0,0,0,0,1,0,0,0,0,0,0,0,1,1,1,1
82436,2402,2196,451,469,2027,0.0,0,396.9,0.0,0,0,0,1,0,0,0,0,0,0,0,1,1,1,1
82446,2401,2196,450,469,2027,0.0,0,396.7,0.0,0,0,0,1,0,0,0,0,0,0,0,1,1,1,1
82456,2401,2196,449,471,2028,0.0,0,397.2,0.0,0,0,0,1,0,0,0,0,0,0,0,1,1,1,1
82466,2404,2196,450,469,2027,0.0,0,396.7,0.0,0,0,0,1,0,0,0,0,0,0,0,1,1,1,1
82476,2402,2194,450,469,2028,0.0,0,397.4,0.0,0,0,0,1,0,0,0,0,0,0,0,1,1,1,1
82486,2401,2197,449,471,2027,0.0,0,397.4,0.0,0,0,0,1,0,0,0,0,0,0,0,1,1,1,1
82496,2401,2196,451,469,2018,0.0,0,396.4,0.0,0,0,0,1,0,0,0,0,0,0,0,1,1,1,1
82506,2400,2196,450,470,2018,0.0,0,397.3,0.0,0,0,0,1,0,0,0,0,0,0,0,1,1,1,1
82516,2402,2196,451,470,2017,0.0,0,397.0,0.0,0,0,0,1,0,0,0,0,0,0,0,1,1,1,1
82526,2402,2198,450,470,2018,0.0,0,396.5,0.0,0,0,0,1,0,0,0,0,0,0,0,1,1,1,1
82536,2402,2197,450,469,2018,0.0,0,396.5,0.0,0,0,0,1,0,0,0,0,0,0,0,1,1,1,1
82546,2402,2196,450,468,2017,0.0,0,396.5,0.0,0,0,0,1,0,0,0,0,0,0,0,1,1,1,1
82556,2402,2197,450,470,2018,0.0,0,397.0,0.0,0,0,0,1,0,0,0,0,0,0,0,1,1,1,1
82566,2402,2196,450,470,2018,0.0,0,397.1,0.0,0,0,0,1,0,0,0,0,0,0,0,1,1,1,1
82576,2402,2196,449,468,2017,0.0,0,397.1,0.0,0,0,0,1,0,0,0,0,0,0,0,1,1,1,1
82586,2402,2196,450,470,2018,0.0,0,397.6,0.0,0,0,0,1,0,0,0,0,0,0,0,1,1,1,1
82596,2402,2196,450,470,2018,0.0,0,397.6,0.0,0,0,0,1,0,0,0,0,0,0,0,1,1,1,1
82606,2402,2196,450,470,2018,0.0,0,397.6,0.0,0,0,0,1,0,0,0,0,0,0,0,1,1,1,1
82616,2402,2196,450,470,2020,0.0,0,396.3,0.0,0,0,0,1,0,0,0,0,0,0,0,1,1,1,1
82626,2401,2197,449,470,2028,0.0,0,397.6,0.0,0,0,0,1,0,0,0,0,0,0,0,1,1,1,1
82636,2401,2196,450,469,2027,0.0,0,396.9,0.0,0,0,0,1,0,0,0,0,0,0,0,1,1,1,1
82646,2402,2197,449,467,2027,0.0,0,397.2,0.0,0,0,0,1,0,0,0,0,0,0,0,1,1,1,1
82656,2402,2196,451,469,2027,0.0,0,397.2,0.0,0,0,0,1,0,0,0,0,0,0,0,1,1,1,1
82666,2401,2197,449,468,2027,0.0,0,397.2,0.0,0,0,0,1,0,0,0,0,0,0,0,1,1,1,1
82676,2402,2196,449,469,2027,0.0,0,397.3,0.0,0,0,0,1,0,0,0,0,0,0,0,1,1,1,1
82686,2402,2193,451,471,2027,0.0,0,396.5,0.0,0,0,0,1,0,0,0,0,0,0,0,1,1,1,1
82697,2401,2197,450,470,2027,0.0,0,396.3,0.0,0,0,0,1,0,0,0,0,0,0,0,1,1,1,1
82707,2401,2196,450,471,2027,0.0,0,396.8,0.0,0,0,0,1,0,0,0,0,0,0,0,1,1,1,1
82717,2401,2197,448,470,2027,0.0,0,396.8,0.0,0,0,0,1,0,0,0,0,0,0,0,1,1,1,1
82727,2401,2197,450,470,2028,0.0,0,396.8,0.0,0,0,0,1,0,0,0,0,0,0,0,1,1,1,1
82737,2403,2197,450,470,2027,0.0,0,396.9,0.0,0,0,0,1,0,0,0,0,0,0,0,1,1,1,1
82747,2401,2196,450,469,2027,0.0,0,396.5,0.0,0,0,0,1,0,0,0,0,0,0,0,1,1,1,1
82757,2401,2197,449,468,2027,0.0,0,396.4,0.0,0,0,0,1,0,0,0,0,0,0,0,1,1,1,1
82767,2402,2196,446,470,2026,0.0,0,396.9,0.0,0,0,0,1,0,0,0,0,0,0,0,1,1,1,1
82777,2402,2196,450,470,2027,0.0,0,396.9,0.0,0,0,0,1,0,0,0,0,0,0,0,1,1,1,1
82787,2402,2199,450,470,2028,0.0,0,396.9,0.0,0,0,0,1,0,0,0,0,0,0,0,1,1,1,1
82797,2401,2196,451,470,2017,0.0,0,396.7,0.0,0,0,0,1,0,0,0,0,0,0,0,1,1,1,1
82807,2401,2197,450,468,2018,0.0,0,396.2,0.0,0,0,0,1,0,0,0,0,0,0,0,1,1,1,1
82817,2400,2197,451,470,2018,0.0,0,397.2,0.0,0,0,0,1,0,0,0,0,0,0,0,1,1,1,1
82827,2399,2197,450,470,2018,0.0,0,397.7,0.0,0,0,0,1,0,0,0,0,0,0,0,1,1,1,1
82837,2401,2196,449,471,2019,0.0,0,397.7,0.0,0,0,0,1,0,0,0,0,0,0,0,1,1,1,1
82847,2401,2196,452,469,2018,0.0,0,397.7,0.0,0,0,0,1,0,0,0,0,0,0,0,1,1,1,1
82857,2401,2196,450,469,2017,0.0,0,397.2,0.0,0,0,0,1,0,0,0,0,0,0,0,1,1,1,1
82867,2401,2196,450,469,2018,0.0,0,397.3,0.0,0,0,0,1,0,0,0,0,0,0,0,1,1,1,1
82878,2401,2196,449,471,2017,0.0,0,396.8,0.0,0,0,0,1,0,0,0,0,0,0,0,1,1,1,1
82888,2401,2196,450,472,2017,0.0,0,396.8,0.0,0,0,0,1,0,0,0,0,0,0,0,1,1,1,1
82898,2402,2197,449,469,2019,0.0,0,396.8,0.0,0,0,0,1,0,0,0,0,0,0,0,1,1,1,1
82908,2402,2197,450,470,2018,0.0,0,396.9,0.0,0,0,0,1,0,0,0,0,0,0,0,1,1,1,1
82918,2402,2196,450,471,2017,0.0,0,396.9,0.0,0,0,0,1,0,0,0,0,0,0,0,1,1,1,1
82928,2402,2197,449,469,2027,0.0,0,396.9,0.0,0,0,0,1,0,0,0,0,0,0,0,1,1,1,1
82938,2401,2197,453,469,2027,0.0,0,397.2,0.0,0,0,0,1,0,0,0,0,0,0,0,1,1,1,1
82948,2401,2196,450,470,2026,0.0,0,396.7,0.0,0,0,0,1,0,0,0,0,0,0,0,1,1,1,1
82958,2402,2196,449,469,2026,0.0,0,396.7,0.0,0,0,0,1,0,0,0,0,0,0,0,1,1,1,1
82968,2403,2196,450,470,2027,0.0,0,396.4,0.0,0,0,0,1,0,0,0,0,0,0,0,1,1,1,1
82978,2404,2197,454,469,2026,0.0,0,396.4,0.0,0,0,0,1,0,0,0,0,0,0,0,1,1,1,1
82988,2402,2196,450,472,2026,0.0,0,396.5,0.0,0,0,0,1,0,0,0,0,0,0,0,1,1,1,1
82998,2402,2197,450,469,2027,0.0,0,396.8,0.0,0,0,0,1,0,0,0,0,0,0,0,1,1,1,1
83008,2401,2197,449,470,2026,0.0,0,397.3,0.0,0,0,0,1,0,0,0,0,0,0,0,1,1,1,1
83018,2402,2197,449,469,2026,0.0,0,397.3,0.0,0,0,0,1,0,0,0,0,0,0,0,1,1,1,1
83029,2402,2196,449,470,2027,0.0,0,396.7,0.0,0,0,0,1,0,0,0,0,0,0,0,1,1,1,1
83039,2401,2196,449,469,2027,0.0,0,396.7,0.0,0,0,0,1,0,0,0,0,0,0,0,1,1,1,1
83049,2401,2196,449,470,2027,0.0,0,397.4,0.0,0,0,0,1,0,0,0,0,0,0,0,1,1,1,1
83059,2404,2197,451,470,2026,0.0,0,396.5,0.0,0,0,0,1,0,0,0,0,0,0,0,1,1,1,1
83069,2401,2197,451,470,2025,0.0,0,397.4,0.0,0,0,0,1,0,0,0,0,0,0,0,1,1,1,1
83079,2402,2195,449,470,2027,0.0,0,397.4,0.0,0,0,0,1,0,0,0,0,0,0,0,1,1,1,1
83089,2403,2197,450,469,2026,0.0,0,396.3,0.0,0,0,0,1,0,0,0,0,0,0,0,1,1,1,1
83099,2400,2197,449,470,2017,0.0,0,396.3,0.0,0,0,0,1,0,0,0,0,0,0,0,1,1,1,1
83109,2401,2196,451,471,2018,0.0,0,396.7,0.0,0,0,0,1,0,0,0,0,0,0,0,1,1,1,1
83119,2401,2197,450,470,2017,0.0,0,396.7,0.0,0,0,0,1,0,0,0,0,0,0,0,1,1,1,1
83129,2400,2196,450,470,2018,0.0,0,397.0,0.0,0,0,0,1,0,0,0,0,0,0,0,1,1,1,1
83139,2402,2196,451,470,2018,0.0,0,396.1,0.0,0,0,0,1,0,0,0,0,0,0,0,1,1,1,1
83149,2404,2196,450,466,2017,0.0,0,397.4,0.0,0,0,0,1,0,0,0,0,0,0,0,1,1,1,1
83159,2402,2196,452,469,2017,0.0,0,397.4,0.0,0,0,0,1,0,0,0,0,0,0,0,1,1,1,1
83169,2402,2197,452,469,2018,0.0,0,396.4,0.0,0,0,0,1,0,0,0,0,0,0,0,1,1,1,1
83179,2402,2194,450,470,2018,0.0,0,396.5,0.0,0,0,0,1,0,0,0,0,0,0,0,1,1,1,1
83189,2401,2196,450,470,2018,0.0,0,397.0,0.0,0,0,0,1,0,0,0,0,0,0,0,1,1,1,1
83199,2403,2196,451,471,2017,0.0,0,397.0,0.0,0,0,0,1,0,0,0,0,0,0,0,1,1,1,1
83209,2402,2197,448,471,2018,0.0,0,396.7,0.0,0,0,0,1,0,0,0,0,0,0,0,1,1,1,1
83219,2403,2197,449,471,2018,0.0,0,396.7,0.0,0,0,0,1,0,0,0,0,0,0,0,1,1,1,1
83229,2401,2197,449,470,2027,0.0,0,397.1,0.0,0,0,0,1,0,0,0,0,0,0,0,1,1,1,1
83239,2400,2196,452,470,2027,0.0,0,396.7,0.0,0,0,0,1,0,0,0,0,0,0,0,1,1,1,1
83249,2401,2196,450,469,2027,0.0,0,396.9,0.0,0,0,0,1,0,0,0,0,0,0,0,1,1,1,1
83259,2401,2197,449,471,2027,0.0,0,396.3,0.0,0,0,0,1,0,0,0,0,0,0,0,1,1,1,1
83269,2401,2197,449,470,2027,0.0,0,397.1,0.0,0,0,0,1,0,0,0,0,0,0,0,1,1,1,1
83279,2402,2197,450,470,2027,0.0,0,397.1,0.0,0,0,0,1,0,0,0,0,0,0,0,1,1,1,1
83289,2401,2196,451,469,2026,0.0,0,396.9,0.0,0,0,0,1,0,0,0,0,0,0,0,1,1,1,1
83299,2404,2196,450,469,2027,0.0,0,397.3,0.0,0,0,0,1,0,0,0,0,0,0,0,1,1,1,1
83309,2401,2196,450,469,2026,0.0,0,397.0,0.0,0,0,0,1,0,0,0,0,0,0,0,1,1,1,1
83319,2400,2213,450,471,2027,0.0,0,397.0,0.0,0,0,0,1,0,0,0,0,0,0,0,1,1,1,1
83330,2403,2199,452,469,2026,0.0,0,397.3,0.0,0,0,0,1,0,0,0,0,0,0,0,1,1,1,1
83341,2402,2196,450,470,2027,0.0,0,396.7,0.0,0,0,0,1,0,0,0,0,0,0,0,1,1,1,1
83351,2401,2196,449,470,2027,0.0,0,396.7,0.0,0,0,0,1,0,0,0,0,0,0,0,1,1,1,1
83361,2401,2196,449,471,2027,0.0,0,397.0,0.0,0,0,0,1,0,0,0,0,0,0,0,1,1,1,1
83371,2401,2196,450,470,2027,0.0,0,396.3,0.0,0,0,0,1,0,0,0,0,0,0,0,1,1,1,1
83381,2404,2196,450,469,2026,0.0,0,396.3,0.0,0,0,0,1,0,0,0,0,0,0,0,1,1,1,1
83391,2401,2196,450,469,2027,0.0,0,396.9,0.0,0,0,0,1,0,0,0,0,0,0,0,1,1,1,1
83401,2402,2198,447,470,2017,0.0,0,396.1,0.0,0,0,0,1,0,0,0,0,0,0,0,1,1,1,1
83411,2402,2197,449,469,2020,0.0,0,396.1,0.0,0,0,0,1,0,0,0,0,0,0,0,1,1,1,1
83421,2401,2197,451,470,2018,0.0,0,396.9,0.0,0,0,0,1,0,0,0,0,0,0,0,1,1,1,1
83431,2402,2196,451,469,2021,0.0,0,396.4,0.0,0,0,0,1,0,0,0,0,0,0,0,1,1,1,1
83441,2402,2197,449,471,2017,0.0,0,396.4,0.0,0,0,0,1,0,0,0,0,0,0,0,1,1,1,1
83451,2402,2196,453,470,2019,0.0,0,396.3,0.0,0,0,0,1,0,0,0,0,0,0,0,1,1,1,1
83461,2403,2196,450,470,2017,0.0,0,396.2,0.0,0,0,0,1,0,0,0,0,0,0,0,1,1,1,1
83471,2402,2196,450,469,2017,0.0,0,396.2,0.0,0,0,0,1,0,0,0,0,0,0,0,1,1,1,1
83481,2402,2196,449,469,2018,0.0,0,397.1,0.0,0,0,0,1,0,0,0,0,0,0,0,1,1,1,1
83491,2402,2197,449,470,2018,0.0,0,398.0,0.0,0,0,0,1,0,0,0,0,0,0,0,1,1,1,1
83501,2402,2196,449,469,2018,0.0,0,396.4,0.0,0,0,0,1,0,0,0,0,0,0,0,1,1,1,1
83511,2402,2197,450,471,2018,0.0,0,397.0,0.0,0,0,0,1,0,0,0,0,0,0,0,1,1,1,1
83521,2402,2197,450,468,2017,0.0,0,397.4,0.0,0,0,0,1,0,0,0,0,0,0,0,1,1,1,1
83531,2401,2196,449,470,2026,0.0,0,397.4,0.0,0,0,0,1,0,0,0,0,0,0,0,1,1,1,1
83541,2401,2195,450,472,2027,0.0,0,397.5,0.0,0,0,0,1,0,0,0,0,0,0,0,1,1,1,1
83551,2402,2197,451,469,2028,0.0,0,397.1,0.0,0,0,0,1,0,0,0,0,0,0,0,1,1,1,1
83561,2402,2197,451,470,2028,0.0,0,397.1,0.0,0,0,0,1,0,0,0,0,0,0,0,1,1,1,1
83571,2401,2196,451,469,2028,0.0,0,396.7,0.0,0,0,0,1,0,0,0,0,0,0,0,1,1,1,1
83581,2403,2195,449,469,2026,0.0,0,396.9,0.0,0,0,0,1,0,0,0,0,0,0,0,1,1,1,1
83591,2401,2197,449,470,2027,0.0,0,396.9,0.0,0,0,0,1,0,0,0,0,0,0,0,1,1,1,1
83601,2402,2196,449,470,2027,0.0,0,397.2,0.0,0,0,0,1,0,0,0,0,0,0,0,1,1,1,1
83611,2401,2197,452,470,2027,0.0,0,396.8,0.0,0,0,0,1,0,0,0,0,0,0,0,1,1,1,1
83621,2401,2196,450,470,2028,0.0,0,397.1,0.0,0,0,0,1,0,0,0,0,0,0,0,1,1,1,1
83631,2403,2194,451,470,2027,0.0,0,397.6,0.0,0,0,0,1,0,0,0,0,0,0,0,1,1,1,1
83641,2403,2195,452,469,2027,0.0,0,396.5,0.0,0,0,0,1,0,0,0,0,0,0,0,1,1,1,1
83651,2401,2196,451,470,2027,0.0,0,396.5,0.0,0,0,0,1,0,0,0,0,0,0,0,1,1,1,1
83661,2401,2196,450,470,2027,0.0,0,396.9,0.0,0,0,0,1,0,0,0,0,0,0,0,1,1,1,1
83671,2402,2198,451,470,2027,0.0,0,397.1,0.0,0,0,0,1,0,0,0,0,0,0,0,1,1,1,1
83681,2401,2196,450,470,2027,0.0,0,396.0,0.0,0,0,0,1,0,0,0,0,0,0,0,1,1,1,1
83692,2403,2196,449,469,2026,0.0,0,396.8,0.0,0,0,0,1,0,0,0,0,0,0,0,1,1,1,1
83702,2401,2196,450,470,2017,0.0,0,396.5,0.0,0,0,0,1,0,0,0,0,0,0,0,1,1,1,1
83712,2402,2197,450,473,2018,0.0,0,396.5,0.0,0,0,0,1,0,0,0,0,0,0,0,1,1,1,1
83722,2401,2196,451,471,2017,0.0,0,397.0,0.0,0,0,0,1,0,0,0,0,0,0,0,1,1,1,1
83732,2401,2197,449,470,2018,0.0,0,396.9,0.0,0,0,0,1,0,0,0,0,0,0,0,1,1,1,1
83742,2402,2197,449,469,2018,0.0,0,396.9,0.0,0,0,0,1,0,0,0,0,0,0,0,1,1,1,1
83752,2401,2196,449,471,2018,0.0,0,397.0,0.0,0,0,0,1,0,0,0,0,0,0,0,1,1,1,1
83762,2401,2196,450,470,2018,0.0,0,396.4,0.0,0,0,0,1,0,0,0,0,0,0,0,1,1,1,1
83772,2401,2197,448,469,2018,0.0,0,396.4,0.0,0,0,0,1,0,0,0,0,0,0,0,1,1,1,1
83782,2402,2196,450,470,2017,0.0,0,396.4,0.0,0,0,0,1,0,0,0,0,0,0,0,1,1,1,1
83792,2402,2197,450,469,2018,0.0,0,396.4,0.0,0,0,0,1,0,0,0,0,0,0,0,1,1,1,1
83802,2402,2189,449,469,2018,0.0,0,396.4,0.0,0,0,0,1,0,0,0,0,0,0,0,1,1,1,1
83812,2402,2197,450,470,2018,0.0,0,396.8,0.0,0,0,0,1,0,0,0,0,0,0,0,1,1,1,1
83822,2401,2196,449,470,2018,0.0,0,396.7,0.0,0,0,0,1,0,0,0,0,0,0,0,1,1,1,1
83833,2403,2197,449,470,2028,0.0,0,397.3,0.0,0,0,0,1,0,0,0,0,0,0,0,1,1,1,1
83843,2402,2196,451,470,2027,0.0,0,397.3,0.0,0,0,0,1,0,0,0,0,0,0,0,1,1,1,1
83853,2402,2197,450,470,2028,0.0,0,397.6,0.0,0,0,0,1,0,0,0,0,0,0,0,1,1,1,1
83863,2401,2196,449,469,2027,0.0,0,397.6,0.0,0,0,0,1,0,0,0,0,0,0,0,1,1,1,1
83873,2401,2196,450,470,2027,0.0,0,396.8,0.0,0,0,0,1,0,0,0,0,0,0,0,1,1,1,1
83883,2402,2196,449,470,2027,0.0,0,397.5,0.0,0,0,0,1,0,0,0,0,0,0,0,1,1,1,1
83894,2404,2197,448,468,2027,0.0,0,396.4,0.0,0,0,0,1,0,0,0,0,0,0,0,1,1,1,1
83905,2402,2197,450,469,2027,0.0,0,396.7,0.0,0,0,0,1,0,0,0,0,0,0,0,1,1,1,1
83916,2402,2196,449,470,2027,0.0,0,396.7,0.0,0,0,0,1,0,0,0,0,0,0,0,1,1,1,1
83926,2401,2194,450,471,2028,0.0,0,396.7,0.0,0,0,0,1,0,0,0,0,0,0,0,1,1,1,1
83936,2401,2196,451,469,2026,0.0,0,396.5,0.0,0,0,0,1,0,0,0,0,0,0,0,1,1,1,1
83946,2401,2196,451,470,2028,0.0,0,397.0,0.0,0,0,0,1,0,0,0,0,0,0,0,1,1,1,1
83957,2401,2197,451,470,2027,0.0,0,396.8,0.0,0,0,0,1,0,0,0,0,0,0,0,1,1,1,1
83967,2402,2196,449,469,2027,0.0,0,397.4,0.0,0,0,0,1,0,0,0,0,0,0,0,1,1,1,1
83977,2402,2196,450,469,2027,0.0,0,397.4,0.0,0,0,0,1,0,0,0,0,0,0,0,1,1,1,1
83987,2400,2197,450,468,2027,0.0,0,397.4,0.0,0,0,0,1,0,0,0,0,0,0,0,1,1,1,1
83997,2402,2196,448,470,2028,0.0,0,396.8,0.0,0,0,0,1,0,0,0,0,0,0,0,1,1,1,1
84007,2402,2197,449,469,2018,0.0,0,396.5,0.0,0,0,0,1,0,0,0,0,0,0,0,1,1,1,1
84017,2401,2196,449,471,2018,0.0,0,396.9,0.0,0,0,0,1,0,0,0,0,0,0,0,1,1,1,1
84027,2402,2196,450,470,2018,0.0,0,397.2,0.0,0,0,0,1,0,0,0,0,0,0,0,1,1,1,1
84037,2403,2197,451,470,2018,0.0,0,397.2,0.0,0,0,0,1,0,0,0,0,0,0,0,1,1,1,1
84047,2401,2196,450,470,2017,0.0,0,397.2,0.0,0,0,0,1,0,0,0,0,0,0,0,1,1,1,1
84057,2400,2197,451,470,2018,0.0,0,396.7,0.0,0,0,0,1,0,0,0,0,0,0,0,1,1,1,1
84067,2401,2196,450,469,2018,0.0,0,397.0,0.0,0,0,0,1,0,0,0,0,0,0,0,1,1,1,1
84077,2401,2196,453,470,2018,0.0,0,397.1,0.0,0,0,0,1,0,0,0,0,0,0,0,1,1,1,1
84087,2402,2196,449,470,2017,0.0,0,397.0,0.0,0,0,0,1,0,0,0,0,0,0,0,1,1,1,1
84097,2402,2196,448,468,2018,0.0,0,397.0,0.0,0,0,0,1,0,0,0,0,0,0,0,1,1,1,1
84107,2402,2197,451,468,2018,0.0,0,397.0,0.0,0,0,0,1,0,0,0,0,0,0,0,1,1,1,1
84117,2400,2196,449,471,2018,0.0,0,397.4,0.0,0,0,0,1,0,0,0,0,0,0,0,1,1,1,1
84127,2401,2196,451,471,2018,0.0,0,396.3,0.0,0,0,0,1,0,0,0,0,0,0,0,1,1,1,1
84137,2403,2196,449,468,2027,0.0,0,396.8,0.0,0,0,0,1,0,0,0,0,0,0,0,1,1,1,1
84147,2401,2196,449,471,2026,0.0,0,396.3,0.0,0,0,0,1,0,0,0,0,0,0,0,1,1,1,1
84157,2403,2197,450,470,2026,0.0,0,396.3,0.0,0,0,0,1,0,0,0,0,0,0,0,1,1,1,1
84167,2402,2197,451,470,2027,0.0,0,396.3,0.0,0,0,0,1,0,0,0,0,0,0,0,1,1,1,1
84177,2402,2196,450,470,2027,0.0,0,396.7,0.0,0,0,0,1,0,0,0,0,0,0,0,1,1,1,1
84187,2402,2200,449,472,2028,0.0,0,397.2,0.0,0,0,0,1,0,0,0,0,0,0,0,1,1,1,1
84197,2402,2196,450,469,2027,0.0,0,397.1,0.0,0,0,0,1,0,0,0,0,0,0,0,1,1,1,1
84207,2402,2194,449,470,2027,0.0,0,396.8,0.0,0,0,0,1,0,0,0,0,0,0,0,1,1,1,1
84217,2402,2197,451,469,2027,0.0,0,396.8,0.0,0,0,0,1,0,0,0,0,0,0,0,1,1,1,1
84227,2399,2196,450,470,2027,0.0,0,396.8,0.0,0,0,0,1,0,0,0,0,0,0,0,1,1,1,1
84237,2400,2198,451,469,2026,0.0,0,397.1,0.0,0,0,0,1,0,0,0,0,0,0,0,1,1,1,1
84247,2402,2196,450,469,2027,0.0,0,396.3,0.0,0,0,0,1,0,0,0,0,0,0,0,1,1,1,1
84257,2401,2194,451,470,2027,0.0,0,396.7,0.0,0,0,0,1,0,0,0,0,0,0,0,1,1,1,1
84267,2401,2196,451,469,2027,0.0,0,396.4,0.0,0,0,0,1,0,0,0,0,0,0,0,1,1,1,1
84277,2401,2196,450,470,2026,0.0,0,396.4,0.0,0,0,0,1,0,0,0,0,0,0,0,1,1,1,1
84287,2402,2195,450,471,2026,0.0,0,396.4,0.0,0,0,0,1,0,0,0,0,0,0,0,1,1,1,1
84297,2402,2196,449,469,2026,0.0,0,397.1,0.0,0,0,0,1,0,0,0,0,0,0,0,1,1,1,1
84307,2401,2196,450,471,2018,0.0,0,396.5,0.0,0,0,0,1,0,0,0,0,0,0,0,1,1,1,1
84317,2402,2196,449,469,2017,0.0,0,396.9,0.0,0,0,0,1,0,0,0,0,0,0,0,1,1,1,1
84327,2402,2196,450,469,2018,0.0,0,397.0,0.0,0,0,0,1,0,0,0,0,0,0,0,1,1,1,1
84337,2401,2196,447,469,2018,0.0,0,397.6,0.0,0,0,0,1,0,0,0,0,0,0,0,1,1,1,1
84347,2401,2196,451,469,2017,0.0,0,397.6,0.0,0,0,0,1,0,0,0,0,0,0,0,1,1,1,1
84357,2401,2195,449,469,2017,0.0,0,396.9,0.0,0,0,0,1,0,0,0,0,0,0,0,1,1,1,1
84367,2401,2197,450,470,2017,0.0,0,397.0,0.0,0,0,0,1,0,0,0,0,0,0,0,1,1,1,1
84377,2401,2196,449,470,2017,0.0,0,397.2,0.0,0,0,0,1,0,0,0,0,0,0,0,1,1,1,1
84387,2401,2196,450,470,2017,0.0,0,396.7,0.0,0,0,0,1,0,0,0,0,0,0,0,1,1,1,1
84397,2403,2196,450,470,2018,0.0,0,396.9,0.0,0,0,0,1,0,0,0,0,0,0,0,1,1,1,1
84407,2402,2196,449,468,2018,0.0,0,396.9,0.0,0,0,0,1,0,0,0,0,0,0,0,1,1,1,1
84417,2402,2197,450,471,2018,0.0,0,396.9,0.0,0,0,0,1,0,0,0,0,0,0,0,1,1,1,1
84427,2402,2197,450,470,2018,0.0,0,396.9,0.0,0,0,0,1,0,0,0,0,0,0,0,1,1,1,1
84437,2402,2197,452,469,2026,0.0,0,397.1,0.0,0,0,0,1,0,0,0,0,0,0,0,1,1,1,1
84447,2402,2196,449,470,2027,0.0,0,396.9,0.0,0,0,0,1,0,0,0,0,0,0,0,1,1,1,1
84457,2401,2196,450,469,2027,0.0,0,396.9,0.0,0,0,0,1,0,0,0,0,0,0,0,1,1,1,1
84467,2401,2197,451,469,2027,0.0,0,396.9,0.0,0,0,0,1,0,0,0,0,0,0,0,1,1,1,1
84477,2402,2196,449,469,2026,0.0,0,396.8,0.0,0,0,0,1,0,0,0,0,0,0,0,1,1,1,1
84487,2401,2194,450,470,2025,0.0,0,397.1,0.0,0,0,0,1,0,0,0,0,0,0,0,1,1,1,1
84497,2403,2196,450,472,2027,0.0,0,397.2,0.0,0,0,0,1,0,0,0,0,0,0,0,1,1,1,1
84507,2402,2194,450,471,2027,0.0,0,396.8,0.0,0,0,0,1,0,0,0,0,0,0,0,1,1,1,1
84517,2402,2197,449,470,2026,0.0,0,397.2,0.0,0,0,0,1,0,0,0,0,0,0,0,1,1,1,1
84527,2402,2197,450,469,2027,0.0,0,397.2,0.0,0,0,0,1,0,0,0,0,0,0,0,1,1,1,1
84537,2402,2196,448,470,2026,0.0,0,396.5,0.0,0,0,0,1,0,0,0,0,0,0,0,1,1,1,1
84547,2401,2197,450,471,2027,0.0,0,397.4,0.0,0,0,0,1,0,0,0,0,0,0,0,1,1,1,1
84557,2401,2197,450,469,2027,0.0,0,397.1,0.0,0,0,0,1,0,0,0,0,0,0,0,1,1,1,1
84567,2401,2197,449,469,2027,0.0,0,397.3,0.0,0,0,0,1,0,0,0,0,0,0,0,1,1,1,1
84577,2400,2197,449,470,2027,0.0,0,397.3,0.0,0,0,0,1,0,0,0,0,0,0,0,1,1,1,1
84587,2402,2197,450,469,2027,0.0,0,397.3,0.0,0,0,0,1,0,0,0,0,0,0,0,1,1,1,1
84597,2402,2196,450,470,2026,0.0,0,396.8,0.0,0,0,0,1,0,0,0,0,0,0,0,1,1,1,1
84607,2402,2196,449,471,2018,0.0,0,396.4,0.0,0,0,0,1,0,0,0,0,0,0,0,1,1,1,1
84617,2401,2197,448,470,2018,0.0,0,396.9,0.0,0,0,0,1,0,0,0,0,0,0,0,1,1,1,1
84627,2401,2197,450,469,2018,0.0,0,397.0,0.0,0,0,0,1,0,0,0,0,0,0,0,1,1,1,1
84637,2402,2196,450,472,2017,0.0,0,397.0,0.0,0,0,0,1,0,0,0,0,0,0,0,1,1,1,1
84647,2402,2197,450,471,2018,0.0,0,397.0,0.0,0,0,0,1,0,0,0,0,0,0,0,1,1,1,1
84657,2401,2195,449,469,2018,0.0,0,396.9,0.0,0,0,0,1,0,0,0,0,0,0,0,1,1,1,1
84667,2400,2196,449,470,2018,0.0,0,397.2,0.0,0,0,0,1,0,0,0,0,0,0,0,1,1,1,1
84677,2402,2197,450,470,2017,0.0,0,397.1,0.0,0,0,0,1,0,0,0,0,0,0,0,1,1,1,1
84687,2398,2196,450,470,2018,0.0,0,397.3,0.0,0,0,0,1,0,0,0,0,0,0,0,1,1,1,1
84697,2403,2195,451,470,2017,0.0,0,397.3,0.0,0,0,0,1,0,0,0,0,0,0,0,1,1,1,1
84707,2403,2197,450,473,2018,0.0,0,397.3,0.0,0,0,0,1,0,0,0,0,0,0,0,1,1,1,1
84717,2402,2196,450,470,2015,0.0,0,396.4,0.0,0,0,0,1,0,0,0,0,0,0,0,1,1,1,1
84727,2401,2196,450,469,2018,0.0,0,396.8,0.0,0,0,0,1,0,0,0,0,0,0,0,1,1,1,1
84737,2402,2197,450,469,2020,0.0,0,397.1,0.0,0,0,0,1,0,0,0,0,0,0,0,1,1,1,1
84747,2402,2196,449,470,2029,0.0,0,397.0,0.0,0,0,0,1,0,0,0,0,0,0,0,1,1,1,1
84757,2403,2197,449,470,2027,0.0,0,397.2,0.0,0,0,0,1,0,0,0,0,0,0,0,1,1,1,1
84767,2401,2198,450,471,2027,0.0,0,397.2,0.0,0,0,0,1,0,0,0,0,0,0,0,1,1,1,1
84777,2401,2196,450,472,2027,0.0,0,397.2,0.0,0,0,0,1,0,0,0,0,0,0,0,1,1,1,1
84787,2401,2196,448,469,2026,0.0,0,397.0,0.0,0,0,0,1,0,0,0,0,0,0,0,1,1,1,1
84797,2399,2198,450,470,2027,0.0,0,396.5,0.0,0,0,0,1,0,0,0,0,0,0,0,1,1,1,1
84807,2402,2198,450,470,2026,0.0,0,396.9,0.0,0,0,0,1,0,0,0,0,0,0,0,1,1,1,1
84817,2402,2196,450,470,2027,0.0,0,396.9,0.0,0,0,0,1,0,0,0,0,0,0,0,1,1,1,1
84827,2400,2196,450,469,2028,0.0,0,396.9,0.0,0,0,0,1,0,0,0,0,0,0,0,1,1,1,1
84837,2402,2197,448,468,2026,0.0,0,397.2,0.0,0,0,0,1,0,0,0,0,0,0,0,1,1,1,1
84847,2401,2197,450,470,2027,0.0,0,396.5,0.0,0,0,0,1,0,0,0,0,0,0,0,1,1,1,1
84857,2401,2197,450,470,2027,0.0,0,397.1,0.0,0,0,0,1,0,0,0,0,0,0,0,1,1,1,1
84867,2402,2196,449,485,2025,0.0,0,397.1,0.0,0,0,0,1,0,0,0,0,0,0,0,1,1,1,1
84877,2401,2197,450,471,2027,0.0,0,397.1,0.0,0,0,0,1,0,0,0,0,0,0,0,1,1,1,1
84887,2402,2196,451,470,2026,0.0,0,397.1,0.0,0,0,0,1,0,0,0,0,0,0,0,1,1,1,1
84897,2403,2197,450,469,2027,0.0,0,397.1,0.0,0,0,0,1,0,0,0,0,0,0,0,1,1,1,1
84907,2402,2196,449,469,2026,0.0,0,396.7,0.0,0,0,0,1,0,0,0,0,0,0,0,1,1,1,1
84917,2402,2196,447,468,2017,0.0,0,396.7,0.0,0,0,0,1,0,0,0,0,0,0,0,1,1,1,1
84927,2400,2196,451,469,2018,0.0,0,397.5,0.0,0,0,0,1,0,0,0,0,0,0,0,1,1,1,1
84937,2404,2197,449,471,2017,0.0,0,397.5,0.0,0,0,0,1,0,0,0,0,0,0,0,1,1,1,1
84947,2402,2198,450,470,2017,0.0,0,397.5,0.0,0,0,0,1,0,0,0,0,0,0,0,1,1,1,1
84957,2402,2197,449,470,2017,0.0,0,396.8,0.0,0,0,0,1,0,0,0,0,0,0,0,1,1,1,1
84967,2401,2194,450,469,2018,0.0,0,396.7,0.0,0,0,0,1,0,0,0,0,0,0,0,1,1,1,1
84977,2401,2197,448,469,2020,0.0,0,396.9,0.0,0,0,0,1,0,0,0,0,0,0,0,1,1,1,1
84987,2402,2196,450,469,2017,0.0,0,397.2,0.0,0,0,0,1,0,0,0,0,0,0,0,1,1,1,1
84997,2403,2197,450,469,2017,0.0,0,397.2,0.0,0,0,0,1,0,0,0,0,0,0,0,1,1,1,1
85007,2401,2197,451,471,2017,0.0,0,397.2,0.0,0,0,0,1,0,0,0,0,0,0,0,1,1,1,1
85017,2402,2196,451,468,2017,0.0,0,396.4,0.0,0,0,0,1,0,0,0,0,0,0,0,1,1,1,1
85027,2401,2197,450,470,2018,0.0,0,397.9,0.0,0,0,0,1,0,0,0,0,0,0,0,1,1,1,1
85037,2403,2196,449,470,2016,0.0,0,397.1,0.0,0,0,0,1,0,0,0,0,0,0,0,1,1,1,1
85047,2402,2197,451,468,2027,0.0,0,396.4,0.0,0,0,0,1,0,0,0,0,0,0,0,1,1,1,1
85057,2401,2196,449,470,2026,0.0,0,396.4,0.0,0,0,0,1,0,0,0,0,0,0,0,1,1,1,1
85067,2402,2198,449,468,2027,0.0,0,396.4,0.0,0,0,0,1,0,0,0,0,0,0,0,1,1,1,1
85077,2402,2196,449,469,2027,0.0,0,397.3,0.0,0,0,0,1,0,0,0,0,0,0,0,1,1,1,1
85087,2403,2196,450,469,2027,0.0,0,396.7,0.0,0,0,0,1,0,0,0,0,0,0,0,1,1,1,1
85097,2402,2196,450,469,2027,0.0,0,397.3,0.0,0,0,0,1,0,0,0,0,0,0,0,1,1,1,1
85107,2401,2196,449,470,2027,0.0,0,396.8,0.0,0,0,0,1,0,0,0,0,0,0,0,1,1,1,1
85117,2403,2197,450,468,2027,0.0,0,396.8,0.0,0,0,0,1,0,0,0,0,0,0,0,1,1,1,1
85127,2402,2196,451,470,2027,0.0,0,396.8,0.0,0,0,0,1,0,0,0,0,0,0,0,1,1,1,1
85137,2402,2197,451,470,2027,0.0,0,396.4,0.0,0,0,0,1,0,0,0,0,0,0,0,1,1,1,1
85147,2402,2195,453,470,2027,0.0,0,397.4,0.0,0,0,0,1,0,0,0,0,0,0,0,1,1,1,1
85157,2401,2197,451,470,2027,0.0,0,396.3,0.0,0,0,0,1,0,0,0,0,0,0,0,1,1,1,1
85167,2402,2197,451,471,2027,0.0,0,397.0,0.0,0,0,0,1,0,0,0,0,0,0,0,1,1,1,1
85177,2401,2195,447,469,2027,0.0,0,397.0,0.0,0,0,0,1,0,0,0,0,0,0,0,1,1,1,1
85187,2402,2196,449,470,2027,0.0,0,397.0,0.0,0,0,0,1,0,0,0,0,0,0,0,1,1,1,1
85197,2401,2196,448,469,2029,0.0,0,396.7,0.0,0,0,0,1,0,0,0,0,0,0,0,1,1,1,1
85207,2401,2196,450,473,2027,0.0,0,396.4,0.0,0,0,0,1,0,0,0,0,0,0,0,1,1,1,1
85217,2403,2196,450,470,2018,0.0,0,397.0,0.0,0,0,0,1,0,0,0,0,0,0,0,1,1,1,1
85227,2402,2196,449,471,2018,0.0,0,396.9,0.0,0,0,0,1,0,0,0,0,0,0,0,1,1,1,1
85237,2401,2197,449,470,2020,0.0,0,396.9,0.0,0,0,0,1,0,0,0,0,0,0,0,1,1,1,1
85247,2401,2197,450,471,2016,0.0,0,396.9,0.0,0,0,0,1,0,0,0,0,0,0,0,1,1,1,1
85257,2401,2196,450,469,2018,0.0,0,397.3,0.0,0,0,0,1,0,0,0,0,0,0,0,1,1,1,1
85267,2402,2199,448,470,2018,0.0,0,396.5,0.0,0,0,0,1,0,0,0,0,0,0,0,1,1,1,1
85277,2402,2197,451,471,2017,0.0,0,396.4,0.0,0,0,0,1,0,0,0,0,0,0,0,1,1,1,1
85287,2401,2196,449,470,2017,0.0,0,396.7,0.0,0,0,0,1,0,0,0,0,0,0,0,1,1,1,1
85297,2402,2196,450,469,2017,0.0,0,396.7,0.0,0,0,0,1,0,0,0,0,0,0,0,1,1,1,1
85307,2401,2196,448,468,2017,0.0,0,396.7,0.0,0,0,0,1,0,0,0,0,0,0,0,1,1,1,1
85317,2401,2196,449,470,2018,0.0,0,397.6,0.0,0,0,0,1,0,0,0,0,0,0,0,1,1,1,1
85327,2401,2196,450,471,2019,0.0,0,397.1,0.0,0,0,0,1,0,0,0,0,0,0,0,1,1,1,1
85337,2403,2196,451,470,2018,0.0,0,397.5,0.0,0,0,0,1,0,0,0,0,0,0,0,1,1,1,1
85347,2404,2196,448,470,2026,0.0,0,396.8,0.0,0,0,0,1,0,0,0,0,0,0,0,1,1,1,1
85357,2402,2195,449,469,2026,0.0,0,396.4,0.0,0,0,0,1,0,0,0,0,0,0,0,1,1,1,1
85367,2401,2196,450,470,2029,0.0,0,396.4,0.0,0,0,0,1,0,0,0,0,0,0,0,1,1,1,1
85377,2399,2197,450,469,2025,0.0,0,396.5,0.0,0,0,0,1,0,0,0,0,0,0,0,1,1,1,1
85387,2401,2196,454,470,2027,0.0,0,397.6,0.0,0,0,0,1,0,0,0,0,0,0,0,1,1,1,1
85397,2403,2196,451,469,2028,0.0,0,397.0,0.0,0,0,0,1,0,0,0,0,0,0,0,1,1,1,1
85407,2401,2198,449,469,2027,0.0,0,397.3,0.0,0,0,0,1,0,0,0,0,0,0,0,1,1,1,1
85417,2402,2196,452,469,2027,0.0,0,396.7,0.0,0,0,0,1,0,0,0,0,0,0,0,1,1,1,1
85427,2402,2196,450,469,2027,0.0,0,396.7,0.0,0,0,0,1,0,0,0,0,0,0,0,1,1,1,1
85437,2400,2196,447,470,2027,0.0,0,396.8,0.0,0,0,0,1,0,0,0,0,0,0,0,1,1,1,1
85447,2401,2199,450,470,2027,0.0,0,396.5,0.0,0,0,0,1,0,0,0,0,0,0,0,1,1,1,1
85457,2402,2196,450,469,2027,0.0,0,397.5,0.0,0,0,0,1,0,0,0,0,0,0,0,1,1,1,1
85467,2402,2194,450,469,2027,0.0,0,397.0,0.0,0,0,0,1,0,0,0,0,0,0,0,1,1,1,1
85477,2403,2195,451,469,2027,0.0,0,396.4,0.0,0,0,0,1,0,0,0,0,0,0,0,1,1,1,1
85487,2403,2196,450,471,2027,0.0,0,396.4,0.0,0,0,0,1,0,0,0,0,0,0,0,1,1,1,1
85497,2402,2197,449,470,2027,0.0,0,396.3,0.0,0,0,0,1,0,0,0,0,0,0,0,1,1,1,1
85507,2402,2197,450,469,2029,0.0,0,396.5,0.0,0,0,0,1,0,0,0,0,0,0,0,1,1,1,1
85517,2402,2196,452,469,2016,0.0,0,396.8,0.0,0,0,0,1,0,0,0,0,0,0,0,1,1,1,1
85527,2402,2196,451,469,2018,0.0,0,397.3,0.0,0,0,0,1,0,0,0,0,0,0,0,1,1,1,1
85537,2402,2196,449,470,2017,0.0,0,397.3,0.0,0,0,0,1,0,0,0,0,0,0,0,1,1,1,1
85547,2400,2196,449,470,2018,0.0,0,397.3,0.0,0,0,0,1,0,0,0,0,0,0,0,1,1,1,1
85557,2401,2196,449,470,2018,0.0,0,396.7,0.0,0,0,0,1,0,0,0,0,0,0,0,1,1,1,1
85567,2402,2196,450,469,2018,0.0,0,397.0,0.0,0,0,0,1,0,0,0,0,0,0,0,1,1,1,1
85577,2402,2196,450,470,2017,0.0,0,397.2,0.0,0,0,0,1,0,0,0,0,0,0,0,1,1,1,1
85587,2401,2196,450,470,2018,0.0,0,396.5,0.0,0,0,0,1,0,0,0,0,0,0,0,1,1,1,1
85597,2402,2196,450,471,2017,0.0,0,396.7,0.0,0,0,0,1,0,0,0,0,0,0,0,1,1,1,1
85607,2402,2197,450,469,2019,0.0,0,396.7,0.0,0,0,0,1,0,0,0,0,0,0,0,1,1,1,1
85617,2401,2195,450,470,2018,0.0,0,396.8,0.0,0,0,0,1,0,0,0,0,0,0,0,1,1,1,1
85627,2401,2196,449,470,2018,0.0,0,397.0,0.0,0,0,0,1,0,0,0,0,0,0,0,1,1,1,1
85637,2401,2197,449,469,2018,0.0,0,397.2,0.0,0,0,0,1,0,0,0,0,0,0,0,1,1,1,1
85647,2401,2196,448,470,2027,0.0,0,397.5,0.0,0,0,0,1,0,0,0,0,0,0,0,1,1,1,1
85657,2402,2196,450,469,2027,0.0,0,396.7,0.0,0,0,0,1,0,0,0,0,0,0,0,1,1,1,1
85667,2401,2197,449,471,2027,0.0,0,396.7,0.0,0,0,0,1,0,0,0,0,0,0,0,1,1,1,1
85677,2401,2198,449,472,2027,0.0,0,396.3,0.0,0,0,0,1,0,0,0,0,0,0,0,1,1,1,1
85687,2403,2196,449,470,2027,0.0,0,396.4,0.0,0,0,0,1,0,0,0,0,0,0,0,1,1,1,1
85697,2401,2196,449,471,2026,0.0,0,396.7,0.0,0,0,0,1,0,0,0,0,0,0,0,1,1,1,1
85707,2402,2192,448,470,2027,0.0,0,397.1,0.0,0,0,0,1,0,0,0,0,0,0,0,1,1,1,1
85717,2402,2197,449,470,2026,0.0,0,396.5,0.0,0,0,0,1,0,0,0,0,0,0,0,1,1,1,1
85727,2402,2196,451,470,2027,0.0,0,396.5,0.0,0,0,0,1,0,0,0,0,0,0,0,1,1,1,1
85737,2399,2196,451,470,2027,0.0,0,396.9,0.0,0,0,0,1,0,0,0,0,0,0,0,1,1,1,1
85747,2401,2196,450,471,2027,0.0,0,397.5,0.0,0,0,0,1,0,0,0,0,0,0,0,1,1,1,1
85757,2401,2197,449,470,2026,0.0,0,396.5,0.0,0,0,0,1,0,0,0,0,0,0,0,1,1,1,1
85767,2402,2196,450,469,2027,0.0,0,397.3,0.0,0,0,0,1,0,0,0,0,0,0,0,1,1,1,1
85777,2402,2196,450,469,2027,0.0,0,397.3,0.0,0,0,0,1,0,0,0,0,0,0,0,1,1,1,1
85787,2401,2196,450,470,2027,0.0,0,397.3,0.0,0,0,0,1,0,0,0,0,0,0,0,1,1,1,1
85797,2401,2197,451,470,2027,0.0,0,397.1,0.0,0,0,0,1,0,0,0,0,0,0,0,1,1,1,1
85807,2402,2196,451,471,2027,0.0,0,396.8,0.0,0,0,0,1,0,0,0,0,0,0,0,1,1,1,1
85817,2401,2197,448,470,2017,0.0,0,397.0,0.0,0,0,0,1,0,0,0,0,0,0,0,1,1,1,1
85827,2402,2197,450,471,2019,0.0,0,396.7,0.0,0,0,0,1,0,0,0,0,0,0,0,1,1,1,1
85837,2401,2200,450,471,2018,0.0,0,396.7,0.0,0,0,0,1,0,0,0,0,0,0,0,1,1,1,1
85847,2401,2196,450,470,2016,0.0,0,396.7,0.0,0,0,0,1,0,0,0,0,0,0,0,1,1,1,1
85857,2401,2197,450,470,2017,0.0,0,396.4,0.0,0,0,0,1,0,0,0,0,0,0,0,1,1,1,1
85867,2403,2196,450,468,2017,0.0,0,397.1,0.0,0,0,0,1,0,0,0,0,0,0,0,1,1,1,1
85877,2401,2196,449,471,2018,0.0,0,396.9,0.0,0,0,0,1,0,0,0,0,0,0,0,1,1,1,1
85887,2402,2196,450,470,2020,0.0,0,397.1,0.0,0,0,0,1,0,0,0,0,0,0,0,1,1,1,1
85897,2402,2197,447,469,2018,0.0,0,396.2,0.0,0,0,0,1,0,0,0,0,0,0,0,1,1,1,1
85907,2402,2196,446,469,2017,0.0,0,396.2,0.0,0,0,0,1,0,0,0,0,0,0,0,1,1,1,1
85917,2401,2197,450,470,2018,0.0,0,396.1,0.0,0,0,0,1,0,0,0,0,0,0,0,1,1,1,1
85927,2402,2196,450,469,2018,0.0,0,397.1,0.0,0,0,0,1,0,0,0,0,0,0,0,1,1,1,1
85939,2402,2197,449,469,2018,0.0,0,396.7,0.0,0,0,0,1,0,0,0,0,0,0,0,1,1,1,1
85949,2401,2196,450,470,2027,0.0,0,396.7,0.0,0,0,0,1,0,0,0,0,0,0,0,1,1,1,1
85959,2402,2197,448,470,2027,0.0,0,397.2,0.0,0,0,0,1,0,0,0,0,0,0,0,1,1,1,1
85969,2403,2196,450,468,2027,0.0,0,396.7,0.0,0,0,0,1,0,0,0,0,0,0,0,1,1,1,1
85979,2402,2197,450,470,2027,0.0,0,396.7,0.0,0,0,0,1,0,0,0,0,0,0,0,1,1,1,1
85989,2401,2196,449,469,2027,0.0,0,397.6,0.0,0,0,0,1,0,0,0,0,0,0,0,1,1,1,1
85999,2402,2197,450,470,2027,0.0,0,396.5,0.0,0,0,0,1,0,0,0,0,0,0,0,1,1,1,1
86009,2402,2197,451,471,2028,0.0,0,397.2,0.0,0,0,0,1,0,0,0,0,0,0,0,1,1,1,1
86019,2403,2197,449,473,2026,0.0,0,397.0,0.0,0,0,0,1,0,0,0,0,0,0,0,1,1,1,1
86029,2403,2194,451,469,2027,0.0,0,397.2,0.0,0,0,0,1,0,0,0,0,0,0,0,1,1,1,1
86039,2402,2198,445,471,2027,0.0,0,397.2,0.0,0,0,0,1,0,0,0,0,0,0,0,1,1,1,1
86049,2401,2196,450,470,2027,0.0,0,396.8,0.0,0,0,0,1,0,0,0,0,0,0,0,1,1,1,1
86059,2402,2197,452,469,2027,0.0,0,396.9,0.0,0,0,0,1,0,0,0,0,0,0,0,1,1,1,1
86069,2402,2196,449,470,2027,0.0,0,396.5,0.0,0,0,0,1,0,0,0,0,0,0,0,1,1,1,1
86079,2402,2197,450,470,2027,0.0,0,396.5,0.0,0,0,0,1,0,0,0,0,0,0,0,1,1,1,1
86089,2401,2197,449,470,2027,0.0,0,397.5,0.0,0,0,0,1,0,0,0,0,0,0,0,1,1,1,1
86099,2401,2196,451,468,2027,0.0,0,397.5,0.0,0,0,0,1,0,0,0,0,0,0,0,1,1,1,1
86109,2401,2196,451,469,2027,0.0,0,396.8,0.0,0,0,0,1,0,0,0,0,0,0,0,1,1,1,1
86119,2402,2197,450,470,2018,0.0,0,396.9,0.0,0,0,0,1,0,0,0,0,0,0,0,1,1,1,1
86129,2401,2197,448,469,2018,0.0,0,396.4,0.0,0,0,0,1,0,0,0,0,0,0,0,1,1,1,1
86139,2401,2196,448,469,2017,0.0,0,396.4,0.0,0,0,0,1,0,0,0,0,0,0,0,1,1,1,1
86149,2402,2197,451,470,2017,0.0,0,396.9,0.0,0,0,0,1,0,0,0,0,0,0,0,1,1,1,1
86159,2404,2197,450,469,2018,0.0,0,396.9,0.0,0,0,0,1,0,0,0,0,0,0,0,1,1,1,1
86169,2402,2196,451,470,2029,0.0,0,396.8,0.0,0,0,0,1,0,0,0,0,0,0,0,1,1,1,1
86179,2401,2197,449,471,2017,0.0,0,397.0,0.0,0,0,0,1,0,0,0,0,0,0,0,1,1,1,1
86189,2402,2195,450,471,2017,0.0,0,396.9,0.0,0,0,0,1,0,0,0,0,0,0,0,1,1,1,1
86199,2400,2196,449,470,2018,0.0,0,396.9,0.0,0,0,0,1,0,0,0,0,0,0,0,1,1,1,1
86209,2403,2198,450,469,2018,0.0,0,397.2,0.0,0,0,0,1,0,0,0,0,0,0,0,1,1,1,1
86219,2402,2196,449,470,2017,0.0,0,397.2,0.0,0,0,0,1,0,0,0,0,0,0,0,1,1,1,1
86229,2401,2197,450,471,2019,0.0,0,396.8,0.0,0,0,0,1,0,0,0,0,0,0,0,1,1,1,1
86239,2401,2197,450,469,2018,0.0,0,396.1,0.0,0,0,0,1,0,0,0,0,0,0,0,1,1,1,1
86249,2405,2196,450,470,2025,0.0,0,396.2,0.0,0,0,0,1,0,0,0,0,0,0,0,1,1,1,1
86259,2402,2196,449,469,2027,0.0,0,396.2,0.0,0,0,0,1,0,0,0,0,0,0,0,1,1,1,1
86269,2403,2197,449,469,2025,0.0,0,396.7,0.0,0,0,0,1,0,0,0,0,0,0,0,1,1,1,1
86279,2401,2197,450,470,2026,0.0,0,396.7,0.0,0,0,0,1,0,0,0,0,0,0,0,1,1,1,1
86289,2402,2197,451,470,2026,0.0,0,396.8,0.0,0,0,0,1,0,0,0,0,0,0,0,1,1,1,1
86299,2401,2196,449,470,2026,0.0,0,396.7,0.0,0,0,0,1,0,0,0,0,0,0,0,1,1,1,1
86309,2401,2195,450,470,2026,0.0,0,396.7,0.0,0,0,0,1,0,0,0,0,0,0,0,1,1,1,1
86319,2400,2196,448,469,2027,0.0,0,396.7,0.0,0,0,0,1,0,0,0,0,0,0,0,1,1,1,1
86329,2402,2196,449,470,2027,0.0,0,397.2,0.0,0,0,0,1,0,0,0,0,0,0,0,1,1,1,1
86339,2402,2196,450,470,2027,0.0,0,397.2,0.0,0,0,0,1,0,0,0,0,0,0,0,1,1,1,1
86349,2402,2196,450,469,2027,0.0,0,396.9,0.0,0,0,0,1,0,0,0,0,0,0,0,1,1,1,1
86359,2401,2196,450,469,2026,0.0,0,396.4,0.0,0,0,0,1,0,0,0,0,0,0,0,1,1,1,1
86369,2402,2197,449,470,2027,0.0,0,397.2,0.0,0,0,0,1,0,0,0,0,0,0,0,1,1,1,1
86379,2401,2197,451,471,2027,0.0,0,396.8,0.0,0,0,0,1,0,0,0,0,0,0,0,1,1,1,1
86389,2402,2195,450,470,2026,0.0,0,396.9,0.0,0,0,0,1,0,0,0,0,0,0,0,1,1,1,1
86399,2403,2196,450,469,2027,0.0,0,396.9,0.0,0,0,0,1,0,0,0,0,0,0,0,1,1,1,1
86409,2401,2197,452,468,2026,0.0,0,396.8,0.0,0,0,0,1,0,0,0,0,0,0,0,1,1,1,1
86419,2401,2197,449,470,2017,0.0,0,397.0,0.0,0,0,0,1,0,0,0,0,0,0,0,1,1,1,1
86429,2401,2191,449,470,2017,0.0,0,396.5,0.0,0,0,0,1,0,0,0,0,0,0,0,1,1,1,1
86439,2402,2196,449,471,2018,0.0,0,397.4,0.0,0,0,0,1,0,0,0,0,0,0,0,1,1,1,1
86449,2402,2196,449,470,2017,0.0,0,397.1,0.0,0,0,0,1,0,0,0,0,0,0,0,1,1,1,1
86459,2403,2196,451,470,2017,0.0,0,397.1,0.0,0,0,0,1,0,0,0,0,0,0,0,1,1,1,1
86469,2402,2196,451,470,2017,0.0,0,396.7,0.0,0,0,0,1,0,0,0,0,0,0,0,1,1,1,1
86479,2402,2197,449,469,2017,0.0,0,396.7,0.0,0,0,0,1,0,0,0,0,0,0,0,1,1,1,1
86489,2401,2197,450,470,2018,0.0,0,396.4,0.0,0,0,0,1,0,0,0,0,0,0,0,1,1,1,1
86499,2402,2197,449,470,2017,0.0,0,396.4,0.0,0,0,0,1,0,0,0,0,0,0,0,1,1,1,1
86509,2402,2197,450,468,2017,0.0,0,397.4,0.0,0,0,0,1,0,0,0,0,0,0,0,1,1,1,1
86519,2402,2196,450,470,2018,0.0,0,397.4,0.0,0,0,0,1,0,0,0,0,0,0,0,1,1,1,1
86529,2401,2194,451,470,2018,0.0,0,397.7,0.0,0,0,0,1,0,0,0,0,0,0,0,1,1,1,1
86539,2402,2197,454,470,2018,0.0,0,396.8,0.0,0,0,0,1,0,0,0,0,0,0,0,1,1,1,1
86549,2402,2196,449,471,2017,0.0,0,396.7,0.0,0,0,0,1,0,0,0,0,0,0,0,1,1,1,1
86559,2402,2196,450,469,2027,0.0,0,396.5,0.0,0,0,0,1,0,0,0,0,0,0,0,1,1,1,1
86569,2402,2196,449,468,2027,0.0,0,396.8,0.0,0,0,0,1,0,0,0,0,0,0,0,1,1,1,1
86579,2402,2197,451,469,2026,0.0,0,396.8,0.0,0,0,0,1,0,0,0,0,0,0,0,1,1,1,1
86589,2402,2197,452,470,2027,0.0,0,397.3,0.0,0,0,0,1,0,0,0,0,0,0,0,1,1,1,1
86599,2401,2196,451,469,2027,0.0,0,397.1,0.0,0,0,0,1,0,0,0,0,0,0,0,1,1,1,1
86609,2402,2197,450,470,2027,0.0,0,396.0,0.0,0,0,0,1,0,0,0,0,0,0,0,1,1,1,1
86619,2402,2197,450,470,2027,0.0,0,396.0,0.0,0,0,0,1,0,0,0,0,0,0,0,1,1,1,1
86629,2403,2196,449,470,2027,0.0,0,397.4,0.0,0,0,0,1,0,0,0,0,0,0,0,1,1,1,1
86639,2402,2196,450,469,2026,0.0,0,397.4,0.0,0,0,0,1,0,0,0,0,0,0,0,1,1,1,1
86649,2401,2197,449,469,2026,0.0,0,397.1,0.0,0,0,0,1,0,0,0,0,0,0,0,1,1,1,1
86659,2401,2196,450,470,2027,0.0,0,396.5,0.0,0,0,0,1,0,0,0,0,0,0,0,1,1,1,1
86669,2401,2197,451,470,2027,0.0,0,396.3,0.0,0,0,0,1,0,0,0,0,0,0,0,1,1,1,1
86679,2401,2196,451,470,2027,0.0,0,397.2,0.0,0,0,0,1,0,0,0,0,0,0,0,1,1,1,1
86689,2403,2196,450,469,2026,0.0,0,396.2,0.0,0,0,0,1,0,0,0,0,0,0,0,1,1,1,1
86699,2401,2197,450,471,2027,0.0,0,396.2,0.0,0,0,0,1,0,0,0,0,0,0,0,1,1,1,1
86709,2401,2193,450,469,2027,0.0,0,397.4,0.0,0,0,0,1,0,0,0,0,0,0,0,1,1,1,1
86719,2402,2196,451,470,2024,0.0,0,397.2,0.0,0,0,0,1,0,0,0,0,0,0,0,1,1,1,1
86729,2401,2196,455,468,2018,0.0,0,397.3,0.0,0,0,0,1,0,0,0,0,0,0,0,1,1,1,1
86739,2402,2197,450,470,2017,0.0,0,396.9,0.0,0,0,0,1,0,0,0,0,0,0,0,1,1,1,1
86749,2403,2196,450,468,2017,0.0,0,397.3,0.0,0,0,0,1,0,0,0,0,0,0,0,1,1,1,1
86759,2401,2197,450,469,2018,0.0,0,397.3,0.0,0,0,0,1,0,0,0,0,0,0,0,1,1,1,1
86769,2401,2197,450,471,2018,0.0,0,397.0,0.0,0,0,0,1,0,0,0,0,0,0,0,1,1,1,1
86779,2402,2196,450,470,2017,0.0,0,397.6,0.0,0,0,0,1,0,0,0,0,0,0,0,1,1,1,1
86789,2401,2198,450,469,2018,0.0,0,396.9,0.0,0,0,0,1,0,0,0,0,0,0,0,1,1,1,1
86799,2402,2197,450,471,2017,0.0,0,396.9,0.0,0,0,0,1,0,0,0,0,0,0,0,1,1,1,1
86809,2403,2196,450,468,2018,0.0,0,397.1,0.0,0,0,0,1,0,0,0,0,0,0,0,1,1,1,1
86819,2404,2197,449,470,2018,0.0,0,397.1,0.0,0,0,0,1,0,0,0,0,0,0,0,1,1,1,1
86829,2402,2197,450,470,2018,0.0,0,397.2,0.0,0,0,0,1,0,0,0,0,0,0,0,1,1,1,1
86839,2401,2197,449,467,2018,0.0,0,396.8,0.0,0,0,0,1,0,0,0,0,0,0,0,1,1,1,1
86850,2402,2197,450,470,2017,0.0,0,396.8,0.0,0,0,0,1,0,0,0,0,0,0,0,1,1,1,1
86860,2402,2196,450,469,2027,0.0,0,396.9,0.0,0,0,0,1,0,0,0,0,0,0,0,1,1,1,1
86870,2403,2196,450,470,2024,0.0,0,397.1,0.0,0,0,0,1,0,0,0,0,0,0,0,1,1,1,1
86880,2402,2197,450,470,2026,0.0,0,396.7,0.0,0,0,0,1,0,0,0,0,0,0,0,1,1,1,1
86890,2401,2196,450,470,2027,0.0,0,396.7,0.0,0,0,0,1,0,0,0,0,0,0,0,1,1,1,1
86900,2402,2196,449,468,2025,0.0,0,396.8,0.0,0,0,0,1,0,0,0,0,0,0,0,1,1,1,1
86910,2401,2197,450,468,2026,0.0,0,397.2,0.0,0,0,0,1,0,0,0,0,0,0,0,1,1,1,1
86920,2402,2196,450,470,2026,0.0,0,397.2,0.0,0,0,0,1,0,0,0,0,0,0,0,1,1,1,1
86930,2404,2196,449,472,2026,0.0,0,397.0,0.0,0,0,0,1,0,0,0,0,0,0,0,1,1,1,1
86940,2400,2196,450,470,2026,0.0,0,397.0,0.0,0,0,0,1,0,0,0,0,0,0,0,1,1,1,1
86950,2404,2196,451,472,2026,0.0,0,397.4,0.0,0,0,0,1,0,0,0,0,0,0,0,1,1,1,1
86960,2402,2196,449,470,2027,0.0,0,396.9,0.0,0,0,0,1,0,0,0,0,0,0,0,1,1,1,1
86970,2402,2196,450,471,2023,0.0,0,396.4,0.0,0,0,0,1,0,0,0,0,0,0,0,1,1,1,1
86980,2401,2196,450,469,2026,0.0,0,396.4,0.0,0,0,0,1,0,0,0,0,0,0,0,1,1,1,1
86990,2402,2196,449,469,2025,0.0,0,396.9,0.0,0,0,0,1,0,0,0,0,0,0,0,1,1,1,1
87000,2402,2196,451,470,2026,0.0,0,396.5,0.0,0,0,0,1,0,0,0,0,0,0,0,1,1,1,1
87010,2404,2197,450,471,2027,0.0,0,396.5,0.0,0,0,0,1,0,0,0,0,0,0,0,1,1,1,1
87020,2401,2198,449,469,2026,0.0,0,396.4,0.0,0,0,0,1,0,0,0,0,0,0,0,1,1,1,1
87030,2401,2196,450,471,2017,0.0,0,396.4,0.0,0,0,0,1,0,0,0,0,0,0,0,1,1,1,1
87040,2404,2197,450,470,2017,0.0,0,396.4,0.0,0,0,0,1,0,0,0,0,0,0,0,1,1,1,1
87050,2402,2197,449,469,2016,0.0,0,396.5,0.0,0,0,0,1,0,0,0,0,0,0,0,1,1,1,1
87060,2401,2196,450,470,2017,0.0,0,396.5,0.0,0,0,0,1,0,0,0,0,0,0,0,1,1,1,1
87070,2401,2197,451,470,2018,0.0,0,397.5,0.0,0,0,0,1,0,0,0,0,0,0,0,1,1,1,1
87080,2402,2196,449,470,2017,0.0,0,396.9,0.0,0,0,0,1,0,0,0,0,0,0,0,1,1,1,1
87090,2402,2196,450,470,2017,0.0,0,397.6,0.0,0,0,0,1,0,0,0,0,0,0,0,1,1,1,1
87100,2402,2196,450,471,2018,0.0,0,397.6,0.0,0,0,0,1,0,0,0,0,0,0,0,1,1,1,1
87110,2400,2196,450,470,2014,0.0,0,397.0,0.0,0,0,0,1,0,0,0,0,0,0,0,1,1,1,1
87120,2401,2196,450,470,2016,0.0,0,397.0,0.0,0,0,0,1,0,0,0,0,0,0,0,1,1,1,1
87130,2402,2196,450,469,2018,0.0,0,396.5,0.0,0,0,0,1,0,0,0,0,0,0,0,1,1,1,1
87140,2401,2197,449,470,2018,0.0,0,396.5,0.0,0,0,0,1,0,0,0,0,0,0,0,1,1,1,1
87150,2401,2197,450,470,2017,0.0,0,397.2,0.0,0,0,0,1,0,0,0,0,0,0,0,1,1,1,1
87160,2402,2196,449,470,2027,0.0,0,396.7,0.0,0,0,0,1,0,0,0,0,0,0,0,1,1,1,1
87170,2401,2196,450,470,2027,0.0,0,396.8,0.0,0,0,0,1,0,0,0,0,0,0,0,1,1,1,1
87180,2402,2197,449,471,2027,0.0,0,396.8,0.0,0,0,0,1,0,0,0,0,0,0,0,1,1,1,1
87190,2403,2196,448,469,2027,0.0,0,397.5,0.0,0,0,0,1,0,0,0,0,0,0,0,1,1,1,1
87200,2403,2196,448,468,2025,0.0,0,397.5,0.0,0,0,0,1,0,0,0,0,0,0,0,1,1,1,1
87210,2400,2197,449,471,2026,0.0,0,396.5,0.0,0,0,0,1,0,0,0,0,0,0,0,1,1,1,1
87220,2401,2196,451,470,2026,0.0,0,396.5,0.0,0,0,0,1,0,0,0,0,0,0,0,1,1,1,1
87230,2401,2197,450,470,2026,0.0,0,396.1,0.0,0,0,0,1,0,0,0,0,0,0,0,1,1,1,1
87240,2401,2197,451,470,2026,0.0,0,396.8,0.0,0,0,0,1,0,0,0,0,0,0,0,1,1,1,1
87250,2403,2196,450,470,2026,0.0,0,397.0,0.0,0,0,0,1,0,0,0,0,0,0,0,1,1,1,1
87260,2401,2195,451,468,2026,0.0,0,397.0,0.0,0,0,0,1,0,0,0,0,0,0,0,1,1,1,1
87270,2402,2197,449,470,2026,0.0,0,396.4,0.0,0,0,0,1,0,0,0,0,0,0,0,1,1,1,1
87280,2401,2196,450,470,2026,0.0,0,396.4,0.0,0,0,0,1,0,0,0,0,0,0,0,1,1,1,1
87290,2401,2196,451,471,2027,0.0,0,397.1,0.0,0,0,0,1,0,0,0,0,0,0,0,1,1,1,1
87300,2401,2196,450,470,2026,0.0,0,396.8,0.0,0,0,0,1,0,0,0,0,0,0,0,1,1,1,1
87310,2401,2197,451,470,2026,0.0,0,396.7,0.0,0,0,0,1,0,0,0,0,0,0,0,1,1,1,1
87320,2401,2196,450,468,2027,0.0,0,396.9,0.0,0,0,0,1,0,0,0,0,0,0,0,1,1,1,1
87330,2401,2195,449,470,2017,0.0,0,396.9,0.0,0,0,0,1,0,0,0,0,0,0,0,1,1,1,1
87340,2401,2196,449,470,2017,0.0,0,397.1,0.0,0,0,0,1,0,0,0,0,0,0,0,1,1,1,1
87350,2402,2196,450,470,2017,0.0,0,397.3,0.0,0,0,0,1,0,0,0,0,0,0,0,1,1,1,1
87360,2402,2196,446,470,2016,0.0,0,396.5,0.0,0,0,0,1,0,0,0,0,0,0,0,1,1,1,1
87370,2404,2196,450,470,2017,0.0,0,396.4,0.0,0,0,0,1,0,0,0,0,0,0,0,1,1,1,1
87380,2399,2196,450,471,2017,0.0,0,396.7,0.0,0,0,0,1,0,0,0,0,0,0,0,1,1,1,1
87391,2403,2196,449,469,2017,0.0,0,396.9,0.0,0,0,0,1,0,0,0,0,0,0,0,1,1,1,1
87401,2400,2196,450,469,2018,0.0,0,396.9,0.0,0,0,0,1,0,0,0,0,0,0,0,1,1,1,1
87411,2402,2196,450,470,2017,0.0,0,397.2,0.0,0,0,0,1,0,0,0,0,0,0,0,1,1,1,1
87421,2402,2194,449,468,2018,0.0,0,396.7,0.0,0,0,0,1,0,0,0,0,0,0,0,1,1,1,1
87431,2401,2197,449,471,2018,0.0,0,396.9,0.0,0,0,0,1,0,0,0,0,0,0,0,1,1,1,1
87441,2402,2197,450,469,2018,0.0,0,397.3,0.0,0,0,0,1,0,0,0,0,0,0,0,1,1,1,1
87451,2402,2196,450,469,2016,0.0,0,396.7,0.0,0,0,0,1,0,0,0,0,0,0,0,1,1,1,1
87461,2400,2197,450,469,2026,0.0,0,396.7,0.0,0,0,0,1,0,0,0,0,0,0,0,1,1,1,1
87471,2401,2196,448,468,2027,0.0,0,397.1,0.0,0,0,0,1,0,0,0,0,0,0,0,1,1,1,1
87481,2402,2197,450,469,2026,0.0,0,396.9,0.0,0,0,0,1,0,0,0,0,0,0,0,1,1,1,1
87491,2402,2197,451,471,2029,0.0,0,397.0,0.0,0,0,0,1,0,0,0,0,0,0,0,1,1,1,1
87501,2402,2196,451,469,2027,0.0,0,396.4,0.0,0,0,0,1,0,0,0,0,0,0,0,1,1,1,1
87511,2399,2198,450,470,2027,0.0,0,397.2,0.0,0,0,0,1,0,0,0,0,0,0,0,1,1,1,1
87521,2401,2196,451,469,2026,0.0,0,397.2,0.0,0,0,0,1,0,0,0,0,0,0,0,1,1,1,1
87531,2400,2197,449,469,2027,0.0,0,396.8,0.0,0,0,0,1,0,0,0,0,0,0,0,1,1,1,1
87541,2401,2197,449,470,2027,0.0,0,397.0,0.0,0,0,0,1,0,0,0,0,0,0,0,1,1,1,1
87551,2402,2196,450,471,2027,0.0,0,396.5,0.0,0,0,0,1,0,0,0,0,0,0,0,1,1,1,1
87561,2401,2197,450,468,2025,0.0,0,396.9,0.0,0,0,0,1,0,0,0,0,0,0,0,1,1,1,1
87571,2403,2198,449,471,2027,0.0,0,397.9,0.0,0,0,0,1,0,0,0,0,0,0,0,1,1,1,1
87581,2402,2197,451,470,2027,0.0,0,397.9,0.0,0,0,0,1,0,0,0,0,0,0,0,1,1,1,1
87591,2401,2197,447,469,2027,0.0,0,397.3,0.0,0,0,0,1,0,0,0,0,0,0,0,1,1,1,1
87601,2402,2197,450,470,2028,0.0,0,397.0,0.0,0,0,0,1,0,0,0,0,0,0,0,1,1,1,1
87611,2401,2196,450,470,2027,0.0,0,397.5,0.0,0,0,0,1,0,0,0,0,0,0,0,1,1,1,1
87621,2403,2196,450,470,2026,0.0,0,396.8,0.0,0,0,0,1,0,0,0,0,0,0,0,1,1,1,1
87631,2404,2196,450,470,2018,0.0,0,396.8,0.0,0,0,0,1,0,0,0,0,0,0,0,1,1,1,1
87641,2401,2196,449,470,2017,0.0,0,396.8,0.0,0,0,0,1,0,0,0,0,0,0,0,1,1,1,1
87651,2401,2196,449,470,2017,0.0,0,396.4,0.0,0,0,0,1,0,0,0,0,0,0,0,1,1,1,1
87661,2401,2196,450,470,2017,0.0,0,396.8,0.0,0,0,0,1,0,0,0,0,0,0,0,1,1,1,1
87671,2401,2196,451,470,2018,0.0,0,396.3,0.0,0,0,0,1,0,0,0,0,0,0,0,1,1,1,1
87681,2399,2196,449,469,2018,0.0,0,396.9,0.0,0,0,0,1,0,0,0,0,0,0,0,1,1,1,1
87691,2403,2196,449,469,2019,0.0,0,397.1,0.0,0,0,0,1,0,0,0,0,0,0,0,1,1,1,1
87701,2403,2196,450,469,2018,0.0,0,397.1,0.0,0,0,0,1,0,0,0,0,0,0,0,1,1,1,1
87711,2401,2197,450,471,2018,0.0,0,396.8,0.0,0,0,0,1,0,0,0,0,0,0,0,1,1,1,1
87721,2401,2197,450,470,2017,0.0,0,397.3,0.0,0,0,0,1,0,0,0,0,0,0,0,1,1,1,1
87731,2401,2197,451,470,2017,0.0,0,397.1,0.0,0,0,0,1,0,0,0,0,0,0,0,1,1,1,1
87741,2402,2197,451,471,2018,0.0,0,397.2,0.0,0,0,0,1,0,0,0,0,0,0,0,1,1,1,1
87751,2403,2196,450,470,2018,0.0,0,397.1,0.0,0,0,0,1,0,0,0,0,0,0,0,1,1,1,1
87761,2401,2196,450,470,2027,0.0,0,397.1,0.0,0,0,0,1,0,0,0,0,0,0,0,1,1,1,1
87771,2402,2195,451,472,2026,0.0,0,396.7,0.0,0,0,0,1,0,0,0,0,0,0,0,1,1,1,1
87781,2402,2197,449,470,2027,0.0,0,397.2,0.0,0,0,0,1,0,0,0,0,0,0,0,1,1,1,1
87791,2401,2196,450,469,2027,0.0,0,397.1,0.0,0,0,0,1,0,0,0,0,0,0,0,1,1,1,1
87801,2400,2196,450,470,2027,0.0,0,396.9,0.0,0,0,0,1,0,0,0,0,0,0,0,1,1,1,1
87811,2403,2197,450,469,2026,0.0,0,396.2,0.0,0,0,0,1,0,0,0,0,0,0,0,1,1,1,1
87821,2403,2196,450,468,2027,0.0,0,396.2,0.0,0,0,0,1,0,0,0,0,0,0,0,1,1,1,1
87831,2401,2197,451,470,2026,0.0,0,396.9,0.0,0,0,0,1,0,0,0,0,0,0,0,1,1,1,1
87841,2401,2196,452,470,2028,0.0,0,396.7,0.0,0,0,0,1,0,0,0,0,0,0,0,1,1,1,1
87851,2402,2196,449,470,2027,0.0,0,396.8,0.0,0,0,0,1,0,0,0,0,0,0,0,1,1,1,1
87861,2401,2196,449,470,2028,0.0,0,396.8,0.0,0,0,0,1,0,0,0,0,0,0,0,1,1,1,1
87871,2413,2196,449,469,2028,0.0,0,396.3,0.0,0,0,0,1,0,0,0,0,0,0,0,1,1,1,1
87881,2402,2197,450,470,2025,0.0,0,396.3,0.0,0,0,0,1,0,0,0,0,0,0,0,1,1,1,1
87891,2400,2196,450,470,2027,0.0,0,396.3,0.0,0,0,0,1,0,0,0,0,0,0,0,1,1,1,1
87901,2401,2196,449,469,2027,0.0,0,397.2,0.0,0,0,0,1,0,0,0,0,0,0,0,1,1,1,1
87911,2401,2197,451,467,2027,0.0,0,397.0,0.0,0,0,0,1,0,0,0,0,0,0,0,1,1,1,1
87921,2400,2200,450,470,2027,0.0,0,396.7,0.0,0,0,0,1,0,0,0,0,0,0,0,1,1,1,1
87931,2402,2197,450,470,2018,0.0,0,396.4,0.0,0,0,0,1,0,0,0,0,0,0,0,1,1,1,1
87941,2402,2196,450,467,2017,0.0,0,396.4,0.0,0,0,0,1,0,0,0,0,0,0,0,1,1,1,1
87951,2401,2197,449,470,2017,0.0,0,397.6,0.0,0,0,0,1,0,0,0,0,0,0,0,1,1,1,1
87961,2402,2196,450,470,2017,0.0,0,397.3,0.0,0,0,0,1,0,0,0,0,0,0,0,1,1,1,1
87971,2402,2195,449,470,2017,0.0,0,397.7,0.0,0,0,0,1,0,0,0,0,0,0,0,1,1,1,1
87981,2401,2197,449,470,2017,0.0,0,397.5,0.0,0,0,0,1,0,0,0,0,0,0,0,1,1,1,1
87991,2399,2196,450,467,2017,0.0,0,397.0,0.0,0,0,0,1,0,0,0,0,0,0,0,1,1,1,1
88001,2402,2197,445,470,2017,0.0,0,397.0,0.0,0,0,0,1,0,0,0,0,0,0,0,1,1,1,1
88011,2402,2195,451,471,2018,0.0,0,397.2,0.0,0,0,0,1,0,0,0,0,0,0,0,1,1,1,1
88021,2401,2196,450,468,2017,0.0,0,396.7,0.0,0,0,0,1,0,0,0,0,0,0,0,1,1,1,1
88031,2402,2196,449,469,2017,0.0,0,397.0,0.0,0,0,0,1,0,0,0,0,0,0,0,1,1,1,1
88041,2402,2197,446,470,2018,0.0,0,396.9,0.0,0,0,0,1,0,0,0,0,0,0,0,1,1,1,1
88051,2403,2197,449,471,2017,0.0,0,396.7,0.0,0,0,0,1,0,0,0,0,0,0,0,1,1,1,1
88061,2402,2197,451,470,2024,0.0,0,396.7,0.0,0,0,0,1,0,0,0,0,0,0,0,1,1,1,1
88071,2402,2196,450,470,2026,0.0,0,396.8,0.0,0,0,0,1,0,0,0,0,0,0,0,1,1,1,1
88081,2402,2197,450,470,2027,0.0,0,396.5,0.0,0,0,0,1,0,0,0,0,0,0,0,1,1,1,1
88091,2400,2196,452,472,2027,0.0,0,396.2,0.0,0,0,0,1,0,0,0,0,0,0,0,1,1,1,1
88101,2402,2197,450,469,2027,0.0,0,396.7,0.0,0,0,0,1,0,0,0,0,0,0,0,1,1,1,1
88111,2402,2197,449,470,2028,0.0,0,397.3,0.0,0,0,0,1,0,0,0,0,0,0,0,1,1,1,1
88121,2401,2196,450,470,2026,0.0,0,397.3,0.0,0,0,0,1,0,0,0,0,0,0,0,1,1,1,1
88131,2401,2195,449,470,2027,0.0,0,396.8,0.0,0,0,0,1,0,0,0,0,0,0,0,1,1,1,1
88141,2402,2199,452,470,2027,0.0,0,396.5,0.0,0,0,0,1,0,0,0,0,0,0,0,1,1,1,1
88151,2402,2196,451,470,2026,0.0,0,396.9,0.0,0,0,0,1,0,0,0,0,0,0,0,1,1,1,1
88161,2404,2196,449,470,2026,0.0,0,397.1,0.0,0,0,0,1,0,0,0,0,0,0,0,1,1,1,1
88171,2402,2197,451,469,2027,0.0,0,397.0,0.0,0,0,0,1,0,0,0,0,0,0,0,1,1,1,1
88181,2402,2196,449,470,2026,0.0,0,397.0,0.0,0,0,0,1,0,0,0,0,0,0,0,1,1,1,1
88191,2402,2197,451,470,2028,0.0,0,396.5,0.0,0,0,0,1,0,0,0,0,0,0,0,1,1,1,1
88201,2402,2196,453,470,2026,0.0,0,396.7,0.0,0,0,0,1,0,0,0,0,0,0,0,1,1,1,1
88211,2401,2196,451,470,2027,0.0,0,397.2,0.0,0,0,0,1,0,0,0,0,0,0,0,1,1,1,1
88221,2402,2197,450,469,2027,0.0,0,396.5,0.0,0,0,0,1,0,0,0,0,0,0,0,1,1,1,1
88231,2402,2196,449,470,2017,0.0,0,397.1,0.0,0,0,0,1,0,0,0,0,0,0,0,1,1,1,1
88241,2402,2197,450,469,2017,0.0,0,397.1,0.0,0,0,0,1,0,0,0,0,0,0,0,1,1,1,1
88251,2402,2196,450,471,2019,0.0,0,396.7,0.0,0,0,0,1,0,0,0,0,0,0,0,1,1,1,1
88261,2402,2196,449,470,2018,0.0,0,397.3,0.0,0,0,0,1,0,0,0,0,0,0,0,1,1,1,1
88272,2400,2196,449,469,2017,0.0,0,397.4,0.0,0,0,0,1,0,0,0,0,0,0,0,1,1,1,1
88282,2403,2196,449,470,2017,0.0,0,397.1,0.0,0,0,0,1,0,0,0,0,0,0,0,1,1,1,1
88292,2402,2196,450,468,2018,0.0,0,397.0,0.0,0,0,0,1,0,0,0,0,0,0,0,1,1,1,1
88303,2401,2196,450,469,2017,0.0,0,396.4,0.0,0,0,0,1,0,0,0,0,0,0,0,1,1,1,1
88313,2402,2196,451,470,2017,0.0,0,396.4,0.0,0,0,0,1,0,0,0,0,0,0,0,1,1,1,1
88323,2401,2196,448,470,2017,0.0,0,396.9,0.0,0,0,0,1,0,0,0,0,0,0,0,1,1,1,1
88333,2401,2196,450,470,2017,0.0,0,396.9,0.0,0,0,0,1,0,0,0,0,0,0,0,1,1,1,1
88343,2400,2195,450,470,2017,0.0,0,397.0,0.0,0,0,0,1,0,0,0,0,0,0,0,1,1,1,1
88353,2401,2196,450,470,2017,0.0,0,397.0,0.0,0,0,0,1,0,0,0,0,0,0,0,1,1,1,1
88363,2403,2195,448,470,2025,0.0,0,397.1,0.0,0,0,0,1,0,0,0,0,0,0,0,1,1,1,1
88373,2401,2197,449,470,2027,0.0,0,397.1,0.0,0,0,0,1,0,0,0,0,0,0,0,1,1,1,1
88383,2401,2195,449,469,2027,0.0,0,396.7,0.0,0,0,0,1,0,0,0,0,0,0,0,1,1,1,1
88393,2402,2196,449,470,2029,0.0,0,397.0,0.0,0,0,0,1,0,0,0,0,0,0,0,1,1,1,1
88403,2401,2196,452,467,2027,0.0,0,396.9,0.0,0,0,0,1,0,0,0,0,0,0,0,1,1,1,1
88413,2402,2196,451,471,2026,0.0,0,396.8,0.0,0,0,0,1,0,0,0,0,0,0,0,1,1,1,1
88423,2401,2196,450,471,2026,0.0,0,396.8,0.0,0,0,0,1,0,0,0,0,0,0,0,1,1,1,1
88433,2401,2196,449,469,2027,0.0,0,396.8,0.0,0,0,0,1,0,0,0,0,0,0,0,1,1,1,1
88443,2402,2197,450,470,2026,0.0,0,396.8,0.0,0,0,0,1,0,0,0,0,0,0,0,1,1,1,1
88453,2403,2197,449,469,2027,0.0,0,397.1,0.0,0,0,0,1,0,0,0,0,0,0,0,1,1,1,1
88463,2401,2196,451,468,2026,0.0,0,397.1,0.0,0,0,0,1,0,0,0,0,0,0,0,1,1,1,1
88473,2402,2196,450,469,2027,0.0,0,397.2,0.0,0,0,0,1,0,0,0,0,0,0,0,1,1,1,1
88483,2402,2197,451,470,2027,0.0,0,396.3,0.0,0,0,0,1,0,0,0,0,0,0,0,1,1,1,1
88493,2402,2199,449,470,2026,0.0,0,396.3,0.0,0,0,0,1,0,0,0,0,0,0,0,1,1,1,1
88503,2401,2197,450,470,2027,0.0,0,396.4,0.0,0,0,0,1,0,0,0,0,0,0,0,1,1,1,1
88513,2401,2195,448,470,2027,0.0,0,396.4,0.0,0,0,0,1,0,0,0,0,0,0,0,1,1,1,1
88523,2399,2196,450,470,2026,0.0,0,396.9,0.0,0,0,0,1,0,0,0,0,0,0,0,1,1,1,1
88533,2402,2199,450,470,2018,0.0,0,396.5,0.0,0,0,0,1,0,0,0,0,0,0,0,1,1,1,1
88543,2404,2196,451,470,2017,0.0,0,397.5,0.0,0,0,0,1,0,0,0,0,0,0,0,1,1,1,1
88553,2400,2197,447,470,2017,0.0,0,397.5,0.0,0,0,0,1,0,0,0,0,0,0,0,1,1,1,1
88563,2402,2196,450,470,2018,0.0,0,397.2,0.0,0,0,0,1,0,0,0,0,0,0,0,1,1,1,1
88573,2405,2197,450,470,2018,0.0,0,397.1,0.0,0,0,0,1,0,0,0,0,0,0,0,1,1,1,1
88583,2401,2197,451,469,2017,0.0,0,397.5,0.0,0,0,0,1,0,0,0,0,0,0,0,1,1,1,1
88593,2401,2197,450,470,2016,0.0,0,396.5,0.0,0,0,0,1,0,0,0,0,0,0,0,1,1,1,1
88603,2403,2196,449,469,2018,0.0,0,396.7,0.0,0,0,0,1,0,0,0,0,0,0,0,1,1,1,1
88613,2401,2197,449,469,2018,0.0,0,396.7,0.0,0,0,0,1,0,0,0,0,0,0,0,1,1,1,1
88623,2401,2194,450,471,2017,0.0,0,396.8,0.0,0,0,0,1,0,0,0,0,0,0,0,1,1,1,1
88633,2400,2197,451,470,2017,0.0,0,396.4,0.0,0,0,0,1,0,0,0,0,0,0,0,1,1,1,1
88643,2402,2197,449,470,2018,0.0,0,397.1,0.0,0,0,0,1,0,0,0,0,0,0,0,1,1,1,1
88653,2400,2196,448,470,2017,0.0,0,396.9,0.0,0,0,0,1,0,0,0,0,0,0,0,1,1,1,1
88663,2402,2197,450,469,2017,0.0,0,396.8,0.0,0,0,0,1,0,0,0,0,0,0,0,1,1,1,1
88673,2402,2197,450,471,2027,0.0,0,396.8,0.0,0,0,0,1,0,0,0,0,0,0,0,1,1,1,1
88683,2402,2196,450,470,2027,0.0,0,396.7,0.0,0,0,0,1,0,0,0,0,0,0,0,1,1,1,1
88693,2401,2198,450,470,2026,0.0,0,396.8,0.0,0,0,0,1,0,0,0,0,0,0,0,1,1,1,1
88703,2401,2196,450,470,2026,0.0,0,397.4,0.0,0,0,0,1,0,0,0,0,0,0,0,1,1,1,1
88713,2401,2197,450,469,2029,0.0,0,397.4,0.0,0,0,0,1,0,0,0,0,0,0,0,1,1,1,1
88723,2403,2197,450,469,2027,0.0,0,397.3,0.0,0,0,0,1,0,0,0,0,0,0,0,1,1,1,1
88733,2401,2197,450,470,2028,0.0,0,397.3,0.0,0,0,0,1,0,0,0,0,0,0,0,1,1,1,1
88743,2402,2196,448,471,2026,0.0,0,397.0,0.0,0,0,0,1,0,0,0,0,0,0,0,1,1,1,1
88753,2400,2197,451,469,2026,0.0,0,396.7,0.0,0,0,0,1,0,0,0,0,0,0,0,1,1,1,1
88763,2401,2195,449,472,2027,0.0,0,397.0,0.0,0,0,0,1,0,0,0,0,0,0,0,1,1,1,1
88773,2401,2197,450,469,2026,0.0,0,397.3,0.0,0,0,0,1,0,0,0,0,0,0,0,1,1,1,1
88783,2403,2195,450,470,2027,0.0,0,396.7,0.0,0,0,0,1,0,0,0,0,0,0,0,1,1,1,1
88793,2402,2193,450,470,2027,0.0,0,396.7,0.0,0,0,0,1,0,0,0,0,0,0,0,1,1,1,1
88803,2402,2197,449,470,2027,0.0,0,396.1,0.0,0,0,0,1,0,0,0,0,0,0,0,1,1,1,1
88813,2402,2196,449,470,2026,0.0,0,397.1,0.0,0,0,0,1,0,0,0,0,0,0,0,1,1,1,1
88823,2401,2196,450,469,2027,0.0,0,397.3,0.0,0,0,0,1,0,0,0,0,0,0,0,1,1,1,1
88833,2402,2196,450,469,2027,0.0,0,396.5,0.0,0,0,0,1,0,0,0,0,0,0,0,1,1,1,1
88843,2403,2196,449,470,2017,0.0,0,396.4,0.0,0,0,0,1,0,0,0,0,0,0,0,1,1,1,1
88853,2401,2196,448,469,2018,0.0,0,396.4,0.0,0,0,0,1,0,0,0,0,0,0,0,1,1,1,1
88863,2402,2197,450,471,2018,0.0,0,396.7,0.0,0,0,0,1,0,0,0,0,0,0,0,1,1,1,1
88873,2402,2196,449,469,2017,0.0,0,396.2,0.0,0,0,0,1,0,0,0,0,0,0,0,1,1,1,1
88884,2402,2196,448,469,2017,0.0,0,396.2,0.0,0,0,0,1,0,0,0,0,0,0,0,1,1,1,1
88894,2402,2197,449,470,2015,0.0,0,396.5,0.0,0,0,0,1,0,0,0,0,0,0,0,1,1,1,1
88904,2402,2196,450,470,2017,0.0,0,396.4,0.0,0,0,0,1,0,0,0,0,0,0,0,1,1,1,1
88915,2402,2194,449,469,2015,0.0,0,397.0,0.0,0,0,0,1,0,0,0,0,0,0,0,1,1,1,1
88925,2403,2195,450,472,2017,0.0,0,397.0,0.0,0,0,0,1,0,0,0,0,0,0,0,1,1,1,1
88935,2401,2197,449,470,2018,0.0,0,397.0,0.0,0,0,0,1,0,0,0,0,0,0,0,1,1,1,1
88945,2402,2197,451,470,2017,0.0,0,396.4,0.0,0,0,0,1,0,0,0,0,0,0,0,1,1,1,1
88955,2401,2196,449,470,2017,0.0,0,396.5,0.0,0,0,0,1,0,0,0,0,0,0,0,1,1,1,1
88965,2402,2196,450,470,2017,0.0,0,396.8,0.0,0,0,0,1,0,0,0,0,0,0,0,1,1,1,1
88975,2403,2196,450,471,2026,0.0,0,396.3,0.0,0,0,0,1,0,0,0,0,0,0,0,1,1,1,1
88985,2402,2196,446,470,2027,0.0,0,396.3,0.0,0,0,0,1,0,0,0,0,0,0,0,1,1,1,1
88995,2401,2197,450,467,2026,0.0,0,396.5,0.0,0,0,0,1,0,0,0,0,0,0,0,1,1,1,1
89005,2401,2196,449,472,2026,0.0,0,396.7,0.0,0,0,0,1,0,0,0,0,0,0,0,1,1,1,1
89015,2400,2196,448,468,2025,0.0,0,397.4,0.0,0,0,0,1,0,0,0,0,0,0,0,1,1,1,1
89025,2402,2199,451,473,2026,0.0,0,396.2,0.0,0,0,0,1,0,0,0,0,0,0,0,1,1,1,1
89035,2403,2197,450,470,2026,0.0,0,396.8,0.0,0,0,0,1,0,0,0,0,0,0,0,1,1,1,1
89045,2402,2196,449,478,2026,0.0,0,396.8,0.0,0,0,0,1,0,0,0,0,0,0,0,1,1,1,1
89055,2401,2196,450,470,2026,0.0,0,397.4,0.0,0,0,0,1,0,0,0,0,0,0,0,1,1,1,1
89065,2402,2197,450,469,2026,0.0,0,395.8,0.0,0,0,0,1,0,0,0,0,0,0,0,1,1,1,1
89075,2401,2196,450,471,2026,0.0,0,396.4,0.0,0,0,0,1,0,0,0,0,0,0,0,1,1,1,1
89085,2401,2197,450,470,2027,0.0,0,396.4,0.0,0,0,0,1,0,0,0,0,0,0,0,1,1,1,1
89095,2404,2196,451,469,2026,0.0,0,397.4,0.0,0,0,0,1,0,0,0,0,0,0,0,1,1,1,1
89105,2405,2196,453,470,2026,0.0,0,397.4,0.0,0,0,0,1,0,0,0,0,0,0,0,1,1,1,1
89116,2403,2199,448,470,2027,0.0,0,397.2,0.0,0,0,0,1,0,0,0,0,0,0,0,1,1,1,1
89126,2404,2196,451,469,2026,0.0,0,397.2,0.0,0,0,0,1,0,0,0,0,0,0,0,1,1,1,1
89136,2401,2197,450,470,2024,0.0,0,396.9,0.0,0,0,0,1,0,0,0,0,0,0,0,1,1,1,1
89146,2402,2196,451,470,2017,0.0,0,397.2,0.0,0,0,0,1,0,0,0,0,0,0,0,1,1,1,1
89156,2402,2198,450,470,2017,0.0,0,397.3,0.0,0,0,0,1,0,0,0,0,0,0,0,1,1,1,1
89167,2402,2196,449,469,2016,0.0,0,396.5,0.0,0,0,0,1,0,0,0,0,0,0,0,1,1,1,1
89177,2402,2196,450,470,2017,0.0,0,396.5,0.0,0,0,0,1,0,0,0,0,0,0,0,1,1,1,1
89187,2400,2197,449,469,2017,0.0,0,396.7,0.0,0,0,0,1,0,0,0,0,0,0,0,1,1,1,1
89197,2401,2196,448,469,2015,0.0,0,397.0,0.0,0,0,0,1,0,0,0,0,0,0,0,1,1,1,1
89207,2402,2196,452,469,2017,0.0,0,397.1,0.0,0,0,0,1,0,0,0,0,0,0,0,1,1,1,1
89219,2401,2196,450,471,2016,0.0,0,396.7,0.0,0,0,0,1,0,0,0,0,0,0,0,1,1,1,1
89229,2401,2196,450,469,2017,0.0,0,397.4,0.0,0,0,0,1,0,0,0,0,0,0,0,1,1,1,1
89239,2402,2196,449,468,2017,0.0,0,397.3,0.0,0,0,0,1,0,0,0,0,0,0,0,1,1,1,1
89249,2402,2197,449,470,2018,0.0,0,397.3,0.0,0,0,0,1,0,0,0,0,0,0,0,1,1,1,1
89259,2402,2196,450,470,2017,0.0,0,397.5,0.0,0,0,0,1,0,0,0,0,0,0,0,1,1,1,1
89269,2401,2197,448,470,2023,0.0,0,396.8,0.0,0,0,0,1,0,0,0,0,0,0,0,1,1,1,1
89279,2402,2196,451,469,2026,0.0,0,396.8,0.0,0,0,0,1,0,0,0,0,0,0,0,1,1,1,1
89289,2401,2197,449,470,2027,0.0,0,397.5,0.0,0,0,0,1,0,0,0,0,0,0,0,1,1,1,1
89299,2402,2196,454,469,2026,0.0,0,397.2,0.0,0,0,0,1,0,0,0,0,0,0,0,1,1,1,1
89309,2401,2196,450,469,2026,0.0,0,397.2,0.0,0,0,0,1,0,0,0,0,0,0,0,1,1,1,1
89319,2402,2196,450,470,2026,0.0,0,396.7,0.0,0,0,0,1,0,0,0,0,0,0,0,1,1,1,1
89329,2401,2196,450,470,2025,0.0,0,396.2,0.0,0,0,0,1,0,0,0,0,0,0,0,1,1,1,1
89339,2401,2196,451,467,2026,0.0,0,397.1,0.0,0,0,0,1,0,0,0,0,0,0,0,1,1,1,1
89349,2399,2197,450,470,2026,0.0,0,396.9,0.0,0,0,0,1,0,0,0,0,0,0,0,1,1,1,1
89359,2401,2197,450,470,2025,0.0,0,396.4,0.0,0,0,0,1,0,0,0,0,0,0,0,1,1,1,1
89369,2402,2196,451,470,2026,0.0,0,396.4,0.0,0,0,0,1,0,0,0,0,0,0,0,1,1,1,1
89379,2400,2196,451,470,2025,0.0,0,396.5,0.0,0,0,0,1,0,0,0,0,0,0,0,1,1,1,1
89389,2401,2196,450,469,2026,0.0,0,396.5,0.0,0,0,0,1,0,0,0,0,0,0,0,1,1,1,1
89399,2402,2196,450,470,2026,0.0,0,397.1,0.0,0,0,0,1,0,0,0,0,0,0,0,1,1,1,1
89409,2401,2193,452,469,2026,0.0,0,397.1,0.0,0,0,0,1,0,0,0,0,0,0,0,1,1,1,1
89419,2402,2196,449,469,2027,0.0,0,396.3,0.0,0,0,0,1,0,0,0,0,0,0,0,1,1,1,1
89429,2402,2196,450,470,2027,0.0,0,396.3,0.0,0,0,0,1,0,0,0,0,0,0,0,1,1,1,1
89439,2401,2194,450,470,2020,0.0,0,397.0,0.0,0,0,0,1,0,0,0,0,0,0,0,1,1,1,1
89449,2401,2196,450,470,2018,0.0,0,396.5,0.0,0,0,0,1,0,0,0,0,0,0,0,1,1,1,1
89460,2402,2197,450,469,2018,0.0,0,396.2,0.0,0,0,0,1,0,0,0,0,0,0,0,1,1,1,1
89470,2400,2196,451,470,2016,0.0,0,396.2,0.0,0,0,0,1,0,0,0,0,0,0,0,1,1,1,1
89480,2402,2196,450,469,2017,0.0,0,397.3,0.0,0,0,0,1,0,0,0,0,0,0,0,1,1,1,1
89491,2405,2196,449,468,2018,0.0,0,397.9,0.0,0,0,0,1,0,0,0,0,0,0,0,1,1,1,1
89501,2401,2197,450,471,2017,0.0,0,397.9,0.0,0,0,0,1,0,0,0,0,0,0,0,1,1,1,1
89511,2401,2196,449,472,2018,0.0,0,397.2,0.0,0,0,0,1,0,0,0,0,0,0,0,1,1,1,1
89521,2402,2196,441,470,2018,0.0,0,396.2,0.0,0,0,0,1,0,0,0,0,0,0,0,1,1,1,1
89531,2402,2197,450,469,2018,0.0,0,396.7,0.0,0,0,0,1,0,0,0,0,0,0,0,1,1,1,1
89541,2402,2196,450,470,2018,0.0,0,397.0,0.0,0,0,0,1,0,0,0,0,0,0,0,1,1,1,1
89551,2402,2197,448,476,2016,0.0,0,396.5,0.0,0,0,0,1,0,0,0,0,0,0,0,1,1,1,1
89561,2405,2196,449,471,2017,0.0,0,396.5,0.0,0,0,0,1,0,0,0,0,0,0,0,1,1,1,1
89571,2401,2197,450,471,2023,0.0,0,396.3,0.0,0,0,0,1,0,0,0,0,0,0,0,1,1,1,1
89581,2402,2197,450,470,2027,0.0,0,397.2,0.0,0,0,0,1,0,0,0,0,0,0,0,1,1,1,1
89591,2402,2196,449,470,2027,0.0,0,397.0,0.0,0,0,0,1,0,0,0,0,0,0,0,1,1,1,1
89602,2402,2197,447,470,2027,0.0,0,397.4,0.0,0,0,0,1,0,0,0,0,0,0,0,1,1,1,1
89612,2402,2197,446,471,2026,0.0,0,397.0,0.0,0,0,0,1,0,0,0,0,0,0,0,1,1,1,1
89622,2402,2197,451,469,2026,0.0,0,396.3,0.0,0,0,0,1,0,0,0,0,0,0,0,1,1,1,1
89632,2401,2196,448,470,2027,0.0,0,396.3,0.0,0,0,0,1,0,0,0,0,0,0,0,1,1,1,1
89642,2402,2197,450,470,2026,0.0,0,396.9,0.0,0,0,0,1,0,0,0,0,0,0,0,1,1,1,1
89652,2402,2196,450,473,2026,0.0,0,396.9,0.0,0,0,0,1,0,0,0,0,0,0,0,1,1,1,1
89662,2396,2196,449,470,2026,0.0,0,397.2,0.0,0,0,0,1,0,0,0,0,0,0,0,1,1,1,1
89672,2401,2200,450,470,2026,0.0,0,397.5,0.0,0,0,0,1,0,0,0,0,0,0,0,1,1,1,1
89682,2402,2197,450,470,2025,0.0,0,396.1,0.0,0,0,0,1,0,0,0,0,0,0,0,1,1,1,1
89692,2401,2196,451,471,2026,0.0,0,396.1,0.0,0,0,0,1,0,0,0,0,0,0,0,1,1,1,1
89702,2402,2197,449,471,2026,0.0,0,397.6,0.0,0,0,0,1,0,0,0,0,0,0,0,1,1,1,1
89712,2397,2194,449,470,2026,0.0,0,396.8,0.0,0,0,0,1,0,0,0,0,0,0,0,1,1,1,1
89722,2402,2196,449,469,2026,0.0,0,396.8,0.0,0,0,0,1,0,0,0,0,0,0,0,1,1,1,1
89732,2402,2196,450,470,2027,0.0,0,396.5,0.0,0,0,0,1,0,0,0,0,0,0,0,1,1,1,1
89742,2403,2197,452,470,2017,0.0,0,396.5,0.0,0,0,0,1,0,0,0,0,0,0,0,1,1,1,1
89752,2402,2197,451,471,2017,0.0,0,397.4,0.0,0,0,0,1,0,0,0,0,0,0,0,1,1,1,1
89762,2402,2196,450,470,2017,0.0,0,397.2,0.0,0,0,0,1,0,0,0,0,0,0,0,1,1,1,1
89772,2401,2197,449,473,2017,0.0,0,397.1,0.0,0,0,0,1,0,0,0,0,0,0,0,1,1,1,1
89782,2401,2196,450,470,2017,0.0,0,397.2,0.0,0,0,0,1,0,0,0,0,0,0,0,1,1,1,1
89792,2402,2196,450,471,2017,0.0,0,397.0,0.0,0,0,0,1,0,0,0,0,0,0,0,1,1,1,1
89802,2404,2196,451,469,2017,0.0,0,397.0,0.0,0,0,0,1,0,0,0,0,0,0,0,1,1,1,1
89812,2401,2197,450,471,2016,0.0,0,397.2,0.0,0,0,0,1,0,0,0,0,0,0,0,1,1,1,1
89822,2402,2197,450,471,2017,0.0,0,396.9,0.0,0,0,0,1,0,0,0,0,0,0,0,1,1,1,1
89832,2402,2197,451,470,2017,0.0,0,396.8,0.0,0,0,0,1,0,0,0,0,0,0,0,1,1,1,1
89842,2402,2197,449,470,2017,0.0,0,397.3,0.0,0,0,0,1,0,0,0,0,0,0,0,1,1,1,1
89852,2401,2197,449,470,2017,0.0,0,397.0,0.0,0,0,0,1,0,0,0,0,0,0,0,1,1,1,1
89863,2403,2196,450,469,2019,0.0,0,396.9,0.0,0,0,0,1,0,0,0,0,0,0,0,1,1,1,1
89873,2401,2196,449,471,2023,0.0,0,396.9,0.0,0,0,0,1,0,0,0,0,0,0,0,1,1,1,1
89883,2402,2196,450,467,2026,0.0,0,396.9,0.0,0,0,0,1,0,0,0,0,0,0,0,1,1,1,1
89893,2401,2196,450,470,2027,0.0,0,397.4,0.0,0,0,0,1,0,0,0,0,0,0,0,1,1,1,1
89904,2402,2197,449,471,2026,0.0,0,397.0,0.0,0,0,0,1,0,0,0,0,0,0,0,1,1,1,1
89914,2402,2197,451,470,2026,0.0,0,396.8,0.0,0,0,0,1,0,0,0,0,0,0,0,1,1,1,1
89924,2402,2197,451,471,2026,0.0,0,397.1,0.0,0,0,0,1,0,0,0,0,0,0,0,1,1,1,1
89934,2402,2197,450,471,2026,0.0,0,397.4,0.0,0,0,0,1,0,0,0,0,0,0,0,1,1,1,1
89944,2402,2197,450,471,2023,0.0,0,397.4,0.0,0,0,0,1,0,0,0,0,0,0,0,1,1,1,1
89955,2401,2197,449,470,2026,0.0,0,397.2,0.0,0,0,0,1,0,0,0,0,0,0,0,1,1,1,1
89965,2401,2196,446,470,2026,0.0,0,396.8,0.0,0,0,0,1,0,0,0,0,0,0,0,1,1,1,1
89975,2401,2196,450,468,2026,0.0,0,397.6,0.0,0,0,0,1,0,0,0,0,0,0,0,1,1,1,1
89985,2402,2196,450,470,2027,0.0,0,397.0,0.0,0,0,0,1,0,0,0,0,0,0,0,1,1,1,1
89995,2403,2197,449,470,2028,0.0,0,396.3,0.0,0,0,0,1,0,0,0,0,0,0,0,1,1,1,1
90005,2401,2197,450,471,2026,0.0,0,396.3,0.0,0,0,0,1,0,0,0,0,0,0,0,1,1,1,1
90015,2401,2196,450,469,2026,0.0,0,397.1,0.0,0,0,0,1,0,0,0,0,0,0,0,1,1,1,1
90025,2401,2196,450,470,2029,0.0,0,396.2,0.0,0,0,0,1,0,0,0,0,0,0,0,1,1,1,1
90036,2402,2197,449,469,2027,0.0,0,397.2,0.0,0,0,0,1,0,0,0,0,0,0,0,1,1,1,1
90046,2400,2196,450,469,2017,0.0,0,397.1,0.0,0,0,0,1,0,0,0,0,0,0,0,1,1,1,1
90056,2403,2196,450,471,2014,0.0,0,397.3,0.0,0,0,0,1,0,0,0,0,0,0,0,1,1,1,1
90066,2401,2197,450,469,2017,0.0,0,396.7,0.0,0,0,0,1,0,0,0,0,0,0,0,1,1,1,1
90076,2402,2196,449,470,2019,0.0,0,396.7,0.0,0,0,0,1,0,0,0,0,0,0,0,1,1,1,1
90086,2402,2197,451,471,2016,0.0,0,396.9,0.0,0,0,0,1,0,0,0,0,0,0,0,1,1,1,1
90096,2401,2197,448,469,2017,0.0,0,396.8,0.0,0,0,0,1,0,0,0,0,0,0,0,1,1,1,1
90106,2402,2197,451,471,2017,0.0,0,396.1,0.0,0,0,0,1,0,0,0,0,0,0,0,1,1,1,1
90117,2401,2197,450,470,2017,0.0,0,397.3,0.0,0,0,0,1,0,0,0,0,0,0,0,1,1,1,1
90127,2401,2196,448,470,2017,0.0,0,396.9,0.0,0,0,0,1,0,0,0,0,0,0,0,1,1,1,1
90137,2402,2197,451,469,2017,0.0,0,396.9,0.0,0,0,0,1,0,0,0,0,0,0,0,1,1,1,1
90147,2401,2197,450,470,2017,0.0,0,397.4,0.0,0,0,0,1,0,0,0,0,0,0,0,1,1,1,1
90157,2401,2196,448,469,2017,0.0,0,396.4,0.0,0,0,0,1,0,0,0,0,0,0,0,1,1,1,1
90167,2402,2196,449,471,2017,0.0,0,397.2,0.0,0,0,0,1,0,0,0,0,0,0,0,1,1,1,1
90177,2402,2196,448,470,2025,0.0,0,397.2,0.0,0,0,0,1,0,0,0,0,0,0,0,1,1,1,1
90187,2403,2196,449,468,2028,0.0,0,396.4,0.0,0,0,0,1,0,0,0,0,0,0,0,1,1,1,1
90197,2402,2197,450,469,2026,0.0,0,396.4,0.0,0,0,0,1,0,0,0,0,0,0,0,1,1,1,1
90207,2401,2196,449,470,2027,0.0,0,396.5,0.0,0,0,0,1,0,0,0,0,0,0,0,1,1,1,1
90217,2402,2196,450,469,2026,0.0,0,397.2,0.0,0,0,0,1,0,0,0,0,0,0,0,1,1,1,1
90227,2402,2197,448,470,2026,0.0,0,396.8,0.0,0,0,0,1,0,0,0,0,0,0,0,1,1,1,1
90238,2401,2196,448,469,2026,0.0,0,396.3,0.0,0,0,0,1,0,0,0,0,0,0,0,1,1,1,1
90248,2402,2196,450,469,2026,0.0,0,397.0,0.0,0,0,0,1,0,0,0,0,0,0,0,1,1,1,1
90258,2402,2197,449,472,2027,0.0,0,397.0,0.0,0,0,0,1,0,0,0,0,0,0,0,1,1,1,1
90268,2401,2197,449,470,2027,0.0,0,397.0,0.0,0,0,0,1,0,0,0,0,0,0,0,1,1,1,1
90278,2402,2197,450,470,2026,0.0,0,397.4,0.0,0,0,0,1,0,0,0,0,0,0,0,1,1,1,1
90326,2402,2196,448,470,2025,0.0,0,397.4,0.0,0,0,0,1,0,0,0,0,0,0,0,1,1,1,1
90336,2403,2196,450,470,2026,0.0,0,397.6,0.0,0,0,0,1,0,0,0,0,0,0,0,1,1,1,1
90346,2402,2196,451,469,2017,0.0,0,397.4,0.0,0,0,0,1,0,0,0,0,0,0,0,1,1,1,1
90358,2402,2196,450,469,2016,0.0,0,397.4,0.0,0,0,0,1,0,0,0,0,0,0,0,1,1,1,1
90368,2401,2196,450,471,2017,0.0,0,396.9,0.0,0,0,0,1,0,0,0,0,0,0,0,1,1,1,1
90379,2402,2196,451,469,2017,0.0,0,397.2,0.0,0,0,0,1,0,0,0,0,0,0,0,1,1,1,1
90389,2402,2196,449,470,2016,0.0,0,397.2,0.0,0,0,0,1,0,0,0,0,0,0,0,1,1,1,1
90399,2402,2196,449,471,2016,0.0,0,396.8,0.0,0,0,0,1,0,0,0,0,0,0,0,1,1,1,1
90409,2400,2195,451,470,2017,0.0,0,397.4,0.0,0,0,0,1,0,0,0,0,0,0,0,1,1,1,1
90419,2402,2197,450,471,2015,0.0,0,397.3,0.0,0,0,0,1,0,0,0,0,0,0,0,1,1,1,1
90429,2401,2196,449,470,2017,0.0,0,397.0,0.0,0,0,0,1,0,0,0,0,0,0,0,1,1,1,1
90439,2402,2196,450,470,2017,0.0,0,396.9,0.0,0,0,0,1,0,0,0,0,0,0,0,1,1,1,1
90449,2403,2196,449,470,2017,0.0,0,396.9,0.0,0,0,0,1,0,0,0,0,0,0,0,1,1,1,1
90459,2401,2196,450,470,2017,0.0,0,396.7,0.0,0,0,0,1,0,0,0,0,0,0,0,1,1,1,1
90469,2402,2197,450,470,2017,0.0,0,396.7,0.0,0,0,0,1,0,0,0,0,0,0,0,1,1,1,1
90479,2403,2197,451,470,2027,0.0,0,396.7,0.0,0,0,0,1,0,0,0,0,0,0,0,1,1,1,1
90489,2401,2196,450,466,2026,0.0,0,396.9,0.0,0,0,0,1,0,0,0,0,0,0,0,1,1,1,1
90499,2402,2196,449,469,2027,0.0,0,396.5,0.0,0,0,0,1,0,0,0,0,0,0,0,1,1,1,1
90509,2403,2197,450,470,2027,0.0,0,396.5,0.0,0,0,0,1,0,0,0,0,0,0,0,1,1,1,1
90519,2402,2197,450,470,2026,0.0,0,397.6,0.0,0,0,0,1,0,0,0,0,0,0,0,1,1,1,1
90529,2402,2196,450,471,2027,0.0,0,396.9,0.0,0,0,0,1,0,0,0,0,0,0,0,1,1,1,1
90539,2402,2195,449,471,2025,0.0,0,396.4,0.0,0,0,0,1,0,0,0,0,0,0,0,1,1,1,1
90549,2402,2196,450,466,2026,0.0,0,397.1,0.0,0,0,0,1,0,0,0,0,0,0,0,1,1,1,1
90559,2401,2196,448,470,2026,0.0,0,397.3,0.0,0,0,0,1,0,0,0,0,0,0,0,1,1,1,1
90569,2400,2196,451,470,2026,0.0,0,397.3,0.0,0,0,0,1,0,0,0,0,0,0,0,1,1,1,1
90579,2402,2196,450,469,2026,0.0,0,396.4,0.0,0,0,0,1,0,0,0,0,0,0,0,1,1,1,1
90589,2402,2197,449,471,2026,0.0,0,397.0,0.0,0,0,0,1,0,0,0,0,0,0,0,1,1,1,1
90599,2402,2196,450,471,2026,0.0,0,397.0,0.0,0,0,0,1,0,0,0,0,0,0,0,1,1,1,1
90609,2401,2197,448,471,2027,0.0,0,397.1,0.0,0,0,0,1,0,0,0,0,0,0,0,1,1,1,1
90619,2403,2197,450,470,2026,0.0,0,397.2,0.0,0,0,0,1,0,0,0,0,0,0,0,1,1,1,1
90629,2401,2197,447,470,2026,0.0,0,397.2,0.0,0,0,0,1,0,0,0,0,0,0,0,1,1,1,1
90639,2401,2197,451,470,2025,0.0,0,397.2,0.0,0,0,0,1,0,0,0,0,0,0,0,1,1,1,1
90649,2397,2195,450,469,2017,0.0,0,397.3,0.0,0,0,0,1,0,0,0,0,0,0,0,1,1,1,1
90659,2400,2196,449,470,2017,0.0,0,397.2,0.0,0,0,0,1,0,0,0,0,0,0,0,1,1,1,1
90669,2401,2194,450,468,2017,0.0,0,396.5,0.0,0,0,0,1,0,0,0,0,0,0,0,1,1,1,1
90679,2398,2196,450,469,2017,0.0,0,396.8,0.0,0,0,0,1,0,0,0,0,0,0,0,1,1,1,1
90689,2401,2196,450,471,2017,0.0,0,396.8,0.0,0,0,0,1,0,0,0,0,0,0,0,1,1,1,1
90699,2402,2197,449,470,2017,0.0,0,397.2,0.0,0,0,0,1,0,0,0,0,0,0,0,1,1,1,1
90709,2402,2196,451,469,2014,0.0,0,396.4,0.0,0,0,0,1,0,0,0,0,0,0,0,1,1,1,1
90719,2402,2196,450,469,2017,0.0,0,397.2,0.0,0,0,0,1,0,0,0,0,0,0,0,1,1,1,1
90729,2402,2197,450,471,2017,0.0,0,397.2,0.0,0,0,0,1,0,0,0,0,0,0,0,1,1,1,1
90739,2403,2196,449,469,2015,0.0,0,397.1,0.0,0,0,0,1,0,0,0,0,0,0,0,1,1,1,1
90749,2402,2197,451,471,2017,0.0,0,397.1,0.0,0,0,0,1,0,0,0,0,0,0,0,1,1,1,1
90759,2401,2196,450,470,2017,0.0,0,396.7,0.0,0,0,0,1,0,0,0,0,0,0,0,1,1,1,1
90769,2402,2197,449,471,2017,0.0,0,397.4,0.0,0,0,0,1,0,0,0,0,0,0,0,1,1,1,1
90779,2402,2198,449,470,2017,0.0,0,397.1,0.0,0,0,0,1,0,0,0,0,0,0,0,1,1,1,1
90789,2403,2196,450,470,2026,0.0,0,397.4,0.0,0,0,0,1,0,0,0,0,0,0,0,1,1,1,1
90799,2403,2196,448,469,2025,0.0,0,396.8,0.0,0,0,0,1,0,0,0,0,0,0,0,1,1,1,1
90809,2401,2198,450,471,2026,0.0,0,396.8,0.0,0,0,0,1,0,0,0,0,0,0,0,1,1,1,1
90819,2401,2197,449,471,2027,0.0,0,396.7,0.0,0,0,0,1,0,0,0,0,0,0,0,1,1,1,1
90829,2402,2196,451,471,2027,0.0,0,397.1,0.0,0,0,0,1,0,0,0,0,0,0,0,1,1,1,1
90839,2402,2196,450,469,2026,0.0,0,396.5,0.0,0,0,0,1,0,0,0,0,0,0,0,1,1,1,1
90849,2401,2197,450,469,2026,0.0,0,397.1,0.0,0,0,0,1,0,0,0,0,0,0,0,1,1,1,1
90859,2404,2196,450,469,2026,0.0,0,396.8,0.0,0,0,0,1,0,0,0,0,0,0,0,1,1,1,1
90869,2401,2196,449,471,2026,0.0,0,396.8,0.0,0,0,0,1,0,0,0,0,0,0,0,1,1,1,1
90879,2401,2197,448,472,2026,0.0,0,397.1,0.0,0,0,0,1,0,0,0,0,0,0,0,1,1,1,1
90889,2401,2196,449,470,2026,0.0,0,396.3,0.0,0,0,0,1,0,0,0,0,0,0,0,1,1,1,1
90899,2405,2193,449,471,2026,0.0,0,396.9,0.0,0,0,0,1,0,0,0,0,0,0,0,1,1,1,1
90909,2402,2197,450,469,2026,0.0,0,397.1,0.0,0,0,0,1,0,0,0,0,0,0,0,1,1,1,1
90919,2402,2196,446,470,2024,0.0,0,397.3,0.0,0,0,0,1,0,0,0,0,0,0,0,1,1,1,1
90929,2401,2197,449,471,2026,0.0,0,397.3,0.0,0,0,0,1,0,0,0,0,0,0,0,1,1,1,1
90939,2402,2196,445,468,2026,0.0,0,397.0,0.0,0,0,0,1,0,0,0,0,0,0,0,1,1,1,1
90949,2398,2197,450,470,2020,0.0,0,397.1,0.0,0,0,0,1,0,0,0,0,0,0,0,1,1,1,1
90959,2401,2198,450,470,2017,0.0,0,396.4,0.0,0,0,0,1,0,0,0,0,0,0,0,1,1,1,1
90969,2402,2196,449,466,2016,0.0,0,397.0,0.0,0,0,0,1,0,0,0,0,0,0,0,1,1,1,1
90979,2404,2196,449,470,2018,0.0,0,397.2,0.0,0,0,0,1,0,0,0,0,0,0,0,1,1,1,1
90989,2401,2197,450,470,2017,0.0,0,397.2,0.0,0,0,0,1,0,0,0,0,0,0,0,1,1,1,1
90999,2402,2197,450,471,2016,0.0,0,396.7,0.0,0,0,0,1,0,0,0,0,0,0,0,1,1,1,1
91009,2401,2197,450,469,2017,0.0,0,397.1,0.0,0,0,0,1,0,0,0,0,0,0,0,1,1,1,1
91019,2402,2196,451,470,2017,0.0,0,397.1,0.0,0,0,0,1,0,0,0,0,0,0,0,1,1,1,1
91029,2401,2197,451,472,2018,0.0,0,396.4,0.0,0,0,0,1,0,0,0,0,0,0,0,1,1,1,1
91039,2403,2196,449,471,2016,0.0,0,396.2,0.0,0,0,0,1,0,0,0,0,0,0,0,1,1,1,1
91049,2401,2196,450,470,2016,0.0,0,396.2,0.0,0,0,0,1,0,0,0,0,0,0,0,1,1,1,1
91059,2401,2197,450,469,2016,0.0,0,397.3,0.0,0,0,0,1,0,0,0,0,0,0,0,1,1,1,1
91069,2400,2197,450,470,2016,0.0,0,396.7,0.0,0,0,0,1,0,0,0,0,0,0,0,1,1,1,1
91079,2401,2196,449,469,2017,0.0,0,396.5,0.0,0,0,0,1,0,0,0,0,0,0,0,1,1,1,1
91089,2401,2197,449,468,2026,0.0,0,397.1,0.0,0,0,0,1,0,0,0,0,0,0,0,1,1,1,1
91099,2403,2196,447,471,2026,0.0,0,396.2,0.0,0,0,0,1,0,0,0,0,0,0,0,1,1,1,1
91109,2401,2196,450,469,2026,0.0,0,396.2,0.0,0,0,0,1,0,0,0,0,0,0,0,1,1,1,1
91119,2402,2196,450,471,2027,0.0,0,397.5,0.0,0,0,0,1,0,0,0,0,0,0,0,1,1,1,1
91129,2401,2197,450,471,2026,0.0,0,396.8,0.0,0,0,0,1,0,0,0,0,0,0,0,1,1,1,1
91139,2403,2196,451,470,2026,0.0,0,396.4,0.0,0,0,0,1,0,0,0,0,0,0,0,1,1,1,1
91149,2402,2197,450,469,2026,0.0,0,397.3,0.0,0,0,0,1,0,0,0,0,0,0,0,1,1,1,1
91159,2403,2196,449,470,2026,0.0,0,397.4,0.0,0,0,0,1,0,0,0,0,0,0,0,1,1,1,1
91169,2401,2197,450,471,2026,0.0,0,397.4,0.0,0,0,0,1,0,0,0,0,0,0,0,1,1,1,1
91179,2401,2198,450,469,2026,0.0,0,397.1,0.0,0,0,0,1,0,0,0,0,0,0,0,1,1,1,1
91189,2402,2196,450,470,2026,0.0,0,397.3,0.0,0,0,0,1,0,0,0,0,0,0,0,1,1,1,1
91199,2402,2196,449,468,2026,0.0,0,396.9,0.0,0,0,0,1,0,0,0,0,0,0,0,1,1,1,1
91209,2401,2196,452,470,2028,0.0,0,397.1,0.0,0,0,0,1,0,0,0,0,0,0,0,1,1,1,1
91219,2402,2196,448,469,2024,0.0,0,396.4,0.0,0,0,0,1,0,0,0,0,0,0,0,1,1,1,1
91229,2402,2197,452,470,2026,0.0,0,396.4,0.0,0,0,0,1,0,0,0,0,0,0,0,1,1,1,1
91239,2402,2196,451,470,2026,0.0,0,397.0,0.0,0,0,0,1,0,0,0,0,0,0,0,1,1,1,1
91249,2402,2196,450,470,2026,0.0,0,397.1,0.0,0,0,0,1,0,0,0,0,0,0,0,1,1,1,1
91259,2402,2197,451,471,2016,0.0,0,397.0,0.0,0,0,0,1,0,0,0,0,0,0,0,1,1,1,1
91269,2401,2196,449,470,2017,0.0,0,396.9,0.0,0,0,0,1,0,0,0,0,0,0,0,1,1,1,1
91279,2403,2196,449,470,2017,0.0,0,396.5,0.0,0,0,0,1,0,0,0,0,0,0,0,1,1,1,1
91289,2402,2196,451,469,2018,0.0,0,396.5,0.0,0,0,0,1,0,0,0,0,0,0,0,1,1,1,1
91299,2402,2196,451,470,2017,0.0,0,397.3,0.0,0,0,0,1,0,0,0,0,0,0,0,1,1,1,1
91309,2402,2196,450,470,2017,0.0,0,396.7,0.0,0,0,0,1,0,0,0,0,0,0,0,1,1,1,1
91319,2401,2196,448,469,2017,0.0,0,396.8,0.0,0,0,0,1,0,0,0,0,0,0,0,1,1,1,1
91329,2401,2196,447,470,2017,0.0,0,396.2,0.0,0,0,0,1,0,0,0,0,0,0,0,1,1,1,1
91339,2403,2196,449,469,2017,0.0,0,396.8,0.0,0,0,0,1,0,0,0,0,0,0,0,1,1,1,1
91349,2401,2197,449,468,2017,0.0,0,396.8,0.0,0,0,0,1,0,0,0,0,0,0,0,1,1,1,1
91359,2402,2196,450,470,2015,0.0,0,396.3,0.0,0,0,0,1,0,0,0,0,0,0,0,1,1,1,1
91369,2401,2196,450,470,2017,0.0,0,396.1,0.0,0,0,0,1,0,0,0,0,0,0,0,1,1,1,1
91379,2401,2196,449,470,2016,0.0,0,396.9,0.0,0,0,0,1,0,0,0,0,0,0,0,1,1,1,1
91389,2401,2196,449,469,2026,0.0,0,396.7,0.0,0,0,0,1,0,0,0,0,0,0,0,1,1,1,1
91399,2404,2198,449,471,2026,0.0,0,397.0,0.0,0,0,0,1,0,0,0,0,0,0,0,1,1,1,1
91409,2402,2196,449,469,2028,0.0,0,397.0,0.0,0,0,0,1,0,0,0,0,0,0,0,1,1,1,1
91419,2401,2197,449,470,2026,0.0,0,397.3,0.0,0,0,0,1,0,0,0,0,0,0,0,1,1,1,1
91429,2402,2200,449,470,2025,0.0,0,396.9,0.0,0,0,0,1,0,0,0,0,0,0,0,1,1,1,1
91441,2402,2196,449,470,2026,0.0,0,396.0,0.0,0,0,0,1,0,0,0,0,0,0,0,1,1,1,1
91451,2401,2196,451,471,2027,0.0,0,397.0,0.0,0,0,0,1,0,0,0,0,0,0,0,1,1,1,1
91461,2402,2196,448,470,2027,0.0,0,396.8,0.0,0,0,0,1,0,0,0,0,0,0,0,1,1,1,1
91471,2405,2196,449,471,2026,0.0,0,396.3,0.0,0,0,0,1,0,0,0,0,0,0,0,1,1,1,1
91481,2401,2195,451,471,2026,0.0,0,396.3,0.0,0,0,0,1,0,0,0,0,0,0,0,1,1,1,1
91491,2402,2199,449,470,2026,0.0,0,396.2,0.0,0,0,0,1,0,0,0,0,0,0,0,1,1,1,1
91501,2401,2197,449,472,2027,0.0,0,397.6,0.0,0,0,0,1,0,0,0,0,0,0,0,1,1,1,1
91511,2400,2196,450,470,2026,0.0,0,397.0,0.0,0,0,0,1,0,0,0,0,0,0,0,1,1,1,1
91521,2403,2196,449,471,2027,0.0,0,396.9,0.0,0,0,0,1,0,0,0,0,0,0,0,1,1,1,1
91531,2403,2196,449,470,2026,0.0,0,396.3,0.0,0,0,0,1,0,0,0,0,0,0,0,1,1,1,1
91541,2401,2196,450,469,2026,0.0,0,396.3,0.0,0,0,0,1,0,0,0,0,0,0,0,1,1,1,1
91551,2401,2196,450,470,2026,0.0,0,397.3,0.0,0,0,0,1,0,0,0,0,0,0,0,1,1,1,1
91561,2403,2196,450,470,2017,0.0,0,396.5,0.0,0,0,0,1,0,0,0,0,0,0,0,1,1,1,1
91571,2402,2197,450,472,2018,0.0,0,397.1,0.0,0,0,0,1,0,0,0,0,0,0,0,1,1,1,1
91581,2401,2197,449,470,2018,0.0,0,397.0,0.0,0,0,0,1,0,0,0,0,0,0,0,1,1,1,1
91591,2403,2196,450,468,2017,0.0,0,397.2,0.0,0,0,0,1,0,0,0,0,0,0,0,1,1,1,1
91601,2402,2196,449,470,2017,0.0,0,397.2,0.0,0,0,0,1,0,0,0,0,0,0,0,1,1,1,1
91611,2402,2196,450,469,2017,0.0,0,396.7,0.0,0,0,0,1,0,0,0,0,0,0,0,1,1,1,1
91621,2401,2197,449,471,2018,0.0,0,396.5,0.0,0,0,0,1,0,0,0,0,0,0,0,1,1,1,1
91631,2402,2197,452,471,2019,0.0,0,397.1,0.0,0,0,0,1,0,0,0,0,0,0,0,1,1,1,1
91641,2402,2195,448,470,2018,0.0,0,396.9,0.0,0,0,0,1,0,0,0,0,0,0,0,1,1,1,1
91651,2402,2197,449,470,2017,0.0,0,396.7,0.0,0,0,0,1,0,0,0,0,0,0,0,1,1,1,1
91661,2402,2197,450,469,2016,0.0,0,396.7,0.0,0,0,0,1,0,0,0,0,0,0,0,1,1,1,1
91671,2401,2196,452,472,2018,0.0,0,396.7,0.0,0,0,0,1,0,0,0,0,0,0,0,1,1,1,1
91681,2400,2200,450,470,2018,0.0,0,397.3,0.0,0,0,0,1,0,0,0,0,0,0,0,1,1,1,1
91691,2401,2197,450,473,2027,0.0,0,396.8,0.0,0,0,0,1,0,0,0,0,0,0,0,1,1,1,1
91701,2403,2197,451,470,2026,0.0,0,397.7,0.0,0,0,0,1,0,0,0,0,0,0,0,1,1,1,1
91711,2402,2196,449,469,2027,0.0,0,396.9,0.0,0,0,0,1,0,0,0,0,0,0,0,1,1,1,1
91721,2402,2196,451,468,2026,0.0,0,396.9,0.0,0,0,0,1,0,0,0,0,0,0,0,1,1,1,1
91731,2402,2196,450,470,2027,0.0,0,396.8,0.0,0,0,0,1,0,0,0,0,0,0,0,1,1,1,1
91741,2403,2195,449,471,2027,0.0,0,396.7,0.0,0,0,0,1,0,0,0,0,0,0,0,1,1,1,1
91751,2402,2197,448,469,2028,0.0,0,396.9,0.0,0,0,0,1,0,0,0,0,0,0,0,1,1,1,1
91761,2402,2197,454,470,2027,0.0,0,397.0,0.0,0,0,0,1,0,0,0,0,0,0,0,1,1,1,1
91771,2403,2197,450,468,2026,0.0,0,397.2,0.0,0,0,0,1,0,0,0,0,0,0,0,1,1,1,1
91781,2402,2196,450,470,2026,0.0,0,397.2,0.0,0,0,0,1,0,0,0,0,0,0,0,1,1,1,1
91791,2402,2196,450,470,2027,0.0,0,397.2,0.0,0,0,0,1,0,0,0,0,0,0,0,1,1,1,1
91801,2400,2196,451,468,2026,0.0,0,397.1,0.0,0,0,0,1,0,0,0,0,0,0,0,1,1,1,1
91811,2402,2197,449,469,2027,0.0,0,397.3,0.0,0,0,0,1,0,0,0,0,0,0,0,1,1,1,1
91821,2401,2196,448,469,2028,0.0,0,396.3,0.0,0,0,0,1,0,0,0,0,0,0,0,1,1,1,1
91832,2403,2209,451,468,2026,0.0,0,396.8,0.0,0,0,0,1,0,0,0,0,0,0,0,1,1,1,1
91843,2402,2195,450,470,2026,0.0,0,396.5,0.0,0,0,0,1,0,0,0,0,0,0,0,1,1,1,1
91853,2402,2197,450,470,2026,0.0,0,396.5,0.0,0,0,0,1,0,0,0,0,0,0,0,1,1,1,1
91863,2401,2196,450,470,2015,0.0,0,397.0,0.0,0,0,0,1,0,0,0,0,0,0,0,1,1,1,1
91873,2401,2196,449,469,2017,0.0,0,397.3,0.0,0,0,0,1,0,0,0,0,0,0,0,1,1,1,1
91883,2402,2197,450,470,2017,0.0,0,396.5,0.0,0,0,0,1,0,0,0,0,0,0,0,1,1,1,1
91893,2402,2197,451,470,2019,0.0,0,396.4,0.0,0,0,0,1,0,0,0,0,0,0,0,1,1,1,1
91903,2402,2197,451,469,2018,0.0,0,397.3,0.0,0,0,0,1,0,0,0,0,0,0,0,1,1,1,1
91913,2403,2197,450,470,2017,0.0,0,397.3,0.0,0,0,0,1,0,0,0,0,0,0,0,1,1,1,1
91923,2402,2198,450,469,2017,0.0,0,397.4,0.0,0,0,0,1,0,0,0,0,0,0,0,1,1,1,1
91933,2402,2197,449,470,2017,0.0,0,396.9,0.0,0,0,0,1,0,0,0,0,0,0,0,1,1,1,1
91943,2402,2196,450,468,2017,0.0,0,397.0,0.0,0,0,0,1,0,0,0,0,0,0,0,1,1,1,1
91953,2401,2197,450,470,2017,0.0,0,396.5,0.0,0,0,0,1,0,0,0,0,0,0,0,1,1,1,1
91963,2402,2196,453,470,2017,0.0,0,396.5,0.0,0,0,0,1,0,0,0,0,0,0,0,1,1,1,1
91973,2406,2197,450,470,2018,0.0,0,396.5,0.0,0,0,0,1,0,0,0,0,0,0,0,1,1,1,1
91983,2402,2197,450,470,2017,0.0,0,397.0,0.0,0,0,0,1,0,0,0,0,0,0,0,1,1,1,1
91993,2401,2196,451,470,2026,0.0,0,397.4,0.0,0,0,0,1,0,0,0,0,0,0,0,1,1,1,1
92003,2401,2196,449,470,2027,0.0,0,397.2,0.0,0,0,0,1,0,0,0,0,0,0,0,1,1,1,1
92013,2402,2196,450,471,2027,0.0,0,396.5,0.0,0,0,0,1,0,0,0,0,0,0,0,1,1,1,1
92023,2402,2196,447,470,2026,0.0,0,397.0,0.0,0,0,0,1,0,0,0,0,0,0,0,1,1,1,1
92033,2402,2197,449,470,2026,0.0,0,397.0,0.0,0,0,0,1,0,0,0,0,0,0,0,1,1,1,1
92043,2400,2196,447,470,2024,0.0,0,396.8,0.0,0,0,0,1,0,0,0,0,0,0,0,1,1,1,1
92053,2402,2196,450,470,2026,0.0,0,396.8,0.0,0,0,0,1,0,0,0,0,0,0,0,1,1,1,1
92063,2401,2197,450,470,2026,0.0,0,396.4,0.0,0,0,0,1,0,0,0,0,0,0,0,1,1,1,1
92073,2401,2196,447,469,2025,0.0,0,397.2,0.0,0,0,0,1,0,0,0,0,0,0,0,1,1,1,1
92083,2403,2195,448,471,2026,0.0,0,396.2,0.0,0,0,0,1,0,0,0,0,0,0,0,1,1,1,1
92093,2403,2196,450,469,2026,0.0,0,396.2,0.0,0,0,0,1,0,0,0,0,0,0,0,1,1,1,1
92103,2402,2196,451,469,2026,0.0,0,396.7,0.0,0,0,0,1,0,0,0,0,0,0,0,1,1,1,1
92113,2401,2197,449,472,2026,0.0,0,397.1,0.0,0,0,0,1,0,0,0,0,0,0,0,1,1,1,1
92123,2401,2196,450,470,2026,0.0,0,397.0,0.0,0,0,0,1,0,0,0,0,0,0,0,1,1,1,1
92133,2402,2196,450,471,2027,0.0,0,396.2,0.0,0,0,0,1,0,0,0,0,0,0,0,1,1,1,1
92143,2402,2196,449,469,2026,0.0,0,397.4,0.0,0,0,0,1,0,0,0,0,0,0,0,1,1,1,1
92153,2401,2196,448,470,2026,0.0,0,397.4,0.0,0,0,0,1,0,0,0,0,0,0,0,1,1,1,1
92163,2402,2196,449,470,2017,0.0,0,397.0,0.0,0,0,0,1,0,0,0,0,0,0,0,1,1,1,1
92173,2402,2196,451,470,2017,0.0,0,396.9,0.0,0,0,0,1,0,0,0,0,0,0,0,1,1,1,1
92183,2400,2196,450,470,2017,0.0,0,396.7,0.0,0,0,0,1,0,0,0,0,0,0,0,1,1,1,1
92193,2402,2196,450,473,2017,0.0,0,396.3,0.0,0,0,0,1,0,0,0,0,0,0,0,1,1,1,1
92203,2402,2196,449,468,2017,0.0,0,396.8,0.0,0,0,0,1,0,0,0,0,0,0,0,1,1,1,1
92213,2402,2196,450,471,2017,0.0,0,396.8,0.0,0,0,0,1,0,0,0,0,0,0,0,1,1,1,1
92223,2402,2195,450,469,2017,0.0,0,397.1,0.0,0,0,0,1,0,0,0,0,0,0,0,1,1,1,1
92233,2402,2197,449,470,2017,0.0,0,397.2,0.0,0,0,0,1,0,0,0,0,0,0,0,1,1,1,1
92243,2402,2196,450,470,2017,0.0,0,397.1,0.0,0,0,0,1,0,0,0,0,0,0,0,1,1,1,1
92253,2403,2196,451,470,2017,0.0,0,396.9,0.0,0,0,0,1,0,0,0,0,0,0,0,1,1,1,1
92263,2402,2196,451,468,2017,0.0,0,397.1,0.0,0,0,0,1,0,0,0,0,0,0,0,1,1,1,1
92273,2402,2196,450,470,2017,0.0,0,397.1,0.0,0,0,0,1,0,0,0,0,0,0,0,1,1,1,1
92283,2402,2196,452,466,2017,0.0,0,397.5,0.0,0,0,0,1,0,0,0,0,0,0,0,1,1,1,1
92293,2401,2196,450,470,2026,0.0,0,397.0,0.0,0,0,0,1,0,0,0,0,0,0,0,1,1,1,1
92303,2401,2196,450,470,2026,0.0,0,397.0,0.0,0,0,0,1,0,0,0,0,0,0,0,1,1,1,1
92313,2401,2198,450,471,2026,0.0,0,396.7,0.0,0,0,0,1,0,0,0,0,0,0,0,1,1,1,1
92323,2401,2197,445,470,2026,0.0,0,397.1,0.0,0,0,0,1,0,0,0,0,0,0,0,1,1,1,1
92333,2401,2196,450,471,2026,0.0,0,397.1,0.0,0,0,0,1,0,0,0,0,0,0,0,1,1,1,1
92343,2401,2196,450,468,2026,0.0,0,396.3,0.0,0,0,0,1,0,0,0,0,0,0,0,1,1,1,1
92353,2401,2196,450,469,2026,0.0,0,396.8,0.0,0,0,0,1,0,0,0,0,0,0,0,1,1,1,1
92363,2401,2195,449,470,2026,0.0,0,397.4,0.0,0,0,0,1,0,0,0,0,0,0,0,1,1,1,1
92373,2401,2196,448,469,2026,0.0,0,396.7,0.0,0,0,0,1,0,0,0,0,0,0,0,1,1,1,1
92383,2402,2196,451,469,2026,0.0,0,397.2,0.0,0,0,0,1,0,0,0,0,0,0,0,1,1,1,1
92393,2403,2196,451,470,2027,0.0,0,397.2,0.0,0,0,0,1,0,0,0,0,0,0,0,1,1,1,1
92403,2403,2196,450,472,2026,0.0,0,397.2,0.0,0,0,0,1,0,0,0,0,0,0,0,1,1,1,1
92413,2403,2196,449,469,2026,0.0,0,397.0,0.0,0,0,0,1,0,0,0,0,0,0,0,1,1,1,1
92423,2402,2196,450,470,2026,0.0,0,396.7,0.0,0,0,0,1,0,0,0,0,0,0,0,1,1,1,1
92433,2401,2196,450,469,2026,0.0,0,396.2,0.0,0,0,0,1,0,0,0,0,0,0,0,1,1,1,1
92443,2402,2197,451,469,2026,0.0,0,397.0,0.0,0,0,0,1,0,0,0,0,0,0,0,1,1,1,1
92453,2403,2196,450,469,2029,0.0,0,397.0,0.0,0,0,0,1,0,0,0,0,0,0,0,1,1,1,1
92463,2401,2196,449,470,2017,0.0,0,396.4,0.0,0,0,0,1,0,0,0,0,0,0,0,1,1,1,1
92473,2401,2197,451,471,2017,0.0,0,396.7,0.0,0,0,0,1,0,0,0,0,0,0,0,1,1,1,1
92483,2402,2197,451,471,2015,0.0,0,396.7,0.0,0,0,0,1,0,0,0,0,0,0,0,1,1,1,1
92493,2403,2196,451,470,2017,0.0,0,396.7,0.0,0,0,0,1,0,0,0,0,0,0,0,1,1,1,1
92503,2401,2196,450,469,2017,0.0,0,396.8,0.0,0,0,0,1,0,0,0,0,0,0,0,1,1,1,1
92513,2401,2196,449,471,2017,0.0,0,396.8,0.0,0,0,0,1,0,0,0,0,0,0,0,1,1,1,1
92523,2401,2196,451,470,2017,0.0,0,397.0,0.0,0,0,0,1,0,0,0,0,0,0,0,1,1,1,1
92533,2402,2196,450,471,2017,0.0,0,396.9,0.0,0,0,0,1,0,0,0,0,0,0,0,1,1,1,1
92543,2403,2197,451,470,2017,0.0,0,396.9,0.0,0,0,0,1,0,0,0,0,0,0,0,1,1,1,1
92553,2401,2197,450,469,2016,0.0,0,397.6,0.0,0,0,0,1,0,0,0,0,0,0,0,1,1,1,1
92563,2402,2196,449,469,2017,0.0,0,397.5,0.0,0,0,0,1,0,0,0,0,0,0,0,1,1,1,1
92573,2402,2197,449,469,2017,0.0,0,397.5,0.0,0,0,0,1,0,0,0,0,0,0,0,1,1,1,1
92583,2401,2197,450,469,2018,0.0,0,396.5,0.0,0,0,0,1,0,0,0,0,0,0,0,1,1,1,1
92593,2402,2196,450,471,2026,0.0,0,396.5,0.0,0,0,0,1,0,0,0,0,0,0,0,1,1,1,1
92603,2402,2196,453,470,2026,0.0,0,396.9,0.0,0,0,0,1,0,0,0,0,0,0,0,1,1,1,1
92613,2402,2196,450,471,2026,0.0,0,396.4,0.0,0,0,0,1,0,0,0,0,0,0,0,1,1,1,1
92623,2402,2196,451,470,2026,0.0,0,397.1,0.0,0,0,0,1,0,0,0,0,0,0,0,1,1,1,1
92633,2401,2197,449,468,2026,0.0,0,397.1,0.0,0,0,0,1,0,0,0,0,0,0,0,1,1,1,1
92643,2402,2197,450,467,2025,0.0,0,396.9,0.0,0,0,0,1,0,0,0,0,0,0,0,1,1,1,1
92653,2403,2196,450,469,2026,0.0,0,396.4,0.0,0,0,0,1,0,0,0,0,0,0,0,1,1,1,1
92663,2402,2196,449,470,2026,0.0,0,397.2,0.0,0,0,0,1,0,0,0,0,0,0,0,1,1,1,1
92673,2404,2196,451,471,2027,0.0,0,396.3,0.0,0,0,0,1,0,0,0,0,0,0,0,1,1,1,1
92683,2400,2196,449,470,2026,0.0,0,397.0,0.0,0,0,0,1,0,0,0,0,0,0,0,1,1,1,1
92693,2402,2196,449,470,2027,0.0,0,397.0,0.0,0,0,0,1,0,0,0,0,0,0,0,1,1,1,1
92703,2401,2196,449,470,2027,0.0,0,396.8,0.0,0,0,0,1,0,0,0,0,0,0,0,1,1,1,1
92713,2402,2196,448,470,2027,0.0,0,396.5,0.0,0,0,0,1,0,0,0,0,0,0,0,1,1,1,1
92723,2402,2197,450,469,2027,0.0,0,396.5,0.0,0,0,0,1,0,0,0,0,0,0,0,1,1,1,1
92733,2401,2196,450,470,2026,0.0,0,397.0,0.0,0,0,0,1,0,0,0,0,0,0,0,1,1,1,1
92743,2403,2196,449,470,2027,0.0,0,397.3,0.0,0,0,0,1,0,0,0,0,0,0,0,1,1,1,1
92753,2402,2197,448,471,2026,0.0,0,397.3,0.0,0,0,0,1,0,0,0,0,0,0,0,1,1,1,1
92763,2402,2196,449,469,2017,0.0,0,397.2,0.0,0,0,0,1,0,0,0,0,0,0,0,1,1,1,1
92773,2402,2196,451,468,2017,0.0,0,396.1,0.0,0,0,0,1,0,0,0,0,0,0,0,1,1,1,1
92783,2401,2197,447,468,2017,0.0,0,396.8,0.0,0,0,0,1,0,0,0,0,0,0,0,1,1,1,1
92793,2402,2196,448,470,2017,0.0,0,397.0,0.0,0,0,0,1,0,0,0,0,0,0,0,1,1,1,1
92803,2403,2196,448,469,2018,0.0,0,397.1,0.0,0,0,0,1,0,0,0,0,0,0,0,1,1,1,1
92813,2401,2196,449,470,2017,0.0,0,397.1,0.0,0,0,0,1,0,0,0,0,0,0,0,1,1,1,1
92823,2402,2196,450,470,2017,0.0,0,396.4,0.0,0,0,0,1,0,0,0,0,0,0,0,1,1,1,1
92833,2401,2197,450,469,2017,0.0,0,397.1,0.0,0,0,0,1,0,0,0,0,0,0,0,1,1,1,1
92843,2402,2196,450,471,2017,0.0,0,396.5,0.0,0,0,0,1,0,0,0,0,0,0,0,1,1,1,1
92853,2401,2196,450,470,2016,0.0,0,396.8,0.0,0,0,0,1,0,0,0,0,0,0,0,1,1,1,1
92863,2401,2196,452,468,2017,0.0,0,397.0,0.0,0,0,0,1,0,0,0,0,0,0,0,1,1,1,1
92873,2402,2197,450,470,2017,0.0,0,397.0,0.0,0,0,0,1,0,0,0,0,0,0,0,1,1,1,1
92883,2401,2197,450,470,2017,0.0,0,397.0,0.0,0,0,0,1,0,0,0,0,0,0,0,1,1,1,1
92893,2401,2196,449,469,2017,0.0,0,396.2,0.0,0,0,0,1,0,0,0,0,0,0,0,1,1,1,1
92903,2401,2196,453,471,2026,0.0,0,396.8,0.0,0,0,0,1,0,0,0,0,0,0,0,1,1,1,1
92913,2401,2197,449,470,2028,0.0,0,397.0,0.0,0,0,0,1,0,0,0,0,0,0,0,1,1,1,1
92923,2402,2196,450,469,2026,0.0,0,396.5,0.0,0,0,0,1,0,0,0,0,0,0,0,1,1,1,1
92933,2400,2196,449,470,2026,0.0,0,396.5,0.0,0,0,0,1,0,0,0,0,0,0,0,1,1,1,1
92943,2400,2196,451,470,2027,0.0,0,396.7,0.0,0,0,0,1,0,0,0,0,0,0,0,1,1,1,1
92953,2401,2196,450,470,2026,0.0,0,396.2,0.0,0,0,0,1,0,0,0,0,0,0,0,1,1,1,1
92963,2401,2194,449,471,2026,0.0,0,396.9,0.0,0,0,0,1,0,0,0,0,0,0,0,1,1,1,1
92973,2400,2197,450,470,2026,0.0,0,396.8,0.0,0,0,0,1,0,0,0,0,0,0,0,1,1,1,1
92983,2402,2196,449,470,2026,0.0,0,397.1,0.0,0,0,0,1,0,0,0,0,0,0,0,1,1,1,1
92993,2402,2197,449,470,2027,0.0,0,397.1,0.0,0,0,0,1,0,0,0,0,0,0,0,1,1,1,1
93003,2400,2196,450,470,2028,0.0,0,397.1,0.0,0,0,0,1,0,0,0,0,0,0,0,1,1,1,1
93013,2403,2199,450,471,2025,0.0,0,396.9,0.0,0,0,0,1,0,0,0,0,0,0,0,1,1,1,1
93023,2402,2196,446,470,2026,0.0,0,396.8,0.0,0,0,0,1,0,0,0,0,0,0,0,1,1,1,1
93033,2401,2197,449,469,2026,0.0,0,396.9,0.0,0,0,0,1,0,0,0,0,0,0,0,1,1,1,1
93043,2402,2196,449,469,2026,0.0,0,397.5,0.0,0,0,0,1,0,0,0,0,0,0,0,1,1,1,1
93053,2402,2196,449,470,2026,0.0,0,397.5,0.0,0,0,0,1,0,0,0,0,0,0,0,1,1,1,1
93063,2402,2196,451,470,2026,0.0,0,396.5,0.0,0,0,0,1,0,0,0,0,0,0,0,1,1,1,1
93073,2401,2196,449,468,2017,0.0,0,397.3,0.0,0,0,0,1,0,0,0,0,0,0,0,1,1,1,1
93083,2402,2197,450,470,2018,0.0,0,396.8,0.0,0,0,0,1,0,0,0,0,0,0,0,1,1,1,1
93093,2402,2196,451,470,2017,0.0,0,396.9,0.0,0,0,0,1,0,0,0,0,0,0,0,1,1,1,1
93103,2404,2196,451,470,2018,0.0,0,397.2,0.0,0,0,0,1,0,0,0,0,0,0,0,1,1,1,1
93113,2401,2196,450,469,2017,0.0,0,397.2,0.0,0,0,0,1,0,0,0,0,0,0,0,1,1,1,1
93123,2402,2197,449,469,2017,0.0,0,396.5,0.0,0,0,0,1,0,0,0,0,0,0,0,1,1,1,1
93133,2401,2196,451,470,2017,0.0,0,397.2,0.0,0,0,0,1,0,0,0,0,0,0,0,1,1,1,1
93143,2402,2196,449,469,2017,0.0,0,397.0,0.0,0,0,0,1,0,0,0,0,0,0,0,1,1,1,1
93153,2406,2196,451,470,2017,0.0,0,396.4,0.0,0,0,0,1,0,0,0,0,0,0,0,1,1,1,1
93163,2402,2196,448,469,2017,0.0,0,397.6,0.0,0,0,0,1,0,0,0,0,0,0,0,1,1,1,1
93173,2401,2197,450,471,2017,0.0,0,397.6,0.0,0,0,0,1,0,0,0,0,0,0,0,1,1,1,1
93183,2403,2196,451,470,2017,0.0,0,396.7,0.0,0,0,0,1,0,0,0,0,0,0,0,1,1,1,1
93193,2401,2196,449,469,2016,0.0,0,396.3,0.0,0,0,0,1,0,0,0,0,0,0,0,1,1,1,1
93203,2402,2196,448,471,2026,0.0,0,396.7,0.0,0,0,0,1,0,0,0,0,0,0,0,1,1,1,1
93213,2402,2196,449,469,2026,0.0,0,396.5,0.0,0,0,0,1,0,0,0,0,0,0,0,1,1,1,1
93223,2402,2196,448,468,2027,0.0,0,397.2,0.0,0,0,0,1,0,0,0,0,0,0,0,1,1,1,1
93233,2401,2196,450,470,2027,0.0,0,397.2,0.0,0,0,0,1,0,0,0,0,0,0,0,1,1,1,1
93243,2402,2196,450,469,2027,0.0,0,396.5,0.0,0,0,0,1,0,0,0,0,0,0,0,1,1,1,1
93253,2401,2196,452,469,2027,0.0,0,396.9,0.0,0,0,0,1,0,0,0,0,0,0,0,1,1,1,1
93263,2402,2196,449,472,2026,0.0,0,396.9,0.0,0,0,0,1,0,0,0,0,0,0,0,1,1,1,1
93273,2402,2196,449,469,2027,0.0,0,396.5,0.0,0,0,0,1,0,0,0,0,0,0,0,1,1,1,1
93283,2401,2196,451,470,2027,0.0,0,396.5,0.0,0,0,0,1,0,0,0,0,0,0,0,1,1,1,1
93293,2401,2196,450,470,2027,0.0,0,396.9,0.0,0,0,0,1,0,0,0,0,0,0,0,1,1,1,1
93303,2402,2196,447,466,2026,0.0,0,396.9,0.0,0,0,0,1,0,0,0,0,0,0,0,1,1,1,1
93313,2402,2196,450,470,2026,0.0,0,396.9,0.0,0,0,0,1,0,0,0,0,0,0,0,1,1,1,1
93323,2401,2196,449,470,2026,0.0,0,396.8,0.0,0,0,0,1,0,0,0,0,0,0,0,1,1,1,1
93333,2401,2196,450,471,2025,0.0,0,396.1,0.0,0,0,0,1,0,0,0,0,0,0,0,1,1,1,1
93343,2403,2196,449,470,2025,0.0,0,397.0,0.0,0,0,0,1,0,0,0,0,0,0,0,1,1,1,1
93353,2401,2196,450,470,2024,0.0,0,396.9,0.0,0,0,0,1,0,0,0,0,0,0,0,1,1,1,1
93364,2400,2196,450,469,2025,0.0,0,396.5,0.0,0,0,0,1,0,0,0,0,0,0,0,1,1,1,1
93374,2401,2197,449,469,2016,0.0,0,396.5,0.0,0,0,0,1,0,0,0,0,0,0,0,1,1,1,1
93384,2402,2194,449,470,2017,0.0,0,397.0,0.0,0,0,0,1,0,0,0,0,0,0,0,1,1,1,1
93395,2401,2196,448,471,2017,0.0,0,397.2,0.0,0,0,0,1,0,0,0,0,0,0,0,1,1,1,1
93405,2402,2196,450,471,2017,0.0,0,396.2,0.0,0,0,0,1,0,0,0,0,0,0,0,1,1,1,1
93416,2401,2195,449,470,2017,0.0,0,396.3,0.0,0,0,0,1,0,0,0,0,0,0,0,1,1,1,1
93426,2401,2197,448,469,2019,0.0,0,396.8,0.0,0,0,0,1,0,0,0,0,0,0,0,1,1,1,1
93436,2402,2196,447,469,2018,0.0,0,396.8,0.0,0,0,0,1,0,0,0,0,0,0,0,1,1,1,1
93446,2401,2197,449,468,2017,0.0,0,396.8,0.0,0,0,0,1,0,0,0,0,0,0,0,1,1,1,1
93456,2401,2197,450,470,2018,0.0,0,396.7,0.0,0,0,0,1,0,0,0,0,0,0,0,1,1,1,1
93466,2402,2198,450,470,2017,0.0,0,397.0,0.0,0,0,0,1,0,0,0,0,0,0,0,1,1,1,1
93477,2402,2197,451,468,2018,0.0,0,397.0,0.0,0,0,0,1,0,0,0,0,0,0,0,1,1,1,1
93487,2401,2196,449,470,2017,0.0,0,397.0,0.0,0,0,0,1,0,0,0,0,0,0,0,1,1,1,1
93497,2401,2196,449,469,2017,0.0,0,396.0,0.0,0,0,0,1,0,0,0,0,0,0,0,1,1,1,1
93507,2401,2194,449,469,2025,0.0,0,396.4,0.0,0,0,0,1,0,0,0,0,0,0,0,1,1,1,1
93517,2402,2197,449,466,2026,0.0,0,396.4,0.0,0,0,0,1,0,0,0,0,0,0,0,1,1,1,1
93527,2402,2196,449,469,2028,0.0,0,396.4,0.0,0,0,0,1,0,0,0,0,0,0,0,1,1,1,1
93537,2401,2197,450,467,2026,0.0,0,396.5,0.0,0,0,0,1,0,0,0,0,0,0,0,1,1,1,1
93547,2402,2194,450,471,2025,0.0,0,397.5,0.0,0,0,0,1,0,0,0,0,0,0,0,1,1,1,1
93557,2400,2196,450,471,2026,0.0,0,396.8,0.0,0,0,0,1,0,0,0,0,0,0,0,1,1,1,1
93567,2401,2196,451,471,2026,0.0,0,396.3,0.0,0,0,0,1,0,0,0,0,0,0,0,1,1,1,1
93577,2401,2196,453,469,2026,0.0,0,396.3,0.0,0,0,0,1,0,0,0,0,0,0,0,1,1,1,1
93587,2403,2197,450,469,2026,0.0,0,396.3,0.0,0,0,0,1,0,0,0,0,0,0,0,1,1,1,1
93597,2403,2196,452,465,2026,0.0,0,396.9,0.0,0,0,0,1,0,0,0,0,0,0,0,1,1,1,1
93607,2401,2197,450,471,2026,0.0,0,396.7,0.0,0,0,0,1,0,0,0,0,0,0,0,1,1,1,1
93617,2401,2196,451,469,2026,0.0,0,397.1,0.0,0,0,0,1,0,0,0,0,0,0,0,1,1,1,1
93627,2401,2196,448,469,2026,0.0,0,396.5,0.0,0,0,0,1,0,0,0,0,0,0,0,1,1,1,1
93637,2402,2196,452,470,2024,0.0,0,396.5,0.0,0,0,0,1,0,0,0,0,0,0,0,1,1,1,1
93647,2401,2197,450,470,2026,0.0,0,396.5,0.0,0,0,0,1,0,0,0,0,0,0,0,1,1,1,1
93657,2403,2197,449,470,2025,0.0,0,396.8,0.0,0,0,0,1,0,0,0,0,0,0,0,1,1,1,1
93667,2403,2196,449,472,2025,0.0,0,397.1,0.0,0,0,0,1,0,0,0,0,0,0,0,1,1,1,1
93677,2404,2196,448,470,2017,0.0,0,397.1,0.0,0,0,0,1,0,0,0,0,0,0,0,1,1,1,1
93687,2402,2196,451,470,2016,0.0,0,397.2,0.0,0,0,0,1,0,0,0,0,0,0,0,1,1,1,1
93697,2402,2196,450,470,2016,0.0,0,397.2,0.0,0,0,0,1,0,0,0,0,0,0,0,1,1,1,1
93707,2402,2196,449,471,2016,0.0,0,397.2,0.0,0,0,0,1,0,0,0,0,0,0,0,1,1,1,1
93717,2401,2197,449,472,2017,0.0,0,396.8,0.0,0,0,0,1,0,0,0,0,0,0,0,1,1,1,1
93727,2401,2196,450,471,2017,0.0,0,396.5,0.0,0,0,0,1,0,0,0,0,0,0,0,1,1,1,1
93737,2401,2196,448,470,2016,0.0,0,397.9,0.0,0,0,0,1,0,0,0,0,0,0,0,1,1,1,1
93747,2401,2197,449,470,2016,0.0,0,396.8,0.0,0,0,0,1,0,0,0,0,0,0,0,1,1,1,1
93757,2398,2197,448,469,2016,0.0,0,396.4,0.0,0,0,0,1,0,0,0,0,0,0,0,1,1,1,1
93767,2401,2196,449,469,2016,0.0,0,396.4,0.0,0,0,0,1,0,0,0,0,0,0,0,1,1,1,1
93777,2401,2196,449,470,2016,0.0,0,397.0,0.0,0,0,0,1,0,0,0,0,0,0,0,1,1,1,1
93787,2402,2195,449,468,2016,0.0,0,396.3,0.0,0,0,0,1,0,0,0,0,0,0,0,1,1,1,1
93797,2402,2197,451,470,2017,0.0,0,397.1,0.0,0,0,0,1,0,0,0,0,0,0,0,1,1,1,1
93807,2402,2197,450,469,2026,0.0,0,397.1,0.0,0,0,0,1,0,0,0,0,0,0,0,1,1,1,1
93817,2402,2197,449,470,2025,0.0,0,397.1,0.0,0,0,0,1,0,0,0,0,0,0,0,1,1,1,1
93827,2401,2197,449,469,2025,0.0,0,397.1,0.0,0,0,0,1,0,0,0,0,0,0,0,1,1,1,1
93837,2402,2200,449,470,2025,0.0,0,397.1,0.0,0,0,0,1,0,0,0,0,0,0,0,1,1,1,1
93847,2402,2195,450,470,2025,0.0,0,396.5,0.0,0,0,0,1,0,0,0,0,0,0,0,1,1,1,1
93857,2402,2197,450,471,2026,0.0,0,396.8,0.0,0,0,0,1,0,0,0,0,0,0,0,1,1,1,1
93867,2402,2196,449,470,2026,0.0,0,396.1,0.0,0,0,0,1,0,0,0,0,0,0,0,1,1,1,1
93877,2402,2196,449,470,2025,0.0,0,396.1,0.0,0,0,0,1,0,0,0,0,0,0,0,1,1,1,1
93887,2401,2198,448,470,2025,0.0,0,396.1,0.0,0,0,0,1,0,0,0,0,0,0,0,1,1,1,1
93897,2400,2197,447,471,2026,0.0,0,396.7,0.0,0,0,0,1,0,0,0,0,0,0,0,1,1,1,1
93907,2402,2194,450,470,2025,0.0,0,397.4,0.0,0,0,0,1,0,0,0,0,0,0,0,1,1,1,1
93917,2401,2196,449,470,2025,0.0,0,396.5,0.0,0,0,0,1,0,0,0,0,0,0,0,1,1,1,1
93927,2401,2197,450,471,2026,0.0,0,397.0,0.0,0,0,0,1,0,0,0,0,0,0,0,1,1,1,1
93937,2402,2197,450,470,2025,0.0,0,397.0,0.0,0,0,0,1,0,0,0,0,0,0,0,1,1,1,1
93947,2402,2197,448,471,2026,0.0,0,397.0,0.0,0,0,0,1,0,0,0,0,0,0,0,1,1,1,1
93957,2403,2196,450,470,2025,0.0,0,396.9,0.0,0,0,0,1,0,0,0,0,0,0,0,1,1,1,1
93967,2397,2196,446,470,2025,0.0,0,396.7,0.0,0,0,0,1,0,0,0,0,0,0,0,1,1,1,1
93977,2402,2197,448,469,2016,0.0,0,396.7,0.0,0,0,0,1,0,0,0,0,0,0,0,1,1,1,1
93987,2402,2196,450,469,2013,0.0,0,397.0,0.0,0,0,0,1,0,0,0,0,0,0,0,1,1,1,1
93997,2402,2196,451,470,2015,0.0,0,397.0,0.0,0,0,0,1,0,0,0,0,0,0,0,1,1,1,1
94007,2403,2196,450,469,2016,0.0,0,397.0,0.0,0,0,0,1,0,0,0,0,0,0,0,1,1,1,1
94017,2401,2196,449,469,2015,0.0,0,396.5,0.0,0,0,0,1,0,0,0,0,0,0,0,1,1,1,1
94027,2401,2197,452,472,2016,0.0,0,397.3,0.0,0,0,0,1,0,0,0,0,0,0,0,1,1,1,1
94037,2400,2196,450,470,2016,0.0,0,397.2,0.0,0,0,0,1,0,0,0,0,0,0,0,1,1,1,1
94047,2402,2197,450,471,2016,0.0,0,397.9,0.0,0,0,0,1,0,0,0,0,0,0,0,1,1,1,1
94057,2401,2197,450,470,2016,0.0,0,397.9,0.0,0,0,0,1,0,0,0,0,0,0,0,1,1,1,1
94067,2402,2196,448,470,2016,0.0,0,397.9,0.0,0,0,0,1,0,0,0,0,0,0,0,1,1,1,1
94077,2401,2197,449,471,2016,0.0,0,396.7,0.0,0,0,0,1,0,0,0,0,0,0,0,1,1,1,1
94087,2402,2197,449,470,2016,0.0,0,396.9,0.0,0,0,0,1,0,0,0,0,0,0,0,1,1,1,1
94097,2401,2197,450,468,2017,0.0,0,397.0,0.0,0,0,0,1,0,0,0,0,0,0,0,1,1,1,1
94107,2402,2197,450,470,2025,0.0,0,396.9,0.0,0,0,0,1,0,0,0,0,0,0,0,1,1,1,1
94117,2400,2196,450,471,2025,0.0,0,396.7,0.0,0,0,0,1,0,0,0,0,0,0,0,1,1,1,1
94127,2402,2197,449,470,2027,0.0,0,396.7,0.0,0,0,0,1,0,0,0,0,0,0,0,1,1,1,1
94137,2401,2197,451,470,2025,0.0,0,396.9,0.0,0,0,0,1,0,0,0,0,0,0,0,1,1,1,1
94147,2402,2197,449,469,2025,0.0,0,396.2,0.0,0,0,0,1,0,0,0,0,0,0,0,1,1,1,1
94157,2402,2197,448,470,2025,0.0,0,397.5,0.0,0,0,0,1,0,0,0,0,0,0,0,1,1,1,1
94167,2402,2197,450,470,2022,0.0,0,397.1,0.0,0,0,0,1,0,0,0,0,0,0,0,1,1,1,1
94177,2401,2196,451,469,2025,0.0,0,397.1,0.0,0,0,0,1,0,0,0,0,0,0,0,1,1,1,1
94187,2402,2196,449,471,2025,0.0,0,397.1,0.0,0,0,0,1,0,0,0,0,0,0,0,1,1,1,1
94197,2403,2197,449,469,2026,0.0,0,397.3,0.0,0,0,0,1,0,0,0,0,0,0,0,1,1,1,1
94207,2401,2197,450,472,2025,0.0,0,396.3,0.0,0,0,0,1,0,0,0,0,0,0,0,1,1,1,1
94217,2402,2196,451,470,2025,0.0,0,397.2,0.0,0,0,0,1,0,0,0,0,0,0,0,1,1,1,1
94227,2403,2196,451,470,2025,0.0,0,396.4,0.0,0,0,0,1,0,0,0,0,0,0,0,1,1,1,1
94237,2403,2196,449,470,2026,0.0,0,396.4,0.0,0,0,0,1,0,0,0,0,0,0,0,1,1,1,1
94247,2401,2197,451,470,2025,0.0,0,396.4,0.0,0,0,0,1,0,0,0,0,0,0,0,1,1,1,1
94257,2401,2196,450,469,2025,0.0,0,396.4,0.0,0,0,0,1,0,0,0,0,0,0,0,1,1,1,1
94267,2402,2196,449,470,2025,0.0,0,396.7,0.0,0,0,0,1,0,0,0,0,0,0,0,1,1,1,1
94277,2401,2197,449,469,2017,0.0,0,397.3,0.0,0,0,0,1,0,0,0,0,0,0,0,1,1,1,1
94287,2402,2196,450,469,2015,0.0,0,397.4,0.0,0,0,0,1,0,0,0,0,0,0,0,1,1,1,1
94297,2401,2196,449,469,2016,0.0,0,397.4,0.0,0,0,0,1,0,0,0,0,0,0,0,1,1,1,1
94307,2402,2196,451,470,2016,0.0,0,397.4,0.0,0,0,0,1,0,0,0,0,0,0,0,1,1,1,1
94317,2401,2196,450,470,2016,0.0,0,397.5,0.0,0,0,0,1,0,0,0,0,0,0,0,1,1,1,1
94327,2402,2196,450,470,2016,0.0,0,397.0,0.0,0,0,0,1,0,0,0,0,0,0,0,1,1,1,1
94337,2401,2196,449,470,2018,0.0,0,397.5,0.0,0,0,0,1,0,0,0,0,0,0,0,1,1,1,1
94347,2401,2197,450,469,2016,0.0,0,396.3,0.0,0,0,0,1,0,0,0,0,0,0,0,1,1,1,1
94357,2401,2196,450,470,2016,0.0,0,396.3,0.0,0,0,0,1,0,0,0,0,0,0,0,1,1,1,1
94367,2401,2196,449,471,2017,0.0,0,396.3,0.0,0,0,0,1,0,0,0,0,0,0,0,1,1,1,1
94377,2402,2196,450,470,2016,0.0,0,396.9,0.0,0,0,0,1,0,0,0,0,0,0,0,1,1,1,1
94387,2402,2196,449,470,2016,0.0,0,397.3,0.0,0,0,0,1,0,0,0,0,0,0,0,1,1,1,1
94397,2401,2197,449,470,2016,0.0,0,397.4,0.0,0,0,0,1,0,0,0,0,0,0,0,1,1,1,1
94407,2401,2196,450,468,2027,0.0,0,397.9,0.0,0,0,0,1,0,0,0,0,0,0,0,1,1,1,1
94417,2404,2196,449,470,2027,0.0,0,397.9,0.0,0,0,0,1,0,0,0,0,0,0,0,1,1,1,1
94427,2401,2196,450,469,2025,0.0,0,397.9,0.0,0,0,0,1,0,0,0,0,0,0,0,1,1,1,1
94437,2402,2196,448,469,2025,0.0,0,396.7,0.0,0,0,0,1,0,0,0,0,0,0,0,1,1,1,1
94447,2402,2197,450,469,2026,0.0,0,397.4,0.0,0,0,0,1,0,0,0,0,0,0,0,1,1,1,1
94457,2402,2196,451,470,2025,0.0,0,396.3,0.0,0,0,0,1,0,0,0,0,0,0,0,1,1,1,1
94467,2402,2200,449,471,2026,0.0,0,397.1,0.0,0,0,0,1,0,0,0,0,0,0,0,1,1,1,1
94477,2402,2196,450,471,2026,0.0,0,397.1,0.0,0,0,0,1,0,0,0,0,0,0,0,1,1,1,1
94487,2402,2196,451,470,2025,0.0,0,397.1,0.0,0,0,0,1,0,0,0,0,0,0,0,1,1,1,1
94497,2401,2197,449,472,2025,0.0,0,396.4,0.0,0,0,0,1,0,0,0,0,0,0,0,1,1,1,1
94507,2402,2196,451,471,2025,0.0,0,397.6,0.0,0,0,0,1,0,0,0,0,0,0,0,1,1,1,1
94517,2401,2197,450,470,2026,0.0,0,396.9,0.0,0,0,0,1,0,0,0,0,0,0,0,1,1,1,1
94527,2402,2197,450,471,2025,0.0,0,397.4,0.0,0,0,0,1,0,0,0,0,0,0,0,1,1,1,1
94537,2402,2196,450,474,2024,0.0,0,397.4,0.0,0,0,0,1,0,0,0,0,0,0,0,1,1,1,1
94547,2403,2196,449,470,2025,0.0,0,397.4,0.0,0,0,0,1,0,0,0,0,0,0,0,1,1,1,1
94557,2404,2196,449,470,2026,0.0,0,396.5,0.0,0,0,0,1,0,0,0,0,0,0,0,1,1,1,1
94567,2401,2197,450,470,2025,0.0,0,397.1,0.0,0,0,0,1,0,0,0,0,0,0,0,1,1,1,1
94577,2404,2195,450,468,2016,0.0,0,396.5,0.0,0,0,0,1,0,0,0,0,0,0,0,1,1,1,1
94587,2401,2196,449,469,2017,0.0,0,397.1,0.0,0,0,0,1,0,0,0,0,0,0,0,1,1,1,1
94597,2402,2197,451,470,2016,0.0,0,397.1,0.0,0,0,0,1,0,0,0,0,0,0,0,1,1,1,1
94607,2404,2196,450,470,2017,0.0,0,397.0,0.0,0,0,0,1,0,0,0,0,0,0,0,1,1,1,1
94617,2404,2196,450,471,2016,0.0,0,396.5,0.0,0,0,0,1,0,0,0,0,0,0,0,1,1,1,1
94627,2402,2197,449,472,2016,0.0,0,396.8,0.0,0,0,0,1,0,0,0,0,0,0,0,1,1,1,1
94637,2401,2195,452,473,2016,0.0,0,397.0,0.0,0,0,0,1,0,0,0,0,0,0,0,1,1,1,1
94647,2401,2196,450,470,2015,0.0,0,396.8,0.0,0,0,0,1,0,0,0,0,0,0,0,1,1,1,1
94657,2402,2196,449,468,2016,0.0,0,397.3,0.0,0,0,0,1,0,0,0,0,0,0,0,1,1,1,1
94667,2402,2196,450,471,2016,0.0,0,397.3,0.0,0,0,0,1,0,0,0,0,0,0,0,1,1,1,1
94677,2401,2197,450,470,2016,0.0,0,396.9,0.0,0,0,0,1,0,0,0,0,0,0,0,1,1,1,1
94687,2401,2193,451,470,2016,0.0,0,397.5,0.0,0,0,0,1,0,0,0,0,0,0,0,1,1,1,1
94697,2403,2195,449,469,2017,0.0,0,397.0,0.0,0,0,0,1,0,0,0,0,0,0,0,1,1,1,1
94707,2401,2196,449,469,2023,0.0,0,396.5,0.0,0,0,0,1,0,0,0,0,0,0,0,1,1,1,1
94717,2403,2196,450,469,2025,0.0,0,396.5,0.0,0,0,0,1,0,0,0,0,0,0,0,1,1,1,1
94727,2403,2197,450,470,2026,0.0,0,396.5,0.0,0,0,0,1,0,0,0,0,0,0,0,1,1,1,1
94737,2402,2196,450,470,2026,0.0,0,396.8,0.0,0,0,0,1,0,0,0,0,0,0,0,1,1,1,1
94747,2402,2193,450,470,2025,0.0,0,396.7,0.0,0,0,0,1,0,0,0,0,0,0,0,1,1,1,1
94757,2401,2196,449,469,2025,0.0,0,397.0,0.0,0,0,0,1,0,0,0,0,0,0,0,1,1,1,1
94767,2400,2196,450,469,2025,0.0,0,396.0,0.0,0,0,0,1,0,0,0,0,0,0,0,1,1,1,1
94777,2401,2196,451,470,2025,0.0,0,396.0,0.0,0,0,0,1,0,0,0,0,0,0,0,1,1,1,1
94787,2402,2196,451,471,2026,0.0,0,396.0,0.0,0,0,0,1,0,0,0,0,0,0,0,1,1,1,1
94797,2405,2197,449,467,2028,0.0,0,397.0,0.0,0,0,0,1,0,0,0,0,0,0,0,1,1,1,1
94807,2401,2197,449,470,2026,0.0,0,397.0,0.0,0,0,0,1,0,0,0,0,0,0,0,1,1,1,1
94817,2402,2196,450,470,2023,0.0,0,397.3,0.0,0,0,0,1,0,0,0,0,0,0,0,1,1,1,1
94827,2403,2196,451,469,2025,0.0,0,396.5,0.0,0,0,0,1,0,0,0,0,0,0,0,1,1,1,1
94837,2400,2196,451,473,2024,0.0,0,396.5,0.0,0,0,0,1,0,0,0,0,0,0,0,1,1,1,1
94847,2401,2196,450,470,2025,0.0,0,396.5,0.0,0,0,0,1,0,0,0,0,0,0,0,1,1,1,1
94857,2402,2197,450,471,2025,0.0,0,396.5,0.0,0,0,0,1,0,0,0,0,0,0,0,1,1,1,1
94867,2402,2196,449,471,2025,0.0,0,397.4,0.0,0,0,0,1,0,0,0,0,0,0,0,1,1,1,1
94877,2402,2197,449,470,2017,0.0,0,396.9,0.0,0,0,0,1,0,0,0,0,0,0,0,1,1,1,1
94887,2402,2196,449,470,2016,0.0,0,397.5,0.0,0,0,0,1,0,0,0,0,0,0,0,1,1,1,1
94897,2403,2196,449,470,2016,0.0,0,397.5,0.0,0,0,0,1,0,0,0,0,0,0,0,1,1,1,1
94907,2402,2196,450,470,2016,0.0,0,397.5,0.0,0,0,0,1,0,0,0,0,0,0,0,1,1,1,1
94917,2401,2196,449,470,2016,0.0,0,396.2,0.0,0,0,0,1,0,0,0,0,0,0,0,1,1,1,1
94927,2402,2197,450,470,2016,0.0,0,397.5,0.0,0,0,0,1,0,0,0,0,0,0,0,1,1,1,1
94937,2401,2197,449,469,2016,0.0,0,396.9,0.0,0,0,0,1,0,0,0,0,0,0,0,1,1,1,1
94947,2401,2197,448,470,2016,0.0,0,397.0,0.0,0,0,0,1,0,0,0,0,0,0,0,1,1,1,1
94957,2403,2195,451,468,2016,0.0,0,397.5,0.0,0,0,0,1,0,0,0,0,0,0,0,1,1,1,1
94967,2399,2196,449,470,2016,0.0,0,397.5,0.0,0,0,0,1,0,0,0,0,0,0,0,1,1,1,1
94977,2402,2196,449,471,2017,0.0,0,396.9,0.0,0,0,0,1,0,0,0,0,0,0,0,1,1,1,1
94987,2402,2197,450,470,2016,0.0,0,396.8,0.0,0,0,0,1,0,0,0,0,0,0,0,1,1,1,1
94997,2402,2196,450,472,2016,0.0,0,396.8,0.0,0,0,0,1,0,0,0,0,0,0,0,1,1,1,1
95007,2402,2196,449,470,2015,0.0,0,396.8,0.0,0,0,0,1,0,0,0,0,0,0,0,1,1,1,1
95017,2402,2196,451,469,2024,0.0,0,396.8,0.0,0,0,0,1,0,0,0,0,0,0,0,1,1,1,1
95027,2403,2197,450,471,2025,0.0,0,396.8,0.0,0,0,0,1,0,0,0,0,0,0,0,1,1,1,1
95037,2401,2197,450,471,2025,0.0,0,396.9,0.0,0,0,0,1,0,0,0,0,0,0,0,1,1,1,1
95047,2402,2197,450,470,2025,0.0,0,397.1,0.0,0,0,0,1,0,0,0,0,0,0,0,1,1,1,1
95057,2401,2196,450,470,2025,0.0,0,397.3,0.0,0,0,0,1,0,0,0,0,0,0,0,1,1,1,1
95067,2402,2197,449,470,2025,0.0,0,396.9,0.0,0,0,0,1,0,0,0,0,0,0,0,1,1,1,1
95077,2402,2197,451,470,2025,0.0,0,396.9,0.0,0,0,0,1,0,0,0,0,0,0,0,1,1,1,1
95087,2402,2196,449,470,2025,0.0,0,396.9,0.0,0,0,0,1,0,0,0,0,0,0,0,1,1,1,1
95097,2402,2197,450,471,2024,0.0,0,396.5,0.0,0,0,0,1,0,0,0,0,0,0,0,1,1,1,1
95107,2401,2197,451,470,2026,0.0,0,396.2,0.0,0,0,0,1,0,0,0,0,0,0,0,1,1,1,1
95117,2402,2193,450,470,2025,0.0,0,397.6,0.0,0,0,0,1,0,0,0,0,0,0,0,1,1,1,1
95127,2402,2197,450,469,2028,0.0,0,397.0,0.0,0,0,0,1,0,0,0,0,0,0,0,1,1,1,1
95137,2401,2201,449,470,2027,0.0,0,397.0,0.0,0,0,0,1,0,0,0,0,0,0,0,1,1,1,1
95147,2399,2195,452,470,2027,0.0,0,397.0,0.0,0,0,0,1,0,0,0,0,0,0,0,1,1,1,1
95157,2401,2196,449,470,2026,0.0,0,397.0,0.0,0,0,0,1,0,0,0,0,0,0,0,1,1,1,1
95167,2403,2200,448,469,2026,0.0,0,396.0,0.0,0,0,0,1,0,0,0,0,0,0,0,1,1,1,1
95177,2401,2196,448,470,2026,0.0,0,397.4,0.0,0,0,0,1,0,0,0,0,0,0,0,1,1,1,1
95187,2401,2196,450,469,2017,0.0,0,396.3,0.0,0,0,0,1,0,0,0,0,0,0,0,1,1,1,1
95197,2404,2197,449,472,2016,0.0,0,396.3,0.0,0,0,0,1,0,0,0,0,0,0,0,1,1,1,1
95207,2403,2196,449,470,2016,0.0,0,396.3,0.0,0,0,0,1,0,0,0,0,0,0,0,1,1,1,1
95217,2400,2197,450,471,2014,0.0,0,397.2,0.0,0,0,0,1,0,0,0,0,0,0,0,1,1,1,1
95227,2399,2197,449,470,2015,0.0,0,396.4,0.0,0,0,0,1,0,0,0,0,0,0,0,1,1,1,1
95237,2401,2196,449,470,2018,0.0,0,397.0,0.0,0,0,0,1,0,0,0,0,0,0,0,1,1,1,1
95247,2401,2196,449,471,2016,0.0,0,397.4,0.0,0,0,0,1,0,0,0,0,0,0,0,1,1,1,1
95257,2402,2197,449,470,2016,0.0,0,397.4,0.0,0,0,0,1,0,0,0,0,0,0,0,1,1,1,1
95267,2403,2196,451,470,2020,0.0,0,397.4,0.0,0,0,0,1,0,0,0,0,0,0,0,1,1,1,1
95277,2403,2196,450,470,2017,0.0,0,397.6,0.0,0,0,0,1,0,0,0,0,0,0,0,1,1,1,1
95287,2401,2196,448,470,2017,0.0,0,396.5,0.0,0,0,0,1,0,0,0,0,0,0,0,1,1,1,1
95297,2402,2196,449,471,2017,0.0,0,396.1,0.0,0,0,0,1,0,0,0,0,0,0,0,1,1,1,1
95307,2400,2196,450,468,2019,0.0,0,396.5,0.0,0,0,0,1,0,0,0,0,0,0,0,1,1,1,1
95317,2402,2196,451,470,2025,0.0,0,396.5,0.0,0,0,0,1,0,0,0,0,0,0,0,1,1,1,1
95327,2400,2196,449,468,2026,0.0,0,396.5,0.0,0,0,0,1,0,0,0,0,0,0,0,1,1,1,1
95337,2399,2196,450,470,2025,0.0,0,397.0,0.0,0,0,0,1,0,0,0,0,0,0,0,1,1,1,1
95347,2405,2196,449,469,2026,0.0,0,397.3,0.0,0,0,0,1,0,0,0,0,0,0,0,1,1,1,1
95357,2403,2196,450,471,2025,0.0,0,396.7,0.0,0,0,0,1,0,0,0,0,0,0,0,1,1,1,1
95367,2403,2193,450,470,2025,0.0,0,397.3,0.0,0,0,0,1,0,0,0,0,0,0,0,1,1,1,1
95377,2403,2196,451,470,2025,0.0,0,397.1,0.0,0,0,0,1,0,0,0,0,0,0,0,1,1,1,1
95387,2402,2196,451,470,2026,0.0,0,397.1,0.0,0,0,0,1,0,0,0,0,0,0,0,1,1,1,1
95397,2402,2196,450,470,2026,0.0,0,396.9,0.0,0,0,0,1,0,0,0,0,0,0,0,1,1,1,1
95407,2403,2196,449,470,2026,0.0,0,396.8,0.0,0,0,0,1,0,0,0,0,0,0,0,1,1,1,1
95418,2402,2197,450,472,2026,0.0,0,396.8,0.0,0,0,0,1,0,0,0,0,0,0,0,1,1,1,1
95428,2402,2212,449,470,2026,0.0,0,396.5,0.0,0,0,0,1,0,0,0,0,0,0,0,1,1,1,1
95438,2403,2197,450,470,2026,0.0,0,396.5,0.0,0,0,0,1,0,0,0,0,0,0,0,1,1,1,1
95448,2403,2196,449,469,2025,0.0,0,396.5,0.0,0,0,0,1,0,0,0,0,0,0,0,1,1,1,1
95458,2401,2197,449,470,2026,0.0,0,397.2,0.0,0,0,0,1,0,0,0,0,0,0,0,1,1,1,1
95468,2401,2197,449,469,2026,0.0,0,397.0,0.0,0,0,0,1,0,0,0,0,0,0,0,1,1,1,1
95478,2401,2197,450,472,2026,0.0,0,396.7,0.0,0,0,0,1,0,0,0,0,0,0,0,1,1,1,1
95488,2401,2197,450,471,2016,0.0,0,397.5,0.0,0,0,0,1,0,0,0,0,0,0,0,1,1,1,1
95498,2401,2196,449,470,2015,0.0,0,397.5,0.0,0,0,0,1,0,0,0,0,0,0,0,1,1,1,1
95508,2402,2197,449,470,2017,0.0,0,397.5,0.0,0,0,0,1,0,0,0,0,0,0,0,1,1,1,1
95518,2401,2197,450,471,2017,0.0,0,396.8,0.0,0,0,0,1,0,0,0,0,0,0,0,1,1,1,1
95528,2402,2196,450,470,2017,0.0,0,396.8,0.0,0,0,0,1,0,0,0,0,0,0,0,1,1,1,1
95538,2402,2197,450,472,2017,0.0,0,397.2,0.0,0,0,0,1,0,0,0,0,0,0,0,1,1,1,1
95548,2401,2197,449,470,2016,0.0,0,396.9,0.0,0,0,0,1,0,0,0,0,0,0,0,1,1,1,1
95558,2401,2196,451,470,2016,0.0,0,396.9,0.0,0,0,0,1,0,0,0,0,0,0,0,1,1,1,1
95569,2402,2196,449,469,2016,0.0,0,397.2,0.0,0,0,0,1,0,0,0,0,0,0,0,1,1,1,1
95579,2401,2197,451,469,2017,0.0,0,397.2,0.0,0,0,0,1,0,0,0,0,0,0,0,1,1,1,1
95589,2402,2197,449,470,2017,0.0,0,396.0,0.0,0,0,0,1,0,0,0,0,0,0,0,1,1,1,1
95599,2401,2196,449,469,2017,0.0,0,396.8,0.0,0,0,0,1,0,0,0,0,0,0,0,1,1,1,1
95609,2401,2197,448,470,2016,0.0,0,396.5,0.0,0,0,0,1,0,0,0,0,0,0,0,1,1,1,1
95619,2402,2196,451,471,2026,0.0,0,396.8,0.0,0,0,0,1,0,0,0,0,0,0,0,1,1,1,1
95629,2402,2196,450,469,2026,0.0,0,396.7,0.0,0,0,0,1,0,0,0,0,0,0,0,1,1,1,1
95639,2401,2196,449,470,2026,0.0,0,396.7,0.0,0,0,0,1,0,0,0,0,0,0,0,1,1,1,1
95649,2402,2197,450,470,2026,0.0,0,396.5,0.0,0,0,0,1,0,0,0,0,0,0,0,1,1,1,1
95659,2401,2199,449,470,2026,0.0,0,397.1,0.0,0,0,0,1,0,0,0,0,0,0,0,1,1,1,1
95669,2404,2196,450,471,2025,0.0,0,397.0,0.0,0,0,0,1,0,0,0,0,0,0,0,1,1,1,1
95679,2402,2196,449,470,2025,0.0,0,397.0,0.0,0,0,0,1,0,0,0,0,0,0,0,1,1,1,1
95689,2402,2196,449,471,2026,0.0,0,396.8,0.0,0,0,0,1,0,0,0,0,0,0,0,1,1,1,1
95699,2402,2196,450,471,2026,0.0,0,396.8,0.0,0,0,0,1,0,0,0,0,0,0,0,1,1,1,1
95709,2400,2197,450,469,2026,0.0,0,396.7,0.0,0,0,0,1,0,0,0,0,0,0,0,1,1,1,1
95719,2401,2196,451,471,2026,0.0,0,396.9,0.0,0,0,0,1,0,0,0,0,0,0,0,1,1,1,1
95729,2401,2197,450,471,2026,0.0,0,396.8,0.0,0,0,0,1,0,0,0,0,0,0,0,1,1,1,1
95739,2404,2196,450,470,2025,0.0,0,396.3,0.0,0,0,0,1,0,0,0,0,0,0,0,1,1,1,1
95749,2403,2196,449,471,2026,0.0,0,397.3,0.0,0,0,0,1,0,0,0,0,0,0,0,1,1,1,1
95759,2404,2197,449,469,2026,0.0,0,397.3,0.0,0,0,0,1,0,0,0,0,0,0,0,1,1,1,1
95769,2402,2196,450,469,2026,0.0,0,396.8,0.0,0,0,0,1,0,0,0,0,0,0,0,1,1,1,1
95779,2402,2197,449,469,2026,0.0,0,397.9,0.0,0,0,0,1,0,0,0,0,0,0,0,1,1,1,1
95789,2401,2197,451,470,2017,0.0,0,397.2,0.0,0,0,0,1,0,0,0,0,0,0,0,1,1,1,1
95799,2402,2196,450,470,2017,0.0,0,396.9,0.0,0,0,0,1,0,0,0,0,0,0,0,1,1,1,1
95809,2402,2196,450,469,2017,0.0,0,396.9,0.0,0,0,0,1,0,0,0,0,0,0,0,1,1,1,1
95819,2405,2197,450,470,2017,0.0,0,396.9,0.0,0,0,0,1,0,0,0,0,0,0,0,1,1,1,1
95829,2399,2197,449,470,2017,0.0,0,397.6,0.0,0,0,0,1,0,0,0,0,0,0,0,1,1,1,1
95839,2402,2197,451,471,2016,0.0,0,397.0,0.0,0,0,0,1,0,0,0,0,0,0,0,1,1,1,1
95849,2402,2196,449,471,2017,0.0,0,397.6,0.0,0,0,0,1,0,0,0,0,0,0,0,1,1,1,1
95859,2402,2196,451,469,2016,0.0,0,397.6,0.0,0,0,0,1,0,0,0,0,0,0,0,1,1,1,1
95869,2402,2197,449,470,2016,0.0,0,397.2,0.0,0,0,0,1,0,0,0,0,0,0,0,1,1,1,1
95879,2403,2197,450,470,2016,0.0,0,397.2,0.0,0,0,0,1,0,0,0,0,0,0,0,1,1,1,1
95889,2402,2196,450,470,2016,0.0,0,397.0,0.0,0,0,0,1,0,0,0,0,0,0,0,1,1,1,1
95899,2403,2197,450,469,2016,0.0,0,396.5,0.0,0,0,0,1,0,0,0,0,0,0,0,1,1,1,1
95909,2400,2197,451,470,2019,0.0,0,396.9,0.0,0,0,0,1,0,0,0,0,0,0,0,1,1,1,1
95919,2401,2197,449,472,2025,0.0,0,396.9,0.0,0,0,0,1,0,0,0,0,0,0,0,1,1,1,1
95929,2402,2196,449,470,2026,0.0,0,397.1,0.0,0,0,0,1,0,0,0,0,0,0,0,1,1,1,1
95939,2402,2197,449,470,2026,0.0,0,397.1,0.0,0,0,0,1,0,0,0,0,0,0,0,1,1,1,1
95949,2401,2196,450,470,2025,0.0,0,396.7,0.0,0,0,0,1,0,0,0,0,0,0,0,1,1,1,1
95959,2402,2196,449,470,2025,0.0,0,396.5,0.0,0,0,0,1,0,0,0,0,0,0,0,1,1,1,1
95969,2401,2196,450,469,2025,0.0,0,397.1,0.0,0,0,0,1,0,0,0,0,0,0,0,1,1,1,1
95979,2402,2196,449,469,2026,0.0,0,396.5,0.0,0,0,0,1,0,0,0,0,0,0,0,1,1,1,1
95989,2401,2196,449,471,2025,0.0,0,396.9,0.0,0,0,0,1,0,0,0,0,0,0,0,1,1,1,1
95999,2402,2197,450,470,2025,0.0,0,396.9,0.0,0,0,0,1,0,0,0,0,0,0,0,1,1,1,1
96009,2402,2197,449,471,2026,0.0,0,397.0,0.0,0,0,0,1,0,0,0,0,0,0,0,1,1,1,1
96019,2402,2197,450,469,2025,0.0,0,397.3,0.0,0,0,0,1,0,0,0,0,0,0,0,1,1,1,1
96029,2397,2197,449,471,2025,0.0,0,396.7,0.0,0,0,0,1,0,0,0,0,0,0,0,1,1,1,1
96039,2402,2196,451,470,2025,0.0,0,396.7,0.0,0,0,0,1,0,0,0,0,0,0,0,1,1,1,1
96049,2402,2196,450,470,2026,0.0,0,396.7,0.0,0,0,0,1,0,0,0,0,0,0,0,1,1,1,1
96059,2402,2198,450,467,2025,0.0,0,396.7,0.0,0,0,0,1,0,0,0,0,0,0,0,1,1,1,1
96069,2402,2198,449,471,2025,0.0,0,397.0,0.0,0,0,0,1,0,0,0,0,0,0,0,1,1,1,1
96079,2402,2197,450,471,2026,0.0,0,396.4,0.0,0,0,0,1,0,0,0,0,0,0,0,1,1,1,1
96089,2402,2197,450,467,2016,0.0,0,397.4,0.0,0,0,0,1,0,0,0,0,0,0,0,1,1,1,1
96099,2401,2197,451,470,2016,0.0,0,397.4,0.0,0,0,0,1,0,0,0,0,0,0,0,1,1,1,1
96109,2402,2196,449,470,2016,0.0,0,396.8,0.0,0,0,0,1,0,0,0,0,0,0,0,1,1,1,1
96119,2402,2196,450,470,2016,0.0,0,396.8,0.0,0,0,0,1,0,0,0,0,0,0,0,1,1,1,1
96129,2402,2196,449,470,2016,0.0,0,396.5,0.0,0,0,0,1,0,0,0,0,0,0,0,1,1,1,1
96139,2397,2196,450,470,2017,0.0,0,397.4,0.0,0,0,0,1,0,0,0,0,0,0,0,1,1,1,1
96149,2401,2197,450,470,2017,0.0,0,396.5,0.0,0,0,0,1,0,0,0,0,0,0,0,1,1,1,1
96159,2402,2197,451,469,2017,0.0,0,396.5,0.0,0,0,0,1,0,0,0,0,0,0,0,1,1,1,1
96169,2403,2194,449,469,2016,0.0,0,397.5,0.0,0,0,0,1,0,0,0,0,0,0,0,1,1,1,1
96179,2403,2196,451,470,2017,0.0,0,397.5,0.0,0,0,0,1,0,0,0,0,0,0,0,1,1,1,1
96189,2402,2195,450,470,2019,0.0,0,396.8,0.0,0,0,0,1,0,0,0,0,0,0,0,1,1,1,1
96199,2402,2197,450,470,2016,0.0,0,397.0,0.0,0,0,0,1,0,0,0,0,0,0,0,1,1,1,1
96209,2399,2194,448,470,2016,0.0,0,396.9,0.0,0,0,0,1,0,0,0,0,0,0,0,1,1,1,1
96219,2402,2196,452,470,2026,0.0,0,396.9,0.0,0,0,0,1,0,0,0,0,0,0,0,1,1,1,1
96229,2402,2196,448,469,2025,0.0,0,397.2,0.0,0,0,0,1,0,0,0,0,0,0,0,1,1,1,1
96239,2401,2196,448,468,2026,0.0,0,397.2,0.0,0,0,0,1,0,0,0,0,0,0,0,1,1,1,1
96249,2402,2197,449,470,2026,0.0,0,396.2,0.0,0,0,0,1,0,0,0,0,0,0,0,1,1,1,1
96259,2402,2197,451,470,2025,0.0,0,396.8,0.0,0,0,0,1,0,0,0,0,0,0,0,1,1,1,1
96269,2401,2197,450,470,2026,0.0,0,396.4,0.0,0,0,0,1,0,0,0,0,0,0,0,1,1,1,1
96279,2402,2193,449,468,2027,0.0,0,396.9,0.0,0,0,0,1,0,0,0,0,0,0,0,1,1,1,1
96289,2401,2196,450,469,2025,0.0,0,396.9,0.0,0,0,0,1,0,0,0,0,0,0,0,1,1,1,1
96299,2404,2196,457,470,2025,0.0,0,396.9,0.0,0,0,0,1,0,0,0,0,0,0,0,1,1,1,1
96309,2403,2197,448,467,2025,0.0,0,396.4,0.0,0,0,0,1,0,0,0,0,0,0,0,1,1,1,1
96319,2402,2195,451,470,2025,0.0,0,397.5,0.0,0,0,0,1,0,0,0,0,0,0,0,1,1,1,1
96329,2401,2193,449,471,2025,0.0,0,397.3,0.0,0,0,0,1,0,0,0,0,0,0,0,1,1,1,1
96339,2400,2198,449,471,2025,0.0,0,397.3,0.0,0,0,0,1,0,0,0,0,0,0,0,1,1,1,1
96350,2404,2196,450,469,2025,0.0,0,396.3,0.0,0,0,0,1,0,0,0,0,0,0,0,1,1,1,1
96360,2402,2196,449,471,2025,0.0,0,396.7,0.0,0,0,0,1,0,0,0,0,0,0,0,1,1,1,1
96370,2401,2196,447,470,2026,0.0,0,396.7,0.0,0,0,0,1,0,0,0,0,0,0,0,1,1,1,1
96380,2401,2196,449,471,2025,0.0,0,396.3,0.0,0,0,0,1,0,0,0,0,0,0,0,1,1,1,1
96390,2401,2196,450,470,2016,0.0,0,397.1,0.0,0,0,0,1,0,0,0,0,0,0,0,1,1,1,1
96400,2403,2196,450,471,2016,0.0,0,396.9,0.0,0,0,0,1,0,0,0,0,0,0,0,1,1,1,1
96410,2402,2198,449,472,2017,0.0,0,396.3,0.0,0,0,0,1,0,0,0,0,0,0,0,1,1,1,1
96420,2402,2197,448,471,2016,0.0,0,397.3,0.0,0,0,0,1,0,0,0,0,0,0,0,1,1,1,1
96430,2401,2196,450,470,2017,0.0,0,397.3,0.0,0,0,0,1,0,0,0,0,0,0,0,1,1,1,1
96440,2403,2197,450,471,2017,0.0,0,396.5,0.0,0,0,0,1,0,0,0,0,0,0,0,1,1,1,1
96450,2401,2197,449,470,2017,0.0,0,397.3,0.0,0,0,0,1,0,0,0,0,0,0,0,1,1,1,1
96460,2400,2197,449,469,2017,0.0,0,397.3,0.0,0,0,0,1,0,0,0,0,0,0,0,1,1,1,1
96470,2403,2196,448,469,2018,0.0,0,396.5,0.0,0,0,0,1,0,0,0,0,0,0,0,1,1,1,1
96481,2403,2197,449,471,2017,0.0,0,397.0,0.0,0,0,0,1,0,0,0,0,0,0,0,1,1,1,1
96491,2399,2196,449,470,2016,0.0,0,397.0,0.0,0,0,0,1,0,0,0,0,0,0,0,1,1,1,1
96501,2400,2196,450,471,2018,0.0,0,397.0,0.0,0,0,0,1,0,0,0,0,0,0,0,1,1,1,1
96511,2401,2197,451,469,2017,0.0,0,397.0,0.0,0,0,0,1,0,0,0,0,0,0,0,1,1,1,1
96521,2402,2196,447,467,2027,0.0,0,397.0,0.0,0,0,0,1,0,0,0,0,0,0,0,1,1,1,1
96531,2422,2196,451,470,2026,0.0,0,396.9,0.0,0,0,0,1,0,0,0,0,0,0,0,1,1,1,1
96541,2404,2195,449,469,2025,0.0,0,397.0,0.0,0,0,0,1,0,0,0,0,0,0,0,1,1,1,1
96551,2402,2197,450,469,2026,0.0,0,397.0,0.0,0,0,0,1,0,0,0,0,0,0,0,1,1,1,1
96561,2402,2196,450,470,2029,0.0,0,396.7,0.0,0,0,0,1,0,0,0,0,0,0,0,1,1,1,1
96571,2402,2197,452,469,2027,0.0,0,396.9,0.0,0,0,0,1,0,0,0,0,0,0,0,1,1,1,1
96581,2401,2197,449,470,2026,0.0,0,396.9,0.0,0,0,0,1,0,0,0,0,0,0,0,1,1,1,1
96591,2402,2196,450,470,2028,0.0,0,397.0,0.0,0,0,0,1,0,0,0,0,0,0,0,1,1,1,1
96601,2403,2196,451,470,2025,0.0,0,396.8,0.0,0,0,0,1,0,0,0,0,0,0,0,1,1,1,1
96611,2402,2196,451,470,2027,0.0,0,396.8,0.0,0,0,0,1,0,0,0,0,0,0,0,1,1,1,1
96621,2401,2196,450,469,2026,0.0,0,396.9,0.0,0,0,0,1,0,0,0,0,0,0,0,1,1,1,1
96631,2402,2197,450,471,2026,0.0,0,396.1,0.0,0,0,0,1,0,0,0,0,0,0,0,1,1,1,1
96641,2402,2197,451,470,2025,0.0,0,396.1,0.0,0,0,0,1,0,0,0,0,0,0,0,1,1,1,1
96651,2402,2197,450,470,2025,0.0,0,396.7,0.0,0,0,0,1,0,0,0,0,0,0,0,1,1,1,1
96661,2399,2197,450,470,2026,0.0,0,397.5,0.0,0,0,0,1,0,0,0,0,0,0,0,1,1,1,1
96671,2402,2200,450,470,2026,0.0,0,397.5,0.0,0,0,0,1,0,0,0,0,0,0,0,1,1,1,1
96681,2401,2197,450,468,2026,0.0,0,397.0,0.0,0,0,0,1,0,0,0,0,0,0,0,1,1,1,1
96691,2402,2196,446,470,2018,0.0,0,397.1,0.0,0,0,0,1,0,0,0,0,0,0,0,1,1,1,1
96701,2401,2197,449,470,2016,0.0,0,397.1,0.0,0,0,0,1,0,0,0,0,0,0,0,1,1,1,1
96711,2402,2197,448,470,2017,0.0,0,397.6,0.0,0,0,0,1,0,0,0,0,0,0,0,1,1,1,1
96721,2402,2193,450,471,2017,0.0,0,396.7,0.0,0,0,0,1,0,0,0,0,0,0,0,1,1,1,1
96731,2402,2197,450,470,2017,0.0,0,396.7,0.0,0,0,0,1,0,0,0,0,0,0,0,1,1,1,1
96741,2402,2197,452,471,2017,0.0,0,397.2,0.0,0,0,0,1,0,0,0,0,0,0,0,1,1,1,1
96751,2402,2197,449,470,2017,0.0,0,396.5,0.0,0,0,0,1,0,0,0,0,0,0,0,1,1,1,1
96761,2402,2196,449,470,2017,0.0,0,396.5,0.0,0,0,0,1,0,0,0,0,0,0,0,1,1,1,1
96771,2402,2196,451,472,2017,0.0,0,397.0,0.0,0,0,0,1,0,0,0,0,0,0,0,1,1,1,1
96781,2403,2197,449,469,2016,0.0,0,397.0,0.0,0,0,0,1,0,0,0,0,0,0,0,1,1,1,1
96791,2403,2198,453,469,2016,0.0,0,397.0,0.0,0,0,0,1,0,0,0,0,0,0,0,1,1,1,1
96801,2402,2196,450,469,2017,0.0,0,397.0,0.0,0,0,0,1,0,0,0,0,0,0,0,1,1,1,1
96811,2401,2197,450,470,2016,0.0,0,396.5,0.0,0,0,0,1,0,0,0,0,0,0,0,1,1,1,1
96821,2402,2196,449,470,2014,0.0,0,396.5,0.0,0,0,0,1,0,0,0,0,0,0,0,1,1,1,1
96831,2402,2197,449,469,2026,0.0,0,396.5,0.0,0,0,0,1,0,0,0,0,0,0,0,1,1,1,1
96841,2402,2196,450,469,2025,0.0,0,396.7,0.0,0,0,0,1,0,0,0,0,0,0,0,1,1,1,1
96851,2403,2197,450,470,2025,0.0,0,396.7,0.0,0,0,0,1,0,0,0,0,0,0,0,1,1,1,1
96861,2400,2197,450,472,2026,0.0,0,396.5,0.0,0,0,0,1,0,0,0,0,0,0,0,1,1,1,1
96871,2397,2197,450,470,2026,0.0,0,397.1,0.0,0,0,0,1,0,0,0,0,0,0,0,1,1,1,1
96881,2401,2196,448,472,2027,0.0,0,397.1,0.0,0,0,0,1,0,0,0,0,0,0,0,1,1,1,1
96891,2401,2197,450,471,2026,0.0,0,397.4,0.0,0,0,0,1,0,0,0,0,0,0,0,1,1,1,1
96901,2404,2195,449,469,2025,0.0,0,397.5,0.0,0,0,0,1,0,0,0,0,0,0,0,1,1,1,1
96911,2402,2196,451,471,2025,0.0,0,397.5,0.0,0,0,0,1,0,0,0,0,0,0,0,1,1,1,1
96921,2401,2197,451,469,2026,0.0,0,396.5,0.0,0,0,0,1,0,0,0,0,0,0,0,1,1,1,1
96931,2401,2196,447,471,2027,0.0,0,396.3,0.0,0,0,0,1,0,0,0,0,0,0,0,1,1,1,1
96943,2402,2196,450,470,2026,0.0,0,396.3,0.0,0,0,0,1,0,0,0,0,0,0,0,1,1,1,1
96953,2401,2196,449,470,2025,0.0,0,396.4,0.0,0,0,0,1,0,0,0,0,0,0,0,1,1,1,1
96963,2401,2197,449,470,2025,0.0,0,397.1,0.0,0,0,0,1,0,0,0,0,0,0,0,1,1,1,1
96973,2403,2196,450,470,2026,0.0,0,397.1,0.0,0,0,0,1,0,0,0,0,0,0,0,1,1,1,1
96983,2402,2197,450,471,2025,0.0,0,397.1,0.0,0,0,0,1,0,0,0,0,0,0,0,1,1,1,1
96993,2402,2197,450,470,2017,0.0,0,396.5,0.0,0,0,0,1,0,0,0,0,0,0,0,1,1,1,1
97003,2401,2197,450,470,2016,0.0,0,396.5,0.0,0,0,0,1,0,0,0,0,0,0,0,1,1,1,1
97013,2402,2196,450,470,2016,0.0,0,396.9,0.0,0,0,0,1,0,0,0,0,0,0,0,1,1,1,1
97023,2402,2196,451,470,2016,0.0,0,397.7,0.0,0,0,0,1,0,0,0,0,0,0,0,1,1,1,1
97033,2402,2196,450,469,2016,0.0,0,396.2,0.0,0,0,0,1,0,0,0,0,0,0,0,1,1,1,1
97043,2402,2195,449,470,2015,0.0,0,396.2,0.0,0,0,0,1,0,0,0,0,0,0,0,1,1,1,1
97053,2401,2196,448,470,2016,0.0,0,397.5,0.0,0,0,0,1,0,0,0,0,0,0,0,1,1,1,1
97063,2402,2197,450,470,2016,0.0,0,397.5,0.0,0,0,0,1,0,0,0,0,0,0,0,1,1,1,1
97073,2402,2196,449,469,2016,0.0,0,396.8,0.0,0,0,0,1,0,0,0,0,0,0,0,1,1,1,1
97083,2401,2197,449,471,2015,0.0,0,397.4,0.0,0,0,0,1,0,0,0,0,0,0,0,1,1,1,1
97093,2402,2197,449,470,2016,0.0,0,396.5,0.0,0,0,0,1,0,0,0,0,0,0,0,1,1,1,1
97103,2402,2196,451,470,2016,0.0,0,396.5,0.0,0,0,0,1,0,0,0,0,0,0,0,1,1,1,1
97113,2401,2197,451,470,2017,0.0,0,396.8,0.0,0,0,0,1,0,0,0,0,0,0,0,1,1,1,1
97123,2402,2197,450,473,2016,0.0,0,396.9,0.0,0,0,0,1,0,0,0,0,0,0,0,1,1,1,1
97133,2402,2197,448,470,2026,0.0,0,396.2,0.0,0,0,0,1,0,0,0,0,0,0,0,1,1,1,1
97143,2401,2196,450,470,2025,0.0,0,396.2,0.0,0,0,0,1,0,0,0,0,0,0,0,1,1,1,1
97153,2405,2196,451,470,2025,0.0,0,396.7,0.0,0,0,0,1,0,0,0,0,0,0,0,1,1,1,1
97163,2402,2196,450,469,2025,0.0,0,396.7,0.0,0,0,0,1,0,0,0,0,0,0,0,1,1,1,1
97173,2401,2197,450,470,2026,0.0,0,397.3,0.0,0,0,0,1,0,0,0,0,0,0,0,1,1,1,1
97183,2402,2199,451,470,2025,0.0,0,397.3,0.0,0,0,0,1,0,0,0,0,0,0,0,1,1,1,1
97193,2401,2196,449,471,2024,0.0,0,397.5,0.0,0,0,0,1,0,0,0,0,0,0,0,1,1,1,1
97203,2402,2198,450,469,2025,0.0,0,397.1,0.0,0,0,0,1,0,0,0,0,0,0,0,1,1,1,1
97213,2403,2196,450,469,2026,0.0,0,396.9,0.0,0,0,0,1,0,0,0,0,0,0,0,1,1,1,1
97223,2402,2197,450,471,2026,0.0,0,396.9,0.0,0,0,0,1,0,0,0,0,0,0,0,1,1,1,1
97233,2402,2196,449,469,2026,0.0,0,397.1,0.0,0,0,0,1,0,0,0,0,0,0,0,1,1,1,1
97243,2403,2194,450,470,2026,0.0,0,397.3,0.0,0,0,0,1,0,0,0,0,0,0,0,1,1,1,1
97253,2403,2196,449,469,2025,0.0,0,397.2,0.0,0,0,0,1,0,0,0,0,0,0,0,1,1,1,1
97263,2401,2196,450,470,2025,0.0,0,397.3,0.0,0,0,0,1,0,0,0,0,0,0,0,1,1,1,1
97273,2403,2196,450,471,2025,0.0,0,396.9,0.0,0,0,0,1,0,0,0,0,0,0,0,1,1,1,1
97283,2402,2196,450,469,2025,0.0,0,396.9,0.0,0,0,0,1,0,0,0,0,0,0,0,1,1,1,1
97293,2401,2196,450,469,2021,0.0,0,396.7,0.0,0,0,0,1,0,0,0,0,0,0,0,1,1,1,1
97303,2401,2196,451,469,2017,0.0,0,396.7,0.0,0,0,0,1,0,0,0,0,0,0,0,1,1,1,1
97313,2401,2197,451,469,2017,0.0,0,396.4,0.0,0,0,0,1,0,0,0,0,0,0,0,1,1,1,1
97323,2401,2198,449,470,2016,0.0,0,396.9,0.0,0,0,0,1,0,0,0,0,0,0,0,1,1,1,1
97333,2401,2196,450,468,2016,0.0,0,396.9,0.0,0,0,0,1,0,0,0,0,0,0,0,1,1,1,1
97343,2402,2195,450,470,2017,0.0,0,396.9,0.0,0,0,0,1,0,0,0,0,0,0,0,1,1,1,1
97353,2400,2196,449,469,2016,0.0,0,396.0,0.0,0,0,0,1,0,0,0,0,0,0,0,1,1,1,1
97363,2402,2196,447,471,2014,0.0,0,396.8,0.0,0,0,0,1,0,0,0,0,0,0,0,1,1,1,1
97373,2401,2196,449,468,2016,0.0,0,396.8,0.0,0,0,0,1,0,0,0,0,0,0,0,1,1,1,1
97383,2404,2196,450,467,2016,0.0,0,396.7,0.0,0,0,0,1,0,0,0,0,0,0,0,1,1,1,1
97393,2401,2193,449,470,2017,0.0,0,397.1,0.0,0,0,0,1,0,0,0,0,0,0,0,1,1,1,1
97403,2402,2194,450,471,2016,0.0,0,397.1,0.0,0,0,0,1,0,0,0,0,0,0,0,1,1,1,1
97413,2401,2200,450,470,2017,0.0,0,396.9,0.0,0,0,0,1,0,0,0,0,0,0,0,1,1,1,1
97423,2402,2197,453,471,2018,0.0,0,396.9,0.0,0,0,0,1,0,0,0,0,0,0,0,1,1,1,1
97433,2402,2197,449,469,2025,0.0,0,397.1,0.0,0,0,0,1,0,0,0,0,0,0,0,1,1,1,1
97443,2402,2196,449,470,2026,0.0,0,396.5,0.0,0,0,0,1,0,0,0,0,0,0,0,1,1,1,1
97453,2404,2197,449,471,2025,0.0,0,397.5,0.0,0,0,0,1,0,0,0,0,0,0,0,1,1,1,1
97463,2402,2196,450,469,2025,0.0,0,397.5,0.0,0,0,0,1,0,0,0,0,0,0,0,1,1,1,1
97473,2402,2197,450,470,2025,0.0,0,396.7,0.0,0,0,0,1,0,0,0,0,0,0,0,1,1,1,1
97483,2402,2196,449,470,2025,0.0,0,396.7,0.0,0,0,0,1,0,0,0,0,0,0,0,1,1,1,1
97493,2402,2197,449,470,2025,0.0,0,396.8,0.0,0,0,0,1,0,0,0,0,0,0,0,1,1,1,1
97503,2403,2196,450,469,2025,0.0,0,396.4,0.0,0,0,0,1,0,0,0,0,0,0,0,1,1,1,1
97513,2403,2197,451,469,2025,0.0,0,396.4,0.0,0,0,0,1,0,0,0,0,0,0,0,1,1,1,1
97523,2402,2197,450,469,2028,0.0,0,396.4,0.0,0,0,0,1,0,0,0,0,0,0,0,1,1,1,1
97533,2403,2196,450,471,2025,0.0,0,396.3,0.0,0,0,0,1,0,0,0,0,0,0,0,1,1,1,1
97543,2400,2197,449,468,2025,0.0,0,396.3,0.0,0,0,0,1,0,0,0,0,0,0,0,1,1,1,1
97554,2402,2197,448,469,2026,0.0,0,397.0,0.0,0,0,0,1,0,0,0,0,0,0,0,1,1,1,1
97564,2402,2196,451,469,2026,0.0,0,396.5,0.0,0,0,0,1,0,0,0,0,0,0,0,1,1,1,1
97574,2402,2196,450,469,2026,0.0,0,397.6,0.0,0,0,0,1,0,0,0,0,0,0,0,1,1,1,1
97585,2403,2196,450,471,2025,0.0,0,396.2,0.0,0,0,0,1,0,0,0,0,0,0,0,1,1,1,1
97595,2405,2196,451,470,2022,0.0,0,396.2,0.0,0,0,0,1,0,0,0,0,0,0,0,1,1,1,1
97605,2402,2197,448,473,2017,0.0,0,397.4,0.0,0,0,0,1,0,0,0,0,0,0,0,1,1,1,1
97615,2402,2196,450,470,2016,0.0,0,396.3,0.0,0,0,0,1,0,0,0,0,0,0,0,1,1,1,1
97625,2402,2196,450,472,2016,0.0,0,396.5,0.0,0,0,0,1,0,0,0,0,0,0,0,1,1,1,1
97637,2401,2197,450,470,2016,0.0,0,396.8,0.0,0,0,0,1,0,0,0,0,0,0,0,1,1,1,1
97647,2402,2197,449,469,2017,0.0,0,397.1,0.0,0,0,0,1,0,0,0,0,0,0,0,1,1,1,1
97657,2403,2196,448,469,2016,0.0,0,397.1,0.0,0,0,0,1,0,0,0,0,0,0,0,1,1,1,1
97667,2403,2196,449,470,2016,0.0,0,397.1,0.0,0,0,0,1,0,0,0,0,0,0,0,1,1,1,1
97677,2402,2197,449,469,2016,0.0,0,396.9,0.0,0,0,0,1,0,0,0,0,0,0,0,1,1,1,1
97687,2402,2196,450,470,2017,0.0,0,397.1,0.0,0,0,0,1,0,0,0,0,0,0,0,1,1,1,1
97697,2402,2196,449,471,2017,0.0,0,397.1,0.0,0,0,0,1,0,0,0,0,0,0,0,1,1,1,1
97707,2406,2196,449,470,2016,0.0,0,396.7,0.0,0,0,0,1,0,0,0,0,0,0,0,1,1,1,1
97717,2402,2197,450,471,2017,0.0,0,396.7,0.0,0,0,0,1,0,0,0,0,0,0,0,1,1,1,1
97727,2402,2197,449,467,2016,0.0,0,396.7,0.0,0,0,0,1,0,0,0,0,0,0,0,1,1,1,1
97737,2402,2198,449,470,2027,0.0,0,396.9,0.0,0,0,0,1,0,0,0,0,0,0,0,1,1,1,1
97747,2401,2197,449,470,2026,0.0,0,397.1,0.0,0,0,0,1,0,0,0,0,0,0,0,1,1,1,1
97757,2399,2196,450,467,2025,0.0,0,397.2,0.0,0,0,0,1,0,0,0,0,0,0,0,1,1,1,1
97767,2402,2197,448,469,2026,0.0,0,397.7,0.0,0,0,0,1,0,0,0,0,0,0,0,1,1,1,1
97777,2402,2196,449,470,2026,0.0,0,397.7,0.0,0,0,0,1,0,0,0,0,0,0,0,1,1,1,1
97787,2402,2197,450,470,2025,0.0,0,397.7,0.0,0,0,0,1,0,0,0,0,0,0,0,1,1,1,1
97797,2399,2197,451,469,2025,0.0,0,397.5,0.0,0,0,0,1,0,0,0,0,0,0,0,1,1,1,1
97807,2402,2195,449,470,2025,0.0,0,396.7,0.0,0,0,0,1,0,0,0,0,0,0,0,1,1,1,1
97817,2402,2196,450,470,2025,0.0,0,397.7,0.0,0,0,0,1,0,0,0,0,0,0,0,1,1,1,1
97827,2402,2196,447,471,2025,0.0,0,397.0,0.0,0,0,0,1,0,0,0,0,0,0,0,1,1,1,1
97837,2402,2195,450,470,2025,0.0,0,397.0,0.0,0,0,0,1,0,0,0,0,0,0,0,1,1,1,1
97847,2402,2197,450,470,2026,0.0,0,397.0,0.0,0,0,0,1,0,0,0,0,0,0,0,1,1,1,1
97857,2401,2198,449,469,2025,0.0,0,396.9,0.0,0,0,0,1,0,0,0,0,0,0,0,1,1,1,1
97867,2403,2197,452,470,2025,0.0,0,396.7,0.0,0,0,0,1,0,0,0,0,0,0,0,1,1,1,1
97877,2402,2197,451,470,2026,0.0,0,396.7,0.0,0,0,0,1,0,0,0,0,0,0,0,1,1,1,1
97887,2402,2197,448,470,2026,0.0,0,397.3,0.0,0,0,0,1,0,0,0,0,0,0,0,1,1,1,1
97897,2401,2196,450,470,2026,0.0,0,397.3,0.0,0,0,0,1,0,0,0,0,0,0,0,1,1,1,1
97907,2401,2197,449,470,2014,0.0,0,397.3,0.0,0,0,0,1,0,0,0,0,0,0,0,1,1,1,1
97917,2401,2196,450,471,2016,0.0,0,396.4,0.0,0,0,0,1,0,0,0,0,0,0,0,1,1,1,1
97927,2402,2197,445,471,2017,0.0,0,397.2,0.0,0,0,0,1,0,0,0,0,0,0,0,1,1,1,1
97937,2401,2197,450,471,2017,0.0,0,397.3,0.0,0,0,0,1,0,0,0,0,0,0,0,1,1,1,1
97947,2402,2196,449,470,2017,0.0,0,396.8,0.0,0,0,0,1,0,0,0,0,0,0,0,1,1,1,1
97957,2402,2196,450,470,2016,0.0,0,396.7,0.0,0,0,0,1,0,0,0,0,0,0,0,1,1,1,1
97967,2401,2196,451,471,2017,0.0,0,396.7,0.0,0,0,0,1,0,0,0,0,0,0,0,1,1,1,1
97977,2402,2197,451,471,2017,0.0,0,396.9,0.0,0,0,0,1,0,0,0,0,0,0,0,1,1,1,1
97987,2400,2196,451,470,2017,0.0,0,397.2,0.0,0,0,0,1,0,0,0,0,0,0,0,1,1,1,1
97997,2402,2197,450,470,2017,0.0,0,396.8,0.0,0,0,0,1,0,0,0,0,0,0,0,1,1,1,1
98007,2402,2197,450,472,2017,0.0,0,396.8,0.0,0,0,0,1,0,0,0,0,0,0,0,1,1,1,1
98017,2424,2196,450,470,2018,0.0,0,397.0,0.0,0,0,0,1,0,0,0,0,0,0,0,1,1,1,1
98027,2401,2197,450,470,2017,0.0,0,397.0,0.0,0,0,0,1,0,0,0,0,0,0,0,1,1,1,1
98037,2401,2197,448,470,2026,0.0,0,397.3,0.0,0,0,0,1,0,0,0,0,0,0,0,1,1,1,1
98047,2401,2197,448,469,2025,0.0,0,396.8,0.0,0,0,0,1,0,0,0,0,0,0,0,1,1,1,1
98057,2402,2196,449,470,2026,0.0,0,396.9,0.0,0,0,0,1,0,0,0,0,0,0,0,1,1,1,1
98067,2399,2195,450,471,2025,0.0,0,396.3,0.0,0,0,0,1,0,0,0,0,0,0,0,1,1,1,1
98077,2403,2197,447,470,2026,0.0,0,396.3,0.0,0,0,0,1,0,0,0,0,0,0,0,1,1,1,1
98087,2402,2196,449,470,2025,0.0,0,396.3,0.0,0,0,0,1,0,0,0,0,0,0,0,1,1,1,1
98097,2402,2193,451,471,2025,0.0,0,397.0,0.0,0,0,0,1,0,0,0,0,0,0,0,1,1,1,1
98107,2400,2197,447,470,2025,0.0,0,396.0,0.0,0,0,0,1,0,0,0,0,0,0,0,1,1,1,1
98117,2401,2197,450,470,2025,0.0,0,396.2,0.0,0,0,0,1,0,0,0,0,0,0,0,1,1,1,1
98127,2402,2195,450,471,2025,0.0,0,397.4,0.0,0,0,0,1,0,0,0,0,0,0,0,1,1,1,1
98137,2402,2196,450,470,2026,0.0,0,397.4,0.0,0,0,0,1,0,0,0,0,0,0,0,1,1,1,1
98147,2403,2197,450,470,2026,0.0,0,397.4,0.0,0,0,0,1,0,0,0,0,0,0,0,1,1,1,1
98157,2402,2197,450,470,2026,0.0,0,396.7,0.0,0,0,0,1,0,0,0,0,0,0,0,1,1,1,1
98167,2402,2197,450,470,2026,0.0,0,396.3,0.0,0,0,0,1,0,0,0,0,0,0,0,1,1,1,1
98177,2401,2196,449,469,2026,0.0,0,396.2,0.0,0,0,0,1,0,0,0,0,0,0,0,1,1,1,1
98187,2402,2197,451,473,2027,0.0,0,396.7,0.0,0,0,0,1,0,0,0,0,0,0,0,1,1,1,1
98197,2402,2196,450,472,2026,0.0,0,396.7,0.0,0,0,0,1,0,0,0,0,0,0,0,1,1,1,1
98207,2402,2197,451,470,2017,0.0,0,396.7,0.0,0,0,0,1,0,0,0,0,0,0,0,1,1,1,1
98217,2401,2196,450,469,2015,0.0,0,397.0,0.0,0,0,0,1,0,0,0,0,0,0,0,1,1,1,1
98227,2401,2197,449,470,2017,0.0,0,396.8,0.0,0,0,0,1,0,0,0,0,0,0,0,1,1,1,1
98237,2402,2196,450,470,2017,0.0,0,396.3,0.0,0,0,0,1,0,0,0,0,0,0,0,1,1,1,1
98247,2402,2196,450,470,2017,0.0,0,397.6,0.0,0,0,0,1,0,0,0,0,0,0,0,1,1,1,1
98257,2402,2196,448,469,2017,0.0,0,396.5,0.0,0,0,0,1,0,0,0,0,0,0,0,1,1,1,1
98267,2404,2196,450,469,2017,0.0,0,396.5,0.0,0,0,0,1,0,0,0,0,0,0,0,1,1,1,1
98277,2402,2196,450,470,2017,0.0,0,397.0,0.0,0,0,0,1,0,0,0,0,0,0,0,1,1,1,1
98287,2401,2196,450,470,2016,0.0,0,397.2,0.0,0,0,0,1,0,0,0,0,0,0,0,1,1,1,1
98297,2401,2196,450,470,2016,0.0,0,397.3,0.0,0,0,0,1,0,0,0,0,0,0,0,1,1,1,1
98307,2404,2196,450,470,2016,0.0,0,397.1,0.0,0,0,0,1,0,0,0,0,0,0,0,1,1,1,1
98317,2402,2196,449,469,2016,0.0,0,397.1,0.0,0,0,0,1,0,0,0,0,0,0,0,1,1,1,1
98327,2401,2195,451,469,2017,0.0,0,397.1,0.0,0,0,0,1,0,0,0,0,0,0,0,1,1,1,1
98337,2401,2195,449,469,2027,0.0,0,396.5,0.0,0,0,0,1,0,0,0,0,0,0,0,1,1,1,1
98347,2401,2196,448,470,2025,0.0,0,397.1,0.0,0,0,0,1,0,0,0,0,0,0,0,1,1,1,1
98357,2401,2193,450,472,2025,0.0,0,396.3,0.0,0,0,0,1,0,0,0,0,0,0,0,1,1,1,1
98367,2401,2196,450,469,2026,0.0,0,396.9,0.0,0,0,0,1,0,0,0,0,0,0,0,1,1,1,1
98377,2402,2195,450,471,2025,0.0,0,396.9,0.0,0,0,0,1,0,0,0,0,0,0,0,1,1,1,1
98387,2403,2196,450,469,2025,0.0,0,396.9,0.0,0,0,0,1,0,0,0,0,0,0,0,1,1,1,1
98397,2402,2196,449,467,2025,0.0,0,396.3,0.0,0,0,0,1,0,0,0,0,0,0,0,1,1,1,1
98407,2400,2197,449,470,2025,0.0,0,397.2,0.0,0,0,0,1,0,0,0,0,0,0,0,1,1,1,1
98417,2400,2197,449,470,2025,0.0,0,397.1,0.0,0,0,0,1,0,0,0,0,0,0,0,1,1,1,1
98427,2401,2196,451,469,2026,0.0,0,397.6,0.0,0,0,0,1,0,0,0,0,0,0,0,1,1,1,1
98437,2400,2196,451,472,2025,0.0,0,397.6,0.0,0,0,0,1,0,0,0,0,0,0,0,1,1,1,1
98447,2402,2197,451,471,2026,0.0,0,397.6,0.0,0,0,0,1,0,0,0,0,0,0,0,1,1,1,1
98458,2402,2196,450,470,2025,0.0,0,397.2,0.0,0,0,0,1,0,0,0,0,0,0,0,1,1,1,1
98468,2402,2196,449,470,2025,0.0,0,396.3,0.0,0,0,0,1,0,0,0,0,0,0,0,1,1,1,1
98478,2404,2196,450,470,2026,0.0,0,396.2,0.0,0,0,0,1,0,0,0,0,0,0,0,1,1,1,1
98488,2402,2196,450,471,2025,0.0,0,397.7,0.0,0,0,0,1,0,0,0,0,0,0,0,1,1,1,1
98498,2402,2197,451,470,2026,0.0,0,397.7,0.0,0,0,0,1,0,0,0,0,0,0,0,1,1,1,1
98508,2401,2196,450,469,2017,0.0,0,397.7,0.0,0,0,0,1,0,0,0,0,0,0,0,1,1,1,1
98518,2401,2197,449,471,2016,0.0,0,397.0,0.0,0,0,0,1,0,0,0,0,0,0,0,1,1,1,1
98528,2402,2197,450,469,2017,0.0,0,396.8,0.0,0,0,0,1,0,0,0,0,0,0,0,1,1,1,1
98538,2402,2196,453,470,2017,0.0,0,396.7,0.0,0,0,0,1,0,0,0,0,0,0,0,1,1,1,1
98548,2401,2197,450,470,2017,0.0,0,396.3,0.0,0,0,0,1,0,0,0,0,0,0,0,1,1,1,1
98558,2402,2196,450,471,2016,0.0,0,396.3,0.0,0,0,0,1,0,0,0,0,0,0,0,1,1,1,1
98568,2402,2197,450,471,2018,0.0,0,396.3,0.0,0,0,0,1,0,0,0,0,0,0,0,1,1,1,1
98579,2402,2198,449,470,2017,0.0,0,397.1,0.0,0,0,0,1,0,0,0,0,0,0,0,1,1,1,1
98589,2401,2197,447,471,2017,0.0,0,396.9,0.0,0,0,0,1,0,0,0,0,0,0,0,1,1,1,1
98599,2402,2197,449,471,2017,0.0,0,396.5,0.0,0,0,0,1,0,0,0,0,0,0,0,1,1,1,1
98609,2401,2197,449,469,2016,0.0,0,397.2,0.0,0,0,0,1,0,0,0,0,0,0,0,1,1,1,1
98619,2402,2195,450,470,2017,0.0,0,397.2,0.0,0,0,0,1,0,0,0,0,0,0,0,1,1,1,1
98629,2402,2197,452,470,2017,0.0,0,397.0,0.0,0,0,0,1,0,0,0,0,0,0,0,1,1,1,1
98639,2402,2197,449,471,2026,0.0,0,397.0,0.0,0,0,0,1,0,0,0,0,0,0,0,1,1,1,1
98649,2402,2196,451,471,2026,0.0,0,396.9,0.0,0,0,0,1,0,0,0,0,0,0,0,1,1,1,1
98659,2401,2196,449,470,2026,0.0,0,396.8,0.0,0,0,0,1,0,0,0,0,0,0,0,1,1,1,1
98669,2405,2197,451,469,2026,0.0,0,396.8,0.0,0,0,0,1,0,0,0,0,0,0,0,1,1,1,1
98679,2402,2196,450,470,2027,0.0,0,396.8,0.0,0,0,0,1,0,0,0,0,0,0,0,1,1,1,1
98689,2403,2196,450,469,2026,0.0,0,396.7,0.0,0,0,0,1,0,0,0,0,0,0,0,1,1,1,1
98699,2403,2196,450,469,2026,0.0,0,396.7,0.0,0,0,0,1,0,0,0,0,0,0,0,1,1,1,1
98709,2401,2196,450,468,2026,0.0,0,396.4,0.0,0,0,0,1,0,0,0,0,0,0,0,1,1,1,1
98719,2402,2196,450,469,2026,0.0,0,396.8,0.0,0,0,0,1,0,0,0,0,0,0,0,1,1,1,1
98729,2401,2196,452,469,2025,0.0,0,396.7,0.0,0,0,0,1,0,0,0,0,0,0,0,1,1,1,1
98739,2401,2196,450,471,2025,0.0,0,396.7,0.0,0,0,0,1,0,0,0,0,0,0,0,1,1,1,1
98749,2402,2196,450,469,2026,0.0,0,396.5,0.0,0,0,0,1,0,0,0,0,0,0,0,1,1,1,1
98759,2402,2196,450,470,2025,0.0,0,396.5,0.0,0,0,0,1,0,0,0,0,0,0,0,1,1,1,1
98769,2401,2197,450,471,2026,0.0,0,397.1,0.0,0,0,0,1,0,0,0,0,0,0,0,1,1,1,1
98779,2403,2196,451,470,2027,0.0,0,397.2,0.0,0,0,0,1,0,0,0,0,0,0,0,1,1,1,1
98789,2401,2197,451,470,2026,0.0,0,396.7,0.0,0,0,0,1,0,0,0,0,0,0,0,1,1,1,1
98799,2401,2197,450,470,2028,0.0,0,396.7,0.0,0,0,0,1,0,0,0,0,0,0,0,1,1,1,1
98809,2403,2193,450,469,2017,0.0,0,396.3,0.0,0,0,0,1,0,0,0,0,0,0,0,1,1,1,1
98819,2401,2196,450,471,2016,0.0,0,396.3,0.0,0,0,0,1,0,0,0,0,0,0,0,1,1,1,1
98829,2402,2197,450,471,2018,0.0,0,397.2,0.0,0,0,0,1,0,0,0,0,0,0,0,1,1,1,1
98839,2402,2196,450,469,2017,0.0,0,396.9,0.0,0,0,0,1,0,0,0,0,0,0,0,1,1,1,1
98849,2401,2197,450,467,2017,0.0,0,397.4,0.0,0,0,0,1,0,0,0,0,0,0,0,1,1,1,1
98859,2402,2196,451,471,2016,0.0,0,397.4,0.0,0,0,0,1,0,0,0,0,0,0,0,1,1,1,1
98869,2402,2196,449,470,2018,0.0,0,396.8,0.0,0,0,0,1,0,0,0,0,0,0,0,1,1,1,1
98879,2402,2196,450,469,2017,0.0,0,396.8,0.0,0,0,0,1,0,0,0,0,0,0,0,1,1,1,1
98889,2402,2197,449,469,2016,0.0,0,396.2,0.0,0,0,0,1,0,0,0,0,0,0,0,1,1,1,1
98899,2402,2193,450,470,2016,0.0,0,397.1,0.0,0,0,0,1,0,0,0,0,0,0,0,1,1,1,1
98909,2402,2196,451,469,2015,0.0,0,396.3,0.0,0,0,0,1,0,0,0,0,0,0,0,1,1,1,1
98919,2401,2193,451,470,2016,0.0,0,396.3,0.0,0,0,0,1,0,0,0,0,0,0,0,1,1,1,1
98929,2400,2196,449,470,2016,0.0,0,397.5,0.0,0,0,0,1,0,0,0,0,0,0,0,1,1,1,1
98939,2402,2196,450,470,2025,0.0,0,397.5,0.0,0,0,0,1,0,0,0,0,0,0,0,1,1,1,1
98949,2401,2197,450,470,2023,0.0,0,397.5,0.0,0,0,0,1,0,0,0,0,0,0,0,1,1,1,1
98959,2402,2196,450,469,2025,0.0,0,396.1,0.0,0,0,0,1,0,0,0,0,0,0,0,1,1,1,1
98969,2401,2197,448,470,2025,0.0,0,396.9,0.0,0,0,0,1,0,0,0,0,0,0,0,1,1,1,1
98979,2403,2196,449,469,2026,0.0,0,396.9,0.0,0,0,0,1,0,0,0,0,0,0,0,1,1,1,1
98989,2403,2196,450,470,2026,0.0,0,397.3,0.0,0,0,0,1,0,0,0,0,0,0,0,1,1,1,1
98999,2402,2197,450,472,2025,0.0,0,397.3,0.0,0,0,0,1,0,0,0,0,0,0,0,1,1,1,1
99009,2402,2197,453,469,2025,0.0,0,396.8,0.0,0,0,0,1,0,0,0,0,0,0,0,1,1,1,1
99019,2402,2196,450,470,2026,0.0,0,397.0,0.0,0,0,0,1,0,0,0,0,0,0,0,1,1,1,1
99029,2402,2196,450,471,2026,0.0,0,396.5,0.0,0,0,0,1,0,0,0,0,0,0,0,1,1,1,1
99039,2399,2196,449,469,2025,0.0,0,397.5,0.0,0,0,0,1,0,0,0,0,0,0,0,1,1,1,1
99050,2402,2196,450,470,2025,0.0,0,396.7,0.0,0,0,0,1,0,0,0,0,0,0,0,1,1,1,1
99060,2402,2196,450,470,2026,0.0,0,396.7,0.0,0,0,0,1,0,0,0,0,0,0,0,1,1,1,1
99070,2401,2197,450,470,2026,0.0,0,396.7,0.0,0,0,0,1,0,0,0,0,0,0,0,1,1,1,1
99080,2402,2196,451,471,2025,0.0,0,397.1,0.0,0,0,0,1,0,0,0,0,0,0,0,1,1,1,1
99090,2400,2192,451,470,2026,0.0,0,396.8,0.0,0,0,0,1,0,0,0,0,0,0,0,1,1,1,1
99100,2399,2196,450,472,2025,0.0,0,396.8,0.0,0,0,0,1,0,0,0,0,0,0,0,1,1,1,1
99110,2403,2197,451,471,2017,0.0,0,397.3,0.0,0,0,0,1,0,0,0,0,0,0,0,1,1,1,1
99120,2400,2197,448,469,2017,0.0,0,397.3,0.0,0,0,0,1,0,0,0,0,0,0,0,1,1,1,1
99130,2401,2197,448,470,2017,0.0,0,396.9,0.0,0,0,0,1,0,0,0,0,0,0,0,1,1,1,1
99140,2402,2197,450,469,2017,0.0,0,397.6,0.0,0,0,0,1,0,0,0,0,0,0,0,1,1,1,1
99150,2402,2196,450,470,2017,0.0,0,396.7,0.0,0,0,0,1,0,0,0,0,0,0,0,1,1,1,1
99160,2401,2196,452,469,2017,0.0,0,396.7,0.0,0,0,0,1,0,0,0,0,0,0,0,1,1,1,1
99170,2400,2196,449,469,2016,0.0,0,396.5,0.0,0,0,0,1,0,0,0,0,0,0,0,1,1,1,1
99180,2402,2196,450,470,2017,0.0,0,396.5,0.0,0,0,0,1,0,0,0,0,0,0,0,1,1,1,1
99190,2402,2196,450,470,2017,0.0,0,396.8,0.0,0,0,0,1,0,0,0,0,0,0,0,1,1,1,1
99200,2401,2196,451,470,2018,0.0,0,396.8,0.0,0,0,0,1,0,0,0,0,0,0,0,1,1,1,1
99210,2403,2197,450,468,2017,0.0,0,396.9,0.0,0,0,0,1,0,0,0,0,0,0,0,1,1,1,1
99220,2401,2197,451,470,2017,0.0,0,396.9,0.0,0,0,0,1,0,0,0,0,0,0,0,1,1,1,1
99230,2401,2196,449,469,2017,0.0,0,396.8,0.0,0,0,0,1,0,0,0,0,0,0,0,1,1,1,1
99240,2401,2195,450,469,2026,0.0,0,396.8,0.0,0,0,0,1,0,0,0,0,0,0,0,1,1,1,1
99250,2402,2196,450,471,2026,0.0,0,396.8,0.0,0,0,0,1,0,0,0,0,0,0,0,1,1,1,1
99260,2403,2197,449,471,2026,0.0,0,397.7,0.0,0,0,0,1,0,0,0,0,0,0,0,1,1,1,1
99270,2402,2196,450,470,2026,0.0,0,396.3,0.0,0,0,0,1,0,0,0,0,0,0,0,1,1,1,1
99302,2401,2196,448,471,2026,0.0,0,396.3,0.0,0,0,0,1,0,0,0,0,0,0,0,1,1,1,1
99312,2401,2196,449,470,2026,0.0,0,396.3,0.0,0,0,0,1,0,0,0,0,0,0,0,1,1,1,1
99322,2401,2196,450,470,2025,0.0,0,396.3,0.0,0,0,0,1,0,0,0,0,0,0,0,1,1,1,1
99332,2401,2197,449,471,2026,0.0,0,396.8,0.0,0,0,0,1,0,0,0,0,0,0,0,1,1,1,1
99342,2401,2195,450,470,2025,0.0,0,396.8,0.0,0,0,0,1,0,0,0,0,0,0,0,1,1,1,1
99352,2400,2197,449,472,2023,0.0,0,397.1,0.0,0,0,0,1,0,0,0,0,0,0,0,1,1,1,1
99362,2401,2196,451,469,2025,0.0,0,397.0,0.0,0,0,0,1,0,0,0,0,0,0,0,1,1,1,1
99373,2402,2196,449,470,2026,0.0,0,396.9,0.0,0,0,0,1,0,0,0,0,0,0,0,1,1,1,1
99383,2401,2196,450,470,2026,0.0,0,396.9,0.0,0,0,0,1,0,0,0,0,0,0,0,1,1,1,1
99393,2399,2196,448,470,2026,0.0,0,396.7,0.0,0,0,0,1,0,0,0,0,0,0,0,1,1,1,1
99403,2402,2196,450,471,2025,0.0,0,396.7,0.0,0,0,0,1,0,0,0,0,0,0,0,1,1,1,1
99413,2401,2200,449,470,2017,0.0,0,397.2,0.0,0,0,0,1,0,0,0,0,0,0,0,1,1,1,1
99423,2402,2196,452,469,2017,0.0,0,397.2,0.0,0,0,0,1,0,0,0,0,0,0,0,1,1,1,1
99433,2399,2197,449,471,2017,0.0,0,396.7,0.0,0,0,0,1,0,0,0,0,0,0,0,1,1,1,1
99443,2402,2197,450,470,2017,0.0,0,396.7,0.0,0,0,0,1,0,0,0,0,0,0,0,1,1,1,1
99453,2403,2197,450,470,2016,0.0,0,396.9,0.0,0,0,0,1,0,0,0,0,0,0,0,1,1,1,1
99463,2401,2196,450,471,2017,0.0,0,396.4,0.0,0,0,0,1,0,0,0,0,0,0,0,1,1,1,1
99473,2401,2196,450,470,2018,0.0,0,396.8,0.0,0,0,0,1,0,0,0,0,0,0,0,1,1,1,1
99483,2402,2197,450,470,2017,0.0,0,395.8,0.0,0,0,0,1,0,0,0,0,0,0,0,1,1,1,1
99493,2401,2197,450,471,2017,0.0,0,397.2,0.0,0,0,0,1,0,0,0,0,0,0,0,1,1,1,1
99503,2401,2197,449,471,2016,0.0,0,396.4,0.0,0,0,0,1,0,0,0,0,0,0,0,1,1,1,1
99513,2401,2197,450,471,2017,0.0,0,396.4,0.0,0,0,0,1,0,0,0,0,0,0,0,1,1,1,1
99523,2401,2196,450,470,2016,0.0,0,397.0,0.0,0,0,0,1,0,0,0,0,0,0,0,1,1,1,1
99533,2402,2197,449,470,2017,0.0,0,396.8,0.0,0,0,0,1,0,0,0,0,0,0,0,1,1,1,1
99543,2402,2197,451,471,2026,0.0,0,396.8,0.0,0,0,0,1,0,0,0,0,0,0,0,1,1,1,1
99553,2402,2197,449,470,2026,0.0,0,396.8,0.0,0,0,0,1,0,0,0,0,0,0,0,1,1,1,1
99563,2402,2196,450,469,2028,0.0,0,396.9,0.0,0,0,0,1,0,0,0,0,0,0,0,1,1,1,1
99573,2403,2196,450,468,2026,0.0,0,396.9,0.0,0,0,0,1,0,0,0,0,0,0,0,1,1,1,1
99583,2401,2197,449,470,2026,0.0,0,396.9,0.0,0,0,0,1,0,0,0,0,0,0,0,1,1,1,1
99594,2403,2196,449,471,2024,0.0,0,397.3,0.0,0,0,0,1,0,0,0,0,0,0,0,1,1,1,1
99604,2401,2197,450,470,2025,0.0,0,397.3,0.0,0,0,0,1,0,0,0,0,0,0,0,1,1,1,1
99617,2402,2196,450,471,2027,0.0,0,397.1,0.0,0,0,0,1,0,0,0,0,0,0,0,1,1,1,1
99627,2402,2197,447,470,2026,0.0,0,397.0,0.0,0,0,0,1,0,0,0,0,0,0,0,1,1,1,1
99637,2401,2195,450,469,2026,0.0,0,397.2,0.0,0,0,0,1,0,0,0,0,0,0,0,1,1,1,1
99647,2402,2196,450,470,2026,0.0,0,397.3,0.0,0,0,0,1,0,0,0,0,0,0,0,1,1,1,1
99658,2402,2196,449,470,2025,0.0,0,397.1,0.0,0,0,0,1,0,0,0,0,0,0,0,1,1,1,1
99668,2401,2197,450,470,2026,0.0,0,397.4,0.0,0,0,0,1,0,0,0,0,0,0,0,1,1,1,1
99679,2402,2196,449,469,2026,0.0,0,396.5,0.0,0,0,0,1,0,0,0,0,0,0,0,1,1,1,1
99689,2402,2197,451,470,2027,0.0,0,396.5,0.0,0,0,0,1,0,0,0,0,0,0,0,1,1,1,1
99699,2403,2197,451,469,2026,0.0,0,397.7,0.0,0,0,0,1,0,0,0,0,0,0,0,1,1,1,1
99709,2401,2198,449,469,2027,0.0,0,397.1,0.0,0,0,0,1,0,0,0,0,0,0,0,1,1,1,1
99719,2401,2197,449,469,2017,0.0,0,397.3,0.0,0,0,0,1,0,0,0,0,0,0,0,1,1,1,1
99729,2402,2197,449,470,2017,0.0,0,396.7,0.0,0,0,0,1,0,0,0,0,0,0,0,1,1,1,1
99739,2402,2197,451,470,2016,0.0,0,397.3,0.0,0,0,0,1,0,0,0,0,0,0,0,1,1,1,1
99749,2402,2197,450,470,2016,0.0,0,397.3,0.0,0,0,0,1,0,0,0,0,0,0,0,1,1,1,1
99759,2402,2196,450,470,2014,0.0,0,397.0,0.0,0,0,0,1,0,0,0,0,0,0,0,1,1,1,1
99769,2401,2196,450,470,2019,0.0,0,396.8,0.0,0,0,0,1,0,0,0,0,0,0,0,1,1,1,1
99779,2402,2194,449,468,2017,0.0,0,396.9,0.0,0,0,0,1,0,0,0,0,0,0,0,1,1,1,1
99789,2402,2196,450,469,2017,0.0,0,396.2,0.0,0,0,0,1,0,0,0,0,0,0,0,1,1,1,1
99799,2402,2195,450,469,2017,0.0,0,396.3,0.0,0,0,0,1,0,0,0,0,0,0,0,1,1,1,1
99809,2402,2196,450,470,2018,0.0,0,396.3,0.0,0,0,0,1,0,0,0,0,0,0,0,1,1,1,1
99819,2402,2199,450,471,2017,0.0,0,397.1,0.0,0,0,0,1,0,0,0,0,0,0,0,1,1,1,1
99829,2401,2197,448,470,2017,0.0,0,397.2,0.0,0,0,0,1,0,0,0,0,0,0,0,1,1,1,1
99839,2401,2197,449,469,2017,0.0,0,397.2,0.0,0,0,0,1,0,0,0,0,0,0,0,1,1,1,1
99849,2402,2196,450,470,2026,0.0,0,396.7,0.0,0,0,0,1,0,0,0,0,0,0,0,1,1,1,1
99859,2402,2196,448,472,2026,0.0,0,396.9,0.0,0,0,0,1,0,0,0,0,0,0,0,1,1,1,1
99869,2402,2197,450,472,2026,0.0,0,396.9,0.0,0,0,0,1,0,0,0,0,0,0,0,1,1,1,1
99879,2403,2196,450,471,2026,0.0,0,397.3,0.0,0,0,0,1,0,0,0,0,0,0,0,1,1,1,1
99889,2403,2197,450,469,2027,0.0,0,397.1,0.0,0,0,0,1,0,0,0,0,0,0,0,1,1,1,1
99899,2401,2196,448,470,2026,0.0,0,396.3,0.0,0,0,0,1,0,0,0,0,0,0,0,1,1,1,1
99909,2401,2197,449,470,2026,0.0,0,396.5,0.0,0,0,0,1,0,0,0,0,0,0,0,1,1,1,1
99919,2403,2196,449,471,2026,0.0,0,397.0,0.0,0,0,0,1,0,0,0,0,0,0,0,1,1,1,1
99929,2402,2197,446,471,2026,0.0,0,397.0,0.0,0,0,0,1,0,0,0,0,0,0,0,1,1,1,1
99939,2402,2197,449,470,2029,0.0,0,396.9,0.0,0,0,0,1,0,0,0,0,0,0,0,1,1,1,1
99949,2404,2196,448,470,2026,0.0,0,396.8,0.0,0,0,0,1,0,0,0,0,0,0,0,1,1,1,1
99959,2401,2196,449,469,2026,0.0,0,396.9,0.0,0,0,0,1,0,0,0,0,0,0,0,1,1,1,1
99969,2402,2194,450,470,2027,0.0,0,396.3,0.0,0,0,0,1,0,0,0,0,0,0,0,1,1,1,1
99979,2403,2196,450,469,2026,0.0,0,396.2,0.0,0,0,0,1,0,0,0,0,0,0,0,1,1,1,1
99989,2403,2196,449,470,2025,0.0,0,396.2,0.0,0,0,0,1,0,0,0,0,0,0,0,1,1,1,1
99999,2400,2197,449,469,2026,0.0,0,396.9,0.0,0,0,0,1,0,0,0,0,0,0,0,1,1,1,1
100009,2402,2197,449,470,2026,0.0,0,396.4,0.0,0,0,0,1,0,0,0,0,0,0,0,1,1,1,1
100019,2401,2197,453,470,2017,0.0,0,396.8,0.0,0,0,0,1,0,0,0,0,0,0,0,1,1,1,1
100029,2401,2198,451,470,2017,0.0,0,396.9,0.0,0,0,0,1,0,0,0,0,0,0,0,1,1,1,1
100039,2403,2196,450,469,2016,0.0,0,396.4,0.0,0,0,0,1,0,0,0,0,0,0,0,1,1,1,1
100049,2401,2196,449,470,2017,0.0,0,396.4,0.0,0,0,0,1,0,0,0,0,0,0,0,1,1,1,1
100059,2403,2196,449,469,2015,0.0,0,397.2,0.0,0,0,0,1,0,0,0,0,0,0,0,1,1,1,1
100069,2402,2196,451,470,2017,0.0,0,396.5,0.0,0,0,0,1,0,0,0,0,0,0,0,1,1,1,1
100079,2402,2194,446,470,2018,0.0,0,397.2,0.0,0,0,0,1,0,0,0,0,0,0,0,1,1,1,1
100089,2402,2196,450,469,2019,0.0,0,396.8,0.0,0,0,0,1,0,0,0,0,0,0,0,1,1,1,1
100099,2403,2197,449,469,2016,0.0,0,397.7,0.0,0,0,0,1,0,0,0,0,0,0,0,1,1,1,1
100109,2402,2196,447,470,2017,0.0,0,397.7,0.0,0,0,0,1,0,0,0,0,0,0,0,1,1,1,1
100119,2402,2196,451,473,2017,0.0,0,396.2,0.0,0,0,0,1,0,0,0,0,0,0,0,1,1,1,1
100129,2403,2196,451,470,2017,0.0,0,397.6,0.0,0,0,0,1,0,0,0,0,0,0,0,1,1,1,1
100139,2401,2196,450,470,2017,0.0,0,396.7,0.0,0,0,0,1,0,0,0,0,0,0,0,1,1,1,1
100149,2401,2197,450,470,2026,0.0,0,396.5,0.0,0,0,0,1,0,0,0,0,0,0,0,1,1,1,1
100159,2402,2197,451,470,2026,0.0,0,397.3,0.0,0,0,0,1,0,0,0,0,0,0,0,1,1,1,1
100169,2400,2196,451,470,2026,0.0,0,397.3,0.0,0,0,0,1,0,0,0,0,0,0,0,1,1,1,1
100179,2400,2197,450,470,2026,0.0,0,397.0,0.0,0,0,0,1,0,0,0,0,0,0,0,1,1,1,1
100189,2402,2197,450,470,2027,0.0,0,396.4,0.0,0,0,0,1,0,0,0,0,0,0,0,1,1,1,1
100199,2401,2197,448,471,2026,0.0,0,397.1,0.0,0,0,0,1,0,0,0,0,0,0,0,1,1,1,1
100209,2402,2196,449,469,2026,0.0,0,396.9,0.0,0,0,0,1,0,0,0,0,0,0,0,1,1,1,1
100219,2402,2196,449,470,2026,0.0,0,396.8,0.0,0,0,0,1,0,0,0,0,0,0,0,1,1,1,1
100229,2402,2196,450,470,2026,0.0,0,396.8,0.0,0,0,0,1,0,0,0,0,0,0,0,1,1,1,1
100239,2402,2197,451,470,2026,0.0,0,396.9,0.0,0,0,0,1,0,0,0,0,0,0,0,1,1,1,1
100249,2401,2196,449,469,2026,0.0,0,396.2,0.0,0,0,0,1,0,0,0,0,0,0,0,1,1,1,1
100259,2400,2196,448,469,2026,0.0,0,396.8,0.0,0,0,0,1,0,0,0,0,0,0,0,1,1,1,1
100269,2401,2196,450,469,2030,0.0,0,397.0,0.0,0,0,0,1,0,0,0,0,0,0,0,1,1,1,1
100279,2403,2196,450,470,2025,0.0,0,397.1,0.0,0,0,0,1,0,0,0,0,0,0,0,1,1,1,1
100289,2397,2196,451,469,2026,0.0,0,397.1,0.0,0,0,0,1,0,0,0,0,0,0,0,1,1,1,1
100299,2401,2196,449,470,2026,0.0,0,396.7,0.0,0,0,0,1,0,0,0,0,0,0,0,1,1,1,1
100309,2402,2196,449,467,2026,0.0,0,397.3,0.0,0,0,0,1,0,0,0,0,0,0,0,1,1,1,1
100319,2404,2196,447,470,2016,0.0,0,397.0,0.0,0,0,0,1,0,0,0,0,0,0,0,1,1,1,1
100329,2402,2197,450,470,2017,0.0,0,396.5,0.0,0,0,0,1,0,0,0,0,0,0,0,1,1,1,1
100339,2404,2196,449,471,2017,0.0,0,396.9,0.0,0,0,0,1,0,0,0,0,0,0,0,1,1,1,1
100349,2403,2197,449,472,2017,0.0,0,396.9,0.0,0,0,0,1,0,0,0,0,0,0,0,1,1,1,1
100359,2401,2196,450,470,2016,0.0,0,396.5,0.0,0,0,0,1,0,0,0,0,0,0,0,1,1,1,1
100369,2402,2196,447,470,2016,0.0,0,397.0,0.0,0,0,0,1,0,0,0,0,0,0,0,1,1,1,1
100379,2403,2196,448,469,2016,0.0,0,396.4,0.0,0,0,0,1,0,0,0,0,0,0,0,1,1,1,1
100389,2402,2196,450,471,2016,0.0,0,397.3,0.0,0,0,0,1,0,0,0,0,0,0,0,1,1,1,1
100400,2402,2197,449,469,2017,0.0,0,396.3,0.0,0,0,0,1,0,0,0,0,0,0,0,1,1,1,1
100411,2400,2196,450,470,2016,0.0,0,396.8,0.0,0,0,0,1,0,0,0,0,0,0,0,1,1,1,1
100421,2402,2196,449,472,2016,0.0,0,396.8,0.0,0,0,0,1,0,0,0,0,0,0,0,1,1,1,1
100431,2402,2197,450,469,2017,0.0,0,397.0,0.0,0,0,0,1,0,0,0,0,0,0,0,1,1,1,1
100441,2401,2196,449,470,2017,0.0,0,397.1,0.0,0,0,0,1,0,0,0,0,0,0,0,1,1,1,1
100451,2401,2197,451,471,2028,0.0,0,396.8,0.0,0,0,0,1,0,0,0,0,0,0,0,1,1,1,1
100461,2402,2196,449,473,2026,0.0,0,397.0,0.0,0,0,0,1,0,0,0,0,0,0,0,1,1,1,1
100471,2401,2198,447,469,2026,0.0,0,396.2,0.0,0,0,0,1,0,0,0,0,0,0,0,1,1,1,1
100481,2402,2197,450,469,2026,0.0,0,396.2,0.0,0,0,0,1,0,0,0,0,0,0,0,1,1,1,1
100491,2402,2196,452,469,2026,0.0,0,396.5,0.0,0,0,0,1,0,0,0,0,0,0,0,1,1,1,1
100501,2402,2197,451,469,2027,0.0,0,397.0,0.0,0,0,0,1,0,0,0,0,0,0,0,1,1,1,1
100511,2400,2197,448,471,2028,0.0,0,396.9,0.0,0,0,0,1,0,0,0,0,0,0,0,1,1,1,1
100521,2400,2197,447,470,2026,0.0,0,397.3,0.0,0,0,0,1,0,0,0,0,0,0,0,1,1,1,1
100531,2403,2197,448,470,2026,0.0,0,396.5,0.0,0,0,0,1,0,0,0,0,0,0,0,1,1,1,1
100541,2404,2197,450,470,2026,0.0,0,396.5,0.0,0,0,0,1,0,0,0,0,0,0,0,1,1,1,1
100551,2401,2197,451,469,2028,0.0,0,397.2,0.0,0,0,0,1,0,0,0,0,0,0,0,1,1,1,1
100561,2401,2196,449,468,2026,0.0,0,397.3,0.0,0,0,0,1,0,0,0,0,0,0,0,1,1,1,1
100571,2402,2196,450,469,2026,0.0,0,396.9,0.0,0,0,0,1,0,0,0,0,0,0,0,1,1,1,1
100581,2401,2197,448,470,2028,0.0,0,396.9,0.0,0,0,0,1,0,0,0,0,0,0,0,1,1,1,1
100591,2404,2200,451,471,2026,0.0,0,397.2,0.0,0,0,0,1,0,0,0,0,0,0,0,1,1,1,1
100601,2402,2197,449,470,2025,0.0,0,397.2,0.0,0,0,0,1,0,0,0,0,0,0,0,1,1,1,1
100611,2402,2195,449,468,2027,0.0,0,397.1,0.0,0,0,0,1,0,0,0,0,0,0,0,1,1,1,1
100621,2402,2194,452,471,2018,0.0,0,397.0,0.0,0,0,0,1,0,0,0,0,0,0,0,1,1,1,1
100631,2403,2196,452,470,2017,0.0,0,397.9,0.0,0,0,0,1,0,0,0,0,0,0,0,1,1,1,1
100641,2401,2196,450,470,2018,0.0,0,396.4,0.0,0,0,0,1,0,0,0,0,0,0,0,1,1,1,1
100651,2403,2196,449,469,2017,0.0,0,396.3,0.0,0,0,0,1,0,0,0,0,0,0,0,1,1,1,1
100661,2402,2197,450,471,2016,0.0,0,396.3,0.0,0,0,0,1,0,0,0,0,0,0,0,1,1,1,1
100671,2401,2197,451,470,2014,0.0,0,396.5,0.0,0,0,0,1,0,0,0,0,0,0,0,1,1,1,1
100681,2402,2196,451,469,2018,0.0,0,396.5,0.0,0,0,0,1,0,0,0,0,0,0,0,1,1,1,1
100691,2402,2197,450,469,2017,0.0,0,397.5,0.0,0,0,0,1,0,0,0,0,0,0,0,1,1,1,1
100701,2401,2196,450,469,2017,0.0,0,397.9,0.0,0,0,0,1,0,0,0,0,0,0,0,1,1,1,1
100711,2401,2196,449,469,2016,0.0,0,396.7,0.0,0,0,0,1,0,0,0,0,0,0,0,1,1,1,1
100721,2402,2197,450,470,2017,0.0,0,396.7,0.0,0,0,0,1,0,0,0,0,0,0,0,1,1,1,1
100731,2402,2197,450,471,2016,0.0,0,397.4,0.0,0,0,0,1,0,0,0,0,0,0,0,1,1,1,1
100741,2402,2197,450,472,2019,0.0,0,396.7,0.0,0,0,0,1,0,0,0,0,0,0,0,1,1,1,1
100751,2402,2194,452,472,2027,0.0,0,396.3,0.0,0,0,0,1,0,0,0,0,0,0,0,1,1,1,1
100761,2402,2199,450,470,2028,0.0,0,396.5,0.0,0,0,0,1,0,0,0,0,0,0,0,1,1,1,1
100771,2403,2196,450,470,2027,0.0,0,397.6,0.0,0,0,0,1,0,0,0,0,0,0,0,1,1,1,1
100781,2402,2197,450,468,2026,0.0,0,397.6,0.0,0,0,0,1,0,0,0,0,0,0,0,1,1,1,1
100791,2402,2196,451,470,2027,0.0,0,396.2,0.0,0,0,0,1,0,0,0,0,0,0,0,1,1,1,1
100801,2401,2196,450,470,2027,0.0,0,396.1,0.0,0,0,0,1,0,0,0,0,0,0,0,1,1,1,1
100811,2402,2196,449,470,2027,0.0,0,396.3,0.0,0,0,0,1,0,0,0,0,0,0,0,1,1,1,1
100821,2401,2196,451,470,2026,0.0,0,396.7,0.0,0,0,0,1,0,0,0,0,0,0,0,1,1,1,1
100831,2403,2196,450,470,2029,0.0,0,396.9,0.0,0,0,0,1,0,0,0,0,0,0,0,1,1,1,1
100841,2403,2197,450,470,2026,0.0,0,396.9,0.0,0,0,0,1,0,0,0,0,0,0,0,1,1,1,1
100851,2400,2197,450,470,2027,0.0,0,396.8,0.0,0,0,0,1,0,0,0,0,0,0,0,1,1,1,1
100861,2401,2196,449,471,2027,0.0,0,396.4,0.0,0,0,0,1,0,0,0,0,0,0,0,1,1,1,1
100871,2401,2197,451,469,2025,0.0,0,396.7,0.0,0,0,0,1,0,0,0,0,0,0,0,1,1,1,1
100881,2402,2196,450,470,2025,0.0,0,396.7,0.0,0,0,0,1,0,0,0,0,0,0,0,1,1,1,1
100891,2402,2197,450,469,2026,0.0,0,396.8,0.0,0,0,0,1,0,0,0,0,0,0,0,1,1,1,1
100901,2402,2197,449,472,2026,0.0,0,396.8,0.0,0,0,0,1,0,0,0,0,0,0,0,1,1,1,1
100911,2401,2196,450,471,2025,0.0,0,396.4,0.0,0,0,0,1,0,0,0,0,0,0,0,1,1,1,1
100921,2401,2196,450,468,2018,0.0,0,397.5,0.0,0,0,0,1,0,0,0,0,0,0,0,1,1,1,1
100931,2402,2198,451,471,2017,0.0,0,396.4,0.0,0,0,0,1,0,0,0,0,0,0,0,1,1,1,1
100941,2401,2195,450,469,2017,0.0,0,397.1,0.0,0,0,0,1,0,0,0,0,0,0,0,1,1,1,1
100951,2403,2196,451,470,2016,0.0,0,396.5,0.0,0,0,0,1,0,0,0,0,0,0,0,1,1,1,1
100961,2402,2197,450,471,2017,0.0,0,396.5,0.0,0,0,0,1,0,0,0,0,0,0,0,1,1,1,1
100971,2401,2197,451,469,2018,0.0,0,397.0,0.0,0,0,0,1,0,0,0,0,0,0,0,1,1,1,1
100981,2401,2196,450,470,2017,0.0,0,396.5,0.0,0,0,0,1,0,0,0,0,0,0,0,1,1,1,1
100991,2402,2196,450,468,2017,0.0,0,397.5,0.0,0,0,0,1,0,0,0,0,0,0,0,1,1,1,1
101001,2398,2196,449,470,2016,0.0,0,397.3,0.0,0,0,0,1,0,0,0,0,0,0,0,1,1,1,1
101011,2403,2196,451,471,2014,0.0,0,397.7,0.0,0,0,0,1,0,0,0,0,0,0,0,1,1,1,1
101021,2402,2197,451,470,2016,0.0,0,397.7,0.0,0,0,0,1,0,0,0,0,0,0,0,1,1,1,1
101031,2402,2196,450,471,2017,0.0,0,397.0,0.0,0,0,0,1,0,0,0,0,0,0,0,1,1,1,1
101041,2402,2197,451,470,2017,0.0,0,396.8,0.0,0,0,0,1,0,0,0,0,0,0,0,1,1,1,1
101051,2402,2196,452,470,2019,0.0,0,397.4,0.0,0,0,0,1,0,0,0,0,0,0,0,1,1,1,1
101061,2403,2196,448,470,2025,0.0,0,396.7,0.0,0,0,0,1,0,0,0,0,0,0,0,1,1,1,1
101071,2403,2196,449,469,2025,0.0,0,397.5,0.0,0,0,0,1,0,0,0,0,0,0,0,1,1,1,1
101081,2402,2196,451,469,2025,0.0,0,397.5,0.0,0,0,0,1,0,0,0,0,0,0,0,1,1,1,1
101091,2402,2196,449,471,2027,0.0,0,397.4,0.0,0,0,0,1,0,0,0,0,0,0,0,1,1,1,1
101101,2401,2196,449,470,2026,0.0,0,396.5,0.0,0,0,0,1,0,0,0,0,0,0,0,1,1,1,1
101111,2401,2196,449,473,2026,0.0,0,396.4,0.0,0,0,0,1,0,0,0,0,0,0,0,1,1,1,1
101121,2402,2197,449,471,2023,0.0,0,396.7,0.0,0,0,0,1,0,0,0,0,0,0,0,1,1,1,1
101131,2402,2198,449,469,2028,0.0,0,397.3,0.0,0,0,0,1,0,0,0,0,0,0,0,1,1,1,1
101141,2402,2196,448,469,2027,0.0,0,397.3,0.0,0,0,0,1,0,0,0,0,0,0,0,1,1,1,1
101151,2401,2196,447,469,2027,0.0,0,397.3,0.0,0,0,0,1,0,0,0,0,0,0,0,1,1,1,1
101161,2401,2196,450,469,2027,0.0,0,396.7,0.0,0,0,0,1,0,0,0,0,0,0,0,1,1,1,1
101171,2403,2197,450,470,2027,0.0,0,396.3,0.0,0,0,0,1,0,0,0,0,0,0,0,1,1,1,1
101181,2401,2196,448,469,2026,0.0,0,397.3,0.0,0,0,0,1,0,0,0,0,0,0,0,1,1,1,1
101191,2403,2199,449,469,2026,0.0,0,396.4,0.0,0,0,0,1,0,0,0,0,0,0,0,1,1,1,1
101201,2401,2197,451,470,2026,0.0,0,396.4,0.0,0,0,0,1,0,0,0,0,0,0,0,1,1,1,1
101211,2402,2198,449,470,2026,0.0,0,397.0,0.0,0,0,0,1,0,0,0,0,0,0,0,1,1,1,1
101221,2402,2197,449,469,2017,0.0,0,396.8,0.0,0,0,0,1,0,0,0,0,0,0,0,1,1,1,1
101231,2402,2196,451,473,2017,0.0,0,396.5,0.0,0,0,0,1,0,0,0,0,0,0,0,1,1,1,1
101241,2401,2197,450,470,2016,0.0,0,396.7,0.0,0,0,0,1,0,0,0,0,0,0,0,1,1,1,1
101251,2402,2196,449,467,2017,0.0,0,396.7,0.0,0,0,0,1,0,0,0,0,0,0,0,1,1,1,1
101261,2402,2196,450,470,2017,0.0,0,396.7,0.0,0,0,0,1,0,0,0,0,0,0,0,1,1,1,1
101271,2402,2196,450,469,2017,0.0,0,396.7,0.0,0,0,0,1,0,0,0,0,0,0,0,1,1,1,1
101281,2401,2197,446,469,2017,0.0,0,397.2,0.0,0,0,0,1,0,0,0,0,0,0,0,1,1,1,1
101291,2401,2196,450,470,2016,0.0,0,397.0,0.0,0,0,0,1,0,0,0,0,0,0,0,1,1,1,1
101301,2401,2196,450,470,2017,0.0,0,396.4,0.0,0,0,0,1,0,0,0,0,0,0,0,1,1,1,1
101311,2401,2196,449,470,2016,0.0,0,396.4,0.0,0,0,0,1,0,0,0,0,0,0,0,1,1,1,1
101321,2401,2196,450,470,2016,0.0,0,396.4,0.0,0,0,0,1,0,0,0,0,0,0,0,1,1,1,1
101331,2401,2196,451,470,2017,0.0,0,397.1,0.0,0,0,0,1,0,0,0,0,0,0,0,1,1,1,1
101341,2401,2196,451,471,2016,0.0,0,396.7,0.0,0,0,0,1,0,0,0,0,0,0,0,1,1,1,1
101351,2401,2196,450,470,2018,0.0,0,397.5,0.0,0,0,0,1,0,0,0,0,0,0,0,1,1,1,1
101361,2402,2196,451,470,2026,0.0,0,396.7,0.0,0,0,0,1,0,0,0,0,0,0,0,1,1,1,1
101371,2401,2197,447,469,2026,0.0,0,397.7,0.0,0,0,0,1,0,0,0,0,0,0,0,1,1,1,1
101381,2399,2196,449,470,2026,0.0,0,397.7,0.0,0,0,0,1,0,0,0,0,0,0,0,1,1,1,1
101391,2402,2196,451,469,2026,0.0,0,397.1,0.0,0,0,0,1,0,0,0,0,0,0,0,1,1,1,1
101401,2401,2196,450,470,2026,0.0,0,396.7,0.0,0,0,0,1,0,0,0,0,0,0,0,1,1,1,1
101411,2402,2196,450,470,2026,0.0,0,396.4,0.0,0,0,0,1,0,0,0,0,0,0,0,1,1,1,1
101421,2402,2196,451,469,2027,0.0,0,396.5,0.0,0,0,0,1,0,0,0,0,0,0,0,1,1,1,1
101431,2403,2196,449,469,2028,0.0,0,396.7,0.0,0,0,0,1,0,0,0,0,0,0,0,1,1,1,1
101441,2402,2196,449,469,2026,0.0,0,396.7,0.0,0,0,0,1,0,0,0,0,0,0,0,1,1,1,1
101451,2402,2196,449,469,2026,0.0,0,396.5,0.0,0,0,0,1,0,0,0,0,0,0,0,1,1,1,1
101461,2402,2196,449,471,2026,0.0,0,397.1,0.0,0,0,0,1,0,0,0,0,0,0,0,1,1,1,1
101471,2401,2196,451,469,2027,0.0,0,397.1,0.0,0,0,0,1,0,0,0,0,0,0,0,1,1,1,1
101481,2402,2198,450,470,2026,0.0,0,397.2,0.0,0,0,0,1,0,0,0,0,0,0,0,1,1,1,1
101491,2402,2196,450,471,2026,0.0,0,396.3,0.0,0,0,0,1,0,0,0,0,0,0,0,1,1,1,1
101501,2403,2197,450,470,2025,0.0,0,396.3,0.0,0,0,0,1,0,0,0,0,0,0,0,1,1,1,1
101511,2402,2197,450,468,2027,0.0,0,396.5,0.0,0,0,0,1,0,0,0,0,0,0,0,1,1,1,1
101521,2401,2196,447,469,2025,0.0,0,397.0,0.0,0,0,0,1,0,0,0,0,0,0,0,1,1,1,1
101531,2401,2196,449,468,2017,0.0,0,397.1,0.0,0,0,0,1,0,0,0,0,0,0,0,1,1,1,1
101541,2402,2197,450,470,2017,0.0,0,396.7,0.0,0,0,0,1,0,0,0,0,0,0,0,1,1,1,1
101551,2404,2197,449,470,2016,0.0,0,397.4,0.0,0,0,0,1,0,0,0,0,0,0,0,1,1,1,1
101561,2402,2197,450,467,2017,0.0,0,397.4,0.0,0,0,0,1,0,0,0,0,0,0,0,1,1,1,1
101571,2403,2196,449,471,2017,0.0,0,396.9,0.0,0,0,0,1,0,0,0,0,0,0,0,1,1,1,1
101581,2402,2196,449,470,2019,0.0,0,396.8,0.0,0,0,0,1,0,0,0,0,0,0,0,1,1,1,1
101591,2402,2197,450,470,2017,0.0,0,397.7,0.0,0,0,0,1,0,0,0,0,0,0,0,1,1,1,1
101601,2402,2196,450,471,2017,0.0,0,396.9,0.0,0,0,0,1,0,0,0,0,0,0,0,1,1,1,1
101611,2402,2196,450,468,2017,0.0,0,396.9,0.0,0,0,0,1,0,0,0,0,0,0,0,1,1,1,1
101621,2402,2196,450,470,2017,0.0,0,396.9,0.0,0,0,0,1,0,0,0,0,0,0,0,1,1,1,1
101631,2402,2197,451,471,2017,0.0,0,396.4,0.0,0,0,0,1,0,0,0,0,0,0,0,1,1,1,1
101641,2403,2197,449,470,2017,0.0,0,397.5,0.0,0,0,0,1,0,0,0,0,0,0,0,1,1,1,1
101651,2402,2196,451,470,2020,0.0,0,396.5,0.0,0,0,0,1,0,0,0,0,0,0,0,1,1,1,1
101661,2401,2197,449,471,2027,0.0,0,397.1,0.0,0,0,0,1,0,0,0,0,0,0,0,1,1,1,1
101671,2404,2197,450,467,2026,0.0,0,396.9,0.0,0,0,0,1,0,0,0,0,0,0,0,1,1,1,1
101681,2402,2196,449,470,2026,0.0,0,396.9,0.0,0,0,0,1,0,0,0,0,0,0,0,1,1,1,1
101691,2402,2197,449,470,2025,0.0,0,397.2,0.0,0,0,0,1,0,0,0,0,0,0,0,1,1,1,1
101701,2401,2197,450,471,2025,0.0,0,396.8,0.0,0,0,0,1,0,0,0,0,0,0,0,1,1,1,1
101711,2402,2197,453,471,2027,0.0,0,396.5,0.0,0,0,0,1,0,0,0,0,0,0,0,1,1,1,1
101721,2402,2196,449,470,2026,0.0,0,396.9,0.0,0,0,0,1,0,0,0,0,0,0,0,1,1,1,1
101731,2402,2197,450,471,2026,0.0,0,397.0,0.0,0,0,0,1,0,0,0,0,0,0,0,1,1,1,1
101741,2402,2197,445,471,2026,0.0,0,397.0,0.0,0,0,0,1,0,0,0,0,0,0,0,1,1,1,1
101751,2402,2197,450,469,2026,0.0,0,396.4,0.0,0,0,0,1,0,0,0,0,0,0,0,1,1,1,1
101761,2402,2197,450,470,2027,0.0,0,397.2,0.0,0,0,0,1,0,0,0,0,0,0,0,1,1,1,1
101771,2402,2196,449,470,2025,0.0,0,396.9,0.0,0,0,0,1,0,0,0,0,0,0,0,1,1,1,1
101781,2402,2195,450,469,2028,0.0,0,397.2,0.0,0,0,0,1,0,0,0,0,0,0,0,1,1,1,1
101791,2403,2196,451,469,2026,0.0,0,397.1,0.0,0,0,0,1,0,0,0,0,0,0,0,1,1,1,1
101801,2401,2196,451,470,2025,0.0,0,397.1,0.0,0,0,0,1,0,0,0,0,0,0,0,1,1,1,1
101811,2402,2200,450,469,2026,0.0,0,397.1,0.0,0,0,0,1,0,0,0,0,0,0,0,1,1,1,1
101821,2401,2197,450,471,2026,0.0,0,396.7,0.0,0,0,0,1,0,0,0,0,0,0,0,1,1,1,1
101831,2402,2198,448,468,2018,0.0,0,397.3,0.0,0,0,0,1,0,0,0,0,0,0,0,1,1,1,1
101841,2402,2196,449,469,2017,0.0,0,397.3,0.0,0,0,0,1,0,0,0,0,0,0,0,1,1,1,1
101851,2402,2196,449,471,2019,0.0,0,396.8,0.0,0,0,0,1,0,0,0,0,0,0,0,1,1,1,1
101861,2403,2196,450,470,2016,0.0,0,396.8,0.0,0,0,0,1,0,0,0,0,0,0,0,1,1,1,1
101871,2401,2196,450,470,2018,0.0,0,397.1,0.0,0,0,0,1,0,0,0,0,0,0,0,1,1,1,1
101881,2402,2197,450,470,2017,0.0,0,397.0,0.0,0,0,0,1,0,0,0,0,0,0,0,1,1,1,1
101891,2402,2197,451,469,2017,0.0,0,396.5,0.0,0,0,0,1,0,0,0,0,0,0,0,1,1,1,1
101901,2402,2197,450,471,2017,0.0,0,396.4,0.0,0,0,0,1,0,0,0,0,0,0,0,1,1,1,1
101911,2402,2197,450,470,2017,0.0,0,396.4,0.0,0,0,0,1,0,0,0,0,0,0,0,1,1,1,1
101921,2402,2197,449,470,2017,0.0,0,396.4,0.0,0,0,0,1,0,0,0,0,0,0,0,1,1,1,1
101931,2402,2196,450,469,2017,0.0,0,396.9,0.0,0,0,0,1,0,0,0,0,0,0,0,1,1,1,1
101941,2402,2196,452,471,2017,0.0,0,397.1,0.0,0,0,0,1,0,0,0,0,0,0,0,1,1,1,1
101951,2402,2196,450,469,2016,0.0,0,397.6,0.0,0,0,0,1,0,0,0,0,0,0,0,1,1,1,1
101961,2402,2197,449,470,2026,0.0,0,396.9,0.0,0,0,0,1,0,0,0,0,0,0,0,1,1,1,1
101971,2401,2196,449,470,2025,0.0,0,397.6,0.0,0,0,0,1,0,0,0,0,0,0,0,1,1,1,1
101981,2402,2198,450,470,2026,0.0,0,397.6,0.0,0,0,0,1,0,0,0,0,0,0,0,1,1,1,1
101991,2399,2196,450,472,2026,0.0,0,396.8,0.0,0,0,0,1,0,0,0,0,0,0,0,1,1,1,1
102001,2401,2196,451,471,2027,0.0,0,397.1,0.0,0,0,0,1,0,0,0,0,0,0,0,1,1,1,1
102011,2402,2196,451,470,2026,0.0,0,397.1,0.0,0,0,0,1,0,0,0,0,0,0,0,1,1,1,1
102021,2401,2196,449,470,2027,0.0,0,397.1,0.0,0,0,0,1,0,0,0,0,0,0,0,1,1,1,1
102031,2402,2196,447,469,2026,0.0,0,396.7,0.0,0,0,0,1,0,0,0,0,0,0,0,1,1,1,1
102041,2401,2196,449,470,2026,0.0,0,396.7,0.0,0,0,0,1,0,0,0,0,0,0,0,1,1,1,1
102051,2401,2197,451,471,2027,0.0,0,397.6,0.0,0,0,0,1,0,0,0,0,0,0,0,1,1,1,1
102061,2403,2196,451,470,2025,0.0,0,397.0,0.0,0,0,0,1,0,0,0,0,0,0,0,1,1,1,1
102071,2403,2197,451,466,2027,0.0,0,397.2,0.0,0,0,0,1,0,0,0,0,0,0,0,1,1,1,1
102081,2401,2196,449,468,2027,0.0,0,397.0,0.0,0,0,0,1,0,0,0,0,0,0,0,1,1,1,1
102091,2402,2196,450,469,2026,0.0,0,397.4,0.0,0,0,0,1,0,0,0,0,0,0,0,1,1,1,1
102101,2403,2196,450,469,2025,0.0,0,397.4,0.0,0,0,0,1,0,0,0,0,0,0,0,1,1,1,1
102111,2402,2196,450,469,2026,0.0,0,396.4,0.0,0,0,0,1,0,0,0,0,0,0,0,1,1,1,1
102121,2402,2198,454,469,2026,0.0,0,397.2,0.0,0,0,0,1,0,0,0,0,0,0,0,1,1,1,1
102131,2401,2197,450,472,2017,0.0,0,397.0,0.0,0,0,0,1,0,0,0,0,0,0,0,1,1,1,1
102141,2402,2196,447,469,2017,0.0,0,396.9,0.0,0,0,0,1,0,0,0,0,0,0,0,1,1,1,1
102151,2402,2196,449,470,2017,0.0,0,396.7,0.0,0,0,0,1,0,0,0,0,0,0,0,1,1,1,1
102161,2402,2196,450,471,2018,0.0,0,396.7,0.0,0,0,0,1,0,0,0,0,0,0,0,1,1,1,1
102171,2402,2196,451,470,2017,0.0,0,397.1,0.0,0,0,0,1,0,0,0,0,0,0,0,1,1,1,1
102181,2402,2198,451,470,2017,0.0,0,397.4,0.0,0,0,0,1,0,0,0,0,0,0,0,1,1,1,1
102191,2402,2196,450,470,2017,0.0,0,397.0,0.0,0,0,0,1,0,0,0,0,0,0,0,1,1,1,1
102201,2401,2197,449,469,2017,0.0,0,397.2,0.0,0,0,0,1,0,0,0,0,0,0,0,1,1,1,1
102211,2403,2197,450,466,2017,0.0,0,397.3,0.0,0,0,0,1,0,0,0,0,0,0,0,1,1,1,1
102221,2402,2196,450,470,2016,0.0,0,397.3,0.0,0,0,0,1,0,0,0,0,0,0,0,1,1,1,1
102231,2402,2197,450,472,2017,0.0,0,396.8,0.0,0,0,0,1,0,0,0,0,0,0,0,1,1,1,1
102241,2402,2197,450,469,2017,0.0,0,397.0,0.0,0,0,0,1,0,0,0,0,0,0,0,1,1,1,1
102251,2402,2197,450,470,2017,0.0,0,396.9,0.0,0,0,0,1,0,0,0,0,0,0,0,1,1,1,1
102261,2400,2195,449,471,2026,0.0,0,397.2,0.0,0,0,0,1,0,0,0,0,0,0,0,1,1,1,1
102271,2401,2196,449,469,2026,0.0,0,396.8,0.0,0,0,0,1,0,0,0,0,0,0,0,1,1,1,1
102281,2402,2196,448,470,2025,0.0,0,396.8,0.0,0,0,0,1,0,0,0,0,0,0,0,1,1,1,1
102291,2401,2196,450,471,2026,0.0,0,396.5,0.0,0,0,0,1,0,0,0,0,0,0,0,1,1,1,1
102301,2401,2197,451,469,2026,0.0,0,396.4,0.0,0,0,0,1,0,0,0,0,0,0,0,1,1,1,1
102311,2400,2196,450,471,2027,0.0,0,396.1,0.0,0,0,0,1,0,0,0,0,0,0,0,1,1,1,1
102321,2401,2197,451,478,2026,0.0,0,397.1,0.0,0,0,0,1,0,0,0,0,0,0,0,1,1,1,1
102331,2402,2196,451,468,2026,0.0,0,397.1,0.0,0,0,0,1,0,0,0,0,0,0,0,1,1,1,1
102341,2401,2196,452,470,2025,0.0,0,397.1,0.0,0,0,0,1,0,0,0,0,0,0,0,1,1,1,1
102351,2401,2196,449,470,2026,0.0,0,396.5,0.0,0,0,0,1,0,0,0,0,0,0,0,1,1,1,1
102361,2402,2196,451,470,2026,0.0,0,397.0,0.0,0,0,0,1,0,0,0,0,0,0,0,1,1,1,1
102371,2400,2196,450,469,2025,0.0,0,396.9,0.0,0,0,0,1,0,0,0,0,0,0,0,1,1,1,1
102381,2401,2197,450,471,2025,0.0,0,396.3,0.0,0,0,0,1,0,0,0,0,0,0,0,1,1,1,1
102391,2402,2197,450,469,2025,0.0,0,396.5,0.0,0,0,0,1,0,0,0,0,0,0,0,1,1,1,1
102401,2402,2197,450,469,2025,0.0,0,396.5,0.0,0,0,0,1,0,0,0,0,0,0,0,1,1,1,1
102411,2402,2197,450,470,2027,0.0,0,397.5,0.0,0,0,0,1,0,0,0,0,0,0,0,1,1,1,1
102421,2401,2196,449,470,2027,0.0,0,396.5,0.0,0,0,0,1,0,0,0,0,0,0,0,1,1,1,1
102431,2402,2197,451,470,2017,0.0,0,396.5,0.0,0,0,0,1,0,0,0,0,0,0,0,1,1,1,1
102441,2401,2197,450,471,2018,0.0,0,397.4,0.0,0,0,0,1,0,0,0,0,0,0,0,1,1,1,1
102451,2402,2196,449,468,2016,0.0,0,396.1,0.0,0,0,0,1,0,0,0,0,0,0,0,1,1,1,1
102461,2401,2197,450,469,2017,0.0,0,396.1,0.0,0,0,0,1,0,0,0,0,0,0,0,1,1,1,1
102471,2402,2197,451,471,2019,0.0,0,396.7,0.0,0,0,0,1,0,0,0,0,0,0,0,1,1,1,1
102481,2402,2197,450,470,2017,0.0,0,396.7,0.0,0,0,0,1,0,0,0,0,0,0,0,1,1,1,1
102491,2402,2196,448,471,2017,0.0,0,397.1,0.0,0,0,0,1,0,0,0,0,0,0,0,1,1,1,1
102501,2404,2197,450,470,2017,0.0,0,397.0,0.0,0,0,0,1,0,0,0,0,0,0,0,1,1,1,1
102511,2402,2196,449,469,2017,0.0,0,397.3,0.0,0,0,0,1,0,0,0,0,0,0,0,1,1,1,1
102521,2402,2196,450,470,2017,0.0,0,397.3,0.0,0,0,0,1,0,0,0,0,0,0,0,1,1,1,1
102531,2402,2196,449,470,2017,0.0,0,397.1,0.0,0,0,0,1,0,0,0,0,0,0,0,1,1,1,1
102541,2401,2197,450,471,2018,0.0,0,397.2,0.0,0,0,0,1,0,0,0,0,0,0,0,1,1,1,1
102551,2402,2196,448,468,2018,0.0,0,397.5,0.0,0,0,0,1,0,0,0,0,0,0,0,1,1,1,1
102561,2401,2196,450,471,2017,0.0,0,396.5,0.0,0,0,0,1,0,0,0,0,0,0,0,1,1,1,1
102571,2404,2198,449,469,2027,0.0,0,397.0,0.0,0,0,0,1,0,0,0,0,0,0,0,1,1,1,1
102581,2402,2197,450,470,2025,0.0,0,397.0,0.0,0,0,0,1,0,0,0,0,0,0,0,1,1,1,1
102591,2402,2196,450,471,2027,0.0,0,396.0,0.0,0,0,0,1,0,0,0,0,0,0,0,1,1,1,1
102601,2402,2196,452,470,2026,0.0,0,397.5,0.0,0,0,0,1,0,0,0,0,0,0,0,1,1,1,1
102611,2402,2196,449,471,2026,0.0,0,396.9,0.0,0,0,0,1,0,0,0,0,0,0,0,1,1,1,1
102621,2402,2197,450,469,2027,0.0,0,396.8,0.0,0,0,0,1,0,0,0,0,0,0,0,1,1,1,1
102631,2401,2197,449,471,2026,0.0,0,396.8,0.0,0,0,0,1,0,0,0,0,0,0,0,1,1,1,1
102641,2401,2196,448,469,2026,0.0,0,396.8,0.0,0,0,0,1,0,0,0,0,0,0,0,1,1,1,1
102651,2402,2197,450,470,2024,0.0,0,397.3,0.0,0,0,0,1,0,0,0,0,0,0,0,1,1,1,1
102661,2402,2197,450,471,2027,0.0,0,396.4,0.0,0,0,0,1,0,0,0,0,0,0,0,1,1,1,1
102671,2402,2197,451,469,2027,0.0,0,396.8,0.0,0,0,0,1,0,0,0,0,0,0,0,1,1,1,1
102681,2402,2197,450,471,2026,0.0,0,397.1,0.0,0,0,0,1,0,0,0,0,0,0,0,1,1,1,1
102691,2402,2197,451,470,2026,0.0,0,396.8,0.0,0,0,0,1,0,0,0,0,0,0,0,1,1,1,1
102701,2402,2197,450,470,2026,0.0,0,396.8,0.0,0,0,0,1,0,0,0,0,0,0,0,1,1,1,1
102711,2400,2198,449,470,2026,0.0,0,397.3,0.0,0,0,0,1,0,0,0,0,0,0,0,1,1,1,1
102721,2401,2195,451,470,2027,0.0,0,397.4,0.0,0,0,0,1,0,0,0,0,0,0,0,1,1,1,1
102731,2402,2197,449,468,2024,0.0,0,397.0,0.0,0,0,0,1,0,0,0,0,0,0,0,1,1,1,1
102741,2402,2197,450,468,2018,0.0,0,396.9,0.0,0,0,0,1,0,0,0,0,0,0,0,1,1,1,1
102751,2402,2196,450,470,2017,0.0,0,397.2,0.0,0,0,0,1,0,0,0,0,0,0,0,1,1,1,1
102761,2402,2196,450,470,2017,0.0,0,397.2,0.0,0,0,0,1,0,0,0,0,0,0,0,1,1,1,1
102771,2402,2196,450,469,2018,0.0,0,397.2,0.0,0,0,0,1,0,0,0,0,0,0,0,1,1,1,1
102781,2402,2196,449,470,2018,0.0,0,396.9,0.0,0,0,0,1,0,0,0,0,0,0,0,1,1,1,1
102791,2401,2196,451,471,2018,0.0,0,397.3,0.0,0,0,0,1,0,0,0,0,0,0,0,1,1,1,1
102801,2401,2201,451,469,2018,0.0,0,396.8,0.0,0,0,0,1,0,0,0,0,0,0,0,1,1,1,1
102811,2403,2197,450,469,2014,0.0,0,397.1,0.0,0,0,0,1,0,0,0,0,0,0,0,1,1,1,1
102821,2402,2197,449,470,2017,0.0,0,397.1,0.0,0,0,0,1,0,0,0,0,0,0,0,1,1,1,1
102831,2401,2197,451,469,2017,0.0,0,396.5,0.0,0,0,0,1,0,0,0,0,0,0,0,1,1,1,1
102841,2401,2197,449,470,2017,0.0,0,397.3,0.0,0,0,0,1,0,0,0,0,0,0,0,1,1,1,1
102851,2401,2196,449,470,2017,0.0,0,397.2,0.0,0,0,0,1,0,0,0,0,0,0,0,1,1,1,1
102861,2402,2196,449,472,2017,0.0,0,397.2,0.0,0,0,0,1,0,0,0,0,0,0,0,1,1,1,1
102871,2404,2195,450,468,2026,0.0,0,397.1,0.0,0,0,0,1,0,0,0,0,0,0,0,1,1,1,1
102881,2400,2197,450,470,2025,0.0,0,397.1,0.0,0,0,0,1,0,0,0,0,0,0,0,1,1,1,1
102891,2401,2197,449,470,2027,0.0,0,396.7,0.0,0,0,0,1,0,0,0,0,0,0,0,1,1,1,1
102901,2402,2197,451,470,2026,0.0,0,396.8,0.0,0,0,0,1,0,0,0,0,0,0,0,1,1,1,1
102911,2401,2197,448,469,2026,0.0,0,396.3,0.0,0,0,0,1,0,0,0,0,0,0,0,1,1,1,1
102921,2401,2196,450,470,2028,0.0,0,397.0,0.0,0,0,0,1,0,0,0,0,0,0,0,1,1,1,1
102931,2404,2196,449,469,2025,0.0,0,397.4,0.0,0,0,0,1,0,0,0,0,0,0,0,1,1,1,1
102941,2401,2196,450,469,2026,0.0,0,397.4,0.0,0,0,0,1,0,0,0,0,0,0,0,1,1,1,1
102951,2401,2197,451,470,2025,0.0,0,396.8,0.0,0,0,0,1,0,0,0,0,0,0,0,1,1,1,1
102961,2402,2196,449,469,2027,0.0,0,396.8,0.0,0,0,0,1,0,0,0,0,0,0,0,1,1,1,1
102971,2401,2197,449,469,2026,0.0,0,396.7,0.0,0,0,0,1,0,0,0,0,0,0,0,1,1,1,1
102981,2402,2197,449,472,2027,0.0,0,396.8,0.0,0,0,0,1,0,0,0,0,0,0,0,1,1,1,1
102991,2403,2196,449,471,2026,0.0,0,396.9,0.0,0,0,0,1,0,0,0,0,0,0,0,1,1,1,1
103001,2401,2197,450,469,2026,0.0,0,396.9,0.0,0,0,0,1,0,0,0,0,0,0,0,1,1,1,1
103011,2402,2196,448,472,2026,0.0,0,397.3,0.0,0,0,0,1,0,0,0,0,0,0,0,1,1,1,1
103021,2403,2197,452,471,2027,0.0,0,397.1,0.0,0,0,0,1,0,0,0,0,0,0,0,1,1,1,1
103031,2401,2197,450,470,2025,0.0,0,397.1,0.0,0,0,0,1,0,0,0,0,0,0,0,1,1,1,1
103041,2401,2194,449,470,2018,0.0,0,396.8,0.0,0,0,0,1,0,0,0,0,0,0,0,1,1,1,1
103051,2403,2196,450,469,2017,0.0,0,397.0,0.0,0,0,0,1,0,0,0,0,0,0,0,1,1,1,1
103061,2402,2196,449,470,2017,0.0,0,397.0,0.0,0,0,0,1,0,0,0,0,0,0,0,1,1,1,1
103071,2402,2196,450,470,2015,0.0,0,397.3,0.0,0,0,0,1,0,0,0,0,0,0,0,1,1,1,1
103081,2403,2196,453,470,2017,0.0,0,396.9,0.0,0,0,0,1,0,0,0,0,0,0,0,1,1,1,1
103091,2402,2197,450,470,2017,0.0,0,396.7,0.0,0,0,0,1,0,0,0,0,0,0,0,1,1,1,1
103101,2404,2196,450,471,2017,0.0,0,396.9,0.0,0,0,0,1,0,0,0,0,0,0,0,1,1,1,1
103111,2403,2197,449,470,2016,0.0,0,396.4,0.0,0,0,0,1,0,0,0,0,0,0,0,1,1,1,1
103121,2402,2196,451,469,2017,0.0,0,396.4,0.0,0,0,0,1,0,0,0,0,0,0,0,1,1,1,1
103131,2402,2196,450,471,2017,0.0,0,396.9,0.0,0,0,0,1,0,0,0,0,0,0,0,1,1,1,1
103141,2403,2196,451,469,2018,0.0,0,397.0,0.0,0,0,0,1,0,0,0,0,0,0,0,1,1,1,1
103151,2401,2195,450,469,2017,0.0,0,396.4,0.0,0,0,0,1,0,0,0,0,0,0,0,1,1,1,1
103161,2404,2196,449,469,2016,0.0,0,396.8,0.0,0,0,0,1,0,0,0,0,0,0,0,1,1,1,1
103171,2405,2197,451,470,2026,0.0,0,397.1,0.0,0,0,0,1,0,0,0,0,0,0,0,1,1,1,1
103181,2403,2196,449,470,2026,0.0,0,397.1,0.0,0,0,0,1,0,0,0,0,0,0,0,1,1,1,1
103191,2401,2197,449,468,2027,0.0,0,397.0,0.0,0,0,0,1,0,0,0,0,0,0,0,1,1,1,1
103201,2401,2197,452,471,2026,0.0,0,396.7,0.0,0,0,0,1,0,0,0,0,0,0,0,1,1,1,1
103211,2403,2197,449,470,2027,0.0,0,396.8,0.0,0,0,0,1,0,0,0,0,0,0,0,1,1,1,1
103221,2401,2196,447,470,2026,0.0,0,397.0,0.0,0,0,0,1,0,0,0,0,0,0,0,1,1,1,1
103231,2403,2198,449,469,2025,0.0,0,396.1,0.0,0,0,0,1,0,0,0,0,0,0,0,1,1,1,1
103241,2402,2196,450,470,2026,0.0,0,396.1,0.0,0,0,0,1,0,0,0,0,0,0,0,1,1,1,1
103251,2401,2196,450,470,2026,0.0,0,396.8,0.0,0,0,0,1,0,0,0,0,0,0,0,1,1,1,1
103261,2402,2196,450,469,2026,0.0,0,396.9,0.0,0,0,0,1,0,0,0,0,0,0,0,1,1,1,1
103271,2401,2197,450,470,2026,0.0,0,396.5,0.0,0,0,0,1,0,0,0,0,0,0,0,1,1,1,1
103283,2401,2196,449,469,2026,0.0,0,396.3,0.0,0,0,0,1,0,0,0,0,0,0,0,1,1,1,1
103293,2401,2196,452,470,2026,0.0,0,396.8,0.0,0,0,0,1,0,0,0,0,0,0,0,1,1,1,1
103303,2402,2196,450,469,2025,0.0,0,396.5,0.0,0,0,0,1,0,0,0,0,0,0,0,1,1,1,1
103313,2401,2197,449,468,2026,0.0,0,396.5,0.0,0,0,0,1,0,0,0,0,0,0,0,1,1,1,1
103323,2402,2196,448,470,2026,0.0,0,396.7,0.0,0,0,0,1,0,0,0,0,0,0,0,1,1,1,1
103333,2402,2196,450,469,2025,0.0,0,397.0,0.0,0,0,0,1,0,0,0,0,0,0,0,1,1,1,1
103343,2401,2196,451,469,2017,0.0,0,397.1,0.0,0,0,0,1,0,0,0,0,0,0,0,1,1,1,1
103353,2401,2196,449,470,2017,0.0,0,397.1,0.0,0,0,0,1,0,0,0,0,0,0,0,1,1,1,1
103363,2401,2196,448,470,2017,0.0,0,397.2,0.0,0,0,0,1,0,0,0,0,0,0,0,1,1,1,1
103373,2401,2196,450,470,2016,0.0,0,397.2,0.0,0,0,0,1,0,0,0,0,0,0,0,1,1,1,1
103383,2402,2196,450,470,2016,0.0,0,396.8,0.0,0,0,0,1,0,0,0,0,0,0,0,1,1,1,1
103393,2400,2194,450,471,2017,0.0,0,396.5,0.0,0,0,0,1,0,0,0,0,0,0,0,1,1,1,1
103403,2403,2197,450,470,2017,0.0,0,396.3,0.0,0,0,0,1,0,0,0,0,0,0,0,1,1,1,1
103413,2402,2197,450,469,2017,0.0,0,396.9,0.0,0,0,0,1,0,0,0,0,0,0,0,1,1,1,1
103423,2402,2196,450,469,2017,0.0,0,396.4,0.0,0,0,0,1,0,0,0,0,0,0,0,1,1,1,1
103433,2402,2196,450,469,2017,0.0,0,396.4,0.0,0,0,0,1,0,0,0,0,0,0,0,1,1,1,1
103443,2402,2196,450,469,2017,0.0,0,397.6,0.0,0,0,0,1,0,0,0,0,0,0,0,1,1,1,1
103453,2401,2197,450,471,2017,0.0,0,397.7,0.0,0,0,0,1,0,0,0,0,0,0,0,1,1,1,1
103463,2402,2197,450,470,2017,0.0,0,397.0,0.0,0,0,0,1,0,0,0,0,0,0,0,1,1,1,1
103473,2403,2197,451,472,2027,0.0,0,397.0,0.0,0,0,0,1,0,0,0,0,0,0,0,1,1,1,1
103483,2402,2197,450,470,2026,0.0,0,396.3,0.0,0,0,0,1,0,0,0,0,0,0,0,1,1,1,1
103493,2402,2200,450,470,2026,0.0,0,396.3,0.0,0,0,0,1,0,0,0,0,0,0,0,1,1,1,1
103503,2402,2196,451,469,2026,0.0,0,396.9,0.0,0,0,0,1,0,0,0,0,0,0,0,1,1,1,1
103513,2403,2196,451,470,2026,0.0,0,397.6,0.0,0,0,0,1,0,0,0,0,0,0,0,1,1,1,1
103523,2401,2197,451,471,2027,0.0,0,396.5,0.0,0,0,0,1,0,0,0,0,0,0,0,1,1,1,1
103533,2401,2196,450,469,2027,0.0,0,396.3,0.0,0,0,0,1,0,0,0,0,0,0,0,1,1,1,1
103543,2402,2196,450,471,2026,0.0,0,396.3,0.0,0,0,0,1,0,0,0,0,0,0,0,1,1,1,1
103553,2402,2197,449,470,2026,0.0,0,396.3,0.0,0,0,0,1,0,0,0,0,0,0,0,1,1,1,1
103563,2401,2196,449,471,2027,0.0,0,397.0,0.0,0,0,0,1,0,0,0,0,0,0,0,1,1,1,1
103573,2402,2196,449,470,2022,0.0,0,396.4,0.0,0,0,0,1,0,0,0,0,0,0,0,1,1,1,1
103583,2404,2196,451,471,2026,0.0,0,396.8,0.0,0,0,0,1,0,0,0,0,0,0,0,1,1,1,1
103593,2399,2196,449,470,2024,0.0,0,396.7,0.0,0,0,0,1,0,0,0,0,0,0,0,1,1,1,1
103603,2403,2196,450,469,2025,0.0,0,396.8,0.0,0,0,0,1,0,0,0,0,0,0,0,1,1,1,1
103613,2402,2197,449,471,2026,0.0,0,396.8,0.0,0,0,0,1,0,0,0,0,0,0,0,1,1,1,1
103623,2402,2197,450,470,2025,0.0,0,396.2,0.0,0,0,0,1,0,0,0,0,0,0,0,1,1,1,1
103633,2402,2196,450,471,2027,0.0,0,397.1,0.0,0,0,0,1,0,0,0,0,0,0,0,1,1,1,1
103643,2401,2196,450,469,2016,0.0,0,397.2,0.0,0,0,0,1,0,0,0,0,0,0,0,1,1,1,1
103653,2402,2197,450,471,2017,0.0,0,397.1,0.0,0,0,0,1,0,0,0,0,0,0,0,1,1,1,1
103663,2402,2197,449,471,2017,0.0,0,397.5,0.0,0,0,0,1,0,0,0,0,0,0,0,1,1,1,1
103673,2403,2197,452,472,2018,0.0,0,397.5,0.0,0,0,0,1,0,0,0,0,0,0,0,1,1,1,1
103683,2402,2198,448,470,2017,0.0,0,397.1,0.0,0,0,0,1,0,0,0,0,0,0,0,1,1,1,1
103693,2401,2197,449,469,2017,0.0,0,397.1,0.0,0,0,0,1,0,0,0,0,0,0,0,1,1,1,1
103703,2402,2197,448,470,2016,0.0,0,397.1,0.0,0,0,0,1,0,0,0,0,0,0,0,1,1,1,1
103713,2404,2199,452,470,2017,0.0,0,396.5,0.0,0,0,0,1,0,0,0,0,0,0,0,1,1,1,1
103723,2403,2196,448,470,2017,0.0,0,396.8,0.0,0,0,0,1,0,0,0,0,0,0,0,1,1,1,1
103733,2402,2196,449,469,2017,0.0,0,396.8,0.0,0,0,0,1,0,0,0,0,0,0,0,1,1,1,1
103743,2402,2196,450,470,2017,0.0,0,396.9,0.0,0,0,0,1,0,0,0,0,0,0,0,1,1,1,1
103753,2403,2197,450,472,2017,0.0,0,396.9,0.0,0,0,0,1,0,0,0,0,0,0,0,1,1,1,1
103763,2402,2197,449,469,2017,0.0,0,396.9,0.0,0,0,0,1,0,0,0,0,0,0,0,1,1,1,1
103773,2401,2196,449,469,2026,0.0,0,397.0,0.0,0,0,0,1,0,0,0,0,0,0,0,1,1,1,1
103783,2403,2196,448,472,2026,0.0,0,397.5,0.0,0,0,0,1,0,0,0,0,0,0,0,1,1,1,1
103793,2402,2197,450,469,2026,0.0,0,397.5,0.0,0,0,0,1,0,0,0,0,0,0,0,1,1,1,1
103803,2402,2198,451,470,2026,0.0,0,396.8,0.0,0,0,0,1,0,0,0,0,0,0,0,1,1,1,1
103813,2402,2196,450,470,2026,0.0,0,396.8,0.0,0,0,0,1,0,0,0,0,0,0,0,1,1,1,1
103823,2402,2197,450,470,2027,0.0,0,396.8,0.0,0,0,0,1,0,0,0,0,0,0,0,1,1,1,1
103833,2402,2196,450,470,2026,0.0,0,396.7,0.0,0,0,0,1,0,0,0,0,0,0,0,1,1,1,1
103843,2401,2196,450,471,2025,0.0,0,396.5,0.0,0,0,0,1,0,0,0,0,0,0,0,1,1,1,1
103853,2402,2201,449,469,2026,0.0,0,396.5,0.0,0,0,0,1,0,0,0,0,0,0,0,1,1,1,1
103863,2401,2197,449,470,2026,0.0,0,396.8,0.0,0,0,0,1,0,0,0,0,0,0,0,1,1,1,1
103873,2402,2196,451,470,2026,0.0,0,397.6,0.0,0,0,0,1,0,0,0,0,0,0,0,1,1,1,1
103883,2402,2197,448,470,2026,0.0,0,397.6,0.0,0,0,0,1,0,0,0,0,0,0,0,1,1,1,1
103893,2402,2196,449,472,2026,0.0,0,397.5,0.0,0,0,0,1,0,0,0,0,0,0,0,1,1,1,1
103903,2404,2196,450,470,2026,0.0,0,396.7,0.0,0,0,0,1,0,0,0,0,0,0,0,1,1,1,1
103913,2402,2197,449,470,2026,0.0,0,396.7,0.0,0,0,0,1,0,0,0,0,0,0,0,1,1,1,1
103923,2402,2196,450,470,2025,0.0,0,396.9,0.0,0,0,0,1,0,0,0,0,0,0,0,1,1,1,1
103933,2405,2197,450,469,2026,0.0,0,396.8,0.0,0,0,0,1,0,0,0,0,0,0,0,1,1,1,1
103943,2404,2196,450,471,2016,0.0,0,396.2,0.0,0,0,0,1,0,0,0,0,0,0,0,1,1,1,1
103953,2402,2196,449,470,2017,0.0,0,397.0,0.0,0,0,0,1,0,0,0,0,0,0,0,1,1,1,1
103963,2402,2196,450,469,2017,0.0,0,397.0,0.0,0,0,0,1,0,0,0,0,0,0,0,1,1,1,1
103973,2402,2197,450,469,2016,0.0,0,397.0,0.0,0,0,0,1,0,0,0,0,0,0,0,1,1,1,1
103983,2402,2196,450,470,2017,0.0,0,396.7,0.0,0,0,0,1,0,0,0,0,0,0,0,1,1,1,1
103993,2401,2196,451,470,2017,0.0,0,397.1,0.0,0,0,0,1,0,0,0,0,0,0,0,1,1,1,1
104003,2402,2197,450,471,2018,0.0,0,396.1,0.0,0,0,0,1,0,0,0,0,0,0,0,1,1,1,1
104013,2401,2197,448,472,2017,0.0,0,396.8,0.0,0,0,0,1,0,0,0,0,0,0,0,1,1,1,1
104023,2404,2196,449,469,2017,0.0,0,397.2,0.0,0,0,0,1,0,0,0,0,0,0,0,1,1,1,1
104033,2402,2197,450,469,2017,0.0,0,397.2,0.0,0,0,0,1,0,0,0,0,0,0,0,1,1,1,1
104043,2403,2197,451,470,2016,0.0,0,396.9,0.0,0,0,0,1,0,0,0,0,0,0,0,1,1,1,1
104053,2401,2196,448,469,2016,0.0,0,397.3,0.0,0,0,0,1,0,0,0,0,0,0,0,1,1,1,1
104063,2401,2197,450,469,2018,0.0,0,397.3,0.0,0,0,0,1,0,0,0,0,0,0,0,1,1,1,1
104073,2402,2197,450,471,2026,0.0,0,396.9,0.0,0,0,0,1,0,0,0,0,0,0,0,1,1,1,1
104083,2403,2197,450,470,2026,0.0,0,397.0,0.0,0,0,0,1,0,0,0,0,0,0,0,1,1,1,1
104093,2402,2197,451,471,2026,0.0,0,397.0,0.0,0,0,0,1,0,0,0,0,0,0,0,1,1,1,1
104103,2402,2196,450,468,2026,0.0,0,396.8,0.0,0,0,0,1,0,0,0,0,0,0,0,1,1,1,1
104113,2401,2196,450,470,2025,0.0,0,397.1,0.0,0,0,0,1,0,0,0,0,0,0,0,1,1,1,1
104123,2402,2197,451,470,2026,0.0,0,397.0,0.0,0,0,0,1,0,0,0,0,0,0,0,1,1,1,1
104133,2401,2199,449,470,2027,0.0,0,396.2,0.0,0,0,0,1,0,0,0,0,0,0,0,1,1,1,1
104143,2402,2197,450,472,2026,0.0,0,396.3,0.0,0,0,0,1,0,0,0,0,0,0,0,1,1,1,1
104153,2402,2197,449,469,2026,0.0,0,396.3,0.0,0,0,0,1,0,0,0,0,0,0,0,1,1,1,1
104163,2402,2196,449,470,2026,0.0,0,397.3,0.0,0,0,0,1,0,0,0,0,0,0,0,1,1,1,1
104173,2403,2196,450,469,2025,0.0,0,397.0,0.0,0,0,0,1,0,0,0,0,0,0,0,1,1,1,1
104183,2402,2197,452,471,2025,0.0,0,396.5,0.0,0,0,0,1,0,0,0,0,0,0,0,1,1,1,1
104193,2402,2197,450,470,2026,0.0,0,396.5,0.0,0,0,0,1,0,0,0,0,0,0,0,1,1,1,1
104203,2403,2196,452,466,2026,0.0,0,397.4,0.0,0,0,0,1,0,0,0,0,0,0,0,1,1,1,1
104213,2406,2196,451,470,2026,0.0,0,397.4,0.0,0,0,0,1,0,0,0,0,0,0,0,1,1,1,1
104223,2402,2196,449,470,2025,0.0,0,396.8,0.0,0,0,0,1,0,0,0,0,0,0,0,1,1,1,1
104233,2402,2196,450,470,2026,0.0,0,397.4,0.0,0,0,0,1,0,0,0,0,0,0,0,1,1,1,1
104243,2401,2196,449,469,2017,0.0,0,396.8,0.0,0,0,0,1,0,0,0,0,0,0,0,1,1,1,1
104253,2402,2197,450,469,2017,0.0,0,397.4,0.0,0,0,0,1,0,0,0,0,0,0,0,1,1,1,1
104263,2402,2196,451,470,2019,0.0,0,396.3,0.0,0,0,0,1,0,0,0,0,0,0,0,1,1,1,1
104273,2401,2196,451,469,2017,0.0,0,396.3,0.0,0,0,0,1,0,0,0,0,0,0,0,1,1,1,1
104284,2401,2195,450,472,2016,0.0,0,396.4,0.0,0,0,0,1,0,0,0,0,0,0,0,1,1,1,1
104297,2401,2196,451,470,2016,0.0,0,396.7,0.0,0,0,0,1,0,0,0,0,0,0,0,1,1,1,1
104307,2401,2196,450,471,2017,0.0,0,397.3,0.0,0,0,0,1,0,0,0,0,0,0,0,1,1,1,1
104317,2404,2196,450,468,2017,0.0,0,397.1,0.0,0,0,0,1,0,0,0,0,0,0,0,1,1,1,1
104327,2402,2196,449,470,2016,0.0,0,397.4,0.0,0,0,0,1,0,0,0,0,0,0,0,1,1,1,1
104337,2401,2196,449,470,2017,0.0,0,396.2,0.0,0,0,0,1,0,0,0,0,0,0,0,1,1,1,1
104347,2402,2196,448,467,2015,0.0,0,397.7,0.0,0,0,0,1,0,0,0,0,0,0,0,1,1,1,1
104357,2402,2195,450,469,2016,0.0,0,397.7,0.0,0,0,0,1,0,0,0,0,0,0,0,1,1,1,1
104367,2402,2196,450,470,2018,0.0,0,397.4,0.0,0,0,0,1,0,0,0,0,0,0,0,1,1,1,1
104377,2401,2196,449,471,2026,0.0,0,397.4,0.0,0,0,0,1,0,0,0,0,0,0,0,1,1,1,1
104387,2401,2198,450,470,2025,0.0,0,396.5,0.0,0,0,0,1,0,0,0,0,0,0,0,1,1,1,1
104397,2402,2196,450,470,2026,0.0,0,396.2,0.0,0,0,0,1,0,0,0,0,0,0,0,1,1,1,1
104407,2402,2196,450,470,2026,0.0,0,396.9,0.0,0,0,0,1,0,0,0,0,0,0,0,1,1,1,1
104417,2402,2196,450,470,2026,0.0,0,396.9,0.0,0,0,0,1,0,0,0,0,0,0,0,1,1,1,1
104427,2402,2197,449,469,2026,0.0,0,397.4,0.0,0,0,0,1,0,0,0,0,0,0,0,1,1,1,1
104437,2401,2196,449,470,2027,0.0,0,396.9,0.0,0,0,0,1,0,0,0,0,0,0,0,1,1,1,1
104447,2400,2197,450,469,2027,0.0,0,397.0,0.0,0,0,0,1,0,0,0,0,0,0,0,1,1,1,1
104459,2401,2196,448,469,2027,0.0,0,396.5,0.0,0,0,0,1,0,0,0,0,0,0,0,1,1,1,1
104469,2402,2197,450,470,2026,0.0,0,397.0,0.0,0,0,0,1,0,0,0,0,0,0,0,1,1,1,1
104479,2403,2196,449,469,2026,0.0,0,397.1,0.0,0,0,0,1,0,0,0,0,0,0,0,1,1,1,1
104489,2402,2197,450,470,2026,0.0,0,397.1,0.0,0,0,0,1,0,0,0,0,0,0,0,1,1,1,1
104499,2402,2197,450,470,2026,0.0,0,397.3,0.0,0,0,0,1,0,0,0,0,0,0,0,1,1,1,1
104509,2402,2196,450,469,2024,0.0,0,397.0,0.0,0,0,0,1,0,0,0,0,0,0,0,1,1,1,1
104519,2402,2196,438,470,2026,0.0,0,397.4,0.0,0,0,0,1,0,0,0,0,0,0,0,1,1,1,1
104529,2402,2196,451,471,2026,0.0,0,396.3,0.0,0,0,0,1,0,0,0,0,0,0,0,1,1,1,1
104539,2402,2197,450,468,2026,0.0,0,396.8,0.0,0,0,0,1,0,0,0,0,0,0,0,1,1,1,1
104549,2402,2195,451,468,2017,0.0,0,396.8,0.0,0,0,0,1,0,0,0,0,0,0,0,1,1,1,1
104559,2402,2196,448,470,2016,0.0,0,397.0,0.0,0,0,0,1,0,0,0,0,0,0,0,1,1,1,1
104569,2402,2196,447,471,2017,0.0,0,397.3,0.0,0,0,0,1,0,0,0,0,0,0,0,1,1,1,1
104579,2402,2196,449,471,2017,0.0,0,396.5,0.0,0,0,0,1,0,0,0,0,0,0,0,1,1,1,1
104589,2403,2196,449,470,2019,0.0,0,397.0,0.0,0,0,0,1,0,0,0,0,0,0,0,1,1,1,1
104599,2402,2196,448,470,2017,0.0,0,397.1,0.0,0,0,0,1,0,0,0,0,0,0,0,1,1,1,1
104609,2401,2196,448,471,2017,0.0,0,397.1,0.0,0,0,0,1,0,0,0,0,0,0,0,1,1,1,1
104619,2402,2196,449,469,2017,0.0,0,396.8,0.0,0,0,0,1,0,0,0,0,0,0,0,1,1,1,1
104629,2401,2197,450,470,2017,0.0,0,396.5,0.0,0,0,0,1,0,0,0,0,0,0,0,1,1,1,1
104639,2401,2197,448,470,2017,0.0,0,397.0,0.0,0,0,0,1,0,0,0,0,0,0,0,1,1,1,1
104649,2401,2197,450,470,2017,0.0,0,396.8,0.0,0,0,0,1,0,0,0,0,0,0,0,1,1,1,1
104659,2402,2196,449,471,2016,0.0,0,397.0,0.0,0,0,0,1,0,0,0,0,0,0,0,1,1,1,1
104669,2402,2195,450,469,2017,0.0,0,397.0,0.0,0,0,0,1,0,0,0,0,0,0,0,1,1,1,1
104679,2401,2197,450,473,2027,0.0,0,396.4,0.0,0,0,0,1,0,0,0,0,0,0,0,1,1,1,1
104689,2401,2197,448,471,2026,0.0,0,397.3,0.0,0,0,0,1,0,0,0,0,0,0,0,1,1,1,1
104699,2401,2197,449,470,2026,0.0,0,396.4,0.0,0,0,0,1,0,0,0,0,0,0,0,1,1,1,1
104709,2402,2197,449,470,2026,0.0,0,397.2,0.0,0,0,0,1,0,0,0,0,0,0,0,1,1,1,1
104719,2402,2196,450,470,2026,0.0,0,397.1,0.0,0,0,0,1,0,0,0,0,0,0,0,1,1,1,1
104729,2402,2196,450,471,2026,0.0,0,397.1,0.0,0,0,0,1,0,0,0,0,0,0,0,1,1,1,1
104739,2402,2196,448,470,2025,0.0,0,397.3,0.0,0,0,0,1,0,0,0,0,0,0,0,1,1,1,1
104749,2402,2197,450,470,2026,0.0,0,397.2,0.0,0,0,0,1,0,0,0,0,0,0,0,1,1,1,1
104759,2402,2196,449,470,2026,0.0,0,397.0,0.0,0,0,0,1,0,0,0,0,0,0,0,1,1,1,1
104769,2401,2196,450,470,2026,0.0,0,397.0,0.0,0,0,0,1,0,0,0,0,0,0,0,1,1,1,1
104779,2402,2196,450,470,2028,0.0,0,396.9,0.0,0,0,0,1,0,0,0,0,0,0,0,1,1,1,1
104789,2402,2197,448,469,2028,0.0,0,396.9,0.0,0,0,0,1,0,0,0,0,0,0,0,1,1,1,1
104799,2402,2196,452,471,2026,0.0,0,396.5,0.0,0,0,0,1,0,0,0,0,0,0,0,1,1,1,1
104809,2401,2199,448,472,2026,0.0,0,397.9,0.0,0,0,0,1,0,0,0,0,0,0,0,1,1,1,1
104819,2401,2197,449,471,2026,0.0,0,396.2,0.0,0,0,0,1,0,0,0,0,0,0,0,1,1,1,1
104829,2402,2196,450,470,2027,0.0,0,396.9,0.0,0,0,0,1,0,0,0,0,0,0,0,1,1,1,1
104839,2402,2197,452,469,2026,0.0,0,396.8,0.0,0,0,0,1,0,0,0,0,0,0,0,1,1,1,1
104849,2402,2196,450,470,2017,0.0,0,396.8,0.0,0,0,0,1,0,0,0,0,0,0,0,1,1,1,1
104859,2404,2196,450,468,2016,0.0,0,396.7,0.0,0,0,0,1,0,0,0,0,0,0,0,1,1,1,1
104869,2402,2196,450,469,2017,0.0,0,397.4,0.0,0,0,0,1,0,0,0,0,0,0,0,1,1,1,1
104879,2402,2197,449,470,2017,0.0,0,396.8,0.0,0,0,0,1,0,0,0,0,0,0,0,1,1,1,1
104889,2402,2196,448,469,2017,0.0,0,396.7,0.0,0,0,0,1,0,0,0,0,0,0,0,1,1,1,1
104900,2402,2197,449,470,2016,0.0,0,396.5,0.0,0,0,0,1,0,0,0,0,0,0,0,1,1,1,1
104911,2402,2197,449,470,2017,0.0,0,396.8,0.0,0,0,0,1,0,0,0,0,0,0,0,1,1,1,1
104921,2402,2197,449,471,2017,0.0,0,396.8,0.0,0,0,0,1,0,0,0,0,0,0,0,1,1,1,1
104931,2402,2196,451,470,2017,0.0,0,396.7,0.0,0,0,0,1,0,0,0,0,0,0,0,1,1,1,1
104941,2402,2196,450,470,2017,0.0,0,397.3,0.0,0,0,0,1,0,0,0,0,0,0,0,1,1,1,1
104951,2402,2197,448,471,2017,0.0,0,396.9,0.0,0,0,0,1,0,0,0,0,0,0,0,1,1,1,1
104961,2401,2196,450,470,2017,0.0,0,396.8,0.0,0,0,0,1,0,0,0,0,0,0,0,1,1,1,1
104971,2400,2200,449,470,2017,0.0,0,396.7,0.0,0,0,0,1,0,0,0,0,0,0,0,1,1,1,1
104981,2402,2196,450,470,2026,0.0,0,396.7,0.0,0,0,0,1,0,0,0,0,0,0,0,1,1,1,1
104991,2403,2196,450,471,2026,0.0,0,397.0,0.0,0,0,0,1,0,0,0,0,0,0,0,1,1,1,1
105001,2402,2196,449,470,2027,0.0,0,396.5,0.0,0,0,0,1,0,0,0,0,0,0,0,1,1,1,1
105011,2402,2197,450,471,2026,0.0,0,396.8,0.0,0,0,0,1,0,0,0,0,0,0,0,1,1,1,1
105021,2402,2197,449,469,2026,0.0,0,397.2,0.0,0,0,0,1,0,0,0,0,0,0,0,1,1,1,1
105031,2403,2197,450,468,2026,0.0,0,396.7,0.0,0,0,0,1,0,0,0,0,0,0,0,1,1,1,1
105041,2402,2196,449,471,2026,0.0,0,396.7,0.0,0,0,0,1,0,0,0,0,0,0,0,1,1,1,1
105051,2402,2196,449,470,2026,0.0,0,397.2,0.0,0,0,0,1,0,0,0,0,0,0,0,1,1,1,1
105061,2401,2197,449,470,2024,0.0,0,396.8,0.0,0,0,0,1,0,0,0,0,0,0,0,1,1,1,1
105071,2402,2197,449,470,2027,0.0,0,397.1,0.0,0,0,0,1,0,0,0,0,0,0,0,1,1,1,1
105081,2403,2196,450,471,2026,0.0,0,396.4,0.0,0,0,0,1,0,0,0,0,0,0,0,1,1,1,1
105091,2403,2196,450,470,2026,0.0,0,396.8,0.0,0,0,0,1,0,0,0,0,0,0,0,1,1,1,1
105101,2402,2197,451,471,2025,0.0,0,396.8,0.0,0,0,0,1,0,0,0,0,0,0,0,1,1,1,1
105111,2403,2197,450,471,2026,0.0,0,397.1,0.0,0,0,0,1,0,0,0,0,0,0,0,1,1,1,1
105121,2404,2197,450,471,2027,0.0,0,397.0,0.0,0,0,0,1,0,0,0,0,0,0,0,1,1,1,1
105131,2401,2197,448,471,2026,0.0,0,397.1,0.0,0,0,0,1,0,0,0,0,0,0,0,1,1,1,1
105141,2402,2196,450,469,2027,0.0,0,396.8,0.0,0,0,0,1,0,0,0,0,0,0,0,1,1,1,1
105151,2401,2197,450,469,2017,0.0,0,397.2,0.0,0,0,0,1,0,0,0,0,0,0,0,1,1,1,1
105161,2402,2196,451,471,2017,0.0,0,397.2,0.0,0,0,0,1,0,0,0,0,0,0,0,1,1,1,1
105171,2404,2196,451,470,2018,0.0,0,397.5,0.0,0,0,0,1,0,0,0,0,0,0,0,1,1,1,1
105181,2401,2196,452,470,2019,0.0,0,396.4,0.0,0,0,0,1,0,0,0,0,0,0,0,1,1,1,1
105191,2401,2196,450,474,2017,0.0,0,396.8,0.0,0,0,0,1,0,0,0,0,0,0,0,1,1,1,1
105201,2402,2197,450,469,2017,0.0,0,397.2,0.0,0,0,0,1,0,0,0,0,0,0,0,1,1,1,1
105211,2404,2197,450,470,2017,0.0,0,396.9,0.0,0,0,0,1,0,0,0,0,0,0,0,1,1,1,1
105221,2404,2197,449,471,2017,0.0,0,396.9,0.0,0,0,0,1,0,0,0,0,0,0,0,1,1,1,1
105231,2402,2197,450,469,2016,0.0,0,397.4,0.0,0,0,0,1,0,0,0,0,0,0,0,1,1,1,1
105241,2401,2197,450,472,2018,0.0,0,396.3,0.0,0,0,0,1,0,0,0,0,0,0,0,1,1,1,1
105251,2402,2197,453,470,2019,0.0,0,396.7,0.0,0,0,0,1,0,0,0,0,0,0,0,1,1,1,1
105261,2401,2196,449,469,2017,0.0,0,396.0,0.0,0,0,0,1,0,0,0,0,0,0,0,1,1,1,1
105271,2403,2196,450,470,2017,0.0,0,397.0,0.0,0,0,0,1,0,0,0,0,0,0,0,1,1,1,1
105281,2402,2197,450,470,2020,0.0,0,397.0,0.0,0,0,0,1,0,0,0,0,0,0,0,1,1,1,1
105291,2402,2196,449,469,2026,0.0,0,397.0,0.0,0,0,0,1,0,0,0,0,0,0,0,1,1,1,1
105301,2400,2196,450,470,2026,0.0,0,397.3,0.0,0,0,0,1,0,0,0,0,0,0,0,1,1,1,1
105311,2400,2196,450,469,2026,0.0,0,396.7,0.0,0,0,0,1,0,0,0,0,0,0,0,1,1,1,1
105321,2402,2192,450,469,2026,0.0,0,396.8,0.0,0,0,0,1,0,0,0,0,0,0,0,1,1,1,1
105331,2402,2195,448,471,2025,0.0,0,397.3,0.0,0,0,0,1,0,0,0,0,0,0,0,1,1,1,1
105341,2401,2196,451,469,2026,0.0,0,397.3,0.0,0,0,0,1,0,0,0,0,0,0,0,1,1,1,1
105351,2402,2196,449,472,2026,0.0,0,396.8,0.0,0,0,0,1,0,0,0,0,0,0,0,1,1,1,1
105361,2401,2200,450,470,2028,0.0,0,397.2,0.0,0,0,0,1,0,0,0,0,0,0,0,1,1,1,1
105371,2401,2197,448,470,2029,0.0,0,396.2,0.0,0,0,0,1,0,0,0,0,0,0,0,1,1,1,1
105381,2402,2196,450,470,2027,0.0,0,396.9,0.0,0,0,0,1,0,0,0,0,0,0,0,1,1,1,1
105391,2403,2196,450,470,2026,0.0,0,397.6,0.0,0,0,0,1,0,0,0,0,0,0,0,1,1,1,1
105401,2402,2196,450,470,2026,0.0,0,397.6,0.0,0,0,0,1,0,0,0,0,0,0,0,1,1,1,1
105411,2402,2197,451,467,2029,0.0,0,397.0,0.0,0,0,0,1,0,0,0,0,0,0,0,1,1,1,1
105421,2401,2196,451,469,2026,0.0,0,396.5,0.0,0,0,0,1,0,0,0,0,0,0,0,1,1,1,1
105431,2402,2197,449,470,2026,0.0,0,396.5,0.0,0,0,0,1,0,0,0,0,0,0,0,1,1,1,1
105441,2402,2197,449,470,2026,0.0,0,396.7,0.0,0,0,0,1,0,0,0,0,0,0,0,1,1,1,1
105451,2402,2197,450,469,2017,0.0,0,397.2,0.0,0,0,0,1,0,0,0,0,0,0,0,1,1,1,1
105461,2402,2196,449,470,2017,0.0,0,397.2,0.0,0,0,0,1,0,0,0,0,0,0,0,1,1,1,1
105471,2401,2196,450,471,2017,0.0,0,396.9,0.0,0,0,0,1,0,0,0,0,0,0,0,1,1,1,1
105481,2402,2197,452,470,2017,0.0,0,397.0,0.0,0,0,0,1,0,0,0,0,0,0,0,1,1,1,1
105491,2402,2196,450,469,2018,0.0,0,397.3,0.0,0,0,0,1,0,0,0,0,0,0,0,1,1,1,1
105501,2402,2197,451,471,2017,0.0,0,396.8,0.0,0,0,0,1,0,0,0,0,0,0,0,1,1,1,1
105511,2401,2196,449,469,2017,0.0,0,396.4,0.0,0,0,0,1,0,0,0,0,0,0,0,1,1,1,1
105521,2401,2196,450,470,2016,0.0,0,396.4,0.0,0,0,0,1,0,0,0,0,0,0,0,1,1,1,1
105531,2402,2196,461,470,2017,0.0,0,397.1,0.0,0,0,0,1,0,0,0,0,0,0,0,1,1,1,1
105541,2402,2200,450,470,2017,0.0,0,396.7,0.0,0,0,0,1,0,0,0,0,0,0,0,1,1,1,1
105551,2401,2194,451,470,2017,0.0,0,396.8,0.0,0,0,0,1,0,0,0,0,0,0,0,1,1,1,1
105561,2402,2197,449,469,2019,0.0,0,396.5,0.0,0,0,0,1,0,0,0,0,0,0,0,1,1,1,1
105571,2404,2196,450,469,2017,0.0,0,397.1,0.0,0,0,0,1,0,0,0,0,0,0,0,1,1,1,1
105581,2402,2196,449,469,2017,0.0,0,397.1,0.0,0,0,0,1,0,0,0,0,0,0,0,1,1,1,1
105591,2401,2196,448,470,2028,0.0,0,396.9,0.0,0,0,0,1,0,0,0,0,0,0,0,1,1,1,1
105601,2402,2197,449,470,2028,0.0,0,396.4,0.0,0,0,0,1,0,0,0,0,0,0,0,1,1,1,1
105611,2401,2197,450,469,2026,0.0,0,396.9,0.0,0,0,0,1,0,0,0,0,0,0,0,1,1,1,1
105621,2402,2196,448,471,2026,0.0,0,396.9,0.0,0,0,0,1,0,0,0,0,0,0,0,1,1,1,1
105631,2402,2196,451,470,2027,0.0,0,396.8,0.0,0,0,0,1,0,0,0,0,0,0,0,1,1,1,1
105641,2402,2197,450,471,2026,0.0,0,396.8,0.0,0,0,0,1,0,0,0,0,0,0,0,1,1,1,1
105651,2401,2197,449,468,2026,0.0,0,396.8,0.0,0,0,0,1,0,0,0,0,0,0,0,1,1,1,1
105661,2402,2196,451,470,2026,0.0,0,396.8,0.0,0,0,0,1,0,0,0,0,0,0,0,1,1,1,1
105671,2402,2196,450,470,2026,0.0,0,396.7,0.0,0,0,0,1,0,0,0,0,0,0,0,1,1,1,1
105681,2398,2196,449,470,2026,0.0,0,396.7,0.0,0,0,0,1,0,0,0,0,0,0,0,1,1,1,1
105691,2401,2196,450,470,2025,0.0,0,396.5,0.0,0,0,0,1,0,0,0,0,0,0,0,1,1,1,1
105701,2402,2196,449,469,2027,0.0,0,396.4,0.0,0,0,0,1,0,0,0,0,0,0,0,1,1,1,1
105711,2402,2196,447,470,2036,0.0,0,396.4,0.0,0,0,0,1,0,0,0,0,0,0,0,1,1,1,1
105721,2401,2196,451,471,2028,0.0,0,396.3,0.0,0,0,0,1,0,0,0,0,0,0,0,1,1,1,1
105731,2402,2196,450,471,2025,0.0,0,396.4,0.0,0,0,0,1,0,0,0,0,0,0,0,1,1,1,1
105741,2401,2197,450,471,2026,0.0,0,396.5,0.0,0,0,0,1,0,0,0,0,0,0,0,1,1,1,1
105751,2402,2194,451,470,2026,0.0,0,397.1,0.0,0,0,0,1,0,0,0,0,0,0,0,1,1,1,1
105761,2402,2197,449,468,2018,0.0,0,396.5,0.0,0,0,0,1,0,0,0,0,0,0,0,1,1,1,1
105772,2403,2196,448,470,2017,0.0,0,397.1,0.0,0,0,0,1,0,0,0,0,0,0,0,1,1,1,1
105782,2402,2197,451,471,2017,0.0,0,397.1,0.0,0,0,0,1,0,0,0,0,0,0,0,1,1,1,1
105792,2402,2197,450,470,2017,0.0,0,396.2,0.0,0,0,0,1,0,0,0,0,0,0,0,1,1,1,1
105802,2400,2197,450,468,2017,0.0,0,397.0,0.0,0,0,0,1,0,0,0,0,0,0,0,1,1,1,1
105812,2402,2197,450,471,2017,0.0,0,396.5,0.0,0,0,0,1,0,0,0,0,0,0,0,1,1,1,1
105822,2402,2197,450,469,2016,0.0,0,396.5,0.0,0,0,0,1,0,0,0,0,0,0,0,1,1,1,1
105832,2402,2195,451,469,2017,0.0,0,397.1,0.0,0,0,0,1,0,0,0,0,0,0,0,1,1,1,1
105842,2402,2196,450,470,2017,0.0,0,396.8,0.0,0,0,0,1,0,0,0,0,0,0,0,1,1,1,1
105852,2402,2196,450,470,2016,0.0,0,397.2,0.0,0,0,0,1,0,0,0,0,0,0,0,1,1,1,1
105862,2402,2197,449,469,2017,0.0,0,397.2,0.0,0,0,0,1,0,0,0,0,0,0,0,1,1,1,1
105872,2401,2196,447,470,2018,0.0,0,396.4,0.0,0,0,0,1,0,0,0,0,0,0,0,1,1,1,1
105882,2401,2196,450,470,2016,0.0,0,396.4,0.0,0,0,0,1,0,0,0,0,0,0,0,1,1,1,1
105892,2401,2196,449,471,2027,0.0,0,397.5,0.0,0,0,0,1,0,0,0,0,0,0,0,1,1,1,1
105902,2402,2196,449,472,2026,0.0,0,396.4,0.0,0,0,0,1,0,0,0,0,0,0,0,1,1,1,1
105913,2401,2196,450,471,2025,0.0,0,396.8,0.0,0,0,0,1,0,0,0,0,0,0,0,1,1,1,1
105923,2402,2196,451,471,2025,0.0,0,396.8,0.0,0,0,0,1,0,0,0,0,0,0,0,1,1,1,1
105933,2401,2197,449,470,2026,0.0,0,397.1,0.0,0,0,0,1,0,0,0,0,0,0,0,1,1,1,1
105943,2402,2196,450,470,2026,0.0,0,397.1,0.0,0,0,0,1,0,0,0,0,0,0,0,1,1,1,1
105953,2401,2194,449,468,2026,0.0,0,397.0,0.0,0,0,0,1,0,0,0,0,0,0,0,1,1,1,1
105963,2402,2197,451,469,2026,0.0,0,397.2,0.0,0,0,0,1,0,0,0,0,0,0,0,1,1,1,1
105973,2402,2198,450,469,2026,0.0,0,396.5,0.0,0,0,0,1,0,0,0,0,0,0,0,1,1,1,1
105983,2402,2196,449,469,2026,0.0,0,396.5,0.0,0,0,0,1,0,0,0,0,0,0,0,1,1,1,1
105993,2402,2196,449,469,2025,0.0,0,397.0,0.0,0,0,0,1,0,0,0,0,0,0,0,1,1,1,1
106003,2400,2197,449,470,2026,0.0,0,397.0,0.0,0,0,0,1,0,0,0,0,0,0,0,1,1,1,1
106013,2401,2196,449,470,2026,0.0,0,396.9,0.0,0,0,0,1,0,0,0,0,0,0,0,1,1,1,1
106023,2402,2196,449,471,2026,0.0,0,396.8,0.0,0,0,0,1,0,0,0,0,0,0,0,1,1,1,1
106033,2404,2196,449,469,2026,0.0,0,397.0,0.0,0,0,0,1,0,0,0,0,0,0,0,1,1,1,1
106043,2403,2196,450,470,2026,0.0,0,397.0,0.0,0,0,0,1,0,0,0,0,0,0,0,1,1,1,1
106053,2403,2197,451,471,2026,0.0,0,396.4,0.0,0,0,0,1,0,0,0,0,0,0,0,1,1,1,1
106063,2402,2196,449,471,2017,0.0,0,396.4,0.0,0,0,0,1,0,0,0,0,0,0,0,1,1,1,1
106073,2402,2197,450,471,2013,0.0,0,396.8,0.0,0,0,0,1,0,0,0,0,0,0,0,1,1,1,1
106083,2402,2196,449,471,2017,0.0,0,397.0,0.0,0,0,0,1,0,0,0,0,0,0,0,1,1,1,1
106093,2403,2196,450,469,2017,0.0,0,397.5,0.0,0,0,0,1,0,0,0,0,0,0,0,1,1,1,1
106103,2401,2197,449,470,2017,0.0,0,397.5,0.0,0,0,0,1,0,0,0,0,0,0,0,1,1,1,1
106113,2401,2196,450,469,2017,0.0,0,396.3,0.0,0,0,0,1,0,0,0,0,0,0,0,1,1,1,1
106123,2403,2197,450,470,2017,0.0,0,396.3,0.0,0,0,0,1,0,0,0,0,0,0,0,1,1,1,1
106133,2402,2196,450,471,2016,0.0,0,396.4,0.0,0,0,0,1,0,0,0,0,0,0,0,1,1,1,1
106143,2401,2196,451,470,2017,0.0,0,396.2,0.0,0,0,0,1,0,0,0,0,0,0,0,1,1,1,1
106153,2402,2197,449,469,2017,0.0,0,397.0,0.0,0,0,0,1,0,0,0,0,0,0,0,1,1,1,1
106163,2402,2196,450,470,2017,0.0,0,397.0,0.0,0,0,0,1,0,0,0,0,0,0,0,1,1,1,1
106173,2402,2197,450,470,2017,0.0,0,397.0,0.0,0,0,0,1,0,0,0,0,0,0,0,1,1,1,1
106183,2402,2196,450,471,2017,0.0,0,397.0,0.0,0,0,0,1,0,0,0,0,0,0,0,1,1,1,1
106193,2399,2196,450,471,2026,0.0,0,396.4,0.0,0,0,0,1,0,0,0,0,0,0,0,1,1,1,1
106203,2401,2196,450,470,2025,0.0,0,396.4,0.0,0,0,0,1,0,0,0,0,0,0,0,1,1,1,1
106213,2404,2197,450,470,2027,0.0,0,396.7,0.0,0,0,0,1,0,0,0,0,0,0,0,1,1,1,1
106223,2399,2197,450,468,2026,0.0,0,396.7,0.0,0,0,0,1,0,0,0,0,0,0,0,1,1,1,1
106233,2401,2196,449,471,2028,0.0,0,396.4,0.0,0,0,0,1,0,0,0,0,0,0,0,1,1,1,1
106243,2402,2197,450,469,2026,0.0,0,396.4,0.0,0,0,0,1,0,0,0,0,0,0,0,1,1,1,1
106253,2402,2195,449,468,2026,0.0,0,396.9,0.0,0,0,0,1,0,0,0,0,0,0,0,1,1,1,1
106263,2405,2196,450,470,2027,0.0,0,396.4,0.0,0,0,0,1,0,0,0,0,0,0,0,1,1,1,1
106273,2403,2195,449,470,2029,0.0,0,396.8,0.0,0,0,0,1,0,0,0,0,0,0,0,1,1,1,1
106287,2401,2196,449,470,2025,0.0,0,396.8,0.0,0,0,0,1,0,0,0,0,0,0,0,1,1,1,1
106297,2401,2196,453,471,2026,0.0,0,396.8,0.0,0,0,0,1,0,0,0,0,0,0,0,1,1,1,1
106307,2398,2196,451,470,2025,0.0,0,396.8,0.0,0,0,0,1,0,0,0,0,0,0,0,1,1,1,1
106318,2401,2196,448,469,2026,0.0,0,396.7,0.0,0,0,0,1,0,0,0,0,0,0,0,1,1,1,1
106328,2402,2196,449,471,2026,0.0,0,396.4,0.0,0,0,0,1,0,0,0,0,0,0,0,1,1,1,1
106338,2401,2196,450,470,2026,0.0,0,396.5,0.0,0,0,0,1,0,0,0,0,0,0,0,1,1,1,1
106348,2401,2197,447,469,2026,0.0,0,396.1,0.0,0,0,0,1,0,0,0,0,0,0,0,1,1,1,1
106358,2401,2196,450,471,2017,0.0,0,396.1,0.0,0,0,0,1,0,0,0,0,0,0,0,1,1,1,1
106368,2401,2195,449,470,2017,0.0,0,396.1,0.0,0,0,0,1,0,0,0,0,0,0,0,1,1,1,1
106378,2402,2196,451,470,2017,0.0,0,397.2,0.0,0,0,0,1,0,0,0,0,0,0,0,1,1,1,1
106388,2400,2196,448,469,2017,0.0,0,396.5,0.0,0,0,0,1,0,0,0,0,0,0,0,1,1,1,1
106398,2401,2197,450,469,2017,0.0,0,396.3,0.0,0,0,0,1,0,0,0,0,0,0,0,1,1,1,1
106408,2401,2196,452,470,2016,0.0,0,396.7,0.0,0,0,0,1,0,0,0,0,0,0,0,1,1,1,1
106418,2403,2196,451,469,2017,0.0,0,396.7,0.0,0,0,0,1,0,0,0,0,0,0,0,1,1,1,1
106428,2401,2196,450,470,2017,0.0,0,396.7,0.0,0,0,0,1,0,0,0,0,0,0,0,1,1,1,1
106438,2402,2197,450,471,2017,0.0,0,397.2,0.0,0,0,0,1,0,0,0,0,0,0,0,1,1,1,1
106448,2402,2197,450,469,2018,0.0,0,396.5,0.0,0,0,0,1,0,0,0,0,0,0,0,1,1,1,1
106458,2403,2196,449,468,2017,0.0,0,396.8,0.0,0,0,0,1,0,0,0,0,0,0,0,1,1,1,1
106468,2402,2196,450,471,2017,0.0,0,397.0,0.0,0,0,0,1,0,0,0,0,0,0,0,1,1,1,1
106478,2402,2197,448,471,2018,0.0,0,397.0,0.0,0,0,0,1,0,0,0,0,0,0,0,1,1,1,1
106489,2401,2196,449,468,2016,0.0,0,397.1,0.0,0,0,0,1,0,0,0,0,0,0,0,1,1,1,1
106499,2403,2196,450,470,2025,0.0,0,397.1,0.0,0,0,0,1,0,0,0,0,0,0,0,1,1,1,1
106509,2401,2196,452,470,2026,0.0,0,396.7,0.0,0,0,0,1,0,0,0,0,0,0,0,1,1,1,1
106519,2405,2197,449,471,2026,0.0,0,396.8,0.0,0,0,0,1,0,0,0,0,0,0,0,1,1,1,1
106529,2401,2197,449,470,2026,0.0,0,397.1,0.0,0,0,0,1,0,0,0,0,0,0,0,1,1,1,1
106539,2403,2196,449,471,2026,0.0,0,396.9,0.0,0,0,0,1,0,0,0,0,0,0,0,1,1,1,1
106549,2402,2196,449,469,2025,0.0,0,397.2,0.0,0,0,0,1,0,0,0,0,0,0,0,1,1,1,1
106559,2402,2197,449,470,2028,0.0,0,397.2,0.0,0,0,0,1,0,0,0,0,0,0,0,1,1,1,1
106569,2402,2197,451,470,2026,0.0,0,397.3,0.0,0,0,0,1,0,0,0,0,0,0,0,1,1,1,1
106579,2402,2197,450,470,2027,0.0,0,396.2,0.0,0,0,0,1,0,0,0,0,0,0,0,1,1,1,1
106589,2402,2197,450,470,2026,0.0,0,397.6,0.0,0,0,0,1,0,0,0,0,0,0,0,1,1,1,1
106599,2402,2195,450,469,2026,0.0,0,397.6,0.0,0,0,0,1,0,0,0,0,0,0,0,1,1,1,1
106609,2401,2197,449,469,2025,0.0,0,396.8,0.0,0,0,0,1,0,0,0,0,0,0,0,1,1,1,1
106619,2401,2196,450,472,2026,0.0,0,396.8,0.0,0,0,0,1,0,0,0,0,0,0,0,1,1,1,1
106629,2402,2197,449,470,2026,0.0,0,397.0,0.0,0,0,0,1,0,0,0,0,0,0,0,1,1,1,1
106639,2402,2196,450,470,2026,0.0,0,396.1,0.0,0,0,0,1,0,0,0,0,0,0,0,1,1,1,1
106649,2402,2196,449,470,2026,0.0,0,396.5,0.0,0,0,0,1,0,0,0,0,0,0,0,1,1,1,1
106659,2404,2197,449,470,2023,0.0,0,396.5,0.0,0,0,0,1,0,0,0,0,0,0,0,1,1,1,1
106669,2403,2196,449,471,2018,0.0,0,397.2,0.0,0,0,0,1,0,0,0,0,0,0,0,1,1,1,1
106679,2404,2197,451,471,2017,0.0,0,397.2,0.0,0,0,0,1,0,0,0,0,0,0,0,1,1,1,1
106689,2401,2196,450,470,2017,0.0,0,396.5,0.0,0,0,0,1,0,0,0,0,0,0,0,1,1,1,1
106699,2402,2197,449,470,2017,0.0,0,396.7,0.0,0,0,0,1,0,0,0,0,0,0,0,1,1,1,1
106709,2401,2196,451,469,2017,0.0,0,397.1,0.0,0,0,0,1,0,0,0,0,0,0,0,1,1,1,1
106719,2402,2196,448,471,2016,0.0,0,397.1,0.0,0,0,0,1,0,0,0,0,0,0,0,1,1,1,1
106729,2403,2201,450,470,2017,0.0,0,396.5,0.0,0,0,0,1,0,0,0,0,0,0,0,1,1,1,1
106739,2403,2197,450,470,2017,0.0,0,396.5,0.0,0,0,0,1,0,0,0,0,0,0,0,1,1,1,1
106749,2401,2194,449,470,2017,0.0,0,397.0,0.0,0,0,0,1,0,0,0,0,0,0,0,1,1,1,1
106759,2402,2197,450,470,2016,0.0,0,397.5,0.0,0,0,0,1,0,0,0,0,0,0,0,1,1,1,1
106769,2401,2196,449,470,2017,0.0,0,396.8,0.0,0,0,0,1,0,0,0,0,0,0,0,1,1,1,1
106779,2402,2197,448,471,2017,0.0,0,396.8,0.0,0,0,0,1,0,0,0,0,0,0,0,1,1,1,1
106789,2403,2197,449,471,2017,0.0,0,396.7,0.0,0,0,0,1,0,0,0,0,0,0,0,1,1,1,1
106799,2401,2196,450,472,2026,0.0,0,396.7,0.0,0,0,0,1,0,0,0,0,0,0,0,1,1,1,1
106809,2402,2196,450,470,2027,0.0,0,396.8,0.0,0,0,0,1,0,0,0,0,0,0,0,1,1,1,1
106819,2401,2195,450,470,2025,0.0,0,397.5,0.0,0,0,0,1,0,0,0,0,0,0,0,1,1,1,1
106829,2401,2197,449,471,2027,0.0,0,397.5,0.0,0,0,0,1,0,0,0,0,0,0,0,1,1,1,1
106839,2402,2198,449,470,2026,0.0,0,397.5,0.0,0,0,0,1,0,0,0,0,0,0,0,1,1,1,1
106849,2402,2197,449,468,2028,0.0,0,396.5,0.0,0,0,0,1,0,0,0,0,0,0,0,1,1,1,1
106859,2401,2196,450,470,2026,0.0,0,396.5,0.0,0,0,0,1,0,0,0,0,0,0,0,1,1,1,1
106869,2402,2193,449,470,2026,0.0,0,396.5,0.0,0,0,0,1,0,0,0,0,0,0,0,1,1,1,1
106879,2400,2197,450,471,2027,0.0,0,396.9,0.0,0,0,0,1,0,0,0,0,0,0,0,1,1,1,1
106889,2401,2196,450,469,2025,0.0,0,397.1,0.0,0,0,0,1,0,0,0,0,0,0,0,1,1,1,1
106899,2401,2196,450,470,2026,0.0,0,397.1,0.0,0,0,0,1,0,0,0,0,0,0,0,1,1,1,1
106909,2402,2197,456,471,2026,0.0,0,396.8,0.0,0,0,0,1,0,0,0,0,0,0,0,1,1,1,1
106919,2402,2197,449,471,2026,0.0,0,396.8,0.0,0,0,0,1,0,0,0,0,0,0,0,1,1,1,1
106929,2402,2196,450,470,2026,0.0,0,396.9,0.0,0,0,0,1,0,0,0,0,0,0,0,1,1,1,1
106939,2402,2196,450,469,2025,0.0,0,396.8,0.0,0,0,0,1,0,0,0,0,0,0,0,1,1,1,1
106949,2403,2197,450,469,2026,0.0,0,397.1,0.0,0,0,0,1,0,0,0,0,0,0,0,1,1,1,1
106959,2401,2196,450,469,2026,0.0,0,396.7,0.0,0,0,0,1,0,0,0,0,0,0,0,1,1,1,1
106969,2403,2196,450,470,2016,0.0,0,396.4,0.0,0,0,0,1,0,0,0,0,0,0,0,1,1,1,1
106979,2402,2196,449,470,2016,0.0,0,396.4,0.0,0,0,0,1,0,0,0,0,0,0,0,1,1,1,1
106989,2402,2197,449,470,2019,0.0,0,396.5,0.0,0,0,0,1,0,0,0,0,0,0,0,1,1,1,1
106999,2401,2197,450,471,2017,0.0,0,396.7,0.0,0,0,0,1,0,0,0,0,0,0,0,1,1,1,1
107009,2401,2196,449,469,2016,0.0,0,396.9,0.0,0,0,0,1,0,0,0,0,0,0,0,1,1,1,1
107019,2401,2197,450,469,2017,0.0,0,397.9,0.0,0,0,0,1,0,0,0,0,0,0,0,1,1,1,1
107030,2403,2195,450,467,2016,0.0,0,397.0,0.0,0,0,0,1,0,0,0,0,0,0,0,1,1,1,1
107041,2404,2197,448,470,2017,0.0,0,396.7,0.0,0,0,0,1,0,0,0,0,0,0,0,1,1,1,1
107051,2402,2197,450,470,2017,0.0,0,396.7,0.0,0,0,0,1,0,0,0,0,0,0,0,1,1,1,1
107061,2402,2196,450,471,2017,0.0,0,396.7,0.0,0,0,0,1,0,0,0,0,0,0,0,1,1,1,1
107071,2402,2196,450,472,2018,0.0,0,397.1,0.0,0,0,0,1,0,0,0,0,0,0,0,1,1,1,1
107081,2401,2196,450,471,2018,0.0,0,397.1,0.0,0,0,0,1,0,0,0,0,0,0,0,1,1,1,1
107091,2401,2196,449,469,2017,0.0,0,396.7,0.0,0,0,0,1,0,0,0,0,0,0,0,1,1,1,1
107101,2400,2196,450,470,2026,0.0,0,396.3,0.0,0,0,0,1,0,0,0,0,0,0,0,1,1,1,1
107111,2402,2197,450,470,2026,0.0,0,396.3,0.0,0,0,0,1,0,0,0,0,0,0,0,1,1,1,1
107121,2401,2196,452,470,2027,0.0,0,396.7,0.0,0,0,0,1,0,0,0,0,0,0,0,1,1,1,1
107131,2402,2197,449,471,2026,0.0,0,397.5,0.0,0,0,0,1,0,0,0,0,0,0,0,1,1,1,1
107141,2402,2196,450,471,2025,0.0,0,396.8,0.0,0,0,0,1,0,0,0,0,0,0,0,1,1,1,1
107151,2401,2213,448,471,2026,0.0,0,396.7,0.0,0,0,0,1,0,0,0,0,0,0,0,1,1,1,1
107161,2402,2197,449,470,2025,0.0,0,397.5,0.0,0,0,0,1,0,0,0,0,0,0,0,1,1,1,1
107171,2402,2196,449,468,2026,0.0,0,397.5,0.0,0,0,0,1,0,0,0,0,0,0,0,1,1,1,1
107181,2402,2196,450,471,2027,0.0,0,396.9,0.0,0,0,0,1,0,0,0,0,0,0,0,1,1,1,1
107191,2401,2197,450,472,2025,0.0,0,396.5,0.0,0,0,0,1,0,0,0,0,0,0,0,1,1,1,1
107201,2403,2197,449,472,2026,0.0,0,396.5,0.0,0,0,0,1,0,0,0,0,0,0,0,1,1,1,1
107211,2401,2196,450,470,2027,0.0,0,397.5,0.0,0,0,0,1,0,0,0,0,0,0,0,1,1,1,1
107221,2401,2196,450,470,2027,0.0,0,397.5,0.0,0,0,0,1,0,0,0,0,0,0,0,1,1,1,1
107231,2402,2197,450,470,2026,0.0,0,397.5,0.0,0,0,0,1,0,0,0,0,0,0,0,1,1,1,1
107241,2402,2195,451,469,2027,0.0,0,397.0,0.0,0,0,0,1,0,0,0,0,0,0,0,1,1,1,1
107251,2401,2197,450,469,2027,0.0,0,396.4,0.0,0,0,0,1,0,0,0,0,0,0,0,1,1,1,1
107261,2401,2197,450,471,2028,0.0,0,396.4,0.0,0,0,0,1,0,0,0,0,0,0,0,1,1,1,1
107271,2401,2196,449,470,2017,0.0,0,396.9,0.0,0,0,0,1,0,0,0,0,0,0,0,1,1,1,1
107281,2402,2196,449,469,2019,0.0,0,396.9,0.0,0,0,0,1,0,0,0,0,0,0,0,1,1,1,1
107291,2402,2197,449,470,2016,0.0,0,396.4,0.0,0,0,0,1,0,0,0,0,0,0,0,1,1,1,1
107301,2398,2196,449,470,2018,0.0,0,396.5,0.0,0,0,0,1,0,0,0,0,0,0,0,1,1,1,1
107311,2401,2197,451,470,2019,0.0,0,397.0,0.0,0,0,0,1,0,0,0,0,0,0,0,1,1,1,1
107321,2401,2195,448,473,2017,0.0,0,397.0,0.0,0,0,0,1,0,0,0,0,0,0,0,1,1,1,1
107331,2401,2196,449,471,2017,0.0,0,397.1,0.0,0,0,0,1,0,0,0,0,0,0,0,1,1,1,1
107341,2402,2197,449,471,2017,0.0,0,397.2,0.0,0,0,0,1,0,0,0,0,0,0,0,1,1,1,1
107351,2401,2197,451,469,2017,0.0,0,397.2,0.0,0,0,0,1,0,0,0,0,0,0,0,1,1,1,1
107361,2402,2196,450,471,2017,0.0,0,396.7,0.0,0,0,0,1,0,0,0,0,0,0,0,1,1,1,1
107371,2401,2196,449,470,2017,0.0,0,396.5,0.0,0,0,0,1,0,0,0,0,0,0,0,1,1,1,1
107381,2403,2196,451,470,2017,0.0,0,396.5,0.0,0,0,0,1,0,0,0,0,0,0,0,1,1,1,1
107391,2402,2197,451,471,2017,0.0,0,396.9,0.0,0,0,0,1,0,0,0,0,0,0,0,1,1,1,1
107401,2402,2196,450,470,2026,0.0,0,396.4,0.0,0,0,0,1,0,0,0,0,0,0,0,1,1,1,1
107411,2402,2197,450,470,2026,0.0,0,396.4,0.0,0,0,0,1,0,0,0,0,0,0,0,1,1,1,1
107421,2402,2197,450,469,2027,0.0,0,396.2,0.0,0,0,0,1,0,0,0,0,0,0,0,1,1,1,1
107431,2401,2196,450,470,2028,0.0,0,397.5,0.0,0,0,0,1,0,0,0,0,0,0,0,1,1,1,1
107441,2402,2196,453,470,2027,0.0,0,397.5,0.0,0,0,0,1,0,0,0,0,0,0,0,1,1,1,1
107451,2404,2197,450,470,2027,0.0,0,396.5,0.0,0,0,0,1,0,0,0,0,0,0,0,1,1,1,1
107461,2402,2196,452,470,2028,0.0,0,396.9,0.0,0,0,0,1,0,0,0,0,0,0,0,1,1,1,1
107471,2401,2196,449,470,2026,0.0,0,396.9,0.0,0,0,0,1,0,0,0,0,0,0,0,1,1,1,1
107481,2402,2197,451,471,2028,0.0,0,396.2,0.0,0,0,0,1,0,0,0,0,0,0,0,1,1,1,1
107491,2403,2197,450,471,2027,0.0,0,396.0,0.0,0,0,0,1,0,0,0,0,0,0,0,1,1,1,1
107501,2401,2197,451,469,2028,0.0,0,396.0,0.0,0,0,0,1,0,0,0,0,0,0,0,1,1,1,1
107511,2401,2196,450,469,2026,0.0,0,396.3,0.0,0,0,0,1,0,0,0,0,0,0,0,1,1,1,1
107521,2401,2196,447,470,2026,0.0,0,396.9,0.0,0,0,0,1,0,0,0,0,0,0,0,1,1,1,1
107531,2402,2196,449,472,2026,0.0,0,396.9,0.0,0,0,0,1,0,0,0,0,0,0,0,1,1,1,1
107541,2401,2196,450,469,2027,0.0,0,396.3,0.0,0,0,0,1,0,0,0,0,0,0,0,1,1,1,1
107551,2402,2196,450,470,2027,0.0,0,397.3,0.0,0,0,0,1,0,0,0,0,0,0,0,1,1,1,1
107561,2402,2196,450,471,2027,0.0,0,397.3,0.0,0,0,0,1,0,0,0,0,0,0,0,1,1,1,1
107571,2402,2196,448,470,2017,0.0,0,396.5,0.0,0,0,0,1,0,0,0,0,0,0,0,1,1,1,1
107581,2401,2195,449,469,2017,0.0,0,396.9,0.0,0,0,0,1,0,0,0,0,0,0,0,1,1,1,1
107591,2401,2196,451,470,2017,0.0,0,396.9,0.0,0,0,0,1,0,0,0,0,0,0,0,1,1,1,1
107601,2402,2196,450,471,2018,0.0,0,396.8,0.0,0,0,0,1,0,0,0,0,0,0,0,1,1,1,1
107611,2402,2197,451,471,2018,0.0,0,396.5,0.0,0,0,0,1,0,0,0,0,0,0,0,1,1,1,1
107621,2401,2196,450,471,2016,0.0,0,396.5,0.0,0,0,0,1,0,0,0,0,0,0,0,1,1,1,1
107631,2402,2198,447,470,2017,0.0,0,396.8,0.0,0,0,0,1,0,0,0,0,0,0,0,1,1,1,1
107641,2402,2197,450,470,2017,0.0,0,397.3,0.0,0,0,0,1,0,0,0,0,0,0,0,1,1,1,1
107651,2402,2197,449,471,2016,0.0,0,397.3,0.0,0,0,0,1,0,0,0,0,0,0,0,1,1,1,1
107661,2402,2196,449,470,2017,0.0,0,396.5,0.0,0,0,0,1,0,0,0,0,0,0,0,1,1,1,1
107671,2401,2198,449,470,2018,0.0,0,396.2,0.0,0,0,0,1,0,0,0,0,0,0,0,1,1,1,1
107681,2402,2197,450,470,2017,0.0,0,396.2,0.0,0,0,0,1,0,0,0,0,0,0,0,1,1,1,1
107691,2401,2195,451,470,2019,0.0,0,396.7,0.0,0,0,0,1,0,0,0,0,0,0,0,1,1,1,1
107701,2403,2197,449,469,2026,0.0,0,396.8,0.0,0,0,0,1,0,0,0,0,0,0,0,1,1,1,1
107711,2402,2196,449,468,2026,0.0,0,396.8,0.0,0,0,0,1,0,0,0,0,0,0,0,1,1,1,1
107721,2402,2196,451,470,2026,0.0,0,397.2,0.0,0,0,0,1,0,0,0,0,0,0,0,1,1,1,1
107731,2402,2197,448,469,2026,0.0,0,397.0,0.0,0,0,0,1,0,0,0,0,0,0,0,1,1,1,1
107742,2402,2197,450,470,2026,0.0,0,397.0,0.0,0,0,0,1,0,0,0,0,0,0,0,1,1,1,1
107752,2401,2196,449,470,2025,0.0,0,396.8,0.0,0,0,0,1,0,0,0,0,0,0,0,1,1,1,1
107762,2402,2196,446,470,2026,0.0,0,396.7,0.0,0,0,0,1,0,0,0,0,0,0,0,1,1,1,1
107772,2404,2196,448,471,2024,0.0,0,396.7,0.0,0,0,0,1,0,0,0,0,0,0,0,1,1,1,1
107782,2402,2196,449,472,2027,0.0,0,397.1,0.0,0,0,0,1,0,0,0,0,0,0,0,1,1,1,1
107792,2402,2196,450,470,2026,0.0,0,396.8,0.0,0,0,0,1,0,0,0,0,0,0,0,1,1,1,1
107802,2402,2197,449,470,2026,0.0,0,396.7,0.0,0,0,0,1,0,0,0,0,0,0,0,1,1,1,1
107812,2401,2196,448,470,2026,0.0,0,396.3,0.0,0,0,0,1,0,0,0,0,0,0,0,1,1,1,1
107822,2402,2194,450,471,2026,0.0,0,396.8,0.0,0,0,0,1,0,0,0,0,0,0,0,1,1,1,1
107832,2402,2196,450,470,2026,0.0,0,397.1,0.0,0,0,0,1,0,0,0,0,0,0,0,1,1,1,1
107842,2402,2196,450,470,2025,0.0,0,397.1,0.0,0,0,0,1,0,0,0,0,0,0,0,1,1,1,1
107852,2402,2196,450,469,2026,0.0,0,396.7,0.0,0,0,0,1,0,0,0,0,0,0,0,1,1,1,1
107862,2402,2195,449,471,2026,0.0,0,396.7,0.0,0,0,0,1,0,0,0,0,0,0,0,1,1,1,1
107872,2403,2196,450,468,2017,0.0,0,396.9,0.0,0,0,0,1,0,0,0,0,0,0,0,1,1,1,1
107882,2401,2196,449,470,2017,0.0,0,397.0,0.0,0,0,0,1,0,0,0,0,0,0,0,1,1,1,1
107893,2402,2197,448,470,2017,0.0,0,396.5,0.0,0,0,0,1,0,0,0,0,0,0,0,1,1,1,1
107903,2402,2196,450,471,2017,0.0,0,396.5,0.0,0,0,0,1,0,0,0,0,0,0,0,1,1,1,1
107913,2406,2196,450,471,2017,0.0,0,396.4,0.0,0,0,0,1,0,0,0,0,0,0,0,1,1,1,1
107923,2399,2198,450,470,2017,0.0,0,396.4,0.0,0,0,0,1,0,0,0,0,0,0,0,1,1,1,1
107933,2402,2197,450,471,2017,0.0,0,396.9,0.0,0,0,0,1,0,0,0,0,0,0,0,1,1,1,1
107943,2401,2197,450,470,2016,0.0,0,396.7,0.0,0,0,0,1,0,0,0,0,0,0,0,1,1,1,1
107953,2402,2197,451,471,2019,0.0,0,396.8,0.0,0,0,0,1,0,0,0,0,0,0,0,1,1,1,1
107963,2400,2196,449,469,2017,0.0,0,396.8,0.0,0,0,0,1,0,0,0,0,0,0,0,1,1,1,1
107973,2402,2198,449,471,2017,0.0,0,396.5,0.0,0,0,0,1,0,0,0,0,0,0,0,1,1,1,1
107983,2402,2194,447,470,2017,0.0,0,396.5,0.0,0,0,0,1,0,0,0,0,0,0,0,1,1,1,1
107993,2404,2197,451,470,2017,0.0,0,396.3,0.0,0,0,0,1,0,0,0,0,0,0,0,1,1,1,1
108003,2402,2197,451,470,2028,0.0,0,396.9,0.0,0,0,0,1,0,0,0,0,0,0,0,1,1,1,1
108013,2402,2197,449,470,2026,0.0,0,397.0,0.0,0,0,0,1,0,0,0,0,0,0,0,1,1,1,1
108023,2402,2197,449,471,2035,0.0,0,397.0,0.0,0,0,0,1,0,0,0,0,0,0,0,1,1,1,1
108033,2402,2198,447,470,2026,0.0,0,397.1,0.0,0,0,0,1,0,0,0,0,0,0,0,1,1,1,1
108043,2402,2199,448,471,2026,0.0,0,397.1,0.0,0,0,0,1,0,0,0,0,0,0,0,1,1,1,1
108053,2402,2197,449,470,2026,0.0,0,397.5,0.0,0,0,0,1,0,0,0,0,0,0,0,1,1,1,1
108063,2402,2196,449,473,2026,0.0,0,397.0,0.0,0,0,0,1,0,0,0,0,0,0,0,1,1,1,1
108073,2401,2196,449,470,2024,0.0,0,397.1,0.0,0,0,0,1,0,0,0,0,0,0,0,1,1,1,1
108083,2403,2196,450,470,2026,0.0,0,397.1,0.0,0,0,0,1,0,0,0,0,0,0,0,1,1,1,1
108093,2401,2196,450,471,2026,0.0,0,396.5,0.0,0,0,0,1,0,0,0,0,0,0,0,1,1,1,1
108103,2401,2197,450,469,2026,0.0,0,396.5,0.0,0,0,0,1,0,0,0,0,0,0,0,1,1,1,1
108113,2401,2197,450,470,2026,0.0,0,396.7,0.0,0,0,0,1,0,0,0,0,0,0,0,1,1,1,1
108123,2402,2196,451,469,2026,0.0,0,396.8,0.0,0,0,0,1,0,0,0,0,0,0,0,1,1,1,1
108133,2402,2197,448,471,2026,0.0,0,396.3,0.0,0,0,0,1,0,0,0,0,0,0,0,1,1,1,1
108143,2402,2196,450,471,2025,0.0,0,396.3,0.0,0,0,0,1,0,0,0,0,0,0,0,1,1,1,1
108153,2402,2194,450,470,2026,0.0,0,397.0,0.0,0,0,0,1,0,0,0,0,0,0,0,1,1,1,1
108163,2401,2196,449,470,2025,0.0,0,397.0,0.0,0,0,0,1,0,0,0,0,0,0,0,1,1,1,1
108173,2400,2196,446,471,2016,0.0,0,397.9,0.0,0,0,0,1,0,0,0,0,0,0,0,1,1,1,1
108183,2402,2196,450,469,2017,0.0,0,396.5,0.0,0,0,0,1,0,0,0,0,0,0,0,1,1,1,1
108193,2402,2196,448,469,2019,0.0,0,397.1,0.0,0,0,0,1,0,0,0,0,0,0,0,1,1,1,1
108203,2402,2196,452,469,2017,0.0,0,397.1,0.0,0,0,0,1,0,0,0,0,0,0,0,1,1,1,1
108213,2401,2197,450,470,2017,0.0,0,396.8,0.0,0,0,0,1,0,0,0,0,0,0,0,1,1,1,1
108223,2400,2197,451,470,2017,0.0,0,396.3,0.0,0,0,0,1,0,0,0,0,0,0,0,1,1,1,1
108233,2400,2196,449,472,2018,0.0,0,396.5,0.0,0,0,0,1,0,0,0,0,0,0,0,1,1,1,1
108243,2402,2195,450,470,2017,0.0,0,397.1,0.0,0,0,0,1,0,0,0,0,0,0,0,1,1,1,1
108253,2402,2196,449,470,2027,0.0,0,397.0,0.0,0,0,0,1,0,0,0,0,0,0,0,1,1,1,1
108263,2406,2196,451,473,2017,0.0,0,397.0,0.0,0,0,0,1,0,0,0,0,0,0,0,1,1,1,1
108273,2402,2196,449,471,2016,0.0,0,396.7,0.0,0,0,0,1,0,0,0,0,0,0,0,1,1,1,1
108283,2402,2196,449,470,2016,0.0,0,396.7,0.0,0,0,0,1,0,0,0,0,0,0,0,1,1,1,1
108293,2402,2196,450,469,2016,0.0,0,396.8,0.0,0,0,0,1,0,0,0,0,0,0,0,1,1,1,1
108303,2402,2195,450,470,2023,0.0,0,396.5,0.0,0,0,0,1,0,0,0,0,0,0,0,1,1,1,1
108313,2402,2196,449,470,2026,0.0,0,396.7,0.0,0,0,0,1,0,0,0,0,0,0,0,1,1,1,1
108323,2402,2196,450,468,2026,0.0,0,396.7,0.0,0,0,0,1,0,0,0,0,0,0,0,1,1,1,1
108333,2400,2196,450,471,2026,0.0,0,396.9,0.0,0,0,0,1,0,0,0,0,0,0,0,1,1,1,1
108343,2401,2196,449,472,2026,0.0,0,396.9,0.0,0,0,0,1,0,0,0,0,0,0,0,1,1,1,1
108353,2400,2195,450,469,2025,0.0,0,396.2,0.0,0,0,0,1,0,0,0,0,0,0,0,1,1,1,1
108363,2404,2196,450,470,2026,0.0,0,397.1,0.0,0,0,0,1,0,0,0,0,0,0,0,1,1,1,1
108373,2405,2195,448,471,2025,0.0,0,396.5,0.0,0,0,0,1,0,0,0,0,0,0,0,1,1,1,1
108383,2401,2196,449,470,2026,0.0,0,396.5,0.0,0,0,0,1,0,0,0,0,0,0,0,1,1,1,1
108393,2403,2196,450,471,2027,0.0,0,397.3,0.0,0,0,0,1,0,0,0,0,0,0,0,1,1,1,1
108403,2400,2196,447,469,2026,0.0,0,397.3,0.0,0,0,0,1,0,0,0,0,0,0,0,1,1,1,1
108413,2401,2196,451,469,2026,0.0,0,397.0,0.0,0,0,0,1,0,0,0,0,0,0,0,1,1,1,1
108423,2402,2197,449,469,2026,0.0,0,396.3,0.0,0,0,0,1,0,0,0,0,0,0,0,1,1,1,1
108433,2401,2196,448,471,2026,0.0,0,396.7,0.0,0,0,0,1,0,0,0,0,0,0,0,1,1,1,1
108443,2402,2197,450,471,2026,0.0,0,396.7,0.0,0,0,0,1,0,0,0,0,0,0,0,1,1,1,1
108453,2402,2197,449,470,2026,0.0,0,396.5,0.0,0,0,0,1,0,0,0,0,0,0,0,1,1,1,1
108463,2402,2196,447,470,2026,0.0,0,396.5,0.0,0,0,0,1,0,0,0,0,0,0,0,1,1,1,1
108473,2402,2197,451,469,2017,0.0,0,397.0,0.0,0,0,0,1,0,0,0,0,0,0,0,1,1,1,1
108483,2401,2196,451,471,2015,0.0,0,396.8,0.0,0,0,0,1,0,0,0,0,0,0,0,1,1,1,1
108493,2403,2196,450,470,2017,0.0,0,396.9,0.0,0,0,0,1,0,0,0,0,0,0,0,1,1,1,1
108503,2403,2196,451,469,2017,0.0,0,396.9,0.0,0,0,0,1,0,0,0,0,0,0,0,1,1,1,1
108513,2402,2197,451,470,2017,0.0,0,396.0,0.0,0,0,0,1,0,0,0,0,0,0,0,1,1,1,1
108523,2402,2196,449,469,2016,0.0,0,396.0,0.0,0,0,0,1,0,0,0,0,0,0,0,1,1,1,1
108533,2402,2196,450,470,2017,0.0,0,396.2,0.0,0,0,0,1,0,0,0,0,0,0,0,1,1,1,1
108543,2401,2197,449,470,2017,0.0,0,396.4,0.0,0,0,0,1,0,0,0,0,0,0,0,1,1,1,1
108553,2403,2196,449,471,2017,0.0,0,397.3,0.0,0,0,0,1,0,0,0,0,0,0,0,1,1,1,1
108563,2402,2197,450,470,2015,0.0,0,397.3,0.0,0,0,0,1,0,0,0,0,0,0,0,1,1,1,1
108573,2402,2197,449,470,2017,0.0,0,397.3,0.0,0,0,0,1,0,0,0,0,0,0,0,1,1,1,1
108583,2401,2196,450,470,2017,0.0,0,397.3,0.0,0,0,0,1,0,0,0,0,0,0,0,1,1,1,1
108593,2402,2197,451,471,2017,0.0,0,396.8,0.0,0,0,0,1,0,0,0,0,0,0,0,1,1,1,1
108603,2402,2196,450,470,2017,0.0,0,396.1,0.0,0,0,0,1,0,0,0,0,0,0,0,1,1,1,1
108613,2402,2197,449,469,2026,0.0,0,396.9,0.0,0,0,0,1,0,0,0,0,0,0,0,1,1,1,1
108623,2402,2196,450,469,2026,0.0,0,396.9,0.0,0,0,0,1,0,0,0,0,0,0,0,1,1,1,1
108633,2403,2196,450,470,2025,0.0,0,397.2,0.0,0,0,0,1,0,0,0,0,0,0,0,1,1,1,1
108643,2401,2196,449,471,2026,0.0,0,397.2,0.0,0,0,0,1,0,0,0,0,0,0,0,1,1,1,1
108653,2402,2197,449,471,2026,0.0,0,397.2,0.0,0,0,0,1,0,0,0,0,0,0,0,1,1,1,1
108663,2403,2196,451,470,2026,0.0,0,397.1,0.0,0,0,0,1,0,0,0,0,0,0,0,1,1,1,1
108673,2403,2197,449,470,2026,0.0,0,397.3,0.0,0,0,0,1,0,0,0,0,0,0,0,1,1,1,1
108683,2402,2197,450,471,2026,0.0,0,397.3,0.0,0,0,0,1,0,0,0,0,0,0,0,1,1,1,1
108693,2403,2197,450,469,2026,0.0,0,396.8,0.0,0,0,0,1,0,0,0,0,0,0,0,1,1,1,1
108703,2403,2196,450,470,2026,0.0,0,397.1,0.0,0,0,0,1,0,0,0,0,0,0,0,1,1,1,1
108713,2402,2196,453,470,2026,0.0,0,397.0,0.0,0,0,0,1,0,0,0,0,0,0,0,1,1,1,1
108723,2402,2196,448,470,2026,0.0,0,396.2,0.0,0,0,0,1,0,0,0,0,0,0,0,1,1,1,1
108733,2402,2196,449,470,2026,0.0,0,396.8,0.0,0,0,0,1,0,0,0,0,0,0,0,1,1,1,1
108743,2402,2196,450,471,2026,0.0,0,396.8,0.0,0,0,0,1,0,0,0,0,0,0,0,1,1,1,1
108753,2402,2196,451,470,2026,0.0,0,397.1,0.0,0,0,0,1,0,0,0,0,0,0,0,1,1,1,1
108763,2401,2196,449,470,2026,0.0,0,397.1,0.0,0,0,0,1,0,0,0,0,0,0,0,1,1,1,1
108773,2402,2196,450,470,2026,0.0,0,397.5,0.0,0,0,0,1,0,0,0,0,0,0,0,1,1,1,1
108783,2402,2196,450,470,2017,0.0,0,396.3,0.0,0,0,0,1,0,0,0,0,0,0,0,1,1,1,1
108793,2402,2196,449,470,2017,0.0,0,396.8,0.0,0,0,0,1,0,0,0,0,0,0,0,1,1,1,1
108803,2400,2196,449,470,2017,0.0,0,396.8,0.0,0,0,0,1,0,0,0,0,0,0,0,1,1,1,1
108813,2402,2196,450,470,2017,0.0,0,396.9,0.0,0,0,0,1,0,0,0,0,0,0,0,1,1,1,1
108823,2402,2196,447,469,2016,0.0,0,396.9,0.0,0,0,0,1,0,0,0,0,0,0,0,1,1,1,1
108833,2402,2196,448,470,2016,0.0,0,396.4,0.0,0,0,0,1,0,0,0,0,0,0,0,1,1,1,1
108843,2401,2197,450,473,2018,0.0,0,397.2,0.0,0,0,0,1,0,0,0,0,0,0,0,1,1,1,1
108853,2402,2196,450,469,2017,0.0,0,396.5,0.0,0,0,0,1,0,0,0,0,0,0,0,1,1,1,1
108863,2402,2197,450,471,2016,0.0,0,396.5,0.0,0,0,0,1,0,0,0,0,0,0,0,1,1,1,1
108873,2402,2197,449,472,2017,0.0,0,396.8,0.0,0,0,0,1,0,0,0,0,0,0,0,1,1,1,1
108883,2402,2196,451,471,2017,0.0,0,396.8,0.0,0,0,0,1,0,0,0,0,0,0,0,1,1,1,1
108893,2402,2197,450,471,2016,0.0,0,397.4,0.0,0,0,0,1,0,0,0,0,0,0,0,1,1,1,1
108903,2401,2196,447,470,2016,0.0,0,397.0,0.0,0,0,0,1,0,0,0,0,0,0,0,1,1,1,1
108913,2402,2196,450,469,2025,0.0,0,396.3,0.0,0,0,0,1,0,0,0,0,0,0,0,1,1,1,1
108923,2402,2196,450,471,2025,0.0,0,396.3,0.0,0,0,0,1,0,0,0,0,0,0,0,1,1,1,1
108933,2401,2196,450,467,2026,0.0,0,396.8,0.0,0,0,0,1,0,0,0,0,0,0,0,1,1,1,1
108943,2401,2196,451,471,2025,0.0,0,396.8,0.0,0,0,0,1,0,0,0,0,0,0,0,1,1,1,1
108953,2402,2195,450,472,2026,0.0,0,396.8,0.0,0,0,0,1,0,0,0,0,0,0,0,1,1,1,1
108963,2399,2197,449,470,2026,0.0,0,396.7,0.0,0,0,0,1,0,0,0,0,0,0,0,1,1,1,1
108973,2403,2200,450,470,2025,0.0,0,397.0,0.0,0,0,0,1,0,0,0,0,0,0,0,1,1,1,1
108983,2402,2196,449,469,2026,0.0,0,397.0,0.0,0,0,0,1,0,0,0,0,0,0,0,1,1,1,1
108993,2401,2196,450,469,2023,0.0,0,397.0,0.0,0,0,0,1,0,0,0,0,0,0,0,1,1,1,1
109003,2401,2196,452,470,2027,0.0,0,397.0,0.0,0,0,0,1,0,0,0,0,0,0,0,1,1,1,1
109013,2401,2196,451,471,2026,0.0,0,396.8,0.0,0,0,0,1,0,0,0,0,0,0,0,1,1,1,1
109023,2402,2197,450,471,2027,0.0,0,396.2,0.0,0,0,0,1,0,0,0,0,0,0,0,1,1,1,1
109033,2402,2197,449,469,2027,0.0,0,397.1,0.0,0,0,0,1,0,0,0,0,0,0,0,1,1,1,1
109043,2402,2196,450,470,2026,0.0,0,397.1,0.0,0,0,0,1,0,0,0,0,0,0,0,1,1,1,1
109053,2402,2196,449,470,2026,0.0,0,396.1,0.0,0,0,0,1,0,0,0,0,0,0,0,1,1,1,1
109063,2402,2197,449,470,2026,0.0,0,396.1,0.0,0,0,0,1,0,0,0,0,0,0,0,1,1,1,1
109073,2401,2196,451,469,2026,0.0,0,396.3,0.0,0,0,0,1,0,0,0,0,0,0,0,1,1,1,1
109083,2402,2196,449,469,2017,0.0,0,397.7,0.0,0,0,0,1,0,0,0,0,0,0,0,1,1,1,1
109093,2393,2196,449,470,2017,0.0,0,397.3,0.0,0,0,0,1,0,0,0,0,0,0,0,1,1,1,1
109103,2401,2199,449,471,2017,0.0,0,397.3,0.0,0,0,0,1,0,0,0,0,0,0,0,1,1,1,1
109113,2401,2197,449,471,2017,0.0,0,396.8,0.0,0,0,0,1,0,0,0,0,0,0,0,1,1,1,1
109123,2402,2197,449,471,2017,0.0,0,396.5,0.0,0,0,0,1,0,0,0,0,0,0,0,1,1,1,1
109133,2402,2196,448,469,2017,0.0,0,396.4,0.0,0,0,0,1,0,0,0,0,0,0,0,1,1,1,1
109143,2402,2196,449,472,2017,0.0,0,396.3,0.0,0,0,0,1,0,0,0,0,0,0,0,1,1,1,1
109153,2403,2199,449,469,2015,0.0,0,397.1,0.0,0,0,0,1,0,0,0,0,0,0,0,1,1,1,1
109163,2402,2196,451,470,2016,0.0,0,397.1,0.0,0,0,0,1,0,0,0,0,0,0,0,1,1,1,1
109173,2402,2195,449,471,2016,0.0,0,396.5,0.0,0,0,0,1,0,0,0,0,0,0,0,1,1,1,1
109183,2402,2197,449,471,2017,0.0,0,396.5,0.0,0,0,0,1,0,0,0,0,0,0,0,1,1,1,1
109193,2401,2196,450,470,2019,0.0,0,396.5,0.0,0,0,0,1,0,0,0,0,0,0,0,1,1,1,1
109203,2401,2197,450,470,2017,0.0,0,397.6,0.0,0,0,0,1,0,0,0,0,0,0,0,1,1,1,1
109213,2402,2196,449,471,2026,0.0,0,397.1,0.0,0,0,0,1,0,0,0,0,0,0,0,1,1,1,1
109223,2403,2196,449,470,2026,0.0,0,397.1,0.0,0,0,0,1,0,0,0,0,0,0,0,1,1,1,1
109233,2399,2198,450,471,2026,0.0,0,397.2,0.0,0,0,0,1,0,0,0,0,0,0,0,1,1,1,1
109243,2402,2196,450,471,2026,0.0,0,397.2,0.0,0,0,0,1,0,0,0,0,0,0,0,1,1,1,1
109253,2402,2196,450,470,2026,0.0,0,397.6,0.0,0,0,0,1,0,0,0,0,0,0,0,1,1,1,1
109263,2402,2197,449,470,2026,0.0,0,396.7,0.0,0,0,0,1,0,0,0,0,0,0,0,1,1,1,1
109273,2403,2196,450,469,2027,0.0,0,397.3,0.0,0,0,0,1,0,0,0,0,0,0,0,1,1,1,1
109283,2402,2196,449,470,2027,0.0,0,397.3,0.0,0,0,0,1,0,0,0,0,0,0,0,1,1,1,1
109293,2401,2196,449,470,2026,0.0,0,397.0,0.0,0,0,0,1,0,0,0,0,0,0,0,1,1,1,1
109303,2401,2197,450,469,2026,0.0,0,397.0,0.0,0,0,0,1,0,0,0,0,0,0,0,1,1,1,1
109313,2402,2197,449,470,2026,0.0,0,396.8,0.0,0,0,0,1,0,0,0,0,0,0,0,1,1,1,1
109323,2401,2196,447,470,2026,0.0,0,397.0,0.0,0,0,0,1,0,0,0,0,0,0,0,1,1,1,1
109333,2403,2196,452,470,2026,0.0,0,396.4,0.0,0,0,0,1,0,0,0,0,0,0,0,1,1,1,1
109343,2402,2196,450,471,2026,0.0,0,396.4,0.0,0,0,0,1,0,0,0,0,0,0,0,1,1,1,1
109353,2401,2197,450,470,2026,0.0,0,396.9,0.0,0,0,0,1,0,0,0,0,0,0,0,1,1,1,1
109363,2401,2196,450,470,2026,0.0,0,396.9,0.0,0,0,0,1,0,0,0,0,0,0,0,1,1,1,1
109374,2401,2196,450,469,2026,0.0,0,397.0,0.0,0,0,0,1,0,0,0,0,0,0,0,1,1,1,1
109384,2401,2196,449,471,2016,0.0,0,396.7,0.0,0,0,0,1,0,0,0,0,0,0,0,1,1,1,1
109394,2406,2197,449,469,2017,0.0,0,397.3,0.0,0,0,0,1,0,0,0,0,0,0,0,1,1,1,1
109405,2402,2196,449,474,2017,0.0,0,396.4,0.0,0,0,0,1,0,0,0,0,0,0,0,1,1,1,1
109417,2402,2196,453,470,2017,0.0,0,396.4,0.0,0,0,0,1,0,0,0,0,0,0,0,1,1,1,1
109427,2403,2196,450,469,2019,0.0,0,396.4,0.0,0,0,0,1,0,0,0,0,0,0,0,1,1,1,1
109437,2403,2197,450,471,2019,0.0,0,396.8,0.0,0,0,0,1,0,0,0,0,0,0,0,1,1,1,1
109447,2401,2197,451,469,2017,0.0,0,396.2,0.0,0,0,0,1,0,0,0,0,0,0,0,1,1,1,1
109457,2402,2197,451,470,2017,0.0,0,397.2,0.0,0,0,0,1,0,0,0,0,0,0,0,1,1,1,1
109467,2402,2196,449,473,2016,0.0,0,396.4,0.0,0,0,0,1,0,0,0,0,0,0,0,1,1,1,1
109477,2402,2198,450,468,2018,0.0,0,397.2,0.0,0,0,0,1,0,0,0,0,0,0,0,1,1,1,1
109487,2401,2197,450,470,2017,0.0,0,397.2,0.0,0,0,0,1,0,0,0,0,0,0,0,1,1,1,1
109497,2401,2197,449,469,2017,0.0,0,397.3,0.0,0,0,0,1,0,0,0,0,0,0,0,1,1,1,1
109507,2402,2199,451,471,2017,0.0,0,396.7,0.0,0,0,0,1,0,0,0,0,0,0,0,1,1,1,1
109517,2401,2197,450,470,2026,0.0,0,397.4,0.0,0,0,0,1,0,0,0,0,0,0,0,1,1,1,1
109527,2402,2196,450,470,2026,0.0,0,397.0,0.0,0,0,0,1,0,0,0,0,0,0,0,1,1,1,1
109537,2402,2197,452,469,2027,0.0,0,397.0,0.0,0,0,0,1,0,0,0,0,0,0,0,1,1,1,1
109547,2403,2196,450,469,2028,0.0,0,397.0,0.0,0,0,0,1,0,0,0,0,0,0,0,1,1,1,1
109557,2402,2198,450,468,2026,0.0,0,397.0,0.0,0,0,0,1,0,0,0,0,0,0,0,1,1,1,1
109567,2403,2197,452,470,2025,0.0,0,397.1,0.0,0,0,0,1,0,0,0,0,0,0,0,1,1,1,1
109578,2402,2198,450,470,2026,0.0,0,397.4,0.0,0,0,0,1,0,0,0,0,0,0,0,1,1,1,1
109588,2401,2195,449,470,2026,0.0,0,396.8,0.0,0,0,0,1,0,0,0,0,0,0,0,1,1,1,1
109598,2402,2196,450,470,2026,0.0,0,396.8,0.0,0,0,0,1,0,0,0,0,0,0,0,1,1,1,1
109609,2403,2196,448,469,2027,0.0,0,396.9,0.0,0,0,0,1,0,0,0,0,0,0,0,1,1,1,1
109619,2402,2196,450,470,2027,0.0,0,396.9,0.0,0,0,0,1,0,0,0,0,0,0,0,1,1,1,1
109629,2402,2196,451,471,2024,0.0,0,396.2,0.0,0,0,0,1,0,0,0,0,0,0,0,1,1,1,1
109639,2402,2198,450,470,2024,0.0,0,397.1,0.0,0,0,0,1,0,0,0,0,0,0,0,1,1,1,1
109649,2402,2196,449,469,2026,0.0,0,396.3,0.0,0,0,0,1,0,0,0,0,0,0,0,1,1,1,1
109659,2401,2197,449,472,2025,0.0,0,396.3,0.0,0,0,0,1,0,0,0,0,0,0,0,1,1,1,1
109669,2402,2196,450,470,2026,0.0,0,397.1,0.0,0,0,0,1,0,0,0,0,0,0,0,1,1,1,1
109679,2402,2195,449,468,2027,0.0,0,397.1,0.0,0,0,0,1,0,0,0,0,0,0,0,1,1,1,1
109689,2402,2194,450,472,2017,0.0,0,396.8,0.0,0,0,0,1,0,0,0,0,0,0,0,1,1,1,1
109699,2402,2196,449,471,2017,0.0,0,396.4,0.0,0,0,0,1,0,0,0,0,0,0,0,1,1,1,1
109709,2402,2197,449,469,2017,0.0,0,396.8,0.0,0,0,0,1,0,0,0,0,0,0,0,1,1,1,1
109719,2402,2196,450,472,2017,0.0,0,396.8,0.0,0,0,0,1,0,0,0,0,0,0,0,1,1,1,1
109729,2403,2197,450,471,2019,0.0,0,397.3,0.0,0,0,0,1,0,0,0,0,0,0,0,1,1,1,1
109739,2401,2197,450,469,2017,0.0,0,397.3,0.0,0,0,0,1,0,0,0,0,0,0,0,1,1,1,1
109749,2401,2197,450,470,2017,0.0,0,397.0,0.0,0,0,0,1,0,0,0,0,0,0,0,1,1,1,1
109759,2402,2197,451,469,2014,0.0,0,396.8,0.0,0,0,0,1,0,0,0,0,0,0,0,1,1,1,1
109769,2402,2197,451,470,2017,0.0,0,396.7,0.0,0,0,0,1,0,0,0,0,0,0,0,1,1,1,1
109779,2402,2197,450,470,2017,0.0,0,396.7,0.0,0,0,0,1,0,0,0,0,0,0,0,1,1,1,1
109789,2402,2196,451,469,2017,0.0,0,396.7,0.0,0,0,0,1,0,0,0,0,0,0,0,1,1,1,1
109799,2402,2196,449,470,2016,0.0,0,396.7,0.0,0,0,0,1,0,0,0,0,0,0,0,1,1,1,1
109809,2402,2196,449,471,2016,0.0,0,396.7,0.0,0,0,0,1,0,0,0,0,0,0,0,1,1,1,1
109819,2402,2196,450,470,2026,0.0,0,396.5,0.0,0,0,0,1,0,0,0,0,0,0,0,1,1,1,1
109829,2404,2197,451,470,2027,0.0,0,396.9,0.0,0,0,0,1,0,0,0,0,0,0,0,1,1,1,1
109839,2402,2196,449,470,2026,0.0,0,396.9,0.0,0,0,0,1,0,0,0,0,0,0,0,1,1,1,1
109849,2402,2196,450,470,2026,0.0,0,397.3,0.0,0,0,0,1,0,0,0,0,0,0,0,1,1,1,1
109859,2402,2197,450,469,2026,0.0,0,397.3,0.0,0,0,0,1,0,0,0,0,0,0,0,1,1,1,1
109869,2402,2196,451,471,2026,0.0,0,396.1,0.0,0,0,0,1,0,0,0,0,0,0,0,1,1,1,1
109879,2401,2197,450,469,2026,0.0,0,397.0,0.0,0,0,0,1,0,0,0,0,0,0,0,1,1,1,1
109889,2401,2197,449,470,2026,0.0,0,396.7,0.0,0,0,0,1,0,0,0,0,0,0,0,1,1,1,1
109899,2402,2196,450,472,2025,0.0,0,396.7,0.0,0,0,0,1,0,0,0,0,0,0,0,1,1,1,1
109909,2405,2196,449,470,2026,0.0,0,397.0,0.0,0,0,0,1,0,0,0,0,0,0,0,1,1,1,1
109919,2402,2196,449,470,2027,0.0,0,397.0,0.0,0,0,0,1,0,0,0,0,0,0,0,1,1,1,1
109929,2401,2197,451,471,2026,0.0,0,396.5,0.0,0,0,0,1,0,0,0,0,0,0,0,1,1,1,1
109939,2402,2196,449,471,2026,0.0,0,397.0,0.0,0,0,0,1,0,0,0,0,0,0,0,1,1,1,1
109949,2401,2197,449,471,2026,0.0,0,396.9,0.0,0,0,0,1,0,0,0,0,0,0,0,1,1,1,1
109959,2402,2196,449,469,2026,0.0,0,396.9,0.0,0,0,0,1,0,0,0,0,0,0,0,1,1,1,1
109969,2403,2197,450,470,2026,0.0,0,397.3,0.0,0,0,0,1,0,0,0,0,0,0,0,1,1,1,1
109979,2402,2196,454,470,2027,0.0,0,397.3,0.0,0,0,0,1,0,0,0,0,0,0,0,1,1,1,1
109989,2404,2197,450,471,2015,0.0,0,396.4,0.0,0,0,0,1,0,0,0,0,0,0,0,1,1,1,1
109999,2402,2196,450,472,2017,0.0,0,397.5,0.0,0,0,0,1,0,0,0,0,0,0,0,1,1,1,1
110009,2403,2197,449,471,2018,0.0,0,395.9,0.0,0,0,0,1,0,0,0,0,0,0,0,1,1,1,1
110019,2402,2196,450,470,2017,0.0,0,395.9,0.0,0,0,0,1,0,0,0,0,0,0,0,1,1,1,1
110029,2403,2196,449,470,2016,0.0,0,396.3,0.0,0,0,0,1,0,0,0,0,0,0,0,1,1,1,1
110039,2402,2196,450,469,2017,0.0,0,396.3,0.0,0,0,0,1,0,0,0,0,0,0,0,1,1,1,1
110049,2401,2195,449,472,2017,0.0,0,396.8,0.0,0,0,0,1,0,0,0,0,0,0,0,1,1,1,1
110059,2402,2196,448,471,2017,0.0,0,396.3,0.0,0,0,0,1,0,0,0,0,0,0,0,1,1,1,1
110069,2402,2197,451,471,2017,0.0,0,397.3,0.0,0,0,0,1,0,0,0,0,0,0,0,1,1,1,1
110079,2402,2197,450,470,2017,0.0,0,397.3,0.0,0,0,0,1,0,0,0,0,0,0,0,1,1,1,1
110089,2405,2196,448,469,2017,0.0,0,396.8,0.0,0,0,0,1,0,0,0,0,0,0,0,1,1,1,1
110099,2402,2197,450,470,2016,0.0,0,396.8,0.0,0,0,0,1,0,0,0,0,0,0,0,1,1,1,1
110109,2401,2197,450,469,2017,0.0,0,397.4,0.0,0,0,0,1,0,0,0,0,0,0,0,1,1,1,1
110119,2402,2196,449,470,2026,0.0,0,396.9,0.0,0,0,0,1,0,0,0,0,0,0,0,1,1,1,1
110129,2401,2197,450,470,2026,0.0,0,396.7,0.0,0,0,0,1,0,0,0,0,0,0,0,1,1,1,1
110139,2399,2197,448,471,2026,0.0,0,396.7,0.0,0,0,0,1,0,0,0,0,0,0,0,1,1,1,1
110149,2401,2196,450,471,2026,0.0,0,396.7,0.0,0,0,0,1,0,0,0,0,0,0,0,1,1,1,1
110159,2401,2196,449,471,2026,0.0,0,396.7,0.0,0,0,0,1,0,0,0,0,0,0,0,1,1,1,1
110169,2401,2197,449,471,2026,0.0,0,397.1,0.0,0,0,0,1,0,0,0,0,0,0,0,1,1,1,1
110179,2402,2197,449,470,2023,0.0,0,397.1,0.0,0,0,0,1,0,0,0,0,0,0,0,1,1,1,1
110189,2402,2197,446,471,2032,0.0,0,397.2,0.0,0,0,0,1,0,0,0,0,0,0,0,1,1,1,1
110199,2401,2196,449,471,2026,0.0,0,397.2,0.0,0,0,0,1,0,0,0,0,0,0,0,1,1,1,1
110209,2402,2196,448,470,2026,0.0,0,397.2,0.0,0,0,0,1,0,0,0,0,0,0,0,1,1,1,1
110219,2403,2196,450,471,2026,0.0,0,397.2,0.0,0,0,0,1,0,0,0,0,0,0,0,1,1,1,1
110229,2400,2196,450,471,2026,0.0,0,396.7,0.0,0,0,0,1,0,0,0,0,0,0,0,1,1,1,1
110239,2402,2196,450,468,2026,0.0,0,396.7,0.0,0,0,0,1,0,0,0,0,0,0,0,1,1,1,1
110249,2402,2196,450,470,2027,0.0,0,396.8,0.0,0,0,0,1,0,0,0,0,0,0,0,1,1,1,1
110259,2401,2193,450,469,2026,0.0,0,396.8,0.0,0,0,0,1,0,0,0,0,0,0,0,1,1,1,1
110269,2402,2197,449,471,2026,0.0,0,396.5,0.0,0,0,0,1,0,0,0,0,0,0,0,1,1,1,1
110279,2402,2196,452,470,2026,0.0,0,396.5,0.0,0,0,0,1,0,0,0,0,0,0,0,1,1,1,1
110289,2402,2196,449,470,2017,0.0,0,396.4,0.0,0,0,0,1,0,0,0,0,0,0,0,1,1,1,1
110299,2400,2196,448,471,2016,0.0,0,396.5,0.0,0,0,0,1,0,0,0,0,0,0,0,1,1,1,1
110309,2401,2196,450,472,2017,0.0,0,396.8,0.0,0,0,0,1,0,0,0,0,0,0,0,1,1,1,1
110319,2401,2199,449,470,2016,0.0,0,396.8,0.0,0,0,0,1,0,0,0,0,0,0,0,1,1,1,1
110329,2403,2196,449,471,2017,0.0,0,397.4,0.0,0,0,0,1,0,0,0,0,0,0,0,1,1,1,1
110339,2401,2196,449,471,2017,0.0,0,397.4,0.0,0,0,0,1,0,0,0,0,0,0,0,1,1,1,1
110349,2400,2196,449,470,2016,0.0,0,397.0,0.0,0,0,0,1,0,0,0,0,0,0,0,1,1,1,1
110359,2401,2196,450,472,2017,0.0,0,396.8,0.0,0,0,0,1,0,0,0,0,0,0,0,1,1,1,1
110369,2401,2196,450,466,2017,0.0,0,396.9,0.0,0,0,0,1,0,0,0,0,0,0,0,1,1,1,1
110379,2402,2197,451,471,2016,0.0,0,396.9,0.0,0,0,0,1,0,0,0,0,0,0,0,1,1,1,1
110389,2402,2199,450,471,2016,0.0,0,397.0,0.0,0,0,0,1,0,0,0,0,0,0,0,1,1,1,1
110399,2402,2196,448,470,2017,0.0,0,397.0,0.0,0,0,0,1,0,0,0,0,0,0,0,1,1,1,1
110409,2401,2196,449,470,2018,0.0,0,397.4,0.0,0,0,0,1,0,0,0,0,0,0,0,1,1,1,1
110419,2401,2196,449,468,2026,0.0,0,396.8,0.0,0,0,0,1,0,0,0,0,0,0,0,1,1,1,1
110429,2402,2197,449,470,2029,0.0,0,396.9,0.0,0,0,0,1,0,0,0,0,0,0,0,1,1,1,1
110439,2402,2197,448,470,2027,0.0,0,396.9,0.0,0,0,0,1,0,0,0,0,0,0,0,1,1,1,1
110449,2403,2196,450,471,2026,0.0,0,397.4,0.0,0,0,0,1,0,0,0,0,0,0,0,1,1,1,1
110459,2400,2196,450,470,2027,0.0,0,397.4,0.0,0,0,0,1,0,0,0,0,0,0,0,1,1,1,1
110469,2402,2196,450,470,2026,0.0,0,396.7,0.0,0,0,0,1,0,0,0,0,0,0,0,1,1,1,1
110479,2400,2197,450,467,2027,0.0,0,397.5,0.0,0,0,0,1,0,0,0,0,0,0,0,1,1,1,1
110489,2401,2197,450,470,2026,0.0,0,397.3,0.0,0,0,0,1,0,0,0,0,0,0,0,1,1,1,1
110499,2402,2196,450,471,2026,0.0,0,397.3,0.0,0,0,0,1,0,0,0,0,0,0,0,1,1,1,1
110509,2403,2194,450,470,2027,0.0,0,397.1,0.0,0,0,0,1,0,0,0,0,0,0,0,1,1,1,1
110519,2402,2197,450,471,2026,0.0,0,397.1,0.0,0,0,0,1,0,0,0,0,0,0,0,1,1,1,1
110529,2402,2196,450,470,2026,0.0,0,397.3,0.0,0,0,0,1,0,0,0,0,0,0,0,1,1,1,1
110539,2401,2196,451,470,2027,0.0,0,396.7,0.0,0,0,0,1,0,0,0,0,0,0,0,1,1,1,1
110549,2402,2196,450,470,2027,0.0,0,396.8,0.0,0,0,0,1,0,0,0,0,0,0,0,1,1,1,1
110559,2403,2195,451,471,2026,0.0,0,396.8,0.0,0,0,0,1,0,0,0,0,0,0,0,1,1,1,1
110569,2402,2196,450,470,2026,0.0,0,396.3,0.0,0,0,0,1,0,0,0,0,0,0,0,1,1,1,1
110579,2404,2197,450,470,2027,0.0,0,396.3,0.0,0,0,0,1,0,0,0,0,0,0,0,1,1,1,1
110589,2402,2197,450,471,2017,0.0,0,397.2,0.0,0,0,0,1,0,0,0,0,0,0,0,1,1,1,1
110599,2402,2196,449,470,2016,0.0,0,397.4,0.0,0,0,0,1,0,0,0,0,0,0,0,1,1,1,1
110609,2402,2196,450,467,2017,0.0,0,396.2,0.0,0,0,0,1,0,0,0,0,0,0,0,1,1,1,1
110619,2401,2196,450,469,2015,0.0,0,396.2,0.0,0,0,0,1,0,0,0,0,0,0,0,1,1,1,1
110629,2401,2197,451,469,2017,0.0,0,396.7,0.0,0,0,0,1,0,0,0,0,0,0,0,1,1,1,1
110639,2402,2196,451,471,2017,0.0,0,396.7,0.0,0,0,0,1,0,0,0,0,0,0,0,1,1,1,1
110649,2402,2194,450,469,2018,0.0,0,397.3,0.0,0,0,0,1,0,0,0,0,0,0,0,1,1,1,1
110659,2399,2197,449,470,2017,0.0,0,397.2,0.0,0,0,0,1,0,0,0,0,0,0,0,1,1,1,1
110669,2401,2197,449,472,2017,0.0,0,397.1,0.0,0,0,0,1,0,0,0,0,0,0,0,1,1,1,1
110679,2402,2197,449,468,2017,0.0,0,397.1,0.0,0,0,0,1,0,0,0,0,0,0,0,1,1,1,1
110689,2403,2196,449,468,2017,0.0,0,396.9,0.0,0,0,0,1,0,0,0,0,0,0,0,1,1,1,1
110699,2402,2197,449,471,2017,0.0,0,396.9,0.0,0,0,0,1,0,0,0,0,0,0,0,1,1,1,1
110709,2404,2196,449,470,2016,0.0,0,396.5,0.0,0,0,0,1,0,0,0,0,0,0,0,1,1,1,1
110719,2404,2194,450,470,2017,0.0,0,396.3,0.0,0,0,0,1,0,0,0,0,0,0,0,1,1,1,1
110729,2402,2196,451,470,2026,0.0,0,397.1,0.0,0,0,0,1,0,0,0,0,0,0,0,1,1,1,1
110739,2401,2196,451,472,2026,0.0,0,397.1,0.0,0,0,0,1,0,0,0,0,0,0,0,1,1,1,1
110749,2403,2196,449,470,2026,0.0,0,396.5,0.0,0,0,0,1,0,0,0,0,0,0,0,1,1,1,1
110759,2402,2197,450,470,2026,0.0,0,396.5,0.0,0,0,0,1,0,0,0,0,0,0,0,1,1,1,1
110769,2402,2197,450,471,2027,0.0,0,396.3,0.0,0,0,0,1,0,0,0,0,0,0,0,1,1,1,1
110779,2401,2196,450,471,2027,0.0,0,396.7,0.0,0,0,0,1,0,0,0,0,0,0,0,1,1,1,1
110789,2406,2195,450,470,2026,0.0,0,396.7,0.0,0,0,0,1,0,0,0,0,0,0,0,1,1,1,1
110799,2402,2196,451,471,2026,0.0,0,397.7,0.0,0,0,0,1,0,0,0,0,0,0,0,1,1,1,1
110809,2403,2196,449,471,2026,0.0,0,397.2,0.0,0,0,0,1,0,0,0,0,0,0,0,1,1,1,1
110819,2401,2196,449,469,2026,0.0,0,397.2,0.0,0,0,0,1,0,0,0,0,0,0,0,1,1,1,1
110829,2402,2197,450,470,2027,0.0,0,396.4,0.0,0,0,0,1,0,0,0,0,0,0,0,1,1,1,1
110839,2402,2199,449,470,2025,0.0,0,397.1,0.0,0,0,0,1,0,0,0,0,0,0,0,1,1,1,1
110849,2402,2197,449,469,2026,0.0,0,396.5,0.0,0,0,0,1,0,0,0,0,0,0,0,1,1,1,1
110859,2402,2196,450,471,2026,0.0,0,396.5,0.0,0,0,0,1,0,0,0,0,0,0,0,1,1,1,1
110869,2402,2201,451,470,2026,0.0,0,396.5,0.0,0,0,0,1,0,0,0,0,0,0,0,1,1,1,1
110879,2402,2196,450,471,2027,0.0,0,396.5,0.0,0,0,0,1,0,0,0,0,0,0,0,1,1,1,1
110889,2402,2197,448,470,2025,0.0,0,397.0,0.0,0,0,0,1,0,0,0,0,0,0,0,1,1,1,1
110899,2401,2196,450,471,2017,0.0,0,396.2,0.0,0,0,0,1,0,0,0,0,0,0,0,1,1,1,1
110909,2402,2196,452,469,2016,0.0,0,397.0,0.0,0,0,0,1,0,0,0,0,0,0,0,1,1,1,1
110919,2402,2196,448,469,2017,0.0,0,397.0,0.0,0,0,0,1,0,0,0,0,0,0,0,1,1,1,1
110929,2403,2196,450,470,2019,0.0,0,397.2,0.0,0,0,0,1,0,0,0,0,0,0,0,1,1,1,1
110939,2401,2197,449,470,2016,0.0,0,397.2,0.0,0,0,0,1,0,0,0,0,0,0,0,1,1,1,1
110949,2402,2196,449,471,2017,0.0,0,397.1,0.0,0,0,0,1,0,0,0,0,0,0,0,1,1,1,1
110959,2401,2197,450,470,2016,0.0,0,397.4,0.0,0,0,0,1,0,0,0,0,0,0,0,1,1,1,1
110969,2402,2196,450,470,2017,0.0,0,396.5,0.0,0,0,0,1,0,0,0,0,0,0,0,1,1,1,1
110979,2402,2196,450,471,2017,0.0,0,396.5,0.0,0,0,0,1,0,0,0,0,0,0,0,1,1,1,1
110989,2403,2196,451,471,2016,0.0,0,396.1,0.0,0,0,0,1,0,0,0,0,0,0,0,1,1,1,1
110999,2402,2196,451,472,2016,0.0,0,396.1,0.0,0,0,0,1,0,0,0,0,0,0,0,1,1,1,1
111009,2402,2196,449,469,2016,0.0,0,397.4,0.0,0,0,0,1,0,0,0,0,0,0,0,1,1,1,1
111019,2402,2196,448,471,2017,0.0,0,397.0,0.0,0,0,0,1,0,0,0,0,0,0,0,1,1,1,1
111029,2401,2197,450,471,2023,0.0,0,396.8,0.0,0,0,0,1,0,0,0,0,0,0,0,1,1,1,1
111039,2403,2196,451,467,2026,0.0,0,396.8,0.0,0,0,0,1,0,0,0,0,0,0,0,1,1,1,1
111049,2402,2197,451,470,2026,0.0,0,397.1,0.0,0,0,0,1,0,0,0,0,0,0,0,1,1,1,1
111059,2397,2196,450,469,2026,0.0,0,397.1,0.0,0,0,0,1,0,0,0,0,0,0,0,1,1,1,1
111069,2401,2196,450,470,2025,0.0,0,396.8,0.0,0,0,0,1,0,0,0,0,0,0,0,1,1,1,1
111079,2402,2197,450,470,2025,0.0,0,396.4,0.0,0,0,0,1,0,0,0,0,0,0,0,1,1,1,1
111089,2401,2197,450,470,2026,0.0,0,397.1,0.0,0,0,0,1,0,0,0,0,0,0,0,1,1,1,1
111099,2396,2196,449,470,2026,0.0,0,397.1,0.0,0,0,0,1,0,0,0,0,0,0,0,1,1,1,1
111109,2402,2196,449,469,2025,0.0,0,397.1,0.0,0,0,0,1,0,0,0,0,0,0,0,1,1,1,1
111119,2401,2197,449,469,2025,0.0,0,396.9,0.0,0,0,0,1,0,0,0,0,0,0,0,1,1,1,1
111129,2403,2197,450,470,2026,0.0,0,396.7,0.0,0,0,0,1,0,0,0,0,0,0,0,1,1,1,1
111139,2403,2197,451,471,2026,0.0,0,396.9,0.0,0,0,0,1,0,0,0,0,0,0,0,1,1,1,1
111149,2400,2196,450,469,2026,0.0,0,396.9,0.0,0,0,0,1,0,0,0,0,0,0,0,1,1,1,1
111159,2403,2197,449,470,2025,0.0,0,396.9,0.0,0,0,0,1,0,0,0,0,0,0,0,1,1,1,1
111169,2402,2197,451,470,2025,0.0,0,396.8,0.0,0,0,0,1,0,0,0,0,0,0,0,1,1,1,1
111179,2402,2197,451,470,2026,0.0,0,396.8,0.0,0,0,0,1,0,0,0,0,0,0,0,1,1,1,1
111189,2402,2197,449,470,2026,0.0,0,396.3,0.0,0,0,0,1,0,0,0,0,0,0,0,1,1,1,1
111199,2402,2196,449,470,2017,0.0,0,397.2,0.0,0,0,0,1,0,0,0,0,0,0,0,1,1,1,1
111209,2402,2197,449,469,2016,0.0,0,396.8,0.0,0,0,0,1,0,0,0,0,0,0,0,1,1,1,1
111219,2402,2197,450,470,2017,0.0,0,396.8,0.0,0,0,0,1,0,0,0,0,0,0,0,1,1,1,1
111229,2402,2197,449,470,2017,0.0,0,396.9,0.0,0,0,0,1,0,0,0,0,0,0,0,1,1,1,1
111239,2403,2198,451,470,2017,0.0,0,396.9,0.0,0,0,0,1,0,0,0,0,0,0,0,1,1,1,1
111249,2404,2196,449,471,2018,0.0,0,396.8,0.0,0,0,0,1,0,0,0,0,0,0,0,1,1,1,1
111259,2402,2196,450,469,2016,0.0,0,396.8,0.0,0,0,0,1,0,0,0,0,0,0,0,1,1,1,1
111269,2402,2196,451,469,2017,0.0,0,396.4,0.0,0,0,0,1,0,0,0,0,0,0,0,1,1,1,1
111279,2405,2197,449,470,2017,0.0,0,396.4,0.0,0,0,0,1,0,0,0,0,0,0,0,1,1,1,1
111289,2402,2197,451,470,2016,0.0,0,396.9,0.0,0,0,0,1,0,0,0,0,0,0,0,1,1,1,1
111299,2400,2196,449,473,2017,0.0,0,396.9,0.0,0,0,0,1,0,0,0,0,0,0,0,1,1,1,1
111309,2402,2196,450,470,2017,0.0,0,396.9,0.0,0,0,0,1,0,0,0,0,0,0,0,1,1,1,1
111319,2403,2196,450,468,2016,0.0,0,396.0,0.0,0,0,0,1,0,0,0,0,0,0,0,1,1,1,1
111329,2401,2196,451,469,2027,0.0,0,396.2,0.0,0,0,0,1,0,0,0,0,0,0,0,1,1,1,1
111339,2402,2196,452,470,2026,0.0,0,396.2,0.0,0,0,0,1,0,0,0,0,0,0,0,1,1,1,1
111350,2403,2197,448,471,2026,0.0,0,396.9,0.0,0,0,0,1,0,0,0,0,0,0,0,1,1,1,1
111360,2401,2196,450,470,2026,0.0,0,396.8,0.0,0,0,0,1,0,0,0,0,0,0,0,1,1,1,1
111370,2402,2196,449,471,2026,0.0,0,396.8,0.0,0,0,0,1,0,0,0,0,0,0,0,1,1,1,1
111380,2402,2194,449,471,2026,0.0,0,396.4,0.0,0,0,0,1,0,0,0,0,0,0,0,1,1,1,1
111390,2402,2196,450,470,2029,0.0,0,396.5,0.0,0,0,0,1,0,0,0,0,0,0,0,1,1,1,1
111400,2401,2197,450,470,2027,0.0,0,396.5,0.0,0,0,0,1,0,0,0,0,0,0,0,1,1,1,1
111410,2402,2196,449,470,2026,0.0,0,397.2,0.0,0,0,0,1,0,0,0,0,0,0,0,1,1,1,1
111421,2402,2196,449,470,2026,0.0,0,396.9,0.0,0,0,0,1,0,0,0,0,0,0,0,1,1,1,1
111431,2401,2196,450,470,2026,0.0,0,396.9,0.0,0,0,0,1,0,0,0,0,0,0,0,1,1,1,1
111441,2402,2201,449,470,2026,0.0,0,396.8,0.0,0,0,0,1,0,0,0,0,0,0,0,1,1,1,1
111451,2401,2196,451,470,2026,0.0,0,397.1,0.0,0,0,0,1,0,0,0,0,0,0,0,1,1,1,1
111461,2402,2197,450,470,2027,0.0,0,397.1,0.0,0,0,0,1,0,0,0,0,0,0,0,1,1,1,1
111471,2403,2197,449,472,2027,0.0,0,396.3,0.0,0,0,0,1,0,0,0,0,0,0,0,1,1,1,1
111481,2402,2197,449,470,2026,0.0,0,397.0,0.0,0,0,0,1,0,0,0,0,0,0,0,1,1,1,1
111491,2403,2197,450,470,2026,0.0,0,397.0,0.0,0,0,0,1,0,0,0,0,0,0,0,1,1,1,1
111501,2400,2197,451,470,2018,0.0,0,396.7,0.0,0,0,0,1,0,0,0,0,0,0,0,1,1,1,1
111511,2404,2197,450,470,2017,0.0,0,396.3,0.0,0,0,0,1,0,0,0,0,0,0,0,1,1,1,1
111521,2402,2197,452,471,2017,0.0,0,396.3,0.0,0,0,0,1,0,0,0,0,0,0,0,1,1,1,1
111531,2402,2196,448,470,2017,0.0,0,396.8,0.0,0,0,0,1,0,0,0,0,0,0,0,1,1,1,1
111541,2403,2196,449,470,2017,0.0,0,396.9,0.0,0,0,0,1,0,0,0,0,0,0,0,1,1,1,1
111551,2400,2196,451,470,2017,0.0,0,396.9,0.0,0,0,0,1,0,0,0,0,0,0,0,1,1,1,1
111561,2402,2197,450,469,2018,0.0,0,397.0,0.0,0,0,0,1,0,0,0,0,0,0,0,1,1,1,1
111571,2402,2197,449,469,2017,0.0,0,396.4,0.0,0,0,0,1,0,0,0,0,0,0,0,1,1,1,1
111581,2401,2197,451,468,2018,0.0,0,396.4,0.0,0,0,0,1,0,0,0,0,0,0,0,1,1,1,1
111591,2402,2198,449,469,2017,0.0,0,396.5,0.0,0,0,0,1,0,0,0,0,0,0,0,1,1,1,1
111601,2403,2196,451,471,2017,0.0,0,397.2,0.0,0,0,0,1,0,0,0,0,0,0,0,1,1,1,1
111611,2402,2197,449,470,2017,0.0,0,397.2,0.0,0,0,0,1,0,0,0,0,0,0,0,1,1,1,1
111621,2402,2196,449,469,2017,0.0,0,396.7,0.0,0,0,0,1,0,0,0,0,0,0,0,1,1,1,1
111631,2402,2196,450,470,2025,0.0,0,396.7,0.0,0,0,0,1,0,0,0,0,0,0,0,1,1,1,1
111641,2402,2197,450,470,2027,0.0,0,396.7,0.0,0,0,0,1,0,0,0,0,0,0,0,1,1,1,1
111651,2402,2196,450,471,2026,0.0,0,397.1,0.0,0,0,0,1,0,0,0,0,0,0,0,1,1,1,1
111661,2402,2198,450,471,2026,0.0,0,396.2,0.0,0,0,0,1,0,0,0,0,0,0,0,1,1,1,1
111671,2402,2196,451,470,2026,0.0,0,396.2,0.0,0,0,0,1,0,0,0,0,0,0,0,1,1,1,1
111681,2403,2197,451,469,2027,0.0,0,396.7,0.0,0,0,0,1,0,0,0,0,0,0,0,1,1,1,1
111691,2401,2197,449,471,2027,0.0,0,397.0,0.0,0,0,0,1,0,0,0,0,0,0,0,1,1,1,1
111701,2402,2195,451,470,2027,0.0,0,396.9,0.0,0,0,0,1,0,0,0,0,0,0,0,1,1,1,1
111711,2401,2196,450,470,2026,0.0,0,396.7,0.0,0,0,0,1,0,0,0,0,0,0,0,1,1,1,1
111721,2402,2197,449,470,2025,0.0,0,397.0,0.0,0,0,0,1,0,0,0,0,0,0,0,1,1,1,1
111731,2400,2197,450,471,2026,0.0,0,397.0,0.0,0,0,0,1,0,0,0,0,0,0,0,1,1,1,1
111741,2402,2198,451,469,2026,0.0,0,396.7,0.0,0,0,0,1,0,0,0,0,0,0,0,1,1,1,1
111751,2402,2194,452,470,2026,0.0,0,397.4,0.0,0,0,0,1,0,0,0,0,0,0,0,1,1,1,1
111761,2401,2196,451,472,2027,0.0,0,397.4,0.0,0,0,0,1,0,0,0,0,0,0,0,1,1,1,1
111771,2402,2200,449,471,2027,0.0,0,396.8,0.0,0,0,0,1,0,0,0,0,0,0,0,1,1,1,1
111781,2404,2196,451,471,2026,0.0,0,397.2,0.0,0,0,0,1,0,0,0,0,0,0,0,1,1,1,1
111791,2402,2196,449,471,2026,0.0,0,397.2,0.0,0,0,0,1,0,0,0,0,0,0,0,1,1,1,1
111802,2402,2196,448,469,2017,0.0,0,396.8,0.0,0,0,0,1,0,0,0,0,0,0,0,1,1,1,1
111812,2402,2196,451,470,2016,0.0,0,396.8,0.0,0,0,0,1,0,0,0,0,0,0,0,1,1,1,1
111822,2401,2197,449,470,2017,0.0,0,396.7,0.0,0,0,0,1,0,0,0,0,0,0,0,1,1,1,1
111832,2401,2198,449,469,2017,0.0,0,396.5,0.0,0,0,0,1,0,0,0,0,0,0,0,1,1,1,1
111842,2402,2196,452,471,2017,0.0,0,396.5,0.0,0,0,0,1,0,0,0,0,0,0,0,1,1,1,1
111852,2402,2197,449,470,2017,0.0,0,397.0,0.0,0,0,0,1,0,0,0,0,0,0,0,1,1,1,1
111862,2402,2197,452,470,2017,0.0,0,397.0,0.0,0,0,0,1,0,0,0,0,0,0,0,1,1,1,1
111872,2403,2196,450,469,2015,0.0,0,397.0,0.0,0,0,0,1,0,0,0,0,0,0,0,1,1,1,1
111882,2402,2196,449,471,2017,0.0,0,396.2,0.0,0,0,0,1,0,0,0,0,0,0,0,1,1,1,1
111892,2399,2197,450,471,2017,0.0,0,397.0,0.0,0,0,0,1,0,0,0,0,0,0,0,1,1,1,1
111902,2402,2197,451,470,2017,0.0,0,397.0,0.0,0,0,0,1,0,0,0,0,0,0,0,1,1,1,1
111912,2401,2196,451,470,2015,0.0,0,397.0,0.0,0,0,0,1,0,0,0,0,0,0,0,1,1,1,1
111922,2402,2196,448,468,2017,0.0,0,396.2,0.0,0,0,0,1,0,0,0,0,0,0,0,1,1,1,1
111932,2405,2196,449,471,2026,0.0,0,396.2,0.0,0,0,0,1,0,0,0,0,0,0,0,1,1,1,1
111942,2400,2196,446,470,2026,0.0,0,396.1,0.0,0,0,0,1,0,0,0,0,0,0,0,1,1,1,1
111952,2402,2196,449,470,2026,0.0,0,396.7,0.0,0,0,0,1,0,0,0,0,0,0,0,1,1,1,1
111962,2401,2197,450,472,2026,0.0,0,396.7,0.0,0,0,0,1,0,0,0,0,0,0,0,1,1,1,1
111972,2403,2196,450,470,2026,0.0,0,396.5,0.0,0,0,0,1,0,0,0,0,0,0,0,1,1,1,1
111982,2402,2197,450,470,2027,0.0,0,396.8,0.0,0,0,0,1,0,0,0,0,0,0,0,1,1,1,1
111992,2401,2197,449,469,2026,0.0,0,396.7,0.0,0,0,0,1,0,0,0,0,0,0,0,1,1,1,1
112003,2403,2199,450,471,2029,0.0,0,397.0,0.0,0,0,0,1,0,0,0,0,0,0,0,1,1,1,1
112013,2402,2197,451,469,2026,0.0,0,397.0,0.0,0,0,0,1,0,0,0,0,0,0,0,1,1,1,1
112023,2402,2197,450,470,2026,0.0,0,396.8,0.0,0,0,0,1,0,0,0,0,0,0,0,1,1,1,1
112033,2402,2196,453,471,2026,0.0,0,396.3,0.0,0,0,0,1,0,0,0,0,0,0,0,1,1,1,1
112043,2402,2196,450,471,2026,0.0,0,397.0,0.0,0,0,0,1,0,0,0,0,0,0,0,1,1,1,1
112053,2402,2196,449,469,2026,0.0,0,397.6,0.0,0,0,0,1,0,0,0,0,0,0,0,1,1,1,1
112063,2402,2196,448,470,2026,0.0,0,397.5,0.0,0,0,0,1,0,0,0,0,0,0,0,1,1,1,1
112073,2402,2197,449,470,2026,0.0,0,397.5,0.0,0,0,0,1,0,0,0,0,0,0,0,1,1,1,1
112083,2402,2197,450,470,2027,0.0,0,397.3,0.0,0,0,0,1,0,0,0,0,0,0,0,1,1,1,1
112093,2402,2196,450,471,2026,0.0,0,396.3,0.0,0,0,0,1,0,0,0,0,0,0,0,1,1,1,1
112103,2402,2196,450,471,2016,0.0,0,397.0,0.0,0,0,0,1,0,0,0,0,0,0,0,1,1,1,1
112113,2401,2197,449,471,2017,0.0,0,396.3,0.0,0,0,0,1,0,0,0,0,0,0,0,1,1,1,1
112123,2402,2196,449,471,2017,0.0,0,396.7,0.0,0,0,0,1,0,0,0,0,0,0,0,1,1,1,1
112133,2402,2197,451,468,2017,0.0,0,396.7,0.0,0,0,0,1,0,0,0,0,0,0,0,1,1,1,1
112143,2402,2197,449,470,2016,0.0,0,396.3,0.0,0,0,0,1,0,0,0,0,0,0,0,1,1,1,1
112153,2403,2196,450,471,2017,0.0,0,397.4,0.0,0,0,0,1,0,0,0,0,0,0,0,1,1,1,1
112163,2402,2197,447,469,2016,0.0,0,397.0,0.0,0,0,0,1,0,0,0,0,0,0,0,1,1,1,1
112173,2403,2197,451,470,2017,0.0,0,397.1,0.0,0,0,0,1,0,0,0,0,0,0,0,1,1,1,1
112183,2404,2196,451,470,2017,0.0,0,396.5,0.0,0,0,0,1,0,0,0,0,0,0,0,1,1,1,1
112193,2403,2196,453,469,2017,0.0,0,396.5,0.0,0,0,0,1,0,0,0,0,0,0,0,1,1,1,1
112203,2400,2196,450,472,2016,0.0,0,396.4,0.0,0,0,0,1,0,0,0,0,0,0,0,1,1,1,1
112213,2402,2197,452,470,2017,0.0,0,396.9,0.0,0,0,0,1,0,0,0,0,0,0,0,1,1,1,1
112224,2403,2196,451,469,2017,0.0,0,397.1,0.0,0,0,0,1,0,0,0,0,0,0,0,1,1,1,1
112234,2403,2197,451,470,2026,0.0,0,396.9,0.0,0,0,0,1,0,0,0,0,0,0,0,1,1,1,1
112244,2402,2196,449,470,2026,0.0,0,396.8,0.0,0,0,0,1,0,0,0,0,0,0,0,1,1,1,1
112254,2401,2197,450,472,2027,0.0,0,397.2,0.0,0,0,0,1,0,0,0,0,0,0,0,1,1,1,1
112264,2402,2196,449,470,2026,0.0,0,397.2,0.0,0,0,0,1,0,0,0,0,0,0,0,1,1,1,1
112274,2402,2196,449,471,2026,0.0,0,397.3,0.0,0,0,0,1,0,0,0,0,0,0,0,1,1,1,1
112284,2401,2196,451,471,2026,0.0,0,397.2,0.0,0,0,0,1,0,0,0,0,0,0,0,1,1,1,1
112294,2402,2195,450,470,2027,0.0,0,396.8,0.0,0,0,0,1,0,0,0,0,0,0,0,1,1,1,1
112304,2401,2196,450,470,2027,0.0,0,396.4,0.0,0,0,0,1,0,0,0,0,0,0,0,1,1,1,1
112315,2403,2196,448,470,2026,0.0,0,396.8,0.0,0,0,0,1,0,0,0,0,0,0,0,1,1,1,1
112325,2402,2196,450,470,2026,0.0,0,396.8,0.0,0,0,0,1,0,0,0,0,0,0,0,1,1,1,1
112337,2401,2197,449,470,2026,0.0,0,397.2,0.0,0,0,0,1,0,0,0,0,0,0,0,1,1,1,1
112347,2401,2196,449,470,2026,0.0,0,396.2,0.0,0,0,0,1,0,0,0,0,0,0,0,1,1,1,1
112357,2401,2196,449,470,2026,0.0,0,396.8,0.0,0,0,0,1,0,0,0,0,0,0,0,1,1,1,1
112367,2402,2196,449,469,2026,0.0,0,396.5,0.0,0,0,0,1,0,0,0,0,0,0,0,1,1,1,1
112378,2401,2196,450,469,2026,0.0,0,396.5,0.0,0,0,0,1,0,0,0,0,0,0,0,1,1,1,1
112388,2402,2196,449,470,2026,0.0,0,397.4,0.0,0,0,0,1,0,0,0,0,0,0,0,1,1,1,1
112398,2403,2197,450,471,2026,0.0,0,397.4,0.0,0,0,0,1,0,0,0,0,0,0,0,1,1,1,1
112408,2402,2197,449,470,2017,0.0,0,397.3,0.0,0,0,0,1,0,0,0,0,0,0,0,1,1,1,1
112418,2402,2199,451,470,2017,0.0,0,395.9,0.0,0,0,0,1,0,0,0,0,0,0,0,1,1,1,1
112428,2401,2196,449,471,2017,0.0,0,396.8,0.0,0,0,0,1,0,0,0,0,0,0,0,1,1,1,1
112438,2401,2196,450,470,2018,0.0,0,396.8,0.0,0,0,0,1,0,0,0,0,0,0,0,1,1,1,1
112448,2402,2197,448,469,2020,0.0,0,396.5,0.0,0,0,0,1,0,0,0,0,0,0,0,1,1,1,1
112459,2403,2197,448,470,2017,0.0,0,397.5,0.0,0,0,0,1,0,0,0,0,0,0,0,1,1,1,1
112469,2402,2196,450,471,2017,0.0,0,397.5,0.0,0,0,0,1,0,0,0,0,0,0,0,1,1,1,1
112479,2402,2197,445,471,2017,0.0,0,396.7,0.0,0,0,0,1,0,0,0,0,0,0,0,1,1,1,1
112489,2402,2196,449,468,2017,0.0,0,397.0,0.0,0,0,0,1,0,0,0,0,0,0,0,1,1,1,1
112499,2399,2196,450,470,2017,0.0,0,396.8,0.0,0,0,0,1,0,0,0,0,0,0,0,1,1,1,1
112509,2402,2197,450,471,2017,0.0,0,397.1,0.0,0,0,0,1,0,0,0,0,0,0,0,1,1,1,1
112519,2402,2196,450,469,2017,0.0,0,397.1,0.0,0,0,0,1,0,0,0,0,0,0,0,1,1,1,1
112529,2402,2197,449,470,2017,0.0,0,397.1,0.0,0,0,0,1,0,0,0,0,0,0,0,1,1,1,1
112539,2405,2197,450,470,2024,0.0,0,397.2,0.0,0,0,0,1,0,0,0,0,0,0,0,1,1,1,1
112549,2401,2197,449,469,2027,0.0,0,396.3,0.0,0,0,0,1,0,0,0,0,0,0,0,1,1,1,1
112559,2401,2197,449,470,2028,0.0,0,396.7,0.0,0,0,0,1,0,0,0,0,0,0,0,1,1,1,1
112569,2401,2197,449,472,2026,0.0,0,396.9,0.0,0,0,0,1,0,0,0,0,0,0,0,1,1,1,1
112579,2403,2196,450,469,2026,0.0,0,397.4,0.0,0,0,0,1,0,0,0,0,0,0,0,1,1,1,1
112589,2401,2196,450,470,2026,0.0,0,397.4,0.0,0,0,0,1,0,0,0,0,0,0,0,1,1,1,1
112599,2402,2196,450,471,2027,0.0,0,397.2,0.0,0,0,0,1,0,0,0,0,0,0,0,1,1,1,1
112609,2402,2197,451,469,2026,0.0,0,396.2,0.0,0,0,0,1,0,0,0,0,0,0,0,1,1,1,1
112619,2401,2196,451,470,2026,0.0,0,396.5,0.0,0,0,0,1,0,0,0,0,0,0,0,1,1,1,1
112629,2402,2197,450,471,2026,0.0,0,396.9,0.0,0,0,0,1,0,0,0,0,0,0,0,1,1,1,1
112639,2403,2196,449,470,2027,0.0,0,396.3,0.0,0,0,0,1,0,0,0,0,0,0,0,1,1,1,1
112649,2402,2196,449,469,2026,0.0,0,396.3,0.0,0,0,0,1,0,0,0,0,0,0,0,1,1,1,1
112659,2401,2197,449,470,2026,0.0,0,396.3,0.0,0,0,0,1,0,0,0,0,0,0,0,1,1,1,1
112669,2402,2197,450,471,2026,0.0,0,396.5,0.0,0,0,0,1,0,0,0,0,0,0,0,1,1,1,1
112679,2402,2197,449,469,2026,0.0,0,396.8,0.0,0,0,0,1,0,0,0,0,0,0,0,1,1,1,1
112689,2401,2196,448,470,2026,0.0,0,396.0,0.0,0,0,0,1,0,0,0,0,0,0,0,1,1,1,1
112699,2403,2196,451,471,2026,0.0,0,397.6,0.0,0,0,0,1,0,0,0,0,0,0,0,1,1,1,1
112709,2406,2197,450,469,2016,0.0,0,397.6,0.0,0,0,0,1,0,0,0,0,0,0,0,1,1,1,1
112719,2406,2196,450,469,2017,0.0,0,396.2,0.0,0,0,0,1,0,0,0,0,0,0,0,1,1,1,1
112729,2399,2196,450,469,2018,0.0,0,396.9,0.0,0,0,0,1,0,0,0,0,0,0,0,1,1,1,1
112739,2401,2197,449,470,2017,0.0,0,396.0,0.0,0,0,0,1,0,0,0,0,0,0,0,1,1,1,1
112749,2403,2197,451,471,2017,0.0,0,396.8,0.0,0,0,0,1,0,0,0,0,0,0,0,1,1,1,1
112759,2404,2196,450,469,2017,0.0,0,396.4,0.0,0,0,0,1,0,0,0,0,0,0,0,1,1,1,1
112769,2400,2196,449,469,2018,0.0,0,396.4,0.0,0,0,0,1,0,0,0,0,0,0,0,1,1,1,1
112779,2401,2197,449,470,2017,0.0,0,396.8,0.0,0,0,0,1,0,0,0,0,0,0,0,1,1,1,1
112789,2402,2196,449,470,2016,0.0,0,397.0,0.0,0,0,0,1,0,0,0,0,0,0,0,1,1,1,1
112799,2401,2197,449,469,2017,0.0,0,397.2,0.0,0,0,0,1,0,0,0,0,0,0,0,1,1,1,1
112809,2402,2197,450,470,2017,0.0,0,396.8,0.0,0,0,0,1,0,0,0,0,0,0,0,1,1,1,1
112819,2403,2196,448,471,2017,0.0,0,397.3,0.0,0,0,0,1,0,0,0,0,0,0,0,1,1,1,1
112829,2401,2197,449,469,2016,0.0,0,397.3,0.0,0,0,0,1,0,0,0,0,0,0,0,1,1,1,1
112839,2403,2197,449,470,2026,0.0,0,396.7,0.0,0,0,0,1,0,0,0,0,0,0,0,1,1,1,1
112849,2402,2196,450,469,2025,0.0,0,396.9,0.0,0,0,0,1,0,0,0,0,0,0,0,1,1,1,1
112859,2400,2196,449,470,2026,0.0,0,396.7,0.0,0,0,0,1,0,0,0,0,0,0,0,1,1,1,1
112869,2402,2197,449,470,2026,0.0,0,396.9,0.0,0,0,0,1,0,0,0,0,0,0,0,1,1,1,1
112879,2402,2197,452,472,2027,0.0,0,396.1,0.0,0,0,0,1,0,0,0,0,0,0,0,1,1,1,1
112889,2401,2197,450,469,2026,0.0,0,396.1,0.0,0,0,0,1,0,0,0,0,0,0,0,1,1,1,1
112899,2402,2197,449,470,2026,0.0,0,397.0,0.0,0,0,0,1,0,0,0,0,0,0,0,1,1,1,1
112909,2399,2196,448,471,2026,0.0,0,397.2,0.0,0,0,0,1,0,0,0,0,0,0,0,1,1,1,1
112919,2398,2196,451,471,2026,0.0,0,397.3,0.0,0,0,0,1,0,0,0,0,0,0,0,1,1,1,1
112929,2402,2196,451,467,2026,0.0,0,396.7,0.0,0,0,0,1,0,0,0,0,0,0,0,1,1,1,1
112939,2402,2196,449,471,2026,0.0,0,396.7,0.0,0,0,0,1,0,0,0,0,0,0,0,1,1,1,1
112949,2402,2196,450,470,2026,0.0,0,396.7,0.0,0,0,0,1,0,0,0,0,0,0,0,1,1,1,1
112959,2402,2196,451,470,2025,0.0,0,397.5,0.0,0,0,0,1,0,0,0,0,0,0,0,1,1,1,1
112969,2402,2197,451,468,2026,0.0,0,396.5,0.0,0,0,0,1,0,0,0,0,0,0,0,1,1,1,1
112979,2401,2197,450,470,2026,0.0,0,397.1,0.0,0,0,0,1,0,0,0,0,0,0,0,1,1,1,1
112989,2402,2197,449,470,2026,0.0,0,397.4,0.0,0,0,0,1,0,0,0,0,0,0,0,1,1,1,1
112999,2403,2196,450,469,2026,0.0,0,397.1,0.0,0,0,0,1,0,0,0,0,0,0,0,1,1,1,1
113009,2401,2194,450,470,2017,0.0,0,397.1,0.0,0,0,0,1,0,0,0,0,0,0,0,1,1,1,1
113019,2402,2196,449,472,2017,0.0,0,396.8,0.0,0,0,0,1,0,0,0,0,0,0,0,1,1,1,1
113029,2402,2195,451,471,2017,0.0,0,396.4,0.0,0,0,0,1,0,0,0,0,0,0,0,1,1,1,1
113039,2402,2196,449,471,2017,0.0,0,397.1,0.0,0,0,0,1,0,0,0,0,0,0,0,1,1,1,1
113049,2402,2196,450,470,2017,0.0,0,397.2,0.0,0,0,0,1,0,0,0,0,0,0,0,1,1,1,1
113059,2403,2199,450,470,2016,0.0,0,396.9,0.0,0,0,0,1,0,0,0,0,0,0,0,1,1,1,1
113069,2402,2196,449,470,2017,0.0,0,396.9,0.0,0,0,0,1,0,0,0,0,0,0,0,1,1,1,1
113079,2402,2196,450,471,2017,0.0,0,396.8,0.0,0,0,0,1,0,0,0,0,0,0,0,1,1,1,1
113089,2402,2196,451,470,2017,0.0,0,397.4,0.0,0,0,0,1,0,0,0,0,0,0,0,1,1,1,1
113099,2406,2196,450,470,2017,0.0,0,396.3,0.0,0,0,0,1,0,0,0,0,0,0,0,1,1,1,1
113109,2402,2197,449,470,2017,0.0,0,396.2,0.0,0,0,0,1,0,0,0,0,0,0,0,1,1,1,1
113119,2401,2197,452,472,2017,0.0,0,396.8,0.0,0,0,0,1,0,0,0,0,0,0,0,1,1,1,1
113129,2401,2196,448,470,2017,0.0,0,396.8,0.0,0,0,0,1,0,0,0,0,0,0,0,1,1,1,1
113139,2402,2196,450,469,2026,0.0,0,396.8,0.0,0,0,0,1,0,0,0,0,0,0,0,1,1,1,1
113149,2402,2196,450,470,2027,0.0,0,397.2,0.0,0,0,0,1,0,0,0,0,0,0,0,1,1,1,1
113159,2405,2196,449,469,2026,0.0,0,397.0,0.0,0,0,0,1,0,0,0,0,0,0,0,1,1,1,1
113169,2401,2196,450,470,2027,0.0,0,396.4,0.0,0,0,0,1,0,0,0,0,0,0,0,1,1,1,1
113179,2402,2196,449,471,2026,0.0,0,396.7,0.0,0,0,0,1,0,0,0,0,0,0,0,1,1,1,1
113189,2405,2196,451,470,2026,0.0,0,396.7,0.0,0,0,0,1,0,0,0,0,0,0,0,1,1,1,1
113199,2400,2198,451,470,2026,0.0,0,396.1,0.0,0,0,0,1,0,0,0,0,0,0,0,1,1,1,1
113209,2403,2197,449,467,2026,0.0,0,396.4,0.0,0,0,0,1,0,0,0,0,0,0,0,1,1,1,1
113219,2402,2197,449,470,2026,0.0,0,396.9,0.0,0,0,0,1,0,0,0,0,0,0,0,1,1,1,1
113229,2401,2196,449,470,2027,0.0,0,397.2,0.0,0,0,0,1,0,0,0,0,0,0,0,1,1,1,1
113239,2402,2197,450,470,2026,0.0,0,397.2,0.0,0,0,0,1,0,0,0,0,0,0,0,1,1,1,1
113249,2403,2197,450,471,2026,0.0,0,397.2,0.0,0,0,0,1,0,0,0,0,0,0,0,1,1,1,1
113259,2402,2197,449,471,2027,0.0,0,397.4,0.0,0,0,0,1,0,0,0,0,0,0,0,1,1,1,1
113269,2402,2196,449,468,2023,0.0,0,396.9,0.0,0,0,0,1,0,0,0,0,0,0,0,1,1,1,1
113279,2401,2197,450,469,2025,0.0,0,396.9,0.0,0,0,0,1,0,0,0,0,0,0,0,1,1,1,1
113289,2402,2196,450,471,2027,0.0,0,396.9,0.0,0,0,0,1,0,0,0,0,0,0,0,1,1,1,1
113299,2402,2196,449,471,2026,0.0,0,396.7,0.0,0,0,0,1,0,0,0,0,0,0,0,1,1,1,1
113309,2402,2196,449,469,2017,0.0,0,396.7,0.0,0,0,0,1,0,0,0,0,0,0,0,1,1,1,1
113319,2402,2193,447,469,2017,0.0,0,396.4,0.0,0,0,0,1,0,0,0,0,0,0,0,1,1,1,1
113329,2398,2196,450,470,2015,0.0,0,396.8,0.0,0,0,0,1,0,0,0,0,0,0,0,1,1,1,1
113339,2400,2196,450,470,2016,0.0,0,397.4,0.0,0,0,0,1,0,0,0,0,0,0,0,1,1,1,1
113349,2402,2197,449,470,2016,0.0,0,397.2,0.0,0,0,0,1,0,0,0,0,0,0,0,1,1,1,1
113359,2401,2196,449,470,2017,0.0,0,396.9,0.0,0,0,0,1,0,0,0,0,0,0,0,1,1,1,1
113369,2398,2196,452,471,2018,0.0,0,396.9,0.0,0,0,0,1,0,0,0,0,0,0,0,1,1,1,1
113379,2402,2196,448,470,2015,0.0,0,396.8,0.0,0,0,0,1,0,0,0,0,0,0,0,1,1,1,1
113389,2401,2196,451,470,2017,0.0,0,397.0,0.0,0,0,0,1,0,0,0,0,0,0,0,1,1,1,1
113399,2402,2196,450,470,2016,0.0,0,396.5,0.0,0,0,0,1,0,0,0,0,0,0,0,1,1,1,1
113409,2400,2199,450,470,2015,0.0,0,396.8,0.0,0,0,0,1,0,0,0,0,0,0,0,1,1,1,1
113419,2403,2196,450,471,2017,0.0,0,397.3,0.0,0,0,0,1,0,0,0,0,0,0,0,1,1,1,1
113429,2402,2196,449,470,2017,0.0,0,397.3,0.0,0,0,0,1,0,0,0,0,0,0,0,1,1,1,1
113439,2400,2197,449,471,2019,0.0,0,396.8,0.0,0,0,0,1,0,0,0,0,0,0,0,1,1,1,1
113449,2401,2197,451,472,2024,0.0,0,396.7,0.0,0,0,0,1,0,0,0,0,0,0,0,1,1,1,1
113459,2399,2196,448,470,2025,0.0,0,396.9,0.0,0,0,0,1,0,0,0,0,0,0,0,1,1,1,1
113469,2402,2196,450,470,2025,0.0,0,396.4,0.0,0,0,0,1,0,0,0,0,0,0,0,1,1,1,1
113479,2402,2196,449,470,2026,0.0,0,396.8,0.0,0,0,0,1,0,0,0,0,0,0,0,1,1,1,1
113489,2403,2194,449,471,2027,0.0,0,396.8,0.0,0,0,0,1,0,0,0,0,0,0,0,1,1,1,1
113499,2402,2197,449,470,2026,0.0,0,397.4,0.0,0,0,0,1,0,0,0,0,0,0,0,1,1,1,1
113509,2402,2197,449,467,2027,0.0,0,396.4,0.0,0,0,0,1,0,0,0,0,0,0,0,1,1,1,1
113519,2402,2196,450,469,2026,0.0,0,397.3,0.0,0,0,0,1,0,0,0,0,0,0,0,1,1,1,1
113529,2402,2197,451,470,2026,0.0,0,396.7,0.0,0,0,0,1,0,0,0,0,0,0,0,1,1,1,1
113539,2402,2196,449,470,2026,0.0,0,396.4,0.0,0,0,0,1,0,0,0,0,0,0,0,1,1,1,1
113549,2400,2197,450,470,2026,0.0,0,396.4,0.0,0,0,0,1,0,0,0,0,0,0,0,1,1,1,1
113559,2401,2196,449,470,2026,0.0,0,396.5,0.0,0,0,0,1,0,0,0,0,0,0,0,1,1,1,1
113569,2402,2197,451,470,2025,0.0,0,397.2,0.0,0,0,0,1,0,0,0,0,0,0,0,1,1,1,1
113579,2402,2197,449,471,2025,0.0,0,396.3,0.0,0,0,0,1,0,0,0,0,0,0,0,1,1,1,1
113589,2401,2196,450,470,2027,0.0,0,396.9,0.0,0,0,0,1,0,0,0,0,0,0,0,1,1,1,1
113600,2401,2196,449,470,2026,0.0,0,396.2,0.0,0,0,0,1,0,0,0,0,0,0,0,1,1,1,1
113610,2402,2196,450,470,2017,0.0,0,396.2,0.0,0,0,0,1,0,0,0,0,0,0,0,1,1,1,1
113620,2401,2196,450,470,2019,0.0,0,396.9,0.0,0,0,0,1,0,0,0,0,0,0,0,1,1,1,1
113630,2402,2197,450,470,2017,0.0,0,396.9,0.0,0,0,0,1,0,0,0,0,0,0,0,1,1,1,1
113640,2401,2197,449,471,2017,0.0,0,397.2,0.0,0,0,0,1,0,0,0,0,0,0,0,1,1,1,1
113650,2402,2197,449,472,2017,0.0,0,396.3,0.0,0,0,0,1,0,0,0,0,0,0,0,1,1,1,1
113660,2402,2196,449,469,2015,0.0,0,396.5,0.0,0,0,0,1,0,0,0,0,0,0,0,1,1,1,1
113671,2403,2196,450,468,2017,0.0,0,397.4,0.0,0,0,0,1,0,0,0,0,0,0,0,1,1,1,1
113681,2402,2195,449,469,2017,0.0,0,397.4,0.0,0,0,0,1,0,0,0,0,0,0,0,1,1,1,1
113691,2402,2198,450,470,2017,0.0,0,396.5,0.0,0,0,0,1,0,0,0,0,0,0,0,1,1,1,1
113701,2401,2196,449,471,2018,0.0,0,396.5,0.0,0,0,0,1,0,0,0,0,0,0,0,1,1,1,1
113711,2405,2196,450,470,2018,0.0,0,396.8,0.0,0,0,0,1,0,0,0,0,0,0,0,1,1,1,1
113721,2402,2196,450,471,2017,0.0,0,397.2,0.0,0,0,0,1,0,0,0,0,0,0,0,1,1,1,1
113731,2404,2196,450,472,2017,0.0,0,396.9,0.0,0,0,0,1,0,0,0,0,0,0,0,1,1,1,1
113741,2402,2197,448,470,2017,0.0,0,396.9,0.0,0,0,0,1,0,0,0,0,0,0,0,1,1,1,1
113751,2403,2196,450,470,2027,0.0,0,396.9,0.0,0,0,0,1,0,0,0,0,0,0,0,1,1,1,1
113761,2402,2197,450,470,2027,0.0,0,397.7,0.0,0,0,0,1,0,0,0,0,0,0,0,1,1,1,1
113771,2402,2196,450,470,2026,0.0,0,396.7,0.0,0,0,0,1,0,0,0,0,0,0,0,1,1,1,1
113781,2402,2196,450,471,2029,0.0,0,397.1,0.0,0,0,0,1,0,0,0,0,0,0,0,1,1,1,1
113791,2403,2196,449,469,2027,0.0,0,396.5,0.0,0,0,0,1,0,0,0,0,0,0,0,1,1,1,1
113801,2402,2196,453,470,2026,0.0,0,396.5,0.0,0,0,0,1,0,0,0,0,0,0,0,1,1,1,1
113811,2402,2196,450,469,2027,0.0,0,397.4,0.0,0,0,0,1,0,0,0,0,0,0,0,1,1,1,1
113821,2402,2196,450,470,2027,0.0,0,396.8,0.0,0,0,0,1,0,0,0,0,0,0,0,1,1,1,1
113831,2400,2197,450,469,2027,0.0,0,397.7,0.0,0,0,0,1,0,0,0,0,0,0,0,1,1,1,1
113841,2401,2196,450,472,2027,0.0,0,397.0,0.0,0,0,0,1,0,0,0,0,0,0,0,1,1,1,1
113851,2402,2196,449,470,2026,0.0,0,396.5,0.0,0,0,0,1,0,0,0,0,0,0,0,1,1,1,1
113861,2401,2196,449,470,2027,0.0,0,396.5,0.0,0,0,0,1,0,0,0,0,0,0,0,1,1,1,1
113871,2402,2197,450,469,2027,0.0,0,396.4,0.0,0,0,0,1,0,0,0,0,0,0,0,1,1,1,1
113881,2400,2196,450,469,2026,0.0,0,396.5,0.0,0,0,0,1,0,0,0,0,0,0,0,1,1,1,1
113891,2402,2198,450,470,2027,0.0,0,396.5,0.0,0,0,0,1,0,0,0,0,0,0,0,1,1,1,1
113901,2402,2197,450,471,2026,0.0,0,396.5,0.0,0,0,0,1,0,0,0,0,0,0,0,1,1,1,1
113911,2403,2199,449,468,2016,0.0,0,396.7,0.0,0,0,0,1,0,0,0,0,0,0,0,1,1,1,1
113921,2403,2197,450,470,2017,0.0,0,396.7,0.0,0,0,0,1,0,0,0,0,0,0,0,1,1,1,1
113931,2401,2197,450,470,2018,0.0,0,396.8,0.0,0,0,0,1,0,0,0,0,0,0,0,1,1,1,1
113941,2402,2197,447,471,2018,0.0,0,396.7,0.0,0,0,0,1,0,0,0,0,0,0,0,1,1,1,1
113951,2402,2196,450,469,2018,0.0,0,396.8,0.0,0,0,0,1,0,0,0,0,0,0,0,1,1,1,1
113961,2404,2196,447,470,2017,0.0,0,397.1,0.0,0,0,0,1,0,0,0,0,0,0,0,1,1,1,1
113971,2402,2196,449,471,2017,0.0,0,397.0,0.0,0,0,0,1,0,0,0,0,0,0,0,1,1,1,1
113981,2405,2196,448,472,2017,0.0,0,397.0,0.0,0,0,0,1,0,0,0,0,0,0,0,1,1,1,1
113991,2402,2198,449,471,2017,0.0,0,396.0,0.0,0,0,0,1,0,0,0,0,0,0,0,1,1,1,1
114001,2403,2196,450,470,2017,0.0,0,396.2,0.0,0,0,0,1,0,0,0,0,0,0,0,1,1,1,1
114011,2402,2196,449,470,2015,0.0,0,396.9,0.0,0,0,0,1,0,0,0,0,0,0,0,1,1,1,1
114021,2403,2197,449,470,2017,0.0,0,396.9,0.0,0,0,0,1,0,0,0,0,0,0,0,1,1,1,1
114031,2399,2197,450,473,2017,0.0,0,396.3,0.0,0,0,0,1,0,0,0,0,0,0,0,1,1,1,1
114041,2402,2196,450,470,2017,0.0,0,396.3,0.0,0,0,0,1,0,0,0,0,0,0,0,1,1,1,1
114051,2402,2198,449,469,2028,0.0,0,396.8,0.0,0,0,0,1,0,0,0,0,0,0,0,1,1,1,1
114061,2401,2197,449,471,2026,0.0,0,396.2,0.0,0,0,0,1,0,0,0,0,0,0,0,1,1,1,1
114071,2402,2196,449,469,2028,0.0,0,397.2,0.0,0,0,0,1,0,0,0,0,0,0,0,1,1,1,1
114081,2400,2196,450,470,2026,0.0,0,396.5,0.0,0,0,0,1,0,0,0,0,0,0,0,1,1,1,1
114091,2401,2197,451,470,2027,0.0,0,396.5,0.0,0,0,0,1,0,0,0,0,0,0,0,1,1,1,1
114101,2401,2196,449,470,2027,0.0,0,396.5,0.0,0,0,0,1,0,0,0,0,0,0,0,1,1,1,1
114111,2402,2197,449,471,2027,0.0,0,396.7,0.0,0,0,0,1,0,0,0,0,0,0,0,1,1,1,1
114121,2402,2196,450,471,2027,0.0,0,396.7,0.0,0,0,0,1,0,0,0,0,0,0,0,1,1,1,1
114131,2402,2197,450,471,2027,0.0,0,396.5,0.0,0,0,0,1,0,0,0,0,0,0,0,1,1,1,1
114141,2402,2196,450,470,2027,0.0,0,397.5,0.0,0,0,0,1,0,0,0,0,0,0,0,1,1,1,1
114151,2400,2196,451,470,2026,0.0,0,396.7,0.0,0,0,0,1,0,0,0,0,0,0,0,1,1,1,1
114161,2402,2197,450,469,2026,0.0,0,396.7,0.0,0,0,0,1,0,0,0,0,0,0,0,1,1,1,1
114171,2402,2197,450,474,2026,0.0,0,397.1,0.0,0,0,0,1,0,0,0,0,0,0,0,1,1,1,1
114181,2402,2200,449,471,2028,0.0,0,396.7,0.0,0,0,0,1,0,0,0,0,0,0,0,1,1,1,1
114191,2402,2197,449,470,2027,0.0,0,397.0,0.0,0,0,0,1,0,0,0,0,0,0,0,1,1,1,1
114201,2399,2197,450,470,2026,0.0,0,396.5,0.0,0,0,0,1,0,0,0,0,0,0,0,1,1,1,1
114211,2402,2196,450,470,2026,0.0,0,396.3,0.0,0,0,0,1,0,0,0,0,0,0,0,1,1,1,1
114221,2402,2197,450,470,2017,0.0,0,396.3,0.0,0,0,0,1,0,0,0,0,0,0,0,1,1,1,1
114231,2399,2196,450,469,2017,0.0,0,396.8,0.0,0,0,0,1,0,0,0,0,0,0,0,1,1,1,1
114241,2402,2196,451,471,2017,0.0,0,397.7,0.0,0,0,0,1,0,0,0,0,0,0,0,1,1,1,1
114251,2402,2197,450,470,2018,0.0,0,396.5,0.0,0,0,0,1,0,0,0,0,0,0,0,1,1,1,1
114261,2402,2197,450,471,2016,0.0,0,397.1,0.0,0,0,0,1,0,0,0,0,0,0,0,1,1,1,1
114271,2401,2196,449,470,2017,0.0,0,396.7,0.0,0,0,0,1,0,0,0,0,0,0,0,1,1,1,1
114290,2401,2195,450,470,2016,0.0,0,396.7,0.0,0,0,0,1,0,0,0,0,0,0,0,1,1,1,1
114300,2399,2196,450,471,2017,0.0,0,396.9,0.0,0,0,0,1,0,0,0,0,0,0,0,1,1,1,1
114310,2401,2196,450,471,2016,0.0,0,396.9,0.0,0,0,0,1,0,0,0,0,0,0,0,1,1,1,1
114320,2402,2196,449,469,2016,0.0,0,397.6,0.0,0,0,0,1,0,0,0,0,0,0,0,1,1,1,1
114330,2402,2197,450,469,2017,0.0,0,397.6,0.0,0,0,0,1,0,0,0,0,0,0,0,1,1,1,1
114340,2402,2198,450,469,2017,0.0,0,396.7,0.0,0,0,0,1,0,0,0,0,0,0,0,1,1,1,1
114350,2402,2196,451,470,2026,0.0,0,396.8,0.0,0,0,0,1,0,0,0,0,0,0,0,1,1,1,1
114360,2401,2196,451,470,2023,0.0,0,396.8,0.0,0,0,0,1,0,0,0,0,0,0,0,1,1,1,1
114370,2400,2197,449,470,2026,0.0,0,396.7,0.0,0,0,0,1,0,0,0,0,0,0,0,1,1,1,1
114380,2401,2196,450,471,2026,0.0,0,396.3,0.0,0,0,0,1,0,0,0,0,0,0,0,1,1,1,1
114390,2401,2196,450,471,2026,0.0,0,396.1,0.0,0,0,0,1,0,0,0,0,0,0,0,1,1,1,1
114400,2401,2196,450,471,2026,0.0,0,396.1,0.0,0,0,0,1,0,0,0,0,0,0,0,1,1,1,1
114410,2402,2197,450,470,2026,0.0,0,397.0,0.0,0,0,0,1,0,0,0,0,0,0,0,1,1,1,1
114420,2401,2196,450,470,2026,0.0,0,396.8,0.0,0,0,0,1,0,0,0,0,0,0,0,1,1,1,1
114430,2402,2196,450,470,2026,0.0,0,396.4,0.0,0,0,0,1,0,0,0,0,0,0,0,1,1,1,1
114440,2402,2196,449,470,2026,0.0,0,396.7,0.0,0,0,0,1,0,0,0,0,0,0,0,1,1,1,1
114450,2402,2196,450,472,2026,0.0,0,396.7,0.0,0,0,0,1,0,0,0,0,0,0,0,1,1,1,1
114460,2402,2197,450,470,2026,0.0,0,396.8,0.0,0,0,0,1,0,0,0,0,0,0,0,1,1,1,1
114470,2401,2196,449,468,2026,0.0,0,397.3,0.0,0,0,0,1,0,0,0,0,0,0,0,1,1,1,1
114480,2401,2197,447,470,2026,0.0,0,397.0,0.0,0,0,0,1,0,0,0,0,0,0,0,1,1,1,1
114490,2402,2194,450,470,2026,0.0,0,397.6,0.0,0,0,0,1,0,0,0,0,0,0,0,1,1,1,1
114500,2403,2196,450,471,2026,0.0,0,396.9,0.0,0,0,0,1,0,0,0,0,0,0,0,1,1,1,1
114510,2402,2197,450,470,2026,0.0,0,396.3,0.0,0,0,0,1,0,0,0,0,0,0,0,1,1,1,1
114520,2401,2197,449,470,2018,0.0,0,396.3,0.0,0,0,0,1,0,0,0,0,0,0,0,1,1,1,1
114530,2402,2198,451,470,2017,0.0,0,396.8,0.0,0,0,0,1,0,0,0,0,0,0,0,1,1,1,1
114540,2402,2197,450,471,2017,0.0,0,397.2,0.0,0,0,0,1,0,0,0,0,0,0,0,1,1,1,1
114550,2401,2197,450,470,2017,0.0,0,397.1,0.0,0,0,0,1,0,0,0,0,0,0,0,1,1,1,1
114560,2403,2196,449,469,2017,0.0,0,396.2,0.0,0,0,0,1,0,0,0,0,0,0,0,1,1,1,1
114570,2402,2197,451,469,2017,0.0,0,396.2,0.0,0,0,0,1,0,0,0,0,0,0,0,1,1,1,1
114580,2404,2197,450,470,2017,0.0,0,396.8,0.0,0,0,0,1,0,0,0,0,0,0,0,1,1,1,1
114590,2402,2197,450,470,2017,0.0,0,396.4,0.0,0,0,0,1,0,0,0,0,0,0,0,1,1,1,1
114600,2399,2196,450,471,2016,0.0,0,396.9,0.0,0,0,0,1,0,0,0,0,0,0,0,1,1,1,1
114610,2402,2196,450,471,2016,0.0,0,396.5,0.0,0,0,0,1,0,0,0,0,0,0,0,1,1,1,1
114620,2398,2196,451,471,2016,0.0,0,396.2,0.0,0,0,0,1,0,0,0,0,0,0,0,1,1,1,1
114630,2402,2197,451,470,2017,0.0,0,396.2,0.0,0,0,0,1,0,0,0,0,0,0,0,1,1,1,1
114640,2402,2197,450,471,2016,0.0,0,396.5,0.0,0,0,0,1,0,0,0,0,0,0,0,1,1,1,1
114650,2402,2197,450,468,2026,0.0,0,396.7,0.0,0,0,0,1,0,0,0,0,0,0,0,1,1,1,1
114660,2402,2197,450,469,2026,0.0,0,397.1,0.0,0,0,0,1,0,0,0,0,0,0,0,1,1,1,1
114670,2401,2196,449,470,2025,0.0,0,397.2,0.0,0,0,0,1,0,0,0,0,0,0,0,1,1,1,1
114680,2404,2196,450,469,2028,0.0,0,397.2,0.0,0,0,0,1,0,0,0,0,0,0,0,1,1,1,1
114691,2404,2197,451,471,2026,0.0,0,397.0,0.0,0,0,0,1,0,0,0,0,0,0,0,1,1,1,1
114701,2401,2197,449,466,2026,0.0,0,397.0,0.0,0,0,0,1,0,0,0,0,0,0,0,1,1,1,1
114711,2401,2197,450,470,2026,0.0,0,396.7,0.0,0,0,0,1,0,0,0,0,0,0,0,1,1,1,1
114721,2402,2198,450,470,2027,0.0,0,396.7,0.0,0,0,0,1,0,0,0,0,0,0,0,1,1,1,1
114731,2401,2196,450,469,2026,0.0,0,396.7,0.0,0,0,0,1,0,0,0,0,0,0,0,1,1,1,1
114741,2400,2196,452,469,2029,0.0,0,396.7,0.0,0,0,0,1,0,0,0,0,0,0,0,1,1,1,1
114751,2403,2196,448,470,2026,0.0,0,397.2,0.0,0,0,0,1,0,0,0,0,0,0,0,1,1,1,1
114761,2403,2196,449,470,2026,0.0,0,397.2,0.0,0,0,0,1,0,0,0,0,0,0,0,1,1,1,1
114771,2402,2196,452,468,2026,0.0,0,397.1,0.0,0,0,0,1,0,0,0,0,0,0,0,1,1,1,1
114781,2402,2196,449,470,2027,0.0,0,397.2,0.0,0,0,0,1,0,0,0,0,0,0,0,1,1,1,1
114791,2402,2196,450,471,2026,0.0,0,396.9,0.0,0,0,0,1,0,0,0,0,0,0,0,1,1,1,1
114801,2402,2197,450,470,2027,0.0,0,397.1,0.0,0,0,0,1,0,0,0,0,0,0,0,1,1,1,1
114811,2402,2196,449,471,2023,0.0,0,397.0,0.0,0,0,0,1,0,0,0,0,0,0,0,1,1,1,1
114821,2403,2197,449,470,2017,0.0,0,397.0,0.0,0,0,0,1,0,0,0,0,0,0,0,1,1,1,1
114831,2402,2197,449,472,2018,0.0,0,396.7,0.0,0,0,0,1,0,0,0,0,0,0,0,1,1,1,1
114841,2402,2197,466,470,2015,0.0,0,397.5,0.0,0,0,0,1,0,0,0,0,0,0,0,1,1,1,1
114851,2403,2197,448,471,2018,0.0,0,396.7,0.0,0,0,0,1,0,0,0,0,0,0,0,1,1,1,1
114861,2403,2199,450,470,2018,0.0,0,397.5,0.0,0,0,0,1,0,0,0,0,0,0,0,1,1,1,1
114871,2401,2197,449,470,2017,0.0,0,396.9,0.0,0,0,0,1,0,0,0,0,0,0,0,1,1,1,1
114881,2402,2197,450,471,2017,0.0,0,396.9,0.0,0,0,0,1,0,0,0,0,0,0,0,1,1,1,1
114891,2401,2196,450,471,2017,0.0,0,396.8,0.0,0,0,0,1,0,0,0,0,0,0,0,1,1,1,1
114901,2404,2196,452,471,2014,0.0,0,397.7,0.0,0,0,0,1,0,0,0,0,0,0,0,1,1,1,1
114911,2404,2197,450,470,2018,0.0,0,396.9,0.0,0,0,0,1,0,0,0,0,0,0,0,1,1,1,1
114921,2402,2197,450,472,2018,0.0,0,397.0,0.0,0,0,0,1,0,0,0,0,0,0,0,1,1,1,1
114931,2401,2197,449,470,2018,0.0,0,397.0,0.0,0,0,0,1,0,0,0,0,0,0,0,1,1,1,1
114941,2401,2196,449,471,2016,0.0,0,397.0,0.0,0,0,0,1,0,0,0,0,0,0,0,1,1,1,1
114951,2401,2196,449,469,2025,0.0,0,396.8,0.0,0,0,0,1,0,0,0,0,0,0,0,1,1,1,1
114961,2402,2196,449,469,2026,0.0,0,397.0,0.0,0,0,0,1,0,0,0,0,0,0,0,1,1,1,1
114971,2402,2196,452,470,2026,0.0,0,397.1,0.0,0,0,0,1,0,0,0,0,0,0,0,1,1,1,1
114981,2398,2195,449,471,2027,0.0,0,397.2,0.0,0,0,0,1,0,0,0,0,0,0,0,1,1,1,1
114991,2402,2196,451,470,2026,0.0,0,396.7,0.0,0,0,0,1,0,0,0,0,0,0,0,1,1,1,1
115001,2401,2196,450,472,2026,0.0,0,396.7,0.0,0,0,0,1,0,0,0,0,0,0,0,1,1,1,1
115011,2402,2197,450,469,2026,0.0,0,397.2,0.0,0,0,0,1,0,0,0,0,0,0,0,1,1,1,1
115021,2402,2196,449,473,2028,0.0,0,396.7,0.0,0,0,0,1,0,0,0,0,0,0,0,1,1,1,1
115031,2406,2197,450,471,2027,0.0,0,397.3,0.0,0,0,0,1,0,0,0,0,0,0,0,1,1,1,1
115041,2400,2196,451,470,2026,0.0,0,396.4,0.0,0,0,0,1,0,0,0,0,0,0,0,1,1,1,1
115051,2403,2197,450,469,2025,0.0,0,396.7,0.0,0,0,0,1,0,0,0,0,0,0,0,1,1,1,1
115061,2401,2198,450,470,2026,0.0,0,396.7,0.0,0,0,0,1,0,0,0,0,0,0,0,1,1,1,1
115071,2402,2197,448,470,2026,0.0,0,396.5,0.0,0,0,0,1,0,0,0,0,0,0,0,1,1,1,1
115081,2401,2198,449,469,2026,0.0,0,397.0,0.0,0,0,0,1,0,0,0,0,0,0,0,1,1,1,1
115091,2401,2196,449,470,2029,0.0,0,397.0,0.0,0,0,0,1,0,0,0,0,0,0,0,1,1,1,1
115101,2402,2196,450,470,2028,0.0,0,396.8,0.0,0,0,0,1,0,0,0,0,0,0,0,1,1,1,1
115111,2404,2196,449,470,2027,0.0,0,396.9,0.0,0,0,0,1,0,0,0,0,0,0,0,1,1,1,1
115121,2403,2196,449,470,2017,0.0,0,396.9,0.0,0,0,0,1,0,0,0,0,0,0,0,1,1,1,1
115131,2403,2197,451,469,2017,0.0,0,397.0,0.0,0,0,0,1,0,0,0,0,0,0,0,1,1,1,1
115141,2401,2197,449,471,2018,0.0,0,396.1,0.0,0,0,0,1,0,0,0,0,0,0,0,1,1,1,1
115151,2402,2197,450,469,2017,0.0,0,397.0,0.0,0,0,0,1,0,0,0,0,0,0,0,1,1,1,1
115161,2401,2196,449,471,2019,0.0,0,396.9,0.0,0,0,0,1,0,0,0,0,0,0,0,1,1,1,1
115171,2403,2196,450,470,2016,0.0,0,397.0,0.0,0,0,0,1,0,0,0,0,0,0,0,1,1,1,1
115181,2401,2196,449,471,2018,0.0,0,397.0,0.0,0,0,0,1,0,0,0,0,0,0,0,1,1,1,1
115191,2402,2197,450,470,2018,0.0,0,397.0,0.0,0,0,0,1,0,0,0,0,0,0,0,1,1,1,1
115201,2402,2197,450,469,2017,0.0,0,397.0,0.0,0,0,0,1,0,0,0,0,0,0,0,1,1,1,1
115211,2402,2197,451,470,2018,0.0,0,396.7,0.0,0,0,0,1,0,0,0,0,0,0,0,1,1,1,1
115221,2402,2196,447,469,2018,0.0,0,397.2,0.0,0,0,0,1,0,0,0,0,0,0,0,1,1,1,1
115231,2403,2196,452,470,2017,0.0,0,397.4,0.0,0,0,0,1,0,0,0,0,0,0,0,1,1,1,1
115241,2402,2197,449,471,2017,0.0,0,397.4,0.0,0,0,0,1,0,0,0,0,0,0,0,1,1,1,1
115251,2402,2197,450,470,2018,0.0,0,397.1,0.0,0,0,0,1,0,0,0,0,0,0,0,1,1,1,1
115261,2403,2196,451,472,2027,0.0,0,397.6,0.0,0,0,0,1,0,0,0,0,0,0,0,1,1,1,1
115271,2400,2196,450,470,2028,0.0,0,396.3,0.0,0,0,0,1,0,0,0,0,0,0,0,1,1,1,1
115281,2402,2196,450,470,2027,0.0,0,396.3,0.0,0,0,0,1,0,0,0,0,0,0,0,1,1,1,1
115291,2398,2195,450,470,2025,0.0,0,397.0,0.0,0,0,0,1,0,0,0,0,0,0,0,1,1,1,1
115301,2401,2197,449,470,2026,0.0,0,397.0,0.0,0,0,0,1,0,0,0,0,0,0,0,1,1,1,1
115311,2401,2196,451,471,2026,0.0,0,397.3,0.0,0,0,0,1,0,0,0,0,0,0,0,1,1,1,1
115321,2402,2196,450,469,2027,0.0,0,396.7,0.0,0,0,0,1,0,0,0,0,0,0,0,1,1,1,1
115331,2401,2196,450,470,2026,0.0,0,396.5,0.0,0,0,0,1,0,0,0,0,0,0,0,1,1,1,1
115341,2401,2196,450,471,2026,0.0,0,396.5,0.0,0,0,0,1,0,0,0,0,0,0,0,1,1,1,1
115351,2401,2196,448,470,2026,0.0,0,397.1,0.0,0,0,0,1,0,0,0,0,0,0,0,1,1,1,1
115361,2402,2196,449,469,2026,0.0,0,397.1,0.0,0,0,0,1,0,0,0,0,0,0,0,1,1,1,1
115371,2401,2196,449,470,2026,0.0,0,397.2,0.0,0,0,0,1,0,0,0,0,0,0,0,1,1,1,1
115381,2403,2196,448,470,2027,0.0,0,396.7,0.0,0,0,0,1,0,0,0,0,0,0,0,1,1,1,1
115391,2402,2197,451,471,2026,0.0,0,397.3,0.0,0,0,0,1,0,0,0,0,0,0,0,1,1,1,1
115401,2402,2196,450,470,2027,0.0,0,397.3,0.0,0,0,0,1,0,0,0,0,0,0,0,1,1,1,1
115411,2404,2195,450,468,2026,0.0,0,396.7,0.0,0,0,0,1,0,0,0,0,0,0,0,1,1,1,1
115421,2404,2196,450,470,2026,0.0,0,396.7,0.0,0,0,0,1,0,0,0,0,0,0,0,1,1,1,1
115431,2402,2197,451,469,2018,0.0,0,396.8,0.0,0,0,0,1,0,0,0,0,0,0,0,1,1,1,1
115441,2405,2197,449,469,2018,0.0,0,397.2,0.0,0,0,0,1,0,0,0,0,0,0,0,1,1,1,1
115451,2400,2197,450,471,2020,0.0,0,396.8,0.0,0,0,0,1,0,0,0,0,0,0,0,1,1,1,1
115461,2401,2196,447,470,2018,0.0,0,397.1,0.0,0,0,0,1,0,0,0,0,0,0,0,1,1,1,1
115471,2404,2196,450,470,2017,0.0,0,396.8,0.0,0,0,0,1,0,0,0,0,0,0,0,1,1,1,1
115481,2402,2197,449,471,2017,0.0,0,396.8,0.0,0,0,0,1,0,0,0,0,0,0,0,1,1,1,1
115491,2401,2198,450,470,2018,0.0,0,397.0,0.0,0,0,0,1,0,0,0,0,0,0,0,1,1,1,1
115501,2402,2197,451,470,2018,0.0,0,396.9,0.0,0,0,0,1,0,0,0,0,0,0,0,1,1,1,1
115511,2401,2197,449,472,2018,0.0,0,396.2,0.0,0,0,0,1,0,0,0,0,0,0,0,1,1,1,1
115521,2401,2196,449,470,2016,0.0,0,397.7,0.0,0,0,0,1,0,0,0,0,0,0,0,1,1,1,1
115531,2402,2197,450,469,2017,0.0,0,397.0,0.0,0,0,0,1,0,0,0,0,0,0,0,1,1,1,1
115541,2402,2194,449,469,2017,0.0,0,397.0,0.0,0,0,0,1,0,0,0,0,0,0,0,1,1,1,1
115551,2401,2197,449,470,2015,0.0,0,396.7,0.0,0,0,0,1,0,0,0,0,0,0,0,1,1,1,1
115561,2401,2197,449,470,2026,0.0,0,397.3,0.0,0,0,0,1,0,0,0,0,0,0,0,1,1,1,1
115571,2402,2198,450,471,2027,0.0,0,397.0,0.0,0,0,0,1,0,0,0,0,0,0,0,1,1,1,1
115581,2402,2197,450,469,2027,0.0,0,396.5,0.0,0,0,0,1,0,0,0,0,0,0,0,1,1,1,1
115591,2403,2196,448,470,2026,0.0,0,396.9,0.0,0,0,0,1,0,0,0,0,0,0,0,1,1,1,1
115601,2403,2197,450,471,2028,0.0,0,396.9,0.0,0,0,0,1,0,0,0,0,0,0,0,1,1,1,1
115611,2402,2196,450,471,2026,0.0,0,396.2,0.0,0,0,0,1,0,0,0,0,0,0,0,1,1,1,1
115621,2401,2197,450,470,2027,0.0,0,397.2,0.0,0,0,0,1,0,0,0,0,0,0,0,1,1,1,1
115631,2401,2197,451,470,2026,0.0,0,397.0,0.0,0,0,0,1,0,0,0,0,0,0,0,1,1,1,1
115641,2402,2196,449,473,2026,0.0,0,397.0,0.0,0,0,0,1,0,0,0,0,0,0,0,1,1,1,1
115651,2402,2197,450,470,2026,0.0,0,397.0,0.0,0,0,0,1,0,0,0,0,0,0,0,1,1,1,1
115661,2402,2193,449,471,2026,0.0,0,397.0,0.0,0,0,0,1,0,0,0,0,0,0,0,1,1,1,1
115671,2402,2196,451,470,2026,0.0,0,396.7,0.0,0,0,0,1,0,0,0,0,0,0,0,1,1,1,1
115681,2402,2197,450,470,2027,0.0,0,396.8,0.0,0,0,0,1,0,0,0,0,0,0,0,1,1,1,1
115692,2402,2196,449,470,2028,0.0,0,396.4,0.0,0,0,0,1,0,0,0,0,0,0,0,1,1,1,1
115702,2401,2196,450,470,2026,0.0,0,396.5,0.0,0,0,0,1,0,0,0,0,0,0,0,1,1,1,1
115712,2402,2197,450,469,2023,0.0,0,396.8,0.0,0,0,0,1,0,0,0,0,0,0,0,1,1,1,1
115722,2402,2196,450,470,2025,0.0,0,396.8,0.0,0,0,0,1,0,0,0,0,0,0,0,1,1,1,1
115732,2402,2197,449,478,2018,0.0,0,396.3,0.0,0,0,0,1,0,0,0,0,0,0,0,1,1,1,1
115742,2401,2197,450,470,2017,0.0,0,397.2,0.0,0,0,0,1,0,0,0,0,0,0,0,1,1,1,1
115752,2401,2196,450,470,2018,0.0,0,397.0,0.0,0,0,0,1,0,0,0,0,0,0,0,1,1,1,1
115762,2402,2196,450,471,2017,0.0,0,396.7,0.0,0,0,0,1,0,0,0,0,0,0,0,1,1,1,1
115772,2401,2197,448,471,2017,0.0,0,396.7,0.0,0,0,0,1,0,0,0,0,0,0,0,1,1,1,1
115782,2402,2197,449,470,2017,0.0,0,396.2,0.0,0,0,0,1,0,0,0,0,0,0,0,1,1,1,1
115792,2401,2199,449,472,2017,0.0,0,396.2,0.0,0,0,0,1,0,0,0,0,0,0,0,1,1,1,1
115802,2398,2196,450,468,2015,0.0,0,396.2,0.0,0,0,0,1,0,0,0,0,0,0,0,1,1,1,1
115812,2401,2197,449,469,2016,0.0,0,397.0,0.0,0,0,0,1,0,0,0,0,0,0,0,1,1,1,1
115822,2401,2197,451,471,2018,0.0,0,396.9,0.0,0,0,0,1,0,0,0,0,0,0,0,1,1,1,1
115832,2402,2197,450,471,2017,0.0,0,397.4,0.0,0,0,0,1,0,0,0,0,0,0,0,1,1,1,1
115842,2402,2194,449,471,2017,0.0,0,397.4,0.0,0,0,0,1,0,0,0,0,0,0,0,1,1,1,1
115852,2402,2197,450,468,2017,0.0,0,397.5,0.0,0,0,0,1,0,0,0,0,0,0,0,1,1,1,1
115862,2401,2195,450,468,2026,0.0,0,397.5,0.0,0,0,0,1,0,0,0,0,0,0,0,1,1,1,1
115872,2402,2196,450,469,2024,0.0,0,396.9,0.0,0,0,0,1,0,0,0,0,0,0,0,1,1,1,1
115882,2403,2195,450,469,2027,0.0,0,397.0,0.0,0,0,0,1,0,0,0,0,0,0,0,1,1,1,1
115892,2402,2196,449,471,2026,0.0,0,397.7,0.0,0,0,0,1,0,0,0,0,0,0,0,1,1,1,1
115903,2403,2196,449,470,2026,0.0,0,396.7,0.0,0,0,0,1,0,0,0,0,0,0,0,1,1,1,1
115913,2402,2197,449,471,2027,0.0,0,396.7,0.0,0,0,0,1,0,0,0,0,0,0,0,1,1,1,1
115923,2402,2197,450,471,2026,0.0,0,397.0,0.0,0,0,0,1,0,0,0,0,0,0,0,1,1,1,1
115933,2405,2197,452,470,2026,0.0,0,397.1,0.0,0,0,0,1,0,0,0,0,0,0,0,1,1,1,1
115943,2401,2197,448,471,2026,0.0,0,396.7,0.0,0,0,0,1,0,0,0,0,0,0,0,1,1,1,1
115953,2402,2196,450,470,2026,0.0,0,396.9,0.0,0,0,0,1,0,0,0,0,0,0,0,1,1,1,1
115963,2402,2196,451,470,2026,0.0,0,397.1,0.0,0,0,0,1,0,0,0,0,0,0,0,1,1,1,1
115973,2403,2196,450,470,2027,0.0,0,397.1,0.0,0,0,0,1,0,0,0,0,0,0,0,1,1,1,1
115983,2403,2197,450,471,2026,0.0,0,396.3,0.0,0,0,0,1,0,0,0,0,0,0,0,1,1,1,1
115993,2401,2196,449,470,2025,0.0,0,397.1,0.0,0,0,0,1,0,0,0,0,0,0,0,1,1,1,1
116003,2402,2196,450,471,2026,0.0,0,396.3,0.0,0,0,0,1,0,0,0,0,0,0,0,1,1,1,1
116013,2402,2196,450,471,2026,0.0,0,396.2,0.0,0,0,0,1,0,0,0,0,0,0,0,1,1,1,1
116023,2403,2196,449,472,2026,0.0,0,397.0,0.0,0,0,0,1,0,0,0,0,0,0,0,1,1,1,1
116033,2400,2195,450,470,2016,0.0,0,397.0,0.0,0,0,0,1,0,0,0,0,0,0,0,1,1,1,1
116043,2402,2196,450,470,2018,0.0,0,396.7,0.0,0,0,0,1,0,0,0,0,0,0,0,1,1,1,1
116053,2402,2197,450,471,2017,0.0,0,396.3,0.0,0,0,0,1,0,0,0,0,0,0,0,1,1,1,1
116063,2402,2196,450,470,2017,0.0,0,397.5,0.0,0,0,0,1,0,0,0,0,0,0,0,1,1,1,1
116073,2405,2197,451,471,2017,0.0,0,396.9,0.0,0,0,0,1,0,0,0,0,0,0,0,1,1,1,1
116083,2403,2196,449,470,2016,0.0,0,396.5,0.0,0,0,0,1,0,0,0,0,0,0,0,1,1,1,1
116093,2402,2197,450,470,2016,0.0,0,396.5,0.0,0,0,0,1,0,0,0,0,0,0,0,1,1,1,1
116103,2401,2194,450,469,2017,0.0,0,397.2,0.0,0,0,0,1,0,0,0,0,0,0,0,1,1,1,1
116113,2402,2197,449,471,2017,0.0,0,397.0,0.0,0,0,0,1,0,0,0,0,0,0,0,1,1,1,1
116123,2401,2197,449,469,2014,0.0,0,396.5,0.0,0,0,0,1,0,0,0,0,0,0,0,1,1,1,1
116133,2401,2196,450,471,2017,0.0,0,397.2,0.0,0,0,0,1,0,0,0,0,0,0,0,1,1,1,1
116143,2403,2195,449,470,2017,0.0,0,396.5,0.0,0,0,0,1,0,0,0,0,0,0,0,1,1,1,1
116153,2402,2197,450,469,2017,0.0,0,396.5,0.0,0,0,0,1,0,0,0,0,0,0,0,1,1,1,1
116163,2403,2196,450,470,2026,0.0,0,397.2,0.0,0,0,0,1,0,0,0,0,0,0,0,1,1,1,1
116173,2401,2197,450,471,2026,0.0,0,397.9,0.0,0,0,0,1,0,0,0,0,0,0,0,1,1,1,1
116183,2401,2197,449,471,2026,0.0,0,396.9,0.0,0,0,0,1,0,0,0,0,0,0,0,1,1,1,1
116193,2402,2193,449,471,2026,0.0,0,396.9,0.0,0,0,0,1,0,0,0,0,0,0,0,1,1,1,1
116203,2402,2196,448,471,2026,0.0,0,397.3,0.0,0,0,0,1,0,0,0,0,0,0,0,1,1,1,1
116213,2402,2196,453,470,2026,0.0,0,397.3,0.0,0,0,0,1,0,0,0,0,0,0,0,1,1,1,1
116223,2402,2196,449,470,2026,0.0,0,397.3,0.0,0,0,0,1,0,0,0,0,0,0,0,1,1,1,1
116233,2402,2197,449,470,2026,0.0,0,396.8,0.0,0,0,0,1,0,0,0,0,0,0,0,1,1,1,1
116243,2402,2197,450,470,2026,0.0,0,396.8,0.0,0,0,0,1,0,0,0,0,0,0,0,1,1,1,1
116253,2401,2197,450,470,2026,0.0,0,396.4,0.0,0,0,0,1,0,0,0,0,0,0,0,1,1,1,1
116263,2402,2196,449,469,2025,0.0,0,397.1,0.0,0,0,0,1,0,0,0,0,0,0,0,1,1,1,1
116273,2402,2196,450,470,2026,0.0,0,397.1,0.0,0,0,0,1,0,0,0,0,0,0,0,1,1,1,1
116283,2401,2194,450,470,2026,0.0,0,396.9,0.0,0,0,0,1,0,0,0,0,0,0,0,1,1,1,1
116293,2401,2197,449,471,2025,0.0,0,396.4,0.0,0,0,0,1,0,0,0,0,0,0,0,1,1,1,1
116304,2402,2196,449,470,2025,0.0,0,397.3,0.0,0,0,0,1,0,0,0,0,0,0,0,1,1,1,1
116314,2399,2196,450,471,2026,0.0,0,396.8,0.0,0,0,0,1,0,0,0,0,0,0,0,1,1,1,1
116324,2401,2196,450,469,2026,0.0,0,396.9,0.0,0,0,0,1,0,0,0,0,0,0,0,1,1,1,1
116334,2400,2196,448,470,2017,0.0,0,396.2,0.0,0,0,0,1,0,0,0,0,0,0,0,1,1,1,1
116344,2401,2196,450,470,2017,0.0,0,396.2,0.0,0,0,0,1,0,0,0,0,0,0,0,1,1,1,1
116354,2402,2196,450,470,2016,0.0,0,396.8,0.0,0,0,0,1,0,0,0,0,0,0,0,1,1,1,1
116364,2401,2196,450,471,2017,0.0,0,396.1,0.0,0,0,0,1,0,0,0,0,0,0,0,1,1,1,1
116374,2401,2193,450,470,2017,0.0,0,397.3,0.0,0,0,0,1,0,0,0,0,0,0,0,1,1,1,1
116384,2401,2196,449,470,2016,0.0,0,397.2,0.0,0,0,0,1,0,0,0,0,0,0,0,1,1,1,1
116394,2402,2197,451,470,2017,0.0,0,397.2,0.0,0,0,0,1,0,0,0,0,0,0,0,1,1,1,1
116404,2402,2197,451,470,2017,0.0,0,397.1,0.0,0,0,0,1,0,0,0,0,0,0,0,1,1,1,1
116414,2402,2196,449,469,2017,0.0,0,396.8,0.0,0,0,0,1,0,0,0,0,0,0,0,1,1,1,1
116424,2402,2196,450,471,2017,0.0,0,396.8,0.0,0,0,0,1,0,0,0,0,0,0,0,1,1,1,1
116434,2403,2195,450,470,2014,0.0,0,397.2,0.0,0,0,0,1,0,0,0,0,0,0,0,1,1,1,1
116444,2402,2196,450,470,2016,0.0,0,396.2,0.0,0,0,0,1,0,0,0,0,0,0,0,1,1,1,1
116454,2402,2197,450,468,2018,0.0,0,396.2,0.0,0,0,0,1,0,0,0,0,0,0,0,1,1,1,1
116464,2402,2196,453,470,2025,0.0,0,396.8,0.0,0,0,0,1,0,0,0,0,0,0,0,1,1,1,1
116474,2401,2197,452,471,2026,0.0,0,396.9,0.0,0,0,0,1,0,0,0,0,0,0,0,1,1,1,1
116484,2403,2194,450,470,2026,0.0,0,396.4,0.0,0,0,0,1,0,0,0,0,0,0,0,1,1,1,1
116494,2403,2197,450,471,2027,0.0,0,397.0,0.0,0,0,0,1,0,0,0,0,0,0,0,1,1,1,1
116504,2401,2196,450,471,2026,0.0,0,397.1,0.0,0,0,0,1,0,0,0,0,0,0,0,1,1,1,1
116515,2400,2196,450,470,2026,0.0,0,396.8,0.0,0,0,0,1,0,0,0,0,0,0,0,1,1,1,1
116525,2402,2198,450,471,2026,0.0,0,396.8,0.0,0,0,0,1,0,0,0,0,0,0,0,1,1,1,1
116536,2401,2196,450,470,2026,0.0,0,397.0,0.0,0,0,0,1,0,0,0,0,0,0,0,1,1,1,1
116546,2401,2196,449,469,2026,0.0,0,396.5,0.0,0,0,0,1,0,0,0,0,0,0,0,1,1,1,1
116556,2402,2197,449,471,2026,0.0,0,396.9,0.0,0,0,0,1,0,0,0,0,0,0,0,1,1,1,1
116566,2402,2194,450,468,2032,0.0,0,397.5,0.0,0,0,0,1,0,0,0,0,0,0,0,1,1,1,1
116576,2402,2197,451,470,2026,0.0,0,397.3,0.0,0,0,0,1,0,0,0,0,0,0,0,1,1,1,1
116586,2402,2197,449,470,2026,0.0,0,397.1,0.0,0,0,0,1,0,0,0,0,0,0,0,1,1,1,1
116596,2402,2196,451,469,2026,0.0,0,397.1,0.0,0,0,0,1,0,0,0,0,0,0,0,1,1,1,1
116606,2403,2196,451,469,2026,0.0,0,396.4,0.0,0,0,0,1,0,0,0,0,0,0,0,1,1,1,1
116616,2402,2197,450,470,2026,0.0,0,397.0,0.0,0,0,0,1,0,0,0,0,0,0,0,1,1,1,1
116626,2402,2197,450,471,2026,0.0,0,397.1,0.0,0,0,0,1,0,0,0,0,0,0,0,1,1,1,1
116636,2402,2195,450,471,2017,0.0,0,396.7,0.0,0,0,0,1,0,0,0,0,0,0,0,1,1,1,1
116647,2402,2198,450,470,2017,0.0,0,397.1,0.0,0,0,0,1,0,0,0,0,0,0,0,1,1,1,1
116657,2402,2197,450,471,2017,0.0,0,397.1,0.0,0,0,0,1,0,0,0,0,0,0,0,1,1,1,1
116667,2401,2196,449,470,2016,0.0,0,396.5,0.0,0,0,0,1,0,0,0,0,0,0,0,1,1,1,1
116677,2401,2197,449,470,2017,0.0,0,397.2,0.0,0,0,0,1,0,0,0,0,0,0,0,1,1,1,1
116687,2401,2197,449,471,2017,0.0,0,396.7,0.0,0,0,0,1,0,0,0,0,0,0,0,1,1,1,1
116698,2403,2196,450,470,2017,0.0,0,397.2,0.0,0,0,0,1,0,0,0,0,0,0,0,1,1,1,1
116708,2402,2197,450,469,2017,0.0,0,396.7,0.0,0,0,0,1,0,0,0,0,0,0,0,1,1,1,1
116719,2402,2197,450,470,2017,0.0,0,396.8,0.0,0,0,0,1,0,0,0,0,0,0,0,1,1,1,1
116729,2402,2196,451,468,2018,0.0,0,396.8,0.0,0,0,0,1,0,0,0,0,0,0,0,1,1,1,1
116739,2402,2196,450,471,2015,0.0,0,397.0,0.0,0,0,0,1,0,0,0,0,0,0,0,1,1,1,1
116749,2401,2196,450,470,2014,0.0,0,396.9,0.0,0,0,0,1,0,0,0,0,0,0,0,1,1,1,1
116759,2402,2197,448,470,2017,0.0,0,397.1,0.0,0,0,0,1,0,0,0,0,0,0,0,1,1,1,1
116769,2401,2196,449,470,2027,0.0,0,397.3,0.0,0,0,0,1,0,0,0,0,0,0,0,1,1,1,1
116779,2402,2196,449,471,2026,0.0,0,396.9,0.0,0,0,0,1,0,0,0,0,0,0,0,1,1,1,1
116789,2402,2196,450,471,2026,0.0,0,396.9,0.0,0,0,0,1,0,0,0,0,0,0,0,1,1,1,1
116799,2402,2198,449,470,2024,0.0,0,396.8,0.0,0,0,0,1,0,0,0,0,0,0,0,1,1,1,1
116809,2401,2197,450,470,2026,0.0,0,397.1,0.0,0,0,0,1,0,0,0,0,0,0,0,1,1,1,1
116819,2402,2196,451,470,2026,0.0,0,396.7,0.0,0,0,0,1,0,0,0,0,0,0,0,1,1,1,1
116829,2401,2197,448,469,2027,0.0,0,397.6,0.0,0,0,0,1,0,0,0,0,0,0,0,1,1,1,1
116839,2403,2196,449,469,2026,0.0,0,396.9,0.0,0,0,0,1,0,0,0,0,0,0,0,1,1,1,1
116849,2405,2196,448,470,2026,0.0,0,396.9,0.0,0,0,0,1,0,0,0,0,0,0,0,1,1,1,1
116859,2402,2197,451,471,2026,0.0,0,396.4,0.0,0,0,0,1,0,0,0,0,0,0,0,1,1,1,1
116869,2402,2197,450,470,2026,0.0,0,397.0,0.0,0,0,0,1,0,0,0,0,0,0,0,1,1,1,1
116879,2401,2197,451,470,2027,0.0,0,396.5,0.0,0,0,0,1,0,0,0,0,0,0,0,1,1,1,1
116889,2403,2199,450,470,2027,0.0,0,396.9,0.0,0,0,0,1,0,0,0,0,0,0,0,1,1,1,1
116899,2402,2197,450,472,2026,0.0,0,396.9,0.0,0,0,0,1,0,0,0,0,0,0,0,1,1,1,1
116909,2403,2197,450,469,2026,0.0,0,396.9,0.0,0,0,0,1,0,0,0,0,0,0,0,1,1,1,1
116919,2401,2196,450,471,2025,0.0,0,396.9,0.0,0,0,0,1,0,0,0,0,0,0,0,1,1,1,1
116929,2402,2196,449,470,2025,0.0,0,396.9,0.0,0,0,0,1,0,0,0,0,0,0,0,1,1,1,1
116939,2402,2196,450,470,2016,0.0,0,396.2,0.0,0,0,0,1,0,0,0,0,0,0,0,1,1,1,1
116949,2402,2196,450,469,2017,0.0,0,397.0,0.0,0,0,0,1,0,0,0,0,0,0,0,1,1,1,1
116959,2404,2196,451,470,2017,0.0,0,396.1,0.0,0,0,0,1,0,0,0,0,0,0,0,1,1,1,1
116969,2401,2197,450,471,2016,0.0,0,396.1,0.0,0,0,0,1,0,0,0,0,0,0,0,1,1,1,1
116979,2402,2196,451,471,2016,0.0,0,396.4,0.0,0,0,0,1,0,0,0,0,0,0,0,1,1,1,1
116989,2401,2197,450,470,2016,0.0,0,396.5,0.0,0,0,0,1,0,0,0,0,0,0,0,1,1,1,1
116999,2401,2196,450,470,2016,0.0,0,396.2,0.0,0,0,0,1,0,0,0,0,0,0,0,1,1,1,1
117009,2401,2196,450,470,2017,0.0,0,396.9,0.0,0,0,0,1,0,0,0,0,0,0,0,1,1,1,1
117020,2403,2197,448,471,2016,0.0,0,396.2,0.0,0,0,0,1,0,0,0,0,0,0,0,1,1,1,1
117030,2403,2196,450,471,2016,0.0,0,396.2,0.0,0,0,0,1,0,0,0,0,0,0,0,1,1,1,1
117040,2402,2197,450,469,2017,0.0,0,396.8,0.0,0,0,0,1,0,0,0,0,0,0,0,1,1,1,1
117050,2401,2197,450,471,2016,0.0,0,396.7,0.0,0,0,0,1,0,0,0,0,0,0,0,1,1,1,1
117060,2402,2195,449,470,2017,0.0,0,397.3,0.0,0,0,0,1,0,0,0,0,0,0,0,1,1,1,1
117070,2401,2196,450,470,2025,0.0,0,396.7,0.0,0,0,0,1,0,0,0,0,0,0,0,1,1,1,1
117080,2402,2196,449,470,2026,0.0,0,396.8,0.0,0,0,0,1,0,0,0,0,0,0,0,1,1,1,1
117091,2404,2196,450,469,2027,0.0,0,396.4,0.0,0,0,0,1,0,0,0,0,0,0,0,1,1,1,1
117101,2401,2196,451,471,2028,0.0,0,396.4,0.0,0,0,0,1,0,0,0,0,0,0,0,1,1,1,1
117111,2403,2197,450,469,2026,0.0,0,396.5,0.0,0,0,0,1,0,0,0,0,0,0,0,1,1,1,1
117121,2402,2196,450,469,2026,0.0,0,396.7,0.0,0,0,0,1,0,0,0,0,0,0,0,1,1,1,1
117131,2402,2196,450,470,2027,0.0,0,396.0,0.0,0,0,0,1,0,0,0,0,0,0,0,1,1,1,1
117141,2402,2197,451,471,2027,0.0,0,396.4,0.0,0,0,0,1,0,0,0,0,0,0,0,1,1,1,1
117151,2402,2197,449,469,2026,0.0,0,396.5,0.0,0,0,0,1,0,0,0,0,0,0,0,1,1,1,1
117161,2406,2196,450,471,2026,0.0,0,396.5,0.0,0,0,0,1,0,0,0,0,0,0,0,1,1,1,1
117171,2401,2197,449,471,2026,0.0,0,397.0,0.0,0,0,0,1,0,0,0,0,0,0,0,1,1,1,1
117181,2402,2196,451,469,2027,0.0,0,397.1,0.0,0,0,0,1,0,0,0,0,0,0,0,1,1,1,1
117191,2402,2196,450,471,2026,0.0,0,396.8,0.0,0,0,0,1,0,0,0,0,0,0,0,1,1,1,1
117201,2401,2196,450,470,2026,0.0,0,396.7,0.0,0,0,0,1,0,0,0,0,0,0,0,1,1,1,1
117211,2403,2197,448,470,2026,0.0,0,396.8,0.0,0,0,0,1,0,0,0,0,0,0,0,1,1,1,1
117221,2402,2196,450,470,2025,0.0,0,396.8,0.0,0,0,0,1,0,0,0,0,0,0,0,1,1,1,1
117231,2402,2197,452,470,2027,0.0,0,396.4,0.0,0,0,0,1,0,0,0,0,0,0,0,1,1,1,1
117241,2402,2196,450,470,2018,0.0,0,396.5,0.0,0,0,0,1,0,0,0,0,0,0,0,1,1,1,1
117251,2402,2196,450,470,2017,0.0,0,396.9,0.0,0,0,0,1,0,0,0,0,0,0,0,1,1,1,1
117261,2401,2195,450,472,2017,0.0,0,395.9,0.0,0,0,0,1,0,0,0,0,0,0,0,1,1,1,1
117271,2401,2196,448,470,2017,0.0,0,396.5,0.0,0,0,0,1,0,0,0,0,0,0,0,1,1,1,1
117283,2401,2196,448,470,2017,0.0,0,396.5,0.0,0,0,0,1,0,0,0,0,0,0,0,1,1,1,1
117293,2402,2196,450,472,2016,0.0,0,397.1,0.0,0,0,0,1,0,0,0,0,0,0,0,1,1,1,1
117303,2402,2196,449,471,2016,0.0,0,396.7,0.0,0,0,0,1,0,0,0,0,0,0,0,1,1,1,1
117313,2401,2197,449,471,2016,0.0,0,396.1,0.0,0,0,0,1,0,0,0,0,0,0,0,1,1,1,1
117323,2402,2196,451,469,2016,0.0,0,396.7,0.0,0,0,0,1,0,0,0,0,0,0,0,1,1,1,1
117333,2400,2196,450,471,2016,0.0,0,396.5,0.0,0,0,0,1,0,0,0,0,0,0,0,1,1,1,1
117343,2401,2194,449,471,2016,0.0,0,396.0,0.0,0,0,0,1,0,0,0,0,0,0,0,1,1,1,1
117353,2400,2196,451,472,2017,0.0,0,396.0,0.0,0,0,0,1,0,0,0,0,0,0,0,1,1,1,1
117363,2401,2196,449,470,2019,0.0,0,396.5,0.0,0,0,0,1,0,0,0,0,0,0,0,1,1,1,1
117373,2401,2196,447,469,2026,0.0,0,396.8,0.0,0,0,0,1,0,0,0,0,0,0,0,1,1,1,1
117383,2401,2196,450,470,2026,0.0,0,396.8,0.0,0,0,0,1,0,0,0,0,0,0,0,1,1,1,1
117393,2403,2196,448,470,2029,0.0,0,396.5,0.0,0,0,0,1,0,0,0,0,0,0,0,1,1,1,1
117403,2403,2197,450,470,2025,0.0,0,396.9,0.0,0,0,0,1,0,0,0,0,0,0,0,1,1,1,1
117413,2397,2196,449,471,2026,0.0,0,396.9,0.0,0,0,0,1,0,0,0,0,0,0,0,1,1,1,1
117423,2402,2196,449,470,2026,0.0,0,397.1,0.0,0,0,0,1,0,0,0,0,0,0,0,1,1,1,1
117433,2402,2196,449,470,2026,0.0,0,397.5,0.0,0,0,0,1,0,0,0,0,0,0,0,1,1,1,1
117443,2403,2196,449,470,2025,0.0,0,396.4,0.0,0,0,0,1,0,0,0,0,0,0,0,1,1,1,1
117453,2401,2194,449,470,2025,0.0,0,396.5,0.0,0,0,0,1,0,0,0,0,0,0,0,1,1,1,1
117463,2402,2196,449,471,2024,0.0,0,396.7,0.0,0,0,0,1,0,0,0,0,0,0,0,1,1,1,1
117473,2403,2197,450,471,2025,0.0,0,396.7,0.0,0,0,0,1,0,0,0,0,0,0,0,1,1,1,1
117483,2402,2197,450,470,2026,0.0,0,396.5,0.0,0,0,0,1,0,0,0,0,0,0,0,1,1,1,1
117493,2403,2196,452,471,2026,0.0,0,396.5,0.0,0,0,0,1,0,0,0,0,0,0,0,1,1,1,1
117503,2403,2197,449,470,2026,0.0,0,396.4,0.0,0,0,0,1,0,0,0,0,0,0,0,1,1,1,1
117513,2402,2196,449,471,2026,0.0,0,396.1,0.0,0,0,0,1,0,0,0,0,0,0,0,1,1,1,1
117523,2403,2197,451,471,2026,0.0,0,397.2,0.0,0,0,0,1,0,0,0,0,0,0,0,1,1,1,1
117533,2402,2196,449,471,2026,0.0,0,397.2,0.0,0,0,0,1,0,0,0,0,0,0,0,1,1,1,1
117543,2402,2196,450,469,2018,0.0,0,396.9,0.0,0,0,0,1,0,0,0,0,0,0,0,1,1,1,1
117553,2402,2196,447,470,2017,0.0,0,396.7,0.0,0,0,0,1,0,0,0,0,0,0,0,1,1,1,1
117563,2402,2197,452,470,2017,0.0,0,396.5,0.0,0,0,0,1,0,0,0,0,0,0,0,1,1,1,1
117573,2402,2197,448,471,2017,0.0,0,396.3,0.0,0,0,0,1,0,0,0,0,0,0,0,1,1,1,1
117583,2400,2197,450,470,2017,0.0,0,396.7,0.0,0,0,0,1,0,0,0,0,0,0,0,1,1,1,1
117593,2401,2196,448,470,2017,0.0,0,396.7,0.0,0,0,0,1,0,0,0,0,0,0,0,1,1,1,1
117603,2400,2196,449,469,2016,0.0,0,396.4,0.0,0,0,0,1,0,0,0,0,0,0,0,1,1,1,1
117613,2404,2198,449,470,2014,0.0,0,397.1,0.0,0,0,0,1,0,0,0,0,0,0,0,1,1,1,1
117623,2402,2196,450,470,2017,0.0,0,396.7,0.0,0,0,0,1,0,0,0,0,0,0,0,1,1,1,1
117633,2402,2197,449,470,2017,0.0,0,396.8,0.0,0,0,0,1,0,0,0,0,0,0,0,1,1,1,1
117643,2403,2196,448,469,2017,0.0,0,396.2,0.0,0,0,0,1,0,0,0,0,0,0,0,1,1,1,1
117653,2401,2196,450,471,2017,0.0,0,396.2,0.0,0,0,0,1,0,0,0,0,0,0,0,1,1,1,1
117663,2402,2196,450,470,2016,0.0,0,397.5,0.0,0,0,0,1,0,0,0,0,0,0,0,1,1,1,1
117673,2398,2196,450,470,2026,0.0,0,397.0,0.0,0,0,0,1,0,0,0,0,0,0,0,1,1,1,1
117683,2401,2196,449,470,2025,0.0,0,397.0,0.0,0,0,0,1,0,0,0,0,0,0,0,1,1,1,1
117693,2399,2196,451,470,2026,0.0,0,396.9,0.0,0,0,0,1,0,0,0,0,0,0,0,1,1,1,1
117703,2402,2196,449,469,2026,0.0,0,397.1,0.0,0,0,0,1,0,0,0,0,0,0,0,1,1,1,1
117713,2402,2197,451,470,2026,0.0,0,397.1,0.0,0,0,0,1,0,0,0,0,0,0,0,1,1,1,1
117723,2402,2196,451,470,2026,0.0,0,396.7,0.0,0,0,0,1,0,0,0,0,0,0,0,1,1,1,1
117733,2402,2197,450,471,2027,0.0,0,396.8,0.0,0,0,0,1,0,0,0,0,0,0,0,1,1,1,1
117743,2402,2197,451,468,2025,0.0,0,396.7,0.0,0,0,0,1,0,0,0,0,0,0,0,1,1,1,1
117753,2402,2196,450,470,2026,0.0,0,397.0,0.0,0,0,0,1,0,0,0,0,0,0,0,1,1,1,1
117763,2405,2196,449,470,2026,0.0,0,397.0,0.0,0,0,0,1,0,0,0,0,0,0,0,1,1,1,1
117773,2402,2197,450,470,2024,0.0,0,396.8,0.0,0,0,0,1,0,0,0,0,0,0,0,1,1,1,1
117783,2402,2196,450,469,2026,0.0,0,396.8,0.0,0,0,0,1,0,0,0,0,0,0,0,1,1,1,1
117793,2402,2196,449,470,2026,0.0,0,396.2,0.0,0,0,0,1,0,0,0,0,0,0,0,1,1,1,1
117803,2401,2197,451,470,2026,0.0,0,397.5,0.0,0,0,0,1,0,0,0,0,0,0,0,1,1,1,1
117813,2403,2196,449,471,2026,0.0,0,396.9,0.0,0,0,0,1,0,0,0,0,0,0,0,1,1,1,1
117823,2402,2196,450,469,2026,0.0,0,397.5,0.0,0,0,0,1,0,0,0,0,0,0,0,1,1,1,1
117833,2402,2196,450,468,2026,0.0,0,396.5,0.0,0,0,0,1,0,0,0,0,0,0,0,1,1,1,1
117843,2402,2196,449,470,2018,0.0,0,396.5,0.0,0,0,0,1,0,0,0,0,0,0,0,1,1,1,1
117853,2402,2196,450,468,2016,0.0,0,396.9,0.0,0,0,0,1,0,0,0,0,0,0,0,1,1,1,1
117863,2402,2197,450,470,2018,0.0,0,396.4,0.0,0,0,0,1,0,0,0,0,0,0,0,1,1,1,1
117873,2402,2197,449,473,2017,0.0,0,396.9,0.0,0,0,0,1,0,0,0,0,0,0,0,1,1,1,1
117883,2402,2196,450,469,2017,0.0,0,397.1,0.0,0,0,0,1,0,0,0,0,0,0,0,1,1,1,1
117893,2402,2196,451,471,2017,0.0,0,397.1,0.0,0,0,0,1,0,0,0,0,0,0,0,1,1,1,1
117903,2402,2197,451,470,2017,0.0,0,397.3,0.0,0,0,0,1,0,0,0,0,0,0,0,1,1,1,1
117913,2403,2196,450,469,2017,0.0,0,397.7,0.0,0,0,0,1,0,0,0,0,0,0,0,1,1,1,1
117923,2402,2197,449,471,2019,0.0,0,397.7,0.0,0,0,0,1,0,0,0,0,0,0,0,1,1,1,1
117933,2402,2196,450,471,2018,0.0,0,397.1,0.0,0,0,0,1,0,0,0,0,0,0,0,1,1,1,1
117943,2401,2200,449,469,2018,0.0,0,397.1,0.0,0,0,0,1,0,0,0,0,0,0,0,1,1,1,1
117953,2401,2197,449,470,2018,0.0,0,396.5,0.0,0,0,0,1,0,0,0,0,0,0,0,1,1,1,1
117963,2402,2197,450,470,2018,0.0,0,396.5,0.0,0,0,0,1,0,0,0,0,0,0,0,1,1,1,1
117973,2403,2195,449,470,2027,0.0,0,397.0,0.0,0,0,0,1,0,0,0,0,0,0,0,1,1,1,1
117983,2402,2197,450,472,2027,0.0,0,397.0,0.0,0,0,0,1,0,0,0,0,0,0,0,1,1,1,1
117993,2401,2196,450,470,2027,0.0,0,396.9,0.0,0,0,0,1,0,0,0,0,0,0,0,1,1,1,1
118003,2402,2196,450,470,2026,0.0,0,396.9,0.0,0,0,0,1,0,0,0,0,0,0,0,1,1,1,1
118013,2400,2197,450,470,2026,0.0,0,396.9,0.0,0,0,0,1,0,0,0,0,0,0,0,1,1,1,1
118023,2402,2197,452,470,2026,0.0,0,396.9,0.0,0,0,0,1,0,0,0,0,0,0,0,1,1,1,1
118034,2403,2194,450,470,2028,0.0,0,396.2,0.0,0,0,0,1,0,0,0,0,0,0,0,1,1,1,1
118044,2402,2196,449,469,2027,0.0,0,396.2,0.0,0,0,0,1,0,0,0,0,0,0,0,1,1,1,1
118054,2403,2196,450,470,2026,0.0,0,396.7,0.0,0,0,0,1,0,0,0,0,0,0,0,1,1,1,1
118064,2402,2197,451,471,2027,0.0,0,396.7,0.0,0,0,0,1,0,0,0,0,0,0,0,1,1,1,1
118074,2401,2197,450,470,2027,0.0,0,396.3,0.0,0,0,0,1,0,0,0,0,0,0,0,1,1,1,1
118084,2402,2197,449,470,2026,0.0,0,397.0,0.0,0,0,0,1,0,0,0,0,0,0,0,1,1,1,1
118094,2402,2196,450,470,2026,0.0,0,397.1,0.0,0,0,0,1,0,0,0,0,0,0,0,1,1,1,1
118104,2402,2196,450,471,2029,0.0,0,397.1,0.0,0,0,0,1,0,0,0,0,0,0,0,1,1,1,1
118114,2403,2197,449,469,2026,0.0,0,396.2,0.0,0,0,0,1,0,0,0,0,0,0,0,1,1,1,1
118124,2401,2196,450,470,2026,0.0,0,396.2,0.0,0,0,0,1,0,0,0,0,0,0,0,1,1,1,1
118134,2402,2197,450,471,1995,0.0,0,396.7,0.0,0,0,0,1,0,0,0,0,0,0,0,1,1,1,1
118144,2401,2196,451,471,1994,0.0,0,396.7,0.0,0,0,0,1,0,0,0,0,0,0,0,1,1,1,1
118154,2402,2196,450,470,1983,0.0,0,393.7,0.0,0,0,0,1,0,0,0,0,0,0,0,1,1,1,1
118164,2402,2196,449,470,1984,0.0,0,392.2,0.0,0,0,0,1,0,0,0,0,0,0,0,1,1,1,1
118174,2402,2197,449,470,1985,0.0,0,390.2,0.0,0,0,0,1,0,0,0,0,0,0,0,1,1,1,1
118184,2400,2196,450,469,1984,0.0,0,390.2,0.0,0,0,0,1,0,0,0,0,0,0,0,1,1,1,1
118194,2402,2196,449,471,1983,0.0,0,387.7,0.0,0,0,0,1,0,0,0,0,0,0,0,1,1,1,1
118204,2402,2196,448,471,1983,0.0,0,387.7,0.0,0,0,0,1,0,0,0,0,0,0,0,1,1,1,1
118214,2400,2196,451,470,1983,0.0,0,384.1,0.0,0,0,0,1,0,0,0,0,0,0,0,1,1,1,1
118224,2402,2196,450,470,1982,0.0,0,382.3,0.0,0,0,0,1,0,0,0,0,0,0,0,1,1,1,1
118234,2401,2197,449,468,1983,0.0,0,380.6,0.0,0,0,0,1,0,0,0,0,0,0,0,1,1,1,1
118244,2402,2197,448,471,1982,0.0,0,378.2,0.0,0,0,0,1,0,0,0,0,0,0,0,1,1,1,1
118255,2404,2196,450,471,1983,0.0,0,376.2,0.0,0,0,0,1,0,0,0,0,0,0,0,1,1,1,1
118265,2401,2196,449,469,1981,0.0,0,376.2,0.0,0,0,0,1,0,0,0,0,0,0,0,1,1,1,1
118277,2402,2196,448,470,1984,0.0,0,373.6,0.0,0,0,0,1,0,0,0,0,0,0,0,1,1,1,1
118287,2401,2196,448,470,1992,0.0,0,373.6,0.0,0,0,0,1,0,0,0,0,0,0,0,1,1,1,1
118297,2402,2196,450,469,1992,0.0,0,370.4,0.0,0,0,0,1,0,0,0,0,0,0,0,1,1,1,1
118307,2401,2194,449,472,1992,0.0,0,368.7,0.0,0,0,0,1,0,0,0,0,0,0,0,1,1,1,1
118319,2401,2196,452,470,1992,0.0,0,366.5,0.0,0,0,0,1,0,0,0,0,0,0,0,1,1,1,1
118329,2402,2196,450,470,1994,0.0,0,364.7,0.0,0,0,0,1,0,0,0,0,0,0,0,1,1,1,1
118340,2403,2196,453,471,1992,0.0,0,362.5,0.0,0,0,0,1,0,0,0,0,0,0,0,1,1,1,1
118351,2404,2196,449,470,1992,0.0,0,361.2,0.0,0,0,0,1,0,0,0,0,0,0,0,1,1,1,1
118361,2401,2195,449,470,1990,0.0,0,361.2,0.0,0,0,0,1,0,0,0,0,0,0,0,1,1,1,1
118371,2401,2197,450,471,1993,0.0,0,358.3,0.0,0,0,0,1,0,0,0,0,0,0,0,1,1,1,1
118381,2400,2196,451,470,1993,0.0,0,356.8,0.0,0,0,0,1,0,0,0,0,0,0,0,1,1,1,1
118391,2401,2196,452,473,1994,0.0,0,355.3,0.0,0,0,0,1,0,0,0,0,0,0,0,1,1,1,1
118401,2402,2193,448,470,1993,0.0,0,353.5,0.0,0,0,0,1,0,0,0,0,0,0,0,1,1,1,1
118411,2402,2196,450,470,1992,0.0,0,351.4,0.0,0,0,0,1,0,0,0,0,0,0,0,1,1,1,1
118421,2402,2197,451,470,1992,0.0,0,351.4,0.0,0,0,0,1,0,0,0,0,0,0,0,1,1,1,1
118431,2402,2196,450,470,1994,0.0,0,350.0,0.0,0,0,0,1,0,0,0,0,0,0,0,1,1,1,1
118441,2402,2196,450,469,1993,0.0,0,347.7,0.0,0,0,0,1,0,0,0,0,0,0,0,1,1,1,1
118451,2401,2197,450,470,1985,0.0,0,345.7,0.0,0,0,0,1,0,0,0,0,0,0,0,1,1,1,1
118461,2403,2197,450,471,1984,0.0,0,344.0,0.0,0,0,0,1,0,0,0,0,0,0,0,0,1,1,1
118471,2403,2196,449,469,1983,0.0,0,341.8,0.0,0,0,0,1,0,0,0,0,0,0,0,0,1,1,1
118481,2402,2194,450,471,1984,0.0,0,341.8,0.0,0,0,0,1,0,0,0,0,0,0,0,0,1,1,1
118491,2402,2195,451,470,1981,0.0,0,340.2,0.0,0,0,0,1,0,0,0,0,0,0,0,0,1,1,1
118501,2402,2197,449,469,1985,0.0,0,338.4,0.0,0,0,0,1,0,0,0,0,0,0,0,0,1,1,1
118511,2402,2196,449,471,1984,0.0,0,336.9,0.0,0,0,0,1,0,0,0,0,0,0,0,0,1,1,1
118521,2402,2196,450,470,1984,0.0,0,335.3,0.0,0,0,0,1,0,0,0,0,0,0,0,0,1,1,1
118531,2404,2196,449,470,1982,0.0,0,333.3,0.0,0,0,0,1,0,0,0,0,0,0,0,0,1,1,1
118541,2403,2199,451,470,1983,0.0,0,333.3,0.0,0,0,0,1,0,0,0,0,0,0,0,0,1,1,1
118551,2401,2199,449,470,1984,0.0,0,331.3,0.0,0,0,0,1,0,0,0,0,0,0,0,0,1,1,1
118561,2404,2197,447,472,1983,0.0,0,329.3,0.0,0,0,0,1,0,0,0,0,0,0,0,0,1,1,1
118571,2402,2197,452,470,1984,0.0,0,328.0,0.0,0,0,0,1,0,0,0,0,0,0,0,0,1,1,1
118581,2401,2195,450,472,1994,0.0,0,326.0,0.0,0,0,0,1,0,0,0,0,0,0,0,0,1,1,1
118591,2403,2199,451,470,1992,0.0,0,324.4,0.0,0,0,0,1,0,0,0,0,0,0,0,0,1,1,1
118601,2403,2189,450,471,1992,0.0,0,324.4,0.0,0,0,0,1,0,0,0,0,0,0,0,0,1,1,1
118611,2401,2196,450,470,1994,0.0,0,322.7,0.0,0,0,0,1,0,0,0,0,0,0,0,0,1,1,1
118621,2402,2196,450,470,1993,0.0,0,320.4,0.0,0,0,0,1,0,0,0,0,0,0,0,0,1,1,1
118631,2401,2197,448,470,1993,0.0,0,319.4,0.0,0,0,0,1,0,0,0,0,0,0,0,0,1,1,1
118641,2401,2200,449,470,1993,0.0,0,317.4,0.0,0,0,0,1,0,0,0,0,0,0,0,0,1,1,1
118651,2402,2197,450,470,1992,0.0,0,315.6,0.0,0,0,0,1,0,0,0,0,0,0,0,0,1,1,1
118661,2402,2197,450,469,1993,0.0,0,315.6,0.0,0,0,0,1,0,0,0,0,0,0,0,0,1,1,1
118671,2402,2197,450,472,1994,0.0,0,314.1,0.0,0,0,0,1,0,0,0,0,0,0,0,0,1,1,1
118681,2402,2199,451,469,1993,0.0,0,312.6,0.0,0,0,0,1,0,0,0,0,0,0,0,0,1,1,1
118691,2402,2196,449,469,1992,0.0,0,311.1,0.0,0,0,0,1,0,0,0,0,0,0,0,0,1,1,1
118701,2403,2196,450,467,1993,0.0,0,309.3,0.0,0,0,0,1,0,0,0,0,0,0,0,0,1,1,1
118711,2399,2197,449,469,1993,0.0,0,307.6,0.0,0,0,0,1,0,0,0,0,0,0,0,0,1,1,1
118721,2400,2196,450,469,1994,0.0,0,307.6,0.0,0,0,0,1,0,0,0,0,0,0,0,0,1,1,1
118731,2402,2196,449,470,1993,0.0,0,306.6,0.0,0,0,0,1,0,0,0,0,0,0,0,0,1,1,1
118741,2401,2196,449,469,1993,0.0,0,304.4,0.0,0,0,0,1,0,0,0,0,0,0,0,0,1,1,1
118751,2402,2196,451,469,1987,0.0,0,302.9,0.0,0,0,0,1,0,0,0,0,0,0,0,0,1,1,1
118761,2403,2196,449,470,1984,0.0,0,301.5,0.0,0,0,0,1,0,0,0,0,0,0,0,0,1,1,1
118771,2402,2196,449,470,1982,0.0,0,299.7,0.0,0,0,0,1,0,0,0,0,0,0,0,0,1,1,1
118781,2403,2197,450,470,1983,0.0,0,299.7,0.0,0,0,0,1,0,0,0,0,0,0,0,0,1,1,1
118791,2401,2197,447,470,1984,0.0,0,297.9,0.0,0,0,0,1,0,0,0,0,0,0,0,0,1,1,1
118801,2401,2197,449,470,1984,0.0,0,296.4,0.0,0,0,0,1,0,0,0,0,0,0,0,0,1,1,1
118811,2400,2197,450,471,1984,0.0,0,295.3,0.0,0,0,0,1,0,0,0,0,0,0,0,0,1,1,1
118821,2402,2197,450,470,1985,0.0,0,293.4,0.0,0,0,0,1,0,0,0,0,0,0,0,0,1,1,1
118831,2403,2193,449,469,1983,0.0,0,292.0,0.0,0,0,0,1,0,0,0,0,0,0,0,0,1,1,1
118841,2402,2198,449,472,1983,0.0,0,292.0,0.0,0,0,0,1,0,0,0,0,0,0,0,0,1,1,1
118851,2402,2197,450,470,1984,0.0,0,289.6,0.0,0,0,0,1,0,0,0,0,0,0,0,0,1,1,1
118861,2401,2196,450,470,1984,0.0,0,288.3,0.0,0,0,0,1,0,0,0,0,0,0,0,0,1,1,1
118871,2401,2196,452,470,1984,0.0,0,286.7,0.0,0,0,0,1,0,0,0,0,0,0,0,0,1,1,1
118881,2402,2193,450,471,1983,0.0,0,286.1,0.0,0,0,0,1,0,0,0,0,0,0,0,0,1,1,1
118891,2402,2196,451,470,1992,0.0,0,283.8,0.0,0,0,0,1,0,0,0,0,0,0,0,0,1,1,1
118901,2402,2196,450,470,1992,0.0,0,283.8,0.0,0,0,0,1,0,0,0,0,0,0,0,0,1,1,1
118911,2401,2197,449,471,1992,0.0,0,282.5,0.0,0,0,0,1,0,0,0,0,0,0,0,0,1,1,1
118921,2403,2197,451,470,1993,0.0,0,280.8,0.0,0,0,0,1,0,0,0,0,0,0,0,0,1,1,1
118931,2401,2196,449,470,1991,0.0,0,280.0,0.0,0,0,0,1,0,0,0,0,0,0,0,0,1,1,1
118941,2399,2196,450,470,1993,0.0,0,277.8,0.0,0,0,0,1,0,0,0,0,0,0,0,0,1,1,1
118951,2402,2196,450,470,1992,0.0,0,277.8,0.0,0,0,0,1,0,0,0,0,0,0,0,0,1,1,1
118961,2402,2196,450,470,1994,0.0,0,277.8,0.0,0,0,0,1,0,0,0,0,0,0,0,0,1,1,1
118971,2401,2197,450,470,1993,0.0,0,275.2,0.0,0,0,0,1,0,0,0,0,0,0,0,0,1,1,1
118981,2402,2196,450,470,1993,0.0,0,273.9,0.0,0,0,0,1,0,0,0,0,0,0,0,0,1,1,1
118991,2401,2196,450,470,1992,0.0,0,272.1,0.0,0,0,0,1,0,0,0,0,0,0,0,0,1,1,1
119001,2401,2197,451,471,1992,0.0,0,270.9,0.0,0,0,0,1,0,0,0,0,0,0,0,0,1,1,1
119011,2402,2197,449,469,1992,0.0,0,269.3,0.0,0,0,0,1,0,0,0,0,0,0,0,0,1,1,1
119021,2401,2196,449,470,1992,0.0,0,269.3,0.0,0,0,0,1,0,0,0,0,0,0,0,0,1,1,1
119031,2402,2197,450,471,1992,0.0,0,268.2,0.0,0,0,0,1,0,0,0,0,0,0,0,0,1,1,1
119041,2404,2196,451,470,1995,0.0,0,266.6,0.0,0,0,0,1,0,0,0,0,0,0,0,0,1,1,1
119051,2402,2196,453,471,1987,0.0,0,264.9,0.0,0,0,0,1,0,0,0,0,0,0,0,0,1,1,1
119061,2402,2196,450,469,1983,0.0,0,263.8,0.0,0,0,0,1,0,0,0,0,0,0,0,0,1,1,1
119071,2404,2197,449,470,1983,0.0,0,262.2,0.0,0,0,0,1,0,0,0,0,0,0,0,0,1,1,1
119081,2401,2195,449,471,1982,0.0,0,262.2,0.0,0,0,0,1,0,0,0,0,0,0,0,0,1,1,1
119091,2404,2197,447,470,1985,0.0,0,260.8,0.0,0,0,0,1,0,0,0,0,0,0,0,0,1,1,1
119101,2402,2199,449,470,1983,0.0,0,259.8,0.0,0,0,0,1,0,0,0,0,0,0,0,0,1,1,1
119111,2402,2197,450,470,1987,0.0,0,257.9,0.0,0,0,0,1,0,0,0,0,0,0,0,0,1,1,1
119121,2402,2196,450,470,1984,0.0,0,256.6,0.0,0,0,0,1,0,0,0,0,0,0,0,0,1,1,1
119131,2402,2196,450,471,1981,0.0,0,255.4,0.0,0,0,0,1,0,0,0,0,0,0,0,0,1,1,1
119141,2401,2197,451,470,1983,0.0,0,255.4,0.0,0,0,0,1,0,0,0,0,0,0,0,0,1,1,1
119151,2402,2196,449,470,1987,0.0,0,254.4,0.0,0,0,0,1,0,0,0,0,0,0,0,0,1,1,1
119161,2402,2196,449,471,1982,0.0,0,252.8,0.0,0,0,0,1,0,0,0,0,0,0,0,0,1,1,1
119171,2402,2197,451,469,1984,0.0,0,251.4,0.0,0,0,0,1,0,0,0,0,0,0,0,0,1,1,1
119181,2399,2197,447,470,1984,0.0,0,250.0,0.0,0,0,0,1,0,0,0,0,0,0,0,0,1,1,1
119191,2402,2197,449,470,1993,0.0,0,249.1,0.0,0,0,0,1,0,0,0,0,0,0,0,0,1,1,1
119201,2403,2196,450,470,1993,0.0,0,249.1,0.0,0,0,0,1,0,0,0,0,0,0,0,0,1,1,1
119211,2400,2197,448,470,1994,0.0,0,247.7,0.0,0,0,0,1,0,0,0,0,0,0,0,0,1,1,1
119221,2401,2195,449,470,1994,0.0,0,246.0,0.0,0,0,0,1,0,0,0,0,0,0,0,0,1,1,1
119231,2402,2196,449,471,1994,0.0,0,244.7,0.0,0,0,0,1,0,0,0,0,0,0,0,0,1,1,1
119241,2402,2196,450,470,1995,0.0,0,243.5,0.0,0,0,0,1,0,0,0,0,0,0,0,0,1,1,1
119251,2403,2195,450,471,1993,0.0,0,242.1,0.0,0,0,0,1,0,0,0,0,0,0,0,0,1,1,1
119261,2402,2196,450,471,1993,0.0,0,242.1,0.0,0,0,0,1,0,0,0,0,0,0,0,0,1,1,1
119271,2402,2197,450,471,1994,0.0,0,241.0,0.0,0,0,0,1,0,0,0,0,0,0,0,0,1,1,1
119281,2401,2195,454,469,1993,0.0,0,240.0,0.0,0,0,0,1,0,0,0,0,0,0,0,0,1,1,1
119291,2402,2196,449,463,1993,0.0,0,238.5,0.0,0,0,0,1,0,0,0,0,0,0,0,0,1,1,1
119301,2401,2198,449,471,1993,0.0,0,237.4,0.0,0,0,0,1,0,0,0,0,0,0,0,0,1,1,1
119311,2403,2196,451,469,1991,0.0,0,235.9,0.0,0,0,0,1,0,0,0,0,0,0,0,0,1,1,1
119321,2399,2196,449,470,1992,0.0,0,235.9,0.0,0,0,0,1,0,0,0,0,0,0,0,0,1,1,1
119331,2402,2196,450,469,1993,0.0,0,234.7,0.0,0,0,0,1,0,0,0,0,0,0,0,0,1,1,1
119341,2402,2196,451,471,1994,0.0,0,233.8,0.0,0,0,0,1,0,0,0,0,0,0,0,0,1,1,1
119351,2401,2196,450,471,1993,0.0,0,232.0,0.0,0,0,0,1,0,0,0,0,0,0,0,0,1,1,1
119361,2401,2196,450,469,1982,0.0,0,231.0,0.0,0,0,0,1,0,0,0,0,0,0,0,0,1,1,1
119371,2404,2196,450,470,1983,0.0,0,229.7,0.0,0,0,0,1,0,0,0,0,0,0,0,0,1,1,1
119381,2402,2194,449,470,1983,0.0,0,229.7,0.0,0,0,0,1,0,0,0,0,0,0,0,0,1,1,1
119391,2402,2197,449,471,1984,0.0,0,228.3,0.0,0,0,0,1,0,0,0,0,0,0,0,0,1,1,1
119401,2402,2196,450,471,1984,0.0,0,227.2,0.0,0,0,0,1,0,0,0,0,0,0,0,0,1,1,1
119411,2401,2196,451,470,1984,0.0,0,226.2,0.0,0,0,0,1,0,0,0,0,0,0,0,0,1,1,1
119421,2402,2197,448,471,1983,0.0,0,224.7,0.0,0,0,0,1,0,0,0,0,0,0,0,0,1,1,1
119431,2404,2198,448,471,1982,0.0,0,223.4,0.0,0,0,0,1,0,0,0,0,0,0,0,0,1,1,1
119441,2403,2199,452,471,1983,0.0,0,223.4,0.0,0,0,0,1,0,0,0,0,0,0,0,0,1,1,1
119451,2401,2196,450,471,1984,0.0,0,222.3,0.0,0,0,0,1,0,0,0,0,0,0,0,0,1,1,1
119461,2403,2196,450,469,1983,0.0,0,221.0,0.0,0,0,0,1,0,0,0,0,0,0,0,0,1,1,1
119471,2402,2197,450,470,1983,0.0,0,219.8,0.0,0,0,0,1,0,0,0,0,0,0,0,0,1,1,1
119481,2403,2197,451,470,1983,0.0,0,218.7,0.0,0,0,0,1,0,0,0,0,0,0,0,0,1,1,1
119491,2402,2196,450,470,1992,0.0,0,217.3,0.0,0,0,0,1,0,0,0,0,0,0,0,0,1,1,1
119501,2401,2196,450,469,1993,0.0,0,217.3,0.0,0,0,0,1,0,0,0,0,0,0,0,0,1,1,1
119511,2402,2196,451,471,1993,0.0,0,216.5,0.0,0,0,0,1,0,0,0,0,0,0,0,0,1,1,1
119521,2402,2196,450,472,1993,0.0,0,214.9,0.0,0,0,0,1,0,0,0,0,0,0,0,0,1,1,1
119531,2401,2197,450,470,1994,0.0,0,214.1,0.0,0,0,0,1,0,0,0,0,0,0,0,0,1,1,1
119541,2402,2200,452,470,1996,0.0,0,212.6,0.0,0,0,0,1,0,0,0,0,0,0,0,0,1,1,1
119551,2403,2198,450,470,1992,0.0,0,211.4,0.0,0,0,0,1,0,0,0,0,0,0,0,0,1,1,1
119561,2402,2197,451,472,1993,0.0,0,211.4,0.0,0,0,0,1,0,0,0,0,0,0,0,0,1,1,1
119571,2402,2196,448,471,1994,0.0,0,210.6,0.0,0,0,0,1,0,0,0,0,0,0,0,0,1,1,1
119581,2401,2197,448,471,1993,0.0,0,209.3,0.0,0,0,0,1,0,0,0,0,0,0,0,0,1,1,1
119591,2402,2196,450,470,1995,0.0,0,208.3,0.0,0,0,0,1,0,0,0,0,0,0,0,0,1,1,1
119601,2401,2197,450,471,1993,0.0,0,207.0,0.0,0,0,0,1,0,0,0,0,0,0,0,0,1,1,1
119611,2402,2197,449,471,1993,0.0,0,205.7,0.0,0,0,0,1,0,0,0,0,0,0,0,0,1,1,1
119621,2402,2196,450,469,1993,0.0,0,205.7,0.0,0,0,0,1,0,0,0,0,0,0,0,0,1,1,1
119631,2402,2197,451,469,1992,0.0,0,205.1,0.0,0,0,0,1,0,0,0,0,0,0,0,0,1,1,1
119641,2402,2197,449,471,1993,0.0,0,203.5,0.0,0,0,0,1,0,0,0,0,0,0,0,0,1,1,1
119651,2403,2194,450,467,1993,0.0,0,202.6,0.0,0,0,0,1,0,0,0,0,0,0,0,0,1,1,1
119661,2401,2197,449,470,1984,0.0,0,201.7,0.0,0,0,0,1,0,0,0,0,0,0,0,0,1,1,1
119671,2402,2197,450,471,1983,0.0,0,200.3,0.0,0,0,0,1,0,0,0,0,0,0,0,0,1,1,1
119681,2402,2196,450,470,1983,0.0,0,200.3,0.0,0,0,0,1,0,0,0,0,0,0,0,0,1,1,1
119691,2402,2196,450,471,1983,0.0,0,199.3,0.0,0,0,0,1,0,0,0,0,0,0,0,0,1,1,1
119701,2401,2197,451,470,1984,0.0,0,198.5,0.0,0,0,0,1,0,0,0,0,0,0,0,0,1,1,1
119711,2401,2196,451,471,1984,0.0,0,197.0,0.0,0,0,0,1,0,0,0,0,0,0,0,0,1,1,1
119721,2402,2196,449,470,1985,0.0,0,195.8,0.0,0,0,0,1,0,0,0,0,0,0,0,0,1,1,1
119731,2403,2196,450,470,1983,0.0,0,195.0,0.0,0,0,0,1,0,0,0,0,0,0,0,0,1,1,1
119741,2402,2197,450,470,1981,0.0,0,195.0,0.0,0,0,0,1,0,0,0,0,0,0,0,0,1,1,1
119751,2402,2196,449,469,1985,0.0,0,193.7,0.0,0,0,0,1,0,0,0,0,0,0,0,0,1,1,1
119761,2402,2194,450,472,1984,0.0,0,192.7,0.0,0,0,0,1,0,0,0,0,0,0,0,0,1,1,1
119771,2401,2197,450,470,1983,0.0,0,191.3,0.0,0,0,0,1,0,0,0,0,0,0,0,0,1,1,1
119781,2402,2197,450,471,1985,0.0,0,190.1,0.0,0,0,0,1,0,0,0,0,0,0,0,0,1,1,1
119791,2401,2196,449,471,1992,0.0,0,189.5,0.0,0,0,0,1,0,0,0,0,0,0,0,0,1,1,1
119801,2402,2196,450,470,1993,0.0,0,189.5,0.0,0,0,0,1,0,0,0,0,0,0,0,0,1,1,1
119811,2402,2196,450,471,1992,0.0,0,188.9,0.0,0,0,0,1,0,0,0,0,0,0,0,0,1,1,1
119821,2403,2196,447,471,1993,0.0,0,187.6,0.0,0,0,0,1,0,0,0,0,0,0,0,0,1,1,1
119831,2402,2196,450,471,1993,0.0,0,186.3,0.0,0,0,0,1,0,0,0,0,0,0,0,0,1,1,1
119841,2403,2196,450,469,1992,0.0,0,185.1,0.0,0,0,0,1,0,0,0,0,0,0,0,0,1,1,1
119851,2404,2196,450,469,1993,0.0,0,184.4,0.0,0,0,0,1,0,0,0,0,0,0,0,0,1,1,1
119861,2402,2196,451,469,1993,0.0,0,184.4,0.0,0,0,0,1,0,0,0,0,0,0,0,0,1,1,1
119871,2402,2196,449,469,1991,0.0,0,183.2,0.0,0,0,0,1,0,0,0,0,0,0,0,0,1,1,1
119881,2403,2197,449,470,1993,0.0,0,182.1,0.0,0,0,0,1,0,0,0,0,0,0,0,0,1,1,1
119891,2401,2196,450,468,1993,0.0,0,181.1,0.0,0,0,0,1,0,0,0,0,0,0,0,0,1,1,1
119901,2402,2196,448,470,1994,0.0,0,180.1,0.0,0,0,0,1,0,0,0,0,0,0,0,0,1,1,1
119911,2402,2196,450,474,1992,0.0,0,179.2,0.0,0,0,0,1,0,0,0,0,0,0,0,0,1,1,1
119921,2401,2197,451,471,1993,0.0,0,179.2,0.0,0,0,0,1,0,0,0,0,0,0,0,0,1,1,1
119931,2404,2196,449,470,1992,0.0,0,178.0,0.0,0,0,0,1,0,0,0,0,0,0,0,0,1,1,1
119941,2401,2196,450,470,1994,0.0,0,177.0,0.0,0,0,0,1,0,0,0,0,0,0,0,0,1,1,1
119951,2401,2196,450,470,1994,0.0,0,175.9,0.0,0,0,0,1,0,0,0,0,0,0,0,0,1,1,1
119962,2401,2196,449,471,1982,0.0,0,175.0,0.0,0,0,0,1,0,0,0,0,0,0,0,0,1,1,1
119972,2402,2196,450,474,1983,0.0,0,174.3,0.0,0,0,0,1,0,0,0,0,0,0,0,0,1,1,1
119983,2402,2197,449,470,1986,0.0,0,173.4,0.0,0,0,0,1,0,0,0,0,0,0,0,0,1,1,1
119993,2401,2196,449,469,1983,0.0,0,173.4,0.0,0,0,0,1,0,0,0,0,0,0,0,0,1,1,1
120003,2403,2197,450,471,1983,0.0,0,172.0,0.0,0,0,0,1,0,0,0,0,0,0,0,0,1,1,1
120013,2401,2197,449,471,1983,0.0,0,171.1,0.0,0,0,0,1,0,0,0,0,0,0,0,0,1,1,1
120023,2402,2197,448,470,1984,0.0,0,170.3,0.0,0,0,0,1,0,0,0,0,0,0,0,0,1,1,1
120033,2401,2194,450,470,1984,0.0,0,169.3,0.0,0,0,0,1,0,0,0,0,0,0,0,0,1,1,1
120043,2402,2197,449,469,1983,0.0,0,168.5,0.0,0,0,0,1,0,0,0,0,0,0,0,0,1,1,1
120053,2402,2196,449,471,1982,0.0,0,168.5,0.0,0,0,0,1,0,0,0,0,0,0,0,0,1,1,1
120063,2398,2197,449,467,1983,0.0,0,167.3,0.0,0,0,0,1,0,0,0,0,0,0,0,0,1,1,1
120073,2401,2196,449,471,1983,0.0,0,166.5,0.0,0,0,0,1,0,0,0,0,0,0,0,0,1,1,1
120083,2401,2196,448,470,1985,0.0,0,165.8,0.0,0,0,0,1,0,0,0,0,0,0,0,0,1,1,1
120093,2402,2196,450,471,1992,0.0,0,164.4,0.0,0,0,0,1,0,0,0,0,0,0,0,0,1,1,1
120103,2406,2195,449,471,1993,0.0,0,163.7,0.0,0,0,0,1,0,0,0,0,0,0,0,0,1,1,1
120113,2403,2196,450,470,1993,0.0,0,163.7,0.0,0,0,0,1,0,0,0,0,0,0,0,0,1,1,1
120123,2402,2203,452,469,1993,0.0,0,162.6,0.0,0,0,0,1,0,0,0,0,0,0,0,0,1,1,1
120133,2401,2196,450,470,1993,0.0,0,161.7,0.0,0,0,0,1,0,0,0,0,0,0,0,0,1,1,1
120143,2402,2196,451,469,1992,0.0,0,160.8,0.0,0,0,0,1,0,0,0,0,0,0,0,0,1,1,1
120153,2401,2196,447,470,1993,0.0,0,160.1,0.0,0,0,0,1,0,0,0,0,0,0,0,0,1,1,1
120163,2403,2196,448,471,1993,0.0,0,158.9,0.0,0,0,0,1,0,0,0,0,0,0,0,0,1,1,1
120173,2402,2194,448,470,1993,0.0,0,158.9,0.0,0,0,0,1,0,0,0,0,0,0,0,0,1,1,1
120183,2401,2196,450,470,1992,0.0,0,158.1,0.0,0,0,0,1,0,0,0,0,0,0,0,0,1,1,1
120193,2401,2196,449,469,1994,0.0,0,156.9,0.0,0,0,0,1,0,0,0,0,0,0,0,0,1,1,1
120203,2402,2196,449,469,1993,0.0,0,156.2,0.0,0,0,0,1,0,0,0,0,0,0,0,0,1,1,1
120213,2400,2196,450,469,1993,0.0,0,155.6,0.0,0,0,0,1,0,0,0,0,0,0,0,0,1,1,1
120223,2402,2197,450,471,1993,0.0,0,154.2,0.0,0,0,0,1,0,0,0,0,0,0,0,0,1,1,1
120233,2402,2197,449,471,1993,0.0,0,154.2,0.0,0,0,0,1,0,0,0,0,0,0,0,0,1,1,1
120243,2402,2196,449,470,1995,0.0,0,153.5,0.0,0,0,0,1,0,0,0,0,0,0,0,0,1,1,1
120253,2401,2194,450,471,1993,0.0,0,152.6,0.0,0,0,0,1,0,0,0,0,0,0,0,0,1,1,1
120263,2401,2197,449,470,1983,0.0,0,152.2,0.0,0,0,0,1,0,0,0,0,0,0,0,0,1,1,1
120273,2402,2196,449,471,1983,0.0,0,150.8,0.0,0,0,0,1,0,0,0,0,0,0,0,0,1,1,1
120283,2401,2196,450,469,1982,0.0,0,150.8,0.0,0,0,0,1,0,0,0,0,0,0,0,0,1,1,1
120293,2401,2196,449,471,1983,0.0,0,150.2,0.0,0,0,0,1,0,0,0,0,0,0,0,0,1,1,1
120303,2402,2196,450,469,1983,0.0,0,149.3,0.0,0,0,0,1,0,0,0,0,0,0,0,0,1,1,1
120313,2402,2196,451,472,1983,0.0,0,148.0,0.0,0,0,0,1,0,0,0,0,0,0,0,0,1,1,1
120323,2405,2196,450,470,1982,0.0,0,147.3,0.0,0,0,0,1,0,0,0,0,0,0,0,0,1,1,1
120333,2399,2196,449,471,1982,0.0,0,146.4,0.0,0,0,0,1,0,0,0,0,0,0,0,0,1,1,1
120343,2403,2196,450,470,1983,0.0,0,145.3,0.0,0,0,0,1,0,0,0,0,0,0,0,0,1,1,1
120353,2401,2196,450,469,1983,0.0,0,145.3,0.0,0,0,0,1,0,0,0,0,0,0,0,0,1,1,1
120363,2402,2197,450,469,1984,0.0,0,144.7,0.0,0,0,0,1,0,0,0,0,0,0,0,0,1,1,1
120373,2402,2196,451,471,1981,0.0,0,143.9,0.0,0,0,0,1,0,0,0,0,0,0,0,0,1,1,1
120383,2400,2196,450,471,1982,0.0,0,142.9,0.0,0,0,0,1,0,0,0,0,0,0,0,0,1,1,1
120393,2401,2196,450,470,1987,0.0,0,141.7,0.0,0,0,0,1,0,0,0,0,0,0,0,0,1,1,1
120403,2403,2196,450,470,1995,0.0,0,141.5,0.0,0,0,0,1,0,0,0,0,0,0,0,0,1,1,1
120413,2399,2197,449,471,1993,0.0,0,141.5,0.0,0,0,0,1,0,0,0,0,0,0,0,0,1,1,1
120423,2402,2197,450,469,1992,0.0,0,140.7,0.0,0,0,0,1,0,0,0,0,0,0,0,0,1,1,1
120433,2402,2197,449,471,1993,0.0,0,139.6,0.0,0,0,0,1,0,0,0,0,0,0,0,0,1,1,1
120443,2402,2196,450,470,1992,0.0,0,139.0,0.0,0,0,0,1,0,0,0,0,0,0,0,0,1,1,1
120453,2401,2198,450,468,1992,0.0,0,138.0,0.0,0,0,0,1,0,0,0,0,0,0,0,0,1,1,1
120463,2403,2196,450,470,1992,0.0,0,137.1,0.0,0,0,0,1,0,0,0,0,0,0,0,0,1,1,1
120473,2402,2197,449,471,1993,0.0,0,137.1,0.0,0,0,0,1,0,0,0,0,0,0,0,0,1,1,1
120483,2401,2196,450,466,1996,0.0,0,136.2,0.0,0,0,0,1,0,0,0,0,0,0,0,0,1,1,1
120493,2405,2196,451,470,1992,0.0,0,135.7,0.0,0,0,0,1,0,0,0,0,0,0,0,0,1,1,1
120503,2401,2196,451,469,1992,0.0,0,134.8,0.0,0,0,0,1,0,0,0,0,0,0,0,0,1,1,1
120513,2388,2196,448,470,1992,0.0,0,133.9,0.0,0,0,0,1,0,0,0,0,0,0,0,0,1,1,1
120523,2401,2197,447,471,1993,0.0,0,133.3,0.0,0,0,0,1,0,0,0,0,0,0,0,0,1,1,1
120533,2401,2198,450,470,1993,0.0,0,133.3,0.0,0,0,0,1,0,0,0,0,0,0,0,0,1,1,1
120543,2402,2193,451,469,1991,0.0,0,132.6,0.0,0,0,0,1,0,0,0,0,0,0,0,0,1,1,1
120553,2402,2196,449,470,1992,0.0,0,131.4,0.0,0,0,0,1,0,0,0,0,0,0,0,0,1,1,1
120563,2402,2196,450,470,1984,0.0,0,130.7,0.0,0,0,0,1,0,0,0,0,0,0,0,0,1,1,1
120573,2401,2196,450,471,1984,0.0,0,129.9,0.0,0,0,0,1,0,0,0,0,0,0,0,0,1,1,1
120583,2402,2196,449,471,1983,0.0,0,129.9,0.0,0,0,0,1,0,0,0,0,0,0,0,0,1,1,1
120593,2401,2197,449,470,1984,0.0,0,129.4,0.0,0,0,0,1,0,0,0,0,0,0,0,0,1,1,1
120603,2403,2197,450,471,1983,0.0,0,128.4,0.0,0,0,0,1,0,0,0,0,0,0,0,0,1,1,1
120613,2402,2197,450,468,1983,0.0,0,127.7,0.0,0,0,0,1,0,0,0,0,0,0,0,0,1,1,1
120623,2403,2196,450,470,1983,0.0,0,127.0,0.0,0,0,0,1,0,0,0,0,0,0,0,0,1,1,1
120633,2401,2196,449,470,1983,0.0,0,125.9,0.0,0,0,0,1,0,0,0,0,0,0,0,0,1,1,1
120643,2402,2196,449,469,1982,0.0,0,125.1,0.0,0,0,0,1,0,0,0,0,0,0,0,0,1,1,1
120653,2402,2196,450,470,1983,0.0,0,125.1,0.0,0,0,0,1,0,0,0,0,0,0,0,0,1,1,1
120663,2402,2197,451,469,1983,0.0,0,124.5,0.0,0,0,0,1,0,0,0,0,0,0,0,0,1,1,1
120673,2402,2197,448,470,1983,0.0,0,123.7,0.0,0,0,0,1,0,0,0,0,0,0,0,0,1,1,1
120683,2403,2197,449,471,1981,0.0,0,123.1,0.0,0,0,0,1,0,0,0,0,0,0,0,0,1,1,1
120693,2402,2197,450,470,1983,0.0,0,122.6,0.0,0,0,0,1,0,0,0,0,0,0,0,0,1,1,1
120704,2402,2196,449,469,1993,0.0,0,121.2,0.0,0,0,0,1,0,0,0,0,0,0,0,0,1,1,1
120714,2400,2196,446,469,1991,0.0,0,121.2,0.0,0,0,0,1,0,0,0,0,0,0,0,0,1,1,1
120724,2402,2196,449,469,1993,0.0,0,121.0,0.0,0,0,0,1,0,0,0,0,0,0,0,0,1,1,1
120734,2402,2197,450,470,1994,0.0,0,119.9,0.0,0,0,0,1,0,0,0,0,0,0,0,0,1,1,1
120744,2401,2197,450,470,1993,0.0,0,119.9,0.0,0,0,0,1,0,0,0,0,0,0,0,0,1,1,1
120754,2401,2196,449,470,1993,0.0,0,118.4,0.0,0,0,0,1,0,0,0,0,0,0,0,0,1,1,1
120764,2402,2196,449,470,1993,0.0,0,117.8,0.0,0,0,0,1,0,0,0,0,0,0,0,0,1,1,1
120774,2402,2196,449,471,1996,0.0,0,117.8,0.0,0,0,0,1,0,0,0,0,0,0,0,0,1,1,1
120784,2402,2197,450,471,1993,0.0,0,117.3,0.0,0,0,0,1,0,0,0,0,0,0,0,0,1,1,1
120794,2401,2197,450,471,1994,0.0,0,116.6,0.0,0,0,0,1,0,0,0,0,0,0,0,0,1,1,1
120804,2401,2197,450,470,1991,0.0,0,115.8,0.0,0,0,0,1,0,0,0,0,0,0,0,0,1,1,1
120814,2402,2196,450,470,1993,0.0,0,114.9,0.0,0,0,0,1,0,0,0,0,0,0,0,0,1,1,1
120824,2402,2196,451,472,1993,0.0,0,114.4,0.0,0,0,0,1,0,0,0,0,0,0,0,0,1,1,1
120834,2404,2193,450,470,1993,0.0,0,113.3,0.0,0,0,0,1,0,0,0,0,0,0,0,0,1,1,1
120844,2401,2196,449,468,1993,0.0,0,113.3,0.0,0,0,0,1,0,0,0,0,0,0,0,0,1,1,1
120854,2401,2197,450,471,1996,0.0,0,112.9,0.0,0,0,0,1,0,0,0,0,0,0,0,0,1,1,1
120864,2402,2196,450,470,1993,0.0,0,111.9,0.0,0,0,0,1,0,0,0,0,0,0,0,0,1,1,1
120874,2402,2196,453,469,1983,0.0,0,111.4,0.0,0,0,0,1,0,0,0,0,0,0,0,0,1,1,1
120884,2402,2196,450,469,1984,0.0,0,110.5,0.0,0,0,0,1,0,0,0,0,0,0,0,0,1,1,1
120895,2402,2194,450,471,1983,0.0,0,109.7,0.0,0,0,0,1,0,0,0,0,0,0,0,0,1,1,1
120905,2402,2197,450,469,1984,0.0,0,109.7,0.0,0,0,0,1,0,0,0,0,0,0,0,0,1,1,1
120916,2402,2197,447,469,1984,0.0,0,109.2,0.0,0,0,0,1,0,0,0,0,0,0,0,0,1,1,1
120926,2401,2196,450,470,1983,0.0,0,108.6,0.0,0,0,0,1,0,0,0,0,0,0,0,0,1,1,1
120937,2402,2196,449,471,1984,0.0,0,108.0,0.0,0,0,0,1,0,0,0,0,0,0,0,0,1,1,1
120947,2401,2197,450,471,1986,0.0,0,107.1,0.0,0,0,0,1,0,0,0,0,0,0,0,0,1,1,1
120958,2402,2196,449,471,1984,0.0,0,106.5,0.0,0,0,0,1,0,0,0,0,0,0,0,0,1,1,1
120968,2402,2196,450,469,1984,0.0,0,105.6,0.0,0,0,0,1,0,0,0,0,0,0,0,0,1,1,1
120978,2403,2197,451,470,1983,0.0,0,105.6,0.0,0,0,0,1,0,0,0,0,0,0,0,0,1,1,1
120988,2401,2196,451,471,1983,0.0,0,105.6,0.0,0,0,0,1,0,0,0,0,0,0,0,0,1,1,1
120998,2401,2196,450,469,1991,0.0,0,104.5,0.0,0,0,0,1,0,0,0,0,0,0,0,0,1,1,1
121008,2402,2197,450,471,1993,0.0,0,103.6,0.0,0,0,0,1,0,0,0,0,0,0,0,0,1,1,1
121018,2402,2197,450,469,1993,0.0,0,103.1,0.0,0,0,0,1,0,0,0,0,0,0,0,0,1,1,1
121028,2403,2197,451,471,1993,0.0,0,102.3,0.0,0,0,0,1,0,0,0,0,0,0,0,0,1,1,1
121038,2402,2197,451,469,1994,0.0,0,102.3,0.0,0,0,0,1,0,0,0,0,0,0,0,0,1,1,1
121048,2402,2197,450,469,1993,0.0,0,102.3,0.0,0,0,0,1,0,0,0,0,0,0,0,0,1,1,1
121058,2402,2197,449,471,1992,0.0,0,101.0,0.0,0,0,0,1,0,0,0,0,0,0,0,0,1,1,1
121068,2401,2196,450,470,1993,0.0,0,100.3,0.0,0,0,0,1,0,0,0,0,0,0,0,0,1,1,1
121078,2402,2196,449,469,1993,0.0,0,99.8,0.0,0,0,0,1,0,0,0,0,0,0,0,0,1,1,1
121088,2401,2196,449,468,1993,0.0,0,98.8,0.0,0,0,0,1,0,0,0,0,0,0,0,0,1,1,1
121098,2402,2196,451,470,1993,0.0,0,98.8,0.0,0,0,0,1,0,0,0,0,0,0,0,0,1,1,1
121108,2403,2196,450,471,1992,0.0,0,98.4,0.0,0,0,0,1,0,0,0,0,0,0,0,0,1,1,1
121118,2402,2197,447,472,1993,0.0,0,97.8,0.0,0,0,0,1,0,0,0,0,0,0,0,0,1,1,1
121128,2401,2198,450,469,1994,0.0,0,97.2,0.0,0,0,0,1,0,0,0,0,0,0,0,0,1,1,1
121138,2402,2196,452,470,1993,0.0,0,96.5,0.0,0,0,0,1,0,0,0,0,0,0,0,0,1,1,1
121148,2402,2200,450,470,1993,0.0,0,95.7,0.0,0,0,0,1,0,0,0,0,0,0,0,0,1,1,1
121158,2401,2197,450,470,1993,0.0,0,95.1,0.0,0,0,0,1,0,0,0,0,0,0,0,0,1,1,1
121168,2400,2197,450,469,1984,0.0,0,95.1,0.0,0,0,0,1,0,0,0,0,0,0,0,0,1,1,1
121178,2401,2196,450,472,1984,0.0,0,94.6,0.0,0,0,0,1,0,0,0,0,0,0,0,0,1,1,1
121188,2402,2195,451,470,1980,0.0,0,93.7,0.0,0,0,0,1,0,0,0,0,0,0,0,0,1,1,1
121198,2402,2197,452,469,1982,0.0,0,93.3,0.0,0,0,0,1,0,0,0,0,0,0,0,0,1,1,1
121208,2402,2196,449,471,1983,0.0,0,92.7,0.0,0,0,0,1,0,0,0,0,0,0,0,0,1,1,1
121218,2398,2197,450,470,1983,0.0,0,92.7,0.0,0,0,0,1,0,0,0,0,0,0,0,0,1,1,1
121228,2400,2196,449,470,1983,0.0,0,91.9,0.0,0,0,0,1,0,0,0,0,0,0,0,0,1,1,1
121238,2402,2197,450,470,1983,0.0,0,91.3,0.0,0,0,0,1,0,0,0,0,0,0,0,0,1,1,1
121248,2402,2196,450,471,1983,0.0,0,90.5,0.0,0,0,0,1,0,0,0,0,0,0,0,0,1,1,1
121258,2404,2197,449,471,1983,0.0,0,89.8,0.0,0,0,0,1,0,0,0,0,0,0,0,0,1,1,1
121268,2401,2194,449,468,1983,0.0,0,89.3,0.0,0,0,0,1,0,0,0,0,0,0,0,0,1,1,1
121279,2404,2195,449,469,1982,0.0,0,88.9,0.0,0,0,0,1,0,0,0,0,0,0,0,0,1,1,1
121289,2401,2196,452,470,1983,0.0,0,88.9,0.0,0,0,0,1,0,0,0,0,0,0,0,0,1,1,1
121299,2401,2193,449,471,1983,0.0,0,87.8,0.0,0,0,0,1,0,0,0,0,0,0,0,0,1,1,1
121309,2401,2196,451,470,1992,0.0,0,87.4,0.0,0,0,0,1,0,0,0,0,0,0,0,0,1,1,1
121319,2401,2196,450,470,1992,0.0,0,86.9,0.0,0,0,0,1,0,0,0,0,0,0,0,0,1,1,1
121329,2400,2196,449,470,1992,0.0,0,86.0,0.0,0,0,0,1,0,0,0,0,0,0,0,0,1,1,1
121339,2402,2195,450,470,1992,0.0,0,85.6,0.0,0,0,0,1,0,0,0,0,0,0,0,0,1,1,1
121349,2402,2196,452,471,1993,0.0,0,85.6,0.0,0,0,0,1,0,0,0,0,0,0,0,0,1,1,1
121359,2401,2196,449,471,1994,0.0,0,85.0,0.0,0,0,0,1,0,0,0,0,0,0,0,0,1,1,1
121369,2401,2198,450,471,1993,0.0,0,84.3,0.0,0,0,0,1,0,0,0,0,0,0,0,0,1,1,1
121379,2402,2195,449,469,1993,0.0,0,83.9,0.0,0,0,0,1,0,0,0,0,0,0,0,0,1,1,1
121389,2403,2196,449,470,1992,0.0,0,83.2,0.0,0,0,0,1,0,0,0,0,0,0,0,0,1,1,1
121400,2403,2196,449,471,1992,0.0,0,83.2,0.0,0,0,0,1,0,0,0,0,0,0,0,0,1,1,1
121410,2402,2196,450,470,1992,0.0,0,82.7,0.0,0,0,0,1,0,0,0,0,0,0,0,0,1,1,1
121420,2400,2195,453,470,1993,0.0,0,81.7,0.0,0,0,0,1,0,0,0,0,0,0,0,0,1,1,1
121430,2401,2196,449,469,1992,0.0,0,81.2,0.0,0,0,0,1,0,0,0,0,0,0,0,0,1,1,1
121440,2402,2200,450,471,1992,0.0,0,80.6,0.0,0,0,0,1,0,0,0,0,0,0,0,0,1,1,1
121450,2401,2196,451,470,1995,0.0,0,79.9,0.0,0,0,0,1,0,0,0,0,0,0,0,0,1,1,1
121460,2401,2196,451,470,1993,0.0,0,79.5,0.0,0,0,0,1,0,0,0,0,0,0,0,0,1,1,1
121470,2402,2197,450,468,1983,0.0,0,79.5,0.0,0,0,0,1,0,0,0,0,0,0,0,0,1,1,1
121480,2402,2196,450,471,1982,0.0,0,78.8,0.0,0,0,0,1,0,0,0,0,0,0,0,0,1,1,1
121490,2402,2197,449,471,1983,0.0,0,78.1,0.0,0,0,0,1,0,0,0,0,0,0,0,0,1,1,1
121501,2402,2196,450,469,1982,0.0,0,77.7,0.0,0,0,0,1,0,0,0,0,0,0,0,0,1,1,1
121511,2402,2196,450,471,1983,0.0,0,76.9,0.0,0,0,0,1,0,0,0,0,0,0,0,0,1,1,1
121521,2402,2196,451,470,1984,0.0,0,76.9,0.0,0,0,0,1,0,0,0,0,0,0,0,0,1,1,1
121531,2403,2192,451,470,1983,0.0,0,75.9,0.0,0,0,0,1,0,0,0,0,0,0,0,0,1,1,1
121541,2402,2196,450,471,1983,0.0,0,75.9,0.0,0,0,0,1,0,0,0,0,0,0,0,0,1,1,1
121551,2402,2196,450,470,1984,0.0,0,75.1,0.0,0,0,0,1,0,0,0,0,0,0,0,0,1,1,1
121561,2401,2196,453,469,1983,0.0,0,74.9,0.0,0,0,0,1,0,0,0,0,0,0,0,0,1,1,1
121571,2401,2196,450,470,1984,0.0,0,74.2,0.0,0,0,0,1,0,0,0,0,0,0,0,0,1,1,1
121581,2401,2196,449,470,1983,0.0,0,73.5,0.0,0,0,0,1,0,0,0,0,0,0,0,0,1,1,1
121591,2403,2196,449,477,1981,0.0,0,73.0,0.0,0,0,0,1,0,0,0,0,0,0,0,0,1,1,1
121601,2402,2197,449,470,1983,0.0,0,73.0,0.0,0,0,0,1,0,0,0,0,0,0,0,0,1,1,1
121611,2402,2197,448,471,1994,0.0,0,72.1,0.0,0,0,0,1,0,0,0,0,0,0,0,0,1,1,1
121621,2400,2197,450,472,1991,0.0,0,71.7,0.0,0,0,0,1,0,0,0,0,0,0,0,0,1,1,1
121631,2402,2197,450,470,1994,0.0,0,71.2,0.0,0,0,0,1,0,0,0,0,0,0,0,0,1,1,1
121641,2402,2197,450,469,1993,0.0,0,70.6,0.0,0,0,0,1,0,0,0,0,0,0,0,0,1,1,1
121651,2403,2196,449,470,1991,0.0,0,69.8,0.0,0,0,0,1,0,0,0,0,0,0,0,0,1,1,1
121661,2402,2196,450,470,1992,0.0,0,69.8,0.0,0,0,0,1,0,0,0,0,0,0,0,0,1,1,1
121671,2402,2196,449,470,1994,0.0,0,69.4,0.0,0,0,0,1,0,0,0,0,0,0,0,0,1,1,1
121681,2401,2196,451,466,1993,0.0,0,68.7,0.0,0,0,0,1,0,0,0,0,0,0,0,0,1,1,1
121691,2402,2196,450,473,1993,0.0,0,68.1,0.0,0,0,0,1,0,0,0,0,0,0,0,0,1,1,1
121701,2402,2196,450,470,1992,0.0,0,67.6,0.0,0,0,0,1,0,0,0,0,0,0,0,0,1,1,1
121711,2401,2196,449,470,1992,0.0,0,67.1,0.0,0,0,0,1,0,0,0,0,0,0,0,0,1,1,1
121721,2401,2197,451,469,1992,0.0,0,67.1,0.0,0,0,0,1,0,0,0,0,0,0,0,0,1,1,1
121731,2402,2196,451,471,1992,0.0,0,66.4,0.0,0,0,0,1,0,0,0,0,0,0,0,0,1,1,1
121741,2403,2196,451,469,1993,0.0,0,65.8,0.0,0,0,0,1,0,0,0,0,0,0,0,0,1,1,1
121751,2401,2196,450,470,1993,0.0,0,65.3,0.0,0,0,0,1,0,0,0,0,0,0,0,0,1,1,1
121761,2402,2196,450,474,1993,0.0,0,64.9,0.0,0,0,0,1,0,0,0,0,0,0,0,0,1,1,1
121771,2404,2198,449,470,1985,0.0,0,64.1,0.0,0,0,0,1,0,0,0,0,0,0,0,0,1,1,1
121781,2402,2196,449,471,1982,0.0,0,64.1,0.0,0,0,0,1,0,0,0,0,0,0,0,0,1,1,1
121791,2402,2196,450,470,1982,0.0,0,63.5,0.0,0,0,0,1,0,0,0,0,0,0,0,0,1,1,1
121801,2404,2196,450,471,1982,0.0,0,63.1,0.0,0,0,0,1,0,0,0,0,0,0,0,0,1,1,1
121811,2402,2196,452,469,1984,0.0,0,62.5,0.0,0,0,0,1,0,0,0,0,0,0,0,0,1,1,1
121821,2402,2196,452,470,1978,0.0,0,61.7,0.0,0,0,0,1,0,0,0,0,0,0,0,0,1,1,1
121831,2403,2198,450,470,1982,0.0,0,61.3,0.0,0,0,0,1,0,0,0,0,0,0,0,0,1,1,1
121841,2402,2197,450,471,1982,0.0,0,61.3,0.0,0,0,0,1,0,0,0,0,0,0,0,0,1,1,1
121851,2402,2196,451,469,1984,0.0,0,60.6,0.0,0,0,0,1,0,0,0,0,0,0,0,0,1,1,1
121861,2403,2197,450,470,1982,0.0,0,60.1,0.0,0,0,0,1,0,0,0,0,0,0,0,0,1,1,1
121871,2402,2196,447,470,1982,0.0,0,59.6,0.0,0,0,0,1,0,0,0,0,0,0,0,0,1,1,1
121881,2402,2196,449,470,1983,0.0,0,59.1,0.0,0,0,0,1,0,0,0,0,0,0,0,0,1,1,1
121891,2402,2196,449,470,1982,0.0,0,58.6,0.0,0,0,0,1,0,0,0,0,0,0,0,0,1,1,1
121901,2403,2193,449,471,1982,0.0,0,58.6,0.0,0,0,0,1,0,0,0,0,0,0,0,0,1,1,1
121911,2402,2200,451,470,1982,0.0,0,58.3,0.0,0,0,0,1,0,0,0,0,0,0,0,0,1,1,1
121921,2401,2197,450,470,1984,0.0,0,58.0,0.0,0,0,0,1,0,0,0,0,0,0,0,0,1,1,1
121931,2402,2196,451,472,1985,0.0,0,57.4,0.0,0,0,0,1,0,0,0,0,0,0,0,0,1,1,1
121941,2403,2196,449,470,1983,0.0,0,57.5,0.0,0,0,0,1,0,0,0,0,0,0,0,0,1,1,1
121951,2403,2197,451,471,1984,0.0,0,56.8,0.0,0,0,0,1,0,0,0,0,0,0,0,0,1,1,1
121961,2403,2197,451,471,1982,0.0,0,56.8,0.0,0,0,0,1,0,0,0,0,0,0,0,0,1,1,1
121971,2397,2196,450,470,1982,0.0,0,56.7,0.0,0,0,0,1,0,0,0,0,0,0,0,0,1,1,1
121981,2402,2197,448,469,1984,0.0,0,56.2,0.0,0,0,0,1,0,0,0,0,0,0,0,0,1,1,1
121991,2402,2197,449,471,1984,0.0,0,55.7,0.0,0,0,0,1,0,0,0,0,0,0,0,0,1,1,1
122001,2401,2196,449,470,1981,0.0,0,55.7,0.0,0,0,0,1,0,0,0,0,0,0,0,0,1,1,1
122012,2403,2197,448,471,1982,0.0,0,55.3,0.0,0,0,0,1,0,0,0,0,0,0,0,0,1,1,1
122023,2402,2195,447,470,1983,0.0,0,55.0,0.0,0,0,0,1,0,0,0,0,0,0,0,0,1,1,1
122033,2402,2197,449,471,1982,0.0,0,55.0,0.0,0,0,0,1,0,0,0,0,0,0,0,0,1,1,1
122043,2400,2197,449,470,1982,0.0,0,54.8,0.0,0,0,0,1,0,0,0,0,0,0,0,0,1,1,1
122053,2402,2196,447,469,1982,0.0,0,54.2,0.0,0,0,0,1,0,0,0,0,0,0,0,0,1,1,1
122063,2401,2197,447,470,1982,0.0,0,54.0,0.0,0,0,0,1,0,0,0,0,0,0,0,0,1,1,1
122073,2402,2196,450,471,1981,0.0,0,53.5,0.0,0,0,0,1,0,0,0,0,0,0,0,0,1,1,1
122083,2403,2197,450,469,1982,0.0,0,53.3,0.0,0,0,0,1,0,0,0,0,0,0,0,0,1,1,1
122093,2402,2198,450,470,1981,0.0,0,53.3,0.0,0,0,0,1,0,0,0,0,0,0,0,0,1,1,1
122103,2403,2194,449,472,1983,0.0,0,53.0,0.0,0,0,0,1,0,0,0,0,0,0,0,0,1,1,1
122113,2402,2197,450,470,1983,0.0,0,52.8,0.0,0,0,0,1,0,0,0,0,0,0,0,0,1,1,1
122123,2401,2196,450,470,1982,0.0,0,52.4,0.0,0,0,0,1,0,0,0,0,0,0,0,0,1,1,1
122133,2402,2197,450,470,1982,0.0,0,51.8,0.0,0,0,0,1,0,0,0,0,0,0,0,0,1,1,1
122143,2402,2196,450,470,1982,0.0,0,51.7,0.0,0,0,0,1,0,0,0,0,0,0,0,0,1,1,1
122153,2402,2197,449,470,1983,0.0,0,51.7,0.0,0,0,0,1,0,0,0,0,0,0,0,0,1,1,1
122163,2402,2197,450,470,1980,0.0,0,51.5,0.0,0,0,0,1,0,0,0,0,0,0,0,0,1,1,1
122173,2401,2197,449,472,1984,0.0,0,51.2,0.0,0,0,0,1,0,0,0,0,0,0,0,0,1,1,1
122183,2403,2196,450,470,1983,0.0,0,50.5,0.0,0,0,0,1,0,0,0,0,0,0,0,0,1,1,1
122193,2401,2196,450,471,1982,0.0,0,50.5,0.0,0,0,0,1,0,0,0,0,0,0,0,0,1,1,1
122203,2402,2195,449,469,1982,0.0,0,50.1,0.0,0,0,0,1,0,0,0,0,0,0,0,0,1,1,1
122213,2402,2196,449,470,1983,0.0,0,50.1,0.0,0,0,0,1,0,0,0,0,0,0,0,0,1,1,1
122223,2402,2196,450,471,1983,0.0,0,49.7,0.0,0,0,0,1,0,0,0,0,0,0,0,0,1,1,1
122233,2402,2194,451,470,1983,0.0,0,49.4,0.0,0,0,0,1,0,0,0,0,0,0,0,0,1,1,1
122243,2402,2197,449,470,1982,0.0,0,49.2,0.0,0,0,0,1,0,0,0,0,0,0,0,0,1,1,1
122253,2402,2196,450,470,1982,0.0,0,48.6,0.0,0,0,0,1,0,0,0,0,0,0,0,0,1,1,1
122263,2401,2196,453,470,1983,0.0,0,48.6,0.0,0,0,0,1,0,0,0,0,0,0,0,0,1,1,1
122273,2402,2197,450,470,1984,0.0,0,48.6,0.0,0,0,0,1,0,0,0,0,0,0,0,0,1,1,1
